Inventory mode: full strict inventory; required=40. No run filtering or outlier selection is applied.
VERIFIED	sparse-pilot-normal-20261009-m5-1-bfs-first	mode=compare	schema=4	de_NumBuffers=30
VERIFIED	sparse-pilot-normal-20261009-m5-2-pfs3-first	mode=compare	schema=4	de_NumBuffers=30
VERIFIED	sparse-pilot-normal-20261009-sparse-1-bfs-first	mode=compare	schema=4	de_NumBuffers=30
VERIFIED	sparse-pilot-normal-20261009-sparse-2-pfs3-first	mode=compare	schema=4	de_NumBuffers=30
VERIFIED	sparse-deep-20261009-m5-1-bfs-first	mode=deep-compare	schema=15	de_NumBuffers=30
VERIFIED	sparse-deep-20261009-m5-2-pfs3-first	mode=deep-compare	schema=15	de_NumBuffers=30
VERIFIED	sparse-deep-20261009-sparse-1-bfs-first	mode=deep-compare	schema=15	de_NumBuffers=30
VERIFIED	sparse-deep-20261009-sparse-2-pfs3-first	mode=deep-compare	schema=15	de_NumBuffers=30
VERIFIED	sparse-normal-20261009-m5-1-bfs-first	mode=compare	schema=4	de_NumBuffers=30
VERIFIED	sparse-normal-20261009-m5-2-pfs3-first	mode=compare	schema=4	de_NumBuffers=30
VERIFIED	sparse-normal-20261009-m5-3-bfs-first	mode=compare	schema=4	de_NumBuffers=30
VERIFIED	sparse-normal-20261009-m5-4-pfs3-first	mode=compare	schema=4	de_NumBuffers=30
VERIFIED	sparse-normal-20261009-m5-5-bfs-first	mode=compare	schema=4	de_NumBuffers=30
VERIFIED	sparse-normal-20261009-m5-6-pfs3-first	mode=compare	schema=4	de_NumBuffers=30
VERIFIED	sparse-normal-20261009-m5-7-bfs-first	mode=compare	schema=4	de_NumBuffers=30
VERIFIED	sparse-normal-20261009-m5-8-pfs3-first	mode=compare	schema=4	de_NumBuffers=30
VERIFIED	sparse-normal-20261009-sparse-1-bfs-first	mode=compare	schema=4	de_NumBuffers=30
VERIFIED	sparse-normal-20261009-sparse-2-pfs3-first	mode=compare	schema=4	de_NumBuffers=30
VERIFIED	sparse-normal-20261009-sparse-3-bfs-first	mode=compare	schema=4	de_NumBuffers=30
VERIFIED	sparse-normal-20261009-sparse-4-pfs3-first	mode=compare	schema=4	de_NumBuffers=30
VERIFIED	sparse-normal-20261009-sparse-5-bfs-first	mode=compare	schema=4	de_NumBuffers=30
VERIFIED	sparse-normal-20261009-sparse-6-pfs3-first	mode=compare	schema=4	de_NumBuffers=30
VERIFIED	sparse-normal-20261009-sparse-7-bfs-first	mode=compare	schema=4	de_NumBuffers=30
VERIFIED	sparse-normal-20261009-sparse-8-pfs3-first	mode=compare	schema=4	de_NumBuffers=30
VERIFIED	sparse-durable-20261009-m5-1-bfs-first	mode=durable-compare	schema=4	de_NumBuffers=30
VERIFIED	sparse-durable-20261009-m5-2-pfs3-first	mode=durable-compare	schema=4	de_NumBuffers=30
VERIFIED	sparse-durable-20261009-m5-3-bfs-first	mode=durable-compare	schema=4	de_NumBuffers=30
VERIFIED	sparse-durable-20261009-m5-4-pfs3-first	mode=durable-compare	schema=4	de_NumBuffers=30
VERIFIED	sparse-durable-20261009-m5-5-bfs-first	mode=durable-compare	schema=4	de_NumBuffers=30
VERIFIED	sparse-durable-20261009-m5-6-pfs3-first	mode=durable-compare	schema=4	de_NumBuffers=30
VERIFIED	sparse-durable-20261009-m5-7-bfs-first	mode=durable-compare	schema=4	de_NumBuffers=30
VERIFIED	sparse-durable-20261009-m5-8-pfs3-first	mode=durable-compare	schema=4	de_NumBuffers=30
VERIFIED	sparse-durable-20261009-sparse-1-bfs-first	mode=durable-compare	schema=4	de_NumBuffers=30
VERIFIED	sparse-durable-20261009-sparse-2-pfs3-first	mode=durable-compare	schema=4	de_NumBuffers=30
VERIFIED	sparse-durable-20261009-sparse-3-bfs-first	mode=durable-compare	schema=4	de_NumBuffers=30
VERIFIED	sparse-durable-20261009-sparse-4-pfs3-first	mode=durable-compare	schema=4	de_NumBuffers=30
VERIFIED	sparse-durable-20261009-sparse-5-bfs-first	mode=durable-compare	schema=4	de_NumBuffers=30
VERIFIED	sparse-durable-20261009-sparse-6-pfs3-first	mode=durable-compare	schema=4	de_NumBuffers=30
VERIFIED	sparse-durable-20261009-sparse-7-bfs-first	mode=durable-compare	schema=4	de_NumBuffers=30
VERIFIED	sparse-durable-20261009-sparse-8-pfs3-first	mode=durable-compare	schema=4	de_NumBuffers=30

All required runs passed the strict repository verifier; no row or outlier filtering is applied.

== Pilot compare, variant=m5 (2 required runs; all phases and controls; no filtering)
phase	BFS_mean_us	BFS_CV_pct	PFS3_mean_us	PFS3_CV_pct	BFS_over_PFS3_mean	individual_BFS_over_PFS3_by_repeat_order	individual_ratios_over_5x
SMALL_CREATE_40	30656.50	0.59	16960.00	2.67	1.8076	1/bfs-first=1.8501;2/pfs3-first=1.7667	0/2
LOOKUP_400	81568.00	8.04	66168.00	1.08	1.2327	1/bfs-first=1.1716;2/pfs3-first=1.2930	0/2
SMALL_READ_40	20768.00	3.27	14720.00	3.07	1.4109	1/bfs-first=1.4089;2/pfs3-first=1.4128	0/2
LIST_EXNEXT_400	32945.00	10.23	12159.50	4.47	2.7094	1/bfs-first=2.5955;2/pfs3-first=2.8163	0/2
LIST_EXALL_400	16479.00	64.53	2496.00	0.00	6.6022	1/bfs-first=3.5897;2/pfs3-first=9.6146	1/2
SEQ_WRITE_8M	52191.50	32.69	40383.50	1.12	1.2924	1/bfs-first=0.9859;2/pfs3-first=1.6038	0/2
SEQ_READ_8M	263486.00	0.27	265909.50	3.09	0.9909	1/bfs-first=0.9716;2/pfs3-first=1.0111	0/2
SMALL_DELETE_40	20800.00	23.06	7936.50	2.29	2.6208	1/bfs-first=2.1585;2/pfs3-first=3.0984	0/2
APPEND_4K_1M	75840.00	6.21	44671.50	37.48	1.6977	1/bfs-first=2.2086;2/pfs3-first=1.4009	0/2
APPEND_1K_256K	61152.00	2.44	41599.00	63.53	1.4700	1/bfs-first=2.6230;2/pfs3-first=1.0319	0/2
APPEND_READ_1280K	42847.50	1.16	57439.50	41.99	0.7460	1/bfs-first=1.0523;2/pfs3-first=0.5799	0/2
LIST_EXNEXT_40_ENTRIES_FIRST_PASS	6656.50	13.61	1728.00	0.00	3.8521	1/bfs-first=3.4815;2/pfs3-first=4.2228	0/2
LIST_EXNEXT_40_ENTRIES_REPEAT10_TOTAL	36288.50	17.46	12287.50	2.22	2.9533	1/bfs-first=2.6299;2/pfs3-first=3.2667	0/2
LIST_EXALL_40_ENTRIES_FIRST_PASS	3712.50	2.46	607.50	7.57	6.1111	1/bfs-first=6.3443;2/pfs3-first=5.9016	2/2
LIST_EXALL_40_ENTRIES_REPEAT10_TOTAL	9503.50	0.48	2528.50	1.76	3.7586	1/bfs-first=3.6996;2/pfs3-first=3.8190	0/2
LIST_EXNEXT_400_ENTRIES_FIRST_PASS	59712.50	7.73	12512.50	6.15	4.7722	1/bfs-first=4.7166;2/pfs3-first=4.8232	0/2
LIST_EXNEXT_400_ENTRIES_REPEAT10_TOTAL	656764.00	9.45	116191.00	6.82	5.6525	1/bfs-first=5.5417;2/pfs3-first=5.7530	2/2
LIST_EXALL_400_ENTRIES_FIRST_PASS	34686.00	2.86	3007.50	6.00	11.5332	1/bfs-first=11.2880;2/pfs3-first=11.8000	2/2
LIST_EXALL_400_ENTRIES_REPEAT10_TOTAL	356542.00	1.95	20542.50	1.76	17.3563	1/bfs-first=17.3320;2/pfs3-first=17.3800	2/2
LIST_EXNEXT_1000_ENTRIES_FIRST_PASS	144447.00	2.01	31456.00	5.61	4.5920	1/bfs-first=4.8495;2/pfs3-first=4.3542	0/2
LIST_EXNEXT_1000_ENTRIES_REPEAT10_TOTAL	1605750.50	4.52	297822.50	3.63	5.3916	1/bfs-first=5.3568;2/pfs3-first=5.4247	2/2
LIST_EXALL_1000_ENTRIES_FIRST_PASS	87775.00	0.36	6943.50	7.16	12.6413	1/bfs-first=13.2814;2/pfs3-first=12.0629	2/2
LIST_EXALL_1000_ENTRIES_REPEAT10_TOTAL	901979.00	6.01	51030.50	0.29	17.6753	1/bfs-first=16.8898;2/pfs3-first=18.4641	2/2

== Pilot compare, variant=sparse (2 required runs; all phases and controls; no filtering)
phase	BFS_mean_us	BFS_CV_pct	PFS3_mean_us	PFS3_CV_pct	BFS_over_PFS3_mean	individual_BFS_over_PFS3_by_repeat_order	individual_ratios_over_5x
SMALL_CREATE_40	30336.00	1.79	20063.50	19.17	1.5120	1/bfs-first=1.7270;2/pfs3-first=1.3483	0/2
LOOKUP_400	82847.50	11.31	71519.00	10.06	1.1584	1/bfs-first=1.1474;2/pfs3-first=1.1680	0/2
SMALL_READ_40	21024.00	12.27	15072.50	7.52	1.3949	1/bfs-first=1.3454;2/pfs3-first=1.4393	0/2
LIST_EXNEXT_400	37344.00	24.60	12415.50	1.45	3.0079	1/bfs-first=2.5104;2/pfs3-first=3.4952	0/2
LIST_EXALL_400	13056.50	43.67	2528.50	1.76	5.1637	1/bfs-first=3.5254;2/pfs3-first=6.8434	1/2
SEQ_WRITE_8M	45856.00	22.99	41247.50	2.74	1.1117	1/bfs-first=0.9494;2/pfs3-first=1.2679	0/2
SEQ_READ_8M	267006.50	0.10	261246.50	0.42	1.0220	1/bfs-first=1.0258;2/pfs3-first=1.0183	0/2
SMALL_DELETE_40	17567.50	0.77	8096.00	3.91	2.1699	1/bfs-first=2.1000;2/pfs3-first=2.2438	0/2
APPEND_4K_1M	76735.50	1.65	33279.50	0.55	2.3058	1/bfs-first=2.3417;2/pfs3-first=2.2701	0/2
APPEND_1K_256K	65215.00	3.75	23712.00	0.95	2.7503	1/bfs-first=2.8042;2/pfs3-first=2.6956	0/2
APPEND_READ_1280K	51520.00	19.68	41984.00	1.07	1.2271	1/bfs-first=1.0484;2/pfs3-first=1.4086	0/2
LIST_EXNEXT_40_ENTRIES_FIRST_PASS	7776.50	5.25	1568.50	2.84	4.9579	1/bfs-first=4.6800;2/pfs3-first=5.2472	1/2
LIST_EXNEXT_40_ENTRIES_REPEAT10_TOTAL	37247.00	20.90	13921.00	19.83	2.6756	1/bfs-first=2.6521;2/pfs3-first=2.6933	0/2
LIST_EXALL_40_ENTRIES_FIRST_PASS	4192.00	22.64	639.00	0.22	6.5603	1/bfs-first=7.5984;2/pfs3-first=5.5188	2/2
LIST_EXALL_40_ENTRIES_REPEAT10_TOTAL	9951.50	5.00	2528.00	1.79	3.9365	1/bfs-first=3.7500;2/pfs3-first=4.1278	0/2
LIST_EXNEXT_400_ENTRIES_FIRST_PASS	68223.50	34.63	13504.00	4.02	5.0521	1/bfs-first=3.9268;2/pfs3-first=6.1152	1/2
LIST_EXNEXT_400_ENTRIES_REPEAT10_TOTAL	617692.00	6.59	122752.50	11.58	5.0320	1/bfs-first=5.2254;2/pfs3-first=4.8679	1/2
LIST_EXALL_400_ENTRIES_FIRST_PASS	32544.00	9.32	3007.50	3.03	10.8209	1/bfs-first=11.7866;2/pfs3-first=9.8958	2/2
LIST_EXALL_400_ENTRIES_REPEAT10_TOTAL	316030.50	1.98	20608.50	0.44	15.3350	1/bfs-first=15.5015;2/pfs3-first=15.1674	2/2
LIST_EXNEXT_1000_ENTRIES_FIRST_PASS	139390.50	1.10	33150.00	1.10	4.2048	1/bfs-first=4.1399;2/pfs3-first=4.2708	0/2
LIST_EXNEXT_1000_ENTRIES_REPEAT10_TOTAL	1419351.00	0.65	285278.00	2.17	4.9753	1/bfs-first=5.0763;2/pfs3-first=4.8774	1/2
LIST_EXALL_1000_ENTRIES_FIRST_PASS	78591.50	0.23	6624.50	4.79	11.8638	1/bfs-first=12.3000;2/pfs3-first=11.4561	2/2
LIST_EXALL_1000_ENTRIES_REPEAT10_TOTAL	818042.00	9.59	50303.50	0.54	16.2621	1/bfs-first=15.2173;2/pfs3-first=17.2990	2/2

== Paired sparse/M5 timings, family=pilot; ratio=sparse/M5
Every same-repeat, same-order pair is included for BFS and PFS3.
phase	filesystem	repeat/order	M5_us	sparse_us	sparse_over_M5
SMALL_CREATE_40	BFS	1/bfs-first	30785	29953	0.9730
SMALL_CREATE_40	BFS	2/pfs3-first	30528	30719	1.0063
SMALL_CREATE_40	PFS3	1/bfs-first	16640	17344	1.0423
SMALL_CREATE_40	PFS3	2/pfs3-first	17280	22783	1.3185
LOOKUP_400	BFS	1/bfs-first	76928	76223	0.9908
LOOKUP_400	BFS	2/pfs3-first	86208	89472	1.0379
LOOKUP_400	PFS3	1/bfs-first	65663	66432	1.0117
LOOKUP_400	PFS3	2/pfs3-first	66673	76606	1.1490
SMALL_READ_40	BFS	1/bfs-first	20288	19200	0.9464
SMALL_READ_40	BFS	2/pfs3-first	21248	22848	1.0753
SMALL_READ_40	PFS3	1/bfs-first	14400	14271	0.9910
SMALL_READ_40	PFS3	2/pfs3-first	15040	15874	1.0555
LIST_EXNEXT_400	BFS	1/bfs-first	30562	30848	1.0094
LIST_EXNEXT_400	BFS	2/pfs3-first	35328	43840	1.2409
LIST_EXNEXT_400	PFS3	1/bfs-first	11775	12288	1.0436
LIST_EXNEXT_400	PFS3	2/pfs3-first	12544	12543	0.9999
LIST_EXALL_400	BFS	1/bfs-first	8960	9025	1.0073
LIST_EXALL_400	BFS	2/pfs3-first	23998	17088	0.7121
LIST_EXALL_400	PFS3	1/bfs-first	2496	2560	1.0256
LIST_EXALL_400	PFS3	2/pfs3-first	2496	2497	1.0004
SEQ_WRITE_8M	BFS	1/bfs-first	40128	38400	0.9569
SEQ_WRITE_8M	BFS	2/pfs3-first	64255	53312	0.8297
SEQ_WRITE_8M	PFS3	1/bfs-first	40703	40448	0.9937
SEQ_WRITE_8M	PFS3	2/pfs3-first	40064	42047	1.0495
SEQ_READ_8M	BFS	1/bfs-first	263998	267198	1.0121
SEQ_READ_8M	BFS	2/pfs3-first	262974	266815	1.0146
SEQ_READ_8M	PFS3	1/bfs-first	271724	260478	0.9586
SEQ_READ_8M	PFS3	2/pfs3-first	260095	262015	1.0074
SMALL_DELETE_40	BFS	1/bfs-first	17408	17472	1.0037
SMALL_DELETE_40	BFS	2/pfs3-first	24192	17663	0.7301
SMALL_DELETE_40	PFS3	1/bfs-first	8065	8320	1.0316
SMALL_DELETE_40	PFS3	2/pfs3-first	7808	7872	1.0082
APPEND_4K_1M	BFS	1/bfs-first	72512	77631	1.0706
APPEND_4K_1M	BFS	2/pfs3-first	79168	75840	0.9580
APPEND_4K_1M	PFS3	1/bfs-first	32832	33151	1.0097
APPEND_4K_1M	PFS3	2/pfs3-first	56511	33408	0.5912
APPEND_1K_256K	BFS	1/bfs-first	60096	66943	1.1139
APPEND_1K_256K	BFS	2/pfs3-first	62208	63487	1.0206
APPEND_1K_256K	PFS3	1/bfs-first	22911	23872	1.0419
APPEND_1K_256K	PFS3	2/pfs3-first	60287	23552	0.3907
APPEND_READ_1280K	BFS	1/bfs-first	42495	44352	1.0437
APPEND_READ_1280K	BFS	2/pfs3-first	43200	58688	1.3585
APPEND_READ_1280K	PFS3	1/bfs-first	40384	42303	1.0475
APPEND_READ_1280K	PFS3	2/pfs3-first	74495	41665	0.5593
LIST_EXNEXT_40_ENTRIES_FIRST_PASS	BFS	1/bfs-first	6016	7488	1.2447
LIST_EXNEXT_40_ENTRIES_FIRST_PASS	BFS	2/pfs3-first	7297	8065	1.1052
LIST_EXNEXT_40_ENTRIES_FIRST_PASS	PFS3	1/bfs-first	1728	1600	0.9259
LIST_EXNEXT_40_ENTRIES_FIRST_PASS	PFS3	2/pfs3-first	1728	1537	0.8895
LIST_EXNEXT_40_ENTRIES_REPEAT10_TOTAL	BFS	1/bfs-first	31809	31743	0.9979
LIST_EXNEXT_40_ENTRIES_REPEAT10_TOTAL	BFS	2/pfs3-first	40768	42751	1.0486
LIST_EXNEXT_40_ENTRIES_REPEAT10_TOTAL	PFS3	1/bfs-first	12095	11969	0.9896
LIST_EXNEXT_40_ENTRIES_REPEAT10_TOTAL	PFS3	2/pfs3-first	12480	15873	1.2719
LIST_EXALL_40_ENTRIES_FIRST_PASS	BFS	1/bfs-first	3648	4863	1.3331
LIST_EXALL_40_ENTRIES_FIRST_PASS	BFS	2/pfs3-first	3777	3521	0.9322
LIST_EXALL_40_ENTRIES_FIRST_PASS	PFS3	1/bfs-first	575	640	1.1130
LIST_EXALL_40_ENTRIES_FIRST_PASS	PFS3	2/pfs3-first	640	638	0.9969
LIST_EXALL_40_ENTRIES_REPEAT10_TOTAL	BFS	1/bfs-first	9471	9600	1.0136
LIST_EXALL_40_ENTRIES_REPEAT10_TOTAL	BFS	2/pfs3-first	9536	10303	1.0804
LIST_EXALL_40_ENTRIES_REPEAT10_TOTAL	PFS3	1/bfs-first	2560	2560	1.0000
LIST_EXALL_40_ENTRIES_REPEAT10_TOTAL	PFS3	2/pfs3-first	2497	2496	0.9996
LIST_EXNEXT_400_ENTRIES_FIRST_PASS	BFS	1/bfs-first	56448	51519	0.9127
LIST_EXNEXT_400_ENTRIES_FIRST_PASS	BFS	2/pfs3-first	62977	84928	1.3486
LIST_EXNEXT_400_ENTRIES_FIRST_PASS	PFS3	1/bfs-first	11968	13120	1.0963
LIST_EXNEXT_400_ENTRIES_FIRST_PASS	PFS3	2/pfs3-first	13057	13888	1.0636
LIST_EXNEXT_400_ENTRIES_REPEAT10_TOTAL	BFS	1/bfs-first	612860	588924	0.9609
LIST_EXNEXT_400_ENTRIES_REPEAT10_TOTAL	BFS	2/pfs3-first	700668	646460	0.9226
LIST_EXNEXT_400_ENTRIES_REPEAT10_TOTAL	PFS3	1/bfs-first	110591	112705	1.0191
LIST_EXNEXT_400_ENTRIES_REPEAT10_TOTAL	PFS3	2/pfs3-first	121791	132800	1.0904
LIST_EXALL_400_ENTRIES_FIRST_PASS	BFS	1/bfs-first	35388	34688	0.9802
LIST_EXALL_400_ENTRIES_FIRST_PASS	BFS	2/pfs3-first	33984	30400	0.8945
LIST_EXALL_400_ENTRIES_FIRST_PASS	PFS3	1/bfs-first	3135	2943	0.9388
LIST_EXALL_400_ENTRIES_FIRST_PASS	PFS3	2/pfs3-first	2880	3072	1.0667
LIST_EXALL_400_ENTRIES_REPEAT10_TOTAL	BFS	1/bfs-first	351615	320447	0.9114
LIST_EXALL_400_ENTRIES_REPEAT10_TOTAL	BFS	2/pfs3-first	361469	311614	0.8621
LIST_EXALL_400_ENTRIES_REPEAT10_TOTAL	PFS3	1/bfs-first	20287	20672	1.0190
LIST_EXALL_400_ENTRIES_REPEAT10_TOTAL	PFS3	2/pfs3-first	20798	20545	0.9878
LIST_EXNEXT_1000_ENTRIES_FIRST_PASS	BFS	1/bfs-first	146495	138302	0.9441
LIST_EXNEXT_1000_ENTRIES_FIRST_PASS	BFS	2/pfs3-first	142399	140479	0.9865
LIST_EXNEXT_1000_ENTRIES_FIRST_PASS	PFS3	1/bfs-first	30208	33407	1.1059
LIST_EXNEXT_1000_ENTRIES_FIRST_PASS	PFS3	2/pfs3-first	32704	32893	1.0058
LIST_EXNEXT_1000_ENTRIES_REPEAT10_TOTAL	BFS	1/bfs-first	1554423	1425912	0.9173
LIST_EXNEXT_1000_ENTRIES_REPEAT10_TOTAL	BFS	2/pfs3-first	1657078	1412790	0.8526
LIST_EXNEXT_1000_ENTRIES_REPEAT10_TOTAL	PFS3	1/bfs-first	290175	280894	0.9680
LIST_EXNEXT_1000_ENTRIES_REPEAT10_TOTAL	PFS3	2/pfs3-first	305470	289662	0.9483
LIST_EXALL_1000_ENTRIES_FIRST_PASS	BFS	1/bfs-first	87551	78720	0.8991
LIST_EXALL_1000_ENTRIES_FIRST_PASS	BFS	2/pfs3-first	87999	78463	0.8916
LIST_EXALL_1000_ENTRIES_FIRST_PASS	PFS3	1/bfs-first	6592	6400	0.9709
LIST_EXALL_1000_ENTRIES_FIRST_PASS	PFS3	2/pfs3-first	7295	6849	0.9389
LIST_EXALL_1000_ENTRIES_REPEAT10_TOTAL	BFS	1/bfs-first	863675	762554	0.8829
LIST_EXALL_1000_ENTRIES_REPEAT10_TOTAL	BFS	2/pfs3-first	940283	873530	0.9290
LIST_EXALL_1000_ENTRIES_REPEAT10_TOTAL	PFS3	1/bfs-first	51136	50111	0.9800
LIST_EXALL_1000_ENTRIES_REPEAT10_TOTAL	PFS3	2/pfs3-first	50925	50496	0.9916

Paired sparse/M5 aggregate across all repeats.
phase	filesystem	sparse_over_M5_min	sparse_over_M5_median	sparse_over_M5_max	sparse_slower_pairs
SMALL_CREATE_40	BFS	0.9730	0.9896	1.0063	1/2
SMALL_CREATE_40	PFS3	1.0423	1.1804	1.3185	2/2
LOOKUP_400	BFS	0.9908	1.0143	1.0379	1/2
LOOKUP_400	PFS3	1.0117	1.0803	1.1490	2/2
SMALL_READ_40	BFS	0.9464	1.0108	1.0753	1/2
SMALL_READ_40	PFS3	0.9910	1.0232	1.0555	1/2
LIST_EXNEXT_400	BFS	1.0094	1.1252	1.2409	2/2
LIST_EXNEXT_400	PFS3	0.9999	1.0217	1.0436	1/2
LIST_EXALL_400	BFS	0.7121	0.8597	1.0073	1/2
LIST_EXALL_400	PFS3	1.0004	1.0130	1.0256	2/2
SEQ_WRITE_8M	BFS	0.8297	0.8933	0.9569	0/2
SEQ_WRITE_8M	PFS3	0.9937	1.0216	1.0495	1/2
SEQ_READ_8M	BFS	1.0121	1.0134	1.0146	2/2
SEQ_READ_8M	PFS3	0.9586	0.9830	1.0074	1/2
SMALL_DELETE_40	BFS	0.7301	0.8669	1.0037	1/2
SMALL_DELETE_40	PFS3	1.0082	1.0199	1.0316	2/2
APPEND_4K_1M	BFS	0.9580	1.0143	1.0706	1/2
APPEND_4K_1M	PFS3	0.5912	0.8004	1.0097	1/2
APPEND_1K_256K	BFS	1.0206	1.0672	1.1139	2/2
APPEND_1K_256K	PFS3	0.3907	0.7163	1.0419	1/2
APPEND_READ_1280K	BFS	1.0437	1.2011	1.3585	2/2
APPEND_READ_1280K	PFS3	0.5593	0.8034	1.0475	1/2
LIST_EXNEXT_40_ENTRIES_FIRST_PASS	BFS	1.1052	1.1750	1.2447	2/2
LIST_EXNEXT_40_ENTRIES_FIRST_PASS	PFS3	0.8895	0.9077	0.9259	0/2
LIST_EXNEXT_40_ENTRIES_REPEAT10_TOTAL	BFS	0.9979	1.0233	1.0486	1/2
LIST_EXNEXT_40_ENTRIES_REPEAT10_TOTAL	PFS3	0.9896	1.1307	1.2719	1/2
LIST_EXALL_40_ENTRIES_FIRST_PASS	BFS	0.9322	1.1326	1.3331	1/2
LIST_EXALL_40_ENTRIES_FIRST_PASS	PFS3	0.9969	1.0550	1.1130	1/2
LIST_EXALL_40_ENTRIES_REPEAT10_TOTAL	BFS	1.0136	1.0470	1.0804	2/2
LIST_EXALL_40_ENTRIES_REPEAT10_TOTAL	PFS3	0.9996	0.9998	1.0000	0/2
LIST_EXNEXT_400_ENTRIES_FIRST_PASS	BFS	0.9127	1.1306	1.3486	1/2
LIST_EXNEXT_400_ENTRIES_FIRST_PASS	PFS3	1.0636	1.0800	1.0963	2/2
LIST_EXNEXT_400_ENTRIES_REPEAT10_TOTAL	BFS	0.9226	0.9418	0.9609	0/2
LIST_EXNEXT_400_ENTRIES_REPEAT10_TOTAL	PFS3	1.0191	1.0548	1.0904	2/2
LIST_EXALL_400_ENTRIES_FIRST_PASS	BFS	0.8945	0.9374	0.9802	0/2
LIST_EXALL_400_ENTRIES_FIRST_PASS	PFS3	0.9388	1.0027	1.0667	1/2
LIST_EXALL_400_ENTRIES_REPEAT10_TOTAL	BFS	0.8621	0.8867	0.9114	0/2
LIST_EXALL_400_ENTRIES_REPEAT10_TOTAL	PFS3	0.9878	1.0034	1.0190	1/2
LIST_EXNEXT_1000_ENTRIES_FIRST_PASS	BFS	0.9441	0.9653	0.9865	0/2
LIST_EXNEXT_1000_ENTRIES_FIRST_PASS	PFS3	1.0058	1.0558	1.1059	2/2
LIST_EXNEXT_1000_ENTRIES_REPEAT10_TOTAL	BFS	0.8526	0.8850	0.9173	0/2
LIST_EXNEXT_1000_ENTRIES_REPEAT10_TOTAL	PFS3	0.9483	0.9581	0.9680	0/2
LIST_EXALL_1000_ENTRIES_FIRST_PASS	BFS	0.8916	0.8954	0.8991	0/2
LIST_EXALL_1000_ENTRIES_FIRST_PASS	PFS3	0.9389	0.9549	0.9709	0/2
LIST_EXALL_1000_ENTRIES_REPEAT10_TOTAL	BFS	0.8829	0.9060	0.9290	0/2
LIST_EXALL_1000_ENTRIES_REPEAT10_TOTAL	PFS3	0.9800	0.9858	0.9916	0/2

== Deep deep-compare, variant=m5 (2 required runs; all phases and controls; no filtering)
phase	BFS_mean_us	BFS_CV_pct	PFS3_mean_us	PFS3_CV_pct	BFS_over_PFS3_mean	individual_BFS_over_PFS3_by_repeat_order	individual_ratios_over_5x
SMALL_CREATE_40	47552.00	20.75	20767.50	28.99	2.2897	1/bfs-first=1.6215;2/pfs3-first=3.3025	0/2
LOOKUP_400	99954.00	0.47	72000.00	9.18	1.3882	1/bfs-first=1.3080;2/pfs3-first=1.4796	0/2
SMALL_READ_40	27138.00	3.32	15647.50	10.12	1.7343	1/bfs-first=1.5805;2/pfs3-first=1.9118	0/2
SEQ_WRITE_8M	49090.50	4.05	57408.00	40.67	0.8551	1/bfs-first=0.6831;2/pfs3-first=1.1660	0/2
SEQ_READ_8M	271902.00	0.82	272159.00	7.20	0.9991	1/bfs-first=0.9452;2/pfs3-first=1.0587	0/2
SMALL_DELETE_40	22368.00	1.82	8160.00	3.86	2.7412	1/bfs-first=2.6339;2/pfs3-first=2.8545	0/2
APPEND_4K_1M	105953.00	11.32	35520.00	5.10	2.9829	1/bfs-first=2.6487;2/pfs3-first=3.3421	0/2
APPEND_1K_256K	82560.00	0.22	25184.00	5.21	3.2783	1/bfs-first=3.1667;2/pfs3-first=3.3984	0/2
APPEND_READ_1280K	46336.50	4.49	41855.50	2.81	1.1071	1/bfs-first=1.0510;2/pfs3-first=1.1654	0/2
LIST_EXNEXT_40_ENTRIES_FIRST_PASS	8160.50	0.55	1759.50	2.61	4.6380	1/bfs-first=4.7070;2/pfs3-first=4.5714	0/2
LIST_EXNEXT_40_ENTRIES_REPEAT10_TOTAL	45280.00	0.30	11968.50	0.75	3.7833	1/bfs-first=3.7553;2/pfs3-first=3.8115	0/2
LIST_EXALL_40_ENTRIES_FIRST_PASS	4608.00	3.93	543.50	8.20	8.4784	1/bfs-first=9.2500;2/pfs3-first=7.7913	2/2
LIST_EXALL_40_ENTRIES_REPEAT10_TOTAL	15199.50	1.48	2560.00	0.00	5.9373	1/bfs-first=5.8750;2/pfs3-first=5.9996	2/2
LIST_EXNEXT_400_ENTRIES_FIRST_PASS	84063.50	23.42	13248.00	3.42	6.3454	1/bfs-first=7.2217;2/pfs3-first=5.4257	2/2
LIST_EXNEXT_400_ENTRIES_REPEAT10_TOTAL	748539.50	5.62	127807.00	1.49	5.8568	1/bfs-first=5.6837;2/pfs3-first=6.0263	2/2
LIST_EXALL_400_ENTRIES_FIRST_PASS	44095.50	0.62	4064.00	43.39	10.8503	1/bfs-first=15.5850;2/pfs3-first=8.3389	2/2
LIST_EXALL_400_ENTRIES_REPEAT10_TOTAL	438237.50	5.83	38721.00	64.98	11.3178	1/bfs-first=20.0754;2/pfs3-first=8.0745	2/2
LIST_EXNEXT_1000_ENTRIES_FIRST_PASS	183550.00	0.25	40768.00	24.42	4.5023	1/bfs-first=5.4516;2/pfs3-first=3.8326	1/2
LIST_EXNEXT_1000_ENTRIES_REPEAT10_TOTAL	2045446.50	12.46	306686.50	8.62	6.6695	1/bfs-first=6.8402;2/pfs3-first=6.4767	2/2
LIST_EXALL_1000_ENTRIES_FIRST_PASS	135295.50	32.58	6911.50	9.18	19.5754	1/bfs-first=25.7563;2/pfs3-first=14.1478	2/2
LIST_EXALL_1000_ENTRIES_REPEAT10_TOTAL	1080729.50	2.42	51711.00	3.15	20.8994	1/bfs-first=20.7933;2/pfs3-first=21.0104	2/2

== Deep deep-compare, variant=sparse (2 required runs; all phases and controls; no filtering)
phase	BFS_mean_us	BFS_CV_pct	PFS3_mean_us	PFS3_CV_pct	BFS_over_PFS3_mean	individual_BFS_over_PFS3_by_repeat_order	individual_ratios_over_5x
SMALL_CREATE_40	38975.00	1.40	16288.00	9.72	2.3929	1/bfs-first=2.5442;2/pfs3-first=2.2610	0/2
LOOKUP_400	99935.50	1.13	70879.00	2.11	1.4099	1/bfs-first=1.4004;2/pfs3-first=1.4198	0/2
SMALL_READ_40	26399.50	4.97	13696.00	10.57	1.9275	1/bfs-first=2.0101;2/pfs3-first=1.8565	0/2
SEQ_WRITE_8M	50303.50	5.22	39647.50	6.73	1.2688	1/bfs-first=1.2830;2/pfs3-first=1.2558	0/2
SEQ_READ_8M	321661.50	5.15	258334.50	1.52	1.2451	1/bfs-first=1.1870;2/pfs3-first=1.3045	0/2
SMALL_DELETE_40	27103.50	18.87	8383.50	5.39	3.2330	1/bfs-first=3.5298;2/pfs3-first=2.9126	0/2
APPEND_4K_1M	128063.50	20.78	39999.50	2.26	3.2016	1/bfs-first=3.6141;2/pfs3-first=2.7757	0/2
APPEND_1K_256K	80114.50	1.78	31286.50	31.87	2.5607	1/bfs-first=3.2638;2/pfs3-first=2.1161	0/2
APPEND_READ_1280K	44959.00	0.30	48767.50	11.13	0.9219	1/bfs-first=1.0028;2/pfs3-first=0.8528	0/2
LIST_EXNEXT_40_ENTRIES_FIRST_PASS	8384.00	12.95	1567.50	2.93	5.3486	1/bfs-first=4.9616;2/pfs3-first=5.7200	1/2
LIST_EXNEXT_40_ENTRIES_REPEAT10_TOTAL	45632.50	0.40	12223.50	2.22	3.7332	1/bfs-first=3.8032;2/pfs3-first=3.6653	0/2
LIST_EXALL_40_ENTRIES_FIRST_PASS	4511.50	7.01	607.00	22.37	7.4325	1/bfs-first=9.2661;2/pfs3-first=6.0996	2/2
LIST_EXALL_40_ENTRIES_REPEAT10_TOTAL	15904.00	0.85	2496.00	0.00	6.3718	1/bfs-first=6.3333;2/pfs3-first=6.4103	2/2
LIST_EXNEXT_400_ENTRIES_FIRST_PASS	71038.50	1.15	12864.00	4.91	5.5223	1/bfs-first=5.7674;2/pfs3-first=5.2936	2/2
LIST_EXNEXT_400_ENTRIES_REPEAT10_TOTAL	700892.50	5.93	113653.50	1.69	6.1669	1/bfs-first=5.9794;2/pfs3-first=6.3500	2/2
LIST_EXALL_400_ENTRIES_FIRST_PASS	38400.00	0.23	3200.00	19.80	12.0000	1/bfs-first=13.9764;2/pfs3-first=10.5090	2/2
LIST_EXALL_400_ENTRIES_REPEAT10_TOTAL	389790.50	6.33	20414.00	0.44	19.0943	1/bfs-first=18.2964;2/pfs3-first=19.8872	2/2
LIST_EXNEXT_1000_ENTRIES_FIRST_PASS	198943.00	20.31	32638.50	2.22	6.0953	1/bfs-first=7.0821;2/pfs3-first=5.1392	2/2
LIST_EXNEXT_1000_ENTRIES_REPEAT10_TOTAL	1806389.50	6.72	283038.50	0.18	6.3821	1/bfs-first=6.6939;2/pfs3-first=6.0711	2/2
LIST_EXALL_1000_ENTRIES_FIRST_PASS	91903.50	2.86	7295.50	3.73	12.5973	1/bfs-first=12.0256;2/pfs3-first=13.1999	2/2
LIST_EXALL_1000_ENTRIES_REPEAT10_TOTAL	1022138.50	4.00	51263.00	0.71	19.9391	1/bfs-first=20.6067;2/pfs3-first=19.2782	2/2

== Paired sparse/M5 timings, family=deep; ratio=sparse/M5
Every same-repeat, same-order pair is included for BFS and PFS3.
phase	filesystem	repeat/order	M5_us	sparse_us	sparse_over_M5
SMALL_CREATE_40	BFS	1/bfs-first	40576	38590	0.9511
SMALL_CREATE_40	BFS	2/pfs3-first	54528	39360	0.7218
SMALL_CREATE_40	PFS3	1/bfs-first	25024	15168	0.6061
SMALL_CREATE_40	PFS3	2/pfs3-first	16511	17408	1.0543
LOOKUP_400	BFS	1/bfs-first	100288	100735	1.0045
LOOKUP_400	BFS	2/pfs3-first	99620	99136	0.9951
LOOKUP_400	PFS3	1/bfs-first	76672	71935	0.9382
LOOKUP_400	PFS3	2/pfs3-first	67328	69823	1.0371
SMALL_READ_40	BFS	1/bfs-first	26501	25472	0.9612
SMALL_READ_40	BFS	2/pfs3-first	27775	27327	0.9839
SMALL_READ_40	PFS3	1/bfs-first	16767	12672	0.7558
SMALL_READ_40	PFS3	2/pfs3-first	14528	14720	1.0132
SEQ_WRITE_8M	BFS	1/bfs-first	50496	48447	0.9594
SEQ_WRITE_8M	BFS	2/pfs3-first	47685	52160	1.0938
SEQ_WRITE_8M	PFS3	1/bfs-first	73919	37760	0.5108
SEQ_WRITE_8M	PFS3	2/pfs3-first	40897	41535	1.0156
SEQ_READ_8M	BFS	1/bfs-first	270334	309950	1.1465
SEQ_READ_8M	BFS	2/pfs3-first	273470	333373	1.2190
SEQ_READ_8M	PFS3	1/bfs-first	286015	261119	0.9130
SEQ_READ_8M	PFS3	2/pfs3-first	258303	255550	0.9893
SMALL_DELETE_40	BFS	1/bfs-first	22080	30720	1.3913
SMALL_DELETE_40	BFS	2/pfs3-first	22656	23487	1.0367
SMALL_DELETE_40	PFS3	1/bfs-first	8383	8703	1.0382
SMALL_DELETE_40	PFS3	2/pfs3-first	7937	8064	1.0160
APPEND_4K_1M	BFS	1/bfs-first	97473	146879	1.5069
APPEND_4K_1M	BFS	2/pfs3-first	114433	109248	0.9547
APPEND_4K_1M	PFS3	1/bfs-first	36800	40640	1.1043
APPEND_4K_1M	PFS3	2/pfs3-first	34240	39359	1.1495
APPEND_1K_256K	BFS	1/bfs-first	82688	79105	0.9567
APPEND_1K_256K	BFS	2/pfs3-first	82432	81124	0.9841
APPEND_1K_256K	PFS3	1/bfs-first	26112	24237	0.9282
APPEND_1K_256K	PFS3	2/pfs3-first	24256	38336	1.5805
APPEND_READ_1280K	BFS	1/bfs-first	44865	45055	1.0042
APPEND_READ_1280K	BFS	2/pfs3-first	47808	44863	0.9384
APPEND_READ_1280K	PFS3	1/bfs-first	42687	44928	1.0525
APPEND_READ_1280K	PFS3	2/pfs3-first	41024	52607	1.2823
LIST_EXNEXT_40_ENTRIES_FIRST_PASS	BFS	1/bfs-first	8129	7616	0.9369
LIST_EXNEXT_40_ENTRIES_FIRST_PASS	BFS	2/pfs3-first	8192	9152	1.1172
LIST_EXNEXT_40_ENTRIES_FIRST_PASS	PFS3	1/bfs-first	1727	1535	0.8888
LIST_EXNEXT_40_ENTRIES_FIRST_PASS	PFS3	2/pfs3-first	1792	1600	0.8929
LIST_EXNEXT_40_ENTRIES_REPEAT10_TOTAL	BFS	1/bfs-first	45184	45760	1.0127
LIST_EXNEXT_40_ENTRIES_REPEAT10_TOTAL	BFS	2/pfs3-first	45376	45505	1.0028
LIST_EXNEXT_40_ENTRIES_REPEAT10_TOTAL	PFS3	1/bfs-first	12032	12032	1.0000
LIST_EXNEXT_40_ENTRIES_REPEAT10_TOTAL	PFS3	2/pfs3-first	11905	12415	1.0428
LIST_EXALL_40_ENTRIES_FIRST_PASS	BFS	1/bfs-first	4736	4735	0.9998
LIST_EXALL_40_ENTRIES_FIRST_PASS	BFS	2/pfs3-first	4480	4288	0.9571
LIST_EXALL_40_ENTRIES_FIRST_PASS	PFS3	1/bfs-first	512	511	0.9980
LIST_EXALL_40_ENTRIES_FIRST_PASS	PFS3	2/pfs3-first	575	703	1.2226
LIST_EXALL_40_ENTRIES_REPEAT10_TOTAL	BFS	1/bfs-first	15040	15808	1.0511
LIST_EXALL_40_ENTRIES_REPEAT10_TOTAL	BFS	2/pfs3-first	15359	16000	1.0417
LIST_EXALL_40_ENTRIES_REPEAT10_TOTAL	PFS3	1/bfs-first	2560	2496	0.9750
LIST_EXALL_40_ENTRIES_REPEAT10_TOTAL	PFS3	2/pfs3-first	2560	2496	0.9750
LIST_EXNEXT_400_ENTRIES_FIRST_PASS	BFS	1/bfs-first	97984	71614	0.7309
LIST_EXNEXT_400_ENTRIES_FIRST_PASS	BFS	2/pfs3-first	70143	70463	1.0046
LIST_EXNEXT_400_ENTRIES_FIRST_PASS	PFS3	1/bfs-first	13568	12417	0.9152
LIST_EXNEXT_400_ENTRIES_FIRST_PASS	PFS3	2/pfs3-first	12928	13311	1.0296
LIST_EXNEXT_400_ENTRIES_REPEAT10_TOTAL	BFS	1/bfs-first	718779	671484	0.9342
LIST_EXNEXT_400_ENTRIES_REPEAT10_TOTAL	BFS	2/pfs3-first	778300	730301	0.9383
LIST_EXNEXT_400_ENTRIES_REPEAT10_TOTAL	PFS3	1/bfs-first	126463	112299	0.8880
LIST_EXNEXT_400_ENTRIES_REPEAT10_TOTAL	PFS3	2/pfs3-first	129151	115008	0.8905
LIST_EXALL_400_ENTRIES_FIRST_PASS	BFS	1/bfs-first	43903	38463	0.8761
LIST_EXALL_400_ENTRIES_FIRST_PASS	BFS	2/pfs3-first	44288	38337	0.8656
LIST_EXALL_400_ENTRIES_FIRST_PASS	PFS3	1/bfs-first	2817	2752	0.9769
LIST_EXALL_400_ENTRIES_FIRST_PASS	PFS3	2/pfs3-first	5311	3648	0.6869
LIST_EXALL_400_ENTRIES_REPEAT10_TOTAL	BFS	1/bfs-first	420158	372350	0.8862
LIST_EXALL_400_ENTRIES_REPEAT10_TOTAL	BFS	2/pfs3-first	456317	407231	0.8924
LIST_EXALL_400_ENTRIES_REPEAT10_TOTAL	PFS3	1/bfs-first	20929	20351	0.9724
LIST_EXALL_400_ENTRIES_REPEAT10_TOTAL	PFS3	2/pfs3-first	56513	20477	0.3623
LIST_EXNEXT_1000_ENTRIES_FIRST_PASS	BFS	1/bfs-first	183870	227518	1.2374
LIST_EXNEXT_1000_ENTRIES_FIRST_PASS	BFS	2/pfs3-first	183230	170368	0.9298
LIST_EXNEXT_1000_ENTRIES_FIRST_PASS	PFS3	1/bfs-first	33728	32126	0.9525
LIST_EXNEXT_1000_ENTRIES_FIRST_PASS	PFS3	2/pfs3-first	47808	33151	0.6934
LIST_EXNEXT_1000_ENTRIES_REPEAT10_TOTAL	BFS	1/bfs-first	2225624	1892277	0.8502
LIST_EXNEXT_1000_ENTRIES_REPEAT10_TOTAL	BFS	2/pfs3-first	1865269	1720502	0.9224
LIST_EXNEXT_1000_ENTRIES_REPEAT10_TOTAL	PFS3	1/bfs-first	325375	282687	0.8688
LIST_EXNEXT_1000_ENTRIES_REPEAT10_TOTAL	PFS3	2/pfs3-first	287998	283390	0.9840
LIST_EXALL_1000_ENTRIES_FIRST_PASS	BFS	1/bfs-first	166463	90048	0.5409
LIST_EXALL_1000_ENTRIES_FIRST_PASS	BFS	2/pfs3-first	104128	93759	0.9004
LIST_EXALL_1000_ENTRIES_FIRST_PASS	PFS3	1/bfs-first	6463	7488	1.1586
LIST_EXALL_1000_ENTRIES_FIRST_PASS	PFS3	2/pfs3-first	7360	7103	0.9651
LIST_EXALL_1000_ENTRIES_REPEAT10_TOTAL	BFS	1/bfs-first	1099194	1051066	0.9562
LIST_EXALL_1000_ENTRIES_REPEAT10_TOTAL	BFS	2/pfs3-first	1062265	993211	0.9350
LIST_EXALL_1000_ENTRIES_REPEAT10_TOTAL	PFS3	1/bfs-first	52863	51006	0.9649
LIST_EXALL_1000_ENTRIES_REPEAT10_TOTAL	PFS3	2/pfs3-first	50559	51520	1.0190

Paired sparse/M5 aggregate across all repeats.
phase	filesystem	sparse_over_M5_min	sparse_over_M5_median	sparse_over_M5_max	sparse_slower_pairs
SMALL_CREATE_40	BFS	0.7218	0.8364	0.9511	0/2
SMALL_CREATE_40	PFS3	0.6061	0.8302	1.0543	1/2
LOOKUP_400	BFS	0.9951	0.9998	1.0045	1/2
LOOKUP_400	PFS3	0.9382	0.9876	1.0371	1/2
SMALL_READ_40	BFS	0.9612	0.9725	0.9839	0/2
SMALL_READ_40	PFS3	0.7558	0.8845	1.0132	1/2
SEQ_WRITE_8M	BFS	0.9594	1.0266	1.0938	1/2
SEQ_WRITE_8M	PFS3	0.5108	0.7632	1.0156	1/2
SEQ_READ_8M	BFS	1.1465	1.1828	1.2190	2/2
SEQ_READ_8M	PFS3	0.9130	0.9511	0.9893	0/2
SMALL_DELETE_40	BFS	1.0367	1.2140	1.3913	2/2
SMALL_DELETE_40	PFS3	1.0160	1.0271	1.0382	2/2
APPEND_4K_1M	BFS	0.9547	1.2308	1.5069	1/2
APPEND_4K_1M	PFS3	1.1043	1.1269	1.1495	2/2
APPEND_1K_256K	BFS	0.9567	0.9704	0.9841	0/2
APPEND_1K_256K	PFS3	0.9282	1.2543	1.5805	1/2
APPEND_READ_1280K	BFS	0.9384	0.9713	1.0042	1/2
APPEND_READ_1280K	PFS3	1.0525	1.1674	1.2823	2/2
LIST_EXNEXT_40_ENTRIES_FIRST_PASS	BFS	0.9369	1.0270	1.1172	1/2
LIST_EXNEXT_40_ENTRIES_FIRST_PASS	PFS3	0.8888	0.8908	0.8929	0/2
LIST_EXNEXT_40_ENTRIES_REPEAT10_TOTAL	BFS	1.0028	1.0078	1.0127	2/2
LIST_EXNEXT_40_ENTRIES_REPEAT10_TOTAL	PFS3	1.0000	1.0214	1.0428	1/2
LIST_EXALL_40_ENTRIES_FIRST_PASS	BFS	0.9571	0.9785	0.9998	0/2
LIST_EXALL_40_ENTRIES_FIRST_PASS	PFS3	0.9980	1.1103	1.2226	1/2
LIST_EXALL_40_ENTRIES_REPEAT10_TOTAL	BFS	1.0417	1.0464	1.0511	2/2
LIST_EXALL_40_ENTRIES_REPEAT10_TOTAL	PFS3	0.9750	0.9750	0.9750	0/2
LIST_EXNEXT_400_ENTRIES_FIRST_PASS	BFS	0.7309	0.8677	1.0046	1/2
LIST_EXNEXT_400_ENTRIES_FIRST_PASS	PFS3	0.9152	0.9724	1.0296	1/2
LIST_EXNEXT_400_ENTRIES_REPEAT10_TOTAL	BFS	0.9342	0.9363	0.9383	0/2
LIST_EXNEXT_400_ENTRIES_REPEAT10_TOTAL	PFS3	0.8880	0.8892	0.8905	0/2
LIST_EXALL_400_ENTRIES_FIRST_PASS	BFS	0.8656	0.8709	0.8761	0/2
LIST_EXALL_400_ENTRIES_FIRST_PASS	PFS3	0.6869	0.8319	0.9769	0/2
LIST_EXALL_400_ENTRIES_REPEAT10_TOTAL	BFS	0.8862	0.8893	0.8924	0/2
LIST_EXALL_400_ENTRIES_REPEAT10_TOTAL	PFS3	0.3623	0.6674	0.9724	0/2
LIST_EXNEXT_1000_ENTRIES_FIRST_PASS	BFS	0.9298	1.0836	1.2374	1/2
LIST_EXNEXT_1000_ENTRIES_FIRST_PASS	PFS3	0.6934	0.8230	0.9525	0/2
LIST_EXNEXT_1000_ENTRIES_REPEAT10_TOTAL	BFS	0.8502	0.8863	0.9224	0/2
LIST_EXNEXT_1000_ENTRIES_REPEAT10_TOTAL	PFS3	0.8688	0.9264	0.9840	0/2
LIST_EXALL_1000_ENTRIES_FIRST_PASS	BFS	0.5409	0.7207	0.9004	0/2
LIST_EXALL_1000_ENTRIES_FIRST_PASS	PFS3	0.9651	1.0618	1.1586	1/2
LIST_EXALL_1000_ENTRIES_REPEAT10_TOTAL	BFS	0.9350	0.9456	0.9562	0/2
LIST_EXALL_1000_ENTRIES_REPEAT10_TOTAL	PFS3	0.9649	0.9919	1.0190	1/2

== Normal compare, variant=m5 (8 required runs; all phases and controls; no filtering)
phase	BFS_mean_us	BFS_CV_pct	PFS3_mean_us	PFS3_CV_pct	BFS_over_PFS3_mean	individual_BFS_over_PFS3_by_repeat_order	individual_ratios_over_5x
SMALL_CREATE_40	36454.50	37.40	16911.50	5.49	2.1556	1/bfs-first=1.7405;2/pfs3-first=1.9806;3/bfs-first=1.8235;4/pfs3-first=2.4380;5/bfs-first=4.2005;6/pfs3-first=1.7194;7/bfs-first=1.7573;8/pfs3-first=1.7107	0/8
LOOKUP_400	92647.25	22.62	73447.38	11.11	1.2614	1/bfs-first=0.9942;2/pfs3-first=1.5566;3/bfs-first=1.1488;4/pfs3-first=1.8044;5/bfs-first=1.4094;6/pfs3-first=1.0841;7/bfs-first=1.1428;8/pfs3-first=1.0087	0/8
SMALL_READ_40	24496.00	28.68	13952.00	4.98	1.7557	1/bfs-first=1.4684;2/pfs3-first=2.6620;3/bfs-first=1.4184;4/pfs3-first=1.6665;5/bfs-first=1.5801;6/pfs3-first=1.4724;7/bfs-first=1.4589;8/pfs3-first=2.2662	0/8
LIST_EXNEXT_400	38063.62	24.36	12984.00	11.15	2.9316	1/bfs-first=2.2741;2/pfs3-first=2.4267;3/bfs-first=3.7737;4/pfs3-first=2.6471;5/bfs-first=4.0692;6/pfs3-first=2.5492;7/bfs-first=1.9007;8/pfs3-first=4.2980	0/8
LIST_EXALL_400	9471.50	8.85	2831.75	25.67	3.3448	1/bfs-first=3.2031;2/pfs3-first=3.4647;3/bfs-first=4.1026;4/pfs3-first=3.7632;5/bfs-first=3.4146;6/pfs3-first=3.5492;7/bfs-first=1.9449;8/pfs3-first=4.5142	0/8
SEQ_WRITE_8M	47903.88	28.03	45751.50	22.06	1.0470	1/bfs-first=0.8531;2/pfs3-first=0.9922;3/bfs-first=1.3363;4/pfs3-first=0.9636;5/bfs-first=1.0315;6/pfs3-first=1.4243;7/bfs-first=0.6092;8/pfs3-first=1.3680	0/8
SEQ_READ_8M	288246.12	15.90	283838.00	6.63	1.0155	1/bfs-first=1.0833;2/pfs3-first=0.9644;3/bfs-first=1.3113;4/pfs3-first=0.9485;5/bfs-first=0.9168;6/pfs3-first=1.0918;7/bfs-first=0.9689;8/pfs3-first=0.8445	0/8
SMALL_DELETE_40	18103.50	6.68	8808.12	20.00	2.0553	1/bfs-first=2.2377;2/pfs3-first=2.1933;3/bfs-first=2.2640;4/pfs3-first=1.3365;5/bfs-first=2.1840;6/pfs3-first=2.5624;7/bfs-first=1.9855;8/pfs3-first=2.1287	0/8
APPEND_4K_1M	76703.50	6.49	38739.88	35.60	1.9800	1/bfs-first=2.1797;2/pfs3-first=2.4261;3/bfs-first=2.2403;4/pfs3-first=1.0660;5/bfs-first=2.0726;6/pfs3-first=2.4448;7/bfs-first=2.3886;8/pfs3-first=2.0828	0/8
APPEND_1K_256K	61087.50	1.60	26325.62	20.57	2.3205	1/bfs-first=2.6469;2/pfs3-first=2.5913;3/bfs-first=2.6166;4/pfs3-first=1.5254;5/bfs-first=2.5686;6/pfs3-first=2.6428;7/bfs-first=2.1538;8/pfs3-first=2.3711	0/8
APPEND_READ_1280K	43637.25	5.08	43120.00	13.93	1.0120	1/bfs-first=1.0136;2/pfs3-first=1.0554;3/bfs-first=1.0823;4/pfs3-first=1.0504;5/bfs-first=0.8431;6/pfs3-first=1.0278;7/bfs-first=1.0670;8/pfs3-first=1.0275	0/8
LIST_EXNEXT_40_ENTRIES_FIRST_PASS	6501.00	5.22	1856.12	18.23	3.5025	1/bfs-first=3.0308;2/pfs3-first=3.6682;3/bfs-first=3.8750;4/pfs3-first=4.1230;5/bfs-first=3.5793;6/pfs3-first=2.6154;7/bfs-first=3.7037;8/pfs3-first=4.0595	0/8
LIST_EXNEXT_40_ENTRIES_REPEAT10_TOTAL	32928.00	5.08	12448.12	5.43	2.6452	1/bfs-first=2.8844;2/pfs3-first=2.6172;3/bfs-first=2.7800;4/pfs3-first=2.6595;5/bfs-first=2.8754;6/pfs3-first=2.2454;7/bfs-first=2.5757;8/pfs3-first=2.5847	0/8
LIST_EXALL_40_ENTRIES_FIRST_PASS	4347.50	21.48	576.12	5.99	7.5461	1/bfs-first=7.1128;2/pfs3-first=6.7678;3/bfs-first=8.6950;4/pfs3-first=7.2348;5/bfs-first=11.1304;6/pfs3-first=7.5000;7/bfs-first=6.4462;8/pfs3-first=5.6911	8/8
LIST_EXALL_40_ENTRIES_REPEAT10_TOTAL	10387.00	13.42	2535.75	1.30	4.0962	1/bfs-first=3.8974;2/pfs3-first=3.8280;3/bfs-first=5.1222;4/pfs3-first=3.8626;5/bfs-first=4.8750;6/pfs3-first=3.7004;7/bfs-first=3.6746;8/pfs3-first=3.8246	1/8
LIST_EXNEXT_400_ENTRIES_FIRST_PASS	62663.12	14.98	14703.62	22.41	4.2617	1/bfs-first=3.1397;2/pfs3-first=5.7985;3/bfs-first=6.5735;4/pfs3-first=4.4444;5/bfs-first=4.3190;6/pfs3-first=2.6919;7/bfs-first=4.4997;8/pfs3-first=4.2571	2/8
LIST_EXNEXT_400_ENTRIES_REPEAT10_TOTAL	682188.50	16.50	125614.62	16.33	5.4308	1/bfs-first=5.9927;2/pfs3-first=5.0148;3/bfs-first=5.4948;4/pfs3-first=5.5278;5/bfs-first=6.2460;6/pfs3-first=4.4618;7/bfs-first=4.8951;8/pfs3-first=6.0297	6/8
LIST_EXALL_400_ENTRIES_FIRST_PASS	36911.38	4.88	3079.75	7.75	11.9852	1/bfs-first=12.8298;2/pfs3-first=10.8997;3/bfs-first=10.7415;4/pfs3-first=12.6131;5/bfs-first=11.4543;6/pfs3-first=11.9753;7/bfs-first=12.8441;8/pfs3-first=12.9133	8/8
LIST_EXALL_400_ENTRIES_REPEAT10_TOTAL	378582.25	10.90	21047.50	3.90	17.9870	1/bfs-first=16.7995;2/pfs3-first=16.6668;3/bfs-first=16.3476;4/pfs3-first=19.1729;5/bfs-first=15.6535;6/pfs3-first=21.9721;7/bfs-first=17.3835;8/pfs3-first=20.1712	8/8
LIST_EXNEXT_1000_ENTRIES_FIRST_PASS	160367.62	13.30	33418.75	8.13	4.7987	1/bfs-first=4.1045;2/pfs3-first=4.4457;3/bfs-first=4.6141;4/pfs3-first=6.3705;5/bfs-first=3.5809;6/pfs3-first=5.4220;7/bfs-first=4.7214;8/pfs3-first=5.5076	3/8
LIST_EXNEXT_1000_ENTRIES_REPEAT10_TOTAL	1569287.12	7.14	296900.12	6.52	5.2856	1/bfs-first=4.8501;2/pfs3-first=5.2832;3/bfs-first=5.0824;4/pfs3-first=5.9384;5/bfs-first=4.7318;6/pfs3-first=5.5165;7/bfs-first=5.2439;8/pfs3-first=5.7349	6/8
LIST_EXALL_1000_ENTRIES_FIRST_PASS	88843.00	1.82	6655.88	3.17	13.3481	1/bfs-first=12.9550;2/pfs3-first=13.0924;3/bfs-first=13.7352;4/pfs3-first=13.8505;5/bfs-first=13.3679;6/pfs3-first=13.3158;7/bfs-first=13.2520;8/pfs3-first=13.2716	8/8
LIST_EXALL_1000_ENTRIES_REPEAT10_TOTAL	948184.25	9.15	53887.62	10.08	17.5956	1/bfs-first=17.1672;2/pfs3-first=13.3290;3/bfs-first=16.8132;4/pfs3-first=18.2898;5/bfs-first=18.1338;6/pfs3-first=18.1244;7/bfs-first=18.5159;8/pfs3-first=21.5540	8/8

== Normal compare, variant=sparse (8 required runs; all phases and controls; no filtering)
phase	BFS_mean_us	BFS_CV_pct	PFS3_mean_us	PFS3_CV_pct	BFS_over_PFS3_mean	individual_BFS_over_PFS3_by_repeat_order	individual_ratios_over_5x
SMALL_CREATE_40	31255.62	3.92	17447.62	4.18	1.7914	1/bfs-first=1.8000;2/pfs3-first=1.6883;3/bfs-first=1.8672;4/pfs3-first=1.9483;5/bfs-first=1.7527;6/pfs3-first=1.8221;7/bfs-first=1.7897;8/pfs3-first=1.6800	0/8
LOOKUP_400	79823.62	7.68	70559.88	11.64	1.1313	1/bfs-first=1.2158;2/pfs3-first=1.1444;3/bfs-first=1.1093;4/pfs3-first=1.1741;5/bfs-first=1.1155;6/pfs3-first=1.3763;7/bfs-first=0.8455;8/pfs3-first=1.1659	0/8
SMALL_READ_40	23471.88	35.62	14199.75	3.11	1.6530	1/bfs-first=1.5066;2/pfs3-first=1.3524;3/bfs-first=1.5901;4/pfs3-first=1.4350;5/bfs-first=1.5074;6/pfs3-first=3.0990;7/bfs-first=1.3850;8/pfs3-first=1.3583	0/8
LIST_EXNEXT_400	34247.38	17.83	12223.75	1.58	2.8017	1/bfs-first=2.5260;2/pfs3-first=2.5559;3/bfs-first=3.6704;4/pfs3-first=2.5882;5/bfs-first=2.5449;6/pfs3-first=3.4583;7/bfs-first=2.5516;8/pfs3-first=2.4974	0/8
LIST_EXALL_400	10552.12	27.13	2572.88	5.29	4.1013	1/bfs-first=3.5254;2/pfs3-first=3.6154;3/bfs-first=3.7101;4/pfs3-first=5.0907;5/bfs-first=3.5645;6/pfs3-first=5.9733;7/bfs-first=3.5331;8/pfs3-first=3.5764	2/8
SEQ_WRITE_8M	43405.38	19.31	41143.50	5.70	1.0550	1/bfs-first=0.9890;2/pfs3-first=0.8822;3/bfs-first=0.9330;4/pfs3-first=1.6131;5/bfs-first=0.9933;6/pfs3-first=1.0571;7/bfs-first=1.0014;8/pfs3-first=1.0060	0/8
SEQ_READ_8M	275902.38	13.82	273654.25	9.88	1.0082	1/bfs-first=0.9402;2/pfs3-first=0.8066;3/bfs-first=1.0116;4/pfs3-first=1.0296;5/bfs-first=1.0596;6/pfs3-first=0.9878;7/bfs-first=1.2960;8/pfs3-first=0.9714	0/8
SMALL_DELETE_40	19912.12	21.06	8727.88	16.43	2.2814	1/bfs-first=2.1863;2/pfs3-first=1.8170;3/bfs-first=2.1470;4/pfs3-first=2.2112;5/bfs-first=2.2198;6/pfs3-first=3.3920;7/bfs-first=2.2045;8/pfs3-first=2.2195	0/8
APPEND_4K_1M	87188.88	19.29	33415.50	4.46	2.6092	1/bfs-first=2.4672;2/pfs3-first=1.9930;3/bfs-first=3.1933;4/pfs3-first=2.4831;5/bfs-first=2.1248;6/pfs3-first=2.7874;7/bfs-first=2.2307;8/pfs3-first=3.7258	0/8
APPEND_1K_256K	70727.62	23.31	24511.88	12.66	2.8854	1/bfs-first=2.6882;2/pfs3-first=2.0080;3/bfs-first=4.3352;4/pfs3-first=2.6262;5/bfs-first=2.6459;6/pfs3-first=2.6054;7/bfs-first=2.5145;8/pfs3-first=4.0111	0/8
APPEND_READ_1280K	43415.38	1.86	45192.00	24.48	0.9607	1/bfs-first=1.0507;2/pfs3-first=0.9985;3/bfs-first=1.0700;4/pfs3-first=1.0765;5/bfs-first=1.0457;6/pfs3-first=1.0483;7/bfs-first=0.6151;8/pfs3-first=1.0441	0/8
LIST_EXNEXT_40_ENTRIES_FIRST_PASS	5997.12	9.06	1719.62	6.73	3.4875	1/bfs-first=3.1402;2/pfs3-first=3.5646;3/bfs-first=3.1667;4/pfs3-first=4.5606;5/bfs-first=3.2963;6/pfs3-first=3.3860;7/bfs-first=3.3333;8/pfs3-first=3.6000	0/8
LIST_EXNEXT_40_ENTRIES_REPEAT10_TOTAL	33943.62	12.87	14287.75	29.38	2.3757	1/bfs-first=3.5930;2/pfs3-first=2.6686;3/bfs-first=2.7316;4/pfs3-first=1.8852;5/bfs-first=2.7203;6/pfs3-first=1.3497;7/bfs-first=2.5823;8/pfs3-first=2.6365	0/8
LIST_EXALL_40_ENTRIES_FIRST_PASS	3712.12	19.93	703.50	41.00	5.2767	1/bfs-first=8.8889;2/pfs3-first=5.2000;3/bfs-first=6.7520;4/pfs3-first=5.2245;5/bfs-first=5.0000;6/pfs3-first=2.1825;7/bfs-first=8.0122;8/pfs3-first=5.6000	6/8
LIST_EXALL_40_ENTRIES_REPEAT10_TOTAL	10309.38	11.39	2895.38	32.09	3.5606	1/bfs-first=4.0500;2/pfs3-first=3.8642;3/bfs-first=4.1278;4/pfs3-first=3.6446;5/bfs-first=3.8232;6/pfs3-first=1.8773;7/bfs-first=4.7674;8/pfs3-first=3.9996	0/8
LIST_EXNEXT_400_ENTRIES_FIRST_PASS	56475.12	17.83	14455.88	25.58	3.9067	1/bfs-first=4.3062;2/pfs3-first=3.7980;3/bfs-first=4.0429;4/pfs3-first=3.8274;5/bfs-first=4.2024;6/pfs3-first=2.2300;7/bfs-first=6.1969;8/pfs3-first=4.0097	1/8
LIST_EXNEXT_400_ENTRIES_REPEAT10_TOTAL	542596.50	4.28	116679.00	4.26	4.6503	1/bfs-first=4.8322;2/pfs3-first=4.5435;3/bfs-first=4.7830;4/pfs3-first=4.1854;5/bfs-first=4.9345;6/pfs3-first=4.5629;7/bfs-first=4.8907;8/pfs3-first=4.5179	0/8
LIST_EXALL_400_ENTRIES_FIRST_PASS	32319.62	8.84	3032.12	9.42	10.6591	1/bfs-first=8.4234;2/pfs3-first=10.7572;3/bfs-first=10.6441;4/pfs3-first=11.2134;5/bfs-first=12.6472;6/pfs3-first=9.7200;7/bfs-first=9.7083;8/pfs3-first=12.9499	8/8
LIST_EXALL_400_ENTRIES_REPEAT10_TOTAL	325917.62	6.80	20607.62	1.80	15.8154	1/bfs-first=16.1466;2/pfs3-first=16.8800;3/bfs-first=17.0651;4/pfs3-first=14.2545;5/bfs-first=17.5110;6/pfs3-first=15.2994;7/bfs-first=14.0660;8/pfs3-first=15.4315	8/8
LIST_EXNEXT_1000_ENTRIES_FIRST_PASS	154527.25	18.85	34655.62	19.26	4.4589	1/bfs-first=5.0788;2/pfs3-first=4.9512;3/bfs-first=4.2122;4/pfs3-first=4.1834;5/bfs-first=4.4681;6/pfs3-first=2.6449;7/bfs-first=7.1067;8/pfs3-first=4.1969	2/8
LIST_EXNEXT_1000_ENTRIES_REPEAT10_TOTAL	1487847.25	6.57	309126.00	9.08	4.8131	1/bfs-first=5.1017;2/pfs3-first=4.7651;3/bfs-first=5.0179;4/pfs3-first=4.7737;5/bfs-first=4.2174;6/pfs3-first=4.0575;7/bfs-first=5.6623;8/pfs3-first=5.1728	4/8
LIST_EXALL_1000_ENTRIES_FIRST_PASS	77671.62	3.58	6775.38	3.93	11.4638	1/bfs-first=12.6569;2/pfs3-first=11.7421;3/bfs-first=11.0762;4/pfs3-first=11.7518;5/bfs-first=10.4362;6/pfs3-first=10.7016;7/bfs-first=11.5600;8/pfs3-first=11.9527	8/8
LIST_EXALL_1000_ENTRIES_REPEAT10_TOTAL	829027.00	9.21	52917.38	9.60	15.6664	1/bfs-first=13.7595;2/pfs3-first=16.2169;3/bfs-first=12.9589;4/pfs3-first=15.7305;5/bfs-first=15.0981;6/pfs3-first=16.4261;7/bfs-first=19.5796;8/pfs3-first=16.4593	8/8

== Paired sparse/M5 timings, family=normal; ratio=sparse/M5
Every same-repeat, same-order pair is included for BFS and PFS3.
phase	filesystem	repeat/order	M5_us	sparse_us	sparse_over_M5
SMALL_CREATE_40	BFS	1/bfs-first	29632	33408	1.1274
SMALL_CREATE_40	BFS	2/pfs3-first	32448	30144	0.9290
SMALL_CREATE_40	BFS	3/bfs-first	29760	32383	1.0881
SMALL_CREATE_40	BFS	4/pfs3-first	37440	31296	0.8359
SMALL_CREATE_40	BFS	5/bfs-first	69631	30847	0.4430
SMALL_CREATE_40	BFS	6/pfs3-first	31030	30784	0.9921
SMALL_CREATE_40	BFS	7/bfs-first	31040	31615	1.0185
SMALL_CREATE_40	BFS	8/pfs3-first	30655	29568	0.9645
SMALL_CREATE_40	PFS3	1/bfs-first	17025	18560	1.0902
SMALL_CREATE_40	PFS3	2/pfs3-first	16383	17855	1.0898
SMALL_CREATE_40	PFS3	3/bfs-first	16320	17343	1.0627
SMALL_CREATE_40	PFS3	4/pfs3-first	15357	16063	1.0460
SMALL_CREATE_40	PFS3	5/bfs-first	16577	17600	1.0617
SMALL_CREATE_40	PFS3	6/pfs3-first	18047	16895	0.9362
SMALL_CREATE_40	PFS3	7/bfs-first	17663	17665	1.0001
SMALL_CREATE_40	PFS3	8/pfs3-first	17920	17600	0.9821
LOOKUP_400	BFS	1/bfs-first	77439	87231	1.1264
LOOKUP_400	BFS	2/pfs3-first	104703	75583	0.7219
LOOKUP_400	BFS	3/bfs-first	79551	76608	0.9630
LOOKUP_400	BFS	4/pfs3-first	121023	79425	0.6563
LOOKUP_400	BFS	5/bfs-first	124928	75391	0.6035
LOOKUP_400	BFS	6/pfs3-first	76736	91520	1.1927
LOOKUP_400	BFS	7/bfs-first	75264	76351	1.0144
LOOKUP_400	BFS	8/pfs3-first	81534	76480	0.9380
LOOKUP_400	PFS3	1/bfs-first	77888	71745	0.9211
LOOKUP_400	PFS3	2/pfs3-first	67263	66048	0.9819
LOOKUP_400	PFS3	3/bfs-first	69246	69057	0.9973
LOOKUP_400	PFS3	4/pfs3-first	67072	67646	1.0086
LOOKUP_400	PFS3	5/bfs-first	88639	67584	0.7625
LOOKUP_400	PFS3	6/pfs3-first	70783	66496	0.9394
LOOKUP_400	PFS3	7/bfs-first	65857	90303	1.3712
LOOKUP_400	PFS3	8/pfs3-first	80831	65600	0.8116
SMALL_READ_40	BFS	1/bfs-first	20863	21888	1.0491
SMALL_READ_40	BFS	2/pfs3-first	37824	19648	0.5195
SMALL_READ_40	BFS	3/bfs-first	18880	22080	1.1695
SMALL_READ_40	BFS	4/pfs3-first	21120	20480	0.9697
SMALL_READ_40	BFS	5/bfs-first	23360	19968	0.8548
SMALL_READ_40	BFS	6/pfs3-first	20353	44031	2.1634
SMALL_READ_40	BFS	7/bfs-first	20353	20032	0.9842
SMALL_READ_40	BFS	8/pfs3-first	33215	19648	0.5915
SMALL_READ_40	PFS3	1/bfs-first	14208	14528	1.0225
SMALL_READ_40	PFS3	2/pfs3-first	14209	14528	1.0225
SMALL_READ_40	PFS3	3/bfs-first	13311	13886	1.0432
SMALL_READ_40	PFS3	4/pfs3-first	12673	14272	1.1262
SMALL_READ_40	PFS3	5/bfs-first	14784	13247	0.8960
SMALL_READ_40	PFS3	6/pfs3-first	13823	14208	1.0279
SMALL_READ_40	PFS3	7/bfs-first	13951	14464	1.0368
SMALL_READ_40	PFS3	8/pfs3-first	14657	14465	0.9869
LIST_EXNEXT_400	BFS	1/bfs-first	31871	31360	0.9840
LIST_EXNEXT_400	BFS	2/pfs3-first	31680	30592	0.9657
LIST_EXNEXT_400	BFS	3/bfs-first	45888	45568	0.9930
LIST_EXNEXT_400	BFS	4/pfs3-first	31680	30975	0.9777
LIST_EXNEXT_400	BFS	5/bfs-first	48704	30783	0.6320
LIST_EXNEXT_400	BFS	6/pfs3-first	31488	42495	1.3496
LIST_EXNEXT_400	BFS	7/bfs-first	30655	31678	1.0334
LIST_EXNEXT_400	BFS	8/pfs3-first	52543	30528	0.5810
LIST_EXNEXT_400	PFS3	1/bfs-first	14015	12415	0.8858
LIST_EXNEXT_400	PFS3	2/pfs3-first	13055	11969	0.9168
LIST_EXNEXT_400	PFS3	3/bfs-first	12160	12415	1.0210
LIST_EXNEXT_400	PFS3	4/pfs3-first	11968	11968	1.0000
LIST_EXNEXT_400	PFS3	5/bfs-first	11969	12096	1.0106
LIST_EXNEXT_400	PFS3	6/pfs3-first	12352	12288	0.9948
LIST_EXNEXT_400	PFS3	7/bfs-first	16128	12415	0.7698
LIST_EXNEXT_400	PFS3	8/pfs3-first	12225	12224	0.9999
LIST_EXALL_400	BFS	1/bfs-first	9023	9025	1.0002
LIST_EXALL_400	BFS	2/pfs3-first	9088	9024	0.9930
LIST_EXALL_400	BFS	3/bfs-first	10240	9023	0.8812
LIST_EXALL_400	BFS	4/pfs3-first	9152	14656	1.6014
LIST_EXALL_400	BFS	5/bfs-first	8960	8897	0.9930
LIST_EXALL_400	BFS	6/pfs3-first	9086	15680	1.7257
LIST_EXALL_400	BFS	7/bfs-first	8960	8960	1.0000
LIST_EXALL_400	BFS	8/pfs3-first	11263	9152	0.8126
LIST_EXALL_400	PFS3	1/bfs-first	2817	2560	0.9088
LIST_EXALL_400	PFS3	2/pfs3-first	2623	2496	0.9516
LIST_EXALL_400	PFS3	3/bfs-first	2496	2432	0.9744
LIST_EXALL_400	PFS3	4/pfs3-first	2432	2879	1.1838
LIST_EXALL_400	PFS3	5/bfs-first	2624	2496	0.9512
LIST_EXALL_400	PFS3	6/pfs3-first	2560	2625	1.0254
LIST_EXALL_400	PFS3	7/bfs-first	4607	2536	0.5505
LIST_EXALL_400	PFS3	8/pfs3-first	2495	2559	1.0257
SEQ_WRITE_8M	BFS	1/bfs-first	39745	40446	1.0176
SEQ_WRITE_8M	BFS	2/pfs3-first	40896	35629	0.8712
SEQ_WRITE_8M	BFS	3/bfs-first	48319	40961	0.8477
SEQ_WRITE_8M	BFS	4/pfs3-first	37247	62976	1.6908
SEQ_WRITE_8M	BFS	5/bfs-first	41985	38143	0.9085
SEQ_WRITE_8M	BFS	6/pfs3-first	58431	41472	0.7098
SEQ_WRITE_8M	BFS	7/bfs-first	40000	44737	1.1184
SEQ_WRITE_8M	BFS	8/pfs3-first	76608	42879	0.5597
SEQ_WRITE_8M	PFS3	1/bfs-first	46591	40895	0.8777
SEQ_WRITE_8M	PFS3	2/pfs3-first	41217	40385	0.9798
SEQ_WRITE_8M	PFS3	3/bfs-first	36159	43901	1.2141
SEQ_WRITE_8M	PFS3	4/pfs3-first	38655	39040	1.0100
SEQ_WRITE_8M	PFS3	5/bfs-first	40704	38400	0.9434
SEQ_WRITE_8M	PFS3	6/pfs3-first	41023	39231	0.9563
SEQ_WRITE_8M	PFS3	7/bfs-first	65665	44673	0.6803
SEQ_WRITE_8M	PFS3	8/pfs3-first	55998	42623	0.7612
SEQ_READ_8M	BFS	1/bfs-first	283710	264575	0.9326
SEQ_READ_8M	BFS	2/pfs3-first	274111	269055	0.9816
SEQ_READ_8M	BFS	3/bfs-first	396284	262335	0.6620
SEQ_READ_8M	BFS	4/pfs3-first	254655	268926	1.0560
SEQ_READ_8M	BFS	5/bfs-first	262398	264125	1.0066
SEQ_READ_8M	BFS	6/pfs3-first	299903	259007	0.8636
SEQ_READ_8M	BFS	7/bfs-first	265470	369086	1.3903
SEQ_READ_8M	BFS	8/pfs3-first	269438	250110	0.9283
SEQ_READ_8M	PFS3	1/bfs-first	261885	281407	1.0745
SEQ_READ_8M	PFS3	2/pfs3-first	284221	333566	1.1736
SEQ_READ_8M	PFS3	3/bfs-first	302207	259326	0.8581
SEQ_READ_8M	PFS3	4/pfs3-first	268478	261183	0.9728
SEQ_READ_8M	PFS3	5/bfs-first	286206	249277	0.8710
SEQ_READ_8M	PFS3	6/pfs3-first	274687	262206	0.9546
SEQ_READ_8M	PFS3	7/bfs-first	273984	284799	1.0395
SEQ_READ_8M	PFS3	8/pfs3-first	319036	257470	0.8070
SMALL_DELETE_40	BFS	1/bfs-first	18047	18048	1.0001
SMALL_DELETE_40	BFS	2/pfs3-first	17408	17792	1.0221
SMALL_DELETE_40	BFS	3/bfs-first	18112	17728	0.9788
SMALL_DELETE_40	BFS	4/pfs3-first	17535	17409	0.9928
SMALL_DELETE_40	BFS	5/bfs-first	17472	17472	1.0000
SMALL_DELETE_40	BFS	6/pfs3-first	20991	27136	1.2927
SMALL_DELETE_40	BFS	7/bfs-first	17280	26240	1.5185
SMALL_DELETE_40	BFS	8/pfs3-first	17983	17472	0.9716
SMALL_DELETE_40	PFS3	1/bfs-first	8065	8255	1.0236
SMALL_DELETE_40	PFS3	2/pfs3-first	7937	9792	1.2337
SMALL_DELETE_40	PFS3	3/bfs-first	8000	8257	1.0321
SMALL_DELETE_40	PFS3	4/pfs3-first	13120	7873	0.6001
SMALL_DELETE_40	PFS3	5/bfs-first	8000	7871	0.9839
SMALL_DELETE_40	PFS3	6/pfs3-first	8192	8000	0.9766
SMALL_DELETE_40	PFS3	7/bfs-first	8703	11903	1.3677
SMALL_DELETE_40	PFS3	8/pfs3-first	8448	7872	0.9318
APPEND_4K_1M	BFS	1/bfs-first	71423	81791	1.1452
APPEND_4K_1M	BFS	2/pfs3-first	79808	72448	0.9078
APPEND_4K_1M	BFS	3/bfs-first	72833	103615	1.4226
APPEND_4K_1M	BFS	4/pfs3-first	77503	79616	1.0273
APPEND_4K_1M	BFS	5/bfs-first	74752	74111	0.9914
APPEND_4K_1M	BFS	6/pfs3-first	86527	92223	1.0658
APPEND_4K_1M	BFS	7/bfs-first	78271	74239	0.9485
APPEND_4K_1M	BFS	8/pfs3-first	72511	119468	1.6476
APPEND_4K_1M	PFS3	1/bfs-first	32768	33151	1.0117
APPEND_4K_1M	PFS3	2/pfs3-first	32895	36352	1.1051
APPEND_4K_1M	PFS3	3/bfs-first	32511	32448	0.9981
APPEND_4K_1M	PFS3	4/pfs3-first	72703	32063	0.4410
APPEND_4K_1M	PFS3	5/bfs-first	36067	34879	0.9671
APPEND_4K_1M	PFS3	6/pfs3-first	35392	33086	0.9348
APPEND_4K_1M	PFS3	7/bfs-first	32768	33280	1.0156
APPEND_4K_1M	PFS3	8/pfs3-first	34815	32065	0.9210
APPEND_1K_256K	BFS	1/bfs-first	62336	64000	1.0267
APPEND_1K_256K	BFS	2/pfs3-first	61313	64384	1.0501
APPEND_1K_256K	BFS	3/bfs-first	60288	101825	1.6890
APPEND_1K_256K	BFS	4/pfs3-first	59648	61183	1.0257
APPEND_1K_256K	BFS	5/bfs-first	62143	59776	0.9619
APPEND_1K_256K	BFS	6/pfs3-first	61567	60863	0.9886
APPEND_1K_256K	BFS	7/bfs-first	60095	61632	1.0256
APPEND_1K_256K	BFS	8/pfs3-first	61310	92158	1.5031
APPEND_1K_256K	PFS3	1/bfs-first	23551	23808	1.0109
APPEND_1K_256K	PFS3	2/pfs3-first	23661	32063	1.3551
APPEND_1K_256K	PFS3	3/bfs-first	23041	23488	1.0194
APPEND_1K_256K	PFS3	4/pfs3-first	39104	23297	0.5958
APPEND_1K_256K	PFS3	5/bfs-first	24193	22592	0.9338
APPEND_1K_256K	PFS3	6/pfs3-first	23296	23360	1.0027
APPEND_1K_256K	PFS3	7/bfs-first	27902	24511	0.8785
APPEND_1K_256K	PFS3	8/pfs3-first	25857	22976	0.8886
APPEND_READ_1280K	BFS	1/bfs-first	41580	43648	1.0497
APPEND_READ_1280K	BFS	2/pfs3-first	43839	42815	0.9766
APPEND_READ_1280K	BFS	3/bfs-first	43776	44031	1.0058
APPEND_READ_1280K	BFS	4/pfs3-first	42688	44159	1.0345
APPEND_READ_1280K	BFS	5/bfs-first	48833	42497	0.8703
APPEND_READ_1280K	BFS	6/pfs3-first	42623	43071	1.0105
APPEND_READ_1280K	BFS	7/bfs-first	42815	44606	1.0418
APPEND_READ_1280K	BFS	8/pfs3-first	42944	42496	0.9896
APPEND_READ_1280K	PFS3	1/bfs-first	41024	41540	1.0126
APPEND_READ_1280K	PFS3	2/pfs3-first	41536	42879	1.0323
APPEND_READ_1280K	PFS3	3/bfs-first	40447	41151	1.0174
APPEND_READ_1280K	PFS3	4/pfs3-first	40640	41022	1.0094
APPEND_READ_1280K	PFS3	5/bfs-first	57920	40640	0.7017
APPEND_READ_1280K	PFS3	6/pfs3-first	41471	41088	0.9908
APPEND_READ_1280K	PFS3	7/bfs-first	40128	72513	1.8070
APPEND_READ_1280K	PFS3	8/pfs3-first	41794	40703	0.9739
LIST_EXNEXT_40_ENTRIES_FIRST_PASS	BFS	1/bfs-first	6592	5825	0.8836
LIST_EXNEXT_40_ENTRIES_FIRST_PASS	BFS	2/pfs3-first	6335	5928	0.9358
LIST_EXNEXT_40_ENTRIES_FIRST_PASS	BFS	3/bfs-first	5952	6080	1.0215
LIST_EXNEXT_40_ENTRIES_FIRST_PASS	BFS	4/pfs3-first	6337	7297	1.1515
LIST_EXNEXT_40_ENTRIES_FIRST_PASS	BFS	5/bfs-first	7105	5696	0.8017
LIST_EXNEXT_40_ENTRIES_FIRST_PASS	BFS	6/pfs3-first	6528	5631	0.8626
LIST_EXNEXT_40_ENTRIES_FIRST_PASS	BFS	7/bfs-first	6400	5760	0.9000
LIST_EXNEXT_40_ENTRIES_FIRST_PASS	BFS	8/pfs3-first	6759	5760	0.8522
LIST_EXNEXT_40_ENTRIES_FIRST_PASS	PFS3	1/bfs-first	2175	1855	0.8529
LIST_EXNEXT_40_ENTRIES_FIRST_PASS	PFS3	2/pfs3-first	1727	1663	0.9629
LIST_EXNEXT_40_ENTRIES_FIRST_PASS	PFS3	3/bfs-first	1536	1920	1.2500
LIST_EXNEXT_40_ENTRIES_FIRST_PASS	PFS3	4/pfs3-first	1537	1600	1.0410
LIST_EXNEXT_40_ENTRIES_FIRST_PASS	PFS3	5/bfs-first	1985	1728	0.8705
LIST_EXNEXT_40_ENTRIES_FIRST_PASS	PFS3	6/pfs3-first	2496	1663	0.6663
LIST_EXNEXT_40_ENTRIES_FIRST_PASS	PFS3	7/bfs-first	1728	1728	1.0000
LIST_EXNEXT_40_ENTRIES_FIRST_PASS	PFS3	8/pfs3-first	1665	1600	0.9610
LIST_EXNEXT_40_ENTRIES_REPEAT10_TOTAL	BFS	1/bfs-first	35074	44607	1.2718
LIST_EXNEXT_40_ENTRIES_REPEAT10_TOTAL	BFS	2/pfs3-first	31488	32450	1.0306
LIST_EXNEXT_40_ENTRIES_REPEAT10_TOTAL	BFS	3/bfs-first	33983	33216	0.9774
LIST_EXNEXT_40_ENTRIES_REPEAT10_TOTAL	BFS	4/pfs3-first	31999	33663	1.0520
LIST_EXNEXT_40_ENTRIES_REPEAT10_TOTAL	BFS	5/bfs-first	35520	32383	0.9117
LIST_EXNEXT_40_ENTRIES_REPEAT10_TOTAL	BFS	6/pfs3-first	31615	31615	1.0000
LIST_EXNEXT_40_ENTRIES_REPEAT10_TOTAL	BFS	7/bfs-first	31488	32064	1.0183
LIST_EXNEXT_40_ENTRIES_REPEAT10_TOTAL	BFS	8/pfs3-first	32257	31551	0.9781
LIST_EXNEXT_40_ENTRIES_REPEAT10_TOTAL	PFS3	1/bfs-first	12160	12415	1.0210
LIST_EXNEXT_40_ENTRIES_REPEAT10_TOTAL	PFS3	2/pfs3-first	12031	12160	1.0107
LIST_EXNEXT_40_ENTRIES_REPEAT10_TOTAL	PFS3	3/bfs-first	12224	12160	0.9948
LIST_EXNEXT_40_ENTRIES_REPEAT10_TOTAL	PFS3	4/pfs3-first	12032	17856	1.4840
LIST_EXNEXT_40_ENTRIES_REPEAT10_TOTAL	PFS3	5/bfs-first	12353	11904	0.9637
LIST_EXNEXT_40_ENTRIES_REPEAT10_TOTAL	PFS3	6/pfs3-first	14080	23423	1.6636
LIST_EXNEXT_40_ENTRIES_REPEAT10_TOTAL	PFS3	7/bfs-first	12225	12417	1.0157
LIST_EXNEXT_40_ENTRIES_REPEAT10_TOTAL	PFS3	8/pfs3-first	12480	11967	0.9589
LIST_EXALL_40_ENTRIES_FIRST_PASS	BFS	1/bfs-first	4097	5120	1.2497
LIST_EXALL_40_ENTRIES_FIRST_PASS	BFS	2/pfs3-first	3905	3328	0.8522
LIST_EXALL_40_ENTRIES_FIRST_PASS	BFS	3/bfs-first	5017	3457	0.6891
LIST_EXALL_40_ENTRIES_FIRST_PASS	BFS	4/pfs3-first	4160	3328	0.8000
LIST_EXALL_40_ENTRIES_FIRST_PASS	BFS	5/bfs-first	6400	3200	0.5000
LIST_EXALL_40_ENTRIES_FIRST_PASS	BFS	6/pfs3-first	3840	3073	0.8003
LIST_EXALL_40_ENTRIES_FIRST_PASS	BFS	7/bfs-first	3713	4607	1.2408
LIST_EXALL_40_ENTRIES_FIRST_PASS	BFS	8/pfs3-first	3648	3584	0.9825
LIST_EXALL_40_ENTRIES_FIRST_PASS	PFS3	1/bfs-first	576	576	1.0000
LIST_EXALL_40_ENTRIES_FIRST_PASS	PFS3	2/pfs3-first	577	640	1.1092
LIST_EXALL_40_ENTRIES_FIRST_PASS	PFS3	3/bfs-first	577	512	0.8873
LIST_EXALL_40_ENTRIES_FIRST_PASS	PFS3	4/pfs3-first	575	637	1.1078
LIST_EXALL_40_ENTRIES_FIRST_PASS	PFS3	5/bfs-first	575	640	1.1130
LIST_EXALL_40_ENTRIES_FIRST_PASS	PFS3	6/pfs3-first	512	1408	2.7500
LIST_EXALL_40_ENTRIES_FIRST_PASS	PFS3	7/bfs-first	576	575	0.9983
LIST_EXALL_40_ENTRIES_FIRST_PASS	PFS3	8/pfs3-first	641	640	0.9984
LIST_EXALL_40_ENTRIES_REPEAT10_TOTAL	BFS	1/bfs-first	9728	10368	1.0658
LIST_EXALL_40_ENTRIES_REPEAT10_TOTAL	BFS	2/pfs3-first	9792	9645	0.9850
LIST_EXALL_40_ENTRIES_REPEAT10_TOTAL	BFS	3/bfs-first	12780	10303	0.8062
LIST_EXALL_40_ENTRIES_REPEAT10_TOTAL	BFS	4/pfs3-first	9645	9793	1.0153
LIST_EXALL_40_ENTRIES_REPEAT10_TOTAL	BFS	5/bfs-first	12480	9535	0.7640
LIST_EXALL_40_ENTRIES_REPEAT10_TOTAL	BFS	6/pfs3-first	9473	9728	1.0269
LIST_EXALL_40_ENTRIES_REPEAT10_TOTAL	BFS	7/bfs-first	9407	13120	1.3947
LIST_EXALL_40_ENTRIES_REPEAT10_TOTAL	BFS	8/pfs3-first	9791	9983	1.0196
LIST_EXALL_40_ENTRIES_REPEAT10_TOTAL	PFS3	1/bfs-first	2496	2560	1.0256
LIST_EXALL_40_ENTRIES_REPEAT10_TOTAL	PFS3	2/pfs3-first	2558	2496	0.9758
LIST_EXALL_40_ENTRIES_REPEAT10_TOTAL	PFS3	3/bfs-first	2495	2496	1.0004
LIST_EXALL_40_ENTRIES_REPEAT10_TOTAL	PFS3	4/pfs3-first	2497	2687	1.0761
LIST_EXALL_40_ENTRIES_REPEAT10_TOTAL	PFS3	5/bfs-first	2560	2494	0.9742
LIST_EXALL_40_ENTRIES_REPEAT10_TOTAL	PFS3	6/pfs3-first	2560	5182	2.0242
LIST_EXALL_40_ENTRIES_REPEAT10_TOTAL	PFS3	7/bfs-first	2560	2752	1.0750
LIST_EXALL_40_ENTRIES_REPEAT10_TOTAL	PFS3	8/pfs3-first	2560	2496	0.9750
LIST_EXNEXT_400_ENTRIES_FIRST_PASS	BFS	1/bfs-first	57663	56768	0.9845
LIST_EXNEXT_400_ENTRIES_FIRST_PASS	BFS	2/pfs3-first	70144	48128	0.6861
LIST_EXNEXT_400_ENTRIES_FIRST_PASS	BFS	3/bfs-first	82879	54337	0.6556
LIST_EXNEXT_400_ENTRIES_FIRST_PASS	BFS	4/pfs3-first	56320	55360	0.9830
LIST_EXNEXT_400_ENTRIES_FIRST_PASS	BFS	5/bfs-first	62465	53248	0.8524
LIST_EXNEXT_400_ENTRIES_FIRST_PASS	BFS	6/pfs3-first	57023	52378	0.9185
LIST_EXNEXT_400_ENTRIES_FIRST_PASS	BFS	7/bfs-first	57596	80510	1.3978
LIST_EXNEXT_400_ENTRIES_FIRST_PASS	BFS	8/pfs3-first	57215	51072	0.8926
LIST_EXNEXT_400_ENTRIES_FIRST_PASS	PFS3	1/bfs-first	18366	13183	0.7178
LIST_EXNEXT_400_ENTRIES_FIRST_PASS	PFS3	2/pfs3-first	12097	12672	1.0475
LIST_EXNEXT_400_ENTRIES_FIRST_PASS	PFS3	3/bfs-first	12608	13440	1.0660
LIST_EXNEXT_400_ENTRIES_FIRST_PASS	PFS3	4/pfs3-first	12672	14464	1.1414
LIST_EXNEXT_400_ENTRIES_FIRST_PASS	PFS3	5/bfs-first	14463	12671	0.8761
LIST_EXNEXT_400_ENTRIES_FIRST_PASS	PFS3	6/pfs3-first	21183	23488	1.1088
LIST_EXNEXT_400_ENTRIES_FIRST_PASS	PFS3	7/bfs-first	12800	12992	1.0150
LIST_EXNEXT_400_ENTRIES_FIRST_PASS	PFS3	8/pfs3-first	13440	12737	0.9477
LIST_EXNEXT_400_ENTRIES_REPEAT10_TOTAL	BFS	1/bfs-first	892092	550780	0.6174
LIST_EXNEXT_400_ENTRIES_REPEAT10_TOTAL	BFS	2/pfs3-first	562300	512062	0.9107
LIST_EXNEXT_400_ENTRIES_REPEAT10_TOTAL	BFS	3/bfs-first	637565	551610	0.8652
LIST_EXNEXT_400_ENTRIES_REPEAT10_TOTAL	BFS	4/pfs3-first	619453	524477	0.8467
LIST_EXNEXT_400_ENTRIES_REPEAT10_TOTAL	BFS	5/bfs-first	753916	559612	0.7423
LIST_EXNEXT_400_ENTRIES_REPEAT10_TOTAL	BFS	6/pfs3-first	742716	564476	0.7600
LIST_EXNEXT_400_ENTRIES_REPEAT10_TOTAL	BFS	7/bfs-first	557949	566846	1.0159
LIST_EXNEXT_400_ENTRIES_REPEAT10_TOTAL	BFS	8/pfs3-first	691517	510909	0.7388
LIST_EXNEXT_400_ENTRIES_REPEAT10_TOTAL	PFS3	1/bfs-first	148864	113982	0.7657
LIST_EXNEXT_400_ENTRIES_REPEAT10_TOTAL	PFS3	2/pfs3-first	112127	112703	1.0051
LIST_EXNEXT_400_ENTRIES_REPEAT10_TOTAL	PFS3	3/bfs-first	116031	115328	0.9939
LIST_EXNEXT_400_ENTRIES_REPEAT10_TOTAL	PFS3	4/pfs3-first	112062	125311	1.1182
LIST_EXNEXT_400_ENTRIES_REPEAT10_TOTAL	PFS3	5/bfs-first	120703	113408	0.9396
LIST_EXNEXT_400_ENTRIES_REPEAT10_TOTAL	PFS3	6/pfs3-first	166462	123711	0.7432
LIST_EXNEXT_400_ENTRIES_REPEAT10_TOTAL	PFS3	7/bfs-first	113982	115903	1.0169
LIST_EXNEXT_400_ENTRIES_REPEAT10_TOTAL	PFS3	8/pfs3-first	114686	113086	0.9860
LIST_EXALL_400_ENTRIES_FIRST_PASS	BFS	1/bfs-first	38592	30720	0.7960
LIST_EXALL_400_ENTRIES_FIRST_PASS	BFS	2/pfs3-first	34879	31680	0.9083
LIST_EXALL_400_ENTRIES_FIRST_PASS	BFS	3/bfs-first	35071	30655	0.8741
LIST_EXALL_400_ENTRIES_FIRST_PASS	BFS	4/pfs3-first	36288	30848	0.8501
LIST_EXALL_400_ENTRIES_FIRST_PASS	BFS	5/bfs-first	40319	37246	0.9238
LIST_EXALL_400_ENTRIES_FIRST_PASS	BFS	6/pfs3-first	36800	31104	0.8452
LIST_EXALL_400_ENTRIES_FIRST_PASS	BFS	7/bfs-first	36991	29824	0.8063
LIST_EXALL_400_ENTRIES_FIRST_PASS	BFS	8/pfs3-first	36351	36480	1.0035
LIST_EXALL_400_ENTRIES_FIRST_PASS	PFS3	1/bfs-first	3008	3647	1.2124
LIST_EXALL_400_ENTRIES_FIRST_PASS	PFS3	2/pfs3-first	3200	2945	0.9203
LIST_EXALL_400_ENTRIES_FIRST_PASS	PFS3	3/bfs-first	3265	2880	0.8821
LIST_EXALL_400_ENTRIES_FIRST_PASS	PFS3	4/pfs3-first	2877	2751	0.9562
LIST_EXALL_400_ENTRIES_FIRST_PASS	PFS3	5/bfs-first	3520	2945	0.8366
LIST_EXALL_400_ENTRIES_FIRST_PASS	PFS3	6/pfs3-first	3073	3200	1.0413
LIST_EXALL_400_ENTRIES_FIRST_PASS	PFS3	7/bfs-first	2880	3072	1.0667
LIST_EXALL_400_ENTRIES_FIRST_PASS	PFS3	8/pfs3-first	2815	2817	1.0007
LIST_EXALL_400_ENTRIES_REPEAT10_TOTAL	BFS	1/bfs-first	379518	332732	0.8767
LIST_EXALL_400_ENTRIES_REPEAT10_TOTAL	BFS	2/pfs3-first	340287	342461	1.0064
LIST_EXALL_400_ENTRIES_REPEAT10_TOTAL	BFS	3/bfs-first	340031	351678	1.0343
LIST_EXALL_400_ENTRIES_REPEAT10_TOTAL	BFS	4/pfs3-first	390207	298303	0.7645
LIST_EXALL_400_ENTRIES_REPEAT10_TOTAL	BFS	5/bfs-first	345598	353021	1.0215
LIST_EXALL_400_ENTRIES_REPEAT10_TOTAL	BFS	6/pfs3-first	455613	311358	0.6834
LIST_EXALL_400_ENTRIES_REPEAT10_TOTAL	BFS	7/bfs-first	360446	299775	0.8317
LIST_EXALL_400_ENTRIES_REPEAT10_TOTAL	BFS	8/pfs3-first	416958	318013	0.7627
LIST_EXALL_400_ENTRIES_REPEAT10_TOTAL	PFS3	1/bfs-first	22591	20607	0.9122
LIST_EXALL_400_ENTRIES_REPEAT10_TOTAL	PFS3	2/pfs3-first	20417	20288	0.9937
LIST_EXALL_400_ENTRIES_REPEAT10_TOTAL	PFS3	3/bfs-first	20800	20608	0.9908
LIST_EXALL_400_ENTRIES_REPEAT10_TOTAL	PFS3	4/pfs3-first	20352	20927	1.0283
LIST_EXALL_400_ENTRIES_REPEAT10_TOTAL	PFS3	5/bfs-first	22078	20160	0.9131
LIST_EXALL_400_ENTRIES_REPEAT10_TOTAL	PFS3	6/pfs3-first	20736	20351	0.9814
LIST_EXALL_400_ENTRIES_REPEAT10_TOTAL	PFS3	7/bfs-first	20735	21312	1.0278
LIST_EXALL_400_ENTRIES_REPEAT10_TOTAL	PFS3	8/pfs3-first	20671	20608	0.9970
LIST_EXNEXT_1000_ENTRIES_FIRST_PASS	BFS	1/bfs-first	143423	161215	1.1241
LIST_EXNEXT_1000_ENTRIES_FIRST_PASS	BFS	2/pfs3-first	146816	155904	1.0619
LIST_EXNEXT_1000_ENTRIES_FIRST_PASS	BFS	3/bfs-first	146176	135869	0.9295
LIST_EXNEXT_1000_ENTRIES_FIRST_PASS	BFS	4/pfs3-first	194879	142976	0.7337
LIST_EXNEXT_1000_ENTRIES_FIRST_PASS	BFS	5/bfs-first	140801	147840	1.0500
LIST_EXNEXT_1000_ENTRIES_FIRST_PASS	BFS	6/pfs3-first	180096	134912	0.7491
LIST_EXNEXT_1000_ENTRIES_FIRST_PASS	BFS	7/bfs-first	149568	222398	1.4869
LIST_EXNEXT_1000_ENTRIES_FIRST_PASS	BFS	8/pfs3-first	181182	135104	0.7457
LIST_EXNEXT_1000_ENTRIES_FIRST_PASS	PFS3	1/bfs-first	34943	31743	0.9084
LIST_EXNEXT_1000_ENTRIES_FIRST_PASS	PFS3	2/pfs3-first	33024	31488	0.9535
LIST_EXNEXT_1000_ENTRIES_FIRST_PASS	PFS3	3/bfs-first	31680	32256	1.0182
LIST_EXNEXT_1000_ENTRIES_FIRST_PASS	PFS3	4/pfs3-first	30591	34177	1.1172
LIST_EXNEXT_1000_ENTRIES_FIRST_PASS	PFS3	5/bfs-first	39320	33088	0.8415
LIST_EXNEXT_1000_ENTRIES_FIRST_PASS	PFS3	6/pfs3-first	33216	51008	1.5356
LIST_EXNEXT_1000_ENTRIES_FIRST_PASS	PFS3	7/bfs-first	31679	31294	0.9878
LIST_EXNEXT_1000_ENTRIES_FIRST_PASS	PFS3	8/pfs3-first	32897	32191	0.9785
LIST_EXNEXT_1000_ENTRIES_REPEAT10_TOTAL	BFS	1/bfs-first	1623415	1579320	0.9728
LIST_EXNEXT_1000_ENTRIES_REPEAT10_TOTAL	BFS	2/pfs3-first	1488311	1367160	0.9186
LIST_EXNEXT_1000_ENTRIES_REPEAT10_TOTAL	BFS	3/bfs-first	1472504	1434232	0.9740
LIST_EXNEXT_1000_ENTRIES_REPEAT10_TOTAL	BFS	4/pfs3-first	1666551	1575224	0.9452
LIST_EXNEXT_1000_ENTRIES_REPEAT10_TOTAL	BFS	5/bfs-first	1435128	1415160	0.9861
LIST_EXNEXT_1000_ENTRIES_REPEAT10_TOTAL	BFS	6/pfs3-first	1736310	1441204	0.8300
LIST_EXNEXT_1000_ENTRIES_REPEAT10_TOTAL	BFS	7/bfs-first	1483383	1643767	1.1081
LIST_EXNEXT_1000_ENTRIES_REPEAT10_TOTAL	BFS	8/pfs3-first	1648695	1446711	0.8775
LIST_EXNEXT_1000_ENTRIES_REPEAT10_TOTAL	PFS3	1/bfs-first	334718	309567	0.9249
LIST_EXNEXT_1000_ENTRIES_REPEAT10_TOTAL	PFS3	2/pfs3-first	281708	286911	1.0185
LIST_EXNEXT_1000_ENTRIES_REPEAT10_TOTAL	PFS3	3/bfs-first	289727	285823	0.9865
LIST_EXNEXT_1000_ENTRIES_REPEAT10_TOTAL	PFS3	4/pfs3-first	280639	329982	1.1758
LIST_EXNEXT_1000_ENTRIES_REPEAT10_TOTAL	PFS3	5/bfs-first	303294	335550	1.1064
LIST_EXNEXT_1000_ENTRIES_REPEAT10_TOTAL	PFS3	6/pfs3-first	314750	355196	1.1285
LIST_EXNEXT_1000_ENTRIES_REPEAT10_TOTAL	PFS3	7/bfs-first	282878	290301	1.0262
LIST_EXNEXT_1000_ENTRIES_REPEAT10_TOTAL	PFS3	8/pfs3-first	287487	279678	0.9728
LIST_EXALL_1000_ENTRIES_FIRST_PASS	BFS	1/bfs-first	88703	82624	0.9315
LIST_EXALL_1000_ENTRIES_FIRST_PASS	BFS	2/pfs3-first	87130	78144	0.8969
LIST_EXALL_1000_ENTRIES_FIRST_PASS	BFS	3/bfs-first	87040	74432	0.8551
LIST_EXALL_1000_ENTRIES_FIRST_PASS	BFS	4/pfs3-first	87743	78208	0.8913
LIST_EXALL_1000_ENTRIES_FIRST_PASS	BFS	5/bfs-first	90688	73471	0.8102
LIST_EXALL_1000_ENTRIES_FIRST_PASS	BFS	6/pfs3-first	91200	78079	0.8561
LIST_EXALL_1000_ENTRIES_FIRST_PASS	BFS	7/bfs-first	88192	78400	0.8890
LIST_EXALL_1000_ENTRIES_FIRST_PASS	BFS	8/pfs3-first	90048	78015	0.8664
LIST_EXALL_1000_ENTRIES_FIRST_PASS	PFS3	1/bfs-first	6847	6528	0.9534
LIST_EXALL_1000_ENTRIES_FIRST_PASS	PFS3	2/pfs3-first	6655	6655	1.0000
LIST_EXALL_1000_ENTRIES_FIRST_PASS	PFS3	3/bfs-first	6337	6720	1.0604
LIST_EXALL_1000_ENTRIES_FIRST_PASS	PFS3	4/pfs3-first	6335	6655	1.0505
LIST_EXALL_1000_ENTRIES_FIRST_PASS	PFS3	5/bfs-first	6784	7040	1.0377
LIST_EXALL_1000_ENTRIES_FIRST_PASS	PFS3	6/pfs3-first	6849	7296	1.0653
LIST_EXALL_1000_ENTRIES_FIRST_PASS	PFS3	7/bfs-first	6655	6782	1.0191
LIST_EXALL_1000_ENTRIES_FIRST_PASS	PFS3	8/pfs3-first	6785	6527	0.9620
LIST_EXALL_1000_ENTRIES_REPEAT10_TOTAL	BFS	1/bfs-first	886651	876218	0.9882
LIST_EXALL_1000_ENTRIES_REPEAT10_TOTAL	BFS	2/pfs3-first	876090	809531	0.9240
LIST_EXALL_1000_ENTRIES_REPEAT10_TOTAL	BFS	3/bfs-first	858684	748092	0.8712
LIST_EXALL_1000_ENTRIES_REPEAT10_TOTAL	BFS	4/pfs3-first	952826	806395	0.8463
LIST_EXALL_1000_ENTRIES_REPEAT10_TOTAL	BFS	5/bfs-first	1057274	757564	0.7165
LIST_EXALL_1000_ENTRIES_REPEAT10_TOTAL	BFS	6/pfs3-first	931433	820732	0.8811
LIST_EXALL_1000_ENTRIES_REPEAT10_TOTAL	BFS	7/bfs-first	923131	989946	1.0724
LIST_EXALL_1000_ENTRIES_REPEAT10_TOTAL	BFS	8/pfs3-first	1099385	823738	0.7493
LIST_EXALL_1000_ENTRIES_REPEAT10_TOTAL	PFS3	1/bfs-first	51648	63681	1.2330
LIST_EXALL_1000_ENTRIES_REPEAT10_TOTAL	PFS3	2/pfs3-first	65728	49919	0.7595
LIST_EXALL_1000_ENTRIES_REPEAT10_TOTAL	PFS3	3/bfs-first	51072	57728	1.1303
LIST_EXALL_1000_ENTRIES_REPEAT10_TOTAL	PFS3	4/pfs3-first	52096	51263	0.9840
LIST_EXALL_1000_ENTRIES_REPEAT10_TOTAL	PFS3	5/bfs-first	58304	50176	0.8606
LIST_EXALL_1000_ENTRIES_REPEAT10_TOTAL	PFS3	6/pfs3-first	51391	49965	0.9723
LIST_EXALL_1000_ENTRIES_REPEAT10_TOTAL	PFS3	7/bfs-first	49856	50560	1.0141
LIST_EXALL_1000_ENTRIES_REPEAT10_TOTAL	PFS3	8/pfs3-first	51006	50047	0.9812

Paired sparse/M5 aggregate across all repeats.
phase	filesystem	sparse_over_M5_min	sparse_over_M5_median	sparse_over_M5_max	sparse_slower_pairs
SMALL_CREATE_40	BFS	0.4430	0.9783	1.1274	3/8
SMALL_CREATE_40	PFS3	0.9362	1.0538	1.0902	6/8
LOOKUP_400	BFS	0.6035	0.9505	1.1927	3/8
LOOKUP_400	PFS3	0.7625	0.9607	1.3712	2/8
SMALL_READ_40	BFS	0.5195	0.9770	2.1634	3/8
SMALL_READ_40	PFS3	0.8960	1.0252	1.1262	6/8
LIST_EXNEXT_400	BFS	0.5810	0.9809	1.3496	2/8
LIST_EXNEXT_400	PFS3	0.7698	0.9974	1.0210	2/8
LIST_EXALL_400	BFS	0.8126	0.9965	1.7257	3/8
LIST_EXALL_400	PFS3	0.5505	0.9630	1.1838	3/8
SEQ_WRITE_8M	BFS	0.5597	0.8899	1.6908	3/8
SEQ_WRITE_8M	PFS3	0.6803	0.9499	1.2141	2/8
SEQ_READ_8M	BFS	0.6620	0.9571	1.3903	3/8
SEQ_READ_8M	PFS3	0.8070	0.9637	1.1736	3/8
SMALL_DELETE_40	BFS	0.9716	1.0000	1.5185	4/8
SMALL_DELETE_40	PFS3	0.6001	1.0037	1.3677	4/8
APPEND_4K_1M	BFS	0.9078	1.0465	1.6476	5/8
APPEND_4K_1M	PFS3	0.4410	0.9826	1.1051	3/8
APPEND_1K_256K	BFS	0.9619	1.0262	1.6890	6/8
APPEND_1K_256K	PFS3	0.5958	0.9683	1.3551	4/8
APPEND_READ_1280K	BFS	0.8703	1.0082	1.0497	5/8
APPEND_READ_1280K	PFS3	0.7017	1.0110	1.8070	5/8
LIST_EXNEXT_40_ENTRIES_FIRST_PASS	BFS	0.8017	0.8918	1.1515	2/8
LIST_EXNEXT_40_ENTRIES_FIRST_PASS	PFS3	0.6663	0.9620	1.2500	2/8
LIST_EXNEXT_40_ENTRIES_REPEAT10_TOTAL	BFS	0.9117	1.0091	1.2718	4/8
LIST_EXNEXT_40_ENTRIES_REPEAT10_TOTAL	PFS3	0.9589	1.0132	1.6636	5/8
LIST_EXALL_40_ENTRIES_FIRST_PASS	BFS	0.5000	0.8263	1.2497	2/8
LIST_EXALL_40_ENTRIES_FIRST_PASS	PFS3	0.8873	1.0539	2.7500	4/8
LIST_EXALL_40_ENTRIES_REPEAT10_TOTAL	BFS	0.7640	1.0175	1.3947	5/8
LIST_EXALL_40_ENTRIES_REPEAT10_TOTAL	PFS3	0.9742	1.0130	2.0242	5/8
LIST_EXNEXT_400_ENTRIES_FIRST_PASS	BFS	0.6556	0.9056	1.3978	1/8
LIST_EXNEXT_400_ENTRIES_FIRST_PASS	PFS3	0.7178	1.0313	1.1414	5/8
LIST_EXNEXT_400_ENTRIES_REPEAT10_TOTAL	BFS	0.6174	0.8033	1.0159	1/8
LIST_EXNEXT_400_ENTRIES_REPEAT10_TOTAL	PFS3	0.7432	0.9900	1.1182	3/8
LIST_EXALL_400_ENTRIES_FIRST_PASS	BFS	0.7960	0.8621	1.0035	1/8
LIST_EXALL_400_ENTRIES_FIRST_PASS	PFS3	0.8366	0.9785	1.2124	4/8
LIST_EXALL_400_ENTRIES_REPEAT10_TOTAL	BFS	0.6834	0.8542	1.0343	3/8
LIST_EXALL_400_ENTRIES_REPEAT10_TOTAL	PFS3	0.9122	0.9922	1.0283	2/8
LIST_EXNEXT_1000_ENTRIES_FIRST_PASS	BFS	0.7337	0.9897	1.4869	4/8
LIST_EXNEXT_1000_ENTRIES_FIRST_PASS	PFS3	0.8415	0.9832	1.5356	3/8
LIST_EXNEXT_1000_ENTRIES_REPEAT10_TOTAL	BFS	0.8300	0.9590	1.1081	1/8
LIST_EXNEXT_1000_ENTRIES_REPEAT10_TOTAL	PFS3	0.9249	1.0224	1.1758	5/8
LIST_EXALL_1000_ENTRIES_FIRST_PASS	BFS	0.8102	0.8777	0.9315	0/8
LIST_EXALL_1000_ENTRIES_FIRST_PASS	PFS3	0.9534	1.0284	1.0653	5/8
LIST_EXALL_1000_ENTRIES_REPEAT10_TOTAL	BFS	0.7165	0.8762	1.0724	1/8
LIST_EXALL_1000_ENTRIES_REPEAT10_TOTAL	PFS3	0.7595	0.9826	1.2330	3/8

== Durable durable-compare, variant=m5 (8 required runs; all phases and controls; no filtering)
phase	BFS_mean_us	BFS_CV_pct	PFS3_mean_us	PFS3_CV_pct	BFS_over_PFS3_mean	individual_BFS_over_PFS3_by_repeat_order	individual_ratios_over_5x
SMALL_CREATE_40	37256.25	27.04	18638.75	8.87	1.9989	1/bfs-first=1.8259;2/pfs3-first=3.2747;3/bfs-first=1.9346;4/pfs3-first=1.4311;5/bfs-first=1.9071;6/pfs3-first=1.7991;7/bfs-first=2.0299;8/pfs3-first=1.8658	0/8
LOOKUP_400	81319.25	10.08	75751.25	21.31	1.0735	1/bfs-first=1.1156;2/pfs3-first=1.0835;3/bfs-first=1.1412;4/pfs3-first=0.8326;5/bfs-first=1.1176;6/pfs3-first=1.1626;7/bfs-first=1.1497;8/pfs3-first=1.1376	0/8
SMALL_READ_40	21944.00	14.04	15760.00	11.42	1.3924	1/bfs-first=1.2267;2/pfs3-first=1.2997;3/bfs-first=1.3071;4/pfs3-first=1.0649;5/bfs-first=1.3820;6/pfs3-first=2.0181;7/bfs-first=1.4436;8/pfs3-first=1.5490	0/8
LIST_EXNEXT_400	39983.50	27.08	12775.62	11.03	3.1297	1/bfs-first=2.8014;2/pfs3-first=2.6343;3/bfs-first=2.5735;4/pfs3-first=2.7593;5/bfs-first=2.6669;6/pfs3-first=3.7961;7/bfs-first=3.7566;8/pfs3-first=3.8300	0/8
LIST_EXALL_400	12328.00	38.43	2580.25	5.74	4.7778	1/bfs-first=3.1330;2/pfs3-first=3.8190;3/bfs-first=3.4123;4/pfs3-first=4.7545;5/bfs-first=6.3056;6/pfs3-first=3.8446;7/bfs-first=4.3590;8/pfs3-first=8.8750	2/8
SEQ_WRITE_8M	55663.62	30.46	45018.88	12.45	1.2365	1/bfs-first=0.9939;2/pfs3-first=1.0484;3/bfs-first=0.7458;4/pfs3-first=1.6881;5/bfs-first=1.5663;6/pfs3-first=1.0539;7/bfs-first=1.0911;8/pfs3-first=1.7963	0/8
SEQ_READ_8M	292182.50	9.64	281038.38	10.12	1.0397	1/bfs-first=1.0032;2/pfs3-first=1.1333;3/bfs-first=0.8078;4/pfs3-first=0.9123;5/bfs-first=1.0637;6/pfs3-first=1.3401;7/bfs-first=1.1252;8/pfs3-first=1.0190	0/8
SMALL_DELETE_40	20904.12	3.91	9299.88	5.07	2.2478	1/bfs-first=2.3022;2/pfs3-first=2.3956;3/bfs-first=2.2268;4/pfs3-first=2.1408;5/bfs-first=2.2485;6/pfs3-first=2.3119;7/bfs-first=1.9626;8/pfs3-first=2.4382	0/8
APPEND_4K_1M	78703.88	4.23	35653.75	6.06	2.2075	1/bfs-first=1.9333;2/pfs3-first=2.2200;3/bfs-first=2.5222;4/pfs3-first=2.3338;5/bfs-first=2.3101;6/pfs3-first=2.1616;7/bfs-first=1.9900;8/pfs3-first=2.2601	0/8
APPEND_1K_256K	69619.88	16.03	25447.75	7.89	2.7358	1/bfs-first=2.5500;2/pfs3-first=2.5333;3/bfs-first=3.2337;4/pfs3-first=2.5013;5/bfs-first=2.6764;6/pfs3-first=2.6569;7/bfs-first=2.1353;8/pfs3-first=3.7226	0/8
APPEND_READ_1280K	44623.75	4.08	43060.75	9.11	1.0363	1/bfs-first=1.1101;2/pfs3-first=1.0631;3/bfs-first=1.0998;4/pfs3-first=0.8134;5/bfs-first=1.0267;6/pfs3-first=1.0718;7/bfs-first=0.9971;8/pfs3-first=1.1719	0/8
LIST_EXNEXT_40_ENTRIES_FIRST_PASS	6247.62	4.54	1703.88	4.90	3.6667	1/bfs-first=3.5570;2/pfs3-first=3.6176;3/bfs-first=3.9601;4/pfs3-first=3.5185;5/bfs-first=4.0400;6/pfs3-first=3.4815;7/bfs-first=3.9200;8/pfs3-first=3.3098	0/8
LIST_EXNEXT_40_ENTRIES_REPEAT10_TOTAL	32320.12	2.08	12239.88	2.00	2.6406	1/bfs-first=2.6831;2/pfs3-first=2.5858;3/bfs-first=2.6876;4/pfs3-first=2.5966;5/bfs-first=2.8128;6/pfs3-first=2.5846;7/bfs-first=2.5274;8/pfs3-first=2.6565	0/8
LIST_EXALL_40_ENTRIES_FIRST_PASS	4055.50	20.15	600.12	7.99	6.7578	1/bfs-first=7.5294;2/pfs3-first=5.5000;3/bfs-first=6.2984;4/pfs3-first=6.3206;5/bfs-first=9.3984;6/pfs3-first=5.5000;7/bfs-first=6.9861;8/pfs3-first=6.6551	8/8
LIST_EXALL_40_ENTRIES_REPEAT10_TOTAL	11343.75	41.67	2559.62	4.64	4.4318	1/bfs-first=3.4896;2/pfs3-first=3.8974;3/bfs-first=3.9756;4/pfs3-first=3.8714;5/bfs-first=8.3691;6/pfs3-first=3.8462;7/bfs-first=3.8733;8/pfs3-first=3.8220	1/8
LIST_EXNEXT_400_ENTRIES_FIRST_PASS	61479.50	18.40	12950.00	4.38	4.7475	1/bfs-first=4.5772;2/pfs3-first=4.9951;3/bfs-first=4.2889;4/pfs3-first=4.1089;5/bfs-first=7.1737;6/pfs3-first=4.0724;7/bfs-first=4.6531;8/pfs3-first=4.2857	1/8
LIST_EXNEXT_400_ENTRIES_REPEAT10_TOTAL	614388.38	8.73	115447.25	3.81	5.3218	1/bfs-first=5.5821;2/pfs3-first=5.4551;3/bfs-first=5.0757;4/pfs3-first=5.5798;5/bfs-first=5.1363;6/pfs3-first=4.9672;7/bfs-first=4.4777;8/pfs3-first=6.3991	6/8
LIST_EXALL_400_ENTRIES_FIRST_PASS	36627.62	14.60	3243.00	21.13	11.2944	1/bfs-first=11.4252;2/pfs3-first=7.1467;3/bfs-first=12.4894;4/pfs3-first=9.1582;5/bfs-first=11.3997;6/pfs3-first=12.6501;7/bfs-first=12.5120;8/pfs3-first=16.8104	8/8
LIST_EXALL_400_ENTRIES_REPEAT10_TOTAL	391147.88	11.59	21367.25	7.94	18.3060	1/bfs-first=19.4282;2/pfs3-first=21.4171;3/bfs-first=18.1502;4/pfs3-first=16.4268;5/bfs-first=17.4099;6/pfs3-first=17.2847;7/bfs-first=14.4335;8/pfs3-first=22.8358	8/8
LIST_EXNEXT_1000_ENTRIES_FIRST_PASS	164343.38	21.56	33823.25	2.91	4.8589	1/bfs-first=7.2807;2/pfs3-first=4.4236;3/bfs-first=4.5371;4/pfs3-first=4.3257;5/bfs-first=4.2469;6/pfs3-first=4.5837;7/bfs-first=3.8988;8/pfs3-first=5.6566	2/8
LIST_EXNEXT_1000_ENTRIES_REPEAT10_TOTAL	1584583.25	7.12	303646.12	8.95	5.2185	1/bfs-first=5.2242;2/pfs3-first=5.2161;3/bfs-first=6.0043;4/pfs3-first=5.5992;5/bfs-first=5.7879;6/pfs3-first=4.4827;7/bfs-first=4.3668;8/pfs3-first=5.3504	6/8
LIST_EXALL_1000_ENTRIES_FIRST_PASS	99023.75	13.03	6936.00	9.59	14.2768	1/bfs-first=14.0298;2/pfs3-first=18.2323;3/bfs-first=15.1471;4/pfs3-first=11.6838;5/bfs-first=14.5340;6/pfs3-first=11.3475;7/bfs-first=16.4535;8/pfs3-first=13.6953	8/8
LIST_EXALL_1000_ENTRIES_REPEAT10_TOTAL	983047.75	7.84	51365.25	3.57	19.1384	1/bfs-first=19.8191;2/pfs3-first=16.1019;3/bfs-first=20.4956;4/pfs3-first=22.0693;5/bfs-first=17.1497;6/pfs3-first=18.7753;7/bfs-first=20.2285;8/pfs3-first=18.8232	8/8

== Durable durable-compare, variant=sparse (8 required runs; all phases and controls; no filtering)
phase	BFS_mean_us	BFS_CV_pct	PFS3_mean_us	PFS3_CV_pct	BFS_over_PFS3_mean	individual_BFS_over_PFS3_by_repeat_order	individual_ratios_over_5x
SMALL_CREATE_40	41979.62	31.46	19215.62	11.85	2.1847	1/bfs-first=1.8209;2/pfs3-first=1.4812;3/bfs-first=2.2519;4/pfs3-first=3.8646;5/bfs-first=2.2493;6/pfs3-first=1.8229;7/bfs-first=2.2410;8/pfs3-first=1.9120	0/8
LOOKUP_400	83965.75	10.94	80983.62	31.51	1.0368	1/bfs-first=1.1717;2/pfs3-first=1.2737;3/bfs-first=1.1654;4/pfs3-first=1.2644;5/bfs-first=1.1921;6/pfs3-first=0.9994;7/bfs-first=0.5687;8/pfs3-first=1.1422	0/8
SMALL_READ_40	23776.12	25.95	19231.88	39.92	1.2363	1/bfs-first=1.3201;2/pfs3-first=1.3020;3/bfs-first=1.4177;4/pfs3-first=2.5888;5/bfs-first=1.5615;6/pfs3-first=0.6537;7/bfs-first=0.8496;8/pfs3-first=1.3110	0/8
LIST_EXNEXT_400	39847.88	20.91	14575.62	24.79	2.7339	1/bfs-first=4.6397;2/pfs3-first=3.3754;3/bfs-first=2.6066;4/pfs3-first=2.3454;5/bfs-first=2.5885;6/pfs3-first=1.8922;7/bfs-first=3.6558;8/pfs3-first=1.9045	0/8
LIST_EXALL_400	10917.62	23.49	2895.62	19.72	3.7704	1/bfs-first=6.0996;2/pfs3-first=2.8000;3/bfs-first=5.5403;4/pfs3-first=3.5254;5/bfs-first=3.5840;6/pfs3-first=3.1800;7/bfs-first=4.5500;8/pfs3-first=2.2349	2/8
SEQ_WRITE_8M	54295.50	28.88	45975.38	15.40	1.1810	1/bfs-first=2.2712;2/pfs3-first=0.9591;3/bfs-first=1.2736;4/pfs3-first=0.6875;5/bfs-first=1.0579;6/pfs3-first=0.9779;7/bfs-first=1.3839;8/pfs3-first=1.1695	0/8
SEQ_READ_8M	272739.88	4.25	283246.75	8.39	0.9629	1/bfs-first=1.0741;2/pfs3-first=0.8354;3/bfs-first=0.9963;4/pfs3-first=0.8865;5/bfs-first=0.9456;6/pfs3-first=0.9610;7/bfs-first=1.1399;8/pfs3-first=0.9166	0/8
SMALL_DELETE_40	21621.50	14.77	11235.88	52.15	1.9243	1/bfs-first=2.2914;2/pfs3-first=3.1361;3/bfs-first=2.3794;4/pfs3-first=2.1769;5/bfs-first=0.7811;6/pfs3-first=2.2001;7/bfs-first=2.2225;8/pfs3-first=2.2589	0/8
APPEND_4K_1M	87131.12	19.90	35880.12	9.48	2.4284	1/bfs-first=2.3279;2/pfs3-first=3.9007;3/bfs-first=2.3873;4/pfs3-first=2.1900;5/bfs-first=1.7547;6/pfs3-first=2.3917;7/bfs-first=2.2041;8/pfs3-first=2.5354	0/8
APPEND_1K_256K	72410.88	12.30	26287.75	10.48	2.7545	1/bfs-first=2.6605;2/pfs3-first=3.2174;3/bfs-first=2.3725;4/pfs3-first=2.6308;5/bfs-first=2.5387;6/pfs3-first=2.6149;7/bfs-first=2.7727;8/pfs3-first=3.3150	0/8
APPEND_READ_1280K	44839.62	5.97	43551.88	10.12	1.0296	1/bfs-first=1.0854;2/pfs3-first=1.0477;3/bfs-first=0.9547;4/pfs3-first=0.9788;5/bfs-first=1.0344;6/pfs3-first=1.0702;7/bfs-first=1.0159;8/pfs3-first=1.0788	0/8
LIST_EXNEXT_40_ENTRIES_FIRST_PASS	5844.75	4.37	1871.88	31.61	3.1224	1/bfs-first=3.5600;2/pfs3-first=2.7273;3/bfs-first=3.7606;4/pfs3-first=3.5444;5/bfs-first=3.9594;6/pfs3-first=1.7057;7/bfs-first=3.9186;8/pfs3-first=3.4245	0/8
LIST_EXNEXT_40_ENTRIES_REPEAT10_TOTAL	35839.62	24.37	12672.12	8.05	2.8282	1/bfs-first=2.4144;2/pfs3-first=2.7580;3/bfs-first=2.5874;4/pfs3-first=2.6332;5/bfs-first=4.6368;6/pfs3-first=2.1758;7/bfs-first=2.9102;8/pfs3-first=2.6735	0/8
LIST_EXALL_40_ENTRIES_FIRST_PASS	3919.62	24.56	599.88	19.72	6.5341	1/bfs-first=6.5127;2/pfs3-first=6.3316;3/bfs-first=4.6984;4/pfs3-first=7.0000;5/bfs-first=9.0000;6/pfs3-first=5.6142;7/bfs-first=7.0000;8/pfs3-first=6.5000	7/8
LIST_EXALL_40_ENTRIES_REPEAT10_TOTAL	11647.88	37.48	2936.25	25.09	3.9669	1/bfs-first=3.6328;2/pfs3-first=5.2250;3/bfs-first=3.7246;4/pfs3-first=3.4082;5/bfs-first=8.5750;6/pfs3-first=2.0815;7/bfs-first=3.4984;8/pfs3-first=3.3636	2/8
LIST_EXNEXT_400_ENTRIES_FIRST_PASS	56391.88	11.49	14411.00	20.05	3.9131	1/bfs-first=3.9671;2/pfs3-first=4.7284;3/bfs-first=3.5899;4/pfs3-first=4.2136;5/bfs-first=5.0276;6/pfs3-first=2.4583;7/bfs-first=4.0891;8/pfs3-first=4.1113	1/8
LIST_EXNEXT_400_ENTRIES_REPEAT10_TOTAL	574595.62	6.87	122303.00	9.99	4.6981	1/bfs-first=3.8207;2/pfs3-first=5.3641;3/bfs-first=5.2384;4/pfs3-first=5.0300;5/bfs-first=4.4285;6/pfs3-first=4.2717;7/bfs-first=5.0380;8/pfs3-first=4.6873	4/8
LIST_EXALL_400_ENTRIES_FIRST_PASS	34343.62	23.35	3423.50	32.11	10.0317	1/bfs-first=20.0476;2/pfs3-first=11.0216;3/bfs-first=6.9419;4/pfs3-first=11.8860;5/bfs-first=10.7535;6/pfs3-first=5.1765;7/bfs-first=9.9000;8/pfs3-first=11.7714	8/8
LIST_EXALL_400_ENTRIES_REPEAT10_TOTAL	354574.62	13.45	24866.75	33.65	14.2590	1/bfs-first=15.1277;2/pfs3-first=18.7809;3/bfs-first=15.3759;4/pfs3-first=15.3663;5/bfs-first=14.6180;6/pfs3-first=8.4059;7/bfs-first=15.0913;8/pfs3-first=17.2584	8/8
LIST_EXNEXT_1000_ENTRIES_FIRST_PASS	149287.12	14.64	38663.62	27.43	3.8612	1/bfs-first=4.5713;2/pfs3-first=6.2323;3/bfs-first=2.8120;4/pfs3-first=4.3058;5/bfs-first=4.1846;6/pfs3-first=3.8509;7/bfs-first=4.2053;8/pfs3-first=2.4874	1/8
LIST_EXNEXT_1000_ENTRIES_REPEAT10_TOTAL	1496599.38	7.39	308973.88	9.98	4.8438	1/bfs-first=5.6105;2/pfs3-first=5.9774;3/bfs-first=4.2845;4/pfs3-first=4.8873;5/bfs-first=4.2236;6/pfs3-first=4.7821;7/bfs-first=4.7208;8/pfs3-first=4.5899	2/8
LIST_EXALL_1000_ENTRIES_FIRST_PASS	81239.75	5.06	7103.50	13.79	11.4366	1/bfs-first=12.8182;2/pfs3-first=13.9113;3/bfs-first=12.0191;4/pfs3-first=12.7340;5/bfs-first=8.9726;6/pfs3-first=11.1051;7/bfs-first=11.0436;8/pfs3-first=10.2743	8/8
LIST_EXALL_1000_ENTRIES_REPEAT10_TOTAL	867987.38	5.70	51344.12	3.58	16.9053	1/bfs-first=17.2805;2/pfs3-first=18.6283;3/bfs-first=17.7429;4/pfs3-first=15.9485;5/bfs-first=16.2964;6/pfs3-first=15.1666;7/bfs-first=16.6869;8/pfs3-first=17.6255	8/8

== Paired sparse/M5 timings, family=durable; ratio=sparse/M5
Every same-repeat, same-order pair is included for BFS and PFS3.
phase	filesystem	repeat/order	M5_us	sparse_us	sparse_over_M5
SMALL_CREATE_40	BFS	1/bfs-first	30850	31232	1.0124
SMALL_CREATE_40	BFS	2/pfs3-first	61823	35073	0.5673
SMALL_CREATE_40	BFS	3/bfs-first	35907	37760	1.0516
SMALL_CREATE_40	BFS	4/pfs3-first	31871	72221	2.2660
SMALL_CREATE_40	BFS	5/bfs-first	34175	41600	1.2173
SMALL_CREATE_40	BFS	6/pfs3-first	33280	35583	1.0692
SMALL_CREATE_40	BFS	7/bfs-first	34816	47617	1.3677
SMALL_CREATE_40	BFS	8/pfs3-first	35328	34751	0.9837
SMALL_CREATE_40	PFS3	1/bfs-first	16896	17152	1.0152
SMALL_CREATE_40	PFS3	2/pfs3-first	18879	23679	1.2543
SMALL_CREATE_40	PFS3	3/bfs-first	18560	16768	0.9034
SMALL_CREATE_40	PFS3	4/pfs3-first	22271	18688	0.8391
SMALL_CREATE_40	PFS3	5/bfs-first	17920	18495	1.0321
SMALL_CREATE_40	PFS3	6/pfs3-first	18498	19520	1.0552
SMALL_CREATE_40	PFS3	7/bfs-first	17152	21248	1.2388
SMALL_CREATE_40	PFS3	8/pfs3-first	18934	18175	0.9599
LOOKUP_400	BFS	1/bfs-first	75968	79040	1.0404
LOOKUP_400	BFS	2/pfs3-first	96254	86976	0.9036
LOOKUP_400	BFS	3/bfs-first	77056	77568	1.0066
LOOKUP_400	BFS	4/pfs3-first	92608	89664	0.9682
LOOKUP_400	BFS	5/bfs-first	76031	80640	1.0606
LOOKUP_400	BFS	6/pfs3-first	78719	103487	1.3146
LOOKUP_400	BFS	7/bfs-first	76671	77376	1.0092
LOOKUP_400	BFS	8/pfs3-first	77247	76975	0.9965
LOOKUP_400	PFS3	1/bfs-first	68096	67455	0.9906
LOOKUP_400	PFS3	2/pfs3-first	88833	68288	0.7687
LOOKUP_400	PFS3	3/bfs-first	67520	66560	0.9858
LOOKUP_400	PFS3	4/pfs3-first	111231	70912	0.6375
LOOKUP_400	PFS3	5/bfs-first	68030	67648	0.9944
LOOKUP_400	PFS3	6/pfs3-first	67711	103551	1.5293
LOOKUP_400	PFS3	7/bfs-first	66686	136064	2.0404
LOOKUP_400	PFS3	8/pfs3-first	67903	67391	0.9925
SMALL_READ_40	BFS	1/bfs-first	19391	19008	0.9802
SMALL_READ_40	BFS	2/pfs3-first	20545	21249	1.0343
SMALL_READ_40	BFS	3/bfs-first	20160	20415	1.0126
SMALL_READ_40	BFS	4/pfs3-first	20993	38273	1.8231
SMALL_READ_40	BFS	5/bfs-first	20608	22785	1.1056
SMALL_READ_40	BFS	6/pfs3-first	28158	21503	0.7637
SMALL_READ_40	BFS	7/bfs-first	20417	25665	1.2570
SMALL_READ_40	BFS	8/pfs3-first	25280	21311	0.8430
SMALL_READ_40	PFS3	1/bfs-first	15808	14399	0.9109
SMALL_READ_40	PFS3	2/pfs3-first	15808	16320	1.0324
SMALL_READ_40	PFS3	3/bfs-first	15423	14400	0.9337
SMALL_READ_40	PFS3	4/pfs3-first	19713	14784	0.7500
SMALL_READ_40	PFS3	5/bfs-first	14912	14592	0.9785
SMALL_READ_40	PFS3	6/pfs3-first	13953	32896	2.3576
SMALL_READ_40	PFS3	7/bfs-first	14143	30208	2.1359
SMALL_READ_40	PFS3	8/pfs3-first	16320	16256	0.9961
LIST_EXNEXT_400	BFS	1/bfs-first	33345	56127	1.6832
LIST_EXNEXT_400	BFS	2/pfs3-first	33216	43199	1.3005
LIST_EXNEXT_400	BFS	3/bfs-first	32447	31360	0.9665
LIST_EXNEXT_400	BFS	4/pfs3-first	33023	37377	1.1318
LIST_EXNEXT_400	BFS	5/bfs-first	32766	31808	0.9708
LIST_EXNEXT_400	BFS	6/pfs3-first	47615	41536	0.8723
LIST_EXNEXT_400	BFS	7/bfs-first	45440	44224	0.9732
LIST_EXNEXT_400	BFS	8/pfs3-first	62016	33152	0.5346
LIST_EXNEXT_400	PFS3	1/bfs-first	11903	12097	1.0163
LIST_EXNEXT_400	PFS3	2/pfs3-first	12609	12798	1.0150
LIST_EXNEXT_400	PFS3	3/bfs-first	12608	12031	0.9542
LIST_EXNEXT_400	PFS3	4/pfs3-first	11968	15936	1.3316
LIST_EXNEXT_400	PFS3	5/bfs-first	12286	12288	1.0002
LIST_EXNEXT_400	PFS3	6/pfs3-first	12543	21951	1.7501
LIST_EXNEXT_400	PFS3	7/bfs-first	12096	12097	1.0001
LIST_EXNEXT_400	PFS3	8/pfs3-first	16192	17407	1.0750
LIST_EXALL_400	BFS	1/bfs-first	9023	15615	1.7306
LIST_EXALL_400	BFS	2/pfs3-first	9536	8960	0.9396
LIST_EXALL_400	BFS	3/bfs-first	9343	13823	1.4795
LIST_EXALL_400	BFS	4/pfs3-first	11777	9025	0.7663
LIST_EXALL_400	BFS	5/bfs-first	15745	8942	0.5679
LIST_EXALL_400	BFS	6/pfs3-first	9600	10176	1.0600
LIST_EXALL_400	BFS	7/bfs-first	10880	11648	1.0706
LIST_EXALL_400	BFS	8/pfs3-first	22720	9152	0.4028
LIST_EXALL_400	PFS3	1/bfs-first	2880	2560	0.8889
LIST_EXALL_400	PFS3	2/pfs3-first	2497	3200	1.2815
LIST_EXALL_400	PFS3	3/bfs-first	2738	2495	0.9112
LIST_EXALL_400	PFS3	4/pfs3-first	2477	2560	1.0335
LIST_EXALL_400	PFS3	5/bfs-first	2497	2495	0.9992
LIST_EXALL_400	PFS3	6/pfs3-first	2497	3200	1.2815
LIST_EXALL_400	PFS3	7/bfs-first	2496	2560	1.0256
LIST_EXALL_400	PFS3	8/pfs3-first	2560	4095	1.5996
SEQ_WRITE_8M	BFS	1/bfs-first	41600	89536	2.1523
SEQ_WRITE_8M	BFS	2/pfs3-first	45825	45056	0.9832
SEQ_WRITE_8M	BFS	3/bfs-first	43199	55998	1.2963
SEQ_WRITE_8M	BFS	4/pfs3-first	79806	42943	0.5381
SEQ_WRITE_8M	BFS	5/bfs-first	66431	44416	0.6686
SEQ_WRITE_8M	BFS	6/pfs3-first	43840	42559	0.9708
SEQ_WRITE_8M	BFS	7/bfs-first	44480	59519	1.3381
SEQ_WRITE_8M	BFS	8/pfs3-first	80128	54337	0.6781
SEQ_WRITE_8M	PFS3	1/bfs-first	41856	39423	0.9419
SEQ_WRITE_8M	PFS3	2/pfs3-first	43711	46975	1.0747
SEQ_WRITE_8M	PFS3	3/bfs-first	57920	43968	0.7591
SEQ_WRITE_8M	PFS3	4/pfs3-first	47276	62463	1.3212
SEQ_WRITE_8M	PFS3	5/bfs-first	42413	41984	0.9899
SEQ_WRITE_8M	PFS3	6/pfs3-first	41599	43519	1.0462
SEQ_WRITE_8M	PFS3	7/bfs-first	40768	43008	1.0549
SEQ_WRITE_8M	PFS3	8/pfs3-first	44608	46463	1.0416
SEQ_READ_8M	BFS	1/bfs-first	258815	276287	1.0675
SEQ_READ_8M	BFS	2/pfs3-first	299903	270013	0.9003
SEQ_READ_8M	BFS	3/bfs-first	269247	261247	0.9703
SEQ_READ_8M	BFS	4/pfs3-first	286335	274029	0.9570
SEQ_READ_8M	BFS	5/bfs-first	279807	264765	0.9462
SEQ_READ_8M	BFS	6/pfs3-first	352575	267966	0.7600
SEQ_READ_8M	BFS	7/bfs-first	295613	298878	1.0110
SEQ_READ_8M	BFS	8/pfs3-first	295165	268734	0.9105
SEQ_READ_8M	PFS3	1/bfs-first	257982	257215	0.9970
SEQ_READ_8M	PFS3	2/pfs3-first	264639	323198	1.2213
SEQ_READ_8M	PFS3	3/bfs-first	333310	262207	0.7867
SEQ_READ_8M	PFS3	4/pfs3-first	313855	309118	0.9849
SEQ_READ_8M	PFS3	5/bfs-first	263040	279999	1.0645
SEQ_READ_8M	PFS3	6/pfs3-first	263102	278847	1.0598
SEQ_READ_8M	PFS3	7/bfs-first	262718	262207	0.9981
SEQ_READ_8M	PFS3	8/pfs3-first	289661	293183	1.0122
SMALL_DELETE_40	BFS	1/bfs-first	20480	20460	0.9990
SMALL_DELETE_40	BFS	2/pfs3-first	22078	29504	1.3364
SMALL_DELETE_40	BFS	3/bfs-first	21377	20865	0.9760
SMALL_DELETE_40	BFS	4/pfs3-first	20417	20480	1.0031
SMALL_DELETE_40	BFS	5/bfs-first	20288	20097	0.9906
SMALL_DELETE_40	BFS	6/pfs3-first	20416	20415	1.0000
SMALL_DELETE_40	BFS	7/bfs-first	20097	20480	1.0191
SMALL_DELETE_40	BFS	8/pfs3-first	22080	20671	0.9362
SMALL_DELETE_40	PFS3	1/bfs-first	8896	8929	1.0037
SMALL_DELETE_40	PFS3	2/pfs3-first	9216	9408	1.0208
SMALL_DELETE_40	PFS3	3/bfs-first	9600	8769	0.9134
SMALL_DELETE_40	PFS3	4/pfs3-first	9537	9408	0.9865
SMALL_DELETE_40	PFS3	5/bfs-first	9023	25728	2.8514
SMALL_DELETE_40	PFS3	6/pfs3-first	8831	9279	1.0507
SMALL_DELETE_40	PFS3	7/bfs-first	10240	9215	0.8999
SMALL_DELETE_40	PFS3	8/pfs3-first	9056	9151	1.0105
APPEND_4K_1M	BFS	1/bfs-first	76096	82687	1.0866
APPEND_4K_1M	BFS	2/pfs3-first	78143	129565	1.6580
APPEND_4K_1M	BFS	3/bfs-first	85504	82048	0.9596
APPEND_4K_1M	BFS	4/pfs3-first	81855	78208	0.9554
APPEND_4K_1M	BFS	5/bfs-first	76736	76479	0.9967
APPEND_4K_1M	BFS	6/pfs3-first	76225	81280	1.0663
APPEND_4K_1M	BFS	7/bfs-first	76672	82239	1.0726
APPEND_4K_1M	BFS	8/pfs3-first	78400	84543	1.0784
APPEND_4K_1M	PFS3	1/bfs-first	39360	35520	0.9024
APPEND_4K_1M	PFS3	2/pfs3-first	35200	33216	0.9436
APPEND_4K_1M	PFS3	3/bfs-first	33901	34368	1.0138
APPEND_4K_1M	PFS3	4/pfs3-first	35073	35712	1.0182
APPEND_4K_1M	PFS3	5/bfs-first	33217	43584	1.3121
APPEND_4K_1M	PFS3	6/pfs3-first	35263	33984	0.9637
APPEND_4K_1M	PFS3	7/bfs-first	38528	37312	0.9684
APPEND_4K_1M	PFS3	8/pfs3-first	34688	33345	0.9613
APPEND_1K_256K	BFS	1/bfs-first	63808	64192	1.0060
APPEND_1K_256K	BFS	2/pfs3-first	63231	79277	1.2538
APPEND_1K_256K	BFS	3/bfs-first	82368	75008	0.9106
APPEND_1K_256K	BFS	4/pfs3-first	62432	64319	1.0302
APPEND_1K_256K	BFS	5/bfs-first	65088	63040	0.9685
APPEND_1K_256K	BFS	6/pfs3-first	63425	66605	1.0501
APPEND_1K_256K	BFS	7/bfs-first	64639	81983	1.2683
APPEND_1K_256K	BFS	8/pfs3-first	91968	84863	0.9227
APPEND_1K_256K	PFS3	1/bfs-first	25023	24128	0.9642
APPEND_1K_256K	PFS3	2/pfs3-first	24960	24640	0.9872
APPEND_1K_256K	PFS3	3/bfs-first	25472	31615	1.2412
APPEND_1K_256K	PFS3	4/pfs3-first	24960	24448	0.9795
APPEND_1K_256K	PFS3	5/bfs-first	24319	24832	1.0211
APPEND_1K_256K	PFS3	6/pfs3-first	23872	25471	1.0670
APPEND_1K_256K	PFS3	7/bfs-first	30271	29568	0.9768
APPEND_1K_256K	PFS3	8/pfs3-first	24705	25600	1.0362
APPEND_READ_1280K	BFS	1/bfs-first	45825	43903	0.9581
APPEND_READ_1280K	BFS	2/pfs3-first	44223	43585	0.9856
APPEND_READ_1280K	BFS	3/bfs-first	45823	51200	1.1173
APPEND_READ_1280K	BFS	4/pfs3-first	42688	44288	1.0375
APPEND_READ_1280K	BFS	5/bfs-first	42623	42368	0.9940
APPEND_READ_1280K	BFS	6/pfs3-first	43968	43903	0.9985
APPEND_READ_1280K	BFS	7/bfs-first	43840	44799	1.0219
APPEND_READ_1280K	BFS	8/pfs3-first	48000	44671	0.9306
APPEND_READ_1280K	PFS3	1/bfs-first	41280	40448	0.9798
APPEND_READ_1280K	PFS3	2/pfs3-first	41600	41600	1.0000
APPEND_READ_1280K	PFS3	3/bfs-first	41663	53632	1.2873
APPEND_READ_1280K	PFS3	4/pfs3-first	52480	45248	0.8622
APPEND_READ_1280K	PFS3	5/bfs-first	41514	40959	0.9866
APPEND_READ_1280K	PFS3	6/pfs3-first	41023	41023	1.0000
APPEND_READ_1280K	PFS3	7/bfs-first	43967	44097	1.0030
APPEND_READ_1280K	PFS3	8/pfs3-first	40959	41408	1.0110
LIST_EXNEXT_40_ENTRIES_FIRST_PASS	BFS	1/bfs-first	6143	5696	0.9272
LIST_EXNEXT_40_ENTRIES_FIRST_PASS	BFS	2/pfs3-first	6016	5760	0.9574
LIST_EXNEXT_40_ENTRIES_FIRST_PASS	BFS	3/bfs-first	6847	6017	0.8788
LIST_EXNEXT_40_ENTRIES_FIRST_PASS	BFS	4/pfs3-first	6080	5671	0.9327
LIST_EXNEXT_40_ENTRIES_FIRST_PASS	BFS	5/bfs-first	6464	6335	0.9800
LIST_EXNEXT_40_ENTRIES_FIRST_PASS	BFS	6/pfs3-first	6016	5569	0.9257
LIST_EXNEXT_40_ENTRIES_FIRST_PASS	BFS	7/bfs-first	6272	6015	0.9590
LIST_EXNEXT_40_ENTRIES_FIRST_PASS	BFS	8/pfs3-first	6143	5695	0.9271
LIST_EXNEXT_40_ENTRIES_FIRST_PASS	PFS3	1/bfs-first	1727	1600	0.9265
LIST_EXNEXT_40_ENTRIES_FIRST_PASS	PFS3	2/pfs3-first	1663	2112	1.2700
LIST_EXNEXT_40_ENTRIES_FIRST_PASS	PFS3	3/bfs-first	1729	1600	0.9254
LIST_EXNEXT_40_ENTRIES_FIRST_PASS	PFS3	4/pfs3-first	1728	1600	0.9259
LIST_EXNEXT_40_ENTRIES_FIRST_PASS	PFS3	5/bfs-first	1600	1600	1.0000
LIST_EXNEXT_40_ENTRIES_FIRST_PASS	PFS3	6/pfs3-first	1728	3265	1.8895
LIST_EXNEXT_40_ENTRIES_FIRST_PASS	PFS3	7/bfs-first	1600	1535	0.9594
LIST_EXNEXT_40_ENTRIES_FIRST_PASS	PFS3	8/pfs3-first	1856	1663	0.8960
LIST_EXNEXT_40_ENTRIES_REPEAT10_TOTAL	BFS	1/bfs-first	31937	32449	1.0160
LIST_EXNEXT_40_ENTRIES_REPEAT10_TOTAL	BFS	2/pfs3-first	31937	33537	1.0501
LIST_EXNEXT_40_ENTRIES_REPEAT10_TOTAL	BFS	3/bfs-first	33025	32128	0.9728
LIST_EXNEXT_40_ENTRIES_REPEAT10_TOTAL	BFS	4/pfs3-first	31743	31680	0.9980
LIST_EXNEXT_40_ENTRIES_REPEAT10_TOTAL	BFS	5/bfs-first	33664	57279	1.7015
LIST_EXNEXT_40_ENTRIES_REPEAT10_TOTAL	BFS	6/pfs3-first	32256	32448	1.0060
LIST_EXNEXT_40_ENTRIES_REPEAT10_TOTAL	BFS	7/bfs-first	31871	35199	1.1044
LIST_EXNEXT_40_ENTRIES_REPEAT10_TOTAL	BFS	8/pfs3-first	32128	31997	0.9959
LIST_EXNEXT_40_ENTRIES_REPEAT10_TOTAL	PFS3	1/bfs-first	11903	13440	1.1291
LIST_EXNEXT_40_ENTRIES_REPEAT10_TOTAL	PFS3	2/pfs3-first	12351	12160	0.9845
LIST_EXNEXT_40_ENTRIES_REPEAT10_TOTAL	PFS3	3/bfs-first	12288	12417	1.0105
LIST_EXNEXT_40_ENTRIES_REPEAT10_TOTAL	PFS3	4/pfs3-first	12225	12031	0.9841
LIST_EXNEXT_40_ENTRIES_REPEAT10_TOTAL	PFS3	5/bfs-first	11968	12353	1.0322
LIST_EXNEXT_40_ENTRIES_REPEAT10_TOTAL	PFS3	6/pfs3-first	12480	14913	1.1950
LIST_EXNEXT_40_ENTRIES_REPEAT10_TOTAL	PFS3	7/bfs-first	12610	12095	0.9592
LIST_EXNEXT_40_ENTRIES_REPEAT10_TOTAL	PFS3	8/pfs3-first	12094	11968	0.9896
LIST_EXALL_40_ENTRIES_FIRST_PASS	BFS	1/bfs-first	3840	3328	0.8667
LIST_EXALL_40_ENTRIES_FIRST_PASS	BFS	2/pfs3-first	3520	3647	1.0361
LIST_EXALL_40_ENTRIES_FIRST_PASS	BFS	3/bfs-first	4031	3007	0.7460
LIST_EXALL_40_ENTRIES_FIRST_PASS	BFS	4/pfs3-first	3647	4480	1.2284
LIST_EXALL_40_ENTRIES_FIRST_PASS	BFS	5/bfs-first	6015	5760	0.9576
LIST_EXALL_40_ENTRIES_FIRST_PASS	BFS	6/pfs3-first	3520	4671	1.3270
LIST_EXALL_40_ENTRIES_FIRST_PASS	BFS	7/bfs-first	4031	3136	0.7780
LIST_EXALL_40_ENTRIES_FIRST_PASS	BFS	8/pfs3-first	3840	3328	0.8667
LIST_EXALL_40_ENTRIES_FIRST_PASS	PFS3	1/bfs-first	510	511	1.0020
LIST_EXALL_40_ENTRIES_FIRST_PASS	PFS3	2/pfs3-first	640	576	0.9000
LIST_EXALL_40_ENTRIES_FIRST_PASS	PFS3	3/bfs-first	640	640	1.0000
LIST_EXALL_40_ENTRIES_FIRST_PASS	PFS3	4/pfs3-first	577	640	1.1092
LIST_EXALL_40_ENTRIES_FIRST_PASS	PFS3	5/bfs-first	640	640	1.0000
LIST_EXALL_40_ENTRIES_FIRST_PASS	PFS3	6/pfs3-first	640	832	1.3000
LIST_EXALL_40_ENTRIES_FIRST_PASS	PFS3	7/bfs-first	577	448	0.7764
LIST_EXALL_40_ENTRIES_FIRST_PASS	PFS3	8/pfs3-first	577	512	0.8873
LIST_EXALL_40_ENTRIES_REPEAT10_TOTAL	BFS	1/bfs-first	9600	9536	0.9933
LIST_EXALL_40_ENTRIES_REPEAT10_TOTAL	BFS	2/pfs3-first	9728	13376	1.3750
LIST_EXALL_40_ENTRIES_REPEAT10_TOTAL	BFS	3/bfs-first	9919	9535	0.9613
LIST_EXALL_40_ENTRIES_REPEAT10_TOTAL	BFS	4/pfs3-first	9663	9601	0.9936
LIST_EXALL_40_ENTRIES_REPEAT10_TOTAL	BFS	5/bfs-first	23040	21952	0.9528
LIST_EXALL_40_ENTRIES_REPEAT10_TOTAL	BFS	6/pfs3-first	9600	9856	1.0267
LIST_EXALL_40_ENTRIES_REPEAT10_TOTAL	BFS	7/bfs-first	9664	9855	1.0198
LIST_EXALL_40_ENTRIES_REPEAT10_TOTAL	BFS	8/pfs3-first	9536	9472	0.9933
LIST_EXALL_40_ENTRIES_REPEAT10_TOTAL	PFS3	1/bfs-first	2751	2625	0.9542
LIST_EXALL_40_ENTRIES_REPEAT10_TOTAL	PFS3	2/pfs3-first	2496	2560	1.0256
LIST_EXALL_40_ENTRIES_REPEAT10_TOTAL	PFS3	3/bfs-first	2495	2560	1.0261
LIST_EXALL_40_ENTRIES_REPEAT10_TOTAL	PFS3	4/pfs3-first	2496	2817	1.1286
LIST_EXALL_40_ENTRIES_REPEAT10_TOTAL	PFS3	5/bfs-first	2753	2560	0.9299
LIST_EXALL_40_ENTRIES_REPEAT10_TOTAL	PFS3	6/pfs3-first	2496	4735	1.8970
LIST_EXALL_40_ENTRIES_REPEAT10_TOTAL	PFS3	7/bfs-first	2495	2817	1.1291
LIST_EXALL_40_ENTRIES_REPEAT10_TOTAL	PFS3	8/pfs3-first	2495	2816	1.1287
LIST_EXNEXT_400_ENTRIES_FIRST_PASS	BFS	1/bfs-first	56830	54079	0.9516
LIST_EXNEXT_400_ENTRIES_FIRST_PASS	BFS	2/pfs3-first	67904	62335	0.9180
LIST_EXNEXT_400_ENTRIES_FIRST_PASS	BFS	3/bfs-first	57471	49857	0.8675
LIST_EXNEXT_400_ENTRIES_FIRST_PASS	BFS	4/pfs3-first	53120	54848	1.0325
LIST_EXNEXT_400_ENTRIES_FIRST_PASS	BFS	5/bfs-first	87232	69823	0.8004
LIST_EXNEXT_400_ENTRIES_FIRST_PASS	BFS	6/pfs3-first	54208	52864	0.9752
LIST_EXNEXT_400_ENTRIES_FIRST_PASS	BFS	7/bfs-first	57471	53121	0.9243
LIST_EXNEXT_400_ENTRIES_FIRST_PASS	BFS	8/pfs3-first	57600	54208	0.9411
LIST_EXNEXT_400_ENTRIES_FIRST_PASS	PFS3	1/bfs-first	12416	13632	1.0979
LIST_EXNEXT_400_ENTRIES_FIRST_PASS	PFS3	2/pfs3-first	13594	13183	0.9698
LIST_EXNEXT_400_ENTRIES_FIRST_PASS	PFS3	3/bfs-first	13400	13888	1.0364
LIST_EXNEXT_400_ENTRIES_FIRST_PASS	PFS3	4/pfs3-first	12928	13017	1.0069
LIST_EXNEXT_400_ENTRIES_FIRST_PASS	PFS3	5/bfs-first	12160	13888	1.1421
LIST_EXNEXT_400_ENTRIES_FIRST_PASS	PFS3	6/pfs3-first	13311	21504	1.6155
LIST_EXNEXT_400_ENTRIES_FIRST_PASS	PFS3	7/bfs-first	12351	12991	1.0518
LIST_EXNEXT_400_ENTRIES_FIRST_PASS	PFS3	8/pfs3-first	13440	13185	0.9810
LIST_EXNEXT_400_ENTRIES_REPEAT10_TOTAL	BFS	1/bfs-first	621628	541373	0.8709
LIST_EXNEXT_400_ENTRIES_REPEAT10_TOTAL	BFS	2/pfs3-first	625980	631677	1.0091
LIST_EXNEXT_400_ENTRIES_REPEAT10_TOTAL	BFS	3/bfs-first	583420	597756	1.0246
LIST_EXNEXT_400_ENTRIES_REPEAT10_TOTAL	BFS	4/pfs3-first	637435	580734	0.9110
LIST_EXNEXT_400_ENTRIES_REPEAT10_TOTAL	BFS	5/bfs-first	583484	519230	0.8899
LIST_EXNEXT_400_ENTRIES_REPEAT10_TOTAL	BFS	6/pfs3-first	570622	607740	1.0650
LIST_EXNEXT_400_ENTRIES_REPEAT10_TOTAL	BFS	7/bfs-first	563965	584885	1.0371
LIST_EXNEXT_400_ENTRIES_REPEAT10_TOTAL	BFS	8/pfs3-first	728573	533370	0.7321
LIST_EXNEXT_400_ENTRIES_REPEAT10_TOTAL	PFS3	1/bfs-first	111360	141694	1.2724
LIST_EXNEXT_400_ENTRIES_REPEAT10_TOTAL	PFS3	2/pfs3-first	114751	117761	1.0262
LIST_EXNEXT_400_ENTRIES_REPEAT10_TOTAL	PFS3	3/bfs-first	114943	114111	0.9928
LIST_EXNEXT_400_ENTRIES_REPEAT10_TOTAL	PFS3	4/pfs3-first	114240	115454	1.0106
LIST_EXNEXT_400_ENTRIES_REPEAT10_TOTAL	PFS3	5/bfs-first	113599	117247	1.0321
LIST_EXNEXT_400_ENTRIES_REPEAT10_TOTAL	PFS3	6/pfs3-first	114878	142271	1.2385
LIST_EXNEXT_400_ENTRIES_REPEAT10_TOTAL	PFS3	7/bfs-first	125951	116095	0.9217
LIST_EXNEXT_400_ENTRIES_REPEAT10_TOTAL	PFS3	8/pfs3-first	113856	113791	0.9994
LIST_EXALL_400_ENTRIES_FIRST_PASS	BFS	1/bfs-first	34367	53888	1.5680
LIST_EXALL_400_ENTRIES_FIRST_PASS	BFS	2/pfs3-first	34304	33153	0.9664
LIST_EXALL_400_ENTRIES_FIRST_PASS	BFS	3/bfs-first	37568	29760	0.7922
LIST_EXALL_400_ENTRIES_FIRST_PASS	BFS	4/pfs3-first	33409	33471	1.0019
LIST_EXALL_400_ENTRIES_FIRST_PASS	BFS	5/bfs-first	33857	30271	0.8941
LIST_EXALL_400_ENTRIES_FIRST_PASS	BFS	6/pfs3-first	35610	30143	0.8465
LIST_EXALL_400_ENTRIES_FIRST_PASS	BFS	7/bfs-first	34433	31680	0.9200
LIST_EXALL_400_ENTRIES_FIRST_PASS	BFS	8/pfs3-first	49473	32383	0.6546
LIST_EXALL_400_ENTRIES_FIRST_PASS	PFS3	1/bfs-first	3008	2688	0.8936
LIST_EXALL_400_ENTRIES_FIRST_PASS	PFS3	2/pfs3-first	4800	3008	0.6267
LIST_EXALL_400_ENTRIES_FIRST_PASS	PFS3	3/bfs-first	3008	4287	1.4252
LIST_EXALL_400_ENTRIES_FIRST_PASS	PFS3	4/pfs3-first	3648	2816	0.7719
LIST_EXALL_400_ENTRIES_FIRST_PASS	PFS3	5/bfs-first	2970	2815	0.9478
LIST_EXALL_400_ENTRIES_FIRST_PASS	PFS3	6/pfs3-first	2815	5823	2.0686
LIST_EXALL_400_ENTRIES_FIRST_PASS	PFS3	7/bfs-first	2752	3200	1.1628
LIST_EXALL_400_ENTRIES_FIRST_PASS	PFS3	8/pfs3-first	2943	2751	0.9348
LIST_EXALL_400_ENTRIES_REPEAT10_TOTAL	BFS	1/bfs-first	400318	348543	0.8707
LIST_EXALL_400_ENTRIES_REPEAT10_TOTAL	BFS	2/pfs3-first	446846	450366	1.0079
LIST_EXALL_400_ENTRIES_REPEAT10_TOTAL	BFS	3/bfs-first	375165	367038	0.9783
LIST_EXALL_400_ENTRIES_REPEAT10_TOTAL	BFS	4/pfs3-first	349036	314687	0.9016
LIST_EXALL_400_ENTRIES_REPEAT10_TOTAL	BFS	5/bfs-first	358783	301248	0.8396
LIST_EXALL_400_ENTRIES_REPEAT10_TOTAL	BFS	6/pfs3-first	358398	380349	1.0612
LIST_EXALL_400_ENTRIES_REPEAT10_TOTAL	BFS	7/bfs-first	368575	316479	0.8587
LIST_EXALL_400_ENTRIES_REPEAT10_TOTAL	BFS	8/pfs3-first	472062	357887	0.7581
LIST_EXALL_400_ENTRIES_REPEAT10_TOTAL	PFS3	1/bfs-first	20605	23040	1.1182
LIST_EXALL_400_ENTRIES_REPEAT10_TOTAL	PFS3	2/pfs3-first	20864	23980	1.1493
LIST_EXALL_400_ENTRIES_REPEAT10_TOTAL	PFS3	3/bfs-first	20670	23871	1.1549
LIST_EXALL_400_ENTRIES_REPEAT10_TOTAL	PFS3	4/pfs3-first	21248	20479	0.9638
LIST_EXALL_400_ENTRIES_REPEAT10_TOTAL	PFS3	5/bfs-first	20608	20608	1.0000
LIST_EXALL_400_ENTRIES_REPEAT10_TOTAL	PFS3	6/pfs3-first	20735	45248	2.1822
LIST_EXALL_400_ENTRIES_REPEAT10_TOTAL	PFS3	7/bfs-first	25536	20971	0.8212
LIST_EXALL_400_ENTRIES_REPEAT10_TOTAL	PFS3	8/pfs3-first	20672	20737	1.0031
LIST_EXNEXT_1000_ENTRIES_FIRST_PASS	BFS	1/bfs-first	242303	143936	0.5940
LIST_EXNEXT_1000_ENTRIES_FIRST_PASS	BFS	2/pfs3-first	147775	201023	1.3603
LIST_EXNEXT_1000_ENTRIES_FIRST_PASS	BFS	3/bfs-first	152448	156031	1.0235
LIST_EXNEXT_1000_ENTRIES_FIRST_PASS	BFS	4/pfs3-first	143679	140542	0.9782
LIST_EXNEXT_1000_ENTRIES_FIRST_PASS	BFS	5/bfs-first	145407	139264	0.9578
LIST_EXNEXT_1000_ENTRIES_FIRST_PASS	BFS	6/pfs3-first	150784	133822	0.8875
LIST_EXNEXT_1000_ENTRIES_FIRST_PASS	BFS	7/bfs-first	140479	140223	0.9982
LIST_EXNEXT_1000_ENTRIES_FIRST_PASS	BFS	8/pfs3-first	191872	139456	0.7268
LIST_EXNEXT_1000_ENTRIES_FIRST_PASS	PFS3	1/bfs-first	33280	31487	0.9461
LIST_EXNEXT_1000_ENTRIES_FIRST_PASS	PFS3	2/pfs3-first	33406	32255	0.9655
LIST_EXNEXT_1000_ENTRIES_FIRST_PASS	PFS3	3/bfs-first	33600	55488	1.6514
LIST_EXNEXT_1000_ENTRIES_FIRST_PASS	PFS3	4/pfs3-first	33215	32640	0.9827
LIST_EXNEXT_1000_ENTRIES_FIRST_PASS	PFS3	5/bfs-first	34238	33280	0.9720
LIST_EXNEXT_1000_ENTRIES_FIRST_PASS	PFS3	6/pfs3-first	32896	34751	1.0564
LIST_EXNEXT_1000_ENTRIES_FIRST_PASS	PFS3	7/bfs-first	36031	33344	0.9254
LIST_EXNEXT_1000_ENTRIES_FIRST_PASS	PFS3	8/pfs3-first	33920	56064	1.6528
LIST_EXNEXT_1000_ENTRIES_REPEAT10_TOTAL	BFS	1/bfs-first	1466103	1582775	1.0796
LIST_EXNEXT_1000_ENTRIES_REPEAT10_TOTAL	BFS	2/pfs3-first	1492535	1695094	1.1357
LIST_EXNEXT_1000_ENTRIES_REPEAT10_TOTAL	BFS	3/bfs-first	1730359	1438200	0.8312
LIST_EXNEXT_1000_ENTRIES_REPEAT10_TOTAL	BFS	4/pfs3-first	1577078	1481655	0.9395
LIST_EXNEXT_1000_ENTRIES_REPEAT10_TOTAL	BFS	5/bfs-first	1660984	1571574	0.9462
LIST_EXNEXT_1000_ENTRIES_REPEAT10_TOTAL	BFS	6/pfs3-first	1477497	1368057	0.9259
LIST_EXNEXT_1000_ENTRIES_REPEAT10_TOTAL	BFS	7/bfs-first	1529848	1436024	0.9387
LIST_EXNEXT_1000_ENTRIES_REPEAT10_TOTAL	BFS	8/pfs3-first	1742262	1399416	0.8032
LIST_EXNEXT_1000_ENTRIES_REPEAT10_TOTAL	PFS3	1/bfs-first	280639	282111	1.0052
LIST_EXNEXT_1000_ENTRIES_REPEAT10_TOTAL	PFS3	2/pfs3-first	286142	283583	0.9911
LIST_EXNEXT_1000_ENTRIES_REPEAT10_TOTAL	PFS3	3/bfs-first	288188	335678	1.1648
LIST_EXNEXT_1000_ENTRIES_REPEAT10_TOTAL	PFS3	4/pfs3-first	281663	303166	1.0763
LIST_EXNEXT_1000_ENTRIES_REPEAT10_TOTAL	PFS3	5/bfs-first	286973	372093	1.2966
LIST_EXNEXT_1000_ENTRIES_REPEAT10_TOTAL	PFS3	6/pfs3-first	329599	286079	0.8680
LIST_EXNEXT_1000_ENTRIES_REPEAT10_TOTAL	PFS3	7/bfs-first	350335	304188	0.8683
LIST_EXNEXT_1000_ENTRIES_REPEAT10_TOTAL	PFS3	8/pfs3-first	325630	304893	0.9363
LIST_EXALL_1000_ENTRIES_FIRST_PASS	BFS	1/bfs-first	89791	81216	0.9045
LIST_EXALL_1000_ENTRIES_FIRST_PASS	BFS	2/pfs3-first	119039	88128	0.7403
LIST_EXALL_1000_ENTRIES_FIRST_PASS	BFS	3/bfs-first	98880	79999	0.8091
LIST_EXALL_1000_ENTRIES_FIRST_PASS	BFS	4/pfs3-first	87488	81472	0.9312
LIST_EXALL_1000_ENTRIES_FIRST_PASS	BFS	5/bfs-first	95808	80960	0.8450
LIST_EXALL_1000_ENTRIES_FIRST_PASS	BFS	6/pfs3-first	93696	73216	0.7814
LIST_EXALL_1000_ENTRIES_FIRST_PASS	BFS	7/bfs-first	118975	83390	0.7009
LIST_EXALL_1000_ENTRIES_FIRST_PASS	BFS	8/pfs3-first	88513	81537	0.9212
LIST_EXALL_1000_ENTRIES_FIRST_PASS	PFS3	1/bfs-first	6400	6336	0.9900
LIST_EXALL_1000_ENTRIES_FIRST_PASS	PFS3	2/pfs3-first	6529	6335	0.9703
LIST_EXALL_1000_ENTRIES_FIRST_PASS	PFS3	3/bfs-first	6528	6656	1.0196
LIST_EXALL_1000_ENTRIES_FIRST_PASS	PFS3	4/pfs3-first	7488	6398	0.8544
LIST_EXALL_1000_ENTRIES_FIRST_PASS	PFS3	5/bfs-first	6592	9023	1.3688
LIST_EXALL_1000_ENTRIES_FIRST_PASS	PFS3	6/pfs3-first	8257	6593	0.7985
LIST_EXALL_1000_ENTRIES_FIRST_PASS	PFS3	7/bfs-first	7231	7551	1.0443
LIST_EXALL_1000_ENTRIES_FIRST_PASS	PFS3	8/pfs3-first	6463	7936	1.2279
LIST_EXALL_1000_ENTRIES_REPEAT10_TOTAL	BFS	1/bfs-first	989369	886972	0.8965
LIST_EXALL_1000_ENTRIES_REPEAT10_TOTAL	BFS	2/pfs3-first	894460	935866	1.0463
LIST_EXALL_1000_ENTRIES_REPEAT10_TOTAL	BFS	3/bfs-first	1015271	887997	0.8746
LIST_EXALL_1000_ENTRIES_REPEAT10_TOTAL	BFS	4/pfs3-first	1125690	889019	0.7898
LIST_EXALL_1000_ENTRIES_REPEAT10_TOTAL	BFS	5/bfs-first	884667	823931	0.9313
LIST_EXALL_1000_ENTRIES_REPEAT10_TOTAL	BFS	6/pfs3-first	959739	774589	0.8071
LIST_EXALL_1000_ENTRIES_REPEAT10_TOTAL	BFS	7/bfs-first	1026617	855418	0.8332
LIST_EXALL_1000_ENTRIES_REPEAT10_TOTAL	BFS	8/pfs3-first	968569	890107	0.9190
LIST_EXALL_1000_ENTRIES_REPEAT10_TOTAL	PFS3	1/bfs-first	49920	51328	1.0282
LIST_EXALL_1000_ENTRIES_REPEAT10_TOTAL	PFS3	2/pfs3-first	55550	50239	0.9044
LIST_EXALL_1000_ENTRIES_REPEAT10_TOTAL	PFS3	3/bfs-first	49536	50048	1.0103
LIST_EXALL_1000_ENTRIES_REPEAT10_TOTAL	PFS3	4/pfs3-first	51007	55743	1.0929
LIST_EXALL_1000_ENTRIES_REPEAT10_TOTAL	PFS3	5/bfs-first	51585	50559	0.9801
LIST_EXALL_1000_ENTRIES_REPEAT10_TOTAL	PFS3	6/pfs3-first	51117	51072	0.9991
LIST_EXALL_1000_ENTRIES_REPEAT10_TOTAL	PFS3	7/bfs-first	50751	51263	1.0101
LIST_EXALL_1000_ENTRIES_REPEAT10_TOTAL	PFS3	8/pfs3-first	51456	50501	0.9814

Paired sparse/M5 aggregate across all repeats.
phase	filesystem	sparse_over_M5_min	sparse_over_M5_median	sparse_over_M5_max	sparse_slower_pairs
SMALL_CREATE_40	BFS	0.5673	1.0604	2.2660	6/8
SMALL_CREATE_40	PFS3	0.8391	1.0236	1.2543	5/8
LOOKUP_400	BFS	0.9036	1.0079	1.3146	5/8
LOOKUP_400	PFS3	0.6375	0.9915	2.0404	2/8
SMALL_READ_40	BFS	0.7637	1.0235	1.8231	5/8
SMALL_READ_40	PFS3	0.7500	0.9873	2.3576	3/8
LIST_EXNEXT_400	BFS	0.5346	0.9720	1.6832	3/8
LIST_EXNEXT_400	PFS3	0.9542	1.0156	1.7501	7/8
LIST_EXALL_400	BFS	0.4028	0.9998	1.7306	4/8
LIST_EXALL_400	PFS3	0.8889	1.0296	1.5996	5/8
SEQ_WRITE_8M	BFS	0.5381	0.9770	2.1523	3/8
SEQ_WRITE_8M	PFS3	0.7591	1.0439	1.3212	5/8
SEQ_READ_8M	BFS	0.7600	0.9516	1.0675	2/8
SEQ_READ_8M	PFS3	0.7867	1.0051	1.2213	4/8
SMALL_DELETE_40	BFS	0.9362	0.9995	1.3364	3/8
SMALL_DELETE_40	PFS3	0.8999	1.0071	2.8514	5/8
APPEND_4K_1M	BFS	0.9554	1.0695	1.6580	5/8
APPEND_4K_1M	PFS3	0.9024	0.9661	1.3121	3/8
APPEND_1K_256K	BFS	0.9106	1.0181	1.2683	5/8
APPEND_1K_256K	PFS3	0.9642	1.0041	1.2412	4/8
APPEND_READ_1280K	BFS	0.9306	0.9963	1.1173	3/8
APPEND_READ_1280K	PFS3	0.8622	1.0000	1.2873	3/8
LIST_EXNEXT_40_ENTRIES_FIRST_PASS	BFS	0.8788	0.9300	0.9800	0/8
LIST_EXNEXT_40_ENTRIES_FIRST_PASS	PFS3	0.8960	0.9429	1.8895	2/8
LIST_EXNEXT_40_ENTRIES_REPEAT10_TOTAL	BFS	0.9728	1.0110	1.7015	5/8
LIST_EXNEXT_40_ENTRIES_REPEAT10_TOTAL	PFS3	0.9592	1.0000	1.1950	4/8
LIST_EXALL_40_ENTRIES_FIRST_PASS	BFS	0.7460	0.9121	1.3270	3/8
LIST_EXALL_40_ENTRIES_FIRST_PASS	PFS3	0.7764	1.0000	1.3000	3/8
LIST_EXALL_40_ENTRIES_REPEAT10_TOTAL	BFS	0.9528	0.9935	1.3750	3/8
LIST_EXALL_40_ENTRIES_REPEAT10_TOTAL	PFS3	0.9299	1.0773	1.8970	6/8
LIST_EXNEXT_400_ENTRIES_FIRST_PASS	BFS	0.8004	0.9327	1.0325	1/8
LIST_EXNEXT_400_ENTRIES_FIRST_PASS	PFS3	0.9698	1.0441	1.6155	6/8
LIST_EXNEXT_400_ENTRIES_REPEAT10_TOTAL	BFS	0.7321	0.9601	1.0650	4/8
LIST_EXNEXT_400_ENTRIES_REPEAT10_TOTAL	PFS3	0.9217	1.0184	1.2724	5/8
LIST_EXALL_400_ENTRIES_FIRST_PASS	BFS	0.6546	0.9071	1.5680	2/8
LIST_EXALL_400_ENTRIES_FIRST_PASS	PFS3	0.6267	0.9413	2.0686	3/8
LIST_EXALL_400_ENTRIES_REPEAT10_TOTAL	BFS	0.7581	0.8861	1.0612	2/8
LIST_EXALL_400_ENTRIES_REPEAT10_TOTAL	PFS3	0.8212	1.0607	2.1822	5/8
LIST_EXNEXT_1000_ENTRIES_FIRST_PASS	BFS	0.5940	0.9680	1.3603	2/8
LIST_EXNEXT_1000_ENTRIES_FIRST_PASS	PFS3	0.9254	0.9774	1.6528	3/8
LIST_EXNEXT_1000_ENTRIES_REPEAT10_TOTAL	BFS	0.8032	0.9391	1.1357	2/8
LIST_EXNEXT_1000_ENTRIES_REPEAT10_TOTAL	PFS3	0.8680	0.9982	1.2966	4/8
LIST_EXALL_1000_ENTRIES_FIRST_PASS	BFS	0.7009	0.8270	0.9312	0/8
LIST_EXALL_1000_ENTRIES_FIRST_PASS	PFS3	0.7985	1.0048	1.3688	4/8
LIST_EXALL_1000_ENTRIES_REPEAT10_TOTAL	BFS	0.7898	0.8856	1.0463	1/8
LIST_EXALL_1000_ENTRIES_REPEAT10_TOTAL	PFS3	0.9044	1.0046	1.0929	4/8

== Deep diagnostic counters (schema 15; BFS raw counters only)
Counts, samples and sampled ticks are emitted as recorded; no exclusive CPU attribution or extrapolation is made.
variant	repeat	order	phase	BIO_READS	CACHE_READ_CALLS	CACHE_READ_HITS	CACHE_READ_MISSES	INODE_READ_CALLS	NODE_CRC_READ_CALLS	NODE_CRC_READ_SAMPLES	NODE_CRC_READ_SAMPLE_TICKS	NODE_CRC_WRITE_CALLS	NODE_CRC_WRITE_SAMPLES	NODE_CRC_WRITE_SAMPLE_TICKS	DIR_TREE_NODE_VIEWS	DIR_TREE_RESIDENT_VIEWS	DIR_TREE_LEAF_NODE_VIEWS	DIR_TREE_LEAF_RESIDENT_VIEWS	DIR_TREE_INTERNAL_NODE_VIEWS	DIR_TREE_INTERNAL_RESIDENT_VIEWS	INODE_TREE_NODE_VIEWS	INODE_TREE_RESIDENT_VIEWS	INODE_TREE_LEAF_NODE_VIEWS	INODE_TREE_LEAF_RESIDENT_VIEWS	INODE_TREE_INTERNAL_NODE_VIEWS	INODE_TREE_INTERNAL_RESIDENT_VIEWS
m5	1	bfs-first	LIST_EXNEXT_40_ENTRIES_FIRST_PASS	7	9	2	7	41	7	0	0	0	0	0	36	30	11	6	25	24	4	1	2	0	2	1
m5	1	bfs-first	LIST_EXNEXT_40_ENTRIES_REPEAT10_TOTAL	0	0	0	0	410	0	0	0	0	0	0	320	320	100	100	220	220	0	0	0	0	0	0
m5	1	bfs-first	LIST_EXALL_40_ENTRIES_FIRST_PASS	7	7	0	7	40	7	0	0	0	0	0	20	14	7	2	13	12	2	1	1	0	1	1
m5	1	bfs-first	LIST_EXALL_40_ENTRIES_REPEAT10_TOTAL	0	0	0	0	400	0	0	0	0	0	0	160	160	60	60	100	100	0	0	0	0	0	0
m5	1	bfs-first	LIST_EXNEXT_400_ENTRIES_FIRST_PASS	65	65	0	65	401	65	1	273	0	0	0	264	219	85	44	179	175	40	20	20	0	20	20
m5	1	bfs-first	LIST_EXNEXT_400_ENTRIES_REPEAT10_TOTAL	680	680	0	680	4010	680	10	1547	0	0	0	2644	2144	851	411	1793	1733	360	180	180	0	180	180
m5	1	bfs-first	LIST_EXALL_400_ENTRIES_FIRST_PASS	70	70	0	70	404	70	1	136	0	0	0	122	72	50	6	72	66	40	20	20	0	20	20
m5	1	bfs-first	LIST_EXALL_400_ENTRIES_REPEAT10_TOTAL	692	692	0	692	4040	692	10	1543	0	0	0	1184	682	491	50	693	632	380	190	190	0	190	190
m5	1	bfs-first	LIST_EXNEXT_1000_ENTRIES_FIRST_PASS	182	182	0	182	1001	182	2	317	0	0	0	672	552	216	108	456	444	124	62	62	0	62	62
m5	1	bfs-first	LIST_EXNEXT_1000_ENTRIES_REPEAT10_TOTAL	1840	1840	0	1840	10010	1840	28	5093	0	0	0	6684	5444	2151	1061	4533	4383	1200	600	600	0	600	600
m5	1	bfs-first	LIST_EXALL_1000_ENTRIES_FIRST_PASS	175	175	0	175	1010	175	2	227	0	0	0	283	167	118	15	165	152	118	59	59	0	59	59
m5	1	bfs-first	LIST_EXALL_1000_ENTRIES_REPEAT10_TOTAL	1713	1713	0	1713	10100	1713	26	4191	0	0	0	2794	1641	1171	140	1623	1501	1120	560	560	0	560	560
m5	2	pfs3-first	LIST_EXNEXT_40_ENTRIES_FIRST_PASS	7	9	2	7	41	7	0	0	0	0	0	36	30	11	6	25	24	4	1	2	0	2	1
m5	2	pfs3-first	LIST_EXNEXT_40_ENTRIES_REPEAT10_TOTAL	0	0	0	0	410	0	0	0	0	0	0	320	320	100	100	220	220	0	0	0	0	0	0
m5	2	pfs3-first	LIST_EXALL_40_ENTRIES_FIRST_PASS	7	7	0	7	40	7	0	0	0	0	0	20	14	7	2	13	12	2	1	1	0	1	1
m5	2	pfs3-first	LIST_EXALL_40_ENTRIES_REPEAT10_TOTAL	0	0	0	0	400	0	0	0	0	0	0	160	160	60	60	100	100	0	0	0	0	0	0
m5	2	pfs3-first	LIST_EXNEXT_400_ENTRIES_FIRST_PASS	65	65	0	65	401	65	1	137	0	0	0	264	219	85	44	179	175	40	20	20	0	20	20
m5	2	pfs3-first	LIST_EXNEXT_400_ENTRIES_REPEAT10_TOTAL	680	680	0	680	4010	680	10	1771	0	0	0	2644	2144	851	411	1793	1733	360	180	180	0	180	180
m5	2	pfs3-first	LIST_EXALL_400_ENTRIES_FIRST_PASS	70	70	0	70	404	70	1	136	0	0	0	122	72	50	6	72	66	40	20	20	0	20	20
m5	2	pfs3-first	LIST_EXALL_400_ENTRIES_REPEAT10_TOTAL	692	692	0	692	4040	692	10	1427	0	0	0	1184	682	491	50	693	632	380	190	190	0	190	190
m5	2	pfs3-first	LIST_EXNEXT_1000_ENTRIES_FIRST_PASS	182	182	0	182	1001	182	2	272	0	0	0	672	552	216	108	456	444	124	62	62	0	62	62
m5	2	pfs3-first	LIST_EXNEXT_1000_ENTRIES_REPEAT10_TOTAL	1840	1840	0	1840	10010	1840	28	4042	0	0	0	6684	5444	2151	1061	4533	4383	1200	600	600	0	600	600
m5	2	pfs3-first	LIST_EXALL_1000_ENTRIES_FIRST_PASS	175	175	0	175	1010	175	2	318	0	0	0	283	167	118	15	165	152	118	59	59	0	59	59
m5	2	pfs3-first	LIST_EXALL_1000_ENTRIES_REPEAT10_TOTAL	1713	1713	0	1713	10100	1713	26	3912	0	0	0	2794	1641	1171	140	1623	1501	1120	560	560	0	560	560
sparse	1	bfs-first	LIST_EXNEXT_40_ENTRIES_FIRST_PASS	7	9	2	7	41	7	0	0	0	0	0	36	30	11	6	25	24	4	1	2	0	2	1
sparse	1	bfs-first	LIST_EXNEXT_40_ENTRIES_REPEAT10_TOTAL	0	0	0	0	410	0	0	0	0	0	0	320	320	100	100	220	220	0	0	0	0	0	0
sparse	1	bfs-first	LIST_EXALL_40_ENTRIES_FIRST_PASS	7	7	0	7	40	7	0	0	0	0	0	20	14	7	2	13	12	2	1	1	0	1	1
sparse	1	bfs-first	LIST_EXALL_40_ENTRIES_REPEAT10_TOTAL	0	0	0	0	400	0	0	0	0	0	0	160	160	60	60	100	100	0	0	0	0	0	0
sparse	1	bfs-first	LIST_EXNEXT_400_ENTRIES_FIRST_PASS	65	65	0	65	401	65	1	136	0	0	0	264	219	85	44	179	175	40	20	20	0	20	20
sparse	1	bfs-first	LIST_EXNEXT_400_ENTRIES_REPEAT10_TOTAL	680	680	0	680	4010	680	10	976	0	0	0	2644	2144	851	411	1793	1733	360	180	180	0	180	180
sparse	1	bfs-first	LIST_EXALL_400_ENTRIES_FIRST_PASS	70	70	0	70	404	70	1	136	0	0	0	122	72	50	6	72	66	40	20	20	0	20	20
sparse	1	bfs-first	LIST_EXALL_400_ENTRIES_REPEAT10_TOTAL	692	692	0	692	4040	692	10	885	0	0	0	1184	682	491	50	693	632	380	190	190	0	190	190
sparse	1	bfs-first	LIST_EXNEXT_1000_ENTRIES_FIRST_PASS	182	182	0	182	1001	182	2	318	0	0	0	672	552	216	108	456	444	124	62	62	0	62	62
sparse	1	bfs-first	LIST_EXNEXT_1000_ENTRIES_REPEAT10_TOTAL	1840	1840	0	1840	10010	1840	28	3012	0	0	0	6684	5444	2151	1061	4533	4383	1200	600	600	0	600	600
sparse	1	bfs-first	LIST_EXALL_1000_ENTRIES_FIRST_PASS	175	175	0	175	1010	175	2	226	0	0	0	283	167	118	15	165	152	118	59	59	0	59	59
sparse	1	bfs-first	LIST_EXALL_1000_ENTRIES_REPEAT10_TOTAL	1713	1713	0	1713	10100	1713	26	2878	0	0	0	2794	1641	1171	140	1623	1501	1120	560	560	0	560	560
sparse	2	pfs3-first	LIST_EXNEXT_40_ENTRIES_FIRST_PASS	7	9	2	7	41	7	0	0	0	0	0	36	30	11	6	25	24	4	1	2	0	2	1
sparse	2	pfs3-first	LIST_EXNEXT_40_ENTRIES_REPEAT10_TOTAL	0	0	0	0	410	0	0	0	0	0	0	320	320	100	100	220	220	0	0	0	0	0	0
sparse	2	pfs3-first	LIST_EXALL_40_ENTRIES_FIRST_PASS	7	7	0	7	40	7	0	0	0	0	0	20	14	7	2	13	12	2	1	1	0	1	1
sparse	2	pfs3-first	LIST_EXALL_40_ENTRIES_REPEAT10_TOTAL	0	0	0	0	400	0	0	0	0	0	0	160	160	60	60	100	100	0	0	0	0	0	0
sparse	2	pfs3-first	LIST_EXNEXT_400_ENTRIES_FIRST_PASS	65	65	0	65	401	65	1	136	0	0	0	264	219	85	44	179	175	40	20	20	0	20	20
sparse	2	pfs3-first	LIST_EXNEXT_400_ENTRIES_REPEAT10_TOTAL	680	680	0	680	4010	680	10	1272	0	0	0	2644	2144	851	411	1793	1733	360	180	180	0	180	180
sparse	2	pfs3-first	LIST_EXALL_400_ENTRIES_FIRST_PASS	70	70	0	70	404	70	1	136	0	0	0	122	72	50	6	72	66	40	20	20	0	20	20
sparse	2	pfs3-first	LIST_EXALL_400_ENTRIES_REPEAT10_TOTAL	692	692	0	692	4040	692	10	908	0	0	0	1184	682	491	50	693	632	380	190	190	0	190	190
sparse	2	pfs3-first	LIST_EXNEXT_1000_ENTRIES_FIRST_PASS	182	182	0	182	1001	182	2	182	0	0	0	672	552	216	108	456	444	124	62	62	0	62	62
sparse	2	pfs3-first	LIST_EXNEXT_1000_ENTRIES_REPEAT10_TOTAL	1840	1840	0	1840	10010	1840	28	2784	0	0	0	6684	5444	2151	1061	4533	4383	1200	600	600	0	600	600
sparse	2	pfs3-first	LIST_EXALL_1000_ENTRIES_FIRST_PASS	175	175	0	175	1010	175	2	249	0	0	0	283	167	118	15	165	152	118	59	59	0	59	59
sparse	2	pfs3-first	LIST_EXALL_1000_ENTRIES_REPEAT10_TOTAL	1713	1713	0	1713	10100	1713	26	2957	0	0	0	2794	1641	1171	140	1623	1501	1120	560	560	0	560	560

QUALIFICATION INVENTORY: all 40 required runs verified.
