FS_SPLIT_COMPARE	2
DRIVE	DH1:
DURABLE_MODE	0
PROBE_ENABLED	1
SMALL_CREATE_40_US	38848
SMALL_CREATE_40_WORK_US	38848
SMALL_CREATE_40_VOLUME_FLUSH_US	0
SMALL_CREATE_40_HAS_VOLUME_FLUSH	0
SMALL_CREATE_40_GUEST_OPEN_CALLS	40
SMALL_CREATE_40_GUEST_OPEN_US	22460
SMALL_CREATE_40_GUEST_READ_CALLS	0
SMALL_CREATE_40_GUEST_READ_US	0
SMALL_CREATE_40_GUEST_WRITE_CALLS	40
SMALL_CREATE_40_GUEST_WRITE_US	13352
SMALL_CREATE_40_GUEST_HANDLE_FLUSH_CALLS	40
SMALL_CREATE_40_GUEST_HANDLE_FLUSH_US	229
SMALL_CREATE_40_GUEST_CLOSE_CALLS	40
SMALL_CREATE_40_GUEST_CLOSE_US	1787
SMALL_CREATE_40_GUEST_VERIFY_CALLS	0
SMALL_CREATE_40_GUEST_VERIFY_US	0
SMALL_CREATE_40_WORK_BIO_READS	0
SMALL_CREATE_40_WORK_BIO_WRITES	40
SMALL_CREATE_40_WORK_BIO_UPDATES	0
SMALL_CREATE_40_WORK_DATA_READS	0
SMALL_CREATE_40_WORK_DATA_WRITES	40
SMALL_CREATE_40_WORK_NODE_WRITES	0
SMALL_CREATE_40_WORK_TXN_COMMITS	0
SMALL_CREATE_40_WORK_EXTENT_MAPS	40
SMALL_CREATE_40_WORK_READ_TICKS	0
SMALL_CREATE_40_WORK_WRITE_TICKS	1098
SMALL_CREATE_40_WORK_UPDATE_TICKS	0
SMALL_CREATE_40_WORK_DATA_READ_TICKS	0
SMALL_CREATE_40_WORK_DATA_WRITE_TICKS	1098
SMALL_CREATE_40_WORK_NODE_CRC_READ_CALLS	0
SMALL_CREATE_40_WORK_NODE_CRC_READ_SAMPLES	0
SMALL_CREATE_40_WORK_NODE_CRC_READ_SAMPLE_TICKS	0
SMALL_CREATE_40_WORK_NODE_CRC_WRITE_CALLS	0
SMALL_CREATE_40_WORK_NODE_CRC_WRITE_SAMPLES	0
SMALL_CREATE_40_WORK_NODE_CRC_WRITE_SAMPLE_TICKS	0
SMALL_CREATE_40_WORK_CLOCK_PAIR_TICKS	1
SMALL_CREATE_40_WORK_PACKET_CALLS	120
SMALL_CREATE_40_WORK_PACKET_SAMPLES	120
SMALL_CREATE_40_WORK_PACKET_SAMPLE_TICKS	22334
SMALL_CREATE_40_WORK_PACKET_OPEN_CALLS	40
SMALL_CREATE_40_WORK_PACKET_OPEN_SAMPLES	40
SMALL_CREATE_40_WORK_PACKET_OPEN_SAMPLE_TICKS	13451
SMALL_CREATE_40_WORK_PACKET_READ_CALLS	0
SMALL_CREATE_40_WORK_PACKET_READ_SAMPLES	0
SMALL_CREATE_40_WORK_PACKET_READ_SAMPLE_TICKS	0
SMALL_CREATE_40_WORK_PACKET_WRITE_CALLS	40
SMALL_CREATE_40_WORK_PACKET_WRITE_SAMPLES	40
SMALL_CREATE_40_WORK_PACKET_WRITE_SAMPLE_TICKS	8581
SMALL_CREATE_40_WORK_PACKET_END_CALLS	40
SMALL_CREATE_40_WORK_PACKET_END_SAMPLES	40
SMALL_CREATE_40_WORK_PACKET_END_SAMPLE_TICKS	302
SMALL_CREATE_40_WORK_PACKET_DELETE_CALLS	0
SMALL_CREATE_40_WORK_PACKET_DELETE_SAMPLES	0
SMALL_CREATE_40_WORK_PACKET_DELETE_SAMPLE_TICKS	0
SMALL_CREATE_40_WORK_PACKET_FLUSH_CALLS	0
SMALL_CREATE_40_WORK_PACKET_FLUSH_SAMPLES	0
SMALL_CREATE_40_WORK_PACKET_FLUSH_SAMPLE_TICKS	0
SMALL_CREATE_40_WORK_PACKET_OTHER_CALLS	0
SMALL_CREATE_40_WORK_PACKET_OTHER_SAMPLES	0
SMALL_CREATE_40_WORK_PACKET_OTHER_SAMPLE_TICKS	0
SMALL_CREATE_40_WORK_CORE_CREATE_CALLS	40
SMALL_CREATE_40_WORK_CORE_CREATE_SAMPLES	40
SMALL_CREATE_40_WORK_CORE_CREATE_SAMPLE_TICKS	7287
SMALL_CREATE_40_WORK_CORE_DELETE_CALLS	0
SMALL_CREATE_40_WORK_CORE_DELETE_SAMPLES	0
SMALL_CREATE_40_WORK_CORE_DELETE_SAMPLE_TICKS	0
SMALL_CREATE_40_WORK_CORE_FILE_WRITE_CALLS	40
SMALL_CREATE_40_WORK_CORE_FILE_WRITE_SAMPLES	40
SMALL_CREATE_40_WORK_CORE_FILE_WRITE_SAMPLE_TICKS	7463
SMALL_CREATE_40_WORK_CORE_SYNC_CALLS	0
SMALL_CREATE_40_WORK_CORE_SYNC_SAMPLES	0
SMALL_CREATE_40_WORK_CORE_SYNC_SAMPLE_TICKS	0
SMALL_CREATE_40_WORK_IFACE_FREE_CALLS	0
SMALL_CREATE_40_WORK_IFACE_FREE_SAMPLES	0
SMALL_CREATE_40_WORK_IFACE_FREE_SAMPLE_TICKS	0
SMALL_CREATE_40_WORK_SEAL_COMMIT_CALLS	0
SMALL_CREATE_40_WORK_SEAL_COMMIT_SAMPLES	0
SMALL_CREATE_40_WORK_SEAL_COMMIT_SAMPLE_TICKS	0
SMALL_CREATE_40_WORK_INODE_READ_CALLS	200
SMALL_CREATE_40_WORK_BTREE_SEARCH_CALLS	280
SMALL_CREATE_40_WORK_BTREE_INDEX_HINT_HITS	120
SMALL_CREATE_40_WORK_BTREE_LEAF_HINT_HITS	0
SMALL_CREATE_40_WORK_CACHE_READ_CALLS	9
SMALL_CREATE_40_WORK_CACHE_READ_HITS	9
SMALL_CREATE_40_WORK_CACHE_READ_MISSES	0
SMALL_CREATE_40_WORK_FREE_TREE_NODE_VIEWS	45
SMALL_CREATE_40_WORK_FREE_TREE_RESIDENT_VIEWS	45
SMALL_CREATE_40_WORK_DIR_TREE_NODE_VIEWS	136
SMALL_CREATE_40_WORK_DIR_TREE_RESIDENT_VIEWS	136
SMALL_CREATE_40_WORK_INODE_TREE_NODE_VIEWS	80
SMALL_CREATE_40_WORK_INODE_TREE_RESIDENT_VIEWS	80
SMALL_CREATE_40_WORK_REFCOUNT_TREE_NODE_VIEWS	0
SMALL_CREATE_40_WORK_REFCOUNT_TREE_RESIDENT_VIEWS	0
SMALL_CREATE_40_WORK_OTHER_TREE_NODE_VIEWS	0
SMALL_CREATE_40_WORK_OTHER_TREE_RESIDENT_VIEWS	0
SMALL_CREATE_40_WORK_WRITE_DETAIL_INODE_READ_CALLS	200
SMALL_CREATE_40_WORK_WRITE_DETAIL_INODE_READ_SAMPLES	200
SMALL_CREATE_40_WORK_WRITE_DETAIL_INODE_READ_SAMPLE_TICKS	4358
SMALL_CREATE_40_WORK_WRITE_DETAIL_INODE_WRITE_CALLS	80
SMALL_CREATE_40_WORK_WRITE_DETAIL_INODE_WRITE_SAMPLES	80
SMALL_CREATE_40_WORK_WRITE_DETAIL_INODE_WRITE_SAMPLE_TICKS	2884
SMALL_CREATE_40_WORK_WRITE_DETAIL_EXTENT_MAP_CALLS	40
SMALL_CREATE_40_WORK_WRITE_DETAIL_EXTENT_MAP_SAMPLES	40
SMALL_CREATE_40_WORK_WRITE_DETAIL_EXTENT_MAP_SAMPLE_TICKS	227
SMALL_CREATE_40_WORK_WRITE_DETAIL_FREESPACE_GOAL_CALLS	40
SMALL_CREATE_40_WORK_WRITE_DETAIL_FREESPACE_GOAL_SAMPLES	40
SMALL_CREATE_40_WORK_WRITE_DETAIL_FREESPACE_GOAL_SAMPLE_TICKS	32
SMALL_CREATE_40_WORK_BTREE_MALLOC_CALLS	0
SMALL_CREATE_40_WORK_BTREE_MALLOC_SAMPLES	0
SMALL_CREATE_40_WORK_BTREE_MALLOC_SAMPLE_TICKS	0
SMALL_CREATE_40_WORK_BTREE_FREE_CALLS	40
SMALL_CREATE_40_WORK_BTREE_FREE_SAMPLES	40
SMALL_CREATE_40_WORK_BTREE_FREE_SAMPLE_TICKS	37
SMALL_CREATE_40_WORK_IFACE_ALLOC_CALLS	5
SMALL_CREATE_40_WORK_IFACE_ALLOC_SAMPLES	5
SMALL_CREATE_40_WORK_IFACE_ALLOC_SAMPLE_TICKS	272
SMALL_CREATE_40_WORK_FREESPACE_ALLOC_CALLS	45
SMALL_CREATE_40_WORK_FREESPACE_ALLOC_SAMPLES	45
SMALL_CREATE_40_WORK_FREESPACE_ALLOC_SAMPLE_TICKS	2346
SMALL_CREATE_40_WORK_DETAIL_INODE_READ_CALLS	200
SMALL_CREATE_40_WORK_DETAIL_INODE_READ_SAMPLES	11
SMALL_CREATE_40_WORK_DETAIL_INODE_READ_SAMPLE_TICKS	233
SMALL_CREATE_40_WORK_DETAIL_INODE_VALIDATE_CALLS	280
SMALL_CREATE_40_WORK_DETAIL_INODE_VALIDATE_SAMPLES	16
SMALL_CREATE_40_WORK_DETAIL_INODE_VALIDATE_SAMPLE_TICKS	0
SMALL_CREATE_40_WORK_DETAIL_INODE_SEARCH_CALLS	200
SMALL_CREATE_40_WORK_DETAIL_INODE_SEARCH_SAMPLES	11
SMALL_CREATE_40_WORK_DETAIL_INODE_SEARCH_SAMPLE_TICKS	137
SMALL_CREATE_40_WORK_DETAIL_INODE_NODE_VIEW_CALLS	80
SMALL_CREATE_40_WORK_DETAIL_INODE_NODE_VIEW_SAMPLES	4
SMALL_CREATE_40_WORK_DETAIL_INODE_NODE_VIEW_SAMPLE_TICKS	0
SMALL_CREATE_40_WORK_DETAIL_DIR_NODE_VIEW_CALLS	136
SMALL_CREATE_40_WORK_DETAIL_DIR_NODE_VIEW_SAMPLES	8
SMALL_CREATE_40_WORK_DETAIL_DIR_NODE_VIEW_SAMPLE_TICKS	45
SMALL_CREATE_40_WORK_DETAIL_INODE_BINARY_SEARCH_CALLS	200
SMALL_CREATE_40_WORK_DETAIL_INODE_BINARY_SEARCH_SAMPLES	11
SMALL_CREATE_40_WORK_DETAIL_INODE_BINARY_SEARCH_SAMPLE_TICKS	89
SMALL_CREATE_40_WORK_DETAIL_DIR_BINARY_SEARCH_CALLS	246
SMALL_CREATE_40_WORK_DETAIL_DIR_BINARY_SEARCH_SAMPLES	14
SMALL_CREATE_40_WORK_DETAIL_DIR_BINARY_SEARCH_SAMPLE_TICKS	57
SMALL_CREATE_40_WORK_DETAIL_NODE_STRUCTURE_CALLS	14
SMALL_CREATE_40_WORK_DETAIL_NODE_STRUCTURE_SAMPLES	0
SMALL_CREATE_40_WORK_DETAIL_NODE_STRUCTURE_SAMPLE_TICKS	0
SMALL_CREATE_40_WORK_DETAIL_CACHE_PEEK_CALLS	449
SMALL_CREATE_40_WORK_DETAIL_CACHE_PEEK_SAMPLES	26
SMALL_CREATE_40_WORK_DETAIL_CACHE_PEEK_SAMPLE_TICKS	89
SMALL_CREATE_40_WORK_DETAIL_BUFFER_ALLOC_CALLS	219
SMALL_CREATE_40_WORK_DETAIL_BUFFER_ALLOC_SAMPLES	12
SMALL_CREATE_40_WORK_DETAIL_BUFFER_ALLOC_SAMPLE_TICKS	0
SMALL_CREATE_40_WORK_DETAIL_BUFFER_FREE_CALLS	223
SMALL_CREATE_40_WORK_DETAIL_BUFFER_FREE_SAMPLES	13
SMALL_CREATE_40_WORK_DETAIL_BUFFER_FREE_SAMPLE_TICKS	0
SMALL_CREATE_40_WORK_DETAIL_EXALL_FILL_CALLS	0
SMALL_CREATE_40_WORK_DETAIL_EXALL_FILL_SAMPLES	0
SMALL_CREATE_40_WORK_DETAIL_EXALL_FILL_SAMPLE_TICKS	0
SMALL_CREATE_40_WORK_FREESPACE_ALLOCS	45
SMALL_CREATE_40_VOLUME_FLUSH_BIO_READS	0
SMALL_CREATE_40_VOLUME_FLUSH_BIO_WRITES	0
SMALL_CREATE_40_VOLUME_FLUSH_BIO_UPDATES	0
SMALL_CREATE_40_VOLUME_FLUSH_DATA_READS	0
SMALL_CREATE_40_VOLUME_FLUSH_DATA_WRITES	0
SMALL_CREATE_40_VOLUME_FLUSH_NODE_WRITES	0
SMALL_CREATE_40_VOLUME_FLUSH_TXN_COMMITS	0
SMALL_CREATE_40_VOLUME_FLUSH_EXTENT_MAPS	0
SMALL_CREATE_40_VOLUME_FLUSH_READ_TICKS	0
SMALL_CREATE_40_VOLUME_FLUSH_WRITE_TICKS	0
SMALL_CREATE_40_VOLUME_FLUSH_UPDATE_TICKS	0
SMALL_CREATE_40_VOLUME_FLUSH_DATA_READ_TICKS	0
SMALL_CREATE_40_VOLUME_FLUSH_DATA_WRITE_TICKS	0
SMALL_CREATE_40_VOLUME_FLUSH_NODE_CRC_READ_CALLS	0
SMALL_CREATE_40_VOLUME_FLUSH_NODE_CRC_READ_SAMPLES	0
SMALL_CREATE_40_VOLUME_FLUSH_NODE_CRC_READ_SAMPLE_TICKS	0
SMALL_CREATE_40_VOLUME_FLUSH_NODE_CRC_WRITE_CALLS	0
SMALL_CREATE_40_VOLUME_FLUSH_NODE_CRC_WRITE_SAMPLES	0
SMALL_CREATE_40_VOLUME_FLUSH_NODE_CRC_WRITE_SAMPLE_TICKS	0
SMALL_CREATE_40_VOLUME_FLUSH_CLOCK_PAIR_TICKS	0
SMALL_CREATE_40_VOLUME_FLUSH_PACKET_CALLS	0
SMALL_CREATE_40_VOLUME_FLUSH_PACKET_SAMPLES	0
SMALL_CREATE_40_VOLUME_FLUSH_PACKET_SAMPLE_TICKS	0
SMALL_CREATE_40_VOLUME_FLUSH_PACKET_OPEN_CALLS	0
SMALL_CREATE_40_VOLUME_FLUSH_PACKET_OPEN_SAMPLES	0
SMALL_CREATE_40_VOLUME_FLUSH_PACKET_OPEN_SAMPLE_TICKS	0
SMALL_CREATE_40_VOLUME_FLUSH_PACKET_READ_CALLS	0
SMALL_CREATE_40_VOLUME_FLUSH_PACKET_READ_SAMPLES	0
SMALL_CREATE_40_VOLUME_FLUSH_PACKET_READ_SAMPLE_TICKS	0
SMALL_CREATE_40_VOLUME_FLUSH_PACKET_WRITE_CALLS	0
SMALL_CREATE_40_VOLUME_FLUSH_PACKET_WRITE_SAMPLES	0
SMALL_CREATE_40_VOLUME_FLUSH_PACKET_WRITE_SAMPLE_TICKS	0
SMALL_CREATE_40_VOLUME_FLUSH_PACKET_END_CALLS	0
SMALL_CREATE_40_VOLUME_FLUSH_PACKET_END_SAMPLES	0
SMALL_CREATE_40_VOLUME_FLUSH_PACKET_END_SAMPLE_TICKS	0
SMALL_CREATE_40_VOLUME_FLUSH_PACKET_DELETE_CALLS	0
SMALL_CREATE_40_VOLUME_FLUSH_PACKET_DELETE_SAMPLES	0
SMALL_CREATE_40_VOLUME_FLUSH_PACKET_DELETE_SAMPLE_TICKS	0
SMALL_CREATE_40_VOLUME_FLUSH_PACKET_FLUSH_CALLS	0
SMALL_CREATE_40_VOLUME_FLUSH_PACKET_FLUSH_SAMPLES	0
SMALL_CREATE_40_VOLUME_FLUSH_PACKET_FLUSH_SAMPLE_TICKS	0
SMALL_CREATE_40_VOLUME_FLUSH_PACKET_OTHER_CALLS	0
SMALL_CREATE_40_VOLUME_FLUSH_PACKET_OTHER_SAMPLES	0
SMALL_CREATE_40_VOLUME_FLUSH_PACKET_OTHER_SAMPLE_TICKS	0
SMALL_CREATE_40_VOLUME_FLUSH_CORE_CREATE_CALLS	0
SMALL_CREATE_40_VOLUME_FLUSH_CORE_CREATE_SAMPLES	0
SMALL_CREATE_40_VOLUME_FLUSH_CORE_CREATE_SAMPLE_TICKS	0
SMALL_CREATE_40_VOLUME_FLUSH_CORE_DELETE_CALLS	0
SMALL_CREATE_40_VOLUME_FLUSH_CORE_DELETE_SAMPLES	0
SMALL_CREATE_40_VOLUME_FLUSH_CORE_DELETE_SAMPLE_TICKS	0
SMALL_CREATE_40_VOLUME_FLUSH_CORE_FILE_WRITE_CALLS	0
SMALL_CREATE_40_VOLUME_FLUSH_CORE_FILE_WRITE_SAMPLES	0
SMALL_CREATE_40_VOLUME_FLUSH_CORE_FILE_WRITE_SAMPLE_TICKS	0
SMALL_CREATE_40_VOLUME_FLUSH_CORE_SYNC_CALLS	0
SMALL_CREATE_40_VOLUME_FLUSH_CORE_SYNC_SAMPLES	0
SMALL_CREATE_40_VOLUME_FLUSH_CORE_SYNC_SAMPLE_TICKS	0
SMALL_CREATE_40_VOLUME_FLUSH_IFACE_FREE_CALLS	0
SMALL_CREATE_40_VOLUME_FLUSH_IFACE_FREE_SAMPLES	0
SMALL_CREATE_40_VOLUME_FLUSH_IFACE_FREE_SAMPLE_TICKS	0
SMALL_CREATE_40_VOLUME_FLUSH_SEAL_COMMIT_CALLS	0
SMALL_CREATE_40_VOLUME_FLUSH_SEAL_COMMIT_SAMPLES	0
SMALL_CREATE_40_VOLUME_FLUSH_SEAL_COMMIT_SAMPLE_TICKS	0
SMALL_CREATE_40_VOLUME_FLUSH_INODE_READ_CALLS	0
SMALL_CREATE_40_VOLUME_FLUSH_BTREE_SEARCH_CALLS	0
SMALL_CREATE_40_VOLUME_FLUSH_BTREE_INDEX_HINT_HITS	0
SMALL_CREATE_40_VOLUME_FLUSH_BTREE_LEAF_HINT_HITS	0
SMALL_CREATE_40_VOLUME_FLUSH_CACHE_READ_CALLS	0
SMALL_CREATE_40_VOLUME_FLUSH_CACHE_READ_HITS	0
SMALL_CREATE_40_VOLUME_FLUSH_CACHE_READ_MISSES	0
SMALL_CREATE_40_VOLUME_FLUSH_FREE_TREE_NODE_VIEWS	0
SMALL_CREATE_40_VOLUME_FLUSH_FREE_TREE_RESIDENT_VIEWS	0
SMALL_CREATE_40_VOLUME_FLUSH_DIR_TREE_NODE_VIEWS	0
SMALL_CREATE_40_VOLUME_FLUSH_DIR_TREE_RESIDENT_VIEWS	0
SMALL_CREATE_40_VOLUME_FLUSH_INODE_TREE_NODE_VIEWS	0
SMALL_CREATE_40_VOLUME_FLUSH_INODE_TREE_RESIDENT_VIEWS	0
SMALL_CREATE_40_VOLUME_FLUSH_REFCOUNT_TREE_NODE_VIEWS	0
SMALL_CREATE_40_VOLUME_FLUSH_REFCOUNT_TREE_RESIDENT_VIEWS	0
SMALL_CREATE_40_VOLUME_FLUSH_OTHER_TREE_NODE_VIEWS	0
SMALL_CREATE_40_VOLUME_FLUSH_OTHER_TREE_RESIDENT_VIEWS	0
SMALL_CREATE_40_VOLUME_FLUSH_WRITE_DETAIL_INODE_READ_CALLS	0
SMALL_CREATE_40_VOLUME_FLUSH_WRITE_DETAIL_INODE_READ_SAMPLES	0
SMALL_CREATE_40_VOLUME_FLUSH_WRITE_DETAIL_INODE_READ_SAMPLE_TICKS	0
SMALL_CREATE_40_VOLUME_FLUSH_WRITE_DETAIL_INODE_WRITE_CALLS	0
SMALL_CREATE_40_VOLUME_FLUSH_WRITE_DETAIL_INODE_WRITE_SAMPLES	0
SMALL_CREATE_40_VOLUME_FLUSH_WRITE_DETAIL_INODE_WRITE_SAMPLE_TICKS	0
SMALL_CREATE_40_VOLUME_FLUSH_WRITE_DETAIL_EXTENT_MAP_CALLS	0
SMALL_CREATE_40_VOLUME_FLUSH_WRITE_DETAIL_EXTENT_MAP_SAMPLES	0
SMALL_CREATE_40_VOLUME_FLUSH_WRITE_DETAIL_EXTENT_MAP_SAMPLE_TICKS	0
SMALL_CREATE_40_VOLUME_FLUSH_WRITE_DETAIL_FREESPACE_GOAL_CALLS	0
SMALL_CREATE_40_VOLUME_FLUSH_WRITE_DETAIL_FREESPACE_GOAL_SAMPLES	0
SMALL_CREATE_40_VOLUME_FLUSH_WRITE_DETAIL_FREESPACE_GOAL_SAMPLE_TICKS	0
SMALL_CREATE_40_VOLUME_FLUSH_BTREE_MALLOC_CALLS	0
SMALL_CREATE_40_VOLUME_FLUSH_BTREE_MALLOC_SAMPLES	0
SMALL_CREATE_40_VOLUME_FLUSH_BTREE_MALLOC_SAMPLE_TICKS	0
SMALL_CREATE_40_VOLUME_FLUSH_BTREE_FREE_CALLS	0
SMALL_CREATE_40_VOLUME_FLUSH_BTREE_FREE_SAMPLES	0
SMALL_CREATE_40_VOLUME_FLUSH_BTREE_FREE_SAMPLE_TICKS	0
SMALL_CREATE_40_VOLUME_FLUSH_IFACE_ALLOC_CALLS	0
SMALL_CREATE_40_VOLUME_FLUSH_IFACE_ALLOC_SAMPLES	0
SMALL_CREATE_40_VOLUME_FLUSH_IFACE_ALLOC_SAMPLE_TICKS	0
SMALL_CREATE_40_VOLUME_FLUSH_FREESPACE_ALLOC_CALLS	0
SMALL_CREATE_40_VOLUME_FLUSH_FREESPACE_ALLOC_SAMPLES	0
SMALL_CREATE_40_VOLUME_FLUSH_FREESPACE_ALLOC_SAMPLE_TICKS	0
SMALL_CREATE_40_VOLUME_FLUSH_DETAIL_INODE_READ_CALLS	0
SMALL_CREATE_40_VOLUME_FLUSH_DETAIL_INODE_READ_SAMPLES	0
SMALL_CREATE_40_VOLUME_FLUSH_DETAIL_INODE_READ_SAMPLE_TICKS	0
SMALL_CREATE_40_VOLUME_FLUSH_DETAIL_INODE_VALIDATE_CALLS	0
SMALL_CREATE_40_VOLUME_FLUSH_DETAIL_INODE_VALIDATE_SAMPLES	0
SMALL_CREATE_40_VOLUME_FLUSH_DETAIL_INODE_VALIDATE_SAMPLE_TICKS	0
SMALL_CREATE_40_VOLUME_FLUSH_DETAIL_INODE_SEARCH_CALLS	0
SMALL_CREATE_40_VOLUME_FLUSH_DETAIL_INODE_SEARCH_SAMPLES	0
SMALL_CREATE_40_VOLUME_FLUSH_DETAIL_INODE_SEARCH_SAMPLE_TICKS	0
SMALL_CREATE_40_VOLUME_FLUSH_DETAIL_INODE_NODE_VIEW_CALLS	0
SMALL_CREATE_40_VOLUME_FLUSH_DETAIL_INODE_NODE_VIEW_SAMPLES	0
SMALL_CREATE_40_VOLUME_FLUSH_DETAIL_INODE_NODE_VIEW_SAMPLE_TICKS	0
SMALL_CREATE_40_VOLUME_FLUSH_DETAIL_DIR_NODE_VIEW_CALLS	0
SMALL_CREATE_40_VOLUME_FLUSH_DETAIL_DIR_NODE_VIEW_SAMPLES	0
SMALL_CREATE_40_VOLUME_FLUSH_DETAIL_DIR_NODE_VIEW_SAMPLE_TICKS	0
SMALL_CREATE_40_VOLUME_FLUSH_DETAIL_INODE_BINARY_SEARCH_CALLS	0
SMALL_CREATE_40_VOLUME_FLUSH_DETAIL_INODE_BINARY_SEARCH_SAMPLES	0
SMALL_CREATE_40_VOLUME_FLUSH_DETAIL_INODE_BINARY_SEARCH_SAMPLE_TICKS	0
SMALL_CREATE_40_VOLUME_FLUSH_DETAIL_DIR_BINARY_SEARCH_CALLS	0
SMALL_CREATE_40_VOLUME_FLUSH_DETAIL_DIR_BINARY_SEARCH_SAMPLES	0
SMALL_CREATE_40_VOLUME_FLUSH_DETAIL_DIR_BINARY_SEARCH_SAMPLE_TICKS	0
SMALL_CREATE_40_VOLUME_FLUSH_DETAIL_NODE_STRUCTURE_CALLS	0
SMALL_CREATE_40_VOLUME_FLUSH_DETAIL_NODE_STRUCTURE_SAMPLES	0
SMALL_CREATE_40_VOLUME_FLUSH_DETAIL_NODE_STRUCTURE_SAMPLE_TICKS	0
SMALL_CREATE_40_VOLUME_FLUSH_DETAIL_CACHE_PEEK_CALLS	0
SMALL_CREATE_40_VOLUME_FLUSH_DETAIL_CACHE_PEEK_SAMPLES	0
SMALL_CREATE_40_VOLUME_FLUSH_DETAIL_CACHE_PEEK_SAMPLE_TICKS	0
SMALL_CREATE_40_VOLUME_FLUSH_DETAIL_BUFFER_ALLOC_CALLS	0
SMALL_CREATE_40_VOLUME_FLUSH_DETAIL_BUFFER_ALLOC_SAMPLES	0
SMALL_CREATE_40_VOLUME_FLUSH_DETAIL_BUFFER_ALLOC_SAMPLE_TICKS	0
SMALL_CREATE_40_VOLUME_FLUSH_DETAIL_BUFFER_FREE_CALLS	0
SMALL_CREATE_40_VOLUME_FLUSH_DETAIL_BUFFER_FREE_SAMPLES	0
SMALL_CREATE_40_VOLUME_FLUSH_DETAIL_BUFFER_FREE_SAMPLE_TICKS	0
SMALL_CREATE_40_VOLUME_FLUSH_DETAIL_EXALL_FILL_CALLS	0
SMALL_CREATE_40_VOLUME_FLUSH_DETAIL_EXALL_FILL_SAMPLES	0
SMALL_CREATE_40_VOLUME_FLUSH_DETAIL_EXALL_FILL_SAMPLE_TICKS	0
SMALL_CREATE_40_VOLUME_FLUSH_FREESPACE_ALLOCS	0
LOOKUP_400_US	95807
LOOKUP_400_WORK_US	95807
LOOKUP_400_VOLUME_FLUSH_US	0
LOOKUP_400_HAS_VOLUME_FLUSH	0
LOOKUP_400_GUEST_OPEN_CALLS	0
LOOKUP_400_GUEST_OPEN_US	0
LOOKUP_400_GUEST_READ_CALLS	0
LOOKUP_400_GUEST_READ_US	0
LOOKUP_400_GUEST_WRITE_CALLS	0
LOOKUP_400_GUEST_WRITE_US	0
LOOKUP_400_GUEST_HANDLE_FLUSH_CALLS	0
LOOKUP_400_GUEST_HANDLE_FLUSH_US	0
LOOKUP_400_GUEST_CLOSE_CALLS	0
LOOKUP_400_GUEST_CLOSE_US	0
LOOKUP_400_GUEST_VERIFY_CALLS	0
LOOKUP_400_GUEST_VERIFY_US	0
LOOKUP_400_WORK_BIO_READS	0
LOOKUP_400_WORK_BIO_WRITES	0
LOOKUP_400_WORK_BIO_UPDATES	0
LOOKUP_400_WORK_DATA_READS	0
LOOKUP_400_WORK_DATA_WRITES	0
LOOKUP_400_WORK_NODE_WRITES	0
LOOKUP_400_WORK_TXN_COMMITS	0
LOOKUP_400_WORK_EXTENT_MAPS	0
LOOKUP_400_WORK_READ_TICKS	0
LOOKUP_400_WORK_WRITE_TICKS	0
LOOKUP_400_WORK_UPDATE_TICKS	0
LOOKUP_400_WORK_DATA_READ_TICKS	0
LOOKUP_400_WORK_DATA_WRITE_TICKS	0
LOOKUP_400_WORK_NODE_CRC_READ_CALLS	0
LOOKUP_400_WORK_NODE_CRC_READ_SAMPLES	0
LOOKUP_400_WORK_NODE_CRC_READ_SAMPLE_TICKS	0
LOOKUP_400_WORK_NODE_CRC_WRITE_CALLS	0
LOOKUP_400_WORK_NODE_CRC_WRITE_SAMPLES	0
LOOKUP_400_WORK_NODE_CRC_WRITE_SAMPLE_TICKS	0
LOOKUP_400_WORK_CLOCK_PAIR_TICKS	1
LOOKUP_400_WORK_PACKET_CALLS	800
LOOKUP_400_WORK_PACKET_SAMPLES	800
LOOKUP_400_WORK_PACKET_SAMPLE_TICKS	40889
LOOKUP_400_WORK_PACKET_OPEN_CALLS	0
LOOKUP_400_WORK_PACKET_OPEN_SAMPLES	0
LOOKUP_400_WORK_PACKET_OPEN_SAMPLE_TICKS	0
LOOKUP_400_WORK_PACKET_READ_CALLS	0
LOOKUP_400_WORK_PACKET_READ_SAMPLES	0
LOOKUP_400_WORK_PACKET_READ_SAMPLE_TICKS	0
LOOKUP_400_WORK_PACKET_WRITE_CALLS	0
LOOKUP_400_WORK_PACKET_WRITE_SAMPLES	0
LOOKUP_400_WORK_PACKET_WRITE_SAMPLE_TICKS	0
LOOKUP_400_WORK_PACKET_END_CALLS	0
LOOKUP_400_WORK_PACKET_END_SAMPLES	0
LOOKUP_400_WORK_PACKET_END_SAMPLE_TICKS	0
LOOKUP_400_WORK_PACKET_DELETE_CALLS	0
LOOKUP_400_WORK_PACKET_DELETE_SAMPLES	0
LOOKUP_400_WORK_PACKET_DELETE_SAMPLE_TICKS	0
LOOKUP_400_WORK_PACKET_FLUSH_CALLS	0
LOOKUP_400_WORK_PACKET_FLUSH_SAMPLES	0
LOOKUP_400_WORK_PACKET_FLUSH_SAMPLE_TICKS	0
LOOKUP_400_WORK_PACKET_OTHER_CALLS	800
LOOKUP_400_WORK_PACKET_OTHER_SAMPLES	800
LOOKUP_400_WORK_PACKET_OTHER_SAMPLE_TICKS	40889
LOOKUP_400_WORK_CORE_CREATE_CALLS	0
LOOKUP_400_WORK_CORE_CREATE_SAMPLES	0
LOOKUP_400_WORK_CORE_CREATE_SAMPLE_TICKS	0
LOOKUP_400_WORK_CORE_DELETE_CALLS	0
LOOKUP_400_WORK_CORE_DELETE_SAMPLES	0
LOOKUP_400_WORK_CORE_DELETE_SAMPLE_TICKS	0
LOOKUP_400_WORK_CORE_FILE_WRITE_CALLS	0
LOOKUP_400_WORK_CORE_FILE_WRITE_SAMPLES	0
LOOKUP_400_WORK_CORE_FILE_WRITE_SAMPLE_TICKS	0
LOOKUP_400_WORK_CORE_SYNC_CALLS	0
LOOKUP_400_WORK_CORE_SYNC_SAMPLES	0
LOOKUP_400_WORK_CORE_SYNC_SAMPLE_TICKS	0
LOOKUP_400_WORK_IFACE_FREE_CALLS	0
LOOKUP_400_WORK_IFACE_FREE_SAMPLES	0
LOOKUP_400_WORK_IFACE_FREE_SAMPLE_TICKS	0
LOOKUP_400_WORK_SEAL_COMMIT_CALLS	0
LOOKUP_400_WORK_SEAL_COMMIT_SAMPLES	0
LOOKUP_400_WORK_SEAL_COMMIT_SAMPLE_TICKS	0
LOOKUP_400_WORK_INODE_READ_CALLS	0
LOOKUP_400_WORK_BTREE_SEARCH_CALLS	800
LOOKUP_400_WORK_BTREE_INDEX_HINT_HITS	0
LOOKUP_400_WORK_BTREE_LEAF_HINT_HITS	139
LOOKUP_400_WORK_CACHE_READ_CALLS	0
LOOKUP_400_WORK_CACHE_READ_HITS	0
LOOKUP_400_WORK_CACHE_READ_MISSES	0
LOOKUP_400_WORK_FREE_TREE_NODE_VIEWS	0
LOOKUP_400_WORK_FREE_TREE_RESIDENT_VIEWS	0
LOOKUP_400_WORK_DIR_TREE_NODE_VIEWS	1322
LOOKUP_400_WORK_DIR_TREE_RESIDENT_VIEWS	1322
LOOKUP_400_WORK_INODE_TREE_NODE_VIEWS	0
LOOKUP_400_WORK_INODE_TREE_RESIDENT_VIEWS	0
LOOKUP_400_WORK_REFCOUNT_TREE_NODE_VIEWS	0
LOOKUP_400_WORK_REFCOUNT_TREE_RESIDENT_VIEWS	0
LOOKUP_400_WORK_OTHER_TREE_NODE_VIEWS	0
LOOKUP_400_WORK_OTHER_TREE_RESIDENT_VIEWS	0
LOOKUP_400_WORK_WRITE_DETAIL_INODE_READ_CALLS	0
LOOKUP_400_WORK_WRITE_DETAIL_INODE_READ_SAMPLES	0
LOOKUP_400_WORK_WRITE_DETAIL_INODE_READ_SAMPLE_TICKS	0
LOOKUP_400_WORK_WRITE_DETAIL_INODE_WRITE_CALLS	0
LOOKUP_400_WORK_WRITE_DETAIL_INODE_WRITE_SAMPLES	0
LOOKUP_400_WORK_WRITE_DETAIL_INODE_WRITE_SAMPLE_TICKS	0
LOOKUP_400_WORK_WRITE_DETAIL_EXTENT_MAP_CALLS	0
LOOKUP_400_WORK_WRITE_DETAIL_EXTENT_MAP_SAMPLES	0
LOOKUP_400_WORK_WRITE_DETAIL_EXTENT_MAP_SAMPLE_TICKS	0
LOOKUP_400_WORK_WRITE_DETAIL_FREESPACE_GOAL_CALLS	0
LOOKUP_400_WORK_WRITE_DETAIL_FREESPACE_GOAL_SAMPLES	0
LOOKUP_400_WORK_WRITE_DETAIL_FREESPACE_GOAL_SAMPLE_TICKS	0
LOOKUP_400_WORK_BTREE_MALLOC_CALLS	0
LOOKUP_400_WORK_BTREE_MALLOC_SAMPLES	0
LOOKUP_400_WORK_BTREE_MALLOC_SAMPLE_TICKS	0
LOOKUP_400_WORK_BTREE_FREE_CALLS	0
LOOKUP_400_WORK_BTREE_FREE_SAMPLES	0
LOOKUP_400_WORK_BTREE_FREE_SAMPLE_TICKS	0
LOOKUP_400_WORK_IFACE_ALLOC_CALLS	0
LOOKUP_400_WORK_IFACE_ALLOC_SAMPLES	0
LOOKUP_400_WORK_IFACE_ALLOC_SAMPLE_TICKS	0
LOOKUP_400_WORK_FREESPACE_ALLOC_CALLS	0
LOOKUP_400_WORK_FREESPACE_ALLOC_SAMPLES	0
LOOKUP_400_WORK_FREESPACE_ALLOC_SAMPLE_TICKS	0
LOOKUP_400_WORK_DETAIL_INODE_READ_CALLS	0
LOOKUP_400_WORK_DETAIL_INODE_READ_SAMPLES	0
LOOKUP_400_WORK_DETAIL_INODE_READ_SAMPLE_TICKS	0
LOOKUP_400_WORK_DETAIL_INODE_VALIDATE_CALLS	0
LOOKUP_400_WORK_DETAIL_INODE_VALIDATE_SAMPLES	0
LOOKUP_400_WORK_DETAIL_INODE_VALIDATE_SAMPLE_TICKS	0
LOOKUP_400_WORK_DETAIL_INODE_SEARCH_CALLS	0
LOOKUP_400_WORK_DETAIL_INODE_SEARCH_SAMPLES	0
LOOKUP_400_WORK_DETAIL_INODE_SEARCH_SAMPLE_TICKS	0
LOOKUP_400_WORK_DETAIL_INODE_NODE_VIEW_CALLS	0
LOOKUP_400_WORK_DETAIL_INODE_NODE_VIEW_SAMPLES	0
LOOKUP_400_WORK_DETAIL_INODE_NODE_VIEW_SAMPLE_TICKS	0
LOOKUP_400_WORK_DETAIL_DIR_NODE_VIEW_CALLS	1322
LOOKUP_400_WORK_DETAIL_DIR_NODE_VIEW_SAMPLES	77
LOOKUP_400_WORK_DETAIL_DIR_NODE_VIEW_SAMPLE_TICKS	669
LOOKUP_400_WORK_DETAIL_INODE_BINARY_SEARCH_CALLS	0
LOOKUP_400_WORK_DETAIL_INODE_BINARY_SEARCH_SAMPLES	0
LOOKUP_400_WORK_DETAIL_INODE_BINARY_SEARCH_SAMPLE_TICKS	0
LOOKUP_400_WORK_DETAIL_DIR_BINARY_SEARCH_CALLS	1461
LOOKUP_400_WORK_DETAIL_DIR_BINARY_SEARCH_SAMPLES	85
LOOKUP_400_WORK_DETAIL_DIR_BINARY_SEARCH_SAMPLE_TICKS	500
LOOKUP_400_WORK_DETAIL_NODE_STRUCTURE_CALLS	0
LOOKUP_400_WORK_DETAIL_NODE_STRUCTURE_SAMPLES	0
LOOKUP_400_WORK_DETAIL_NODE_STRUCTURE_SAMPLE_TICKS	0
LOOKUP_400_WORK_DETAIL_CACHE_PEEK_CALLS	2121
LOOKUP_400_WORK_DETAIL_CACHE_PEEK_SAMPLES	124
LOOKUP_400_WORK_DETAIL_CACHE_PEEK_SAMPLE_TICKS	540
LOOKUP_400_WORK_DETAIL_BUFFER_ALLOC_CALLS	661
LOOKUP_400_WORK_DETAIL_BUFFER_ALLOC_SAMPLES	38
LOOKUP_400_WORK_DETAIL_BUFFER_ALLOC_SAMPLE_TICKS	200
LOOKUP_400_WORK_DETAIL_BUFFER_FREE_CALLS	661
LOOKUP_400_WORK_DETAIL_BUFFER_FREE_SAMPLES	38
LOOKUP_400_WORK_DETAIL_BUFFER_FREE_SAMPLE_TICKS	180
LOOKUP_400_WORK_DETAIL_EXALL_FILL_CALLS	0
LOOKUP_400_WORK_DETAIL_EXALL_FILL_SAMPLES	0
LOOKUP_400_WORK_DETAIL_EXALL_FILL_SAMPLE_TICKS	0
LOOKUP_400_WORK_FREESPACE_ALLOCS	0
LOOKUP_400_VOLUME_FLUSH_BIO_READS	0
LOOKUP_400_VOLUME_FLUSH_BIO_WRITES	0
LOOKUP_400_VOLUME_FLUSH_BIO_UPDATES	0
LOOKUP_400_VOLUME_FLUSH_DATA_READS	0
LOOKUP_400_VOLUME_FLUSH_DATA_WRITES	0
LOOKUP_400_VOLUME_FLUSH_NODE_WRITES	0
LOOKUP_400_VOLUME_FLUSH_TXN_COMMITS	0
LOOKUP_400_VOLUME_FLUSH_EXTENT_MAPS	0
LOOKUP_400_VOLUME_FLUSH_READ_TICKS	0
LOOKUP_400_VOLUME_FLUSH_WRITE_TICKS	0
LOOKUP_400_VOLUME_FLUSH_UPDATE_TICKS	0
LOOKUP_400_VOLUME_FLUSH_DATA_READ_TICKS	0
LOOKUP_400_VOLUME_FLUSH_DATA_WRITE_TICKS	0
LOOKUP_400_VOLUME_FLUSH_NODE_CRC_READ_CALLS	0
LOOKUP_400_VOLUME_FLUSH_NODE_CRC_READ_SAMPLES	0
LOOKUP_400_VOLUME_FLUSH_NODE_CRC_READ_SAMPLE_TICKS	0
LOOKUP_400_VOLUME_FLUSH_NODE_CRC_WRITE_CALLS	0
LOOKUP_400_VOLUME_FLUSH_NODE_CRC_WRITE_SAMPLES	0
LOOKUP_400_VOLUME_FLUSH_NODE_CRC_WRITE_SAMPLE_TICKS	0
LOOKUP_400_VOLUME_FLUSH_CLOCK_PAIR_TICKS	0
LOOKUP_400_VOLUME_FLUSH_PACKET_CALLS	0
LOOKUP_400_VOLUME_FLUSH_PACKET_SAMPLES	0
LOOKUP_400_VOLUME_FLUSH_PACKET_SAMPLE_TICKS	0
LOOKUP_400_VOLUME_FLUSH_PACKET_OPEN_CALLS	0
LOOKUP_400_VOLUME_FLUSH_PACKET_OPEN_SAMPLES	0
LOOKUP_400_VOLUME_FLUSH_PACKET_OPEN_SAMPLE_TICKS	0
LOOKUP_400_VOLUME_FLUSH_PACKET_READ_CALLS	0
LOOKUP_400_VOLUME_FLUSH_PACKET_READ_SAMPLES	0
LOOKUP_400_VOLUME_FLUSH_PACKET_READ_SAMPLE_TICKS	0
LOOKUP_400_VOLUME_FLUSH_PACKET_WRITE_CALLS	0
LOOKUP_400_VOLUME_FLUSH_PACKET_WRITE_SAMPLES	0
LOOKUP_400_VOLUME_FLUSH_PACKET_WRITE_SAMPLE_TICKS	0
LOOKUP_400_VOLUME_FLUSH_PACKET_END_CALLS	0
LOOKUP_400_VOLUME_FLUSH_PACKET_END_SAMPLES	0
LOOKUP_400_VOLUME_FLUSH_PACKET_END_SAMPLE_TICKS	0
LOOKUP_400_VOLUME_FLUSH_PACKET_DELETE_CALLS	0
LOOKUP_400_VOLUME_FLUSH_PACKET_DELETE_SAMPLES	0
LOOKUP_400_VOLUME_FLUSH_PACKET_DELETE_SAMPLE_TICKS	0
LOOKUP_400_VOLUME_FLUSH_PACKET_FLUSH_CALLS	0
LOOKUP_400_VOLUME_FLUSH_PACKET_FLUSH_SAMPLES	0
LOOKUP_400_VOLUME_FLUSH_PACKET_FLUSH_SAMPLE_TICKS	0
LOOKUP_400_VOLUME_FLUSH_PACKET_OTHER_CALLS	0
LOOKUP_400_VOLUME_FLUSH_PACKET_OTHER_SAMPLES	0
LOOKUP_400_VOLUME_FLUSH_PACKET_OTHER_SAMPLE_TICKS	0
LOOKUP_400_VOLUME_FLUSH_CORE_CREATE_CALLS	0
LOOKUP_400_VOLUME_FLUSH_CORE_CREATE_SAMPLES	0
LOOKUP_400_VOLUME_FLUSH_CORE_CREATE_SAMPLE_TICKS	0
LOOKUP_400_VOLUME_FLUSH_CORE_DELETE_CALLS	0
LOOKUP_400_VOLUME_FLUSH_CORE_DELETE_SAMPLES	0
LOOKUP_400_VOLUME_FLUSH_CORE_DELETE_SAMPLE_TICKS	0
LOOKUP_400_VOLUME_FLUSH_CORE_FILE_WRITE_CALLS	0
LOOKUP_400_VOLUME_FLUSH_CORE_FILE_WRITE_SAMPLES	0
LOOKUP_400_VOLUME_FLUSH_CORE_FILE_WRITE_SAMPLE_TICKS	0
LOOKUP_400_VOLUME_FLUSH_CORE_SYNC_CALLS	0
LOOKUP_400_VOLUME_FLUSH_CORE_SYNC_SAMPLES	0
LOOKUP_400_VOLUME_FLUSH_CORE_SYNC_SAMPLE_TICKS	0
LOOKUP_400_VOLUME_FLUSH_IFACE_FREE_CALLS	0
LOOKUP_400_VOLUME_FLUSH_IFACE_FREE_SAMPLES	0
LOOKUP_400_VOLUME_FLUSH_IFACE_FREE_SAMPLE_TICKS	0
LOOKUP_400_VOLUME_FLUSH_SEAL_COMMIT_CALLS	0
LOOKUP_400_VOLUME_FLUSH_SEAL_COMMIT_SAMPLES	0
LOOKUP_400_VOLUME_FLUSH_SEAL_COMMIT_SAMPLE_TICKS	0
LOOKUP_400_VOLUME_FLUSH_INODE_READ_CALLS	0
LOOKUP_400_VOLUME_FLUSH_BTREE_SEARCH_CALLS	0
LOOKUP_400_VOLUME_FLUSH_BTREE_INDEX_HINT_HITS	0
LOOKUP_400_VOLUME_FLUSH_BTREE_LEAF_HINT_HITS	0
LOOKUP_400_VOLUME_FLUSH_CACHE_READ_CALLS	0
LOOKUP_400_VOLUME_FLUSH_CACHE_READ_HITS	0
LOOKUP_400_VOLUME_FLUSH_CACHE_READ_MISSES	0
LOOKUP_400_VOLUME_FLUSH_FREE_TREE_NODE_VIEWS	0
LOOKUP_400_VOLUME_FLUSH_FREE_TREE_RESIDENT_VIEWS	0
LOOKUP_400_VOLUME_FLUSH_DIR_TREE_NODE_VIEWS	0
LOOKUP_400_VOLUME_FLUSH_DIR_TREE_RESIDENT_VIEWS	0
LOOKUP_400_VOLUME_FLUSH_INODE_TREE_NODE_VIEWS	0
LOOKUP_400_VOLUME_FLUSH_INODE_TREE_RESIDENT_VIEWS	0
LOOKUP_400_VOLUME_FLUSH_REFCOUNT_TREE_NODE_VIEWS	0
LOOKUP_400_VOLUME_FLUSH_REFCOUNT_TREE_RESIDENT_VIEWS	0
LOOKUP_400_VOLUME_FLUSH_OTHER_TREE_NODE_VIEWS	0
LOOKUP_400_VOLUME_FLUSH_OTHER_TREE_RESIDENT_VIEWS	0
LOOKUP_400_VOLUME_FLUSH_WRITE_DETAIL_INODE_READ_CALLS	0
LOOKUP_400_VOLUME_FLUSH_WRITE_DETAIL_INODE_READ_SAMPLES	0
LOOKUP_400_VOLUME_FLUSH_WRITE_DETAIL_INODE_READ_SAMPLE_TICKS	0
LOOKUP_400_VOLUME_FLUSH_WRITE_DETAIL_INODE_WRITE_CALLS	0
LOOKUP_400_VOLUME_FLUSH_WRITE_DETAIL_INODE_WRITE_SAMPLES	0
LOOKUP_400_VOLUME_FLUSH_WRITE_DETAIL_INODE_WRITE_SAMPLE_TICKS	0
LOOKUP_400_VOLUME_FLUSH_WRITE_DETAIL_EXTENT_MAP_CALLS	0
LOOKUP_400_VOLUME_FLUSH_WRITE_DETAIL_EXTENT_MAP_SAMPLES	0
LOOKUP_400_VOLUME_FLUSH_WRITE_DETAIL_EXTENT_MAP_SAMPLE_TICKS	0
LOOKUP_400_VOLUME_FLUSH_WRITE_DETAIL_FREESPACE_GOAL_CALLS	0
LOOKUP_400_VOLUME_FLUSH_WRITE_DETAIL_FREESPACE_GOAL_SAMPLES	0
LOOKUP_400_VOLUME_FLUSH_WRITE_DETAIL_FREESPACE_GOAL_SAMPLE_TICKS	0
LOOKUP_400_VOLUME_FLUSH_BTREE_MALLOC_CALLS	0
LOOKUP_400_VOLUME_FLUSH_BTREE_MALLOC_SAMPLES	0
LOOKUP_400_VOLUME_FLUSH_BTREE_MALLOC_SAMPLE_TICKS	0
LOOKUP_400_VOLUME_FLUSH_BTREE_FREE_CALLS	0
LOOKUP_400_VOLUME_FLUSH_BTREE_FREE_SAMPLES	0
LOOKUP_400_VOLUME_FLUSH_BTREE_FREE_SAMPLE_TICKS	0
LOOKUP_400_VOLUME_FLUSH_IFACE_ALLOC_CALLS	0
LOOKUP_400_VOLUME_FLUSH_IFACE_ALLOC_SAMPLES	0
LOOKUP_400_VOLUME_FLUSH_IFACE_ALLOC_SAMPLE_TICKS	0
LOOKUP_400_VOLUME_FLUSH_FREESPACE_ALLOC_CALLS	0
LOOKUP_400_VOLUME_FLUSH_FREESPACE_ALLOC_SAMPLES	0
LOOKUP_400_VOLUME_FLUSH_FREESPACE_ALLOC_SAMPLE_TICKS	0
LOOKUP_400_VOLUME_FLUSH_DETAIL_INODE_READ_CALLS	0
LOOKUP_400_VOLUME_FLUSH_DETAIL_INODE_READ_SAMPLES	0
LOOKUP_400_VOLUME_FLUSH_DETAIL_INODE_READ_SAMPLE_TICKS	0
LOOKUP_400_VOLUME_FLUSH_DETAIL_INODE_VALIDATE_CALLS	0
LOOKUP_400_VOLUME_FLUSH_DETAIL_INODE_VALIDATE_SAMPLES	0
LOOKUP_400_VOLUME_FLUSH_DETAIL_INODE_VALIDATE_SAMPLE_TICKS	0
LOOKUP_400_VOLUME_FLUSH_DETAIL_INODE_SEARCH_CALLS	0
LOOKUP_400_VOLUME_FLUSH_DETAIL_INODE_SEARCH_SAMPLES	0
LOOKUP_400_VOLUME_FLUSH_DETAIL_INODE_SEARCH_SAMPLE_TICKS	0
LOOKUP_400_VOLUME_FLUSH_DETAIL_INODE_NODE_VIEW_CALLS	0
LOOKUP_400_VOLUME_FLUSH_DETAIL_INODE_NODE_VIEW_SAMPLES	0
LOOKUP_400_VOLUME_FLUSH_DETAIL_INODE_NODE_VIEW_SAMPLE_TICKS	0
LOOKUP_400_VOLUME_FLUSH_DETAIL_DIR_NODE_VIEW_CALLS	0
LOOKUP_400_VOLUME_FLUSH_DETAIL_DIR_NODE_VIEW_SAMPLES	0
LOOKUP_400_VOLUME_FLUSH_DETAIL_DIR_NODE_VIEW_SAMPLE_TICKS	0
LOOKUP_400_VOLUME_FLUSH_DETAIL_INODE_BINARY_SEARCH_CALLS	0
LOOKUP_400_VOLUME_FLUSH_DETAIL_INODE_BINARY_SEARCH_SAMPLES	0
LOOKUP_400_VOLUME_FLUSH_DETAIL_INODE_BINARY_SEARCH_SAMPLE_TICKS	0
LOOKUP_400_VOLUME_FLUSH_DETAIL_DIR_BINARY_SEARCH_CALLS	0
LOOKUP_400_VOLUME_FLUSH_DETAIL_DIR_BINARY_SEARCH_SAMPLES	0
LOOKUP_400_VOLUME_FLUSH_DETAIL_DIR_BINARY_SEARCH_SAMPLE_TICKS	0
LOOKUP_400_VOLUME_FLUSH_DETAIL_NODE_STRUCTURE_CALLS	0
LOOKUP_400_VOLUME_FLUSH_DETAIL_NODE_STRUCTURE_SAMPLES	0
LOOKUP_400_VOLUME_FLUSH_DETAIL_NODE_STRUCTURE_SAMPLE_TICKS	0
LOOKUP_400_VOLUME_FLUSH_DETAIL_CACHE_PEEK_CALLS	0
LOOKUP_400_VOLUME_FLUSH_DETAIL_CACHE_PEEK_SAMPLES	0
LOOKUP_400_VOLUME_FLUSH_DETAIL_CACHE_PEEK_SAMPLE_TICKS	0
LOOKUP_400_VOLUME_FLUSH_DETAIL_BUFFER_ALLOC_CALLS	0
LOOKUP_400_VOLUME_FLUSH_DETAIL_BUFFER_ALLOC_SAMPLES	0
LOOKUP_400_VOLUME_FLUSH_DETAIL_BUFFER_ALLOC_SAMPLE_TICKS	0
LOOKUP_400_VOLUME_FLUSH_DETAIL_BUFFER_FREE_CALLS	0
LOOKUP_400_VOLUME_FLUSH_DETAIL_BUFFER_FREE_SAMPLES	0
LOOKUP_400_VOLUME_FLUSH_DETAIL_BUFFER_FREE_SAMPLE_TICKS	0
LOOKUP_400_VOLUME_FLUSH_DETAIL_EXALL_FILL_CALLS	0
LOOKUP_400_VOLUME_FLUSH_DETAIL_EXALL_FILL_SAMPLES	0
LOOKUP_400_VOLUME_FLUSH_DETAIL_EXALL_FILL_SAMPLE_TICKS	0
LOOKUP_400_VOLUME_FLUSH_FREESPACE_ALLOCS	0
SMALL_READ_40_US	30912
SMALL_READ_40_WORK_US	30912
SMALL_READ_40_VOLUME_FLUSH_US	0
SMALL_READ_40_HAS_VOLUME_FLUSH	0
SMALL_READ_40_GUEST_OPEN_CALLS	40
SMALL_READ_40_GUEST_OPEN_US	13570
SMALL_READ_40_GUEST_READ_CALLS	80
SMALL_READ_40_GUEST_READ_US	12305
SMALL_READ_40_GUEST_WRITE_CALLS	0
SMALL_READ_40_GUEST_WRITE_US	0
SMALL_READ_40_GUEST_HANDLE_FLUSH_CALLS	0
SMALL_READ_40_GUEST_HANDLE_FLUSH_US	0
SMALL_READ_40_GUEST_CLOSE_CALLS	40
SMALL_READ_40_GUEST_CLOSE_US	1950
SMALL_READ_40_GUEST_VERIFY_CALLS	40
SMALL_READ_40_GUEST_VERIFY_US	1517
SMALL_READ_40_WORK_BIO_READS	40
SMALL_READ_40_WORK_BIO_WRITES	0
SMALL_READ_40_WORK_BIO_UPDATES	0
SMALL_READ_40_WORK_DATA_READS	40
SMALL_READ_40_WORK_DATA_WRITES	0
SMALL_READ_40_WORK_NODE_WRITES	0
SMALL_READ_40_WORK_TXN_COMMITS	0
SMALL_READ_40_WORK_EXTENT_MAPS	0
SMALL_READ_40_WORK_READ_TICKS	1563
SMALL_READ_40_WORK_WRITE_TICKS	0
SMALL_READ_40_WORK_UPDATE_TICKS	0
SMALL_READ_40_WORK_DATA_READ_TICKS	1563
SMALL_READ_40_WORK_DATA_WRITE_TICKS	0
SMALL_READ_40_WORK_NODE_CRC_READ_CALLS	0
SMALL_READ_40_WORK_NODE_CRC_READ_SAMPLES	0
SMALL_READ_40_WORK_NODE_CRC_READ_SAMPLE_TICKS	0
SMALL_READ_40_WORK_NODE_CRC_WRITE_CALLS	0
SMALL_READ_40_WORK_NODE_CRC_WRITE_SAMPLES	0
SMALL_READ_40_WORK_NODE_CRC_WRITE_SAMPLE_TICKS	0
SMALL_READ_40_WORK_CLOCK_PAIR_TICKS	1
SMALL_READ_40_WORK_PACKET_CALLS	160
SMALL_READ_40_WORK_PACKET_SAMPLES	160
SMALL_READ_40_WORK_PACKET_SAMPLE_TICKS	13958
SMALL_READ_40_WORK_PACKET_OPEN_CALLS	40
SMALL_READ_40_WORK_PACKET_OPEN_SAMPLES	40
SMALL_READ_40_WORK_PACKET_OPEN_SAMPLE_TICKS	6611
SMALL_READ_40_WORK_PACKET_READ_CALLS	80
SMALL_READ_40_WORK_PACKET_READ_SAMPLES	80
SMALL_READ_40_WORK_PACKET_READ_SAMPLE_TICKS	7117
SMALL_READ_40_WORK_PACKET_WRITE_CALLS	0
SMALL_READ_40_WORK_PACKET_WRITE_SAMPLES	0
SMALL_READ_40_WORK_PACKET_WRITE_SAMPLE_TICKS	0
SMALL_READ_40_WORK_PACKET_END_CALLS	40
SMALL_READ_40_WORK_PACKET_END_SAMPLES	40
SMALL_READ_40_WORK_PACKET_END_SAMPLE_TICKS	230
SMALL_READ_40_WORK_PACKET_DELETE_CALLS	0
SMALL_READ_40_WORK_PACKET_DELETE_SAMPLES	0
SMALL_READ_40_WORK_PACKET_DELETE_SAMPLE_TICKS	0
SMALL_READ_40_WORK_PACKET_FLUSH_CALLS	0
SMALL_READ_40_WORK_PACKET_FLUSH_SAMPLES	0
SMALL_READ_40_WORK_PACKET_FLUSH_SAMPLE_TICKS	0
SMALL_READ_40_WORK_PACKET_OTHER_CALLS	0
SMALL_READ_40_WORK_PACKET_OTHER_SAMPLES	0
SMALL_READ_40_WORK_PACKET_OTHER_SAMPLE_TICKS	0
SMALL_READ_40_WORK_CORE_CREATE_CALLS	0
SMALL_READ_40_WORK_CORE_CREATE_SAMPLES	0
SMALL_READ_40_WORK_CORE_CREATE_SAMPLE_TICKS	0
SMALL_READ_40_WORK_CORE_DELETE_CALLS	0
SMALL_READ_40_WORK_CORE_DELETE_SAMPLES	0
SMALL_READ_40_WORK_CORE_DELETE_SAMPLE_TICKS	0
SMALL_READ_40_WORK_CORE_FILE_WRITE_CALLS	0
SMALL_READ_40_WORK_CORE_FILE_WRITE_SAMPLES	0
SMALL_READ_40_WORK_CORE_FILE_WRITE_SAMPLE_TICKS	0
SMALL_READ_40_WORK_CORE_SYNC_CALLS	0
SMALL_READ_40_WORK_CORE_SYNC_SAMPLES	0
SMALL_READ_40_WORK_CORE_SYNC_SAMPLE_TICKS	0
SMALL_READ_40_WORK_IFACE_FREE_CALLS	0
SMALL_READ_40_WORK_IFACE_FREE_SAMPLES	0
SMALL_READ_40_WORK_IFACE_FREE_SAMPLE_TICKS	0
SMALL_READ_40_WORK_SEAL_COMMIT_CALLS	0
SMALL_READ_40_WORK_SEAL_COMMIT_SAMPLES	0
SMALL_READ_40_WORK_SEAL_COMMIT_SAMPLE_TICKS	0
SMALL_READ_40_WORK_INODE_READ_CALLS	240
SMALL_READ_40_WORK_BTREE_SEARCH_CALLS	320
SMALL_READ_40_WORK_BTREE_INDEX_HINT_HITS	200
SMALL_READ_40_WORK_BTREE_LEAF_HINT_HITS	53
SMALL_READ_40_WORK_CACHE_READ_CALLS	40
SMALL_READ_40_WORK_CACHE_READ_HITS	0
SMALL_READ_40_WORK_CACHE_READ_MISSES	40
SMALL_READ_40_WORK_FREE_TREE_NODE_VIEWS	0
SMALL_READ_40_WORK_FREE_TREE_RESIDENT_VIEWS	0
SMALL_READ_40_WORK_DIR_TREE_NODE_VIEWS	132
SMALL_READ_40_WORK_DIR_TREE_RESIDENT_VIEWS	132
SMALL_READ_40_WORK_INODE_TREE_NODE_VIEWS	1
SMALL_READ_40_WORK_INODE_TREE_RESIDENT_VIEWS	1
SMALL_READ_40_WORK_REFCOUNT_TREE_NODE_VIEWS	0
SMALL_READ_40_WORK_REFCOUNT_TREE_RESIDENT_VIEWS	0
SMALL_READ_40_WORK_OTHER_TREE_NODE_VIEWS	0
SMALL_READ_40_WORK_OTHER_TREE_RESIDENT_VIEWS	0
SMALL_READ_40_WORK_WRITE_DETAIL_INODE_READ_CALLS	240
SMALL_READ_40_WORK_WRITE_DETAIL_INODE_READ_SAMPLES	240
SMALL_READ_40_WORK_WRITE_DETAIL_INODE_READ_SAMPLE_TICKS	4235
SMALL_READ_40_WORK_WRITE_DETAIL_INODE_WRITE_CALLS	0
SMALL_READ_40_WORK_WRITE_DETAIL_INODE_WRITE_SAMPLES	0
SMALL_READ_40_WORK_WRITE_DETAIL_INODE_WRITE_SAMPLE_TICKS	0
SMALL_READ_40_WORK_WRITE_DETAIL_EXTENT_MAP_CALLS	0
SMALL_READ_40_WORK_WRITE_DETAIL_EXTENT_MAP_SAMPLES	0
SMALL_READ_40_WORK_WRITE_DETAIL_EXTENT_MAP_SAMPLE_TICKS	0
SMALL_READ_40_WORK_WRITE_DETAIL_FREESPACE_GOAL_CALLS	0
SMALL_READ_40_WORK_WRITE_DETAIL_FREESPACE_GOAL_SAMPLES	0
SMALL_READ_40_WORK_WRITE_DETAIL_FREESPACE_GOAL_SAMPLE_TICKS	0
SMALL_READ_40_WORK_BTREE_MALLOC_CALLS	0
SMALL_READ_40_WORK_BTREE_MALLOC_SAMPLES	0
SMALL_READ_40_WORK_BTREE_MALLOC_SAMPLE_TICKS	0
SMALL_READ_40_WORK_BTREE_FREE_CALLS	0
SMALL_READ_40_WORK_BTREE_FREE_SAMPLES	0
SMALL_READ_40_WORK_BTREE_FREE_SAMPLE_TICKS	0
SMALL_READ_40_WORK_IFACE_ALLOC_CALLS	0
SMALL_READ_40_WORK_IFACE_ALLOC_SAMPLES	0
SMALL_READ_40_WORK_IFACE_ALLOC_SAMPLE_TICKS	0
SMALL_READ_40_WORK_FREESPACE_ALLOC_CALLS	0
SMALL_READ_40_WORK_FREESPACE_ALLOC_SAMPLES	0
SMALL_READ_40_WORK_FREESPACE_ALLOC_SAMPLE_TICKS	0
SMALL_READ_40_WORK_DETAIL_INODE_READ_CALLS	240
SMALL_READ_40_WORK_DETAIL_INODE_READ_SAMPLES	14
SMALL_READ_40_WORK_DETAIL_INODE_READ_SAMPLE_TICKS	145
SMALL_READ_40_WORK_DETAIL_INODE_VALIDATE_CALLS	240
SMALL_READ_40_WORK_DETAIL_INODE_VALIDATE_SAMPLES	14
SMALL_READ_40_WORK_DETAIL_INODE_VALIDATE_SAMPLE_TICKS	46
SMALL_READ_40_WORK_DETAIL_INODE_SEARCH_CALLS	240
SMALL_READ_40_WORK_DETAIL_INODE_SEARCH_SAMPLES	14
SMALL_READ_40_WORK_DETAIL_INODE_SEARCH_SAMPLE_TICKS	91
SMALL_READ_40_WORK_DETAIL_INODE_NODE_VIEW_CALLS	1
SMALL_READ_40_WORK_DETAIL_INODE_NODE_VIEW_SAMPLES	0
SMALL_READ_40_WORK_DETAIL_INODE_NODE_VIEW_SAMPLE_TICKS	0
SMALL_READ_40_WORK_DETAIL_DIR_NODE_VIEW_CALLS	132
SMALL_READ_40_WORK_DETAIL_DIR_NODE_VIEW_SAMPLES	7
SMALL_READ_40_WORK_DETAIL_DIR_NODE_VIEW_SAMPLE_TICKS	34
SMALL_READ_40_WORK_DETAIL_INODE_BINARY_SEARCH_CALLS	1
SMALL_READ_40_WORK_DETAIL_INODE_BINARY_SEARCH_SAMPLES	0
SMALL_READ_40_WORK_DETAIL_INODE_BINARY_SEARCH_SAMPLE_TICKS	0
SMALL_READ_40_WORK_DETAIL_DIR_BINARY_SEARCH_CALLS	146
SMALL_READ_40_WORK_DETAIL_DIR_BINARY_SEARCH_SAMPLES	8
SMALL_READ_40_WORK_DETAIL_DIR_BINARY_SEARCH_SAMPLE_TICKS	91
SMALL_READ_40_WORK_DETAIL_NODE_STRUCTURE_CALLS	0
SMALL_READ_40_WORK_DETAIL_NODE_STRUCTURE_SAMPLES	0
SMALL_READ_40_WORK_DETAIL_NODE_STRUCTURE_SAMPLE_TICKS	0
SMALL_READ_40_WORK_DETAIL_CACHE_PEEK_CALLS	452
SMALL_READ_40_WORK_DETAIL_CACHE_PEEK_SAMPLES	26
SMALL_READ_40_WORK_DETAIL_CACHE_PEEK_SAMPLE_TICKS	24
SMALL_READ_40_WORK_DETAIL_BUFFER_ALLOC_CALLS	67
SMALL_READ_40_WORK_DETAIL_BUFFER_ALLOC_SAMPLES	3
SMALL_READ_40_WORK_DETAIL_BUFFER_ALLOC_SAMPLE_TICKS	0
SMALL_READ_40_WORK_DETAIL_BUFFER_FREE_CALLS	67
SMALL_READ_40_WORK_DETAIL_BUFFER_FREE_SAMPLES	3
SMALL_READ_40_WORK_DETAIL_BUFFER_FREE_SAMPLE_TICKS	0
SMALL_READ_40_WORK_DETAIL_EXALL_FILL_CALLS	0
SMALL_READ_40_WORK_DETAIL_EXALL_FILL_SAMPLES	0
SMALL_READ_40_WORK_DETAIL_EXALL_FILL_SAMPLE_TICKS	0
SMALL_READ_40_WORK_FREESPACE_ALLOCS	0
SMALL_READ_40_VOLUME_FLUSH_BIO_READS	0
SMALL_READ_40_VOLUME_FLUSH_BIO_WRITES	0
SMALL_READ_40_VOLUME_FLUSH_BIO_UPDATES	0
SMALL_READ_40_VOLUME_FLUSH_DATA_READS	0
SMALL_READ_40_VOLUME_FLUSH_DATA_WRITES	0
SMALL_READ_40_VOLUME_FLUSH_NODE_WRITES	0
SMALL_READ_40_VOLUME_FLUSH_TXN_COMMITS	0
SMALL_READ_40_VOLUME_FLUSH_EXTENT_MAPS	0
SMALL_READ_40_VOLUME_FLUSH_READ_TICKS	0
SMALL_READ_40_VOLUME_FLUSH_WRITE_TICKS	0
SMALL_READ_40_VOLUME_FLUSH_UPDATE_TICKS	0
SMALL_READ_40_VOLUME_FLUSH_DATA_READ_TICKS	0
SMALL_READ_40_VOLUME_FLUSH_DATA_WRITE_TICKS	0
SMALL_READ_40_VOLUME_FLUSH_NODE_CRC_READ_CALLS	0
SMALL_READ_40_VOLUME_FLUSH_NODE_CRC_READ_SAMPLES	0
SMALL_READ_40_VOLUME_FLUSH_NODE_CRC_READ_SAMPLE_TICKS	0
SMALL_READ_40_VOLUME_FLUSH_NODE_CRC_WRITE_CALLS	0
SMALL_READ_40_VOLUME_FLUSH_NODE_CRC_WRITE_SAMPLES	0
SMALL_READ_40_VOLUME_FLUSH_NODE_CRC_WRITE_SAMPLE_TICKS	0
SMALL_READ_40_VOLUME_FLUSH_CLOCK_PAIR_TICKS	0
SMALL_READ_40_VOLUME_FLUSH_PACKET_CALLS	0
SMALL_READ_40_VOLUME_FLUSH_PACKET_SAMPLES	0
SMALL_READ_40_VOLUME_FLUSH_PACKET_SAMPLE_TICKS	0
SMALL_READ_40_VOLUME_FLUSH_PACKET_OPEN_CALLS	0
SMALL_READ_40_VOLUME_FLUSH_PACKET_OPEN_SAMPLES	0
SMALL_READ_40_VOLUME_FLUSH_PACKET_OPEN_SAMPLE_TICKS	0
SMALL_READ_40_VOLUME_FLUSH_PACKET_READ_CALLS	0
SMALL_READ_40_VOLUME_FLUSH_PACKET_READ_SAMPLES	0
SMALL_READ_40_VOLUME_FLUSH_PACKET_READ_SAMPLE_TICKS	0
SMALL_READ_40_VOLUME_FLUSH_PACKET_WRITE_CALLS	0
SMALL_READ_40_VOLUME_FLUSH_PACKET_WRITE_SAMPLES	0
SMALL_READ_40_VOLUME_FLUSH_PACKET_WRITE_SAMPLE_TICKS	0
SMALL_READ_40_VOLUME_FLUSH_PACKET_END_CALLS	0
SMALL_READ_40_VOLUME_FLUSH_PACKET_END_SAMPLES	0
SMALL_READ_40_VOLUME_FLUSH_PACKET_END_SAMPLE_TICKS	0
SMALL_READ_40_VOLUME_FLUSH_PACKET_DELETE_CALLS	0
SMALL_READ_40_VOLUME_FLUSH_PACKET_DELETE_SAMPLES	0
SMALL_READ_40_VOLUME_FLUSH_PACKET_DELETE_SAMPLE_TICKS	0
SMALL_READ_40_VOLUME_FLUSH_PACKET_FLUSH_CALLS	0
SMALL_READ_40_VOLUME_FLUSH_PACKET_FLUSH_SAMPLES	0
SMALL_READ_40_VOLUME_FLUSH_PACKET_FLUSH_SAMPLE_TICKS	0
SMALL_READ_40_VOLUME_FLUSH_PACKET_OTHER_CALLS	0
SMALL_READ_40_VOLUME_FLUSH_PACKET_OTHER_SAMPLES	0
SMALL_READ_40_VOLUME_FLUSH_PACKET_OTHER_SAMPLE_TICKS	0
SMALL_READ_40_VOLUME_FLUSH_CORE_CREATE_CALLS	0
SMALL_READ_40_VOLUME_FLUSH_CORE_CREATE_SAMPLES	0
SMALL_READ_40_VOLUME_FLUSH_CORE_CREATE_SAMPLE_TICKS	0
SMALL_READ_40_VOLUME_FLUSH_CORE_DELETE_CALLS	0
SMALL_READ_40_VOLUME_FLUSH_CORE_DELETE_SAMPLES	0
SMALL_READ_40_VOLUME_FLUSH_CORE_DELETE_SAMPLE_TICKS	0
SMALL_READ_40_VOLUME_FLUSH_CORE_FILE_WRITE_CALLS	0
SMALL_READ_40_VOLUME_FLUSH_CORE_FILE_WRITE_SAMPLES	0
SMALL_READ_40_VOLUME_FLUSH_CORE_FILE_WRITE_SAMPLE_TICKS	0
SMALL_READ_40_VOLUME_FLUSH_CORE_SYNC_CALLS	0
SMALL_READ_40_VOLUME_FLUSH_CORE_SYNC_SAMPLES	0
SMALL_READ_40_VOLUME_FLUSH_CORE_SYNC_SAMPLE_TICKS	0
SMALL_READ_40_VOLUME_FLUSH_IFACE_FREE_CALLS	0
SMALL_READ_40_VOLUME_FLUSH_IFACE_FREE_SAMPLES	0
SMALL_READ_40_VOLUME_FLUSH_IFACE_FREE_SAMPLE_TICKS	0
SMALL_READ_40_VOLUME_FLUSH_SEAL_COMMIT_CALLS	0
SMALL_READ_40_VOLUME_FLUSH_SEAL_COMMIT_SAMPLES	0
SMALL_READ_40_VOLUME_FLUSH_SEAL_COMMIT_SAMPLE_TICKS	0
SMALL_READ_40_VOLUME_FLUSH_INODE_READ_CALLS	0
SMALL_READ_40_VOLUME_FLUSH_BTREE_SEARCH_CALLS	0
SMALL_READ_40_VOLUME_FLUSH_BTREE_INDEX_HINT_HITS	0
SMALL_READ_40_VOLUME_FLUSH_BTREE_LEAF_HINT_HITS	0
SMALL_READ_40_VOLUME_FLUSH_CACHE_READ_CALLS	0
SMALL_READ_40_VOLUME_FLUSH_CACHE_READ_HITS	0
SMALL_READ_40_VOLUME_FLUSH_CACHE_READ_MISSES	0
SMALL_READ_40_VOLUME_FLUSH_FREE_TREE_NODE_VIEWS	0
SMALL_READ_40_VOLUME_FLUSH_FREE_TREE_RESIDENT_VIEWS	0
SMALL_READ_40_VOLUME_FLUSH_DIR_TREE_NODE_VIEWS	0
SMALL_READ_40_VOLUME_FLUSH_DIR_TREE_RESIDENT_VIEWS	0
SMALL_READ_40_VOLUME_FLUSH_INODE_TREE_NODE_VIEWS	0
SMALL_READ_40_VOLUME_FLUSH_INODE_TREE_RESIDENT_VIEWS	0
SMALL_READ_40_VOLUME_FLUSH_REFCOUNT_TREE_NODE_VIEWS	0
SMALL_READ_40_VOLUME_FLUSH_REFCOUNT_TREE_RESIDENT_VIEWS	0
SMALL_READ_40_VOLUME_FLUSH_OTHER_TREE_NODE_VIEWS	0
SMALL_READ_40_VOLUME_FLUSH_OTHER_TREE_RESIDENT_VIEWS	0
SMALL_READ_40_VOLUME_FLUSH_WRITE_DETAIL_INODE_READ_CALLS	0
SMALL_READ_40_VOLUME_FLUSH_WRITE_DETAIL_INODE_READ_SAMPLES	0
SMALL_READ_40_VOLUME_FLUSH_WRITE_DETAIL_INODE_READ_SAMPLE_TICKS	0
SMALL_READ_40_VOLUME_FLUSH_WRITE_DETAIL_INODE_WRITE_CALLS	0
SMALL_READ_40_VOLUME_FLUSH_WRITE_DETAIL_INODE_WRITE_SAMPLES	0
SMALL_READ_40_VOLUME_FLUSH_WRITE_DETAIL_INODE_WRITE_SAMPLE_TICKS	0
SMALL_READ_40_VOLUME_FLUSH_WRITE_DETAIL_EXTENT_MAP_CALLS	0
SMALL_READ_40_VOLUME_FLUSH_WRITE_DETAIL_EXTENT_MAP_SAMPLES	0
SMALL_READ_40_VOLUME_FLUSH_WRITE_DETAIL_EXTENT_MAP_SAMPLE_TICKS	0
SMALL_READ_40_VOLUME_FLUSH_WRITE_DETAIL_FREESPACE_GOAL_CALLS	0
SMALL_READ_40_VOLUME_FLUSH_WRITE_DETAIL_FREESPACE_GOAL_SAMPLES	0
SMALL_READ_40_VOLUME_FLUSH_WRITE_DETAIL_FREESPACE_GOAL_SAMPLE_TICKS	0
SMALL_READ_40_VOLUME_FLUSH_BTREE_MALLOC_CALLS	0
SMALL_READ_40_VOLUME_FLUSH_BTREE_MALLOC_SAMPLES	0
SMALL_READ_40_VOLUME_FLUSH_BTREE_MALLOC_SAMPLE_TICKS	0
SMALL_READ_40_VOLUME_FLUSH_BTREE_FREE_CALLS	0
SMALL_READ_40_VOLUME_FLUSH_BTREE_FREE_SAMPLES	0
SMALL_READ_40_VOLUME_FLUSH_BTREE_FREE_SAMPLE_TICKS	0
SMALL_READ_40_VOLUME_FLUSH_IFACE_ALLOC_CALLS	0
SMALL_READ_40_VOLUME_FLUSH_IFACE_ALLOC_SAMPLES	0
SMALL_READ_40_VOLUME_FLUSH_IFACE_ALLOC_SAMPLE_TICKS	0
SMALL_READ_40_VOLUME_FLUSH_FREESPACE_ALLOC_CALLS	0
SMALL_READ_40_VOLUME_FLUSH_FREESPACE_ALLOC_SAMPLES	0
SMALL_READ_40_VOLUME_FLUSH_FREESPACE_ALLOC_SAMPLE_TICKS	0
SMALL_READ_40_VOLUME_FLUSH_DETAIL_INODE_READ_CALLS	0
SMALL_READ_40_VOLUME_FLUSH_DETAIL_INODE_READ_SAMPLES	0
SMALL_READ_40_VOLUME_FLUSH_DETAIL_INODE_READ_SAMPLE_TICKS	0
SMALL_READ_40_VOLUME_FLUSH_DETAIL_INODE_VALIDATE_CALLS	0
SMALL_READ_40_VOLUME_FLUSH_DETAIL_INODE_VALIDATE_SAMPLES	0
SMALL_READ_40_VOLUME_FLUSH_DETAIL_INODE_VALIDATE_SAMPLE_TICKS	0
SMALL_READ_40_VOLUME_FLUSH_DETAIL_INODE_SEARCH_CALLS	0
SMALL_READ_40_VOLUME_FLUSH_DETAIL_INODE_SEARCH_SAMPLES	0
SMALL_READ_40_VOLUME_FLUSH_DETAIL_INODE_SEARCH_SAMPLE_TICKS	0
SMALL_READ_40_VOLUME_FLUSH_DETAIL_INODE_NODE_VIEW_CALLS	0
SMALL_READ_40_VOLUME_FLUSH_DETAIL_INODE_NODE_VIEW_SAMPLES	0
SMALL_READ_40_VOLUME_FLUSH_DETAIL_INODE_NODE_VIEW_SAMPLE_TICKS	0
SMALL_READ_40_VOLUME_FLUSH_DETAIL_DIR_NODE_VIEW_CALLS	0
SMALL_READ_40_VOLUME_FLUSH_DETAIL_DIR_NODE_VIEW_SAMPLES	0
SMALL_READ_40_VOLUME_FLUSH_DETAIL_DIR_NODE_VIEW_SAMPLE_TICKS	0
SMALL_READ_40_VOLUME_FLUSH_DETAIL_INODE_BINARY_SEARCH_CALLS	0
SMALL_READ_40_VOLUME_FLUSH_DETAIL_INODE_BINARY_SEARCH_SAMPLES	0
SMALL_READ_40_VOLUME_FLUSH_DETAIL_INODE_BINARY_SEARCH_SAMPLE_TICKS	0
SMALL_READ_40_VOLUME_FLUSH_DETAIL_DIR_BINARY_SEARCH_CALLS	0
SMALL_READ_40_VOLUME_FLUSH_DETAIL_DIR_BINARY_SEARCH_SAMPLES	0
SMALL_READ_40_VOLUME_FLUSH_DETAIL_DIR_BINARY_SEARCH_SAMPLE_TICKS	0
SMALL_READ_40_VOLUME_FLUSH_DETAIL_NODE_STRUCTURE_CALLS	0
SMALL_READ_40_VOLUME_FLUSH_DETAIL_NODE_STRUCTURE_SAMPLES	0
SMALL_READ_40_VOLUME_FLUSH_DETAIL_NODE_STRUCTURE_SAMPLE_TICKS	0
SMALL_READ_40_VOLUME_FLUSH_DETAIL_CACHE_PEEK_CALLS	0
SMALL_READ_40_VOLUME_FLUSH_DETAIL_CACHE_PEEK_SAMPLES	0
SMALL_READ_40_VOLUME_FLUSH_DETAIL_CACHE_PEEK_SAMPLE_TICKS	0
SMALL_READ_40_VOLUME_FLUSH_DETAIL_BUFFER_ALLOC_CALLS	0
SMALL_READ_40_VOLUME_FLUSH_DETAIL_BUFFER_ALLOC_SAMPLES	0
SMALL_READ_40_VOLUME_FLUSH_DETAIL_BUFFER_ALLOC_SAMPLE_TICKS	0
SMALL_READ_40_VOLUME_FLUSH_DETAIL_BUFFER_FREE_CALLS	0
SMALL_READ_40_VOLUME_FLUSH_DETAIL_BUFFER_FREE_SAMPLES	0
SMALL_READ_40_VOLUME_FLUSH_DETAIL_BUFFER_FREE_SAMPLE_TICKS	0
SMALL_READ_40_VOLUME_FLUSH_DETAIL_EXALL_FILL_CALLS	0
SMALL_READ_40_VOLUME_FLUSH_DETAIL_EXALL_FILL_SAMPLES	0
SMALL_READ_40_VOLUME_FLUSH_DETAIL_EXALL_FILL_SAMPLE_TICKS	0
SMALL_READ_40_VOLUME_FLUSH_FREESPACE_ALLOCS	0
LIST_EXNEXT_400_US	54528
LIST_EXNEXT_400_WORK_US	54528
LIST_EXNEXT_400_VOLUME_FLUSH_US	0
LIST_EXNEXT_400_HAS_VOLUME_FLUSH	0
LIST_EXNEXT_400_GUEST_OPEN_CALLS	0
LIST_EXNEXT_400_GUEST_OPEN_US	0
LIST_EXNEXT_400_GUEST_READ_CALLS	0
LIST_EXNEXT_400_GUEST_READ_US	0
LIST_EXNEXT_400_GUEST_WRITE_CALLS	0
LIST_EXNEXT_400_GUEST_WRITE_US	0
LIST_EXNEXT_400_GUEST_HANDLE_FLUSH_CALLS	0
LIST_EXNEXT_400_GUEST_HANDLE_FLUSH_US	0
LIST_EXNEXT_400_GUEST_CLOSE_CALLS	0
LIST_EXNEXT_400_GUEST_CLOSE_US	0
LIST_EXNEXT_400_GUEST_VERIFY_CALLS	0
LIST_EXNEXT_400_GUEST_VERIFY_US	0
LIST_EXNEXT_400_WORK_BIO_READS	0
LIST_EXNEXT_400_WORK_BIO_WRITES	0
LIST_EXNEXT_400_WORK_BIO_UPDATES	0
LIST_EXNEXT_400_WORK_DATA_READS	0
LIST_EXNEXT_400_WORK_DATA_WRITES	0
LIST_EXNEXT_400_WORK_NODE_WRITES	0
LIST_EXNEXT_400_WORK_TXN_COMMITS	0
LIST_EXNEXT_400_WORK_EXTENT_MAPS	0
LIST_EXNEXT_400_WORK_READ_TICKS	0
LIST_EXNEXT_400_WORK_WRITE_TICKS	0
LIST_EXNEXT_400_WORK_UPDATE_TICKS	0
LIST_EXNEXT_400_WORK_DATA_READ_TICKS	0
LIST_EXNEXT_400_WORK_DATA_WRITE_TICKS	0
LIST_EXNEXT_400_WORK_NODE_CRC_READ_CALLS	0
LIST_EXNEXT_400_WORK_NODE_CRC_READ_SAMPLES	0
LIST_EXNEXT_400_WORK_NODE_CRC_READ_SAMPLE_TICKS	0
LIST_EXNEXT_400_WORK_NODE_CRC_WRITE_CALLS	0
LIST_EXNEXT_400_WORK_NODE_CRC_WRITE_SAMPLES	0
LIST_EXNEXT_400_WORK_NODE_CRC_WRITE_SAMPLE_TICKS	0
LIST_EXNEXT_400_WORK_CLOCK_PAIR_TICKS	1
LIST_EXNEXT_400_WORK_PACKET_CALLS	422
LIST_EXNEXT_400_WORK_PACKET_SAMPLES	422
LIST_EXNEXT_400_WORK_PACKET_SAMPLE_TICKS	28894
LIST_EXNEXT_400_WORK_PACKET_OPEN_CALLS	0
LIST_EXNEXT_400_WORK_PACKET_OPEN_SAMPLES	0
LIST_EXNEXT_400_WORK_PACKET_OPEN_SAMPLE_TICKS	0
LIST_EXNEXT_400_WORK_PACKET_READ_CALLS	0
LIST_EXNEXT_400_WORK_PACKET_READ_SAMPLES	0
LIST_EXNEXT_400_WORK_PACKET_READ_SAMPLE_TICKS	0
LIST_EXNEXT_400_WORK_PACKET_WRITE_CALLS	0
LIST_EXNEXT_400_WORK_PACKET_WRITE_SAMPLES	0
LIST_EXNEXT_400_WORK_PACKET_WRITE_SAMPLE_TICKS	0
LIST_EXNEXT_400_WORK_PACKET_END_CALLS	0
LIST_EXNEXT_400_WORK_PACKET_END_SAMPLES	0
LIST_EXNEXT_400_WORK_PACKET_END_SAMPLE_TICKS	0
LIST_EXNEXT_400_WORK_PACKET_DELETE_CALLS	0
LIST_EXNEXT_400_WORK_PACKET_DELETE_SAMPLES	0
LIST_EXNEXT_400_WORK_PACKET_DELETE_SAMPLE_TICKS	0
LIST_EXNEXT_400_WORK_PACKET_FLUSH_CALLS	0
LIST_EXNEXT_400_WORK_PACKET_FLUSH_SAMPLES	0
LIST_EXNEXT_400_WORK_PACKET_FLUSH_SAMPLE_TICKS	0
LIST_EXNEXT_400_WORK_PACKET_OTHER_CALLS	422
LIST_EXNEXT_400_WORK_PACKET_OTHER_SAMPLES	422
LIST_EXNEXT_400_WORK_PACKET_OTHER_SAMPLE_TICKS	28894
LIST_EXNEXT_400_WORK_CORE_CREATE_CALLS	0
LIST_EXNEXT_400_WORK_CORE_CREATE_SAMPLES	0
LIST_EXNEXT_400_WORK_CORE_CREATE_SAMPLE_TICKS	0
LIST_EXNEXT_400_WORK_CORE_DELETE_CALLS	0
LIST_EXNEXT_400_WORK_CORE_DELETE_SAMPLES	0
LIST_EXNEXT_400_WORK_CORE_DELETE_SAMPLE_TICKS	0
LIST_EXNEXT_400_WORK_CORE_FILE_WRITE_CALLS	0
LIST_EXNEXT_400_WORK_CORE_FILE_WRITE_SAMPLES	0
LIST_EXNEXT_400_WORK_CORE_FILE_WRITE_SAMPLE_TICKS	0
LIST_EXNEXT_400_WORK_CORE_SYNC_CALLS	0
LIST_EXNEXT_400_WORK_CORE_SYNC_SAMPLES	0
LIST_EXNEXT_400_WORK_CORE_SYNC_SAMPLE_TICKS	0
LIST_EXNEXT_400_WORK_IFACE_FREE_CALLS	0
LIST_EXNEXT_400_WORK_IFACE_FREE_SAMPLES	0
LIST_EXNEXT_400_WORK_IFACE_FREE_SAMPLE_TICKS	0
LIST_EXNEXT_400_WORK_SEAL_COMMIT_CALLS	0
LIST_EXNEXT_400_WORK_SEAL_COMMIT_SAMPLES	0
LIST_EXNEXT_400_WORK_SEAL_COMMIT_SAMPLE_TICKS	0
LIST_EXNEXT_400_WORK_INODE_READ_CALLS	410
LIST_EXNEXT_400_WORK_BTREE_SEARCH_CALLS	411
LIST_EXNEXT_400_WORK_BTREE_INDEX_HINT_HITS	390
LIST_EXNEXT_400_WORK_BTREE_LEAF_HINT_HITS	21
LIST_EXNEXT_400_WORK_CACHE_READ_CALLS	0
LIST_EXNEXT_400_WORK_CACHE_READ_HITS	0
LIST_EXNEXT_400_WORK_CACHE_READ_MISSES	0
LIST_EXNEXT_400_WORK_FREE_TREE_NODE_VIEWS	0
LIST_EXNEXT_400_WORK_FREE_TREE_RESIDENT_VIEWS	0
LIST_EXNEXT_400_WORK_DIR_TREE_NODE_VIEWS	230
LIST_EXNEXT_400_WORK_DIR_TREE_RESIDENT_VIEWS	230
LIST_EXNEXT_400_WORK_INODE_TREE_NODE_VIEWS	0
LIST_EXNEXT_400_WORK_INODE_TREE_RESIDENT_VIEWS	0
LIST_EXNEXT_400_WORK_REFCOUNT_TREE_NODE_VIEWS	0
LIST_EXNEXT_400_WORK_REFCOUNT_TREE_RESIDENT_VIEWS	0
LIST_EXNEXT_400_WORK_OTHER_TREE_NODE_VIEWS	0
LIST_EXNEXT_400_WORK_OTHER_TREE_RESIDENT_VIEWS	0
LIST_EXNEXT_400_WORK_WRITE_DETAIL_INODE_READ_CALLS	410
LIST_EXNEXT_400_WORK_WRITE_DETAIL_INODE_READ_SAMPLES	410
LIST_EXNEXT_400_WORK_WRITE_DETAIL_INODE_READ_SAMPLE_TICKS	7551
LIST_EXNEXT_400_WORK_WRITE_DETAIL_INODE_WRITE_CALLS	0
LIST_EXNEXT_400_WORK_WRITE_DETAIL_INODE_WRITE_SAMPLES	0
LIST_EXNEXT_400_WORK_WRITE_DETAIL_INODE_WRITE_SAMPLE_TICKS	0
LIST_EXNEXT_400_WORK_WRITE_DETAIL_EXTENT_MAP_CALLS	0
LIST_EXNEXT_400_WORK_WRITE_DETAIL_EXTENT_MAP_SAMPLES	0
LIST_EXNEXT_400_WORK_WRITE_DETAIL_EXTENT_MAP_SAMPLE_TICKS	0
LIST_EXNEXT_400_WORK_WRITE_DETAIL_FREESPACE_GOAL_CALLS	0
LIST_EXNEXT_400_WORK_WRITE_DETAIL_FREESPACE_GOAL_SAMPLES	0
LIST_EXNEXT_400_WORK_WRITE_DETAIL_FREESPACE_GOAL_SAMPLE_TICKS	0
LIST_EXNEXT_400_WORK_BTREE_MALLOC_CALLS	51
LIST_EXNEXT_400_WORK_BTREE_MALLOC_SAMPLES	51
LIST_EXNEXT_400_WORK_BTREE_MALLOC_SAMPLE_TICKS	470
LIST_EXNEXT_400_WORK_BTREE_FREE_CALLS	421
LIST_EXNEXT_400_WORK_BTREE_FREE_SAMPLES	421
LIST_EXNEXT_400_WORK_BTREE_FREE_SAMPLE_TICKS	909
LIST_EXNEXT_400_WORK_IFACE_ALLOC_CALLS	0
LIST_EXNEXT_400_WORK_IFACE_ALLOC_SAMPLES	0
LIST_EXNEXT_400_WORK_IFACE_ALLOC_SAMPLE_TICKS	0
LIST_EXNEXT_400_WORK_FREESPACE_ALLOC_CALLS	0
LIST_EXNEXT_400_WORK_FREESPACE_ALLOC_SAMPLES	0
LIST_EXNEXT_400_WORK_FREESPACE_ALLOC_SAMPLE_TICKS	0
LIST_EXNEXT_400_WORK_DETAIL_INODE_READ_CALLS	410
LIST_EXNEXT_400_WORK_DETAIL_INODE_READ_SAMPLES	24
LIST_EXNEXT_400_WORK_DETAIL_INODE_READ_SAMPLE_TICKS	645
LIST_EXNEXT_400_WORK_DETAIL_INODE_VALIDATE_CALLS	410
LIST_EXNEXT_400_WORK_DETAIL_INODE_VALIDATE_SAMPLES	24
LIST_EXNEXT_400_WORK_DETAIL_INODE_VALIDATE_SAMPLE_TICKS	163
LIST_EXNEXT_400_WORK_DETAIL_INODE_SEARCH_CALLS	410
LIST_EXNEXT_400_WORK_DETAIL_INODE_SEARCH_SAMPLES	24
LIST_EXNEXT_400_WORK_DETAIL_INODE_SEARCH_SAMPLE_TICKS	363
LIST_EXNEXT_400_WORK_DETAIL_INODE_NODE_VIEW_CALLS	0
LIST_EXNEXT_400_WORK_DETAIL_INODE_NODE_VIEW_SAMPLES	0
LIST_EXNEXT_400_WORK_DETAIL_INODE_NODE_VIEW_SAMPLE_TICKS	0
LIST_EXNEXT_400_WORK_DETAIL_DIR_NODE_VIEW_CALLS	230
LIST_EXNEXT_400_WORK_DETAIL_DIR_NODE_VIEW_SAMPLES	13
LIST_EXNEXT_400_WORK_DETAIL_DIR_NODE_VIEW_SAMPLE_TICKS	91
LIST_EXNEXT_400_WORK_DETAIL_INODE_BINARY_SEARCH_CALLS	0
LIST_EXNEXT_400_WORK_DETAIL_INODE_BINARY_SEARCH_SAMPLES	0
LIST_EXNEXT_400_WORK_DETAIL_INODE_BINARY_SEARCH_SAMPLE_TICKS	0
LIST_EXNEXT_400_WORK_DETAIL_DIR_BINARY_SEARCH_CALLS	141
LIST_EXNEXT_400_WORK_DETAIL_DIR_BINARY_SEARCH_SAMPLES	8
LIST_EXNEXT_400_WORK_DETAIL_DIR_BINARY_SEARCH_SAMPLE_TICKS	10
LIST_EXNEXT_400_WORK_DETAIL_NODE_STRUCTURE_CALLS	0
LIST_EXNEXT_400_WORK_DETAIL_NODE_STRUCTURE_SAMPLES	0
LIST_EXNEXT_400_WORK_DETAIL_NODE_STRUCTURE_SAMPLE_TICKS	0
LIST_EXNEXT_400_WORK_DETAIL_CACHE_PEEK_CALLS	641
LIST_EXNEXT_400_WORK_DETAIL_CACHE_PEEK_SAMPLES	37
LIST_EXNEXT_400_WORK_DETAIL_CACHE_PEEK_SAMPLE_TICKS	228
LIST_EXNEXT_400_WORK_DETAIL_BUFFER_ALLOC_CALLS	420
LIST_EXNEXT_400_WORK_DETAIL_BUFFER_ALLOC_SAMPLES	24
LIST_EXNEXT_400_WORK_DETAIL_BUFFER_ALLOC_SAMPLE_TICKS	21
LIST_EXNEXT_400_WORK_DETAIL_BUFFER_FREE_CALLS	420
LIST_EXNEXT_400_WORK_DETAIL_BUFFER_FREE_SAMPLES	24
LIST_EXNEXT_400_WORK_DETAIL_BUFFER_FREE_SAMPLE_TICKS	91
LIST_EXNEXT_400_WORK_DETAIL_EXALL_FILL_CALLS	0
LIST_EXNEXT_400_WORK_DETAIL_EXALL_FILL_SAMPLES	0
LIST_EXNEXT_400_WORK_DETAIL_EXALL_FILL_SAMPLE_TICKS	0
LIST_EXNEXT_400_WORK_FREESPACE_ALLOCS	0
LIST_EXNEXT_400_VOLUME_FLUSH_BIO_READS	0
LIST_EXNEXT_400_VOLUME_FLUSH_BIO_WRITES	0
LIST_EXNEXT_400_VOLUME_FLUSH_BIO_UPDATES	0
LIST_EXNEXT_400_VOLUME_FLUSH_DATA_READS	0
LIST_EXNEXT_400_VOLUME_FLUSH_DATA_WRITES	0
LIST_EXNEXT_400_VOLUME_FLUSH_NODE_WRITES	0
LIST_EXNEXT_400_VOLUME_FLUSH_TXN_COMMITS	0
LIST_EXNEXT_400_VOLUME_FLUSH_EXTENT_MAPS	0
LIST_EXNEXT_400_VOLUME_FLUSH_READ_TICKS	0
LIST_EXNEXT_400_VOLUME_FLUSH_WRITE_TICKS	0
LIST_EXNEXT_400_VOLUME_FLUSH_UPDATE_TICKS	0
LIST_EXNEXT_400_VOLUME_FLUSH_DATA_READ_TICKS	0
LIST_EXNEXT_400_VOLUME_FLUSH_DATA_WRITE_TICKS	0
LIST_EXNEXT_400_VOLUME_FLUSH_NODE_CRC_READ_CALLS	0
LIST_EXNEXT_400_VOLUME_FLUSH_NODE_CRC_READ_SAMPLES	0
LIST_EXNEXT_400_VOLUME_FLUSH_NODE_CRC_READ_SAMPLE_TICKS	0
LIST_EXNEXT_400_VOLUME_FLUSH_NODE_CRC_WRITE_CALLS	0
LIST_EXNEXT_400_VOLUME_FLUSH_NODE_CRC_WRITE_SAMPLES	0
LIST_EXNEXT_400_VOLUME_FLUSH_NODE_CRC_WRITE_SAMPLE_TICKS	0
LIST_EXNEXT_400_VOLUME_FLUSH_CLOCK_PAIR_TICKS	0
LIST_EXNEXT_400_VOLUME_FLUSH_PACKET_CALLS	0
LIST_EXNEXT_400_VOLUME_FLUSH_PACKET_SAMPLES	0
LIST_EXNEXT_400_VOLUME_FLUSH_PACKET_SAMPLE_TICKS	0
LIST_EXNEXT_400_VOLUME_FLUSH_PACKET_OPEN_CALLS	0
LIST_EXNEXT_400_VOLUME_FLUSH_PACKET_OPEN_SAMPLES	0
LIST_EXNEXT_400_VOLUME_FLUSH_PACKET_OPEN_SAMPLE_TICKS	0
LIST_EXNEXT_400_VOLUME_FLUSH_PACKET_READ_CALLS	0
LIST_EXNEXT_400_VOLUME_FLUSH_PACKET_READ_SAMPLES	0
LIST_EXNEXT_400_VOLUME_FLUSH_PACKET_READ_SAMPLE_TICKS	0
LIST_EXNEXT_400_VOLUME_FLUSH_PACKET_WRITE_CALLS	0
LIST_EXNEXT_400_VOLUME_FLUSH_PACKET_WRITE_SAMPLES	0
LIST_EXNEXT_400_VOLUME_FLUSH_PACKET_WRITE_SAMPLE_TICKS	0
LIST_EXNEXT_400_VOLUME_FLUSH_PACKET_END_CALLS	0
LIST_EXNEXT_400_VOLUME_FLUSH_PACKET_END_SAMPLES	0
LIST_EXNEXT_400_VOLUME_FLUSH_PACKET_END_SAMPLE_TICKS	0
LIST_EXNEXT_400_VOLUME_FLUSH_PACKET_DELETE_CALLS	0
LIST_EXNEXT_400_VOLUME_FLUSH_PACKET_DELETE_SAMPLES	0
LIST_EXNEXT_400_VOLUME_FLUSH_PACKET_DELETE_SAMPLE_TICKS	0
LIST_EXNEXT_400_VOLUME_FLUSH_PACKET_FLUSH_CALLS	0
LIST_EXNEXT_400_VOLUME_FLUSH_PACKET_FLUSH_SAMPLES	0
LIST_EXNEXT_400_VOLUME_FLUSH_PACKET_FLUSH_SAMPLE_TICKS	0
LIST_EXNEXT_400_VOLUME_FLUSH_PACKET_OTHER_CALLS	0
LIST_EXNEXT_400_VOLUME_FLUSH_PACKET_OTHER_SAMPLES	0
LIST_EXNEXT_400_VOLUME_FLUSH_PACKET_OTHER_SAMPLE_TICKS	0
LIST_EXNEXT_400_VOLUME_FLUSH_CORE_CREATE_CALLS	0
LIST_EXNEXT_400_VOLUME_FLUSH_CORE_CREATE_SAMPLES	0
LIST_EXNEXT_400_VOLUME_FLUSH_CORE_CREATE_SAMPLE_TICKS	0
LIST_EXNEXT_400_VOLUME_FLUSH_CORE_DELETE_CALLS	0
LIST_EXNEXT_400_VOLUME_FLUSH_CORE_DELETE_SAMPLES	0
LIST_EXNEXT_400_VOLUME_FLUSH_CORE_DELETE_SAMPLE_TICKS	0
LIST_EXNEXT_400_VOLUME_FLUSH_CORE_FILE_WRITE_CALLS	0
LIST_EXNEXT_400_VOLUME_FLUSH_CORE_FILE_WRITE_SAMPLES	0
LIST_EXNEXT_400_VOLUME_FLUSH_CORE_FILE_WRITE_SAMPLE_TICKS	0
LIST_EXNEXT_400_VOLUME_FLUSH_CORE_SYNC_CALLS	0
LIST_EXNEXT_400_VOLUME_FLUSH_CORE_SYNC_SAMPLES	0
LIST_EXNEXT_400_VOLUME_FLUSH_CORE_SYNC_SAMPLE_TICKS	0
LIST_EXNEXT_400_VOLUME_FLUSH_IFACE_FREE_CALLS	0
LIST_EXNEXT_400_VOLUME_FLUSH_IFACE_FREE_SAMPLES	0
LIST_EXNEXT_400_VOLUME_FLUSH_IFACE_FREE_SAMPLE_TICKS	0
LIST_EXNEXT_400_VOLUME_FLUSH_SEAL_COMMIT_CALLS	0
LIST_EXNEXT_400_VOLUME_FLUSH_SEAL_COMMIT_SAMPLES	0
LIST_EXNEXT_400_VOLUME_FLUSH_SEAL_COMMIT_SAMPLE_TICKS	0
LIST_EXNEXT_400_VOLUME_FLUSH_INODE_READ_CALLS	0
LIST_EXNEXT_400_VOLUME_FLUSH_BTREE_SEARCH_CALLS	0
LIST_EXNEXT_400_VOLUME_FLUSH_BTREE_INDEX_HINT_HITS	0
LIST_EXNEXT_400_VOLUME_FLUSH_BTREE_LEAF_HINT_HITS	0
LIST_EXNEXT_400_VOLUME_FLUSH_CACHE_READ_CALLS	0
LIST_EXNEXT_400_VOLUME_FLUSH_CACHE_READ_HITS	0
LIST_EXNEXT_400_VOLUME_FLUSH_CACHE_READ_MISSES	0
LIST_EXNEXT_400_VOLUME_FLUSH_FREE_TREE_NODE_VIEWS	0
LIST_EXNEXT_400_VOLUME_FLUSH_FREE_TREE_RESIDENT_VIEWS	0
LIST_EXNEXT_400_VOLUME_FLUSH_DIR_TREE_NODE_VIEWS	0
LIST_EXNEXT_400_VOLUME_FLUSH_DIR_TREE_RESIDENT_VIEWS	0
LIST_EXNEXT_400_VOLUME_FLUSH_INODE_TREE_NODE_VIEWS	0
LIST_EXNEXT_400_VOLUME_FLUSH_INODE_TREE_RESIDENT_VIEWS	0
LIST_EXNEXT_400_VOLUME_FLUSH_REFCOUNT_TREE_NODE_VIEWS	0
LIST_EXNEXT_400_VOLUME_FLUSH_REFCOUNT_TREE_RESIDENT_VIEWS	0
LIST_EXNEXT_400_VOLUME_FLUSH_OTHER_TREE_NODE_VIEWS	0
LIST_EXNEXT_400_VOLUME_FLUSH_OTHER_TREE_RESIDENT_VIEWS	0
LIST_EXNEXT_400_VOLUME_FLUSH_WRITE_DETAIL_INODE_READ_CALLS	0
LIST_EXNEXT_400_VOLUME_FLUSH_WRITE_DETAIL_INODE_READ_SAMPLES	0
LIST_EXNEXT_400_VOLUME_FLUSH_WRITE_DETAIL_INODE_READ_SAMPLE_TICKS	0
LIST_EXNEXT_400_VOLUME_FLUSH_WRITE_DETAIL_INODE_WRITE_CALLS	0
LIST_EXNEXT_400_VOLUME_FLUSH_WRITE_DETAIL_INODE_WRITE_SAMPLES	0
LIST_EXNEXT_400_VOLUME_FLUSH_WRITE_DETAIL_INODE_WRITE_SAMPLE_TICKS	0
LIST_EXNEXT_400_VOLUME_FLUSH_WRITE_DETAIL_EXTENT_MAP_CALLS	0
LIST_EXNEXT_400_VOLUME_FLUSH_WRITE_DETAIL_EXTENT_MAP_SAMPLES	0
LIST_EXNEXT_400_VOLUME_FLUSH_WRITE_DETAIL_EXTENT_MAP_SAMPLE_TICKS	0
LIST_EXNEXT_400_VOLUME_FLUSH_WRITE_DETAIL_FREESPACE_GOAL_CALLS	0
LIST_EXNEXT_400_VOLUME_FLUSH_WRITE_DETAIL_FREESPACE_GOAL_SAMPLES	0
LIST_EXNEXT_400_VOLUME_FLUSH_WRITE_DETAIL_FREESPACE_GOAL_SAMPLE_TICKS	0
LIST_EXNEXT_400_VOLUME_FLUSH_BTREE_MALLOC_CALLS	0
LIST_EXNEXT_400_VOLUME_FLUSH_BTREE_MALLOC_SAMPLES	0
LIST_EXNEXT_400_VOLUME_FLUSH_BTREE_MALLOC_SAMPLE_TICKS	0
LIST_EXNEXT_400_VOLUME_FLUSH_BTREE_FREE_CALLS	0
LIST_EXNEXT_400_VOLUME_FLUSH_BTREE_FREE_SAMPLES	0
LIST_EXNEXT_400_VOLUME_FLUSH_BTREE_FREE_SAMPLE_TICKS	0
LIST_EXNEXT_400_VOLUME_FLUSH_IFACE_ALLOC_CALLS	0
LIST_EXNEXT_400_VOLUME_FLUSH_IFACE_ALLOC_SAMPLES	0
LIST_EXNEXT_400_VOLUME_FLUSH_IFACE_ALLOC_SAMPLE_TICKS	0
LIST_EXNEXT_400_VOLUME_FLUSH_FREESPACE_ALLOC_CALLS	0
LIST_EXNEXT_400_VOLUME_FLUSH_FREESPACE_ALLOC_SAMPLES	0
LIST_EXNEXT_400_VOLUME_FLUSH_FREESPACE_ALLOC_SAMPLE_TICKS	0
LIST_EXNEXT_400_VOLUME_FLUSH_DETAIL_INODE_READ_CALLS	0
LIST_EXNEXT_400_VOLUME_FLUSH_DETAIL_INODE_READ_SAMPLES	0
LIST_EXNEXT_400_VOLUME_FLUSH_DETAIL_INODE_READ_SAMPLE_TICKS	0
LIST_EXNEXT_400_VOLUME_FLUSH_DETAIL_INODE_VALIDATE_CALLS	0
LIST_EXNEXT_400_VOLUME_FLUSH_DETAIL_INODE_VALIDATE_SAMPLES	0
LIST_EXNEXT_400_VOLUME_FLUSH_DETAIL_INODE_VALIDATE_SAMPLE_TICKS	0
LIST_EXNEXT_400_VOLUME_FLUSH_DETAIL_INODE_SEARCH_CALLS	0
LIST_EXNEXT_400_VOLUME_FLUSH_DETAIL_INODE_SEARCH_SAMPLES	0
LIST_EXNEXT_400_VOLUME_FLUSH_DETAIL_INODE_SEARCH_SAMPLE_TICKS	0
LIST_EXNEXT_400_VOLUME_FLUSH_DETAIL_INODE_NODE_VIEW_CALLS	0
LIST_EXNEXT_400_VOLUME_FLUSH_DETAIL_INODE_NODE_VIEW_SAMPLES	0
LIST_EXNEXT_400_VOLUME_FLUSH_DETAIL_INODE_NODE_VIEW_SAMPLE_TICKS	0
LIST_EXNEXT_400_VOLUME_FLUSH_DETAIL_DIR_NODE_VIEW_CALLS	0
LIST_EXNEXT_400_VOLUME_FLUSH_DETAIL_DIR_NODE_VIEW_SAMPLES	0
LIST_EXNEXT_400_VOLUME_FLUSH_DETAIL_DIR_NODE_VIEW_SAMPLE_TICKS	0
LIST_EXNEXT_400_VOLUME_FLUSH_DETAIL_INODE_BINARY_SEARCH_CALLS	0
LIST_EXNEXT_400_VOLUME_FLUSH_DETAIL_INODE_BINARY_SEARCH_SAMPLES	0
LIST_EXNEXT_400_VOLUME_FLUSH_DETAIL_INODE_BINARY_SEARCH_SAMPLE_TICKS	0
LIST_EXNEXT_400_VOLUME_FLUSH_DETAIL_DIR_BINARY_SEARCH_CALLS	0
LIST_EXNEXT_400_VOLUME_FLUSH_DETAIL_DIR_BINARY_SEARCH_SAMPLES	0
LIST_EXNEXT_400_VOLUME_FLUSH_DETAIL_DIR_BINARY_SEARCH_SAMPLE_TICKS	0
LIST_EXNEXT_400_VOLUME_FLUSH_DETAIL_NODE_STRUCTURE_CALLS	0
LIST_EXNEXT_400_VOLUME_FLUSH_DETAIL_NODE_STRUCTURE_SAMPLES	0
LIST_EXNEXT_400_VOLUME_FLUSH_DETAIL_NODE_STRUCTURE_SAMPLE_TICKS	0
LIST_EXNEXT_400_VOLUME_FLUSH_DETAIL_CACHE_PEEK_CALLS	0
LIST_EXNEXT_400_VOLUME_FLUSH_DETAIL_CACHE_PEEK_SAMPLES	0
LIST_EXNEXT_400_VOLUME_FLUSH_DETAIL_CACHE_PEEK_SAMPLE_TICKS	0
LIST_EXNEXT_400_VOLUME_FLUSH_DETAIL_BUFFER_ALLOC_CALLS	0
LIST_EXNEXT_400_VOLUME_FLUSH_DETAIL_BUFFER_ALLOC_SAMPLES	0
LIST_EXNEXT_400_VOLUME_FLUSH_DETAIL_BUFFER_ALLOC_SAMPLE_TICKS	0
LIST_EXNEXT_400_VOLUME_FLUSH_DETAIL_BUFFER_FREE_CALLS	0
LIST_EXNEXT_400_VOLUME_FLUSH_DETAIL_BUFFER_FREE_SAMPLES	0
LIST_EXNEXT_400_VOLUME_FLUSH_DETAIL_BUFFER_FREE_SAMPLE_TICKS	0
LIST_EXNEXT_400_VOLUME_FLUSH_DETAIL_EXALL_FILL_CALLS	0
LIST_EXNEXT_400_VOLUME_FLUSH_DETAIL_EXALL_FILL_SAMPLES	0
LIST_EXNEXT_400_VOLUME_FLUSH_DETAIL_EXALL_FILL_SAMPLE_TICKS	0
LIST_EXNEXT_400_VOLUME_FLUSH_FREESPACE_ALLOCS	0
LIST_EXALL_400_US	16703
LIST_EXALL_400_WORK_US	16703
LIST_EXALL_400_VOLUME_FLUSH_US	0
LIST_EXALL_400_HAS_VOLUME_FLUSH	0
LIST_EXALL_400_GUEST_OPEN_CALLS	0
LIST_EXALL_400_GUEST_OPEN_US	0
LIST_EXALL_400_GUEST_READ_CALLS	0
LIST_EXALL_400_GUEST_READ_US	0
LIST_EXALL_400_GUEST_WRITE_CALLS	0
LIST_EXALL_400_GUEST_WRITE_US	0
LIST_EXALL_400_GUEST_HANDLE_FLUSH_CALLS	0
LIST_EXALL_400_GUEST_HANDLE_FLUSH_US	0
LIST_EXALL_400_GUEST_CLOSE_CALLS	0
LIST_EXALL_400_GUEST_CLOSE_US	0
LIST_EXALL_400_GUEST_VERIFY_CALLS	0
LIST_EXALL_400_GUEST_VERIFY_US	0
LIST_EXALL_400_WORK_BIO_READS	0
LIST_EXALL_400_WORK_BIO_WRITES	0
LIST_EXALL_400_WORK_BIO_UPDATES	0
LIST_EXALL_400_WORK_DATA_READS	0
LIST_EXALL_400_WORK_DATA_WRITES	0
LIST_EXALL_400_WORK_NODE_WRITES	0
LIST_EXALL_400_WORK_TXN_COMMITS	0
LIST_EXALL_400_WORK_EXTENT_MAPS	0
LIST_EXALL_400_WORK_READ_TICKS	0
LIST_EXALL_400_WORK_WRITE_TICKS	0
LIST_EXALL_400_WORK_UPDATE_TICKS	0
LIST_EXALL_400_WORK_DATA_READ_TICKS	0
LIST_EXALL_400_WORK_DATA_WRITE_TICKS	0
LIST_EXALL_400_WORK_NODE_CRC_READ_CALLS	0
LIST_EXALL_400_WORK_NODE_CRC_READ_SAMPLES	0
LIST_EXALL_400_WORK_NODE_CRC_READ_SAMPLE_TICKS	0
LIST_EXALL_400_WORK_NODE_CRC_WRITE_CALLS	0
LIST_EXALL_400_WORK_NODE_CRC_WRITE_SAMPLES	0
LIST_EXALL_400_WORK_NODE_CRC_WRITE_SAMPLE_TICKS	0
LIST_EXALL_400_WORK_CLOCK_PAIR_TICKS	0
LIST_EXALL_400_WORK_PACKET_CALLS	12
LIST_EXALL_400_WORK_PACKET_SAMPLES	12
LIST_EXALL_400_WORK_PACKET_SAMPLE_TICKS	11260
LIST_EXALL_400_WORK_PACKET_OPEN_CALLS	0
LIST_EXALL_400_WORK_PACKET_OPEN_SAMPLES	0
LIST_EXALL_400_WORK_PACKET_OPEN_SAMPLE_TICKS	0
LIST_EXALL_400_WORK_PACKET_READ_CALLS	0
LIST_EXALL_400_WORK_PACKET_READ_SAMPLES	0
LIST_EXALL_400_WORK_PACKET_READ_SAMPLE_TICKS	0
LIST_EXALL_400_WORK_PACKET_WRITE_CALLS	0
LIST_EXALL_400_WORK_PACKET_WRITE_SAMPLES	0
LIST_EXALL_400_WORK_PACKET_WRITE_SAMPLE_TICKS	0
LIST_EXALL_400_WORK_PACKET_END_CALLS	0
LIST_EXALL_400_WORK_PACKET_END_SAMPLES	0
LIST_EXALL_400_WORK_PACKET_END_SAMPLE_TICKS	0
LIST_EXALL_400_WORK_PACKET_DELETE_CALLS	0
LIST_EXALL_400_WORK_PACKET_DELETE_SAMPLES	0
LIST_EXALL_400_WORK_PACKET_DELETE_SAMPLE_TICKS	0
LIST_EXALL_400_WORK_PACKET_FLUSH_CALLS	0
LIST_EXALL_400_WORK_PACKET_FLUSH_SAMPLES	0
LIST_EXALL_400_WORK_PACKET_FLUSH_SAMPLE_TICKS	0
LIST_EXALL_400_WORK_PACKET_OTHER_CALLS	12
LIST_EXALL_400_WORK_PACKET_OTHER_SAMPLES	12
LIST_EXALL_400_WORK_PACKET_OTHER_SAMPLE_TICKS	11260
LIST_EXALL_400_WORK_CORE_CREATE_CALLS	0
LIST_EXALL_400_WORK_CORE_CREATE_SAMPLES	0
LIST_EXALL_400_WORK_CORE_CREATE_SAMPLE_TICKS	0
LIST_EXALL_400_WORK_CORE_DELETE_CALLS	0
LIST_EXALL_400_WORK_CORE_DELETE_SAMPLES	0
LIST_EXALL_400_WORK_CORE_DELETE_SAMPLE_TICKS	0
LIST_EXALL_400_WORK_CORE_FILE_WRITE_CALLS	0
LIST_EXALL_400_WORK_CORE_FILE_WRITE_SAMPLES	0
LIST_EXALL_400_WORK_CORE_FILE_WRITE_SAMPLE_TICKS	0
LIST_EXALL_400_WORK_CORE_SYNC_CALLS	0
LIST_EXALL_400_WORK_CORE_SYNC_SAMPLES	0
LIST_EXALL_400_WORK_CORE_SYNC_SAMPLE_TICKS	0
LIST_EXALL_400_WORK_IFACE_FREE_CALLS	0
LIST_EXALL_400_WORK_IFACE_FREE_SAMPLES	0
LIST_EXALL_400_WORK_IFACE_FREE_SAMPLE_TICKS	0
LIST_EXALL_400_WORK_SEAL_COMMIT_CALLS	0
LIST_EXALL_400_WORK_SEAL_COMMIT_SAMPLES	0
LIST_EXALL_400_WORK_SEAL_COMMIT_SAMPLE_TICKS	0
LIST_EXALL_400_WORK_INODE_READ_CALLS	400
LIST_EXALL_400_WORK_BTREE_SEARCH_CALLS	401
LIST_EXALL_400_WORK_BTREE_INDEX_HINT_HITS	400
LIST_EXALL_400_WORK_BTREE_LEAF_HINT_HITS	1
LIST_EXALL_400_WORK_CACHE_READ_CALLS	0
LIST_EXALL_400_WORK_CACHE_READ_HITS	0
LIST_EXALL_400_WORK_CACHE_READ_MISSES	0
LIST_EXALL_400_WORK_FREE_TREE_NODE_VIEWS	0
LIST_EXALL_400_WORK_FREE_TREE_RESIDENT_VIEWS	0
LIST_EXALL_400_WORK_DIR_TREE_NODE_VIEWS	110
LIST_EXALL_400_WORK_DIR_TREE_RESIDENT_VIEWS	110
LIST_EXALL_400_WORK_INODE_TREE_NODE_VIEWS	0
LIST_EXALL_400_WORK_INODE_TREE_RESIDENT_VIEWS	0
LIST_EXALL_400_WORK_REFCOUNT_TREE_NODE_VIEWS	0
LIST_EXALL_400_WORK_REFCOUNT_TREE_RESIDENT_VIEWS	0
LIST_EXALL_400_WORK_OTHER_TREE_NODE_VIEWS	0
LIST_EXALL_400_WORK_OTHER_TREE_RESIDENT_VIEWS	0
LIST_EXALL_400_WORK_WRITE_DETAIL_INODE_READ_CALLS	400
LIST_EXALL_400_WORK_WRITE_DETAIL_INODE_READ_SAMPLES	400
LIST_EXALL_400_WORK_WRITE_DETAIL_INODE_READ_SAMPLE_TICKS	5174
LIST_EXALL_400_WORK_WRITE_DETAIL_INODE_WRITE_CALLS	0
LIST_EXALL_400_WORK_WRITE_DETAIL_INODE_WRITE_SAMPLES	0
LIST_EXALL_400_WORK_WRITE_DETAIL_INODE_WRITE_SAMPLE_TICKS	0
LIST_EXALL_400_WORK_WRITE_DETAIL_EXTENT_MAP_CALLS	0
LIST_EXALL_400_WORK_WRITE_DETAIL_EXTENT_MAP_SAMPLES	0
LIST_EXALL_400_WORK_WRITE_DETAIL_EXTENT_MAP_SAMPLE_TICKS	0
LIST_EXALL_400_WORK_WRITE_DETAIL_FREESPACE_GOAL_CALLS	0
LIST_EXALL_400_WORK_WRITE_DETAIL_FREESPACE_GOAL_SAMPLES	0
LIST_EXALL_400_WORK_WRITE_DETAIL_FREESPACE_GOAL_SAMPLE_TICKS	0
LIST_EXALL_400_WORK_BTREE_MALLOC_CALLS	11
LIST_EXALL_400_WORK_BTREE_MALLOC_SAMPLES	11
LIST_EXALL_400_WORK_BTREE_MALLOC_SAMPLE_TICKS	91
LIST_EXALL_400_WORK_BTREE_FREE_CALLS	11
LIST_EXALL_400_WORK_BTREE_FREE_SAMPLES	11
LIST_EXALL_400_WORK_BTREE_FREE_SAMPLE_TICKS	88
LIST_EXALL_400_WORK_IFACE_ALLOC_CALLS	0
LIST_EXALL_400_WORK_IFACE_ALLOC_SAMPLES	0
LIST_EXALL_400_WORK_IFACE_ALLOC_SAMPLE_TICKS	0
LIST_EXALL_400_WORK_FREESPACE_ALLOC_CALLS	0
LIST_EXALL_400_WORK_FREESPACE_ALLOC_SAMPLES	0
LIST_EXALL_400_WORK_FREESPACE_ALLOC_SAMPLE_TICKS	0
LIST_EXALL_400_WORK_DETAIL_INODE_READ_CALLS	400
LIST_EXALL_400_WORK_DETAIL_INODE_READ_SAMPLES	23
LIST_EXALL_400_WORK_DETAIL_INODE_READ_SAMPLE_TICKS	454
LIST_EXALL_400_WORK_DETAIL_INODE_VALIDATE_CALLS	400
LIST_EXALL_400_WORK_DETAIL_INODE_VALIDATE_SAMPLES	23
LIST_EXALL_400_WORK_DETAIL_INODE_VALIDATE_SAMPLE_TICKS	57
LIST_EXALL_400_WORK_DETAIL_INODE_SEARCH_CALLS	400
LIST_EXALL_400_WORK_DETAIL_INODE_SEARCH_SAMPLES	23
LIST_EXALL_400_WORK_DETAIL_INODE_SEARCH_SAMPLE_TICKS	228
LIST_EXALL_400_WORK_DETAIL_INODE_NODE_VIEW_CALLS	0
LIST_EXALL_400_WORK_DETAIL_INODE_NODE_VIEW_SAMPLES	0
LIST_EXALL_400_WORK_DETAIL_INODE_NODE_VIEW_SAMPLE_TICKS	0
LIST_EXALL_400_WORK_DETAIL_DIR_NODE_VIEW_CALLS	110
LIST_EXALL_400_WORK_DETAIL_DIR_NODE_VIEW_SAMPLES	6
LIST_EXALL_400_WORK_DETAIL_DIR_NODE_VIEW_SAMPLE_TICKS	45
LIST_EXALL_400_WORK_DETAIL_INODE_BINARY_SEARCH_CALLS	0
LIST_EXALL_400_WORK_DETAIL_INODE_BINARY_SEARCH_SAMPLES	0
LIST_EXALL_400_WORK_DETAIL_INODE_BINARY_SEARCH_SAMPLE_TICKS	0
LIST_EXALL_400_WORK_DETAIL_DIR_BINARY_SEARCH_CALLS	21
LIST_EXALL_400_WORK_DETAIL_DIR_BINARY_SEARCH_SAMPLES	1
LIST_EXALL_400_WORK_DETAIL_DIR_BINARY_SEARCH_SAMPLE_TICKS	0
LIST_EXALL_400_WORK_DETAIL_NODE_STRUCTURE_CALLS	0
LIST_EXALL_400_WORK_DETAIL_NODE_STRUCTURE_SAMPLES	0
LIST_EXALL_400_WORK_DETAIL_NODE_STRUCTURE_SAMPLE_TICKS	0
LIST_EXALL_400_WORK_DETAIL_CACHE_PEEK_CALLS	511
LIST_EXALL_400_WORK_DETAIL_CACHE_PEEK_SAMPLES	30
LIST_EXALL_400_WORK_DETAIL_CACHE_PEEK_SAMPLE_TICKS	90
LIST_EXALL_400_WORK_DETAIL_BUFFER_ALLOC_CALLS	10
LIST_EXALL_400_WORK_DETAIL_BUFFER_ALLOC_SAMPLES	0
LIST_EXALL_400_WORK_DETAIL_BUFFER_ALLOC_SAMPLE_TICKS	0
LIST_EXALL_400_WORK_DETAIL_BUFFER_FREE_CALLS	10
LIST_EXALL_400_WORK_DETAIL_BUFFER_FREE_SAMPLES	0
LIST_EXALL_400_WORK_DETAIL_BUFFER_FREE_SAMPLE_TICKS	0
LIST_EXALL_400_WORK_DETAIL_EXALL_FILL_CALLS	410
LIST_EXALL_400_WORK_DETAIL_EXALL_FILL_SAMPLES	24
LIST_EXALL_400_WORK_DETAIL_EXALL_FILL_SAMPLE_TICKS	517
LIST_EXALL_400_WORK_FREESPACE_ALLOCS	0
LIST_EXALL_400_VOLUME_FLUSH_BIO_READS	0
LIST_EXALL_400_VOLUME_FLUSH_BIO_WRITES	0
LIST_EXALL_400_VOLUME_FLUSH_BIO_UPDATES	0
LIST_EXALL_400_VOLUME_FLUSH_DATA_READS	0
LIST_EXALL_400_VOLUME_FLUSH_DATA_WRITES	0
LIST_EXALL_400_VOLUME_FLUSH_NODE_WRITES	0
LIST_EXALL_400_VOLUME_FLUSH_TXN_COMMITS	0
LIST_EXALL_400_VOLUME_FLUSH_EXTENT_MAPS	0
LIST_EXALL_400_VOLUME_FLUSH_READ_TICKS	0
LIST_EXALL_400_VOLUME_FLUSH_WRITE_TICKS	0
LIST_EXALL_400_VOLUME_FLUSH_UPDATE_TICKS	0
LIST_EXALL_400_VOLUME_FLUSH_DATA_READ_TICKS	0
LIST_EXALL_400_VOLUME_FLUSH_DATA_WRITE_TICKS	0
LIST_EXALL_400_VOLUME_FLUSH_NODE_CRC_READ_CALLS	0
LIST_EXALL_400_VOLUME_FLUSH_NODE_CRC_READ_SAMPLES	0
LIST_EXALL_400_VOLUME_FLUSH_NODE_CRC_READ_SAMPLE_TICKS	0
LIST_EXALL_400_VOLUME_FLUSH_NODE_CRC_WRITE_CALLS	0
LIST_EXALL_400_VOLUME_FLUSH_NODE_CRC_WRITE_SAMPLES	0
LIST_EXALL_400_VOLUME_FLUSH_NODE_CRC_WRITE_SAMPLE_TICKS	0
LIST_EXALL_400_VOLUME_FLUSH_CLOCK_PAIR_TICKS	0
LIST_EXALL_400_VOLUME_FLUSH_PACKET_CALLS	0
LIST_EXALL_400_VOLUME_FLUSH_PACKET_SAMPLES	0
LIST_EXALL_400_VOLUME_FLUSH_PACKET_SAMPLE_TICKS	0
LIST_EXALL_400_VOLUME_FLUSH_PACKET_OPEN_CALLS	0
LIST_EXALL_400_VOLUME_FLUSH_PACKET_OPEN_SAMPLES	0
LIST_EXALL_400_VOLUME_FLUSH_PACKET_OPEN_SAMPLE_TICKS	0
LIST_EXALL_400_VOLUME_FLUSH_PACKET_READ_CALLS	0
LIST_EXALL_400_VOLUME_FLUSH_PACKET_READ_SAMPLES	0
LIST_EXALL_400_VOLUME_FLUSH_PACKET_READ_SAMPLE_TICKS	0
LIST_EXALL_400_VOLUME_FLUSH_PACKET_WRITE_CALLS	0
LIST_EXALL_400_VOLUME_FLUSH_PACKET_WRITE_SAMPLES	0
LIST_EXALL_400_VOLUME_FLUSH_PACKET_WRITE_SAMPLE_TICKS	0
LIST_EXALL_400_VOLUME_FLUSH_PACKET_END_CALLS	0
LIST_EXALL_400_VOLUME_FLUSH_PACKET_END_SAMPLES	0
LIST_EXALL_400_VOLUME_FLUSH_PACKET_END_SAMPLE_TICKS	0
LIST_EXALL_400_VOLUME_FLUSH_PACKET_DELETE_CALLS	0
LIST_EXALL_400_VOLUME_FLUSH_PACKET_DELETE_SAMPLES	0
LIST_EXALL_400_VOLUME_FLUSH_PACKET_DELETE_SAMPLE_TICKS	0
LIST_EXALL_400_VOLUME_FLUSH_PACKET_FLUSH_CALLS	0
LIST_EXALL_400_VOLUME_FLUSH_PACKET_FLUSH_SAMPLES	0
LIST_EXALL_400_VOLUME_FLUSH_PACKET_FLUSH_SAMPLE_TICKS	0
LIST_EXALL_400_VOLUME_FLUSH_PACKET_OTHER_CALLS	0
LIST_EXALL_400_VOLUME_FLUSH_PACKET_OTHER_SAMPLES	0
LIST_EXALL_400_VOLUME_FLUSH_PACKET_OTHER_SAMPLE_TICKS	0
LIST_EXALL_400_VOLUME_FLUSH_CORE_CREATE_CALLS	0
LIST_EXALL_400_VOLUME_FLUSH_CORE_CREATE_SAMPLES	0
LIST_EXALL_400_VOLUME_FLUSH_CORE_CREATE_SAMPLE_TICKS	0
LIST_EXALL_400_VOLUME_FLUSH_CORE_DELETE_CALLS	0
LIST_EXALL_400_VOLUME_FLUSH_CORE_DELETE_SAMPLES	0
LIST_EXALL_400_VOLUME_FLUSH_CORE_DELETE_SAMPLE_TICKS	0
LIST_EXALL_400_VOLUME_FLUSH_CORE_FILE_WRITE_CALLS	0
LIST_EXALL_400_VOLUME_FLUSH_CORE_FILE_WRITE_SAMPLES	0
LIST_EXALL_400_VOLUME_FLUSH_CORE_FILE_WRITE_SAMPLE_TICKS	0
LIST_EXALL_400_VOLUME_FLUSH_CORE_SYNC_CALLS	0
LIST_EXALL_400_VOLUME_FLUSH_CORE_SYNC_SAMPLES	0
LIST_EXALL_400_VOLUME_FLUSH_CORE_SYNC_SAMPLE_TICKS	0
LIST_EXALL_400_VOLUME_FLUSH_IFACE_FREE_CALLS	0
LIST_EXALL_400_VOLUME_FLUSH_IFACE_FREE_SAMPLES	0
LIST_EXALL_400_VOLUME_FLUSH_IFACE_FREE_SAMPLE_TICKS	0
LIST_EXALL_400_VOLUME_FLUSH_SEAL_COMMIT_CALLS	0
LIST_EXALL_400_VOLUME_FLUSH_SEAL_COMMIT_SAMPLES	0
LIST_EXALL_400_VOLUME_FLUSH_SEAL_COMMIT_SAMPLE_TICKS	0
LIST_EXALL_400_VOLUME_FLUSH_INODE_READ_CALLS	0
LIST_EXALL_400_VOLUME_FLUSH_BTREE_SEARCH_CALLS	0
LIST_EXALL_400_VOLUME_FLUSH_BTREE_INDEX_HINT_HITS	0
LIST_EXALL_400_VOLUME_FLUSH_BTREE_LEAF_HINT_HITS	0
LIST_EXALL_400_VOLUME_FLUSH_CACHE_READ_CALLS	0
LIST_EXALL_400_VOLUME_FLUSH_CACHE_READ_HITS	0
LIST_EXALL_400_VOLUME_FLUSH_CACHE_READ_MISSES	0
LIST_EXALL_400_VOLUME_FLUSH_FREE_TREE_NODE_VIEWS	0
LIST_EXALL_400_VOLUME_FLUSH_FREE_TREE_RESIDENT_VIEWS	0
LIST_EXALL_400_VOLUME_FLUSH_DIR_TREE_NODE_VIEWS	0
LIST_EXALL_400_VOLUME_FLUSH_DIR_TREE_RESIDENT_VIEWS	0
LIST_EXALL_400_VOLUME_FLUSH_INODE_TREE_NODE_VIEWS	0
LIST_EXALL_400_VOLUME_FLUSH_INODE_TREE_RESIDENT_VIEWS	0
LIST_EXALL_400_VOLUME_FLUSH_REFCOUNT_TREE_NODE_VIEWS	0
LIST_EXALL_400_VOLUME_FLUSH_REFCOUNT_TREE_RESIDENT_VIEWS	0
LIST_EXALL_400_VOLUME_FLUSH_OTHER_TREE_NODE_VIEWS	0
LIST_EXALL_400_VOLUME_FLUSH_OTHER_TREE_RESIDENT_VIEWS	0
LIST_EXALL_400_VOLUME_FLUSH_WRITE_DETAIL_INODE_READ_CALLS	0
LIST_EXALL_400_VOLUME_FLUSH_WRITE_DETAIL_INODE_READ_SAMPLES	0
LIST_EXALL_400_VOLUME_FLUSH_WRITE_DETAIL_INODE_READ_SAMPLE_TICKS	0
LIST_EXALL_400_VOLUME_FLUSH_WRITE_DETAIL_INODE_WRITE_CALLS	0
LIST_EXALL_400_VOLUME_FLUSH_WRITE_DETAIL_INODE_WRITE_SAMPLES	0
LIST_EXALL_400_VOLUME_FLUSH_WRITE_DETAIL_INODE_WRITE_SAMPLE_TICKS	0
LIST_EXALL_400_VOLUME_FLUSH_WRITE_DETAIL_EXTENT_MAP_CALLS	0
LIST_EXALL_400_VOLUME_FLUSH_WRITE_DETAIL_EXTENT_MAP_SAMPLES	0
LIST_EXALL_400_VOLUME_FLUSH_WRITE_DETAIL_EXTENT_MAP_SAMPLE_TICKS	0
LIST_EXALL_400_VOLUME_FLUSH_WRITE_DETAIL_FREESPACE_GOAL_CALLS	0
LIST_EXALL_400_VOLUME_FLUSH_WRITE_DETAIL_FREESPACE_GOAL_SAMPLES	0
LIST_EXALL_400_VOLUME_FLUSH_WRITE_DETAIL_FREESPACE_GOAL_SAMPLE_TICKS	0
LIST_EXALL_400_VOLUME_FLUSH_BTREE_MALLOC_CALLS	0
LIST_EXALL_400_VOLUME_FLUSH_BTREE_MALLOC_SAMPLES	0
LIST_EXALL_400_VOLUME_FLUSH_BTREE_MALLOC_SAMPLE_TICKS	0
LIST_EXALL_400_VOLUME_FLUSH_BTREE_FREE_CALLS	0
LIST_EXALL_400_VOLUME_FLUSH_BTREE_FREE_SAMPLES	0
LIST_EXALL_400_VOLUME_FLUSH_BTREE_FREE_SAMPLE_TICKS	0
LIST_EXALL_400_VOLUME_FLUSH_IFACE_ALLOC_CALLS	0
LIST_EXALL_400_VOLUME_FLUSH_IFACE_ALLOC_SAMPLES	0
LIST_EXALL_400_VOLUME_FLUSH_IFACE_ALLOC_SAMPLE_TICKS	0
LIST_EXALL_400_VOLUME_FLUSH_FREESPACE_ALLOC_CALLS	0
LIST_EXALL_400_VOLUME_FLUSH_FREESPACE_ALLOC_SAMPLES	0
LIST_EXALL_400_VOLUME_FLUSH_FREESPACE_ALLOC_SAMPLE_TICKS	0
LIST_EXALL_400_VOLUME_FLUSH_DETAIL_INODE_READ_CALLS	0
LIST_EXALL_400_VOLUME_FLUSH_DETAIL_INODE_READ_SAMPLES	0
LIST_EXALL_400_VOLUME_FLUSH_DETAIL_INODE_READ_SAMPLE_TICKS	0
LIST_EXALL_400_VOLUME_FLUSH_DETAIL_INODE_VALIDATE_CALLS	0
LIST_EXALL_400_VOLUME_FLUSH_DETAIL_INODE_VALIDATE_SAMPLES	0
LIST_EXALL_400_VOLUME_FLUSH_DETAIL_INODE_VALIDATE_SAMPLE_TICKS	0
LIST_EXALL_400_VOLUME_FLUSH_DETAIL_INODE_SEARCH_CALLS	0
LIST_EXALL_400_VOLUME_FLUSH_DETAIL_INODE_SEARCH_SAMPLES	0
LIST_EXALL_400_VOLUME_FLUSH_DETAIL_INODE_SEARCH_SAMPLE_TICKS	0
LIST_EXALL_400_VOLUME_FLUSH_DETAIL_INODE_NODE_VIEW_CALLS	0
LIST_EXALL_400_VOLUME_FLUSH_DETAIL_INODE_NODE_VIEW_SAMPLES	0
LIST_EXALL_400_VOLUME_FLUSH_DETAIL_INODE_NODE_VIEW_SAMPLE_TICKS	0
LIST_EXALL_400_VOLUME_FLUSH_DETAIL_DIR_NODE_VIEW_CALLS	0
LIST_EXALL_400_VOLUME_FLUSH_DETAIL_DIR_NODE_VIEW_SAMPLES	0
LIST_EXALL_400_VOLUME_FLUSH_DETAIL_DIR_NODE_VIEW_SAMPLE_TICKS	0
LIST_EXALL_400_VOLUME_FLUSH_DETAIL_INODE_BINARY_SEARCH_CALLS	0
LIST_EXALL_400_VOLUME_FLUSH_DETAIL_INODE_BINARY_SEARCH_SAMPLES	0
LIST_EXALL_400_VOLUME_FLUSH_DETAIL_INODE_BINARY_SEARCH_SAMPLE_TICKS	0
LIST_EXALL_400_VOLUME_FLUSH_DETAIL_DIR_BINARY_SEARCH_CALLS	0
LIST_EXALL_400_VOLUME_FLUSH_DETAIL_DIR_BINARY_SEARCH_SAMPLES	0
LIST_EXALL_400_VOLUME_FLUSH_DETAIL_DIR_BINARY_SEARCH_SAMPLE_TICKS	0
LIST_EXALL_400_VOLUME_FLUSH_DETAIL_NODE_STRUCTURE_CALLS	0
LIST_EXALL_400_VOLUME_FLUSH_DETAIL_NODE_STRUCTURE_SAMPLES	0
LIST_EXALL_400_VOLUME_FLUSH_DETAIL_NODE_STRUCTURE_SAMPLE_TICKS	0
LIST_EXALL_400_VOLUME_FLUSH_DETAIL_CACHE_PEEK_CALLS	0
LIST_EXALL_400_VOLUME_FLUSH_DETAIL_CACHE_PEEK_SAMPLES	0
LIST_EXALL_400_VOLUME_FLUSH_DETAIL_CACHE_PEEK_SAMPLE_TICKS	0
LIST_EXALL_400_VOLUME_FLUSH_DETAIL_BUFFER_ALLOC_CALLS	0
LIST_EXALL_400_VOLUME_FLUSH_DETAIL_BUFFER_ALLOC_SAMPLES	0
LIST_EXALL_400_VOLUME_FLUSH_DETAIL_BUFFER_ALLOC_SAMPLE_TICKS	0
LIST_EXALL_400_VOLUME_FLUSH_DETAIL_BUFFER_FREE_CALLS	0
LIST_EXALL_400_VOLUME_FLUSH_DETAIL_BUFFER_FREE_SAMPLES	0
LIST_EXALL_400_VOLUME_FLUSH_DETAIL_BUFFER_FREE_SAMPLE_TICKS	0
LIST_EXALL_400_VOLUME_FLUSH_DETAIL_EXALL_FILL_CALLS	0
LIST_EXALL_400_VOLUME_FLUSH_DETAIL_EXALL_FILL_SAMPLES	0
LIST_EXALL_400_VOLUME_FLUSH_DETAIL_EXALL_FILL_SAMPLE_TICKS	0
LIST_EXALL_400_VOLUME_FLUSH_FREESPACE_ALLOCS	0
SEQ_WRITE_8M_US	55744
SEQ_WRITE_8M_WORK_US	55744
SEQ_WRITE_8M_VOLUME_FLUSH_US	0
SEQ_WRITE_8M_HAS_VOLUME_FLUSH	0
SEQ_WRITE_8M_GUEST_OPEN_CALLS	1
SEQ_WRITE_8M_GUEST_OPEN_US	512
SEQ_WRITE_8M_GUEST_READ_CALLS	0
SEQ_WRITE_8M_GUEST_READ_US	0
SEQ_WRITE_8M_GUEST_WRITE_CALLS	128
SEQ_WRITE_8M_GUEST_WRITE_US	54453
SEQ_WRITE_8M_GUEST_HANDLE_FLUSH_CALLS	1
SEQ_WRITE_8M_GUEST_HANDLE_FLUSH_US	0
SEQ_WRITE_8M_GUEST_CLOSE_CALLS	1
SEQ_WRITE_8M_GUEST_CLOSE_US	64
SEQ_WRITE_8M_GUEST_VERIFY_CALLS	0
SEQ_WRITE_8M_GUEST_VERIFY_US	0
SEQ_WRITE_8M_WORK_BIO_READS	0
SEQ_WRITE_8M_WORK_BIO_WRITES	128
SEQ_WRITE_8M_WORK_BIO_UPDATES	0
SEQ_WRITE_8M_WORK_DATA_READS	0
SEQ_WRITE_8M_WORK_DATA_WRITES	128
SEQ_WRITE_8M_WORK_NODE_WRITES	0
SEQ_WRITE_8M_WORK_TXN_COMMITS	0
SEQ_WRITE_8M_WORK_EXTENT_MAPS	128
SEQ_WRITE_8M_WORK_READ_TICKS	0
SEQ_WRITE_8M_WORK_WRITE_TICKS	8931
SEQ_WRITE_8M_WORK_UPDATE_TICKS	0
SEQ_WRITE_8M_WORK_DATA_READ_TICKS	0
SEQ_WRITE_8M_WORK_DATA_WRITE_TICKS	8931
SEQ_WRITE_8M_WORK_NODE_CRC_READ_CALLS	0
SEQ_WRITE_8M_WORK_NODE_CRC_READ_SAMPLES	0
SEQ_WRITE_8M_WORK_NODE_CRC_READ_SAMPLE_TICKS	0
SEQ_WRITE_8M_WORK_NODE_CRC_WRITE_CALLS	0
SEQ_WRITE_8M_WORK_NODE_CRC_WRITE_SAMPLES	0
SEQ_WRITE_8M_WORK_NODE_CRC_WRITE_SAMPLE_TICKS	0
SEQ_WRITE_8M_WORK_CLOCK_PAIR_TICKS	1
SEQ_WRITE_8M_WORK_PACKET_CALLS	130
SEQ_WRITE_8M_WORK_PACKET_SAMPLES	130
SEQ_WRITE_8M_WORK_PACKET_SAMPLE_TICKS	36539
SEQ_WRITE_8M_WORK_PACKET_OPEN_CALLS	1
SEQ_WRITE_8M_WORK_PACKET_OPEN_SAMPLES	1
SEQ_WRITE_8M_WORK_PACKET_OPEN_SAMPLE_TICKS	273
SEQ_WRITE_8M_WORK_PACKET_READ_CALLS	0
SEQ_WRITE_8M_WORK_PACKET_READ_SAMPLES	0
SEQ_WRITE_8M_WORK_PACKET_READ_SAMPLE_TICKS	0
SEQ_WRITE_8M_WORK_PACKET_WRITE_CALLS	128
SEQ_WRITE_8M_WORK_PACKET_WRITE_SAMPLES	128
SEQ_WRITE_8M_WORK_PACKET_WRITE_SAMPLE_TICKS	36266
SEQ_WRITE_8M_WORK_PACKET_END_CALLS	1
SEQ_WRITE_8M_WORK_PACKET_END_SAMPLES	1
SEQ_WRITE_8M_WORK_PACKET_END_SAMPLE_TICKS	0
SEQ_WRITE_8M_WORK_PACKET_DELETE_CALLS	0
SEQ_WRITE_8M_WORK_PACKET_DELETE_SAMPLES	0
SEQ_WRITE_8M_WORK_PACKET_DELETE_SAMPLE_TICKS	0
SEQ_WRITE_8M_WORK_PACKET_FLUSH_CALLS	0
SEQ_WRITE_8M_WORK_PACKET_FLUSH_SAMPLES	0
SEQ_WRITE_8M_WORK_PACKET_FLUSH_SAMPLE_TICKS	0
SEQ_WRITE_8M_WORK_PACKET_OTHER_CALLS	0
SEQ_WRITE_8M_WORK_PACKET_OTHER_SAMPLES	0
SEQ_WRITE_8M_WORK_PACKET_OTHER_SAMPLE_TICKS	0
SEQ_WRITE_8M_WORK_CORE_CREATE_CALLS	1
SEQ_WRITE_8M_WORK_CORE_CREATE_SAMPLES	1
SEQ_WRITE_8M_WORK_CORE_CREATE_SAMPLE_TICKS	137
SEQ_WRITE_8M_WORK_CORE_DELETE_CALLS	0
SEQ_WRITE_8M_WORK_CORE_DELETE_SAMPLES	0
SEQ_WRITE_8M_WORK_CORE_DELETE_SAMPLE_TICKS	0
SEQ_WRITE_8M_WORK_CORE_FILE_WRITE_CALLS	128
SEQ_WRITE_8M_WORK_CORE_FILE_WRITE_SAMPLES	128
SEQ_WRITE_8M_WORK_CORE_FILE_WRITE_SAMPLE_TICKS	29803
SEQ_WRITE_8M_WORK_CORE_SYNC_CALLS	0
SEQ_WRITE_8M_WORK_CORE_SYNC_SAMPLES	0
SEQ_WRITE_8M_WORK_CORE_SYNC_SAMPLE_TICKS	0
SEQ_WRITE_8M_WORK_IFACE_FREE_CALLS	0
SEQ_WRITE_8M_WORK_IFACE_FREE_SAMPLES	0
SEQ_WRITE_8M_WORK_IFACE_FREE_SAMPLE_TICKS	0
SEQ_WRITE_8M_WORK_SEAL_COMMIT_CALLS	0
SEQ_WRITE_8M_WORK_SEAL_COMMIT_SAMPLES	0
SEQ_WRITE_8M_WORK_SEAL_COMMIT_SAMPLE_TICKS	0
SEQ_WRITE_8M_WORK_INODE_READ_CALLS	259
SEQ_WRITE_8M_WORK_BTREE_SEARCH_CALLS	260
SEQ_WRITE_8M_WORK_BTREE_INDEX_HINT_HITS	130
SEQ_WRITE_8M_WORK_BTREE_LEAF_HINT_HITS	1
SEQ_WRITE_8M_WORK_CACHE_READ_CALLS	0
SEQ_WRITE_8M_WORK_CACHE_READ_HITS	0
SEQ_WRITE_8M_WORK_CACHE_READ_MISSES	0
SEQ_WRITE_8M_WORK_FREE_TREE_NODE_VIEWS	128
SEQ_WRITE_8M_WORK_FREE_TREE_RESIDENT_VIEWS	128
SEQ_WRITE_8M_WORK_DIR_TREE_NODE_VIEWS	2
SEQ_WRITE_8M_WORK_DIR_TREE_RESIDENT_VIEWS	2
SEQ_WRITE_8M_WORK_INODE_TREE_NODE_VIEWS	128
SEQ_WRITE_8M_WORK_INODE_TREE_RESIDENT_VIEWS	128
SEQ_WRITE_8M_WORK_REFCOUNT_TREE_NODE_VIEWS	0
SEQ_WRITE_8M_WORK_REFCOUNT_TREE_RESIDENT_VIEWS	0
SEQ_WRITE_8M_WORK_OTHER_TREE_NODE_VIEWS	0
SEQ_WRITE_8M_WORK_OTHER_TREE_RESIDENT_VIEWS	0
SEQ_WRITE_8M_WORK_WRITE_DETAIL_INODE_READ_CALLS	259
SEQ_WRITE_8M_WORK_WRITE_DETAIL_INODE_READ_SAMPLES	259
SEQ_WRITE_8M_WORK_WRITE_DETAIL_INODE_READ_SAMPLE_TICKS	6591
SEQ_WRITE_8M_WORK_WRITE_DETAIL_INODE_WRITE_CALLS	129
SEQ_WRITE_8M_WORK_WRITE_DETAIL_INODE_WRITE_SAMPLES	129
SEQ_WRITE_8M_WORK_WRITE_DETAIL_INODE_WRITE_SAMPLE_TICKS	3632
SEQ_WRITE_8M_WORK_WRITE_DETAIL_EXTENT_MAP_CALLS	128
SEQ_WRITE_8M_WORK_WRITE_DETAIL_EXTENT_MAP_SAMPLES	128
SEQ_WRITE_8M_WORK_WRITE_DETAIL_EXTENT_MAP_SAMPLE_TICKS	1562
SEQ_WRITE_8M_WORK_WRITE_DETAIL_FREESPACE_GOAL_CALLS	128
SEQ_WRITE_8M_WORK_WRITE_DETAIL_FREESPACE_GOAL_SAMPLES	128
SEQ_WRITE_8M_WORK_WRITE_DETAIL_FREESPACE_GOAL_SAMPLE_TICKS	4868
SEQ_WRITE_8M_WORK_BTREE_MALLOC_CALLS	0
SEQ_WRITE_8M_WORK_BTREE_MALLOC_SAMPLES	0
SEQ_WRITE_8M_WORK_BTREE_MALLOC_SAMPLE_TICKS	0
SEQ_WRITE_8M_WORK_BTREE_FREE_CALLS	1
SEQ_WRITE_8M_WORK_BTREE_FREE_SAMPLES	1
SEQ_WRITE_8M_WORK_BTREE_FREE_SAMPLE_TICKS	0
SEQ_WRITE_8M_WORK_IFACE_ALLOC_CALLS	0
SEQ_WRITE_8M_WORK_IFACE_ALLOC_SAMPLES	0
SEQ_WRITE_8M_WORK_IFACE_ALLOC_SAMPLE_TICKS	0
SEQ_WRITE_8M_WORK_FREESPACE_ALLOC_CALLS	128
SEQ_WRITE_8M_WORK_FREESPACE_ALLOC_SAMPLES	128
SEQ_WRITE_8M_WORK_FREESPACE_ALLOC_SAMPLE_TICKS	5823
SEQ_WRITE_8M_WORK_DETAIL_INODE_READ_CALLS	259
SEQ_WRITE_8M_WORK_DETAIL_INODE_READ_SAMPLES	15
SEQ_WRITE_8M_WORK_DETAIL_INODE_READ_SAMPLE_TICKS	460
SEQ_WRITE_8M_WORK_DETAIL_INODE_VALIDATE_CALLS	388
SEQ_WRITE_8M_WORK_DETAIL_INODE_VALIDATE_SAMPLES	22
SEQ_WRITE_8M_WORK_DETAIL_INODE_VALIDATE_SAMPLE_TICKS	91
SEQ_WRITE_8M_WORK_DETAIL_INODE_SEARCH_CALLS	259
SEQ_WRITE_8M_WORK_DETAIL_INODE_SEARCH_SAMPLES	15
SEQ_WRITE_8M_WORK_DETAIL_INODE_SEARCH_SAMPLE_TICKS	157
SEQ_WRITE_8M_WORK_DETAIL_INODE_NODE_VIEW_CALLS	128
SEQ_WRITE_8M_WORK_DETAIL_INODE_NODE_VIEW_SAMPLES	7
SEQ_WRITE_8M_WORK_DETAIL_INODE_NODE_VIEW_SAMPLE_TICKS	113
SEQ_WRITE_8M_WORK_DETAIL_DIR_NODE_VIEW_CALLS	2
SEQ_WRITE_8M_WORK_DETAIL_DIR_NODE_VIEW_SAMPLES	0
SEQ_WRITE_8M_WORK_DETAIL_DIR_NODE_VIEW_SAMPLE_TICKS	0
SEQ_WRITE_8M_WORK_DETAIL_INODE_BINARY_SEARCH_CALLS	258
SEQ_WRITE_8M_WORK_DETAIL_INODE_BINARY_SEARCH_SAMPLES	15
SEQ_WRITE_8M_WORK_DETAIL_INODE_BINARY_SEARCH_SAMPLE_TICKS	1
SEQ_WRITE_8M_WORK_DETAIL_DIR_BINARY_SEARCH_CALLS	5
SEQ_WRITE_8M_WORK_DETAIL_DIR_BINARY_SEARCH_SAMPLES	0
SEQ_WRITE_8M_WORK_DETAIL_DIR_BINARY_SEARCH_SAMPLE_TICKS	0
SEQ_WRITE_8M_WORK_DETAIL_NODE_STRUCTURE_CALLS	0
SEQ_WRITE_8M_WORK_DETAIL_NODE_STRUCTURE_SAMPLES	0
SEQ_WRITE_8M_WORK_DETAIL_NODE_STRUCTURE_SAMPLE_TICKS	0
SEQ_WRITE_8M_WORK_DETAIL_CACHE_PEEK_CALLS	391
SEQ_WRITE_8M_WORK_DETAIL_CACHE_PEEK_SAMPLES	23
SEQ_WRITE_8M_WORK_DETAIL_CACHE_PEEK_SAMPLE_TICKS	86
SEQ_WRITE_8M_WORK_DETAIL_BUFFER_ALLOC_CALLS	257
SEQ_WRITE_8M_WORK_DETAIL_BUFFER_ALLOC_SAMPLES	15
SEQ_WRITE_8M_WORK_DETAIL_BUFFER_ALLOC_SAMPLE_TICKS	63
SEQ_WRITE_8M_WORK_DETAIL_BUFFER_FREE_CALLS	257
SEQ_WRITE_8M_WORK_DETAIL_BUFFER_FREE_SAMPLES	15
SEQ_WRITE_8M_WORK_DETAIL_BUFFER_FREE_SAMPLE_TICKS	46
SEQ_WRITE_8M_WORK_DETAIL_EXALL_FILL_CALLS	0
SEQ_WRITE_8M_WORK_DETAIL_EXALL_FILL_SAMPLES	0
SEQ_WRITE_8M_WORK_DETAIL_EXALL_FILL_SAMPLE_TICKS	0
SEQ_WRITE_8M_WORK_FREESPACE_ALLOCS	128
SEQ_WRITE_8M_VOLUME_FLUSH_BIO_READS	0
SEQ_WRITE_8M_VOLUME_FLUSH_BIO_WRITES	0
SEQ_WRITE_8M_VOLUME_FLUSH_BIO_UPDATES	0
SEQ_WRITE_8M_VOLUME_FLUSH_DATA_READS	0
SEQ_WRITE_8M_VOLUME_FLUSH_DATA_WRITES	0
SEQ_WRITE_8M_VOLUME_FLUSH_NODE_WRITES	0
SEQ_WRITE_8M_VOLUME_FLUSH_TXN_COMMITS	0
SEQ_WRITE_8M_VOLUME_FLUSH_EXTENT_MAPS	0
SEQ_WRITE_8M_VOLUME_FLUSH_READ_TICKS	0
SEQ_WRITE_8M_VOLUME_FLUSH_WRITE_TICKS	0
SEQ_WRITE_8M_VOLUME_FLUSH_UPDATE_TICKS	0
SEQ_WRITE_8M_VOLUME_FLUSH_DATA_READ_TICKS	0
SEQ_WRITE_8M_VOLUME_FLUSH_DATA_WRITE_TICKS	0
SEQ_WRITE_8M_VOLUME_FLUSH_NODE_CRC_READ_CALLS	0
SEQ_WRITE_8M_VOLUME_FLUSH_NODE_CRC_READ_SAMPLES	0
SEQ_WRITE_8M_VOLUME_FLUSH_NODE_CRC_READ_SAMPLE_TICKS	0
SEQ_WRITE_8M_VOLUME_FLUSH_NODE_CRC_WRITE_CALLS	0
SEQ_WRITE_8M_VOLUME_FLUSH_NODE_CRC_WRITE_SAMPLES	0
SEQ_WRITE_8M_VOLUME_FLUSH_NODE_CRC_WRITE_SAMPLE_TICKS	0
SEQ_WRITE_8M_VOLUME_FLUSH_CLOCK_PAIR_TICKS	0
SEQ_WRITE_8M_VOLUME_FLUSH_PACKET_CALLS	0
SEQ_WRITE_8M_VOLUME_FLUSH_PACKET_SAMPLES	0
SEQ_WRITE_8M_VOLUME_FLUSH_PACKET_SAMPLE_TICKS	0
SEQ_WRITE_8M_VOLUME_FLUSH_PACKET_OPEN_CALLS	0
SEQ_WRITE_8M_VOLUME_FLUSH_PACKET_OPEN_SAMPLES	0
SEQ_WRITE_8M_VOLUME_FLUSH_PACKET_OPEN_SAMPLE_TICKS	0
SEQ_WRITE_8M_VOLUME_FLUSH_PACKET_READ_CALLS	0
SEQ_WRITE_8M_VOLUME_FLUSH_PACKET_READ_SAMPLES	0
SEQ_WRITE_8M_VOLUME_FLUSH_PACKET_READ_SAMPLE_TICKS	0
SEQ_WRITE_8M_VOLUME_FLUSH_PACKET_WRITE_CALLS	0
SEQ_WRITE_8M_VOLUME_FLUSH_PACKET_WRITE_SAMPLES	0
SEQ_WRITE_8M_VOLUME_FLUSH_PACKET_WRITE_SAMPLE_TICKS	0
SEQ_WRITE_8M_VOLUME_FLUSH_PACKET_END_CALLS	0
SEQ_WRITE_8M_VOLUME_FLUSH_PACKET_END_SAMPLES	0
SEQ_WRITE_8M_VOLUME_FLUSH_PACKET_END_SAMPLE_TICKS	0
SEQ_WRITE_8M_VOLUME_FLUSH_PACKET_DELETE_CALLS	0
SEQ_WRITE_8M_VOLUME_FLUSH_PACKET_DELETE_SAMPLES	0
SEQ_WRITE_8M_VOLUME_FLUSH_PACKET_DELETE_SAMPLE_TICKS	0
SEQ_WRITE_8M_VOLUME_FLUSH_PACKET_FLUSH_CALLS	0
SEQ_WRITE_8M_VOLUME_FLUSH_PACKET_FLUSH_SAMPLES	0
SEQ_WRITE_8M_VOLUME_FLUSH_PACKET_FLUSH_SAMPLE_TICKS	0
SEQ_WRITE_8M_VOLUME_FLUSH_PACKET_OTHER_CALLS	0
SEQ_WRITE_8M_VOLUME_FLUSH_PACKET_OTHER_SAMPLES	0
SEQ_WRITE_8M_VOLUME_FLUSH_PACKET_OTHER_SAMPLE_TICKS	0
SEQ_WRITE_8M_VOLUME_FLUSH_CORE_CREATE_CALLS	0
SEQ_WRITE_8M_VOLUME_FLUSH_CORE_CREATE_SAMPLES	0
SEQ_WRITE_8M_VOLUME_FLUSH_CORE_CREATE_SAMPLE_TICKS	0
SEQ_WRITE_8M_VOLUME_FLUSH_CORE_DELETE_CALLS	0
SEQ_WRITE_8M_VOLUME_FLUSH_CORE_DELETE_SAMPLES	0
SEQ_WRITE_8M_VOLUME_FLUSH_CORE_DELETE_SAMPLE_TICKS	0
SEQ_WRITE_8M_VOLUME_FLUSH_CORE_FILE_WRITE_CALLS	0
SEQ_WRITE_8M_VOLUME_FLUSH_CORE_FILE_WRITE_SAMPLES	0
SEQ_WRITE_8M_VOLUME_FLUSH_CORE_FILE_WRITE_SAMPLE_TICKS	0
SEQ_WRITE_8M_VOLUME_FLUSH_CORE_SYNC_CALLS	0
SEQ_WRITE_8M_VOLUME_FLUSH_CORE_SYNC_SAMPLES	0
SEQ_WRITE_8M_VOLUME_FLUSH_CORE_SYNC_SAMPLE_TICKS	0
SEQ_WRITE_8M_VOLUME_FLUSH_IFACE_FREE_CALLS	0
SEQ_WRITE_8M_VOLUME_FLUSH_IFACE_FREE_SAMPLES	0
SEQ_WRITE_8M_VOLUME_FLUSH_IFACE_FREE_SAMPLE_TICKS	0
SEQ_WRITE_8M_VOLUME_FLUSH_SEAL_COMMIT_CALLS	0
SEQ_WRITE_8M_VOLUME_FLUSH_SEAL_COMMIT_SAMPLES	0
SEQ_WRITE_8M_VOLUME_FLUSH_SEAL_COMMIT_SAMPLE_TICKS	0
SEQ_WRITE_8M_VOLUME_FLUSH_INODE_READ_CALLS	0
SEQ_WRITE_8M_VOLUME_FLUSH_BTREE_SEARCH_CALLS	0
SEQ_WRITE_8M_VOLUME_FLUSH_BTREE_INDEX_HINT_HITS	0
SEQ_WRITE_8M_VOLUME_FLUSH_BTREE_LEAF_HINT_HITS	0
SEQ_WRITE_8M_VOLUME_FLUSH_CACHE_READ_CALLS	0
SEQ_WRITE_8M_VOLUME_FLUSH_CACHE_READ_HITS	0
SEQ_WRITE_8M_VOLUME_FLUSH_CACHE_READ_MISSES	0
SEQ_WRITE_8M_VOLUME_FLUSH_FREE_TREE_NODE_VIEWS	0
SEQ_WRITE_8M_VOLUME_FLUSH_FREE_TREE_RESIDENT_VIEWS	0
SEQ_WRITE_8M_VOLUME_FLUSH_DIR_TREE_NODE_VIEWS	0
SEQ_WRITE_8M_VOLUME_FLUSH_DIR_TREE_RESIDENT_VIEWS	0
SEQ_WRITE_8M_VOLUME_FLUSH_INODE_TREE_NODE_VIEWS	0
SEQ_WRITE_8M_VOLUME_FLUSH_INODE_TREE_RESIDENT_VIEWS	0
SEQ_WRITE_8M_VOLUME_FLUSH_REFCOUNT_TREE_NODE_VIEWS	0
SEQ_WRITE_8M_VOLUME_FLUSH_REFCOUNT_TREE_RESIDENT_VIEWS	0
SEQ_WRITE_8M_VOLUME_FLUSH_OTHER_TREE_NODE_VIEWS	0
SEQ_WRITE_8M_VOLUME_FLUSH_OTHER_TREE_RESIDENT_VIEWS	0
SEQ_WRITE_8M_VOLUME_FLUSH_WRITE_DETAIL_INODE_READ_CALLS	0
SEQ_WRITE_8M_VOLUME_FLUSH_WRITE_DETAIL_INODE_READ_SAMPLES	0
SEQ_WRITE_8M_VOLUME_FLUSH_WRITE_DETAIL_INODE_READ_SAMPLE_TICKS	0
SEQ_WRITE_8M_VOLUME_FLUSH_WRITE_DETAIL_INODE_WRITE_CALLS	0
SEQ_WRITE_8M_VOLUME_FLUSH_WRITE_DETAIL_INODE_WRITE_SAMPLES	0
SEQ_WRITE_8M_VOLUME_FLUSH_WRITE_DETAIL_INODE_WRITE_SAMPLE_TICKS	0
SEQ_WRITE_8M_VOLUME_FLUSH_WRITE_DETAIL_EXTENT_MAP_CALLS	0
SEQ_WRITE_8M_VOLUME_FLUSH_WRITE_DETAIL_EXTENT_MAP_SAMPLES	0
SEQ_WRITE_8M_VOLUME_FLUSH_WRITE_DETAIL_EXTENT_MAP_SAMPLE_TICKS	0
SEQ_WRITE_8M_VOLUME_FLUSH_WRITE_DETAIL_FREESPACE_GOAL_CALLS	0
SEQ_WRITE_8M_VOLUME_FLUSH_WRITE_DETAIL_FREESPACE_GOAL_SAMPLES	0
SEQ_WRITE_8M_VOLUME_FLUSH_WRITE_DETAIL_FREESPACE_GOAL_SAMPLE_TICKS	0
SEQ_WRITE_8M_VOLUME_FLUSH_BTREE_MALLOC_CALLS	0
SEQ_WRITE_8M_VOLUME_FLUSH_BTREE_MALLOC_SAMPLES	0
SEQ_WRITE_8M_VOLUME_FLUSH_BTREE_MALLOC_SAMPLE_TICKS	0
SEQ_WRITE_8M_VOLUME_FLUSH_BTREE_FREE_CALLS	0
SEQ_WRITE_8M_VOLUME_FLUSH_BTREE_FREE_SAMPLES	0
SEQ_WRITE_8M_VOLUME_FLUSH_BTREE_FREE_SAMPLE_TICKS	0
SEQ_WRITE_8M_VOLUME_FLUSH_IFACE_ALLOC_CALLS	0
SEQ_WRITE_8M_VOLUME_FLUSH_IFACE_ALLOC_SAMPLES	0
SEQ_WRITE_8M_VOLUME_FLUSH_IFACE_ALLOC_SAMPLE_TICKS	0
SEQ_WRITE_8M_VOLUME_FLUSH_FREESPACE_ALLOC_CALLS	0
SEQ_WRITE_8M_VOLUME_FLUSH_FREESPACE_ALLOC_SAMPLES	0
SEQ_WRITE_8M_VOLUME_FLUSH_FREESPACE_ALLOC_SAMPLE_TICKS	0
SEQ_WRITE_8M_VOLUME_FLUSH_DETAIL_INODE_READ_CALLS	0
SEQ_WRITE_8M_VOLUME_FLUSH_DETAIL_INODE_READ_SAMPLES	0
SEQ_WRITE_8M_VOLUME_FLUSH_DETAIL_INODE_READ_SAMPLE_TICKS	0
SEQ_WRITE_8M_VOLUME_FLUSH_DETAIL_INODE_VALIDATE_CALLS	0
SEQ_WRITE_8M_VOLUME_FLUSH_DETAIL_INODE_VALIDATE_SAMPLES	0
SEQ_WRITE_8M_VOLUME_FLUSH_DETAIL_INODE_VALIDATE_SAMPLE_TICKS	0
SEQ_WRITE_8M_VOLUME_FLUSH_DETAIL_INODE_SEARCH_CALLS	0
SEQ_WRITE_8M_VOLUME_FLUSH_DETAIL_INODE_SEARCH_SAMPLES	0
SEQ_WRITE_8M_VOLUME_FLUSH_DETAIL_INODE_SEARCH_SAMPLE_TICKS	0
SEQ_WRITE_8M_VOLUME_FLUSH_DETAIL_INODE_NODE_VIEW_CALLS	0
SEQ_WRITE_8M_VOLUME_FLUSH_DETAIL_INODE_NODE_VIEW_SAMPLES	0
SEQ_WRITE_8M_VOLUME_FLUSH_DETAIL_INODE_NODE_VIEW_SAMPLE_TICKS	0
SEQ_WRITE_8M_VOLUME_FLUSH_DETAIL_DIR_NODE_VIEW_CALLS	0
SEQ_WRITE_8M_VOLUME_FLUSH_DETAIL_DIR_NODE_VIEW_SAMPLES	0
SEQ_WRITE_8M_VOLUME_FLUSH_DETAIL_DIR_NODE_VIEW_SAMPLE_TICKS	0
SEQ_WRITE_8M_VOLUME_FLUSH_DETAIL_INODE_BINARY_SEARCH_CALLS	0
SEQ_WRITE_8M_VOLUME_FLUSH_DETAIL_INODE_BINARY_SEARCH_SAMPLES	0
SEQ_WRITE_8M_VOLUME_FLUSH_DETAIL_INODE_BINARY_SEARCH_SAMPLE_TICKS	0
SEQ_WRITE_8M_VOLUME_FLUSH_DETAIL_DIR_BINARY_SEARCH_CALLS	0
SEQ_WRITE_8M_VOLUME_FLUSH_DETAIL_DIR_BINARY_SEARCH_SAMPLES	0
SEQ_WRITE_8M_VOLUME_FLUSH_DETAIL_DIR_BINARY_SEARCH_SAMPLE_TICKS	0
SEQ_WRITE_8M_VOLUME_FLUSH_DETAIL_NODE_STRUCTURE_CALLS	0
SEQ_WRITE_8M_VOLUME_FLUSH_DETAIL_NODE_STRUCTURE_SAMPLES	0
SEQ_WRITE_8M_VOLUME_FLUSH_DETAIL_NODE_STRUCTURE_SAMPLE_TICKS	0
SEQ_WRITE_8M_VOLUME_FLUSH_DETAIL_CACHE_PEEK_CALLS	0
SEQ_WRITE_8M_VOLUME_FLUSH_DETAIL_CACHE_PEEK_SAMPLES	0
SEQ_WRITE_8M_VOLUME_FLUSH_DETAIL_CACHE_PEEK_SAMPLE_TICKS	0
SEQ_WRITE_8M_VOLUME_FLUSH_DETAIL_BUFFER_ALLOC_CALLS	0
SEQ_WRITE_8M_VOLUME_FLUSH_DETAIL_BUFFER_ALLOC_SAMPLES	0
SEQ_WRITE_8M_VOLUME_FLUSH_DETAIL_BUFFER_ALLOC_SAMPLE_TICKS	0
SEQ_WRITE_8M_VOLUME_FLUSH_DETAIL_BUFFER_FREE_CALLS	0
SEQ_WRITE_8M_VOLUME_FLUSH_DETAIL_BUFFER_FREE_SAMPLES	0
SEQ_WRITE_8M_VOLUME_FLUSH_DETAIL_BUFFER_FREE_SAMPLE_TICKS	0
SEQ_WRITE_8M_VOLUME_FLUSH_DETAIL_EXALL_FILL_CALLS	0
SEQ_WRITE_8M_VOLUME_FLUSH_DETAIL_EXALL_FILL_SAMPLES	0
SEQ_WRITE_8M_VOLUME_FLUSH_DETAIL_EXALL_FILL_SAMPLE_TICKS	0
SEQ_WRITE_8M_VOLUME_FLUSH_FREESPACE_ALLOCS	0
SEQ_READ_8M_US	300990
SEQ_READ_8M_WORK_US	300990
SEQ_READ_8M_VOLUME_FLUSH_US	0
SEQ_READ_8M_HAS_VOLUME_FLUSH	0
SEQ_READ_8M_GUEST_OPEN_CALLS	1
SEQ_READ_8M_GUEST_OPEN_US	320
SEQ_READ_8M_GUEST_READ_CALLS	129
SEQ_READ_8M_GUEST_READ_US	37067
SEQ_READ_8M_GUEST_WRITE_CALLS	0
SEQ_READ_8M_GUEST_WRITE_US	0
SEQ_READ_8M_GUEST_HANDLE_FLUSH_CALLS	0
SEQ_READ_8M_GUEST_HANDLE_FLUSH_US	0
SEQ_READ_8M_GUEST_CLOSE_CALLS	1
SEQ_READ_8M_GUEST_CLOSE_US	0
SEQ_READ_8M_GUEST_VERIFY_CALLS	128
SEQ_READ_8M_GUEST_VERIFY_US	261708
SEQ_READ_8M_WORK_BIO_READS	128
SEQ_READ_8M_WORK_BIO_WRITES	0
SEQ_READ_8M_WORK_BIO_UPDATES	0
SEQ_READ_8M_WORK_DATA_READS	128
SEQ_READ_8M_WORK_DATA_WRITES	0
SEQ_READ_8M_WORK_NODE_WRITES	0
SEQ_READ_8M_WORK_TXN_COMMITS	0
SEQ_READ_8M_WORK_EXTENT_MAPS	0
SEQ_READ_8M_WORK_READ_TICKS	13317
SEQ_READ_8M_WORK_WRITE_TICKS	0
SEQ_READ_8M_WORK_UPDATE_TICKS	0
SEQ_READ_8M_WORK_DATA_READ_TICKS	13317
SEQ_READ_8M_WORK_DATA_WRITE_TICKS	0
SEQ_READ_8M_WORK_NODE_CRC_READ_CALLS	0
SEQ_READ_8M_WORK_NODE_CRC_READ_SAMPLES	0
SEQ_READ_8M_WORK_NODE_CRC_READ_SAMPLE_TICKS	0
SEQ_READ_8M_WORK_NODE_CRC_WRITE_CALLS	0
SEQ_READ_8M_WORK_NODE_CRC_WRITE_SAMPLES	0
SEQ_READ_8M_WORK_NODE_CRC_WRITE_SAMPLE_TICKS	0
SEQ_READ_8M_WORK_CLOCK_PAIR_TICKS	0
SEQ_READ_8M_WORK_PACKET_CALLS	131
SEQ_READ_8M_WORK_PACKET_SAMPLES	131
SEQ_READ_8M_WORK_PACKET_SAMPLE_TICKS	23123
SEQ_READ_8M_WORK_PACKET_OPEN_CALLS	1
SEQ_READ_8M_WORK_PACKET_OPEN_SAMPLES	1
SEQ_READ_8M_WORK_PACKET_OPEN_SAMPLE_TICKS	131
SEQ_READ_8M_WORK_PACKET_READ_CALLS	129
SEQ_READ_8M_WORK_PACKET_READ_SAMPLES	129
SEQ_READ_8M_WORK_PACKET_READ_SAMPLE_TICKS	22992
SEQ_READ_8M_WORK_PACKET_WRITE_CALLS	0
SEQ_READ_8M_WORK_PACKET_WRITE_SAMPLES	0
SEQ_READ_8M_WORK_PACKET_WRITE_SAMPLE_TICKS	0
SEQ_READ_8M_WORK_PACKET_END_CALLS	1
SEQ_READ_8M_WORK_PACKET_END_SAMPLES	1
SEQ_READ_8M_WORK_PACKET_END_SAMPLE_TICKS	0
SEQ_READ_8M_WORK_PACKET_DELETE_CALLS	0
SEQ_READ_8M_WORK_PACKET_DELETE_SAMPLES	0
SEQ_READ_8M_WORK_PACKET_DELETE_SAMPLE_TICKS	0
SEQ_READ_8M_WORK_PACKET_FLUSH_CALLS	0
SEQ_READ_8M_WORK_PACKET_FLUSH_SAMPLES	0
SEQ_READ_8M_WORK_PACKET_FLUSH_SAMPLE_TICKS	0
SEQ_READ_8M_WORK_PACKET_OTHER_CALLS	0
SEQ_READ_8M_WORK_PACKET_OTHER_SAMPLES	0
SEQ_READ_8M_WORK_PACKET_OTHER_SAMPLE_TICKS	0
SEQ_READ_8M_WORK_CORE_CREATE_CALLS	0
SEQ_READ_8M_WORK_CORE_CREATE_SAMPLES	0
SEQ_READ_8M_WORK_CORE_CREATE_SAMPLE_TICKS	0
SEQ_READ_8M_WORK_CORE_DELETE_CALLS	0
SEQ_READ_8M_WORK_CORE_DELETE_SAMPLES	0
SEQ_READ_8M_WORK_CORE_DELETE_SAMPLE_TICKS	0
SEQ_READ_8M_WORK_CORE_FILE_WRITE_CALLS	0
SEQ_READ_8M_WORK_CORE_FILE_WRITE_SAMPLES	0
SEQ_READ_8M_WORK_CORE_FILE_WRITE_SAMPLE_TICKS	0
SEQ_READ_8M_WORK_CORE_SYNC_CALLS	0
SEQ_READ_8M_WORK_CORE_SYNC_SAMPLES	0
SEQ_READ_8M_WORK_CORE_SYNC_SAMPLE_TICKS	0
SEQ_READ_8M_WORK_IFACE_FREE_CALLS	0
SEQ_READ_8M_WORK_IFACE_FREE_SAMPLES	0
SEQ_READ_8M_WORK_IFACE_FREE_SAMPLE_TICKS	0
SEQ_READ_8M_WORK_SEAL_COMMIT_CALLS	0
SEQ_READ_8M_WORK_SEAL_COMMIT_SAMPLES	0
SEQ_READ_8M_WORK_SEAL_COMMIT_SAMPLE_TICKS	0
SEQ_READ_8M_WORK_INODE_READ_CALLS	260
SEQ_READ_8M_WORK_BTREE_SEARCH_CALLS	261
SEQ_READ_8M_WORK_BTREE_INDEX_HINT_HITS	259
SEQ_READ_8M_WORK_BTREE_LEAF_HINT_HITS	0
SEQ_READ_8M_WORK_CACHE_READ_CALLS	0
SEQ_READ_8M_WORK_CACHE_READ_HITS	0
SEQ_READ_8M_WORK_CACHE_READ_MISSES	0
SEQ_READ_8M_WORK_FREE_TREE_NODE_VIEWS	0
SEQ_READ_8M_WORK_FREE_TREE_RESIDENT_VIEWS	0
SEQ_READ_8M_WORK_DIR_TREE_NODE_VIEWS	2
SEQ_READ_8M_WORK_DIR_TREE_RESIDENT_VIEWS	2
SEQ_READ_8M_WORK_INODE_TREE_NODE_VIEWS	1
SEQ_READ_8M_WORK_INODE_TREE_RESIDENT_VIEWS	1
SEQ_READ_8M_WORK_REFCOUNT_TREE_NODE_VIEWS	0
SEQ_READ_8M_WORK_REFCOUNT_TREE_RESIDENT_VIEWS	0
SEQ_READ_8M_WORK_OTHER_TREE_NODE_VIEWS	0
SEQ_READ_8M_WORK_OTHER_TREE_RESIDENT_VIEWS	0
SEQ_READ_8M_WORK_WRITE_DETAIL_INODE_READ_CALLS	260
SEQ_READ_8M_WORK_WRITE_DETAIL_INODE_READ_SAMPLES	260
SEQ_READ_8M_WORK_WRITE_DETAIL_INODE_READ_SAMPLE_TICKS	4365
SEQ_READ_8M_WORK_WRITE_DETAIL_INODE_WRITE_CALLS	0
SEQ_READ_8M_WORK_WRITE_DETAIL_INODE_WRITE_SAMPLES	0
SEQ_READ_8M_WORK_WRITE_DETAIL_INODE_WRITE_SAMPLE_TICKS	0
SEQ_READ_8M_WORK_WRITE_DETAIL_EXTENT_MAP_CALLS	0
SEQ_READ_8M_WORK_WRITE_DETAIL_EXTENT_MAP_SAMPLES	0
SEQ_READ_8M_WORK_WRITE_DETAIL_EXTENT_MAP_SAMPLE_TICKS	0
SEQ_READ_8M_WORK_WRITE_DETAIL_FREESPACE_GOAL_CALLS	0
SEQ_READ_8M_WORK_WRITE_DETAIL_FREESPACE_GOAL_SAMPLES	0
SEQ_READ_8M_WORK_WRITE_DETAIL_FREESPACE_GOAL_SAMPLE_TICKS	0
SEQ_READ_8M_WORK_BTREE_MALLOC_CALLS	0
SEQ_READ_8M_WORK_BTREE_MALLOC_SAMPLES	0
SEQ_READ_8M_WORK_BTREE_MALLOC_SAMPLE_TICKS	0
SEQ_READ_8M_WORK_BTREE_FREE_CALLS	0
SEQ_READ_8M_WORK_BTREE_FREE_SAMPLES	0
SEQ_READ_8M_WORK_BTREE_FREE_SAMPLE_TICKS	0
SEQ_READ_8M_WORK_IFACE_ALLOC_CALLS	0
SEQ_READ_8M_WORK_IFACE_ALLOC_SAMPLES	0
SEQ_READ_8M_WORK_IFACE_ALLOC_SAMPLE_TICKS	0
SEQ_READ_8M_WORK_FREESPACE_ALLOC_CALLS	0
SEQ_READ_8M_WORK_FREESPACE_ALLOC_SAMPLES	0
SEQ_READ_8M_WORK_FREESPACE_ALLOC_SAMPLE_TICKS	0
SEQ_READ_8M_WORK_DETAIL_INODE_READ_CALLS	260
SEQ_READ_8M_WORK_DETAIL_INODE_READ_SAMPLES	15
SEQ_READ_8M_WORK_DETAIL_INODE_READ_SAMPLE_TICKS	459
SEQ_READ_8M_WORK_DETAIL_INODE_VALIDATE_CALLS	260
SEQ_READ_8M_WORK_DETAIL_INODE_VALIDATE_SAMPLES	15
SEQ_READ_8M_WORK_DETAIL_INODE_VALIDATE_SAMPLE_TICKS	103
SEQ_READ_8M_WORK_DETAIL_INODE_SEARCH_CALLS	260
SEQ_READ_8M_WORK_DETAIL_INODE_SEARCH_SAMPLES	15
SEQ_READ_8M_WORK_DETAIL_INODE_SEARCH_SAMPLE_TICKS	275
SEQ_READ_8M_WORK_DETAIL_INODE_NODE_VIEW_CALLS	1
SEQ_READ_8M_WORK_DETAIL_INODE_NODE_VIEW_SAMPLES	0
SEQ_READ_8M_WORK_DETAIL_INODE_NODE_VIEW_SAMPLE_TICKS	0
SEQ_READ_8M_WORK_DETAIL_DIR_NODE_VIEW_CALLS	2
SEQ_READ_8M_WORK_DETAIL_DIR_NODE_VIEW_SAMPLES	0
SEQ_READ_8M_WORK_DETAIL_DIR_NODE_VIEW_SAMPLE_TICKS	0
SEQ_READ_8M_WORK_DETAIL_INODE_BINARY_SEARCH_CALLS	1
SEQ_READ_8M_WORK_DETAIL_INODE_BINARY_SEARCH_SAMPLES	0
SEQ_READ_8M_WORK_DETAIL_INODE_BINARY_SEARCH_SAMPLE_TICKS	0
SEQ_READ_8M_WORK_DETAIL_DIR_BINARY_SEARCH_CALLS	2
SEQ_READ_8M_WORK_DETAIL_DIR_BINARY_SEARCH_SAMPLES	0
SEQ_READ_8M_WORK_DETAIL_DIR_BINARY_SEARCH_SAMPLE_TICKS	0
SEQ_READ_8M_WORK_DETAIL_NODE_STRUCTURE_CALLS	0
SEQ_READ_8M_WORK_DETAIL_NODE_STRUCTURE_SAMPLES	0
SEQ_READ_8M_WORK_DETAIL_NODE_STRUCTURE_SAMPLE_TICKS	0
SEQ_READ_8M_WORK_DETAIL_CACHE_PEEK_CALLS	262
SEQ_READ_8M_WORK_DETAIL_CACHE_PEEK_SAMPLES	15
SEQ_READ_8M_WORK_DETAIL_CACHE_PEEK_SAMPLE_TICKS	76
SEQ_READ_8M_WORK_DETAIL_BUFFER_ALLOC_CALLS	2
SEQ_READ_8M_WORK_DETAIL_BUFFER_ALLOC_SAMPLES	0
SEQ_READ_8M_WORK_DETAIL_BUFFER_ALLOC_SAMPLE_TICKS	0
SEQ_READ_8M_WORK_DETAIL_BUFFER_FREE_CALLS	2
SEQ_READ_8M_WORK_DETAIL_BUFFER_FREE_SAMPLES	0
SEQ_READ_8M_WORK_DETAIL_BUFFER_FREE_SAMPLE_TICKS	0
SEQ_READ_8M_WORK_DETAIL_EXALL_FILL_CALLS	0
SEQ_READ_8M_WORK_DETAIL_EXALL_FILL_SAMPLES	0
SEQ_READ_8M_WORK_DETAIL_EXALL_FILL_SAMPLE_TICKS	0
SEQ_READ_8M_WORK_FREESPACE_ALLOCS	0
SEQ_READ_8M_VOLUME_FLUSH_BIO_READS	0
SEQ_READ_8M_VOLUME_FLUSH_BIO_WRITES	0
SEQ_READ_8M_VOLUME_FLUSH_BIO_UPDATES	0
SEQ_READ_8M_VOLUME_FLUSH_DATA_READS	0
SEQ_READ_8M_VOLUME_FLUSH_DATA_WRITES	0
SEQ_READ_8M_VOLUME_FLUSH_NODE_WRITES	0
SEQ_READ_8M_VOLUME_FLUSH_TXN_COMMITS	0
SEQ_READ_8M_VOLUME_FLUSH_EXTENT_MAPS	0
SEQ_READ_8M_VOLUME_FLUSH_READ_TICKS	0
SEQ_READ_8M_VOLUME_FLUSH_WRITE_TICKS	0
SEQ_READ_8M_VOLUME_FLUSH_UPDATE_TICKS	0
SEQ_READ_8M_VOLUME_FLUSH_DATA_READ_TICKS	0
SEQ_READ_8M_VOLUME_FLUSH_DATA_WRITE_TICKS	0
SEQ_READ_8M_VOLUME_FLUSH_NODE_CRC_READ_CALLS	0
SEQ_READ_8M_VOLUME_FLUSH_NODE_CRC_READ_SAMPLES	0
SEQ_READ_8M_VOLUME_FLUSH_NODE_CRC_READ_SAMPLE_TICKS	0
SEQ_READ_8M_VOLUME_FLUSH_NODE_CRC_WRITE_CALLS	0
SEQ_READ_8M_VOLUME_FLUSH_NODE_CRC_WRITE_SAMPLES	0
SEQ_READ_8M_VOLUME_FLUSH_NODE_CRC_WRITE_SAMPLE_TICKS	0
SEQ_READ_8M_VOLUME_FLUSH_CLOCK_PAIR_TICKS	0
SEQ_READ_8M_VOLUME_FLUSH_PACKET_CALLS	0
SEQ_READ_8M_VOLUME_FLUSH_PACKET_SAMPLES	0
SEQ_READ_8M_VOLUME_FLUSH_PACKET_SAMPLE_TICKS	0
SEQ_READ_8M_VOLUME_FLUSH_PACKET_OPEN_CALLS	0
SEQ_READ_8M_VOLUME_FLUSH_PACKET_OPEN_SAMPLES	0
SEQ_READ_8M_VOLUME_FLUSH_PACKET_OPEN_SAMPLE_TICKS	0
SEQ_READ_8M_VOLUME_FLUSH_PACKET_READ_CALLS	0
SEQ_READ_8M_VOLUME_FLUSH_PACKET_READ_SAMPLES	0
SEQ_READ_8M_VOLUME_FLUSH_PACKET_READ_SAMPLE_TICKS	0
SEQ_READ_8M_VOLUME_FLUSH_PACKET_WRITE_CALLS	0
SEQ_READ_8M_VOLUME_FLUSH_PACKET_WRITE_SAMPLES	0
SEQ_READ_8M_VOLUME_FLUSH_PACKET_WRITE_SAMPLE_TICKS	0
SEQ_READ_8M_VOLUME_FLUSH_PACKET_END_CALLS	0
SEQ_READ_8M_VOLUME_FLUSH_PACKET_END_SAMPLES	0
SEQ_READ_8M_VOLUME_FLUSH_PACKET_END_SAMPLE_TICKS	0
SEQ_READ_8M_VOLUME_FLUSH_PACKET_DELETE_CALLS	0
SEQ_READ_8M_VOLUME_FLUSH_PACKET_DELETE_SAMPLES	0
SEQ_READ_8M_VOLUME_FLUSH_PACKET_DELETE_SAMPLE_TICKS	0
SEQ_READ_8M_VOLUME_FLUSH_PACKET_FLUSH_CALLS	0
SEQ_READ_8M_VOLUME_FLUSH_PACKET_FLUSH_SAMPLES	0
SEQ_READ_8M_VOLUME_FLUSH_PACKET_FLUSH_SAMPLE_TICKS	0
SEQ_READ_8M_VOLUME_FLUSH_PACKET_OTHER_CALLS	0
SEQ_READ_8M_VOLUME_FLUSH_PACKET_OTHER_SAMPLES	0
SEQ_READ_8M_VOLUME_FLUSH_PACKET_OTHER_SAMPLE_TICKS	0
SEQ_READ_8M_VOLUME_FLUSH_CORE_CREATE_CALLS	0
SEQ_READ_8M_VOLUME_FLUSH_CORE_CREATE_SAMPLES	0
SEQ_READ_8M_VOLUME_FLUSH_CORE_CREATE_SAMPLE_TICKS	0
SEQ_READ_8M_VOLUME_FLUSH_CORE_DELETE_CALLS	0
SEQ_READ_8M_VOLUME_FLUSH_CORE_DELETE_SAMPLES	0
SEQ_READ_8M_VOLUME_FLUSH_CORE_DELETE_SAMPLE_TICKS	0
SEQ_READ_8M_VOLUME_FLUSH_CORE_FILE_WRITE_CALLS	0
SEQ_READ_8M_VOLUME_FLUSH_CORE_FILE_WRITE_SAMPLES	0
SEQ_READ_8M_VOLUME_FLUSH_CORE_FILE_WRITE_SAMPLE_TICKS	0
SEQ_READ_8M_VOLUME_FLUSH_CORE_SYNC_CALLS	0
SEQ_READ_8M_VOLUME_FLUSH_CORE_SYNC_SAMPLES	0
SEQ_READ_8M_VOLUME_FLUSH_CORE_SYNC_SAMPLE_TICKS	0
SEQ_READ_8M_VOLUME_FLUSH_IFACE_FREE_CALLS	0
SEQ_READ_8M_VOLUME_FLUSH_IFACE_FREE_SAMPLES	0
SEQ_READ_8M_VOLUME_FLUSH_IFACE_FREE_SAMPLE_TICKS	0
SEQ_READ_8M_VOLUME_FLUSH_SEAL_COMMIT_CALLS	0
SEQ_READ_8M_VOLUME_FLUSH_SEAL_COMMIT_SAMPLES	0
SEQ_READ_8M_VOLUME_FLUSH_SEAL_COMMIT_SAMPLE_TICKS	0
SEQ_READ_8M_VOLUME_FLUSH_INODE_READ_CALLS	0
SEQ_READ_8M_VOLUME_FLUSH_BTREE_SEARCH_CALLS	0
SEQ_READ_8M_VOLUME_FLUSH_BTREE_INDEX_HINT_HITS	0
SEQ_READ_8M_VOLUME_FLUSH_BTREE_LEAF_HINT_HITS	0
SEQ_READ_8M_VOLUME_FLUSH_CACHE_READ_CALLS	0
SEQ_READ_8M_VOLUME_FLUSH_CACHE_READ_HITS	0
SEQ_READ_8M_VOLUME_FLUSH_CACHE_READ_MISSES	0
SEQ_READ_8M_VOLUME_FLUSH_FREE_TREE_NODE_VIEWS	0
SEQ_READ_8M_VOLUME_FLUSH_FREE_TREE_RESIDENT_VIEWS	0
SEQ_READ_8M_VOLUME_FLUSH_DIR_TREE_NODE_VIEWS	0
SEQ_READ_8M_VOLUME_FLUSH_DIR_TREE_RESIDENT_VIEWS	0
SEQ_READ_8M_VOLUME_FLUSH_INODE_TREE_NODE_VIEWS	0
SEQ_READ_8M_VOLUME_FLUSH_INODE_TREE_RESIDENT_VIEWS	0
SEQ_READ_8M_VOLUME_FLUSH_REFCOUNT_TREE_NODE_VIEWS	0
SEQ_READ_8M_VOLUME_FLUSH_REFCOUNT_TREE_RESIDENT_VIEWS	0
SEQ_READ_8M_VOLUME_FLUSH_OTHER_TREE_NODE_VIEWS	0
SEQ_READ_8M_VOLUME_FLUSH_OTHER_TREE_RESIDENT_VIEWS	0
SEQ_READ_8M_VOLUME_FLUSH_WRITE_DETAIL_INODE_READ_CALLS	0
SEQ_READ_8M_VOLUME_FLUSH_WRITE_DETAIL_INODE_READ_SAMPLES	0
SEQ_READ_8M_VOLUME_FLUSH_WRITE_DETAIL_INODE_READ_SAMPLE_TICKS	0
SEQ_READ_8M_VOLUME_FLUSH_WRITE_DETAIL_INODE_WRITE_CALLS	0
SEQ_READ_8M_VOLUME_FLUSH_WRITE_DETAIL_INODE_WRITE_SAMPLES	0
SEQ_READ_8M_VOLUME_FLUSH_WRITE_DETAIL_INODE_WRITE_SAMPLE_TICKS	0
SEQ_READ_8M_VOLUME_FLUSH_WRITE_DETAIL_EXTENT_MAP_CALLS	0
SEQ_READ_8M_VOLUME_FLUSH_WRITE_DETAIL_EXTENT_MAP_SAMPLES	0
SEQ_READ_8M_VOLUME_FLUSH_WRITE_DETAIL_EXTENT_MAP_SAMPLE_TICKS	0
SEQ_READ_8M_VOLUME_FLUSH_WRITE_DETAIL_FREESPACE_GOAL_CALLS	0
SEQ_READ_8M_VOLUME_FLUSH_WRITE_DETAIL_FREESPACE_GOAL_SAMPLES	0
SEQ_READ_8M_VOLUME_FLUSH_WRITE_DETAIL_FREESPACE_GOAL_SAMPLE_TICKS	0
SEQ_READ_8M_VOLUME_FLUSH_BTREE_MALLOC_CALLS	0
SEQ_READ_8M_VOLUME_FLUSH_BTREE_MALLOC_SAMPLES	0
SEQ_READ_8M_VOLUME_FLUSH_BTREE_MALLOC_SAMPLE_TICKS	0
SEQ_READ_8M_VOLUME_FLUSH_BTREE_FREE_CALLS	0
SEQ_READ_8M_VOLUME_FLUSH_BTREE_FREE_SAMPLES	0
SEQ_READ_8M_VOLUME_FLUSH_BTREE_FREE_SAMPLE_TICKS	0
SEQ_READ_8M_VOLUME_FLUSH_IFACE_ALLOC_CALLS	0
SEQ_READ_8M_VOLUME_FLUSH_IFACE_ALLOC_SAMPLES	0
SEQ_READ_8M_VOLUME_FLUSH_IFACE_ALLOC_SAMPLE_TICKS	0
SEQ_READ_8M_VOLUME_FLUSH_FREESPACE_ALLOC_CALLS	0
SEQ_READ_8M_VOLUME_FLUSH_FREESPACE_ALLOC_SAMPLES	0
SEQ_READ_8M_VOLUME_FLUSH_FREESPACE_ALLOC_SAMPLE_TICKS	0
SEQ_READ_8M_VOLUME_FLUSH_DETAIL_INODE_READ_CALLS	0
SEQ_READ_8M_VOLUME_FLUSH_DETAIL_INODE_READ_SAMPLES	0
SEQ_READ_8M_VOLUME_FLUSH_DETAIL_INODE_READ_SAMPLE_TICKS	0
SEQ_READ_8M_VOLUME_FLUSH_DETAIL_INODE_VALIDATE_CALLS	0
SEQ_READ_8M_VOLUME_FLUSH_DETAIL_INODE_VALIDATE_SAMPLES	0
SEQ_READ_8M_VOLUME_FLUSH_DETAIL_INODE_VALIDATE_SAMPLE_TICKS	0
SEQ_READ_8M_VOLUME_FLUSH_DETAIL_INODE_SEARCH_CALLS	0
SEQ_READ_8M_VOLUME_FLUSH_DETAIL_INODE_SEARCH_SAMPLES	0
SEQ_READ_8M_VOLUME_FLUSH_DETAIL_INODE_SEARCH_SAMPLE_TICKS	0
SEQ_READ_8M_VOLUME_FLUSH_DETAIL_INODE_NODE_VIEW_CALLS	0
SEQ_READ_8M_VOLUME_FLUSH_DETAIL_INODE_NODE_VIEW_SAMPLES	0
SEQ_READ_8M_VOLUME_FLUSH_DETAIL_INODE_NODE_VIEW_SAMPLE_TICKS	0
SEQ_READ_8M_VOLUME_FLUSH_DETAIL_DIR_NODE_VIEW_CALLS	0
SEQ_READ_8M_VOLUME_FLUSH_DETAIL_DIR_NODE_VIEW_SAMPLES	0
SEQ_READ_8M_VOLUME_FLUSH_DETAIL_DIR_NODE_VIEW_SAMPLE_TICKS	0
SEQ_READ_8M_VOLUME_FLUSH_DETAIL_INODE_BINARY_SEARCH_CALLS	0
SEQ_READ_8M_VOLUME_FLUSH_DETAIL_INODE_BINARY_SEARCH_SAMPLES	0
SEQ_READ_8M_VOLUME_FLUSH_DETAIL_INODE_BINARY_SEARCH_SAMPLE_TICKS	0
SEQ_READ_8M_VOLUME_FLUSH_DETAIL_DIR_BINARY_SEARCH_CALLS	0
SEQ_READ_8M_VOLUME_FLUSH_DETAIL_DIR_BINARY_SEARCH_SAMPLES	0
SEQ_READ_8M_VOLUME_FLUSH_DETAIL_DIR_BINARY_SEARCH_SAMPLE_TICKS	0
SEQ_READ_8M_VOLUME_FLUSH_DETAIL_NODE_STRUCTURE_CALLS	0
SEQ_READ_8M_VOLUME_FLUSH_DETAIL_NODE_STRUCTURE_SAMPLES	0
SEQ_READ_8M_VOLUME_FLUSH_DETAIL_NODE_STRUCTURE_SAMPLE_TICKS	0
SEQ_READ_8M_VOLUME_FLUSH_DETAIL_CACHE_PEEK_CALLS	0
SEQ_READ_8M_VOLUME_FLUSH_DETAIL_CACHE_PEEK_SAMPLES	0
SEQ_READ_8M_VOLUME_FLUSH_DETAIL_CACHE_PEEK_SAMPLE_TICKS	0
SEQ_READ_8M_VOLUME_FLUSH_DETAIL_BUFFER_ALLOC_CALLS	0
SEQ_READ_8M_VOLUME_FLUSH_DETAIL_BUFFER_ALLOC_SAMPLES	0
SEQ_READ_8M_VOLUME_FLUSH_DETAIL_BUFFER_ALLOC_SAMPLE_TICKS	0
SEQ_READ_8M_VOLUME_FLUSH_DETAIL_BUFFER_FREE_CALLS	0
SEQ_READ_8M_VOLUME_FLUSH_DETAIL_BUFFER_FREE_SAMPLES	0
SEQ_READ_8M_VOLUME_FLUSH_DETAIL_BUFFER_FREE_SAMPLE_TICKS	0
SEQ_READ_8M_VOLUME_FLUSH_DETAIL_EXALL_FILL_CALLS	0
SEQ_READ_8M_VOLUME_FLUSH_DETAIL_EXALL_FILL_SAMPLES	0
SEQ_READ_8M_VOLUME_FLUSH_DETAIL_EXALL_FILL_SAMPLE_TICKS	0
SEQ_READ_8M_VOLUME_FLUSH_FREESPACE_ALLOCS	0
SMALL_DELETE_40_US	30528
SMALL_DELETE_40_WORK_US	30528
SMALL_DELETE_40_VOLUME_FLUSH_US	0
SMALL_DELETE_40_HAS_VOLUME_FLUSH	0
SMALL_DELETE_40_GUEST_OPEN_CALLS	0
SMALL_DELETE_40_GUEST_OPEN_US	0
SMALL_DELETE_40_GUEST_READ_CALLS	0
SMALL_DELETE_40_GUEST_READ_US	0
SMALL_DELETE_40_GUEST_WRITE_CALLS	0
SMALL_DELETE_40_GUEST_WRITE_US	0
SMALL_DELETE_40_GUEST_HANDLE_FLUSH_CALLS	0
SMALL_DELETE_40_GUEST_HANDLE_FLUSH_US	0
SMALL_DELETE_40_GUEST_CLOSE_CALLS	0
SMALL_DELETE_40_GUEST_CLOSE_US	0
SMALL_DELETE_40_GUEST_VERIFY_CALLS	0
SMALL_DELETE_40_GUEST_VERIFY_US	0
SMALL_DELETE_40_WORK_BIO_READS	2
SMALL_DELETE_40_WORK_BIO_WRITES	8
SMALL_DELETE_40_WORK_BIO_UPDATES	3
SMALL_DELETE_40_WORK_DATA_READS	0
SMALL_DELETE_40_WORK_DATA_WRITES	0
SMALL_DELETE_40_WORK_NODE_WRITES	7
SMALL_DELETE_40_WORK_TXN_COMMITS	1
SMALL_DELETE_40_WORK_EXTENT_MAPS	0
SMALL_DELETE_40_WORK_READ_TICKS	0
SMALL_DELETE_40_WORK_WRITE_TICKS	271
SMALL_DELETE_40_WORK_UPDATE_TICKS	92
SMALL_DELETE_40_WORK_DATA_READ_TICKS	0
SMALL_DELETE_40_WORK_DATA_WRITE_TICKS	0
SMALL_DELETE_40_WORK_NODE_CRC_READ_CALLS	0
SMALL_DELETE_40_WORK_NODE_CRC_READ_SAMPLES	0
SMALL_DELETE_40_WORK_NODE_CRC_READ_SAMPLE_TICKS	0
SMALL_DELETE_40_WORK_NODE_CRC_WRITE_CALLS	7
SMALL_DELETE_40_WORK_NODE_CRC_WRITE_SAMPLES	7
SMALL_DELETE_40_WORK_NODE_CRC_WRITE_SAMPLE_TICKS	727
SMALL_DELETE_40_WORK_CLOCK_PAIR_TICKS	2
SMALL_DELETE_40_WORK_PACKET_CALLS	40
SMALL_DELETE_40_WORK_PACKET_SAMPLES	40
SMALL_DELETE_40_WORK_PACKET_SAMPLE_TICKS	17055
SMALL_DELETE_40_WORK_PACKET_OPEN_CALLS	0
SMALL_DELETE_40_WORK_PACKET_OPEN_SAMPLES	0
SMALL_DELETE_40_WORK_PACKET_OPEN_SAMPLE_TICKS	0
SMALL_DELETE_40_WORK_PACKET_READ_CALLS	0
SMALL_DELETE_40_WORK_PACKET_READ_SAMPLES	0
SMALL_DELETE_40_WORK_PACKET_READ_SAMPLE_TICKS	0
SMALL_DELETE_40_WORK_PACKET_WRITE_CALLS	0
SMALL_DELETE_40_WORK_PACKET_WRITE_SAMPLES	0
SMALL_DELETE_40_WORK_PACKET_WRITE_SAMPLE_TICKS	0
SMALL_DELETE_40_WORK_PACKET_END_CALLS	0
SMALL_DELETE_40_WORK_PACKET_END_SAMPLES	0
SMALL_DELETE_40_WORK_PACKET_END_SAMPLE_TICKS	0
SMALL_DELETE_40_WORK_PACKET_DELETE_CALLS	40
SMALL_DELETE_40_WORK_PACKET_DELETE_SAMPLES	40
SMALL_DELETE_40_WORK_PACKET_DELETE_SAMPLE_TICKS	17055
SMALL_DELETE_40_WORK_PACKET_FLUSH_CALLS	0
SMALL_DELETE_40_WORK_PACKET_FLUSH_SAMPLES	0
SMALL_DELETE_40_WORK_PACKET_FLUSH_SAMPLE_TICKS	0
SMALL_DELETE_40_WORK_PACKET_OTHER_CALLS	0
SMALL_DELETE_40_WORK_PACKET_OTHER_SAMPLES	0
SMALL_DELETE_40_WORK_PACKET_OTHER_SAMPLE_TICKS	0
SMALL_DELETE_40_WORK_CORE_CREATE_CALLS	0
SMALL_DELETE_40_WORK_CORE_CREATE_SAMPLES	0
SMALL_DELETE_40_WORK_CORE_CREATE_SAMPLE_TICKS	0
SMALL_DELETE_40_WORK_CORE_DELETE_CALLS	40
SMALL_DELETE_40_WORK_CORE_DELETE_SAMPLES	40
SMALL_DELETE_40_WORK_CORE_DELETE_SAMPLE_TICKS	10940
SMALL_DELETE_40_WORK_CORE_FILE_WRITE_CALLS	0
SMALL_DELETE_40_WORK_CORE_FILE_WRITE_SAMPLES	0
SMALL_DELETE_40_WORK_CORE_FILE_WRITE_SAMPLE_TICKS	0
SMALL_DELETE_40_WORK_CORE_SYNC_CALLS	1
SMALL_DELETE_40_WORK_CORE_SYNC_SAMPLES	1
SMALL_DELETE_40_WORK_CORE_SYNC_SAMPLE_TICKS	2134
SMALL_DELETE_40_WORK_IFACE_FREE_CALLS	5
SMALL_DELETE_40_WORK_IFACE_FREE_SAMPLES	5
SMALL_DELETE_40_WORK_IFACE_FREE_SAMPLE_TICKS	407
SMALL_DELETE_40_WORK_SEAL_COMMIT_CALLS	1
SMALL_DELETE_40_WORK_SEAL_COMMIT_SAMPLES	1
SMALL_DELETE_40_WORK_SEAL_COMMIT_SAMPLE_TICKS	590
SMALL_DELETE_40_WORK_INODE_READ_CALLS	80
SMALL_DELETE_40_WORK_BTREE_SEARCH_CALLS	205
SMALL_DELETE_40_WORK_BTREE_INDEX_HINT_HITS	40
SMALL_DELETE_40_WORK_BTREE_LEAF_HINT_HITS	54
SMALL_DELETE_40_WORK_CACHE_READ_CALLS	50
SMALL_DELETE_40_WORK_CACHE_READ_HITS	48
SMALL_DELETE_40_WORK_CACHE_READ_MISSES	2
SMALL_DELETE_40_WORK_FREE_TREE_NODE_VIEWS	22
SMALL_DELETE_40_WORK_FREE_TREE_RESIDENT_VIEWS	21
SMALL_DELETE_40_WORK_DIR_TREE_NODE_VIEWS	125
SMALL_DELETE_40_WORK_DIR_TREE_RESIDENT_VIEWS	121
SMALL_DELETE_40_WORK_INODE_TREE_NODE_VIEWS	39
SMALL_DELETE_40_WORK_INODE_TREE_RESIDENT_VIEWS	38
SMALL_DELETE_40_WORK_REFCOUNT_TREE_NODE_VIEWS	0
SMALL_DELETE_40_WORK_REFCOUNT_TREE_RESIDENT_VIEWS	0
SMALL_DELETE_40_WORK_OTHER_TREE_NODE_VIEWS	0
SMALL_DELETE_40_WORK_OTHER_TREE_RESIDENT_VIEWS	0
SMALL_DELETE_40_WORK_WRITE_DETAIL_INODE_READ_CALLS	80
SMALL_DELETE_40_WORK_WRITE_DETAIL_INODE_READ_SAMPLES	80
SMALL_DELETE_40_WORK_WRITE_DETAIL_INODE_READ_SAMPLE_TICKS	2477
SMALL_DELETE_40_WORK_WRITE_DETAIL_INODE_WRITE_CALLS	0
SMALL_DELETE_40_WORK_WRITE_DETAIL_INODE_WRITE_SAMPLES	0
SMALL_DELETE_40_WORK_WRITE_DETAIL_INODE_WRITE_SAMPLE_TICKS	0
SMALL_DELETE_40_WORK_WRITE_DETAIL_EXTENT_MAP_CALLS	0
SMALL_DELETE_40_WORK_WRITE_DETAIL_EXTENT_MAP_SAMPLES	0
SMALL_DELETE_40_WORK_WRITE_DETAIL_EXTENT_MAP_SAMPLE_TICKS	0
SMALL_DELETE_40_WORK_WRITE_DETAIL_FREESPACE_GOAL_CALLS	0
SMALL_DELETE_40_WORK_WRITE_DETAIL_FREESPACE_GOAL_SAMPLES	0
SMALL_DELETE_40_WORK_WRITE_DETAIL_FREESPACE_GOAL_SAMPLE_TICKS	0
SMALL_DELETE_40_WORK_BTREE_MALLOC_CALLS	1
SMALL_DELETE_40_WORK_BTREE_MALLOC_SAMPLES	1
SMALL_DELETE_40_WORK_BTREE_MALLOC_SAMPLE_TICKS	0
SMALL_DELETE_40_WORK_BTREE_FREE_CALLS	1
SMALL_DELETE_40_WORK_BTREE_FREE_SAMPLES	1
SMALL_DELETE_40_WORK_BTREE_FREE_SAMPLE_TICKS	0
SMALL_DELETE_40_WORK_IFACE_ALLOC_CALLS	5
SMALL_DELETE_40_WORK_IFACE_ALLOC_SAMPLES	5
SMALL_DELETE_40_WORK_IFACE_ALLOC_SAMPLE_TICKS	680
SMALL_DELETE_40_WORK_FREESPACE_ALLOC_CALLS	5
SMALL_DELETE_40_WORK_FREESPACE_ALLOC_SAMPLES	5
SMALL_DELETE_40_WORK_FREESPACE_ALLOC_SAMPLE_TICKS	547
SMALL_DELETE_40_WORK_DETAIL_INODE_READ_CALLS	80
SMALL_DELETE_40_WORK_DETAIL_INODE_READ_SAMPLES	4
SMALL_DELETE_40_WORK_DETAIL_INODE_READ_SAMPLE_TICKS	122
SMALL_DELETE_40_WORK_DETAIL_INODE_VALIDATE_CALLS	80
SMALL_DELETE_40_WORK_DETAIL_INODE_VALIDATE_SAMPLES	4
SMALL_DELETE_40_WORK_DETAIL_INODE_VALIDATE_SAMPLE_TICKS	0
SMALL_DELETE_40_WORK_DETAIL_INODE_SEARCH_CALLS	80
SMALL_DELETE_40_WORK_DETAIL_INODE_SEARCH_SAMPLES	4
SMALL_DELETE_40_WORK_DETAIL_INODE_SEARCH_SAMPLE_TICKS	45
SMALL_DELETE_40_WORK_DETAIL_INODE_NODE_VIEW_CALLS	39
SMALL_DELETE_40_WORK_DETAIL_INODE_NODE_VIEW_SAMPLES	2
SMALL_DELETE_40_WORK_DETAIL_INODE_NODE_VIEW_SAMPLE_TICKS	0
SMALL_DELETE_40_WORK_DETAIL_DIR_NODE_VIEW_CALLS	125
SMALL_DELETE_40_WORK_DETAIL_DIR_NODE_VIEW_SAMPLES	7
SMALL_DELETE_40_WORK_DETAIL_DIR_NODE_VIEW_SAMPLE_TICKS	45
SMALL_DELETE_40_WORK_DETAIL_INODE_BINARY_SEARCH_CALLS	79
SMALL_DELETE_40_WORK_DETAIL_INODE_BINARY_SEARCH_SAMPLES	4
SMALL_DELETE_40_WORK_DETAIL_INODE_BINARY_SEARCH_SAMPLE_TICKS	0
SMALL_DELETE_40_WORK_DETAIL_DIR_BINARY_SEARCH_CALLS	269
SMALL_DELETE_40_WORK_DETAIL_DIR_BINARY_SEARCH_SAMPLES	15
SMALL_DELETE_40_WORK_DETAIL_DIR_BINARY_SEARCH_SAMPLE_TICKS	45
SMALL_DELETE_40_WORK_DETAIL_NODE_STRUCTURE_CALLS	35
SMALL_DELETE_40_WORK_DETAIL_NODE_STRUCTURE_SAMPLES	2
SMALL_DELETE_40_WORK_DETAIL_NODE_STRUCTURE_SAMPLE_TICKS	0
SMALL_DELETE_40_WORK_DETAIL_CACHE_PEEK_CALLS	339
SMALL_DELETE_40_WORK_DETAIL_CACHE_PEEK_SAMPLES	19
SMALL_DELETE_40_WORK_DETAIL_CACHE_PEEK_SAMPLE_TICKS	46
SMALL_DELETE_40_WORK_DETAIL_BUFFER_ALLOC_CALLS	166
SMALL_DELETE_40_WORK_DETAIL_BUFFER_ALLOC_SAMPLES	9
SMALL_DELETE_40_WORK_DETAIL_BUFFER_ALLOC_SAMPLE_TICKS	58
SMALL_DELETE_40_WORK_DETAIL_BUFFER_FREE_CALLS	179
SMALL_DELETE_40_WORK_DETAIL_BUFFER_FREE_SAMPLES	10
SMALL_DELETE_40_WORK_DETAIL_BUFFER_FREE_SAMPLE_TICKS	0
SMALL_DELETE_40_WORK_DETAIL_EXALL_FILL_CALLS	0
SMALL_DELETE_40_WORK_DETAIL_EXALL_FILL_SAMPLES	0
SMALL_DELETE_40_WORK_DETAIL_EXALL_FILL_SAMPLE_TICKS	0
SMALL_DELETE_40_WORK_FREESPACE_ALLOCS	5
SMALL_DELETE_40_VOLUME_FLUSH_BIO_READS	0
SMALL_DELETE_40_VOLUME_FLUSH_BIO_WRITES	0
SMALL_DELETE_40_VOLUME_FLUSH_BIO_UPDATES	0
SMALL_DELETE_40_VOLUME_FLUSH_DATA_READS	0
SMALL_DELETE_40_VOLUME_FLUSH_DATA_WRITES	0
SMALL_DELETE_40_VOLUME_FLUSH_NODE_WRITES	0
SMALL_DELETE_40_VOLUME_FLUSH_TXN_COMMITS	0
SMALL_DELETE_40_VOLUME_FLUSH_EXTENT_MAPS	0
SMALL_DELETE_40_VOLUME_FLUSH_READ_TICKS	0
SMALL_DELETE_40_VOLUME_FLUSH_WRITE_TICKS	0
SMALL_DELETE_40_VOLUME_FLUSH_UPDATE_TICKS	0
SMALL_DELETE_40_VOLUME_FLUSH_DATA_READ_TICKS	0
SMALL_DELETE_40_VOLUME_FLUSH_DATA_WRITE_TICKS	0
SMALL_DELETE_40_VOLUME_FLUSH_NODE_CRC_READ_CALLS	0
SMALL_DELETE_40_VOLUME_FLUSH_NODE_CRC_READ_SAMPLES	0
SMALL_DELETE_40_VOLUME_FLUSH_NODE_CRC_READ_SAMPLE_TICKS	0
SMALL_DELETE_40_VOLUME_FLUSH_NODE_CRC_WRITE_CALLS	0
SMALL_DELETE_40_VOLUME_FLUSH_NODE_CRC_WRITE_SAMPLES	0
SMALL_DELETE_40_VOLUME_FLUSH_NODE_CRC_WRITE_SAMPLE_TICKS	0
SMALL_DELETE_40_VOLUME_FLUSH_CLOCK_PAIR_TICKS	0
SMALL_DELETE_40_VOLUME_FLUSH_PACKET_CALLS	0
SMALL_DELETE_40_VOLUME_FLUSH_PACKET_SAMPLES	0
SMALL_DELETE_40_VOLUME_FLUSH_PACKET_SAMPLE_TICKS	0
SMALL_DELETE_40_VOLUME_FLUSH_PACKET_OPEN_CALLS	0
SMALL_DELETE_40_VOLUME_FLUSH_PACKET_OPEN_SAMPLES	0
SMALL_DELETE_40_VOLUME_FLUSH_PACKET_OPEN_SAMPLE_TICKS	0
SMALL_DELETE_40_VOLUME_FLUSH_PACKET_READ_CALLS	0
SMALL_DELETE_40_VOLUME_FLUSH_PACKET_READ_SAMPLES	0
SMALL_DELETE_40_VOLUME_FLUSH_PACKET_READ_SAMPLE_TICKS	0
SMALL_DELETE_40_VOLUME_FLUSH_PACKET_WRITE_CALLS	0
SMALL_DELETE_40_VOLUME_FLUSH_PACKET_WRITE_SAMPLES	0
SMALL_DELETE_40_VOLUME_FLUSH_PACKET_WRITE_SAMPLE_TICKS	0
SMALL_DELETE_40_VOLUME_FLUSH_PACKET_END_CALLS	0
SMALL_DELETE_40_VOLUME_FLUSH_PACKET_END_SAMPLES	0
SMALL_DELETE_40_VOLUME_FLUSH_PACKET_END_SAMPLE_TICKS	0
SMALL_DELETE_40_VOLUME_FLUSH_PACKET_DELETE_CALLS	0
SMALL_DELETE_40_VOLUME_FLUSH_PACKET_DELETE_SAMPLES	0
SMALL_DELETE_40_VOLUME_FLUSH_PACKET_DELETE_SAMPLE_TICKS	0
SMALL_DELETE_40_VOLUME_FLUSH_PACKET_FLUSH_CALLS	0
SMALL_DELETE_40_VOLUME_FLUSH_PACKET_FLUSH_SAMPLES	0
SMALL_DELETE_40_VOLUME_FLUSH_PACKET_FLUSH_SAMPLE_TICKS	0
SMALL_DELETE_40_VOLUME_FLUSH_PACKET_OTHER_CALLS	0
SMALL_DELETE_40_VOLUME_FLUSH_PACKET_OTHER_SAMPLES	0
SMALL_DELETE_40_VOLUME_FLUSH_PACKET_OTHER_SAMPLE_TICKS	0
SMALL_DELETE_40_VOLUME_FLUSH_CORE_CREATE_CALLS	0
SMALL_DELETE_40_VOLUME_FLUSH_CORE_CREATE_SAMPLES	0
SMALL_DELETE_40_VOLUME_FLUSH_CORE_CREATE_SAMPLE_TICKS	0
SMALL_DELETE_40_VOLUME_FLUSH_CORE_DELETE_CALLS	0
SMALL_DELETE_40_VOLUME_FLUSH_CORE_DELETE_SAMPLES	0
SMALL_DELETE_40_VOLUME_FLUSH_CORE_DELETE_SAMPLE_TICKS	0
SMALL_DELETE_40_VOLUME_FLUSH_CORE_FILE_WRITE_CALLS	0
SMALL_DELETE_40_VOLUME_FLUSH_CORE_FILE_WRITE_SAMPLES	0
SMALL_DELETE_40_VOLUME_FLUSH_CORE_FILE_WRITE_SAMPLE_TICKS	0
SMALL_DELETE_40_VOLUME_FLUSH_CORE_SYNC_CALLS	0
SMALL_DELETE_40_VOLUME_FLUSH_CORE_SYNC_SAMPLES	0
SMALL_DELETE_40_VOLUME_FLUSH_CORE_SYNC_SAMPLE_TICKS	0
SMALL_DELETE_40_VOLUME_FLUSH_IFACE_FREE_CALLS	0
SMALL_DELETE_40_VOLUME_FLUSH_IFACE_FREE_SAMPLES	0
SMALL_DELETE_40_VOLUME_FLUSH_IFACE_FREE_SAMPLE_TICKS	0
SMALL_DELETE_40_VOLUME_FLUSH_SEAL_COMMIT_CALLS	0
SMALL_DELETE_40_VOLUME_FLUSH_SEAL_COMMIT_SAMPLES	0
SMALL_DELETE_40_VOLUME_FLUSH_SEAL_COMMIT_SAMPLE_TICKS	0
SMALL_DELETE_40_VOLUME_FLUSH_INODE_READ_CALLS	0
SMALL_DELETE_40_VOLUME_FLUSH_BTREE_SEARCH_CALLS	0
SMALL_DELETE_40_VOLUME_FLUSH_BTREE_INDEX_HINT_HITS	0
SMALL_DELETE_40_VOLUME_FLUSH_BTREE_LEAF_HINT_HITS	0
SMALL_DELETE_40_VOLUME_FLUSH_CACHE_READ_CALLS	0
SMALL_DELETE_40_VOLUME_FLUSH_CACHE_READ_HITS	0
SMALL_DELETE_40_VOLUME_FLUSH_CACHE_READ_MISSES	0
SMALL_DELETE_40_VOLUME_FLUSH_FREE_TREE_NODE_VIEWS	0
SMALL_DELETE_40_VOLUME_FLUSH_FREE_TREE_RESIDENT_VIEWS	0
SMALL_DELETE_40_VOLUME_FLUSH_DIR_TREE_NODE_VIEWS	0
SMALL_DELETE_40_VOLUME_FLUSH_DIR_TREE_RESIDENT_VIEWS	0
SMALL_DELETE_40_VOLUME_FLUSH_INODE_TREE_NODE_VIEWS	0
SMALL_DELETE_40_VOLUME_FLUSH_INODE_TREE_RESIDENT_VIEWS	0
SMALL_DELETE_40_VOLUME_FLUSH_REFCOUNT_TREE_NODE_VIEWS	0
SMALL_DELETE_40_VOLUME_FLUSH_REFCOUNT_TREE_RESIDENT_VIEWS	0
SMALL_DELETE_40_VOLUME_FLUSH_OTHER_TREE_NODE_VIEWS	0
SMALL_DELETE_40_VOLUME_FLUSH_OTHER_TREE_RESIDENT_VIEWS	0
SMALL_DELETE_40_VOLUME_FLUSH_WRITE_DETAIL_INODE_READ_CALLS	0
SMALL_DELETE_40_VOLUME_FLUSH_WRITE_DETAIL_INODE_READ_SAMPLES	0
SMALL_DELETE_40_VOLUME_FLUSH_WRITE_DETAIL_INODE_READ_SAMPLE_TICKS	0
SMALL_DELETE_40_VOLUME_FLUSH_WRITE_DETAIL_INODE_WRITE_CALLS	0
SMALL_DELETE_40_VOLUME_FLUSH_WRITE_DETAIL_INODE_WRITE_SAMPLES	0
SMALL_DELETE_40_VOLUME_FLUSH_WRITE_DETAIL_INODE_WRITE_SAMPLE_TICKS	0
SMALL_DELETE_40_VOLUME_FLUSH_WRITE_DETAIL_EXTENT_MAP_CALLS	0
SMALL_DELETE_40_VOLUME_FLUSH_WRITE_DETAIL_EXTENT_MAP_SAMPLES	0
SMALL_DELETE_40_VOLUME_FLUSH_WRITE_DETAIL_EXTENT_MAP_SAMPLE_TICKS	0
SMALL_DELETE_40_VOLUME_FLUSH_WRITE_DETAIL_FREESPACE_GOAL_CALLS	0
SMALL_DELETE_40_VOLUME_FLUSH_WRITE_DETAIL_FREESPACE_GOAL_SAMPLES	0
SMALL_DELETE_40_VOLUME_FLUSH_WRITE_DETAIL_FREESPACE_GOAL_SAMPLE_TICKS	0
SMALL_DELETE_40_VOLUME_FLUSH_BTREE_MALLOC_CALLS	0
SMALL_DELETE_40_VOLUME_FLUSH_BTREE_MALLOC_SAMPLES	0
SMALL_DELETE_40_VOLUME_FLUSH_BTREE_MALLOC_SAMPLE_TICKS	0
SMALL_DELETE_40_VOLUME_FLUSH_BTREE_FREE_CALLS	0
SMALL_DELETE_40_VOLUME_FLUSH_BTREE_FREE_SAMPLES	0
SMALL_DELETE_40_VOLUME_FLUSH_BTREE_FREE_SAMPLE_TICKS	0
SMALL_DELETE_40_VOLUME_FLUSH_IFACE_ALLOC_CALLS	0
SMALL_DELETE_40_VOLUME_FLUSH_IFACE_ALLOC_SAMPLES	0
SMALL_DELETE_40_VOLUME_FLUSH_IFACE_ALLOC_SAMPLE_TICKS	0
SMALL_DELETE_40_VOLUME_FLUSH_FREESPACE_ALLOC_CALLS	0
SMALL_DELETE_40_VOLUME_FLUSH_FREESPACE_ALLOC_SAMPLES	0
SMALL_DELETE_40_VOLUME_FLUSH_FREESPACE_ALLOC_SAMPLE_TICKS	0
SMALL_DELETE_40_VOLUME_FLUSH_DETAIL_INODE_READ_CALLS	0
SMALL_DELETE_40_VOLUME_FLUSH_DETAIL_INODE_READ_SAMPLES	0
SMALL_DELETE_40_VOLUME_FLUSH_DETAIL_INODE_READ_SAMPLE_TICKS	0
SMALL_DELETE_40_VOLUME_FLUSH_DETAIL_INODE_VALIDATE_CALLS	0
SMALL_DELETE_40_VOLUME_FLUSH_DETAIL_INODE_VALIDATE_SAMPLES	0
SMALL_DELETE_40_VOLUME_FLUSH_DETAIL_INODE_VALIDATE_SAMPLE_TICKS	0
SMALL_DELETE_40_VOLUME_FLUSH_DETAIL_INODE_SEARCH_CALLS	0
SMALL_DELETE_40_VOLUME_FLUSH_DETAIL_INODE_SEARCH_SAMPLES	0
SMALL_DELETE_40_VOLUME_FLUSH_DETAIL_INODE_SEARCH_SAMPLE_TICKS	0
SMALL_DELETE_40_VOLUME_FLUSH_DETAIL_INODE_NODE_VIEW_CALLS	0
SMALL_DELETE_40_VOLUME_FLUSH_DETAIL_INODE_NODE_VIEW_SAMPLES	0
SMALL_DELETE_40_VOLUME_FLUSH_DETAIL_INODE_NODE_VIEW_SAMPLE_TICKS	0
SMALL_DELETE_40_VOLUME_FLUSH_DETAIL_DIR_NODE_VIEW_CALLS	0
SMALL_DELETE_40_VOLUME_FLUSH_DETAIL_DIR_NODE_VIEW_SAMPLES	0
SMALL_DELETE_40_VOLUME_FLUSH_DETAIL_DIR_NODE_VIEW_SAMPLE_TICKS	0
SMALL_DELETE_40_VOLUME_FLUSH_DETAIL_INODE_BINARY_SEARCH_CALLS	0
SMALL_DELETE_40_VOLUME_FLUSH_DETAIL_INODE_BINARY_SEARCH_SAMPLES	0
SMALL_DELETE_40_VOLUME_FLUSH_DETAIL_INODE_BINARY_SEARCH_SAMPLE_TICKS	0
SMALL_DELETE_40_VOLUME_FLUSH_DETAIL_DIR_BINARY_SEARCH_CALLS	0
SMALL_DELETE_40_VOLUME_FLUSH_DETAIL_DIR_BINARY_SEARCH_SAMPLES	0
SMALL_DELETE_40_VOLUME_FLUSH_DETAIL_DIR_BINARY_SEARCH_SAMPLE_TICKS	0
SMALL_DELETE_40_VOLUME_FLUSH_DETAIL_NODE_STRUCTURE_CALLS	0
SMALL_DELETE_40_VOLUME_FLUSH_DETAIL_NODE_STRUCTURE_SAMPLES	0
SMALL_DELETE_40_VOLUME_FLUSH_DETAIL_NODE_STRUCTURE_SAMPLE_TICKS	0
SMALL_DELETE_40_VOLUME_FLUSH_DETAIL_CACHE_PEEK_CALLS	0
SMALL_DELETE_40_VOLUME_FLUSH_DETAIL_CACHE_PEEK_SAMPLES	0
SMALL_DELETE_40_VOLUME_FLUSH_DETAIL_CACHE_PEEK_SAMPLE_TICKS	0
SMALL_DELETE_40_VOLUME_FLUSH_DETAIL_BUFFER_ALLOC_CALLS	0
SMALL_DELETE_40_VOLUME_FLUSH_DETAIL_BUFFER_ALLOC_SAMPLES	0
SMALL_DELETE_40_VOLUME_FLUSH_DETAIL_BUFFER_ALLOC_SAMPLE_TICKS	0
SMALL_DELETE_40_VOLUME_FLUSH_DETAIL_BUFFER_FREE_CALLS	0
SMALL_DELETE_40_VOLUME_FLUSH_DETAIL_BUFFER_FREE_SAMPLES	0
SMALL_DELETE_40_VOLUME_FLUSH_DETAIL_BUFFER_FREE_SAMPLE_TICKS	0
SMALL_DELETE_40_VOLUME_FLUSH_DETAIL_EXALL_FILL_CALLS	0
SMALL_DELETE_40_VOLUME_FLUSH_DETAIL_EXALL_FILL_SAMPLES	0
SMALL_DELETE_40_VOLUME_FLUSH_DETAIL_EXALL_FILL_SAMPLE_TICKS	0
SMALL_DELETE_40_VOLUME_FLUSH_FREESPACE_ALLOCS	0
APPEND_4K_1M_US	205660
APPEND_4K_1M_WORK_US	205660
APPEND_4K_1M_VOLUME_FLUSH_US	0
APPEND_4K_1M_HAS_VOLUME_FLUSH	0
APPEND_4K_1M_GUEST_OPEN_CALLS	1
APPEND_4K_1M_GUEST_OPEN_US	449
APPEND_4K_1M_GUEST_READ_CALLS	0
APPEND_4K_1M_GUEST_READ_US	0
APPEND_4K_1M_GUEST_WRITE_CALLS	256
APPEND_4K_1M_GUEST_WRITE_US	200217
APPEND_4K_1M_GUEST_HANDLE_FLUSH_CALLS	1
APPEND_4K_1M_GUEST_HANDLE_FLUSH_US	0
APPEND_4K_1M_GUEST_CLOSE_CALLS	1
APPEND_4K_1M_GUEST_CLOSE_US	64
APPEND_4K_1M_GUEST_VERIFY_CALLS	0
APPEND_4K_1M_GUEST_VERIFY_US	0
APPEND_4K_1M_WORK_BIO_READS	0
APPEND_4K_1M_WORK_BIO_WRITES	256
APPEND_4K_1M_WORK_BIO_UPDATES	0
APPEND_4K_1M_WORK_DATA_READS	0
APPEND_4K_1M_WORK_DATA_WRITES	256
APPEND_4K_1M_WORK_NODE_WRITES	0
APPEND_4K_1M_WORK_TXN_COMMITS	0
APPEND_4K_1M_WORK_EXTENT_MAPS	256
APPEND_4K_1M_WORK_READ_TICKS	0
APPEND_4K_1M_WORK_WRITE_TICKS	28856
APPEND_4K_1M_WORK_UPDATE_TICKS	0
APPEND_4K_1M_WORK_DATA_READ_TICKS	0
APPEND_4K_1M_WORK_DATA_WRITE_TICKS	28856
APPEND_4K_1M_WORK_NODE_CRC_READ_CALLS	0
APPEND_4K_1M_WORK_NODE_CRC_READ_SAMPLES	0
APPEND_4K_1M_WORK_NODE_CRC_READ_SAMPLE_TICKS	0
APPEND_4K_1M_WORK_NODE_CRC_WRITE_CALLS	0
APPEND_4K_1M_WORK_NODE_CRC_WRITE_SAMPLES	0
APPEND_4K_1M_WORK_NODE_CRC_WRITE_SAMPLE_TICKS	0
APPEND_4K_1M_WORK_CLOCK_PAIR_TICKS	0
APPEND_4K_1M_WORK_PACKET_CALLS	258
APPEND_4K_1M_WORK_PACKET_SAMPLES	258
APPEND_4K_1M_WORK_PACKET_SAMPLE_TICKS	132737
APPEND_4K_1M_WORK_PACKET_OPEN_CALLS	1
APPEND_4K_1M_WORK_PACKET_OPEN_SAMPLES	1
APPEND_4K_1M_WORK_PACKET_OPEN_SAMPLE_TICKS	227
APPEND_4K_1M_WORK_PACKET_READ_CALLS	0
APPEND_4K_1M_WORK_PACKET_READ_SAMPLES	0
APPEND_4K_1M_WORK_PACKET_READ_SAMPLE_TICKS	0
APPEND_4K_1M_WORK_PACKET_WRITE_CALLS	256
APPEND_4K_1M_WORK_PACKET_WRITE_SAMPLES	256
APPEND_4K_1M_WORK_PACKET_WRITE_SAMPLE_TICKS	132510
APPEND_4K_1M_WORK_PACKET_END_CALLS	1
APPEND_4K_1M_WORK_PACKET_END_SAMPLES	1
APPEND_4K_1M_WORK_PACKET_END_SAMPLE_TICKS	0
APPEND_4K_1M_WORK_PACKET_DELETE_CALLS	0
APPEND_4K_1M_WORK_PACKET_DELETE_SAMPLES	0
APPEND_4K_1M_WORK_PACKET_DELETE_SAMPLE_TICKS	0
APPEND_4K_1M_WORK_PACKET_FLUSH_CALLS	0
APPEND_4K_1M_WORK_PACKET_FLUSH_SAMPLES	0
APPEND_4K_1M_WORK_PACKET_FLUSH_SAMPLE_TICKS	0
APPEND_4K_1M_WORK_PACKET_OTHER_CALLS	0
APPEND_4K_1M_WORK_PACKET_OTHER_SAMPLES	0
APPEND_4K_1M_WORK_PACKET_OTHER_SAMPLE_TICKS	0
APPEND_4K_1M_WORK_CORE_CREATE_CALLS	1
APPEND_4K_1M_WORK_CORE_CREATE_SAMPLES	1
APPEND_4K_1M_WORK_CORE_CREATE_SAMPLE_TICKS	136
APPEND_4K_1M_WORK_CORE_DELETE_CALLS	0
APPEND_4K_1M_WORK_CORE_DELETE_SAMPLES	0
APPEND_4K_1M_WORK_CORE_DELETE_SAMPLE_TICKS	0
APPEND_4K_1M_WORK_CORE_FILE_WRITE_CALLS	256
APPEND_4K_1M_WORK_CORE_FILE_WRITE_SAMPLES	256
APPEND_4K_1M_WORK_CORE_FILE_WRITE_SAMPLE_TICKS	109554
APPEND_4K_1M_WORK_CORE_SYNC_CALLS	0
APPEND_4K_1M_WORK_CORE_SYNC_SAMPLES	0
APPEND_4K_1M_WORK_CORE_SYNC_SAMPLE_TICKS	0
APPEND_4K_1M_WORK_IFACE_FREE_CALLS	0
APPEND_4K_1M_WORK_IFACE_FREE_SAMPLES	0
APPEND_4K_1M_WORK_IFACE_FREE_SAMPLE_TICKS	0
APPEND_4K_1M_WORK_SEAL_COMMIT_CALLS	0
APPEND_4K_1M_WORK_SEAL_COMMIT_SAMPLES	0
APPEND_4K_1M_WORK_SEAL_COMMIT_SAMPLE_TICKS	0
APPEND_4K_1M_WORK_INODE_READ_CALLS	515
APPEND_4K_1M_WORK_BTREE_SEARCH_CALLS	516
APPEND_4K_1M_WORK_BTREE_INDEX_HINT_HITS	258
APPEND_4K_1M_WORK_BTREE_LEAF_HINT_HITS	0
APPEND_4K_1M_WORK_CACHE_READ_CALLS	0
APPEND_4K_1M_WORK_CACHE_READ_HITS	0
APPEND_4K_1M_WORK_CACHE_READ_MISSES	0
APPEND_4K_1M_WORK_FREE_TREE_NODE_VIEWS	256
APPEND_4K_1M_WORK_FREE_TREE_RESIDENT_VIEWS	256
APPEND_4K_1M_WORK_DIR_TREE_NODE_VIEWS	1
APPEND_4K_1M_WORK_DIR_TREE_RESIDENT_VIEWS	1
APPEND_4K_1M_WORK_INODE_TREE_NODE_VIEWS	257
APPEND_4K_1M_WORK_INODE_TREE_RESIDENT_VIEWS	257
APPEND_4K_1M_WORK_REFCOUNT_TREE_NODE_VIEWS	0
APPEND_4K_1M_WORK_REFCOUNT_TREE_RESIDENT_VIEWS	0
APPEND_4K_1M_WORK_OTHER_TREE_NODE_VIEWS	0
APPEND_4K_1M_WORK_OTHER_TREE_RESIDENT_VIEWS	0
APPEND_4K_1M_WORK_WRITE_DETAIL_INODE_READ_CALLS	515
APPEND_4K_1M_WORK_WRITE_DETAIL_INODE_READ_SAMPLES	515
APPEND_4K_1M_WORK_WRITE_DETAIL_INODE_READ_SAMPLE_TICKS	23261
APPEND_4K_1M_WORK_WRITE_DETAIL_INODE_WRITE_CALLS	257
APPEND_4K_1M_WORK_WRITE_DETAIL_INODE_WRITE_SAMPLES	257
APPEND_4K_1M_WORK_WRITE_DETAIL_INODE_WRITE_SAMPLE_TICKS	12459
APPEND_4K_1M_WORK_WRITE_DETAIL_EXTENT_MAP_CALLS	256
APPEND_4K_1M_WORK_WRITE_DETAIL_EXTENT_MAP_SAMPLES	256
APPEND_4K_1M_WORK_WRITE_DETAIL_EXTENT_MAP_SAMPLE_TICKS	5164
APPEND_4K_1M_WORK_WRITE_DETAIL_FREESPACE_GOAL_CALLS	256
APPEND_4K_1M_WORK_WRITE_DETAIL_FREESPACE_GOAL_SAMPLES	256
APPEND_4K_1M_WORK_WRITE_DETAIL_FREESPACE_GOAL_SAMPLE_TICKS	18175
APPEND_4K_1M_WORK_BTREE_MALLOC_CALLS	0
APPEND_4K_1M_WORK_BTREE_MALLOC_SAMPLES	0
APPEND_4K_1M_WORK_BTREE_MALLOC_SAMPLE_TICKS	0
APPEND_4K_1M_WORK_BTREE_FREE_CALLS	1
APPEND_4K_1M_WORK_BTREE_FREE_SAMPLES	1
APPEND_4K_1M_WORK_BTREE_FREE_SAMPLE_TICKS	0
APPEND_4K_1M_WORK_IFACE_ALLOC_CALLS	0
APPEND_4K_1M_WORK_IFACE_ALLOC_SAMPLES	0
APPEND_4K_1M_WORK_IFACE_ALLOC_SAMPLE_TICKS	0
APPEND_4K_1M_WORK_FREESPACE_ALLOC_CALLS	256
APPEND_4K_1M_WORK_FREESPACE_ALLOC_SAMPLES	256
APPEND_4K_1M_WORK_FREESPACE_ALLOC_SAMPLE_TICKS	21300
APPEND_4K_1M_WORK_DETAIL_INODE_READ_CALLS	515
APPEND_4K_1M_WORK_DETAIL_INODE_READ_SAMPLES	30
APPEND_4K_1M_WORK_DETAIL_INODE_READ_SAMPLE_TICKS	1696
APPEND_4K_1M_WORK_DETAIL_INODE_VALIDATE_CALLS	772
APPEND_4K_1M_WORK_DETAIL_INODE_VALIDATE_SAMPLES	45
APPEND_4K_1M_WORK_DETAIL_INODE_VALIDATE_SAMPLE_TICKS	220
APPEND_4K_1M_WORK_DETAIL_INODE_SEARCH_CALLS	515
APPEND_4K_1M_WORK_DETAIL_INODE_SEARCH_SAMPLES	30
APPEND_4K_1M_WORK_DETAIL_INODE_SEARCH_SAMPLE_TICKS	1198
APPEND_4K_1M_WORK_DETAIL_INODE_NODE_VIEW_CALLS	257
APPEND_4K_1M_WORK_DETAIL_INODE_NODE_VIEW_SAMPLES	15
APPEND_4K_1M_WORK_DETAIL_INODE_NODE_VIEW_SAMPLE_TICKS	221
APPEND_4K_1M_WORK_DETAIL_DIR_NODE_VIEW_CALLS	1
APPEND_4K_1M_WORK_DETAIL_DIR_NODE_VIEW_SAMPLES	0
APPEND_4K_1M_WORK_DETAIL_DIR_NODE_VIEW_SAMPLE_TICKS	0
APPEND_4K_1M_WORK_DETAIL_INODE_BINARY_SEARCH_CALLS	515
APPEND_4K_1M_WORK_DETAIL_INODE_BINARY_SEARCH_SAMPLES	30
APPEND_4K_1M_WORK_DETAIL_INODE_BINARY_SEARCH_SAMPLE_TICKS	160
APPEND_4K_1M_WORK_DETAIL_DIR_BINARY_SEARCH_CALLS	2
APPEND_4K_1M_WORK_DETAIL_DIR_BINARY_SEARCH_SAMPLES	0
APPEND_4K_1M_WORK_DETAIL_DIR_BINARY_SEARCH_SAMPLE_TICKS	0
APPEND_4K_1M_WORK_DETAIL_NODE_STRUCTURE_CALLS	0
APPEND_4K_1M_WORK_DETAIL_NODE_STRUCTURE_SAMPLES	0
APPEND_4K_1M_WORK_DETAIL_NODE_STRUCTURE_SAMPLE_TICKS	0
APPEND_4K_1M_WORK_DETAIL_CACHE_PEEK_CALLS	772
APPEND_4K_1M_WORK_DETAIL_CACHE_PEEK_SAMPLES	45
APPEND_4K_1M_WORK_DETAIL_CACHE_PEEK_SAMPLE_TICKS	362
APPEND_4K_1M_WORK_DETAIL_BUFFER_ALLOC_CALLS	514
APPEND_4K_1M_WORK_DETAIL_BUFFER_ALLOC_SAMPLES	30
APPEND_4K_1M_WORK_DETAIL_BUFFER_ALLOC_SAMPLE_TICKS	402
APPEND_4K_1M_WORK_DETAIL_BUFFER_FREE_CALLS	514
APPEND_4K_1M_WORK_DETAIL_BUFFER_FREE_SAMPLES	30
APPEND_4K_1M_WORK_DETAIL_BUFFER_FREE_SAMPLE_TICKS	152
APPEND_4K_1M_WORK_DETAIL_EXALL_FILL_CALLS	0
APPEND_4K_1M_WORK_DETAIL_EXALL_FILL_SAMPLES	0
APPEND_4K_1M_WORK_DETAIL_EXALL_FILL_SAMPLE_TICKS	0
APPEND_4K_1M_WORK_FREESPACE_ALLOCS	256
APPEND_4K_1M_VOLUME_FLUSH_BIO_READS	0
APPEND_4K_1M_VOLUME_FLUSH_BIO_WRITES	0
APPEND_4K_1M_VOLUME_FLUSH_BIO_UPDATES	0
APPEND_4K_1M_VOLUME_FLUSH_DATA_READS	0
APPEND_4K_1M_VOLUME_FLUSH_DATA_WRITES	0
APPEND_4K_1M_VOLUME_FLUSH_NODE_WRITES	0
APPEND_4K_1M_VOLUME_FLUSH_TXN_COMMITS	0
APPEND_4K_1M_VOLUME_FLUSH_EXTENT_MAPS	0
APPEND_4K_1M_VOLUME_FLUSH_READ_TICKS	0
APPEND_4K_1M_VOLUME_FLUSH_WRITE_TICKS	0
APPEND_4K_1M_VOLUME_FLUSH_UPDATE_TICKS	0
APPEND_4K_1M_VOLUME_FLUSH_DATA_READ_TICKS	0
APPEND_4K_1M_VOLUME_FLUSH_DATA_WRITE_TICKS	0
APPEND_4K_1M_VOLUME_FLUSH_NODE_CRC_READ_CALLS	0
APPEND_4K_1M_VOLUME_FLUSH_NODE_CRC_READ_SAMPLES	0
APPEND_4K_1M_VOLUME_FLUSH_NODE_CRC_READ_SAMPLE_TICKS	0
APPEND_4K_1M_VOLUME_FLUSH_NODE_CRC_WRITE_CALLS	0
APPEND_4K_1M_VOLUME_FLUSH_NODE_CRC_WRITE_SAMPLES	0
APPEND_4K_1M_VOLUME_FLUSH_NODE_CRC_WRITE_SAMPLE_TICKS	0
APPEND_4K_1M_VOLUME_FLUSH_CLOCK_PAIR_TICKS	0
APPEND_4K_1M_VOLUME_FLUSH_PACKET_CALLS	0
APPEND_4K_1M_VOLUME_FLUSH_PACKET_SAMPLES	0
APPEND_4K_1M_VOLUME_FLUSH_PACKET_SAMPLE_TICKS	0
APPEND_4K_1M_VOLUME_FLUSH_PACKET_OPEN_CALLS	0
APPEND_4K_1M_VOLUME_FLUSH_PACKET_OPEN_SAMPLES	0
APPEND_4K_1M_VOLUME_FLUSH_PACKET_OPEN_SAMPLE_TICKS	0
APPEND_4K_1M_VOLUME_FLUSH_PACKET_READ_CALLS	0
APPEND_4K_1M_VOLUME_FLUSH_PACKET_READ_SAMPLES	0
APPEND_4K_1M_VOLUME_FLUSH_PACKET_READ_SAMPLE_TICKS	0
APPEND_4K_1M_VOLUME_FLUSH_PACKET_WRITE_CALLS	0
APPEND_4K_1M_VOLUME_FLUSH_PACKET_WRITE_SAMPLES	0
APPEND_4K_1M_VOLUME_FLUSH_PACKET_WRITE_SAMPLE_TICKS	0
APPEND_4K_1M_VOLUME_FLUSH_PACKET_END_CALLS	0
APPEND_4K_1M_VOLUME_FLUSH_PACKET_END_SAMPLES	0
APPEND_4K_1M_VOLUME_FLUSH_PACKET_END_SAMPLE_TICKS	0
APPEND_4K_1M_VOLUME_FLUSH_PACKET_DELETE_CALLS	0
APPEND_4K_1M_VOLUME_FLUSH_PACKET_DELETE_SAMPLES	0
APPEND_4K_1M_VOLUME_FLUSH_PACKET_DELETE_SAMPLE_TICKS	0
APPEND_4K_1M_VOLUME_FLUSH_PACKET_FLUSH_CALLS	0
APPEND_4K_1M_VOLUME_FLUSH_PACKET_FLUSH_SAMPLES	0
APPEND_4K_1M_VOLUME_FLUSH_PACKET_FLUSH_SAMPLE_TICKS	0
APPEND_4K_1M_VOLUME_FLUSH_PACKET_OTHER_CALLS	0
APPEND_4K_1M_VOLUME_FLUSH_PACKET_OTHER_SAMPLES	0
APPEND_4K_1M_VOLUME_FLUSH_PACKET_OTHER_SAMPLE_TICKS	0
APPEND_4K_1M_VOLUME_FLUSH_CORE_CREATE_CALLS	0
APPEND_4K_1M_VOLUME_FLUSH_CORE_CREATE_SAMPLES	0
APPEND_4K_1M_VOLUME_FLUSH_CORE_CREATE_SAMPLE_TICKS	0
APPEND_4K_1M_VOLUME_FLUSH_CORE_DELETE_CALLS	0
APPEND_4K_1M_VOLUME_FLUSH_CORE_DELETE_SAMPLES	0
APPEND_4K_1M_VOLUME_FLUSH_CORE_DELETE_SAMPLE_TICKS	0
APPEND_4K_1M_VOLUME_FLUSH_CORE_FILE_WRITE_CALLS	0
APPEND_4K_1M_VOLUME_FLUSH_CORE_FILE_WRITE_SAMPLES	0
APPEND_4K_1M_VOLUME_FLUSH_CORE_FILE_WRITE_SAMPLE_TICKS	0
APPEND_4K_1M_VOLUME_FLUSH_CORE_SYNC_CALLS	0
APPEND_4K_1M_VOLUME_FLUSH_CORE_SYNC_SAMPLES	0
APPEND_4K_1M_VOLUME_FLUSH_CORE_SYNC_SAMPLE_TICKS	0
APPEND_4K_1M_VOLUME_FLUSH_IFACE_FREE_CALLS	0
APPEND_4K_1M_VOLUME_FLUSH_IFACE_FREE_SAMPLES	0
APPEND_4K_1M_VOLUME_FLUSH_IFACE_FREE_SAMPLE_TICKS	0
APPEND_4K_1M_VOLUME_FLUSH_SEAL_COMMIT_CALLS	0
APPEND_4K_1M_VOLUME_FLUSH_SEAL_COMMIT_SAMPLES	0
APPEND_4K_1M_VOLUME_FLUSH_SEAL_COMMIT_SAMPLE_TICKS	0
APPEND_4K_1M_VOLUME_FLUSH_INODE_READ_CALLS	0
APPEND_4K_1M_VOLUME_FLUSH_BTREE_SEARCH_CALLS	0
APPEND_4K_1M_VOLUME_FLUSH_BTREE_INDEX_HINT_HITS	0
APPEND_4K_1M_VOLUME_FLUSH_BTREE_LEAF_HINT_HITS	0
APPEND_4K_1M_VOLUME_FLUSH_CACHE_READ_CALLS	0
APPEND_4K_1M_VOLUME_FLUSH_CACHE_READ_HITS	0
APPEND_4K_1M_VOLUME_FLUSH_CACHE_READ_MISSES	0
APPEND_4K_1M_VOLUME_FLUSH_FREE_TREE_NODE_VIEWS	0
APPEND_4K_1M_VOLUME_FLUSH_FREE_TREE_RESIDENT_VIEWS	0
APPEND_4K_1M_VOLUME_FLUSH_DIR_TREE_NODE_VIEWS	0
APPEND_4K_1M_VOLUME_FLUSH_DIR_TREE_RESIDENT_VIEWS	0
APPEND_4K_1M_VOLUME_FLUSH_INODE_TREE_NODE_VIEWS	0
APPEND_4K_1M_VOLUME_FLUSH_INODE_TREE_RESIDENT_VIEWS	0
APPEND_4K_1M_VOLUME_FLUSH_REFCOUNT_TREE_NODE_VIEWS	0
APPEND_4K_1M_VOLUME_FLUSH_REFCOUNT_TREE_RESIDENT_VIEWS	0
APPEND_4K_1M_VOLUME_FLUSH_OTHER_TREE_NODE_VIEWS	0
APPEND_4K_1M_VOLUME_FLUSH_OTHER_TREE_RESIDENT_VIEWS	0
APPEND_4K_1M_VOLUME_FLUSH_WRITE_DETAIL_INODE_READ_CALLS	0
APPEND_4K_1M_VOLUME_FLUSH_WRITE_DETAIL_INODE_READ_SAMPLES	0
APPEND_4K_1M_VOLUME_FLUSH_WRITE_DETAIL_INODE_READ_SAMPLE_TICKS	0
APPEND_4K_1M_VOLUME_FLUSH_WRITE_DETAIL_INODE_WRITE_CALLS	0
APPEND_4K_1M_VOLUME_FLUSH_WRITE_DETAIL_INODE_WRITE_SAMPLES	0
APPEND_4K_1M_VOLUME_FLUSH_WRITE_DETAIL_INODE_WRITE_SAMPLE_TICKS	0
APPEND_4K_1M_VOLUME_FLUSH_WRITE_DETAIL_EXTENT_MAP_CALLS	0
APPEND_4K_1M_VOLUME_FLUSH_WRITE_DETAIL_EXTENT_MAP_SAMPLES	0
APPEND_4K_1M_VOLUME_FLUSH_WRITE_DETAIL_EXTENT_MAP_SAMPLE_TICKS	0
APPEND_4K_1M_VOLUME_FLUSH_WRITE_DETAIL_FREESPACE_GOAL_CALLS	0
APPEND_4K_1M_VOLUME_FLUSH_WRITE_DETAIL_FREESPACE_GOAL_SAMPLES	0
APPEND_4K_1M_VOLUME_FLUSH_WRITE_DETAIL_FREESPACE_GOAL_SAMPLE_TICKS	0
APPEND_4K_1M_VOLUME_FLUSH_BTREE_MALLOC_CALLS	0
APPEND_4K_1M_VOLUME_FLUSH_BTREE_MALLOC_SAMPLES	0
APPEND_4K_1M_VOLUME_FLUSH_BTREE_MALLOC_SAMPLE_TICKS	0
APPEND_4K_1M_VOLUME_FLUSH_BTREE_FREE_CALLS	0
APPEND_4K_1M_VOLUME_FLUSH_BTREE_FREE_SAMPLES	0
APPEND_4K_1M_VOLUME_FLUSH_BTREE_FREE_SAMPLE_TICKS	0
APPEND_4K_1M_VOLUME_FLUSH_IFACE_ALLOC_CALLS	0
APPEND_4K_1M_VOLUME_FLUSH_IFACE_ALLOC_SAMPLES	0
APPEND_4K_1M_VOLUME_FLUSH_IFACE_ALLOC_SAMPLE_TICKS	0
APPEND_4K_1M_VOLUME_FLUSH_FREESPACE_ALLOC_CALLS	0
APPEND_4K_1M_VOLUME_FLUSH_FREESPACE_ALLOC_SAMPLES	0
APPEND_4K_1M_VOLUME_FLUSH_FREESPACE_ALLOC_SAMPLE_TICKS	0
APPEND_4K_1M_VOLUME_FLUSH_DETAIL_INODE_READ_CALLS	0
APPEND_4K_1M_VOLUME_FLUSH_DETAIL_INODE_READ_SAMPLES	0
APPEND_4K_1M_VOLUME_FLUSH_DETAIL_INODE_READ_SAMPLE_TICKS	0
APPEND_4K_1M_VOLUME_FLUSH_DETAIL_INODE_VALIDATE_CALLS	0
APPEND_4K_1M_VOLUME_FLUSH_DETAIL_INODE_VALIDATE_SAMPLES	0
APPEND_4K_1M_VOLUME_FLUSH_DETAIL_INODE_VALIDATE_SAMPLE_TICKS	0
APPEND_4K_1M_VOLUME_FLUSH_DETAIL_INODE_SEARCH_CALLS	0
APPEND_4K_1M_VOLUME_FLUSH_DETAIL_INODE_SEARCH_SAMPLES	0
APPEND_4K_1M_VOLUME_FLUSH_DETAIL_INODE_SEARCH_SAMPLE_TICKS	0
APPEND_4K_1M_VOLUME_FLUSH_DETAIL_INODE_NODE_VIEW_CALLS	0
APPEND_4K_1M_VOLUME_FLUSH_DETAIL_INODE_NODE_VIEW_SAMPLES	0
APPEND_4K_1M_VOLUME_FLUSH_DETAIL_INODE_NODE_VIEW_SAMPLE_TICKS	0
APPEND_4K_1M_VOLUME_FLUSH_DETAIL_DIR_NODE_VIEW_CALLS	0
APPEND_4K_1M_VOLUME_FLUSH_DETAIL_DIR_NODE_VIEW_SAMPLES	0
APPEND_4K_1M_VOLUME_FLUSH_DETAIL_DIR_NODE_VIEW_SAMPLE_TICKS	0
APPEND_4K_1M_VOLUME_FLUSH_DETAIL_INODE_BINARY_SEARCH_CALLS	0
APPEND_4K_1M_VOLUME_FLUSH_DETAIL_INODE_BINARY_SEARCH_SAMPLES	0
APPEND_4K_1M_VOLUME_FLUSH_DETAIL_INODE_BINARY_SEARCH_SAMPLE_TICKS	0
APPEND_4K_1M_VOLUME_FLUSH_DETAIL_DIR_BINARY_SEARCH_CALLS	0
APPEND_4K_1M_VOLUME_FLUSH_DETAIL_DIR_BINARY_SEARCH_SAMPLES	0
APPEND_4K_1M_VOLUME_FLUSH_DETAIL_DIR_BINARY_SEARCH_SAMPLE_TICKS	0
APPEND_4K_1M_VOLUME_FLUSH_DETAIL_NODE_STRUCTURE_CALLS	0
APPEND_4K_1M_VOLUME_FLUSH_DETAIL_NODE_STRUCTURE_SAMPLES	0
APPEND_4K_1M_VOLUME_FLUSH_DETAIL_NODE_STRUCTURE_SAMPLE_TICKS	0
APPEND_4K_1M_VOLUME_FLUSH_DETAIL_CACHE_PEEK_CALLS	0
APPEND_4K_1M_VOLUME_FLUSH_DETAIL_CACHE_PEEK_SAMPLES	0
APPEND_4K_1M_VOLUME_FLUSH_DETAIL_CACHE_PEEK_SAMPLE_TICKS	0
APPEND_4K_1M_VOLUME_FLUSH_DETAIL_BUFFER_ALLOC_CALLS	0
APPEND_4K_1M_VOLUME_FLUSH_DETAIL_BUFFER_ALLOC_SAMPLES	0
APPEND_4K_1M_VOLUME_FLUSH_DETAIL_BUFFER_ALLOC_SAMPLE_TICKS	0
APPEND_4K_1M_VOLUME_FLUSH_DETAIL_BUFFER_FREE_CALLS	0
APPEND_4K_1M_VOLUME_FLUSH_DETAIL_BUFFER_FREE_SAMPLES	0
APPEND_4K_1M_VOLUME_FLUSH_DETAIL_BUFFER_FREE_SAMPLE_TICKS	0
APPEND_4K_1M_VOLUME_FLUSH_DETAIL_EXALL_FILL_CALLS	0
APPEND_4K_1M_VOLUME_FLUSH_DETAIL_EXALL_FILL_SAMPLES	0
APPEND_4K_1M_VOLUME_FLUSH_DETAIL_EXALL_FILL_SAMPLE_TICKS	0
APPEND_4K_1M_VOLUME_FLUSH_FREESPACE_ALLOCS	0
APPEND_1K_256K_US	111871
APPEND_1K_256K_WORK_US	111871
APPEND_1K_256K_VOLUME_FLUSH_US	0
APPEND_1K_256K_HAS_VOLUME_FLUSH	0
APPEND_1K_256K_GUEST_OPEN_CALLS	1
APPEND_1K_256K_GUEST_OPEN_US	768
APPEND_1K_256K_GUEST_READ_CALLS	0
APPEND_1K_256K_GUEST_READ_US	0
APPEND_1K_256K_GUEST_WRITE_CALLS	256
APPEND_1K_256K_GUEST_WRITE_US	108849
APPEND_1K_256K_GUEST_HANDLE_FLUSH_CALLS	1
APPEND_1K_256K_GUEST_HANDLE_FLUSH_US	0
APPEND_1K_256K_GUEST_CLOSE_CALLS	1
APPEND_1K_256K_GUEST_CLOSE_US	0
APPEND_1K_256K_GUEST_VERIFY_CALLS	0
APPEND_1K_256K_GUEST_VERIFY_US	0
APPEND_1K_256K_WORK_BIO_READS	64
APPEND_1K_256K_WORK_BIO_WRITES	256
APPEND_1K_256K_WORK_BIO_UPDATES	0
APPEND_1K_256K_WORK_DATA_READS	64
APPEND_1K_256K_WORK_DATA_WRITES	256
APPEND_1K_256K_WORK_NODE_WRITES	0
APPEND_1K_256K_WORK_TXN_COMMITS	0
APPEND_1K_256K_WORK_EXTENT_MAPS	64
APPEND_1K_256K_WORK_READ_TICKS	2317
APPEND_1K_256K_WORK_WRITE_TICKS	15779
APPEND_1K_256K_WORK_UPDATE_TICKS	0
APPEND_1K_256K_WORK_DATA_READ_TICKS	2317
APPEND_1K_256K_WORK_DATA_WRITE_TICKS	15779
APPEND_1K_256K_WORK_NODE_CRC_READ_CALLS	0
APPEND_1K_256K_WORK_NODE_CRC_READ_SAMPLES	0
APPEND_1K_256K_WORK_NODE_CRC_READ_SAMPLE_TICKS	0
APPEND_1K_256K_WORK_NODE_CRC_WRITE_CALLS	0
APPEND_1K_256K_WORK_NODE_CRC_WRITE_SAMPLES	0
APPEND_1K_256K_WORK_NODE_CRC_WRITE_SAMPLE_TICKS	0
APPEND_1K_256K_WORK_CLOCK_PAIR_TICKS	2
APPEND_1K_256K_WORK_PACKET_CALLS	258
APPEND_1K_256K_WORK_PACKET_SAMPLES	258
APPEND_1K_256K_WORK_PACKET_SAMPLE_TICKS	71121
APPEND_1K_256K_WORK_PACKET_OPEN_CALLS	1
APPEND_1K_256K_WORK_PACKET_OPEN_SAMPLES	1
APPEND_1K_256K_WORK_PACKET_OPEN_SAMPLE_TICKS	408
APPEND_1K_256K_WORK_PACKET_READ_CALLS	0
APPEND_1K_256K_WORK_PACKET_READ_SAMPLES	0
APPEND_1K_256K_WORK_PACKET_READ_SAMPLE_TICKS	0
APPEND_1K_256K_WORK_PACKET_WRITE_CALLS	256
APPEND_1K_256K_WORK_PACKET_WRITE_SAMPLES	256
APPEND_1K_256K_WORK_PACKET_WRITE_SAMPLE_TICKS	70713
APPEND_1K_256K_WORK_PACKET_END_CALLS	1
APPEND_1K_256K_WORK_PACKET_END_SAMPLES	1
APPEND_1K_256K_WORK_PACKET_END_SAMPLE_TICKS	0
APPEND_1K_256K_WORK_PACKET_DELETE_CALLS	0
APPEND_1K_256K_WORK_PACKET_DELETE_SAMPLES	0
APPEND_1K_256K_WORK_PACKET_DELETE_SAMPLE_TICKS	0
APPEND_1K_256K_WORK_PACKET_FLUSH_CALLS	0
APPEND_1K_256K_WORK_PACKET_FLUSH_SAMPLES	0
APPEND_1K_256K_WORK_PACKET_FLUSH_SAMPLE_TICKS	0
APPEND_1K_256K_WORK_PACKET_OTHER_CALLS	0
APPEND_1K_256K_WORK_PACKET_OTHER_SAMPLES	0
APPEND_1K_256K_WORK_PACKET_OTHER_SAMPLE_TICKS	0
APPEND_1K_256K_WORK_CORE_CREATE_CALLS	1
APPEND_1K_256K_WORK_CORE_CREATE_SAMPLES	1
APPEND_1K_256K_WORK_CORE_CREATE_SAMPLE_TICKS	182
APPEND_1K_256K_WORK_CORE_DELETE_CALLS	0
APPEND_1K_256K_WORK_CORE_DELETE_SAMPLES	0
APPEND_1K_256K_WORK_CORE_DELETE_SAMPLE_TICKS	0
APPEND_1K_256K_WORK_CORE_FILE_WRITE_CALLS	256
APPEND_1K_256K_WORK_CORE_FILE_WRITE_SAMPLES	256
APPEND_1K_256K_WORK_CORE_FILE_WRITE_SAMPLE_TICKS	57712
APPEND_1K_256K_WORK_CORE_SYNC_CALLS	0
APPEND_1K_256K_WORK_CORE_SYNC_SAMPLES	0
APPEND_1K_256K_WORK_CORE_SYNC_SAMPLE_TICKS	0
APPEND_1K_256K_WORK_IFACE_FREE_CALLS	0
APPEND_1K_256K_WORK_IFACE_FREE_SAMPLES	0
APPEND_1K_256K_WORK_IFACE_FREE_SAMPLE_TICKS	0
APPEND_1K_256K_WORK_SEAL_COMMIT_CALLS	0
APPEND_1K_256K_WORK_SEAL_COMMIT_SAMPLES	0
APPEND_1K_256K_WORK_SEAL_COMMIT_SAMPLE_TICKS	0
APPEND_1K_256K_WORK_INODE_READ_CALLS	515
APPEND_1K_256K_WORK_BTREE_SEARCH_CALLS	516
APPEND_1K_256K_WORK_BTREE_INDEX_HINT_HITS	258
APPEND_1K_256K_WORK_BTREE_LEAF_HINT_HITS	0
APPEND_1K_256K_WORK_CACHE_READ_CALLS	192
APPEND_1K_256K_WORK_CACHE_READ_HITS	128
APPEND_1K_256K_WORK_CACHE_READ_MISSES	64
APPEND_1K_256K_WORK_FREE_TREE_NODE_VIEWS	64
APPEND_1K_256K_WORK_FREE_TREE_RESIDENT_VIEWS	64
APPEND_1K_256K_WORK_DIR_TREE_NODE_VIEWS	1
APPEND_1K_256K_WORK_DIR_TREE_RESIDENT_VIEWS	1
APPEND_1K_256K_WORK_INODE_TREE_NODE_VIEWS	257
APPEND_1K_256K_WORK_INODE_TREE_RESIDENT_VIEWS	257
APPEND_1K_256K_WORK_REFCOUNT_TREE_NODE_VIEWS	0
APPEND_1K_256K_WORK_REFCOUNT_TREE_RESIDENT_VIEWS	0
APPEND_1K_256K_WORK_OTHER_TREE_NODE_VIEWS	0
APPEND_1K_256K_WORK_OTHER_TREE_RESIDENT_VIEWS	0
APPEND_1K_256K_WORK_WRITE_DETAIL_INODE_READ_CALLS	515
APPEND_1K_256K_WORK_WRITE_DETAIL_INODE_READ_SAMPLES	515
APPEND_1K_256K_WORK_WRITE_DETAIL_INODE_READ_SAMPLE_TICKS	14429
APPEND_1K_256K_WORK_WRITE_DETAIL_INODE_WRITE_CALLS	257
APPEND_1K_256K_WORK_WRITE_DETAIL_INODE_WRITE_SAMPLES	257
APPEND_1K_256K_WORK_WRITE_DETAIL_INODE_WRITE_SAMPLE_TICKS	8514
APPEND_1K_256K_WORK_WRITE_DETAIL_EXTENT_MAP_CALLS	64
APPEND_1K_256K_WORK_WRITE_DETAIL_EXTENT_MAP_SAMPLES	64
APPEND_1K_256K_WORK_WRITE_DETAIL_EXTENT_MAP_SAMPLE_TICKS	1011
APPEND_1K_256K_WORK_WRITE_DETAIL_FREESPACE_GOAL_CALLS	64
APPEND_1K_256K_WORK_WRITE_DETAIL_FREESPACE_GOAL_SAMPLES	64
APPEND_1K_256K_WORK_WRITE_DETAIL_FREESPACE_GOAL_SAMPLE_TICKS	3020
APPEND_1K_256K_WORK_BTREE_MALLOC_CALLS	0
APPEND_1K_256K_WORK_BTREE_MALLOC_SAMPLES	0
APPEND_1K_256K_WORK_BTREE_MALLOC_SAMPLE_TICKS	0
APPEND_1K_256K_WORK_BTREE_FREE_CALLS	1
APPEND_1K_256K_WORK_BTREE_FREE_SAMPLES	1
APPEND_1K_256K_WORK_BTREE_FREE_SAMPLE_TICKS	0
APPEND_1K_256K_WORK_IFACE_ALLOC_CALLS	0
APPEND_1K_256K_WORK_IFACE_ALLOC_SAMPLES	0
APPEND_1K_256K_WORK_IFACE_ALLOC_SAMPLE_TICKS	0
APPEND_1K_256K_WORK_FREESPACE_ALLOC_CALLS	64
APPEND_1K_256K_WORK_FREESPACE_ALLOC_SAMPLES	64
APPEND_1K_256K_WORK_FREESPACE_ALLOC_SAMPLE_TICKS	3709
APPEND_1K_256K_WORK_DETAIL_INODE_READ_CALLS	515
APPEND_1K_256K_WORK_DETAIL_INODE_READ_SAMPLES	30
APPEND_1K_256K_WORK_DETAIL_INODE_READ_SAMPLE_TICKS	1097
APPEND_1K_256K_WORK_DETAIL_INODE_VALIDATE_CALLS	772
APPEND_1K_256K_WORK_DETAIL_INODE_VALIDATE_SAMPLES	45
APPEND_1K_256K_WORK_DETAIL_INODE_VALIDATE_SAMPLE_TICKS	115
APPEND_1K_256K_WORK_DETAIL_INODE_SEARCH_CALLS	515
APPEND_1K_256K_WORK_DETAIL_INODE_SEARCH_SAMPLES	30
APPEND_1K_256K_WORK_DETAIL_INODE_SEARCH_SAMPLE_TICKS	767
APPEND_1K_256K_WORK_DETAIL_INODE_NODE_VIEW_CALLS	257
APPEND_1K_256K_WORK_DETAIL_INODE_NODE_VIEW_SAMPLES	15
APPEND_1K_256K_WORK_DETAIL_INODE_NODE_VIEW_SAMPLE_TICKS	92
APPEND_1K_256K_WORK_DETAIL_DIR_NODE_VIEW_CALLS	1
APPEND_1K_256K_WORK_DETAIL_DIR_NODE_VIEW_SAMPLES	0
APPEND_1K_256K_WORK_DETAIL_DIR_NODE_VIEW_SAMPLE_TICKS	0
APPEND_1K_256K_WORK_DETAIL_INODE_BINARY_SEARCH_CALLS	515
APPEND_1K_256K_WORK_DETAIL_INODE_BINARY_SEARCH_SAMPLES	30
APPEND_1K_256K_WORK_DETAIL_INODE_BINARY_SEARCH_SAMPLE_TICKS	290
APPEND_1K_256K_WORK_DETAIL_DIR_BINARY_SEARCH_CALLS	2
APPEND_1K_256K_WORK_DETAIL_DIR_BINARY_SEARCH_SAMPLES	0
APPEND_1K_256K_WORK_DETAIL_DIR_BINARY_SEARCH_SAMPLE_TICKS	0
APPEND_1K_256K_WORK_DETAIL_NODE_STRUCTURE_CALLS	0
APPEND_1K_256K_WORK_DETAIL_NODE_STRUCTURE_SAMPLES	0
APPEND_1K_256K_WORK_DETAIL_NODE_STRUCTURE_SAMPLE_TICKS	0
APPEND_1K_256K_WORK_DETAIL_CACHE_PEEK_CALLS	580
APPEND_1K_256K_WORK_DETAIL_CACHE_PEEK_SAMPLES	34
APPEND_1K_256K_WORK_DETAIL_CACHE_PEEK_SAMPLE_TICKS	64
APPEND_1K_256K_WORK_DETAIL_BUFFER_ALLOC_CALLS	322
APPEND_1K_256K_WORK_DETAIL_BUFFER_ALLOC_SAMPLES	18
APPEND_1K_256K_WORK_DETAIL_BUFFER_ALLOC_SAMPLE_TICKS	97
APPEND_1K_256K_WORK_DETAIL_BUFFER_FREE_CALLS	322
APPEND_1K_256K_WORK_DETAIL_BUFFER_FREE_SAMPLES	18
APPEND_1K_256K_WORK_DETAIL_BUFFER_FREE_SAMPLE_TICKS	24
APPEND_1K_256K_WORK_DETAIL_EXALL_FILL_CALLS	0
APPEND_1K_256K_WORK_DETAIL_EXALL_FILL_SAMPLES	0
APPEND_1K_256K_WORK_DETAIL_EXALL_FILL_SAMPLE_TICKS	0
APPEND_1K_256K_WORK_FREESPACE_ALLOCS	64
APPEND_1K_256K_VOLUME_FLUSH_BIO_READS	0
APPEND_1K_256K_VOLUME_FLUSH_BIO_WRITES	0
APPEND_1K_256K_VOLUME_FLUSH_BIO_UPDATES	0
APPEND_1K_256K_VOLUME_FLUSH_DATA_READS	0
APPEND_1K_256K_VOLUME_FLUSH_DATA_WRITES	0
APPEND_1K_256K_VOLUME_FLUSH_NODE_WRITES	0
APPEND_1K_256K_VOLUME_FLUSH_TXN_COMMITS	0
APPEND_1K_256K_VOLUME_FLUSH_EXTENT_MAPS	0
APPEND_1K_256K_VOLUME_FLUSH_READ_TICKS	0
APPEND_1K_256K_VOLUME_FLUSH_WRITE_TICKS	0
APPEND_1K_256K_VOLUME_FLUSH_UPDATE_TICKS	0
APPEND_1K_256K_VOLUME_FLUSH_DATA_READ_TICKS	0
APPEND_1K_256K_VOLUME_FLUSH_DATA_WRITE_TICKS	0
APPEND_1K_256K_VOLUME_FLUSH_NODE_CRC_READ_CALLS	0
APPEND_1K_256K_VOLUME_FLUSH_NODE_CRC_READ_SAMPLES	0
APPEND_1K_256K_VOLUME_FLUSH_NODE_CRC_READ_SAMPLE_TICKS	0
APPEND_1K_256K_VOLUME_FLUSH_NODE_CRC_WRITE_CALLS	0
APPEND_1K_256K_VOLUME_FLUSH_NODE_CRC_WRITE_SAMPLES	0
APPEND_1K_256K_VOLUME_FLUSH_NODE_CRC_WRITE_SAMPLE_TICKS	0
APPEND_1K_256K_VOLUME_FLUSH_CLOCK_PAIR_TICKS	0
APPEND_1K_256K_VOLUME_FLUSH_PACKET_CALLS	0
APPEND_1K_256K_VOLUME_FLUSH_PACKET_SAMPLES	0
APPEND_1K_256K_VOLUME_FLUSH_PACKET_SAMPLE_TICKS	0
APPEND_1K_256K_VOLUME_FLUSH_PACKET_OPEN_CALLS	0
APPEND_1K_256K_VOLUME_FLUSH_PACKET_OPEN_SAMPLES	0
APPEND_1K_256K_VOLUME_FLUSH_PACKET_OPEN_SAMPLE_TICKS	0
APPEND_1K_256K_VOLUME_FLUSH_PACKET_READ_CALLS	0
APPEND_1K_256K_VOLUME_FLUSH_PACKET_READ_SAMPLES	0
APPEND_1K_256K_VOLUME_FLUSH_PACKET_READ_SAMPLE_TICKS	0
APPEND_1K_256K_VOLUME_FLUSH_PACKET_WRITE_CALLS	0
APPEND_1K_256K_VOLUME_FLUSH_PACKET_WRITE_SAMPLES	0
APPEND_1K_256K_VOLUME_FLUSH_PACKET_WRITE_SAMPLE_TICKS	0
APPEND_1K_256K_VOLUME_FLUSH_PACKET_END_CALLS	0
APPEND_1K_256K_VOLUME_FLUSH_PACKET_END_SAMPLES	0
APPEND_1K_256K_VOLUME_FLUSH_PACKET_END_SAMPLE_TICKS	0
APPEND_1K_256K_VOLUME_FLUSH_PACKET_DELETE_CALLS	0
APPEND_1K_256K_VOLUME_FLUSH_PACKET_DELETE_SAMPLES	0
APPEND_1K_256K_VOLUME_FLUSH_PACKET_DELETE_SAMPLE_TICKS	0
APPEND_1K_256K_VOLUME_FLUSH_PACKET_FLUSH_CALLS	0
APPEND_1K_256K_VOLUME_FLUSH_PACKET_FLUSH_SAMPLES	0
APPEND_1K_256K_VOLUME_FLUSH_PACKET_FLUSH_SAMPLE_TICKS	0
APPEND_1K_256K_VOLUME_FLUSH_PACKET_OTHER_CALLS	0
APPEND_1K_256K_VOLUME_FLUSH_PACKET_OTHER_SAMPLES	0
APPEND_1K_256K_VOLUME_FLUSH_PACKET_OTHER_SAMPLE_TICKS	0
APPEND_1K_256K_VOLUME_FLUSH_CORE_CREATE_CALLS	0
APPEND_1K_256K_VOLUME_FLUSH_CORE_CREATE_SAMPLES	0
APPEND_1K_256K_VOLUME_FLUSH_CORE_CREATE_SAMPLE_TICKS	0
APPEND_1K_256K_VOLUME_FLUSH_CORE_DELETE_CALLS	0
APPEND_1K_256K_VOLUME_FLUSH_CORE_DELETE_SAMPLES	0
APPEND_1K_256K_VOLUME_FLUSH_CORE_DELETE_SAMPLE_TICKS	0
APPEND_1K_256K_VOLUME_FLUSH_CORE_FILE_WRITE_CALLS	0
APPEND_1K_256K_VOLUME_FLUSH_CORE_FILE_WRITE_SAMPLES	0
APPEND_1K_256K_VOLUME_FLUSH_CORE_FILE_WRITE_SAMPLE_TICKS	0
APPEND_1K_256K_VOLUME_FLUSH_CORE_SYNC_CALLS	0
APPEND_1K_256K_VOLUME_FLUSH_CORE_SYNC_SAMPLES	0
APPEND_1K_256K_VOLUME_FLUSH_CORE_SYNC_SAMPLE_TICKS	0
APPEND_1K_256K_VOLUME_FLUSH_IFACE_FREE_CALLS	0
APPEND_1K_256K_VOLUME_FLUSH_IFACE_FREE_SAMPLES	0
APPEND_1K_256K_VOLUME_FLUSH_IFACE_FREE_SAMPLE_TICKS	0
APPEND_1K_256K_VOLUME_FLUSH_SEAL_COMMIT_CALLS	0
APPEND_1K_256K_VOLUME_FLUSH_SEAL_COMMIT_SAMPLES	0
APPEND_1K_256K_VOLUME_FLUSH_SEAL_COMMIT_SAMPLE_TICKS	0
APPEND_1K_256K_VOLUME_FLUSH_INODE_READ_CALLS	0
APPEND_1K_256K_VOLUME_FLUSH_BTREE_SEARCH_CALLS	0
APPEND_1K_256K_VOLUME_FLUSH_BTREE_INDEX_HINT_HITS	0
APPEND_1K_256K_VOLUME_FLUSH_BTREE_LEAF_HINT_HITS	0
APPEND_1K_256K_VOLUME_FLUSH_CACHE_READ_CALLS	0
APPEND_1K_256K_VOLUME_FLUSH_CACHE_READ_HITS	0
APPEND_1K_256K_VOLUME_FLUSH_CACHE_READ_MISSES	0
APPEND_1K_256K_VOLUME_FLUSH_FREE_TREE_NODE_VIEWS	0
APPEND_1K_256K_VOLUME_FLUSH_FREE_TREE_RESIDENT_VIEWS	0
APPEND_1K_256K_VOLUME_FLUSH_DIR_TREE_NODE_VIEWS	0
APPEND_1K_256K_VOLUME_FLUSH_DIR_TREE_RESIDENT_VIEWS	0
APPEND_1K_256K_VOLUME_FLUSH_INODE_TREE_NODE_VIEWS	0
APPEND_1K_256K_VOLUME_FLUSH_INODE_TREE_RESIDENT_VIEWS	0
APPEND_1K_256K_VOLUME_FLUSH_REFCOUNT_TREE_NODE_VIEWS	0
APPEND_1K_256K_VOLUME_FLUSH_REFCOUNT_TREE_RESIDENT_VIEWS	0
APPEND_1K_256K_VOLUME_FLUSH_OTHER_TREE_NODE_VIEWS	0
APPEND_1K_256K_VOLUME_FLUSH_OTHER_TREE_RESIDENT_VIEWS	0
APPEND_1K_256K_VOLUME_FLUSH_WRITE_DETAIL_INODE_READ_CALLS	0
APPEND_1K_256K_VOLUME_FLUSH_WRITE_DETAIL_INODE_READ_SAMPLES	0
APPEND_1K_256K_VOLUME_FLUSH_WRITE_DETAIL_INODE_READ_SAMPLE_TICKS	0
APPEND_1K_256K_VOLUME_FLUSH_WRITE_DETAIL_INODE_WRITE_CALLS	0
APPEND_1K_256K_VOLUME_FLUSH_WRITE_DETAIL_INODE_WRITE_SAMPLES	0
APPEND_1K_256K_VOLUME_FLUSH_WRITE_DETAIL_INODE_WRITE_SAMPLE_TICKS	0
APPEND_1K_256K_VOLUME_FLUSH_WRITE_DETAIL_EXTENT_MAP_CALLS	0
APPEND_1K_256K_VOLUME_FLUSH_WRITE_DETAIL_EXTENT_MAP_SAMPLES	0
APPEND_1K_256K_VOLUME_FLUSH_WRITE_DETAIL_EXTENT_MAP_SAMPLE_TICKS	0
APPEND_1K_256K_VOLUME_FLUSH_WRITE_DETAIL_FREESPACE_GOAL_CALLS	0
APPEND_1K_256K_VOLUME_FLUSH_WRITE_DETAIL_FREESPACE_GOAL_SAMPLES	0
APPEND_1K_256K_VOLUME_FLUSH_WRITE_DETAIL_FREESPACE_GOAL_SAMPLE_TICKS	0
APPEND_1K_256K_VOLUME_FLUSH_BTREE_MALLOC_CALLS	0
APPEND_1K_256K_VOLUME_FLUSH_BTREE_MALLOC_SAMPLES	0
APPEND_1K_256K_VOLUME_FLUSH_BTREE_MALLOC_SAMPLE_TICKS	0
APPEND_1K_256K_VOLUME_FLUSH_BTREE_FREE_CALLS	0
APPEND_1K_256K_VOLUME_FLUSH_BTREE_FREE_SAMPLES	0
APPEND_1K_256K_VOLUME_FLUSH_BTREE_FREE_SAMPLE_TICKS	0
APPEND_1K_256K_VOLUME_FLUSH_IFACE_ALLOC_CALLS	0
APPEND_1K_256K_VOLUME_FLUSH_IFACE_ALLOC_SAMPLES	0
APPEND_1K_256K_VOLUME_FLUSH_IFACE_ALLOC_SAMPLE_TICKS	0
APPEND_1K_256K_VOLUME_FLUSH_FREESPACE_ALLOC_CALLS	0
APPEND_1K_256K_VOLUME_FLUSH_FREESPACE_ALLOC_SAMPLES	0
APPEND_1K_256K_VOLUME_FLUSH_FREESPACE_ALLOC_SAMPLE_TICKS	0
APPEND_1K_256K_VOLUME_FLUSH_DETAIL_INODE_READ_CALLS	0
APPEND_1K_256K_VOLUME_FLUSH_DETAIL_INODE_READ_SAMPLES	0
APPEND_1K_256K_VOLUME_FLUSH_DETAIL_INODE_READ_SAMPLE_TICKS	0
APPEND_1K_256K_VOLUME_FLUSH_DETAIL_INODE_VALIDATE_CALLS	0
APPEND_1K_256K_VOLUME_FLUSH_DETAIL_INODE_VALIDATE_SAMPLES	0
APPEND_1K_256K_VOLUME_FLUSH_DETAIL_INODE_VALIDATE_SAMPLE_TICKS	0
APPEND_1K_256K_VOLUME_FLUSH_DETAIL_INODE_SEARCH_CALLS	0
APPEND_1K_256K_VOLUME_FLUSH_DETAIL_INODE_SEARCH_SAMPLES	0
APPEND_1K_256K_VOLUME_FLUSH_DETAIL_INODE_SEARCH_SAMPLE_TICKS	0
APPEND_1K_256K_VOLUME_FLUSH_DETAIL_INODE_NODE_VIEW_CALLS	0
APPEND_1K_256K_VOLUME_FLUSH_DETAIL_INODE_NODE_VIEW_SAMPLES	0
APPEND_1K_256K_VOLUME_FLUSH_DETAIL_INODE_NODE_VIEW_SAMPLE_TICKS	0
APPEND_1K_256K_VOLUME_FLUSH_DETAIL_DIR_NODE_VIEW_CALLS	0
APPEND_1K_256K_VOLUME_FLUSH_DETAIL_DIR_NODE_VIEW_SAMPLES	0
APPEND_1K_256K_VOLUME_FLUSH_DETAIL_DIR_NODE_VIEW_SAMPLE_TICKS	0
APPEND_1K_256K_VOLUME_FLUSH_DETAIL_INODE_BINARY_SEARCH_CALLS	0
APPEND_1K_256K_VOLUME_FLUSH_DETAIL_INODE_BINARY_SEARCH_SAMPLES	0
APPEND_1K_256K_VOLUME_FLUSH_DETAIL_INODE_BINARY_SEARCH_SAMPLE_TICKS	0
APPEND_1K_256K_VOLUME_FLUSH_DETAIL_DIR_BINARY_SEARCH_CALLS	0
APPEND_1K_256K_VOLUME_FLUSH_DETAIL_DIR_BINARY_SEARCH_SAMPLES	0
APPEND_1K_256K_VOLUME_FLUSH_DETAIL_DIR_BINARY_SEARCH_SAMPLE_TICKS	0
APPEND_1K_256K_VOLUME_FLUSH_DETAIL_NODE_STRUCTURE_CALLS	0
APPEND_1K_256K_VOLUME_FLUSH_DETAIL_NODE_STRUCTURE_SAMPLES	0
APPEND_1K_256K_VOLUME_FLUSH_DETAIL_NODE_STRUCTURE_SAMPLE_TICKS	0
APPEND_1K_256K_VOLUME_FLUSH_DETAIL_CACHE_PEEK_CALLS	0
APPEND_1K_256K_VOLUME_FLUSH_DETAIL_CACHE_PEEK_SAMPLES	0
APPEND_1K_256K_VOLUME_FLUSH_DETAIL_CACHE_PEEK_SAMPLE_TICKS	0
APPEND_1K_256K_VOLUME_FLUSH_DETAIL_BUFFER_ALLOC_CALLS	0
APPEND_1K_256K_VOLUME_FLUSH_DETAIL_BUFFER_ALLOC_SAMPLES	0
APPEND_1K_256K_VOLUME_FLUSH_DETAIL_BUFFER_ALLOC_SAMPLE_TICKS	0
APPEND_1K_256K_VOLUME_FLUSH_DETAIL_BUFFER_FREE_CALLS	0
APPEND_1K_256K_VOLUME_FLUSH_DETAIL_BUFFER_FREE_SAMPLES	0
APPEND_1K_256K_VOLUME_FLUSH_DETAIL_BUFFER_FREE_SAMPLE_TICKS	0
APPEND_1K_256K_VOLUME_FLUSH_DETAIL_EXALL_FILL_CALLS	0
APPEND_1K_256K_VOLUME_FLUSH_DETAIL_EXALL_FILL_SAMPLES	0
APPEND_1K_256K_VOLUME_FLUSH_DETAIL_EXALL_FILL_SAMPLE_TICKS	0
APPEND_1K_256K_VOLUME_FLUSH_FREESPACE_ALLOCS	0
APPEND_READ_1280K_US	47551
APPEND_READ_1280K_WORK_US	47551
APPEND_READ_1280K_VOLUME_FLUSH_US	0
APPEND_READ_1280K_HAS_VOLUME_FLUSH	0
APPEND_READ_1280K_GUEST_OPEN_CALLS	2
APPEND_READ_1280K_GUEST_OPEN_US	511
APPEND_READ_1280K_GUEST_READ_CALLS	22
APPEND_READ_1280K_GUEST_READ_US	8357
APPEND_READ_1280K_GUEST_WRITE_CALLS	0
APPEND_READ_1280K_GUEST_WRITE_US	0
APPEND_READ_1280K_GUEST_HANDLE_FLUSH_CALLS	0
APPEND_READ_1280K_GUEST_HANDLE_FLUSH_US	0
APPEND_READ_1280K_GUEST_CLOSE_CALLS	2
APPEND_READ_1280K_GUEST_CLOSE_US	63
APPEND_READ_1280K_GUEST_VERIFY_CALLS	20
APPEND_READ_1280K_GUEST_VERIFY_US	38336
APPEND_READ_1280K_WORK_BIO_READS	50
APPEND_READ_1280K_WORK_BIO_WRITES	0
APPEND_READ_1280K_WORK_BIO_UPDATES	0
APPEND_READ_1280K_WORK_DATA_READS	50
APPEND_READ_1280K_WORK_DATA_WRITES	0
APPEND_READ_1280K_WORK_NODE_WRITES	0
APPEND_READ_1280K_WORK_TXN_COMMITS	0
APPEND_READ_1280K_WORK_EXTENT_MAPS	0
APPEND_READ_1280K_WORK_READ_TICKS	3339
APPEND_READ_1280K_WORK_WRITE_TICKS	0
APPEND_READ_1280K_WORK_UPDATE_TICKS	0
APPEND_READ_1280K_WORK_DATA_READ_TICKS	3339
APPEND_READ_1280K_WORK_DATA_WRITE_TICKS	0
APPEND_READ_1280K_WORK_NODE_CRC_READ_CALLS	0
APPEND_READ_1280K_WORK_NODE_CRC_READ_SAMPLES	0
APPEND_READ_1280K_WORK_NODE_CRC_READ_SAMPLE_TICKS	0
APPEND_READ_1280K_WORK_NODE_CRC_WRITE_CALLS	0
APPEND_READ_1280K_WORK_NODE_CRC_WRITE_SAMPLES	0
APPEND_READ_1280K_WORK_NODE_CRC_WRITE_SAMPLE_TICKS	0
APPEND_READ_1280K_WORK_CLOCK_PAIR_TICKS	1
APPEND_READ_1280K_WORK_PACKET_CALLS	26
APPEND_READ_1280K_WORK_PACKET_SAMPLES	26
APPEND_READ_1280K_WORK_PACKET_SAMPLE_TICKS	5757
APPEND_READ_1280K_WORK_PACKET_OPEN_CALLS	2
APPEND_READ_1280K_WORK_PACKET_OPEN_SAMPLES	2
APPEND_READ_1280K_WORK_PACKET_OPEN_SAMPLE_TICKS	227
APPEND_READ_1280K_WORK_PACKET_READ_CALLS	22
APPEND_READ_1280K_WORK_PACKET_READ_SAMPLES	22
APPEND_READ_1280K_WORK_PACKET_READ_SAMPLE_TICKS	5530
APPEND_READ_1280K_WORK_PACKET_WRITE_CALLS	0
APPEND_READ_1280K_WORK_PACKET_WRITE_SAMPLES	0
APPEND_READ_1280K_WORK_PACKET_WRITE_SAMPLE_TICKS	0
APPEND_READ_1280K_WORK_PACKET_END_CALLS	2
APPEND_READ_1280K_WORK_PACKET_END_SAMPLES	2
APPEND_READ_1280K_WORK_PACKET_END_SAMPLE_TICKS	0
APPEND_READ_1280K_WORK_PACKET_DELETE_CALLS	0
APPEND_READ_1280K_WORK_PACKET_DELETE_SAMPLES	0
APPEND_READ_1280K_WORK_PACKET_DELETE_SAMPLE_TICKS	0
APPEND_READ_1280K_WORK_PACKET_FLUSH_CALLS	0
APPEND_READ_1280K_WORK_PACKET_FLUSH_SAMPLES	0
APPEND_READ_1280K_WORK_PACKET_FLUSH_SAMPLE_TICKS	0
APPEND_READ_1280K_WORK_PACKET_OTHER_CALLS	0
APPEND_READ_1280K_WORK_PACKET_OTHER_SAMPLES	0
APPEND_READ_1280K_WORK_PACKET_OTHER_SAMPLE_TICKS	0
APPEND_READ_1280K_WORK_CORE_CREATE_CALLS	0
APPEND_READ_1280K_WORK_CORE_CREATE_SAMPLES	0
APPEND_READ_1280K_WORK_CORE_CREATE_SAMPLE_TICKS	0
APPEND_READ_1280K_WORK_CORE_DELETE_CALLS	0
APPEND_READ_1280K_WORK_CORE_DELETE_SAMPLES	0
APPEND_READ_1280K_WORK_CORE_DELETE_SAMPLE_TICKS	0
APPEND_READ_1280K_WORK_CORE_FILE_WRITE_CALLS	0
APPEND_READ_1280K_WORK_CORE_FILE_WRITE_SAMPLES	0
APPEND_READ_1280K_WORK_CORE_FILE_WRITE_SAMPLE_TICKS	0
APPEND_READ_1280K_WORK_CORE_SYNC_CALLS	0
APPEND_READ_1280K_WORK_CORE_SYNC_SAMPLES	0
APPEND_READ_1280K_WORK_CORE_SYNC_SAMPLE_TICKS	0
APPEND_READ_1280K_WORK_IFACE_FREE_CALLS	0
APPEND_READ_1280K_WORK_IFACE_FREE_SAMPLES	0
APPEND_READ_1280K_WORK_IFACE_FREE_SAMPLE_TICKS	0
APPEND_READ_1280K_WORK_SEAL_COMMIT_CALLS	0
APPEND_READ_1280K_WORK_SEAL_COMMIT_SAMPLES	0
APPEND_READ_1280K_WORK_SEAL_COMMIT_SAMPLE_TICKS	0
APPEND_READ_1280K_WORK_INODE_READ_CALLS	48
APPEND_READ_1280K_WORK_BTREE_SEARCH_CALLS	50
APPEND_READ_1280K_WORK_BTREE_INDEX_HINT_HITS	46
APPEND_READ_1280K_WORK_BTREE_LEAF_HINT_HITS	2
APPEND_READ_1280K_WORK_CACHE_READ_CALLS	32
APPEND_READ_1280K_WORK_CACHE_READ_HITS	0
APPEND_READ_1280K_WORK_CACHE_READ_MISSES	32
APPEND_READ_1280K_WORK_FREE_TREE_NODE_VIEWS	0
APPEND_READ_1280K_WORK_FREE_TREE_RESIDENT_VIEWS	0
APPEND_READ_1280K_WORK_DIR_TREE_NODE_VIEWS	1
APPEND_READ_1280K_WORK_DIR_TREE_RESIDENT_VIEWS	1
APPEND_READ_1280K_WORK_INODE_TREE_NODE_VIEWS	1
APPEND_READ_1280K_WORK_INODE_TREE_RESIDENT_VIEWS	1
APPEND_READ_1280K_WORK_REFCOUNT_TREE_NODE_VIEWS	0
APPEND_READ_1280K_WORK_REFCOUNT_TREE_RESIDENT_VIEWS	0
APPEND_READ_1280K_WORK_OTHER_TREE_NODE_VIEWS	0
APPEND_READ_1280K_WORK_OTHER_TREE_RESIDENT_VIEWS	0
APPEND_READ_1280K_WORK_WRITE_DETAIL_INODE_READ_CALLS	48
APPEND_READ_1280K_WORK_WRITE_DETAIL_INODE_READ_SAMPLES	48
APPEND_READ_1280K_WORK_WRITE_DETAIL_INODE_READ_SAMPLE_TICKS	747
APPEND_READ_1280K_WORK_WRITE_DETAIL_INODE_WRITE_CALLS	0
APPEND_READ_1280K_WORK_WRITE_DETAIL_INODE_WRITE_SAMPLES	0
APPEND_READ_1280K_WORK_WRITE_DETAIL_INODE_WRITE_SAMPLE_TICKS	0
APPEND_READ_1280K_WORK_WRITE_DETAIL_EXTENT_MAP_CALLS	0
APPEND_READ_1280K_WORK_WRITE_DETAIL_EXTENT_MAP_SAMPLES	0
APPEND_READ_1280K_WORK_WRITE_DETAIL_EXTENT_MAP_SAMPLE_TICKS	0
APPEND_READ_1280K_WORK_WRITE_DETAIL_FREESPACE_GOAL_CALLS	0
APPEND_READ_1280K_WORK_WRITE_DETAIL_FREESPACE_GOAL_SAMPLES	0
APPEND_READ_1280K_WORK_WRITE_DETAIL_FREESPACE_GOAL_SAMPLE_TICKS	0
APPEND_READ_1280K_WORK_BTREE_MALLOC_CALLS	0
APPEND_READ_1280K_WORK_BTREE_MALLOC_SAMPLES	0
APPEND_READ_1280K_WORK_BTREE_MALLOC_SAMPLE_TICKS	0
APPEND_READ_1280K_WORK_BTREE_FREE_CALLS	0
APPEND_READ_1280K_WORK_BTREE_FREE_SAMPLES	0
APPEND_READ_1280K_WORK_BTREE_FREE_SAMPLE_TICKS	0
APPEND_READ_1280K_WORK_IFACE_ALLOC_CALLS	0
APPEND_READ_1280K_WORK_IFACE_ALLOC_SAMPLES	0
APPEND_READ_1280K_WORK_IFACE_ALLOC_SAMPLE_TICKS	0
APPEND_READ_1280K_WORK_FREESPACE_ALLOC_CALLS	0
APPEND_READ_1280K_WORK_FREESPACE_ALLOC_SAMPLES	0
APPEND_READ_1280K_WORK_FREESPACE_ALLOC_SAMPLE_TICKS	0
APPEND_READ_1280K_WORK_DETAIL_INODE_READ_CALLS	48
APPEND_READ_1280K_WORK_DETAIL_INODE_READ_SAMPLES	2
APPEND_READ_1280K_WORK_DETAIL_INODE_READ_SAMPLE_TICKS	0
APPEND_READ_1280K_WORK_DETAIL_INODE_VALIDATE_CALLS	48
APPEND_READ_1280K_WORK_DETAIL_INODE_VALIDATE_SAMPLES	2
APPEND_READ_1280K_WORK_DETAIL_INODE_VALIDATE_SAMPLE_TICKS	0
APPEND_READ_1280K_WORK_DETAIL_INODE_SEARCH_CALLS	48
APPEND_READ_1280K_WORK_DETAIL_INODE_SEARCH_SAMPLES	2
APPEND_READ_1280K_WORK_DETAIL_INODE_SEARCH_SAMPLE_TICKS	0
APPEND_READ_1280K_WORK_DETAIL_INODE_NODE_VIEW_CALLS	1
APPEND_READ_1280K_WORK_DETAIL_INODE_NODE_VIEW_SAMPLES	0
APPEND_READ_1280K_WORK_DETAIL_INODE_NODE_VIEW_SAMPLE_TICKS	0
APPEND_READ_1280K_WORK_DETAIL_DIR_NODE_VIEW_CALLS	1
APPEND_READ_1280K_WORK_DETAIL_DIR_NODE_VIEW_SAMPLES	0
APPEND_READ_1280K_WORK_DETAIL_DIR_NODE_VIEW_SAMPLE_TICKS	0
APPEND_READ_1280K_WORK_DETAIL_INODE_BINARY_SEARCH_CALLS	2
APPEND_READ_1280K_WORK_DETAIL_INODE_BINARY_SEARCH_SAMPLES	0
APPEND_READ_1280K_WORK_DETAIL_INODE_BINARY_SEARCH_SAMPLE_TICKS	0
APPEND_READ_1280K_WORK_DETAIL_DIR_BINARY_SEARCH_CALLS	2
APPEND_READ_1280K_WORK_DETAIL_DIR_BINARY_SEARCH_SAMPLES	0
APPEND_READ_1280K_WORK_DETAIL_DIR_BINARY_SEARCH_SAMPLE_TICKS	0
APPEND_READ_1280K_WORK_DETAIL_NODE_STRUCTURE_CALLS	0
APPEND_READ_1280K_WORK_DETAIL_NODE_STRUCTURE_SAMPLES	0
APPEND_READ_1280K_WORK_DETAIL_NODE_STRUCTURE_SAMPLE_TICKS	0
APPEND_READ_1280K_WORK_DETAIL_CACHE_PEEK_CALLS	50
APPEND_READ_1280K_WORK_DETAIL_CACHE_PEEK_SAMPLES	2
APPEND_READ_1280K_WORK_DETAIL_CACHE_PEEK_SAMPLE_TICKS	0
APPEND_READ_1280K_WORK_DETAIL_BUFFER_ALLOC_CALLS	2
APPEND_READ_1280K_WORK_DETAIL_BUFFER_ALLOC_SAMPLES	0
APPEND_READ_1280K_WORK_DETAIL_BUFFER_ALLOC_SAMPLE_TICKS	0
APPEND_READ_1280K_WORK_DETAIL_BUFFER_FREE_CALLS	2
APPEND_READ_1280K_WORK_DETAIL_BUFFER_FREE_SAMPLES	0
APPEND_READ_1280K_WORK_DETAIL_BUFFER_FREE_SAMPLE_TICKS	0
APPEND_READ_1280K_WORK_DETAIL_EXALL_FILL_CALLS	0
APPEND_READ_1280K_WORK_DETAIL_EXALL_FILL_SAMPLES	0
APPEND_READ_1280K_WORK_DETAIL_EXALL_FILL_SAMPLE_TICKS	0
APPEND_READ_1280K_WORK_FREESPACE_ALLOCS	0
APPEND_READ_1280K_VOLUME_FLUSH_BIO_READS	0
APPEND_READ_1280K_VOLUME_FLUSH_BIO_WRITES	0
APPEND_READ_1280K_VOLUME_FLUSH_BIO_UPDATES	0
APPEND_READ_1280K_VOLUME_FLUSH_DATA_READS	0
APPEND_READ_1280K_VOLUME_FLUSH_DATA_WRITES	0
APPEND_READ_1280K_VOLUME_FLUSH_NODE_WRITES	0
APPEND_READ_1280K_VOLUME_FLUSH_TXN_COMMITS	0
APPEND_READ_1280K_VOLUME_FLUSH_EXTENT_MAPS	0
APPEND_READ_1280K_VOLUME_FLUSH_READ_TICKS	0
APPEND_READ_1280K_VOLUME_FLUSH_WRITE_TICKS	0
APPEND_READ_1280K_VOLUME_FLUSH_UPDATE_TICKS	0
APPEND_READ_1280K_VOLUME_FLUSH_DATA_READ_TICKS	0
APPEND_READ_1280K_VOLUME_FLUSH_DATA_WRITE_TICKS	0
APPEND_READ_1280K_VOLUME_FLUSH_NODE_CRC_READ_CALLS	0
APPEND_READ_1280K_VOLUME_FLUSH_NODE_CRC_READ_SAMPLES	0
APPEND_READ_1280K_VOLUME_FLUSH_NODE_CRC_READ_SAMPLE_TICKS	0
APPEND_READ_1280K_VOLUME_FLUSH_NODE_CRC_WRITE_CALLS	0
APPEND_READ_1280K_VOLUME_FLUSH_NODE_CRC_WRITE_SAMPLES	0
APPEND_READ_1280K_VOLUME_FLUSH_NODE_CRC_WRITE_SAMPLE_TICKS	0
APPEND_READ_1280K_VOLUME_FLUSH_CLOCK_PAIR_TICKS	0
APPEND_READ_1280K_VOLUME_FLUSH_PACKET_CALLS	0
APPEND_READ_1280K_VOLUME_FLUSH_PACKET_SAMPLES	0
APPEND_READ_1280K_VOLUME_FLUSH_PACKET_SAMPLE_TICKS	0
APPEND_READ_1280K_VOLUME_FLUSH_PACKET_OPEN_CALLS	0
APPEND_READ_1280K_VOLUME_FLUSH_PACKET_OPEN_SAMPLES	0
APPEND_READ_1280K_VOLUME_FLUSH_PACKET_OPEN_SAMPLE_TICKS	0
APPEND_READ_1280K_VOLUME_FLUSH_PACKET_READ_CALLS	0
APPEND_READ_1280K_VOLUME_FLUSH_PACKET_READ_SAMPLES	0
APPEND_READ_1280K_VOLUME_FLUSH_PACKET_READ_SAMPLE_TICKS	0
APPEND_READ_1280K_VOLUME_FLUSH_PACKET_WRITE_CALLS	0
APPEND_READ_1280K_VOLUME_FLUSH_PACKET_WRITE_SAMPLES	0
APPEND_READ_1280K_VOLUME_FLUSH_PACKET_WRITE_SAMPLE_TICKS	0
APPEND_READ_1280K_VOLUME_FLUSH_PACKET_END_CALLS	0
APPEND_READ_1280K_VOLUME_FLUSH_PACKET_END_SAMPLES	0
APPEND_READ_1280K_VOLUME_FLUSH_PACKET_END_SAMPLE_TICKS	0
APPEND_READ_1280K_VOLUME_FLUSH_PACKET_DELETE_CALLS	0
APPEND_READ_1280K_VOLUME_FLUSH_PACKET_DELETE_SAMPLES	0
APPEND_READ_1280K_VOLUME_FLUSH_PACKET_DELETE_SAMPLE_TICKS	0
APPEND_READ_1280K_VOLUME_FLUSH_PACKET_FLUSH_CALLS	0
APPEND_READ_1280K_VOLUME_FLUSH_PACKET_FLUSH_SAMPLES	0
APPEND_READ_1280K_VOLUME_FLUSH_PACKET_FLUSH_SAMPLE_TICKS	0
APPEND_READ_1280K_VOLUME_FLUSH_PACKET_OTHER_CALLS	0
APPEND_READ_1280K_VOLUME_FLUSH_PACKET_OTHER_SAMPLES	0
APPEND_READ_1280K_VOLUME_FLUSH_PACKET_OTHER_SAMPLE_TICKS	0
APPEND_READ_1280K_VOLUME_FLUSH_CORE_CREATE_CALLS	0
APPEND_READ_1280K_VOLUME_FLUSH_CORE_CREATE_SAMPLES	0
APPEND_READ_1280K_VOLUME_FLUSH_CORE_CREATE_SAMPLE_TICKS	0
APPEND_READ_1280K_VOLUME_FLUSH_CORE_DELETE_CALLS	0
APPEND_READ_1280K_VOLUME_FLUSH_CORE_DELETE_SAMPLES	0
APPEND_READ_1280K_VOLUME_FLUSH_CORE_DELETE_SAMPLE_TICKS	0
APPEND_READ_1280K_VOLUME_FLUSH_CORE_FILE_WRITE_CALLS	0
APPEND_READ_1280K_VOLUME_FLUSH_CORE_FILE_WRITE_SAMPLES	0
APPEND_READ_1280K_VOLUME_FLUSH_CORE_FILE_WRITE_SAMPLE_TICKS	0
APPEND_READ_1280K_VOLUME_FLUSH_CORE_SYNC_CALLS	0
APPEND_READ_1280K_VOLUME_FLUSH_CORE_SYNC_SAMPLES	0
APPEND_READ_1280K_VOLUME_FLUSH_CORE_SYNC_SAMPLE_TICKS	0
APPEND_READ_1280K_VOLUME_FLUSH_IFACE_FREE_CALLS	0
APPEND_READ_1280K_VOLUME_FLUSH_IFACE_FREE_SAMPLES	0
APPEND_READ_1280K_VOLUME_FLUSH_IFACE_FREE_SAMPLE_TICKS	0
APPEND_READ_1280K_VOLUME_FLUSH_SEAL_COMMIT_CALLS	0
APPEND_READ_1280K_VOLUME_FLUSH_SEAL_COMMIT_SAMPLES	0
APPEND_READ_1280K_VOLUME_FLUSH_SEAL_COMMIT_SAMPLE_TICKS	0
APPEND_READ_1280K_VOLUME_FLUSH_INODE_READ_CALLS	0
APPEND_READ_1280K_VOLUME_FLUSH_BTREE_SEARCH_CALLS	0
APPEND_READ_1280K_VOLUME_FLUSH_BTREE_INDEX_HINT_HITS	0
APPEND_READ_1280K_VOLUME_FLUSH_BTREE_LEAF_HINT_HITS	0
APPEND_READ_1280K_VOLUME_FLUSH_CACHE_READ_CALLS	0
APPEND_READ_1280K_VOLUME_FLUSH_CACHE_READ_HITS	0
APPEND_READ_1280K_VOLUME_FLUSH_CACHE_READ_MISSES	0
APPEND_READ_1280K_VOLUME_FLUSH_FREE_TREE_NODE_VIEWS	0
APPEND_READ_1280K_VOLUME_FLUSH_FREE_TREE_RESIDENT_VIEWS	0
APPEND_READ_1280K_VOLUME_FLUSH_DIR_TREE_NODE_VIEWS	0
APPEND_READ_1280K_VOLUME_FLUSH_DIR_TREE_RESIDENT_VIEWS	0
APPEND_READ_1280K_VOLUME_FLUSH_INODE_TREE_NODE_VIEWS	0
APPEND_READ_1280K_VOLUME_FLUSH_INODE_TREE_RESIDENT_VIEWS	0
APPEND_READ_1280K_VOLUME_FLUSH_REFCOUNT_TREE_NODE_VIEWS	0
APPEND_READ_1280K_VOLUME_FLUSH_REFCOUNT_TREE_RESIDENT_VIEWS	0
APPEND_READ_1280K_VOLUME_FLUSH_OTHER_TREE_NODE_VIEWS	0
APPEND_READ_1280K_VOLUME_FLUSH_OTHER_TREE_RESIDENT_VIEWS	0
APPEND_READ_1280K_VOLUME_FLUSH_WRITE_DETAIL_INODE_READ_CALLS	0
APPEND_READ_1280K_VOLUME_FLUSH_WRITE_DETAIL_INODE_READ_SAMPLES	0
APPEND_READ_1280K_VOLUME_FLUSH_WRITE_DETAIL_INODE_READ_SAMPLE_TICKS	0
APPEND_READ_1280K_VOLUME_FLUSH_WRITE_DETAIL_INODE_WRITE_CALLS	0
APPEND_READ_1280K_VOLUME_FLUSH_WRITE_DETAIL_INODE_WRITE_SAMPLES	0
APPEND_READ_1280K_VOLUME_FLUSH_WRITE_DETAIL_INODE_WRITE_SAMPLE_TICKS	0
APPEND_READ_1280K_VOLUME_FLUSH_WRITE_DETAIL_EXTENT_MAP_CALLS	0
APPEND_READ_1280K_VOLUME_FLUSH_WRITE_DETAIL_EXTENT_MAP_SAMPLES	0
APPEND_READ_1280K_VOLUME_FLUSH_WRITE_DETAIL_EXTENT_MAP_SAMPLE_TICKS	0
APPEND_READ_1280K_VOLUME_FLUSH_WRITE_DETAIL_FREESPACE_GOAL_CALLS	0
APPEND_READ_1280K_VOLUME_FLUSH_WRITE_DETAIL_FREESPACE_GOAL_SAMPLES	0
APPEND_READ_1280K_VOLUME_FLUSH_WRITE_DETAIL_FREESPACE_GOAL_SAMPLE_TICKS	0
APPEND_READ_1280K_VOLUME_FLUSH_BTREE_MALLOC_CALLS	0
APPEND_READ_1280K_VOLUME_FLUSH_BTREE_MALLOC_SAMPLES	0
APPEND_READ_1280K_VOLUME_FLUSH_BTREE_MALLOC_SAMPLE_TICKS	0
APPEND_READ_1280K_VOLUME_FLUSH_BTREE_FREE_CALLS	0
APPEND_READ_1280K_VOLUME_FLUSH_BTREE_FREE_SAMPLES	0
APPEND_READ_1280K_VOLUME_FLUSH_BTREE_FREE_SAMPLE_TICKS	0
APPEND_READ_1280K_VOLUME_FLUSH_IFACE_ALLOC_CALLS	0
APPEND_READ_1280K_VOLUME_FLUSH_IFACE_ALLOC_SAMPLES	0
APPEND_READ_1280K_VOLUME_FLUSH_IFACE_ALLOC_SAMPLE_TICKS	0
APPEND_READ_1280K_VOLUME_FLUSH_FREESPACE_ALLOC_CALLS	0
APPEND_READ_1280K_VOLUME_FLUSH_FREESPACE_ALLOC_SAMPLES	0
APPEND_READ_1280K_VOLUME_FLUSH_FREESPACE_ALLOC_SAMPLE_TICKS	0
APPEND_READ_1280K_VOLUME_FLUSH_DETAIL_INODE_READ_CALLS	0
APPEND_READ_1280K_VOLUME_FLUSH_DETAIL_INODE_READ_SAMPLES	0
APPEND_READ_1280K_VOLUME_FLUSH_DETAIL_INODE_READ_SAMPLE_TICKS	0
APPEND_READ_1280K_VOLUME_FLUSH_DETAIL_INODE_VALIDATE_CALLS	0
APPEND_READ_1280K_VOLUME_FLUSH_DETAIL_INODE_VALIDATE_SAMPLES	0
APPEND_READ_1280K_VOLUME_FLUSH_DETAIL_INODE_VALIDATE_SAMPLE_TICKS	0
APPEND_READ_1280K_VOLUME_FLUSH_DETAIL_INODE_SEARCH_CALLS	0
APPEND_READ_1280K_VOLUME_FLUSH_DETAIL_INODE_SEARCH_SAMPLES	0
APPEND_READ_1280K_VOLUME_FLUSH_DETAIL_INODE_SEARCH_SAMPLE_TICKS	0
APPEND_READ_1280K_VOLUME_FLUSH_DETAIL_INODE_NODE_VIEW_CALLS	0
APPEND_READ_1280K_VOLUME_FLUSH_DETAIL_INODE_NODE_VIEW_SAMPLES	0
APPEND_READ_1280K_VOLUME_FLUSH_DETAIL_INODE_NODE_VIEW_SAMPLE_TICKS	0
APPEND_READ_1280K_VOLUME_FLUSH_DETAIL_DIR_NODE_VIEW_CALLS	0
APPEND_READ_1280K_VOLUME_FLUSH_DETAIL_DIR_NODE_VIEW_SAMPLES	0
APPEND_READ_1280K_VOLUME_FLUSH_DETAIL_DIR_NODE_VIEW_SAMPLE_TICKS	0
APPEND_READ_1280K_VOLUME_FLUSH_DETAIL_INODE_BINARY_SEARCH_CALLS	0
APPEND_READ_1280K_VOLUME_FLUSH_DETAIL_INODE_BINARY_SEARCH_SAMPLES	0
APPEND_READ_1280K_VOLUME_FLUSH_DETAIL_INODE_BINARY_SEARCH_SAMPLE_TICKS	0
APPEND_READ_1280K_VOLUME_FLUSH_DETAIL_DIR_BINARY_SEARCH_CALLS	0
APPEND_READ_1280K_VOLUME_FLUSH_DETAIL_DIR_BINARY_SEARCH_SAMPLES	0
APPEND_READ_1280K_VOLUME_FLUSH_DETAIL_DIR_BINARY_SEARCH_SAMPLE_TICKS	0
APPEND_READ_1280K_VOLUME_FLUSH_DETAIL_NODE_STRUCTURE_CALLS	0
APPEND_READ_1280K_VOLUME_FLUSH_DETAIL_NODE_STRUCTURE_SAMPLES	0
APPEND_READ_1280K_VOLUME_FLUSH_DETAIL_NODE_STRUCTURE_SAMPLE_TICKS	0
APPEND_READ_1280K_VOLUME_FLUSH_DETAIL_CACHE_PEEK_CALLS	0
APPEND_READ_1280K_VOLUME_FLUSH_DETAIL_CACHE_PEEK_SAMPLES	0
APPEND_READ_1280K_VOLUME_FLUSH_DETAIL_CACHE_PEEK_SAMPLE_TICKS	0
APPEND_READ_1280K_VOLUME_FLUSH_DETAIL_BUFFER_ALLOC_CALLS	0
APPEND_READ_1280K_VOLUME_FLUSH_DETAIL_BUFFER_ALLOC_SAMPLES	0
APPEND_READ_1280K_VOLUME_FLUSH_DETAIL_BUFFER_ALLOC_SAMPLE_TICKS	0
APPEND_READ_1280K_VOLUME_FLUSH_DETAIL_BUFFER_FREE_CALLS	0
APPEND_READ_1280K_VOLUME_FLUSH_DETAIL_BUFFER_FREE_SAMPLES	0
APPEND_READ_1280K_VOLUME_FLUSH_DETAIL_BUFFER_FREE_SAMPLE_TICKS	0
APPEND_READ_1280K_VOLUME_FLUSH_DETAIL_EXALL_FILL_CALLS	0
APPEND_READ_1280K_VOLUME_FLUSH_DETAIL_EXALL_FILL_SAMPLES	0
APPEND_READ_1280K_VOLUME_FLUSH_DETAIL_EXALL_FILL_SAMPLE_TICKS	0
APPEND_READ_1280K_VOLUME_FLUSH_FREESPACE_ALLOCS	0
LIST_EXNEXT_40_ENTRIES_FIRST_PASS_US	7745
LIST_EXNEXT_40_ENTRIES_FIRST_PASS_WORK_US	7745
LIST_EXNEXT_40_ENTRIES_FIRST_PASS_VOLUME_FLUSH_US	0
LIST_EXNEXT_40_ENTRIES_FIRST_PASS_HAS_VOLUME_FLUSH	0
LIST_EXNEXT_40_ENTRIES_FIRST_PASS_GUEST_OPEN_CALLS	0
LIST_EXNEXT_40_ENTRIES_FIRST_PASS_GUEST_OPEN_US	0
LIST_EXNEXT_40_ENTRIES_FIRST_PASS_GUEST_READ_CALLS	0
LIST_EXNEXT_40_ENTRIES_FIRST_PASS_GUEST_READ_US	0
LIST_EXNEXT_40_ENTRIES_FIRST_PASS_GUEST_WRITE_CALLS	0
LIST_EXNEXT_40_ENTRIES_FIRST_PASS_GUEST_WRITE_US	0
LIST_EXNEXT_40_ENTRIES_FIRST_PASS_GUEST_HANDLE_FLUSH_CALLS	0
LIST_EXNEXT_40_ENTRIES_FIRST_PASS_GUEST_HANDLE_FLUSH_US	0
LIST_EXNEXT_40_ENTRIES_FIRST_PASS_GUEST_CLOSE_CALLS	0
LIST_EXNEXT_40_ENTRIES_FIRST_PASS_GUEST_CLOSE_US	0
LIST_EXNEXT_40_ENTRIES_FIRST_PASS_GUEST_VERIFY_CALLS	0
LIST_EXNEXT_40_ENTRIES_FIRST_PASS_GUEST_VERIFY_US	0
LIST_EXNEXT_40_ENTRIES_FIRST_PASS_WORK_BIO_READS	7
LIST_EXNEXT_40_ENTRIES_FIRST_PASS_WORK_BIO_WRITES	0
LIST_EXNEXT_40_ENTRIES_FIRST_PASS_WORK_BIO_UPDATES	0
LIST_EXNEXT_40_ENTRIES_FIRST_PASS_WORK_DATA_READS	0
LIST_EXNEXT_40_ENTRIES_FIRST_PASS_WORK_DATA_WRITES	0
LIST_EXNEXT_40_ENTRIES_FIRST_PASS_WORK_NODE_WRITES	0
LIST_EXNEXT_40_ENTRIES_FIRST_PASS_WORK_TXN_COMMITS	0
LIST_EXNEXT_40_ENTRIES_FIRST_PASS_WORK_EXTENT_MAPS	0
LIST_EXNEXT_40_ENTRIES_FIRST_PASS_WORK_READ_TICKS	411
LIST_EXNEXT_40_ENTRIES_FIRST_PASS_WORK_WRITE_TICKS	0
LIST_EXNEXT_40_ENTRIES_FIRST_PASS_WORK_UPDATE_TICKS	0
LIST_EXNEXT_40_ENTRIES_FIRST_PASS_WORK_DATA_READ_TICKS	0
LIST_EXNEXT_40_ENTRIES_FIRST_PASS_WORK_DATA_WRITE_TICKS	0
LIST_EXNEXT_40_ENTRIES_FIRST_PASS_WORK_NODE_CRC_READ_CALLS	7
LIST_EXNEXT_40_ENTRIES_FIRST_PASS_WORK_NODE_CRC_READ_SAMPLES	7
LIST_EXNEXT_40_ENTRIES_FIRST_PASS_WORK_NODE_CRC_READ_SAMPLE_TICKS	610
LIST_EXNEXT_40_ENTRIES_FIRST_PASS_WORK_NODE_CRC_WRITE_CALLS	0
LIST_EXNEXT_40_ENTRIES_FIRST_PASS_WORK_NODE_CRC_WRITE_SAMPLES	0
LIST_EXNEXT_40_ENTRIES_FIRST_PASS_WORK_NODE_CRC_WRITE_SAMPLE_TICKS	0
LIST_EXNEXT_40_ENTRIES_FIRST_PASS_WORK_CLOCK_PAIR_TICKS	1
LIST_EXNEXT_40_ENTRIES_FIRST_PASS_WORK_PACKET_CALLS	44
LIST_EXNEXT_40_ENTRIES_FIRST_PASS_WORK_PACKET_SAMPLES	44
LIST_EXNEXT_40_ENTRIES_FIRST_PASS_WORK_PACKET_SAMPLE_TICKS	4452
LIST_EXNEXT_40_ENTRIES_FIRST_PASS_WORK_PACKET_OPEN_CALLS	0
LIST_EXNEXT_40_ENTRIES_FIRST_PASS_WORK_PACKET_OPEN_SAMPLES	0
LIST_EXNEXT_40_ENTRIES_FIRST_PASS_WORK_PACKET_OPEN_SAMPLE_TICKS	0
LIST_EXNEXT_40_ENTRIES_FIRST_PASS_WORK_PACKET_READ_CALLS	0
LIST_EXNEXT_40_ENTRIES_FIRST_PASS_WORK_PACKET_READ_SAMPLES	0
LIST_EXNEXT_40_ENTRIES_FIRST_PASS_WORK_PACKET_READ_SAMPLE_TICKS	0
LIST_EXNEXT_40_ENTRIES_FIRST_PASS_WORK_PACKET_WRITE_CALLS	0
LIST_EXNEXT_40_ENTRIES_FIRST_PASS_WORK_PACKET_WRITE_SAMPLES	0
LIST_EXNEXT_40_ENTRIES_FIRST_PASS_WORK_PACKET_WRITE_SAMPLE_TICKS	0
LIST_EXNEXT_40_ENTRIES_FIRST_PASS_WORK_PACKET_END_CALLS	0
LIST_EXNEXT_40_ENTRIES_FIRST_PASS_WORK_PACKET_END_SAMPLES	0
LIST_EXNEXT_40_ENTRIES_FIRST_PASS_WORK_PACKET_END_SAMPLE_TICKS	0
LIST_EXNEXT_40_ENTRIES_FIRST_PASS_WORK_PACKET_DELETE_CALLS	0
LIST_EXNEXT_40_ENTRIES_FIRST_PASS_WORK_PACKET_DELETE_SAMPLES	0
LIST_EXNEXT_40_ENTRIES_FIRST_PASS_WORK_PACKET_DELETE_SAMPLE_TICKS	0
LIST_EXNEXT_40_ENTRIES_FIRST_PASS_WORK_PACKET_FLUSH_CALLS	0
LIST_EXNEXT_40_ENTRIES_FIRST_PASS_WORK_PACKET_FLUSH_SAMPLES	0
LIST_EXNEXT_40_ENTRIES_FIRST_PASS_WORK_PACKET_FLUSH_SAMPLE_TICKS	0
LIST_EXNEXT_40_ENTRIES_FIRST_PASS_WORK_PACKET_OTHER_CALLS	44
LIST_EXNEXT_40_ENTRIES_FIRST_PASS_WORK_PACKET_OTHER_SAMPLES	44
LIST_EXNEXT_40_ENTRIES_FIRST_PASS_WORK_PACKET_OTHER_SAMPLE_TICKS	4452
LIST_EXNEXT_40_ENTRIES_FIRST_PASS_WORK_CORE_CREATE_CALLS	0
LIST_EXNEXT_40_ENTRIES_FIRST_PASS_WORK_CORE_CREATE_SAMPLES	0
LIST_EXNEXT_40_ENTRIES_FIRST_PASS_WORK_CORE_CREATE_SAMPLE_TICKS	0
LIST_EXNEXT_40_ENTRIES_FIRST_PASS_WORK_CORE_DELETE_CALLS	0
LIST_EXNEXT_40_ENTRIES_FIRST_PASS_WORK_CORE_DELETE_SAMPLES	0
LIST_EXNEXT_40_ENTRIES_FIRST_PASS_WORK_CORE_DELETE_SAMPLE_TICKS	0
LIST_EXNEXT_40_ENTRIES_FIRST_PASS_WORK_CORE_FILE_WRITE_CALLS	0
LIST_EXNEXT_40_ENTRIES_FIRST_PASS_WORK_CORE_FILE_WRITE_SAMPLES	0
LIST_EXNEXT_40_ENTRIES_FIRST_PASS_WORK_CORE_FILE_WRITE_SAMPLE_TICKS	0
LIST_EXNEXT_40_ENTRIES_FIRST_PASS_WORK_CORE_SYNC_CALLS	0
LIST_EXNEXT_40_ENTRIES_FIRST_PASS_WORK_CORE_SYNC_SAMPLES	0
LIST_EXNEXT_40_ENTRIES_FIRST_PASS_WORK_CORE_SYNC_SAMPLE_TICKS	0
LIST_EXNEXT_40_ENTRIES_FIRST_PASS_WORK_IFACE_FREE_CALLS	0
LIST_EXNEXT_40_ENTRIES_FIRST_PASS_WORK_IFACE_FREE_SAMPLES	0
LIST_EXNEXT_40_ENTRIES_FIRST_PASS_WORK_IFACE_FREE_SAMPLE_TICKS	0
LIST_EXNEXT_40_ENTRIES_FIRST_PASS_WORK_SEAL_COMMIT_CALLS	0
LIST_EXNEXT_40_ENTRIES_FIRST_PASS_WORK_SEAL_COMMIT_SAMPLES	0
LIST_EXNEXT_40_ENTRIES_FIRST_PASS_WORK_SEAL_COMMIT_SAMPLE_TICKS	0
LIST_EXNEXT_40_ENTRIES_FIRST_PASS_WORK_INODE_READ_CALLS	41
LIST_EXNEXT_40_ENTRIES_FIRST_PASS_WORK_BTREE_SEARCH_CALLS	42
LIST_EXNEXT_40_ENTRIES_FIRST_PASS_WORK_BTREE_INDEX_HINT_HITS	0
LIST_EXNEXT_40_ENTRIES_FIRST_PASS_WORK_BTREE_LEAF_HINT_HITS	39
LIST_EXNEXT_40_ENTRIES_FIRST_PASS_WORK_CACHE_READ_CALLS	9
LIST_EXNEXT_40_ENTRIES_FIRST_PASS_WORK_CACHE_READ_HITS	2
LIST_EXNEXT_40_ENTRIES_FIRST_PASS_WORK_CACHE_READ_MISSES	7
LIST_EXNEXT_40_ENTRIES_FIRST_PASS_WORK_FREE_TREE_NODE_VIEWS	0
LIST_EXNEXT_40_ENTRIES_FIRST_PASS_WORK_FREE_TREE_RESIDENT_VIEWS	0
LIST_EXNEXT_40_ENTRIES_FIRST_PASS_WORK_DIR_TREE_NODE_VIEWS	36
LIST_EXNEXT_40_ENTRIES_FIRST_PASS_WORK_DIR_TREE_RESIDENT_VIEWS	30
LIST_EXNEXT_40_ENTRIES_FIRST_PASS_WORK_INODE_TREE_NODE_VIEWS	4
LIST_EXNEXT_40_ENTRIES_FIRST_PASS_WORK_INODE_TREE_RESIDENT_VIEWS	1
LIST_EXNEXT_40_ENTRIES_FIRST_PASS_WORK_REFCOUNT_TREE_NODE_VIEWS	0
LIST_EXNEXT_40_ENTRIES_FIRST_PASS_WORK_REFCOUNT_TREE_RESIDENT_VIEWS	0
LIST_EXNEXT_40_ENTRIES_FIRST_PASS_WORK_OTHER_TREE_NODE_VIEWS	0
LIST_EXNEXT_40_ENTRIES_FIRST_PASS_WORK_OTHER_TREE_RESIDENT_VIEWS	0
LIST_EXNEXT_40_ENTRIES_FIRST_PASS_WORK_WRITE_DETAIL_INODE_READ_CALLS	41
LIST_EXNEXT_40_ENTRIES_FIRST_PASS_WORK_WRITE_DETAIL_INODE_READ_SAMPLES	41
LIST_EXNEXT_40_ENTRIES_FIRST_PASS_WORK_WRITE_DETAIL_INODE_READ_SAMPLE_TICKS	1515
LIST_EXNEXT_40_ENTRIES_FIRST_PASS_WORK_WRITE_DETAIL_INODE_WRITE_CALLS	0
LIST_EXNEXT_40_ENTRIES_FIRST_PASS_WORK_WRITE_DETAIL_INODE_WRITE_SAMPLES	0
LIST_EXNEXT_40_ENTRIES_FIRST_PASS_WORK_WRITE_DETAIL_INODE_WRITE_SAMPLE_TICKS	0
LIST_EXNEXT_40_ENTRIES_FIRST_PASS_WORK_WRITE_DETAIL_EXTENT_MAP_CALLS	0
LIST_EXNEXT_40_ENTRIES_FIRST_PASS_WORK_WRITE_DETAIL_EXTENT_MAP_SAMPLES	0
LIST_EXNEXT_40_ENTRIES_FIRST_PASS_WORK_WRITE_DETAIL_EXTENT_MAP_SAMPLE_TICKS	0
LIST_EXNEXT_40_ENTRIES_FIRST_PASS_WORK_WRITE_DETAIL_FREESPACE_GOAL_CALLS	0
LIST_EXNEXT_40_ENTRIES_FIRST_PASS_WORK_WRITE_DETAIL_FREESPACE_GOAL_SAMPLES	0
LIST_EXNEXT_40_ENTRIES_FIRST_PASS_WORK_WRITE_DETAIL_FREESPACE_GOAL_SAMPLE_TICKS	0
LIST_EXNEXT_40_ENTRIES_FIRST_PASS_WORK_BTREE_MALLOC_CALLS	5
LIST_EXNEXT_40_ENTRIES_FIRST_PASS_WORK_BTREE_MALLOC_SAMPLES	5
LIST_EXNEXT_40_ENTRIES_FIRST_PASS_WORK_BTREE_MALLOC_SAMPLE_TICKS	0
LIST_EXNEXT_40_ENTRIES_FIRST_PASS_WORK_BTREE_FREE_CALLS	43
LIST_EXNEXT_40_ENTRIES_FIRST_PASS_WORK_BTREE_FREE_SAMPLES	43
LIST_EXNEXT_40_ENTRIES_FIRST_PASS_WORK_BTREE_FREE_SAMPLE_TICKS	134
LIST_EXNEXT_40_ENTRIES_FIRST_PASS_WORK_IFACE_ALLOC_CALLS	0
LIST_EXNEXT_40_ENTRIES_FIRST_PASS_WORK_IFACE_ALLOC_SAMPLES	0
LIST_EXNEXT_40_ENTRIES_FIRST_PASS_WORK_IFACE_ALLOC_SAMPLE_TICKS	0
LIST_EXNEXT_40_ENTRIES_FIRST_PASS_WORK_FREESPACE_ALLOC_CALLS	0
LIST_EXNEXT_40_ENTRIES_FIRST_PASS_WORK_FREESPACE_ALLOC_SAMPLES	0
LIST_EXNEXT_40_ENTRIES_FIRST_PASS_WORK_FREESPACE_ALLOC_SAMPLE_TICKS	0
LIST_EXNEXT_40_ENTRIES_FIRST_PASS_WORK_DETAIL_INODE_READ_CALLS	41
LIST_EXNEXT_40_ENTRIES_FIRST_PASS_WORK_DETAIL_INODE_READ_SAMPLES	2
LIST_EXNEXT_40_ENTRIES_FIRST_PASS_WORK_DETAIL_INODE_READ_SAMPLE_TICKS	46
LIST_EXNEXT_40_ENTRIES_FIRST_PASS_WORK_DETAIL_INODE_VALIDATE_CALLS	41
LIST_EXNEXT_40_ENTRIES_FIRST_PASS_WORK_DETAIL_INODE_VALIDATE_SAMPLES	2
LIST_EXNEXT_40_ENTRIES_FIRST_PASS_WORK_DETAIL_INODE_VALIDATE_SAMPLE_TICKS	0
LIST_EXNEXT_40_ENTRIES_FIRST_PASS_WORK_DETAIL_INODE_SEARCH_CALLS	41
LIST_EXNEXT_40_ENTRIES_FIRST_PASS_WORK_DETAIL_INODE_SEARCH_SAMPLES	2
LIST_EXNEXT_40_ENTRIES_FIRST_PASS_WORK_DETAIL_INODE_SEARCH_SAMPLE_TICKS	0
LIST_EXNEXT_40_ENTRIES_FIRST_PASS_WORK_DETAIL_INODE_NODE_VIEW_CALLS	4
LIST_EXNEXT_40_ENTRIES_FIRST_PASS_WORK_DETAIL_INODE_NODE_VIEW_SAMPLES	0
LIST_EXNEXT_40_ENTRIES_FIRST_PASS_WORK_DETAIL_INODE_NODE_VIEW_SAMPLE_TICKS	0
LIST_EXNEXT_40_ENTRIES_FIRST_PASS_WORK_DETAIL_DIR_NODE_VIEW_CALLS	36
LIST_EXNEXT_40_ENTRIES_FIRST_PASS_WORK_DETAIL_DIR_NODE_VIEW_SAMPLES	2
LIST_EXNEXT_40_ENTRIES_FIRST_PASS_WORK_DETAIL_DIR_NODE_VIEW_SAMPLE_TICKS	45
LIST_EXNEXT_40_ENTRIES_FIRST_PASS_WORK_DETAIL_INODE_BINARY_SEARCH_CALLS	31
LIST_EXNEXT_40_ENTRIES_FIRST_PASS_WORK_DETAIL_INODE_BINARY_SEARCH_SAMPLES	1
LIST_EXNEXT_40_ENTRIES_FIRST_PASS_WORK_DETAIL_INODE_BINARY_SEARCH_SAMPLE_TICKS	0
LIST_EXNEXT_40_ENTRIES_FIRST_PASS_WORK_DETAIL_DIR_BINARY_SEARCH_CALLS	28
LIST_EXNEXT_40_ENTRIES_FIRST_PASS_WORK_DETAIL_DIR_BINARY_SEARCH_SAMPLES	1
LIST_EXNEXT_40_ENTRIES_FIRST_PASS_WORK_DETAIL_DIR_BINARY_SEARCH_SAMPLE_TICKS	0
LIST_EXNEXT_40_ENTRIES_FIRST_PASS_WORK_DETAIL_NODE_STRUCTURE_CALLS	9
LIST_EXNEXT_40_ENTRIES_FIRST_PASS_WORK_DETAIL_NODE_STRUCTURE_SAMPLES	0
LIST_EXNEXT_40_ENTRIES_FIRST_PASS_WORK_DETAIL_NODE_STRUCTURE_SAMPLE_TICKS	0
LIST_EXNEXT_40_ENTRIES_FIRST_PASS_WORK_DETAIL_CACHE_PEEK_CALLS	80
LIST_EXNEXT_40_ENTRIES_FIRST_PASS_WORK_DETAIL_CACHE_PEEK_SAMPLES	4
LIST_EXNEXT_40_ENTRIES_FIRST_PASS_WORK_DETAIL_CACHE_PEEK_SAMPLE_TICKS	20
LIST_EXNEXT_40_ENTRIES_FIRST_PASS_WORK_DETAIL_BUFFER_ALLOC_CALLS	45
LIST_EXNEXT_40_ENTRIES_FIRST_PASS_WORK_DETAIL_BUFFER_ALLOC_SAMPLES	2
LIST_EXNEXT_40_ENTRIES_FIRST_PASS_WORK_DETAIL_BUFFER_ALLOC_SAMPLE_TICKS	0
LIST_EXNEXT_40_ENTRIES_FIRST_PASS_WORK_DETAIL_BUFFER_FREE_CALLS	45
LIST_EXNEXT_40_ENTRIES_FIRST_PASS_WORK_DETAIL_BUFFER_FREE_SAMPLES	2
LIST_EXNEXT_40_ENTRIES_FIRST_PASS_WORK_DETAIL_BUFFER_FREE_SAMPLE_TICKS	0
LIST_EXNEXT_40_ENTRIES_FIRST_PASS_WORK_DETAIL_EXALL_FILL_CALLS	0
LIST_EXNEXT_40_ENTRIES_FIRST_PASS_WORK_DETAIL_EXALL_FILL_SAMPLES	0
LIST_EXNEXT_40_ENTRIES_FIRST_PASS_WORK_DETAIL_EXALL_FILL_SAMPLE_TICKS	0
LIST_EXNEXT_40_ENTRIES_FIRST_PASS_WORK_FREESPACE_ALLOCS	0
LIST_EXNEXT_40_ENTRIES_FIRST_PASS_VOLUME_FLUSH_BIO_READS	0
LIST_EXNEXT_40_ENTRIES_FIRST_PASS_VOLUME_FLUSH_BIO_WRITES	0
LIST_EXNEXT_40_ENTRIES_FIRST_PASS_VOLUME_FLUSH_BIO_UPDATES	0
LIST_EXNEXT_40_ENTRIES_FIRST_PASS_VOLUME_FLUSH_DATA_READS	0
LIST_EXNEXT_40_ENTRIES_FIRST_PASS_VOLUME_FLUSH_DATA_WRITES	0
LIST_EXNEXT_40_ENTRIES_FIRST_PASS_VOLUME_FLUSH_NODE_WRITES	0
LIST_EXNEXT_40_ENTRIES_FIRST_PASS_VOLUME_FLUSH_TXN_COMMITS	0
LIST_EXNEXT_40_ENTRIES_FIRST_PASS_VOLUME_FLUSH_EXTENT_MAPS	0
LIST_EXNEXT_40_ENTRIES_FIRST_PASS_VOLUME_FLUSH_READ_TICKS	0
LIST_EXNEXT_40_ENTRIES_FIRST_PASS_VOLUME_FLUSH_WRITE_TICKS	0
LIST_EXNEXT_40_ENTRIES_FIRST_PASS_VOLUME_FLUSH_UPDATE_TICKS	0
LIST_EXNEXT_40_ENTRIES_FIRST_PASS_VOLUME_FLUSH_DATA_READ_TICKS	0
LIST_EXNEXT_40_ENTRIES_FIRST_PASS_VOLUME_FLUSH_DATA_WRITE_TICKS	0
LIST_EXNEXT_40_ENTRIES_FIRST_PASS_VOLUME_FLUSH_NODE_CRC_READ_CALLS	0
LIST_EXNEXT_40_ENTRIES_FIRST_PASS_VOLUME_FLUSH_NODE_CRC_READ_SAMPLES	0
LIST_EXNEXT_40_ENTRIES_FIRST_PASS_VOLUME_FLUSH_NODE_CRC_READ_SAMPLE_TICKS	0
LIST_EXNEXT_40_ENTRIES_FIRST_PASS_VOLUME_FLUSH_NODE_CRC_WRITE_CALLS	0
LIST_EXNEXT_40_ENTRIES_FIRST_PASS_VOLUME_FLUSH_NODE_CRC_WRITE_SAMPLES	0
LIST_EXNEXT_40_ENTRIES_FIRST_PASS_VOLUME_FLUSH_NODE_CRC_WRITE_SAMPLE_TICKS	0
LIST_EXNEXT_40_ENTRIES_FIRST_PASS_VOLUME_FLUSH_CLOCK_PAIR_TICKS	0
LIST_EXNEXT_40_ENTRIES_FIRST_PASS_VOLUME_FLUSH_PACKET_CALLS	0
LIST_EXNEXT_40_ENTRIES_FIRST_PASS_VOLUME_FLUSH_PACKET_SAMPLES	0
LIST_EXNEXT_40_ENTRIES_FIRST_PASS_VOLUME_FLUSH_PACKET_SAMPLE_TICKS	0
LIST_EXNEXT_40_ENTRIES_FIRST_PASS_VOLUME_FLUSH_PACKET_OPEN_CALLS	0
LIST_EXNEXT_40_ENTRIES_FIRST_PASS_VOLUME_FLUSH_PACKET_OPEN_SAMPLES	0
LIST_EXNEXT_40_ENTRIES_FIRST_PASS_VOLUME_FLUSH_PACKET_OPEN_SAMPLE_TICKS	0
LIST_EXNEXT_40_ENTRIES_FIRST_PASS_VOLUME_FLUSH_PACKET_READ_CALLS	0
LIST_EXNEXT_40_ENTRIES_FIRST_PASS_VOLUME_FLUSH_PACKET_READ_SAMPLES	0
LIST_EXNEXT_40_ENTRIES_FIRST_PASS_VOLUME_FLUSH_PACKET_READ_SAMPLE_TICKS	0
LIST_EXNEXT_40_ENTRIES_FIRST_PASS_VOLUME_FLUSH_PACKET_WRITE_CALLS	0
LIST_EXNEXT_40_ENTRIES_FIRST_PASS_VOLUME_FLUSH_PACKET_WRITE_SAMPLES	0
LIST_EXNEXT_40_ENTRIES_FIRST_PASS_VOLUME_FLUSH_PACKET_WRITE_SAMPLE_TICKS	0
LIST_EXNEXT_40_ENTRIES_FIRST_PASS_VOLUME_FLUSH_PACKET_END_CALLS	0
LIST_EXNEXT_40_ENTRIES_FIRST_PASS_VOLUME_FLUSH_PACKET_END_SAMPLES	0
LIST_EXNEXT_40_ENTRIES_FIRST_PASS_VOLUME_FLUSH_PACKET_END_SAMPLE_TICKS	0
LIST_EXNEXT_40_ENTRIES_FIRST_PASS_VOLUME_FLUSH_PACKET_DELETE_CALLS	0
LIST_EXNEXT_40_ENTRIES_FIRST_PASS_VOLUME_FLUSH_PACKET_DELETE_SAMPLES	0
LIST_EXNEXT_40_ENTRIES_FIRST_PASS_VOLUME_FLUSH_PACKET_DELETE_SAMPLE_TICKS	0
LIST_EXNEXT_40_ENTRIES_FIRST_PASS_VOLUME_FLUSH_PACKET_FLUSH_CALLS	0
LIST_EXNEXT_40_ENTRIES_FIRST_PASS_VOLUME_FLUSH_PACKET_FLUSH_SAMPLES	0
LIST_EXNEXT_40_ENTRIES_FIRST_PASS_VOLUME_FLUSH_PACKET_FLUSH_SAMPLE_TICKS	0
LIST_EXNEXT_40_ENTRIES_FIRST_PASS_VOLUME_FLUSH_PACKET_OTHER_CALLS	0
LIST_EXNEXT_40_ENTRIES_FIRST_PASS_VOLUME_FLUSH_PACKET_OTHER_SAMPLES	0
LIST_EXNEXT_40_ENTRIES_FIRST_PASS_VOLUME_FLUSH_PACKET_OTHER_SAMPLE_TICKS	0
LIST_EXNEXT_40_ENTRIES_FIRST_PASS_VOLUME_FLUSH_CORE_CREATE_CALLS	0
LIST_EXNEXT_40_ENTRIES_FIRST_PASS_VOLUME_FLUSH_CORE_CREATE_SAMPLES	0
LIST_EXNEXT_40_ENTRIES_FIRST_PASS_VOLUME_FLUSH_CORE_CREATE_SAMPLE_TICKS	0
LIST_EXNEXT_40_ENTRIES_FIRST_PASS_VOLUME_FLUSH_CORE_DELETE_CALLS	0
LIST_EXNEXT_40_ENTRIES_FIRST_PASS_VOLUME_FLUSH_CORE_DELETE_SAMPLES	0
LIST_EXNEXT_40_ENTRIES_FIRST_PASS_VOLUME_FLUSH_CORE_DELETE_SAMPLE_TICKS	0
LIST_EXNEXT_40_ENTRIES_FIRST_PASS_VOLUME_FLUSH_CORE_FILE_WRITE_CALLS	0
LIST_EXNEXT_40_ENTRIES_FIRST_PASS_VOLUME_FLUSH_CORE_FILE_WRITE_SAMPLES	0
LIST_EXNEXT_40_ENTRIES_FIRST_PASS_VOLUME_FLUSH_CORE_FILE_WRITE_SAMPLE_TICKS	0
LIST_EXNEXT_40_ENTRIES_FIRST_PASS_VOLUME_FLUSH_CORE_SYNC_CALLS	0
LIST_EXNEXT_40_ENTRIES_FIRST_PASS_VOLUME_FLUSH_CORE_SYNC_SAMPLES	0
LIST_EXNEXT_40_ENTRIES_FIRST_PASS_VOLUME_FLUSH_CORE_SYNC_SAMPLE_TICKS	0
LIST_EXNEXT_40_ENTRIES_FIRST_PASS_VOLUME_FLUSH_IFACE_FREE_CALLS	0
LIST_EXNEXT_40_ENTRIES_FIRST_PASS_VOLUME_FLUSH_IFACE_FREE_SAMPLES	0
LIST_EXNEXT_40_ENTRIES_FIRST_PASS_VOLUME_FLUSH_IFACE_FREE_SAMPLE_TICKS	0
LIST_EXNEXT_40_ENTRIES_FIRST_PASS_VOLUME_FLUSH_SEAL_COMMIT_CALLS	0
LIST_EXNEXT_40_ENTRIES_FIRST_PASS_VOLUME_FLUSH_SEAL_COMMIT_SAMPLES	0
LIST_EXNEXT_40_ENTRIES_FIRST_PASS_VOLUME_FLUSH_SEAL_COMMIT_SAMPLE_TICKS	0
LIST_EXNEXT_40_ENTRIES_FIRST_PASS_VOLUME_FLUSH_INODE_READ_CALLS	0
LIST_EXNEXT_40_ENTRIES_FIRST_PASS_VOLUME_FLUSH_BTREE_SEARCH_CALLS	0
LIST_EXNEXT_40_ENTRIES_FIRST_PASS_VOLUME_FLUSH_BTREE_INDEX_HINT_HITS	0
LIST_EXNEXT_40_ENTRIES_FIRST_PASS_VOLUME_FLUSH_BTREE_LEAF_HINT_HITS	0
LIST_EXNEXT_40_ENTRIES_FIRST_PASS_VOLUME_FLUSH_CACHE_READ_CALLS	0
LIST_EXNEXT_40_ENTRIES_FIRST_PASS_VOLUME_FLUSH_CACHE_READ_HITS	0
LIST_EXNEXT_40_ENTRIES_FIRST_PASS_VOLUME_FLUSH_CACHE_READ_MISSES	0
LIST_EXNEXT_40_ENTRIES_FIRST_PASS_VOLUME_FLUSH_FREE_TREE_NODE_VIEWS	0
LIST_EXNEXT_40_ENTRIES_FIRST_PASS_VOLUME_FLUSH_FREE_TREE_RESIDENT_VIEWS	0
LIST_EXNEXT_40_ENTRIES_FIRST_PASS_VOLUME_FLUSH_DIR_TREE_NODE_VIEWS	0
LIST_EXNEXT_40_ENTRIES_FIRST_PASS_VOLUME_FLUSH_DIR_TREE_RESIDENT_VIEWS	0
LIST_EXNEXT_40_ENTRIES_FIRST_PASS_VOLUME_FLUSH_INODE_TREE_NODE_VIEWS	0
LIST_EXNEXT_40_ENTRIES_FIRST_PASS_VOLUME_FLUSH_INODE_TREE_RESIDENT_VIEWS	0
LIST_EXNEXT_40_ENTRIES_FIRST_PASS_VOLUME_FLUSH_REFCOUNT_TREE_NODE_VIEWS	0
LIST_EXNEXT_40_ENTRIES_FIRST_PASS_VOLUME_FLUSH_REFCOUNT_TREE_RESIDENT_VIEWS	0
LIST_EXNEXT_40_ENTRIES_FIRST_PASS_VOLUME_FLUSH_OTHER_TREE_NODE_VIEWS	0
LIST_EXNEXT_40_ENTRIES_FIRST_PASS_VOLUME_FLUSH_OTHER_TREE_RESIDENT_VIEWS	0
LIST_EXNEXT_40_ENTRIES_FIRST_PASS_VOLUME_FLUSH_WRITE_DETAIL_INODE_READ_CALLS	0
LIST_EXNEXT_40_ENTRIES_FIRST_PASS_VOLUME_FLUSH_WRITE_DETAIL_INODE_READ_SAMPLES	0
LIST_EXNEXT_40_ENTRIES_FIRST_PASS_VOLUME_FLUSH_WRITE_DETAIL_INODE_READ_SAMPLE_TICKS	0
LIST_EXNEXT_40_ENTRIES_FIRST_PASS_VOLUME_FLUSH_WRITE_DETAIL_INODE_WRITE_CALLS	0
LIST_EXNEXT_40_ENTRIES_FIRST_PASS_VOLUME_FLUSH_WRITE_DETAIL_INODE_WRITE_SAMPLES	0
LIST_EXNEXT_40_ENTRIES_FIRST_PASS_VOLUME_FLUSH_WRITE_DETAIL_INODE_WRITE_SAMPLE_TICKS	0
LIST_EXNEXT_40_ENTRIES_FIRST_PASS_VOLUME_FLUSH_WRITE_DETAIL_EXTENT_MAP_CALLS	0
LIST_EXNEXT_40_ENTRIES_FIRST_PASS_VOLUME_FLUSH_WRITE_DETAIL_EXTENT_MAP_SAMPLES	0
LIST_EXNEXT_40_ENTRIES_FIRST_PASS_VOLUME_FLUSH_WRITE_DETAIL_EXTENT_MAP_SAMPLE_TICKS	0
LIST_EXNEXT_40_ENTRIES_FIRST_PASS_VOLUME_FLUSH_WRITE_DETAIL_FREESPACE_GOAL_CALLS	0
LIST_EXNEXT_40_ENTRIES_FIRST_PASS_VOLUME_FLUSH_WRITE_DETAIL_FREESPACE_GOAL_SAMPLES	0
LIST_EXNEXT_40_ENTRIES_FIRST_PASS_VOLUME_FLUSH_WRITE_DETAIL_FREESPACE_GOAL_SAMPLE_TICKS	0
LIST_EXNEXT_40_ENTRIES_FIRST_PASS_VOLUME_FLUSH_BTREE_MALLOC_CALLS	0
LIST_EXNEXT_40_ENTRIES_FIRST_PASS_VOLUME_FLUSH_BTREE_MALLOC_SAMPLES	0
LIST_EXNEXT_40_ENTRIES_FIRST_PASS_VOLUME_FLUSH_BTREE_MALLOC_SAMPLE_TICKS	0
LIST_EXNEXT_40_ENTRIES_FIRST_PASS_VOLUME_FLUSH_BTREE_FREE_CALLS	0
LIST_EXNEXT_40_ENTRIES_FIRST_PASS_VOLUME_FLUSH_BTREE_FREE_SAMPLES	0
LIST_EXNEXT_40_ENTRIES_FIRST_PASS_VOLUME_FLUSH_BTREE_FREE_SAMPLE_TICKS	0
LIST_EXNEXT_40_ENTRIES_FIRST_PASS_VOLUME_FLUSH_IFACE_ALLOC_CALLS	0
LIST_EXNEXT_40_ENTRIES_FIRST_PASS_VOLUME_FLUSH_IFACE_ALLOC_SAMPLES	0
LIST_EXNEXT_40_ENTRIES_FIRST_PASS_VOLUME_FLUSH_IFACE_ALLOC_SAMPLE_TICKS	0
LIST_EXNEXT_40_ENTRIES_FIRST_PASS_VOLUME_FLUSH_FREESPACE_ALLOC_CALLS	0
LIST_EXNEXT_40_ENTRIES_FIRST_PASS_VOLUME_FLUSH_FREESPACE_ALLOC_SAMPLES	0
LIST_EXNEXT_40_ENTRIES_FIRST_PASS_VOLUME_FLUSH_FREESPACE_ALLOC_SAMPLE_TICKS	0
LIST_EXNEXT_40_ENTRIES_FIRST_PASS_VOLUME_FLUSH_DETAIL_INODE_READ_CALLS	0
LIST_EXNEXT_40_ENTRIES_FIRST_PASS_VOLUME_FLUSH_DETAIL_INODE_READ_SAMPLES	0
LIST_EXNEXT_40_ENTRIES_FIRST_PASS_VOLUME_FLUSH_DETAIL_INODE_READ_SAMPLE_TICKS	0
LIST_EXNEXT_40_ENTRIES_FIRST_PASS_VOLUME_FLUSH_DETAIL_INODE_VALIDATE_CALLS	0
LIST_EXNEXT_40_ENTRIES_FIRST_PASS_VOLUME_FLUSH_DETAIL_INODE_VALIDATE_SAMPLES	0
LIST_EXNEXT_40_ENTRIES_FIRST_PASS_VOLUME_FLUSH_DETAIL_INODE_VALIDATE_SAMPLE_TICKS	0
LIST_EXNEXT_40_ENTRIES_FIRST_PASS_VOLUME_FLUSH_DETAIL_INODE_SEARCH_CALLS	0
LIST_EXNEXT_40_ENTRIES_FIRST_PASS_VOLUME_FLUSH_DETAIL_INODE_SEARCH_SAMPLES	0
LIST_EXNEXT_40_ENTRIES_FIRST_PASS_VOLUME_FLUSH_DETAIL_INODE_SEARCH_SAMPLE_TICKS	0
LIST_EXNEXT_40_ENTRIES_FIRST_PASS_VOLUME_FLUSH_DETAIL_INODE_NODE_VIEW_CALLS	0
LIST_EXNEXT_40_ENTRIES_FIRST_PASS_VOLUME_FLUSH_DETAIL_INODE_NODE_VIEW_SAMPLES	0
LIST_EXNEXT_40_ENTRIES_FIRST_PASS_VOLUME_FLUSH_DETAIL_INODE_NODE_VIEW_SAMPLE_TICKS	0
LIST_EXNEXT_40_ENTRIES_FIRST_PASS_VOLUME_FLUSH_DETAIL_DIR_NODE_VIEW_CALLS	0
LIST_EXNEXT_40_ENTRIES_FIRST_PASS_VOLUME_FLUSH_DETAIL_DIR_NODE_VIEW_SAMPLES	0
LIST_EXNEXT_40_ENTRIES_FIRST_PASS_VOLUME_FLUSH_DETAIL_DIR_NODE_VIEW_SAMPLE_TICKS	0
LIST_EXNEXT_40_ENTRIES_FIRST_PASS_VOLUME_FLUSH_DETAIL_INODE_BINARY_SEARCH_CALLS	0
LIST_EXNEXT_40_ENTRIES_FIRST_PASS_VOLUME_FLUSH_DETAIL_INODE_BINARY_SEARCH_SAMPLES	0
LIST_EXNEXT_40_ENTRIES_FIRST_PASS_VOLUME_FLUSH_DETAIL_INODE_BINARY_SEARCH_SAMPLE_TICKS	0
LIST_EXNEXT_40_ENTRIES_FIRST_PASS_VOLUME_FLUSH_DETAIL_DIR_BINARY_SEARCH_CALLS	0
LIST_EXNEXT_40_ENTRIES_FIRST_PASS_VOLUME_FLUSH_DETAIL_DIR_BINARY_SEARCH_SAMPLES	0
LIST_EXNEXT_40_ENTRIES_FIRST_PASS_VOLUME_FLUSH_DETAIL_DIR_BINARY_SEARCH_SAMPLE_TICKS	0
LIST_EXNEXT_40_ENTRIES_FIRST_PASS_VOLUME_FLUSH_DETAIL_NODE_STRUCTURE_CALLS	0
LIST_EXNEXT_40_ENTRIES_FIRST_PASS_VOLUME_FLUSH_DETAIL_NODE_STRUCTURE_SAMPLES	0
LIST_EXNEXT_40_ENTRIES_FIRST_PASS_VOLUME_FLUSH_DETAIL_NODE_STRUCTURE_SAMPLE_TICKS	0
LIST_EXNEXT_40_ENTRIES_FIRST_PASS_VOLUME_FLUSH_DETAIL_CACHE_PEEK_CALLS	0
LIST_EXNEXT_40_ENTRIES_FIRST_PASS_VOLUME_FLUSH_DETAIL_CACHE_PEEK_SAMPLES	0
LIST_EXNEXT_40_ENTRIES_FIRST_PASS_VOLUME_FLUSH_DETAIL_CACHE_PEEK_SAMPLE_TICKS	0
LIST_EXNEXT_40_ENTRIES_FIRST_PASS_VOLUME_FLUSH_DETAIL_BUFFER_ALLOC_CALLS	0
LIST_EXNEXT_40_ENTRIES_FIRST_PASS_VOLUME_FLUSH_DETAIL_BUFFER_ALLOC_SAMPLES	0
LIST_EXNEXT_40_ENTRIES_FIRST_PASS_VOLUME_FLUSH_DETAIL_BUFFER_ALLOC_SAMPLE_TICKS	0
LIST_EXNEXT_40_ENTRIES_FIRST_PASS_VOLUME_FLUSH_DETAIL_BUFFER_FREE_CALLS	0
LIST_EXNEXT_40_ENTRIES_FIRST_PASS_VOLUME_FLUSH_DETAIL_BUFFER_FREE_SAMPLES	0
LIST_EXNEXT_40_ENTRIES_FIRST_PASS_VOLUME_FLUSH_DETAIL_BUFFER_FREE_SAMPLE_TICKS	0
LIST_EXNEXT_40_ENTRIES_FIRST_PASS_VOLUME_FLUSH_DETAIL_EXALL_FILL_CALLS	0
LIST_EXNEXT_40_ENTRIES_FIRST_PASS_VOLUME_FLUSH_DETAIL_EXALL_FILL_SAMPLES	0
LIST_EXNEXT_40_ENTRIES_FIRST_PASS_VOLUME_FLUSH_DETAIL_EXALL_FILL_SAMPLE_TICKS	0
LIST_EXNEXT_40_ENTRIES_FIRST_PASS_VOLUME_FLUSH_FREESPACE_ALLOCS	0
LIST_EXNEXT_40_ENTRIES_REPEAT10_TOTAL_US	60735
LIST_EXNEXT_40_ENTRIES_REPEAT10_TOTAL_WORK_US	60735
LIST_EXNEXT_40_ENTRIES_REPEAT10_TOTAL_VOLUME_FLUSH_US	0
LIST_EXNEXT_40_ENTRIES_REPEAT10_TOTAL_HAS_VOLUME_FLUSH	0
LIST_EXNEXT_40_ENTRIES_REPEAT10_TOTAL_GUEST_OPEN_CALLS	0
LIST_EXNEXT_40_ENTRIES_REPEAT10_TOTAL_GUEST_OPEN_US	0
LIST_EXNEXT_40_ENTRIES_REPEAT10_TOTAL_GUEST_READ_CALLS	0
LIST_EXNEXT_40_ENTRIES_REPEAT10_TOTAL_GUEST_READ_US	0
LIST_EXNEXT_40_ENTRIES_REPEAT10_TOTAL_GUEST_WRITE_CALLS	0
LIST_EXNEXT_40_ENTRIES_REPEAT10_TOTAL_GUEST_WRITE_US	0
LIST_EXNEXT_40_ENTRIES_REPEAT10_TOTAL_GUEST_HANDLE_FLUSH_CALLS	0
LIST_EXNEXT_40_ENTRIES_REPEAT10_TOTAL_GUEST_HANDLE_FLUSH_US	0
LIST_EXNEXT_40_ENTRIES_REPEAT10_TOTAL_GUEST_CLOSE_CALLS	0
LIST_EXNEXT_40_ENTRIES_REPEAT10_TOTAL_GUEST_CLOSE_US	0
LIST_EXNEXT_40_ENTRIES_REPEAT10_TOTAL_GUEST_VERIFY_CALLS	0
LIST_EXNEXT_40_ENTRIES_REPEAT10_TOTAL_GUEST_VERIFY_US	0
LIST_EXNEXT_40_ENTRIES_REPEAT10_TOTAL_WORK_BIO_READS	0
LIST_EXNEXT_40_ENTRIES_REPEAT10_TOTAL_WORK_BIO_WRITES	0
LIST_EXNEXT_40_ENTRIES_REPEAT10_TOTAL_WORK_BIO_UPDATES	0
LIST_EXNEXT_40_ENTRIES_REPEAT10_TOTAL_WORK_DATA_READS	0
LIST_EXNEXT_40_ENTRIES_REPEAT10_TOTAL_WORK_DATA_WRITES	0
LIST_EXNEXT_40_ENTRIES_REPEAT10_TOTAL_WORK_NODE_WRITES	0
LIST_EXNEXT_40_ENTRIES_REPEAT10_TOTAL_WORK_TXN_COMMITS	0
LIST_EXNEXT_40_ENTRIES_REPEAT10_TOTAL_WORK_EXTENT_MAPS	0
LIST_EXNEXT_40_ENTRIES_REPEAT10_TOTAL_WORK_READ_TICKS	0
LIST_EXNEXT_40_ENTRIES_REPEAT10_TOTAL_WORK_WRITE_TICKS	0
LIST_EXNEXT_40_ENTRIES_REPEAT10_TOTAL_WORK_UPDATE_TICKS	0
LIST_EXNEXT_40_ENTRIES_REPEAT10_TOTAL_WORK_DATA_READ_TICKS	0
LIST_EXNEXT_40_ENTRIES_REPEAT10_TOTAL_WORK_DATA_WRITE_TICKS	0
LIST_EXNEXT_40_ENTRIES_REPEAT10_TOTAL_WORK_NODE_CRC_READ_CALLS	0
LIST_EXNEXT_40_ENTRIES_REPEAT10_TOTAL_WORK_NODE_CRC_READ_SAMPLES	0
LIST_EXNEXT_40_ENTRIES_REPEAT10_TOTAL_WORK_NODE_CRC_READ_SAMPLE_TICKS	0
LIST_EXNEXT_40_ENTRIES_REPEAT10_TOTAL_WORK_NODE_CRC_WRITE_CALLS	0
LIST_EXNEXT_40_ENTRIES_REPEAT10_TOTAL_WORK_NODE_CRC_WRITE_SAMPLES	0
LIST_EXNEXT_40_ENTRIES_REPEAT10_TOTAL_WORK_NODE_CRC_WRITE_SAMPLE_TICKS	0
LIST_EXNEXT_40_ENTRIES_REPEAT10_TOTAL_WORK_CLOCK_PAIR_TICKS	2
LIST_EXNEXT_40_ENTRIES_REPEAT10_TOTAL_WORK_PACKET_CALLS	422
LIST_EXNEXT_40_ENTRIES_REPEAT10_TOTAL_WORK_PACKET_SAMPLES	422
LIST_EXNEXT_40_ENTRIES_REPEAT10_TOTAL_WORK_PACKET_SAMPLE_TICKS	32628
LIST_EXNEXT_40_ENTRIES_REPEAT10_TOTAL_WORK_PACKET_OPEN_CALLS	0
LIST_EXNEXT_40_ENTRIES_REPEAT10_TOTAL_WORK_PACKET_OPEN_SAMPLES	0
LIST_EXNEXT_40_ENTRIES_REPEAT10_TOTAL_WORK_PACKET_OPEN_SAMPLE_TICKS	0
LIST_EXNEXT_40_ENTRIES_REPEAT10_TOTAL_WORK_PACKET_READ_CALLS	0
LIST_EXNEXT_40_ENTRIES_REPEAT10_TOTAL_WORK_PACKET_READ_SAMPLES	0
LIST_EXNEXT_40_ENTRIES_REPEAT10_TOTAL_WORK_PACKET_READ_SAMPLE_TICKS	0
LIST_EXNEXT_40_ENTRIES_REPEAT10_TOTAL_WORK_PACKET_WRITE_CALLS	0
LIST_EXNEXT_40_ENTRIES_REPEAT10_TOTAL_WORK_PACKET_WRITE_SAMPLES	0
LIST_EXNEXT_40_ENTRIES_REPEAT10_TOTAL_WORK_PACKET_WRITE_SAMPLE_TICKS	0
LIST_EXNEXT_40_ENTRIES_REPEAT10_TOTAL_WORK_PACKET_END_CALLS	0
LIST_EXNEXT_40_ENTRIES_REPEAT10_TOTAL_WORK_PACKET_END_SAMPLES	0
LIST_EXNEXT_40_ENTRIES_REPEAT10_TOTAL_WORK_PACKET_END_SAMPLE_TICKS	0
LIST_EXNEXT_40_ENTRIES_REPEAT10_TOTAL_WORK_PACKET_DELETE_CALLS	0
LIST_EXNEXT_40_ENTRIES_REPEAT10_TOTAL_WORK_PACKET_DELETE_SAMPLES	0
LIST_EXNEXT_40_ENTRIES_REPEAT10_TOTAL_WORK_PACKET_DELETE_SAMPLE_TICKS	0
LIST_EXNEXT_40_ENTRIES_REPEAT10_TOTAL_WORK_PACKET_FLUSH_CALLS	0
LIST_EXNEXT_40_ENTRIES_REPEAT10_TOTAL_WORK_PACKET_FLUSH_SAMPLES	0
LIST_EXNEXT_40_ENTRIES_REPEAT10_TOTAL_WORK_PACKET_FLUSH_SAMPLE_TICKS	0
LIST_EXNEXT_40_ENTRIES_REPEAT10_TOTAL_WORK_PACKET_OTHER_CALLS	422
LIST_EXNEXT_40_ENTRIES_REPEAT10_TOTAL_WORK_PACKET_OTHER_SAMPLES	422
LIST_EXNEXT_40_ENTRIES_REPEAT10_TOTAL_WORK_PACKET_OTHER_SAMPLE_TICKS	32628
LIST_EXNEXT_40_ENTRIES_REPEAT10_TOTAL_WORK_CORE_CREATE_CALLS	0
LIST_EXNEXT_40_ENTRIES_REPEAT10_TOTAL_WORK_CORE_CREATE_SAMPLES	0
LIST_EXNEXT_40_ENTRIES_REPEAT10_TOTAL_WORK_CORE_CREATE_SAMPLE_TICKS	0
LIST_EXNEXT_40_ENTRIES_REPEAT10_TOTAL_WORK_CORE_DELETE_CALLS	0
LIST_EXNEXT_40_ENTRIES_REPEAT10_TOTAL_WORK_CORE_DELETE_SAMPLES	0
LIST_EXNEXT_40_ENTRIES_REPEAT10_TOTAL_WORK_CORE_DELETE_SAMPLE_TICKS	0
LIST_EXNEXT_40_ENTRIES_REPEAT10_TOTAL_WORK_CORE_FILE_WRITE_CALLS	0
LIST_EXNEXT_40_ENTRIES_REPEAT10_TOTAL_WORK_CORE_FILE_WRITE_SAMPLES	0
LIST_EXNEXT_40_ENTRIES_REPEAT10_TOTAL_WORK_CORE_FILE_WRITE_SAMPLE_TICKS	0
LIST_EXNEXT_40_ENTRIES_REPEAT10_TOTAL_WORK_CORE_SYNC_CALLS	0
LIST_EXNEXT_40_ENTRIES_REPEAT10_TOTAL_WORK_CORE_SYNC_SAMPLES	0
LIST_EXNEXT_40_ENTRIES_REPEAT10_TOTAL_WORK_CORE_SYNC_SAMPLE_TICKS	0
LIST_EXNEXT_40_ENTRIES_REPEAT10_TOTAL_WORK_IFACE_FREE_CALLS	0
LIST_EXNEXT_40_ENTRIES_REPEAT10_TOTAL_WORK_IFACE_FREE_SAMPLES	0
LIST_EXNEXT_40_ENTRIES_REPEAT10_TOTAL_WORK_IFACE_FREE_SAMPLE_TICKS	0
LIST_EXNEXT_40_ENTRIES_REPEAT10_TOTAL_WORK_SEAL_COMMIT_CALLS	0
LIST_EXNEXT_40_ENTRIES_REPEAT10_TOTAL_WORK_SEAL_COMMIT_SAMPLES	0
LIST_EXNEXT_40_ENTRIES_REPEAT10_TOTAL_WORK_SEAL_COMMIT_SAMPLE_TICKS	0
LIST_EXNEXT_40_ENTRIES_REPEAT10_TOTAL_WORK_INODE_READ_CALLS	410
LIST_EXNEXT_40_ENTRIES_REPEAT10_TOTAL_WORK_BTREE_SEARCH_CALLS	411
LIST_EXNEXT_40_ENTRIES_REPEAT10_TOTAL_WORK_BTREE_INDEX_HINT_HITS	370
LIST_EXNEXT_40_ENTRIES_REPEAT10_TOTAL_WORK_BTREE_LEAF_HINT_HITS	41
LIST_EXNEXT_40_ENTRIES_REPEAT10_TOTAL_WORK_CACHE_READ_CALLS	0
LIST_EXNEXT_40_ENTRIES_REPEAT10_TOTAL_WORK_CACHE_READ_HITS	0
LIST_EXNEXT_40_ENTRIES_REPEAT10_TOTAL_WORK_CACHE_READ_MISSES	0
LIST_EXNEXT_40_ENTRIES_REPEAT10_TOTAL_WORK_FREE_TREE_NODE_VIEWS	0
LIST_EXNEXT_40_ENTRIES_REPEAT10_TOTAL_WORK_FREE_TREE_RESIDENT_VIEWS	0
LIST_EXNEXT_40_ENTRIES_REPEAT10_TOTAL_WORK_DIR_TREE_NODE_VIEWS	320
LIST_EXNEXT_40_ENTRIES_REPEAT10_TOTAL_WORK_DIR_TREE_RESIDENT_VIEWS	320
LIST_EXNEXT_40_ENTRIES_REPEAT10_TOTAL_WORK_INODE_TREE_NODE_VIEWS	0
LIST_EXNEXT_40_ENTRIES_REPEAT10_TOTAL_WORK_INODE_TREE_RESIDENT_VIEWS	0
LIST_EXNEXT_40_ENTRIES_REPEAT10_TOTAL_WORK_REFCOUNT_TREE_NODE_VIEWS	0
LIST_EXNEXT_40_ENTRIES_REPEAT10_TOTAL_WORK_REFCOUNT_TREE_RESIDENT_VIEWS	0
LIST_EXNEXT_40_ENTRIES_REPEAT10_TOTAL_WORK_OTHER_TREE_NODE_VIEWS	0
LIST_EXNEXT_40_ENTRIES_REPEAT10_TOTAL_WORK_OTHER_TREE_RESIDENT_VIEWS	0
LIST_EXNEXT_40_ENTRIES_REPEAT10_TOTAL_WORK_WRITE_DETAIL_INODE_READ_CALLS	410
LIST_EXNEXT_40_ENTRIES_REPEAT10_TOTAL_WORK_WRITE_DETAIL_INODE_READ_SAMPLES	410
LIST_EXNEXT_40_ENTRIES_REPEAT10_TOTAL_WORK_WRITE_DETAIL_INODE_READ_SAMPLE_TICKS	8182
LIST_EXNEXT_40_ENTRIES_REPEAT10_TOTAL_WORK_WRITE_DETAIL_INODE_WRITE_CALLS	0
LIST_EXNEXT_40_ENTRIES_REPEAT10_TOTAL_WORK_WRITE_DETAIL_INODE_WRITE_SAMPLES	0
LIST_EXNEXT_40_ENTRIES_REPEAT10_TOTAL_WORK_WRITE_DETAIL_INODE_WRITE_SAMPLE_TICKS	0
LIST_EXNEXT_40_ENTRIES_REPEAT10_TOTAL_WORK_WRITE_DETAIL_EXTENT_MAP_CALLS	0
LIST_EXNEXT_40_ENTRIES_REPEAT10_TOTAL_WORK_WRITE_DETAIL_EXTENT_MAP_SAMPLES	0
LIST_EXNEXT_40_ENTRIES_REPEAT10_TOTAL_WORK_WRITE_DETAIL_EXTENT_MAP_SAMPLE_TICKS	0
LIST_EXNEXT_40_ENTRIES_REPEAT10_TOTAL_WORK_WRITE_DETAIL_FREESPACE_GOAL_CALLS	0
LIST_EXNEXT_40_ENTRIES_REPEAT10_TOTAL_WORK_WRITE_DETAIL_FREESPACE_GOAL_SAMPLES	0
LIST_EXNEXT_40_ENTRIES_REPEAT10_TOTAL_WORK_WRITE_DETAIL_FREESPACE_GOAL_SAMPLE_TICKS	0
LIST_EXNEXT_40_ENTRIES_REPEAT10_TOTAL_WORK_BTREE_MALLOC_CALLS	41
LIST_EXNEXT_40_ENTRIES_REPEAT10_TOTAL_WORK_BTREE_MALLOC_SAMPLES	41
LIST_EXNEXT_40_ENTRIES_REPEAT10_TOTAL_WORK_BTREE_MALLOC_SAMPLE_TICKS	227
LIST_EXNEXT_40_ENTRIES_REPEAT10_TOTAL_WORK_BTREE_FREE_CALLS	421
LIST_EXNEXT_40_ENTRIES_REPEAT10_TOTAL_WORK_BTREE_FREE_SAMPLES	421
LIST_EXNEXT_40_ENTRIES_REPEAT10_TOTAL_WORK_BTREE_FREE_SAMPLE_TICKS	1173
LIST_EXNEXT_40_ENTRIES_REPEAT10_TOTAL_WORK_IFACE_ALLOC_CALLS	0
LIST_EXNEXT_40_ENTRIES_REPEAT10_TOTAL_WORK_IFACE_ALLOC_SAMPLES	0
LIST_EXNEXT_40_ENTRIES_REPEAT10_TOTAL_WORK_IFACE_ALLOC_SAMPLE_TICKS	0
LIST_EXNEXT_40_ENTRIES_REPEAT10_TOTAL_WORK_FREESPACE_ALLOC_CALLS	0
LIST_EXNEXT_40_ENTRIES_REPEAT10_TOTAL_WORK_FREESPACE_ALLOC_SAMPLES	0
LIST_EXNEXT_40_ENTRIES_REPEAT10_TOTAL_WORK_FREESPACE_ALLOC_SAMPLE_TICKS	0
LIST_EXNEXT_40_ENTRIES_REPEAT10_TOTAL_WORK_DETAIL_INODE_READ_CALLS	410
LIST_EXNEXT_40_ENTRIES_REPEAT10_TOTAL_WORK_DETAIL_INODE_READ_SAMPLES	24
LIST_EXNEXT_40_ENTRIES_REPEAT10_TOTAL_WORK_DETAIL_INODE_READ_SAMPLE_TICKS	641
LIST_EXNEXT_40_ENTRIES_REPEAT10_TOTAL_WORK_DETAIL_INODE_VALIDATE_CALLS	410
LIST_EXNEXT_40_ENTRIES_REPEAT10_TOTAL_WORK_DETAIL_INODE_VALIDATE_SAMPLES	24
LIST_EXNEXT_40_ENTRIES_REPEAT10_TOTAL_WORK_DETAIL_INODE_VALIDATE_SAMPLE_TICKS	65
LIST_EXNEXT_40_ENTRIES_REPEAT10_TOTAL_WORK_DETAIL_INODE_SEARCH_CALLS	410
LIST_EXNEXT_40_ENTRIES_REPEAT10_TOTAL_WORK_DETAIL_INODE_SEARCH_SAMPLES	24
LIST_EXNEXT_40_ENTRIES_REPEAT10_TOTAL_WORK_DETAIL_INODE_SEARCH_SAMPLE_TICKS	407
LIST_EXNEXT_40_ENTRIES_REPEAT10_TOTAL_WORK_DETAIL_INODE_NODE_VIEW_CALLS	0
LIST_EXNEXT_40_ENTRIES_REPEAT10_TOTAL_WORK_DETAIL_INODE_NODE_VIEW_SAMPLES	0
LIST_EXNEXT_40_ENTRIES_REPEAT10_TOTAL_WORK_DETAIL_INODE_NODE_VIEW_SAMPLE_TICKS	0
LIST_EXNEXT_40_ENTRIES_REPEAT10_TOTAL_WORK_DETAIL_DIR_NODE_VIEW_CALLS	320
LIST_EXNEXT_40_ENTRIES_REPEAT10_TOTAL_WORK_DETAIL_DIR_NODE_VIEW_SAMPLES	18
LIST_EXNEXT_40_ENTRIES_REPEAT10_TOTAL_WORK_DETAIL_DIR_NODE_VIEW_SAMPLE_TICKS	319
LIST_EXNEXT_40_ENTRIES_REPEAT10_TOTAL_WORK_DETAIL_INODE_BINARY_SEARCH_CALLS	20
LIST_EXNEXT_40_ENTRIES_REPEAT10_TOTAL_WORK_DETAIL_INODE_BINARY_SEARCH_SAMPLES	1
LIST_EXNEXT_40_ENTRIES_REPEAT10_TOTAL_WORK_DETAIL_INODE_BINARY_SEARCH_SAMPLE_TICKS	0
LIST_EXNEXT_40_ENTRIES_REPEAT10_TOTAL_WORK_DETAIL_DIR_BINARY_SEARCH_CALLS	241
LIST_EXNEXT_40_ENTRIES_REPEAT10_TOTAL_WORK_DETAIL_DIR_BINARY_SEARCH_SAMPLES	14
LIST_EXNEXT_40_ENTRIES_REPEAT10_TOTAL_WORK_DETAIL_DIR_BINARY_SEARCH_SAMPLE_TICKS	39
LIST_EXNEXT_40_ENTRIES_REPEAT10_TOTAL_WORK_DETAIL_NODE_STRUCTURE_CALLS	0
LIST_EXNEXT_40_ENTRIES_REPEAT10_TOTAL_WORK_DETAIL_NODE_STRUCTURE_SAMPLES	0
LIST_EXNEXT_40_ENTRIES_REPEAT10_TOTAL_WORK_DETAIL_NODE_STRUCTURE_SAMPLE_TICKS	0
LIST_EXNEXT_40_ENTRIES_REPEAT10_TOTAL_WORK_DETAIL_CACHE_PEEK_CALLS	731
LIST_EXNEXT_40_ENTRIES_REPEAT10_TOTAL_WORK_DETAIL_CACHE_PEEK_SAMPLES	43
LIST_EXNEXT_40_ENTRIES_REPEAT10_TOTAL_WORK_DETAIL_CACHE_PEEK_SAMPLE_TICKS	147
LIST_EXNEXT_40_ENTRIES_REPEAT10_TOTAL_WORK_DETAIL_BUFFER_ALLOC_CALLS	420
LIST_EXNEXT_40_ENTRIES_REPEAT10_TOTAL_WORK_DETAIL_BUFFER_ALLOC_SAMPLES	24
LIST_EXNEXT_40_ENTRIES_REPEAT10_TOTAL_WORK_DETAIL_BUFFER_ALLOC_SAMPLE_TICKS	186
LIST_EXNEXT_40_ENTRIES_REPEAT10_TOTAL_WORK_DETAIL_BUFFER_FREE_CALLS	420
LIST_EXNEXT_40_ENTRIES_REPEAT10_TOTAL_WORK_DETAIL_BUFFER_FREE_SAMPLES	24
LIST_EXNEXT_40_ENTRIES_REPEAT10_TOTAL_WORK_DETAIL_BUFFER_FREE_SAMPLE_TICKS	90
LIST_EXNEXT_40_ENTRIES_REPEAT10_TOTAL_WORK_DETAIL_EXALL_FILL_CALLS	0
LIST_EXNEXT_40_ENTRIES_REPEAT10_TOTAL_WORK_DETAIL_EXALL_FILL_SAMPLES	0
LIST_EXNEXT_40_ENTRIES_REPEAT10_TOTAL_WORK_DETAIL_EXALL_FILL_SAMPLE_TICKS	0
LIST_EXNEXT_40_ENTRIES_REPEAT10_TOTAL_WORK_FREESPACE_ALLOCS	0
LIST_EXNEXT_40_ENTRIES_REPEAT10_TOTAL_VOLUME_FLUSH_BIO_READS	0
LIST_EXNEXT_40_ENTRIES_REPEAT10_TOTAL_VOLUME_FLUSH_BIO_WRITES	0
LIST_EXNEXT_40_ENTRIES_REPEAT10_TOTAL_VOLUME_FLUSH_BIO_UPDATES	0
LIST_EXNEXT_40_ENTRIES_REPEAT10_TOTAL_VOLUME_FLUSH_DATA_READS	0
LIST_EXNEXT_40_ENTRIES_REPEAT10_TOTAL_VOLUME_FLUSH_DATA_WRITES	0
LIST_EXNEXT_40_ENTRIES_REPEAT10_TOTAL_VOLUME_FLUSH_NODE_WRITES	0
LIST_EXNEXT_40_ENTRIES_REPEAT10_TOTAL_VOLUME_FLUSH_TXN_COMMITS	0
LIST_EXNEXT_40_ENTRIES_REPEAT10_TOTAL_VOLUME_FLUSH_EXTENT_MAPS	0
LIST_EXNEXT_40_ENTRIES_REPEAT10_TOTAL_VOLUME_FLUSH_READ_TICKS	0
LIST_EXNEXT_40_ENTRIES_REPEAT10_TOTAL_VOLUME_FLUSH_WRITE_TICKS	0
LIST_EXNEXT_40_ENTRIES_REPEAT10_TOTAL_VOLUME_FLUSH_UPDATE_TICKS	0
LIST_EXNEXT_40_ENTRIES_REPEAT10_TOTAL_VOLUME_FLUSH_DATA_READ_TICKS	0
LIST_EXNEXT_40_ENTRIES_REPEAT10_TOTAL_VOLUME_FLUSH_DATA_WRITE_TICKS	0
LIST_EXNEXT_40_ENTRIES_REPEAT10_TOTAL_VOLUME_FLUSH_NODE_CRC_READ_CALLS	0
LIST_EXNEXT_40_ENTRIES_REPEAT10_TOTAL_VOLUME_FLUSH_NODE_CRC_READ_SAMPLES	0
LIST_EXNEXT_40_ENTRIES_REPEAT10_TOTAL_VOLUME_FLUSH_NODE_CRC_READ_SAMPLE_TICKS	0
LIST_EXNEXT_40_ENTRIES_REPEAT10_TOTAL_VOLUME_FLUSH_NODE_CRC_WRITE_CALLS	0
LIST_EXNEXT_40_ENTRIES_REPEAT10_TOTAL_VOLUME_FLUSH_NODE_CRC_WRITE_SAMPLES	0
LIST_EXNEXT_40_ENTRIES_REPEAT10_TOTAL_VOLUME_FLUSH_NODE_CRC_WRITE_SAMPLE_TICKS	0
LIST_EXNEXT_40_ENTRIES_REPEAT10_TOTAL_VOLUME_FLUSH_CLOCK_PAIR_TICKS	0
LIST_EXNEXT_40_ENTRIES_REPEAT10_TOTAL_VOLUME_FLUSH_PACKET_CALLS	0
LIST_EXNEXT_40_ENTRIES_REPEAT10_TOTAL_VOLUME_FLUSH_PACKET_SAMPLES	0
LIST_EXNEXT_40_ENTRIES_REPEAT10_TOTAL_VOLUME_FLUSH_PACKET_SAMPLE_TICKS	0
LIST_EXNEXT_40_ENTRIES_REPEAT10_TOTAL_VOLUME_FLUSH_PACKET_OPEN_CALLS	0
LIST_EXNEXT_40_ENTRIES_REPEAT10_TOTAL_VOLUME_FLUSH_PACKET_OPEN_SAMPLES	0
LIST_EXNEXT_40_ENTRIES_REPEAT10_TOTAL_VOLUME_FLUSH_PACKET_OPEN_SAMPLE_TICKS	0
LIST_EXNEXT_40_ENTRIES_REPEAT10_TOTAL_VOLUME_FLUSH_PACKET_READ_CALLS	0
LIST_EXNEXT_40_ENTRIES_REPEAT10_TOTAL_VOLUME_FLUSH_PACKET_READ_SAMPLES	0
LIST_EXNEXT_40_ENTRIES_REPEAT10_TOTAL_VOLUME_FLUSH_PACKET_READ_SAMPLE_TICKS	0
LIST_EXNEXT_40_ENTRIES_REPEAT10_TOTAL_VOLUME_FLUSH_PACKET_WRITE_CALLS	0
LIST_EXNEXT_40_ENTRIES_REPEAT10_TOTAL_VOLUME_FLUSH_PACKET_WRITE_SAMPLES	0
LIST_EXNEXT_40_ENTRIES_REPEAT10_TOTAL_VOLUME_FLUSH_PACKET_WRITE_SAMPLE_TICKS	0
LIST_EXNEXT_40_ENTRIES_REPEAT10_TOTAL_VOLUME_FLUSH_PACKET_END_CALLS	0
LIST_EXNEXT_40_ENTRIES_REPEAT10_TOTAL_VOLUME_FLUSH_PACKET_END_SAMPLES	0
LIST_EXNEXT_40_ENTRIES_REPEAT10_TOTAL_VOLUME_FLUSH_PACKET_END_SAMPLE_TICKS	0
LIST_EXNEXT_40_ENTRIES_REPEAT10_TOTAL_VOLUME_FLUSH_PACKET_DELETE_CALLS	0
LIST_EXNEXT_40_ENTRIES_REPEAT10_TOTAL_VOLUME_FLUSH_PACKET_DELETE_SAMPLES	0
LIST_EXNEXT_40_ENTRIES_REPEAT10_TOTAL_VOLUME_FLUSH_PACKET_DELETE_SAMPLE_TICKS	0
LIST_EXNEXT_40_ENTRIES_REPEAT10_TOTAL_VOLUME_FLUSH_PACKET_FLUSH_CALLS	0
LIST_EXNEXT_40_ENTRIES_REPEAT10_TOTAL_VOLUME_FLUSH_PACKET_FLUSH_SAMPLES	0
LIST_EXNEXT_40_ENTRIES_REPEAT10_TOTAL_VOLUME_FLUSH_PACKET_FLUSH_SAMPLE_TICKS	0
LIST_EXNEXT_40_ENTRIES_REPEAT10_TOTAL_VOLUME_FLUSH_PACKET_OTHER_CALLS	0
LIST_EXNEXT_40_ENTRIES_REPEAT10_TOTAL_VOLUME_FLUSH_PACKET_OTHER_SAMPLES	0
LIST_EXNEXT_40_ENTRIES_REPEAT10_TOTAL_VOLUME_FLUSH_PACKET_OTHER_SAMPLE_TICKS	0
LIST_EXNEXT_40_ENTRIES_REPEAT10_TOTAL_VOLUME_FLUSH_CORE_CREATE_CALLS	0
LIST_EXNEXT_40_ENTRIES_REPEAT10_TOTAL_VOLUME_FLUSH_CORE_CREATE_SAMPLES	0
LIST_EXNEXT_40_ENTRIES_REPEAT10_TOTAL_VOLUME_FLUSH_CORE_CREATE_SAMPLE_TICKS	0
LIST_EXNEXT_40_ENTRIES_REPEAT10_TOTAL_VOLUME_FLUSH_CORE_DELETE_CALLS	0
LIST_EXNEXT_40_ENTRIES_REPEAT10_TOTAL_VOLUME_FLUSH_CORE_DELETE_SAMPLES	0
LIST_EXNEXT_40_ENTRIES_REPEAT10_TOTAL_VOLUME_FLUSH_CORE_DELETE_SAMPLE_TICKS	0
LIST_EXNEXT_40_ENTRIES_REPEAT10_TOTAL_VOLUME_FLUSH_CORE_FILE_WRITE_CALLS	0
LIST_EXNEXT_40_ENTRIES_REPEAT10_TOTAL_VOLUME_FLUSH_CORE_FILE_WRITE_SAMPLES	0
LIST_EXNEXT_40_ENTRIES_REPEAT10_TOTAL_VOLUME_FLUSH_CORE_FILE_WRITE_SAMPLE_TICKS	0
LIST_EXNEXT_40_ENTRIES_REPEAT10_TOTAL_VOLUME_FLUSH_CORE_SYNC_CALLS	0
LIST_EXNEXT_40_ENTRIES_REPEAT10_TOTAL_VOLUME_FLUSH_CORE_SYNC_SAMPLES	0
LIST_EXNEXT_40_ENTRIES_REPEAT10_TOTAL_VOLUME_FLUSH_CORE_SYNC_SAMPLE_TICKS	0
LIST_EXNEXT_40_ENTRIES_REPEAT10_TOTAL_VOLUME_FLUSH_IFACE_FREE_CALLS	0
LIST_EXNEXT_40_ENTRIES_REPEAT10_TOTAL_VOLUME_FLUSH_IFACE_FREE_SAMPLES	0
LIST_EXNEXT_40_ENTRIES_REPEAT10_TOTAL_VOLUME_FLUSH_IFACE_FREE_SAMPLE_TICKS	0
LIST_EXNEXT_40_ENTRIES_REPEAT10_TOTAL_VOLUME_FLUSH_SEAL_COMMIT_CALLS	0
LIST_EXNEXT_40_ENTRIES_REPEAT10_TOTAL_VOLUME_FLUSH_SEAL_COMMIT_SAMPLES	0
LIST_EXNEXT_40_ENTRIES_REPEAT10_TOTAL_VOLUME_FLUSH_SEAL_COMMIT_SAMPLE_TICKS	0
LIST_EXNEXT_40_ENTRIES_REPEAT10_TOTAL_VOLUME_FLUSH_INODE_READ_CALLS	0
LIST_EXNEXT_40_ENTRIES_REPEAT10_TOTAL_VOLUME_FLUSH_BTREE_SEARCH_CALLS	0
LIST_EXNEXT_40_ENTRIES_REPEAT10_TOTAL_VOLUME_FLUSH_BTREE_INDEX_HINT_HITS	0
LIST_EXNEXT_40_ENTRIES_REPEAT10_TOTAL_VOLUME_FLUSH_BTREE_LEAF_HINT_HITS	0
LIST_EXNEXT_40_ENTRIES_REPEAT10_TOTAL_VOLUME_FLUSH_CACHE_READ_CALLS	0
LIST_EXNEXT_40_ENTRIES_REPEAT10_TOTAL_VOLUME_FLUSH_CACHE_READ_HITS	0
LIST_EXNEXT_40_ENTRIES_REPEAT10_TOTAL_VOLUME_FLUSH_CACHE_READ_MISSES	0
LIST_EXNEXT_40_ENTRIES_REPEAT10_TOTAL_VOLUME_FLUSH_FREE_TREE_NODE_VIEWS	0
LIST_EXNEXT_40_ENTRIES_REPEAT10_TOTAL_VOLUME_FLUSH_FREE_TREE_RESIDENT_VIEWS	0
LIST_EXNEXT_40_ENTRIES_REPEAT10_TOTAL_VOLUME_FLUSH_DIR_TREE_NODE_VIEWS	0
LIST_EXNEXT_40_ENTRIES_REPEAT10_TOTAL_VOLUME_FLUSH_DIR_TREE_RESIDENT_VIEWS	0
LIST_EXNEXT_40_ENTRIES_REPEAT10_TOTAL_VOLUME_FLUSH_INODE_TREE_NODE_VIEWS	0
LIST_EXNEXT_40_ENTRIES_REPEAT10_TOTAL_VOLUME_FLUSH_INODE_TREE_RESIDENT_VIEWS	0
LIST_EXNEXT_40_ENTRIES_REPEAT10_TOTAL_VOLUME_FLUSH_REFCOUNT_TREE_NODE_VIEWS	0
LIST_EXNEXT_40_ENTRIES_REPEAT10_TOTAL_VOLUME_FLUSH_REFCOUNT_TREE_RESIDENT_VIEWS	0
LIST_EXNEXT_40_ENTRIES_REPEAT10_TOTAL_VOLUME_FLUSH_OTHER_TREE_NODE_VIEWS	0
LIST_EXNEXT_40_ENTRIES_REPEAT10_TOTAL_VOLUME_FLUSH_OTHER_TREE_RESIDENT_VIEWS	0
LIST_EXNEXT_40_ENTRIES_REPEAT10_TOTAL_VOLUME_FLUSH_WRITE_DETAIL_INODE_READ_CALLS	0
LIST_EXNEXT_40_ENTRIES_REPEAT10_TOTAL_VOLUME_FLUSH_WRITE_DETAIL_INODE_READ_SAMPLES	0
LIST_EXNEXT_40_ENTRIES_REPEAT10_TOTAL_VOLUME_FLUSH_WRITE_DETAIL_INODE_READ_SAMPLE_TICKS	0
LIST_EXNEXT_40_ENTRIES_REPEAT10_TOTAL_VOLUME_FLUSH_WRITE_DETAIL_INODE_WRITE_CALLS	0
LIST_EXNEXT_40_ENTRIES_REPEAT10_TOTAL_VOLUME_FLUSH_WRITE_DETAIL_INODE_WRITE_SAMPLES	0
LIST_EXNEXT_40_ENTRIES_REPEAT10_TOTAL_VOLUME_FLUSH_WRITE_DETAIL_INODE_WRITE_SAMPLE_TICKS	0
LIST_EXNEXT_40_ENTRIES_REPEAT10_TOTAL_VOLUME_FLUSH_WRITE_DETAIL_EXTENT_MAP_CALLS	0
LIST_EXNEXT_40_ENTRIES_REPEAT10_TOTAL_VOLUME_FLUSH_WRITE_DETAIL_EXTENT_MAP_SAMPLES	0
LIST_EXNEXT_40_ENTRIES_REPEAT10_TOTAL_VOLUME_FLUSH_WRITE_DETAIL_EXTENT_MAP_SAMPLE_TICKS	0
LIST_EXNEXT_40_ENTRIES_REPEAT10_TOTAL_VOLUME_FLUSH_WRITE_DETAIL_FREESPACE_GOAL_CALLS	0
LIST_EXNEXT_40_ENTRIES_REPEAT10_TOTAL_VOLUME_FLUSH_WRITE_DETAIL_FREESPACE_GOAL_SAMPLES	0
LIST_EXNEXT_40_ENTRIES_REPEAT10_TOTAL_VOLUME_FLUSH_WRITE_DETAIL_FREESPACE_GOAL_SAMPLE_TICKS	0
LIST_EXNEXT_40_ENTRIES_REPEAT10_TOTAL_VOLUME_FLUSH_BTREE_MALLOC_CALLS	0
LIST_EXNEXT_40_ENTRIES_REPEAT10_TOTAL_VOLUME_FLUSH_BTREE_MALLOC_SAMPLES	0
LIST_EXNEXT_40_ENTRIES_REPEAT10_TOTAL_VOLUME_FLUSH_BTREE_MALLOC_SAMPLE_TICKS	0
LIST_EXNEXT_40_ENTRIES_REPEAT10_TOTAL_VOLUME_FLUSH_BTREE_FREE_CALLS	0
LIST_EXNEXT_40_ENTRIES_REPEAT10_TOTAL_VOLUME_FLUSH_BTREE_FREE_SAMPLES	0
LIST_EXNEXT_40_ENTRIES_REPEAT10_TOTAL_VOLUME_FLUSH_BTREE_FREE_SAMPLE_TICKS	0
LIST_EXNEXT_40_ENTRIES_REPEAT10_TOTAL_VOLUME_FLUSH_IFACE_ALLOC_CALLS	0
LIST_EXNEXT_40_ENTRIES_REPEAT10_TOTAL_VOLUME_FLUSH_IFACE_ALLOC_SAMPLES	0
LIST_EXNEXT_40_ENTRIES_REPEAT10_TOTAL_VOLUME_FLUSH_IFACE_ALLOC_SAMPLE_TICKS	0
LIST_EXNEXT_40_ENTRIES_REPEAT10_TOTAL_VOLUME_FLUSH_FREESPACE_ALLOC_CALLS	0
LIST_EXNEXT_40_ENTRIES_REPEAT10_TOTAL_VOLUME_FLUSH_FREESPACE_ALLOC_SAMPLES	0
LIST_EXNEXT_40_ENTRIES_REPEAT10_TOTAL_VOLUME_FLUSH_FREESPACE_ALLOC_SAMPLE_TICKS	0
LIST_EXNEXT_40_ENTRIES_REPEAT10_TOTAL_VOLUME_FLUSH_DETAIL_INODE_READ_CALLS	0
LIST_EXNEXT_40_ENTRIES_REPEAT10_TOTAL_VOLUME_FLUSH_DETAIL_INODE_READ_SAMPLES	0
LIST_EXNEXT_40_ENTRIES_REPEAT10_TOTAL_VOLUME_FLUSH_DETAIL_INODE_READ_SAMPLE_TICKS	0
LIST_EXNEXT_40_ENTRIES_REPEAT10_TOTAL_VOLUME_FLUSH_DETAIL_INODE_VALIDATE_CALLS	0
LIST_EXNEXT_40_ENTRIES_REPEAT10_TOTAL_VOLUME_FLUSH_DETAIL_INODE_VALIDATE_SAMPLES	0
LIST_EXNEXT_40_ENTRIES_REPEAT10_TOTAL_VOLUME_FLUSH_DETAIL_INODE_VALIDATE_SAMPLE_TICKS	0
LIST_EXNEXT_40_ENTRIES_REPEAT10_TOTAL_VOLUME_FLUSH_DETAIL_INODE_SEARCH_CALLS	0
LIST_EXNEXT_40_ENTRIES_REPEAT10_TOTAL_VOLUME_FLUSH_DETAIL_INODE_SEARCH_SAMPLES	0
LIST_EXNEXT_40_ENTRIES_REPEAT10_TOTAL_VOLUME_FLUSH_DETAIL_INODE_SEARCH_SAMPLE_TICKS	0
LIST_EXNEXT_40_ENTRIES_REPEAT10_TOTAL_VOLUME_FLUSH_DETAIL_INODE_NODE_VIEW_CALLS	0
LIST_EXNEXT_40_ENTRIES_REPEAT10_TOTAL_VOLUME_FLUSH_DETAIL_INODE_NODE_VIEW_SAMPLES	0
LIST_EXNEXT_40_ENTRIES_REPEAT10_TOTAL_VOLUME_FLUSH_DETAIL_INODE_NODE_VIEW_SAMPLE_TICKS	0
LIST_EXNEXT_40_ENTRIES_REPEAT10_TOTAL_VOLUME_FLUSH_DETAIL_DIR_NODE_VIEW_CALLS	0
LIST_EXNEXT_40_ENTRIES_REPEAT10_TOTAL_VOLUME_FLUSH_DETAIL_DIR_NODE_VIEW_SAMPLES	0
LIST_EXNEXT_40_ENTRIES_REPEAT10_TOTAL_VOLUME_FLUSH_DETAIL_DIR_NODE_VIEW_SAMPLE_TICKS	0
LIST_EXNEXT_40_ENTRIES_REPEAT10_TOTAL_VOLUME_FLUSH_DETAIL_INODE_BINARY_SEARCH_CALLS	0
LIST_EXNEXT_40_ENTRIES_REPEAT10_TOTAL_VOLUME_FLUSH_DETAIL_INODE_BINARY_SEARCH_SAMPLES	0
LIST_EXNEXT_40_ENTRIES_REPEAT10_TOTAL_VOLUME_FLUSH_DETAIL_INODE_BINARY_SEARCH_SAMPLE_TICKS	0
LIST_EXNEXT_40_ENTRIES_REPEAT10_TOTAL_VOLUME_FLUSH_DETAIL_DIR_BINARY_SEARCH_CALLS	0
LIST_EXNEXT_40_ENTRIES_REPEAT10_TOTAL_VOLUME_FLUSH_DETAIL_DIR_BINARY_SEARCH_SAMPLES	0
LIST_EXNEXT_40_ENTRIES_REPEAT10_TOTAL_VOLUME_FLUSH_DETAIL_DIR_BINARY_SEARCH_SAMPLE_TICKS	0
LIST_EXNEXT_40_ENTRIES_REPEAT10_TOTAL_VOLUME_FLUSH_DETAIL_NODE_STRUCTURE_CALLS	0
LIST_EXNEXT_40_ENTRIES_REPEAT10_TOTAL_VOLUME_FLUSH_DETAIL_NODE_STRUCTURE_SAMPLES	0
LIST_EXNEXT_40_ENTRIES_REPEAT10_TOTAL_VOLUME_FLUSH_DETAIL_NODE_STRUCTURE_SAMPLE_TICKS	0
LIST_EXNEXT_40_ENTRIES_REPEAT10_TOTAL_VOLUME_FLUSH_DETAIL_CACHE_PEEK_CALLS	0
LIST_EXNEXT_40_ENTRIES_REPEAT10_TOTAL_VOLUME_FLUSH_DETAIL_CACHE_PEEK_SAMPLES	0
LIST_EXNEXT_40_ENTRIES_REPEAT10_TOTAL_VOLUME_FLUSH_DETAIL_CACHE_PEEK_SAMPLE_TICKS	0
LIST_EXNEXT_40_ENTRIES_REPEAT10_TOTAL_VOLUME_FLUSH_DETAIL_BUFFER_ALLOC_CALLS	0
LIST_EXNEXT_40_ENTRIES_REPEAT10_TOTAL_VOLUME_FLUSH_DETAIL_BUFFER_ALLOC_SAMPLES	0
LIST_EXNEXT_40_ENTRIES_REPEAT10_TOTAL_VOLUME_FLUSH_DETAIL_BUFFER_ALLOC_SAMPLE_TICKS	0
LIST_EXNEXT_40_ENTRIES_REPEAT10_TOTAL_VOLUME_FLUSH_DETAIL_BUFFER_FREE_CALLS	0
LIST_EXNEXT_40_ENTRIES_REPEAT10_TOTAL_VOLUME_FLUSH_DETAIL_BUFFER_FREE_SAMPLES	0
LIST_EXNEXT_40_ENTRIES_REPEAT10_TOTAL_VOLUME_FLUSH_DETAIL_BUFFER_FREE_SAMPLE_TICKS	0
LIST_EXNEXT_40_ENTRIES_REPEAT10_TOTAL_VOLUME_FLUSH_DETAIL_EXALL_FILL_CALLS	0
LIST_EXNEXT_40_ENTRIES_REPEAT10_TOTAL_VOLUME_FLUSH_DETAIL_EXALL_FILL_SAMPLES	0
LIST_EXNEXT_40_ENTRIES_REPEAT10_TOTAL_VOLUME_FLUSH_DETAIL_EXALL_FILL_SAMPLE_TICKS	0
LIST_EXNEXT_40_ENTRIES_REPEAT10_TOTAL_VOLUME_FLUSH_FREESPACE_ALLOCS	0
LIST_EXALL_40_ENTRIES_FIRST_PASS_US	4480
LIST_EXALL_40_ENTRIES_FIRST_PASS_WORK_US	4480
LIST_EXALL_40_ENTRIES_FIRST_PASS_VOLUME_FLUSH_US	0
LIST_EXALL_40_ENTRIES_FIRST_PASS_HAS_VOLUME_FLUSH	0
LIST_EXALL_40_ENTRIES_FIRST_PASS_GUEST_OPEN_CALLS	0
LIST_EXALL_40_ENTRIES_FIRST_PASS_GUEST_OPEN_US	0
LIST_EXALL_40_ENTRIES_FIRST_PASS_GUEST_READ_CALLS	0
LIST_EXALL_40_ENTRIES_FIRST_PASS_GUEST_READ_US	0
LIST_EXALL_40_ENTRIES_FIRST_PASS_GUEST_WRITE_CALLS	0
LIST_EXALL_40_ENTRIES_FIRST_PASS_GUEST_WRITE_US	0
LIST_EXALL_40_ENTRIES_FIRST_PASS_GUEST_HANDLE_FLUSH_CALLS	0
LIST_EXALL_40_ENTRIES_FIRST_PASS_GUEST_HANDLE_FLUSH_US	0
LIST_EXALL_40_ENTRIES_FIRST_PASS_GUEST_CLOSE_CALLS	0
LIST_EXALL_40_ENTRIES_FIRST_PASS_GUEST_CLOSE_US	0
LIST_EXALL_40_ENTRIES_FIRST_PASS_GUEST_VERIFY_CALLS	0
LIST_EXALL_40_ENTRIES_FIRST_PASS_GUEST_VERIFY_US	0
LIST_EXALL_40_ENTRIES_FIRST_PASS_WORK_BIO_READS	7
LIST_EXALL_40_ENTRIES_FIRST_PASS_WORK_BIO_WRITES	0
LIST_EXALL_40_ENTRIES_FIRST_PASS_WORK_BIO_UPDATES	0
LIST_EXALL_40_ENTRIES_FIRST_PASS_WORK_DATA_READS	0
LIST_EXALL_40_ENTRIES_FIRST_PASS_WORK_DATA_WRITES	0
LIST_EXALL_40_ENTRIES_FIRST_PASS_WORK_NODE_WRITES	0
LIST_EXALL_40_ENTRIES_FIRST_PASS_WORK_TXN_COMMITS	0
LIST_EXALL_40_ENTRIES_FIRST_PASS_WORK_EXTENT_MAPS	0
LIST_EXALL_40_ENTRIES_FIRST_PASS_WORK_READ_TICKS	573
LIST_EXALL_40_ENTRIES_FIRST_PASS_WORK_WRITE_TICKS	0
LIST_EXALL_40_ENTRIES_FIRST_PASS_WORK_UPDATE_TICKS	0
LIST_EXALL_40_ENTRIES_FIRST_PASS_WORK_DATA_READ_TICKS	0
LIST_EXALL_40_ENTRIES_FIRST_PASS_WORK_DATA_WRITE_TICKS	0
LIST_EXALL_40_ENTRIES_FIRST_PASS_WORK_NODE_CRC_READ_CALLS	7
LIST_EXALL_40_ENTRIES_FIRST_PASS_WORK_NODE_CRC_READ_SAMPLES	7
LIST_EXALL_40_ENTRIES_FIRST_PASS_WORK_NODE_CRC_READ_SAMPLE_TICKS	593
LIST_EXALL_40_ENTRIES_FIRST_PASS_WORK_NODE_CRC_WRITE_CALLS	0
LIST_EXALL_40_ENTRIES_FIRST_PASS_WORK_NODE_CRC_WRITE_SAMPLES	0
LIST_EXALL_40_ENTRIES_FIRST_PASS_WORK_NODE_CRC_WRITE_SAMPLE_TICKS	0
LIST_EXALL_40_ENTRIES_FIRST_PASS_WORK_CLOCK_PAIR_TICKS	0
LIST_EXALL_40_ENTRIES_FIRST_PASS_WORK_PACKET_CALLS	3
LIST_EXALL_40_ENTRIES_FIRST_PASS_WORK_PACKET_SAMPLES	3
LIST_EXALL_40_ENTRIES_FIRST_PASS_WORK_PACKET_SAMPLE_TICKS	3087
LIST_EXALL_40_ENTRIES_FIRST_PASS_WORK_PACKET_OPEN_CALLS	0
LIST_EXALL_40_ENTRIES_FIRST_PASS_WORK_PACKET_OPEN_SAMPLES	0
LIST_EXALL_40_ENTRIES_FIRST_PASS_WORK_PACKET_OPEN_SAMPLE_TICKS	0
LIST_EXALL_40_ENTRIES_FIRST_PASS_WORK_PACKET_READ_CALLS	0
LIST_EXALL_40_ENTRIES_FIRST_PASS_WORK_PACKET_READ_SAMPLES	0
LIST_EXALL_40_ENTRIES_FIRST_PASS_WORK_PACKET_READ_SAMPLE_TICKS	0
LIST_EXALL_40_ENTRIES_FIRST_PASS_WORK_PACKET_WRITE_CALLS	0
LIST_EXALL_40_ENTRIES_FIRST_PASS_WORK_PACKET_WRITE_SAMPLES	0
LIST_EXALL_40_ENTRIES_FIRST_PASS_WORK_PACKET_WRITE_SAMPLE_TICKS	0
LIST_EXALL_40_ENTRIES_FIRST_PASS_WORK_PACKET_END_CALLS	0
LIST_EXALL_40_ENTRIES_FIRST_PASS_WORK_PACKET_END_SAMPLES	0
LIST_EXALL_40_ENTRIES_FIRST_PASS_WORK_PACKET_END_SAMPLE_TICKS	0
LIST_EXALL_40_ENTRIES_FIRST_PASS_WORK_PACKET_DELETE_CALLS	0
LIST_EXALL_40_ENTRIES_FIRST_PASS_WORK_PACKET_DELETE_SAMPLES	0
LIST_EXALL_40_ENTRIES_FIRST_PASS_WORK_PACKET_DELETE_SAMPLE_TICKS	0
LIST_EXALL_40_ENTRIES_FIRST_PASS_WORK_PACKET_FLUSH_CALLS	0
LIST_EXALL_40_ENTRIES_FIRST_PASS_WORK_PACKET_FLUSH_SAMPLES	0
LIST_EXALL_40_ENTRIES_FIRST_PASS_WORK_PACKET_FLUSH_SAMPLE_TICKS	0
LIST_EXALL_40_ENTRIES_FIRST_PASS_WORK_PACKET_OTHER_CALLS	3
LIST_EXALL_40_ENTRIES_FIRST_PASS_WORK_PACKET_OTHER_SAMPLES	3
LIST_EXALL_40_ENTRIES_FIRST_PASS_WORK_PACKET_OTHER_SAMPLE_TICKS	3087
LIST_EXALL_40_ENTRIES_FIRST_PASS_WORK_CORE_CREATE_CALLS	0
LIST_EXALL_40_ENTRIES_FIRST_PASS_WORK_CORE_CREATE_SAMPLES	0
LIST_EXALL_40_ENTRIES_FIRST_PASS_WORK_CORE_CREATE_SAMPLE_TICKS	0
LIST_EXALL_40_ENTRIES_FIRST_PASS_WORK_CORE_DELETE_CALLS	0
LIST_EXALL_40_ENTRIES_FIRST_PASS_WORK_CORE_DELETE_SAMPLES	0
LIST_EXALL_40_ENTRIES_FIRST_PASS_WORK_CORE_DELETE_SAMPLE_TICKS	0
LIST_EXALL_40_ENTRIES_FIRST_PASS_WORK_CORE_FILE_WRITE_CALLS	0
LIST_EXALL_40_ENTRIES_FIRST_PASS_WORK_CORE_FILE_WRITE_SAMPLES	0
LIST_EXALL_40_ENTRIES_FIRST_PASS_WORK_CORE_FILE_WRITE_SAMPLE_TICKS	0
LIST_EXALL_40_ENTRIES_FIRST_PASS_WORK_CORE_SYNC_CALLS	0
LIST_EXALL_40_ENTRIES_FIRST_PASS_WORK_CORE_SYNC_SAMPLES	0
LIST_EXALL_40_ENTRIES_FIRST_PASS_WORK_CORE_SYNC_SAMPLE_TICKS	0
LIST_EXALL_40_ENTRIES_FIRST_PASS_WORK_IFACE_FREE_CALLS	0
LIST_EXALL_40_ENTRIES_FIRST_PASS_WORK_IFACE_FREE_SAMPLES	0
LIST_EXALL_40_ENTRIES_FIRST_PASS_WORK_IFACE_FREE_SAMPLE_TICKS	0
LIST_EXALL_40_ENTRIES_FIRST_PASS_WORK_SEAL_COMMIT_CALLS	0
LIST_EXALL_40_ENTRIES_FIRST_PASS_WORK_SEAL_COMMIT_SAMPLES	0
LIST_EXALL_40_ENTRIES_FIRST_PASS_WORK_SEAL_COMMIT_SAMPLE_TICKS	0
LIST_EXALL_40_ENTRIES_FIRST_PASS_WORK_INODE_READ_CALLS	40
LIST_EXALL_40_ENTRIES_FIRST_PASS_WORK_BTREE_SEARCH_CALLS	41
LIST_EXALL_40_ENTRIES_FIRST_PASS_WORK_BTREE_INDEX_HINT_HITS	0
LIST_EXALL_40_ENTRIES_FIRST_PASS_WORK_BTREE_LEAF_HINT_HITS	39
LIST_EXALL_40_ENTRIES_FIRST_PASS_WORK_CACHE_READ_CALLS	7
LIST_EXALL_40_ENTRIES_FIRST_PASS_WORK_CACHE_READ_HITS	0
LIST_EXALL_40_ENTRIES_FIRST_PASS_WORK_CACHE_READ_MISSES	7
LIST_EXALL_40_ENTRIES_FIRST_PASS_WORK_FREE_TREE_NODE_VIEWS	0
LIST_EXALL_40_ENTRIES_FIRST_PASS_WORK_FREE_TREE_RESIDENT_VIEWS	0
LIST_EXALL_40_ENTRIES_FIRST_PASS_WORK_DIR_TREE_NODE_VIEWS	20
LIST_EXALL_40_ENTRIES_FIRST_PASS_WORK_DIR_TREE_RESIDENT_VIEWS	14
LIST_EXALL_40_ENTRIES_FIRST_PASS_WORK_INODE_TREE_NODE_VIEWS	2
LIST_EXALL_40_ENTRIES_FIRST_PASS_WORK_INODE_TREE_RESIDENT_VIEWS	1
LIST_EXALL_40_ENTRIES_FIRST_PASS_WORK_REFCOUNT_TREE_NODE_VIEWS	0
LIST_EXALL_40_ENTRIES_FIRST_PASS_WORK_REFCOUNT_TREE_RESIDENT_VIEWS	0
LIST_EXALL_40_ENTRIES_FIRST_PASS_WORK_OTHER_TREE_NODE_VIEWS	0
LIST_EXALL_40_ENTRIES_FIRST_PASS_WORK_OTHER_TREE_RESIDENT_VIEWS	0
LIST_EXALL_40_ENTRIES_FIRST_PASS_WORK_WRITE_DETAIL_INODE_READ_CALLS	40
LIST_EXALL_40_ENTRIES_FIRST_PASS_WORK_WRITE_DETAIL_INODE_READ_SAMPLES	40
LIST_EXALL_40_ENTRIES_FIRST_PASS_WORK_WRITE_DETAIL_INODE_READ_SAMPLE_TICKS	784
LIST_EXALL_40_ENTRIES_FIRST_PASS_WORK_WRITE_DETAIL_INODE_WRITE_CALLS	0
LIST_EXALL_40_ENTRIES_FIRST_PASS_WORK_WRITE_DETAIL_INODE_WRITE_SAMPLES	0
LIST_EXALL_40_ENTRIES_FIRST_PASS_WORK_WRITE_DETAIL_INODE_WRITE_SAMPLE_TICKS	0
LIST_EXALL_40_ENTRIES_FIRST_PASS_WORK_WRITE_DETAIL_EXTENT_MAP_CALLS	0
LIST_EXALL_40_ENTRIES_FIRST_PASS_WORK_WRITE_DETAIL_EXTENT_MAP_SAMPLES	0
LIST_EXALL_40_ENTRIES_FIRST_PASS_WORK_WRITE_DETAIL_EXTENT_MAP_SAMPLE_TICKS	0
LIST_EXALL_40_ENTRIES_FIRST_PASS_WORK_WRITE_DETAIL_FREESPACE_GOAL_CALLS	0
LIST_EXALL_40_ENTRIES_FIRST_PASS_WORK_WRITE_DETAIL_FREESPACE_GOAL_SAMPLES	0
LIST_EXALL_40_ENTRIES_FIRST_PASS_WORK_WRITE_DETAIL_FREESPACE_GOAL_SAMPLE_TICKS	0
LIST_EXALL_40_ENTRIES_FIRST_PASS_WORK_BTREE_MALLOC_CALLS	2
LIST_EXALL_40_ENTRIES_FIRST_PASS_WORK_BTREE_MALLOC_SAMPLES	2
LIST_EXALL_40_ENTRIES_FIRST_PASS_WORK_BTREE_MALLOC_SAMPLE_TICKS	0
LIST_EXALL_40_ENTRIES_FIRST_PASS_WORK_BTREE_FREE_CALLS	2
LIST_EXALL_40_ENTRIES_FIRST_PASS_WORK_BTREE_FREE_SAMPLES	2
LIST_EXALL_40_ENTRIES_FIRST_PASS_WORK_BTREE_FREE_SAMPLE_TICKS	0
LIST_EXALL_40_ENTRIES_FIRST_PASS_WORK_IFACE_ALLOC_CALLS	0
LIST_EXALL_40_ENTRIES_FIRST_PASS_WORK_IFACE_ALLOC_SAMPLES	0
LIST_EXALL_40_ENTRIES_FIRST_PASS_WORK_IFACE_ALLOC_SAMPLE_TICKS	0
LIST_EXALL_40_ENTRIES_FIRST_PASS_WORK_FREESPACE_ALLOC_CALLS	0
LIST_EXALL_40_ENTRIES_FIRST_PASS_WORK_FREESPACE_ALLOC_SAMPLES	0
LIST_EXALL_40_ENTRIES_FIRST_PASS_WORK_FREESPACE_ALLOC_SAMPLE_TICKS	0
LIST_EXALL_40_ENTRIES_FIRST_PASS_WORK_DETAIL_INODE_READ_CALLS	40
LIST_EXALL_40_ENTRIES_FIRST_PASS_WORK_DETAIL_INODE_READ_SAMPLES	2
LIST_EXALL_40_ENTRIES_FIRST_PASS_WORK_DETAIL_INODE_READ_SAMPLE_TICKS	45
LIST_EXALL_40_ENTRIES_FIRST_PASS_WORK_DETAIL_INODE_VALIDATE_CALLS	40
LIST_EXALL_40_ENTRIES_FIRST_PASS_WORK_DETAIL_INODE_VALIDATE_SAMPLES	2
LIST_EXALL_40_ENTRIES_FIRST_PASS_WORK_DETAIL_INODE_VALIDATE_SAMPLE_TICKS	0
LIST_EXALL_40_ENTRIES_FIRST_PASS_WORK_DETAIL_INODE_SEARCH_CALLS	40
LIST_EXALL_40_ENTRIES_FIRST_PASS_WORK_DETAIL_INODE_SEARCH_SAMPLES	2
LIST_EXALL_40_ENTRIES_FIRST_PASS_WORK_DETAIL_INODE_SEARCH_SAMPLE_TICKS	45
LIST_EXALL_40_ENTRIES_FIRST_PASS_WORK_DETAIL_INODE_NODE_VIEW_CALLS	2
LIST_EXALL_40_ENTRIES_FIRST_PASS_WORK_DETAIL_INODE_NODE_VIEW_SAMPLES	0
LIST_EXALL_40_ENTRIES_FIRST_PASS_WORK_DETAIL_INODE_NODE_VIEW_SAMPLE_TICKS	0
LIST_EXALL_40_ENTRIES_FIRST_PASS_WORK_DETAIL_DIR_NODE_VIEW_CALLS	20
LIST_EXALL_40_ENTRIES_FIRST_PASS_WORK_DETAIL_DIR_NODE_VIEW_SAMPLES	1
LIST_EXALL_40_ENTRIES_FIRST_PASS_WORK_DETAIL_DIR_NODE_VIEW_SAMPLE_TICKS	318
LIST_EXALL_40_ENTRIES_FIRST_PASS_WORK_DETAIL_INODE_BINARY_SEARCH_CALLS	2
LIST_EXALL_40_ENTRIES_FIRST_PASS_WORK_DETAIL_INODE_BINARY_SEARCH_SAMPLES	0
LIST_EXALL_40_ENTRIES_FIRST_PASS_WORK_DETAIL_INODE_BINARY_SEARCH_SAMPLE_TICKS	0
LIST_EXALL_40_ENTRIES_FIRST_PASS_WORK_DETAIL_DIR_BINARY_SEARCH_CALLS	8
LIST_EXALL_40_ENTRIES_FIRST_PASS_WORK_DETAIL_DIR_BINARY_SEARCH_SAMPLES	0
LIST_EXALL_40_ENTRIES_FIRST_PASS_WORK_DETAIL_DIR_BINARY_SEARCH_SAMPLE_TICKS	0
LIST_EXALL_40_ENTRIES_FIRST_PASS_WORK_DETAIL_NODE_STRUCTURE_CALLS	7
LIST_EXALL_40_ENTRIES_FIRST_PASS_WORK_DETAIL_NODE_STRUCTURE_SAMPLES	0
LIST_EXALL_40_ENTRIES_FIRST_PASS_WORK_DETAIL_NODE_STRUCTURE_SAMPLE_TICKS	0
LIST_EXALL_40_ENTRIES_FIRST_PASS_WORK_DETAIL_CACHE_PEEK_CALLS	63
LIST_EXALL_40_ENTRIES_FIRST_PASS_WORK_DETAIL_CACHE_PEEK_SAMPLES	3
LIST_EXALL_40_ENTRIES_FIRST_PASS_WORK_DETAIL_CACHE_PEEK_SAMPLE_TICKS	0
LIST_EXALL_40_ENTRIES_FIRST_PASS_WORK_DETAIL_BUFFER_ALLOC_CALLS	3
LIST_EXALL_40_ENTRIES_FIRST_PASS_WORK_DETAIL_BUFFER_ALLOC_SAMPLES	0
LIST_EXALL_40_ENTRIES_FIRST_PASS_WORK_DETAIL_BUFFER_ALLOC_SAMPLE_TICKS	0
LIST_EXALL_40_ENTRIES_FIRST_PASS_WORK_DETAIL_BUFFER_FREE_CALLS	3
LIST_EXALL_40_ENTRIES_FIRST_PASS_WORK_DETAIL_BUFFER_FREE_SAMPLES	0
LIST_EXALL_40_ENTRIES_FIRST_PASS_WORK_DETAIL_BUFFER_FREE_SAMPLE_TICKS	0
LIST_EXALL_40_ENTRIES_FIRST_PASS_WORK_DETAIL_EXALL_FILL_CALLS	41
LIST_EXALL_40_ENTRIES_FIRST_PASS_WORK_DETAIL_EXALL_FILL_SAMPLES	2
LIST_EXALL_40_ENTRIES_FIRST_PASS_WORK_DETAIL_EXALL_FILL_SAMPLE_TICKS	90
LIST_EXALL_40_ENTRIES_FIRST_PASS_WORK_FREESPACE_ALLOCS	0
LIST_EXALL_40_ENTRIES_FIRST_PASS_VOLUME_FLUSH_BIO_READS	0
LIST_EXALL_40_ENTRIES_FIRST_PASS_VOLUME_FLUSH_BIO_WRITES	0
LIST_EXALL_40_ENTRIES_FIRST_PASS_VOLUME_FLUSH_BIO_UPDATES	0
LIST_EXALL_40_ENTRIES_FIRST_PASS_VOLUME_FLUSH_DATA_READS	0
LIST_EXALL_40_ENTRIES_FIRST_PASS_VOLUME_FLUSH_DATA_WRITES	0
LIST_EXALL_40_ENTRIES_FIRST_PASS_VOLUME_FLUSH_NODE_WRITES	0
LIST_EXALL_40_ENTRIES_FIRST_PASS_VOLUME_FLUSH_TXN_COMMITS	0
LIST_EXALL_40_ENTRIES_FIRST_PASS_VOLUME_FLUSH_EXTENT_MAPS	0
LIST_EXALL_40_ENTRIES_FIRST_PASS_VOLUME_FLUSH_READ_TICKS	0
LIST_EXALL_40_ENTRIES_FIRST_PASS_VOLUME_FLUSH_WRITE_TICKS	0
LIST_EXALL_40_ENTRIES_FIRST_PASS_VOLUME_FLUSH_UPDATE_TICKS	0
LIST_EXALL_40_ENTRIES_FIRST_PASS_VOLUME_FLUSH_DATA_READ_TICKS	0
LIST_EXALL_40_ENTRIES_FIRST_PASS_VOLUME_FLUSH_DATA_WRITE_TICKS	0
LIST_EXALL_40_ENTRIES_FIRST_PASS_VOLUME_FLUSH_NODE_CRC_READ_CALLS	0
LIST_EXALL_40_ENTRIES_FIRST_PASS_VOLUME_FLUSH_NODE_CRC_READ_SAMPLES	0
LIST_EXALL_40_ENTRIES_FIRST_PASS_VOLUME_FLUSH_NODE_CRC_READ_SAMPLE_TICKS	0
LIST_EXALL_40_ENTRIES_FIRST_PASS_VOLUME_FLUSH_NODE_CRC_WRITE_CALLS	0
LIST_EXALL_40_ENTRIES_FIRST_PASS_VOLUME_FLUSH_NODE_CRC_WRITE_SAMPLES	0
LIST_EXALL_40_ENTRIES_FIRST_PASS_VOLUME_FLUSH_NODE_CRC_WRITE_SAMPLE_TICKS	0
LIST_EXALL_40_ENTRIES_FIRST_PASS_VOLUME_FLUSH_CLOCK_PAIR_TICKS	0
LIST_EXALL_40_ENTRIES_FIRST_PASS_VOLUME_FLUSH_PACKET_CALLS	0
LIST_EXALL_40_ENTRIES_FIRST_PASS_VOLUME_FLUSH_PACKET_SAMPLES	0
LIST_EXALL_40_ENTRIES_FIRST_PASS_VOLUME_FLUSH_PACKET_SAMPLE_TICKS	0
LIST_EXALL_40_ENTRIES_FIRST_PASS_VOLUME_FLUSH_PACKET_OPEN_CALLS	0
LIST_EXALL_40_ENTRIES_FIRST_PASS_VOLUME_FLUSH_PACKET_OPEN_SAMPLES	0
LIST_EXALL_40_ENTRIES_FIRST_PASS_VOLUME_FLUSH_PACKET_OPEN_SAMPLE_TICKS	0
LIST_EXALL_40_ENTRIES_FIRST_PASS_VOLUME_FLUSH_PACKET_READ_CALLS	0
LIST_EXALL_40_ENTRIES_FIRST_PASS_VOLUME_FLUSH_PACKET_READ_SAMPLES	0
LIST_EXALL_40_ENTRIES_FIRST_PASS_VOLUME_FLUSH_PACKET_READ_SAMPLE_TICKS	0
LIST_EXALL_40_ENTRIES_FIRST_PASS_VOLUME_FLUSH_PACKET_WRITE_CALLS	0
LIST_EXALL_40_ENTRIES_FIRST_PASS_VOLUME_FLUSH_PACKET_WRITE_SAMPLES	0
LIST_EXALL_40_ENTRIES_FIRST_PASS_VOLUME_FLUSH_PACKET_WRITE_SAMPLE_TICKS	0
LIST_EXALL_40_ENTRIES_FIRST_PASS_VOLUME_FLUSH_PACKET_END_CALLS	0
LIST_EXALL_40_ENTRIES_FIRST_PASS_VOLUME_FLUSH_PACKET_END_SAMPLES	0
LIST_EXALL_40_ENTRIES_FIRST_PASS_VOLUME_FLUSH_PACKET_END_SAMPLE_TICKS	0
LIST_EXALL_40_ENTRIES_FIRST_PASS_VOLUME_FLUSH_PACKET_DELETE_CALLS	0
LIST_EXALL_40_ENTRIES_FIRST_PASS_VOLUME_FLUSH_PACKET_DELETE_SAMPLES	0
LIST_EXALL_40_ENTRIES_FIRST_PASS_VOLUME_FLUSH_PACKET_DELETE_SAMPLE_TICKS	0
LIST_EXALL_40_ENTRIES_FIRST_PASS_VOLUME_FLUSH_PACKET_FLUSH_CALLS	0
LIST_EXALL_40_ENTRIES_FIRST_PASS_VOLUME_FLUSH_PACKET_FLUSH_SAMPLES	0
LIST_EXALL_40_ENTRIES_FIRST_PASS_VOLUME_FLUSH_PACKET_FLUSH_SAMPLE_TICKS	0
LIST_EXALL_40_ENTRIES_FIRST_PASS_VOLUME_FLUSH_PACKET_OTHER_CALLS	0
LIST_EXALL_40_ENTRIES_FIRST_PASS_VOLUME_FLUSH_PACKET_OTHER_SAMPLES	0
LIST_EXALL_40_ENTRIES_FIRST_PASS_VOLUME_FLUSH_PACKET_OTHER_SAMPLE_TICKS	0
LIST_EXALL_40_ENTRIES_FIRST_PASS_VOLUME_FLUSH_CORE_CREATE_CALLS	0
LIST_EXALL_40_ENTRIES_FIRST_PASS_VOLUME_FLUSH_CORE_CREATE_SAMPLES	0
LIST_EXALL_40_ENTRIES_FIRST_PASS_VOLUME_FLUSH_CORE_CREATE_SAMPLE_TICKS	0
LIST_EXALL_40_ENTRIES_FIRST_PASS_VOLUME_FLUSH_CORE_DELETE_CALLS	0
LIST_EXALL_40_ENTRIES_FIRST_PASS_VOLUME_FLUSH_CORE_DELETE_SAMPLES	0
LIST_EXALL_40_ENTRIES_FIRST_PASS_VOLUME_FLUSH_CORE_DELETE_SAMPLE_TICKS	0
LIST_EXALL_40_ENTRIES_FIRST_PASS_VOLUME_FLUSH_CORE_FILE_WRITE_CALLS	0
LIST_EXALL_40_ENTRIES_FIRST_PASS_VOLUME_FLUSH_CORE_FILE_WRITE_SAMPLES	0
LIST_EXALL_40_ENTRIES_FIRST_PASS_VOLUME_FLUSH_CORE_FILE_WRITE_SAMPLE_TICKS	0
LIST_EXALL_40_ENTRIES_FIRST_PASS_VOLUME_FLUSH_CORE_SYNC_CALLS	0
LIST_EXALL_40_ENTRIES_FIRST_PASS_VOLUME_FLUSH_CORE_SYNC_SAMPLES	0
LIST_EXALL_40_ENTRIES_FIRST_PASS_VOLUME_FLUSH_CORE_SYNC_SAMPLE_TICKS	0
LIST_EXALL_40_ENTRIES_FIRST_PASS_VOLUME_FLUSH_IFACE_FREE_CALLS	0
LIST_EXALL_40_ENTRIES_FIRST_PASS_VOLUME_FLUSH_IFACE_FREE_SAMPLES	0
LIST_EXALL_40_ENTRIES_FIRST_PASS_VOLUME_FLUSH_IFACE_FREE_SAMPLE_TICKS	0
LIST_EXALL_40_ENTRIES_FIRST_PASS_VOLUME_FLUSH_SEAL_COMMIT_CALLS	0
LIST_EXALL_40_ENTRIES_FIRST_PASS_VOLUME_FLUSH_SEAL_COMMIT_SAMPLES	0
LIST_EXALL_40_ENTRIES_FIRST_PASS_VOLUME_FLUSH_SEAL_COMMIT_SAMPLE_TICKS	0
LIST_EXALL_40_ENTRIES_FIRST_PASS_VOLUME_FLUSH_INODE_READ_CALLS	0
LIST_EXALL_40_ENTRIES_FIRST_PASS_VOLUME_FLUSH_BTREE_SEARCH_CALLS	0
LIST_EXALL_40_ENTRIES_FIRST_PASS_VOLUME_FLUSH_BTREE_INDEX_HINT_HITS	0
LIST_EXALL_40_ENTRIES_FIRST_PASS_VOLUME_FLUSH_BTREE_LEAF_HINT_HITS	0
LIST_EXALL_40_ENTRIES_FIRST_PASS_VOLUME_FLUSH_CACHE_READ_CALLS	0
LIST_EXALL_40_ENTRIES_FIRST_PASS_VOLUME_FLUSH_CACHE_READ_HITS	0
LIST_EXALL_40_ENTRIES_FIRST_PASS_VOLUME_FLUSH_CACHE_READ_MISSES	0
LIST_EXALL_40_ENTRIES_FIRST_PASS_VOLUME_FLUSH_FREE_TREE_NODE_VIEWS	0
LIST_EXALL_40_ENTRIES_FIRST_PASS_VOLUME_FLUSH_FREE_TREE_RESIDENT_VIEWS	0
LIST_EXALL_40_ENTRIES_FIRST_PASS_VOLUME_FLUSH_DIR_TREE_NODE_VIEWS	0
LIST_EXALL_40_ENTRIES_FIRST_PASS_VOLUME_FLUSH_DIR_TREE_RESIDENT_VIEWS	0
LIST_EXALL_40_ENTRIES_FIRST_PASS_VOLUME_FLUSH_INODE_TREE_NODE_VIEWS	0
LIST_EXALL_40_ENTRIES_FIRST_PASS_VOLUME_FLUSH_INODE_TREE_RESIDENT_VIEWS	0
LIST_EXALL_40_ENTRIES_FIRST_PASS_VOLUME_FLUSH_REFCOUNT_TREE_NODE_VIEWS	0
LIST_EXALL_40_ENTRIES_FIRST_PASS_VOLUME_FLUSH_REFCOUNT_TREE_RESIDENT_VIEWS	0
LIST_EXALL_40_ENTRIES_FIRST_PASS_VOLUME_FLUSH_OTHER_TREE_NODE_VIEWS	0
LIST_EXALL_40_ENTRIES_FIRST_PASS_VOLUME_FLUSH_OTHER_TREE_RESIDENT_VIEWS	0
LIST_EXALL_40_ENTRIES_FIRST_PASS_VOLUME_FLUSH_WRITE_DETAIL_INODE_READ_CALLS	0
LIST_EXALL_40_ENTRIES_FIRST_PASS_VOLUME_FLUSH_WRITE_DETAIL_INODE_READ_SAMPLES	0
LIST_EXALL_40_ENTRIES_FIRST_PASS_VOLUME_FLUSH_WRITE_DETAIL_INODE_READ_SAMPLE_TICKS	0
LIST_EXALL_40_ENTRIES_FIRST_PASS_VOLUME_FLUSH_WRITE_DETAIL_INODE_WRITE_CALLS	0
LIST_EXALL_40_ENTRIES_FIRST_PASS_VOLUME_FLUSH_WRITE_DETAIL_INODE_WRITE_SAMPLES	0
LIST_EXALL_40_ENTRIES_FIRST_PASS_VOLUME_FLUSH_WRITE_DETAIL_INODE_WRITE_SAMPLE_TICKS	0
LIST_EXALL_40_ENTRIES_FIRST_PASS_VOLUME_FLUSH_WRITE_DETAIL_EXTENT_MAP_CALLS	0
LIST_EXALL_40_ENTRIES_FIRST_PASS_VOLUME_FLUSH_WRITE_DETAIL_EXTENT_MAP_SAMPLES	0
LIST_EXALL_40_ENTRIES_FIRST_PASS_VOLUME_FLUSH_WRITE_DETAIL_EXTENT_MAP_SAMPLE_TICKS	0
LIST_EXALL_40_ENTRIES_FIRST_PASS_VOLUME_FLUSH_WRITE_DETAIL_FREESPACE_GOAL_CALLS	0
LIST_EXALL_40_ENTRIES_FIRST_PASS_VOLUME_FLUSH_WRITE_DETAIL_FREESPACE_GOAL_SAMPLES	0
LIST_EXALL_40_ENTRIES_FIRST_PASS_VOLUME_FLUSH_WRITE_DETAIL_FREESPACE_GOAL_SAMPLE_TICKS	0
LIST_EXALL_40_ENTRIES_FIRST_PASS_VOLUME_FLUSH_BTREE_MALLOC_CALLS	0
LIST_EXALL_40_ENTRIES_FIRST_PASS_VOLUME_FLUSH_BTREE_MALLOC_SAMPLES	0
LIST_EXALL_40_ENTRIES_FIRST_PASS_VOLUME_FLUSH_BTREE_MALLOC_SAMPLE_TICKS	0
LIST_EXALL_40_ENTRIES_FIRST_PASS_VOLUME_FLUSH_BTREE_FREE_CALLS	0
LIST_EXALL_40_ENTRIES_FIRST_PASS_VOLUME_FLUSH_BTREE_FREE_SAMPLES	0
LIST_EXALL_40_ENTRIES_FIRST_PASS_VOLUME_FLUSH_BTREE_FREE_SAMPLE_TICKS	0
LIST_EXALL_40_ENTRIES_FIRST_PASS_VOLUME_FLUSH_IFACE_ALLOC_CALLS	0
LIST_EXALL_40_ENTRIES_FIRST_PASS_VOLUME_FLUSH_IFACE_ALLOC_SAMPLES	0
LIST_EXALL_40_ENTRIES_FIRST_PASS_VOLUME_FLUSH_IFACE_ALLOC_SAMPLE_TICKS	0
LIST_EXALL_40_ENTRIES_FIRST_PASS_VOLUME_FLUSH_FREESPACE_ALLOC_CALLS	0
LIST_EXALL_40_ENTRIES_FIRST_PASS_VOLUME_FLUSH_FREESPACE_ALLOC_SAMPLES	0
LIST_EXALL_40_ENTRIES_FIRST_PASS_VOLUME_FLUSH_FREESPACE_ALLOC_SAMPLE_TICKS	0
LIST_EXALL_40_ENTRIES_FIRST_PASS_VOLUME_FLUSH_DETAIL_INODE_READ_CALLS	0
LIST_EXALL_40_ENTRIES_FIRST_PASS_VOLUME_FLUSH_DETAIL_INODE_READ_SAMPLES	0
LIST_EXALL_40_ENTRIES_FIRST_PASS_VOLUME_FLUSH_DETAIL_INODE_READ_SAMPLE_TICKS	0
LIST_EXALL_40_ENTRIES_FIRST_PASS_VOLUME_FLUSH_DETAIL_INODE_VALIDATE_CALLS	0
LIST_EXALL_40_ENTRIES_FIRST_PASS_VOLUME_FLUSH_DETAIL_INODE_VALIDATE_SAMPLES	0
LIST_EXALL_40_ENTRIES_FIRST_PASS_VOLUME_FLUSH_DETAIL_INODE_VALIDATE_SAMPLE_TICKS	0
LIST_EXALL_40_ENTRIES_FIRST_PASS_VOLUME_FLUSH_DETAIL_INODE_SEARCH_CALLS	0
LIST_EXALL_40_ENTRIES_FIRST_PASS_VOLUME_FLUSH_DETAIL_INODE_SEARCH_SAMPLES	0
LIST_EXALL_40_ENTRIES_FIRST_PASS_VOLUME_FLUSH_DETAIL_INODE_SEARCH_SAMPLE_TICKS	0
LIST_EXALL_40_ENTRIES_FIRST_PASS_VOLUME_FLUSH_DETAIL_INODE_NODE_VIEW_CALLS	0
LIST_EXALL_40_ENTRIES_FIRST_PASS_VOLUME_FLUSH_DETAIL_INODE_NODE_VIEW_SAMPLES	0
LIST_EXALL_40_ENTRIES_FIRST_PASS_VOLUME_FLUSH_DETAIL_INODE_NODE_VIEW_SAMPLE_TICKS	0
LIST_EXALL_40_ENTRIES_FIRST_PASS_VOLUME_FLUSH_DETAIL_DIR_NODE_VIEW_CALLS	0
LIST_EXALL_40_ENTRIES_FIRST_PASS_VOLUME_FLUSH_DETAIL_DIR_NODE_VIEW_SAMPLES	0
LIST_EXALL_40_ENTRIES_FIRST_PASS_VOLUME_FLUSH_DETAIL_DIR_NODE_VIEW_SAMPLE_TICKS	0
LIST_EXALL_40_ENTRIES_FIRST_PASS_VOLUME_FLUSH_DETAIL_INODE_BINARY_SEARCH_CALLS	0
LIST_EXALL_40_ENTRIES_FIRST_PASS_VOLUME_FLUSH_DETAIL_INODE_BINARY_SEARCH_SAMPLES	0
LIST_EXALL_40_ENTRIES_FIRST_PASS_VOLUME_FLUSH_DETAIL_INODE_BINARY_SEARCH_SAMPLE_TICKS	0
LIST_EXALL_40_ENTRIES_FIRST_PASS_VOLUME_FLUSH_DETAIL_DIR_BINARY_SEARCH_CALLS	0
LIST_EXALL_40_ENTRIES_FIRST_PASS_VOLUME_FLUSH_DETAIL_DIR_BINARY_SEARCH_SAMPLES	0
LIST_EXALL_40_ENTRIES_FIRST_PASS_VOLUME_FLUSH_DETAIL_DIR_BINARY_SEARCH_SAMPLE_TICKS	0
LIST_EXALL_40_ENTRIES_FIRST_PASS_VOLUME_FLUSH_DETAIL_NODE_STRUCTURE_CALLS	0
LIST_EXALL_40_ENTRIES_FIRST_PASS_VOLUME_FLUSH_DETAIL_NODE_STRUCTURE_SAMPLES	0
LIST_EXALL_40_ENTRIES_FIRST_PASS_VOLUME_FLUSH_DETAIL_NODE_STRUCTURE_SAMPLE_TICKS	0
LIST_EXALL_40_ENTRIES_FIRST_PASS_VOLUME_FLUSH_DETAIL_CACHE_PEEK_CALLS	0
LIST_EXALL_40_ENTRIES_FIRST_PASS_VOLUME_FLUSH_DETAIL_CACHE_PEEK_SAMPLES	0
LIST_EXALL_40_ENTRIES_FIRST_PASS_VOLUME_FLUSH_DETAIL_CACHE_PEEK_SAMPLE_TICKS	0
LIST_EXALL_40_ENTRIES_FIRST_PASS_VOLUME_FLUSH_DETAIL_BUFFER_ALLOC_CALLS	0
LIST_EXALL_40_ENTRIES_FIRST_PASS_VOLUME_FLUSH_DETAIL_BUFFER_ALLOC_SAMPLES	0
LIST_EXALL_40_ENTRIES_FIRST_PASS_VOLUME_FLUSH_DETAIL_BUFFER_ALLOC_SAMPLE_TICKS	0
LIST_EXALL_40_ENTRIES_FIRST_PASS_VOLUME_FLUSH_DETAIL_BUFFER_FREE_CALLS	0
LIST_EXALL_40_ENTRIES_FIRST_PASS_VOLUME_FLUSH_DETAIL_BUFFER_FREE_SAMPLES	0
LIST_EXALL_40_ENTRIES_FIRST_PASS_VOLUME_FLUSH_DETAIL_BUFFER_FREE_SAMPLE_TICKS	0
LIST_EXALL_40_ENTRIES_FIRST_PASS_VOLUME_FLUSH_DETAIL_EXALL_FILL_CALLS	0
LIST_EXALL_40_ENTRIES_FIRST_PASS_VOLUME_FLUSH_DETAIL_EXALL_FILL_SAMPLES	0
LIST_EXALL_40_ENTRIES_FIRST_PASS_VOLUME_FLUSH_DETAIL_EXALL_FILL_SAMPLE_TICKS	0
LIST_EXALL_40_ENTRIES_FIRST_PASS_VOLUME_FLUSH_FREESPACE_ALLOCS	0
LIST_EXALL_40_ENTRIES_REPEAT10_TOTAL_US	17471
LIST_EXALL_40_ENTRIES_REPEAT10_TOTAL_WORK_US	17471
LIST_EXALL_40_ENTRIES_REPEAT10_TOTAL_VOLUME_FLUSH_US	0
LIST_EXALL_40_ENTRIES_REPEAT10_TOTAL_HAS_VOLUME_FLUSH	0
LIST_EXALL_40_ENTRIES_REPEAT10_TOTAL_GUEST_OPEN_CALLS	0
LIST_EXALL_40_ENTRIES_REPEAT10_TOTAL_GUEST_OPEN_US	0
LIST_EXALL_40_ENTRIES_REPEAT10_TOTAL_GUEST_READ_CALLS	0
LIST_EXALL_40_ENTRIES_REPEAT10_TOTAL_GUEST_READ_US	0
LIST_EXALL_40_ENTRIES_REPEAT10_TOTAL_GUEST_WRITE_CALLS	0
LIST_EXALL_40_ENTRIES_REPEAT10_TOTAL_GUEST_WRITE_US	0
LIST_EXALL_40_ENTRIES_REPEAT10_TOTAL_GUEST_HANDLE_FLUSH_CALLS	0
LIST_EXALL_40_ENTRIES_REPEAT10_TOTAL_GUEST_HANDLE_FLUSH_US	0
LIST_EXALL_40_ENTRIES_REPEAT10_TOTAL_GUEST_CLOSE_CALLS	0
LIST_EXALL_40_ENTRIES_REPEAT10_TOTAL_GUEST_CLOSE_US	0
LIST_EXALL_40_ENTRIES_REPEAT10_TOTAL_GUEST_VERIFY_CALLS	0
LIST_EXALL_40_ENTRIES_REPEAT10_TOTAL_GUEST_VERIFY_US	0
LIST_EXALL_40_ENTRIES_REPEAT10_TOTAL_WORK_BIO_READS	0
LIST_EXALL_40_ENTRIES_REPEAT10_TOTAL_WORK_BIO_WRITES	0
LIST_EXALL_40_ENTRIES_REPEAT10_TOTAL_WORK_BIO_UPDATES	0
LIST_EXALL_40_ENTRIES_REPEAT10_TOTAL_WORK_DATA_READS	0
LIST_EXALL_40_ENTRIES_REPEAT10_TOTAL_WORK_DATA_WRITES	0
LIST_EXALL_40_ENTRIES_REPEAT10_TOTAL_WORK_NODE_WRITES	0
LIST_EXALL_40_ENTRIES_REPEAT10_TOTAL_WORK_TXN_COMMITS	0
LIST_EXALL_40_ENTRIES_REPEAT10_TOTAL_WORK_EXTENT_MAPS	0
LIST_EXALL_40_ENTRIES_REPEAT10_TOTAL_WORK_READ_TICKS	0
LIST_EXALL_40_ENTRIES_REPEAT10_TOTAL_WORK_WRITE_TICKS	0
LIST_EXALL_40_ENTRIES_REPEAT10_TOTAL_WORK_UPDATE_TICKS	0
LIST_EXALL_40_ENTRIES_REPEAT10_TOTAL_WORK_DATA_READ_TICKS	0
LIST_EXALL_40_ENTRIES_REPEAT10_TOTAL_WORK_DATA_WRITE_TICKS	0
LIST_EXALL_40_ENTRIES_REPEAT10_TOTAL_WORK_NODE_CRC_READ_CALLS	0
LIST_EXALL_40_ENTRIES_REPEAT10_TOTAL_WORK_NODE_CRC_READ_SAMPLES	0
LIST_EXALL_40_ENTRIES_REPEAT10_TOTAL_WORK_NODE_CRC_READ_SAMPLE_TICKS	0
LIST_EXALL_40_ENTRIES_REPEAT10_TOTAL_WORK_NODE_CRC_WRITE_CALLS	0
LIST_EXALL_40_ENTRIES_REPEAT10_TOTAL_WORK_NODE_CRC_WRITE_SAMPLES	0
LIST_EXALL_40_ENTRIES_REPEAT10_TOTAL_WORK_NODE_CRC_WRITE_SAMPLE_TICKS	0
LIST_EXALL_40_ENTRIES_REPEAT10_TOTAL_WORK_CLOCK_PAIR_TICKS	1
LIST_EXALL_40_ENTRIES_REPEAT10_TOTAL_WORK_PACKET_CALLS	12
LIST_EXALL_40_ENTRIES_REPEAT10_TOTAL_WORK_PACKET_SAMPLES	12
LIST_EXALL_40_ENTRIES_REPEAT10_TOTAL_WORK_PACKET_SAMPLE_TICKS	11885
LIST_EXALL_40_ENTRIES_REPEAT10_TOTAL_WORK_PACKET_OPEN_CALLS	0
LIST_EXALL_40_ENTRIES_REPEAT10_TOTAL_WORK_PACKET_OPEN_SAMPLES	0
LIST_EXALL_40_ENTRIES_REPEAT10_TOTAL_WORK_PACKET_OPEN_SAMPLE_TICKS	0
LIST_EXALL_40_ENTRIES_REPEAT10_TOTAL_WORK_PACKET_READ_CALLS	0
LIST_EXALL_40_ENTRIES_REPEAT10_TOTAL_WORK_PACKET_READ_SAMPLES	0
LIST_EXALL_40_ENTRIES_REPEAT10_TOTAL_WORK_PACKET_READ_SAMPLE_TICKS	0
LIST_EXALL_40_ENTRIES_REPEAT10_TOTAL_WORK_PACKET_WRITE_CALLS	0
LIST_EXALL_40_ENTRIES_REPEAT10_TOTAL_WORK_PACKET_WRITE_SAMPLES	0
LIST_EXALL_40_ENTRIES_REPEAT10_TOTAL_WORK_PACKET_WRITE_SAMPLE_TICKS	0
LIST_EXALL_40_ENTRIES_REPEAT10_TOTAL_WORK_PACKET_END_CALLS	0
LIST_EXALL_40_ENTRIES_REPEAT10_TOTAL_WORK_PACKET_END_SAMPLES	0
LIST_EXALL_40_ENTRIES_REPEAT10_TOTAL_WORK_PACKET_END_SAMPLE_TICKS	0
LIST_EXALL_40_ENTRIES_REPEAT10_TOTAL_WORK_PACKET_DELETE_CALLS	0
LIST_EXALL_40_ENTRIES_REPEAT10_TOTAL_WORK_PACKET_DELETE_SAMPLES	0
LIST_EXALL_40_ENTRIES_REPEAT10_TOTAL_WORK_PACKET_DELETE_SAMPLE_TICKS	0
LIST_EXALL_40_ENTRIES_REPEAT10_TOTAL_WORK_PACKET_FLUSH_CALLS	0
LIST_EXALL_40_ENTRIES_REPEAT10_TOTAL_WORK_PACKET_FLUSH_SAMPLES	0
LIST_EXALL_40_ENTRIES_REPEAT10_TOTAL_WORK_PACKET_FLUSH_SAMPLE_TICKS	0
LIST_EXALL_40_ENTRIES_REPEAT10_TOTAL_WORK_PACKET_OTHER_CALLS	12
LIST_EXALL_40_ENTRIES_REPEAT10_TOTAL_WORK_PACKET_OTHER_SAMPLES	12
LIST_EXALL_40_ENTRIES_REPEAT10_TOTAL_WORK_PACKET_OTHER_SAMPLE_TICKS	11885
LIST_EXALL_40_ENTRIES_REPEAT10_TOTAL_WORK_CORE_CREATE_CALLS	0
LIST_EXALL_40_ENTRIES_REPEAT10_TOTAL_WORK_CORE_CREATE_SAMPLES	0
LIST_EXALL_40_ENTRIES_REPEAT10_TOTAL_WORK_CORE_CREATE_SAMPLE_TICKS	0
LIST_EXALL_40_ENTRIES_REPEAT10_TOTAL_WORK_CORE_DELETE_CALLS	0
LIST_EXALL_40_ENTRIES_REPEAT10_TOTAL_WORK_CORE_DELETE_SAMPLES	0
LIST_EXALL_40_ENTRIES_REPEAT10_TOTAL_WORK_CORE_DELETE_SAMPLE_TICKS	0
LIST_EXALL_40_ENTRIES_REPEAT10_TOTAL_WORK_CORE_FILE_WRITE_CALLS	0
LIST_EXALL_40_ENTRIES_REPEAT10_TOTAL_WORK_CORE_FILE_WRITE_SAMPLES	0
LIST_EXALL_40_ENTRIES_REPEAT10_TOTAL_WORK_CORE_FILE_WRITE_SAMPLE_TICKS	0
LIST_EXALL_40_ENTRIES_REPEAT10_TOTAL_WORK_CORE_SYNC_CALLS	0
LIST_EXALL_40_ENTRIES_REPEAT10_TOTAL_WORK_CORE_SYNC_SAMPLES	0
LIST_EXALL_40_ENTRIES_REPEAT10_TOTAL_WORK_CORE_SYNC_SAMPLE_TICKS	0
LIST_EXALL_40_ENTRIES_REPEAT10_TOTAL_WORK_IFACE_FREE_CALLS	0
LIST_EXALL_40_ENTRIES_REPEAT10_TOTAL_WORK_IFACE_FREE_SAMPLES	0
LIST_EXALL_40_ENTRIES_REPEAT10_TOTAL_WORK_IFACE_FREE_SAMPLE_TICKS	0
LIST_EXALL_40_ENTRIES_REPEAT10_TOTAL_WORK_SEAL_COMMIT_CALLS	0
LIST_EXALL_40_ENTRIES_REPEAT10_TOTAL_WORK_SEAL_COMMIT_SAMPLES	0
LIST_EXALL_40_ENTRIES_REPEAT10_TOTAL_WORK_SEAL_COMMIT_SAMPLE_TICKS	0
LIST_EXALL_40_ENTRIES_REPEAT10_TOTAL_WORK_INODE_READ_CALLS	400
LIST_EXALL_40_ENTRIES_REPEAT10_TOTAL_WORK_BTREE_SEARCH_CALLS	401
LIST_EXALL_40_ENTRIES_REPEAT10_TOTAL_WORK_BTREE_INDEX_HINT_HITS	400
LIST_EXALL_40_ENTRIES_REPEAT10_TOTAL_WORK_BTREE_LEAF_HINT_HITS	1
LIST_EXALL_40_ENTRIES_REPEAT10_TOTAL_WORK_CACHE_READ_CALLS	0
LIST_EXALL_40_ENTRIES_REPEAT10_TOTAL_WORK_CACHE_READ_HITS	0
LIST_EXALL_40_ENTRIES_REPEAT10_TOTAL_WORK_CACHE_READ_MISSES	0
LIST_EXALL_40_ENTRIES_REPEAT10_TOTAL_WORK_FREE_TREE_NODE_VIEWS	0
LIST_EXALL_40_ENTRIES_REPEAT10_TOTAL_WORK_FREE_TREE_RESIDENT_VIEWS	0
LIST_EXALL_40_ENTRIES_REPEAT10_TOTAL_WORK_DIR_TREE_NODE_VIEWS	160
LIST_EXALL_40_ENTRIES_REPEAT10_TOTAL_WORK_DIR_TREE_RESIDENT_VIEWS	160
LIST_EXALL_40_ENTRIES_REPEAT10_TOTAL_WORK_INODE_TREE_NODE_VIEWS	0
LIST_EXALL_40_ENTRIES_REPEAT10_TOTAL_WORK_INODE_TREE_RESIDENT_VIEWS	0
LIST_EXALL_40_ENTRIES_REPEAT10_TOTAL_WORK_REFCOUNT_TREE_NODE_VIEWS	0
LIST_EXALL_40_ENTRIES_REPEAT10_TOTAL_WORK_REFCOUNT_TREE_RESIDENT_VIEWS	0
LIST_EXALL_40_ENTRIES_REPEAT10_TOTAL_WORK_OTHER_TREE_NODE_VIEWS	0
LIST_EXALL_40_ENTRIES_REPEAT10_TOTAL_WORK_OTHER_TREE_RESIDENT_VIEWS	0
LIST_EXALL_40_ENTRIES_REPEAT10_TOTAL_WORK_WRITE_DETAIL_INODE_READ_CALLS	400
LIST_EXALL_40_ENTRIES_REPEAT10_TOTAL_WORK_WRITE_DETAIL_INODE_READ_SAMPLES	400
LIST_EXALL_40_ENTRIES_REPEAT10_TOTAL_WORK_WRITE_DETAIL_INODE_READ_SAMPLE_TICKS	5365
LIST_EXALL_40_ENTRIES_REPEAT10_TOTAL_WORK_WRITE_DETAIL_INODE_WRITE_CALLS	0
LIST_EXALL_40_ENTRIES_REPEAT10_TOTAL_WORK_WRITE_DETAIL_INODE_WRITE_SAMPLES	0
LIST_EXALL_40_ENTRIES_REPEAT10_TOTAL_WORK_WRITE_DETAIL_INODE_WRITE_SAMPLE_TICKS	0
LIST_EXALL_40_ENTRIES_REPEAT10_TOTAL_WORK_WRITE_DETAIL_EXTENT_MAP_CALLS	0
LIST_EXALL_40_ENTRIES_REPEAT10_TOTAL_WORK_WRITE_DETAIL_EXTENT_MAP_SAMPLES	0
LIST_EXALL_40_ENTRIES_REPEAT10_TOTAL_WORK_WRITE_DETAIL_EXTENT_MAP_SAMPLE_TICKS	0
LIST_EXALL_40_ENTRIES_REPEAT10_TOTAL_WORK_WRITE_DETAIL_FREESPACE_GOAL_CALLS	0
LIST_EXALL_40_ENTRIES_REPEAT10_TOTAL_WORK_WRITE_DETAIL_FREESPACE_GOAL_SAMPLES	0
LIST_EXALL_40_ENTRIES_REPEAT10_TOTAL_WORK_WRITE_DETAIL_FREESPACE_GOAL_SAMPLE_TICKS	0
LIST_EXALL_40_ENTRIES_REPEAT10_TOTAL_WORK_BTREE_MALLOC_CALLS	11
LIST_EXALL_40_ENTRIES_REPEAT10_TOTAL_WORK_BTREE_MALLOC_SAMPLES	11
LIST_EXALL_40_ENTRIES_REPEAT10_TOTAL_WORK_BTREE_MALLOC_SAMPLE_TICKS	37
LIST_EXALL_40_ENTRIES_REPEAT10_TOTAL_WORK_BTREE_FREE_CALLS	11
LIST_EXALL_40_ENTRIES_REPEAT10_TOTAL_WORK_BTREE_FREE_SAMPLES	11
LIST_EXALL_40_ENTRIES_REPEAT10_TOTAL_WORK_BTREE_FREE_SAMPLE_TICKS	44
LIST_EXALL_40_ENTRIES_REPEAT10_TOTAL_WORK_IFACE_ALLOC_CALLS	0
LIST_EXALL_40_ENTRIES_REPEAT10_TOTAL_WORK_IFACE_ALLOC_SAMPLES	0
LIST_EXALL_40_ENTRIES_REPEAT10_TOTAL_WORK_IFACE_ALLOC_SAMPLE_TICKS	0
LIST_EXALL_40_ENTRIES_REPEAT10_TOTAL_WORK_FREESPACE_ALLOC_CALLS	0
LIST_EXALL_40_ENTRIES_REPEAT10_TOTAL_WORK_FREESPACE_ALLOC_SAMPLES	0
LIST_EXALL_40_ENTRIES_REPEAT10_TOTAL_WORK_FREESPACE_ALLOC_SAMPLE_TICKS	0
LIST_EXALL_40_ENTRIES_REPEAT10_TOTAL_WORK_DETAIL_INODE_READ_CALLS	400
LIST_EXALL_40_ENTRIES_REPEAT10_TOTAL_WORK_DETAIL_INODE_READ_SAMPLES	23
LIST_EXALL_40_ENTRIES_REPEAT10_TOTAL_WORK_DETAIL_INODE_READ_SAMPLE_TICKS	446
LIST_EXALL_40_ENTRIES_REPEAT10_TOTAL_WORK_DETAIL_INODE_VALIDATE_CALLS	400
LIST_EXALL_40_ENTRIES_REPEAT10_TOTAL_WORK_DETAIL_INODE_VALIDATE_SAMPLES	23
LIST_EXALL_40_ENTRIES_REPEAT10_TOTAL_WORK_DETAIL_INODE_VALIDATE_SAMPLE_TICKS	45
LIST_EXALL_40_ENTRIES_REPEAT10_TOTAL_WORK_DETAIL_INODE_SEARCH_CALLS	400
LIST_EXALL_40_ENTRIES_REPEAT10_TOTAL_WORK_DETAIL_INODE_SEARCH_SAMPLES	23
LIST_EXALL_40_ENTRIES_REPEAT10_TOTAL_WORK_DETAIL_INODE_SEARCH_SAMPLE_TICKS	118
LIST_EXALL_40_ENTRIES_REPEAT10_TOTAL_WORK_DETAIL_INODE_NODE_VIEW_CALLS	0
LIST_EXALL_40_ENTRIES_REPEAT10_TOTAL_WORK_DETAIL_INODE_NODE_VIEW_SAMPLES	0
LIST_EXALL_40_ENTRIES_REPEAT10_TOTAL_WORK_DETAIL_INODE_NODE_VIEW_SAMPLE_TICKS	0
LIST_EXALL_40_ENTRIES_REPEAT10_TOTAL_WORK_DETAIL_DIR_NODE_VIEW_CALLS	160
LIST_EXALL_40_ENTRIES_REPEAT10_TOTAL_WORK_DETAIL_DIR_NODE_VIEW_SAMPLES	9
LIST_EXALL_40_ENTRIES_REPEAT10_TOTAL_WORK_DETAIL_DIR_NODE_VIEW_SAMPLE_TICKS	90
LIST_EXALL_40_ENTRIES_REPEAT10_TOTAL_WORK_DETAIL_INODE_BINARY_SEARCH_CALLS	0
LIST_EXALL_40_ENTRIES_REPEAT10_TOTAL_WORK_DETAIL_INODE_BINARY_SEARCH_SAMPLES	0
LIST_EXALL_40_ENTRIES_REPEAT10_TOTAL_WORK_DETAIL_INODE_BINARY_SEARCH_SAMPLE_TICKS	0
LIST_EXALL_40_ENTRIES_REPEAT10_TOTAL_WORK_DETAIL_DIR_BINARY_SEARCH_CALLS	41
LIST_EXALL_40_ENTRIES_REPEAT10_TOTAL_WORK_DETAIL_DIR_BINARY_SEARCH_SAMPLES	2
LIST_EXALL_40_ENTRIES_REPEAT10_TOTAL_WORK_DETAIL_DIR_BINARY_SEARCH_SAMPLE_TICKS	45
LIST_EXALL_40_ENTRIES_REPEAT10_TOTAL_WORK_DETAIL_NODE_STRUCTURE_CALLS	0
LIST_EXALL_40_ENTRIES_REPEAT10_TOTAL_WORK_DETAIL_NODE_STRUCTURE_SAMPLES	0
LIST_EXALL_40_ENTRIES_REPEAT10_TOTAL_WORK_DETAIL_NODE_STRUCTURE_SAMPLE_TICKS	0
LIST_EXALL_40_ENTRIES_REPEAT10_TOTAL_WORK_DETAIL_CACHE_PEEK_CALLS	561
LIST_EXALL_40_ENTRIES_REPEAT10_TOTAL_WORK_DETAIL_CACHE_PEEK_SAMPLES	33
LIST_EXALL_40_ENTRIES_REPEAT10_TOTAL_WORK_DETAIL_CACHE_PEEK_SAMPLE_TICKS	79
LIST_EXALL_40_ENTRIES_REPEAT10_TOTAL_WORK_DETAIL_BUFFER_ALLOC_CALLS	10
LIST_EXALL_40_ENTRIES_REPEAT10_TOTAL_WORK_DETAIL_BUFFER_ALLOC_SAMPLES	0
LIST_EXALL_40_ENTRIES_REPEAT10_TOTAL_WORK_DETAIL_BUFFER_ALLOC_SAMPLE_TICKS	0
LIST_EXALL_40_ENTRIES_REPEAT10_TOTAL_WORK_DETAIL_BUFFER_FREE_CALLS	10
LIST_EXALL_40_ENTRIES_REPEAT10_TOTAL_WORK_DETAIL_BUFFER_FREE_SAMPLES	0
LIST_EXALL_40_ENTRIES_REPEAT10_TOTAL_WORK_DETAIL_BUFFER_FREE_SAMPLE_TICKS	0
LIST_EXALL_40_ENTRIES_REPEAT10_TOTAL_WORK_DETAIL_EXALL_FILL_CALLS	410
LIST_EXALL_40_ENTRIES_REPEAT10_TOTAL_WORK_DETAIL_EXALL_FILL_SAMPLES	24
LIST_EXALL_40_ENTRIES_REPEAT10_TOTAL_WORK_DETAIL_EXALL_FILL_SAMPLE_TICKS	353
LIST_EXALL_40_ENTRIES_REPEAT10_TOTAL_WORK_FREESPACE_ALLOCS	0
LIST_EXALL_40_ENTRIES_REPEAT10_TOTAL_VOLUME_FLUSH_BIO_READS	0
LIST_EXALL_40_ENTRIES_REPEAT10_TOTAL_VOLUME_FLUSH_BIO_WRITES	0
LIST_EXALL_40_ENTRIES_REPEAT10_TOTAL_VOLUME_FLUSH_BIO_UPDATES	0
LIST_EXALL_40_ENTRIES_REPEAT10_TOTAL_VOLUME_FLUSH_DATA_READS	0
LIST_EXALL_40_ENTRIES_REPEAT10_TOTAL_VOLUME_FLUSH_DATA_WRITES	0
LIST_EXALL_40_ENTRIES_REPEAT10_TOTAL_VOLUME_FLUSH_NODE_WRITES	0
LIST_EXALL_40_ENTRIES_REPEAT10_TOTAL_VOLUME_FLUSH_TXN_COMMITS	0
LIST_EXALL_40_ENTRIES_REPEAT10_TOTAL_VOLUME_FLUSH_EXTENT_MAPS	0
LIST_EXALL_40_ENTRIES_REPEAT10_TOTAL_VOLUME_FLUSH_READ_TICKS	0
LIST_EXALL_40_ENTRIES_REPEAT10_TOTAL_VOLUME_FLUSH_WRITE_TICKS	0
LIST_EXALL_40_ENTRIES_REPEAT10_TOTAL_VOLUME_FLUSH_UPDATE_TICKS	0
LIST_EXALL_40_ENTRIES_REPEAT10_TOTAL_VOLUME_FLUSH_DATA_READ_TICKS	0
LIST_EXALL_40_ENTRIES_REPEAT10_TOTAL_VOLUME_FLUSH_DATA_WRITE_TICKS	0
LIST_EXALL_40_ENTRIES_REPEAT10_TOTAL_VOLUME_FLUSH_NODE_CRC_READ_CALLS	0
LIST_EXALL_40_ENTRIES_REPEAT10_TOTAL_VOLUME_FLUSH_NODE_CRC_READ_SAMPLES	0
LIST_EXALL_40_ENTRIES_REPEAT10_TOTAL_VOLUME_FLUSH_NODE_CRC_READ_SAMPLE_TICKS	0
LIST_EXALL_40_ENTRIES_REPEAT10_TOTAL_VOLUME_FLUSH_NODE_CRC_WRITE_CALLS	0
LIST_EXALL_40_ENTRIES_REPEAT10_TOTAL_VOLUME_FLUSH_NODE_CRC_WRITE_SAMPLES	0
LIST_EXALL_40_ENTRIES_REPEAT10_TOTAL_VOLUME_FLUSH_NODE_CRC_WRITE_SAMPLE_TICKS	0
LIST_EXALL_40_ENTRIES_REPEAT10_TOTAL_VOLUME_FLUSH_CLOCK_PAIR_TICKS	0
LIST_EXALL_40_ENTRIES_REPEAT10_TOTAL_VOLUME_FLUSH_PACKET_CALLS	0
LIST_EXALL_40_ENTRIES_REPEAT10_TOTAL_VOLUME_FLUSH_PACKET_SAMPLES	0
LIST_EXALL_40_ENTRIES_REPEAT10_TOTAL_VOLUME_FLUSH_PACKET_SAMPLE_TICKS	0
LIST_EXALL_40_ENTRIES_REPEAT10_TOTAL_VOLUME_FLUSH_PACKET_OPEN_CALLS	0
LIST_EXALL_40_ENTRIES_REPEAT10_TOTAL_VOLUME_FLUSH_PACKET_OPEN_SAMPLES	0
LIST_EXALL_40_ENTRIES_REPEAT10_TOTAL_VOLUME_FLUSH_PACKET_OPEN_SAMPLE_TICKS	0
LIST_EXALL_40_ENTRIES_REPEAT10_TOTAL_VOLUME_FLUSH_PACKET_READ_CALLS	0
LIST_EXALL_40_ENTRIES_REPEAT10_TOTAL_VOLUME_FLUSH_PACKET_READ_SAMPLES	0
LIST_EXALL_40_ENTRIES_REPEAT10_TOTAL_VOLUME_FLUSH_PACKET_READ_SAMPLE_TICKS	0
LIST_EXALL_40_ENTRIES_REPEAT10_TOTAL_VOLUME_FLUSH_PACKET_WRITE_CALLS	0
LIST_EXALL_40_ENTRIES_REPEAT10_TOTAL_VOLUME_FLUSH_PACKET_WRITE_SAMPLES	0
LIST_EXALL_40_ENTRIES_REPEAT10_TOTAL_VOLUME_FLUSH_PACKET_WRITE_SAMPLE_TICKS	0
LIST_EXALL_40_ENTRIES_REPEAT10_TOTAL_VOLUME_FLUSH_PACKET_END_CALLS	0
LIST_EXALL_40_ENTRIES_REPEAT10_TOTAL_VOLUME_FLUSH_PACKET_END_SAMPLES	0
LIST_EXALL_40_ENTRIES_REPEAT10_TOTAL_VOLUME_FLUSH_PACKET_END_SAMPLE_TICKS	0
LIST_EXALL_40_ENTRIES_REPEAT10_TOTAL_VOLUME_FLUSH_PACKET_DELETE_CALLS	0
LIST_EXALL_40_ENTRIES_REPEAT10_TOTAL_VOLUME_FLUSH_PACKET_DELETE_SAMPLES	0
LIST_EXALL_40_ENTRIES_REPEAT10_TOTAL_VOLUME_FLUSH_PACKET_DELETE_SAMPLE_TICKS	0
LIST_EXALL_40_ENTRIES_REPEAT10_TOTAL_VOLUME_FLUSH_PACKET_FLUSH_CALLS	0
LIST_EXALL_40_ENTRIES_REPEAT10_TOTAL_VOLUME_FLUSH_PACKET_FLUSH_SAMPLES	0
LIST_EXALL_40_ENTRIES_REPEAT10_TOTAL_VOLUME_FLUSH_PACKET_FLUSH_SAMPLE_TICKS	0
LIST_EXALL_40_ENTRIES_REPEAT10_TOTAL_VOLUME_FLUSH_PACKET_OTHER_CALLS	0
LIST_EXALL_40_ENTRIES_REPEAT10_TOTAL_VOLUME_FLUSH_PACKET_OTHER_SAMPLES	0
LIST_EXALL_40_ENTRIES_REPEAT10_TOTAL_VOLUME_FLUSH_PACKET_OTHER_SAMPLE_TICKS	0
LIST_EXALL_40_ENTRIES_REPEAT10_TOTAL_VOLUME_FLUSH_CORE_CREATE_CALLS	0
LIST_EXALL_40_ENTRIES_REPEAT10_TOTAL_VOLUME_FLUSH_CORE_CREATE_SAMPLES	0
LIST_EXALL_40_ENTRIES_REPEAT10_TOTAL_VOLUME_FLUSH_CORE_CREATE_SAMPLE_TICKS	0
LIST_EXALL_40_ENTRIES_REPEAT10_TOTAL_VOLUME_FLUSH_CORE_DELETE_CALLS	0
LIST_EXALL_40_ENTRIES_REPEAT10_TOTAL_VOLUME_FLUSH_CORE_DELETE_SAMPLES	0
LIST_EXALL_40_ENTRIES_REPEAT10_TOTAL_VOLUME_FLUSH_CORE_DELETE_SAMPLE_TICKS	0
LIST_EXALL_40_ENTRIES_REPEAT10_TOTAL_VOLUME_FLUSH_CORE_FILE_WRITE_CALLS	0
LIST_EXALL_40_ENTRIES_REPEAT10_TOTAL_VOLUME_FLUSH_CORE_FILE_WRITE_SAMPLES	0
LIST_EXALL_40_ENTRIES_REPEAT10_TOTAL_VOLUME_FLUSH_CORE_FILE_WRITE_SAMPLE_TICKS	0
LIST_EXALL_40_ENTRIES_REPEAT10_TOTAL_VOLUME_FLUSH_CORE_SYNC_CALLS	0
LIST_EXALL_40_ENTRIES_REPEAT10_TOTAL_VOLUME_FLUSH_CORE_SYNC_SAMPLES	0
LIST_EXALL_40_ENTRIES_REPEAT10_TOTAL_VOLUME_FLUSH_CORE_SYNC_SAMPLE_TICKS	0
LIST_EXALL_40_ENTRIES_REPEAT10_TOTAL_VOLUME_FLUSH_IFACE_FREE_CALLS	0
LIST_EXALL_40_ENTRIES_REPEAT10_TOTAL_VOLUME_FLUSH_IFACE_FREE_SAMPLES	0
LIST_EXALL_40_ENTRIES_REPEAT10_TOTAL_VOLUME_FLUSH_IFACE_FREE_SAMPLE_TICKS	0
LIST_EXALL_40_ENTRIES_REPEAT10_TOTAL_VOLUME_FLUSH_SEAL_COMMIT_CALLS	0
LIST_EXALL_40_ENTRIES_REPEAT10_TOTAL_VOLUME_FLUSH_SEAL_COMMIT_SAMPLES	0
LIST_EXALL_40_ENTRIES_REPEAT10_TOTAL_VOLUME_FLUSH_SEAL_COMMIT_SAMPLE_TICKS	0
LIST_EXALL_40_ENTRIES_REPEAT10_TOTAL_VOLUME_FLUSH_INODE_READ_CALLS	0
LIST_EXALL_40_ENTRIES_REPEAT10_TOTAL_VOLUME_FLUSH_BTREE_SEARCH_CALLS	0
LIST_EXALL_40_ENTRIES_REPEAT10_TOTAL_VOLUME_FLUSH_BTREE_INDEX_HINT_HITS	0
LIST_EXALL_40_ENTRIES_REPEAT10_TOTAL_VOLUME_FLUSH_BTREE_LEAF_HINT_HITS	0
LIST_EXALL_40_ENTRIES_REPEAT10_TOTAL_VOLUME_FLUSH_CACHE_READ_CALLS	0
LIST_EXALL_40_ENTRIES_REPEAT10_TOTAL_VOLUME_FLUSH_CACHE_READ_HITS	0
LIST_EXALL_40_ENTRIES_REPEAT10_TOTAL_VOLUME_FLUSH_CACHE_READ_MISSES	0
LIST_EXALL_40_ENTRIES_REPEAT10_TOTAL_VOLUME_FLUSH_FREE_TREE_NODE_VIEWS	0
LIST_EXALL_40_ENTRIES_REPEAT10_TOTAL_VOLUME_FLUSH_FREE_TREE_RESIDENT_VIEWS	0
LIST_EXALL_40_ENTRIES_REPEAT10_TOTAL_VOLUME_FLUSH_DIR_TREE_NODE_VIEWS	0
LIST_EXALL_40_ENTRIES_REPEAT10_TOTAL_VOLUME_FLUSH_DIR_TREE_RESIDENT_VIEWS	0
LIST_EXALL_40_ENTRIES_REPEAT10_TOTAL_VOLUME_FLUSH_INODE_TREE_NODE_VIEWS	0
LIST_EXALL_40_ENTRIES_REPEAT10_TOTAL_VOLUME_FLUSH_INODE_TREE_RESIDENT_VIEWS	0
LIST_EXALL_40_ENTRIES_REPEAT10_TOTAL_VOLUME_FLUSH_REFCOUNT_TREE_NODE_VIEWS	0
LIST_EXALL_40_ENTRIES_REPEAT10_TOTAL_VOLUME_FLUSH_REFCOUNT_TREE_RESIDENT_VIEWS	0
LIST_EXALL_40_ENTRIES_REPEAT10_TOTAL_VOLUME_FLUSH_OTHER_TREE_NODE_VIEWS	0
LIST_EXALL_40_ENTRIES_REPEAT10_TOTAL_VOLUME_FLUSH_OTHER_TREE_RESIDENT_VIEWS	0
LIST_EXALL_40_ENTRIES_REPEAT10_TOTAL_VOLUME_FLUSH_WRITE_DETAIL_INODE_READ_CALLS	0
LIST_EXALL_40_ENTRIES_REPEAT10_TOTAL_VOLUME_FLUSH_WRITE_DETAIL_INODE_READ_SAMPLES	0
LIST_EXALL_40_ENTRIES_REPEAT10_TOTAL_VOLUME_FLUSH_WRITE_DETAIL_INODE_READ_SAMPLE_TICKS	0
LIST_EXALL_40_ENTRIES_REPEAT10_TOTAL_VOLUME_FLUSH_WRITE_DETAIL_INODE_WRITE_CALLS	0
LIST_EXALL_40_ENTRIES_REPEAT10_TOTAL_VOLUME_FLUSH_WRITE_DETAIL_INODE_WRITE_SAMPLES	0
LIST_EXALL_40_ENTRIES_REPEAT10_TOTAL_VOLUME_FLUSH_WRITE_DETAIL_INODE_WRITE_SAMPLE_TICKS	0
LIST_EXALL_40_ENTRIES_REPEAT10_TOTAL_VOLUME_FLUSH_WRITE_DETAIL_EXTENT_MAP_CALLS	0
LIST_EXALL_40_ENTRIES_REPEAT10_TOTAL_VOLUME_FLUSH_WRITE_DETAIL_EXTENT_MAP_SAMPLES	0
LIST_EXALL_40_ENTRIES_REPEAT10_TOTAL_VOLUME_FLUSH_WRITE_DETAIL_EXTENT_MAP_SAMPLE_TICKS	0
LIST_EXALL_40_ENTRIES_REPEAT10_TOTAL_VOLUME_FLUSH_WRITE_DETAIL_FREESPACE_GOAL_CALLS	0
LIST_EXALL_40_ENTRIES_REPEAT10_TOTAL_VOLUME_FLUSH_WRITE_DETAIL_FREESPACE_GOAL_SAMPLES	0
LIST_EXALL_40_ENTRIES_REPEAT10_TOTAL_VOLUME_FLUSH_WRITE_DETAIL_FREESPACE_GOAL_SAMPLE_TICKS	0
LIST_EXALL_40_ENTRIES_REPEAT10_TOTAL_VOLUME_FLUSH_BTREE_MALLOC_CALLS	0
LIST_EXALL_40_ENTRIES_REPEAT10_TOTAL_VOLUME_FLUSH_BTREE_MALLOC_SAMPLES	0
LIST_EXALL_40_ENTRIES_REPEAT10_TOTAL_VOLUME_FLUSH_BTREE_MALLOC_SAMPLE_TICKS	0
LIST_EXALL_40_ENTRIES_REPEAT10_TOTAL_VOLUME_FLUSH_BTREE_FREE_CALLS	0
LIST_EXALL_40_ENTRIES_REPEAT10_TOTAL_VOLUME_FLUSH_BTREE_FREE_SAMPLES	0
LIST_EXALL_40_ENTRIES_REPEAT10_TOTAL_VOLUME_FLUSH_BTREE_FREE_SAMPLE_TICKS	0
LIST_EXALL_40_ENTRIES_REPEAT10_TOTAL_VOLUME_FLUSH_IFACE_ALLOC_CALLS	0
LIST_EXALL_40_ENTRIES_REPEAT10_TOTAL_VOLUME_FLUSH_IFACE_ALLOC_SAMPLES	0
LIST_EXALL_40_ENTRIES_REPEAT10_TOTAL_VOLUME_FLUSH_IFACE_ALLOC_SAMPLE_TICKS	0
LIST_EXALL_40_ENTRIES_REPEAT10_TOTAL_VOLUME_FLUSH_FREESPACE_ALLOC_CALLS	0
LIST_EXALL_40_ENTRIES_REPEAT10_TOTAL_VOLUME_FLUSH_FREESPACE_ALLOC_SAMPLES	0
LIST_EXALL_40_ENTRIES_REPEAT10_TOTAL_VOLUME_FLUSH_FREESPACE_ALLOC_SAMPLE_TICKS	0
LIST_EXALL_40_ENTRIES_REPEAT10_TOTAL_VOLUME_FLUSH_DETAIL_INODE_READ_CALLS	0
LIST_EXALL_40_ENTRIES_REPEAT10_TOTAL_VOLUME_FLUSH_DETAIL_INODE_READ_SAMPLES	0
LIST_EXALL_40_ENTRIES_REPEAT10_TOTAL_VOLUME_FLUSH_DETAIL_INODE_READ_SAMPLE_TICKS	0
LIST_EXALL_40_ENTRIES_REPEAT10_TOTAL_VOLUME_FLUSH_DETAIL_INODE_VALIDATE_CALLS	0
LIST_EXALL_40_ENTRIES_REPEAT10_TOTAL_VOLUME_FLUSH_DETAIL_INODE_VALIDATE_SAMPLES	0
LIST_EXALL_40_ENTRIES_REPEAT10_TOTAL_VOLUME_FLUSH_DETAIL_INODE_VALIDATE_SAMPLE_TICKS	0
LIST_EXALL_40_ENTRIES_REPEAT10_TOTAL_VOLUME_FLUSH_DETAIL_INODE_SEARCH_CALLS	0
LIST_EXALL_40_ENTRIES_REPEAT10_TOTAL_VOLUME_FLUSH_DETAIL_INODE_SEARCH_SAMPLES	0
LIST_EXALL_40_ENTRIES_REPEAT10_TOTAL_VOLUME_FLUSH_DETAIL_INODE_SEARCH_SAMPLE_TICKS	0
LIST_EXALL_40_ENTRIES_REPEAT10_TOTAL_VOLUME_FLUSH_DETAIL_INODE_NODE_VIEW_CALLS	0
LIST_EXALL_40_ENTRIES_REPEAT10_TOTAL_VOLUME_FLUSH_DETAIL_INODE_NODE_VIEW_SAMPLES	0
LIST_EXALL_40_ENTRIES_REPEAT10_TOTAL_VOLUME_FLUSH_DETAIL_INODE_NODE_VIEW_SAMPLE_TICKS	0
LIST_EXALL_40_ENTRIES_REPEAT10_TOTAL_VOLUME_FLUSH_DETAIL_DIR_NODE_VIEW_CALLS	0
LIST_EXALL_40_ENTRIES_REPEAT10_TOTAL_VOLUME_FLUSH_DETAIL_DIR_NODE_VIEW_SAMPLES	0
LIST_EXALL_40_ENTRIES_REPEAT10_TOTAL_VOLUME_FLUSH_DETAIL_DIR_NODE_VIEW_SAMPLE_TICKS	0
LIST_EXALL_40_ENTRIES_REPEAT10_TOTAL_VOLUME_FLUSH_DETAIL_INODE_BINARY_SEARCH_CALLS	0
LIST_EXALL_40_ENTRIES_REPEAT10_TOTAL_VOLUME_FLUSH_DETAIL_INODE_BINARY_SEARCH_SAMPLES	0
LIST_EXALL_40_ENTRIES_REPEAT10_TOTAL_VOLUME_FLUSH_DETAIL_INODE_BINARY_SEARCH_SAMPLE_TICKS	0
LIST_EXALL_40_ENTRIES_REPEAT10_TOTAL_VOLUME_FLUSH_DETAIL_DIR_BINARY_SEARCH_CALLS	0
LIST_EXALL_40_ENTRIES_REPEAT10_TOTAL_VOLUME_FLUSH_DETAIL_DIR_BINARY_SEARCH_SAMPLES	0
LIST_EXALL_40_ENTRIES_REPEAT10_TOTAL_VOLUME_FLUSH_DETAIL_DIR_BINARY_SEARCH_SAMPLE_TICKS	0
LIST_EXALL_40_ENTRIES_REPEAT10_TOTAL_VOLUME_FLUSH_DETAIL_NODE_STRUCTURE_CALLS	0
LIST_EXALL_40_ENTRIES_REPEAT10_TOTAL_VOLUME_FLUSH_DETAIL_NODE_STRUCTURE_SAMPLES	0
LIST_EXALL_40_ENTRIES_REPEAT10_TOTAL_VOLUME_FLUSH_DETAIL_NODE_STRUCTURE_SAMPLE_TICKS	0
LIST_EXALL_40_ENTRIES_REPEAT10_TOTAL_VOLUME_FLUSH_DETAIL_CACHE_PEEK_CALLS	0
LIST_EXALL_40_ENTRIES_REPEAT10_TOTAL_VOLUME_FLUSH_DETAIL_CACHE_PEEK_SAMPLES	0
LIST_EXALL_40_ENTRIES_REPEAT10_TOTAL_VOLUME_FLUSH_DETAIL_CACHE_PEEK_SAMPLE_TICKS	0
LIST_EXALL_40_ENTRIES_REPEAT10_TOTAL_VOLUME_FLUSH_DETAIL_BUFFER_ALLOC_CALLS	0
LIST_EXALL_40_ENTRIES_REPEAT10_TOTAL_VOLUME_FLUSH_DETAIL_BUFFER_ALLOC_SAMPLES	0
LIST_EXALL_40_ENTRIES_REPEAT10_TOTAL_VOLUME_FLUSH_DETAIL_BUFFER_ALLOC_SAMPLE_TICKS	0
LIST_EXALL_40_ENTRIES_REPEAT10_TOTAL_VOLUME_FLUSH_DETAIL_BUFFER_FREE_CALLS	0
LIST_EXALL_40_ENTRIES_REPEAT10_TOTAL_VOLUME_FLUSH_DETAIL_BUFFER_FREE_SAMPLES	0
LIST_EXALL_40_ENTRIES_REPEAT10_TOTAL_VOLUME_FLUSH_DETAIL_BUFFER_FREE_SAMPLE_TICKS	0
LIST_EXALL_40_ENTRIES_REPEAT10_TOTAL_VOLUME_FLUSH_DETAIL_EXALL_FILL_CALLS	0
LIST_EXALL_40_ENTRIES_REPEAT10_TOTAL_VOLUME_FLUSH_DETAIL_EXALL_FILL_SAMPLES	0
LIST_EXALL_40_ENTRIES_REPEAT10_TOTAL_VOLUME_FLUSH_DETAIL_EXALL_FILL_SAMPLE_TICKS	0
LIST_EXALL_40_ENTRIES_REPEAT10_TOTAL_VOLUME_FLUSH_FREESPACE_ALLOCS	0
LIST_EXNEXT_400_ENTRIES_FIRST_PASS_US	69824
LIST_EXNEXT_400_ENTRIES_FIRST_PASS_WORK_US	69824
LIST_EXNEXT_400_ENTRIES_FIRST_PASS_VOLUME_FLUSH_US	0
LIST_EXNEXT_400_ENTRIES_FIRST_PASS_HAS_VOLUME_FLUSH	0
LIST_EXNEXT_400_ENTRIES_FIRST_PASS_GUEST_OPEN_CALLS	0
LIST_EXNEXT_400_ENTRIES_FIRST_PASS_GUEST_OPEN_US	0
LIST_EXNEXT_400_ENTRIES_FIRST_PASS_GUEST_READ_CALLS	0
LIST_EXNEXT_400_ENTRIES_FIRST_PASS_GUEST_READ_US	0
LIST_EXNEXT_400_ENTRIES_FIRST_PASS_GUEST_WRITE_CALLS	0
LIST_EXNEXT_400_ENTRIES_FIRST_PASS_GUEST_WRITE_US	0
LIST_EXNEXT_400_ENTRIES_FIRST_PASS_GUEST_HANDLE_FLUSH_CALLS	0
LIST_EXNEXT_400_ENTRIES_FIRST_PASS_GUEST_HANDLE_FLUSH_US	0
LIST_EXNEXT_400_ENTRIES_FIRST_PASS_GUEST_CLOSE_CALLS	0
LIST_EXNEXT_400_ENTRIES_FIRST_PASS_GUEST_CLOSE_US	0
LIST_EXNEXT_400_ENTRIES_FIRST_PASS_GUEST_VERIFY_CALLS	0
LIST_EXNEXT_400_ENTRIES_FIRST_PASS_GUEST_VERIFY_US	0
LIST_EXNEXT_400_ENTRIES_FIRST_PASS_WORK_BIO_READS	65
LIST_EXNEXT_400_ENTRIES_FIRST_PASS_WORK_BIO_WRITES	0
LIST_EXNEXT_400_ENTRIES_FIRST_PASS_WORK_BIO_UPDATES	0
LIST_EXNEXT_400_ENTRIES_FIRST_PASS_WORK_DATA_READS	0
LIST_EXNEXT_400_ENTRIES_FIRST_PASS_WORK_DATA_WRITES	0
LIST_EXNEXT_400_ENTRIES_FIRST_PASS_WORK_NODE_WRITES	0
LIST_EXNEXT_400_ENTRIES_FIRST_PASS_WORK_TXN_COMMITS	0
LIST_EXNEXT_400_ENTRIES_FIRST_PASS_WORK_EXTENT_MAPS	0
LIST_EXNEXT_400_ENTRIES_FIRST_PASS_WORK_READ_TICKS	6314
LIST_EXNEXT_400_ENTRIES_FIRST_PASS_WORK_WRITE_TICKS	0
LIST_EXNEXT_400_ENTRIES_FIRST_PASS_WORK_UPDATE_TICKS	0
LIST_EXNEXT_400_ENTRIES_FIRST_PASS_WORK_DATA_READ_TICKS	0
LIST_EXNEXT_400_ENTRIES_FIRST_PASS_WORK_DATA_WRITE_TICKS	0
LIST_EXNEXT_400_ENTRIES_FIRST_PASS_WORK_NODE_CRC_READ_CALLS	65
LIST_EXNEXT_400_ENTRIES_FIRST_PASS_WORK_NODE_CRC_READ_SAMPLES	65
LIST_EXNEXT_400_ENTRIES_FIRST_PASS_WORK_NODE_CRC_READ_SAMPLE_TICKS	6395
LIST_EXNEXT_400_ENTRIES_FIRST_PASS_WORK_NODE_CRC_WRITE_CALLS	0
LIST_EXNEXT_400_ENTRIES_FIRST_PASS_WORK_NODE_CRC_WRITE_SAMPLES	0
LIST_EXNEXT_400_ENTRIES_FIRST_PASS_WORK_NODE_CRC_WRITE_SAMPLE_TICKS	0
LIST_EXNEXT_400_ENTRIES_FIRST_PASS_WORK_CLOCK_PAIR_TICKS	0
LIST_EXNEXT_400_ENTRIES_FIRST_PASS_WORK_PACKET_CALLS	404
LIST_EXNEXT_400_ENTRIES_FIRST_PASS_WORK_PACKET_SAMPLES	404
LIST_EXNEXT_400_ENTRIES_FIRST_PASS_WORK_PACKET_SAMPLE_TICKS	41913
LIST_EXNEXT_400_ENTRIES_FIRST_PASS_WORK_PACKET_OPEN_CALLS	0
LIST_EXNEXT_400_ENTRIES_FIRST_PASS_WORK_PACKET_OPEN_SAMPLES	0
LIST_EXNEXT_400_ENTRIES_FIRST_PASS_WORK_PACKET_OPEN_SAMPLE_TICKS	0
LIST_EXNEXT_400_ENTRIES_FIRST_PASS_WORK_PACKET_READ_CALLS	0
LIST_EXNEXT_400_ENTRIES_FIRST_PASS_WORK_PACKET_READ_SAMPLES	0
LIST_EXNEXT_400_ENTRIES_FIRST_PASS_WORK_PACKET_READ_SAMPLE_TICKS	0
LIST_EXNEXT_400_ENTRIES_FIRST_PASS_WORK_PACKET_WRITE_CALLS	0
LIST_EXNEXT_400_ENTRIES_FIRST_PASS_WORK_PACKET_WRITE_SAMPLES	0
LIST_EXNEXT_400_ENTRIES_FIRST_PASS_WORK_PACKET_WRITE_SAMPLE_TICKS	0
LIST_EXNEXT_400_ENTRIES_FIRST_PASS_WORK_PACKET_END_CALLS	0
LIST_EXNEXT_400_ENTRIES_FIRST_PASS_WORK_PACKET_END_SAMPLES	0
LIST_EXNEXT_400_ENTRIES_FIRST_PASS_WORK_PACKET_END_SAMPLE_TICKS	0
LIST_EXNEXT_400_ENTRIES_FIRST_PASS_WORK_PACKET_DELETE_CALLS	0
LIST_EXNEXT_400_ENTRIES_FIRST_PASS_WORK_PACKET_DELETE_SAMPLES	0
LIST_EXNEXT_400_ENTRIES_FIRST_PASS_WORK_PACKET_DELETE_SAMPLE_TICKS	0
LIST_EXNEXT_400_ENTRIES_FIRST_PASS_WORK_PACKET_FLUSH_CALLS	0
LIST_EXNEXT_400_ENTRIES_FIRST_PASS_WORK_PACKET_FLUSH_SAMPLES	0
LIST_EXNEXT_400_ENTRIES_FIRST_PASS_WORK_PACKET_FLUSH_SAMPLE_TICKS	0
LIST_EXNEXT_400_ENTRIES_FIRST_PASS_WORK_PACKET_OTHER_CALLS	404
LIST_EXNEXT_400_ENTRIES_FIRST_PASS_WORK_PACKET_OTHER_SAMPLES	404
LIST_EXNEXT_400_ENTRIES_FIRST_PASS_WORK_PACKET_OTHER_SAMPLE_TICKS	41913
LIST_EXNEXT_400_ENTRIES_FIRST_PASS_WORK_CORE_CREATE_CALLS	0
LIST_EXNEXT_400_ENTRIES_FIRST_PASS_WORK_CORE_CREATE_SAMPLES	0
LIST_EXNEXT_400_ENTRIES_FIRST_PASS_WORK_CORE_CREATE_SAMPLE_TICKS	0
LIST_EXNEXT_400_ENTRIES_FIRST_PASS_WORK_CORE_DELETE_CALLS	0
LIST_EXNEXT_400_ENTRIES_FIRST_PASS_WORK_CORE_DELETE_SAMPLES	0
LIST_EXNEXT_400_ENTRIES_FIRST_PASS_WORK_CORE_DELETE_SAMPLE_TICKS	0
LIST_EXNEXT_400_ENTRIES_FIRST_PASS_WORK_CORE_FILE_WRITE_CALLS	0
LIST_EXNEXT_400_ENTRIES_FIRST_PASS_WORK_CORE_FILE_WRITE_SAMPLES	0
LIST_EXNEXT_400_ENTRIES_FIRST_PASS_WORK_CORE_FILE_WRITE_SAMPLE_TICKS	0
LIST_EXNEXT_400_ENTRIES_FIRST_PASS_WORK_CORE_SYNC_CALLS	0
LIST_EXNEXT_400_ENTRIES_FIRST_PASS_WORK_CORE_SYNC_SAMPLES	0
LIST_EXNEXT_400_ENTRIES_FIRST_PASS_WORK_CORE_SYNC_SAMPLE_TICKS	0
LIST_EXNEXT_400_ENTRIES_FIRST_PASS_WORK_IFACE_FREE_CALLS	0
LIST_EXNEXT_400_ENTRIES_FIRST_PASS_WORK_IFACE_FREE_SAMPLES	0
LIST_EXNEXT_400_ENTRIES_FIRST_PASS_WORK_IFACE_FREE_SAMPLE_TICKS	0
LIST_EXNEXT_400_ENTRIES_FIRST_PASS_WORK_SEAL_COMMIT_CALLS	0
LIST_EXNEXT_400_ENTRIES_FIRST_PASS_WORK_SEAL_COMMIT_SAMPLES	0
LIST_EXNEXT_400_ENTRIES_FIRST_PASS_WORK_SEAL_COMMIT_SAMPLE_TICKS	0
LIST_EXNEXT_400_ENTRIES_FIRST_PASS_WORK_INODE_READ_CALLS	401
LIST_EXNEXT_400_ENTRIES_FIRST_PASS_WORK_BTREE_SEARCH_CALLS	402
LIST_EXNEXT_400_ENTRIES_FIRST_PASS_WORK_BTREE_INDEX_HINT_HITS	0
LIST_EXNEXT_400_ENTRIES_FIRST_PASS_WORK_BTREE_LEAF_HINT_HITS	382
LIST_EXNEXT_400_ENTRIES_FIRST_PASS_WORK_CACHE_READ_CALLS	65
LIST_EXNEXT_400_ENTRIES_FIRST_PASS_WORK_CACHE_READ_HITS	0
LIST_EXNEXT_400_ENTRIES_FIRST_PASS_WORK_CACHE_READ_MISSES	65
LIST_EXNEXT_400_ENTRIES_FIRST_PASS_WORK_FREE_TREE_NODE_VIEWS	0
LIST_EXNEXT_400_ENTRIES_FIRST_PASS_WORK_FREE_TREE_RESIDENT_VIEWS	0
LIST_EXNEXT_400_ENTRIES_FIRST_PASS_WORK_DIR_TREE_NODE_VIEWS	264
LIST_EXNEXT_400_ENTRIES_FIRST_PASS_WORK_DIR_TREE_RESIDENT_VIEWS	219
LIST_EXNEXT_400_ENTRIES_FIRST_PASS_WORK_INODE_TREE_NODE_VIEWS	40
LIST_EXNEXT_400_ENTRIES_FIRST_PASS_WORK_INODE_TREE_RESIDENT_VIEWS	20
LIST_EXNEXT_400_ENTRIES_FIRST_PASS_WORK_REFCOUNT_TREE_NODE_VIEWS	0
LIST_EXNEXT_400_ENTRIES_FIRST_PASS_WORK_REFCOUNT_TREE_RESIDENT_VIEWS	0
LIST_EXNEXT_400_ENTRIES_FIRST_PASS_WORK_OTHER_TREE_NODE_VIEWS	0
LIST_EXNEXT_400_ENTRIES_FIRST_PASS_WORK_OTHER_TREE_RESIDENT_VIEWS	0
LIST_EXNEXT_400_ENTRIES_FIRST_PASS_WORK_WRITE_DETAIL_INODE_READ_CALLS	401
LIST_EXNEXT_400_ENTRIES_FIRST_PASS_WORK_WRITE_DETAIL_INODE_READ_SAMPLES	401
LIST_EXNEXT_400_ENTRIES_FIRST_PASS_WORK_WRITE_DETAIL_INODE_READ_SAMPLE_TICKS	13718
LIST_EXNEXT_400_ENTRIES_FIRST_PASS_WORK_WRITE_DETAIL_INODE_WRITE_CALLS	0
LIST_EXNEXT_400_ENTRIES_FIRST_PASS_WORK_WRITE_DETAIL_INODE_WRITE_SAMPLES	0
LIST_EXNEXT_400_ENTRIES_FIRST_PASS_WORK_WRITE_DETAIL_INODE_WRITE_SAMPLE_TICKS	0
LIST_EXNEXT_400_ENTRIES_FIRST_PASS_WORK_WRITE_DETAIL_EXTENT_MAP_CALLS	0
LIST_EXNEXT_400_ENTRIES_FIRST_PASS_WORK_WRITE_DETAIL_EXTENT_MAP_SAMPLES	0
LIST_EXNEXT_400_ENTRIES_FIRST_PASS_WORK_WRITE_DETAIL_EXTENT_MAP_SAMPLE_TICKS	0
LIST_EXNEXT_400_ENTRIES_FIRST_PASS_WORK_WRITE_DETAIL_FREESPACE_GOAL_CALLS	0
LIST_EXNEXT_400_ENTRIES_FIRST_PASS_WORK_WRITE_DETAIL_FREESPACE_GOAL_SAMPLES	0
LIST_EXNEXT_400_ENTRIES_FIRST_PASS_WORK_WRITE_DETAIL_FREESPACE_GOAL_SAMPLE_TICKS	0
LIST_EXNEXT_400_ENTRIES_FIRST_PASS_WORK_BTREE_MALLOC_CALLS	43
LIST_EXNEXT_400_ENTRIES_FIRST_PASS_WORK_BTREE_MALLOC_SAMPLES	43
LIST_EXNEXT_400_ENTRIES_FIRST_PASS_WORK_BTREE_MALLOC_SAMPLE_TICKS	248
LIST_EXNEXT_400_ENTRIES_FIRST_PASS_WORK_BTREE_FREE_CALLS	403
LIST_EXNEXT_400_ENTRIES_FIRST_PASS_WORK_BTREE_FREE_SAMPLES	403
LIST_EXNEXT_400_ENTRIES_FIRST_PASS_WORK_BTREE_FREE_SAMPLE_TICKS	763
LIST_EXNEXT_400_ENTRIES_FIRST_PASS_WORK_IFACE_ALLOC_CALLS	0
LIST_EXNEXT_400_ENTRIES_FIRST_PASS_WORK_IFACE_ALLOC_SAMPLES	0
LIST_EXNEXT_400_ENTRIES_FIRST_PASS_WORK_IFACE_ALLOC_SAMPLE_TICKS	0
LIST_EXNEXT_400_ENTRIES_FIRST_PASS_WORK_FREESPACE_ALLOC_CALLS	0
LIST_EXNEXT_400_ENTRIES_FIRST_PASS_WORK_FREESPACE_ALLOC_SAMPLES	0
LIST_EXNEXT_400_ENTRIES_FIRST_PASS_WORK_FREESPACE_ALLOC_SAMPLE_TICKS	0
LIST_EXNEXT_400_ENTRIES_FIRST_PASS_WORK_DETAIL_INODE_READ_CALLS	401
LIST_EXNEXT_400_ENTRIES_FIRST_PASS_WORK_DETAIL_INODE_READ_SAMPLES	23
LIST_EXNEXT_400_ENTRIES_FIRST_PASS_WORK_DETAIL_INODE_READ_SAMPLE_TICKS	724
LIST_EXNEXT_400_ENTRIES_FIRST_PASS_WORK_DETAIL_INODE_VALIDATE_CALLS	401
LIST_EXNEXT_400_ENTRIES_FIRST_PASS_WORK_DETAIL_INODE_VALIDATE_SAMPLES	23
LIST_EXNEXT_400_ENTRIES_FIRST_PASS_WORK_DETAIL_INODE_VALIDATE_SAMPLE_TICKS	61
LIST_EXNEXT_400_ENTRIES_FIRST_PASS_WORK_DETAIL_INODE_SEARCH_CALLS	401
LIST_EXNEXT_400_ENTRIES_FIRST_PASS_WORK_DETAIL_INODE_SEARCH_SAMPLES	23
LIST_EXNEXT_400_ENTRIES_FIRST_PASS_WORK_DETAIL_INODE_SEARCH_SAMPLE_TICKS	500
LIST_EXNEXT_400_ENTRIES_FIRST_PASS_WORK_DETAIL_INODE_NODE_VIEW_CALLS	40
LIST_EXNEXT_400_ENTRIES_FIRST_PASS_WORK_DETAIL_INODE_NODE_VIEW_SAMPLES	2
LIST_EXNEXT_400_ENTRIES_FIRST_PASS_WORK_DETAIL_INODE_NODE_VIEW_SAMPLE_TICKS	273
LIST_EXNEXT_400_ENTRIES_FIRST_PASS_WORK_DETAIL_DIR_NODE_VIEW_CALLS	264
LIST_EXNEXT_400_ENTRIES_FIRST_PASS_WORK_DETAIL_DIR_NODE_VIEW_SAMPLES	15
LIST_EXNEXT_400_ENTRIES_FIRST_PASS_WORK_DETAIL_DIR_NODE_VIEW_SAMPLE_TICKS	1001
LIST_EXNEXT_400_ENTRIES_FIRST_PASS_WORK_DETAIL_INODE_BINARY_SEARCH_CALLS	40
LIST_EXNEXT_400_ENTRIES_FIRST_PASS_WORK_DETAIL_INODE_BINARY_SEARCH_SAMPLES	2
LIST_EXNEXT_400_ENTRIES_FIRST_PASS_WORK_DETAIL_INODE_BINARY_SEARCH_SAMPLE_TICKS	0
LIST_EXNEXT_400_ENTRIES_FIRST_PASS_WORK_DETAIL_DIR_BINARY_SEARCH_CALLS	173
LIST_EXNEXT_400_ENTRIES_FIRST_PASS_WORK_DETAIL_DIR_BINARY_SEARCH_SAMPLES	10
LIST_EXNEXT_400_ENTRIES_FIRST_PASS_WORK_DETAIL_DIR_BINARY_SEARCH_SAMPLE_TICKS	0
LIST_EXNEXT_400_ENTRIES_FIRST_PASS_WORK_DETAIL_NODE_STRUCTURE_CALLS	65
LIST_EXNEXT_400_ENTRIES_FIRST_PASS_WORK_DETAIL_NODE_STRUCTURE_SAMPLES	3
LIST_EXNEXT_400_ENTRIES_FIRST_PASS_WORK_DETAIL_NODE_STRUCTURE_SAMPLE_TICKS	45
LIST_EXNEXT_400_ENTRIES_FIRST_PASS_WORK_DETAIL_CACHE_PEEK_CALLS	714
LIST_EXNEXT_400_ENTRIES_FIRST_PASS_WORK_DETAIL_CACHE_PEEK_SAMPLES	42
LIST_EXNEXT_400_ENTRIES_FIRST_PASS_WORK_DETAIL_CACHE_PEEK_SAMPLE_TICKS	109
LIST_EXNEXT_400_ENTRIES_FIRST_PASS_WORK_DETAIL_BUFFER_ALLOC_CALLS	422
LIST_EXNEXT_400_ENTRIES_FIRST_PASS_WORK_DETAIL_BUFFER_ALLOC_SAMPLES	24
LIST_EXNEXT_400_ENTRIES_FIRST_PASS_WORK_DETAIL_BUFFER_ALLOC_SAMPLE_TICKS	108
LIST_EXNEXT_400_ENTRIES_FIRST_PASS_WORK_DETAIL_BUFFER_FREE_CALLS	422
LIST_EXNEXT_400_ENTRIES_FIRST_PASS_WORK_DETAIL_BUFFER_FREE_SAMPLES	24
LIST_EXNEXT_400_ENTRIES_FIRST_PASS_WORK_DETAIL_BUFFER_FREE_SAMPLE_TICKS	137
LIST_EXNEXT_400_ENTRIES_FIRST_PASS_WORK_DETAIL_EXALL_FILL_CALLS	0
LIST_EXNEXT_400_ENTRIES_FIRST_PASS_WORK_DETAIL_EXALL_FILL_SAMPLES	0
LIST_EXNEXT_400_ENTRIES_FIRST_PASS_WORK_DETAIL_EXALL_FILL_SAMPLE_TICKS	0
LIST_EXNEXT_400_ENTRIES_FIRST_PASS_WORK_FREESPACE_ALLOCS	0
LIST_EXNEXT_400_ENTRIES_FIRST_PASS_VOLUME_FLUSH_BIO_READS	0
LIST_EXNEXT_400_ENTRIES_FIRST_PASS_VOLUME_FLUSH_BIO_WRITES	0
LIST_EXNEXT_400_ENTRIES_FIRST_PASS_VOLUME_FLUSH_BIO_UPDATES	0
LIST_EXNEXT_400_ENTRIES_FIRST_PASS_VOLUME_FLUSH_DATA_READS	0
LIST_EXNEXT_400_ENTRIES_FIRST_PASS_VOLUME_FLUSH_DATA_WRITES	0
LIST_EXNEXT_400_ENTRIES_FIRST_PASS_VOLUME_FLUSH_NODE_WRITES	0
LIST_EXNEXT_400_ENTRIES_FIRST_PASS_VOLUME_FLUSH_TXN_COMMITS	0
LIST_EXNEXT_400_ENTRIES_FIRST_PASS_VOLUME_FLUSH_EXTENT_MAPS	0
LIST_EXNEXT_400_ENTRIES_FIRST_PASS_VOLUME_FLUSH_READ_TICKS	0
LIST_EXNEXT_400_ENTRIES_FIRST_PASS_VOLUME_FLUSH_WRITE_TICKS	0
LIST_EXNEXT_400_ENTRIES_FIRST_PASS_VOLUME_FLUSH_UPDATE_TICKS	0
LIST_EXNEXT_400_ENTRIES_FIRST_PASS_VOLUME_FLUSH_DATA_READ_TICKS	0
LIST_EXNEXT_400_ENTRIES_FIRST_PASS_VOLUME_FLUSH_DATA_WRITE_TICKS	0
LIST_EXNEXT_400_ENTRIES_FIRST_PASS_VOLUME_FLUSH_NODE_CRC_READ_CALLS	0
LIST_EXNEXT_400_ENTRIES_FIRST_PASS_VOLUME_FLUSH_NODE_CRC_READ_SAMPLES	0
LIST_EXNEXT_400_ENTRIES_FIRST_PASS_VOLUME_FLUSH_NODE_CRC_READ_SAMPLE_TICKS	0
LIST_EXNEXT_400_ENTRIES_FIRST_PASS_VOLUME_FLUSH_NODE_CRC_WRITE_CALLS	0
LIST_EXNEXT_400_ENTRIES_FIRST_PASS_VOLUME_FLUSH_NODE_CRC_WRITE_SAMPLES	0
LIST_EXNEXT_400_ENTRIES_FIRST_PASS_VOLUME_FLUSH_NODE_CRC_WRITE_SAMPLE_TICKS	0
LIST_EXNEXT_400_ENTRIES_FIRST_PASS_VOLUME_FLUSH_CLOCK_PAIR_TICKS	0
LIST_EXNEXT_400_ENTRIES_FIRST_PASS_VOLUME_FLUSH_PACKET_CALLS	0
LIST_EXNEXT_400_ENTRIES_FIRST_PASS_VOLUME_FLUSH_PACKET_SAMPLES	0
LIST_EXNEXT_400_ENTRIES_FIRST_PASS_VOLUME_FLUSH_PACKET_SAMPLE_TICKS	0
LIST_EXNEXT_400_ENTRIES_FIRST_PASS_VOLUME_FLUSH_PACKET_OPEN_CALLS	0
LIST_EXNEXT_400_ENTRIES_FIRST_PASS_VOLUME_FLUSH_PACKET_OPEN_SAMPLES	0
LIST_EXNEXT_400_ENTRIES_FIRST_PASS_VOLUME_FLUSH_PACKET_OPEN_SAMPLE_TICKS	0
LIST_EXNEXT_400_ENTRIES_FIRST_PASS_VOLUME_FLUSH_PACKET_READ_CALLS	0
LIST_EXNEXT_400_ENTRIES_FIRST_PASS_VOLUME_FLUSH_PACKET_READ_SAMPLES	0
LIST_EXNEXT_400_ENTRIES_FIRST_PASS_VOLUME_FLUSH_PACKET_READ_SAMPLE_TICKS	0
LIST_EXNEXT_400_ENTRIES_FIRST_PASS_VOLUME_FLUSH_PACKET_WRITE_CALLS	0
LIST_EXNEXT_400_ENTRIES_FIRST_PASS_VOLUME_FLUSH_PACKET_WRITE_SAMPLES	0
LIST_EXNEXT_400_ENTRIES_FIRST_PASS_VOLUME_FLUSH_PACKET_WRITE_SAMPLE_TICKS	0
LIST_EXNEXT_400_ENTRIES_FIRST_PASS_VOLUME_FLUSH_PACKET_END_CALLS	0
LIST_EXNEXT_400_ENTRIES_FIRST_PASS_VOLUME_FLUSH_PACKET_END_SAMPLES	0
LIST_EXNEXT_400_ENTRIES_FIRST_PASS_VOLUME_FLUSH_PACKET_END_SAMPLE_TICKS	0
LIST_EXNEXT_400_ENTRIES_FIRST_PASS_VOLUME_FLUSH_PACKET_DELETE_CALLS	0
LIST_EXNEXT_400_ENTRIES_FIRST_PASS_VOLUME_FLUSH_PACKET_DELETE_SAMPLES	0
LIST_EXNEXT_400_ENTRIES_FIRST_PASS_VOLUME_FLUSH_PACKET_DELETE_SAMPLE_TICKS	0
LIST_EXNEXT_400_ENTRIES_FIRST_PASS_VOLUME_FLUSH_PACKET_FLUSH_CALLS	0
LIST_EXNEXT_400_ENTRIES_FIRST_PASS_VOLUME_FLUSH_PACKET_FLUSH_SAMPLES	0
LIST_EXNEXT_400_ENTRIES_FIRST_PASS_VOLUME_FLUSH_PACKET_FLUSH_SAMPLE_TICKS	0
LIST_EXNEXT_400_ENTRIES_FIRST_PASS_VOLUME_FLUSH_PACKET_OTHER_CALLS	0
LIST_EXNEXT_400_ENTRIES_FIRST_PASS_VOLUME_FLUSH_PACKET_OTHER_SAMPLES	0
LIST_EXNEXT_400_ENTRIES_FIRST_PASS_VOLUME_FLUSH_PACKET_OTHER_SAMPLE_TICKS	0
LIST_EXNEXT_400_ENTRIES_FIRST_PASS_VOLUME_FLUSH_CORE_CREATE_CALLS	0
LIST_EXNEXT_400_ENTRIES_FIRST_PASS_VOLUME_FLUSH_CORE_CREATE_SAMPLES	0
LIST_EXNEXT_400_ENTRIES_FIRST_PASS_VOLUME_FLUSH_CORE_CREATE_SAMPLE_TICKS	0
LIST_EXNEXT_400_ENTRIES_FIRST_PASS_VOLUME_FLUSH_CORE_DELETE_CALLS	0
LIST_EXNEXT_400_ENTRIES_FIRST_PASS_VOLUME_FLUSH_CORE_DELETE_SAMPLES	0
LIST_EXNEXT_400_ENTRIES_FIRST_PASS_VOLUME_FLUSH_CORE_DELETE_SAMPLE_TICKS	0
LIST_EXNEXT_400_ENTRIES_FIRST_PASS_VOLUME_FLUSH_CORE_FILE_WRITE_CALLS	0
LIST_EXNEXT_400_ENTRIES_FIRST_PASS_VOLUME_FLUSH_CORE_FILE_WRITE_SAMPLES	0
LIST_EXNEXT_400_ENTRIES_FIRST_PASS_VOLUME_FLUSH_CORE_FILE_WRITE_SAMPLE_TICKS	0
LIST_EXNEXT_400_ENTRIES_FIRST_PASS_VOLUME_FLUSH_CORE_SYNC_CALLS	0
LIST_EXNEXT_400_ENTRIES_FIRST_PASS_VOLUME_FLUSH_CORE_SYNC_SAMPLES	0
LIST_EXNEXT_400_ENTRIES_FIRST_PASS_VOLUME_FLUSH_CORE_SYNC_SAMPLE_TICKS	0
LIST_EXNEXT_400_ENTRIES_FIRST_PASS_VOLUME_FLUSH_IFACE_FREE_CALLS	0
LIST_EXNEXT_400_ENTRIES_FIRST_PASS_VOLUME_FLUSH_IFACE_FREE_SAMPLES	0
LIST_EXNEXT_400_ENTRIES_FIRST_PASS_VOLUME_FLUSH_IFACE_FREE_SAMPLE_TICKS	0
LIST_EXNEXT_400_ENTRIES_FIRST_PASS_VOLUME_FLUSH_SEAL_COMMIT_CALLS	0
LIST_EXNEXT_400_ENTRIES_FIRST_PASS_VOLUME_FLUSH_SEAL_COMMIT_SAMPLES	0
LIST_EXNEXT_400_ENTRIES_FIRST_PASS_VOLUME_FLUSH_SEAL_COMMIT_SAMPLE_TICKS	0
LIST_EXNEXT_400_ENTRIES_FIRST_PASS_VOLUME_FLUSH_INODE_READ_CALLS	0
LIST_EXNEXT_400_ENTRIES_FIRST_PASS_VOLUME_FLUSH_BTREE_SEARCH_CALLS	0
LIST_EXNEXT_400_ENTRIES_FIRST_PASS_VOLUME_FLUSH_BTREE_INDEX_HINT_HITS	0
LIST_EXNEXT_400_ENTRIES_FIRST_PASS_VOLUME_FLUSH_BTREE_LEAF_HINT_HITS	0
LIST_EXNEXT_400_ENTRIES_FIRST_PASS_VOLUME_FLUSH_CACHE_READ_CALLS	0
LIST_EXNEXT_400_ENTRIES_FIRST_PASS_VOLUME_FLUSH_CACHE_READ_HITS	0
LIST_EXNEXT_400_ENTRIES_FIRST_PASS_VOLUME_FLUSH_CACHE_READ_MISSES	0
LIST_EXNEXT_400_ENTRIES_FIRST_PASS_VOLUME_FLUSH_FREE_TREE_NODE_VIEWS	0
LIST_EXNEXT_400_ENTRIES_FIRST_PASS_VOLUME_FLUSH_FREE_TREE_RESIDENT_VIEWS	0
LIST_EXNEXT_400_ENTRIES_FIRST_PASS_VOLUME_FLUSH_DIR_TREE_NODE_VIEWS	0
LIST_EXNEXT_400_ENTRIES_FIRST_PASS_VOLUME_FLUSH_DIR_TREE_RESIDENT_VIEWS	0
LIST_EXNEXT_400_ENTRIES_FIRST_PASS_VOLUME_FLUSH_INODE_TREE_NODE_VIEWS	0
LIST_EXNEXT_400_ENTRIES_FIRST_PASS_VOLUME_FLUSH_INODE_TREE_RESIDENT_VIEWS	0
LIST_EXNEXT_400_ENTRIES_FIRST_PASS_VOLUME_FLUSH_REFCOUNT_TREE_NODE_VIEWS	0
LIST_EXNEXT_400_ENTRIES_FIRST_PASS_VOLUME_FLUSH_REFCOUNT_TREE_RESIDENT_VIEWS	0
LIST_EXNEXT_400_ENTRIES_FIRST_PASS_VOLUME_FLUSH_OTHER_TREE_NODE_VIEWS	0
LIST_EXNEXT_400_ENTRIES_FIRST_PASS_VOLUME_FLUSH_OTHER_TREE_RESIDENT_VIEWS	0
LIST_EXNEXT_400_ENTRIES_FIRST_PASS_VOLUME_FLUSH_WRITE_DETAIL_INODE_READ_CALLS	0
LIST_EXNEXT_400_ENTRIES_FIRST_PASS_VOLUME_FLUSH_WRITE_DETAIL_INODE_READ_SAMPLES	0
LIST_EXNEXT_400_ENTRIES_FIRST_PASS_VOLUME_FLUSH_WRITE_DETAIL_INODE_READ_SAMPLE_TICKS	0
LIST_EXNEXT_400_ENTRIES_FIRST_PASS_VOLUME_FLUSH_WRITE_DETAIL_INODE_WRITE_CALLS	0
LIST_EXNEXT_400_ENTRIES_FIRST_PASS_VOLUME_FLUSH_WRITE_DETAIL_INODE_WRITE_SAMPLES	0
LIST_EXNEXT_400_ENTRIES_FIRST_PASS_VOLUME_FLUSH_WRITE_DETAIL_INODE_WRITE_SAMPLE_TICKS	0
LIST_EXNEXT_400_ENTRIES_FIRST_PASS_VOLUME_FLUSH_WRITE_DETAIL_EXTENT_MAP_CALLS	0
LIST_EXNEXT_400_ENTRIES_FIRST_PASS_VOLUME_FLUSH_WRITE_DETAIL_EXTENT_MAP_SAMPLES	0
LIST_EXNEXT_400_ENTRIES_FIRST_PASS_VOLUME_FLUSH_WRITE_DETAIL_EXTENT_MAP_SAMPLE_TICKS	0
LIST_EXNEXT_400_ENTRIES_FIRST_PASS_VOLUME_FLUSH_WRITE_DETAIL_FREESPACE_GOAL_CALLS	0
LIST_EXNEXT_400_ENTRIES_FIRST_PASS_VOLUME_FLUSH_WRITE_DETAIL_FREESPACE_GOAL_SAMPLES	0
LIST_EXNEXT_400_ENTRIES_FIRST_PASS_VOLUME_FLUSH_WRITE_DETAIL_FREESPACE_GOAL_SAMPLE_TICKS	0
LIST_EXNEXT_400_ENTRIES_FIRST_PASS_VOLUME_FLUSH_BTREE_MALLOC_CALLS	0
LIST_EXNEXT_400_ENTRIES_FIRST_PASS_VOLUME_FLUSH_BTREE_MALLOC_SAMPLES	0
LIST_EXNEXT_400_ENTRIES_FIRST_PASS_VOLUME_FLUSH_BTREE_MALLOC_SAMPLE_TICKS	0
LIST_EXNEXT_400_ENTRIES_FIRST_PASS_VOLUME_FLUSH_BTREE_FREE_CALLS	0
LIST_EXNEXT_400_ENTRIES_FIRST_PASS_VOLUME_FLUSH_BTREE_FREE_SAMPLES	0
LIST_EXNEXT_400_ENTRIES_FIRST_PASS_VOLUME_FLUSH_BTREE_FREE_SAMPLE_TICKS	0
LIST_EXNEXT_400_ENTRIES_FIRST_PASS_VOLUME_FLUSH_IFACE_ALLOC_CALLS	0
LIST_EXNEXT_400_ENTRIES_FIRST_PASS_VOLUME_FLUSH_IFACE_ALLOC_SAMPLES	0
LIST_EXNEXT_400_ENTRIES_FIRST_PASS_VOLUME_FLUSH_IFACE_ALLOC_SAMPLE_TICKS	0
LIST_EXNEXT_400_ENTRIES_FIRST_PASS_VOLUME_FLUSH_FREESPACE_ALLOC_CALLS	0
LIST_EXNEXT_400_ENTRIES_FIRST_PASS_VOLUME_FLUSH_FREESPACE_ALLOC_SAMPLES	0
LIST_EXNEXT_400_ENTRIES_FIRST_PASS_VOLUME_FLUSH_FREESPACE_ALLOC_SAMPLE_TICKS	0
LIST_EXNEXT_400_ENTRIES_FIRST_PASS_VOLUME_FLUSH_DETAIL_INODE_READ_CALLS	0
LIST_EXNEXT_400_ENTRIES_FIRST_PASS_VOLUME_FLUSH_DETAIL_INODE_READ_SAMPLES	0
LIST_EXNEXT_400_ENTRIES_FIRST_PASS_VOLUME_FLUSH_DETAIL_INODE_READ_SAMPLE_TICKS	0
LIST_EXNEXT_400_ENTRIES_FIRST_PASS_VOLUME_FLUSH_DETAIL_INODE_VALIDATE_CALLS	0
LIST_EXNEXT_400_ENTRIES_FIRST_PASS_VOLUME_FLUSH_DETAIL_INODE_VALIDATE_SAMPLES	0
LIST_EXNEXT_400_ENTRIES_FIRST_PASS_VOLUME_FLUSH_DETAIL_INODE_VALIDATE_SAMPLE_TICKS	0
LIST_EXNEXT_400_ENTRIES_FIRST_PASS_VOLUME_FLUSH_DETAIL_INODE_SEARCH_CALLS	0
LIST_EXNEXT_400_ENTRIES_FIRST_PASS_VOLUME_FLUSH_DETAIL_INODE_SEARCH_SAMPLES	0
LIST_EXNEXT_400_ENTRIES_FIRST_PASS_VOLUME_FLUSH_DETAIL_INODE_SEARCH_SAMPLE_TICKS	0
LIST_EXNEXT_400_ENTRIES_FIRST_PASS_VOLUME_FLUSH_DETAIL_INODE_NODE_VIEW_CALLS	0
LIST_EXNEXT_400_ENTRIES_FIRST_PASS_VOLUME_FLUSH_DETAIL_INODE_NODE_VIEW_SAMPLES	0
LIST_EXNEXT_400_ENTRIES_FIRST_PASS_VOLUME_FLUSH_DETAIL_INODE_NODE_VIEW_SAMPLE_TICKS	0
LIST_EXNEXT_400_ENTRIES_FIRST_PASS_VOLUME_FLUSH_DETAIL_DIR_NODE_VIEW_CALLS	0
LIST_EXNEXT_400_ENTRIES_FIRST_PASS_VOLUME_FLUSH_DETAIL_DIR_NODE_VIEW_SAMPLES	0
LIST_EXNEXT_400_ENTRIES_FIRST_PASS_VOLUME_FLUSH_DETAIL_DIR_NODE_VIEW_SAMPLE_TICKS	0
LIST_EXNEXT_400_ENTRIES_FIRST_PASS_VOLUME_FLUSH_DETAIL_INODE_BINARY_SEARCH_CALLS	0
LIST_EXNEXT_400_ENTRIES_FIRST_PASS_VOLUME_FLUSH_DETAIL_INODE_BINARY_SEARCH_SAMPLES	0
LIST_EXNEXT_400_ENTRIES_FIRST_PASS_VOLUME_FLUSH_DETAIL_INODE_BINARY_SEARCH_SAMPLE_TICKS	0
LIST_EXNEXT_400_ENTRIES_FIRST_PASS_VOLUME_FLUSH_DETAIL_DIR_BINARY_SEARCH_CALLS	0
LIST_EXNEXT_400_ENTRIES_FIRST_PASS_VOLUME_FLUSH_DETAIL_DIR_BINARY_SEARCH_SAMPLES	0
LIST_EXNEXT_400_ENTRIES_FIRST_PASS_VOLUME_FLUSH_DETAIL_DIR_BINARY_SEARCH_SAMPLE_TICKS	0
LIST_EXNEXT_400_ENTRIES_FIRST_PASS_VOLUME_FLUSH_DETAIL_NODE_STRUCTURE_CALLS	0
LIST_EXNEXT_400_ENTRIES_FIRST_PASS_VOLUME_FLUSH_DETAIL_NODE_STRUCTURE_SAMPLES	0
LIST_EXNEXT_400_ENTRIES_FIRST_PASS_VOLUME_FLUSH_DETAIL_NODE_STRUCTURE_SAMPLE_TICKS	0
LIST_EXNEXT_400_ENTRIES_FIRST_PASS_VOLUME_FLUSH_DETAIL_CACHE_PEEK_CALLS	0
LIST_EXNEXT_400_ENTRIES_FIRST_PASS_VOLUME_FLUSH_DETAIL_CACHE_PEEK_SAMPLES	0
LIST_EXNEXT_400_ENTRIES_FIRST_PASS_VOLUME_FLUSH_DETAIL_CACHE_PEEK_SAMPLE_TICKS	0
LIST_EXNEXT_400_ENTRIES_FIRST_PASS_VOLUME_FLUSH_DETAIL_BUFFER_ALLOC_CALLS	0
LIST_EXNEXT_400_ENTRIES_FIRST_PASS_VOLUME_FLUSH_DETAIL_BUFFER_ALLOC_SAMPLES	0
LIST_EXNEXT_400_ENTRIES_FIRST_PASS_VOLUME_FLUSH_DETAIL_BUFFER_ALLOC_SAMPLE_TICKS	0
LIST_EXNEXT_400_ENTRIES_FIRST_PASS_VOLUME_FLUSH_DETAIL_BUFFER_FREE_CALLS	0
LIST_EXNEXT_400_ENTRIES_FIRST_PASS_VOLUME_FLUSH_DETAIL_BUFFER_FREE_SAMPLES	0
LIST_EXNEXT_400_ENTRIES_FIRST_PASS_VOLUME_FLUSH_DETAIL_BUFFER_FREE_SAMPLE_TICKS	0
LIST_EXNEXT_400_ENTRIES_FIRST_PASS_VOLUME_FLUSH_DETAIL_EXALL_FILL_CALLS	0
LIST_EXNEXT_400_ENTRIES_FIRST_PASS_VOLUME_FLUSH_DETAIL_EXALL_FILL_SAMPLES	0
LIST_EXNEXT_400_ENTRIES_FIRST_PASS_VOLUME_FLUSH_DETAIL_EXALL_FILL_SAMPLE_TICKS	0
LIST_EXNEXT_400_ENTRIES_FIRST_PASS_VOLUME_FLUSH_FREESPACE_ALLOCS	0
LIST_EXNEXT_400_ENTRIES_REPEAT10_TOTAL_US	714429
LIST_EXNEXT_400_ENTRIES_REPEAT10_TOTAL_WORK_US	714429
LIST_EXNEXT_400_ENTRIES_REPEAT10_TOTAL_VOLUME_FLUSH_US	0
LIST_EXNEXT_400_ENTRIES_REPEAT10_TOTAL_HAS_VOLUME_FLUSH	0
LIST_EXNEXT_400_ENTRIES_REPEAT10_TOTAL_GUEST_OPEN_CALLS	0
LIST_EXNEXT_400_ENTRIES_REPEAT10_TOTAL_GUEST_OPEN_US	0
LIST_EXNEXT_400_ENTRIES_REPEAT10_TOTAL_GUEST_READ_CALLS	0
LIST_EXNEXT_400_ENTRIES_REPEAT10_TOTAL_GUEST_READ_US	0
LIST_EXNEXT_400_ENTRIES_REPEAT10_TOTAL_GUEST_WRITE_CALLS	0
LIST_EXNEXT_400_ENTRIES_REPEAT10_TOTAL_GUEST_WRITE_US	0
LIST_EXNEXT_400_ENTRIES_REPEAT10_TOTAL_GUEST_HANDLE_FLUSH_CALLS	0
LIST_EXNEXT_400_ENTRIES_REPEAT10_TOTAL_GUEST_HANDLE_FLUSH_US	0
LIST_EXNEXT_400_ENTRIES_REPEAT10_TOTAL_GUEST_CLOSE_CALLS	0
LIST_EXNEXT_400_ENTRIES_REPEAT10_TOTAL_GUEST_CLOSE_US	0
LIST_EXNEXT_400_ENTRIES_REPEAT10_TOTAL_GUEST_VERIFY_CALLS	0
LIST_EXNEXT_400_ENTRIES_REPEAT10_TOTAL_GUEST_VERIFY_US	0
LIST_EXNEXT_400_ENTRIES_REPEAT10_TOTAL_WORK_BIO_READS	680
LIST_EXNEXT_400_ENTRIES_REPEAT10_TOTAL_WORK_BIO_WRITES	0
LIST_EXNEXT_400_ENTRIES_REPEAT10_TOTAL_WORK_BIO_UPDATES	0
LIST_EXNEXT_400_ENTRIES_REPEAT10_TOTAL_WORK_DATA_READS	0
LIST_EXNEXT_400_ENTRIES_REPEAT10_TOTAL_WORK_DATA_WRITES	0
LIST_EXNEXT_400_ENTRIES_REPEAT10_TOTAL_WORK_NODE_WRITES	0
LIST_EXNEXT_400_ENTRIES_REPEAT10_TOTAL_WORK_TXN_COMMITS	0
LIST_EXNEXT_400_ENTRIES_REPEAT10_TOTAL_WORK_EXTENT_MAPS	0
LIST_EXNEXT_400_ENTRIES_REPEAT10_TOTAL_WORK_READ_TICKS	53498
LIST_EXNEXT_400_ENTRIES_REPEAT10_TOTAL_WORK_WRITE_TICKS	0
LIST_EXNEXT_400_ENTRIES_REPEAT10_TOTAL_WORK_UPDATE_TICKS	0
LIST_EXNEXT_400_ENTRIES_REPEAT10_TOTAL_WORK_DATA_READ_TICKS	0
LIST_EXNEXT_400_ENTRIES_REPEAT10_TOTAL_WORK_DATA_WRITE_TICKS	0
LIST_EXNEXT_400_ENTRIES_REPEAT10_TOTAL_WORK_NODE_CRC_READ_CALLS	680
LIST_EXNEXT_400_ENTRIES_REPEAT10_TOTAL_WORK_NODE_CRC_READ_SAMPLES	680
LIST_EXNEXT_400_ENTRIES_REPEAT10_TOTAL_WORK_NODE_CRC_READ_SAMPLE_TICKS	67996
LIST_EXNEXT_400_ENTRIES_REPEAT10_TOTAL_WORK_NODE_CRC_WRITE_CALLS	0
LIST_EXNEXT_400_ENTRIES_REPEAT10_TOTAL_WORK_NODE_CRC_WRITE_SAMPLES	0
LIST_EXNEXT_400_ENTRIES_REPEAT10_TOTAL_WORK_NODE_CRC_WRITE_SAMPLE_TICKS	0
LIST_EXNEXT_400_ENTRIES_REPEAT10_TOTAL_WORK_CLOCK_PAIR_TICKS	0
LIST_EXNEXT_400_ENTRIES_REPEAT10_TOTAL_WORK_PACKET_CALLS	4022
LIST_EXNEXT_400_ENTRIES_REPEAT10_TOTAL_WORK_PACKET_SAMPLES	4022
LIST_EXNEXT_400_ENTRIES_REPEAT10_TOTAL_WORK_PACKET_SAMPLE_TICKS	426017
LIST_EXNEXT_400_ENTRIES_REPEAT10_TOTAL_WORK_PACKET_OPEN_CALLS	0
LIST_EXNEXT_400_ENTRIES_REPEAT10_TOTAL_WORK_PACKET_OPEN_SAMPLES	0
LIST_EXNEXT_400_ENTRIES_REPEAT10_TOTAL_WORK_PACKET_OPEN_SAMPLE_TICKS	0
LIST_EXNEXT_400_ENTRIES_REPEAT10_TOTAL_WORK_PACKET_READ_CALLS	0
LIST_EXNEXT_400_ENTRIES_REPEAT10_TOTAL_WORK_PACKET_READ_SAMPLES	0
LIST_EXNEXT_400_ENTRIES_REPEAT10_TOTAL_WORK_PACKET_READ_SAMPLE_TICKS	0
LIST_EXNEXT_400_ENTRIES_REPEAT10_TOTAL_WORK_PACKET_WRITE_CALLS	0
LIST_EXNEXT_400_ENTRIES_REPEAT10_TOTAL_WORK_PACKET_WRITE_SAMPLES	0
LIST_EXNEXT_400_ENTRIES_REPEAT10_TOTAL_WORK_PACKET_WRITE_SAMPLE_TICKS	0
LIST_EXNEXT_400_ENTRIES_REPEAT10_TOTAL_WORK_PACKET_END_CALLS	0
LIST_EXNEXT_400_ENTRIES_REPEAT10_TOTAL_WORK_PACKET_END_SAMPLES	0
LIST_EXNEXT_400_ENTRIES_REPEAT10_TOTAL_WORK_PACKET_END_SAMPLE_TICKS	0
LIST_EXNEXT_400_ENTRIES_REPEAT10_TOTAL_WORK_PACKET_DELETE_CALLS	0
LIST_EXNEXT_400_ENTRIES_REPEAT10_TOTAL_WORK_PACKET_DELETE_SAMPLES	0
LIST_EXNEXT_400_ENTRIES_REPEAT10_TOTAL_WORK_PACKET_DELETE_SAMPLE_TICKS	0
LIST_EXNEXT_400_ENTRIES_REPEAT10_TOTAL_WORK_PACKET_FLUSH_CALLS	0
LIST_EXNEXT_400_ENTRIES_REPEAT10_TOTAL_WORK_PACKET_FLUSH_SAMPLES	0
LIST_EXNEXT_400_ENTRIES_REPEAT10_TOTAL_WORK_PACKET_FLUSH_SAMPLE_TICKS	0
LIST_EXNEXT_400_ENTRIES_REPEAT10_TOTAL_WORK_PACKET_OTHER_CALLS	4022
LIST_EXNEXT_400_ENTRIES_REPEAT10_TOTAL_WORK_PACKET_OTHER_SAMPLES	4022
LIST_EXNEXT_400_ENTRIES_REPEAT10_TOTAL_WORK_PACKET_OTHER_SAMPLE_TICKS	426017
LIST_EXNEXT_400_ENTRIES_REPEAT10_TOTAL_WORK_CORE_CREATE_CALLS	0
LIST_EXNEXT_400_ENTRIES_REPEAT10_TOTAL_WORK_CORE_CREATE_SAMPLES	0
LIST_EXNEXT_400_ENTRIES_REPEAT10_TOTAL_WORK_CORE_CREATE_SAMPLE_TICKS	0
LIST_EXNEXT_400_ENTRIES_REPEAT10_TOTAL_WORK_CORE_DELETE_CALLS	0
LIST_EXNEXT_400_ENTRIES_REPEAT10_TOTAL_WORK_CORE_DELETE_SAMPLES	0
LIST_EXNEXT_400_ENTRIES_REPEAT10_TOTAL_WORK_CORE_DELETE_SAMPLE_TICKS	0
LIST_EXNEXT_400_ENTRIES_REPEAT10_TOTAL_WORK_CORE_FILE_WRITE_CALLS	0
LIST_EXNEXT_400_ENTRIES_REPEAT10_TOTAL_WORK_CORE_FILE_WRITE_SAMPLES	0
LIST_EXNEXT_400_ENTRIES_REPEAT10_TOTAL_WORK_CORE_FILE_WRITE_SAMPLE_TICKS	0
LIST_EXNEXT_400_ENTRIES_REPEAT10_TOTAL_WORK_CORE_SYNC_CALLS	0
LIST_EXNEXT_400_ENTRIES_REPEAT10_TOTAL_WORK_CORE_SYNC_SAMPLES	0
LIST_EXNEXT_400_ENTRIES_REPEAT10_TOTAL_WORK_CORE_SYNC_SAMPLE_TICKS	0
LIST_EXNEXT_400_ENTRIES_REPEAT10_TOTAL_WORK_IFACE_FREE_CALLS	0
LIST_EXNEXT_400_ENTRIES_REPEAT10_TOTAL_WORK_IFACE_FREE_SAMPLES	0
LIST_EXNEXT_400_ENTRIES_REPEAT10_TOTAL_WORK_IFACE_FREE_SAMPLE_TICKS	0
LIST_EXNEXT_400_ENTRIES_REPEAT10_TOTAL_WORK_SEAL_COMMIT_CALLS	0
LIST_EXNEXT_400_ENTRIES_REPEAT10_TOTAL_WORK_SEAL_COMMIT_SAMPLES	0
LIST_EXNEXT_400_ENTRIES_REPEAT10_TOTAL_WORK_SEAL_COMMIT_SAMPLE_TICKS	0
LIST_EXNEXT_400_ENTRIES_REPEAT10_TOTAL_WORK_INODE_READ_CALLS	4010
LIST_EXNEXT_400_ENTRIES_REPEAT10_TOTAL_WORK_BTREE_SEARCH_CALLS	4011
LIST_EXNEXT_400_ENTRIES_REPEAT10_TOTAL_WORK_BTREE_INDEX_HINT_HITS	0
LIST_EXNEXT_400_ENTRIES_REPEAT10_TOTAL_WORK_BTREE_LEAF_HINT_HITS	3830
LIST_EXNEXT_400_ENTRIES_REPEAT10_TOTAL_WORK_CACHE_READ_CALLS	680
LIST_EXNEXT_400_ENTRIES_REPEAT10_TOTAL_WORK_CACHE_READ_HITS	0
LIST_EXNEXT_400_ENTRIES_REPEAT10_TOTAL_WORK_CACHE_READ_MISSES	680
LIST_EXNEXT_400_ENTRIES_REPEAT10_TOTAL_WORK_FREE_TREE_NODE_VIEWS	0
LIST_EXNEXT_400_ENTRIES_REPEAT10_TOTAL_WORK_FREE_TREE_RESIDENT_VIEWS	0
LIST_EXNEXT_400_ENTRIES_REPEAT10_TOTAL_WORK_DIR_TREE_NODE_VIEWS	2644
LIST_EXNEXT_400_ENTRIES_REPEAT10_TOTAL_WORK_DIR_TREE_RESIDENT_VIEWS	2144
LIST_EXNEXT_400_ENTRIES_REPEAT10_TOTAL_WORK_INODE_TREE_NODE_VIEWS	360
LIST_EXNEXT_400_ENTRIES_REPEAT10_TOTAL_WORK_INODE_TREE_RESIDENT_VIEWS	180
LIST_EXNEXT_400_ENTRIES_REPEAT10_TOTAL_WORK_REFCOUNT_TREE_NODE_VIEWS	0
LIST_EXNEXT_400_ENTRIES_REPEAT10_TOTAL_WORK_REFCOUNT_TREE_RESIDENT_VIEWS	0
LIST_EXNEXT_400_ENTRIES_REPEAT10_TOTAL_WORK_OTHER_TREE_NODE_VIEWS	0
LIST_EXNEXT_400_ENTRIES_REPEAT10_TOTAL_WORK_OTHER_TREE_RESIDENT_VIEWS	0
LIST_EXNEXT_400_ENTRIES_REPEAT10_TOTAL_WORK_WRITE_DETAIL_INODE_READ_CALLS	4010
LIST_EXNEXT_400_ENTRIES_REPEAT10_TOTAL_WORK_WRITE_DETAIL_INODE_READ_SAMPLES	4010
LIST_EXNEXT_400_ENTRIES_REPEAT10_TOTAL_WORK_WRITE_DETAIL_INODE_READ_SAMPLE_TICKS	125781
LIST_EXNEXT_400_ENTRIES_REPEAT10_TOTAL_WORK_WRITE_DETAIL_INODE_WRITE_CALLS	0
LIST_EXNEXT_400_ENTRIES_REPEAT10_TOTAL_WORK_WRITE_DETAIL_INODE_WRITE_SAMPLES	0
LIST_EXNEXT_400_ENTRIES_REPEAT10_TOTAL_WORK_WRITE_DETAIL_INODE_WRITE_SAMPLE_TICKS	0
LIST_EXNEXT_400_ENTRIES_REPEAT10_TOTAL_WORK_WRITE_DETAIL_EXTENT_MAP_CALLS	0
LIST_EXNEXT_400_ENTRIES_REPEAT10_TOTAL_WORK_WRITE_DETAIL_EXTENT_MAP_SAMPLES	0
LIST_EXNEXT_400_ENTRIES_REPEAT10_TOTAL_WORK_WRITE_DETAIL_EXTENT_MAP_SAMPLE_TICKS	0
LIST_EXNEXT_400_ENTRIES_REPEAT10_TOTAL_WORK_WRITE_DETAIL_FREESPACE_GOAL_CALLS	0
LIST_EXNEXT_400_ENTRIES_REPEAT10_TOTAL_WORK_WRITE_DETAIL_FREESPACE_GOAL_SAMPLES	0
LIST_EXNEXT_400_ENTRIES_REPEAT10_TOTAL_WORK_WRITE_DETAIL_FREESPACE_GOAL_SAMPLE_TICKS	0
LIST_EXNEXT_400_ENTRIES_REPEAT10_TOTAL_WORK_BTREE_MALLOC_CALLS	421
LIST_EXNEXT_400_ENTRIES_REPEAT10_TOTAL_WORK_BTREE_MALLOC_SAMPLES	421
LIST_EXNEXT_400_ENTRIES_REPEAT10_TOTAL_WORK_BTREE_MALLOC_SAMPLE_TICKS	2177
LIST_EXNEXT_400_ENTRIES_REPEAT10_TOTAL_WORK_BTREE_FREE_CALLS	4021
LIST_EXNEXT_400_ENTRIES_REPEAT10_TOTAL_WORK_BTREE_FREE_SAMPLES	4021
LIST_EXNEXT_400_ENTRIES_REPEAT10_TOTAL_WORK_BTREE_FREE_SAMPLE_TICKS	8482
LIST_EXNEXT_400_ENTRIES_REPEAT10_TOTAL_WORK_IFACE_ALLOC_CALLS	0
LIST_EXNEXT_400_ENTRIES_REPEAT10_TOTAL_WORK_IFACE_ALLOC_SAMPLES	0
LIST_EXNEXT_400_ENTRIES_REPEAT10_TOTAL_WORK_IFACE_ALLOC_SAMPLE_TICKS	0
LIST_EXNEXT_400_ENTRIES_REPEAT10_TOTAL_WORK_FREESPACE_ALLOC_CALLS	0
LIST_EXNEXT_400_ENTRIES_REPEAT10_TOTAL_WORK_FREESPACE_ALLOC_SAMPLES	0
LIST_EXNEXT_400_ENTRIES_REPEAT10_TOTAL_WORK_FREESPACE_ALLOC_SAMPLE_TICKS	0
LIST_EXNEXT_400_ENTRIES_REPEAT10_TOTAL_WORK_DETAIL_INODE_READ_CALLS	4010
LIST_EXNEXT_400_ENTRIES_REPEAT10_TOTAL_WORK_DETAIL_INODE_READ_SAMPLES	235
LIST_EXNEXT_400_ENTRIES_REPEAT10_TOTAL_WORK_DETAIL_INODE_READ_SAMPLE_TICKS	8279
LIST_EXNEXT_400_ENTRIES_REPEAT10_TOTAL_WORK_DETAIL_INODE_VALIDATE_CALLS	4010
LIST_EXNEXT_400_ENTRIES_REPEAT10_TOTAL_WORK_DETAIL_INODE_VALIDATE_SAMPLES	235
LIST_EXNEXT_400_ENTRIES_REPEAT10_TOTAL_WORK_DETAIL_INODE_VALIDATE_SAMPLE_TICKS	307
LIST_EXNEXT_400_ENTRIES_REPEAT10_TOTAL_WORK_DETAIL_INODE_SEARCH_CALLS	4010
LIST_EXNEXT_400_ENTRIES_REPEAT10_TOTAL_WORK_DETAIL_INODE_SEARCH_SAMPLES	235
LIST_EXNEXT_400_ENTRIES_REPEAT10_TOTAL_WORK_DETAIL_INODE_SEARCH_SAMPLE_TICKS	6324
LIST_EXNEXT_400_ENTRIES_REPEAT10_TOTAL_WORK_DETAIL_INODE_NODE_VIEW_CALLS	360
LIST_EXNEXT_400_ENTRIES_REPEAT10_TOTAL_WORK_DETAIL_INODE_NODE_VIEW_SAMPLES	21
LIST_EXNEXT_400_ENTRIES_REPEAT10_TOTAL_WORK_DETAIL_INODE_NODE_VIEW_SAMPLE_TICKS	2491
LIST_EXNEXT_400_ENTRIES_REPEAT10_TOTAL_WORK_DETAIL_DIR_NODE_VIEW_CALLS	2644
LIST_EXNEXT_400_ENTRIES_REPEAT10_TOTAL_WORK_DETAIL_DIR_NODE_VIEW_SAMPLES	155
LIST_EXNEXT_400_ENTRIES_REPEAT10_TOTAL_WORK_DETAIL_DIR_NODE_VIEW_SAMPLE_TICKS	8176
LIST_EXNEXT_400_ENTRIES_REPEAT10_TOTAL_WORK_DETAIL_INODE_BINARY_SEARCH_CALLS	360
LIST_EXNEXT_400_ENTRIES_REPEAT10_TOTAL_WORK_DETAIL_INODE_BINARY_SEARCH_SAMPLES	21
LIST_EXNEXT_400_ENTRIES_REPEAT10_TOTAL_WORK_DETAIL_INODE_BINARY_SEARCH_SAMPLE_TICKS	51
LIST_EXNEXT_400_ENTRIES_REPEAT10_TOTAL_WORK_DETAIL_DIR_BINARY_SEARCH_CALLS	1724
LIST_EXNEXT_400_ENTRIES_REPEAT10_TOTAL_WORK_DETAIL_DIR_BINARY_SEARCH_SAMPLES	101
LIST_EXNEXT_400_ENTRIES_REPEAT10_TOTAL_WORK_DETAIL_DIR_BINARY_SEARCH_SAMPLE_TICKS	222
LIST_EXNEXT_400_ENTRIES_REPEAT10_TOTAL_WORK_DETAIL_NODE_STRUCTURE_CALLS	680
LIST_EXNEXT_400_ENTRIES_REPEAT10_TOTAL_WORK_DETAIL_NODE_STRUCTURE_SAMPLES	40
LIST_EXNEXT_400_ENTRIES_REPEAT10_TOTAL_WORK_DETAIL_NODE_STRUCTURE_SAMPLE_TICKS	860
LIST_EXNEXT_400_ENTRIES_REPEAT10_TOTAL_WORK_DETAIL_CACHE_PEEK_CALLS	7195
LIST_EXNEXT_400_ENTRIES_REPEAT10_TOTAL_WORK_DETAIL_CACHE_PEEK_SAMPLES	423
LIST_EXNEXT_400_ENTRIES_REPEAT10_TOTAL_WORK_DETAIL_CACHE_PEEK_SAMPLE_TICKS	1349
LIST_EXNEXT_400_ENTRIES_REPEAT10_TOTAL_WORK_DETAIL_BUFFER_ALLOC_CALLS	4201
LIST_EXNEXT_400_ENTRIES_REPEAT10_TOTAL_WORK_DETAIL_BUFFER_ALLOC_SAMPLES	247
LIST_EXNEXT_400_ENTRIES_REPEAT10_TOTAL_WORK_DETAIL_BUFFER_ALLOC_SAMPLE_TICKS	891
LIST_EXNEXT_400_ENTRIES_REPEAT10_TOTAL_WORK_DETAIL_BUFFER_FREE_CALLS	4201
LIST_EXNEXT_400_ENTRIES_REPEAT10_TOTAL_WORK_DETAIL_BUFFER_FREE_SAMPLES	247
LIST_EXNEXT_400_ENTRIES_REPEAT10_TOTAL_WORK_DETAIL_BUFFER_FREE_SAMPLE_TICKS	501
LIST_EXNEXT_400_ENTRIES_REPEAT10_TOTAL_WORK_DETAIL_EXALL_FILL_CALLS	0
LIST_EXNEXT_400_ENTRIES_REPEAT10_TOTAL_WORK_DETAIL_EXALL_FILL_SAMPLES	0
LIST_EXNEXT_400_ENTRIES_REPEAT10_TOTAL_WORK_DETAIL_EXALL_FILL_SAMPLE_TICKS	0
LIST_EXNEXT_400_ENTRIES_REPEAT10_TOTAL_WORK_FREESPACE_ALLOCS	0
LIST_EXNEXT_400_ENTRIES_REPEAT10_TOTAL_VOLUME_FLUSH_BIO_READS	0
LIST_EXNEXT_400_ENTRIES_REPEAT10_TOTAL_VOLUME_FLUSH_BIO_WRITES	0
LIST_EXNEXT_400_ENTRIES_REPEAT10_TOTAL_VOLUME_FLUSH_BIO_UPDATES	0
LIST_EXNEXT_400_ENTRIES_REPEAT10_TOTAL_VOLUME_FLUSH_DATA_READS	0
LIST_EXNEXT_400_ENTRIES_REPEAT10_TOTAL_VOLUME_FLUSH_DATA_WRITES	0
LIST_EXNEXT_400_ENTRIES_REPEAT10_TOTAL_VOLUME_FLUSH_NODE_WRITES	0
LIST_EXNEXT_400_ENTRIES_REPEAT10_TOTAL_VOLUME_FLUSH_TXN_COMMITS	0
LIST_EXNEXT_400_ENTRIES_REPEAT10_TOTAL_VOLUME_FLUSH_EXTENT_MAPS	0
LIST_EXNEXT_400_ENTRIES_REPEAT10_TOTAL_VOLUME_FLUSH_READ_TICKS	0
LIST_EXNEXT_400_ENTRIES_REPEAT10_TOTAL_VOLUME_FLUSH_WRITE_TICKS	0
LIST_EXNEXT_400_ENTRIES_REPEAT10_TOTAL_VOLUME_FLUSH_UPDATE_TICKS	0
LIST_EXNEXT_400_ENTRIES_REPEAT10_TOTAL_VOLUME_FLUSH_DATA_READ_TICKS	0
LIST_EXNEXT_400_ENTRIES_REPEAT10_TOTAL_VOLUME_FLUSH_DATA_WRITE_TICKS	0
LIST_EXNEXT_400_ENTRIES_REPEAT10_TOTAL_VOLUME_FLUSH_NODE_CRC_READ_CALLS	0
LIST_EXNEXT_400_ENTRIES_REPEAT10_TOTAL_VOLUME_FLUSH_NODE_CRC_READ_SAMPLES	0
LIST_EXNEXT_400_ENTRIES_REPEAT10_TOTAL_VOLUME_FLUSH_NODE_CRC_READ_SAMPLE_TICKS	0
LIST_EXNEXT_400_ENTRIES_REPEAT10_TOTAL_VOLUME_FLUSH_NODE_CRC_WRITE_CALLS	0
LIST_EXNEXT_400_ENTRIES_REPEAT10_TOTAL_VOLUME_FLUSH_NODE_CRC_WRITE_SAMPLES	0
LIST_EXNEXT_400_ENTRIES_REPEAT10_TOTAL_VOLUME_FLUSH_NODE_CRC_WRITE_SAMPLE_TICKS	0
LIST_EXNEXT_400_ENTRIES_REPEAT10_TOTAL_VOLUME_FLUSH_CLOCK_PAIR_TICKS	0
LIST_EXNEXT_400_ENTRIES_REPEAT10_TOTAL_VOLUME_FLUSH_PACKET_CALLS	0
LIST_EXNEXT_400_ENTRIES_REPEAT10_TOTAL_VOLUME_FLUSH_PACKET_SAMPLES	0
LIST_EXNEXT_400_ENTRIES_REPEAT10_TOTAL_VOLUME_FLUSH_PACKET_SAMPLE_TICKS	0
LIST_EXNEXT_400_ENTRIES_REPEAT10_TOTAL_VOLUME_FLUSH_PACKET_OPEN_CALLS	0
LIST_EXNEXT_400_ENTRIES_REPEAT10_TOTAL_VOLUME_FLUSH_PACKET_OPEN_SAMPLES	0
LIST_EXNEXT_400_ENTRIES_REPEAT10_TOTAL_VOLUME_FLUSH_PACKET_OPEN_SAMPLE_TICKS	0
LIST_EXNEXT_400_ENTRIES_REPEAT10_TOTAL_VOLUME_FLUSH_PACKET_READ_CALLS	0
LIST_EXNEXT_400_ENTRIES_REPEAT10_TOTAL_VOLUME_FLUSH_PACKET_READ_SAMPLES	0
LIST_EXNEXT_400_ENTRIES_REPEAT10_TOTAL_VOLUME_FLUSH_PACKET_READ_SAMPLE_TICKS	0
LIST_EXNEXT_400_ENTRIES_REPEAT10_TOTAL_VOLUME_FLUSH_PACKET_WRITE_CALLS	0
LIST_EXNEXT_400_ENTRIES_REPEAT10_TOTAL_VOLUME_FLUSH_PACKET_WRITE_SAMPLES	0
LIST_EXNEXT_400_ENTRIES_REPEAT10_TOTAL_VOLUME_FLUSH_PACKET_WRITE_SAMPLE_TICKS	0
LIST_EXNEXT_400_ENTRIES_REPEAT10_TOTAL_VOLUME_FLUSH_PACKET_END_CALLS	0
LIST_EXNEXT_400_ENTRIES_REPEAT10_TOTAL_VOLUME_FLUSH_PACKET_END_SAMPLES	0
LIST_EXNEXT_400_ENTRIES_REPEAT10_TOTAL_VOLUME_FLUSH_PACKET_END_SAMPLE_TICKS	0
LIST_EXNEXT_400_ENTRIES_REPEAT10_TOTAL_VOLUME_FLUSH_PACKET_DELETE_CALLS	0
LIST_EXNEXT_400_ENTRIES_REPEAT10_TOTAL_VOLUME_FLUSH_PACKET_DELETE_SAMPLES	0
LIST_EXNEXT_400_ENTRIES_REPEAT10_TOTAL_VOLUME_FLUSH_PACKET_DELETE_SAMPLE_TICKS	0
LIST_EXNEXT_400_ENTRIES_REPEAT10_TOTAL_VOLUME_FLUSH_PACKET_FLUSH_CALLS	0
LIST_EXNEXT_400_ENTRIES_REPEAT10_TOTAL_VOLUME_FLUSH_PACKET_FLUSH_SAMPLES	0
LIST_EXNEXT_400_ENTRIES_REPEAT10_TOTAL_VOLUME_FLUSH_PACKET_FLUSH_SAMPLE_TICKS	0
LIST_EXNEXT_400_ENTRIES_REPEAT10_TOTAL_VOLUME_FLUSH_PACKET_OTHER_CALLS	0
LIST_EXNEXT_400_ENTRIES_REPEAT10_TOTAL_VOLUME_FLUSH_PACKET_OTHER_SAMPLES	0
LIST_EXNEXT_400_ENTRIES_REPEAT10_TOTAL_VOLUME_FLUSH_PACKET_OTHER_SAMPLE_TICKS	0
LIST_EXNEXT_400_ENTRIES_REPEAT10_TOTAL_VOLUME_FLUSH_CORE_CREATE_CALLS	0
LIST_EXNEXT_400_ENTRIES_REPEAT10_TOTAL_VOLUME_FLUSH_CORE_CREATE_SAMPLES	0
LIST_EXNEXT_400_ENTRIES_REPEAT10_TOTAL_VOLUME_FLUSH_CORE_CREATE_SAMPLE_TICKS	0
LIST_EXNEXT_400_ENTRIES_REPEAT10_TOTAL_VOLUME_FLUSH_CORE_DELETE_CALLS	0
LIST_EXNEXT_400_ENTRIES_REPEAT10_TOTAL_VOLUME_FLUSH_CORE_DELETE_SAMPLES	0
LIST_EXNEXT_400_ENTRIES_REPEAT10_TOTAL_VOLUME_FLUSH_CORE_DELETE_SAMPLE_TICKS	0
LIST_EXNEXT_400_ENTRIES_REPEAT10_TOTAL_VOLUME_FLUSH_CORE_FILE_WRITE_CALLS	0
LIST_EXNEXT_400_ENTRIES_REPEAT10_TOTAL_VOLUME_FLUSH_CORE_FILE_WRITE_SAMPLES	0
LIST_EXNEXT_400_ENTRIES_REPEAT10_TOTAL_VOLUME_FLUSH_CORE_FILE_WRITE_SAMPLE_TICKS	0
LIST_EXNEXT_400_ENTRIES_REPEAT10_TOTAL_VOLUME_FLUSH_CORE_SYNC_CALLS	0
LIST_EXNEXT_400_ENTRIES_REPEAT10_TOTAL_VOLUME_FLUSH_CORE_SYNC_SAMPLES	0
LIST_EXNEXT_400_ENTRIES_REPEAT10_TOTAL_VOLUME_FLUSH_CORE_SYNC_SAMPLE_TICKS	0
LIST_EXNEXT_400_ENTRIES_REPEAT10_TOTAL_VOLUME_FLUSH_IFACE_FREE_CALLS	0
LIST_EXNEXT_400_ENTRIES_REPEAT10_TOTAL_VOLUME_FLUSH_IFACE_FREE_SAMPLES	0
LIST_EXNEXT_400_ENTRIES_REPEAT10_TOTAL_VOLUME_FLUSH_IFACE_FREE_SAMPLE_TICKS	0
LIST_EXNEXT_400_ENTRIES_REPEAT10_TOTAL_VOLUME_FLUSH_SEAL_COMMIT_CALLS	0
LIST_EXNEXT_400_ENTRIES_REPEAT10_TOTAL_VOLUME_FLUSH_SEAL_COMMIT_SAMPLES	0
LIST_EXNEXT_400_ENTRIES_REPEAT10_TOTAL_VOLUME_FLUSH_SEAL_COMMIT_SAMPLE_TICKS	0
LIST_EXNEXT_400_ENTRIES_REPEAT10_TOTAL_VOLUME_FLUSH_INODE_READ_CALLS	0
LIST_EXNEXT_400_ENTRIES_REPEAT10_TOTAL_VOLUME_FLUSH_BTREE_SEARCH_CALLS	0
LIST_EXNEXT_400_ENTRIES_REPEAT10_TOTAL_VOLUME_FLUSH_BTREE_INDEX_HINT_HITS	0
LIST_EXNEXT_400_ENTRIES_REPEAT10_TOTAL_VOLUME_FLUSH_BTREE_LEAF_HINT_HITS	0
LIST_EXNEXT_400_ENTRIES_REPEAT10_TOTAL_VOLUME_FLUSH_CACHE_READ_CALLS	0
LIST_EXNEXT_400_ENTRIES_REPEAT10_TOTAL_VOLUME_FLUSH_CACHE_READ_HITS	0
LIST_EXNEXT_400_ENTRIES_REPEAT10_TOTAL_VOLUME_FLUSH_CACHE_READ_MISSES	0
LIST_EXNEXT_400_ENTRIES_REPEAT10_TOTAL_VOLUME_FLUSH_FREE_TREE_NODE_VIEWS	0
LIST_EXNEXT_400_ENTRIES_REPEAT10_TOTAL_VOLUME_FLUSH_FREE_TREE_RESIDENT_VIEWS	0
LIST_EXNEXT_400_ENTRIES_REPEAT10_TOTAL_VOLUME_FLUSH_DIR_TREE_NODE_VIEWS	0
LIST_EXNEXT_400_ENTRIES_REPEAT10_TOTAL_VOLUME_FLUSH_DIR_TREE_RESIDENT_VIEWS	0
LIST_EXNEXT_400_ENTRIES_REPEAT10_TOTAL_VOLUME_FLUSH_INODE_TREE_NODE_VIEWS	0
LIST_EXNEXT_400_ENTRIES_REPEAT10_TOTAL_VOLUME_FLUSH_INODE_TREE_RESIDENT_VIEWS	0
LIST_EXNEXT_400_ENTRIES_REPEAT10_TOTAL_VOLUME_FLUSH_REFCOUNT_TREE_NODE_VIEWS	0
LIST_EXNEXT_400_ENTRIES_REPEAT10_TOTAL_VOLUME_FLUSH_REFCOUNT_TREE_RESIDENT_VIEWS	0
LIST_EXNEXT_400_ENTRIES_REPEAT10_TOTAL_VOLUME_FLUSH_OTHER_TREE_NODE_VIEWS	0
LIST_EXNEXT_400_ENTRIES_REPEAT10_TOTAL_VOLUME_FLUSH_OTHER_TREE_RESIDENT_VIEWS	0
LIST_EXNEXT_400_ENTRIES_REPEAT10_TOTAL_VOLUME_FLUSH_WRITE_DETAIL_INODE_READ_CALLS	0
LIST_EXNEXT_400_ENTRIES_REPEAT10_TOTAL_VOLUME_FLUSH_WRITE_DETAIL_INODE_READ_SAMPLES	0
LIST_EXNEXT_400_ENTRIES_REPEAT10_TOTAL_VOLUME_FLUSH_WRITE_DETAIL_INODE_READ_SAMPLE_TICKS	0
LIST_EXNEXT_400_ENTRIES_REPEAT10_TOTAL_VOLUME_FLUSH_WRITE_DETAIL_INODE_WRITE_CALLS	0
LIST_EXNEXT_400_ENTRIES_REPEAT10_TOTAL_VOLUME_FLUSH_WRITE_DETAIL_INODE_WRITE_SAMPLES	0
LIST_EXNEXT_400_ENTRIES_REPEAT10_TOTAL_VOLUME_FLUSH_WRITE_DETAIL_INODE_WRITE_SAMPLE_TICKS	0
LIST_EXNEXT_400_ENTRIES_REPEAT10_TOTAL_VOLUME_FLUSH_WRITE_DETAIL_EXTENT_MAP_CALLS	0
LIST_EXNEXT_400_ENTRIES_REPEAT10_TOTAL_VOLUME_FLUSH_WRITE_DETAIL_EXTENT_MAP_SAMPLES	0
LIST_EXNEXT_400_ENTRIES_REPEAT10_TOTAL_VOLUME_FLUSH_WRITE_DETAIL_EXTENT_MAP_SAMPLE_TICKS	0
LIST_EXNEXT_400_ENTRIES_REPEAT10_TOTAL_VOLUME_FLUSH_WRITE_DETAIL_FREESPACE_GOAL_CALLS	0
LIST_EXNEXT_400_ENTRIES_REPEAT10_TOTAL_VOLUME_FLUSH_WRITE_DETAIL_FREESPACE_GOAL_SAMPLES	0
LIST_EXNEXT_400_ENTRIES_REPEAT10_TOTAL_VOLUME_FLUSH_WRITE_DETAIL_FREESPACE_GOAL_SAMPLE_TICKS	0
LIST_EXNEXT_400_ENTRIES_REPEAT10_TOTAL_VOLUME_FLUSH_BTREE_MALLOC_CALLS	0
LIST_EXNEXT_400_ENTRIES_REPEAT10_TOTAL_VOLUME_FLUSH_BTREE_MALLOC_SAMPLES	0
LIST_EXNEXT_400_ENTRIES_REPEAT10_TOTAL_VOLUME_FLUSH_BTREE_MALLOC_SAMPLE_TICKS	0
LIST_EXNEXT_400_ENTRIES_REPEAT10_TOTAL_VOLUME_FLUSH_BTREE_FREE_CALLS	0
LIST_EXNEXT_400_ENTRIES_REPEAT10_TOTAL_VOLUME_FLUSH_BTREE_FREE_SAMPLES	0
LIST_EXNEXT_400_ENTRIES_REPEAT10_TOTAL_VOLUME_FLUSH_BTREE_FREE_SAMPLE_TICKS	0
LIST_EXNEXT_400_ENTRIES_REPEAT10_TOTAL_VOLUME_FLUSH_IFACE_ALLOC_CALLS	0
LIST_EXNEXT_400_ENTRIES_REPEAT10_TOTAL_VOLUME_FLUSH_IFACE_ALLOC_SAMPLES	0
LIST_EXNEXT_400_ENTRIES_REPEAT10_TOTAL_VOLUME_FLUSH_IFACE_ALLOC_SAMPLE_TICKS	0
LIST_EXNEXT_400_ENTRIES_REPEAT10_TOTAL_VOLUME_FLUSH_FREESPACE_ALLOC_CALLS	0
LIST_EXNEXT_400_ENTRIES_REPEAT10_TOTAL_VOLUME_FLUSH_FREESPACE_ALLOC_SAMPLES	0
LIST_EXNEXT_400_ENTRIES_REPEAT10_TOTAL_VOLUME_FLUSH_FREESPACE_ALLOC_SAMPLE_TICKS	0
LIST_EXNEXT_400_ENTRIES_REPEAT10_TOTAL_VOLUME_FLUSH_DETAIL_INODE_READ_CALLS	0
LIST_EXNEXT_400_ENTRIES_REPEAT10_TOTAL_VOLUME_FLUSH_DETAIL_INODE_READ_SAMPLES	0
LIST_EXNEXT_400_ENTRIES_REPEAT10_TOTAL_VOLUME_FLUSH_DETAIL_INODE_READ_SAMPLE_TICKS	0
LIST_EXNEXT_400_ENTRIES_REPEAT10_TOTAL_VOLUME_FLUSH_DETAIL_INODE_VALIDATE_CALLS	0
LIST_EXNEXT_400_ENTRIES_REPEAT10_TOTAL_VOLUME_FLUSH_DETAIL_INODE_VALIDATE_SAMPLES	0
LIST_EXNEXT_400_ENTRIES_REPEAT10_TOTAL_VOLUME_FLUSH_DETAIL_INODE_VALIDATE_SAMPLE_TICKS	0
LIST_EXNEXT_400_ENTRIES_REPEAT10_TOTAL_VOLUME_FLUSH_DETAIL_INODE_SEARCH_CALLS	0
LIST_EXNEXT_400_ENTRIES_REPEAT10_TOTAL_VOLUME_FLUSH_DETAIL_INODE_SEARCH_SAMPLES	0
LIST_EXNEXT_400_ENTRIES_REPEAT10_TOTAL_VOLUME_FLUSH_DETAIL_INODE_SEARCH_SAMPLE_TICKS	0
LIST_EXNEXT_400_ENTRIES_REPEAT10_TOTAL_VOLUME_FLUSH_DETAIL_INODE_NODE_VIEW_CALLS	0
LIST_EXNEXT_400_ENTRIES_REPEAT10_TOTAL_VOLUME_FLUSH_DETAIL_INODE_NODE_VIEW_SAMPLES	0
LIST_EXNEXT_400_ENTRIES_REPEAT10_TOTAL_VOLUME_FLUSH_DETAIL_INODE_NODE_VIEW_SAMPLE_TICKS	0
LIST_EXNEXT_400_ENTRIES_REPEAT10_TOTAL_VOLUME_FLUSH_DETAIL_DIR_NODE_VIEW_CALLS	0
LIST_EXNEXT_400_ENTRIES_REPEAT10_TOTAL_VOLUME_FLUSH_DETAIL_DIR_NODE_VIEW_SAMPLES	0
LIST_EXNEXT_400_ENTRIES_REPEAT10_TOTAL_VOLUME_FLUSH_DETAIL_DIR_NODE_VIEW_SAMPLE_TICKS	0
LIST_EXNEXT_400_ENTRIES_REPEAT10_TOTAL_VOLUME_FLUSH_DETAIL_INODE_BINARY_SEARCH_CALLS	0
LIST_EXNEXT_400_ENTRIES_REPEAT10_TOTAL_VOLUME_FLUSH_DETAIL_INODE_BINARY_SEARCH_SAMPLES	0
LIST_EXNEXT_400_ENTRIES_REPEAT10_TOTAL_VOLUME_FLUSH_DETAIL_INODE_BINARY_SEARCH_SAMPLE_TICKS	0
LIST_EXNEXT_400_ENTRIES_REPEAT10_TOTAL_VOLUME_FLUSH_DETAIL_DIR_BINARY_SEARCH_CALLS	0
LIST_EXNEXT_400_ENTRIES_REPEAT10_TOTAL_VOLUME_FLUSH_DETAIL_DIR_BINARY_SEARCH_SAMPLES	0
LIST_EXNEXT_400_ENTRIES_REPEAT10_TOTAL_VOLUME_FLUSH_DETAIL_DIR_BINARY_SEARCH_SAMPLE_TICKS	0
LIST_EXNEXT_400_ENTRIES_REPEAT10_TOTAL_VOLUME_FLUSH_DETAIL_NODE_STRUCTURE_CALLS	0
LIST_EXNEXT_400_ENTRIES_REPEAT10_TOTAL_VOLUME_FLUSH_DETAIL_NODE_STRUCTURE_SAMPLES	0
LIST_EXNEXT_400_ENTRIES_REPEAT10_TOTAL_VOLUME_FLUSH_DETAIL_NODE_STRUCTURE_SAMPLE_TICKS	0
LIST_EXNEXT_400_ENTRIES_REPEAT10_TOTAL_VOLUME_FLUSH_DETAIL_CACHE_PEEK_CALLS	0
LIST_EXNEXT_400_ENTRIES_REPEAT10_TOTAL_VOLUME_FLUSH_DETAIL_CACHE_PEEK_SAMPLES	0
LIST_EXNEXT_400_ENTRIES_REPEAT10_TOTAL_VOLUME_FLUSH_DETAIL_CACHE_PEEK_SAMPLE_TICKS	0
LIST_EXNEXT_400_ENTRIES_REPEAT10_TOTAL_VOLUME_FLUSH_DETAIL_BUFFER_ALLOC_CALLS	0
LIST_EXNEXT_400_ENTRIES_REPEAT10_TOTAL_VOLUME_FLUSH_DETAIL_BUFFER_ALLOC_SAMPLES	0
LIST_EXNEXT_400_ENTRIES_REPEAT10_TOTAL_VOLUME_FLUSH_DETAIL_BUFFER_ALLOC_SAMPLE_TICKS	0
LIST_EXNEXT_400_ENTRIES_REPEAT10_TOTAL_VOLUME_FLUSH_DETAIL_BUFFER_FREE_CALLS	0
LIST_EXNEXT_400_ENTRIES_REPEAT10_TOTAL_VOLUME_FLUSH_DETAIL_BUFFER_FREE_SAMPLES	0
LIST_EXNEXT_400_ENTRIES_REPEAT10_TOTAL_VOLUME_FLUSH_DETAIL_BUFFER_FREE_SAMPLE_TICKS	0
LIST_EXNEXT_400_ENTRIES_REPEAT10_TOTAL_VOLUME_FLUSH_DETAIL_EXALL_FILL_CALLS	0
LIST_EXNEXT_400_ENTRIES_REPEAT10_TOTAL_VOLUME_FLUSH_DETAIL_EXALL_FILL_SAMPLES	0
LIST_EXNEXT_400_ENTRIES_REPEAT10_TOTAL_VOLUME_FLUSH_DETAIL_EXALL_FILL_SAMPLE_TICKS	0
LIST_EXNEXT_400_ENTRIES_REPEAT10_TOTAL_VOLUME_FLUSH_FREESPACE_ALLOCS	0
LIST_EXALL_400_ENTRIES_FIRST_PASS_US	40576
LIST_EXALL_400_ENTRIES_FIRST_PASS_WORK_US	40576
LIST_EXALL_400_ENTRIES_FIRST_PASS_VOLUME_FLUSH_US	0
LIST_EXALL_400_ENTRIES_FIRST_PASS_HAS_VOLUME_FLUSH	0
LIST_EXALL_400_ENTRIES_FIRST_PASS_GUEST_OPEN_CALLS	0
LIST_EXALL_400_ENTRIES_FIRST_PASS_GUEST_OPEN_US	0
LIST_EXALL_400_ENTRIES_FIRST_PASS_GUEST_READ_CALLS	0
LIST_EXALL_400_ENTRIES_FIRST_PASS_GUEST_READ_US	0
LIST_EXALL_400_ENTRIES_FIRST_PASS_GUEST_WRITE_CALLS	0
LIST_EXALL_400_ENTRIES_FIRST_PASS_GUEST_WRITE_US	0
LIST_EXALL_400_ENTRIES_FIRST_PASS_GUEST_HANDLE_FLUSH_CALLS	0
LIST_EXALL_400_ENTRIES_FIRST_PASS_GUEST_HANDLE_FLUSH_US	0
LIST_EXALL_400_ENTRIES_FIRST_PASS_GUEST_CLOSE_CALLS	0
LIST_EXALL_400_ENTRIES_FIRST_PASS_GUEST_CLOSE_US	0
LIST_EXALL_400_ENTRIES_FIRST_PASS_GUEST_VERIFY_CALLS	0
LIST_EXALL_400_ENTRIES_FIRST_PASS_GUEST_VERIFY_US	0
LIST_EXALL_400_ENTRIES_FIRST_PASS_WORK_BIO_READS	70
LIST_EXALL_400_ENTRIES_FIRST_PASS_WORK_BIO_WRITES	0
LIST_EXALL_400_ENTRIES_FIRST_PASS_WORK_BIO_UPDATES	0
LIST_EXALL_400_ENTRIES_FIRST_PASS_WORK_DATA_READS	0
LIST_EXALL_400_ENTRIES_FIRST_PASS_WORK_DATA_WRITES	0
LIST_EXALL_400_ENTRIES_FIRST_PASS_WORK_NODE_WRITES	0
LIST_EXALL_400_ENTRIES_FIRST_PASS_WORK_TXN_COMMITS	0
LIST_EXALL_400_ENTRIES_FIRST_PASS_WORK_EXTENT_MAPS	0
LIST_EXALL_400_ENTRIES_FIRST_PASS_WORK_READ_TICKS	3943
LIST_EXALL_400_ENTRIES_FIRST_PASS_WORK_WRITE_TICKS	0
LIST_EXALL_400_ENTRIES_FIRST_PASS_WORK_UPDATE_TICKS	0
LIST_EXALL_400_ENTRIES_FIRST_PASS_WORK_DATA_READ_TICKS	0
LIST_EXALL_400_ENTRIES_FIRST_PASS_WORK_DATA_WRITE_TICKS	0
LIST_EXALL_400_ENTRIES_FIRST_PASS_WORK_NODE_CRC_READ_CALLS	70
LIST_EXALL_400_ENTRIES_FIRST_PASS_WORK_NODE_CRC_READ_SAMPLES	70
LIST_EXALL_400_ENTRIES_FIRST_PASS_WORK_NODE_CRC_READ_SAMPLE_TICKS	6673
LIST_EXALL_400_ENTRIES_FIRST_PASS_WORK_NODE_CRC_WRITE_CALLS	0
LIST_EXALL_400_ENTRIES_FIRST_PASS_WORK_NODE_CRC_WRITE_SAMPLES	0
LIST_EXALL_400_ENTRIES_FIRST_PASS_WORK_NODE_CRC_WRITE_SAMPLE_TICKS	0
LIST_EXALL_400_ENTRIES_FIRST_PASS_WORK_CLOCK_PAIR_TICKS	1
LIST_EXALL_400_ENTRIES_FIRST_PASS_WORK_PACKET_CALLS	7
LIST_EXALL_400_ENTRIES_FIRST_PASS_WORK_PACKET_SAMPLES	7
LIST_EXALL_400_ENTRIES_FIRST_PASS_WORK_PACKET_SAMPLE_TICKS	28329
LIST_EXALL_400_ENTRIES_FIRST_PASS_WORK_PACKET_OPEN_CALLS	0
LIST_EXALL_400_ENTRIES_FIRST_PASS_WORK_PACKET_OPEN_SAMPLES	0
LIST_EXALL_400_ENTRIES_FIRST_PASS_WORK_PACKET_OPEN_SAMPLE_TICKS	0
LIST_EXALL_400_ENTRIES_FIRST_PASS_WORK_PACKET_READ_CALLS	0
LIST_EXALL_400_ENTRIES_FIRST_PASS_WORK_PACKET_READ_SAMPLES	0
LIST_EXALL_400_ENTRIES_FIRST_PASS_WORK_PACKET_READ_SAMPLE_TICKS	0
LIST_EXALL_400_ENTRIES_FIRST_PASS_WORK_PACKET_WRITE_CALLS	0
LIST_EXALL_400_ENTRIES_FIRST_PASS_WORK_PACKET_WRITE_SAMPLES	0
LIST_EXALL_400_ENTRIES_FIRST_PASS_WORK_PACKET_WRITE_SAMPLE_TICKS	0
LIST_EXALL_400_ENTRIES_FIRST_PASS_WORK_PACKET_END_CALLS	0
LIST_EXALL_400_ENTRIES_FIRST_PASS_WORK_PACKET_END_SAMPLES	0
LIST_EXALL_400_ENTRIES_FIRST_PASS_WORK_PACKET_END_SAMPLE_TICKS	0
LIST_EXALL_400_ENTRIES_FIRST_PASS_WORK_PACKET_DELETE_CALLS	0
LIST_EXALL_400_ENTRIES_FIRST_PASS_WORK_PACKET_DELETE_SAMPLES	0
LIST_EXALL_400_ENTRIES_FIRST_PASS_WORK_PACKET_DELETE_SAMPLE_TICKS	0
LIST_EXALL_400_ENTRIES_FIRST_PASS_WORK_PACKET_FLUSH_CALLS	0
LIST_EXALL_400_ENTRIES_FIRST_PASS_WORK_PACKET_FLUSH_SAMPLES	0
LIST_EXALL_400_ENTRIES_FIRST_PASS_WORK_PACKET_FLUSH_SAMPLE_TICKS	0
LIST_EXALL_400_ENTRIES_FIRST_PASS_WORK_PACKET_OTHER_CALLS	7
LIST_EXALL_400_ENTRIES_FIRST_PASS_WORK_PACKET_OTHER_SAMPLES	7
LIST_EXALL_400_ENTRIES_FIRST_PASS_WORK_PACKET_OTHER_SAMPLE_TICKS	28329
LIST_EXALL_400_ENTRIES_FIRST_PASS_WORK_CORE_CREATE_CALLS	0
LIST_EXALL_400_ENTRIES_FIRST_PASS_WORK_CORE_CREATE_SAMPLES	0
LIST_EXALL_400_ENTRIES_FIRST_PASS_WORK_CORE_CREATE_SAMPLE_TICKS	0
LIST_EXALL_400_ENTRIES_FIRST_PASS_WORK_CORE_DELETE_CALLS	0
LIST_EXALL_400_ENTRIES_FIRST_PASS_WORK_CORE_DELETE_SAMPLES	0
LIST_EXALL_400_ENTRIES_FIRST_PASS_WORK_CORE_DELETE_SAMPLE_TICKS	0
LIST_EXALL_400_ENTRIES_FIRST_PASS_WORK_CORE_FILE_WRITE_CALLS	0
LIST_EXALL_400_ENTRIES_FIRST_PASS_WORK_CORE_FILE_WRITE_SAMPLES	0
LIST_EXALL_400_ENTRIES_FIRST_PASS_WORK_CORE_FILE_WRITE_SAMPLE_TICKS	0
LIST_EXALL_400_ENTRIES_FIRST_PASS_WORK_CORE_SYNC_CALLS	0
LIST_EXALL_400_ENTRIES_FIRST_PASS_WORK_CORE_SYNC_SAMPLES	0
LIST_EXALL_400_ENTRIES_FIRST_PASS_WORK_CORE_SYNC_SAMPLE_TICKS	0
LIST_EXALL_400_ENTRIES_FIRST_PASS_WORK_IFACE_FREE_CALLS	0
LIST_EXALL_400_ENTRIES_FIRST_PASS_WORK_IFACE_FREE_SAMPLES	0
LIST_EXALL_400_ENTRIES_FIRST_PASS_WORK_IFACE_FREE_SAMPLE_TICKS	0
LIST_EXALL_400_ENTRIES_FIRST_PASS_WORK_SEAL_COMMIT_CALLS	0
LIST_EXALL_400_ENTRIES_FIRST_PASS_WORK_SEAL_COMMIT_SAMPLES	0
LIST_EXALL_400_ENTRIES_FIRST_PASS_WORK_SEAL_COMMIT_SAMPLE_TICKS	0
LIST_EXALL_400_ENTRIES_FIRST_PASS_WORK_INODE_READ_CALLS	404
LIST_EXALL_400_ENTRIES_FIRST_PASS_WORK_BTREE_SEARCH_CALLS	405
LIST_EXALL_400_ENTRIES_FIRST_PASS_WORK_BTREE_INDEX_HINT_HITS	4
LIST_EXALL_400_ENTRIES_FIRST_PASS_WORK_BTREE_LEAF_HINT_HITS	380
LIST_EXALL_400_ENTRIES_FIRST_PASS_WORK_CACHE_READ_CALLS	70
LIST_EXALL_400_ENTRIES_FIRST_PASS_WORK_CACHE_READ_HITS	0
LIST_EXALL_400_ENTRIES_FIRST_PASS_WORK_CACHE_READ_MISSES	70
LIST_EXALL_400_ENTRIES_FIRST_PASS_WORK_FREE_TREE_NODE_VIEWS	0
LIST_EXALL_400_ENTRIES_FIRST_PASS_WORK_FREE_TREE_RESIDENT_VIEWS	0
LIST_EXALL_400_ENTRIES_FIRST_PASS_WORK_DIR_TREE_NODE_VIEWS	122
LIST_EXALL_400_ENTRIES_FIRST_PASS_WORK_DIR_TREE_RESIDENT_VIEWS	72
LIST_EXALL_400_ENTRIES_FIRST_PASS_WORK_INODE_TREE_NODE_VIEWS	40
LIST_EXALL_400_ENTRIES_FIRST_PASS_WORK_INODE_TREE_RESIDENT_VIEWS	20
LIST_EXALL_400_ENTRIES_FIRST_PASS_WORK_REFCOUNT_TREE_NODE_VIEWS	0
LIST_EXALL_400_ENTRIES_FIRST_PASS_WORK_REFCOUNT_TREE_RESIDENT_VIEWS	0
LIST_EXALL_400_ENTRIES_FIRST_PASS_WORK_OTHER_TREE_NODE_VIEWS	0
LIST_EXALL_400_ENTRIES_FIRST_PASS_WORK_OTHER_TREE_RESIDENT_VIEWS	0
LIST_EXALL_400_ENTRIES_FIRST_PASS_WORK_WRITE_DETAIL_INODE_READ_CALLS	404
LIST_EXALL_400_ENTRIES_FIRST_PASS_WORK_WRITE_DETAIL_INODE_READ_SAMPLES	404
LIST_EXALL_400_ENTRIES_FIRST_PASS_WORK_WRITE_DETAIL_INODE_READ_SAMPLE_TICKS	12129
LIST_EXALL_400_ENTRIES_FIRST_PASS_WORK_WRITE_DETAIL_INODE_WRITE_CALLS	0
LIST_EXALL_400_ENTRIES_FIRST_PASS_WORK_WRITE_DETAIL_INODE_WRITE_SAMPLES	0
LIST_EXALL_400_ENTRIES_FIRST_PASS_WORK_WRITE_DETAIL_INODE_WRITE_SAMPLE_TICKS	0
LIST_EXALL_400_ENTRIES_FIRST_PASS_WORK_WRITE_DETAIL_EXTENT_MAP_CALLS	0
LIST_EXALL_400_ENTRIES_FIRST_PASS_WORK_WRITE_DETAIL_EXTENT_MAP_SAMPLES	0
LIST_EXALL_400_ENTRIES_FIRST_PASS_WORK_WRITE_DETAIL_EXTENT_MAP_SAMPLE_TICKS	0
LIST_EXALL_400_ENTRIES_FIRST_PASS_WORK_WRITE_DETAIL_FREESPACE_GOAL_CALLS	0
LIST_EXALL_400_ENTRIES_FIRST_PASS_WORK_WRITE_DETAIL_FREESPACE_GOAL_SAMPLES	0
LIST_EXALL_400_ENTRIES_FIRST_PASS_WORK_WRITE_DETAIL_FREESPACE_GOAL_SAMPLE_TICKS	0
LIST_EXALL_400_ENTRIES_FIRST_PASS_WORK_BTREE_MALLOC_CALLS	6
LIST_EXALL_400_ENTRIES_FIRST_PASS_WORK_BTREE_MALLOC_SAMPLES	6
LIST_EXALL_400_ENTRIES_FIRST_PASS_WORK_BTREE_MALLOC_SAMPLE_TICKS	1
LIST_EXALL_400_ENTRIES_FIRST_PASS_WORK_BTREE_FREE_CALLS	6
LIST_EXALL_400_ENTRIES_FIRST_PASS_WORK_BTREE_FREE_SAMPLES	6
LIST_EXALL_400_ENTRIES_FIRST_PASS_WORK_BTREE_FREE_SAMPLE_TICKS	44
LIST_EXALL_400_ENTRIES_FIRST_PASS_WORK_IFACE_ALLOC_CALLS	0
LIST_EXALL_400_ENTRIES_FIRST_PASS_WORK_IFACE_ALLOC_SAMPLES	0
LIST_EXALL_400_ENTRIES_FIRST_PASS_WORK_IFACE_ALLOC_SAMPLE_TICKS	0
LIST_EXALL_400_ENTRIES_FIRST_PASS_WORK_FREESPACE_ALLOC_CALLS	0
LIST_EXALL_400_ENTRIES_FIRST_PASS_WORK_FREESPACE_ALLOC_SAMPLES	0
LIST_EXALL_400_ENTRIES_FIRST_PASS_WORK_FREESPACE_ALLOC_SAMPLE_TICKS	0
LIST_EXALL_400_ENTRIES_FIRST_PASS_WORK_DETAIL_INODE_READ_CALLS	404
LIST_EXALL_400_ENTRIES_FIRST_PASS_WORK_DETAIL_INODE_READ_SAMPLES	23
LIST_EXALL_400_ENTRIES_FIRST_PASS_WORK_DETAIL_INODE_READ_SAMPLE_TICKS	458
LIST_EXALL_400_ENTRIES_FIRST_PASS_WORK_DETAIL_INODE_VALIDATE_CALLS	404
LIST_EXALL_400_ENTRIES_FIRST_PASS_WORK_DETAIL_INODE_VALIDATE_SAMPLES	23
LIST_EXALL_400_ENTRIES_FIRST_PASS_WORK_DETAIL_INODE_VALIDATE_SAMPLE_TICKS	68
LIST_EXALL_400_ENTRIES_FIRST_PASS_WORK_DETAIL_INODE_SEARCH_CALLS	404
LIST_EXALL_400_ENTRIES_FIRST_PASS_WORK_DETAIL_INODE_SEARCH_SAMPLES	23
LIST_EXALL_400_ENTRIES_FIRST_PASS_WORK_DETAIL_INODE_SEARCH_SAMPLE_TICKS	186
LIST_EXALL_400_ENTRIES_FIRST_PASS_WORK_DETAIL_INODE_NODE_VIEW_CALLS	40
LIST_EXALL_400_ENTRIES_FIRST_PASS_WORK_DETAIL_INODE_NODE_VIEW_SAMPLES	2
LIST_EXALL_400_ENTRIES_FIRST_PASS_WORK_DETAIL_INODE_NODE_VIEW_SAMPLE_TICKS	227
LIST_EXALL_400_ENTRIES_FIRST_PASS_WORK_DETAIL_DIR_NODE_VIEW_CALLS	122
LIST_EXALL_400_ENTRIES_FIRST_PASS_WORK_DETAIL_DIR_NODE_VIEW_SAMPLES	7
LIST_EXALL_400_ENTRIES_FIRST_PASS_WORK_DETAIL_DIR_NODE_VIEW_SAMPLE_TICKS	362
LIST_EXALL_400_ENTRIES_FIRST_PASS_WORK_DETAIL_INODE_BINARY_SEARCH_CALLS	40
LIST_EXALL_400_ENTRIES_FIRST_PASS_WORK_DETAIL_INODE_BINARY_SEARCH_SAMPLES	2
LIST_EXALL_400_ENTRIES_FIRST_PASS_WORK_DETAIL_INODE_BINARY_SEARCH_SAMPLE_TICKS	0
LIST_EXALL_400_ENTRIES_FIRST_PASS_WORK_DETAIL_DIR_BINARY_SEARCH_CALLS	27
LIST_EXALL_400_ENTRIES_FIRST_PASS_WORK_DETAIL_DIR_BINARY_SEARCH_SAMPLES	1
LIST_EXALL_400_ENTRIES_FIRST_PASS_WORK_DETAIL_DIR_BINARY_SEARCH_SAMPLE_TICKS	45
LIST_EXALL_400_ENTRIES_FIRST_PASS_WORK_DETAIL_NODE_STRUCTURE_CALLS	70
LIST_EXALL_400_ENTRIES_FIRST_PASS_WORK_DETAIL_NODE_STRUCTURE_SAMPLES	4
LIST_EXALL_400_ENTRIES_FIRST_PASS_WORK_DETAIL_NODE_STRUCTURE_SAMPLE_TICKS	46
LIST_EXALL_400_ENTRIES_FIRST_PASS_WORK_DETAIL_CACHE_PEEK_CALLS	575
LIST_EXALL_400_ENTRIES_FIRST_PASS_WORK_DETAIL_CACHE_PEEK_SAMPLES	33
LIST_EXALL_400_ENTRIES_FIRST_PASS_WORK_DETAIL_CACHE_PEEK_SAMPLE_TICKS	91
LIST_EXALL_400_ENTRIES_FIRST_PASS_WORK_DETAIL_BUFFER_ALLOC_CALLS	26
LIST_EXALL_400_ENTRIES_FIRST_PASS_WORK_DETAIL_BUFFER_ALLOC_SAMPLES	1
LIST_EXALL_400_ENTRIES_FIRST_PASS_WORK_DETAIL_BUFFER_ALLOC_SAMPLE_TICKS	0
LIST_EXALL_400_ENTRIES_FIRST_PASS_WORK_DETAIL_BUFFER_FREE_CALLS	26
LIST_EXALL_400_ENTRIES_FIRST_PASS_WORK_DETAIL_BUFFER_FREE_SAMPLES	1
LIST_EXALL_400_ENTRIES_FIRST_PASS_WORK_DETAIL_BUFFER_FREE_SAMPLE_TICKS	45
LIST_EXALL_400_ENTRIES_FIRST_PASS_WORK_DETAIL_EXALL_FILL_CALLS	405
LIST_EXALL_400_ENTRIES_FIRST_PASS_WORK_DETAIL_EXALL_FILL_SAMPLES	23
LIST_EXALL_400_ENTRIES_FIRST_PASS_WORK_DETAIL_EXALL_FILL_SAMPLE_TICKS	822
LIST_EXALL_400_ENTRIES_FIRST_PASS_WORK_FREESPACE_ALLOCS	0
LIST_EXALL_400_ENTRIES_FIRST_PASS_VOLUME_FLUSH_BIO_READS	0
LIST_EXALL_400_ENTRIES_FIRST_PASS_VOLUME_FLUSH_BIO_WRITES	0
LIST_EXALL_400_ENTRIES_FIRST_PASS_VOLUME_FLUSH_BIO_UPDATES	0
LIST_EXALL_400_ENTRIES_FIRST_PASS_VOLUME_FLUSH_DATA_READS	0
LIST_EXALL_400_ENTRIES_FIRST_PASS_VOLUME_FLUSH_DATA_WRITES	0
LIST_EXALL_400_ENTRIES_FIRST_PASS_VOLUME_FLUSH_NODE_WRITES	0
LIST_EXALL_400_ENTRIES_FIRST_PASS_VOLUME_FLUSH_TXN_COMMITS	0
LIST_EXALL_400_ENTRIES_FIRST_PASS_VOLUME_FLUSH_EXTENT_MAPS	0
LIST_EXALL_400_ENTRIES_FIRST_PASS_VOLUME_FLUSH_READ_TICKS	0
LIST_EXALL_400_ENTRIES_FIRST_PASS_VOLUME_FLUSH_WRITE_TICKS	0
LIST_EXALL_400_ENTRIES_FIRST_PASS_VOLUME_FLUSH_UPDATE_TICKS	0
LIST_EXALL_400_ENTRIES_FIRST_PASS_VOLUME_FLUSH_DATA_READ_TICKS	0
LIST_EXALL_400_ENTRIES_FIRST_PASS_VOLUME_FLUSH_DATA_WRITE_TICKS	0
LIST_EXALL_400_ENTRIES_FIRST_PASS_VOLUME_FLUSH_NODE_CRC_READ_CALLS	0
LIST_EXALL_400_ENTRIES_FIRST_PASS_VOLUME_FLUSH_NODE_CRC_READ_SAMPLES	0
LIST_EXALL_400_ENTRIES_FIRST_PASS_VOLUME_FLUSH_NODE_CRC_READ_SAMPLE_TICKS	0
LIST_EXALL_400_ENTRIES_FIRST_PASS_VOLUME_FLUSH_NODE_CRC_WRITE_CALLS	0
LIST_EXALL_400_ENTRIES_FIRST_PASS_VOLUME_FLUSH_NODE_CRC_WRITE_SAMPLES	0
LIST_EXALL_400_ENTRIES_FIRST_PASS_VOLUME_FLUSH_NODE_CRC_WRITE_SAMPLE_TICKS	0
LIST_EXALL_400_ENTRIES_FIRST_PASS_VOLUME_FLUSH_CLOCK_PAIR_TICKS	0
LIST_EXALL_400_ENTRIES_FIRST_PASS_VOLUME_FLUSH_PACKET_CALLS	0
LIST_EXALL_400_ENTRIES_FIRST_PASS_VOLUME_FLUSH_PACKET_SAMPLES	0
LIST_EXALL_400_ENTRIES_FIRST_PASS_VOLUME_FLUSH_PACKET_SAMPLE_TICKS	0
LIST_EXALL_400_ENTRIES_FIRST_PASS_VOLUME_FLUSH_PACKET_OPEN_CALLS	0
LIST_EXALL_400_ENTRIES_FIRST_PASS_VOLUME_FLUSH_PACKET_OPEN_SAMPLES	0
LIST_EXALL_400_ENTRIES_FIRST_PASS_VOLUME_FLUSH_PACKET_OPEN_SAMPLE_TICKS	0
LIST_EXALL_400_ENTRIES_FIRST_PASS_VOLUME_FLUSH_PACKET_READ_CALLS	0
LIST_EXALL_400_ENTRIES_FIRST_PASS_VOLUME_FLUSH_PACKET_READ_SAMPLES	0
LIST_EXALL_400_ENTRIES_FIRST_PASS_VOLUME_FLUSH_PACKET_READ_SAMPLE_TICKS	0
LIST_EXALL_400_ENTRIES_FIRST_PASS_VOLUME_FLUSH_PACKET_WRITE_CALLS	0
LIST_EXALL_400_ENTRIES_FIRST_PASS_VOLUME_FLUSH_PACKET_WRITE_SAMPLES	0
LIST_EXALL_400_ENTRIES_FIRST_PASS_VOLUME_FLUSH_PACKET_WRITE_SAMPLE_TICKS	0
LIST_EXALL_400_ENTRIES_FIRST_PASS_VOLUME_FLUSH_PACKET_END_CALLS	0
LIST_EXALL_400_ENTRIES_FIRST_PASS_VOLUME_FLUSH_PACKET_END_SAMPLES	0
LIST_EXALL_400_ENTRIES_FIRST_PASS_VOLUME_FLUSH_PACKET_END_SAMPLE_TICKS	0
LIST_EXALL_400_ENTRIES_FIRST_PASS_VOLUME_FLUSH_PACKET_DELETE_CALLS	0
LIST_EXALL_400_ENTRIES_FIRST_PASS_VOLUME_FLUSH_PACKET_DELETE_SAMPLES	0
LIST_EXALL_400_ENTRIES_FIRST_PASS_VOLUME_FLUSH_PACKET_DELETE_SAMPLE_TICKS	0
LIST_EXALL_400_ENTRIES_FIRST_PASS_VOLUME_FLUSH_PACKET_FLUSH_CALLS	0
LIST_EXALL_400_ENTRIES_FIRST_PASS_VOLUME_FLUSH_PACKET_FLUSH_SAMPLES	0
LIST_EXALL_400_ENTRIES_FIRST_PASS_VOLUME_FLUSH_PACKET_FLUSH_SAMPLE_TICKS	0
LIST_EXALL_400_ENTRIES_FIRST_PASS_VOLUME_FLUSH_PACKET_OTHER_CALLS	0
LIST_EXALL_400_ENTRIES_FIRST_PASS_VOLUME_FLUSH_PACKET_OTHER_SAMPLES	0
LIST_EXALL_400_ENTRIES_FIRST_PASS_VOLUME_FLUSH_PACKET_OTHER_SAMPLE_TICKS	0
LIST_EXALL_400_ENTRIES_FIRST_PASS_VOLUME_FLUSH_CORE_CREATE_CALLS	0
LIST_EXALL_400_ENTRIES_FIRST_PASS_VOLUME_FLUSH_CORE_CREATE_SAMPLES	0
LIST_EXALL_400_ENTRIES_FIRST_PASS_VOLUME_FLUSH_CORE_CREATE_SAMPLE_TICKS	0
LIST_EXALL_400_ENTRIES_FIRST_PASS_VOLUME_FLUSH_CORE_DELETE_CALLS	0
LIST_EXALL_400_ENTRIES_FIRST_PASS_VOLUME_FLUSH_CORE_DELETE_SAMPLES	0
LIST_EXALL_400_ENTRIES_FIRST_PASS_VOLUME_FLUSH_CORE_DELETE_SAMPLE_TICKS	0
LIST_EXALL_400_ENTRIES_FIRST_PASS_VOLUME_FLUSH_CORE_FILE_WRITE_CALLS	0
LIST_EXALL_400_ENTRIES_FIRST_PASS_VOLUME_FLUSH_CORE_FILE_WRITE_SAMPLES	0
LIST_EXALL_400_ENTRIES_FIRST_PASS_VOLUME_FLUSH_CORE_FILE_WRITE_SAMPLE_TICKS	0
LIST_EXALL_400_ENTRIES_FIRST_PASS_VOLUME_FLUSH_CORE_SYNC_CALLS	0
LIST_EXALL_400_ENTRIES_FIRST_PASS_VOLUME_FLUSH_CORE_SYNC_SAMPLES	0
LIST_EXALL_400_ENTRIES_FIRST_PASS_VOLUME_FLUSH_CORE_SYNC_SAMPLE_TICKS	0
LIST_EXALL_400_ENTRIES_FIRST_PASS_VOLUME_FLUSH_IFACE_FREE_CALLS	0
LIST_EXALL_400_ENTRIES_FIRST_PASS_VOLUME_FLUSH_IFACE_FREE_SAMPLES	0
LIST_EXALL_400_ENTRIES_FIRST_PASS_VOLUME_FLUSH_IFACE_FREE_SAMPLE_TICKS	0
LIST_EXALL_400_ENTRIES_FIRST_PASS_VOLUME_FLUSH_SEAL_COMMIT_CALLS	0
LIST_EXALL_400_ENTRIES_FIRST_PASS_VOLUME_FLUSH_SEAL_COMMIT_SAMPLES	0
LIST_EXALL_400_ENTRIES_FIRST_PASS_VOLUME_FLUSH_SEAL_COMMIT_SAMPLE_TICKS	0
LIST_EXALL_400_ENTRIES_FIRST_PASS_VOLUME_FLUSH_INODE_READ_CALLS	0
LIST_EXALL_400_ENTRIES_FIRST_PASS_VOLUME_FLUSH_BTREE_SEARCH_CALLS	0
LIST_EXALL_400_ENTRIES_FIRST_PASS_VOLUME_FLUSH_BTREE_INDEX_HINT_HITS	0
LIST_EXALL_400_ENTRIES_FIRST_PASS_VOLUME_FLUSH_BTREE_LEAF_HINT_HITS	0
LIST_EXALL_400_ENTRIES_FIRST_PASS_VOLUME_FLUSH_CACHE_READ_CALLS	0
LIST_EXALL_400_ENTRIES_FIRST_PASS_VOLUME_FLUSH_CACHE_READ_HITS	0
LIST_EXALL_400_ENTRIES_FIRST_PASS_VOLUME_FLUSH_CACHE_READ_MISSES	0
LIST_EXALL_400_ENTRIES_FIRST_PASS_VOLUME_FLUSH_FREE_TREE_NODE_VIEWS	0
LIST_EXALL_400_ENTRIES_FIRST_PASS_VOLUME_FLUSH_FREE_TREE_RESIDENT_VIEWS	0
LIST_EXALL_400_ENTRIES_FIRST_PASS_VOLUME_FLUSH_DIR_TREE_NODE_VIEWS	0
LIST_EXALL_400_ENTRIES_FIRST_PASS_VOLUME_FLUSH_DIR_TREE_RESIDENT_VIEWS	0
LIST_EXALL_400_ENTRIES_FIRST_PASS_VOLUME_FLUSH_INODE_TREE_NODE_VIEWS	0
LIST_EXALL_400_ENTRIES_FIRST_PASS_VOLUME_FLUSH_INODE_TREE_RESIDENT_VIEWS	0
LIST_EXALL_400_ENTRIES_FIRST_PASS_VOLUME_FLUSH_REFCOUNT_TREE_NODE_VIEWS	0
LIST_EXALL_400_ENTRIES_FIRST_PASS_VOLUME_FLUSH_REFCOUNT_TREE_RESIDENT_VIEWS	0
LIST_EXALL_400_ENTRIES_FIRST_PASS_VOLUME_FLUSH_OTHER_TREE_NODE_VIEWS	0
LIST_EXALL_400_ENTRIES_FIRST_PASS_VOLUME_FLUSH_OTHER_TREE_RESIDENT_VIEWS	0
LIST_EXALL_400_ENTRIES_FIRST_PASS_VOLUME_FLUSH_WRITE_DETAIL_INODE_READ_CALLS	0
LIST_EXALL_400_ENTRIES_FIRST_PASS_VOLUME_FLUSH_WRITE_DETAIL_INODE_READ_SAMPLES	0
LIST_EXALL_400_ENTRIES_FIRST_PASS_VOLUME_FLUSH_WRITE_DETAIL_INODE_READ_SAMPLE_TICKS	0
LIST_EXALL_400_ENTRIES_FIRST_PASS_VOLUME_FLUSH_WRITE_DETAIL_INODE_WRITE_CALLS	0
LIST_EXALL_400_ENTRIES_FIRST_PASS_VOLUME_FLUSH_WRITE_DETAIL_INODE_WRITE_SAMPLES	0
LIST_EXALL_400_ENTRIES_FIRST_PASS_VOLUME_FLUSH_WRITE_DETAIL_INODE_WRITE_SAMPLE_TICKS	0
LIST_EXALL_400_ENTRIES_FIRST_PASS_VOLUME_FLUSH_WRITE_DETAIL_EXTENT_MAP_CALLS	0
LIST_EXALL_400_ENTRIES_FIRST_PASS_VOLUME_FLUSH_WRITE_DETAIL_EXTENT_MAP_SAMPLES	0
LIST_EXALL_400_ENTRIES_FIRST_PASS_VOLUME_FLUSH_WRITE_DETAIL_EXTENT_MAP_SAMPLE_TICKS	0
LIST_EXALL_400_ENTRIES_FIRST_PASS_VOLUME_FLUSH_WRITE_DETAIL_FREESPACE_GOAL_CALLS	0
LIST_EXALL_400_ENTRIES_FIRST_PASS_VOLUME_FLUSH_WRITE_DETAIL_FREESPACE_GOAL_SAMPLES	0
LIST_EXALL_400_ENTRIES_FIRST_PASS_VOLUME_FLUSH_WRITE_DETAIL_FREESPACE_GOAL_SAMPLE_TICKS	0
LIST_EXALL_400_ENTRIES_FIRST_PASS_VOLUME_FLUSH_BTREE_MALLOC_CALLS	0
LIST_EXALL_400_ENTRIES_FIRST_PASS_VOLUME_FLUSH_BTREE_MALLOC_SAMPLES	0
LIST_EXALL_400_ENTRIES_FIRST_PASS_VOLUME_FLUSH_BTREE_MALLOC_SAMPLE_TICKS	0
LIST_EXALL_400_ENTRIES_FIRST_PASS_VOLUME_FLUSH_BTREE_FREE_CALLS	0
LIST_EXALL_400_ENTRIES_FIRST_PASS_VOLUME_FLUSH_BTREE_FREE_SAMPLES	0
LIST_EXALL_400_ENTRIES_FIRST_PASS_VOLUME_FLUSH_BTREE_FREE_SAMPLE_TICKS	0
LIST_EXALL_400_ENTRIES_FIRST_PASS_VOLUME_FLUSH_IFACE_ALLOC_CALLS	0
LIST_EXALL_400_ENTRIES_FIRST_PASS_VOLUME_FLUSH_IFACE_ALLOC_SAMPLES	0
LIST_EXALL_400_ENTRIES_FIRST_PASS_VOLUME_FLUSH_IFACE_ALLOC_SAMPLE_TICKS	0
LIST_EXALL_400_ENTRIES_FIRST_PASS_VOLUME_FLUSH_FREESPACE_ALLOC_CALLS	0
LIST_EXALL_400_ENTRIES_FIRST_PASS_VOLUME_FLUSH_FREESPACE_ALLOC_SAMPLES	0
LIST_EXALL_400_ENTRIES_FIRST_PASS_VOLUME_FLUSH_FREESPACE_ALLOC_SAMPLE_TICKS	0
LIST_EXALL_400_ENTRIES_FIRST_PASS_VOLUME_FLUSH_DETAIL_INODE_READ_CALLS	0
LIST_EXALL_400_ENTRIES_FIRST_PASS_VOLUME_FLUSH_DETAIL_INODE_READ_SAMPLES	0
LIST_EXALL_400_ENTRIES_FIRST_PASS_VOLUME_FLUSH_DETAIL_INODE_READ_SAMPLE_TICKS	0
LIST_EXALL_400_ENTRIES_FIRST_PASS_VOLUME_FLUSH_DETAIL_INODE_VALIDATE_CALLS	0
LIST_EXALL_400_ENTRIES_FIRST_PASS_VOLUME_FLUSH_DETAIL_INODE_VALIDATE_SAMPLES	0
LIST_EXALL_400_ENTRIES_FIRST_PASS_VOLUME_FLUSH_DETAIL_INODE_VALIDATE_SAMPLE_TICKS	0
LIST_EXALL_400_ENTRIES_FIRST_PASS_VOLUME_FLUSH_DETAIL_INODE_SEARCH_CALLS	0
LIST_EXALL_400_ENTRIES_FIRST_PASS_VOLUME_FLUSH_DETAIL_INODE_SEARCH_SAMPLES	0
LIST_EXALL_400_ENTRIES_FIRST_PASS_VOLUME_FLUSH_DETAIL_INODE_SEARCH_SAMPLE_TICKS	0
LIST_EXALL_400_ENTRIES_FIRST_PASS_VOLUME_FLUSH_DETAIL_INODE_NODE_VIEW_CALLS	0
LIST_EXALL_400_ENTRIES_FIRST_PASS_VOLUME_FLUSH_DETAIL_INODE_NODE_VIEW_SAMPLES	0
LIST_EXALL_400_ENTRIES_FIRST_PASS_VOLUME_FLUSH_DETAIL_INODE_NODE_VIEW_SAMPLE_TICKS	0
LIST_EXALL_400_ENTRIES_FIRST_PASS_VOLUME_FLUSH_DETAIL_DIR_NODE_VIEW_CALLS	0
LIST_EXALL_400_ENTRIES_FIRST_PASS_VOLUME_FLUSH_DETAIL_DIR_NODE_VIEW_SAMPLES	0
LIST_EXALL_400_ENTRIES_FIRST_PASS_VOLUME_FLUSH_DETAIL_DIR_NODE_VIEW_SAMPLE_TICKS	0
LIST_EXALL_400_ENTRIES_FIRST_PASS_VOLUME_FLUSH_DETAIL_INODE_BINARY_SEARCH_CALLS	0
LIST_EXALL_400_ENTRIES_FIRST_PASS_VOLUME_FLUSH_DETAIL_INODE_BINARY_SEARCH_SAMPLES	0
LIST_EXALL_400_ENTRIES_FIRST_PASS_VOLUME_FLUSH_DETAIL_INODE_BINARY_SEARCH_SAMPLE_TICKS	0
LIST_EXALL_400_ENTRIES_FIRST_PASS_VOLUME_FLUSH_DETAIL_DIR_BINARY_SEARCH_CALLS	0
LIST_EXALL_400_ENTRIES_FIRST_PASS_VOLUME_FLUSH_DETAIL_DIR_BINARY_SEARCH_SAMPLES	0
LIST_EXALL_400_ENTRIES_FIRST_PASS_VOLUME_FLUSH_DETAIL_DIR_BINARY_SEARCH_SAMPLE_TICKS	0
LIST_EXALL_400_ENTRIES_FIRST_PASS_VOLUME_FLUSH_DETAIL_NODE_STRUCTURE_CALLS	0
LIST_EXALL_400_ENTRIES_FIRST_PASS_VOLUME_FLUSH_DETAIL_NODE_STRUCTURE_SAMPLES	0
LIST_EXALL_400_ENTRIES_FIRST_PASS_VOLUME_FLUSH_DETAIL_NODE_STRUCTURE_SAMPLE_TICKS	0
LIST_EXALL_400_ENTRIES_FIRST_PASS_VOLUME_FLUSH_DETAIL_CACHE_PEEK_CALLS	0
LIST_EXALL_400_ENTRIES_FIRST_PASS_VOLUME_FLUSH_DETAIL_CACHE_PEEK_SAMPLES	0
LIST_EXALL_400_ENTRIES_FIRST_PASS_VOLUME_FLUSH_DETAIL_CACHE_PEEK_SAMPLE_TICKS	0
LIST_EXALL_400_ENTRIES_FIRST_PASS_VOLUME_FLUSH_DETAIL_BUFFER_ALLOC_CALLS	0
LIST_EXALL_400_ENTRIES_FIRST_PASS_VOLUME_FLUSH_DETAIL_BUFFER_ALLOC_SAMPLES	0
LIST_EXALL_400_ENTRIES_FIRST_PASS_VOLUME_FLUSH_DETAIL_BUFFER_ALLOC_SAMPLE_TICKS	0
LIST_EXALL_400_ENTRIES_FIRST_PASS_VOLUME_FLUSH_DETAIL_BUFFER_FREE_CALLS	0
LIST_EXALL_400_ENTRIES_FIRST_PASS_VOLUME_FLUSH_DETAIL_BUFFER_FREE_SAMPLES	0
LIST_EXALL_400_ENTRIES_FIRST_PASS_VOLUME_FLUSH_DETAIL_BUFFER_FREE_SAMPLE_TICKS	0
LIST_EXALL_400_ENTRIES_FIRST_PASS_VOLUME_FLUSH_DETAIL_EXALL_FILL_CALLS	0
LIST_EXALL_400_ENTRIES_FIRST_PASS_VOLUME_FLUSH_DETAIL_EXALL_FILL_SAMPLES	0
LIST_EXALL_400_ENTRIES_FIRST_PASS_VOLUME_FLUSH_DETAIL_EXALL_FILL_SAMPLE_TICKS	0
LIST_EXALL_400_ENTRIES_FIRST_PASS_VOLUME_FLUSH_FREESPACE_ALLOCS	0
LIST_EXALL_400_ENTRIES_REPEAT10_TOTAL_US	420349
LIST_EXALL_400_ENTRIES_REPEAT10_TOTAL_WORK_US	420349
LIST_EXALL_400_ENTRIES_REPEAT10_TOTAL_VOLUME_FLUSH_US	0
LIST_EXALL_400_ENTRIES_REPEAT10_TOTAL_HAS_VOLUME_FLUSH	0
LIST_EXALL_400_ENTRIES_REPEAT10_TOTAL_GUEST_OPEN_CALLS	0
LIST_EXALL_400_ENTRIES_REPEAT10_TOTAL_GUEST_OPEN_US	0
LIST_EXALL_400_ENTRIES_REPEAT10_TOTAL_GUEST_READ_CALLS	0
LIST_EXALL_400_ENTRIES_REPEAT10_TOTAL_GUEST_READ_US	0
LIST_EXALL_400_ENTRIES_REPEAT10_TOTAL_GUEST_WRITE_CALLS	0
LIST_EXALL_400_ENTRIES_REPEAT10_TOTAL_GUEST_WRITE_US	0
LIST_EXALL_400_ENTRIES_REPEAT10_TOTAL_GUEST_HANDLE_FLUSH_CALLS	0
LIST_EXALL_400_ENTRIES_REPEAT10_TOTAL_GUEST_HANDLE_FLUSH_US	0
LIST_EXALL_400_ENTRIES_REPEAT10_TOTAL_GUEST_CLOSE_CALLS	0
LIST_EXALL_400_ENTRIES_REPEAT10_TOTAL_GUEST_CLOSE_US	0
LIST_EXALL_400_ENTRIES_REPEAT10_TOTAL_GUEST_VERIFY_CALLS	0
LIST_EXALL_400_ENTRIES_REPEAT10_TOTAL_GUEST_VERIFY_US	0
LIST_EXALL_400_ENTRIES_REPEAT10_TOTAL_WORK_BIO_READS	692
LIST_EXALL_400_ENTRIES_REPEAT10_TOTAL_WORK_BIO_WRITES	0
LIST_EXALL_400_ENTRIES_REPEAT10_TOTAL_WORK_BIO_UPDATES	0
LIST_EXALL_400_ENTRIES_REPEAT10_TOTAL_WORK_DATA_READS	0
LIST_EXALL_400_ENTRIES_REPEAT10_TOTAL_WORK_DATA_WRITES	0
LIST_EXALL_400_ENTRIES_REPEAT10_TOTAL_WORK_NODE_WRITES	0
LIST_EXALL_400_ENTRIES_REPEAT10_TOTAL_WORK_TXN_COMMITS	0
LIST_EXALL_400_ENTRIES_REPEAT10_TOTAL_WORK_EXTENT_MAPS	0
LIST_EXALL_400_ENTRIES_REPEAT10_TOTAL_WORK_READ_TICKS	45260
LIST_EXALL_400_ENTRIES_REPEAT10_TOTAL_WORK_WRITE_TICKS	0
LIST_EXALL_400_ENTRIES_REPEAT10_TOTAL_WORK_UPDATE_TICKS	0
LIST_EXALL_400_ENTRIES_REPEAT10_TOTAL_WORK_DATA_READ_TICKS	0
LIST_EXALL_400_ENTRIES_REPEAT10_TOTAL_WORK_DATA_WRITE_TICKS	0
LIST_EXALL_400_ENTRIES_REPEAT10_TOTAL_WORK_NODE_CRC_READ_CALLS	692
LIST_EXALL_400_ENTRIES_REPEAT10_TOTAL_WORK_NODE_CRC_READ_SAMPLES	692
LIST_EXALL_400_ENTRIES_REPEAT10_TOTAL_WORK_NODE_CRC_READ_SAMPLE_TICKS	70656
LIST_EXALL_400_ENTRIES_REPEAT10_TOTAL_WORK_NODE_CRC_WRITE_CALLS	0
LIST_EXALL_400_ENTRIES_REPEAT10_TOTAL_WORK_NODE_CRC_WRITE_SAMPLES	0
LIST_EXALL_400_ENTRIES_REPEAT10_TOTAL_WORK_NODE_CRC_WRITE_SAMPLE_TICKS	0
LIST_EXALL_400_ENTRIES_REPEAT10_TOTAL_WORK_CLOCK_PAIR_TICKS	1
LIST_EXALL_400_ENTRIES_REPEAT10_TOTAL_WORK_PACKET_CALLS	52
LIST_EXALL_400_ENTRIES_REPEAT10_TOTAL_WORK_PACKET_SAMPLES	52
LIST_EXALL_400_ENTRIES_REPEAT10_TOTAL_WORK_PACKET_SAMPLE_TICKS	294043
LIST_EXALL_400_ENTRIES_REPEAT10_TOTAL_WORK_PACKET_OPEN_CALLS	0
LIST_EXALL_400_ENTRIES_REPEAT10_TOTAL_WORK_PACKET_OPEN_SAMPLES	0
LIST_EXALL_400_ENTRIES_REPEAT10_TOTAL_WORK_PACKET_OPEN_SAMPLE_TICKS	0
LIST_EXALL_400_ENTRIES_REPEAT10_TOTAL_WORK_PACKET_READ_CALLS	0
LIST_EXALL_400_ENTRIES_REPEAT10_TOTAL_WORK_PACKET_READ_SAMPLES	0
LIST_EXALL_400_ENTRIES_REPEAT10_TOTAL_WORK_PACKET_READ_SAMPLE_TICKS	0
LIST_EXALL_400_ENTRIES_REPEAT10_TOTAL_WORK_PACKET_WRITE_CALLS	0
LIST_EXALL_400_ENTRIES_REPEAT10_TOTAL_WORK_PACKET_WRITE_SAMPLES	0
LIST_EXALL_400_ENTRIES_REPEAT10_TOTAL_WORK_PACKET_WRITE_SAMPLE_TICKS	0
LIST_EXALL_400_ENTRIES_REPEAT10_TOTAL_WORK_PACKET_END_CALLS	0
LIST_EXALL_400_ENTRIES_REPEAT10_TOTAL_WORK_PACKET_END_SAMPLES	0
LIST_EXALL_400_ENTRIES_REPEAT10_TOTAL_WORK_PACKET_END_SAMPLE_TICKS	0
LIST_EXALL_400_ENTRIES_REPEAT10_TOTAL_WORK_PACKET_DELETE_CALLS	0
LIST_EXALL_400_ENTRIES_REPEAT10_TOTAL_WORK_PACKET_DELETE_SAMPLES	0
LIST_EXALL_400_ENTRIES_REPEAT10_TOTAL_WORK_PACKET_DELETE_SAMPLE_TICKS	0
LIST_EXALL_400_ENTRIES_REPEAT10_TOTAL_WORK_PACKET_FLUSH_CALLS	0
LIST_EXALL_400_ENTRIES_REPEAT10_TOTAL_WORK_PACKET_FLUSH_SAMPLES	0
LIST_EXALL_400_ENTRIES_REPEAT10_TOTAL_WORK_PACKET_FLUSH_SAMPLE_TICKS	0
LIST_EXALL_400_ENTRIES_REPEAT10_TOTAL_WORK_PACKET_OTHER_CALLS	52
LIST_EXALL_400_ENTRIES_REPEAT10_TOTAL_WORK_PACKET_OTHER_SAMPLES	52
LIST_EXALL_400_ENTRIES_REPEAT10_TOTAL_WORK_PACKET_OTHER_SAMPLE_TICKS	294043
LIST_EXALL_400_ENTRIES_REPEAT10_TOTAL_WORK_CORE_CREATE_CALLS	0
LIST_EXALL_400_ENTRIES_REPEAT10_TOTAL_WORK_CORE_CREATE_SAMPLES	0
LIST_EXALL_400_ENTRIES_REPEAT10_TOTAL_WORK_CORE_CREATE_SAMPLE_TICKS	0
LIST_EXALL_400_ENTRIES_REPEAT10_TOTAL_WORK_CORE_DELETE_CALLS	0
LIST_EXALL_400_ENTRIES_REPEAT10_TOTAL_WORK_CORE_DELETE_SAMPLES	0
LIST_EXALL_400_ENTRIES_REPEAT10_TOTAL_WORK_CORE_DELETE_SAMPLE_TICKS	0
LIST_EXALL_400_ENTRIES_REPEAT10_TOTAL_WORK_CORE_FILE_WRITE_CALLS	0
LIST_EXALL_400_ENTRIES_REPEAT10_TOTAL_WORK_CORE_FILE_WRITE_SAMPLES	0
LIST_EXALL_400_ENTRIES_REPEAT10_TOTAL_WORK_CORE_FILE_WRITE_SAMPLE_TICKS	0
LIST_EXALL_400_ENTRIES_REPEAT10_TOTAL_WORK_CORE_SYNC_CALLS	0
LIST_EXALL_400_ENTRIES_REPEAT10_TOTAL_WORK_CORE_SYNC_SAMPLES	0
LIST_EXALL_400_ENTRIES_REPEAT10_TOTAL_WORK_CORE_SYNC_SAMPLE_TICKS	0
LIST_EXALL_400_ENTRIES_REPEAT10_TOTAL_WORK_IFACE_FREE_CALLS	0
LIST_EXALL_400_ENTRIES_REPEAT10_TOTAL_WORK_IFACE_FREE_SAMPLES	0
LIST_EXALL_400_ENTRIES_REPEAT10_TOTAL_WORK_IFACE_FREE_SAMPLE_TICKS	0
LIST_EXALL_400_ENTRIES_REPEAT10_TOTAL_WORK_SEAL_COMMIT_CALLS	0
LIST_EXALL_400_ENTRIES_REPEAT10_TOTAL_WORK_SEAL_COMMIT_SAMPLES	0
LIST_EXALL_400_ENTRIES_REPEAT10_TOTAL_WORK_SEAL_COMMIT_SAMPLE_TICKS	0
LIST_EXALL_400_ENTRIES_REPEAT10_TOTAL_WORK_INODE_READ_CALLS	4040
LIST_EXALL_400_ENTRIES_REPEAT10_TOTAL_WORK_BTREE_SEARCH_CALLS	4041
LIST_EXALL_400_ENTRIES_REPEAT10_TOTAL_WORK_BTREE_INDEX_HINT_HITS	40
LIST_EXALL_400_ENTRIES_REPEAT10_TOTAL_WORK_BTREE_LEAF_HINT_HITS	3810
LIST_EXALL_400_ENTRIES_REPEAT10_TOTAL_WORK_CACHE_READ_CALLS	692
LIST_EXALL_400_ENTRIES_REPEAT10_TOTAL_WORK_CACHE_READ_HITS	0
LIST_EXALL_400_ENTRIES_REPEAT10_TOTAL_WORK_CACHE_READ_MISSES	692
LIST_EXALL_400_ENTRIES_REPEAT10_TOTAL_WORK_FREE_TREE_NODE_VIEWS	0
LIST_EXALL_400_ENTRIES_REPEAT10_TOTAL_WORK_FREE_TREE_RESIDENT_VIEWS	0
LIST_EXALL_400_ENTRIES_REPEAT10_TOTAL_WORK_DIR_TREE_NODE_VIEWS	1184
LIST_EXALL_400_ENTRIES_REPEAT10_TOTAL_WORK_DIR_TREE_RESIDENT_VIEWS	682
LIST_EXALL_400_ENTRIES_REPEAT10_TOTAL_WORK_INODE_TREE_NODE_VIEWS	380
LIST_EXALL_400_ENTRIES_REPEAT10_TOTAL_WORK_INODE_TREE_RESIDENT_VIEWS	190
LIST_EXALL_400_ENTRIES_REPEAT10_TOTAL_WORK_REFCOUNT_TREE_NODE_VIEWS	0
LIST_EXALL_400_ENTRIES_REPEAT10_TOTAL_WORK_REFCOUNT_TREE_RESIDENT_VIEWS	0
LIST_EXALL_400_ENTRIES_REPEAT10_TOTAL_WORK_OTHER_TREE_NODE_VIEWS	0
LIST_EXALL_400_ENTRIES_REPEAT10_TOTAL_WORK_OTHER_TREE_RESIDENT_VIEWS	0
LIST_EXALL_400_ENTRIES_REPEAT10_TOTAL_WORK_WRITE_DETAIL_INODE_READ_CALLS	4040
LIST_EXALL_400_ENTRIES_REPEAT10_TOTAL_WORK_WRITE_DETAIL_INODE_READ_SAMPLES	4040
LIST_EXALL_400_ENTRIES_REPEAT10_TOTAL_WORK_WRITE_DETAIL_INODE_READ_SAMPLE_TICKS	124187
LIST_EXALL_400_ENTRIES_REPEAT10_TOTAL_WORK_WRITE_DETAIL_INODE_WRITE_CALLS	0
LIST_EXALL_400_ENTRIES_REPEAT10_TOTAL_WORK_WRITE_DETAIL_INODE_WRITE_SAMPLES	0
LIST_EXALL_400_ENTRIES_REPEAT10_TOTAL_WORK_WRITE_DETAIL_INODE_WRITE_SAMPLE_TICKS	0
LIST_EXALL_400_ENTRIES_REPEAT10_TOTAL_WORK_WRITE_DETAIL_EXTENT_MAP_CALLS	0
LIST_EXALL_400_ENTRIES_REPEAT10_TOTAL_WORK_WRITE_DETAIL_EXTENT_MAP_SAMPLES	0
LIST_EXALL_400_ENTRIES_REPEAT10_TOTAL_WORK_WRITE_DETAIL_EXTENT_MAP_SAMPLE_TICKS	0
LIST_EXALL_400_ENTRIES_REPEAT10_TOTAL_WORK_WRITE_DETAIL_FREESPACE_GOAL_CALLS	0
LIST_EXALL_400_ENTRIES_REPEAT10_TOTAL_WORK_WRITE_DETAIL_FREESPACE_GOAL_SAMPLES	0
LIST_EXALL_400_ENTRIES_REPEAT10_TOTAL_WORK_WRITE_DETAIL_FREESPACE_GOAL_SAMPLE_TICKS	0
LIST_EXALL_400_ENTRIES_REPEAT10_TOTAL_WORK_BTREE_MALLOC_CALLS	51
LIST_EXALL_400_ENTRIES_REPEAT10_TOTAL_WORK_BTREE_MALLOC_SAMPLES	51
LIST_EXALL_400_ENTRIES_REPEAT10_TOTAL_WORK_BTREE_MALLOC_SAMPLE_TICKS	438
LIST_EXALL_400_ENTRIES_REPEAT10_TOTAL_WORK_BTREE_FREE_CALLS	51
LIST_EXALL_400_ENTRIES_REPEAT10_TOTAL_WORK_BTREE_FREE_SAMPLES	51
LIST_EXALL_400_ENTRIES_REPEAT10_TOTAL_WORK_BTREE_FREE_SAMPLE_TICKS	333
LIST_EXALL_400_ENTRIES_REPEAT10_TOTAL_WORK_IFACE_ALLOC_CALLS	0
LIST_EXALL_400_ENTRIES_REPEAT10_TOTAL_WORK_IFACE_ALLOC_SAMPLES	0
LIST_EXALL_400_ENTRIES_REPEAT10_TOTAL_WORK_IFACE_ALLOC_SAMPLE_TICKS	0
LIST_EXALL_400_ENTRIES_REPEAT10_TOTAL_WORK_FREESPACE_ALLOC_CALLS	0
LIST_EXALL_400_ENTRIES_REPEAT10_TOTAL_WORK_FREESPACE_ALLOC_SAMPLES	0
LIST_EXALL_400_ENTRIES_REPEAT10_TOTAL_WORK_FREESPACE_ALLOC_SAMPLE_TICKS	0
LIST_EXALL_400_ENTRIES_REPEAT10_TOTAL_WORK_DETAIL_INODE_READ_CALLS	4040
LIST_EXALL_400_ENTRIES_REPEAT10_TOTAL_WORK_DETAIL_INODE_READ_SAMPLES	237
LIST_EXALL_400_ENTRIES_REPEAT10_TOTAL_WORK_DETAIL_INODE_READ_SAMPLE_TICKS	9977
LIST_EXALL_400_ENTRIES_REPEAT10_TOTAL_WORK_DETAIL_INODE_VALIDATE_CALLS	4040
LIST_EXALL_400_ENTRIES_REPEAT10_TOTAL_WORK_DETAIL_INODE_VALIDATE_SAMPLES	237
LIST_EXALL_400_ENTRIES_REPEAT10_TOTAL_WORK_DETAIL_INODE_VALIDATE_SAMPLE_TICKS	673
LIST_EXALL_400_ENTRIES_REPEAT10_TOTAL_WORK_DETAIL_INODE_SEARCH_CALLS	4040
LIST_EXALL_400_ENTRIES_REPEAT10_TOTAL_WORK_DETAIL_INODE_SEARCH_SAMPLES	237
LIST_EXALL_400_ENTRIES_REPEAT10_TOTAL_WORK_DETAIL_INODE_SEARCH_SAMPLE_TICKS	7531
LIST_EXALL_400_ENTRIES_REPEAT10_TOTAL_WORK_DETAIL_INODE_NODE_VIEW_CALLS	380
LIST_EXALL_400_ENTRIES_REPEAT10_TOTAL_WORK_DETAIL_INODE_NODE_VIEW_SAMPLES	22
LIST_EXALL_400_ENTRIES_REPEAT10_TOTAL_WORK_DETAIL_INODE_NODE_VIEW_SAMPLE_TICKS	2675
LIST_EXALL_400_ENTRIES_REPEAT10_TOTAL_WORK_DETAIL_DIR_NODE_VIEW_CALLS	1184
LIST_EXALL_400_ENTRIES_REPEAT10_TOTAL_WORK_DETAIL_DIR_NODE_VIEW_SAMPLES	69
LIST_EXALL_400_ENTRIES_REPEAT10_TOTAL_WORK_DETAIL_DIR_NODE_VIEW_SAMPLE_TICKS	6742
LIST_EXALL_400_ENTRIES_REPEAT10_TOTAL_WORK_DETAIL_INODE_BINARY_SEARCH_CALLS	380
LIST_EXALL_400_ENTRIES_REPEAT10_TOTAL_WORK_DETAIL_INODE_BINARY_SEARCH_SAMPLES	22
LIST_EXALL_400_ENTRIES_REPEAT10_TOTAL_WORK_DETAIL_INODE_BINARY_SEARCH_SAMPLE_TICKS	90
LIST_EXALL_400_ENTRIES_REPEAT10_TOTAL_WORK_DETAIL_DIR_BINARY_SEARCH_CALLS	234
LIST_EXALL_400_ENTRIES_REPEAT10_TOTAL_WORK_DETAIL_DIR_BINARY_SEARCH_SAMPLES	13
LIST_EXALL_400_ENTRIES_REPEAT10_TOTAL_WORK_DETAIL_DIR_BINARY_SEARCH_SAMPLE_TICKS	83
LIST_EXALL_400_ENTRIES_REPEAT10_TOTAL_WORK_DETAIL_NODE_STRUCTURE_CALLS	692
LIST_EXALL_400_ENTRIES_REPEAT10_TOTAL_WORK_DETAIL_NODE_STRUCTURE_SAMPLES	40
LIST_EXALL_400_ENTRIES_REPEAT10_TOTAL_WORK_DETAIL_NODE_STRUCTURE_SAMPLE_TICKS	697
LIST_EXALL_400_ENTRIES_REPEAT10_TOTAL_WORK_DETAIL_CACHE_PEEK_CALLS	5795
LIST_EXALL_400_ENTRIES_REPEAT10_TOTAL_WORK_DETAIL_CACHE_PEEK_SAMPLES	340
LIST_EXALL_400_ENTRIES_REPEAT10_TOTAL_WORK_DETAIL_CACHE_PEEK_SAMPLE_TICKS	1049
LIST_EXALL_400_ENTRIES_REPEAT10_TOTAL_WORK_DETAIL_BUFFER_ALLOC_CALLS	241
LIST_EXALL_400_ENTRIES_REPEAT10_TOTAL_WORK_DETAIL_BUFFER_ALLOC_SAMPLES	14
LIST_EXALL_400_ENTRIES_REPEAT10_TOTAL_WORK_DETAIL_BUFFER_ALLOC_SAMPLE_TICKS	90
LIST_EXALL_400_ENTRIES_REPEAT10_TOTAL_WORK_DETAIL_BUFFER_FREE_CALLS	241
LIST_EXALL_400_ENTRIES_REPEAT10_TOTAL_WORK_DETAIL_BUFFER_FREE_SAMPLES	14
LIST_EXALL_400_ENTRIES_REPEAT10_TOTAL_WORK_DETAIL_BUFFER_FREE_SAMPLE_TICKS	46
LIST_EXALL_400_ENTRIES_REPEAT10_TOTAL_WORK_DETAIL_EXALL_FILL_CALLS	4050
LIST_EXALL_400_ENTRIES_REPEAT10_TOTAL_WORK_DETAIL_EXALL_FILL_SAMPLES	238
LIST_EXALL_400_ENTRIES_REPEAT10_TOTAL_WORK_DETAIL_EXALL_FILL_SAMPLE_TICKS	9095
LIST_EXALL_400_ENTRIES_REPEAT10_TOTAL_WORK_FREESPACE_ALLOCS	0
LIST_EXALL_400_ENTRIES_REPEAT10_TOTAL_VOLUME_FLUSH_BIO_READS	0
LIST_EXALL_400_ENTRIES_REPEAT10_TOTAL_VOLUME_FLUSH_BIO_WRITES	0
LIST_EXALL_400_ENTRIES_REPEAT10_TOTAL_VOLUME_FLUSH_BIO_UPDATES	0
LIST_EXALL_400_ENTRIES_REPEAT10_TOTAL_VOLUME_FLUSH_DATA_READS	0
LIST_EXALL_400_ENTRIES_REPEAT10_TOTAL_VOLUME_FLUSH_DATA_WRITES	0
LIST_EXALL_400_ENTRIES_REPEAT10_TOTAL_VOLUME_FLUSH_NODE_WRITES	0
LIST_EXALL_400_ENTRIES_REPEAT10_TOTAL_VOLUME_FLUSH_TXN_COMMITS	0
LIST_EXALL_400_ENTRIES_REPEAT10_TOTAL_VOLUME_FLUSH_EXTENT_MAPS	0
LIST_EXALL_400_ENTRIES_REPEAT10_TOTAL_VOLUME_FLUSH_READ_TICKS	0
LIST_EXALL_400_ENTRIES_REPEAT10_TOTAL_VOLUME_FLUSH_WRITE_TICKS	0
LIST_EXALL_400_ENTRIES_REPEAT10_TOTAL_VOLUME_FLUSH_UPDATE_TICKS	0
LIST_EXALL_400_ENTRIES_REPEAT10_TOTAL_VOLUME_FLUSH_DATA_READ_TICKS	0
LIST_EXALL_400_ENTRIES_REPEAT10_TOTAL_VOLUME_FLUSH_DATA_WRITE_TICKS	0
LIST_EXALL_400_ENTRIES_REPEAT10_TOTAL_VOLUME_FLUSH_NODE_CRC_READ_CALLS	0
LIST_EXALL_400_ENTRIES_REPEAT10_TOTAL_VOLUME_FLUSH_NODE_CRC_READ_SAMPLES	0
LIST_EXALL_400_ENTRIES_REPEAT10_TOTAL_VOLUME_FLUSH_NODE_CRC_READ_SAMPLE_TICKS	0
LIST_EXALL_400_ENTRIES_REPEAT10_TOTAL_VOLUME_FLUSH_NODE_CRC_WRITE_CALLS	0
LIST_EXALL_400_ENTRIES_REPEAT10_TOTAL_VOLUME_FLUSH_NODE_CRC_WRITE_SAMPLES	0
LIST_EXALL_400_ENTRIES_REPEAT10_TOTAL_VOLUME_FLUSH_NODE_CRC_WRITE_SAMPLE_TICKS	0
LIST_EXALL_400_ENTRIES_REPEAT10_TOTAL_VOLUME_FLUSH_CLOCK_PAIR_TICKS	0
LIST_EXALL_400_ENTRIES_REPEAT10_TOTAL_VOLUME_FLUSH_PACKET_CALLS	0
LIST_EXALL_400_ENTRIES_REPEAT10_TOTAL_VOLUME_FLUSH_PACKET_SAMPLES	0
LIST_EXALL_400_ENTRIES_REPEAT10_TOTAL_VOLUME_FLUSH_PACKET_SAMPLE_TICKS	0
LIST_EXALL_400_ENTRIES_REPEAT10_TOTAL_VOLUME_FLUSH_PACKET_OPEN_CALLS	0
LIST_EXALL_400_ENTRIES_REPEAT10_TOTAL_VOLUME_FLUSH_PACKET_OPEN_SAMPLES	0
LIST_EXALL_400_ENTRIES_REPEAT10_TOTAL_VOLUME_FLUSH_PACKET_OPEN_SAMPLE_TICKS	0
LIST_EXALL_400_ENTRIES_REPEAT10_TOTAL_VOLUME_FLUSH_PACKET_READ_CALLS	0
LIST_EXALL_400_ENTRIES_REPEAT10_TOTAL_VOLUME_FLUSH_PACKET_READ_SAMPLES	0
LIST_EXALL_400_ENTRIES_REPEAT10_TOTAL_VOLUME_FLUSH_PACKET_READ_SAMPLE_TICKS	0
LIST_EXALL_400_ENTRIES_REPEAT10_TOTAL_VOLUME_FLUSH_PACKET_WRITE_CALLS	0
LIST_EXALL_400_ENTRIES_REPEAT10_TOTAL_VOLUME_FLUSH_PACKET_WRITE_SAMPLES	0
LIST_EXALL_400_ENTRIES_REPEAT10_TOTAL_VOLUME_FLUSH_PACKET_WRITE_SAMPLE_TICKS	0
LIST_EXALL_400_ENTRIES_REPEAT10_TOTAL_VOLUME_FLUSH_PACKET_END_CALLS	0
LIST_EXALL_400_ENTRIES_REPEAT10_TOTAL_VOLUME_FLUSH_PACKET_END_SAMPLES	0
LIST_EXALL_400_ENTRIES_REPEAT10_TOTAL_VOLUME_FLUSH_PACKET_END_SAMPLE_TICKS	0
LIST_EXALL_400_ENTRIES_REPEAT10_TOTAL_VOLUME_FLUSH_PACKET_DELETE_CALLS	0
LIST_EXALL_400_ENTRIES_REPEAT10_TOTAL_VOLUME_FLUSH_PACKET_DELETE_SAMPLES	0
LIST_EXALL_400_ENTRIES_REPEAT10_TOTAL_VOLUME_FLUSH_PACKET_DELETE_SAMPLE_TICKS	0
LIST_EXALL_400_ENTRIES_REPEAT10_TOTAL_VOLUME_FLUSH_PACKET_FLUSH_CALLS	0
LIST_EXALL_400_ENTRIES_REPEAT10_TOTAL_VOLUME_FLUSH_PACKET_FLUSH_SAMPLES	0
LIST_EXALL_400_ENTRIES_REPEAT10_TOTAL_VOLUME_FLUSH_PACKET_FLUSH_SAMPLE_TICKS	0
LIST_EXALL_400_ENTRIES_REPEAT10_TOTAL_VOLUME_FLUSH_PACKET_OTHER_CALLS	0
LIST_EXALL_400_ENTRIES_REPEAT10_TOTAL_VOLUME_FLUSH_PACKET_OTHER_SAMPLES	0
LIST_EXALL_400_ENTRIES_REPEAT10_TOTAL_VOLUME_FLUSH_PACKET_OTHER_SAMPLE_TICKS	0
LIST_EXALL_400_ENTRIES_REPEAT10_TOTAL_VOLUME_FLUSH_CORE_CREATE_CALLS	0
LIST_EXALL_400_ENTRIES_REPEAT10_TOTAL_VOLUME_FLUSH_CORE_CREATE_SAMPLES	0
LIST_EXALL_400_ENTRIES_REPEAT10_TOTAL_VOLUME_FLUSH_CORE_CREATE_SAMPLE_TICKS	0
LIST_EXALL_400_ENTRIES_REPEAT10_TOTAL_VOLUME_FLUSH_CORE_DELETE_CALLS	0
LIST_EXALL_400_ENTRIES_REPEAT10_TOTAL_VOLUME_FLUSH_CORE_DELETE_SAMPLES	0
LIST_EXALL_400_ENTRIES_REPEAT10_TOTAL_VOLUME_FLUSH_CORE_DELETE_SAMPLE_TICKS	0
LIST_EXALL_400_ENTRIES_REPEAT10_TOTAL_VOLUME_FLUSH_CORE_FILE_WRITE_CALLS	0
LIST_EXALL_400_ENTRIES_REPEAT10_TOTAL_VOLUME_FLUSH_CORE_FILE_WRITE_SAMPLES	0
LIST_EXALL_400_ENTRIES_REPEAT10_TOTAL_VOLUME_FLUSH_CORE_FILE_WRITE_SAMPLE_TICKS	0
LIST_EXALL_400_ENTRIES_REPEAT10_TOTAL_VOLUME_FLUSH_CORE_SYNC_CALLS	0
LIST_EXALL_400_ENTRIES_REPEAT10_TOTAL_VOLUME_FLUSH_CORE_SYNC_SAMPLES	0
LIST_EXALL_400_ENTRIES_REPEAT10_TOTAL_VOLUME_FLUSH_CORE_SYNC_SAMPLE_TICKS	0
LIST_EXALL_400_ENTRIES_REPEAT10_TOTAL_VOLUME_FLUSH_IFACE_FREE_CALLS	0
LIST_EXALL_400_ENTRIES_REPEAT10_TOTAL_VOLUME_FLUSH_IFACE_FREE_SAMPLES	0
LIST_EXALL_400_ENTRIES_REPEAT10_TOTAL_VOLUME_FLUSH_IFACE_FREE_SAMPLE_TICKS	0
LIST_EXALL_400_ENTRIES_REPEAT10_TOTAL_VOLUME_FLUSH_SEAL_COMMIT_CALLS	0
LIST_EXALL_400_ENTRIES_REPEAT10_TOTAL_VOLUME_FLUSH_SEAL_COMMIT_SAMPLES	0
LIST_EXALL_400_ENTRIES_REPEAT10_TOTAL_VOLUME_FLUSH_SEAL_COMMIT_SAMPLE_TICKS	0
LIST_EXALL_400_ENTRIES_REPEAT10_TOTAL_VOLUME_FLUSH_INODE_READ_CALLS	0
LIST_EXALL_400_ENTRIES_REPEAT10_TOTAL_VOLUME_FLUSH_BTREE_SEARCH_CALLS	0
LIST_EXALL_400_ENTRIES_REPEAT10_TOTAL_VOLUME_FLUSH_BTREE_INDEX_HINT_HITS	0
LIST_EXALL_400_ENTRIES_REPEAT10_TOTAL_VOLUME_FLUSH_BTREE_LEAF_HINT_HITS	0
LIST_EXALL_400_ENTRIES_REPEAT10_TOTAL_VOLUME_FLUSH_CACHE_READ_CALLS	0
LIST_EXALL_400_ENTRIES_REPEAT10_TOTAL_VOLUME_FLUSH_CACHE_READ_HITS	0
LIST_EXALL_400_ENTRIES_REPEAT10_TOTAL_VOLUME_FLUSH_CACHE_READ_MISSES	0
LIST_EXALL_400_ENTRIES_REPEAT10_TOTAL_VOLUME_FLUSH_FREE_TREE_NODE_VIEWS	0
LIST_EXALL_400_ENTRIES_REPEAT10_TOTAL_VOLUME_FLUSH_FREE_TREE_RESIDENT_VIEWS	0
LIST_EXALL_400_ENTRIES_REPEAT10_TOTAL_VOLUME_FLUSH_DIR_TREE_NODE_VIEWS	0
LIST_EXALL_400_ENTRIES_REPEAT10_TOTAL_VOLUME_FLUSH_DIR_TREE_RESIDENT_VIEWS	0
LIST_EXALL_400_ENTRIES_REPEAT10_TOTAL_VOLUME_FLUSH_INODE_TREE_NODE_VIEWS	0
LIST_EXALL_400_ENTRIES_REPEAT10_TOTAL_VOLUME_FLUSH_INODE_TREE_RESIDENT_VIEWS	0
LIST_EXALL_400_ENTRIES_REPEAT10_TOTAL_VOLUME_FLUSH_REFCOUNT_TREE_NODE_VIEWS	0
LIST_EXALL_400_ENTRIES_REPEAT10_TOTAL_VOLUME_FLUSH_REFCOUNT_TREE_RESIDENT_VIEWS	0
LIST_EXALL_400_ENTRIES_REPEAT10_TOTAL_VOLUME_FLUSH_OTHER_TREE_NODE_VIEWS	0
LIST_EXALL_400_ENTRIES_REPEAT10_TOTAL_VOLUME_FLUSH_OTHER_TREE_RESIDENT_VIEWS	0
LIST_EXALL_400_ENTRIES_REPEAT10_TOTAL_VOLUME_FLUSH_WRITE_DETAIL_INODE_READ_CALLS	0
LIST_EXALL_400_ENTRIES_REPEAT10_TOTAL_VOLUME_FLUSH_WRITE_DETAIL_INODE_READ_SAMPLES	0
LIST_EXALL_400_ENTRIES_REPEAT10_TOTAL_VOLUME_FLUSH_WRITE_DETAIL_INODE_READ_SAMPLE_TICKS	0
LIST_EXALL_400_ENTRIES_REPEAT10_TOTAL_VOLUME_FLUSH_WRITE_DETAIL_INODE_WRITE_CALLS	0
LIST_EXALL_400_ENTRIES_REPEAT10_TOTAL_VOLUME_FLUSH_WRITE_DETAIL_INODE_WRITE_SAMPLES	0
LIST_EXALL_400_ENTRIES_REPEAT10_TOTAL_VOLUME_FLUSH_WRITE_DETAIL_INODE_WRITE_SAMPLE_TICKS	0
LIST_EXALL_400_ENTRIES_REPEAT10_TOTAL_VOLUME_FLUSH_WRITE_DETAIL_EXTENT_MAP_CALLS	0
LIST_EXALL_400_ENTRIES_REPEAT10_TOTAL_VOLUME_FLUSH_WRITE_DETAIL_EXTENT_MAP_SAMPLES	0
LIST_EXALL_400_ENTRIES_REPEAT10_TOTAL_VOLUME_FLUSH_WRITE_DETAIL_EXTENT_MAP_SAMPLE_TICKS	0
LIST_EXALL_400_ENTRIES_REPEAT10_TOTAL_VOLUME_FLUSH_WRITE_DETAIL_FREESPACE_GOAL_CALLS	0
LIST_EXALL_400_ENTRIES_REPEAT10_TOTAL_VOLUME_FLUSH_WRITE_DETAIL_FREESPACE_GOAL_SAMPLES	0
LIST_EXALL_400_ENTRIES_REPEAT10_TOTAL_VOLUME_FLUSH_WRITE_DETAIL_FREESPACE_GOAL_SAMPLE_TICKS	0
LIST_EXALL_400_ENTRIES_REPEAT10_TOTAL_VOLUME_FLUSH_BTREE_MALLOC_CALLS	0
LIST_EXALL_400_ENTRIES_REPEAT10_TOTAL_VOLUME_FLUSH_BTREE_MALLOC_SAMPLES	0
LIST_EXALL_400_ENTRIES_REPEAT10_TOTAL_VOLUME_FLUSH_BTREE_MALLOC_SAMPLE_TICKS	0
LIST_EXALL_400_ENTRIES_REPEAT10_TOTAL_VOLUME_FLUSH_BTREE_FREE_CALLS	0
LIST_EXALL_400_ENTRIES_REPEAT10_TOTAL_VOLUME_FLUSH_BTREE_FREE_SAMPLES	0
LIST_EXALL_400_ENTRIES_REPEAT10_TOTAL_VOLUME_FLUSH_BTREE_FREE_SAMPLE_TICKS	0
LIST_EXALL_400_ENTRIES_REPEAT10_TOTAL_VOLUME_FLUSH_IFACE_ALLOC_CALLS	0
LIST_EXALL_400_ENTRIES_REPEAT10_TOTAL_VOLUME_FLUSH_IFACE_ALLOC_SAMPLES	0
LIST_EXALL_400_ENTRIES_REPEAT10_TOTAL_VOLUME_FLUSH_IFACE_ALLOC_SAMPLE_TICKS	0
LIST_EXALL_400_ENTRIES_REPEAT10_TOTAL_VOLUME_FLUSH_FREESPACE_ALLOC_CALLS	0
LIST_EXALL_400_ENTRIES_REPEAT10_TOTAL_VOLUME_FLUSH_FREESPACE_ALLOC_SAMPLES	0
LIST_EXALL_400_ENTRIES_REPEAT10_TOTAL_VOLUME_FLUSH_FREESPACE_ALLOC_SAMPLE_TICKS	0
LIST_EXALL_400_ENTRIES_REPEAT10_TOTAL_VOLUME_FLUSH_DETAIL_INODE_READ_CALLS	0
LIST_EXALL_400_ENTRIES_REPEAT10_TOTAL_VOLUME_FLUSH_DETAIL_INODE_READ_SAMPLES	0
LIST_EXALL_400_ENTRIES_REPEAT10_TOTAL_VOLUME_FLUSH_DETAIL_INODE_READ_SAMPLE_TICKS	0
LIST_EXALL_400_ENTRIES_REPEAT10_TOTAL_VOLUME_FLUSH_DETAIL_INODE_VALIDATE_CALLS	0
LIST_EXALL_400_ENTRIES_REPEAT10_TOTAL_VOLUME_FLUSH_DETAIL_INODE_VALIDATE_SAMPLES	0
LIST_EXALL_400_ENTRIES_REPEAT10_TOTAL_VOLUME_FLUSH_DETAIL_INODE_VALIDATE_SAMPLE_TICKS	0
LIST_EXALL_400_ENTRIES_REPEAT10_TOTAL_VOLUME_FLUSH_DETAIL_INODE_SEARCH_CALLS	0
LIST_EXALL_400_ENTRIES_REPEAT10_TOTAL_VOLUME_FLUSH_DETAIL_INODE_SEARCH_SAMPLES	0
LIST_EXALL_400_ENTRIES_REPEAT10_TOTAL_VOLUME_FLUSH_DETAIL_INODE_SEARCH_SAMPLE_TICKS	0
LIST_EXALL_400_ENTRIES_REPEAT10_TOTAL_VOLUME_FLUSH_DETAIL_INODE_NODE_VIEW_CALLS	0
LIST_EXALL_400_ENTRIES_REPEAT10_TOTAL_VOLUME_FLUSH_DETAIL_INODE_NODE_VIEW_SAMPLES	0
LIST_EXALL_400_ENTRIES_REPEAT10_TOTAL_VOLUME_FLUSH_DETAIL_INODE_NODE_VIEW_SAMPLE_TICKS	0
LIST_EXALL_400_ENTRIES_REPEAT10_TOTAL_VOLUME_FLUSH_DETAIL_DIR_NODE_VIEW_CALLS	0
LIST_EXALL_400_ENTRIES_REPEAT10_TOTAL_VOLUME_FLUSH_DETAIL_DIR_NODE_VIEW_SAMPLES	0
LIST_EXALL_400_ENTRIES_REPEAT10_TOTAL_VOLUME_FLUSH_DETAIL_DIR_NODE_VIEW_SAMPLE_TICKS	0
LIST_EXALL_400_ENTRIES_REPEAT10_TOTAL_VOLUME_FLUSH_DETAIL_INODE_BINARY_SEARCH_CALLS	0
LIST_EXALL_400_ENTRIES_REPEAT10_TOTAL_VOLUME_FLUSH_DETAIL_INODE_BINARY_SEARCH_SAMPLES	0
LIST_EXALL_400_ENTRIES_REPEAT10_TOTAL_VOLUME_FLUSH_DETAIL_INODE_BINARY_SEARCH_SAMPLE_TICKS	0
LIST_EXALL_400_ENTRIES_REPEAT10_TOTAL_VOLUME_FLUSH_DETAIL_DIR_BINARY_SEARCH_CALLS	0
LIST_EXALL_400_ENTRIES_REPEAT10_TOTAL_VOLUME_FLUSH_DETAIL_DIR_BINARY_SEARCH_SAMPLES	0
LIST_EXALL_400_ENTRIES_REPEAT10_TOTAL_VOLUME_FLUSH_DETAIL_DIR_BINARY_SEARCH_SAMPLE_TICKS	0
LIST_EXALL_400_ENTRIES_REPEAT10_TOTAL_VOLUME_FLUSH_DETAIL_NODE_STRUCTURE_CALLS	0
LIST_EXALL_400_ENTRIES_REPEAT10_TOTAL_VOLUME_FLUSH_DETAIL_NODE_STRUCTURE_SAMPLES	0
LIST_EXALL_400_ENTRIES_REPEAT10_TOTAL_VOLUME_FLUSH_DETAIL_NODE_STRUCTURE_SAMPLE_TICKS	0
LIST_EXALL_400_ENTRIES_REPEAT10_TOTAL_VOLUME_FLUSH_DETAIL_CACHE_PEEK_CALLS	0
LIST_EXALL_400_ENTRIES_REPEAT10_TOTAL_VOLUME_FLUSH_DETAIL_CACHE_PEEK_SAMPLES	0
LIST_EXALL_400_ENTRIES_REPEAT10_TOTAL_VOLUME_FLUSH_DETAIL_CACHE_PEEK_SAMPLE_TICKS	0
LIST_EXALL_400_ENTRIES_REPEAT10_TOTAL_VOLUME_FLUSH_DETAIL_BUFFER_ALLOC_CALLS	0
LIST_EXALL_400_ENTRIES_REPEAT10_TOTAL_VOLUME_FLUSH_DETAIL_BUFFER_ALLOC_SAMPLES	0
LIST_EXALL_400_ENTRIES_REPEAT10_TOTAL_VOLUME_FLUSH_DETAIL_BUFFER_ALLOC_SAMPLE_TICKS	0
LIST_EXALL_400_ENTRIES_REPEAT10_TOTAL_VOLUME_FLUSH_DETAIL_BUFFER_FREE_CALLS	0
LIST_EXALL_400_ENTRIES_REPEAT10_TOTAL_VOLUME_FLUSH_DETAIL_BUFFER_FREE_SAMPLES	0
LIST_EXALL_400_ENTRIES_REPEAT10_TOTAL_VOLUME_FLUSH_DETAIL_BUFFER_FREE_SAMPLE_TICKS	0
LIST_EXALL_400_ENTRIES_REPEAT10_TOTAL_VOLUME_FLUSH_DETAIL_EXALL_FILL_CALLS	0
LIST_EXALL_400_ENTRIES_REPEAT10_TOTAL_VOLUME_FLUSH_DETAIL_EXALL_FILL_SAMPLES	0
LIST_EXALL_400_ENTRIES_REPEAT10_TOTAL_VOLUME_FLUSH_DETAIL_EXALL_FILL_SAMPLE_TICKS	0
LIST_EXALL_400_ENTRIES_REPEAT10_TOTAL_VOLUME_FLUSH_FREESPACE_ALLOCS	0
LIST_EXNEXT_1000_ENTRIES_FIRST_PASS_US	181790
LIST_EXNEXT_1000_ENTRIES_FIRST_PASS_WORK_US	181790
LIST_EXNEXT_1000_ENTRIES_FIRST_PASS_VOLUME_FLUSH_US	0
LIST_EXNEXT_1000_ENTRIES_FIRST_PASS_HAS_VOLUME_FLUSH	0
LIST_EXNEXT_1000_ENTRIES_FIRST_PASS_GUEST_OPEN_CALLS	0
LIST_EXNEXT_1000_ENTRIES_FIRST_PASS_GUEST_OPEN_US	0
LIST_EXNEXT_1000_ENTRIES_FIRST_PASS_GUEST_READ_CALLS	0
LIST_EXNEXT_1000_ENTRIES_FIRST_PASS_GUEST_READ_US	0
LIST_EXNEXT_1000_ENTRIES_FIRST_PASS_GUEST_WRITE_CALLS	0
LIST_EXNEXT_1000_ENTRIES_FIRST_PASS_GUEST_WRITE_US	0
LIST_EXNEXT_1000_ENTRIES_FIRST_PASS_GUEST_HANDLE_FLUSH_CALLS	0
LIST_EXNEXT_1000_ENTRIES_FIRST_PASS_GUEST_HANDLE_FLUSH_US	0
LIST_EXNEXT_1000_ENTRIES_FIRST_PASS_GUEST_CLOSE_CALLS	0
LIST_EXNEXT_1000_ENTRIES_FIRST_PASS_GUEST_CLOSE_US	0
LIST_EXNEXT_1000_ENTRIES_FIRST_PASS_GUEST_VERIFY_CALLS	0
LIST_EXNEXT_1000_ENTRIES_FIRST_PASS_GUEST_VERIFY_US	0
LIST_EXNEXT_1000_ENTRIES_FIRST_PASS_WORK_BIO_READS	182
LIST_EXNEXT_1000_ENTRIES_FIRST_PASS_WORK_BIO_WRITES	0
LIST_EXNEXT_1000_ENTRIES_FIRST_PASS_WORK_BIO_UPDATES	0
LIST_EXNEXT_1000_ENTRIES_FIRST_PASS_WORK_DATA_READS	0
LIST_EXNEXT_1000_ENTRIES_FIRST_PASS_WORK_DATA_WRITES	0
LIST_EXNEXT_1000_ENTRIES_FIRST_PASS_WORK_NODE_WRITES	0
LIST_EXNEXT_1000_ENTRIES_FIRST_PASS_WORK_TXN_COMMITS	0
LIST_EXNEXT_1000_ENTRIES_FIRST_PASS_WORK_EXTENT_MAPS	0
LIST_EXNEXT_1000_ENTRIES_FIRST_PASS_WORK_READ_TICKS	16767
LIST_EXNEXT_1000_ENTRIES_FIRST_PASS_WORK_WRITE_TICKS	0
LIST_EXNEXT_1000_ENTRIES_FIRST_PASS_WORK_UPDATE_TICKS	0
LIST_EXNEXT_1000_ENTRIES_FIRST_PASS_WORK_DATA_READ_TICKS	0
LIST_EXNEXT_1000_ENTRIES_FIRST_PASS_WORK_DATA_WRITE_TICKS	0
LIST_EXNEXT_1000_ENTRIES_FIRST_PASS_WORK_NODE_CRC_READ_CALLS	182
LIST_EXNEXT_1000_ENTRIES_FIRST_PASS_WORK_NODE_CRC_READ_SAMPLES	182
LIST_EXNEXT_1000_ENTRIES_FIRST_PASS_WORK_NODE_CRC_READ_SAMPLE_TICKS	17988
LIST_EXNEXT_1000_ENTRIES_FIRST_PASS_WORK_NODE_CRC_WRITE_CALLS	0
LIST_EXNEXT_1000_ENTRIES_FIRST_PASS_WORK_NODE_CRC_WRITE_SAMPLES	0
LIST_EXNEXT_1000_ENTRIES_FIRST_PASS_WORK_NODE_CRC_WRITE_SAMPLE_TICKS	0
LIST_EXNEXT_1000_ENTRIES_FIRST_PASS_WORK_CLOCK_PAIR_TICKS	1
LIST_EXNEXT_1000_ENTRIES_FIRST_PASS_WORK_PACKET_CALLS	1004
LIST_EXNEXT_1000_ENTRIES_FIRST_PASS_WORK_PACKET_SAMPLES	1004
LIST_EXNEXT_1000_ENTRIES_FIRST_PASS_WORK_PACKET_SAMPLE_TICKS	109564
LIST_EXNEXT_1000_ENTRIES_FIRST_PASS_WORK_PACKET_OPEN_CALLS	0
LIST_EXNEXT_1000_ENTRIES_FIRST_PASS_WORK_PACKET_OPEN_SAMPLES	0
LIST_EXNEXT_1000_ENTRIES_FIRST_PASS_WORK_PACKET_OPEN_SAMPLE_TICKS	0
LIST_EXNEXT_1000_ENTRIES_FIRST_PASS_WORK_PACKET_READ_CALLS	0
LIST_EXNEXT_1000_ENTRIES_FIRST_PASS_WORK_PACKET_READ_SAMPLES	0
LIST_EXNEXT_1000_ENTRIES_FIRST_PASS_WORK_PACKET_READ_SAMPLE_TICKS	0
LIST_EXNEXT_1000_ENTRIES_FIRST_PASS_WORK_PACKET_WRITE_CALLS	0
LIST_EXNEXT_1000_ENTRIES_FIRST_PASS_WORK_PACKET_WRITE_SAMPLES	0
LIST_EXNEXT_1000_ENTRIES_FIRST_PASS_WORK_PACKET_WRITE_SAMPLE_TICKS	0
LIST_EXNEXT_1000_ENTRIES_FIRST_PASS_WORK_PACKET_END_CALLS	0
LIST_EXNEXT_1000_ENTRIES_FIRST_PASS_WORK_PACKET_END_SAMPLES	0
LIST_EXNEXT_1000_ENTRIES_FIRST_PASS_WORK_PACKET_END_SAMPLE_TICKS	0
LIST_EXNEXT_1000_ENTRIES_FIRST_PASS_WORK_PACKET_DELETE_CALLS	0
LIST_EXNEXT_1000_ENTRIES_FIRST_PASS_WORK_PACKET_DELETE_SAMPLES	0
LIST_EXNEXT_1000_ENTRIES_FIRST_PASS_WORK_PACKET_DELETE_SAMPLE_TICKS	0
LIST_EXNEXT_1000_ENTRIES_FIRST_PASS_WORK_PACKET_FLUSH_CALLS	0
LIST_EXNEXT_1000_ENTRIES_FIRST_PASS_WORK_PACKET_FLUSH_SAMPLES	0
LIST_EXNEXT_1000_ENTRIES_FIRST_PASS_WORK_PACKET_FLUSH_SAMPLE_TICKS	0
LIST_EXNEXT_1000_ENTRIES_FIRST_PASS_WORK_PACKET_OTHER_CALLS	1004
LIST_EXNEXT_1000_ENTRIES_FIRST_PASS_WORK_PACKET_OTHER_SAMPLES	1004
LIST_EXNEXT_1000_ENTRIES_FIRST_PASS_WORK_PACKET_OTHER_SAMPLE_TICKS	109564
LIST_EXNEXT_1000_ENTRIES_FIRST_PASS_WORK_CORE_CREATE_CALLS	0
LIST_EXNEXT_1000_ENTRIES_FIRST_PASS_WORK_CORE_CREATE_SAMPLES	0
LIST_EXNEXT_1000_ENTRIES_FIRST_PASS_WORK_CORE_CREATE_SAMPLE_TICKS	0
LIST_EXNEXT_1000_ENTRIES_FIRST_PASS_WORK_CORE_DELETE_CALLS	0
LIST_EXNEXT_1000_ENTRIES_FIRST_PASS_WORK_CORE_DELETE_SAMPLES	0
LIST_EXNEXT_1000_ENTRIES_FIRST_PASS_WORK_CORE_DELETE_SAMPLE_TICKS	0
LIST_EXNEXT_1000_ENTRIES_FIRST_PASS_WORK_CORE_FILE_WRITE_CALLS	0
LIST_EXNEXT_1000_ENTRIES_FIRST_PASS_WORK_CORE_FILE_WRITE_SAMPLES	0
LIST_EXNEXT_1000_ENTRIES_FIRST_PASS_WORK_CORE_FILE_WRITE_SAMPLE_TICKS	0
LIST_EXNEXT_1000_ENTRIES_FIRST_PASS_WORK_CORE_SYNC_CALLS	0
LIST_EXNEXT_1000_ENTRIES_FIRST_PASS_WORK_CORE_SYNC_SAMPLES	0
LIST_EXNEXT_1000_ENTRIES_FIRST_PASS_WORK_CORE_SYNC_SAMPLE_TICKS	0
LIST_EXNEXT_1000_ENTRIES_FIRST_PASS_WORK_IFACE_FREE_CALLS	0
LIST_EXNEXT_1000_ENTRIES_FIRST_PASS_WORK_IFACE_FREE_SAMPLES	0
LIST_EXNEXT_1000_ENTRIES_FIRST_PASS_WORK_IFACE_FREE_SAMPLE_TICKS	0
LIST_EXNEXT_1000_ENTRIES_FIRST_PASS_WORK_SEAL_COMMIT_CALLS	0
LIST_EXNEXT_1000_ENTRIES_FIRST_PASS_WORK_SEAL_COMMIT_SAMPLES	0
LIST_EXNEXT_1000_ENTRIES_FIRST_PASS_WORK_SEAL_COMMIT_SAMPLE_TICKS	0
LIST_EXNEXT_1000_ENTRIES_FIRST_PASS_WORK_INODE_READ_CALLS	1001
LIST_EXNEXT_1000_ENTRIES_FIRST_PASS_WORK_BTREE_SEARCH_CALLS	1002
LIST_EXNEXT_1000_ENTRIES_FIRST_PASS_WORK_BTREE_INDEX_HINT_HITS	0
LIST_EXNEXT_1000_ENTRIES_FIRST_PASS_WORK_BTREE_LEAF_HINT_HITS	939
LIST_EXNEXT_1000_ENTRIES_FIRST_PASS_WORK_CACHE_READ_CALLS	182
LIST_EXNEXT_1000_ENTRIES_FIRST_PASS_WORK_CACHE_READ_HITS	0
LIST_EXNEXT_1000_ENTRIES_FIRST_PASS_WORK_CACHE_READ_MISSES	182
LIST_EXNEXT_1000_ENTRIES_FIRST_PASS_WORK_FREE_TREE_NODE_VIEWS	0
LIST_EXNEXT_1000_ENTRIES_FIRST_PASS_WORK_FREE_TREE_RESIDENT_VIEWS	0
LIST_EXNEXT_1000_ENTRIES_FIRST_PASS_WORK_DIR_TREE_NODE_VIEWS	672
LIST_EXNEXT_1000_ENTRIES_FIRST_PASS_WORK_DIR_TREE_RESIDENT_VIEWS	552
LIST_EXNEXT_1000_ENTRIES_FIRST_PASS_WORK_INODE_TREE_NODE_VIEWS	124
LIST_EXNEXT_1000_ENTRIES_FIRST_PASS_WORK_INODE_TREE_RESIDENT_VIEWS	62
LIST_EXNEXT_1000_ENTRIES_FIRST_PASS_WORK_REFCOUNT_TREE_NODE_VIEWS	0
LIST_EXNEXT_1000_ENTRIES_FIRST_PASS_WORK_REFCOUNT_TREE_RESIDENT_VIEWS	0
LIST_EXNEXT_1000_ENTRIES_FIRST_PASS_WORK_OTHER_TREE_NODE_VIEWS	0
LIST_EXNEXT_1000_ENTRIES_FIRST_PASS_WORK_OTHER_TREE_RESIDENT_VIEWS	0
LIST_EXNEXT_1000_ENTRIES_FIRST_PASS_WORK_WRITE_DETAIL_INODE_READ_CALLS	1001
LIST_EXNEXT_1000_ENTRIES_FIRST_PASS_WORK_WRITE_DETAIL_INODE_READ_SAMPLES	1001
LIST_EXNEXT_1000_ENTRIES_FIRST_PASS_WORK_WRITE_DETAIL_INODE_READ_SAMPLE_TICKS	36706
LIST_EXNEXT_1000_ENTRIES_FIRST_PASS_WORK_WRITE_DETAIL_INODE_WRITE_CALLS	0
LIST_EXNEXT_1000_ENTRIES_FIRST_PASS_WORK_WRITE_DETAIL_INODE_WRITE_SAMPLES	0
LIST_EXNEXT_1000_ENTRIES_FIRST_PASS_WORK_WRITE_DETAIL_INODE_WRITE_SAMPLE_TICKS	0
LIST_EXNEXT_1000_ENTRIES_FIRST_PASS_WORK_WRITE_DETAIL_EXTENT_MAP_CALLS	0
LIST_EXNEXT_1000_ENTRIES_FIRST_PASS_WORK_WRITE_DETAIL_EXTENT_MAP_SAMPLES	0
LIST_EXNEXT_1000_ENTRIES_FIRST_PASS_WORK_WRITE_DETAIL_EXTENT_MAP_SAMPLE_TICKS	0
LIST_EXNEXT_1000_ENTRIES_FIRST_PASS_WORK_WRITE_DETAIL_FREESPACE_GOAL_CALLS	0
LIST_EXNEXT_1000_ENTRIES_FIRST_PASS_WORK_WRITE_DETAIL_FREESPACE_GOAL_SAMPLES	0
LIST_EXNEXT_1000_ENTRIES_FIRST_PASS_WORK_WRITE_DETAIL_FREESPACE_GOAL_SAMPLE_TICKS	0
LIST_EXNEXT_1000_ENTRIES_FIRST_PASS_WORK_BTREE_MALLOC_CALLS	108
LIST_EXNEXT_1000_ENTRIES_FIRST_PASS_WORK_BTREE_MALLOC_SAMPLES	108
LIST_EXNEXT_1000_ENTRIES_FIRST_PASS_WORK_BTREE_MALLOC_SAMPLE_TICKS	791
LIST_EXNEXT_1000_ENTRIES_FIRST_PASS_WORK_BTREE_FREE_CALLS	1003
LIST_EXNEXT_1000_ENTRIES_FIRST_PASS_WORK_BTREE_FREE_SAMPLES	1003
LIST_EXNEXT_1000_ENTRIES_FIRST_PASS_WORK_BTREE_FREE_SAMPLE_TICKS	2107
LIST_EXNEXT_1000_ENTRIES_FIRST_PASS_WORK_IFACE_ALLOC_CALLS	0
LIST_EXNEXT_1000_ENTRIES_FIRST_PASS_WORK_IFACE_ALLOC_SAMPLES	0
LIST_EXNEXT_1000_ENTRIES_FIRST_PASS_WORK_IFACE_ALLOC_SAMPLE_TICKS	0
LIST_EXNEXT_1000_ENTRIES_FIRST_PASS_WORK_FREESPACE_ALLOC_CALLS	0
LIST_EXNEXT_1000_ENTRIES_FIRST_PASS_WORK_FREESPACE_ALLOC_SAMPLES	0
LIST_EXNEXT_1000_ENTRIES_FIRST_PASS_WORK_FREESPACE_ALLOC_SAMPLE_TICKS	0
LIST_EXNEXT_1000_ENTRIES_FIRST_PASS_WORK_DETAIL_INODE_READ_CALLS	1001
LIST_EXNEXT_1000_ENTRIES_FIRST_PASS_WORK_DETAIL_INODE_READ_SAMPLES	58
LIST_EXNEXT_1000_ENTRIES_FIRST_PASS_WORK_DETAIL_INODE_READ_SAMPLE_TICKS	2855
LIST_EXNEXT_1000_ENTRIES_FIRST_PASS_WORK_DETAIL_INODE_VALIDATE_CALLS	1001
LIST_EXNEXT_1000_ENTRIES_FIRST_PASS_WORK_DETAIL_INODE_VALIDATE_SAMPLES	58
LIST_EXNEXT_1000_ENTRIES_FIRST_PASS_WORK_DETAIL_INODE_VALIDATE_SAMPLE_TICKS	142
LIST_EXNEXT_1000_ENTRIES_FIRST_PASS_WORK_DETAIL_INODE_SEARCH_CALLS	1001
LIST_EXNEXT_1000_ENTRIES_FIRST_PASS_WORK_DETAIL_INODE_SEARCH_SAMPLES	58
LIST_EXNEXT_1000_ENTRIES_FIRST_PASS_WORK_DETAIL_INODE_SEARCH_SAMPLE_TICKS	2136
LIST_EXNEXT_1000_ENTRIES_FIRST_PASS_WORK_DETAIL_INODE_NODE_VIEW_CALLS	124
LIST_EXNEXT_1000_ENTRIES_FIRST_PASS_WORK_DETAIL_INODE_NODE_VIEW_SAMPLES	7
LIST_EXNEXT_1000_ENTRIES_FIRST_PASS_WORK_DETAIL_INODE_NODE_VIEW_SAMPLE_TICKS	756
LIST_EXNEXT_1000_ENTRIES_FIRST_PASS_WORK_DETAIL_DIR_NODE_VIEW_CALLS	672
LIST_EXNEXT_1000_ENTRIES_FIRST_PASS_WORK_DETAIL_DIR_NODE_VIEW_SAMPLES	39
LIST_EXNEXT_1000_ENTRIES_FIRST_PASS_WORK_DETAIL_DIR_NODE_VIEW_SAMPLE_TICKS	2059
LIST_EXNEXT_1000_ENTRIES_FIRST_PASS_WORK_DETAIL_INODE_BINARY_SEARCH_CALLS	124
LIST_EXNEXT_1000_ENTRIES_FIRST_PASS_WORK_DETAIL_INODE_BINARY_SEARCH_SAMPLES	7
LIST_EXNEXT_1000_ENTRIES_FIRST_PASS_WORK_DETAIL_INODE_BINARY_SEARCH_SAMPLE_TICKS	0
LIST_EXNEXT_1000_ENTRIES_FIRST_PASS_WORK_DETAIL_DIR_BINARY_SEARCH_CALLS	436
LIST_EXNEXT_1000_ENTRIES_FIRST_PASS_WORK_DETAIL_DIR_BINARY_SEARCH_SAMPLES	25
LIST_EXNEXT_1000_ENTRIES_FIRST_PASS_WORK_DETAIL_DIR_BINARY_SEARCH_SAMPLE_TICKS	133
LIST_EXNEXT_1000_ENTRIES_FIRST_PASS_WORK_DETAIL_NODE_STRUCTURE_CALLS	182
LIST_EXNEXT_1000_ENTRIES_FIRST_PASS_WORK_DETAIL_NODE_STRUCTURE_SAMPLES	10
LIST_EXNEXT_1000_ENTRIES_FIRST_PASS_WORK_DETAIL_NODE_STRUCTURE_SAMPLE_TICKS	226
LIST_EXNEXT_1000_ENTRIES_FIRST_PASS_WORK_DETAIL_CACHE_PEEK_CALLS	1829
LIST_EXNEXT_1000_ENTRIES_FIRST_PASS_WORK_DETAIL_CACHE_PEEK_SAMPLES	107
LIST_EXNEXT_1000_ENTRIES_FIRST_PASS_WORK_DETAIL_CACHE_PEEK_SAMPLE_TICKS	333
LIST_EXNEXT_1000_ENTRIES_FIRST_PASS_WORK_DETAIL_BUFFER_ALLOC_CALLS	1065
LIST_EXNEXT_1000_ENTRIES_FIRST_PASS_WORK_DETAIL_BUFFER_ALLOC_SAMPLES	62
LIST_EXNEXT_1000_ENTRIES_FIRST_PASS_WORK_DETAIL_BUFFER_ALLOC_SAMPLE_TICKS	212
LIST_EXNEXT_1000_ENTRIES_FIRST_PASS_WORK_DETAIL_BUFFER_FREE_CALLS	1065
LIST_EXNEXT_1000_ENTRIES_FIRST_PASS_WORK_DETAIL_BUFFER_FREE_SAMPLES	62
LIST_EXNEXT_1000_ENTRIES_FIRST_PASS_WORK_DETAIL_BUFFER_FREE_SAMPLE_TICKS	137
LIST_EXNEXT_1000_ENTRIES_FIRST_PASS_WORK_DETAIL_EXALL_FILL_CALLS	0
LIST_EXNEXT_1000_ENTRIES_FIRST_PASS_WORK_DETAIL_EXALL_FILL_SAMPLES	0
LIST_EXNEXT_1000_ENTRIES_FIRST_PASS_WORK_DETAIL_EXALL_FILL_SAMPLE_TICKS	0
LIST_EXNEXT_1000_ENTRIES_FIRST_PASS_WORK_FREESPACE_ALLOCS	0
LIST_EXNEXT_1000_ENTRIES_FIRST_PASS_VOLUME_FLUSH_BIO_READS	0
LIST_EXNEXT_1000_ENTRIES_FIRST_PASS_VOLUME_FLUSH_BIO_WRITES	0
LIST_EXNEXT_1000_ENTRIES_FIRST_PASS_VOLUME_FLUSH_BIO_UPDATES	0
LIST_EXNEXT_1000_ENTRIES_FIRST_PASS_VOLUME_FLUSH_DATA_READS	0
LIST_EXNEXT_1000_ENTRIES_FIRST_PASS_VOLUME_FLUSH_DATA_WRITES	0
LIST_EXNEXT_1000_ENTRIES_FIRST_PASS_VOLUME_FLUSH_NODE_WRITES	0
LIST_EXNEXT_1000_ENTRIES_FIRST_PASS_VOLUME_FLUSH_TXN_COMMITS	0
LIST_EXNEXT_1000_ENTRIES_FIRST_PASS_VOLUME_FLUSH_EXTENT_MAPS	0
LIST_EXNEXT_1000_ENTRIES_FIRST_PASS_VOLUME_FLUSH_READ_TICKS	0
LIST_EXNEXT_1000_ENTRIES_FIRST_PASS_VOLUME_FLUSH_WRITE_TICKS	0
LIST_EXNEXT_1000_ENTRIES_FIRST_PASS_VOLUME_FLUSH_UPDATE_TICKS	0
LIST_EXNEXT_1000_ENTRIES_FIRST_PASS_VOLUME_FLUSH_DATA_READ_TICKS	0
LIST_EXNEXT_1000_ENTRIES_FIRST_PASS_VOLUME_FLUSH_DATA_WRITE_TICKS	0
LIST_EXNEXT_1000_ENTRIES_FIRST_PASS_VOLUME_FLUSH_NODE_CRC_READ_CALLS	0
LIST_EXNEXT_1000_ENTRIES_FIRST_PASS_VOLUME_FLUSH_NODE_CRC_READ_SAMPLES	0
LIST_EXNEXT_1000_ENTRIES_FIRST_PASS_VOLUME_FLUSH_NODE_CRC_READ_SAMPLE_TICKS	0
LIST_EXNEXT_1000_ENTRIES_FIRST_PASS_VOLUME_FLUSH_NODE_CRC_WRITE_CALLS	0
LIST_EXNEXT_1000_ENTRIES_FIRST_PASS_VOLUME_FLUSH_NODE_CRC_WRITE_SAMPLES	0
LIST_EXNEXT_1000_ENTRIES_FIRST_PASS_VOLUME_FLUSH_NODE_CRC_WRITE_SAMPLE_TICKS	0
LIST_EXNEXT_1000_ENTRIES_FIRST_PASS_VOLUME_FLUSH_CLOCK_PAIR_TICKS	0
LIST_EXNEXT_1000_ENTRIES_FIRST_PASS_VOLUME_FLUSH_PACKET_CALLS	0
LIST_EXNEXT_1000_ENTRIES_FIRST_PASS_VOLUME_FLUSH_PACKET_SAMPLES	0
LIST_EXNEXT_1000_ENTRIES_FIRST_PASS_VOLUME_FLUSH_PACKET_SAMPLE_TICKS	0
LIST_EXNEXT_1000_ENTRIES_FIRST_PASS_VOLUME_FLUSH_PACKET_OPEN_CALLS	0
LIST_EXNEXT_1000_ENTRIES_FIRST_PASS_VOLUME_FLUSH_PACKET_OPEN_SAMPLES	0
LIST_EXNEXT_1000_ENTRIES_FIRST_PASS_VOLUME_FLUSH_PACKET_OPEN_SAMPLE_TICKS	0
LIST_EXNEXT_1000_ENTRIES_FIRST_PASS_VOLUME_FLUSH_PACKET_READ_CALLS	0
LIST_EXNEXT_1000_ENTRIES_FIRST_PASS_VOLUME_FLUSH_PACKET_READ_SAMPLES	0
LIST_EXNEXT_1000_ENTRIES_FIRST_PASS_VOLUME_FLUSH_PACKET_READ_SAMPLE_TICKS	0
LIST_EXNEXT_1000_ENTRIES_FIRST_PASS_VOLUME_FLUSH_PACKET_WRITE_CALLS	0
LIST_EXNEXT_1000_ENTRIES_FIRST_PASS_VOLUME_FLUSH_PACKET_WRITE_SAMPLES	0
LIST_EXNEXT_1000_ENTRIES_FIRST_PASS_VOLUME_FLUSH_PACKET_WRITE_SAMPLE_TICKS	0
LIST_EXNEXT_1000_ENTRIES_FIRST_PASS_VOLUME_FLUSH_PACKET_END_CALLS	0
LIST_EXNEXT_1000_ENTRIES_FIRST_PASS_VOLUME_FLUSH_PACKET_END_SAMPLES	0
LIST_EXNEXT_1000_ENTRIES_FIRST_PASS_VOLUME_FLUSH_PACKET_END_SAMPLE_TICKS	0
LIST_EXNEXT_1000_ENTRIES_FIRST_PASS_VOLUME_FLUSH_PACKET_DELETE_CALLS	0
LIST_EXNEXT_1000_ENTRIES_FIRST_PASS_VOLUME_FLUSH_PACKET_DELETE_SAMPLES	0
LIST_EXNEXT_1000_ENTRIES_FIRST_PASS_VOLUME_FLUSH_PACKET_DELETE_SAMPLE_TICKS	0
LIST_EXNEXT_1000_ENTRIES_FIRST_PASS_VOLUME_FLUSH_PACKET_FLUSH_CALLS	0
LIST_EXNEXT_1000_ENTRIES_FIRST_PASS_VOLUME_FLUSH_PACKET_FLUSH_SAMPLES	0
LIST_EXNEXT_1000_ENTRIES_FIRST_PASS_VOLUME_FLUSH_PACKET_FLUSH_SAMPLE_TICKS	0
LIST_EXNEXT_1000_ENTRIES_FIRST_PASS_VOLUME_FLUSH_PACKET_OTHER_CALLS	0
LIST_EXNEXT_1000_ENTRIES_FIRST_PASS_VOLUME_FLUSH_PACKET_OTHER_SAMPLES	0
LIST_EXNEXT_1000_ENTRIES_FIRST_PASS_VOLUME_FLUSH_PACKET_OTHER_SAMPLE_TICKS	0
LIST_EXNEXT_1000_ENTRIES_FIRST_PASS_VOLUME_FLUSH_CORE_CREATE_CALLS	0
LIST_EXNEXT_1000_ENTRIES_FIRST_PASS_VOLUME_FLUSH_CORE_CREATE_SAMPLES	0
LIST_EXNEXT_1000_ENTRIES_FIRST_PASS_VOLUME_FLUSH_CORE_CREATE_SAMPLE_TICKS	0
LIST_EXNEXT_1000_ENTRIES_FIRST_PASS_VOLUME_FLUSH_CORE_DELETE_CALLS	0
LIST_EXNEXT_1000_ENTRIES_FIRST_PASS_VOLUME_FLUSH_CORE_DELETE_SAMPLES	0
LIST_EXNEXT_1000_ENTRIES_FIRST_PASS_VOLUME_FLUSH_CORE_DELETE_SAMPLE_TICKS	0
LIST_EXNEXT_1000_ENTRIES_FIRST_PASS_VOLUME_FLUSH_CORE_FILE_WRITE_CALLS	0
LIST_EXNEXT_1000_ENTRIES_FIRST_PASS_VOLUME_FLUSH_CORE_FILE_WRITE_SAMPLES	0
LIST_EXNEXT_1000_ENTRIES_FIRST_PASS_VOLUME_FLUSH_CORE_FILE_WRITE_SAMPLE_TICKS	0
LIST_EXNEXT_1000_ENTRIES_FIRST_PASS_VOLUME_FLUSH_CORE_SYNC_CALLS	0
LIST_EXNEXT_1000_ENTRIES_FIRST_PASS_VOLUME_FLUSH_CORE_SYNC_SAMPLES	0
LIST_EXNEXT_1000_ENTRIES_FIRST_PASS_VOLUME_FLUSH_CORE_SYNC_SAMPLE_TICKS	0
LIST_EXNEXT_1000_ENTRIES_FIRST_PASS_VOLUME_FLUSH_IFACE_FREE_CALLS	0
LIST_EXNEXT_1000_ENTRIES_FIRST_PASS_VOLUME_FLUSH_IFACE_FREE_SAMPLES	0
LIST_EXNEXT_1000_ENTRIES_FIRST_PASS_VOLUME_FLUSH_IFACE_FREE_SAMPLE_TICKS	0
LIST_EXNEXT_1000_ENTRIES_FIRST_PASS_VOLUME_FLUSH_SEAL_COMMIT_CALLS	0
LIST_EXNEXT_1000_ENTRIES_FIRST_PASS_VOLUME_FLUSH_SEAL_COMMIT_SAMPLES	0
LIST_EXNEXT_1000_ENTRIES_FIRST_PASS_VOLUME_FLUSH_SEAL_COMMIT_SAMPLE_TICKS	0
LIST_EXNEXT_1000_ENTRIES_FIRST_PASS_VOLUME_FLUSH_INODE_READ_CALLS	0
LIST_EXNEXT_1000_ENTRIES_FIRST_PASS_VOLUME_FLUSH_BTREE_SEARCH_CALLS	0
LIST_EXNEXT_1000_ENTRIES_FIRST_PASS_VOLUME_FLUSH_BTREE_INDEX_HINT_HITS	0
LIST_EXNEXT_1000_ENTRIES_FIRST_PASS_VOLUME_FLUSH_BTREE_LEAF_HINT_HITS	0
LIST_EXNEXT_1000_ENTRIES_FIRST_PASS_VOLUME_FLUSH_CACHE_READ_CALLS	0
LIST_EXNEXT_1000_ENTRIES_FIRST_PASS_VOLUME_FLUSH_CACHE_READ_HITS	0
LIST_EXNEXT_1000_ENTRIES_FIRST_PASS_VOLUME_FLUSH_CACHE_READ_MISSES	0
LIST_EXNEXT_1000_ENTRIES_FIRST_PASS_VOLUME_FLUSH_FREE_TREE_NODE_VIEWS	0
LIST_EXNEXT_1000_ENTRIES_FIRST_PASS_VOLUME_FLUSH_FREE_TREE_RESIDENT_VIEWS	0
LIST_EXNEXT_1000_ENTRIES_FIRST_PASS_VOLUME_FLUSH_DIR_TREE_NODE_VIEWS	0
LIST_EXNEXT_1000_ENTRIES_FIRST_PASS_VOLUME_FLUSH_DIR_TREE_RESIDENT_VIEWS	0
LIST_EXNEXT_1000_ENTRIES_FIRST_PASS_VOLUME_FLUSH_INODE_TREE_NODE_VIEWS	0
LIST_EXNEXT_1000_ENTRIES_FIRST_PASS_VOLUME_FLUSH_INODE_TREE_RESIDENT_VIEWS	0
LIST_EXNEXT_1000_ENTRIES_FIRST_PASS_VOLUME_FLUSH_REFCOUNT_TREE_NODE_VIEWS	0
LIST_EXNEXT_1000_ENTRIES_FIRST_PASS_VOLUME_FLUSH_REFCOUNT_TREE_RESIDENT_VIEWS	0
LIST_EXNEXT_1000_ENTRIES_FIRST_PASS_VOLUME_FLUSH_OTHER_TREE_NODE_VIEWS	0
LIST_EXNEXT_1000_ENTRIES_FIRST_PASS_VOLUME_FLUSH_OTHER_TREE_RESIDENT_VIEWS	0
LIST_EXNEXT_1000_ENTRIES_FIRST_PASS_VOLUME_FLUSH_WRITE_DETAIL_INODE_READ_CALLS	0
LIST_EXNEXT_1000_ENTRIES_FIRST_PASS_VOLUME_FLUSH_WRITE_DETAIL_INODE_READ_SAMPLES	0
LIST_EXNEXT_1000_ENTRIES_FIRST_PASS_VOLUME_FLUSH_WRITE_DETAIL_INODE_READ_SAMPLE_TICKS	0
LIST_EXNEXT_1000_ENTRIES_FIRST_PASS_VOLUME_FLUSH_WRITE_DETAIL_INODE_WRITE_CALLS	0
LIST_EXNEXT_1000_ENTRIES_FIRST_PASS_VOLUME_FLUSH_WRITE_DETAIL_INODE_WRITE_SAMPLES	0
LIST_EXNEXT_1000_ENTRIES_FIRST_PASS_VOLUME_FLUSH_WRITE_DETAIL_INODE_WRITE_SAMPLE_TICKS	0
LIST_EXNEXT_1000_ENTRIES_FIRST_PASS_VOLUME_FLUSH_WRITE_DETAIL_EXTENT_MAP_CALLS	0
LIST_EXNEXT_1000_ENTRIES_FIRST_PASS_VOLUME_FLUSH_WRITE_DETAIL_EXTENT_MAP_SAMPLES	0
LIST_EXNEXT_1000_ENTRIES_FIRST_PASS_VOLUME_FLUSH_WRITE_DETAIL_EXTENT_MAP_SAMPLE_TICKS	0
LIST_EXNEXT_1000_ENTRIES_FIRST_PASS_VOLUME_FLUSH_WRITE_DETAIL_FREESPACE_GOAL_CALLS	0
LIST_EXNEXT_1000_ENTRIES_FIRST_PASS_VOLUME_FLUSH_WRITE_DETAIL_FREESPACE_GOAL_SAMPLES	0
LIST_EXNEXT_1000_ENTRIES_FIRST_PASS_VOLUME_FLUSH_WRITE_DETAIL_FREESPACE_GOAL_SAMPLE_TICKS	0
LIST_EXNEXT_1000_ENTRIES_FIRST_PASS_VOLUME_FLUSH_BTREE_MALLOC_CALLS	0
LIST_EXNEXT_1000_ENTRIES_FIRST_PASS_VOLUME_FLUSH_BTREE_MALLOC_SAMPLES	0
LIST_EXNEXT_1000_ENTRIES_FIRST_PASS_VOLUME_FLUSH_BTREE_MALLOC_SAMPLE_TICKS	0
LIST_EXNEXT_1000_ENTRIES_FIRST_PASS_VOLUME_FLUSH_BTREE_FREE_CALLS	0
LIST_EXNEXT_1000_ENTRIES_FIRST_PASS_VOLUME_FLUSH_BTREE_FREE_SAMPLES	0
LIST_EXNEXT_1000_ENTRIES_FIRST_PASS_VOLUME_FLUSH_BTREE_FREE_SAMPLE_TICKS	0
LIST_EXNEXT_1000_ENTRIES_FIRST_PASS_VOLUME_FLUSH_IFACE_ALLOC_CALLS	0
LIST_EXNEXT_1000_ENTRIES_FIRST_PASS_VOLUME_FLUSH_IFACE_ALLOC_SAMPLES	0
LIST_EXNEXT_1000_ENTRIES_FIRST_PASS_VOLUME_FLUSH_IFACE_ALLOC_SAMPLE_TICKS	0
LIST_EXNEXT_1000_ENTRIES_FIRST_PASS_VOLUME_FLUSH_FREESPACE_ALLOC_CALLS	0
LIST_EXNEXT_1000_ENTRIES_FIRST_PASS_VOLUME_FLUSH_FREESPACE_ALLOC_SAMPLES	0
LIST_EXNEXT_1000_ENTRIES_FIRST_PASS_VOLUME_FLUSH_FREESPACE_ALLOC_SAMPLE_TICKS	0
LIST_EXNEXT_1000_ENTRIES_FIRST_PASS_VOLUME_FLUSH_DETAIL_INODE_READ_CALLS	0
LIST_EXNEXT_1000_ENTRIES_FIRST_PASS_VOLUME_FLUSH_DETAIL_INODE_READ_SAMPLES	0
LIST_EXNEXT_1000_ENTRIES_FIRST_PASS_VOLUME_FLUSH_DETAIL_INODE_READ_SAMPLE_TICKS	0
LIST_EXNEXT_1000_ENTRIES_FIRST_PASS_VOLUME_FLUSH_DETAIL_INODE_VALIDATE_CALLS	0
LIST_EXNEXT_1000_ENTRIES_FIRST_PASS_VOLUME_FLUSH_DETAIL_INODE_VALIDATE_SAMPLES	0
LIST_EXNEXT_1000_ENTRIES_FIRST_PASS_VOLUME_FLUSH_DETAIL_INODE_VALIDATE_SAMPLE_TICKS	0
LIST_EXNEXT_1000_ENTRIES_FIRST_PASS_VOLUME_FLUSH_DETAIL_INODE_SEARCH_CALLS	0
LIST_EXNEXT_1000_ENTRIES_FIRST_PASS_VOLUME_FLUSH_DETAIL_INODE_SEARCH_SAMPLES	0
LIST_EXNEXT_1000_ENTRIES_FIRST_PASS_VOLUME_FLUSH_DETAIL_INODE_SEARCH_SAMPLE_TICKS	0
LIST_EXNEXT_1000_ENTRIES_FIRST_PASS_VOLUME_FLUSH_DETAIL_INODE_NODE_VIEW_CALLS	0
LIST_EXNEXT_1000_ENTRIES_FIRST_PASS_VOLUME_FLUSH_DETAIL_INODE_NODE_VIEW_SAMPLES	0
LIST_EXNEXT_1000_ENTRIES_FIRST_PASS_VOLUME_FLUSH_DETAIL_INODE_NODE_VIEW_SAMPLE_TICKS	0
LIST_EXNEXT_1000_ENTRIES_FIRST_PASS_VOLUME_FLUSH_DETAIL_DIR_NODE_VIEW_CALLS	0
LIST_EXNEXT_1000_ENTRIES_FIRST_PASS_VOLUME_FLUSH_DETAIL_DIR_NODE_VIEW_SAMPLES	0
LIST_EXNEXT_1000_ENTRIES_FIRST_PASS_VOLUME_FLUSH_DETAIL_DIR_NODE_VIEW_SAMPLE_TICKS	0
LIST_EXNEXT_1000_ENTRIES_FIRST_PASS_VOLUME_FLUSH_DETAIL_INODE_BINARY_SEARCH_CALLS	0
LIST_EXNEXT_1000_ENTRIES_FIRST_PASS_VOLUME_FLUSH_DETAIL_INODE_BINARY_SEARCH_SAMPLES	0
LIST_EXNEXT_1000_ENTRIES_FIRST_PASS_VOLUME_FLUSH_DETAIL_INODE_BINARY_SEARCH_SAMPLE_TICKS	0
LIST_EXNEXT_1000_ENTRIES_FIRST_PASS_VOLUME_FLUSH_DETAIL_DIR_BINARY_SEARCH_CALLS	0
LIST_EXNEXT_1000_ENTRIES_FIRST_PASS_VOLUME_FLUSH_DETAIL_DIR_BINARY_SEARCH_SAMPLES	0
LIST_EXNEXT_1000_ENTRIES_FIRST_PASS_VOLUME_FLUSH_DETAIL_DIR_BINARY_SEARCH_SAMPLE_TICKS	0
LIST_EXNEXT_1000_ENTRIES_FIRST_PASS_VOLUME_FLUSH_DETAIL_NODE_STRUCTURE_CALLS	0
LIST_EXNEXT_1000_ENTRIES_FIRST_PASS_VOLUME_FLUSH_DETAIL_NODE_STRUCTURE_SAMPLES	0
LIST_EXNEXT_1000_ENTRIES_FIRST_PASS_VOLUME_FLUSH_DETAIL_NODE_STRUCTURE_SAMPLE_TICKS	0
LIST_EXNEXT_1000_ENTRIES_FIRST_PASS_VOLUME_FLUSH_DETAIL_CACHE_PEEK_CALLS	0
LIST_EXNEXT_1000_ENTRIES_FIRST_PASS_VOLUME_FLUSH_DETAIL_CACHE_PEEK_SAMPLES	0
LIST_EXNEXT_1000_ENTRIES_FIRST_PASS_VOLUME_FLUSH_DETAIL_CACHE_PEEK_SAMPLE_TICKS	0
LIST_EXNEXT_1000_ENTRIES_FIRST_PASS_VOLUME_FLUSH_DETAIL_BUFFER_ALLOC_CALLS	0
LIST_EXNEXT_1000_ENTRIES_FIRST_PASS_VOLUME_FLUSH_DETAIL_BUFFER_ALLOC_SAMPLES	0
LIST_EXNEXT_1000_ENTRIES_FIRST_PASS_VOLUME_FLUSH_DETAIL_BUFFER_ALLOC_SAMPLE_TICKS	0
LIST_EXNEXT_1000_ENTRIES_FIRST_PASS_VOLUME_FLUSH_DETAIL_BUFFER_FREE_CALLS	0
LIST_EXNEXT_1000_ENTRIES_FIRST_PASS_VOLUME_FLUSH_DETAIL_BUFFER_FREE_SAMPLES	0
LIST_EXNEXT_1000_ENTRIES_FIRST_PASS_VOLUME_FLUSH_DETAIL_BUFFER_FREE_SAMPLE_TICKS	0
LIST_EXNEXT_1000_ENTRIES_FIRST_PASS_VOLUME_FLUSH_DETAIL_EXALL_FILL_CALLS	0
LIST_EXNEXT_1000_ENTRIES_FIRST_PASS_VOLUME_FLUSH_DETAIL_EXALL_FILL_SAMPLES	0
LIST_EXNEXT_1000_ENTRIES_FIRST_PASS_VOLUME_FLUSH_DETAIL_EXALL_FILL_SAMPLE_TICKS	0
LIST_EXNEXT_1000_ENTRIES_FIRST_PASS_VOLUME_FLUSH_FREESPACE_ALLOCS	0
LIST_EXNEXT_1000_ENTRIES_REPEAT10_TOTAL_US	1843510
LIST_EXNEXT_1000_ENTRIES_REPEAT10_TOTAL_WORK_US	1843510
LIST_EXNEXT_1000_ENTRIES_REPEAT10_TOTAL_VOLUME_FLUSH_US	0
LIST_EXNEXT_1000_ENTRIES_REPEAT10_TOTAL_HAS_VOLUME_FLUSH	0
LIST_EXNEXT_1000_ENTRIES_REPEAT10_TOTAL_GUEST_OPEN_CALLS	0
LIST_EXNEXT_1000_ENTRIES_REPEAT10_TOTAL_GUEST_OPEN_US	0
LIST_EXNEXT_1000_ENTRIES_REPEAT10_TOTAL_GUEST_READ_CALLS	0
LIST_EXNEXT_1000_ENTRIES_REPEAT10_TOTAL_GUEST_READ_US	0
LIST_EXNEXT_1000_ENTRIES_REPEAT10_TOTAL_GUEST_WRITE_CALLS	0
LIST_EXNEXT_1000_ENTRIES_REPEAT10_TOTAL_GUEST_WRITE_US	0
LIST_EXNEXT_1000_ENTRIES_REPEAT10_TOTAL_GUEST_HANDLE_FLUSH_CALLS	0
LIST_EXNEXT_1000_ENTRIES_REPEAT10_TOTAL_GUEST_HANDLE_FLUSH_US	0
LIST_EXNEXT_1000_ENTRIES_REPEAT10_TOTAL_GUEST_CLOSE_CALLS	0
LIST_EXNEXT_1000_ENTRIES_REPEAT10_TOTAL_GUEST_CLOSE_US	0
LIST_EXNEXT_1000_ENTRIES_REPEAT10_TOTAL_GUEST_VERIFY_CALLS	0
LIST_EXNEXT_1000_ENTRIES_REPEAT10_TOTAL_GUEST_VERIFY_US	0
LIST_EXNEXT_1000_ENTRIES_REPEAT10_TOTAL_WORK_BIO_READS	1840
LIST_EXNEXT_1000_ENTRIES_REPEAT10_TOTAL_WORK_BIO_WRITES	0
LIST_EXNEXT_1000_ENTRIES_REPEAT10_TOTAL_WORK_BIO_UPDATES	0
LIST_EXNEXT_1000_ENTRIES_REPEAT10_TOTAL_WORK_DATA_READS	0
LIST_EXNEXT_1000_ENTRIES_REPEAT10_TOTAL_WORK_DATA_WRITES	0
LIST_EXNEXT_1000_ENTRIES_REPEAT10_TOTAL_WORK_NODE_WRITES	0
LIST_EXNEXT_1000_ENTRIES_REPEAT10_TOTAL_WORK_TXN_COMMITS	0
LIST_EXNEXT_1000_ENTRIES_REPEAT10_TOTAL_WORK_EXTENT_MAPS	0
LIST_EXNEXT_1000_ENTRIES_REPEAT10_TOTAL_WORK_READ_TICKS	157239
LIST_EXNEXT_1000_ENTRIES_REPEAT10_TOTAL_WORK_WRITE_TICKS	0
LIST_EXNEXT_1000_ENTRIES_REPEAT10_TOTAL_WORK_UPDATE_TICKS	0
LIST_EXNEXT_1000_ENTRIES_REPEAT10_TOTAL_WORK_DATA_READ_TICKS	0
LIST_EXNEXT_1000_ENTRIES_REPEAT10_TOTAL_WORK_DATA_WRITE_TICKS	0
LIST_EXNEXT_1000_ENTRIES_REPEAT10_TOTAL_WORK_NODE_CRC_READ_CALLS	1840
LIST_EXNEXT_1000_ENTRIES_REPEAT10_TOTAL_WORK_NODE_CRC_READ_SAMPLES	1840
LIST_EXNEXT_1000_ENTRIES_REPEAT10_TOTAL_WORK_NODE_CRC_READ_SAMPLE_TICKS	187833
LIST_EXNEXT_1000_ENTRIES_REPEAT10_TOTAL_WORK_NODE_CRC_WRITE_CALLS	0
LIST_EXNEXT_1000_ENTRIES_REPEAT10_TOTAL_WORK_NODE_CRC_WRITE_SAMPLES	0
LIST_EXNEXT_1000_ENTRIES_REPEAT10_TOTAL_WORK_NODE_CRC_WRITE_SAMPLE_TICKS	0
LIST_EXNEXT_1000_ENTRIES_REPEAT10_TOTAL_WORK_CLOCK_PAIR_TICKS	1
LIST_EXNEXT_1000_ENTRIES_REPEAT10_TOTAL_WORK_PACKET_CALLS	10022
LIST_EXNEXT_1000_ENTRIES_REPEAT10_TOTAL_WORK_PACKET_SAMPLES	10022
LIST_EXNEXT_1000_ENTRIES_REPEAT10_TOTAL_WORK_PACKET_SAMPLE_TICKS	1112021
LIST_EXNEXT_1000_ENTRIES_REPEAT10_TOTAL_WORK_PACKET_OPEN_CALLS	0
LIST_EXNEXT_1000_ENTRIES_REPEAT10_TOTAL_WORK_PACKET_OPEN_SAMPLES	0
LIST_EXNEXT_1000_ENTRIES_REPEAT10_TOTAL_WORK_PACKET_OPEN_SAMPLE_TICKS	0
LIST_EXNEXT_1000_ENTRIES_REPEAT10_TOTAL_WORK_PACKET_READ_CALLS	0
LIST_EXNEXT_1000_ENTRIES_REPEAT10_TOTAL_WORK_PACKET_READ_SAMPLES	0
LIST_EXNEXT_1000_ENTRIES_REPEAT10_TOTAL_WORK_PACKET_READ_SAMPLE_TICKS	0
LIST_EXNEXT_1000_ENTRIES_REPEAT10_TOTAL_WORK_PACKET_WRITE_CALLS	0
LIST_EXNEXT_1000_ENTRIES_REPEAT10_TOTAL_WORK_PACKET_WRITE_SAMPLES	0
LIST_EXNEXT_1000_ENTRIES_REPEAT10_TOTAL_WORK_PACKET_WRITE_SAMPLE_TICKS	0
LIST_EXNEXT_1000_ENTRIES_REPEAT10_TOTAL_WORK_PACKET_END_CALLS	0
LIST_EXNEXT_1000_ENTRIES_REPEAT10_TOTAL_WORK_PACKET_END_SAMPLES	0
LIST_EXNEXT_1000_ENTRIES_REPEAT10_TOTAL_WORK_PACKET_END_SAMPLE_TICKS	0
LIST_EXNEXT_1000_ENTRIES_REPEAT10_TOTAL_WORK_PACKET_DELETE_CALLS	0
LIST_EXNEXT_1000_ENTRIES_REPEAT10_TOTAL_WORK_PACKET_DELETE_SAMPLES	0
LIST_EXNEXT_1000_ENTRIES_REPEAT10_TOTAL_WORK_PACKET_DELETE_SAMPLE_TICKS	0
LIST_EXNEXT_1000_ENTRIES_REPEAT10_TOTAL_WORK_PACKET_FLUSH_CALLS	0
LIST_EXNEXT_1000_ENTRIES_REPEAT10_TOTAL_WORK_PACKET_FLUSH_SAMPLES	0
LIST_EXNEXT_1000_ENTRIES_REPEAT10_TOTAL_WORK_PACKET_FLUSH_SAMPLE_TICKS	0
LIST_EXNEXT_1000_ENTRIES_REPEAT10_TOTAL_WORK_PACKET_OTHER_CALLS	10022
LIST_EXNEXT_1000_ENTRIES_REPEAT10_TOTAL_WORK_PACKET_OTHER_SAMPLES	10022
LIST_EXNEXT_1000_ENTRIES_REPEAT10_TOTAL_WORK_PACKET_OTHER_SAMPLE_TICKS	1112021
LIST_EXNEXT_1000_ENTRIES_REPEAT10_TOTAL_WORK_CORE_CREATE_CALLS	0
LIST_EXNEXT_1000_ENTRIES_REPEAT10_TOTAL_WORK_CORE_CREATE_SAMPLES	0
LIST_EXNEXT_1000_ENTRIES_REPEAT10_TOTAL_WORK_CORE_CREATE_SAMPLE_TICKS	0
LIST_EXNEXT_1000_ENTRIES_REPEAT10_TOTAL_WORK_CORE_DELETE_CALLS	0
LIST_EXNEXT_1000_ENTRIES_REPEAT10_TOTAL_WORK_CORE_DELETE_SAMPLES	0
LIST_EXNEXT_1000_ENTRIES_REPEAT10_TOTAL_WORK_CORE_DELETE_SAMPLE_TICKS	0
LIST_EXNEXT_1000_ENTRIES_REPEAT10_TOTAL_WORK_CORE_FILE_WRITE_CALLS	0
LIST_EXNEXT_1000_ENTRIES_REPEAT10_TOTAL_WORK_CORE_FILE_WRITE_SAMPLES	0
LIST_EXNEXT_1000_ENTRIES_REPEAT10_TOTAL_WORK_CORE_FILE_WRITE_SAMPLE_TICKS	0
LIST_EXNEXT_1000_ENTRIES_REPEAT10_TOTAL_WORK_CORE_SYNC_CALLS	0
LIST_EXNEXT_1000_ENTRIES_REPEAT10_TOTAL_WORK_CORE_SYNC_SAMPLES	0
LIST_EXNEXT_1000_ENTRIES_REPEAT10_TOTAL_WORK_CORE_SYNC_SAMPLE_TICKS	0
LIST_EXNEXT_1000_ENTRIES_REPEAT10_TOTAL_WORK_IFACE_FREE_CALLS	0
LIST_EXNEXT_1000_ENTRIES_REPEAT10_TOTAL_WORK_IFACE_FREE_SAMPLES	0
LIST_EXNEXT_1000_ENTRIES_REPEAT10_TOTAL_WORK_IFACE_FREE_SAMPLE_TICKS	0
LIST_EXNEXT_1000_ENTRIES_REPEAT10_TOTAL_WORK_SEAL_COMMIT_CALLS	0
LIST_EXNEXT_1000_ENTRIES_REPEAT10_TOTAL_WORK_SEAL_COMMIT_SAMPLES	0
LIST_EXNEXT_1000_ENTRIES_REPEAT10_TOTAL_WORK_SEAL_COMMIT_SAMPLE_TICKS	0
LIST_EXNEXT_1000_ENTRIES_REPEAT10_TOTAL_WORK_INODE_READ_CALLS	10010
LIST_EXNEXT_1000_ENTRIES_REPEAT10_TOTAL_WORK_BTREE_SEARCH_CALLS	10011
LIST_EXNEXT_1000_ENTRIES_REPEAT10_TOTAL_WORK_BTREE_INDEX_HINT_HITS	0
LIST_EXNEXT_1000_ENTRIES_REPEAT10_TOTAL_WORK_BTREE_LEAF_HINT_HITS	9410
LIST_EXNEXT_1000_ENTRIES_REPEAT10_TOTAL_WORK_CACHE_READ_CALLS	1840
LIST_EXNEXT_1000_ENTRIES_REPEAT10_TOTAL_WORK_CACHE_READ_HITS	0
LIST_EXNEXT_1000_ENTRIES_REPEAT10_TOTAL_WORK_CACHE_READ_MISSES	1840
LIST_EXNEXT_1000_ENTRIES_REPEAT10_TOTAL_WORK_FREE_TREE_NODE_VIEWS	0
LIST_EXNEXT_1000_ENTRIES_REPEAT10_TOTAL_WORK_FREE_TREE_RESIDENT_VIEWS	0
LIST_EXNEXT_1000_ENTRIES_REPEAT10_TOTAL_WORK_DIR_TREE_NODE_VIEWS	6684
LIST_EXNEXT_1000_ENTRIES_REPEAT10_TOTAL_WORK_DIR_TREE_RESIDENT_VIEWS	5444
LIST_EXNEXT_1000_ENTRIES_REPEAT10_TOTAL_WORK_INODE_TREE_NODE_VIEWS	1200
LIST_EXNEXT_1000_ENTRIES_REPEAT10_TOTAL_WORK_INODE_TREE_RESIDENT_VIEWS	600
LIST_EXNEXT_1000_ENTRIES_REPEAT10_TOTAL_WORK_REFCOUNT_TREE_NODE_VIEWS	0
LIST_EXNEXT_1000_ENTRIES_REPEAT10_TOTAL_WORK_REFCOUNT_TREE_RESIDENT_VIEWS	0
LIST_EXNEXT_1000_ENTRIES_REPEAT10_TOTAL_WORK_OTHER_TREE_NODE_VIEWS	0
LIST_EXNEXT_1000_ENTRIES_REPEAT10_TOTAL_WORK_OTHER_TREE_RESIDENT_VIEWS	0
LIST_EXNEXT_1000_ENTRIES_REPEAT10_TOTAL_WORK_WRITE_DETAIL_INODE_READ_CALLS	10010
LIST_EXNEXT_1000_ENTRIES_REPEAT10_TOTAL_WORK_WRITE_DETAIL_INODE_READ_SAMPLES	10010
LIST_EXNEXT_1000_ENTRIES_REPEAT10_TOTAL_WORK_WRITE_DETAIL_INODE_READ_SAMPLE_TICKS	361660
LIST_EXNEXT_1000_ENTRIES_REPEAT10_TOTAL_WORK_WRITE_DETAIL_INODE_WRITE_CALLS	0
LIST_EXNEXT_1000_ENTRIES_REPEAT10_TOTAL_WORK_WRITE_DETAIL_INODE_WRITE_SAMPLES	0
LIST_EXNEXT_1000_ENTRIES_REPEAT10_TOTAL_WORK_WRITE_DETAIL_INODE_WRITE_SAMPLE_TICKS	0
LIST_EXNEXT_1000_ENTRIES_REPEAT10_TOTAL_WORK_WRITE_DETAIL_EXTENT_MAP_CALLS	0
LIST_EXNEXT_1000_ENTRIES_REPEAT10_TOTAL_WORK_WRITE_DETAIL_EXTENT_MAP_SAMPLES	0
LIST_EXNEXT_1000_ENTRIES_REPEAT10_TOTAL_WORK_WRITE_DETAIL_EXTENT_MAP_SAMPLE_TICKS	0
LIST_EXNEXT_1000_ENTRIES_REPEAT10_TOTAL_WORK_WRITE_DETAIL_FREESPACE_GOAL_CALLS	0
LIST_EXNEXT_1000_ENTRIES_REPEAT10_TOTAL_WORK_WRITE_DETAIL_FREESPACE_GOAL_SAMPLES	0
LIST_EXNEXT_1000_ENTRIES_REPEAT10_TOTAL_WORK_WRITE_DETAIL_FREESPACE_GOAL_SAMPLE_TICKS	0
LIST_EXNEXT_1000_ENTRIES_REPEAT10_TOTAL_WORK_BTREE_MALLOC_CALLS	1071
LIST_EXNEXT_1000_ENTRIES_REPEAT10_TOTAL_WORK_BTREE_MALLOC_SAMPLES	1071
LIST_EXNEXT_1000_ENTRIES_REPEAT10_TOTAL_WORK_BTREE_MALLOC_SAMPLE_TICKS	5865
LIST_EXNEXT_1000_ENTRIES_REPEAT10_TOTAL_WORK_BTREE_FREE_CALLS	10021
LIST_EXNEXT_1000_ENTRIES_REPEAT10_TOTAL_WORK_BTREE_FREE_SAMPLES	10021
LIST_EXNEXT_1000_ENTRIES_REPEAT10_TOTAL_WORK_BTREE_FREE_SAMPLE_TICKS	20792
LIST_EXNEXT_1000_ENTRIES_REPEAT10_TOTAL_WORK_IFACE_ALLOC_CALLS	0
LIST_EXNEXT_1000_ENTRIES_REPEAT10_TOTAL_WORK_IFACE_ALLOC_SAMPLES	0
LIST_EXNEXT_1000_ENTRIES_REPEAT10_TOTAL_WORK_IFACE_ALLOC_SAMPLE_TICKS	0
LIST_EXNEXT_1000_ENTRIES_REPEAT10_TOTAL_WORK_FREESPACE_ALLOC_CALLS	0
LIST_EXNEXT_1000_ENTRIES_REPEAT10_TOTAL_WORK_FREESPACE_ALLOC_SAMPLES	0
LIST_EXNEXT_1000_ENTRIES_REPEAT10_TOTAL_WORK_FREESPACE_ALLOC_SAMPLE_TICKS	0
LIST_EXNEXT_1000_ENTRIES_REPEAT10_TOTAL_WORK_DETAIL_INODE_READ_CALLS	10010
LIST_EXNEXT_1000_ENTRIES_REPEAT10_TOTAL_WORK_DETAIL_INODE_READ_SAMPLES	588
LIST_EXNEXT_1000_ENTRIES_REPEAT10_TOTAL_WORK_DETAIL_INODE_READ_SAMPLE_TICKS	25524
LIST_EXNEXT_1000_ENTRIES_REPEAT10_TOTAL_WORK_DETAIL_INODE_VALIDATE_CALLS	10010
LIST_EXNEXT_1000_ENTRIES_REPEAT10_TOTAL_WORK_DETAIL_INODE_VALIDATE_SAMPLES	588
LIST_EXNEXT_1000_ENTRIES_REPEAT10_TOTAL_WORK_DETAIL_INODE_VALIDATE_SAMPLE_TICKS	1496
LIST_EXNEXT_1000_ENTRIES_REPEAT10_TOTAL_WORK_DETAIL_INODE_SEARCH_CALLS	10010
LIST_EXNEXT_1000_ENTRIES_REPEAT10_TOTAL_WORK_DETAIL_INODE_SEARCH_SAMPLES	588
LIST_EXNEXT_1000_ENTRIES_REPEAT10_TOTAL_WORK_DETAIL_INODE_SEARCH_SAMPLE_TICKS	19322
LIST_EXNEXT_1000_ENTRIES_REPEAT10_TOTAL_WORK_DETAIL_INODE_NODE_VIEW_CALLS	1200
LIST_EXNEXT_1000_ENTRIES_REPEAT10_TOTAL_WORK_DETAIL_INODE_NODE_VIEW_SAMPLES	70
LIST_EXNEXT_1000_ENTRIES_REPEAT10_TOTAL_WORK_DETAIL_INODE_NODE_VIEW_SAMPLE_TICKS	8481
LIST_EXNEXT_1000_ENTRIES_REPEAT10_TOTAL_WORK_DETAIL_DIR_NODE_VIEW_CALLS	6684
LIST_EXNEXT_1000_ENTRIES_REPEAT10_TOTAL_WORK_DETAIL_DIR_NODE_VIEW_SAMPLES	393
LIST_EXNEXT_1000_ENTRIES_REPEAT10_TOTAL_WORK_DETAIL_DIR_NODE_VIEW_SAMPLE_TICKS	19850
LIST_EXNEXT_1000_ENTRIES_REPEAT10_TOTAL_WORK_DETAIL_INODE_BINARY_SEARCH_CALLS	1200
LIST_EXNEXT_1000_ENTRIES_REPEAT10_TOTAL_WORK_DETAIL_INODE_BINARY_SEARCH_SAMPLES	70
LIST_EXNEXT_1000_ENTRIES_REPEAT10_TOTAL_WORK_DETAIL_INODE_BINARY_SEARCH_SAMPLE_TICKS	278
LIST_EXNEXT_1000_ENTRIES_REPEAT10_TOTAL_WORK_DETAIL_DIR_BINARY_SEARCH_CALLS	4324
LIST_EXNEXT_1000_ENTRIES_REPEAT10_TOTAL_WORK_DETAIL_DIR_BINARY_SEARCH_SAMPLES	254
LIST_EXNEXT_1000_ENTRIES_REPEAT10_TOTAL_WORK_DETAIL_DIR_BINARY_SEARCH_SAMPLE_TICKS	1287
LIST_EXNEXT_1000_ENTRIES_REPEAT10_TOTAL_WORK_DETAIL_NODE_STRUCTURE_CALLS	1840
LIST_EXNEXT_1000_ENTRIES_REPEAT10_TOTAL_WORK_DETAIL_NODE_STRUCTURE_SAMPLES	108
LIST_EXNEXT_1000_ENTRIES_REPEAT10_TOTAL_WORK_DETAIL_NODE_STRUCTURE_SAMPLE_TICKS	1780
LIST_EXNEXT_1000_ENTRIES_REPEAT10_TOTAL_WORK_DETAIL_CACHE_PEEK_CALLS	18495
LIST_EXNEXT_1000_ENTRIES_REPEAT10_TOTAL_WORK_DETAIL_CACHE_PEEK_SAMPLES	1087
LIST_EXNEXT_1000_ENTRIES_REPEAT10_TOTAL_WORK_DETAIL_CACHE_PEEK_SAMPLE_TICKS	3181
LIST_EXNEXT_1000_ENTRIES_REPEAT10_TOTAL_WORK_DETAIL_BUFFER_ALLOC_CALLS	10621
LIST_EXNEXT_1000_ENTRIES_REPEAT10_TOTAL_WORK_DETAIL_BUFFER_ALLOC_SAMPLES	624
LIST_EXNEXT_1000_ENTRIES_REPEAT10_TOTAL_WORK_DETAIL_BUFFER_ALLOC_SAMPLE_TICKS	1456
LIST_EXNEXT_1000_ENTRIES_REPEAT10_TOTAL_WORK_DETAIL_BUFFER_FREE_CALLS	10621
LIST_EXNEXT_1000_ENTRIES_REPEAT10_TOTAL_WORK_DETAIL_BUFFER_FREE_SAMPLES	624
LIST_EXNEXT_1000_ENTRIES_REPEAT10_TOTAL_WORK_DETAIL_BUFFER_FREE_SAMPLE_TICKS	1606
LIST_EXNEXT_1000_ENTRIES_REPEAT10_TOTAL_WORK_DETAIL_EXALL_FILL_CALLS	0
LIST_EXNEXT_1000_ENTRIES_REPEAT10_TOTAL_WORK_DETAIL_EXALL_FILL_SAMPLES	0
LIST_EXNEXT_1000_ENTRIES_REPEAT10_TOTAL_WORK_DETAIL_EXALL_FILL_SAMPLE_TICKS	0
LIST_EXNEXT_1000_ENTRIES_REPEAT10_TOTAL_WORK_FREESPACE_ALLOCS	0
LIST_EXNEXT_1000_ENTRIES_REPEAT10_TOTAL_VOLUME_FLUSH_BIO_READS	0
LIST_EXNEXT_1000_ENTRIES_REPEAT10_TOTAL_VOLUME_FLUSH_BIO_WRITES	0
LIST_EXNEXT_1000_ENTRIES_REPEAT10_TOTAL_VOLUME_FLUSH_BIO_UPDATES	0
LIST_EXNEXT_1000_ENTRIES_REPEAT10_TOTAL_VOLUME_FLUSH_DATA_READS	0
LIST_EXNEXT_1000_ENTRIES_REPEAT10_TOTAL_VOLUME_FLUSH_DATA_WRITES	0
LIST_EXNEXT_1000_ENTRIES_REPEAT10_TOTAL_VOLUME_FLUSH_NODE_WRITES	0
LIST_EXNEXT_1000_ENTRIES_REPEAT10_TOTAL_VOLUME_FLUSH_TXN_COMMITS	0
LIST_EXNEXT_1000_ENTRIES_REPEAT10_TOTAL_VOLUME_FLUSH_EXTENT_MAPS	0
LIST_EXNEXT_1000_ENTRIES_REPEAT10_TOTAL_VOLUME_FLUSH_READ_TICKS	0
LIST_EXNEXT_1000_ENTRIES_REPEAT10_TOTAL_VOLUME_FLUSH_WRITE_TICKS	0
LIST_EXNEXT_1000_ENTRIES_REPEAT10_TOTAL_VOLUME_FLUSH_UPDATE_TICKS	0
LIST_EXNEXT_1000_ENTRIES_REPEAT10_TOTAL_VOLUME_FLUSH_DATA_READ_TICKS	0
LIST_EXNEXT_1000_ENTRIES_REPEAT10_TOTAL_VOLUME_FLUSH_DATA_WRITE_TICKS	0
LIST_EXNEXT_1000_ENTRIES_REPEAT10_TOTAL_VOLUME_FLUSH_NODE_CRC_READ_CALLS	0
LIST_EXNEXT_1000_ENTRIES_REPEAT10_TOTAL_VOLUME_FLUSH_NODE_CRC_READ_SAMPLES	0
LIST_EXNEXT_1000_ENTRIES_REPEAT10_TOTAL_VOLUME_FLUSH_NODE_CRC_READ_SAMPLE_TICKS	0
LIST_EXNEXT_1000_ENTRIES_REPEAT10_TOTAL_VOLUME_FLUSH_NODE_CRC_WRITE_CALLS	0
LIST_EXNEXT_1000_ENTRIES_REPEAT10_TOTAL_VOLUME_FLUSH_NODE_CRC_WRITE_SAMPLES	0
LIST_EXNEXT_1000_ENTRIES_REPEAT10_TOTAL_VOLUME_FLUSH_NODE_CRC_WRITE_SAMPLE_TICKS	0
LIST_EXNEXT_1000_ENTRIES_REPEAT10_TOTAL_VOLUME_FLUSH_CLOCK_PAIR_TICKS	0
LIST_EXNEXT_1000_ENTRIES_REPEAT10_TOTAL_VOLUME_FLUSH_PACKET_CALLS	0
LIST_EXNEXT_1000_ENTRIES_REPEAT10_TOTAL_VOLUME_FLUSH_PACKET_SAMPLES	0
LIST_EXNEXT_1000_ENTRIES_REPEAT10_TOTAL_VOLUME_FLUSH_PACKET_SAMPLE_TICKS	0
LIST_EXNEXT_1000_ENTRIES_REPEAT10_TOTAL_VOLUME_FLUSH_PACKET_OPEN_CALLS	0
LIST_EXNEXT_1000_ENTRIES_REPEAT10_TOTAL_VOLUME_FLUSH_PACKET_OPEN_SAMPLES	0
LIST_EXNEXT_1000_ENTRIES_REPEAT10_TOTAL_VOLUME_FLUSH_PACKET_OPEN_SAMPLE_TICKS	0
LIST_EXNEXT_1000_ENTRIES_REPEAT10_TOTAL_VOLUME_FLUSH_PACKET_READ_CALLS	0
LIST_EXNEXT_1000_ENTRIES_REPEAT10_TOTAL_VOLUME_FLUSH_PACKET_READ_SAMPLES	0
LIST_EXNEXT_1000_ENTRIES_REPEAT10_TOTAL_VOLUME_FLUSH_PACKET_READ_SAMPLE_TICKS	0
LIST_EXNEXT_1000_ENTRIES_REPEAT10_TOTAL_VOLUME_FLUSH_PACKET_WRITE_CALLS	0
LIST_EXNEXT_1000_ENTRIES_REPEAT10_TOTAL_VOLUME_FLUSH_PACKET_WRITE_SAMPLES	0
LIST_EXNEXT_1000_ENTRIES_REPEAT10_TOTAL_VOLUME_FLUSH_PACKET_WRITE_SAMPLE_TICKS	0
LIST_EXNEXT_1000_ENTRIES_REPEAT10_TOTAL_VOLUME_FLUSH_PACKET_END_CALLS	0
LIST_EXNEXT_1000_ENTRIES_REPEAT10_TOTAL_VOLUME_FLUSH_PACKET_END_SAMPLES	0
LIST_EXNEXT_1000_ENTRIES_REPEAT10_TOTAL_VOLUME_FLUSH_PACKET_END_SAMPLE_TICKS	0
LIST_EXNEXT_1000_ENTRIES_REPEAT10_TOTAL_VOLUME_FLUSH_PACKET_DELETE_CALLS	0
LIST_EXNEXT_1000_ENTRIES_REPEAT10_TOTAL_VOLUME_FLUSH_PACKET_DELETE_SAMPLES	0
LIST_EXNEXT_1000_ENTRIES_REPEAT10_TOTAL_VOLUME_FLUSH_PACKET_DELETE_SAMPLE_TICKS	0
LIST_EXNEXT_1000_ENTRIES_REPEAT10_TOTAL_VOLUME_FLUSH_PACKET_FLUSH_CALLS	0
LIST_EXNEXT_1000_ENTRIES_REPEAT10_TOTAL_VOLUME_FLUSH_PACKET_FLUSH_SAMPLES	0
LIST_EXNEXT_1000_ENTRIES_REPEAT10_TOTAL_VOLUME_FLUSH_PACKET_FLUSH_SAMPLE_TICKS	0
LIST_EXNEXT_1000_ENTRIES_REPEAT10_TOTAL_VOLUME_FLUSH_PACKET_OTHER_CALLS	0
LIST_EXNEXT_1000_ENTRIES_REPEAT10_TOTAL_VOLUME_FLUSH_PACKET_OTHER_SAMPLES	0
LIST_EXNEXT_1000_ENTRIES_REPEAT10_TOTAL_VOLUME_FLUSH_PACKET_OTHER_SAMPLE_TICKS	0
LIST_EXNEXT_1000_ENTRIES_REPEAT10_TOTAL_VOLUME_FLUSH_CORE_CREATE_CALLS	0
LIST_EXNEXT_1000_ENTRIES_REPEAT10_TOTAL_VOLUME_FLUSH_CORE_CREATE_SAMPLES	0
LIST_EXNEXT_1000_ENTRIES_REPEAT10_TOTAL_VOLUME_FLUSH_CORE_CREATE_SAMPLE_TICKS	0
LIST_EXNEXT_1000_ENTRIES_REPEAT10_TOTAL_VOLUME_FLUSH_CORE_DELETE_CALLS	0
LIST_EXNEXT_1000_ENTRIES_REPEAT10_TOTAL_VOLUME_FLUSH_CORE_DELETE_SAMPLES	0
LIST_EXNEXT_1000_ENTRIES_REPEAT10_TOTAL_VOLUME_FLUSH_CORE_DELETE_SAMPLE_TICKS	0
LIST_EXNEXT_1000_ENTRIES_REPEAT10_TOTAL_VOLUME_FLUSH_CORE_FILE_WRITE_CALLS	0
LIST_EXNEXT_1000_ENTRIES_REPEAT10_TOTAL_VOLUME_FLUSH_CORE_FILE_WRITE_SAMPLES	0
LIST_EXNEXT_1000_ENTRIES_REPEAT10_TOTAL_VOLUME_FLUSH_CORE_FILE_WRITE_SAMPLE_TICKS	0
LIST_EXNEXT_1000_ENTRIES_REPEAT10_TOTAL_VOLUME_FLUSH_CORE_SYNC_CALLS	0
LIST_EXNEXT_1000_ENTRIES_REPEAT10_TOTAL_VOLUME_FLUSH_CORE_SYNC_SAMPLES	0
LIST_EXNEXT_1000_ENTRIES_REPEAT10_TOTAL_VOLUME_FLUSH_CORE_SYNC_SAMPLE_TICKS	0
LIST_EXNEXT_1000_ENTRIES_REPEAT10_TOTAL_VOLUME_FLUSH_IFACE_FREE_CALLS	0
LIST_EXNEXT_1000_ENTRIES_REPEAT10_TOTAL_VOLUME_FLUSH_IFACE_FREE_SAMPLES	0
LIST_EXNEXT_1000_ENTRIES_REPEAT10_TOTAL_VOLUME_FLUSH_IFACE_FREE_SAMPLE_TICKS	0
LIST_EXNEXT_1000_ENTRIES_REPEAT10_TOTAL_VOLUME_FLUSH_SEAL_COMMIT_CALLS	0
LIST_EXNEXT_1000_ENTRIES_REPEAT10_TOTAL_VOLUME_FLUSH_SEAL_COMMIT_SAMPLES	0
LIST_EXNEXT_1000_ENTRIES_REPEAT10_TOTAL_VOLUME_FLUSH_SEAL_COMMIT_SAMPLE_TICKS	0
LIST_EXNEXT_1000_ENTRIES_REPEAT10_TOTAL_VOLUME_FLUSH_INODE_READ_CALLS	0
LIST_EXNEXT_1000_ENTRIES_REPEAT10_TOTAL_VOLUME_FLUSH_BTREE_SEARCH_CALLS	0
LIST_EXNEXT_1000_ENTRIES_REPEAT10_TOTAL_VOLUME_FLUSH_BTREE_INDEX_HINT_HITS	0
LIST_EXNEXT_1000_ENTRIES_REPEAT10_TOTAL_VOLUME_FLUSH_BTREE_LEAF_HINT_HITS	0
LIST_EXNEXT_1000_ENTRIES_REPEAT10_TOTAL_VOLUME_FLUSH_CACHE_READ_CALLS	0
LIST_EXNEXT_1000_ENTRIES_REPEAT10_TOTAL_VOLUME_FLUSH_CACHE_READ_HITS	0
LIST_EXNEXT_1000_ENTRIES_REPEAT10_TOTAL_VOLUME_FLUSH_CACHE_READ_MISSES	0
LIST_EXNEXT_1000_ENTRIES_REPEAT10_TOTAL_VOLUME_FLUSH_FREE_TREE_NODE_VIEWS	0
LIST_EXNEXT_1000_ENTRIES_REPEAT10_TOTAL_VOLUME_FLUSH_FREE_TREE_RESIDENT_VIEWS	0
LIST_EXNEXT_1000_ENTRIES_REPEAT10_TOTAL_VOLUME_FLUSH_DIR_TREE_NODE_VIEWS	0
LIST_EXNEXT_1000_ENTRIES_REPEAT10_TOTAL_VOLUME_FLUSH_DIR_TREE_RESIDENT_VIEWS	0
LIST_EXNEXT_1000_ENTRIES_REPEAT10_TOTAL_VOLUME_FLUSH_INODE_TREE_NODE_VIEWS	0
LIST_EXNEXT_1000_ENTRIES_REPEAT10_TOTAL_VOLUME_FLUSH_INODE_TREE_RESIDENT_VIEWS	0
LIST_EXNEXT_1000_ENTRIES_REPEAT10_TOTAL_VOLUME_FLUSH_REFCOUNT_TREE_NODE_VIEWS	0
LIST_EXNEXT_1000_ENTRIES_REPEAT10_TOTAL_VOLUME_FLUSH_REFCOUNT_TREE_RESIDENT_VIEWS	0
LIST_EXNEXT_1000_ENTRIES_REPEAT10_TOTAL_VOLUME_FLUSH_OTHER_TREE_NODE_VIEWS	0
LIST_EXNEXT_1000_ENTRIES_REPEAT10_TOTAL_VOLUME_FLUSH_OTHER_TREE_RESIDENT_VIEWS	0
LIST_EXNEXT_1000_ENTRIES_REPEAT10_TOTAL_VOLUME_FLUSH_WRITE_DETAIL_INODE_READ_CALLS	0
LIST_EXNEXT_1000_ENTRIES_REPEAT10_TOTAL_VOLUME_FLUSH_WRITE_DETAIL_INODE_READ_SAMPLES	0
LIST_EXNEXT_1000_ENTRIES_REPEAT10_TOTAL_VOLUME_FLUSH_WRITE_DETAIL_INODE_READ_SAMPLE_TICKS	0
LIST_EXNEXT_1000_ENTRIES_REPEAT10_TOTAL_VOLUME_FLUSH_WRITE_DETAIL_INODE_WRITE_CALLS	0
LIST_EXNEXT_1000_ENTRIES_REPEAT10_TOTAL_VOLUME_FLUSH_WRITE_DETAIL_INODE_WRITE_SAMPLES	0
LIST_EXNEXT_1000_ENTRIES_REPEAT10_TOTAL_VOLUME_FLUSH_WRITE_DETAIL_INODE_WRITE_SAMPLE_TICKS	0
LIST_EXNEXT_1000_ENTRIES_REPEAT10_TOTAL_VOLUME_FLUSH_WRITE_DETAIL_EXTENT_MAP_CALLS	0
LIST_EXNEXT_1000_ENTRIES_REPEAT10_TOTAL_VOLUME_FLUSH_WRITE_DETAIL_EXTENT_MAP_SAMPLES	0
LIST_EXNEXT_1000_ENTRIES_REPEAT10_TOTAL_VOLUME_FLUSH_WRITE_DETAIL_EXTENT_MAP_SAMPLE_TICKS	0
LIST_EXNEXT_1000_ENTRIES_REPEAT10_TOTAL_VOLUME_FLUSH_WRITE_DETAIL_FREESPACE_GOAL_CALLS	0
LIST_EXNEXT_1000_ENTRIES_REPEAT10_TOTAL_VOLUME_FLUSH_WRITE_DETAIL_FREESPACE_GOAL_SAMPLES	0
LIST_EXNEXT_1000_ENTRIES_REPEAT10_TOTAL_VOLUME_FLUSH_WRITE_DETAIL_FREESPACE_GOAL_SAMPLE_TICKS	0
LIST_EXNEXT_1000_ENTRIES_REPEAT10_TOTAL_VOLUME_FLUSH_BTREE_MALLOC_CALLS	0
LIST_EXNEXT_1000_ENTRIES_REPEAT10_TOTAL_VOLUME_FLUSH_BTREE_MALLOC_SAMPLES	0
LIST_EXNEXT_1000_ENTRIES_REPEAT10_TOTAL_VOLUME_FLUSH_BTREE_MALLOC_SAMPLE_TICKS	0
LIST_EXNEXT_1000_ENTRIES_REPEAT10_TOTAL_VOLUME_FLUSH_BTREE_FREE_CALLS	0
LIST_EXNEXT_1000_ENTRIES_REPEAT10_TOTAL_VOLUME_FLUSH_BTREE_FREE_SAMPLES	0
LIST_EXNEXT_1000_ENTRIES_REPEAT10_TOTAL_VOLUME_FLUSH_BTREE_FREE_SAMPLE_TICKS	0
LIST_EXNEXT_1000_ENTRIES_REPEAT10_TOTAL_VOLUME_FLUSH_IFACE_ALLOC_CALLS	0
LIST_EXNEXT_1000_ENTRIES_REPEAT10_TOTAL_VOLUME_FLUSH_IFACE_ALLOC_SAMPLES	0
LIST_EXNEXT_1000_ENTRIES_REPEAT10_TOTAL_VOLUME_FLUSH_IFACE_ALLOC_SAMPLE_TICKS	0
LIST_EXNEXT_1000_ENTRIES_REPEAT10_TOTAL_VOLUME_FLUSH_FREESPACE_ALLOC_CALLS	0
LIST_EXNEXT_1000_ENTRIES_REPEAT10_TOTAL_VOLUME_FLUSH_FREESPACE_ALLOC_SAMPLES	0
LIST_EXNEXT_1000_ENTRIES_REPEAT10_TOTAL_VOLUME_FLUSH_FREESPACE_ALLOC_SAMPLE_TICKS	0
LIST_EXNEXT_1000_ENTRIES_REPEAT10_TOTAL_VOLUME_FLUSH_DETAIL_INODE_READ_CALLS	0
LIST_EXNEXT_1000_ENTRIES_REPEAT10_TOTAL_VOLUME_FLUSH_DETAIL_INODE_READ_SAMPLES	0
LIST_EXNEXT_1000_ENTRIES_REPEAT10_TOTAL_VOLUME_FLUSH_DETAIL_INODE_READ_SAMPLE_TICKS	0
LIST_EXNEXT_1000_ENTRIES_REPEAT10_TOTAL_VOLUME_FLUSH_DETAIL_INODE_VALIDATE_CALLS	0
LIST_EXNEXT_1000_ENTRIES_REPEAT10_TOTAL_VOLUME_FLUSH_DETAIL_INODE_VALIDATE_SAMPLES	0
LIST_EXNEXT_1000_ENTRIES_REPEAT10_TOTAL_VOLUME_FLUSH_DETAIL_INODE_VALIDATE_SAMPLE_TICKS	0
LIST_EXNEXT_1000_ENTRIES_REPEAT10_TOTAL_VOLUME_FLUSH_DETAIL_INODE_SEARCH_CALLS	0
LIST_EXNEXT_1000_ENTRIES_REPEAT10_TOTAL_VOLUME_FLUSH_DETAIL_INODE_SEARCH_SAMPLES	0
LIST_EXNEXT_1000_ENTRIES_REPEAT10_TOTAL_VOLUME_FLUSH_DETAIL_INODE_SEARCH_SAMPLE_TICKS	0
LIST_EXNEXT_1000_ENTRIES_REPEAT10_TOTAL_VOLUME_FLUSH_DETAIL_INODE_NODE_VIEW_CALLS	0
LIST_EXNEXT_1000_ENTRIES_REPEAT10_TOTAL_VOLUME_FLUSH_DETAIL_INODE_NODE_VIEW_SAMPLES	0
LIST_EXNEXT_1000_ENTRIES_REPEAT10_TOTAL_VOLUME_FLUSH_DETAIL_INODE_NODE_VIEW_SAMPLE_TICKS	0
LIST_EXNEXT_1000_ENTRIES_REPEAT10_TOTAL_VOLUME_FLUSH_DETAIL_DIR_NODE_VIEW_CALLS	0
LIST_EXNEXT_1000_ENTRIES_REPEAT10_TOTAL_VOLUME_FLUSH_DETAIL_DIR_NODE_VIEW_SAMPLES	0
LIST_EXNEXT_1000_ENTRIES_REPEAT10_TOTAL_VOLUME_FLUSH_DETAIL_DIR_NODE_VIEW_SAMPLE_TICKS	0
LIST_EXNEXT_1000_ENTRIES_REPEAT10_TOTAL_VOLUME_FLUSH_DETAIL_INODE_BINARY_SEARCH_CALLS	0
LIST_EXNEXT_1000_ENTRIES_REPEAT10_TOTAL_VOLUME_FLUSH_DETAIL_INODE_BINARY_SEARCH_SAMPLES	0
LIST_EXNEXT_1000_ENTRIES_REPEAT10_TOTAL_VOLUME_FLUSH_DETAIL_INODE_BINARY_SEARCH_SAMPLE_TICKS	0
LIST_EXNEXT_1000_ENTRIES_REPEAT10_TOTAL_VOLUME_FLUSH_DETAIL_DIR_BINARY_SEARCH_CALLS	0
LIST_EXNEXT_1000_ENTRIES_REPEAT10_TOTAL_VOLUME_FLUSH_DETAIL_DIR_BINARY_SEARCH_SAMPLES	0
LIST_EXNEXT_1000_ENTRIES_REPEAT10_TOTAL_VOLUME_FLUSH_DETAIL_DIR_BINARY_SEARCH_SAMPLE_TICKS	0
LIST_EXNEXT_1000_ENTRIES_REPEAT10_TOTAL_VOLUME_FLUSH_DETAIL_NODE_STRUCTURE_CALLS	0
LIST_EXNEXT_1000_ENTRIES_REPEAT10_TOTAL_VOLUME_FLUSH_DETAIL_NODE_STRUCTURE_SAMPLES	0
LIST_EXNEXT_1000_ENTRIES_REPEAT10_TOTAL_VOLUME_FLUSH_DETAIL_NODE_STRUCTURE_SAMPLE_TICKS	0
LIST_EXNEXT_1000_ENTRIES_REPEAT10_TOTAL_VOLUME_FLUSH_DETAIL_CACHE_PEEK_CALLS	0
LIST_EXNEXT_1000_ENTRIES_REPEAT10_TOTAL_VOLUME_FLUSH_DETAIL_CACHE_PEEK_SAMPLES	0
LIST_EXNEXT_1000_ENTRIES_REPEAT10_TOTAL_VOLUME_FLUSH_DETAIL_CACHE_PEEK_SAMPLE_TICKS	0
LIST_EXNEXT_1000_ENTRIES_REPEAT10_TOTAL_VOLUME_FLUSH_DETAIL_BUFFER_ALLOC_CALLS	0
LIST_EXNEXT_1000_ENTRIES_REPEAT10_TOTAL_VOLUME_FLUSH_DETAIL_BUFFER_ALLOC_SAMPLES	0
LIST_EXNEXT_1000_ENTRIES_REPEAT10_TOTAL_VOLUME_FLUSH_DETAIL_BUFFER_ALLOC_SAMPLE_TICKS	0
LIST_EXNEXT_1000_ENTRIES_REPEAT10_TOTAL_VOLUME_FLUSH_DETAIL_BUFFER_FREE_CALLS	0
LIST_EXNEXT_1000_ENTRIES_REPEAT10_TOTAL_VOLUME_FLUSH_DETAIL_BUFFER_FREE_SAMPLES	0
LIST_EXNEXT_1000_ENTRIES_REPEAT10_TOTAL_VOLUME_FLUSH_DETAIL_BUFFER_FREE_SAMPLE_TICKS	0
LIST_EXNEXT_1000_ENTRIES_REPEAT10_TOTAL_VOLUME_FLUSH_DETAIL_EXALL_FILL_CALLS	0
LIST_EXNEXT_1000_ENTRIES_REPEAT10_TOTAL_VOLUME_FLUSH_DETAIL_EXALL_FILL_SAMPLES	0
LIST_EXNEXT_1000_ENTRIES_REPEAT10_TOTAL_VOLUME_FLUSH_DETAIL_EXALL_FILL_SAMPLE_TICKS	0
LIST_EXNEXT_1000_ENTRIES_REPEAT10_TOTAL_VOLUME_FLUSH_FREESPACE_ALLOCS	0
LIST_EXALL_1000_ENTRIES_FIRST_PASS_US	109056
LIST_EXALL_1000_ENTRIES_FIRST_PASS_WORK_US	109056
LIST_EXALL_1000_ENTRIES_FIRST_PASS_VOLUME_FLUSH_US	0
LIST_EXALL_1000_ENTRIES_FIRST_PASS_HAS_VOLUME_FLUSH	0
LIST_EXALL_1000_ENTRIES_FIRST_PASS_GUEST_OPEN_CALLS	0
LIST_EXALL_1000_ENTRIES_FIRST_PASS_GUEST_OPEN_US	0
LIST_EXALL_1000_ENTRIES_FIRST_PASS_GUEST_READ_CALLS	0
LIST_EXALL_1000_ENTRIES_FIRST_PASS_GUEST_READ_US	0
LIST_EXALL_1000_ENTRIES_FIRST_PASS_GUEST_WRITE_CALLS	0
LIST_EXALL_1000_ENTRIES_FIRST_PASS_GUEST_WRITE_US	0
LIST_EXALL_1000_ENTRIES_FIRST_PASS_GUEST_HANDLE_FLUSH_CALLS	0
LIST_EXALL_1000_ENTRIES_FIRST_PASS_GUEST_HANDLE_FLUSH_US	0
LIST_EXALL_1000_ENTRIES_FIRST_PASS_GUEST_CLOSE_CALLS	0
LIST_EXALL_1000_ENTRIES_FIRST_PASS_GUEST_CLOSE_US	0
LIST_EXALL_1000_ENTRIES_FIRST_PASS_GUEST_VERIFY_CALLS	0
LIST_EXALL_1000_ENTRIES_FIRST_PASS_GUEST_VERIFY_US	0
LIST_EXALL_1000_ENTRIES_FIRST_PASS_WORK_BIO_READS	175
LIST_EXALL_1000_ENTRIES_FIRST_PASS_WORK_BIO_WRITES	0
LIST_EXALL_1000_ENTRIES_FIRST_PASS_WORK_BIO_UPDATES	0
LIST_EXALL_1000_ENTRIES_FIRST_PASS_WORK_DATA_READS	0
LIST_EXALL_1000_ENTRIES_FIRST_PASS_WORK_DATA_WRITES	0
LIST_EXALL_1000_ENTRIES_FIRST_PASS_WORK_NODE_WRITES	0
LIST_EXALL_1000_ENTRIES_FIRST_PASS_WORK_TXN_COMMITS	0
LIST_EXALL_1000_ENTRIES_FIRST_PASS_WORK_EXTENT_MAPS	0
LIST_EXALL_1000_ENTRIES_FIRST_PASS_WORK_READ_TICKS	13265
LIST_EXALL_1000_ENTRIES_FIRST_PASS_WORK_WRITE_TICKS	0
LIST_EXALL_1000_ENTRIES_FIRST_PASS_WORK_UPDATE_TICKS	0
LIST_EXALL_1000_ENTRIES_FIRST_PASS_WORK_DATA_READ_TICKS	0
LIST_EXALL_1000_ENTRIES_FIRST_PASS_WORK_DATA_WRITE_TICKS	0
LIST_EXALL_1000_ENTRIES_FIRST_PASS_WORK_NODE_CRC_READ_CALLS	175
LIST_EXALL_1000_ENTRIES_FIRST_PASS_WORK_NODE_CRC_READ_SAMPLES	175
LIST_EXALL_1000_ENTRIES_FIRST_PASS_WORK_NODE_CRC_READ_SAMPLE_TICKS	17958
LIST_EXALL_1000_ENTRIES_FIRST_PASS_WORK_NODE_CRC_WRITE_CALLS	0
LIST_EXALL_1000_ENTRIES_FIRST_PASS_WORK_NODE_CRC_WRITE_SAMPLES	0
LIST_EXALL_1000_ENTRIES_FIRST_PASS_WORK_NODE_CRC_WRITE_SAMPLE_TICKS	0
LIST_EXALL_1000_ENTRIES_FIRST_PASS_WORK_CLOCK_PAIR_TICKS	1
LIST_EXALL_1000_ENTRIES_FIRST_PASS_WORK_PACKET_CALLS	13
LIST_EXALL_1000_ENTRIES_FIRST_PASS_WORK_PACKET_SAMPLES	13
LIST_EXALL_1000_ENTRIES_FIRST_PASS_WORK_PACKET_SAMPLE_TICKS	76363
LIST_EXALL_1000_ENTRIES_FIRST_PASS_WORK_PACKET_OPEN_CALLS	0
LIST_EXALL_1000_ENTRIES_FIRST_PASS_WORK_PACKET_OPEN_SAMPLES	0
LIST_EXALL_1000_ENTRIES_FIRST_PASS_WORK_PACKET_OPEN_SAMPLE_TICKS	0
LIST_EXALL_1000_ENTRIES_FIRST_PASS_WORK_PACKET_READ_CALLS	0
LIST_EXALL_1000_ENTRIES_FIRST_PASS_WORK_PACKET_READ_SAMPLES	0
LIST_EXALL_1000_ENTRIES_FIRST_PASS_WORK_PACKET_READ_SAMPLE_TICKS	0
LIST_EXALL_1000_ENTRIES_FIRST_PASS_WORK_PACKET_WRITE_CALLS	0
LIST_EXALL_1000_ENTRIES_FIRST_PASS_WORK_PACKET_WRITE_SAMPLES	0
LIST_EXALL_1000_ENTRIES_FIRST_PASS_WORK_PACKET_WRITE_SAMPLE_TICKS	0
LIST_EXALL_1000_ENTRIES_FIRST_PASS_WORK_PACKET_END_CALLS	0
LIST_EXALL_1000_ENTRIES_FIRST_PASS_WORK_PACKET_END_SAMPLES	0
LIST_EXALL_1000_ENTRIES_FIRST_PASS_WORK_PACKET_END_SAMPLE_TICKS	0
LIST_EXALL_1000_ENTRIES_FIRST_PASS_WORK_PACKET_DELETE_CALLS	0
LIST_EXALL_1000_ENTRIES_FIRST_PASS_WORK_PACKET_DELETE_SAMPLES	0
LIST_EXALL_1000_ENTRIES_FIRST_PASS_WORK_PACKET_DELETE_SAMPLE_TICKS	0
LIST_EXALL_1000_ENTRIES_FIRST_PASS_WORK_PACKET_FLUSH_CALLS	0
LIST_EXALL_1000_ENTRIES_FIRST_PASS_WORK_PACKET_FLUSH_SAMPLES	0
LIST_EXALL_1000_ENTRIES_FIRST_PASS_WORK_PACKET_FLUSH_SAMPLE_TICKS	0
LIST_EXALL_1000_ENTRIES_FIRST_PASS_WORK_PACKET_OTHER_CALLS	13
LIST_EXALL_1000_ENTRIES_FIRST_PASS_WORK_PACKET_OTHER_SAMPLES	13
LIST_EXALL_1000_ENTRIES_FIRST_PASS_WORK_PACKET_OTHER_SAMPLE_TICKS	76363
LIST_EXALL_1000_ENTRIES_FIRST_PASS_WORK_CORE_CREATE_CALLS	0
LIST_EXALL_1000_ENTRIES_FIRST_PASS_WORK_CORE_CREATE_SAMPLES	0
LIST_EXALL_1000_ENTRIES_FIRST_PASS_WORK_CORE_CREATE_SAMPLE_TICKS	0
LIST_EXALL_1000_ENTRIES_FIRST_PASS_WORK_CORE_DELETE_CALLS	0
LIST_EXALL_1000_ENTRIES_FIRST_PASS_WORK_CORE_DELETE_SAMPLES	0
LIST_EXALL_1000_ENTRIES_FIRST_PASS_WORK_CORE_DELETE_SAMPLE_TICKS	0
LIST_EXALL_1000_ENTRIES_FIRST_PASS_WORK_CORE_FILE_WRITE_CALLS	0
LIST_EXALL_1000_ENTRIES_FIRST_PASS_WORK_CORE_FILE_WRITE_SAMPLES	0
LIST_EXALL_1000_ENTRIES_FIRST_PASS_WORK_CORE_FILE_WRITE_SAMPLE_TICKS	0
LIST_EXALL_1000_ENTRIES_FIRST_PASS_WORK_CORE_SYNC_CALLS	0
LIST_EXALL_1000_ENTRIES_FIRST_PASS_WORK_CORE_SYNC_SAMPLES	0
LIST_EXALL_1000_ENTRIES_FIRST_PASS_WORK_CORE_SYNC_SAMPLE_TICKS	0
LIST_EXALL_1000_ENTRIES_FIRST_PASS_WORK_IFACE_FREE_CALLS	0
LIST_EXALL_1000_ENTRIES_FIRST_PASS_WORK_IFACE_FREE_SAMPLES	0
LIST_EXALL_1000_ENTRIES_FIRST_PASS_WORK_IFACE_FREE_SAMPLE_TICKS	0
LIST_EXALL_1000_ENTRIES_FIRST_PASS_WORK_SEAL_COMMIT_CALLS	0
LIST_EXALL_1000_ENTRIES_FIRST_PASS_WORK_SEAL_COMMIT_SAMPLES	0
LIST_EXALL_1000_ENTRIES_FIRST_PASS_WORK_SEAL_COMMIT_SAMPLE_TICKS	0
LIST_EXALL_1000_ENTRIES_FIRST_PASS_WORK_INODE_READ_CALLS	1010
LIST_EXALL_1000_ENTRIES_FIRST_PASS_WORK_BTREE_SEARCH_CALLS	1011
LIST_EXALL_1000_ENTRIES_FIRST_PASS_WORK_BTREE_INDEX_HINT_HITS	10
LIST_EXALL_1000_ENTRIES_FIRST_PASS_WORK_BTREE_LEAF_HINT_HITS	941
LIST_EXALL_1000_ENTRIES_FIRST_PASS_WORK_CACHE_READ_CALLS	175
LIST_EXALL_1000_ENTRIES_FIRST_PASS_WORK_CACHE_READ_HITS	0
LIST_EXALL_1000_ENTRIES_FIRST_PASS_WORK_CACHE_READ_MISSES	175
LIST_EXALL_1000_ENTRIES_FIRST_PASS_WORK_FREE_TREE_NODE_VIEWS	0
LIST_EXALL_1000_ENTRIES_FIRST_PASS_WORK_FREE_TREE_RESIDENT_VIEWS	0
LIST_EXALL_1000_ENTRIES_FIRST_PASS_WORK_DIR_TREE_NODE_VIEWS	283
LIST_EXALL_1000_ENTRIES_FIRST_PASS_WORK_DIR_TREE_RESIDENT_VIEWS	167
LIST_EXALL_1000_ENTRIES_FIRST_PASS_WORK_INODE_TREE_NODE_VIEWS	118
LIST_EXALL_1000_ENTRIES_FIRST_PASS_WORK_INODE_TREE_RESIDENT_VIEWS	59
LIST_EXALL_1000_ENTRIES_FIRST_PASS_WORK_REFCOUNT_TREE_NODE_VIEWS	0
LIST_EXALL_1000_ENTRIES_FIRST_PASS_WORK_REFCOUNT_TREE_RESIDENT_VIEWS	0
LIST_EXALL_1000_ENTRIES_FIRST_PASS_WORK_OTHER_TREE_NODE_VIEWS	0
LIST_EXALL_1000_ENTRIES_FIRST_PASS_WORK_OTHER_TREE_RESIDENT_VIEWS	0
LIST_EXALL_1000_ENTRIES_FIRST_PASS_WORK_WRITE_DETAIL_INODE_READ_CALLS	1010
LIST_EXALL_1000_ENTRIES_FIRST_PASS_WORK_WRITE_DETAIL_INODE_READ_SAMPLES	1010
LIST_EXALL_1000_ENTRIES_FIRST_PASS_WORK_WRITE_DETAIL_INODE_READ_SAMPLE_TICKS	33436
LIST_EXALL_1000_ENTRIES_FIRST_PASS_WORK_WRITE_DETAIL_INODE_WRITE_CALLS	0
LIST_EXALL_1000_ENTRIES_FIRST_PASS_WORK_WRITE_DETAIL_INODE_WRITE_SAMPLES	0
LIST_EXALL_1000_ENTRIES_FIRST_PASS_WORK_WRITE_DETAIL_INODE_WRITE_SAMPLE_TICKS	0
LIST_EXALL_1000_ENTRIES_FIRST_PASS_WORK_WRITE_DETAIL_EXTENT_MAP_CALLS	0
LIST_EXALL_1000_ENTRIES_FIRST_PASS_WORK_WRITE_DETAIL_EXTENT_MAP_SAMPLES	0
LIST_EXALL_1000_ENTRIES_FIRST_PASS_WORK_WRITE_DETAIL_EXTENT_MAP_SAMPLE_TICKS	0
LIST_EXALL_1000_ENTRIES_FIRST_PASS_WORK_WRITE_DETAIL_FREESPACE_GOAL_CALLS	0
LIST_EXALL_1000_ENTRIES_FIRST_PASS_WORK_WRITE_DETAIL_FREESPACE_GOAL_SAMPLES	0
LIST_EXALL_1000_ENTRIES_FIRST_PASS_WORK_WRITE_DETAIL_FREESPACE_GOAL_SAMPLE_TICKS	0
LIST_EXALL_1000_ENTRIES_FIRST_PASS_WORK_BTREE_MALLOC_CALLS	12
LIST_EXALL_1000_ENTRIES_FIRST_PASS_WORK_BTREE_MALLOC_SAMPLES	12
LIST_EXALL_1000_ENTRIES_FIRST_PASS_WORK_BTREE_MALLOC_SAMPLE_TICKS	64
LIST_EXALL_1000_ENTRIES_FIRST_PASS_WORK_BTREE_FREE_CALLS	12
LIST_EXALL_1000_ENTRIES_FIRST_PASS_WORK_BTREE_FREE_SAMPLES	12
LIST_EXALL_1000_ENTRIES_FIRST_PASS_WORK_BTREE_FREE_SAMPLE_TICKS	102
LIST_EXALL_1000_ENTRIES_FIRST_PASS_WORK_IFACE_ALLOC_CALLS	0
LIST_EXALL_1000_ENTRIES_FIRST_PASS_WORK_IFACE_ALLOC_SAMPLES	0
LIST_EXALL_1000_ENTRIES_FIRST_PASS_WORK_IFACE_ALLOC_SAMPLE_TICKS	0
LIST_EXALL_1000_ENTRIES_FIRST_PASS_WORK_FREESPACE_ALLOC_CALLS	0
LIST_EXALL_1000_ENTRIES_FIRST_PASS_WORK_FREESPACE_ALLOC_SAMPLES	0
LIST_EXALL_1000_ENTRIES_FIRST_PASS_WORK_FREESPACE_ALLOC_SAMPLE_TICKS	0
LIST_EXALL_1000_ENTRIES_FIRST_PASS_WORK_DETAIL_INODE_READ_CALLS	1010
LIST_EXALL_1000_ENTRIES_FIRST_PASS_WORK_DETAIL_INODE_READ_SAMPLES	59
LIST_EXALL_1000_ENTRIES_FIRST_PASS_WORK_DETAIL_INODE_READ_SAMPLE_TICKS	2955
LIST_EXALL_1000_ENTRIES_FIRST_PASS_WORK_DETAIL_INODE_VALIDATE_CALLS	1010
LIST_EXALL_1000_ENTRIES_FIRST_PASS_WORK_DETAIL_INODE_VALIDATE_SAMPLES	59
LIST_EXALL_1000_ENTRIES_FIRST_PASS_WORK_DETAIL_INODE_VALIDATE_SAMPLE_TICKS	218
LIST_EXALL_1000_ENTRIES_FIRST_PASS_WORK_DETAIL_INODE_SEARCH_CALLS	1010
LIST_EXALL_1000_ENTRIES_FIRST_PASS_WORK_DETAIL_INODE_SEARCH_SAMPLES	59
LIST_EXALL_1000_ENTRIES_FIRST_PASS_WORK_DETAIL_INODE_SEARCH_SAMPLE_TICKS	2315
LIST_EXALL_1000_ENTRIES_FIRST_PASS_WORK_DETAIL_INODE_NODE_VIEW_CALLS	118
LIST_EXALL_1000_ENTRIES_FIRST_PASS_WORK_DETAIL_INODE_NODE_VIEW_SAMPLES	6
LIST_EXALL_1000_ENTRIES_FIRST_PASS_WORK_DETAIL_INODE_NODE_VIEW_SAMPLE_TICKS	683
LIST_EXALL_1000_ENTRIES_FIRST_PASS_WORK_DETAIL_DIR_NODE_VIEW_CALLS	283
LIST_EXALL_1000_ENTRIES_FIRST_PASS_WORK_DETAIL_DIR_NODE_VIEW_SAMPLES	16
LIST_EXALL_1000_ENTRIES_FIRST_PASS_WORK_DETAIL_DIR_NODE_VIEW_SAMPLE_TICKS	1193
LIST_EXALL_1000_ENTRIES_FIRST_PASS_WORK_DETAIL_INODE_BINARY_SEARCH_CALLS	118
LIST_EXALL_1000_ENTRIES_FIRST_PASS_WORK_DETAIL_INODE_BINARY_SEARCH_SAMPLES	6
LIST_EXALL_1000_ENTRIES_FIRST_PASS_WORK_DETAIL_INODE_BINARY_SEARCH_SAMPLE_TICKS	45
LIST_EXALL_1000_ENTRIES_FIRST_PASS_WORK_DETAIL_DIR_BINARY_SEARCH_CALLS	54
LIST_EXALL_1000_ENTRIES_FIRST_PASS_WORK_DETAIL_DIR_BINARY_SEARCH_SAMPLES	3
LIST_EXALL_1000_ENTRIES_FIRST_PASS_WORK_DETAIL_DIR_BINARY_SEARCH_SAMPLE_TICKS	0
LIST_EXALL_1000_ENTRIES_FIRST_PASS_WORK_DETAIL_NODE_STRUCTURE_CALLS	175
LIST_EXALL_1000_ENTRIES_FIRST_PASS_WORK_DETAIL_NODE_STRUCTURE_SAMPLES	10
LIST_EXALL_1000_ENTRIES_FIRST_PASS_WORK_DETAIL_NODE_STRUCTURE_SAMPLE_TICKS	136
LIST_EXALL_1000_ENTRIES_FIRST_PASS_WORK_DETAIL_CACHE_PEEK_CALLS	1442
LIST_EXALL_1000_ENTRIES_FIRST_PASS_WORK_DETAIL_CACHE_PEEK_SAMPLES	84
LIST_EXALL_1000_ENTRIES_FIRST_PASS_WORK_DETAIL_CACHE_PEEK_SAMPLE_TICKS	158
LIST_EXALL_1000_ENTRIES_FIRST_PASS_WORK_DETAIL_BUFFER_ALLOC_CALLS	71
LIST_EXALL_1000_ENTRIES_FIRST_PASS_WORK_DETAIL_BUFFER_ALLOC_SAMPLES	4
LIST_EXALL_1000_ENTRIES_FIRST_PASS_WORK_DETAIL_BUFFER_ALLOC_SAMPLE_TICKS	0
LIST_EXALL_1000_ENTRIES_FIRST_PASS_WORK_DETAIL_BUFFER_FREE_CALLS	71
LIST_EXALL_1000_ENTRIES_FIRST_PASS_WORK_DETAIL_BUFFER_FREE_SAMPLES	4
LIST_EXALL_1000_ENTRIES_FIRST_PASS_WORK_DETAIL_BUFFER_FREE_SAMPLE_TICKS	0
LIST_EXALL_1000_ENTRIES_FIRST_PASS_WORK_DETAIL_EXALL_FILL_CALLS	1011
LIST_EXALL_1000_ENTRIES_FIRST_PASS_WORK_DETAIL_EXALL_FILL_SAMPLES	59
LIST_EXALL_1000_ENTRIES_FIRST_PASS_WORK_DETAIL_EXALL_FILL_SAMPLE_TICKS	3085
LIST_EXALL_1000_ENTRIES_FIRST_PASS_WORK_FREESPACE_ALLOCS	0
LIST_EXALL_1000_ENTRIES_FIRST_PASS_VOLUME_FLUSH_BIO_READS	0
LIST_EXALL_1000_ENTRIES_FIRST_PASS_VOLUME_FLUSH_BIO_WRITES	0
LIST_EXALL_1000_ENTRIES_FIRST_PASS_VOLUME_FLUSH_BIO_UPDATES	0
LIST_EXALL_1000_ENTRIES_FIRST_PASS_VOLUME_FLUSH_DATA_READS	0
LIST_EXALL_1000_ENTRIES_FIRST_PASS_VOLUME_FLUSH_DATA_WRITES	0
LIST_EXALL_1000_ENTRIES_FIRST_PASS_VOLUME_FLUSH_NODE_WRITES	0
LIST_EXALL_1000_ENTRIES_FIRST_PASS_VOLUME_FLUSH_TXN_COMMITS	0
LIST_EXALL_1000_ENTRIES_FIRST_PASS_VOLUME_FLUSH_EXTENT_MAPS	0
LIST_EXALL_1000_ENTRIES_FIRST_PASS_VOLUME_FLUSH_READ_TICKS	0
LIST_EXALL_1000_ENTRIES_FIRST_PASS_VOLUME_FLUSH_WRITE_TICKS	0
LIST_EXALL_1000_ENTRIES_FIRST_PASS_VOLUME_FLUSH_UPDATE_TICKS	0
LIST_EXALL_1000_ENTRIES_FIRST_PASS_VOLUME_FLUSH_DATA_READ_TICKS	0
LIST_EXALL_1000_ENTRIES_FIRST_PASS_VOLUME_FLUSH_DATA_WRITE_TICKS	0
LIST_EXALL_1000_ENTRIES_FIRST_PASS_VOLUME_FLUSH_NODE_CRC_READ_CALLS	0
LIST_EXALL_1000_ENTRIES_FIRST_PASS_VOLUME_FLUSH_NODE_CRC_READ_SAMPLES	0
LIST_EXALL_1000_ENTRIES_FIRST_PASS_VOLUME_FLUSH_NODE_CRC_READ_SAMPLE_TICKS	0
LIST_EXALL_1000_ENTRIES_FIRST_PASS_VOLUME_FLUSH_NODE_CRC_WRITE_CALLS	0
LIST_EXALL_1000_ENTRIES_FIRST_PASS_VOLUME_FLUSH_NODE_CRC_WRITE_SAMPLES	0
LIST_EXALL_1000_ENTRIES_FIRST_PASS_VOLUME_FLUSH_NODE_CRC_WRITE_SAMPLE_TICKS	0
LIST_EXALL_1000_ENTRIES_FIRST_PASS_VOLUME_FLUSH_CLOCK_PAIR_TICKS	0
LIST_EXALL_1000_ENTRIES_FIRST_PASS_VOLUME_FLUSH_PACKET_CALLS	0
LIST_EXALL_1000_ENTRIES_FIRST_PASS_VOLUME_FLUSH_PACKET_SAMPLES	0
LIST_EXALL_1000_ENTRIES_FIRST_PASS_VOLUME_FLUSH_PACKET_SAMPLE_TICKS	0
LIST_EXALL_1000_ENTRIES_FIRST_PASS_VOLUME_FLUSH_PACKET_OPEN_CALLS	0
LIST_EXALL_1000_ENTRIES_FIRST_PASS_VOLUME_FLUSH_PACKET_OPEN_SAMPLES	0
LIST_EXALL_1000_ENTRIES_FIRST_PASS_VOLUME_FLUSH_PACKET_OPEN_SAMPLE_TICKS	0
LIST_EXALL_1000_ENTRIES_FIRST_PASS_VOLUME_FLUSH_PACKET_READ_CALLS	0
LIST_EXALL_1000_ENTRIES_FIRST_PASS_VOLUME_FLUSH_PACKET_READ_SAMPLES	0
LIST_EXALL_1000_ENTRIES_FIRST_PASS_VOLUME_FLUSH_PACKET_READ_SAMPLE_TICKS	0
LIST_EXALL_1000_ENTRIES_FIRST_PASS_VOLUME_FLUSH_PACKET_WRITE_CALLS	0
LIST_EXALL_1000_ENTRIES_FIRST_PASS_VOLUME_FLUSH_PACKET_WRITE_SAMPLES	0
LIST_EXALL_1000_ENTRIES_FIRST_PASS_VOLUME_FLUSH_PACKET_WRITE_SAMPLE_TICKS	0
LIST_EXALL_1000_ENTRIES_FIRST_PASS_VOLUME_FLUSH_PACKET_END_CALLS	0
LIST_EXALL_1000_ENTRIES_FIRST_PASS_VOLUME_FLUSH_PACKET_END_SAMPLES	0
LIST_EXALL_1000_ENTRIES_FIRST_PASS_VOLUME_FLUSH_PACKET_END_SAMPLE_TICKS	0
LIST_EXALL_1000_ENTRIES_FIRST_PASS_VOLUME_FLUSH_PACKET_DELETE_CALLS	0
LIST_EXALL_1000_ENTRIES_FIRST_PASS_VOLUME_FLUSH_PACKET_DELETE_SAMPLES	0
LIST_EXALL_1000_ENTRIES_FIRST_PASS_VOLUME_FLUSH_PACKET_DELETE_SAMPLE_TICKS	0
LIST_EXALL_1000_ENTRIES_FIRST_PASS_VOLUME_FLUSH_PACKET_FLUSH_CALLS	0
LIST_EXALL_1000_ENTRIES_FIRST_PASS_VOLUME_FLUSH_PACKET_FLUSH_SAMPLES	0
LIST_EXALL_1000_ENTRIES_FIRST_PASS_VOLUME_FLUSH_PACKET_FLUSH_SAMPLE_TICKS	0
LIST_EXALL_1000_ENTRIES_FIRST_PASS_VOLUME_FLUSH_PACKET_OTHER_CALLS	0
LIST_EXALL_1000_ENTRIES_FIRST_PASS_VOLUME_FLUSH_PACKET_OTHER_SAMPLES	0
LIST_EXALL_1000_ENTRIES_FIRST_PASS_VOLUME_FLUSH_PACKET_OTHER_SAMPLE_TICKS	0
LIST_EXALL_1000_ENTRIES_FIRST_PASS_VOLUME_FLUSH_CORE_CREATE_CALLS	0
LIST_EXALL_1000_ENTRIES_FIRST_PASS_VOLUME_FLUSH_CORE_CREATE_SAMPLES	0
LIST_EXALL_1000_ENTRIES_FIRST_PASS_VOLUME_FLUSH_CORE_CREATE_SAMPLE_TICKS	0
LIST_EXALL_1000_ENTRIES_FIRST_PASS_VOLUME_FLUSH_CORE_DELETE_CALLS	0
LIST_EXALL_1000_ENTRIES_FIRST_PASS_VOLUME_FLUSH_CORE_DELETE_SAMPLES	0
LIST_EXALL_1000_ENTRIES_FIRST_PASS_VOLUME_FLUSH_CORE_DELETE_SAMPLE_TICKS	0
LIST_EXALL_1000_ENTRIES_FIRST_PASS_VOLUME_FLUSH_CORE_FILE_WRITE_CALLS	0
LIST_EXALL_1000_ENTRIES_FIRST_PASS_VOLUME_FLUSH_CORE_FILE_WRITE_SAMPLES	0
LIST_EXALL_1000_ENTRIES_FIRST_PASS_VOLUME_FLUSH_CORE_FILE_WRITE_SAMPLE_TICKS	0
LIST_EXALL_1000_ENTRIES_FIRST_PASS_VOLUME_FLUSH_CORE_SYNC_CALLS	0
LIST_EXALL_1000_ENTRIES_FIRST_PASS_VOLUME_FLUSH_CORE_SYNC_SAMPLES	0
LIST_EXALL_1000_ENTRIES_FIRST_PASS_VOLUME_FLUSH_CORE_SYNC_SAMPLE_TICKS	0
LIST_EXALL_1000_ENTRIES_FIRST_PASS_VOLUME_FLUSH_IFACE_FREE_CALLS	0
LIST_EXALL_1000_ENTRIES_FIRST_PASS_VOLUME_FLUSH_IFACE_FREE_SAMPLES	0
LIST_EXALL_1000_ENTRIES_FIRST_PASS_VOLUME_FLUSH_IFACE_FREE_SAMPLE_TICKS	0
LIST_EXALL_1000_ENTRIES_FIRST_PASS_VOLUME_FLUSH_SEAL_COMMIT_CALLS	0
LIST_EXALL_1000_ENTRIES_FIRST_PASS_VOLUME_FLUSH_SEAL_COMMIT_SAMPLES	0
LIST_EXALL_1000_ENTRIES_FIRST_PASS_VOLUME_FLUSH_SEAL_COMMIT_SAMPLE_TICKS	0
LIST_EXALL_1000_ENTRIES_FIRST_PASS_VOLUME_FLUSH_INODE_READ_CALLS	0
LIST_EXALL_1000_ENTRIES_FIRST_PASS_VOLUME_FLUSH_BTREE_SEARCH_CALLS	0
LIST_EXALL_1000_ENTRIES_FIRST_PASS_VOLUME_FLUSH_BTREE_INDEX_HINT_HITS	0
LIST_EXALL_1000_ENTRIES_FIRST_PASS_VOLUME_FLUSH_BTREE_LEAF_HINT_HITS	0
LIST_EXALL_1000_ENTRIES_FIRST_PASS_VOLUME_FLUSH_CACHE_READ_CALLS	0
LIST_EXALL_1000_ENTRIES_FIRST_PASS_VOLUME_FLUSH_CACHE_READ_HITS	0
LIST_EXALL_1000_ENTRIES_FIRST_PASS_VOLUME_FLUSH_CACHE_READ_MISSES	0
LIST_EXALL_1000_ENTRIES_FIRST_PASS_VOLUME_FLUSH_FREE_TREE_NODE_VIEWS	0
LIST_EXALL_1000_ENTRIES_FIRST_PASS_VOLUME_FLUSH_FREE_TREE_RESIDENT_VIEWS	0
LIST_EXALL_1000_ENTRIES_FIRST_PASS_VOLUME_FLUSH_DIR_TREE_NODE_VIEWS	0
LIST_EXALL_1000_ENTRIES_FIRST_PASS_VOLUME_FLUSH_DIR_TREE_RESIDENT_VIEWS	0
LIST_EXALL_1000_ENTRIES_FIRST_PASS_VOLUME_FLUSH_INODE_TREE_NODE_VIEWS	0
LIST_EXALL_1000_ENTRIES_FIRST_PASS_VOLUME_FLUSH_INODE_TREE_RESIDENT_VIEWS	0
LIST_EXALL_1000_ENTRIES_FIRST_PASS_VOLUME_FLUSH_REFCOUNT_TREE_NODE_VIEWS	0
LIST_EXALL_1000_ENTRIES_FIRST_PASS_VOLUME_FLUSH_REFCOUNT_TREE_RESIDENT_VIEWS	0
LIST_EXALL_1000_ENTRIES_FIRST_PASS_VOLUME_FLUSH_OTHER_TREE_NODE_VIEWS	0
LIST_EXALL_1000_ENTRIES_FIRST_PASS_VOLUME_FLUSH_OTHER_TREE_RESIDENT_VIEWS	0
LIST_EXALL_1000_ENTRIES_FIRST_PASS_VOLUME_FLUSH_WRITE_DETAIL_INODE_READ_CALLS	0
LIST_EXALL_1000_ENTRIES_FIRST_PASS_VOLUME_FLUSH_WRITE_DETAIL_INODE_READ_SAMPLES	0
LIST_EXALL_1000_ENTRIES_FIRST_PASS_VOLUME_FLUSH_WRITE_DETAIL_INODE_READ_SAMPLE_TICKS	0
LIST_EXALL_1000_ENTRIES_FIRST_PASS_VOLUME_FLUSH_WRITE_DETAIL_INODE_WRITE_CALLS	0
LIST_EXALL_1000_ENTRIES_FIRST_PASS_VOLUME_FLUSH_WRITE_DETAIL_INODE_WRITE_SAMPLES	0
LIST_EXALL_1000_ENTRIES_FIRST_PASS_VOLUME_FLUSH_WRITE_DETAIL_INODE_WRITE_SAMPLE_TICKS	0
LIST_EXALL_1000_ENTRIES_FIRST_PASS_VOLUME_FLUSH_WRITE_DETAIL_EXTENT_MAP_CALLS	0
LIST_EXALL_1000_ENTRIES_FIRST_PASS_VOLUME_FLUSH_WRITE_DETAIL_EXTENT_MAP_SAMPLES	0
LIST_EXALL_1000_ENTRIES_FIRST_PASS_VOLUME_FLUSH_WRITE_DETAIL_EXTENT_MAP_SAMPLE_TICKS	0
LIST_EXALL_1000_ENTRIES_FIRST_PASS_VOLUME_FLUSH_WRITE_DETAIL_FREESPACE_GOAL_CALLS	0
LIST_EXALL_1000_ENTRIES_FIRST_PASS_VOLUME_FLUSH_WRITE_DETAIL_FREESPACE_GOAL_SAMPLES	0
LIST_EXALL_1000_ENTRIES_FIRST_PASS_VOLUME_FLUSH_WRITE_DETAIL_FREESPACE_GOAL_SAMPLE_TICKS	0
LIST_EXALL_1000_ENTRIES_FIRST_PASS_VOLUME_FLUSH_BTREE_MALLOC_CALLS	0
LIST_EXALL_1000_ENTRIES_FIRST_PASS_VOLUME_FLUSH_BTREE_MALLOC_SAMPLES	0
LIST_EXALL_1000_ENTRIES_FIRST_PASS_VOLUME_FLUSH_BTREE_MALLOC_SAMPLE_TICKS	0
LIST_EXALL_1000_ENTRIES_FIRST_PASS_VOLUME_FLUSH_BTREE_FREE_CALLS	0
LIST_EXALL_1000_ENTRIES_FIRST_PASS_VOLUME_FLUSH_BTREE_FREE_SAMPLES	0
LIST_EXALL_1000_ENTRIES_FIRST_PASS_VOLUME_FLUSH_BTREE_FREE_SAMPLE_TICKS	0
LIST_EXALL_1000_ENTRIES_FIRST_PASS_VOLUME_FLUSH_IFACE_ALLOC_CALLS	0
LIST_EXALL_1000_ENTRIES_FIRST_PASS_VOLUME_FLUSH_IFACE_ALLOC_SAMPLES	0
LIST_EXALL_1000_ENTRIES_FIRST_PASS_VOLUME_FLUSH_IFACE_ALLOC_SAMPLE_TICKS	0
LIST_EXALL_1000_ENTRIES_FIRST_PASS_VOLUME_FLUSH_FREESPACE_ALLOC_CALLS	0
LIST_EXALL_1000_ENTRIES_FIRST_PASS_VOLUME_FLUSH_FREESPACE_ALLOC_SAMPLES	0
LIST_EXALL_1000_ENTRIES_FIRST_PASS_VOLUME_FLUSH_FREESPACE_ALLOC_SAMPLE_TICKS	0
LIST_EXALL_1000_ENTRIES_FIRST_PASS_VOLUME_FLUSH_DETAIL_INODE_READ_CALLS	0
LIST_EXALL_1000_ENTRIES_FIRST_PASS_VOLUME_FLUSH_DETAIL_INODE_READ_SAMPLES	0
LIST_EXALL_1000_ENTRIES_FIRST_PASS_VOLUME_FLUSH_DETAIL_INODE_READ_SAMPLE_TICKS	0
LIST_EXALL_1000_ENTRIES_FIRST_PASS_VOLUME_FLUSH_DETAIL_INODE_VALIDATE_CALLS	0
LIST_EXALL_1000_ENTRIES_FIRST_PASS_VOLUME_FLUSH_DETAIL_INODE_VALIDATE_SAMPLES	0
LIST_EXALL_1000_ENTRIES_FIRST_PASS_VOLUME_FLUSH_DETAIL_INODE_VALIDATE_SAMPLE_TICKS	0
LIST_EXALL_1000_ENTRIES_FIRST_PASS_VOLUME_FLUSH_DETAIL_INODE_SEARCH_CALLS	0
LIST_EXALL_1000_ENTRIES_FIRST_PASS_VOLUME_FLUSH_DETAIL_INODE_SEARCH_SAMPLES	0
LIST_EXALL_1000_ENTRIES_FIRST_PASS_VOLUME_FLUSH_DETAIL_INODE_SEARCH_SAMPLE_TICKS	0
LIST_EXALL_1000_ENTRIES_FIRST_PASS_VOLUME_FLUSH_DETAIL_INODE_NODE_VIEW_CALLS	0
LIST_EXALL_1000_ENTRIES_FIRST_PASS_VOLUME_FLUSH_DETAIL_INODE_NODE_VIEW_SAMPLES	0
LIST_EXALL_1000_ENTRIES_FIRST_PASS_VOLUME_FLUSH_DETAIL_INODE_NODE_VIEW_SAMPLE_TICKS	0
LIST_EXALL_1000_ENTRIES_FIRST_PASS_VOLUME_FLUSH_DETAIL_DIR_NODE_VIEW_CALLS	0
LIST_EXALL_1000_ENTRIES_FIRST_PASS_VOLUME_FLUSH_DETAIL_DIR_NODE_VIEW_SAMPLES	0
LIST_EXALL_1000_ENTRIES_FIRST_PASS_VOLUME_FLUSH_DETAIL_DIR_NODE_VIEW_SAMPLE_TICKS	0
LIST_EXALL_1000_ENTRIES_FIRST_PASS_VOLUME_FLUSH_DETAIL_INODE_BINARY_SEARCH_CALLS	0
LIST_EXALL_1000_ENTRIES_FIRST_PASS_VOLUME_FLUSH_DETAIL_INODE_BINARY_SEARCH_SAMPLES	0
LIST_EXALL_1000_ENTRIES_FIRST_PASS_VOLUME_FLUSH_DETAIL_INODE_BINARY_SEARCH_SAMPLE_TICKS	0
LIST_EXALL_1000_ENTRIES_FIRST_PASS_VOLUME_FLUSH_DETAIL_DIR_BINARY_SEARCH_CALLS	0
LIST_EXALL_1000_ENTRIES_FIRST_PASS_VOLUME_FLUSH_DETAIL_DIR_BINARY_SEARCH_SAMPLES	0
LIST_EXALL_1000_ENTRIES_FIRST_PASS_VOLUME_FLUSH_DETAIL_DIR_BINARY_SEARCH_SAMPLE_TICKS	0
LIST_EXALL_1000_ENTRIES_FIRST_PASS_VOLUME_FLUSH_DETAIL_NODE_STRUCTURE_CALLS	0
LIST_EXALL_1000_ENTRIES_FIRST_PASS_VOLUME_FLUSH_DETAIL_NODE_STRUCTURE_SAMPLES	0
LIST_EXALL_1000_ENTRIES_FIRST_PASS_VOLUME_FLUSH_DETAIL_NODE_STRUCTURE_SAMPLE_TICKS	0
LIST_EXALL_1000_ENTRIES_FIRST_PASS_VOLUME_FLUSH_DETAIL_CACHE_PEEK_CALLS	0
LIST_EXALL_1000_ENTRIES_FIRST_PASS_VOLUME_FLUSH_DETAIL_CACHE_PEEK_SAMPLES	0
LIST_EXALL_1000_ENTRIES_FIRST_PASS_VOLUME_FLUSH_DETAIL_CACHE_PEEK_SAMPLE_TICKS	0
LIST_EXALL_1000_ENTRIES_FIRST_PASS_VOLUME_FLUSH_DETAIL_BUFFER_ALLOC_CALLS	0
LIST_EXALL_1000_ENTRIES_FIRST_PASS_VOLUME_FLUSH_DETAIL_BUFFER_ALLOC_SAMPLES	0
LIST_EXALL_1000_ENTRIES_FIRST_PASS_VOLUME_FLUSH_DETAIL_BUFFER_ALLOC_SAMPLE_TICKS	0
LIST_EXALL_1000_ENTRIES_FIRST_PASS_VOLUME_FLUSH_DETAIL_BUFFER_FREE_CALLS	0
LIST_EXALL_1000_ENTRIES_FIRST_PASS_VOLUME_FLUSH_DETAIL_BUFFER_FREE_SAMPLES	0
LIST_EXALL_1000_ENTRIES_FIRST_PASS_VOLUME_FLUSH_DETAIL_BUFFER_FREE_SAMPLE_TICKS	0
LIST_EXALL_1000_ENTRIES_FIRST_PASS_VOLUME_FLUSH_DETAIL_EXALL_FILL_CALLS	0
LIST_EXALL_1000_ENTRIES_FIRST_PASS_VOLUME_FLUSH_DETAIL_EXALL_FILL_SAMPLES	0
LIST_EXALL_1000_ENTRIES_FIRST_PASS_VOLUME_FLUSH_DETAIL_EXALL_FILL_SAMPLE_TICKS	0
LIST_EXALL_1000_ENTRIES_FIRST_PASS_VOLUME_FLUSH_FREESPACE_ALLOCS	0
LIST_EXALL_1000_ENTRIES_REPEAT10_TOTAL_US	1092282
LIST_EXALL_1000_ENTRIES_REPEAT10_TOTAL_WORK_US	1092282
LIST_EXALL_1000_ENTRIES_REPEAT10_TOTAL_VOLUME_FLUSH_US	0
LIST_EXALL_1000_ENTRIES_REPEAT10_TOTAL_HAS_VOLUME_FLUSH	0
LIST_EXALL_1000_ENTRIES_REPEAT10_TOTAL_GUEST_OPEN_CALLS	0
LIST_EXALL_1000_ENTRIES_REPEAT10_TOTAL_GUEST_OPEN_US	0
LIST_EXALL_1000_ENTRIES_REPEAT10_TOTAL_GUEST_READ_CALLS	0
LIST_EXALL_1000_ENTRIES_REPEAT10_TOTAL_GUEST_READ_US	0
LIST_EXALL_1000_ENTRIES_REPEAT10_TOTAL_GUEST_WRITE_CALLS	0
LIST_EXALL_1000_ENTRIES_REPEAT10_TOTAL_GUEST_WRITE_US	0
LIST_EXALL_1000_ENTRIES_REPEAT10_TOTAL_GUEST_HANDLE_FLUSH_CALLS	0
LIST_EXALL_1000_ENTRIES_REPEAT10_TOTAL_GUEST_HANDLE_FLUSH_US	0
LIST_EXALL_1000_ENTRIES_REPEAT10_TOTAL_GUEST_CLOSE_CALLS	0
LIST_EXALL_1000_ENTRIES_REPEAT10_TOTAL_GUEST_CLOSE_US	0
LIST_EXALL_1000_ENTRIES_REPEAT10_TOTAL_GUEST_VERIFY_CALLS	0
LIST_EXALL_1000_ENTRIES_REPEAT10_TOTAL_GUEST_VERIFY_US	0
LIST_EXALL_1000_ENTRIES_REPEAT10_TOTAL_WORK_BIO_READS	1713
LIST_EXALL_1000_ENTRIES_REPEAT10_TOTAL_WORK_BIO_WRITES	0
LIST_EXALL_1000_ENTRIES_REPEAT10_TOTAL_WORK_BIO_UPDATES	0
LIST_EXALL_1000_ENTRIES_REPEAT10_TOTAL_WORK_DATA_READS	0
LIST_EXALL_1000_ENTRIES_REPEAT10_TOTAL_WORK_DATA_WRITES	0
LIST_EXALL_1000_ENTRIES_REPEAT10_TOTAL_WORK_NODE_WRITES	0
LIST_EXALL_1000_ENTRIES_REPEAT10_TOTAL_WORK_TXN_COMMITS	0
LIST_EXALL_1000_ENTRIES_REPEAT10_TOTAL_WORK_EXTENT_MAPS	0
LIST_EXALL_1000_ENTRIES_REPEAT10_TOTAL_WORK_READ_TICKS	128316
LIST_EXALL_1000_ENTRIES_REPEAT10_TOTAL_WORK_WRITE_TICKS	0
LIST_EXALL_1000_ENTRIES_REPEAT10_TOTAL_WORK_UPDATE_TICKS	0
LIST_EXALL_1000_ENTRIES_REPEAT10_TOTAL_WORK_DATA_READ_TICKS	0
LIST_EXALL_1000_ENTRIES_REPEAT10_TOTAL_WORK_DATA_WRITE_TICKS	0
LIST_EXALL_1000_ENTRIES_REPEAT10_TOTAL_WORK_NODE_CRC_READ_CALLS	1713
LIST_EXALL_1000_ENTRIES_REPEAT10_TOTAL_WORK_NODE_CRC_READ_SAMPLES	1713
LIST_EXALL_1000_ENTRIES_REPEAT10_TOTAL_WORK_NODE_CRC_READ_SAMPLE_TICKS	179308
LIST_EXALL_1000_ENTRIES_REPEAT10_TOTAL_WORK_NODE_CRC_WRITE_CALLS	0
LIST_EXALL_1000_ENTRIES_REPEAT10_TOTAL_WORK_NODE_CRC_WRITE_SAMPLES	0
LIST_EXALL_1000_ENTRIES_REPEAT10_TOTAL_WORK_NODE_CRC_WRITE_SAMPLE_TICKS	0
LIST_EXALL_1000_ENTRIES_REPEAT10_TOTAL_WORK_CLOCK_PAIR_TICKS	0
LIST_EXALL_1000_ENTRIES_REPEAT10_TOTAL_WORK_PACKET_CALLS	112
LIST_EXALL_1000_ENTRIES_REPEAT10_TOTAL_WORK_PACKET_SAMPLES	112
LIST_EXALL_1000_ENTRIES_REPEAT10_TOTAL_WORK_PACKET_SAMPLE_TICKS	764639
LIST_EXALL_1000_ENTRIES_REPEAT10_TOTAL_WORK_PACKET_OPEN_CALLS	0
LIST_EXALL_1000_ENTRIES_REPEAT10_TOTAL_WORK_PACKET_OPEN_SAMPLES	0
LIST_EXALL_1000_ENTRIES_REPEAT10_TOTAL_WORK_PACKET_OPEN_SAMPLE_TICKS	0
LIST_EXALL_1000_ENTRIES_REPEAT10_TOTAL_WORK_PACKET_READ_CALLS	0
LIST_EXALL_1000_ENTRIES_REPEAT10_TOTAL_WORK_PACKET_READ_SAMPLES	0
LIST_EXALL_1000_ENTRIES_REPEAT10_TOTAL_WORK_PACKET_READ_SAMPLE_TICKS	0
LIST_EXALL_1000_ENTRIES_REPEAT10_TOTAL_WORK_PACKET_WRITE_CALLS	0
LIST_EXALL_1000_ENTRIES_REPEAT10_TOTAL_WORK_PACKET_WRITE_SAMPLES	0
LIST_EXALL_1000_ENTRIES_REPEAT10_TOTAL_WORK_PACKET_WRITE_SAMPLE_TICKS	0
LIST_EXALL_1000_ENTRIES_REPEAT10_TOTAL_WORK_PACKET_END_CALLS	0
LIST_EXALL_1000_ENTRIES_REPEAT10_TOTAL_WORK_PACKET_END_SAMPLES	0
LIST_EXALL_1000_ENTRIES_REPEAT10_TOTAL_WORK_PACKET_END_SAMPLE_TICKS	0
LIST_EXALL_1000_ENTRIES_REPEAT10_TOTAL_WORK_PACKET_DELETE_CALLS	0
LIST_EXALL_1000_ENTRIES_REPEAT10_TOTAL_WORK_PACKET_DELETE_SAMPLES	0
LIST_EXALL_1000_ENTRIES_REPEAT10_TOTAL_WORK_PACKET_DELETE_SAMPLE_TICKS	0
LIST_EXALL_1000_ENTRIES_REPEAT10_TOTAL_WORK_PACKET_FLUSH_CALLS	0
LIST_EXALL_1000_ENTRIES_REPEAT10_TOTAL_WORK_PACKET_FLUSH_SAMPLES	0
LIST_EXALL_1000_ENTRIES_REPEAT10_TOTAL_WORK_PACKET_FLUSH_SAMPLE_TICKS	0
LIST_EXALL_1000_ENTRIES_REPEAT10_TOTAL_WORK_PACKET_OTHER_CALLS	112
LIST_EXALL_1000_ENTRIES_REPEAT10_TOTAL_WORK_PACKET_OTHER_SAMPLES	112
LIST_EXALL_1000_ENTRIES_REPEAT10_TOTAL_WORK_PACKET_OTHER_SAMPLE_TICKS	764639
LIST_EXALL_1000_ENTRIES_REPEAT10_TOTAL_WORK_CORE_CREATE_CALLS	0
LIST_EXALL_1000_ENTRIES_REPEAT10_TOTAL_WORK_CORE_CREATE_SAMPLES	0
LIST_EXALL_1000_ENTRIES_REPEAT10_TOTAL_WORK_CORE_CREATE_SAMPLE_TICKS	0
LIST_EXALL_1000_ENTRIES_REPEAT10_TOTAL_WORK_CORE_DELETE_CALLS	0
LIST_EXALL_1000_ENTRIES_REPEAT10_TOTAL_WORK_CORE_DELETE_SAMPLES	0
LIST_EXALL_1000_ENTRIES_REPEAT10_TOTAL_WORK_CORE_DELETE_SAMPLE_TICKS	0
LIST_EXALL_1000_ENTRIES_REPEAT10_TOTAL_WORK_CORE_FILE_WRITE_CALLS	0
LIST_EXALL_1000_ENTRIES_REPEAT10_TOTAL_WORK_CORE_FILE_WRITE_SAMPLES	0
LIST_EXALL_1000_ENTRIES_REPEAT10_TOTAL_WORK_CORE_FILE_WRITE_SAMPLE_TICKS	0
LIST_EXALL_1000_ENTRIES_REPEAT10_TOTAL_WORK_CORE_SYNC_CALLS	0
LIST_EXALL_1000_ENTRIES_REPEAT10_TOTAL_WORK_CORE_SYNC_SAMPLES	0
LIST_EXALL_1000_ENTRIES_REPEAT10_TOTAL_WORK_CORE_SYNC_SAMPLE_TICKS	0
LIST_EXALL_1000_ENTRIES_REPEAT10_TOTAL_WORK_IFACE_FREE_CALLS	0
LIST_EXALL_1000_ENTRIES_REPEAT10_TOTAL_WORK_IFACE_FREE_SAMPLES	0
LIST_EXALL_1000_ENTRIES_REPEAT10_TOTAL_WORK_IFACE_FREE_SAMPLE_TICKS	0
LIST_EXALL_1000_ENTRIES_REPEAT10_TOTAL_WORK_SEAL_COMMIT_CALLS	0
LIST_EXALL_1000_ENTRIES_REPEAT10_TOTAL_WORK_SEAL_COMMIT_SAMPLES	0
LIST_EXALL_1000_ENTRIES_REPEAT10_TOTAL_WORK_SEAL_COMMIT_SAMPLE_TICKS	0
LIST_EXALL_1000_ENTRIES_REPEAT10_TOTAL_WORK_INODE_READ_CALLS	10100
LIST_EXALL_1000_ENTRIES_REPEAT10_TOTAL_WORK_BTREE_SEARCH_CALLS	10101
LIST_EXALL_1000_ENTRIES_REPEAT10_TOTAL_WORK_BTREE_INDEX_HINT_HITS	100
LIST_EXALL_1000_ENTRIES_REPEAT10_TOTAL_WORK_BTREE_LEAF_HINT_HITS	9440
LIST_EXALL_1000_ENTRIES_REPEAT10_TOTAL_WORK_CACHE_READ_CALLS	1713
LIST_EXALL_1000_ENTRIES_REPEAT10_TOTAL_WORK_CACHE_READ_HITS	0
LIST_EXALL_1000_ENTRIES_REPEAT10_TOTAL_WORK_CACHE_READ_MISSES	1713
LIST_EXALL_1000_ENTRIES_REPEAT10_TOTAL_WORK_FREE_TREE_NODE_VIEWS	0
LIST_EXALL_1000_ENTRIES_REPEAT10_TOTAL_WORK_FREE_TREE_RESIDENT_VIEWS	0
LIST_EXALL_1000_ENTRIES_REPEAT10_TOTAL_WORK_DIR_TREE_NODE_VIEWS	2794
LIST_EXALL_1000_ENTRIES_REPEAT10_TOTAL_WORK_DIR_TREE_RESIDENT_VIEWS	1641
LIST_EXALL_1000_ENTRIES_REPEAT10_TOTAL_WORK_INODE_TREE_NODE_VIEWS	1120
LIST_EXALL_1000_ENTRIES_REPEAT10_TOTAL_WORK_INODE_TREE_RESIDENT_VIEWS	560
LIST_EXALL_1000_ENTRIES_REPEAT10_TOTAL_WORK_REFCOUNT_TREE_NODE_VIEWS	0
LIST_EXALL_1000_ENTRIES_REPEAT10_TOTAL_WORK_REFCOUNT_TREE_RESIDENT_VIEWS	0
LIST_EXALL_1000_ENTRIES_REPEAT10_TOTAL_WORK_OTHER_TREE_NODE_VIEWS	0
LIST_EXALL_1000_ENTRIES_REPEAT10_TOTAL_WORK_OTHER_TREE_RESIDENT_VIEWS	0
LIST_EXALL_1000_ENTRIES_REPEAT10_TOTAL_WORK_WRITE_DETAIL_INODE_READ_CALLS	10100
LIST_EXALL_1000_ENTRIES_REPEAT10_TOTAL_WORK_WRITE_DETAIL_INODE_READ_SAMPLES	10100
LIST_EXALL_1000_ENTRIES_REPEAT10_TOTAL_WORK_WRITE_DETAIL_INODE_READ_SAMPLE_TICKS	347847
LIST_EXALL_1000_ENTRIES_REPEAT10_TOTAL_WORK_WRITE_DETAIL_INODE_WRITE_CALLS	0
LIST_EXALL_1000_ENTRIES_REPEAT10_TOTAL_WORK_WRITE_DETAIL_INODE_WRITE_SAMPLES	0
LIST_EXALL_1000_ENTRIES_REPEAT10_TOTAL_WORK_WRITE_DETAIL_INODE_WRITE_SAMPLE_TICKS	0
LIST_EXALL_1000_ENTRIES_REPEAT10_TOTAL_WORK_WRITE_DETAIL_EXTENT_MAP_CALLS	0
LIST_EXALL_1000_ENTRIES_REPEAT10_TOTAL_WORK_WRITE_DETAIL_EXTENT_MAP_SAMPLES	0
LIST_EXALL_1000_ENTRIES_REPEAT10_TOTAL_WORK_WRITE_DETAIL_EXTENT_MAP_SAMPLE_TICKS	0
LIST_EXALL_1000_ENTRIES_REPEAT10_TOTAL_WORK_WRITE_DETAIL_FREESPACE_GOAL_CALLS	0
LIST_EXALL_1000_ENTRIES_REPEAT10_TOTAL_WORK_WRITE_DETAIL_FREESPACE_GOAL_SAMPLES	0
LIST_EXALL_1000_ENTRIES_REPEAT10_TOTAL_WORK_WRITE_DETAIL_FREESPACE_GOAL_SAMPLE_TICKS	0
LIST_EXALL_1000_ENTRIES_REPEAT10_TOTAL_WORK_BTREE_MALLOC_CALLS	111
LIST_EXALL_1000_ENTRIES_REPEAT10_TOTAL_WORK_BTREE_MALLOC_SAMPLES	111
LIST_EXALL_1000_ENTRIES_REPEAT10_TOTAL_WORK_BTREE_MALLOC_SAMPLE_TICKS	686
LIST_EXALL_1000_ENTRIES_REPEAT10_TOTAL_WORK_BTREE_FREE_CALLS	111
LIST_EXALL_1000_ENTRIES_REPEAT10_TOTAL_WORK_BTREE_FREE_SAMPLES	111
LIST_EXALL_1000_ENTRIES_REPEAT10_TOTAL_WORK_BTREE_FREE_SAMPLE_TICKS	567
LIST_EXALL_1000_ENTRIES_REPEAT10_TOTAL_WORK_IFACE_ALLOC_CALLS	0
LIST_EXALL_1000_ENTRIES_REPEAT10_TOTAL_WORK_IFACE_ALLOC_SAMPLES	0
LIST_EXALL_1000_ENTRIES_REPEAT10_TOTAL_WORK_IFACE_ALLOC_SAMPLE_TICKS	0
LIST_EXALL_1000_ENTRIES_REPEAT10_TOTAL_WORK_FREESPACE_ALLOC_CALLS	0
LIST_EXALL_1000_ENTRIES_REPEAT10_TOTAL_WORK_FREESPACE_ALLOC_SAMPLES	0
LIST_EXALL_1000_ENTRIES_REPEAT10_TOTAL_WORK_FREESPACE_ALLOC_SAMPLE_TICKS	0
LIST_EXALL_1000_ENTRIES_REPEAT10_TOTAL_WORK_DETAIL_INODE_READ_CALLS	10100
LIST_EXALL_1000_ENTRIES_REPEAT10_TOTAL_WORK_DETAIL_INODE_READ_SAMPLES	594
LIST_EXALL_1000_ENTRIES_REPEAT10_TOTAL_WORK_DETAIL_INODE_READ_SAMPLE_TICKS	22269
LIST_EXALL_1000_ENTRIES_REPEAT10_TOTAL_WORK_DETAIL_INODE_VALIDATE_CALLS	10100
LIST_EXALL_1000_ENTRIES_REPEAT10_TOTAL_WORK_DETAIL_INODE_VALIDATE_SAMPLES	594
LIST_EXALL_1000_ENTRIES_REPEAT10_TOTAL_WORK_DETAIL_INODE_VALIDATE_SAMPLE_TICKS	1836
LIST_EXALL_1000_ENTRIES_REPEAT10_TOTAL_WORK_DETAIL_INODE_SEARCH_CALLS	10100
LIST_EXALL_1000_ENTRIES_REPEAT10_TOTAL_WORK_DETAIL_INODE_SEARCH_SAMPLES	594
LIST_EXALL_1000_ENTRIES_REPEAT10_TOTAL_WORK_DETAIL_INODE_SEARCH_SAMPLE_TICKS	15503
LIST_EXALL_1000_ENTRIES_REPEAT10_TOTAL_WORK_DETAIL_INODE_NODE_VIEW_CALLS	1120
LIST_EXALL_1000_ENTRIES_REPEAT10_TOTAL_WORK_DETAIL_INODE_NODE_VIEW_SAMPLES	65
LIST_EXALL_1000_ENTRIES_REPEAT10_TOTAL_WORK_DETAIL_INODE_NODE_VIEW_SAMPLE_TICKS	8045
LIST_EXALL_1000_ENTRIES_REPEAT10_TOTAL_WORK_DETAIL_DIR_NODE_VIEW_CALLS	2794
LIST_EXALL_1000_ENTRIES_REPEAT10_TOTAL_WORK_DETAIL_DIR_NODE_VIEW_SAMPLES	164
LIST_EXALL_1000_ENTRIES_REPEAT10_TOTAL_WORK_DETAIL_DIR_NODE_VIEW_SAMPLE_TICKS	16372
LIST_EXALL_1000_ENTRIES_REPEAT10_TOTAL_WORK_DETAIL_INODE_BINARY_SEARCH_CALLS	1120
LIST_EXALL_1000_ENTRIES_REPEAT10_TOTAL_WORK_DETAIL_INODE_BINARY_SEARCH_SAMPLES	65
LIST_EXALL_1000_ENTRIES_REPEAT10_TOTAL_WORK_DETAIL_INODE_BINARY_SEARCH_SAMPLE_TICKS	227
LIST_EXALL_1000_ENTRIES_REPEAT10_TOTAL_WORK_DETAIL_DIR_BINARY_SEARCH_CALLS	504
LIST_EXALL_1000_ENTRIES_REPEAT10_TOTAL_WORK_DETAIL_DIR_BINARY_SEARCH_SAMPLES	29
LIST_EXALL_1000_ENTRIES_REPEAT10_TOTAL_WORK_DETAIL_DIR_BINARY_SEARCH_SAMPLE_TICKS	199
LIST_EXALL_1000_ENTRIES_REPEAT10_TOTAL_WORK_DETAIL_NODE_STRUCTURE_CALLS	1713
LIST_EXALL_1000_ENTRIES_REPEAT10_TOTAL_WORK_DETAIL_NODE_STRUCTURE_SAMPLES	100
LIST_EXALL_1000_ENTRIES_REPEAT10_TOTAL_WORK_DETAIL_NODE_STRUCTURE_SAMPLE_TICKS	2140
LIST_EXALL_1000_ENTRIES_REPEAT10_TOTAL_WORK_DETAIL_CACHE_PEEK_CALLS	14575
LIST_EXALL_1000_ENTRIES_REPEAT10_TOTAL_WORK_DETAIL_CACHE_PEEK_SAMPLES	857
LIST_EXALL_1000_ENTRIES_REPEAT10_TOTAL_WORK_DETAIL_CACHE_PEEK_SAMPLE_TICKS	3012
LIST_EXALL_1000_ENTRIES_REPEAT10_TOTAL_WORK_DETAIL_BUFFER_ALLOC_CALLS	671
LIST_EXALL_1000_ENTRIES_REPEAT10_TOTAL_WORK_DETAIL_BUFFER_ALLOC_SAMPLES	39
LIST_EXALL_1000_ENTRIES_REPEAT10_TOTAL_WORK_DETAIL_BUFFER_ALLOC_SAMPLE_TICKS	109
LIST_EXALL_1000_ENTRIES_REPEAT10_TOTAL_WORK_DETAIL_BUFFER_FREE_CALLS	671
LIST_EXALL_1000_ENTRIES_REPEAT10_TOTAL_WORK_DETAIL_BUFFER_FREE_SAMPLES	39
LIST_EXALL_1000_ENTRIES_REPEAT10_TOTAL_WORK_DETAIL_BUFFER_FREE_SAMPLE_TICKS	187
LIST_EXALL_1000_ENTRIES_REPEAT10_TOTAL_WORK_DETAIL_EXALL_FILL_CALLS	10110
LIST_EXALL_1000_ENTRIES_REPEAT10_TOTAL_WORK_DETAIL_EXALL_FILL_SAMPLES	594
LIST_EXALL_1000_ENTRIES_REPEAT10_TOTAL_WORK_DETAIL_EXALL_FILL_SAMPLE_TICKS	27598
LIST_EXALL_1000_ENTRIES_REPEAT10_TOTAL_WORK_FREESPACE_ALLOCS	0
LIST_EXALL_1000_ENTRIES_REPEAT10_TOTAL_VOLUME_FLUSH_BIO_READS	0
LIST_EXALL_1000_ENTRIES_REPEAT10_TOTAL_VOLUME_FLUSH_BIO_WRITES	0
LIST_EXALL_1000_ENTRIES_REPEAT10_TOTAL_VOLUME_FLUSH_BIO_UPDATES	0
LIST_EXALL_1000_ENTRIES_REPEAT10_TOTAL_VOLUME_FLUSH_DATA_READS	0
LIST_EXALL_1000_ENTRIES_REPEAT10_TOTAL_VOLUME_FLUSH_DATA_WRITES	0
LIST_EXALL_1000_ENTRIES_REPEAT10_TOTAL_VOLUME_FLUSH_NODE_WRITES	0
LIST_EXALL_1000_ENTRIES_REPEAT10_TOTAL_VOLUME_FLUSH_TXN_COMMITS	0
LIST_EXALL_1000_ENTRIES_REPEAT10_TOTAL_VOLUME_FLUSH_EXTENT_MAPS	0
LIST_EXALL_1000_ENTRIES_REPEAT10_TOTAL_VOLUME_FLUSH_READ_TICKS	0
LIST_EXALL_1000_ENTRIES_REPEAT10_TOTAL_VOLUME_FLUSH_WRITE_TICKS	0
LIST_EXALL_1000_ENTRIES_REPEAT10_TOTAL_VOLUME_FLUSH_UPDATE_TICKS	0
LIST_EXALL_1000_ENTRIES_REPEAT10_TOTAL_VOLUME_FLUSH_DATA_READ_TICKS	0
LIST_EXALL_1000_ENTRIES_REPEAT10_TOTAL_VOLUME_FLUSH_DATA_WRITE_TICKS	0
LIST_EXALL_1000_ENTRIES_REPEAT10_TOTAL_VOLUME_FLUSH_NODE_CRC_READ_CALLS	0
LIST_EXALL_1000_ENTRIES_REPEAT10_TOTAL_VOLUME_FLUSH_NODE_CRC_READ_SAMPLES	0
LIST_EXALL_1000_ENTRIES_REPEAT10_TOTAL_VOLUME_FLUSH_NODE_CRC_READ_SAMPLE_TICKS	0
LIST_EXALL_1000_ENTRIES_REPEAT10_TOTAL_VOLUME_FLUSH_NODE_CRC_WRITE_CALLS	0
LIST_EXALL_1000_ENTRIES_REPEAT10_TOTAL_VOLUME_FLUSH_NODE_CRC_WRITE_SAMPLES	0
LIST_EXALL_1000_ENTRIES_REPEAT10_TOTAL_VOLUME_FLUSH_NODE_CRC_WRITE_SAMPLE_TICKS	0
LIST_EXALL_1000_ENTRIES_REPEAT10_TOTAL_VOLUME_FLUSH_CLOCK_PAIR_TICKS	0
LIST_EXALL_1000_ENTRIES_REPEAT10_TOTAL_VOLUME_FLUSH_PACKET_CALLS	0
LIST_EXALL_1000_ENTRIES_REPEAT10_TOTAL_VOLUME_FLUSH_PACKET_SAMPLES	0
LIST_EXALL_1000_ENTRIES_REPEAT10_TOTAL_VOLUME_FLUSH_PACKET_SAMPLE_TICKS	0
LIST_EXALL_1000_ENTRIES_REPEAT10_TOTAL_VOLUME_FLUSH_PACKET_OPEN_CALLS	0
LIST_EXALL_1000_ENTRIES_REPEAT10_TOTAL_VOLUME_FLUSH_PACKET_OPEN_SAMPLES	0
LIST_EXALL_1000_ENTRIES_REPEAT10_TOTAL_VOLUME_FLUSH_PACKET_OPEN_SAMPLE_TICKS	0
LIST_EXALL_1000_ENTRIES_REPEAT10_TOTAL_VOLUME_FLUSH_PACKET_READ_CALLS	0
LIST_EXALL_1000_ENTRIES_REPEAT10_TOTAL_VOLUME_FLUSH_PACKET_READ_SAMPLES	0
LIST_EXALL_1000_ENTRIES_REPEAT10_TOTAL_VOLUME_FLUSH_PACKET_READ_SAMPLE_TICKS	0
LIST_EXALL_1000_ENTRIES_REPEAT10_TOTAL_VOLUME_FLUSH_PACKET_WRITE_CALLS	0
LIST_EXALL_1000_ENTRIES_REPEAT10_TOTAL_VOLUME_FLUSH_PACKET_WRITE_SAMPLES	0
LIST_EXALL_1000_ENTRIES_REPEAT10_TOTAL_VOLUME_FLUSH_PACKET_WRITE_SAMPLE_TICKS	0
LIST_EXALL_1000_ENTRIES_REPEAT10_TOTAL_VOLUME_FLUSH_PACKET_END_CALLS	0
LIST_EXALL_1000_ENTRIES_REPEAT10_TOTAL_VOLUME_FLUSH_PACKET_END_SAMPLES	0
LIST_EXALL_1000_ENTRIES_REPEAT10_TOTAL_VOLUME_FLUSH_PACKET_END_SAMPLE_TICKS	0
LIST_EXALL_1000_ENTRIES_REPEAT10_TOTAL_VOLUME_FLUSH_PACKET_DELETE_CALLS	0
LIST_EXALL_1000_ENTRIES_REPEAT10_TOTAL_VOLUME_FLUSH_PACKET_DELETE_SAMPLES	0
LIST_EXALL_1000_ENTRIES_REPEAT10_TOTAL_VOLUME_FLUSH_PACKET_DELETE_SAMPLE_TICKS	0
LIST_EXALL_1000_ENTRIES_REPEAT10_TOTAL_VOLUME_FLUSH_PACKET_FLUSH_CALLS	0
LIST_EXALL_1000_ENTRIES_REPEAT10_TOTAL_VOLUME_FLUSH_PACKET_FLUSH_SAMPLES	0
LIST_EXALL_1000_ENTRIES_REPEAT10_TOTAL_VOLUME_FLUSH_PACKET_FLUSH_SAMPLE_TICKS	0
LIST_EXALL_1000_ENTRIES_REPEAT10_TOTAL_VOLUME_FLUSH_PACKET_OTHER_CALLS	0
LIST_EXALL_1000_ENTRIES_REPEAT10_TOTAL_VOLUME_FLUSH_PACKET_OTHER_SAMPLES	0
LIST_EXALL_1000_ENTRIES_REPEAT10_TOTAL_VOLUME_FLUSH_PACKET_OTHER_SAMPLE_TICKS	0
LIST_EXALL_1000_ENTRIES_REPEAT10_TOTAL_VOLUME_FLUSH_CORE_CREATE_CALLS	0
LIST_EXALL_1000_ENTRIES_REPEAT10_TOTAL_VOLUME_FLUSH_CORE_CREATE_SAMPLES	0
LIST_EXALL_1000_ENTRIES_REPEAT10_TOTAL_VOLUME_FLUSH_CORE_CREATE_SAMPLE_TICKS	0
LIST_EXALL_1000_ENTRIES_REPEAT10_TOTAL_VOLUME_FLUSH_CORE_DELETE_CALLS	0
LIST_EXALL_1000_ENTRIES_REPEAT10_TOTAL_VOLUME_FLUSH_CORE_DELETE_SAMPLES	0
LIST_EXALL_1000_ENTRIES_REPEAT10_TOTAL_VOLUME_FLUSH_CORE_DELETE_SAMPLE_TICKS	0
LIST_EXALL_1000_ENTRIES_REPEAT10_TOTAL_VOLUME_FLUSH_CORE_FILE_WRITE_CALLS	0
LIST_EXALL_1000_ENTRIES_REPEAT10_TOTAL_VOLUME_FLUSH_CORE_FILE_WRITE_SAMPLES	0
LIST_EXALL_1000_ENTRIES_REPEAT10_TOTAL_VOLUME_FLUSH_CORE_FILE_WRITE_SAMPLE_TICKS	0
LIST_EXALL_1000_ENTRIES_REPEAT10_TOTAL_VOLUME_FLUSH_CORE_SYNC_CALLS	0
LIST_EXALL_1000_ENTRIES_REPEAT10_TOTAL_VOLUME_FLUSH_CORE_SYNC_SAMPLES	0
LIST_EXALL_1000_ENTRIES_REPEAT10_TOTAL_VOLUME_FLUSH_CORE_SYNC_SAMPLE_TICKS	0
LIST_EXALL_1000_ENTRIES_REPEAT10_TOTAL_VOLUME_FLUSH_IFACE_FREE_CALLS	0
LIST_EXALL_1000_ENTRIES_REPEAT10_TOTAL_VOLUME_FLUSH_IFACE_FREE_SAMPLES	0
LIST_EXALL_1000_ENTRIES_REPEAT10_TOTAL_VOLUME_FLUSH_IFACE_FREE_SAMPLE_TICKS	0
LIST_EXALL_1000_ENTRIES_REPEAT10_TOTAL_VOLUME_FLUSH_SEAL_COMMIT_CALLS	0
LIST_EXALL_1000_ENTRIES_REPEAT10_TOTAL_VOLUME_FLUSH_SEAL_COMMIT_SAMPLES	0
LIST_EXALL_1000_ENTRIES_REPEAT10_TOTAL_VOLUME_FLUSH_SEAL_COMMIT_SAMPLE_TICKS	0
LIST_EXALL_1000_ENTRIES_REPEAT10_TOTAL_VOLUME_FLUSH_INODE_READ_CALLS	0
LIST_EXALL_1000_ENTRIES_REPEAT10_TOTAL_VOLUME_FLUSH_BTREE_SEARCH_CALLS	0
LIST_EXALL_1000_ENTRIES_REPEAT10_TOTAL_VOLUME_FLUSH_BTREE_INDEX_HINT_HITS	0
LIST_EXALL_1000_ENTRIES_REPEAT10_TOTAL_VOLUME_FLUSH_BTREE_LEAF_HINT_HITS	0
LIST_EXALL_1000_ENTRIES_REPEAT10_TOTAL_VOLUME_FLUSH_CACHE_READ_CALLS	0
LIST_EXALL_1000_ENTRIES_REPEAT10_TOTAL_VOLUME_FLUSH_CACHE_READ_HITS	0
LIST_EXALL_1000_ENTRIES_REPEAT10_TOTAL_VOLUME_FLUSH_CACHE_READ_MISSES	0
LIST_EXALL_1000_ENTRIES_REPEAT10_TOTAL_VOLUME_FLUSH_FREE_TREE_NODE_VIEWS	0
LIST_EXALL_1000_ENTRIES_REPEAT10_TOTAL_VOLUME_FLUSH_FREE_TREE_RESIDENT_VIEWS	0
LIST_EXALL_1000_ENTRIES_REPEAT10_TOTAL_VOLUME_FLUSH_DIR_TREE_NODE_VIEWS	0
LIST_EXALL_1000_ENTRIES_REPEAT10_TOTAL_VOLUME_FLUSH_DIR_TREE_RESIDENT_VIEWS	0
LIST_EXALL_1000_ENTRIES_REPEAT10_TOTAL_VOLUME_FLUSH_INODE_TREE_NODE_VIEWS	0
LIST_EXALL_1000_ENTRIES_REPEAT10_TOTAL_VOLUME_FLUSH_INODE_TREE_RESIDENT_VIEWS	0
LIST_EXALL_1000_ENTRIES_REPEAT10_TOTAL_VOLUME_FLUSH_REFCOUNT_TREE_NODE_VIEWS	0
LIST_EXALL_1000_ENTRIES_REPEAT10_TOTAL_VOLUME_FLUSH_REFCOUNT_TREE_RESIDENT_VIEWS	0
LIST_EXALL_1000_ENTRIES_REPEAT10_TOTAL_VOLUME_FLUSH_OTHER_TREE_NODE_VIEWS	0
LIST_EXALL_1000_ENTRIES_REPEAT10_TOTAL_VOLUME_FLUSH_OTHER_TREE_RESIDENT_VIEWS	0
LIST_EXALL_1000_ENTRIES_REPEAT10_TOTAL_VOLUME_FLUSH_WRITE_DETAIL_INODE_READ_CALLS	0
LIST_EXALL_1000_ENTRIES_REPEAT10_TOTAL_VOLUME_FLUSH_WRITE_DETAIL_INODE_READ_SAMPLES	0
LIST_EXALL_1000_ENTRIES_REPEAT10_TOTAL_VOLUME_FLUSH_WRITE_DETAIL_INODE_READ_SAMPLE_TICKS	0
LIST_EXALL_1000_ENTRIES_REPEAT10_TOTAL_VOLUME_FLUSH_WRITE_DETAIL_INODE_WRITE_CALLS	0
LIST_EXALL_1000_ENTRIES_REPEAT10_TOTAL_VOLUME_FLUSH_WRITE_DETAIL_INODE_WRITE_SAMPLES	0
LIST_EXALL_1000_ENTRIES_REPEAT10_TOTAL_VOLUME_FLUSH_WRITE_DETAIL_INODE_WRITE_SAMPLE_TICKS	0
LIST_EXALL_1000_ENTRIES_REPEAT10_TOTAL_VOLUME_FLUSH_WRITE_DETAIL_EXTENT_MAP_CALLS	0
LIST_EXALL_1000_ENTRIES_REPEAT10_TOTAL_VOLUME_FLUSH_WRITE_DETAIL_EXTENT_MAP_SAMPLES	0
LIST_EXALL_1000_ENTRIES_REPEAT10_TOTAL_VOLUME_FLUSH_WRITE_DETAIL_EXTENT_MAP_SAMPLE_TICKS	0
LIST_EXALL_1000_ENTRIES_REPEAT10_TOTAL_VOLUME_FLUSH_WRITE_DETAIL_FREESPACE_GOAL_CALLS	0
LIST_EXALL_1000_ENTRIES_REPEAT10_TOTAL_VOLUME_FLUSH_WRITE_DETAIL_FREESPACE_GOAL_SAMPLES	0
LIST_EXALL_1000_ENTRIES_REPEAT10_TOTAL_VOLUME_FLUSH_WRITE_DETAIL_FREESPACE_GOAL_SAMPLE_TICKS	0
LIST_EXALL_1000_ENTRIES_REPEAT10_TOTAL_VOLUME_FLUSH_BTREE_MALLOC_CALLS	0
LIST_EXALL_1000_ENTRIES_REPEAT10_TOTAL_VOLUME_FLUSH_BTREE_MALLOC_SAMPLES	0
LIST_EXALL_1000_ENTRIES_REPEAT10_TOTAL_VOLUME_FLUSH_BTREE_MALLOC_SAMPLE_TICKS	0
LIST_EXALL_1000_ENTRIES_REPEAT10_TOTAL_VOLUME_FLUSH_BTREE_FREE_CALLS	0
LIST_EXALL_1000_ENTRIES_REPEAT10_TOTAL_VOLUME_FLUSH_BTREE_FREE_SAMPLES	0
LIST_EXALL_1000_ENTRIES_REPEAT10_TOTAL_VOLUME_FLUSH_BTREE_FREE_SAMPLE_TICKS	0
LIST_EXALL_1000_ENTRIES_REPEAT10_TOTAL_VOLUME_FLUSH_IFACE_ALLOC_CALLS	0
LIST_EXALL_1000_ENTRIES_REPEAT10_TOTAL_VOLUME_FLUSH_IFACE_ALLOC_SAMPLES	0
LIST_EXALL_1000_ENTRIES_REPEAT10_TOTAL_VOLUME_FLUSH_IFACE_ALLOC_SAMPLE_TICKS	0
LIST_EXALL_1000_ENTRIES_REPEAT10_TOTAL_VOLUME_FLUSH_FREESPACE_ALLOC_CALLS	0
LIST_EXALL_1000_ENTRIES_REPEAT10_TOTAL_VOLUME_FLUSH_FREESPACE_ALLOC_SAMPLES	0
LIST_EXALL_1000_ENTRIES_REPEAT10_TOTAL_VOLUME_FLUSH_FREESPACE_ALLOC_SAMPLE_TICKS	0
LIST_EXALL_1000_ENTRIES_REPEAT10_TOTAL_VOLUME_FLUSH_DETAIL_INODE_READ_CALLS	0
LIST_EXALL_1000_ENTRIES_REPEAT10_TOTAL_VOLUME_FLUSH_DETAIL_INODE_READ_SAMPLES	0
LIST_EXALL_1000_ENTRIES_REPEAT10_TOTAL_VOLUME_FLUSH_DETAIL_INODE_READ_SAMPLE_TICKS	0
LIST_EXALL_1000_ENTRIES_REPEAT10_TOTAL_VOLUME_FLUSH_DETAIL_INODE_VALIDATE_CALLS	0
LIST_EXALL_1000_ENTRIES_REPEAT10_TOTAL_VOLUME_FLUSH_DETAIL_INODE_VALIDATE_SAMPLES	0
LIST_EXALL_1000_ENTRIES_REPEAT10_TOTAL_VOLUME_FLUSH_DETAIL_INODE_VALIDATE_SAMPLE_TICKS	0
LIST_EXALL_1000_ENTRIES_REPEAT10_TOTAL_VOLUME_FLUSH_DETAIL_INODE_SEARCH_CALLS	0
LIST_EXALL_1000_ENTRIES_REPEAT10_TOTAL_VOLUME_FLUSH_DETAIL_INODE_SEARCH_SAMPLES	0
LIST_EXALL_1000_ENTRIES_REPEAT10_TOTAL_VOLUME_FLUSH_DETAIL_INODE_SEARCH_SAMPLE_TICKS	0
LIST_EXALL_1000_ENTRIES_REPEAT10_TOTAL_VOLUME_FLUSH_DETAIL_INODE_NODE_VIEW_CALLS	0
LIST_EXALL_1000_ENTRIES_REPEAT10_TOTAL_VOLUME_FLUSH_DETAIL_INODE_NODE_VIEW_SAMPLES	0
LIST_EXALL_1000_ENTRIES_REPEAT10_TOTAL_VOLUME_FLUSH_DETAIL_INODE_NODE_VIEW_SAMPLE_TICKS	0
LIST_EXALL_1000_ENTRIES_REPEAT10_TOTAL_VOLUME_FLUSH_DETAIL_DIR_NODE_VIEW_CALLS	0
LIST_EXALL_1000_ENTRIES_REPEAT10_TOTAL_VOLUME_FLUSH_DETAIL_DIR_NODE_VIEW_SAMPLES	0
LIST_EXALL_1000_ENTRIES_REPEAT10_TOTAL_VOLUME_FLUSH_DETAIL_DIR_NODE_VIEW_SAMPLE_TICKS	0
LIST_EXALL_1000_ENTRIES_REPEAT10_TOTAL_VOLUME_FLUSH_DETAIL_INODE_BINARY_SEARCH_CALLS	0
LIST_EXALL_1000_ENTRIES_REPEAT10_TOTAL_VOLUME_FLUSH_DETAIL_INODE_BINARY_SEARCH_SAMPLES	0
LIST_EXALL_1000_ENTRIES_REPEAT10_TOTAL_VOLUME_FLUSH_DETAIL_INODE_BINARY_SEARCH_SAMPLE_TICKS	0
LIST_EXALL_1000_ENTRIES_REPEAT10_TOTAL_VOLUME_FLUSH_DETAIL_DIR_BINARY_SEARCH_CALLS	0
LIST_EXALL_1000_ENTRIES_REPEAT10_TOTAL_VOLUME_FLUSH_DETAIL_DIR_BINARY_SEARCH_SAMPLES	0
LIST_EXALL_1000_ENTRIES_REPEAT10_TOTAL_VOLUME_FLUSH_DETAIL_DIR_BINARY_SEARCH_SAMPLE_TICKS	0
LIST_EXALL_1000_ENTRIES_REPEAT10_TOTAL_VOLUME_FLUSH_DETAIL_NODE_STRUCTURE_CALLS	0
LIST_EXALL_1000_ENTRIES_REPEAT10_TOTAL_VOLUME_FLUSH_DETAIL_NODE_STRUCTURE_SAMPLES	0
LIST_EXALL_1000_ENTRIES_REPEAT10_TOTAL_VOLUME_FLUSH_DETAIL_NODE_STRUCTURE_SAMPLE_TICKS	0
LIST_EXALL_1000_ENTRIES_REPEAT10_TOTAL_VOLUME_FLUSH_DETAIL_CACHE_PEEK_CALLS	0
LIST_EXALL_1000_ENTRIES_REPEAT10_TOTAL_VOLUME_FLUSH_DETAIL_CACHE_PEEK_SAMPLES	0
LIST_EXALL_1000_ENTRIES_REPEAT10_TOTAL_VOLUME_FLUSH_DETAIL_CACHE_PEEK_SAMPLE_TICKS	0
LIST_EXALL_1000_ENTRIES_REPEAT10_TOTAL_VOLUME_FLUSH_DETAIL_BUFFER_ALLOC_CALLS	0
LIST_EXALL_1000_ENTRIES_REPEAT10_TOTAL_VOLUME_FLUSH_DETAIL_BUFFER_ALLOC_SAMPLES	0
LIST_EXALL_1000_ENTRIES_REPEAT10_TOTAL_VOLUME_FLUSH_DETAIL_BUFFER_ALLOC_SAMPLE_TICKS	0
LIST_EXALL_1000_ENTRIES_REPEAT10_TOTAL_VOLUME_FLUSH_DETAIL_BUFFER_FREE_CALLS	0
LIST_EXALL_1000_ENTRIES_REPEAT10_TOTAL_VOLUME_FLUSH_DETAIL_BUFFER_FREE_SAMPLES	0
LIST_EXALL_1000_ENTRIES_REPEAT10_TOTAL_VOLUME_FLUSH_DETAIL_BUFFER_FREE_SAMPLE_TICKS	0
LIST_EXALL_1000_ENTRIES_REPEAT10_TOTAL_VOLUME_FLUSH_DETAIL_EXALL_FILL_CALLS	0
LIST_EXALL_1000_ENTRIES_REPEAT10_TOTAL_VOLUME_FLUSH_DETAIL_EXALL_FILL_SAMPLES	0
LIST_EXALL_1000_ENTRIES_REPEAT10_TOTAL_VOLUME_FLUSH_DETAIL_EXALL_FILL_SAMPLE_TICKS	0
LIST_EXALL_1000_ENTRIES_REPEAT10_TOTAL_VOLUME_FLUSH_FREESPACE_ALLOCS	0
PROBE_VERSION	16
CLOCK_HZ	709379
CRC_SAMPLE_STRIDE	1
CPU_SAMPLE_STRIDE	1
WRITE_PROBE_VERSION	1
WRITE_SAMPLE_STRIDE	1
DETAIL_SAMPLE_STRIDE	17
PASS	1
