=== BFS vs PFS3 Benchmark (FS-UAE 68040) ===
Evidence directory: /home/fabian/.cache/bfs-performance/listing-diag-2026-10-10.xm33KG/results/listing-diag-2-pfs3-first
Mode: deep-compare
Timeout: 600s


=== Machine Info ===
# Machine Info
Kickstart 47.102, Workbench 47.2
System: 68040 68040/060-FPU   (INST: Cache Burst) (DATA: NoCache NoBurst)
Type  Available    In-Use   Maximum   Largest
chip    2028040     52728   2080768   2027968
fast    7678440    710168   8388608   7673384
total   9706480    762896  10469376   7673384


Mounted disks:
Unit      Size       Used       Free Full Errs   Status   Name
DF0       No disk present
DH0      4095M    4194304    4194303  50%   0  Read/Write System
DH1       255M         36      65372   0%   0  Read/Write BFSTest
DH2       Not a DOS disk

Volumes available:
BFSTest [Mounted]
System [Mounted]

=== BFS Results ===
FS_DEEP_COMPARE	15
DRIVE	DH1:
SMALL_CREATE_40_US	34879
SMALL_CREATE_40_BIO_READS	0
SMALL_CREATE_40_BIO_WRITES	40
SMALL_CREATE_40_BIO_UPDATES	0
SMALL_CREATE_40_DATA_READS	0
SMALL_CREATE_40_DATA_WRITES	40
SMALL_CREATE_40_NODE_WRITES	0
SMALL_CREATE_40_TXN_COMMITS	0
SMALL_CREATE_40_FREESPACE_ALLOCS	45
SMALL_CREATE_40_EXTENT_MAPS	40
SMALL_CREATE_40_READ_TICKS	0
SMALL_CREATE_40_WRITE_TICKS	1129
SMALL_CREATE_40_UPDATE_TICKS	0
SMALL_CREATE_40_DATA_READ_TICKS	0
SMALL_CREATE_40_DATA_WRITE_TICKS	1129
SMALL_CREATE_40_FREE_TREE_NODE_WRITES	0
SMALL_CREATE_40_FREE_TREE_ALLOCATION_BODY_NODE_WRITES	0
SMALL_CREATE_40_FREE_TREE_RESERVE_REFILL_NODE_WRITES	0
SMALL_CREATE_40_FREE_TREE_RESERVE_RETURN_NODE_WRITES	0
SMALL_CREATE_40_FREE_TREE_POST_PUBLISH_PENDING_RECLAIM_NODE_WRITES	0
SMALL_CREATE_40_FREE_TREE_OTHER_NODE_WRITES	0
SMALL_CREATE_40_DIR_TREE_NODE_WRITES	0
SMALL_CREATE_40_INODE_TREE_NODE_WRITES	0
SMALL_CREATE_40_REFCOUNT_TREE_NODE_WRITES	0
SMALL_CREATE_40_OTHER_TREE_NODE_WRITES	0
SMALL_CREATE_40_NODE_CRC_READ_CALLS	0
SMALL_CREATE_40_NODE_CRC_READ_SAMPLES	0
SMALL_CREATE_40_NODE_CRC_READ_SAMPLE_TICKS	0
SMALL_CREATE_40_NODE_CRC_WRITE_CALLS	0
SMALL_CREATE_40_NODE_CRC_WRITE_SAMPLES	0
SMALL_CREATE_40_NODE_CRC_WRITE_SAMPLE_TICKS	0
SMALL_CREATE_40_CLOCK_PAIR_TICKS	0
SMALL_CREATE_40_FREE_TREE_RESERVE_RETURN_CALLS	0
SMALL_CREATE_40_FREE_TREE_RESERVE_RETURN_RUNS	0
SMALL_CREATE_40_FREE_TREE_RESERVE_RETURN_BLOCKS	0
SMALL_CREATE_40_FREE_TREE_RESERVE_RETURN_RUNS_1_BLOCK	0
SMALL_CREATE_40_FREE_TREE_RESERVE_RETURN_RUNS_2_3_BLOCKS	0
SMALL_CREATE_40_FREE_TREE_RESERVE_RETURN_RUNS_4_7_BLOCKS	0
SMALL_CREATE_40_FREE_TREE_RESERVE_RETURN_RUNS_8_PLUS_BLOCKS	0
SMALL_CREATE_40_FREE_TREE_RESERVE_RETURN_MAX_RUN_BLOCKS	0
SMALL_CREATE_40_FREE_TREE_RESERVE_RETURN_MAX_NODE_WRITES_PER_RUN	0
SMALL_CREATE_40_POST_PUBLISH_RECLAIM_PASSES	0
SMALL_CREATE_40_MAX_POST_PUBLISH_RECLAIM_PASSES_PER_COMMIT	0
SMALL_CREATE_40_SUPERBLOCK_PUBLICATIONS	0
SMALL_CREATE_40_FREE_TREE_RESERVE_RETURN_RUN_NODE_WRITES	0
SMALL_CREATE_40_FREE_TREE_RESERVE_RETURN_BATCH_CALLS	0
SMALL_CREATE_40_FREE_TREE_RESERVE_RETURN_BATCH_BLOCKS	0
SMALL_CREATE_40_FREE_TREE_RESERVE_RETURN_BATCH_NODE_WRITES	0
SMALL_CREATE_40_FREE_TREE_RESERVE_RETURN_SKIP_SHAPE	0
SMALL_CREATE_40_FREE_TREE_RESERVE_RETURN_SKIP_SMALL	0
SMALL_CREATE_40_FREE_TREE_RESERVE_RETURN_SKIP_EMERGENCY	0
SMALL_CREATE_40_FREE_TREE_RESERVE_RETURN_SKIP_CAPACITY	0
SMALL_CREATE_40_SEALED_COMMITS	0
SMALL_CREATE_40_SEALED_METADATA_FENCES	0
SMALL_CREATE_40_BTREE_MALLOC_CALLS	0
SMALL_CREATE_40_BTREE_MALLOC_SAMPLES	0
SMALL_CREATE_40_BTREE_MALLOC_SAMPLE_TICKS	0
SMALL_CREATE_40_BTREE_FREE_CALLS	40
SMALL_CREATE_40_BTREE_FREE_SAMPLES	40
SMALL_CREATE_40_BTREE_FREE_SAMPLE_TICKS	44
SMALL_CREATE_40_IFACE_ALLOC_CALLS	5
SMALL_CREATE_40_IFACE_ALLOC_SAMPLES	5
SMALL_CREATE_40_IFACE_ALLOC_SAMPLE_TICKS	318
SMALL_CREATE_40_FREESPACE_ALLOC_SAMPLES	45
SMALL_CREATE_40_FREESPACE_ALLOC_SAMPLE_TICKS	2590
SMALL_CREATE_40_PACKET_CALLS	120
SMALL_CREATE_40_PACKET_SAMPLES	120
SMALL_CREATE_40_PACKET_SAMPLE_TICKS	20959
SMALL_CREATE_40_PACKET_OPEN_CALLS	40
SMALL_CREATE_40_PACKET_OPEN_SAMPLES	40
SMALL_CREATE_40_PACKET_OPEN_SAMPLE_TICKS	12752
SMALL_CREATE_40_PACKET_READ_CALLS	0
SMALL_CREATE_40_PACKET_READ_SAMPLES	0
SMALL_CREATE_40_PACKET_READ_SAMPLE_TICKS	0
SMALL_CREATE_40_PACKET_WRITE_CALLS	40
SMALL_CREATE_40_PACKET_WRITE_SAMPLES	40
SMALL_CREATE_40_PACKET_WRITE_SAMPLE_TICKS	7766
SMALL_CREATE_40_PACKET_END_CALLS	40
SMALL_CREATE_40_PACKET_END_SAMPLES	40
SMALL_CREATE_40_PACKET_END_SAMPLE_TICKS	441
SMALL_CREATE_40_PACKET_DELETE_CALLS	0
SMALL_CREATE_40_PACKET_DELETE_SAMPLES	0
SMALL_CREATE_40_PACKET_DELETE_SAMPLE_TICKS	0
SMALL_CREATE_40_PACKET_FLUSH_CALLS	0
SMALL_CREATE_40_PACKET_FLUSH_SAMPLES	0
SMALL_CREATE_40_PACKET_FLUSH_SAMPLE_TICKS	0
SMALL_CREATE_40_PACKET_OTHER_CALLS	0
SMALL_CREATE_40_PACKET_OTHER_SAMPLES	0
SMALL_CREATE_40_PACKET_OTHER_SAMPLE_TICKS	0
SMALL_CREATE_40_CORE_CREATE_CALLS	40
SMALL_CREATE_40_CORE_CREATE_SAMPLES	40
SMALL_CREATE_40_CORE_CREATE_SAMPLE_TICKS	6768
SMALL_CREATE_40_CORE_DELETE_CALLS	0
SMALL_CREATE_40_CORE_DELETE_SAMPLES	0
SMALL_CREATE_40_CORE_DELETE_SAMPLE_TICKS	0
SMALL_CREATE_40_CORE_FILE_WRITE_CALLS	40
SMALL_CREATE_40_CORE_FILE_WRITE_SAMPLES	40
SMALL_CREATE_40_CORE_FILE_WRITE_SAMPLE_TICKS	7234
SMALL_CREATE_40_CORE_SYNC_CALLS	0
SMALL_CREATE_40_CORE_SYNC_SAMPLES	0
SMALL_CREATE_40_CORE_SYNC_SAMPLE_TICKS	0
SMALL_CREATE_40_IFACE_FREE_CALLS	0
SMALL_CREATE_40_IFACE_FREE_SAMPLES	0
SMALL_CREATE_40_IFACE_FREE_SAMPLE_TICKS	0
SMALL_CREATE_40_SEAL_COMMIT_CALLS	0
SMALL_CREATE_40_SEAL_COMMIT_SAMPLES	0
SMALL_CREATE_40_SEAL_COMMIT_SAMPLE_TICKS	0
SMALL_CREATE_40_INODE_READ_CALLS	160
SMALL_CREATE_40_BTREE_SEARCH_CALLS	240
SMALL_CREATE_40_BTREE_INDEX_HINT_HITS	80
SMALL_CREATE_40_BTREE_LEAF_HINT_HITS	0
SMALL_CREATE_40_CACHE_READ_CALLS	9
SMALL_CREATE_40_CACHE_READ_HITS	9
SMALL_CREATE_40_CACHE_READ_MISSES	0
SMALL_CREATE_40_FREE_TREE_NODE_VIEWS	45
SMALL_CREATE_40_FREE_TREE_RESIDENT_VIEWS	45
SMALL_CREATE_40_DIR_TREE_NODE_VIEWS	136
SMALL_CREATE_40_DIR_TREE_RESIDENT_VIEWS	136
SMALL_CREATE_40_INODE_TREE_NODE_VIEWS	80
SMALL_CREATE_40_INODE_TREE_RESIDENT_VIEWS	80
SMALL_CREATE_40_REFCOUNT_TREE_NODE_VIEWS	0
SMALL_CREATE_40_REFCOUNT_TREE_RESIDENT_VIEWS	0
SMALL_CREATE_40_OTHER_TREE_NODE_VIEWS	0
SMALL_CREATE_40_OTHER_TREE_RESIDENT_VIEWS	0
SMALL_CREATE_40_DIR_TREE_LEAF_NODE_VIEWS	80
SMALL_CREATE_40_DIR_TREE_LEAF_RESIDENT_VIEWS	80
SMALL_CREATE_40_DIR_TREE_INTERNAL_NODE_VIEWS	56
SMALL_CREATE_40_DIR_TREE_INTERNAL_RESIDENT_VIEWS	56
SMALL_CREATE_40_INODE_TREE_LEAF_NODE_VIEWS	80
SMALL_CREATE_40_INODE_TREE_LEAF_RESIDENT_VIEWS	80
SMALL_CREATE_40_INODE_TREE_INTERNAL_NODE_VIEWS	0
SMALL_CREATE_40_INODE_TREE_INTERNAL_RESIDENT_VIEWS	0
SMALL_CREATE_40_DETAIL_INODE_READ_CALLS	160
SMALL_CREATE_40_DETAIL_INODE_READ_SAMPLES	9
SMALL_CREATE_40_DETAIL_INODE_READ_SAMPLE_TICKS	182
SMALL_CREATE_40_DETAIL_INODE_VALIDATE_CALLS	240
SMALL_CREATE_40_DETAIL_INODE_VALIDATE_SAMPLES	14
SMALL_CREATE_40_DETAIL_INODE_VALIDATE_SAMPLE_TICKS	0
SMALL_CREATE_40_DETAIL_INODE_SEARCH_CALLS	160
SMALL_CREATE_40_DETAIL_INODE_SEARCH_SAMPLES	9
SMALL_CREATE_40_DETAIL_INODE_SEARCH_SAMPLE_TICKS	135
SMALL_CREATE_40_DETAIL_INODE_NODE_VIEW_CALLS	80
SMALL_CREATE_40_DETAIL_INODE_NODE_VIEW_SAMPLES	4
SMALL_CREATE_40_DETAIL_INODE_NODE_VIEW_SAMPLE_TICKS	90
SMALL_CREATE_40_DETAIL_DIR_NODE_VIEW_CALLS	136
SMALL_CREATE_40_DETAIL_DIR_NODE_VIEW_SAMPLES	8
SMALL_CREATE_40_DETAIL_DIR_NODE_VIEW_SAMPLE_TICKS	45
SMALL_CREATE_40_DETAIL_INODE_BINARY_SEARCH_CALLS	200
SMALL_CREATE_40_DETAIL_INODE_BINARY_SEARCH_SAMPLES	11
SMALL_CREATE_40_DETAIL_INODE_BINARY_SEARCH_SAMPLE_TICKS	1
SMALL_CREATE_40_DETAIL_DIR_BINARY_SEARCH_CALLS	246
SMALL_CREATE_40_DETAIL_DIR_BINARY_SEARCH_SAMPLES	14
SMALL_CREATE_40_DETAIL_DIR_BINARY_SEARCH_SAMPLE_TICKS	45
SMALL_CREATE_40_DETAIL_NODE_STRUCTURE_CALLS	14
SMALL_CREATE_40_DETAIL_NODE_STRUCTURE_SAMPLES	0
SMALL_CREATE_40_DETAIL_NODE_STRUCTURE_SAMPLE_TICKS	0
SMALL_CREATE_40_DETAIL_CACHE_PEEK_CALLS	409
SMALL_CREATE_40_DETAIL_CACHE_PEEK_SAMPLES	24
SMALL_CREATE_40_DETAIL_CACHE_PEEK_SAMPLE_TICKS	143
SMALL_CREATE_40_DETAIL_BUFFER_ALLOC_CALLS	219
SMALL_CREATE_40_DETAIL_BUFFER_ALLOC_SAMPLES	12
SMALL_CREATE_40_DETAIL_BUFFER_ALLOC_SAMPLE_TICKS	0
SMALL_CREATE_40_DETAIL_BUFFER_FREE_CALLS	223
SMALL_CREATE_40_DETAIL_BUFFER_FREE_SAMPLES	13
SMALL_CREATE_40_DETAIL_BUFFER_FREE_SAMPLE_TICKS	1
SMALL_CREATE_40_DETAIL_EXALL_FILL_CALLS	0
SMALL_CREATE_40_DETAIL_EXALL_FILL_SAMPLES	0
SMALL_CREATE_40_DETAIL_EXALL_FILL_SAMPLE_TICKS	0
SMALL_CREATE_40_DEFERRED_NODE_WRITES	0
LOOKUP_400_US	97665
LOOKUP_400_BIO_READS	0
LOOKUP_400_BIO_WRITES	0
LOOKUP_400_BIO_UPDATES	0
LOOKUP_400_DATA_READS	0
LOOKUP_400_DATA_WRITES	0
LOOKUP_400_NODE_WRITES	0
LOOKUP_400_TXN_COMMITS	0
LOOKUP_400_FREESPACE_ALLOCS	0
LOOKUP_400_EXTENT_MAPS	0
LOOKUP_400_READ_TICKS	0
LOOKUP_400_WRITE_TICKS	0
LOOKUP_400_UPDATE_TICKS	0
LOOKUP_400_DATA_READ_TICKS	0
LOOKUP_400_DATA_WRITE_TICKS	0
LOOKUP_400_FREE_TREE_NODE_WRITES	0
LOOKUP_400_FREE_TREE_ALLOCATION_BODY_NODE_WRITES	0
LOOKUP_400_FREE_TREE_RESERVE_REFILL_NODE_WRITES	0
LOOKUP_400_FREE_TREE_RESERVE_RETURN_NODE_WRITES	0
LOOKUP_400_FREE_TREE_POST_PUBLISH_PENDING_RECLAIM_NODE_WRITES	0
LOOKUP_400_FREE_TREE_OTHER_NODE_WRITES	0
LOOKUP_400_DIR_TREE_NODE_WRITES	0
LOOKUP_400_INODE_TREE_NODE_WRITES	0
LOOKUP_400_REFCOUNT_TREE_NODE_WRITES	0
LOOKUP_400_OTHER_TREE_NODE_WRITES	0
LOOKUP_400_NODE_CRC_READ_CALLS	0
LOOKUP_400_NODE_CRC_READ_SAMPLES	0
LOOKUP_400_NODE_CRC_READ_SAMPLE_TICKS	0
LOOKUP_400_NODE_CRC_WRITE_CALLS	0
LOOKUP_400_NODE_CRC_WRITE_SAMPLES	0
LOOKUP_400_NODE_CRC_WRITE_SAMPLE_TICKS	0
LOOKUP_400_CLOCK_PAIR_TICKS	0
LOOKUP_400_FREE_TREE_RESERVE_RETURN_CALLS	0
LOOKUP_400_FREE_TREE_RESERVE_RETURN_RUNS	0
LOOKUP_400_FREE_TREE_RESERVE_RETURN_BLOCKS	0
LOOKUP_400_FREE_TREE_RESERVE_RETURN_RUNS_1_BLOCK	0
LOOKUP_400_FREE_TREE_RESERVE_RETURN_RUNS_2_3_BLOCKS	0
LOOKUP_400_FREE_TREE_RESERVE_RETURN_RUNS_4_7_BLOCKS	0
LOOKUP_400_FREE_TREE_RESERVE_RETURN_RUNS_8_PLUS_BLOCKS	0
LOOKUP_400_FREE_TREE_RESERVE_RETURN_MAX_RUN_BLOCKS	0
LOOKUP_400_FREE_TREE_RESERVE_RETURN_MAX_NODE_WRITES_PER_RUN	0
LOOKUP_400_POST_PUBLISH_RECLAIM_PASSES	0
LOOKUP_400_MAX_POST_PUBLISH_RECLAIM_PASSES_PER_COMMIT	0
LOOKUP_400_SUPERBLOCK_PUBLICATIONS	0
LOOKUP_400_FREE_TREE_RESERVE_RETURN_RUN_NODE_WRITES	0
LOOKUP_400_FREE_TREE_RESERVE_RETURN_BATCH_CALLS	0
LOOKUP_400_FREE_TREE_RESERVE_RETURN_BATCH_BLOCKS	0
LOOKUP_400_FREE_TREE_RESERVE_RETURN_BATCH_NODE_WRITES	0
LOOKUP_400_FREE_TREE_RESERVE_RETURN_SKIP_SHAPE	0
LOOKUP_400_FREE_TREE_RESERVE_RETURN_SKIP_SMALL	0
LOOKUP_400_FREE_TREE_RESERVE_RETURN_SKIP_EMERGENCY	0
LOOKUP_400_FREE_TREE_RESERVE_RETURN_SKIP_CAPACITY	0
LOOKUP_400_SEALED_COMMITS	0
LOOKUP_400_SEALED_METADATA_FENCES	0
LOOKUP_400_BTREE_MALLOC_CALLS	0
LOOKUP_400_BTREE_MALLOC_SAMPLES	0
LOOKUP_400_BTREE_MALLOC_SAMPLE_TICKS	0
LOOKUP_400_BTREE_FREE_CALLS	0
LOOKUP_400_BTREE_FREE_SAMPLES	0
LOOKUP_400_BTREE_FREE_SAMPLE_TICKS	0
LOOKUP_400_IFACE_ALLOC_CALLS	0
LOOKUP_400_IFACE_ALLOC_SAMPLES	0
LOOKUP_400_IFACE_ALLOC_SAMPLE_TICKS	0
LOOKUP_400_FREESPACE_ALLOC_SAMPLES	0
LOOKUP_400_FREESPACE_ALLOC_SAMPLE_TICKS	0
LOOKUP_400_PACKET_CALLS	800
LOOKUP_400_PACKET_SAMPLES	800
LOOKUP_400_PACKET_SAMPLE_TICKS	41511
LOOKUP_400_PACKET_OPEN_CALLS	0
LOOKUP_400_PACKET_OPEN_SAMPLES	0
LOOKUP_400_PACKET_OPEN_SAMPLE_TICKS	0
LOOKUP_400_PACKET_READ_CALLS	0
LOOKUP_400_PACKET_READ_SAMPLES	0
LOOKUP_400_PACKET_READ_SAMPLE_TICKS	0
LOOKUP_400_PACKET_WRITE_CALLS	0
LOOKUP_400_PACKET_WRITE_SAMPLES	0
LOOKUP_400_PACKET_WRITE_SAMPLE_TICKS	0
LOOKUP_400_PACKET_END_CALLS	0
LOOKUP_400_PACKET_END_SAMPLES	0
LOOKUP_400_PACKET_END_SAMPLE_TICKS	0
LOOKUP_400_PACKET_DELETE_CALLS	0
LOOKUP_400_PACKET_DELETE_SAMPLES	0
LOOKUP_400_PACKET_DELETE_SAMPLE_TICKS	0
LOOKUP_400_PACKET_FLUSH_CALLS	0
LOOKUP_400_PACKET_FLUSH_SAMPLES	0
LOOKUP_400_PACKET_FLUSH_SAMPLE_TICKS	0
LOOKUP_400_PACKET_OTHER_CALLS	800
LOOKUP_400_PACKET_OTHER_SAMPLES	800
LOOKUP_400_PACKET_OTHER_SAMPLE_TICKS	41511
LOOKUP_400_CORE_CREATE_CALLS	0
LOOKUP_400_CORE_CREATE_SAMPLES	0
LOOKUP_400_CORE_CREATE_SAMPLE_TICKS	0
LOOKUP_400_CORE_DELETE_CALLS	0
LOOKUP_400_CORE_DELETE_SAMPLES	0
LOOKUP_400_CORE_DELETE_SAMPLE_TICKS	0
LOOKUP_400_CORE_FILE_WRITE_CALLS	0
LOOKUP_400_CORE_FILE_WRITE_SAMPLES	0
LOOKUP_400_CORE_FILE_WRITE_SAMPLE_TICKS	0
LOOKUP_400_CORE_SYNC_CALLS	0
LOOKUP_400_CORE_SYNC_SAMPLES	0
LOOKUP_400_CORE_SYNC_SAMPLE_TICKS	0
LOOKUP_400_IFACE_FREE_CALLS	0
LOOKUP_400_IFACE_FREE_SAMPLES	0
LOOKUP_400_IFACE_FREE_SAMPLE_TICKS	0
LOOKUP_400_SEAL_COMMIT_CALLS	0
LOOKUP_400_SEAL_COMMIT_SAMPLES	0
LOOKUP_400_SEAL_COMMIT_SAMPLE_TICKS	0
LOOKUP_400_INODE_READ_CALLS	0
LOOKUP_400_BTREE_SEARCH_CALLS	800
LOOKUP_400_BTREE_INDEX_HINT_HITS	0
LOOKUP_400_BTREE_LEAF_HINT_HITS	139
LOOKUP_400_CACHE_READ_CALLS	0
LOOKUP_400_CACHE_READ_HITS	0
LOOKUP_400_CACHE_READ_MISSES	0
LOOKUP_400_FREE_TREE_NODE_VIEWS	0
LOOKUP_400_FREE_TREE_RESIDENT_VIEWS	0
LOOKUP_400_DIR_TREE_NODE_VIEWS	1322
LOOKUP_400_DIR_TREE_RESIDENT_VIEWS	1322
LOOKUP_400_INODE_TREE_NODE_VIEWS	0
LOOKUP_400_INODE_TREE_RESIDENT_VIEWS	0
LOOKUP_400_REFCOUNT_TREE_NODE_VIEWS	0
LOOKUP_400_REFCOUNT_TREE_RESIDENT_VIEWS	0
LOOKUP_400_OTHER_TREE_NODE_VIEWS	0
LOOKUP_400_OTHER_TREE_RESIDENT_VIEWS	0
LOOKUP_400_DIR_TREE_LEAF_NODE_VIEWS	661
LOOKUP_400_DIR_TREE_LEAF_RESIDENT_VIEWS	661
LOOKUP_400_DIR_TREE_INTERNAL_NODE_VIEWS	661
LOOKUP_400_DIR_TREE_INTERNAL_RESIDENT_VIEWS	661
LOOKUP_400_INODE_TREE_LEAF_NODE_VIEWS	0
LOOKUP_400_INODE_TREE_LEAF_RESIDENT_VIEWS	0
LOOKUP_400_INODE_TREE_INTERNAL_NODE_VIEWS	0
LOOKUP_400_INODE_TREE_INTERNAL_RESIDENT_VIEWS	0
LOOKUP_400_DETAIL_INODE_READ_CALLS	0
LOOKUP_400_DETAIL_INODE_READ_SAMPLES	0
LOOKUP_400_DETAIL_INODE_READ_SAMPLE_TICKS	0
LOOKUP_400_DETAIL_INODE_VALIDATE_CALLS	0
LOOKUP_400_DETAIL_INODE_VALIDATE_SAMPLES	0
LOOKUP_400_DETAIL_INODE_VALIDATE_SAMPLE_TICKS	0
LOOKUP_400_DETAIL_INODE_SEARCH_CALLS	0
LOOKUP_400_DETAIL_INODE_SEARCH_SAMPLES	0
LOOKUP_400_DETAIL_INODE_SEARCH_SAMPLE_TICKS	0
LOOKUP_400_DETAIL_INODE_NODE_VIEW_CALLS	0
LOOKUP_400_DETAIL_INODE_NODE_VIEW_SAMPLES	0
LOOKUP_400_DETAIL_INODE_NODE_VIEW_SAMPLE_TICKS	0
LOOKUP_400_DETAIL_DIR_NODE_VIEW_CALLS	1322
LOOKUP_400_DETAIL_DIR_NODE_VIEW_SAMPLES	77
LOOKUP_400_DETAIL_DIR_NODE_VIEW_SAMPLE_TICKS	294
LOOKUP_400_DETAIL_INODE_BINARY_SEARCH_CALLS	0
LOOKUP_400_DETAIL_INODE_BINARY_SEARCH_SAMPLES	0
LOOKUP_400_DETAIL_INODE_BINARY_SEARCH_SAMPLE_TICKS	0
LOOKUP_400_DETAIL_DIR_BINARY_SEARCH_CALLS	1461
LOOKUP_400_DETAIL_DIR_BINARY_SEARCH_SAMPLES	85
LOOKUP_400_DETAIL_DIR_BINARY_SEARCH_SAMPLE_TICKS	364
LOOKUP_400_DETAIL_NODE_STRUCTURE_CALLS	0
LOOKUP_400_DETAIL_NODE_STRUCTURE_SAMPLES	0
LOOKUP_400_DETAIL_NODE_STRUCTURE_SAMPLE_TICKS	0
LOOKUP_400_DETAIL_CACHE_PEEK_CALLS	2121
LOOKUP_400_DETAIL_CACHE_PEEK_SAMPLES	124
LOOKUP_400_DETAIL_CACHE_PEEK_SAMPLE_TICKS	405
LOOKUP_400_DETAIL_BUFFER_ALLOC_CALLS	661
LOOKUP_400_DETAIL_BUFFER_ALLOC_SAMPLES	38
LOOKUP_400_DETAIL_BUFFER_ALLOC_SAMPLE_TICKS	168
LOOKUP_400_DETAIL_BUFFER_FREE_CALLS	661
LOOKUP_400_DETAIL_BUFFER_FREE_SAMPLES	38
LOOKUP_400_DETAIL_BUFFER_FREE_SAMPLE_TICKS	89
LOOKUP_400_DETAIL_EXALL_FILL_CALLS	0
LOOKUP_400_DETAIL_EXALL_FILL_SAMPLES	0
LOOKUP_400_DETAIL_EXALL_FILL_SAMPLE_TICKS	0
LOOKUP_400_DEFERRED_NODE_WRITES	0
SMALL_READ_40_US	24384
SMALL_READ_40_BIO_READS	40
SMALL_READ_40_BIO_WRITES	0
SMALL_READ_40_BIO_UPDATES	0
SMALL_READ_40_DATA_READS	40
SMALL_READ_40_DATA_WRITES	0
SMALL_READ_40_NODE_WRITES	0
SMALL_READ_40_TXN_COMMITS	0
SMALL_READ_40_FREESPACE_ALLOCS	0
SMALL_READ_40_EXTENT_MAPS	0
SMALL_READ_40_READ_TICKS	1798
SMALL_READ_40_WRITE_TICKS	0
SMALL_READ_40_UPDATE_TICKS	0
SMALL_READ_40_DATA_READ_TICKS	1798
SMALL_READ_40_DATA_WRITE_TICKS	0
SMALL_READ_40_FREE_TREE_NODE_WRITES	0
SMALL_READ_40_FREE_TREE_ALLOCATION_BODY_NODE_WRITES	0
SMALL_READ_40_FREE_TREE_RESERVE_REFILL_NODE_WRITES	0
SMALL_READ_40_FREE_TREE_RESERVE_RETURN_NODE_WRITES	0
SMALL_READ_40_FREE_TREE_POST_PUBLISH_PENDING_RECLAIM_NODE_WRITES	0
SMALL_READ_40_FREE_TREE_OTHER_NODE_WRITES	0
SMALL_READ_40_DIR_TREE_NODE_WRITES	0
SMALL_READ_40_INODE_TREE_NODE_WRITES	0
SMALL_READ_40_REFCOUNT_TREE_NODE_WRITES	0
SMALL_READ_40_OTHER_TREE_NODE_WRITES	0
SMALL_READ_40_NODE_CRC_READ_CALLS	0
SMALL_READ_40_NODE_CRC_READ_SAMPLES	0
SMALL_READ_40_NODE_CRC_READ_SAMPLE_TICKS	0
SMALL_READ_40_NODE_CRC_WRITE_CALLS	0
SMALL_READ_40_NODE_CRC_WRITE_SAMPLES	0
SMALL_READ_40_NODE_CRC_WRITE_SAMPLE_TICKS	0
SMALL_READ_40_CLOCK_PAIR_TICKS	0
SMALL_READ_40_FREE_TREE_RESERVE_RETURN_CALLS	0
SMALL_READ_40_FREE_TREE_RESERVE_RETURN_RUNS	0
SMALL_READ_40_FREE_TREE_RESERVE_RETURN_BLOCKS	0
SMALL_READ_40_FREE_TREE_RESERVE_RETURN_RUNS_1_BLOCK	0
SMALL_READ_40_FREE_TREE_RESERVE_RETURN_RUNS_2_3_BLOCKS	0
SMALL_READ_40_FREE_TREE_RESERVE_RETURN_RUNS_4_7_BLOCKS	0
SMALL_READ_40_FREE_TREE_RESERVE_RETURN_RUNS_8_PLUS_BLOCKS	0
SMALL_READ_40_FREE_TREE_RESERVE_RETURN_MAX_RUN_BLOCKS	0
SMALL_READ_40_FREE_TREE_RESERVE_RETURN_MAX_NODE_WRITES_PER_RUN	0
SMALL_READ_40_POST_PUBLISH_RECLAIM_PASSES	0
SMALL_READ_40_MAX_POST_PUBLISH_RECLAIM_PASSES_PER_COMMIT	0
SMALL_READ_40_SUPERBLOCK_PUBLICATIONS	0
SMALL_READ_40_FREE_TREE_RESERVE_RETURN_RUN_NODE_WRITES	0
SMALL_READ_40_FREE_TREE_RESERVE_RETURN_BATCH_CALLS	0
SMALL_READ_40_FREE_TREE_RESERVE_RETURN_BATCH_BLOCKS	0
SMALL_READ_40_FREE_TREE_RESERVE_RETURN_BATCH_NODE_WRITES	0
SMALL_READ_40_FREE_TREE_RESERVE_RETURN_SKIP_SHAPE	0
SMALL_READ_40_FREE_TREE_RESERVE_RETURN_SKIP_SMALL	0
SMALL_READ_40_FREE_TREE_RESERVE_RETURN_SKIP_EMERGENCY	0
SMALL_READ_40_FREE_TREE_RESERVE_RETURN_SKIP_CAPACITY	0
SMALL_READ_40_SEALED_COMMITS	0
SMALL_READ_40_SEALED_METADATA_FENCES	0
SMALL_READ_40_BTREE_MALLOC_CALLS	0
SMALL_READ_40_BTREE_MALLOC_SAMPLES	0
SMALL_READ_40_BTREE_MALLOC_SAMPLE_TICKS	0
SMALL_READ_40_BTREE_FREE_CALLS	0
SMALL_READ_40_BTREE_FREE_SAMPLES	0
SMALL_READ_40_BTREE_FREE_SAMPLE_TICKS	0
SMALL_READ_40_IFACE_ALLOC_CALLS	0
SMALL_READ_40_IFACE_ALLOC_SAMPLES	0
SMALL_READ_40_IFACE_ALLOC_SAMPLE_TICKS	0
SMALL_READ_40_FREESPACE_ALLOC_SAMPLES	0
SMALL_READ_40_FREESPACE_ALLOC_SAMPLE_TICKS	0
SMALL_READ_40_PACKET_CALLS	160
SMALL_READ_40_PACKET_SAMPLES	160
SMALL_READ_40_PACKET_SAMPLE_TICKS	11804
SMALL_READ_40_PACKET_OPEN_CALLS	40
SMALL_READ_40_PACKET_OPEN_SAMPLES	40
SMALL_READ_40_PACKET_OPEN_SAMPLE_TICKS	5455
SMALL_READ_40_PACKET_READ_CALLS	80
SMALL_READ_40_PACKET_READ_SAMPLES	80
SMALL_READ_40_PACKET_READ_SAMPLE_TICKS	6075
SMALL_READ_40_PACKET_WRITE_CALLS	0
SMALL_READ_40_PACKET_WRITE_SAMPLES	0
SMALL_READ_40_PACKET_WRITE_SAMPLE_TICKS	0
SMALL_READ_40_PACKET_END_CALLS	40
SMALL_READ_40_PACKET_END_SAMPLES	40
SMALL_READ_40_PACKET_END_SAMPLE_TICKS	274
SMALL_READ_40_PACKET_DELETE_CALLS	0
SMALL_READ_40_PACKET_DELETE_SAMPLES	0
SMALL_READ_40_PACKET_DELETE_SAMPLE_TICKS	0
SMALL_READ_40_PACKET_FLUSH_CALLS	0
SMALL_READ_40_PACKET_FLUSH_SAMPLES	0
SMALL_READ_40_PACKET_FLUSH_SAMPLE_TICKS	0
SMALL_READ_40_PACKET_OTHER_CALLS	0
SMALL_READ_40_PACKET_OTHER_SAMPLES	0
SMALL_READ_40_PACKET_OTHER_SAMPLE_TICKS	0
SMALL_READ_40_CORE_CREATE_CALLS	0
SMALL_READ_40_CORE_CREATE_SAMPLES	0
SMALL_READ_40_CORE_CREATE_SAMPLE_TICKS	0
SMALL_READ_40_CORE_DELETE_CALLS	0
SMALL_READ_40_CORE_DELETE_SAMPLES	0
SMALL_READ_40_CORE_DELETE_SAMPLE_TICKS	0
SMALL_READ_40_CORE_FILE_WRITE_CALLS	0
SMALL_READ_40_CORE_FILE_WRITE_SAMPLES	0
SMALL_READ_40_CORE_FILE_WRITE_SAMPLE_TICKS	0
SMALL_READ_40_CORE_SYNC_CALLS	0
SMALL_READ_40_CORE_SYNC_SAMPLES	0
SMALL_READ_40_CORE_SYNC_SAMPLE_TICKS	0
SMALL_READ_40_IFACE_FREE_CALLS	0
SMALL_READ_40_IFACE_FREE_SAMPLES	0
SMALL_READ_40_IFACE_FREE_SAMPLE_TICKS	0
SMALL_READ_40_SEAL_COMMIT_CALLS	0
SMALL_READ_40_SEAL_COMMIT_SAMPLES	0
SMALL_READ_40_SEAL_COMMIT_SAMPLE_TICKS	0
SMALL_READ_40_INODE_READ_CALLS	240
SMALL_READ_40_BTREE_SEARCH_CALLS	320
SMALL_READ_40_BTREE_INDEX_HINT_HITS	200
SMALL_READ_40_BTREE_LEAF_HINT_HITS	53
SMALL_READ_40_CACHE_READ_CALLS	40
SMALL_READ_40_CACHE_READ_HITS	0
SMALL_READ_40_CACHE_READ_MISSES	40
SMALL_READ_40_FREE_TREE_NODE_VIEWS	0
SMALL_READ_40_FREE_TREE_RESIDENT_VIEWS	0
SMALL_READ_40_DIR_TREE_NODE_VIEWS	132
SMALL_READ_40_DIR_TREE_RESIDENT_VIEWS	132
SMALL_READ_40_INODE_TREE_NODE_VIEWS	1
SMALL_READ_40_INODE_TREE_RESIDENT_VIEWS	1
SMALL_READ_40_REFCOUNT_TREE_NODE_VIEWS	0
SMALL_READ_40_REFCOUNT_TREE_RESIDENT_VIEWS	0
SMALL_READ_40_OTHER_TREE_NODE_VIEWS	0
SMALL_READ_40_OTHER_TREE_RESIDENT_VIEWS	0
SMALL_READ_40_DIR_TREE_LEAF_NODE_VIEWS	66
SMALL_READ_40_DIR_TREE_LEAF_RESIDENT_VIEWS	66
SMALL_READ_40_DIR_TREE_INTERNAL_NODE_VIEWS	66
SMALL_READ_40_DIR_TREE_INTERNAL_RESIDENT_VIEWS	66
SMALL_READ_40_INODE_TREE_LEAF_NODE_VIEWS	1
SMALL_READ_40_INODE_TREE_LEAF_RESIDENT_VIEWS	1
SMALL_READ_40_INODE_TREE_INTERNAL_NODE_VIEWS	0
SMALL_READ_40_INODE_TREE_INTERNAL_RESIDENT_VIEWS	0
SMALL_READ_40_DETAIL_INODE_READ_CALLS	240
SMALL_READ_40_DETAIL_INODE_READ_SAMPLES	14
SMALL_READ_40_DETAIL_INODE_READ_SAMPLE_TICKS	287
SMALL_READ_40_DETAIL_INODE_VALIDATE_CALLS	240
SMALL_READ_40_DETAIL_INODE_VALIDATE_SAMPLES	14
SMALL_READ_40_DETAIL_INODE_VALIDATE_SAMPLE_TICKS	47
SMALL_READ_40_DETAIL_INODE_SEARCH_CALLS	240
SMALL_READ_40_DETAIL_INODE_SEARCH_SAMPLES	14
SMALL_READ_40_DETAIL_INODE_SEARCH_SAMPLE_TICKS	117
SMALL_READ_40_DETAIL_INODE_NODE_VIEW_CALLS	1
SMALL_READ_40_DETAIL_INODE_NODE_VIEW_SAMPLES	0
SMALL_READ_40_DETAIL_INODE_NODE_VIEW_SAMPLE_TICKS	0
SMALL_READ_40_DETAIL_DIR_NODE_VIEW_CALLS	132
SMALL_READ_40_DETAIL_DIR_NODE_VIEW_SAMPLES	7
SMALL_READ_40_DETAIL_DIR_NODE_VIEW_SAMPLE_TICKS	125
SMALL_READ_40_DETAIL_INODE_BINARY_SEARCH_CALLS	1
SMALL_READ_40_DETAIL_INODE_BINARY_SEARCH_SAMPLES	0
SMALL_READ_40_DETAIL_INODE_BINARY_SEARCH_SAMPLE_TICKS	0
SMALL_READ_40_DETAIL_DIR_BINARY_SEARCH_CALLS	146
SMALL_READ_40_DETAIL_DIR_BINARY_SEARCH_SAMPLES	8
SMALL_READ_40_DETAIL_DIR_BINARY_SEARCH_SAMPLE_TICKS	0
SMALL_READ_40_DETAIL_NODE_STRUCTURE_CALLS	0
SMALL_READ_40_DETAIL_NODE_STRUCTURE_SAMPLES	0
SMALL_READ_40_DETAIL_NODE_STRUCTURE_SAMPLE_TICKS	0
SMALL_READ_40_DETAIL_CACHE_PEEK_CALLS	452
SMALL_READ_40_DETAIL_CACHE_PEEK_SAMPLES	26
SMALL_READ_40_DETAIL_CACHE_PEEK_SAMPLE_TICKS	113
SMALL_READ_40_DETAIL_BUFFER_ALLOC_CALLS	67
SMALL_READ_40_DETAIL_BUFFER_ALLOC_SAMPLES	3
SMALL_READ_40_DETAIL_BUFFER_ALLOC_SAMPLE_TICKS	45
SMALL_READ_40_DETAIL_BUFFER_FREE_CALLS	67
SMALL_READ_40_DETAIL_BUFFER_FREE_SAMPLES	3
SMALL_READ_40_DETAIL_BUFFER_FREE_SAMPLE_TICKS	0
SMALL_READ_40_DETAIL_EXALL_FILL_CALLS	0
SMALL_READ_40_DETAIL_EXALL_FILL_SAMPLES	0
SMALL_READ_40_DETAIL_EXALL_FILL_SAMPLE_TICKS	0
SMALL_READ_40_DEFERRED_NODE_WRITES	0
SEQ_WRITE_8M_US	47296
SEQ_WRITE_8M_BIO_READS	0
SEQ_WRITE_8M_BIO_WRITES	128
SEQ_WRITE_8M_BIO_UPDATES	0
SEQ_WRITE_8M_DATA_READS	0
SEQ_WRITE_8M_DATA_WRITES	128
SEQ_WRITE_8M_NODE_WRITES	0
SEQ_WRITE_8M_TXN_COMMITS	0
SEQ_WRITE_8M_FREESPACE_ALLOCS	128
SEQ_WRITE_8M_EXTENT_MAPS	128
SEQ_WRITE_8M_READ_TICKS	0
SEQ_WRITE_8M_WRITE_TICKS	8978
SEQ_WRITE_8M_UPDATE_TICKS	0
SEQ_WRITE_8M_DATA_READ_TICKS	0
SEQ_WRITE_8M_DATA_WRITE_TICKS	8978
SEQ_WRITE_8M_FREE_TREE_NODE_WRITES	0
SEQ_WRITE_8M_FREE_TREE_ALLOCATION_BODY_NODE_WRITES	0
SEQ_WRITE_8M_FREE_TREE_RESERVE_REFILL_NODE_WRITES	0
SEQ_WRITE_8M_FREE_TREE_RESERVE_RETURN_NODE_WRITES	0
SEQ_WRITE_8M_FREE_TREE_POST_PUBLISH_PENDING_RECLAIM_NODE_WRITES	0
SEQ_WRITE_8M_FREE_TREE_OTHER_NODE_WRITES	0
SEQ_WRITE_8M_DIR_TREE_NODE_WRITES	0
SEQ_WRITE_8M_INODE_TREE_NODE_WRITES	0
SEQ_WRITE_8M_REFCOUNT_TREE_NODE_WRITES	0
SEQ_WRITE_8M_OTHER_TREE_NODE_WRITES	0
SEQ_WRITE_8M_NODE_CRC_READ_CALLS	0
SEQ_WRITE_8M_NODE_CRC_READ_SAMPLES	0
SEQ_WRITE_8M_NODE_CRC_READ_SAMPLE_TICKS	0
SEQ_WRITE_8M_NODE_CRC_WRITE_CALLS	0
SEQ_WRITE_8M_NODE_CRC_WRITE_SAMPLES	0
SEQ_WRITE_8M_NODE_CRC_WRITE_SAMPLE_TICKS	0
SEQ_WRITE_8M_CLOCK_PAIR_TICKS	0
SEQ_WRITE_8M_FREE_TREE_RESERVE_RETURN_CALLS	0
SEQ_WRITE_8M_FREE_TREE_RESERVE_RETURN_RUNS	0
SEQ_WRITE_8M_FREE_TREE_RESERVE_RETURN_BLOCKS	0
SEQ_WRITE_8M_FREE_TREE_RESERVE_RETURN_RUNS_1_BLOCK	0
SEQ_WRITE_8M_FREE_TREE_RESERVE_RETURN_RUNS_2_3_BLOCKS	0
SEQ_WRITE_8M_FREE_TREE_RESERVE_RETURN_RUNS_4_7_BLOCKS	0
SEQ_WRITE_8M_FREE_TREE_RESERVE_RETURN_RUNS_8_PLUS_BLOCKS	0
SEQ_WRITE_8M_FREE_TREE_RESERVE_RETURN_MAX_RUN_BLOCKS	0
SEQ_WRITE_8M_FREE_TREE_RESERVE_RETURN_MAX_NODE_WRITES_PER_RUN	0
SEQ_WRITE_8M_POST_PUBLISH_RECLAIM_PASSES	0
SEQ_WRITE_8M_MAX_POST_PUBLISH_RECLAIM_PASSES_PER_COMMIT	0
SEQ_WRITE_8M_SUPERBLOCK_PUBLICATIONS	0
SEQ_WRITE_8M_FREE_TREE_RESERVE_RETURN_RUN_NODE_WRITES	0
SEQ_WRITE_8M_FREE_TREE_RESERVE_RETURN_BATCH_CALLS	0
SEQ_WRITE_8M_FREE_TREE_RESERVE_RETURN_BATCH_BLOCKS	0
SEQ_WRITE_8M_FREE_TREE_RESERVE_RETURN_BATCH_NODE_WRITES	0
SEQ_WRITE_8M_FREE_TREE_RESERVE_RETURN_SKIP_SHAPE	0
SEQ_WRITE_8M_FREE_TREE_RESERVE_RETURN_SKIP_SMALL	0
SEQ_WRITE_8M_FREE_TREE_RESERVE_RETURN_SKIP_EMERGENCY	0
SEQ_WRITE_8M_FREE_TREE_RESERVE_RETURN_SKIP_CAPACITY	0
SEQ_WRITE_8M_SEALED_COMMITS	0
SEQ_WRITE_8M_SEALED_METADATA_FENCES	0
SEQ_WRITE_8M_BTREE_MALLOC_CALLS	0
SEQ_WRITE_8M_BTREE_MALLOC_SAMPLES	0
SEQ_WRITE_8M_BTREE_MALLOC_SAMPLE_TICKS	0
SEQ_WRITE_8M_BTREE_FREE_CALLS	1
SEQ_WRITE_8M_BTREE_FREE_SAMPLES	1
SEQ_WRITE_8M_BTREE_FREE_SAMPLE_TICKS	0
SEQ_WRITE_8M_IFACE_ALLOC_CALLS	0
SEQ_WRITE_8M_IFACE_ALLOC_SAMPLES	0
SEQ_WRITE_8M_IFACE_ALLOC_SAMPLE_TICKS	0
SEQ_WRITE_8M_FREESPACE_ALLOC_SAMPLES	128
SEQ_WRITE_8M_FREESPACE_ALLOC_SAMPLE_TICKS	5522
SEQ_WRITE_8M_PACKET_CALLS	130
SEQ_WRITE_8M_PACKET_SAMPLES	130
SEQ_WRITE_8M_PACKET_SAMPLE_TICKS	31455
SEQ_WRITE_8M_PACKET_OPEN_CALLS	1
SEQ_WRITE_8M_PACKET_OPEN_SAMPLES	1
SEQ_WRITE_8M_PACKET_OPEN_SAMPLE_TICKS	272
SEQ_WRITE_8M_PACKET_READ_CALLS	0
SEQ_WRITE_8M_PACKET_READ_SAMPLES	0
SEQ_WRITE_8M_PACKET_READ_SAMPLE_TICKS	0
SEQ_WRITE_8M_PACKET_WRITE_CALLS	128
SEQ_WRITE_8M_PACKET_WRITE_SAMPLES	128
SEQ_WRITE_8M_PACKET_WRITE_SAMPLE_TICKS	31144
SEQ_WRITE_8M_PACKET_END_CALLS	1
SEQ_WRITE_8M_PACKET_END_SAMPLES	1
SEQ_WRITE_8M_PACKET_END_SAMPLE_TICKS	39
SEQ_WRITE_8M_PACKET_DELETE_CALLS	0
SEQ_WRITE_8M_PACKET_DELETE_SAMPLES	0
SEQ_WRITE_8M_PACKET_DELETE_SAMPLE_TICKS	0
SEQ_WRITE_8M_PACKET_FLUSH_CALLS	0
SEQ_WRITE_8M_PACKET_FLUSH_SAMPLES	0
SEQ_WRITE_8M_PACKET_FLUSH_SAMPLE_TICKS	0
SEQ_WRITE_8M_PACKET_OTHER_CALLS	0
SEQ_WRITE_8M_PACKET_OTHER_SAMPLES	0
SEQ_WRITE_8M_PACKET_OTHER_SAMPLE_TICKS	0
SEQ_WRITE_8M_CORE_CREATE_CALLS	1
SEQ_WRITE_8M_CORE_CREATE_SAMPLES	1
SEQ_WRITE_8M_CORE_CREATE_SAMPLE_TICKS	136
SEQ_WRITE_8M_CORE_DELETE_CALLS	0
SEQ_WRITE_8M_CORE_DELETE_SAMPLES	0
SEQ_WRITE_8M_CORE_DELETE_SAMPLE_TICKS	0
SEQ_WRITE_8M_CORE_FILE_WRITE_CALLS	128
SEQ_WRITE_8M_CORE_FILE_WRITE_SAMPLES	128
SEQ_WRITE_8M_CORE_FILE_WRITE_SAMPLE_TICKS	29529
SEQ_WRITE_8M_CORE_SYNC_CALLS	0
SEQ_WRITE_8M_CORE_SYNC_SAMPLES	0
SEQ_WRITE_8M_CORE_SYNC_SAMPLE_TICKS	0
SEQ_WRITE_8M_IFACE_FREE_CALLS	0
SEQ_WRITE_8M_IFACE_FREE_SAMPLES	0
SEQ_WRITE_8M_IFACE_FREE_SAMPLE_TICKS	0
SEQ_WRITE_8M_SEAL_COMMIT_CALLS	0
SEQ_WRITE_8M_SEAL_COMMIT_SAMPLES	0
SEQ_WRITE_8M_SEAL_COMMIT_SAMPLE_TICKS	0
SEQ_WRITE_8M_INODE_READ_CALLS	131
SEQ_WRITE_8M_BTREE_SEARCH_CALLS	132
SEQ_WRITE_8M_BTREE_INDEX_HINT_HITS	2
SEQ_WRITE_8M_BTREE_LEAF_HINT_HITS	1
SEQ_WRITE_8M_CACHE_READ_CALLS	0
SEQ_WRITE_8M_CACHE_READ_HITS	0
SEQ_WRITE_8M_CACHE_READ_MISSES	0
SEQ_WRITE_8M_FREE_TREE_NODE_VIEWS	128
SEQ_WRITE_8M_FREE_TREE_RESIDENT_VIEWS	128
SEQ_WRITE_8M_DIR_TREE_NODE_VIEWS	2
SEQ_WRITE_8M_DIR_TREE_RESIDENT_VIEWS	2
SEQ_WRITE_8M_INODE_TREE_NODE_VIEWS	128
SEQ_WRITE_8M_INODE_TREE_RESIDENT_VIEWS	128
SEQ_WRITE_8M_REFCOUNT_TREE_NODE_VIEWS	0
SEQ_WRITE_8M_REFCOUNT_TREE_RESIDENT_VIEWS	0
SEQ_WRITE_8M_OTHER_TREE_NODE_VIEWS	0
SEQ_WRITE_8M_OTHER_TREE_RESIDENT_VIEWS	0
SEQ_WRITE_8M_DIR_TREE_LEAF_NODE_VIEWS	1
SEQ_WRITE_8M_DIR_TREE_LEAF_RESIDENT_VIEWS	1
SEQ_WRITE_8M_DIR_TREE_INTERNAL_NODE_VIEWS	1
SEQ_WRITE_8M_DIR_TREE_INTERNAL_RESIDENT_VIEWS	1
SEQ_WRITE_8M_INODE_TREE_LEAF_NODE_VIEWS	128
SEQ_WRITE_8M_INODE_TREE_LEAF_RESIDENT_VIEWS	128
SEQ_WRITE_8M_INODE_TREE_INTERNAL_NODE_VIEWS	0
SEQ_WRITE_8M_INODE_TREE_INTERNAL_RESIDENT_VIEWS	0
SEQ_WRITE_8M_DETAIL_INODE_READ_CALLS	131
SEQ_WRITE_8M_DETAIL_INODE_READ_SAMPLES	7
SEQ_WRITE_8M_DETAIL_INODE_READ_SAMPLE_TICKS	241
SEQ_WRITE_8M_DETAIL_INODE_VALIDATE_CALLS	260
SEQ_WRITE_8M_DETAIL_INODE_VALIDATE_SAMPLES	15
SEQ_WRITE_8M_DETAIL_INODE_VALIDATE_SAMPLE_TICKS	39
SEQ_WRITE_8M_DETAIL_INODE_SEARCH_CALLS	131
SEQ_WRITE_8M_DETAIL_INODE_SEARCH_SAMPLES	7
SEQ_WRITE_8M_DETAIL_INODE_SEARCH_SAMPLE_TICKS	181
SEQ_WRITE_8M_DETAIL_INODE_NODE_VIEW_CALLS	128
SEQ_WRITE_8M_DETAIL_INODE_NODE_VIEW_SAMPLES	7
SEQ_WRITE_8M_DETAIL_INODE_NODE_VIEW_SAMPLE_TICKS	45
SEQ_WRITE_8M_DETAIL_DIR_NODE_VIEW_CALLS	2
SEQ_WRITE_8M_DETAIL_DIR_NODE_VIEW_SAMPLES	0
SEQ_WRITE_8M_DETAIL_DIR_NODE_VIEW_SAMPLE_TICKS	0
SEQ_WRITE_8M_DETAIL_INODE_BINARY_SEARCH_CALLS	258
SEQ_WRITE_8M_DETAIL_INODE_BINARY_SEARCH_SAMPLES	15
SEQ_WRITE_8M_DETAIL_INODE_BINARY_SEARCH_SAMPLE_TICKS	40
SEQ_WRITE_8M_DETAIL_DIR_BINARY_SEARCH_CALLS	5
SEQ_WRITE_8M_DETAIL_DIR_BINARY_SEARCH_SAMPLES	0
SEQ_WRITE_8M_DETAIL_DIR_BINARY_SEARCH_SAMPLE_TICKS	0
SEQ_WRITE_8M_DETAIL_NODE_STRUCTURE_CALLS	0
SEQ_WRITE_8M_DETAIL_NODE_STRUCTURE_SAMPLES	0
SEQ_WRITE_8M_DETAIL_NODE_STRUCTURE_SAMPLE_TICKS	0
SEQ_WRITE_8M_DETAIL_CACHE_PEEK_CALLS	263
SEQ_WRITE_8M_DETAIL_CACHE_PEEK_SAMPLES	15
SEQ_WRITE_8M_DETAIL_CACHE_PEEK_SAMPLE_TICKS	45
SEQ_WRITE_8M_DETAIL_BUFFER_ALLOC_CALLS	257
SEQ_WRITE_8M_DETAIL_BUFFER_ALLOC_SAMPLES	15
SEQ_WRITE_8M_DETAIL_BUFFER_ALLOC_SAMPLE_TICKS	45
SEQ_WRITE_8M_DETAIL_BUFFER_FREE_CALLS	257
SEQ_WRITE_8M_DETAIL_BUFFER_FREE_SAMPLES	15
SEQ_WRITE_8M_DETAIL_BUFFER_FREE_SAMPLE_TICKS	37
SEQ_WRITE_8M_DETAIL_EXALL_FILL_CALLS	0
SEQ_WRITE_8M_DETAIL_EXALL_FILL_SAMPLES	0
SEQ_WRITE_8M_DETAIL_EXALL_FILL_SAMPLE_TICKS	0
SEQ_WRITE_8M_DEFERRED_NODE_WRITES	0
SEQ_READ_8M_US	278590
SEQ_READ_8M_BIO_READS	128
SEQ_READ_8M_BIO_WRITES	0
SEQ_READ_8M_BIO_UPDATES	0
SEQ_READ_8M_DATA_READS	128
SEQ_READ_8M_DATA_WRITES	0
SEQ_READ_8M_NODE_WRITES	0
SEQ_READ_8M_TXN_COMMITS	0
SEQ_READ_8M_FREESPACE_ALLOCS	0
SEQ_READ_8M_EXTENT_MAPS	0
SEQ_READ_8M_READ_TICKS	13239
SEQ_READ_8M_WRITE_TICKS	0
SEQ_READ_8M_UPDATE_TICKS	0
SEQ_READ_8M_DATA_READ_TICKS	13239
SEQ_READ_8M_DATA_WRITE_TICKS	0
SEQ_READ_8M_FREE_TREE_NODE_WRITES	0
SEQ_READ_8M_FREE_TREE_ALLOCATION_BODY_NODE_WRITES	0
SEQ_READ_8M_FREE_TREE_RESERVE_REFILL_NODE_WRITES	0
SEQ_READ_8M_FREE_TREE_RESERVE_RETURN_NODE_WRITES	0
SEQ_READ_8M_FREE_TREE_POST_PUBLISH_PENDING_RECLAIM_NODE_WRITES	0
SEQ_READ_8M_FREE_TREE_OTHER_NODE_WRITES	0
SEQ_READ_8M_DIR_TREE_NODE_WRITES	0
SEQ_READ_8M_INODE_TREE_NODE_WRITES	0
SEQ_READ_8M_REFCOUNT_TREE_NODE_WRITES	0
SEQ_READ_8M_OTHER_TREE_NODE_WRITES	0
SEQ_READ_8M_NODE_CRC_READ_CALLS	0
SEQ_READ_8M_NODE_CRC_READ_SAMPLES	0
SEQ_READ_8M_NODE_CRC_READ_SAMPLE_TICKS	0
SEQ_READ_8M_NODE_CRC_WRITE_CALLS	0
SEQ_READ_8M_NODE_CRC_WRITE_SAMPLES	0
SEQ_READ_8M_NODE_CRC_WRITE_SAMPLE_TICKS	0
SEQ_READ_8M_CLOCK_PAIR_TICKS	1
SEQ_READ_8M_FREE_TREE_RESERVE_RETURN_CALLS	0
SEQ_READ_8M_FREE_TREE_RESERVE_RETURN_RUNS	0
SEQ_READ_8M_FREE_TREE_RESERVE_RETURN_BLOCKS	0
SEQ_READ_8M_FREE_TREE_RESERVE_RETURN_RUNS_1_BLOCK	0
SEQ_READ_8M_FREE_TREE_RESERVE_RETURN_RUNS_2_3_BLOCKS	0
SEQ_READ_8M_FREE_TREE_RESERVE_RETURN_RUNS_4_7_BLOCKS	0
SEQ_READ_8M_FREE_TREE_RESERVE_RETURN_RUNS_8_PLUS_BLOCKS	0
SEQ_READ_8M_FREE_TREE_RESERVE_RETURN_MAX_RUN_BLOCKS	0
SEQ_READ_8M_FREE_TREE_RESERVE_RETURN_MAX_NODE_WRITES_PER_RUN	0
SEQ_READ_8M_POST_PUBLISH_RECLAIM_PASSES	0
SEQ_READ_8M_MAX_POST_PUBLISH_RECLAIM_PASSES_PER_COMMIT	0
SEQ_READ_8M_SUPERBLOCK_PUBLICATIONS	0
SEQ_READ_8M_FREE_TREE_RESERVE_RETURN_RUN_NODE_WRITES	0
SEQ_READ_8M_FREE_TREE_RESERVE_RETURN_BATCH_CALLS	0
SEQ_READ_8M_FREE_TREE_RESERVE_RETURN_BATCH_BLOCKS	0
SEQ_READ_8M_FREE_TREE_RESERVE_RETURN_BATCH_NODE_WRITES	0
SEQ_READ_8M_FREE_TREE_RESERVE_RETURN_SKIP_SHAPE	0
SEQ_READ_8M_FREE_TREE_RESERVE_RETURN_SKIP_SMALL	0
SEQ_READ_8M_FREE_TREE_RESERVE_RETURN_SKIP_EMERGENCY	0
SEQ_READ_8M_FREE_TREE_RESERVE_RETURN_SKIP_CAPACITY	0
SEQ_READ_8M_SEALED_COMMITS	0
SEQ_READ_8M_SEALED_METADATA_FENCES	0
SEQ_READ_8M_BTREE_MALLOC_CALLS	0
SEQ_READ_8M_BTREE_MALLOC_SAMPLES	0
SEQ_READ_8M_BTREE_MALLOC_SAMPLE_TICKS	0
SEQ_READ_8M_BTREE_FREE_CALLS	0
SEQ_READ_8M_BTREE_FREE_SAMPLES	0
SEQ_READ_8M_BTREE_FREE_SAMPLE_TICKS	0
SEQ_READ_8M_IFACE_ALLOC_CALLS	0
SEQ_READ_8M_IFACE_ALLOC_SAMPLES	0
SEQ_READ_8M_IFACE_ALLOC_SAMPLE_TICKS	0
SEQ_READ_8M_FREESPACE_ALLOC_SAMPLES	0
SEQ_READ_8M_FREESPACE_ALLOC_SAMPLE_TICKS	0
SEQ_READ_8M_PACKET_CALLS	131
SEQ_READ_8M_PACKET_SAMPLES	131
SEQ_READ_8M_PACKET_SAMPLE_TICKS	21270
SEQ_READ_8M_PACKET_OPEN_CALLS	1
SEQ_READ_8M_PACKET_OPEN_SAMPLES	1
SEQ_READ_8M_PACKET_OPEN_SAMPLE_TICKS	134
SEQ_READ_8M_PACKET_READ_CALLS	129
SEQ_READ_8M_PACKET_READ_SAMPLES	129
SEQ_READ_8M_PACKET_READ_SAMPLE_TICKS	21136
SEQ_READ_8M_PACKET_WRITE_CALLS	0
SEQ_READ_8M_PACKET_WRITE_SAMPLES	0
SEQ_READ_8M_PACKET_WRITE_SAMPLE_TICKS	0
SEQ_READ_8M_PACKET_END_CALLS	1
SEQ_READ_8M_PACKET_END_SAMPLES	1
SEQ_READ_8M_PACKET_END_SAMPLE_TICKS	0
SEQ_READ_8M_PACKET_DELETE_CALLS	0
SEQ_READ_8M_PACKET_DELETE_SAMPLES	0
SEQ_READ_8M_PACKET_DELETE_SAMPLE_TICKS	0
SEQ_READ_8M_PACKET_FLUSH_CALLS	0
SEQ_READ_8M_PACKET_FLUSH_SAMPLES	0
SEQ_READ_8M_PACKET_FLUSH_SAMPLE_TICKS	0
SEQ_READ_8M_PACKET_OTHER_CALLS	0
SEQ_READ_8M_PACKET_OTHER_SAMPLES	0
SEQ_READ_8M_PACKET_OTHER_SAMPLE_TICKS	0
SEQ_READ_8M_CORE_CREATE_CALLS	0
SEQ_READ_8M_CORE_CREATE_SAMPLES	0
SEQ_READ_8M_CORE_CREATE_SAMPLE_TICKS	0
SEQ_READ_8M_CORE_DELETE_CALLS	0
SEQ_READ_8M_CORE_DELETE_SAMPLES	0
SEQ_READ_8M_CORE_DELETE_SAMPLE_TICKS	0
SEQ_READ_8M_CORE_FILE_WRITE_CALLS	0
SEQ_READ_8M_CORE_FILE_WRITE_SAMPLES	0
SEQ_READ_8M_CORE_FILE_WRITE_SAMPLE_TICKS	0
SEQ_READ_8M_CORE_SYNC_CALLS	0
SEQ_READ_8M_CORE_SYNC_SAMPLES	0
SEQ_READ_8M_CORE_SYNC_SAMPLE_TICKS	0
SEQ_READ_8M_IFACE_FREE_CALLS	0
SEQ_READ_8M_IFACE_FREE_SAMPLES	0
SEQ_READ_8M_IFACE_FREE_SAMPLE_TICKS	0
SEQ_READ_8M_SEAL_COMMIT_CALLS	0
SEQ_READ_8M_SEAL_COMMIT_SAMPLES	0
SEQ_READ_8M_SEAL_COMMIT_SAMPLE_TICKS	0
SEQ_READ_8M_INODE_READ_CALLS	260
SEQ_READ_8M_BTREE_SEARCH_CALLS	261
SEQ_READ_8M_BTREE_INDEX_HINT_HITS	259
SEQ_READ_8M_BTREE_LEAF_HINT_HITS	0
SEQ_READ_8M_CACHE_READ_CALLS	0
SEQ_READ_8M_CACHE_READ_HITS	0
SEQ_READ_8M_CACHE_READ_MISSES	0
SEQ_READ_8M_FREE_TREE_NODE_VIEWS	0
SEQ_READ_8M_FREE_TREE_RESIDENT_VIEWS	0
SEQ_READ_8M_DIR_TREE_NODE_VIEWS	2
SEQ_READ_8M_DIR_TREE_RESIDENT_VIEWS	2
SEQ_READ_8M_INODE_TREE_NODE_VIEWS	1
SEQ_READ_8M_INODE_TREE_RESIDENT_VIEWS	1
SEQ_READ_8M_REFCOUNT_TREE_NODE_VIEWS	0
SEQ_READ_8M_REFCOUNT_TREE_RESIDENT_VIEWS	0
SEQ_READ_8M_OTHER_TREE_NODE_VIEWS	0
SEQ_READ_8M_OTHER_TREE_RESIDENT_VIEWS	0
SEQ_READ_8M_DIR_TREE_LEAF_NODE_VIEWS	1
SEQ_READ_8M_DIR_TREE_LEAF_RESIDENT_VIEWS	1
SEQ_READ_8M_DIR_TREE_INTERNAL_NODE_VIEWS	1
SEQ_READ_8M_DIR_TREE_INTERNAL_RESIDENT_VIEWS	1
SEQ_READ_8M_INODE_TREE_LEAF_NODE_VIEWS	1
SEQ_READ_8M_INODE_TREE_LEAF_RESIDENT_VIEWS	1
SEQ_READ_8M_INODE_TREE_INTERNAL_NODE_VIEWS	0
SEQ_READ_8M_INODE_TREE_INTERNAL_RESIDENT_VIEWS	0
SEQ_READ_8M_DETAIL_INODE_READ_CALLS	260
SEQ_READ_8M_DETAIL_INODE_READ_SAMPLES	15
SEQ_READ_8M_DETAIL_INODE_READ_SAMPLE_TICKS	308
SEQ_READ_8M_DETAIL_INODE_VALIDATE_CALLS	260
SEQ_READ_8M_DETAIL_INODE_VALIDATE_SAMPLES	15
SEQ_READ_8M_DETAIL_INODE_VALIDATE_SAMPLE_TICKS	57
SEQ_READ_8M_DETAIL_INODE_SEARCH_CALLS	260
SEQ_READ_8M_DETAIL_INODE_SEARCH_SAMPLES	15
SEQ_READ_8M_DETAIL_INODE_SEARCH_SAMPLE_TICKS	72
SEQ_READ_8M_DETAIL_INODE_NODE_VIEW_CALLS	1
SEQ_READ_8M_DETAIL_INODE_NODE_VIEW_SAMPLES	0
SEQ_READ_8M_DETAIL_INODE_NODE_VIEW_SAMPLE_TICKS	0
SEQ_READ_8M_DETAIL_DIR_NODE_VIEW_CALLS	2
SEQ_READ_8M_DETAIL_DIR_NODE_VIEW_SAMPLES	0
SEQ_READ_8M_DETAIL_DIR_NODE_VIEW_SAMPLE_TICKS	0
SEQ_READ_8M_DETAIL_INODE_BINARY_SEARCH_CALLS	1
SEQ_READ_8M_DETAIL_INODE_BINARY_SEARCH_SAMPLES	0
SEQ_READ_8M_DETAIL_INODE_BINARY_SEARCH_SAMPLE_TICKS	0
SEQ_READ_8M_DETAIL_DIR_BINARY_SEARCH_CALLS	2
SEQ_READ_8M_DETAIL_DIR_BINARY_SEARCH_SAMPLES	0
SEQ_READ_8M_DETAIL_DIR_BINARY_SEARCH_SAMPLE_TICKS	0
SEQ_READ_8M_DETAIL_NODE_STRUCTURE_CALLS	0
SEQ_READ_8M_DETAIL_NODE_STRUCTURE_SAMPLES	0
SEQ_READ_8M_DETAIL_NODE_STRUCTURE_SAMPLE_TICKS	0
SEQ_READ_8M_DETAIL_CACHE_PEEK_CALLS	262
SEQ_READ_8M_DETAIL_CACHE_PEEK_SAMPLES	15
SEQ_READ_8M_DETAIL_CACHE_PEEK_SAMPLE_TICKS	45
SEQ_READ_8M_DETAIL_BUFFER_ALLOC_CALLS	2
SEQ_READ_8M_DETAIL_BUFFER_ALLOC_SAMPLES	0
SEQ_READ_8M_DETAIL_BUFFER_ALLOC_SAMPLE_TICKS	0
SEQ_READ_8M_DETAIL_BUFFER_FREE_CALLS	2
SEQ_READ_8M_DETAIL_BUFFER_FREE_SAMPLES	0
SEQ_READ_8M_DETAIL_BUFFER_FREE_SAMPLE_TICKS	0
SEQ_READ_8M_DETAIL_EXALL_FILL_CALLS	0
SEQ_READ_8M_DETAIL_EXALL_FILL_SAMPLES	0
SEQ_READ_8M_DETAIL_EXALL_FILL_SAMPLE_TICKS	0
SEQ_READ_8M_DEFERRED_NODE_WRITES	0
SMALL_DELETE_40_US	21952
SMALL_DELETE_40_BIO_READS	0
SMALL_DELETE_40_BIO_WRITES	0
SMALL_DELETE_40_BIO_UPDATES	0
SMALL_DELETE_40_DATA_READS	0
SMALL_DELETE_40_DATA_WRITES	0
SMALL_DELETE_40_NODE_WRITES	0
SMALL_DELETE_40_TXN_COMMITS	0
SMALL_DELETE_40_FREESPACE_ALLOCS	0
SMALL_DELETE_40_EXTENT_MAPS	0
SMALL_DELETE_40_READ_TICKS	0
SMALL_DELETE_40_WRITE_TICKS	0
SMALL_DELETE_40_UPDATE_TICKS	0
SMALL_DELETE_40_DATA_READ_TICKS	0
SMALL_DELETE_40_DATA_WRITE_TICKS	0
SMALL_DELETE_40_FREE_TREE_NODE_WRITES	0
SMALL_DELETE_40_FREE_TREE_ALLOCATION_BODY_NODE_WRITES	0
SMALL_DELETE_40_FREE_TREE_RESERVE_REFILL_NODE_WRITES	0
SMALL_DELETE_40_FREE_TREE_RESERVE_RETURN_NODE_WRITES	0
SMALL_DELETE_40_FREE_TREE_POST_PUBLISH_PENDING_RECLAIM_NODE_WRITES	0
SMALL_DELETE_40_FREE_TREE_OTHER_NODE_WRITES	0
SMALL_DELETE_40_DIR_TREE_NODE_WRITES	0
SMALL_DELETE_40_INODE_TREE_NODE_WRITES	0
SMALL_DELETE_40_REFCOUNT_TREE_NODE_WRITES	0
SMALL_DELETE_40_OTHER_TREE_NODE_WRITES	0
SMALL_DELETE_40_NODE_CRC_READ_CALLS	0
SMALL_DELETE_40_NODE_CRC_READ_SAMPLES	0
SMALL_DELETE_40_NODE_CRC_READ_SAMPLE_TICKS	0
SMALL_DELETE_40_NODE_CRC_WRITE_CALLS	0
SMALL_DELETE_40_NODE_CRC_WRITE_SAMPLES	0
SMALL_DELETE_40_NODE_CRC_WRITE_SAMPLE_TICKS	0
SMALL_DELETE_40_CLOCK_PAIR_TICKS	0
SMALL_DELETE_40_FREE_TREE_RESERVE_RETURN_CALLS	0
SMALL_DELETE_40_FREE_TREE_RESERVE_RETURN_RUNS	0
SMALL_DELETE_40_FREE_TREE_RESERVE_RETURN_BLOCKS	0
SMALL_DELETE_40_FREE_TREE_RESERVE_RETURN_RUNS_1_BLOCK	0
SMALL_DELETE_40_FREE_TREE_RESERVE_RETURN_RUNS_2_3_BLOCKS	0
SMALL_DELETE_40_FREE_TREE_RESERVE_RETURN_RUNS_4_7_BLOCKS	0
SMALL_DELETE_40_FREE_TREE_RESERVE_RETURN_RUNS_8_PLUS_BLOCKS	0
SMALL_DELETE_40_FREE_TREE_RESERVE_RETURN_MAX_RUN_BLOCKS	0
SMALL_DELETE_40_FREE_TREE_RESERVE_RETURN_MAX_NODE_WRITES_PER_RUN	0
SMALL_DELETE_40_POST_PUBLISH_RECLAIM_PASSES	0
SMALL_DELETE_40_MAX_POST_PUBLISH_RECLAIM_PASSES_PER_COMMIT	0
SMALL_DELETE_40_SUPERBLOCK_PUBLICATIONS	0
SMALL_DELETE_40_FREE_TREE_RESERVE_RETURN_RUN_NODE_WRITES	0
SMALL_DELETE_40_FREE_TREE_RESERVE_RETURN_BATCH_CALLS	0
SMALL_DELETE_40_FREE_TREE_RESERVE_RETURN_BATCH_BLOCKS	0
SMALL_DELETE_40_FREE_TREE_RESERVE_RETURN_BATCH_NODE_WRITES	0
SMALL_DELETE_40_FREE_TREE_RESERVE_RETURN_SKIP_SHAPE	0
SMALL_DELETE_40_FREE_TREE_RESERVE_RETURN_SKIP_SMALL	0
SMALL_DELETE_40_FREE_TREE_RESERVE_RETURN_SKIP_EMERGENCY	0
SMALL_DELETE_40_FREE_TREE_RESERVE_RETURN_SKIP_CAPACITY	0
SMALL_DELETE_40_SEALED_COMMITS	0
SMALL_DELETE_40_SEALED_METADATA_FENCES	0
SMALL_DELETE_40_BTREE_MALLOC_CALLS	0
SMALL_DELETE_40_BTREE_MALLOC_SAMPLES	0
SMALL_DELETE_40_BTREE_MALLOC_SAMPLE_TICKS	0
SMALL_DELETE_40_BTREE_FREE_CALLS	0
SMALL_DELETE_40_BTREE_FREE_SAMPLES	0
SMALL_DELETE_40_BTREE_FREE_SAMPLE_TICKS	0
SMALL_DELETE_40_IFACE_ALLOC_CALLS	0
SMALL_DELETE_40_IFACE_ALLOC_SAMPLES	0
SMALL_DELETE_40_IFACE_ALLOC_SAMPLE_TICKS	0
SMALL_DELETE_40_FREESPACE_ALLOC_SAMPLES	0
SMALL_DELETE_40_FREESPACE_ALLOC_SAMPLE_TICKS	0
SMALL_DELETE_40_PACKET_CALLS	40
SMALL_DELETE_40_PACKET_SAMPLES	40
SMALL_DELETE_40_PACKET_SAMPLE_TICKS	13390
SMALL_DELETE_40_PACKET_OPEN_CALLS	0
SMALL_DELETE_40_PACKET_OPEN_SAMPLES	0
SMALL_DELETE_40_PACKET_OPEN_SAMPLE_TICKS	0
SMALL_DELETE_40_PACKET_READ_CALLS	0
SMALL_DELETE_40_PACKET_READ_SAMPLES	0
SMALL_DELETE_40_PACKET_READ_SAMPLE_TICKS	0
SMALL_DELETE_40_PACKET_WRITE_CALLS	0
SMALL_DELETE_40_PACKET_WRITE_SAMPLES	0
SMALL_DELETE_40_PACKET_WRITE_SAMPLE_TICKS	0
SMALL_DELETE_40_PACKET_END_CALLS	0
SMALL_DELETE_40_PACKET_END_SAMPLES	0
SMALL_DELETE_40_PACKET_END_SAMPLE_TICKS	0
SMALL_DELETE_40_PACKET_DELETE_CALLS	40
SMALL_DELETE_40_PACKET_DELETE_SAMPLES	40
SMALL_DELETE_40_PACKET_DELETE_SAMPLE_TICKS	13390
SMALL_DELETE_40_PACKET_FLUSH_CALLS	0
SMALL_DELETE_40_PACKET_FLUSH_SAMPLES	0
SMALL_DELETE_40_PACKET_FLUSH_SAMPLE_TICKS	0
SMALL_DELETE_40_PACKET_OTHER_CALLS	0
SMALL_DELETE_40_PACKET_OTHER_SAMPLES	0
SMALL_DELETE_40_PACKET_OTHER_SAMPLE_TICKS	0
SMALL_DELETE_40_CORE_CREATE_CALLS	0
SMALL_DELETE_40_CORE_CREATE_SAMPLES	0
SMALL_DELETE_40_CORE_CREATE_SAMPLE_TICKS	0
SMALL_DELETE_40_CORE_DELETE_CALLS	40
SMALL_DELETE_40_CORE_DELETE_SAMPLES	40
SMALL_DELETE_40_CORE_DELETE_SAMPLE_TICKS	8376
SMALL_DELETE_40_CORE_FILE_WRITE_CALLS	0
SMALL_DELETE_40_CORE_FILE_WRITE_SAMPLES	0
SMALL_DELETE_40_CORE_FILE_WRITE_SAMPLE_TICKS	0
SMALL_DELETE_40_CORE_SYNC_CALLS	0
SMALL_DELETE_40_CORE_SYNC_SAMPLES	0
SMALL_DELETE_40_CORE_SYNC_SAMPLE_TICKS	0
SMALL_DELETE_40_IFACE_FREE_CALLS	5
SMALL_DELETE_40_IFACE_FREE_SAMPLES	5
SMALL_DELETE_40_IFACE_FREE_SAMPLE_TICKS	363
SMALL_DELETE_40_SEAL_COMMIT_CALLS	0
SMALL_DELETE_40_SEAL_COMMIT_SAMPLES	0
SMALL_DELETE_40_SEAL_COMMIT_SAMPLE_TICKS	0
SMALL_DELETE_40_INODE_READ_CALLS	80
SMALL_DELETE_40_BTREE_SEARCH_CALLS	205
SMALL_DELETE_40_BTREE_INDEX_HINT_HITS	40
SMALL_DELETE_40_BTREE_LEAF_HINT_HITS	54
SMALL_DELETE_40_CACHE_READ_CALLS	33
SMALL_DELETE_40_CACHE_READ_HITS	33
SMALL_DELETE_40_CACHE_READ_MISSES	0
SMALL_DELETE_40_FREE_TREE_NODE_VIEWS	15
SMALL_DELETE_40_FREE_TREE_RESIDENT_VIEWS	15
SMALL_DELETE_40_DIR_TREE_NODE_VIEWS	125
SMALL_DELETE_40_DIR_TREE_RESIDENT_VIEWS	125
SMALL_DELETE_40_INODE_TREE_NODE_VIEWS	39
SMALL_DELETE_40_INODE_TREE_RESIDENT_VIEWS	39
SMALL_DELETE_40_REFCOUNT_TREE_NODE_VIEWS	0
SMALL_DELETE_40_REFCOUNT_TREE_RESIDENT_VIEWS	0
SMALL_DELETE_40_OTHER_TREE_NODE_VIEWS	0
SMALL_DELETE_40_OTHER_TREE_RESIDENT_VIEWS	0
SMALL_DELETE_40_DIR_TREE_LEAF_NODE_VIEWS	67
SMALL_DELETE_40_DIR_TREE_LEAF_RESIDENT_VIEWS	67
SMALL_DELETE_40_DIR_TREE_INTERNAL_NODE_VIEWS	58
SMALL_DELETE_40_DIR_TREE_INTERNAL_RESIDENT_VIEWS	58
SMALL_DELETE_40_INODE_TREE_LEAF_NODE_VIEWS	39
SMALL_DELETE_40_INODE_TREE_LEAF_RESIDENT_VIEWS	39
SMALL_DELETE_40_INODE_TREE_INTERNAL_NODE_VIEWS	0
SMALL_DELETE_40_INODE_TREE_INTERNAL_RESIDENT_VIEWS	0
SMALL_DELETE_40_DETAIL_INODE_READ_CALLS	80
SMALL_DELETE_40_DETAIL_INODE_READ_SAMPLES	4
SMALL_DELETE_40_DETAIL_INODE_READ_SAMPLE_TICKS	182
SMALL_DELETE_40_DETAIL_INODE_VALIDATE_CALLS	80
SMALL_DELETE_40_DETAIL_INODE_VALIDATE_SAMPLES	4
SMALL_DELETE_40_DETAIL_INODE_VALIDATE_SAMPLE_TICKS	22
SMALL_DELETE_40_DETAIL_INODE_SEARCH_CALLS	80
SMALL_DELETE_40_DETAIL_INODE_SEARCH_SAMPLES	4
SMALL_DELETE_40_DETAIL_INODE_SEARCH_SAMPLE_TICKS	91
SMALL_DELETE_40_DETAIL_INODE_NODE_VIEW_CALLS	39
SMALL_DELETE_40_DETAIL_INODE_NODE_VIEW_SAMPLES	2
SMALL_DELETE_40_DETAIL_INODE_NODE_VIEW_SAMPLE_TICKS	0
SMALL_DELETE_40_DETAIL_DIR_NODE_VIEW_CALLS	125
SMALL_DELETE_40_DETAIL_DIR_NODE_VIEW_SAMPLES	7
SMALL_DELETE_40_DETAIL_DIR_NODE_VIEW_SAMPLE_TICKS	90
SMALL_DELETE_40_DETAIL_INODE_BINARY_SEARCH_CALLS	79
SMALL_DELETE_40_DETAIL_INODE_BINARY_SEARCH_SAMPLES	4
SMALL_DELETE_40_DETAIL_INODE_BINARY_SEARCH_SAMPLE_TICKS	20
SMALL_DELETE_40_DETAIL_DIR_BINARY_SEARCH_CALLS	267
SMALL_DELETE_40_DETAIL_DIR_BINARY_SEARCH_SAMPLES	15
SMALL_DELETE_40_DETAIL_DIR_BINARY_SEARCH_SAMPLE_TICKS	46
SMALL_DELETE_40_DETAIL_NODE_STRUCTURE_CALLS	22
SMALL_DELETE_40_DETAIL_NODE_STRUCTURE_SAMPLES	1
SMALL_DELETE_40_DETAIL_NODE_STRUCTURE_SAMPLE_TICKS	45
SMALL_DELETE_40_DETAIL_CACHE_PEEK_CALLS	332
SMALL_DELETE_40_DETAIL_CACHE_PEEK_SAMPLES	19
SMALL_DELETE_40_DETAIL_CACHE_PEEK_SAMPLE_TICKS	45
SMALL_DELETE_40_DETAIL_BUFFER_ALLOC_CALLS	153
SMALL_DELETE_40_DETAIL_BUFFER_ALLOC_SAMPLES	9
SMALL_DELETE_40_DETAIL_BUFFER_ALLOC_SAMPLE_TICKS	0
SMALL_DELETE_40_DETAIL_BUFFER_FREE_CALLS	162
SMALL_DELETE_40_DETAIL_BUFFER_FREE_SAMPLES	9
SMALL_DELETE_40_DETAIL_BUFFER_FREE_SAMPLE_TICKS	45
SMALL_DELETE_40_DETAIL_EXALL_FILL_CALLS	0
SMALL_DELETE_40_DETAIL_EXALL_FILL_SAMPLES	0
SMALL_DELETE_40_DETAIL_EXALL_FILL_SAMPLE_TICKS	0
SMALL_DELETE_40_DEFERRED_NODE_WRITES	0
APPEND_4K_1M_US	88448
APPEND_4K_1M_BIO_READS	0
APPEND_4K_1M_BIO_WRITES	256
APPEND_4K_1M_BIO_UPDATES	0
APPEND_4K_1M_DATA_READS	0
APPEND_4K_1M_DATA_WRITES	256
APPEND_4K_1M_NODE_WRITES	0
APPEND_4K_1M_TXN_COMMITS	0
APPEND_4K_1M_FREESPACE_ALLOCS	256
APPEND_4K_1M_EXTENT_MAPS	256
APPEND_4K_1M_READ_TICKS	0
APPEND_4K_1M_WRITE_TICKS	9975
APPEND_4K_1M_UPDATE_TICKS	0
APPEND_4K_1M_DATA_READ_TICKS	0
APPEND_4K_1M_DATA_WRITE_TICKS	9975
APPEND_4K_1M_FREE_TREE_NODE_WRITES	0
APPEND_4K_1M_FREE_TREE_ALLOCATION_BODY_NODE_WRITES	0
APPEND_4K_1M_FREE_TREE_RESERVE_REFILL_NODE_WRITES	0
APPEND_4K_1M_FREE_TREE_RESERVE_RETURN_NODE_WRITES	0
APPEND_4K_1M_FREE_TREE_POST_PUBLISH_PENDING_RECLAIM_NODE_WRITES	0
APPEND_4K_1M_FREE_TREE_OTHER_NODE_WRITES	0
APPEND_4K_1M_DIR_TREE_NODE_WRITES	0
APPEND_4K_1M_INODE_TREE_NODE_WRITES	0
APPEND_4K_1M_REFCOUNT_TREE_NODE_WRITES	0
APPEND_4K_1M_OTHER_TREE_NODE_WRITES	0
APPEND_4K_1M_NODE_CRC_READ_CALLS	0
APPEND_4K_1M_NODE_CRC_READ_SAMPLES	0
APPEND_4K_1M_NODE_CRC_READ_SAMPLE_TICKS	0
APPEND_4K_1M_NODE_CRC_WRITE_CALLS	0
APPEND_4K_1M_NODE_CRC_WRITE_SAMPLES	0
APPEND_4K_1M_NODE_CRC_WRITE_SAMPLE_TICKS	0
APPEND_4K_1M_CLOCK_PAIR_TICKS	0
APPEND_4K_1M_FREE_TREE_RESERVE_RETURN_CALLS	0
APPEND_4K_1M_FREE_TREE_RESERVE_RETURN_RUNS	0
APPEND_4K_1M_FREE_TREE_RESERVE_RETURN_BLOCKS	0
APPEND_4K_1M_FREE_TREE_RESERVE_RETURN_RUNS_1_BLOCK	0
APPEND_4K_1M_FREE_TREE_RESERVE_RETURN_RUNS_2_3_BLOCKS	0
APPEND_4K_1M_FREE_TREE_RESERVE_RETURN_RUNS_4_7_BLOCKS	0
APPEND_4K_1M_FREE_TREE_RESERVE_RETURN_RUNS_8_PLUS_BLOCKS	0
APPEND_4K_1M_FREE_TREE_RESERVE_RETURN_MAX_RUN_BLOCKS	0
APPEND_4K_1M_FREE_TREE_RESERVE_RETURN_MAX_NODE_WRITES_PER_RUN	0
APPEND_4K_1M_POST_PUBLISH_RECLAIM_PASSES	0
APPEND_4K_1M_MAX_POST_PUBLISH_RECLAIM_PASSES_PER_COMMIT	0
APPEND_4K_1M_SUPERBLOCK_PUBLICATIONS	0
APPEND_4K_1M_FREE_TREE_RESERVE_RETURN_RUN_NODE_WRITES	0
APPEND_4K_1M_FREE_TREE_RESERVE_RETURN_BATCH_CALLS	0
APPEND_4K_1M_FREE_TREE_RESERVE_RETURN_BATCH_BLOCKS	0
APPEND_4K_1M_FREE_TREE_RESERVE_RETURN_BATCH_NODE_WRITES	0
APPEND_4K_1M_FREE_TREE_RESERVE_RETURN_SKIP_SHAPE	0
APPEND_4K_1M_FREE_TREE_RESERVE_RETURN_SKIP_SMALL	0
APPEND_4K_1M_FREE_TREE_RESERVE_RETURN_SKIP_EMERGENCY	0
APPEND_4K_1M_FREE_TREE_RESERVE_RETURN_SKIP_CAPACITY	0
APPEND_4K_1M_SEALED_COMMITS	0
APPEND_4K_1M_SEALED_METADATA_FENCES	0
APPEND_4K_1M_BTREE_MALLOC_CALLS	0
APPEND_4K_1M_BTREE_MALLOC_SAMPLES	0
APPEND_4K_1M_BTREE_MALLOC_SAMPLE_TICKS	0
APPEND_4K_1M_BTREE_FREE_CALLS	1
APPEND_4K_1M_BTREE_FREE_SAMPLES	1
APPEND_4K_1M_BTREE_FREE_SAMPLE_TICKS	0
APPEND_4K_1M_IFACE_ALLOC_CALLS	0
APPEND_4K_1M_IFACE_ALLOC_SAMPLES	0
APPEND_4K_1M_IFACE_ALLOC_SAMPLE_TICKS	0
APPEND_4K_1M_FREESPACE_ALLOC_SAMPLES	256
APPEND_4K_1M_FREESPACE_ALLOC_SAMPLE_TICKS	10964
APPEND_4K_1M_PACKET_CALLS	258
APPEND_4K_1M_PACKET_SAMPLES	258
APPEND_4K_1M_PACKET_SAMPLE_TICKS	59292
APPEND_4K_1M_PACKET_OPEN_CALLS	1
APPEND_4K_1M_PACKET_OPEN_SAMPLES	1
APPEND_4K_1M_PACKET_OPEN_SAMPLE_TICKS	227
APPEND_4K_1M_PACKET_READ_CALLS	0
APPEND_4K_1M_PACKET_READ_SAMPLES	0
APPEND_4K_1M_PACKET_READ_SAMPLE_TICKS	0
APPEND_4K_1M_PACKET_WRITE_CALLS	256
APPEND_4K_1M_PACKET_WRITE_SAMPLES	256
APPEND_4K_1M_PACKET_WRITE_SAMPLE_TICKS	59065
APPEND_4K_1M_PACKET_END_CALLS	1
APPEND_4K_1M_PACKET_END_SAMPLES	1
APPEND_4K_1M_PACKET_END_SAMPLE_TICKS	0
APPEND_4K_1M_PACKET_DELETE_CALLS	0
APPEND_4K_1M_PACKET_DELETE_SAMPLES	0
APPEND_4K_1M_PACKET_DELETE_SAMPLE_TICKS	0
APPEND_4K_1M_PACKET_FLUSH_CALLS	0
APPEND_4K_1M_PACKET_FLUSH_SAMPLES	0
APPEND_4K_1M_PACKET_FLUSH_SAMPLE_TICKS	0
APPEND_4K_1M_PACKET_OTHER_CALLS	0
APPEND_4K_1M_PACKET_OTHER_SAMPLES	0
APPEND_4K_1M_PACKET_OTHER_SAMPLE_TICKS	0
APPEND_4K_1M_CORE_CREATE_CALLS	1
APPEND_4K_1M_CORE_CREATE_SAMPLES	1
APPEND_4K_1M_CORE_CREATE_SAMPLE_TICKS	136
APPEND_4K_1M_CORE_DELETE_CALLS	0
APPEND_4K_1M_CORE_DELETE_SAMPLES	0
APPEND_4K_1M_CORE_DELETE_SAMPLE_TICKS	0
APPEND_4K_1M_CORE_FILE_WRITE_CALLS	256
APPEND_4K_1M_CORE_FILE_WRITE_SAMPLES	256
APPEND_4K_1M_CORE_FILE_WRITE_SAMPLE_TICKS	56288
APPEND_4K_1M_CORE_SYNC_CALLS	0
APPEND_4K_1M_CORE_SYNC_SAMPLES	0
APPEND_4K_1M_CORE_SYNC_SAMPLE_TICKS	0
APPEND_4K_1M_IFACE_FREE_CALLS	0
APPEND_4K_1M_IFACE_FREE_SAMPLES	0
APPEND_4K_1M_IFACE_FREE_SAMPLE_TICKS	0
APPEND_4K_1M_SEAL_COMMIT_CALLS	0
APPEND_4K_1M_SEAL_COMMIT_SAMPLES	0
APPEND_4K_1M_SEAL_COMMIT_SAMPLE_TICKS	0
APPEND_4K_1M_INODE_READ_CALLS	259
APPEND_4K_1M_BTREE_SEARCH_CALLS	260
APPEND_4K_1M_BTREE_INDEX_HINT_HITS	2
APPEND_4K_1M_BTREE_LEAF_HINT_HITS	0
APPEND_4K_1M_CACHE_READ_CALLS	0
APPEND_4K_1M_CACHE_READ_HITS	0
APPEND_4K_1M_CACHE_READ_MISSES	0
APPEND_4K_1M_FREE_TREE_NODE_VIEWS	256
APPEND_4K_1M_FREE_TREE_RESIDENT_VIEWS	256
APPEND_4K_1M_DIR_TREE_NODE_VIEWS	1
APPEND_4K_1M_DIR_TREE_RESIDENT_VIEWS	1
APPEND_4K_1M_INODE_TREE_NODE_VIEWS	257
APPEND_4K_1M_INODE_TREE_RESIDENT_VIEWS	257
APPEND_4K_1M_REFCOUNT_TREE_NODE_VIEWS	0
APPEND_4K_1M_REFCOUNT_TREE_RESIDENT_VIEWS	0
APPEND_4K_1M_OTHER_TREE_NODE_VIEWS	0
APPEND_4K_1M_OTHER_TREE_RESIDENT_VIEWS	0
APPEND_4K_1M_DIR_TREE_LEAF_NODE_VIEWS	1
APPEND_4K_1M_DIR_TREE_LEAF_RESIDENT_VIEWS	1
APPEND_4K_1M_DIR_TREE_INTERNAL_NODE_VIEWS	0
APPEND_4K_1M_DIR_TREE_INTERNAL_RESIDENT_VIEWS	0
APPEND_4K_1M_INODE_TREE_LEAF_NODE_VIEWS	257
APPEND_4K_1M_INODE_TREE_LEAF_RESIDENT_VIEWS	257
APPEND_4K_1M_INODE_TREE_INTERNAL_NODE_VIEWS	0
APPEND_4K_1M_INODE_TREE_INTERNAL_RESIDENT_VIEWS	0
APPEND_4K_1M_DETAIL_INODE_READ_CALLS	259
APPEND_4K_1M_DETAIL_INODE_READ_SAMPLES	15
APPEND_4K_1M_DETAIL_INODE_READ_SAMPLE_TICKS	305
APPEND_4K_1M_DETAIL_INODE_VALIDATE_CALLS	516
APPEND_4K_1M_DETAIL_INODE_VALIDATE_SAMPLES	30
APPEND_4K_1M_DETAIL_INODE_VALIDATE_SAMPLE_TICKS	46
APPEND_4K_1M_DETAIL_INODE_SEARCH_CALLS	259
APPEND_4K_1M_DETAIL_INODE_SEARCH_SAMPLES	15
APPEND_4K_1M_DETAIL_INODE_SEARCH_SAMPLE_TICKS	229
APPEND_4K_1M_DETAIL_INODE_NODE_VIEW_CALLS	257
APPEND_4K_1M_DETAIL_INODE_NODE_VIEW_SAMPLES	15
APPEND_4K_1M_DETAIL_INODE_NODE_VIEW_SAMPLE_TICKS	37
APPEND_4K_1M_DETAIL_DIR_NODE_VIEW_CALLS	1
APPEND_4K_1M_DETAIL_DIR_NODE_VIEW_SAMPLES	0
APPEND_4K_1M_DETAIL_DIR_NODE_VIEW_SAMPLE_TICKS	0
APPEND_4K_1M_DETAIL_INODE_BINARY_SEARCH_CALLS	515
APPEND_4K_1M_DETAIL_INODE_BINARY_SEARCH_SAMPLES	30
APPEND_4K_1M_DETAIL_INODE_BINARY_SEARCH_SAMPLE_TICKS	6
APPEND_4K_1M_DETAIL_DIR_BINARY_SEARCH_CALLS	2
APPEND_4K_1M_DETAIL_DIR_BINARY_SEARCH_SAMPLES	0
APPEND_4K_1M_DETAIL_DIR_BINARY_SEARCH_SAMPLE_TICKS	0
APPEND_4K_1M_DETAIL_NODE_STRUCTURE_CALLS	0
APPEND_4K_1M_DETAIL_NODE_STRUCTURE_SAMPLES	0
APPEND_4K_1M_DETAIL_NODE_STRUCTURE_SAMPLE_TICKS	0
APPEND_4K_1M_DETAIL_CACHE_PEEK_CALLS	516
APPEND_4K_1M_DETAIL_CACHE_PEEK_SAMPLES	30
APPEND_4K_1M_DETAIL_CACHE_PEEK_SAMPLE_TICKS	45
APPEND_4K_1M_DETAIL_BUFFER_ALLOC_CALLS	514
APPEND_4K_1M_DETAIL_BUFFER_ALLOC_SAMPLES	30
APPEND_4K_1M_DETAIL_BUFFER_ALLOC_SAMPLE_TICKS	92
APPEND_4K_1M_DETAIL_BUFFER_FREE_CALLS	514
APPEND_4K_1M_DETAIL_BUFFER_FREE_SAMPLES	30
APPEND_4K_1M_DETAIL_BUFFER_FREE_SAMPLE_TICKS	92
APPEND_4K_1M_DETAIL_EXALL_FILL_CALLS	0
APPEND_4K_1M_DETAIL_EXALL_FILL_SAMPLES	0
APPEND_4K_1M_DETAIL_EXALL_FILL_SAMPLE_TICKS	0
APPEND_4K_1M_DEFERRED_NODE_WRITES	0
APPEND_1K_256K_US	75392
APPEND_1K_256K_BIO_READS	64
APPEND_1K_256K_BIO_WRITES	256
APPEND_1K_256K_BIO_UPDATES	0
APPEND_1K_256K_DATA_READS	64
APPEND_1K_256K_DATA_WRITES	256
APPEND_1K_256K_NODE_WRITES	0
APPEND_1K_256K_TXN_COMMITS	0
APPEND_1K_256K_FREESPACE_ALLOCS	64
APPEND_1K_256K_EXTENT_MAPS	64
APPEND_1K_256K_READ_TICKS	2706
APPEND_1K_256K_WRITE_TICKS	7440
APPEND_1K_256K_UPDATE_TICKS	0
APPEND_1K_256K_DATA_READ_TICKS	2706
APPEND_1K_256K_DATA_WRITE_TICKS	7440
APPEND_1K_256K_FREE_TREE_NODE_WRITES	0
APPEND_1K_256K_FREE_TREE_ALLOCATION_BODY_NODE_WRITES	0
APPEND_1K_256K_FREE_TREE_RESERVE_REFILL_NODE_WRITES	0
APPEND_1K_256K_FREE_TREE_RESERVE_RETURN_NODE_WRITES	0
APPEND_1K_256K_FREE_TREE_POST_PUBLISH_PENDING_RECLAIM_NODE_WRITES	0
APPEND_1K_256K_FREE_TREE_OTHER_NODE_WRITES	0
APPEND_1K_256K_DIR_TREE_NODE_WRITES	0
APPEND_1K_256K_INODE_TREE_NODE_WRITES	0
APPEND_1K_256K_REFCOUNT_TREE_NODE_WRITES	0
APPEND_1K_256K_OTHER_TREE_NODE_WRITES	0
APPEND_1K_256K_NODE_CRC_READ_CALLS	0
APPEND_1K_256K_NODE_CRC_READ_SAMPLES	0
APPEND_1K_256K_NODE_CRC_READ_SAMPLE_TICKS	0
APPEND_1K_256K_NODE_CRC_WRITE_CALLS	0
APPEND_1K_256K_NODE_CRC_WRITE_SAMPLES	0
APPEND_1K_256K_NODE_CRC_WRITE_SAMPLE_TICKS	0
APPEND_1K_256K_CLOCK_PAIR_TICKS	0
APPEND_1K_256K_FREE_TREE_RESERVE_RETURN_CALLS	0
APPEND_1K_256K_FREE_TREE_RESERVE_RETURN_RUNS	0
APPEND_1K_256K_FREE_TREE_RESERVE_RETURN_BLOCKS	0
APPEND_1K_256K_FREE_TREE_RESERVE_RETURN_RUNS_1_BLOCK	0
APPEND_1K_256K_FREE_TREE_RESERVE_RETURN_RUNS_2_3_BLOCKS	0
APPEND_1K_256K_FREE_TREE_RESERVE_RETURN_RUNS_4_7_BLOCKS	0
APPEND_1K_256K_FREE_TREE_RESERVE_RETURN_RUNS_8_PLUS_BLOCKS	0
APPEND_1K_256K_FREE_TREE_RESERVE_RETURN_MAX_RUN_BLOCKS	0
APPEND_1K_256K_FREE_TREE_RESERVE_RETURN_MAX_NODE_WRITES_PER_RUN	0
APPEND_1K_256K_POST_PUBLISH_RECLAIM_PASSES	0
APPEND_1K_256K_MAX_POST_PUBLISH_RECLAIM_PASSES_PER_COMMIT	0
APPEND_1K_256K_SUPERBLOCK_PUBLICATIONS	0
APPEND_1K_256K_FREE_TREE_RESERVE_RETURN_RUN_NODE_WRITES	0
APPEND_1K_256K_FREE_TREE_RESERVE_RETURN_BATCH_CALLS	0
APPEND_1K_256K_FREE_TREE_RESERVE_RETURN_BATCH_BLOCKS	0
APPEND_1K_256K_FREE_TREE_RESERVE_RETURN_BATCH_NODE_WRITES	0
APPEND_1K_256K_FREE_TREE_RESERVE_RETURN_SKIP_SHAPE	0
APPEND_1K_256K_FREE_TREE_RESERVE_RETURN_SKIP_SMALL	0
APPEND_1K_256K_FREE_TREE_RESERVE_RETURN_SKIP_EMERGENCY	0
APPEND_1K_256K_FREE_TREE_RESERVE_RETURN_SKIP_CAPACITY	0
APPEND_1K_256K_SEALED_COMMITS	0
APPEND_1K_256K_SEALED_METADATA_FENCES	0
APPEND_1K_256K_BTREE_MALLOC_CALLS	0
APPEND_1K_256K_BTREE_MALLOC_SAMPLES	0
APPEND_1K_256K_BTREE_MALLOC_SAMPLE_TICKS	0
APPEND_1K_256K_BTREE_FREE_CALLS	1
APPEND_1K_256K_BTREE_FREE_SAMPLES	1
APPEND_1K_256K_BTREE_FREE_SAMPLE_TICKS	0
APPEND_1K_256K_IFACE_ALLOC_CALLS	0
APPEND_1K_256K_IFACE_ALLOC_SAMPLES	0
APPEND_1K_256K_IFACE_ALLOC_SAMPLE_TICKS	0
APPEND_1K_256K_FREESPACE_ALLOC_SAMPLES	64
APPEND_1K_256K_FREESPACE_ALLOC_SAMPLE_TICKS	2842
APPEND_1K_256K_PACKET_CALLS	258
APPEND_1K_256K_PACKET_SAMPLES	258
APPEND_1K_256K_PACKET_SAMPLE_TICKS	49342
APPEND_1K_256K_PACKET_OPEN_CALLS	1
APPEND_1K_256K_PACKET_OPEN_SAMPLES	1
APPEND_1K_256K_PACKET_OPEN_SAMPLE_TICKS	227
APPEND_1K_256K_PACKET_READ_CALLS	0
APPEND_1K_256K_PACKET_READ_SAMPLES	0
APPEND_1K_256K_PACKET_READ_SAMPLE_TICKS	0
APPEND_1K_256K_PACKET_WRITE_CALLS	256
APPEND_1K_256K_PACKET_WRITE_SAMPLES	256
APPEND_1K_256K_PACKET_WRITE_SAMPLE_TICKS	49115
APPEND_1K_256K_PACKET_END_CALLS	1
APPEND_1K_256K_PACKET_END_SAMPLES	1
APPEND_1K_256K_PACKET_END_SAMPLE_TICKS	0
APPEND_1K_256K_PACKET_DELETE_CALLS	0
APPEND_1K_256K_PACKET_DELETE_SAMPLES	0
APPEND_1K_256K_PACKET_DELETE_SAMPLE_TICKS	0
APPEND_1K_256K_PACKET_FLUSH_CALLS	0
APPEND_1K_256K_PACKET_FLUSH_SAMPLES	0
APPEND_1K_256K_PACKET_FLUSH_SAMPLE_TICKS	0
APPEND_1K_256K_PACKET_OTHER_CALLS	0
APPEND_1K_256K_PACKET_OTHER_SAMPLES	0
APPEND_1K_256K_PACKET_OTHER_SAMPLE_TICKS	0
APPEND_1K_256K_CORE_CREATE_CALLS	1
APPEND_1K_256K_CORE_CREATE_SAMPLES	1
APPEND_1K_256K_CORE_CREATE_SAMPLE_TICKS	137
APPEND_1K_256K_CORE_DELETE_CALLS	0
APPEND_1K_256K_CORE_DELETE_SAMPLES	0
APPEND_1K_256K_CORE_DELETE_SAMPLE_TICKS	0
APPEND_1K_256K_CORE_FILE_WRITE_CALLS	256
APPEND_1K_256K_CORE_FILE_WRITE_SAMPLES	256
APPEND_1K_256K_CORE_FILE_WRITE_SAMPLE_TICKS	46501
APPEND_1K_256K_CORE_SYNC_CALLS	0
APPEND_1K_256K_CORE_SYNC_SAMPLES	0
APPEND_1K_256K_CORE_SYNC_SAMPLE_TICKS	0
APPEND_1K_256K_IFACE_FREE_CALLS	0
APPEND_1K_256K_IFACE_FREE_SAMPLES	0
APPEND_1K_256K_IFACE_FREE_SAMPLE_TICKS	0
APPEND_1K_256K_SEAL_COMMIT_CALLS	0
APPEND_1K_256K_SEAL_COMMIT_SAMPLES	0
APPEND_1K_256K_SEAL_COMMIT_SAMPLE_TICKS	0
APPEND_1K_256K_INODE_READ_CALLS	259
APPEND_1K_256K_BTREE_SEARCH_CALLS	260
APPEND_1K_256K_BTREE_INDEX_HINT_HITS	2
APPEND_1K_256K_BTREE_LEAF_HINT_HITS	0
APPEND_1K_256K_CACHE_READ_CALLS	192
APPEND_1K_256K_CACHE_READ_HITS	128
APPEND_1K_256K_CACHE_READ_MISSES	64
APPEND_1K_256K_FREE_TREE_NODE_VIEWS	64
APPEND_1K_256K_FREE_TREE_RESIDENT_VIEWS	64
APPEND_1K_256K_DIR_TREE_NODE_VIEWS	1
APPEND_1K_256K_DIR_TREE_RESIDENT_VIEWS	1
APPEND_1K_256K_INODE_TREE_NODE_VIEWS	257
APPEND_1K_256K_INODE_TREE_RESIDENT_VIEWS	257
APPEND_1K_256K_REFCOUNT_TREE_NODE_VIEWS	0
APPEND_1K_256K_REFCOUNT_TREE_RESIDENT_VIEWS	0
APPEND_1K_256K_OTHER_TREE_NODE_VIEWS	0
APPEND_1K_256K_OTHER_TREE_RESIDENT_VIEWS	0
APPEND_1K_256K_DIR_TREE_LEAF_NODE_VIEWS	1
APPEND_1K_256K_DIR_TREE_LEAF_RESIDENT_VIEWS	1
APPEND_1K_256K_DIR_TREE_INTERNAL_NODE_VIEWS	0
APPEND_1K_256K_DIR_TREE_INTERNAL_RESIDENT_VIEWS	0
APPEND_1K_256K_INODE_TREE_LEAF_NODE_VIEWS	257
APPEND_1K_256K_INODE_TREE_LEAF_RESIDENT_VIEWS	257
APPEND_1K_256K_INODE_TREE_INTERNAL_NODE_VIEWS	0
APPEND_1K_256K_INODE_TREE_INTERNAL_RESIDENT_VIEWS	0
APPEND_1K_256K_DETAIL_INODE_READ_CALLS	259
APPEND_1K_256K_DETAIL_INODE_READ_SAMPLES	15
APPEND_1K_256K_DETAIL_INODE_READ_SAMPLE_TICKS	588
APPEND_1K_256K_DETAIL_INODE_VALIDATE_CALLS	516
APPEND_1K_256K_DETAIL_INODE_VALIDATE_SAMPLES	30
APPEND_1K_256K_DETAIL_INODE_VALIDATE_SAMPLE_TICKS	130
APPEND_1K_256K_DETAIL_INODE_SEARCH_CALLS	259
APPEND_1K_256K_DETAIL_INODE_SEARCH_SAMPLES	15
APPEND_1K_256K_DETAIL_INODE_SEARCH_SAMPLE_TICKS	579
APPEND_1K_256K_DETAIL_INODE_NODE_VIEW_CALLS	257
APPEND_1K_256K_DETAIL_INODE_NODE_VIEW_SAMPLES	15
APPEND_1K_256K_DETAIL_INODE_NODE_VIEW_SAMPLE_TICKS	173
APPEND_1K_256K_DETAIL_DIR_NODE_VIEW_CALLS	1
APPEND_1K_256K_DETAIL_DIR_NODE_VIEW_SAMPLES	0
APPEND_1K_256K_DETAIL_DIR_NODE_VIEW_SAMPLE_TICKS	0
APPEND_1K_256K_DETAIL_INODE_BINARY_SEARCH_CALLS	515
APPEND_1K_256K_DETAIL_INODE_BINARY_SEARCH_SAMPLES	30
APPEND_1K_256K_DETAIL_INODE_BINARY_SEARCH_SAMPLE_TICKS	12
APPEND_1K_256K_DETAIL_DIR_BINARY_SEARCH_CALLS	2
APPEND_1K_256K_DETAIL_DIR_BINARY_SEARCH_SAMPLES	0
APPEND_1K_256K_DETAIL_DIR_BINARY_SEARCH_SAMPLE_TICKS	0
APPEND_1K_256K_DETAIL_NODE_STRUCTURE_CALLS	0
APPEND_1K_256K_DETAIL_NODE_STRUCTURE_SAMPLES	0
APPEND_1K_256K_DETAIL_NODE_STRUCTURE_SAMPLE_TICKS	0
APPEND_1K_256K_DETAIL_CACHE_PEEK_CALLS	324
APPEND_1K_256K_DETAIL_CACHE_PEEK_SAMPLES	19
APPEND_1K_256K_DETAIL_CACHE_PEEK_SAMPLE_TICKS	90
APPEND_1K_256K_DETAIL_BUFFER_ALLOC_CALLS	322
APPEND_1K_256K_DETAIL_BUFFER_ALLOC_SAMPLES	18
APPEND_1K_256K_DETAIL_BUFFER_ALLOC_SAMPLE_TICKS	90
APPEND_1K_256K_DETAIL_BUFFER_FREE_CALLS	322
APPEND_1K_256K_DETAIL_BUFFER_FREE_SAMPLES	18
APPEND_1K_256K_DETAIL_BUFFER_FREE_SAMPLE_TICKS	0
APPEND_1K_256K_DETAIL_EXALL_FILL_CALLS	0
APPEND_1K_256K_DETAIL_EXALL_FILL_SAMPLES	0
APPEND_1K_256K_DETAIL_EXALL_FILL_SAMPLE_TICKS	0
APPEND_1K_256K_DEFERRED_NODE_WRITES	0
APPEND_READ_1280K_US	45056
APPEND_READ_1280K_BIO_READS	50
APPEND_READ_1280K_BIO_WRITES	0
APPEND_READ_1280K_BIO_UPDATES	0
APPEND_READ_1280K_DATA_READS	50
APPEND_READ_1280K_DATA_WRITES	0
APPEND_READ_1280K_NODE_WRITES	0
APPEND_READ_1280K_TXN_COMMITS	0
APPEND_READ_1280K_FREESPACE_ALLOCS	0
APPEND_READ_1280K_EXTENT_MAPS	0
APPEND_READ_1280K_READ_TICKS	2675
APPEND_READ_1280K_WRITE_TICKS	0
APPEND_READ_1280K_UPDATE_TICKS	0
APPEND_READ_1280K_DATA_READ_TICKS	2675
APPEND_READ_1280K_DATA_WRITE_TICKS	0
APPEND_READ_1280K_FREE_TREE_NODE_WRITES	0
APPEND_READ_1280K_FREE_TREE_ALLOCATION_BODY_NODE_WRITES	0
APPEND_READ_1280K_FREE_TREE_RESERVE_REFILL_NODE_WRITES	0
APPEND_READ_1280K_FREE_TREE_RESERVE_RETURN_NODE_WRITES	0
APPEND_READ_1280K_FREE_TREE_POST_PUBLISH_PENDING_RECLAIM_NODE_WRITES	0
APPEND_READ_1280K_FREE_TREE_OTHER_NODE_WRITES	0
APPEND_READ_1280K_DIR_TREE_NODE_WRITES	0
APPEND_READ_1280K_INODE_TREE_NODE_WRITES	0
APPEND_READ_1280K_REFCOUNT_TREE_NODE_WRITES	0
APPEND_READ_1280K_OTHER_TREE_NODE_WRITES	0
APPEND_READ_1280K_NODE_CRC_READ_CALLS	0
APPEND_READ_1280K_NODE_CRC_READ_SAMPLES	0
APPEND_READ_1280K_NODE_CRC_READ_SAMPLE_TICKS	0
APPEND_READ_1280K_NODE_CRC_WRITE_CALLS	0
APPEND_READ_1280K_NODE_CRC_WRITE_SAMPLES	0
APPEND_READ_1280K_NODE_CRC_WRITE_SAMPLE_TICKS	0
APPEND_READ_1280K_CLOCK_PAIR_TICKS	0
APPEND_READ_1280K_FREE_TREE_RESERVE_RETURN_CALLS	0
APPEND_READ_1280K_FREE_TREE_RESERVE_RETURN_RUNS	0
APPEND_READ_1280K_FREE_TREE_RESERVE_RETURN_BLOCKS	0
APPEND_READ_1280K_FREE_TREE_RESERVE_RETURN_RUNS_1_BLOCK	0
APPEND_READ_1280K_FREE_TREE_RESERVE_RETURN_RUNS_2_3_BLOCKS	0
APPEND_READ_1280K_FREE_TREE_RESERVE_RETURN_RUNS_4_7_BLOCKS	0
APPEND_READ_1280K_FREE_TREE_RESERVE_RETURN_RUNS_8_PLUS_BLOCKS	0
APPEND_READ_1280K_FREE_TREE_RESERVE_RETURN_MAX_RUN_BLOCKS	0
APPEND_READ_1280K_FREE_TREE_RESERVE_RETURN_MAX_NODE_WRITES_PER_RUN	0
APPEND_READ_1280K_POST_PUBLISH_RECLAIM_PASSES	0
APPEND_READ_1280K_MAX_POST_PUBLISH_RECLAIM_PASSES_PER_COMMIT	0
APPEND_READ_1280K_SUPERBLOCK_PUBLICATIONS	0
APPEND_READ_1280K_FREE_TREE_RESERVE_RETURN_RUN_NODE_WRITES	0
APPEND_READ_1280K_FREE_TREE_RESERVE_RETURN_BATCH_CALLS	0
APPEND_READ_1280K_FREE_TREE_RESERVE_RETURN_BATCH_BLOCKS	0
APPEND_READ_1280K_FREE_TREE_RESERVE_RETURN_BATCH_NODE_WRITES	0
APPEND_READ_1280K_FREE_TREE_RESERVE_RETURN_SKIP_SHAPE	0
APPEND_READ_1280K_FREE_TREE_RESERVE_RETURN_SKIP_SMALL	0
APPEND_READ_1280K_FREE_TREE_RESERVE_RETURN_SKIP_EMERGENCY	0
APPEND_READ_1280K_FREE_TREE_RESERVE_RETURN_SKIP_CAPACITY	0
APPEND_READ_1280K_SEALED_COMMITS	0
APPEND_READ_1280K_SEALED_METADATA_FENCES	0
APPEND_READ_1280K_BTREE_MALLOC_CALLS	0
APPEND_READ_1280K_BTREE_MALLOC_SAMPLES	0
APPEND_READ_1280K_BTREE_MALLOC_SAMPLE_TICKS	0
APPEND_READ_1280K_BTREE_FREE_CALLS	0
APPEND_READ_1280K_BTREE_FREE_SAMPLES	0
APPEND_READ_1280K_BTREE_FREE_SAMPLE_TICKS	0
APPEND_READ_1280K_IFACE_ALLOC_CALLS	0
APPEND_READ_1280K_IFACE_ALLOC_SAMPLES	0
APPEND_READ_1280K_IFACE_ALLOC_SAMPLE_TICKS	0
APPEND_READ_1280K_FREESPACE_ALLOC_SAMPLES	0
APPEND_READ_1280K_FREESPACE_ALLOC_SAMPLE_TICKS	0
APPEND_READ_1280K_PACKET_CALLS	26
APPEND_READ_1280K_PACKET_SAMPLES	26
APPEND_READ_1280K_PACKET_SAMPLE_TICKS	4858
APPEND_READ_1280K_PACKET_OPEN_CALLS	2
APPEND_READ_1280K_PACKET_OPEN_SAMPLES	2
APPEND_READ_1280K_PACKET_OPEN_SAMPLE_TICKS	224
APPEND_READ_1280K_PACKET_READ_CALLS	22
APPEND_READ_1280K_PACKET_READ_SAMPLES	22
APPEND_READ_1280K_PACKET_READ_SAMPLE_TICKS	4634
APPEND_READ_1280K_PACKET_WRITE_CALLS	0
APPEND_READ_1280K_PACKET_WRITE_SAMPLES	0
APPEND_READ_1280K_PACKET_WRITE_SAMPLE_TICKS	0
APPEND_READ_1280K_PACKET_END_CALLS	2
APPEND_READ_1280K_PACKET_END_SAMPLES	2
APPEND_READ_1280K_PACKET_END_SAMPLE_TICKS	0
APPEND_READ_1280K_PACKET_DELETE_CALLS	0
APPEND_READ_1280K_PACKET_DELETE_SAMPLES	0
APPEND_READ_1280K_PACKET_DELETE_SAMPLE_TICKS	0
APPEND_READ_1280K_PACKET_FLUSH_CALLS	0
APPEND_READ_1280K_PACKET_FLUSH_SAMPLES	0
APPEND_READ_1280K_PACKET_FLUSH_SAMPLE_TICKS	0
APPEND_READ_1280K_PACKET_OTHER_CALLS	0
APPEND_READ_1280K_PACKET_OTHER_SAMPLES	0
APPEND_READ_1280K_PACKET_OTHER_SAMPLE_TICKS	0
APPEND_READ_1280K_CORE_CREATE_CALLS	0
APPEND_READ_1280K_CORE_CREATE_SAMPLES	0
APPEND_READ_1280K_CORE_CREATE_SAMPLE_TICKS	0
APPEND_READ_1280K_CORE_DELETE_CALLS	0
APPEND_READ_1280K_CORE_DELETE_SAMPLES	0
APPEND_READ_1280K_CORE_DELETE_SAMPLE_TICKS	0
APPEND_READ_1280K_CORE_FILE_WRITE_CALLS	0
APPEND_READ_1280K_CORE_FILE_WRITE_SAMPLES	0
APPEND_READ_1280K_CORE_FILE_WRITE_SAMPLE_TICKS	0
APPEND_READ_1280K_CORE_SYNC_CALLS	0
APPEND_READ_1280K_CORE_SYNC_SAMPLES	0
APPEND_READ_1280K_CORE_SYNC_SAMPLE_TICKS	0
APPEND_READ_1280K_IFACE_FREE_CALLS	0
APPEND_READ_1280K_IFACE_FREE_SAMPLES	0
APPEND_READ_1280K_IFACE_FREE_SAMPLE_TICKS	0
APPEND_READ_1280K_SEAL_COMMIT_CALLS	0
APPEND_READ_1280K_SEAL_COMMIT_SAMPLES	0
APPEND_READ_1280K_SEAL_COMMIT_SAMPLE_TICKS	0
APPEND_READ_1280K_INODE_READ_CALLS	48
APPEND_READ_1280K_BTREE_SEARCH_CALLS	50
APPEND_READ_1280K_BTREE_INDEX_HINT_HITS	46
APPEND_READ_1280K_BTREE_LEAF_HINT_HITS	2
APPEND_READ_1280K_CACHE_READ_CALLS	32
APPEND_READ_1280K_CACHE_READ_HITS	0
APPEND_READ_1280K_CACHE_READ_MISSES	32
APPEND_READ_1280K_FREE_TREE_NODE_VIEWS	0
APPEND_READ_1280K_FREE_TREE_RESIDENT_VIEWS	0
APPEND_READ_1280K_DIR_TREE_NODE_VIEWS	1
APPEND_READ_1280K_DIR_TREE_RESIDENT_VIEWS	1
APPEND_READ_1280K_INODE_TREE_NODE_VIEWS	1
APPEND_READ_1280K_INODE_TREE_RESIDENT_VIEWS	1
APPEND_READ_1280K_REFCOUNT_TREE_NODE_VIEWS	0
APPEND_READ_1280K_REFCOUNT_TREE_RESIDENT_VIEWS	0
APPEND_READ_1280K_OTHER_TREE_NODE_VIEWS	0
APPEND_READ_1280K_OTHER_TREE_RESIDENT_VIEWS	0
APPEND_READ_1280K_DIR_TREE_LEAF_NODE_VIEWS	1
APPEND_READ_1280K_DIR_TREE_LEAF_RESIDENT_VIEWS	1
APPEND_READ_1280K_DIR_TREE_INTERNAL_NODE_VIEWS	0
APPEND_READ_1280K_DIR_TREE_INTERNAL_RESIDENT_VIEWS	0
APPEND_READ_1280K_INODE_TREE_LEAF_NODE_VIEWS	1
APPEND_READ_1280K_INODE_TREE_LEAF_RESIDENT_VIEWS	1
APPEND_READ_1280K_INODE_TREE_INTERNAL_NODE_VIEWS	0
APPEND_READ_1280K_INODE_TREE_INTERNAL_RESIDENT_VIEWS	0
APPEND_READ_1280K_DETAIL_INODE_READ_CALLS	48
APPEND_READ_1280K_DETAIL_INODE_READ_SAMPLES	2
APPEND_READ_1280K_DETAIL_INODE_READ_SAMPLE_TICKS	0
APPEND_READ_1280K_DETAIL_INODE_VALIDATE_CALLS	48
APPEND_READ_1280K_DETAIL_INODE_VALIDATE_SAMPLES	2
APPEND_READ_1280K_DETAIL_INODE_VALIDATE_SAMPLE_TICKS	0
APPEND_READ_1280K_DETAIL_INODE_SEARCH_CALLS	48
APPEND_READ_1280K_DETAIL_INODE_SEARCH_SAMPLES	2
APPEND_READ_1280K_DETAIL_INODE_SEARCH_SAMPLE_TICKS	0
APPEND_READ_1280K_DETAIL_INODE_NODE_VIEW_CALLS	1
APPEND_READ_1280K_DETAIL_INODE_NODE_VIEW_SAMPLES	0
APPEND_READ_1280K_DETAIL_INODE_NODE_VIEW_SAMPLE_TICKS	0
APPEND_READ_1280K_DETAIL_DIR_NODE_VIEW_CALLS	1
APPEND_READ_1280K_DETAIL_DIR_NODE_VIEW_SAMPLES	0
APPEND_READ_1280K_DETAIL_DIR_NODE_VIEW_SAMPLE_TICKS	0
APPEND_READ_1280K_DETAIL_INODE_BINARY_SEARCH_CALLS	2
APPEND_READ_1280K_DETAIL_INODE_BINARY_SEARCH_SAMPLES	0
APPEND_READ_1280K_DETAIL_INODE_BINARY_SEARCH_SAMPLE_TICKS	0
APPEND_READ_1280K_DETAIL_DIR_BINARY_SEARCH_CALLS	2
APPEND_READ_1280K_DETAIL_DIR_BINARY_SEARCH_SAMPLES	0
APPEND_READ_1280K_DETAIL_DIR_BINARY_SEARCH_SAMPLE_TICKS	0
APPEND_READ_1280K_DETAIL_NODE_STRUCTURE_CALLS	0
APPEND_READ_1280K_DETAIL_NODE_STRUCTURE_SAMPLES	0
APPEND_READ_1280K_DETAIL_NODE_STRUCTURE_SAMPLE_TICKS	0
APPEND_READ_1280K_DETAIL_CACHE_PEEK_CALLS	50
APPEND_READ_1280K_DETAIL_CACHE_PEEK_SAMPLES	2
APPEND_READ_1280K_DETAIL_CACHE_PEEK_SAMPLE_TICKS	0
APPEND_READ_1280K_DETAIL_BUFFER_ALLOC_CALLS	2
APPEND_READ_1280K_DETAIL_BUFFER_ALLOC_SAMPLES	0
APPEND_READ_1280K_DETAIL_BUFFER_ALLOC_SAMPLE_TICKS	0
APPEND_READ_1280K_DETAIL_BUFFER_FREE_CALLS	2
APPEND_READ_1280K_DETAIL_BUFFER_FREE_SAMPLES	0
APPEND_READ_1280K_DETAIL_BUFFER_FREE_SAMPLE_TICKS	0
APPEND_READ_1280K_DETAIL_EXALL_FILL_CALLS	0
APPEND_READ_1280K_DETAIL_EXALL_FILL_SAMPLES	0
APPEND_READ_1280K_DETAIL_EXALL_FILL_SAMPLE_TICKS	0
APPEND_READ_1280K_DEFERRED_NODE_WRITES	0
LIST_EXNEXT_40_ENTRIES_FIRST_PASS_US	7168
LIST_EXNEXT_40_ENTRIES_FIRST_PASS_BIO_READS	7
LIST_EXNEXT_40_ENTRIES_FIRST_PASS_BIO_WRITES	0
LIST_EXNEXT_40_ENTRIES_FIRST_PASS_BIO_UPDATES	0
LIST_EXNEXT_40_ENTRIES_FIRST_PASS_DATA_READS	0
LIST_EXNEXT_40_ENTRIES_FIRST_PASS_DATA_WRITES	0
LIST_EXNEXT_40_ENTRIES_FIRST_PASS_NODE_WRITES	0
LIST_EXNEXT_40_ENTRIES_FIRST_PASS_TXN_COMMITS	0
LIST_EXNEXT_40_ENTRIES_FIRST_PASS_FREESPACE_ALLOCS	0
LIST_EXNEXT_40_ENTRIES_FIRST_PASS_EXTENT_MAPS	0
LIST_EXNEXT_40_ENTRIES_FIRST_PASS_READ_TICKS	362
LIST_EXNEXT_40_ENTRIES_FIRST_PASS_WRITE_TICKS	0
LIST_EXNEXT_40_ENTRIES_FIRST_PASS_UPDATE_TICKS	0
LIST_EXNEXT_40_ENTRIES_FIRST_PASS_DATA_READ_TICKS	0
LIST_EXNEXT_40_ENTRIES_FIRST_PASS_DATA_WRITE_TICKS	0
LIST_EXNEXT_40_ENTRIES_FIRST_PASS_FREE_TREE_NODE_WRITES	0
LIST_EXNEXT_40_ENTRIES_FIRST_PASS_FREE_TREE_ALLOCATION_BODY_NODE_WRITES	0
LIST_EXNEXT_40_ENTRIES_FIRST_PASS_FREE_TREE_RESERVE_REFILL_NODE_WRITES	0
LIST_EXNEXT_40_ENTRIES_FIRST_PASS_FREE_TREE_RESERVE_RETURN_NODE_WRITES	0
LIST_EXNEXT_40_ENTRIES_FIRST_PASS_FREE_TREE_POST_PUBLISH_PENDING_RECLAIM_NODE_WRITES	0
LIST_EXNEXT_40_ENTRIES_FIRST_PASS_FREE_TREE_OTHER_NODE_WRITES	0
LIST_EXNEXT_40_ENTRIES_FIRST_PASS_DIR_TREE_NODE_WRITES	0
LIST_EXNEXT_40_ENTRIES_FIRST_PASS_INODE_TREE_NODE_WRITES	0
LIST_EXNEXT_40_ENTRIES_FIRST_PASS_REFCOUNT_TREE_NODE_WRITES	0
LIST_EXNEXT_40_ENTRIES_FIRST_PASS_OTHER_TREE_NODE_WRITES	0
LIST_EXNEXT_40_ENTRIES_FIRST_PASS_NODE_CRC_READ_CALLS	7
LIST_EXNEXT_40_ENTRIES_FIRST_PASS_NODE_CRC_READ_SAMPLES	0
LIST_EXNEXT_40_ENTRIES_FIRST_PASS_NODE_CRC_READ_SAMPLE_TICKS	0
LIST_EXNEXT_40_ENTRIES_FIRST_PASS_NODE_CRC_WRITE_CALLS	0
LIST_EXNEXT_40_ENTRIES_FIRST_PASS_NODE_CRC_WRITE_SAMPLES	0
LIST_EXNEXT_40_ENTRIES_FIRST_PASS_NODE_CRC_WRITE_SAMPLE_TICKS	0
LIST_EXNEXT_40_ENTRIES_FIRST_PASS_CLOCK_PAIR_TICKS	0
LIST_EXNEXT_40_ENTRIES_FIRST_PASS_FREE_TREE_RESERVE_RETURN_CALLS	0
LIST_EXNEXT_40_ENTRIES_FIRST_PASS_FREE_TREE_RESERVE_RETURN_RUNS	0
LIST_EXNEXT_40_ENTRIES_FIRST_PASS_FREE_TREE_RESERVE_RETURN_BLOCKS	0
LIST_EXNEXT_40_ENTRIES_FIRST_PASS_FREE_TREE_RESERVE_RETURN_RUNS_1_BLOCK	0
LIST_EXNEXT_40_ENTRIES_FIRST_PASS_FREE_TREE_RESERVE_RETURN_RUNS_2_3_BLOCKS	0
LIST_EXNEXT_40_ENTRIES_FIRST_PASS_FREE_TREE_RESERVE_RETURN_RUNS_4_7_BLOCKS	0
LIST_EXNEXT_40_ENTRIES_FIRST_PASS_FREE_TREE_RESERVE_RETURN_RUNS_8_PLUS_BLOCKS	0
LIST_EXNEXT_40_ENTRIES_FIRST_PASS_FREE_TREE_RESERVE_RETURN_MAX_RUN_BLOCKS	0
LIST_EXNEXT_40_ENTRIES_FIRST_PASS_FREE_TREE_RESERVE_RETURN_MAX_NODE_WRITES_PER_RUN	0
LIST_EXNEXT_40_ENTRIES_FIRST_PASS_POST_PUBLISH_RECLAIM_PASSES	0
LIST_EXNEXT_40_ENTRIES_FIRST_PASS_MAX_POST_PUBLISH_RECLAIM_PASSES_PER_COMMIT	0
LIST_EXNEXT_40_ENTRIES_FIRST_PASS_SUPERBLOCK_PUBLICATIONS	0
LIST_EXNEXT_40_ENTRIES_FIRST_PASS_FREE_TREE_RESERVE_RETURN_RUN_NODE_WRITES	0
LIST_EXNEXT_40_ENTRIES_FIRST_PASS_FREE_TREE_RESERVE_RETURN_BATCH_CALLS	0
LIST_EXNEXT_40_ENTRIES_FIRST_PASS_FREE_TREE_RESERVE_RETURN_BATCH_BLOCKS	0
LIST_EXNEXT_40_ENTRIES_FIRST_PASS_FREE_TREE_RESERVE_RETURN_BATCH_NODE_WRITES	0
LIST_EXNEXT_40_ENTRIES_FIRST_PASS_FREE_TREE_RESERVE_RETURN_SKIP_SHAPE	0
LIST_EXNEXT_40_ENTRIES_FIRST_PASS_FREE_TREE_RESERVE_RETURN_SKIP_SMALL	0
LIST_EXNEXT_40_ENTRIES_FIRST_PASS_FREE_TREE_RESERVE_RETURN_SKIP_EMERGENCY	0
LIST_EXNEXT_40_ENTRIES_FIRST_PASS_FREE_TREE_RESERVE_RETURN_SKIP_CAPACITY	0
LIST_EXNEXT_40_ENTRIES_FIRST_PASS_SEALED_COMMITS	0
LIST_EXNEXT_40_ENTRIES_FIRST_PASS_SEALED_METADATA_FENCES	0
LIST_EXNEXT_40_ENTRIES_FIRST_PASS_BTREE_MALLOC_CALLS	5
LIST_EXNEXT_40_ENTRIES_FIRST_PASS_BTREE_MALLOC_SAMPLES	5
LIST_EXNEXT_40_ENTRIES_FIRST_PASS_BTREE_MALLOC_SAMPLE_TICKS	46
LIST_EXNEXT_40_ENTRIES_FIRST_PASS_BTREE_FREE_CALLS	43
LIST_EXNEXT_40_ENTRIES_FIRST_PASS_BTREE_FREE_SAMPLES	43
LIST_EXNEXT_40_ENTRIES_FIRST_PASS_BTREE_FREE_SAMPLE_TICKS	89
LIST_EXNEXT_40_ENTRIES_FIRST_PASS_IFACE_ALLOC_CALLS	0
LIST_EXNEXT_40_ENTRIES_FIRST_PASS_IFACE_ALLOC_SAMPLES	0
LIST_EXNEXT_40_ENTRIES_FIRST_PASS_IFACE_ALLOC_SAMPLE_TICKS	0
LIST_EXNEXT_40_ENTRIES_FIRST_PASS_FREESPACE_ALLOC_SAMPLES	0
LIST_EXNEXT_40_ENTRIES_FIRST_PASS_FREESPACE_ALLOC_SAMPLE_TICKS	0
LIST_EXNEXT_40_ENTRIES_FIRST_PASS_PACKET_CALLS	44
LIST_EXNEXT_40_ENTRIES_FIRST_PASS_PACKET_SAMPLES	44
LIST_EXNEXT_40_ENTRIES_FIRST_PASS_PACKET_SAMPLE_TICKS	4184
LIST_EXNEXT_40_ENTRIES_FIRST_PASS_PACKET_OPEN_CALLS	0
LIST_EXNEXT_40_ENTRIES_FIRST_PASS_PACKET_OPEN_SAMPLES	0
LIST_EXNEXT_40_ENTRIES_FIRST_PASS_PACKET_OPEN_SAMPLE_TICKS	0
LIST_EXNEXT_40_ENTRIES_FIRST_PASS_PACKET_READ_CALLS	0
LIST_EXNEXT_40_ENTRIES_FIRST_PASS_PACKET_READ_SAMPLES	0
LIST_EXNEXT_40_ENTRIES_FIRST_PASS_PACKET_READ_SAMPLE_TICKS	0
LIST_EXNEXT_40_ENTRIES_FIRST_PASS_PACKET_WRITE_CALLS	0
LIST_EXNEXT_40_ENTRIES_FIRST_PASS_PACKET_WRITE_SAMPLES	0
LIST_EXNEXT_40_ENTRIES_FIRST_PASS_PACKET_WRITE_SAMPLE_TICKS	0
LIST_EXNEXT_40_ENTRIES_FIRST_PASS_PACKET_END_CALLS	0
LIST_EXNEXT_40_ENTRIES_FIRST_PASS_PACKET_END_SAMPLES	0
LIST_EXNEXT_40_ENTRIES_FIRST_PASS_PACKET_END_SAMPLE_TICKS	0
LIST_EXNEXT_40_ENTRIES_FIRST_PASS_PACKET_DELETE_CALLS	0
LIST_EXNEXT_40_ENTRIES_FIRST_PASS_PACKET_DELETE_SAMPLES	0
LIST_EXNEXT_40_ENTRIES_FIRST_PASS_PACKET_DELETE_SAMPLE_TICKS	0
LIST_EXNEXT_40_ENTRIES_FIRST_PASS_PACKET_FLUSH_CALLS	0
LIST_EXNEXT_40_ENTRIES_FIRST_PASS_PACKET_FLUSH_SAMPLES	0
LIST_EXNEXT_40_ENTRIES_FIRST_PASS_PACKET_FLUSH_SAMPLE_TICKS	0
LIST_EXNEXT_40_ENTRIES_FIRST_PASS_PACKET_OTHER_CALLS	44
LIST_EXNEXT_40_ENTRIES_FIRST_PASS_PACKET_OTHER_SAMPLES	44
LIST_EXNEXT_40_ENTRIES_FIRST_PASS_PACKET_OTHER_SAMPLE_TICKS	4184
LIST_EXNEXT_40_ENTRIES_FIRST_PASS_CORE_CREATE_CALLS	0
LIST_EXNEXT_40_ENTRIES_FIRST_PASS_CORE_CREATE_SAMPLES	0
LIST_EXNEXT_40_ENTRIES_FIRST_PASS_CORE_CREATE_SAMPLE_TICKS	0
LIST_EXNEXT_40_ENTRIES_FIRST_PASS_CORE_DELETE_CALLS	0
LIST_EXNEXT_40_ENTRIES_FIRST_PASS_CORE_DELETE_SAMPLES	0
LIST_EXNEXT_40_ENTRIES_FIRST_PASS_CORE_DELETE_SAMPLE_TICKS	0
LIST_EXNEXT_40_ENTRIES_FIRST_PASS_CORE_FILE_WRITE_CALLS	0
LIST_EXNEXT_40_ENTRIES_FIRST_PASS_CORE_FILE_WRITE_SAMPLES	0
LIST_EXNEXT_40_ENTRIES_FIRST_PASS_CORE_FILE_WRITE_SAMPLE_TICKS	0
LIST_EXNEXT_40_ENTRIES_FIRST_PASS_CORE_SYNC_CALLS	0
LIST_EXNEXT_40_ENTRIES_FIRST_PASS_CORE_SYNC_SAMPLES	0
LIST_EXNEXT_40_ENTRIES_FIRST_PASS_CORE_SYNC_SAMPLE_TICKS	0
LIST_EXNEXT_40_ENTRIES_FIRST_PASS_IFACE_FREE_CALLS	0
LIST_EXNEXT_40_ENTRIES_FIRST_PASS_IFACE_FREE_SAMPLES	0
LIST_EXNEXT_40_ENTRIES_FIRST_PASS_IFACE_FREE_SAMPLE_TICKS	0
LIST_EXNEXT_40_ENTRIES_FIRST_PASS_SEAL_COMMIT_CALLS	0
LIST_EXNEXT_40_ENTRIES_FIRST_PASS_SEAL_COMMIT_SAMPLES	0
LIST_EXNEXT_40_ENTRIES_FIRST_PASS_SEAL_COMMIT_SAMPLE_TICKS	0
LIST_EXNEXT_40_ENTRIES_FIRST_PASS_INODE_READ_CALLS	41
LIST_EXNEXT_40_ENTRIES_FIRST_PASS_BTREE_SEARCH_CALLS	42
LIST_EXNEXT_40_ENTRIES_FIRST_PASS_BTREE_INDEX_HINT_HITS	0
LIST_EXNEXT_40_ENTRIES_FIRST_PASS_BTREE_LEAF_HINT_HITS	39
LIST_EXNEXT_40_ENTRIES_FIRST_PASS_CACHE_READ_CALLS	9
LIST_EXNEXT_40_ENTRIES_FIRST_PASS_CACHE_READ_HITS	2
LIST_EXNEXT_40_ENTRIES_FIRST_PASS_CACHE_READ_MISSES	7
LIST_EXNEXT_40_ENTRIES_FIRST_PASS_FREE_TREE_NODE_VIEWS	0
LIST_EXNEXT_40_ENTRIES_FIRST_PASS_FREE_TREE_RESIDENT_VIEWS	0
LIST_EXNEXT_40_ENTRIES_FIRST_PASS_DIR_TREE_NODE_VIEWS	36
LIST_EXNEXT_40_ENTRIES_FIRST_PASS_DIR_TREE_RESIDENT_VIEWS	30
LIST_EXNEXT_40_ENTRIES_FIRST_PASS_INODE_TREE_NODE_VIEWS	4
LIST_EXNEXT_40_ENTRIES_FIRST_PASS_INODE_TREE_RESIDENT_VIEWS	1
LIST_EXNEXT_40_ENTRIES_FIRST_PASS_REFCOUNT_TREE_NODE_VIEWS	0
LIST_EXNEXT_40_ENTRIES_FIRST_PASS_REFCOUNT_TREE_RESIDENT_VIEWS	0
LIST_EXNEXT_40_ENTRIES_FIRST_PASS_OTHER_TREE_NODE_VIEWS	0
LIST_EXNEXT_40_ENTRIES_FIRST_PASS_OTHER_TREE_RESIDENT_VIEWS	0
LIST_EXNEXT_40_ENTRIES_FIRST_PASS_DIR_TREE_LEAF_NODE_VIEWS	11
LIST_EXNEXT_40_ENTRIES_FIRST_PASS_DIR_TREE_LEAF_RESIDENT_VIEWS	6
LIST_EXNEXT_40_ENTRIES_FIRST_PASS_DIR_TREE_INTERNAL_NODE_VIEWS	25
LIST_EXNEXT_40_ENTRIES_FIRST_PASS_DIR_TREE_INTERNAL_RESIDENT_VIEWS	24
LIST_EXNEXT_40_ENTRIES_FIRST_PASS_INODE_TREE_LEAF_NODE_VIEWS	2
LIST_EXNEXT_40_ENTRIES_FIRST_PASS_INODE_TREE_LEAF_RESIDENT_VIEWS	0
LIST_EXNEXT_40_ENTRIES_FIRST_PASS_INODE_TREE_INTERNAL_NODE_VIEWS	2
LIST_EXNEXT_40_ENTRIES_FIRST_PASS_INODE_TREE_INTERNAL_RESIDENT_VIEWS	1
LIST_EXNEXT_40_ENTRIES_FIRST_PASS_DETAIL_INODE_READ_CALLS	41
LIST_EXNEXT_40_ENTRIES_FIRST_PASS_DETAIL_INODE_READ_SAMPLES	2
LIST_EXNEXT_40_ENTRIES_FIRST_PASS_DETAIL_INODE_READ_SAMPLE_TICKS	91
LIST_EXNEXT_40_ENTRIES_FIRST_PASS_DETAIL_INODE_VALIDATE_CALLS	41
LIST_EXNEXT_40_ENTRIES_FIRST_PASS_DETAIL_INODE_VALIDATE_SAMPLES	2
LIST_EXNEXT_40_ENTRIES_FIRST_PASS_DETAIL_INODE_VALIDATE_SAMPLE_TICKS	0
LIST_EXNEXT_40_ENTRIES_FIRST_PASS_DETAIL_INODE_SEARCH_CALLS	41
LIST_EXNEXT_40_ENTRIES_FIRST_PASS_DETAIL_INODE_SEARCH_SAMPLES	2
LIST_EXNEXT_40_ENTRIES_FIRST_PASS_DETAIL_INODE_SEARCH_SAMPLE_TICKS	91
LIST_EXNEXT_40_ENTRIES_FIRST_PASS_DETAIL_INODE_NODE_VIEW_CALLS	4
LIST_EXNEXT_40_ENTRIES_FIRST_PASS_DETAIL_INODE_NODE_VIEW_SAMPLES	0
LIST_EXNEXT_40_ENTRIES_FIRST_PASS_DETAIL_INODE_NODE_VIEW_SAMPLE_TICKS	0
LIST_EXNEXT_40_ENTRIES_FIRST_PASS_DETAIL_DIR_NODE_VIEW_CALLS	36
LIST_EXNEXT_40_ENTRIES_FIRST_PASS_DETAIL_DIR_NODE_VIEW_SAMPLES	2
LIST_EXNEXT_40_ENTRIES_FIRST_PASS_DETAIL_DIR_NODE_VIEW_SAMPLE_TICKS	0
LIST_EXNEXT_40_ENTRIES_FIRST_PASS_DETAIL_INODE_BINARY_SEARCH_CALLS	31
LIST_EXNEXT_40_ENTRIES_FIRST_PASS_DETAIL_INODE_BINARY_SEARCH_SAMPLES	1
LIST_EXNEXT_40_ENTRIES_FIRST_PASS_DETAIL_INODE_BINARY_SEARCH_SAMPLE_TICKS	14
LIST_EXNEXT_40_ENTRIES_FIRST_PASS_DETAIL_DIR_BINARY_SEARCH_CALLS	28
LIST_EXNEXT_40_ENTRIES_FIRST_PASS_DETAIL_DIR_BINARY_SEARCH_SAMPLES	1
LIST_EXNEXT_40_ENTRIES_FIRST_PASS_DETAIL_DIR_BINARY_SEARCH_SAMPLE_TICKS	0
LIST_EXNEXT_40_ENTRIES_FIRST_PASS_DETAIL_NODE_STRUCTURE_CALLS	9
LIST_EXNEXT_40_ENTRIES_FIRST_PASS_DETAIL_NODE_STRUCTURE_SAMPLES	0
LIST_EXNEXT_40_ENTRIES_FIRST_PASS_DETAIL_NODE_STRUCTURE_SAMPLE_TICKS	0
LIST_EXNEXT_40_ENTRIES_FIRST_PASS_DETAIL_CACHE_PEEK_CALLS	80
LIST_EXNEXT_40_ENTRIES_FIRST_PASS_DETAIL_CACHE_PEEK_SAMPLES	4
LIST_EXNEXT_40_ENTRIES_FIRST_PASS_DETAIL_CACHE_PEEK_SAMPLE_TICKS	45
LIST_EXNEXT_40_ENTRIES_FIRST_PASS_DETAIL_BUFFER_ALLOC_CALLS	45
LIST_EXNEXT_40_ENTRIES_FIRST_PASS_DETAIL_BUFFER_ALLOC_SAMPLES	2
LIST_EXNEXT_40_ENTRIES_FIRST_PASS_DETAIL_BUFFER_ALLOC_SAMPLE_TICKS	0
LIST_EXNEXT_40_ENTRIES_FIRST_PASS_DETAIL_BUFFER_FREE_CALLS	45
LIST_EXNEXT_40_ENTRIES_FIRST_PASS_DETAIL_BUFFER_FREE_SAMPLES	2
LIST_EXNEXT_40_ENTRIES_FIRST_PASS_DETAIL_BUFFER_FREE_SAMPLE_TICKS	0
LIST_EXNEXT_40_ENTRIES_FIRST_PASS_DETAIL_EXALL_FILL_CALLS	0
LIST_EXNEXT_40_ENTRIES_FIRST_PASS_DETAIL_EXALL_FILL_SAMPLES	0
LIST_EXNEXT_40_ENTRIES_FIRST_PASS_DETAIL_EXALL_FILL_SAMPLE_TICKS	0
LIST_EXNEXT_40_ENTRIES_FIRST_PASS_DEFERRED_NODE_WRITES	0
LIST_EXNEXT_40_ENTRIES_REPEAT10_TOTAL_US	44671
LIST_EXNEXT_40_ENTRIES_REPEAT10_TOTAL_BIO_READS	0
LIST_EXNEXT_40_ENTRIES_REPEAT10_TOTAL_BIO_WRITES	0
LIST_EXNEXT_40_ENTRIES_REPEAT10_TOTAL_BIO_UPDATES	0
LIST_EXNEXT_40_ENTRIES_REPEAT10_TOTAL_DATA_READS	0
LIST_EXNEXT_40_ENTRIES_REPEAT10_TOTAL_DATA_WRITES	0
LIST_EXNEXT_40_ENTRIES_REPEAT10_TOTAL_NODE_WRITES	0
LIST_EXNEXT_40_ENTRIES_REPEAT10_TOTAL_TXN_COMMITS	0
LIST_EXNEXT_40_ENTRIES_REPEAT10_TOTAL_FREESPACE_ALLOCS	0
LIST_EXNEXT_40_ENTRIES_REPEAT10_TOTAL_EXTENT_MAPS	0
LIST_EXNEXT_40_ENTRIES_REPEAT10_TOTAL_READ_TICKS	0
LIST_EXNEXT_40_ENTRIES_REPEAT10_TOTAL_WRITE_TICKS	0
LIST_EXNEXT_40_ENTRIES_REPEAT10_TOTAL_UPDATE_TICKS	0
LIST_EXNEXT_40_ENTRIES_REPEAT10_TOTAL_DATA_READ_TICKS	0
LIST_EXNEXT_40_ENTRIES_REPEAT10_TOTAL_DATA_WRITE_TICKS	0
LIST_EXNEXT_40_ENTRIES_REPEAT10_TOTAL_FREE_TREE_NODE_WRITES	0
LIST_EXNEXT_40_ENTRIES_REPEAT10_TOTAL_FREE_TREE_ALLOCATION_BODY_NODE_WRITES	0
LIST_EXNEXT_40_ENTRIES_REPEAT10_TOTAL_FREE_TREE_RESERVE_REFILL_NODE_WRITES	0
LIST_EXNEXT_40_ENTRIES_REPEAT10_TOTAL_FREE_TREE_RESERVE_RETURN_NODE_WRITES	0
LIST_EXNEXT_40_ENTRIES_REPEAT10_TOTAL_FREE_TREE_POST_PUBLISH_PENDING_RECLAIM_NODE_WRITES	0
LIST_EXNEXT_40_ENTRIES_REPEAT10_TOTAL_FREE_TREE_OTHER_NODE_WRITES	0
LIST_EXNEXT_40_ENTRIES_REPEAT10_TOTAL_DIR_TREE_NODE_WRITES	0
LIST_EXNEXT_40_ENTRIES_REPEAT10_TOTAL_INODE_TREE_NODE_WRITES	0
LIST_EXNEXT_40_ENTRIES_REPEAT10_TOTAL_REFCOUNT_TREE_NODE_WRITES	0
LIST_EXNEXT_40_ENTRIES_REPEAT10_TOTAL_OTHER_TREE_NODE_WRITES	0
LIST_EXNEXT_40_ENTRIES_REPEAT10_TOTAL_NODE_CRC_READ_CALLS	0
LIST_EXNEXT_40_ENTRIES_REPEAT10_TOTAL_NODE_CRC_READ_SAMPLES	0
LIST_EXNEXT_40_ENTRIES_REPEAT10_TOTAL_NODE_CRC_READ_SAMPLE_TICKS	0
LIST_EXNEXT_40_ENTRIES_REPEAT10_TOTAL_NODE_CRC_WRITE_CALLS	0
LIST_EXNEXT_40_ENTRIES_REPEAT10_TOTAL_NODE_CRC_WRITE_SAMPLES	0
LIST_EXNEXT_40_ENTRIES_REPEAT10_TOTAL_NODE_CRC_WRITE_SAMPLE_TICKS	0
LIST_EXNEXT_40_ENTRIES_REPEAT10_TOTAL_CLOCK_PAIR_TICKS	0
LIST_EXNEXT_40_ENTRIES_REPEAT10_TOTAL_FREE_TREE_RESERVE_RETURN_CALLS	0
LIST_EXNEXT_40_ENTRIES_REPEAT10_TOTAL_FREE_TREE_RESERVE_RETURN_RUNS	0
LIST_EXNEXT_40_ENTRIES_REPEAT10_TOTAL_FREE_TREE_RESERVE_RETURN_BLOCKS	0
LIST_EXNEXT_40_ENTRIES_REPEAT10_TOTAL_FREE_TREE_RESERVE_RETURN_RUNS_1_BLOCK	0
LIST_EXNEXT_40_ENTRIES_REPEAT10_TOTAL_FREE_TREE_RESERVE_RETURN_RUNS_2_3_BLOCKS	0
LIST_EXNEXT_40_ENTRIES_REPEAT10_TOTAL_FREE_TREE_RESERVE_RETURN_RUNS_4_7_BLOCKS	0
LIST_EXNEXT_40_ENTRIES_REPEAT10_TOTAL_FREE_TREE_RESERVE_RETURN_RUNS_8_PLUS_BLOCKS	0
LIST_EXNEXT_40_ENTRIES_REPEAT10_TOTAL_FREE_TREE_RESERVE_RETURN_MAX_RUN_BLOCKS	0
LIST_EXNEXT_40_ENTRIES_REPEAT10_TOTAL_FREE_TREE_RESERVE_RETURN_MAX_NODE_WRITES_PER_RUN	0
LIST_EXNEXT_40_ENTRIES_REPEAT10_TOTAL_POST_PUBLISH_RECLAIM_PASSES	0
LIST_EXNEXT_40_ENTRIES_REPEAT10_TOTAL_MAX_POST_PUBLISH_RECLAIM_PASSES_PER_COMMIT	0
LIST_EXNEXT_40_ENTRIES_REPEAT10_TOTAL_SUPERBLOCK_PUBLICATIONS	0
LIST_EXNEXT_40_ENTRIES_REPEAT10_TOTAL_FREE_TREE_RESERVE_RETURN_RUN_NODE_WRITES	0
LIST_EXNEXT_40_ENTRIES_REPEAT10_TOTAL_FREE_TREE_RESERVE_RETURN_BATCH_CALLS	0
LIST_EXNEXT_40_ENTRIES_REPEAT10_TOTAL_FREE_TREE_RESERVE_RETURN_BATCH_BLOCKS	0
LIST_EXNEXT_40_ENTRIES_REPEAT10_TOTAL_FREE_TREE_RESERVE_RETURN_BATCH_NODE_WRITES	0
LIST_EXNEXT_40_ENTRIES_REPEAT10_TOTAL_FREE_TREE_RESERVE_RETURN_SKIP_SHAPE	0
LIST_EXNEXT_40_ENTRIES_REPEAT10_TOTAL_FREE_TREE_RESERVE_RETURN_SKIP_SMALL	0
LIST_EXNEXT_40_ENTRIES_REPEAT10_TOTAL_FREE_TREE_RESERVE_RETURN_SKIP_EMERGENCY	0
LIST_EXNEXT_40_ENTRIES_REPEAT10_TOTAL_FREE_TREE_RESERVE_RETURN_SKIP_CAPACITY	0
LIST_EXNEXT_40_ENTRIES_REPEAT10_TOTAL_SEALED_COMMITS	0
LIST_EXNEXT_40_ENTRIES_REPEAT10_TOTAL_SEALED_METADATA_FENCES	0
LIST_EXNEXT_40_ENTRIES_REPEAT10_TOTAL_BTREE_MALLOC_CALLS	41
LIST_EXNEXT_40_ENTRIES_REPEAT10_TOTAL_BTREE_MALLOC_SAMPLES	41
LIST_EXNEXT_40_ENTRIES_REPEAT10_TOTAL_BTREE_MALLOC_SAMPLE_TICKS	503
LIST_EXNEXT_40_ENTRIES_REPEAT10_TOTAL_BTREE_FREE_CALLS	421
LIST_EXNEXT_40_ENTRIES_REPEAT10_TOTAL_BTREE_FREE_SAMPLES	421
LIST_EXNEXT_40_ENTRIES_REPEAT10_TOTAL_BTREE_FREE_SAMPLE_TICKS	845
LIST_EXNEXT_40_ENTRIES_REPEAT10_TOTAL_IFACE_ALLOC_CALLS	0
LIST_EXNEXT_40_ENTRIES_REPEAT10_TOTAL_IFACE_ALLOC_SAMPLES	0
LIST_EXNEXT_40_ENTRIES_REPEAT10_TOTAL_IFACE_ALLOC_SAMPLE_TICKS	0
LIST_EXNEXT_40_ENTRIES_REPEAT10_TOTAL_FREESPACE_ALLOC_SAMPLES	0
LIST_EXNEXT_40_ENTRIES_REPEAT10_TOTAL_FREESPACE_ALLOC_SAMPLE_TICKS	0
LIST_EXNEXT_40_ENTRIES_REPEAT10_TOTAL_PACKET_CALLS	422
LIST_EXNEXT_40_ENTRIES_REPEAT10_TOTAL_PACKET_SAMPLES	422
LIST_EXNEXT_40_ENTRIES_REPEAT10_TOTAL_PACKET_SAMPLE_TICKS	23189
LIST_EXNEXT_40_ENTRIES_REPEAT10_TOTAL_PACKET_OPEN_CALLS	0
LIST_EXNEXT_40_ENTRIES_REPEAT10_TOTAL_PACKET_OPEN_SAMPLES	0
LIST_EXNEXT_40_ENTRIES_REPEAT10_TOTAL_PACKET_OPEN_SAMPLE_TICKS	0
LIST_EXNEXT_40_ENTRIES_REPEAT10_TOTAL_PACKET_READ_CALLS	0
LIST_EXNEXT_40_ENTRIES_REPEAT10_TOTAL_PACKET_READ_SAMPLES	0
LIST_EXNEXT_40_ENTRIES_REPEAT10_TOTAL_PACKET_READ_SAMPLE_TICKS	0
LIST_EXNEXT_40_ENTRIES_REPEAT10_TOTAL_PACKET_WRITE_CALLS	0
LIST_EXNEXT_40_ENTRIES_REPEAT10_TOTAL_PACKET_WRITE_SAMPLES	0
LIST_EXNEXT_40_ENTRIES_REPEAT10_TOTAL_PACKET_WRITE_SAMPLE_TICKS	0
LIST_EXNEXT_40_ENTRIES_REPEAT10_TOTAL_PACKET_END_CALLS	0
LIST_EXNEXT_40_ENTRIES_REPEAT10_TOTAL_PACKET_END_SAMPLES	0
LIST_EXNEXT_40_ENTRIES_REPEAT10_TOTAL_PACKET_END_SAMPLE_TICKS	0
LIST_EXNEXT_40_ENTRIES_REPEAT10_TOTAL_PACKET_DELETE_CALLS	0
LIST_EXNEXT_40_ENTRIES_REPEAT10_TOTAL_PACKET_DELETE_SAMPLES	0
LIST_EXNEXT_40_ENTRIES_REPEAT10_TOTAL_PACKET_DELETE_SAMPLE_TICKS	0
LIST_EXNEXT_40_ENTRIES_REPEAT10_TOTAL_PACKET_FLUSH_CALLS	0
LIST_EXNEXT_40_ENTRIES_REPEAT10_TOTAL_PACKET_FLUSH_SAMPLES	0
LIST_EXNEXT_40_ENTRIES_REPEAT10_TOTAL_PACKET_FLUSH_SAMPLE_TICKS	0
LIST_EXNEXT_40_ENTRIES_REPEAT10_TOTAL_PACKET_OTHER_CALLS	422
LIST_EXNEXT_40_ENTRIES_REPEAT10_TOTAL_PACKET_OTHER_SAMPLES	422
LIST_EXNEXT_40_ENTRIES_REPEAT10_TOTAL_PACKET_OTHER_SAMPLE_TICKS	23189
LIST_EXNEXT_40_ENTRIES_REPEAT10_TOTAL_CORE_CREATE_CALLS	0
LIST_EXNEXT_40_ENTRIES_REPEAT10_TOTAL_CORE_CREATE_SAMPLES	0
LIST_EXNEXT_40_ENTRIES_REPEAT10_TOTAL_CORE_CREATE_SAMPLE_TICKS	0
LIST_EXNEXT_40_ENTRIES_REPEAT10_TOTAL_CORE_DELETE_CALLS	0
LIST_EXNEXT_40_ENTRIES_REPEAT10_TOTAL_CORE_DELETE_SAMPLES	0
LIST_EXNEXT_40_ENTRIES_REPEAT10_TOTAL_CORE_DELETE_SAMPLE_TICKS	0
LIST_EXNEXT_40_ENTRIES_REPEAT10_TOTAL_CORE_FILE_WRITE_CALLS	0
LIST_EXNEXT_40_ENTRIES_REPEAT10_TOTAL_CORE_FILE_WRITE_SAMPLES	0
LIST_EXNEXT_40_ENTRIES_REPEAT10_TOTAL_CORE_FILE_WRITE_SAMPLE_TICKS	0
LIST_EXNEXT_40_ENTRIES_REPEAT10_TOTAL_CORE_SYNC_CALLS	0
LIST_EXNEXT_40_ENTRIES_REPEAT10_TOTAL_CORE_SYNC_SAMPLES	0
LIST_EXNEXT_40_ENTRIES_REPEAT10_TOTAL_CORE_SYNC_SAMPLE_TICKS	0
LIST_EXNEXT_40_ENTRIES_REPEAT10_TOTAL_IFACE_FREE_CALLS	0
LIST_EXNEXT_40_ENTRIES_REPEAT10_TOTAL_IFACE_FREE_SAMPLES	0
LIST_EXNEXT_40_ENTRIES_REPEAT10_TOTAL_IFACE_FREE_SAMPLE_TICKS	0
LIST_EXNEXT_40_ENTRIES_REPEAT10_TOTAL_SEAL_COMMIT_CALLS	0
LIST_EXNEXT_40_ENTRIES_REPEAT10_TOTAL_SEAL_COMMIT_SAMPLES	0
LIST_EXNEXT_40_ENTRIES_REPEAT10_TOTAL_SEAL_COMMIT_SAMPLE_TICKS	0
LIST_EXNEXT_40_ENTRIES_REPEAT10_TOTAL_INODE_READ_CALLS	410
LIST_EXNEXT_40_ENTRIES_REPEAT10_TOTAL_BTREE_SEARCH_CALLS	411
LIST_EXNEXT_40_ENTRIES_REPEAT10_TOTAL_BTREE_INDEX_HINT_HITS	370
LIST_EXNEXT_40_ENTRIES_REPEAT10_TOTAL_BTREE_LEAF_HINT_HITS	41
LIST_EXNEXT_40_ENTRIES_REPEAT10_TOTAL_CACHE_READ_CALLS	0
LIST_EXNEXT_40_ENTRIES_REPEAT10_TOTAL_CACHE_READ_HITS	0
LIST_EXNEXT_40_ENTRIES_REPEAT10_TOTAL_CACHE_READ_MISSES	0
LIST_EXNEXT_40_ENTRIES_REPEAT10_TOTAL_FREE_TREE_NODE_VIEWS	0
LIST_EXNEXT_40_ENTRIES_REPEAT10_TOTAL_FREE_TREE_RESIDENT_VIEWS	0
LIST_EXNEXT_40_ENTRIES_REPEAT10_TOTAL_DIR_TREE_NODE_VIEWS	320
LIST_EXNEXT_40_ENTRIES_REPEAT10_TOTAL_DIR_TREE_RESIDENT_VIEWS	320
LIST_EXNEXT_40_ENTRIES_REPEAT10_TOTAL_INODE_TREE_NODE_VIEWS	0
LIST_EXNEXT_40_ENTRIES_REPEAT10_TOTAL_INODE_TREE_RESIDENT_VIEWS	0
LIST_EXNEXT_40_ENTRIES_REPEAT10_TOTAL_REFCOUNT_TREE_NODE_VIEWS	0
LIST_EXNEXT_40_ENTRIES_REPEAT10_TOTAL_REFCOUNT_TREE_RESIDENT_VIEWS	0
LIST_EXNEXT_40_ENTRIES_REPEAT10_TOTAL_OTHER_TREE_NODE_VIEWS	0
LIST_EXNEXT_40_ENTRIES_REPEAT10_TOTAL_OTHER_TREE_RESIDENT_VIEWS	0
LIST_EXNEXT_40_ENTRIES_REPEAT10_TOTAL_DIR_TREE_LEAF_NODE_VIEWS	100
LIST_EXNEXT_40_ENTRIES_REPEAT10_TOTAL_DIR_TREE_LEAF_RESIDENT_VIEWS	100
LIST_EXNEXT_40_ENTRIES_REPEAT10_TOTAL_DIR_TREE_INTERNAL_NODE_VIEWS	220
LIST_EXNEXT_40_ENTRIES_REPEAT10_TOTAL_DIR_TREE_INTERNAL_RESIDENT_VIEWS	220
LIST_EXNEXT_40_ENTRIES_REPEAT10_TOTAL_INODE_TREE_LEAF_NODE_VIEWS	0
LIST_EXNEXT_40_ENTRIES_REPEAT10_TOTAL_INODE_TREE_LEAF_RESIDENT_VIEWS	0
LIST_EXNEXT_40_ENTRIES_REPEAT10_TOTAL_INODE_TREE_INTERNAL_NODE_VIEWS	0
LIST_EXNEXT_40_ENTRIES_REPEAT10_TOTAL_INODE_TREE_INTERNAL_RESIDENT_VIEWS	0
LIST_EXNEXT_40_ENTRIES_REPEAT10_TOTAL_DETAIL_INODE_READ_CALLS	410
LIST_EXNEXT_40_ENTRIES_REPEAT10_TOTAL_DETAIL_INODE_READ_SAMPLES	24
LIST_EXNEXT_40_ENTRIES_REPEAT10_TOTAL_DETAIL_INODE_READ_SAMPLE_TICKS	454
LIST_EXNEXT_40_ENTRIES_REPEAT10_TOTAL_DETAIL_INODE_VALIDATE_CALLS	410
LIST_EXNEXT_40_ENTRIES_REPEAT10_TOTAL_DETAIL_INODE_VALIDATE_SAMPLES	24
LIST_EXNEXT_40_ENTRIES_REPEAT10_TOTAL_DETAIL_INODE_VALIDATE_SAMPLE_TICKS	90
LIST_EXNEXT_40_ENTRIES_REPEAT10_TOTAL_DETAIL_INODE_SEARCH_CALLS	410
LIST_EXNEXT_40_ENTRIES_REPEAT10_TOTAL_DETAIL_INODE_SEARCH_SAMPLES	24
LIST_EXNEXT_40_ENTRIES_REPEAT10_TOTAL_DETAIL_INODE_SEARCH_SAMPLE_TICKS	297
LIST_EXNEXT_40_ENTRIES_REPEAT10_TOTAL_DETAIL_INODE_NODE_VIEW_CALLS	0
LIST_EXNEXT_40_ENTRIES_REPEAT10_TOTAL_DETAIL_INODE_NODE_VIEW_SAMPLES	0
LIST_EXNEXT_40_ENTRIES_REPEAT10_TOTAL_DETAIL_INODE_NODE_VIEW_SAMPLE_TICKS	0
LIST_EXNEXT_40_ENTRIES_REPEAT10_TOTAL_DETAIL_DIR_NODE_VIEW_CALLS	320
LIST_EXNEXT_40_ENTRIES_REPEAT10_TOTAL_DETAIL_DIR_NODE_VIEW_SAMPLES	18
LIST_EXNEXT_40_ENTRIES_REPEAT10_TOTAL_DETAIL_DIR_NODE_VIEW_SAMPLE_TICKS	360
LIST_EXNEXT_40_ENTRIES_REPEAT10_TOTAL_DETAIL_INODE_BINARY_SEARCH_CALLS	20
LIST_EXNEXT_40_ENTRIES_REPEAT10_TOTAL_DETAIL_INODE_BINARY_SEARCH_SAMPLES	1
LIST_EXNEXT_40_ENTRIES_REPEAT10_TOTAL_DETAIL_INODE_BINARY_SEARCH_SAMPLE_TICKS	0
LIST_EXNEXT_40_ENTRIES_REPEAT10_TOTAL_DETAIL_DIR_BINARY_SEARCH_CALLS	241
LIST_EXNEXT_40_ENTRIES_REPEAT10_TOTAL_DETAIL_DIR_BINARY_SEARCH_SAMPLES	14
LIST_EXNEXT_40_ENTRIES_REPEAT10_TOTAL_DETAIL_DIR_BINARY_SEARCH_SAMPLE_TICKS	3
LIST_EXNEXT_40_ENTRIES_REPEAT10_TOTAL_DETAIL_NODE_STRUCTURE_CALLS	0
LIST_EXNEXT_40_ENTRIES_REPEAT10_TOTAL_DETAIL_NODE_STRUCTURE_SAMPLES	0
LIST_EXNEXT_40_ENTRIES_REPEAT10_TOTAL_DETAIL_NODE_STRUCTURE_SAMPLE_TICKS	0
LIST_EXNEXT_40_ENTRIES_REPEAT10_TOTAL_DETAIL_CACHE_PEEK_CALLS	731
LIST_EXNEXT_40_ENTRIES_REPEAT10_TOTAL_DETAIL_CACHE_PEEK_SAMPLES	43
LIST_EXNEXT_40_ENTRIES_REPEAT10_TOTAL_DETAIL_CACHE_PEEK_SAMPLE_TICKS	240
LIST_EXNEXT_40_ENTRIES_REPEAT10_TOTAL_DETAIL_BUFFER_ALLOC_CALLS	420
LIST_EXNEXT_40_ENTRIES_REPEAT10_TOTAL_DETAIL_BUFFER_ALLOC_SAMPLES	24
LIST_EXNEXT_40_ENTRIES_REPEAT10_TOTAL_DETAIL_BUFFER_ALLOC_SAMPLE_TICKS	90
LIST_EXNEXT_40_ENTRIES_REPEAT10_TOTAL_DETAIL_BUFFER_FREE_CALLS	420
LIST_EXNEXT_40_ENTRIES_REPEAT10_TOTAL_DETAIL_BUFFER_FREE_SAMPLES	24
LIST_EXNEXT_40_ENTRIES_REPEAT10_TOTAL_DETAIL_BUFFER_FREE_SAMPLE_TICKS	46
LIST_EXNEXT_40_ENTRIES_REPEAT10_TOTAL_DETAIL_EXALL_FILL_CALLS	0
LIST_EXNEXT_40_ENTRIES_REPEAT10_TOTAL_DETAIL_EXALL_FILL_SAMPLES	0
LIST_EXNEXT_40_ENTRIES_REPEAT10_TOTAL_DETAIL_EXALL_FILL_SAMPLE_TICKS	0
LIST_EXNEXT_40_ENTRIES_REPEAT10_TOTAL_DEFERRED_NODE_WRITES	0
LIST_EXALL_40_ENTRIES_FIRST_PASS_US	4097
LIST_EXALL_40_ENTRIES_FIRST_PASS_BIO_READS	7
LIST_EXALL_40_ENTRIES_FIRST_PASS_BIO_WRITES	0
LIST_EXALL_40_ENTRIES_FIRST_PASS_BIO_UPDATES	0
LIST_EXALL_40_ENTRIES_FIRST_PASS_DATA_READS	0
LIST_EXALL_40_ENTRIES_FIRST_PASS_DATA_WRITES	0
LIST_EXALL_40_ENTRIES_FIRST_PASS_NODE_WRITES	0
LIST_EXALL_40_ENTRIES_FIRST_PASS_TXN_COMMITS	0
LIST_EXALL_40_ENTRIES_FIRST_PASS_FREESPACE_ALLOCS	0
LIST_EXALL_40_ENTRIES_FIRST_PASS_EXTENT_MAPS	0
LIST_EXALL_40_ENTRIES_FIRST_PASS_READ_TICKS	545
LIST_EXALL_40_ENTRIES_FIRST_PASS_WRITE_TICKS	0
LIST_EXALL_40_ENTRIES_FIRST_PASS_UPDATE_TICKS	0
LIST_EXALL_40_ENTRIES_FIRST_PASS_DATA_READ_TICKS	0
LIST_EXALL_40_ENTRIES_FIRST_PASS_DATA_WRITE_TICKS	0
LIST_EXALL_40_ENTRIES_FIRST_PASS_FREE_TREE_NODE_WRITES	0
LIST_EXALL_40_ENTRIES_FIRST_PASS_FREE_TREE_ALLOCATION_BODY_NODE_WRITES	0
LIST_EXALL_40_ENTRIES_FIRST_PASS_FREE_TREE_RESERVE_REFILL_NODE_WRITES	0
LIST_EXALL_40_ENTRIES_FIRST_PASS_FREE_TREE_RESERVE_RETURN_NODE_WRITES	0
LIST_EXALL_40_ENTRIES_FIRST_PASS_FREE_TREE_POST_PUBLISH_PENDING_RECLAIM_NODE_WRITES	0
LIST_EXALL_40_ENTRIES_FIRST_PASS_FREE_TREE_OTHER_NODE_WRITES	0
LIST_EXALL_40_ENTRIES_FIRST_PASS_DIR_TREE_NODE_WRITES	0
LIST_EXALL_40_ENTRIES_FIRST_PASS_INODE_TREE_NODE_WRITES	0
LIST_EXALL_40_ENTRIES_FIRST_PASS_REFCOUNT_TREE_NODE_WRITES	0
LIST_EXALL_40_ENTRIES_FIRST_PASS_OTHER_TREE_NODE_WRITES	0
LIST_EXALL_40_ENTRIES_FIRST_PASS_NODE_CRC_READ_CALLS	7
LIST_EXALL_40_ENTRIES_FIRST_PASS_NODE_CRC_READ_SAMPLES	0
LIST_EXALL_40_ENTRIES_FIRST_PASS_NODE_CRC_READ_SAMPLE_TICKS	0
LIST_EXALL_40_ENTRIES_FIRST_PASS_NODE_CRC_WRITE_CALLS	0
LIST_EXALL_40_ENTRIES_FIRST_PASS_NODE_CRC_WRITE_SAMPLES	0
LIST_EXALL_40_ENTRIES_FIRST_PASS_NODE_CRC_WRITE_SAMPLE_TICKS	0
LIST_EXALL_40_ENTRIES_FIRST_PASS_CLOCK_PAIR_TICKS	0
LIST_EXALL_40_ENTRIES_FIRST_PASS_FREE_TREE_RESERVE_RETURN_CALLS	0
LIST_EXALL_40_ENTRIES_FIRST_PASS_FREE_TREE_RESERVE_RETURN_RUNS	0
LIST_EXALL_40_ENTRIES_FIRST_PASS_FREE_TREE_RESERVE_RETURN_BLOCKS	0
LIST_EXALL_40_ENTRIES_FIRST_PASS_FREE_TREE_RESERVE_RETURN_RUNS_1_BLOCK	0
LIST_EXALL_40_ENTRIES_FIRST_PASS_FREE_TREE_RESERVE_RETURN_RUNS_2_3_BLOCKS	0
LIST_EXALL_40_ENTRIES_FIRST_PASS_FREE_TREE_RESERVE_RETURN_RUNS_4_7_BLOCKS	0
LIST_EXALL_40_ENTRIES_FIRST_PASS_FREE_TREE_RESERVE_RETURN_RUNS_8_PLUS_BLOCKS	0
LIST_EXALL_40_ENTRIES_FIRST_PASS_FREE_TREE_RESERVE_RETURN_MAX_RUN_BLOCKS	0
LIST_EXALL_40_ENTRIES_FIRST_PASS_FREE_TREE_RESERVE_RETURN_MAX_NODE_WRITES_PER_RUN	0
LIST_EXALL_40_ENTRIES_FIRST_PASS_POST_PUBLISH_RECLAIM_PASSES	0
LIST_EXALL_40_ENTRIES_FIRST_PASS_MAX_POST_PUBLISH_RECLAIM_PASSES_PER_COMMIT	0
LIST_EXALL_40_ENTRIES_FIRST_PASS_SUPERBLOCK_PUBLICATIONS	0
LIST_EXALL_40_ENTRIES_FIRST_PASS_FREE_TREE_RESERVE_RETURN_RUN_NODE_WRITES	0
LIST_EXALL_40_ENTRIES_FIRST_PASS_FREE_TREE_RESERVE_RETURN_BATCH_CALLS	0
LIST_EXALL_40_ENTRIES_FIRST_PASS_FREE_TREE_RESERVE_RETURN_BATCH_BLOCKS	0
LIST_EXALL_40_ENTRIES_FIRST_PASS_FREE_TREE_RESERVE_RETURN_BATCH_NODE_WRITES	0
LIST_EXALL_40_ENTRIES_FIRST_PASS_FREE_TREE_RESERVE_RETURN_SKIP_SHAPE	0
LIST_EXALL_40_ENTRIES_FIRST_PASS_FREE_TREE_RESERVE_RETURN_SKIP_SMALL	0
LIST_EXALL_40_ENTRIES_FIRST_PASS_FREE_TREE_RESERVE_RETURN_SKIP_EMERGENCY	0
LIST_EXALL_40_ENTRIES_FIRST_PASS_FREE_TREE_RESERVE_RETURN_SKIP_CAPACITY	0
LIST_EXALL_40_ENTRIES_FIRST_PASS_SEALED_COMMITS	0
LIST_EXALL_40_ENTRIES_FIRST_PASS_SEALED_METADATA_FENCES	0
LIST_EXALL_40_ENTRIES_FIRST_PASS_BTREE_MALLOC_CALLS	2
LIST_EXALL_40_ENTRIES_FIRST_PASS_BTREE_MALLOC_SAMPLES	2
LIST_EXALL_40_ENTRIES_FIRST_PASS_BTREE_MALLOC_SAMPLE_TICKS	45
LIST_EXALL_40_ENTRIES_FIRST_PASS_BTREE_FREE_CALLS	2
LIST_EXALL_40_ENTRIES_FIRST_PASS_BTREE_FREE_SAMPLES	2
LIST_EXALL_40_ENTRIES_FIRST_PASS_BTREE_FREE_SAMPLE_TICKS	0
LIST_EXALL_40_ENTRIES_FIRST_PASS_IFACE_ALLOC_CALLS	0
LIST_EXALL_40_ENTRIES_FIRST_PASS_IFACE_ALLOC_SAMPLES	0
LIST_EXALL_40_ENTRIES_FIRST_PASS_IFACE_ALLOC_SAMPLE_TICKS	0
LIST_EXALL_40_ENTRIES_FIRST_PASS_FREESPACE_ALLOC_SAMPLES	0
LIST_EXALL_40_ENTRIES_FIRST_PASS_FREESPACE_ALLOC_SAMPLE_TICKS	0
LIST_EXALL_40_ENTRIES_FIRST_PASS_PACKET_CALLS	3
LIST_EXALL_40_ENTRIES_FIRST_PASS_PACKET_SAMPLES	3
LIST_EXALL_40_ENTRIES_FIRST_PASS_PACKET_SAMPLE_TICKS	2725
LIST_EXALL_40_ENTRIES_FIRST_PASS_PACKET_OPEN_CALLS	0
LIST_EXALL_40_ENTRIES_FIRST_PASS_PACKET_OPEN_SAMPLES	0
LIST_EXALL_40_ENTRIES_FIRST_PASS_PACKET_OPEN_SAMPLE_TICKS	0
LIST_EXALL_40_ENTRIES_FIRST_PASS_PACKET_READ_CALLS	0
LIST_EXALL_40_ENTRIES_FIRST_PASS_PACKET_READ_SAMPLES	0
LIST_EXALL_40_ENTRIES_FIRST_PASS_PACKET_READ_SAMPLE_TICKS	0
LIST_EXALL_40_ENTRIES_FIRST_PASS_PACKET_WRITE_CALLS	0
LIST_EXALL_40_ENTRIES_FIRST_PASS_PACKET_WRITE_SAMPLES	0
LIST_EXALL_40_ENTRIES_FIRST_PASS_PACKET_WRITE_SAMPLE_TICKS	0
LIST_EXALL_40_ENTRIES_FIRST_PASS_PACKET_END_CALLS	0
LIST_EXALL_40_ENTRIES_FIRST_PASS_PACKET_END_SAMPLES	0
LIST_EXALL_40_ENTRIES_FIRST_PASS_PACKET_END_SAMPLE_TICKS	0
LIST_EXALL_40_ENTRIES_FIRST_PASS_PACKET_DELETE_CALLS	0
LIST_EXALL_40_ENTRIES_FIRST_PASS_PACKET_DELETE_SAMPLES	0
LIST_EXALL_40_ENTRIES_FIRST_PASS_PACKET_DELETE_SAMPLE_TICKS	0
LIST_EXALL_40_ENTRIES_FIRST_PASS_PACKET_FLUSH_CALLS	0
LIST_EXALL_40_ENTRIES_FIRST_PASS_PACKET_FLUSH_SAMPLES	0
LIST_EXALL_40_ENTRIES_FIRST_PASS_PACKET_FLUSH_SAMPLE_TICKS	0
LIST_EXALL_40_ENTRIES_FIRST_PASS_PACKET_OTHER_CALLS	3
LIST_EXALL_40_ENTRIES_FIRST_PASS_PACKET_OTHER_SAMPLES	3
LIST_EXALL_40_ENTRIES_FIRST_PASS_PACKET_OTHER_SAMPLE_TICKS	2725
LIST_EXALL_40_ENTRIES_FIRST_PASS_CORE_CREATE_CALLS	0
LIST_EXALL_40_ENTRIES_FIRST_PASS_CORE_CREATE_SAMPLES	0
LIST_EXALL_40_ENTRIES_FIRST_PASS_CORE_CREATE_SAMPLE_TICKS	0
LIST_EXALL_40_ENTRIES_FIRST_PASS_CORE_DELETE_CALLS	0
LIST_EXALL_40_ENTRIES_FIRST_PASS_CORE_DELETE_SAMPLES	0
LIST_EXALL_40_ENTRIES_FIRST_PASS_CORE_DELETE_SAMPLE_TICKS	0
LIST_EXALL_40_ENTRIES_FIRST_PASS_CORE_FILE_WRITE_CALLS	0
LIST_EXALL_40_ENTRIES_FIRST_PASS_CORE_FILE_WRITE_SAMPLES	0
LIST_EXALL_40_ENTRIES_FIRST_PASS_CORE_FILE_WRITE_SAMPLE_TICKS	0
LIST_EXALL_40_ENTRIES_FIRST_PASS_CORE_SYNC_CALLS	0
LIST_EXALL_40_ENTRIES_FIRST_PASS_CORE_SYNC_SAMPLES	0
LIST_EXALL_40_ENTRIES_FIRST_PASS_CORE_SYNC_SAMPLE_TICKS	0
LIST_EXALL_40_ENTRIES_FIRST_PASS_IFACE_FREE_CALLS	0
LIST_EXALL_40_ENTRIES_FIRST_PASS_IFACE_FREE_SAMPLES	0
LIST_EXALL_40_ENTRIES_FIRST_PASS_IFACE_FREE_SAMPLE_TICKS	0
LIST_EXALL_40_ENTRIES_FIRST_PASS_SEAL_COMMIT_CALLS	0
LIST_EXALL_40_ENTRIES_FIRST_PASS_SEAL_COMMIT_SAMPLES	0
LIST_EXALL_40_ENTRIES_FIRST_PASS_SEAL_COMMIT_SAMPLE_TICKS	0
LIST_EXALL_40_ENTRIES_FIRST_PASS_INODE_READ_CALLS	40
LIST_EXALL_40_ENTRIES_FIRST_PASS_BTREE_SEARCH_CALLS	41
LIST_EXALL_40_ENTRIES_FIRST_PASS_BTREE_INDEX_HINT_HITS	0
LIST_EXALL_40_ENTRIES_FIRST_PASS_BTREE_LEAF_HINT_HITS	39
LIST_EXALL_40_ENTRIES_FIRST_PASS_CACHE_READ_CALLS	7
LIST_EXALL_40_ENTRIES_FIRST_PASS_CACHE_READ_HITS	0
LIST_EXALL_40_ENTRIES_FIRST_PASS_CACHE_READ_MISSES	7
LIST_EXALL_40_ENTRIES_FIRST_PASS_FREE_TREE_NODE_VIEWS	0
LIST_EXALL_40_ENTRIES_FIRST_PASS_FREE_TREE_RESIDENT_VIEWS	0
LIST_EXALL_40_ENTRIES_FIRST_PASS_DIR_TREE_NODE_VIEWS	20
LIST_EXALL_40_ENTRIES_FIRST_PASS_DIR_TREE_RESIDENT_VIEWS	14
LIST_EXALL_40_ENTRIES_FIRST_PASS_INODE_TREE_NODE_VIEWS	2
LIST_EXALL_40_ENTRIES_FIRST_PASS_INODE_TREE_RESIDENT_VIEWS	1
LIST_EXALL_40_ENTRIES_FIRST_PASS_REFCOUNT_TREE_NODE_VIEWS	0
LIST_EXALL_40_ENTRIES_FIRST_PASS_REFCOUNT_TREE_RESIDENT_VIEWS	0
LIST_EXALL_40_ENTRIES_FIRST_PASS_OTHER_TREE_NODE_VIEWS	0
LIST_EXALL_40_ENTRIES_FIRST_PASS_OTHER_TREE_RESIDENT_VIEWS	0
LIST_EXALL_40_ENTRIES_FIRST_PASS_DIR_TREE_LEAF_NODE_VIEWS	7
LIST_EXALL_40_ENTRIES_FIRST_PASS_DIR_TREE_LEAF_RESIDENT_VIEWS	2
LIST_EXALL_40_ENTRIES_FIRST_PASS_DIR_TREE_INTERNAL_NODE_VIEWS	13
LIST_EXALL_40_ENTRIES_FIRST_PASS_DIR_TREE_INTERNAL_RESIDENT_VIEWS	12
LIST_EXALL_40_ENTRIES_FIRST_PASS_INODE_TREE_LEAF_NODE_VIEWS	1
LIST_EXALL_40_ENTRIES_FIRST_PASS_INODE_TREE_LEAF_RESIDENT_VIEWS	0
LIST_EXALL_40_ENTRIES_FIRST_PASS_INODE_TREE_INTERNAL_NODE_VIEWS	1
LIST_EXALL_40_ENTRIES_FIRST_PASS_INODE_TREE_INTERNAL_RESIDENT_VIEWS	1
LIST_EXALL_40_ENTRIES_FIRST_PASS_DETAIL_INODE_READ_CALLS	40
LIST_EXALL_40_ENTRIES_FIRST_PASS_DETAIL_INODE_READ_SAMPLES	2
LIST_EXALL_40_ENTRIES_FIRST_PASS_DETAIL_INODE_READ_SAMPLE_TICKS	0
LIST_EXALL_40_ENTRIES_FIRST_PASS_DETAIL_INODE_VALIDATE_CALLS	40
LIST_EXALL_40_ENTRIES_FIRST_PASS_DETAIL_INODE_VALIDATE_SAMPLES	2
LIST_EXALL_40_ENTRIES_FIRST_PASS_DETAIL_INODE_VALIDATE_SAMPLE_TICKS	0
LIST_EXALL_40_ENTRIES_FIRST_PASS_DETAIL_INODE_SEARCH_CALLS	40
LIST_EXALL_40_ENTRIES_FIRST_PASS_DETAIL_INODE_SEARCH_SAMPLES	2
LIST_EXALL_40_ENTRIES_FIRST_PASS_DETAIL_INODE_SEARCH_SAMPLE_TICKS	0
LIST_EXALL_40_ENTRIES_FIRST_PASS_DETAIL_INODE_NODE_VIEW_CALLS	2
LIST_EXALL_40_ENTRIES_FIRST_PASS_DETAIL_INODE_NODE_VIEW_SAMPLES	0
LIST_EXALL_40_ENTRIES_FIRST_PASS_DETAIL_INODE_NODE_VIEW_SAMPLE_TICKS	0
LIST_EXALL_40_ENTRIES_FIRST_PASS_DETAIL_DIR_NODE_VIEW_CALLS	20
LIST_EXALL_40_ENTRIES_FIRST_PASS_DETAIL_DIR_NODE_VIEW_SAMPLES	1
LIST_EXALL_40_ENTRIES_FIRST_PASS_DETAIL_DIR_NODE_VIEW_SAMPLE_TICKS	227
LIST_EXALL_40_ENTRIES_FIRST_PASS_DETAIL_INODE_BINARY_SEARCH_CALLS	2
LIST_EXALL_40_ENTRIES_FIRST_PASS_DETAIL_INODE_BINARY_SEARCH_SAMPLES	0
LIST_EXALL_40_ENTRIES_FIRST_PASS_DETAIL_INODE_BINARY_SEARCH_SAMPLE_TICKS	0
LIST_EXALL_40_ENTRIES_FIRST_PASS_DETAIL_DIR_BINARY_SEARCH_CALLS	8
LIST_EXALL_40_ENTRIES_FIRST_PASS_DETAIL_DIR_BINARY_SEARCH_SAMPLES	0
LIST_EXALL_40_ENTRIES_FIRST_PASS_DETAIL_DIR_BINARY_SEARCH_SAMPLE_TICKS	0
LIST_EXALL_40_ENTRIES_FIRST_PASS_DETAIL_NODE_STRUCTURE_CALLS	7
LIST_EXALL_40_ENTRIES_FIRST_PASS_DETAIL_NODE_STRUCTURE_SAMPLES	0
LIST_EXALL_40_ENTRIES_FIRST_PASS_DETAIL_NODE_STRUCTURE_SAMPLE_TICKS	0
LIST_EXALL_40_ENTRIES_FIRST_PASS_DETAIL_CACHE_PEEK_CALLS	63
LIST_EXALL_40_ENTRIES_FIRST_PASS_DETAIL_CACHE_PEEK_SAMPLES	3
LIST_EXALL_40_ENTRIES_FIRST_PASS_DETAIL_CACHE_PEEK_SAMPLE_TICKS	21
LIST_EXALL_40_ENTRIES_FIRST_PASS_DETAIL_BUFFER_ALLOC_CALLS	3
LIST_EXALL_40_ENTRIES_FIRST_PASS_DETAIL_BUFFER_ALLOC_SAMPLES	0
LIST_EXALL_40_ENTRIES_FIRST_PASS_DETAIL_BUFFER_ALLOC_SAMPLE_TICKS	0
LIST_EXALL_40_ENTRIES_FIRST_PASS_DETAIL_BUFFER_FREE_CALLS	3
LIST_EXALL_40_ENTRIES_FIRST_PASS_DETAIL_BUFFER_FREE_SAMPLES	0
LIST_EXALL_40_ENTRIES_FIRST_PASS_DETAIL_BUFFER_FREE_SAMPLE_TICKS	0
LIST_EXALL_40_ENTRIES_FIRST_PASS_DETAIL_EXALL_FILL_CALLS	41
LIST_EXALL_40_ENTRIES_FIRST_PASS_DETAIL_EXALL_FILL_SAMPLES	2
LIST_EXALL_40_ENTRIES_FIRST_PASS_DETAIL_EXALL_FILL_SAMPLE_TICKS	46
LIST_EXALL_40_ENTRIES_FIRST_PASS_DEFERRED_NODE_WRITES	0
LIST_EXALL_40_ENTRIES_REPEAT10_TOTAL_US	15360
LIST_EXALL_40_ENTRIES_REPEAT10_TOTAL_BIO_READS	0
LIST_EXALL_40_ENTRIES_REPEAT10_TOTAL_BIO_WRITES	0
LIST_EXALL_40_ENTRIES_REPEAT10_TOTAL_BIO_UPDATES	0
LIST_EXALL_40_ENTRIES_REPEAT10_TOTAL_DATA_READS	0
LIST_EXALL_40_ENTRIES_REPEAT10_TOTAL_DATA_WRITES	0
LIST_EXALL_40_ENTRIES_REPEAT10_TOTAL_NODE_WRITES	0
LIST_EXALL_40_ENTRIES_REPEAT10_TOTAL_TXN_COMMITS	0
LIST_EXALL_40_ENTRIES_REPEAT10_TOTAL_FREESPACE_ALLOCS	0
LIST_EXALL_40_ENTRIES_REPEAT10_TOTAL_EXTENT_MAPS	0
LIST_EXALL_40_ENTRIES_REPEAT10_TOTAL_READ_TICKS	0
LIST_EXALL_40_ENTRIES_REPEAT10_TOTAL_WRITE_TICKS	0
LIST_EXALL_40_ENTRIES_REPEAT10_TOTAL_UPDATE_TICKS	0
LIST_EXALL_40_ENTRIES_REPEAT10_TOTAL_DATA_READ_TICKS	0
LIST_EXALL_40_ENTRIES_REPEAT10_TOTAL_DATA_WRITE_TICKS	0
LIST_EXALL_40_ENTRIES_REPEAT10_TOTAL_FREE_TREE_NODE_WRITES	0
LIST_EXALL_40_ENTRIES_REPEAT10_TOTAL_FREE_TREE_ALLOCATION_BODY_NODE_WRITES	0
LIST_EXALL_40_ENTRIES_REPEAT10_TOTAL_FREE_TREE_RESERVE_REFILL_NODE_WRITES	0
LIST_EXALL_40_ENTRIES_REPEAT10_TOTAL_FREE_TREE_RESERVE_RETURN_NODE_WRITES	0
LIST_EXALL_40_ENTRIES_REPEAT10_TOTAL_FREE_TREE_POST_PUBLISH_PENDING_RECLAIM_NODE_WRITES	0
LIST_EXALL_40_ENTRIES_REPEAT10_TOTAL_FREE_TREE_OTHER_NODE_WRITES	0
LIST_EXALL_40_ENTRIES_REPEAT10_TOTAL_DIR_TREE_NODE_WRITES	0
LIST_EXALL_40_ENTRIES_REPEAT10_TOTAL_INODE_TREE_NODE_WRITES	0
LIST_EXALL_40_ENTRIES_REPEAT10_TOTAL_REFCOUNT_TREE_NODE_WRITES	0
LIST_EXALL_40_ENTRIES_REPEAT10_TOTAL_OTHER_TREE_NODE_WRITES	0
LIST_EXALL_40_ENTRIES_REPEAT10_TOTAL_NODE_CRC_READ_CALLS	0
LIST_EXALL_40_ENTRIES_REPEAT10_TOTAL_NODE_CRC_READ_SAMPLES	0
LIST_EXALL_40_ENTRIES_REPEAT10_TOTAL_NODE_CRC_READ_SAMPLE_TICKS	0
LIST_EXALL_40_ENTRIES_REPEAT10_TOTAL_NODE_CRC_WRITE_CALLS	0
LIST_EXALL_40_ENTRIES_REPEAT10_TOTAL_NODE_CRC_WRITE_SAMPLES	0
LIST_EXALL_40_ENTRIES_REPEAT10_TOTAL_NODE_CRC_WRITE_SAMPLE_TICKS	0
LIST_EXALL_40_ENTRIES_REPEAT10_TOTAL_CLOCK_PAIR_TICKS	0
LIST_EXALL_40_ENTRIES_REPEAT10_TOTAL_FREE_TREE_RESERVE_RETURN_CALLS	0
LIST_EXALL_40_ENTRIES_REPEAT10_TOTAL_FREE_TREE_RESERVE_RETURN_RUNS	0
LIST_EXALL_40_ENTRIES_REPEAT10_TOTAL_FREE_TREE_RESERVE_RETURN_BLOCKS	0
LIST_EXALL_40_ENTRIES_REPEAT10_TOTAL_FREE_TREE_RESERVE_RETURN_RUNS_1_BLOCK	0
LIST_EXALL_40_ENTRIES_REPEAT10_TOTAL_FREE_TREE_RESERVE_RETURN_RUNS_2_3_BLOCKS	0
LIST_EXALL_40_ENTRIES_REPEAT10_TOTAL_FREE_TREE_RESERVE_RETURN_RUNS_4_7_BLOCKS	0
LIST_EXALL_40_ENTRIES_REPEAT10_TOTAL_FREE_TREE_RESERVE_RETURN_RUNS_8_PLUS_BLOCKS	0
LIST_EXALL_40_ENTRIES_REPEAT10_TOTAL_FREE_TREE_RESERVE_RETURN_MAX_RUN_BLOCKS	0
LIST_EXALL_40_ENTRIES_REPEAT10_TOTAL_FREE_TREE_RESERVE_RETURN_MAX_NODE_WRITES_PER_RUN	0
LIST_EXALL_40_ENTRIES_REPEAT10_TOTAL_POST_PUBLISH_RECLAIM_PASSES	0
LIST_EXALL_40_ENTRIES_REPEAT10_TOTAL_MAX_POST_PUBLISH_RECLAIM_PASSES_PER_COMMIT	0
LIST_EXALL_40_ENTRIES_REPEAT10_TOTAL_SUPERBLOCK_PUBLICATIONS	0
LIST_EXALL_40_ENTRIES_REPEAT10_TOTAL_FREE_TREE_RESERVE_RETURN_RUN_NODE_WRITES	0
LIST_EXALL_40_ENTRIES_REPEAT10_TOTAL_FREE_TREE_RESERVE_RETURN_BATCH_CALLS	0
LIST_EXALL_40_ENTRIES_REPEAT10_TOTAL_FREE_TREE_RESERVE_RETURN_BATCH_BLOCKS	0
LIST_EXALL_40_ENTRIES_REPEAT10_TOTAL_FREE_TREE_RESERVE_RETURN_BATCH_NODE_WRITES	0
LIST_EXALL_40_ENTRIES_REPEAT10_TOTAL_FREE_TREE_RESERVE_RETURN_SKIP_SHAPE	0
LIST_EXALL_40_ENTRIES_REPEAT10_TOTAL_FREE_TREE_RESERVE_RETURN_SKIP_SMALL	0
LIST_EXALL_40_ENTRIES_REPEAT10_TOTAL_FREE_TREE_RESERVE_RETURN_SKIP_EMERGENCY	0
LIST_EXALL_40_ENTRIES_REPEAT10_TOTAL_FREE_TREE_RESERVE_RETURN_SKIP_CAPACITY	0
LIST_EXALL_40_ENTRIES_REPEAT10_TOTAL_SEALED_COMMITS	0
LIST_EXALL_40_ENTRIES_REPEAT10_TOTAL_SEALED_METADATA_FENCES	0
LIST_EXALL_40_ENTRIES_REPEAT10_TOTAL_BTREE_MALLOC_CALLS	11
LIST_EXALL_40_ENTRIES_REPEAT10_TOTAL_BTREE_MALLOC_SAMPLES	11
LIST_EXALL_40_ENTRIES_REPEAT10_TOTAL_BTREE_MALLOC_SAMPLE_TICKS	136
LIST_EXALL_40_ENTRIES_REPEAT10_TOTAL_BTREE_FREE_CALLS	11
LIST_EXALL_40_ENTRIES_REPEAT10_TOTAL_BTREE_FREE_SAMPLES	11
LIST_EXALL_40_ENTRIES_REPEAT10_TOTAL_BTREE_FREE_SAMPLE_TICKS	135
LIST_EXALL_40_ENTRIES_REPEAT10_TOTAL_IFACE_ALLOC_CALLS	0
LIST_EXALL_40_ENTRIES_REPEAT10_TOTAL_IFACE_ALLOC_SAMPLES	0
LIST_EXALL_40_ENTRIES_REPEAT10_TOTAL_IFACE_ALLOC_SAMPLE_TICKS	0
LIST_EXALL_40_ENTRIES_REPEAT10_TOTAL_FREESPACE_ALLOC_SAMPLES	0
LIST_EXALL_40_ENTRIES_REPEAT10_TOTAL_FREESPACE_ALLOC_SAMPLE_TICKS	0
LIST_EXALL_40_ENTRIES_REPEAT10_TOTAL_PACKET_CALLS	12
LIST_EXALL_40_ENTRIES_REPEAT10_TOTAL_PACKET_SAMPLES	12
LIST_EXALL_40_ENTRIES_REPEAT10_TOTAL_PACKET_SAMPLE_TICKS	10300
LIST_EXALL_40_ENTRIES_REPEAT10_TOTAL_PACKET_OPEN_CALLS	0
LIST_EXALL_40_ENTRIES_REPEAT10_TOTAL_PACKET_OPEN_SAMPLES	0
LIST_EXALL_40_ENTRIES_REPEAT10_TOTAL_PACKET_OPEN_SAMPLE_TICKS	0
LIST_EXALL_40_ENTRIES_REPEAT10_TOTAL_PACKET_READ_CALLS	0
LIST_EXALL_40_ENTRIES_REPEAT10_TOTAL_PACKET_READ_SAMPLES	0
LIST_EXALL_40_ENTRIES_REPEAT10_TOTAL_PACKET_READ_SAMPLE_TICKS	0
LIST_EXALL_40_ENTRIES_REPEAT10_TOTAL_PACKET_WRITE_CALLS	0
LIST_EXALL_40_ENTRIES_REPEAT10_TOTAL_PACKET_WRITE_SAMPLES	0
LIST_EXALL_40_ENTRIES_REPEAT10_TOTAL_PACKET_WRITE_SAMPLE_TICKS	0
LIST_EXALL_40_ENTRIES_REPEAT10_TOTAL_PACKET_END_CALLS	0
LIST_EXALL_40_ENTRIES_REPEAT10_TOTAL_PACKET_END_SAMPLES	0
LIST_EXALL_40_ENTRIES_REPEAT10_TOTAL_PACKET_END_SAMPLE_TICKS	0
LIST_EXALL_40_ENTRIES_REPEAT10_TOTAL_PACKET_DELETE_CALLS	0
LIST_EXALL_40_ENTRIES_REPEAT10_TOTAL_PACKET_DELETE_SAMPLES	0
LIST_EXALL_40_ENTRIES_REPEAT10_TOTAL_PACKET_DELETE_SAMPLE_TICKS	0
LIST_EXALL_40_ENTRIES_REPEAT10_TOTAL_PACKET_FLUSH_CALLS	0
LIST_EXALL_40_ENTRIES_REPEAT10_TOTAL_PACKET_FLUSH_SAMPLES	0
LIST_EXALL_40_ENTRIES_REPEAT10_TOTAL_PACKET_FLUSH_SAMPLE_TICKS	0
LIST_EXALL_40_ENTRIES_REPEAT10_TOTAL_PACKET_OTHER_CALLS	12
LIST_EXALL_40_ENTRIES_REPEAT10_TOTAL_PACKET_OTHER_SAMPLES	12
LIST_EXALL_40_ENTRIES_REPEAT10_TOTAL_PACKET_OTHER_SAMPLE_TICKS	10300
LIST_EXALL_40_ENTRIES_REPEAT10_TOTAL_CORE_CREATE_CALLS	0
LIST_EXALL_40_ENTRIES_REPEAT10_TOTAL_CORE_CREATE_SAMPLES	0
LIST_EXALL_40_ENTRIES_REPEAT10_TOTAL_CORE_CREATE_SAMPLE_TICKS	0
LIST_EXALL_40_ENTRIES_REPEAT10_TOTAL_CORE_DELETE_CALLS	0
LIST_EXALL_40_ENTRIES_REPEAT10_TOTAL_CORE_DELETE_SAMPLES	0
LIST_EXALL_40_ENTRIES_REPEAT10_TOTAL_CORE_DELETE_SAMPLE_TICKS	0
LIST_EXALL_40_ENTRIES_REPEAT10_TOTAL_CORE_FILE_WRITE_CALLS	0
LIST_EXALL_40_ENTRIES_REPEAT10_TOTAL_CORE_FILE_WRITE_SAMPLES	0
LIST_EXALL_40_ENTRIES_REPEAT10_TOTAL_CORE_FILE_WRITE_SAMPLE_TICKS	0
LIST_EXALL_40_ENTRIES_REPEAT10_TOTAL_CORE_SYNC_CALLS	0
LIST_EXALL_40_ENTRIES_REPEAT10_TOTAL_CORE_SYNC_SAMPLES	0
LIST_EXALL_40_ENTRIES_REPEAT10_TOTAL_CORE_SYNC_SAMPLE_TICKS	0
LIST_EXALL_40_ENTRIES_REPEAT10_TOTAL_IFACE_FREE_CALLS	0
LIST_EXALL_40_ENTRIES_REPEAT10_TOTAL_IFACE_FREE_SAMPLES	0
LIST_EXALL_40_ENTRIES_REPEAT10_TOTAL_IFACE_FREE_SAMPLE_TICKS	0
LIST_EXALL_40_ENTRIES_REPEAT10_TOTAL_SEAL_COMMIT_CALLS	0
LIST_EXALL_40_ENTRIES_REPEAT10_TOTAL_SEAL_COMMIT_SAMPLES	0
LIST_EXALL_40_ENTRIES_REPEAT10_TOTAL_SEAL_COMMIT_SAMPLE_TICKS	0
LIST_EXALL_40_ENTRIES_REPEAT10_TOTAL_INODE_READ_CALLS	400
LIST_EXALL_40_ENTRIES_REPEAT10_TOTAL_BTREE_SEARCH_CALLS	401
LIST_EXALL_40_ENTRIES_REPEAT10_TOTAL_BTREE_INDEX_HINT_HITS	400
LIST_EXALL_40_ENTRIES_REPEAT10_TOTAL_BTREE_LEAF_HINT_HITS	1
LIST_EXALL_40_ENTRIES_REPEAT10_TOTAL_CACHE_READ_CALLS	0
LIST_EXALL_40_ENTRIES_REPEAT10_TOTAL_CACHE_READ_HITS	0
LIST_EXALL_40_ENTRIES_REPEAT10_TOTAL_CACHE_READ_MISSES	0
LIST_EXALL_40_ENTRIES_REPEAT10_TOTAL_FREE_TREE_NODE_VIEWS	0
LIST_EXALL_40_ENTRIES_REPEAT10_TOTAL_FREE_TREE_RESIDENT_VIEWS	0
LIST_EXALL_40_ENTRIES_REPEAT10_TOTAL_DIR_TREE_NODE_VIEWS	160
LIST_EXALL_40_ENTRIES_REPEAT10_TOTAL_DIR_TREE_RESIDENT_VIEWS	160
LIST_EXALL_40_ENTRIES_REPEAT10_TOTAL_INODE_TREE_NODE_VIEWS	0
LIST_EXALL_40_ENTRIES_REPEAT10_TOTAL_INODE_TREE_RESIDENT_VIEWS	0
LIST_EXALL_40_ENTRIES_REPEAT10_TOTAL_REFCOUNT_TREE_NODE_VIEWS	0
LIST_EXALL_40_ENTRIES_REPEAT10_TOTAL_REFCOUNT_TREE_RESIDENT_VIEWS	0
LIST_EXALL_40_ENTRIES_REPEAT10_TOTAL_OTHER_TREE_NODE_VIEWS	0
LIST_EXALL_40_ENTRIES_REPEAT10_TOTAL_OTHER_TREE_RESIDENT_VIEWS	0
LIST_EXALL_40_ENTRIES_REPEAT10_TOTAL_DIR_TREE_LEAF_NODE_VIEWS	60
LIST_EXALL_40_ENTRIES_REPEAT10_TOTAL_DIR_TREE_LEAF_RESIDENT_VIEWS	60
LIST_EXALL_40_ENTRIES_REPEAT10_TOTAL_DIR_TREE_INTERNAL_NODE_VIEWS	100
LIST_EXALL_40_ENTRIES_REPEAT10_TOTAL_DIR_TREE_INTERNAL_RESIDENT_VIEWS	100
LIST_EXALL_40_ENTRIES_REPEAT10_TOTAL_INODE_TREE_LEAF_NODE_VIEWS	0
LIST_EXALL_40_ENTRIES_REPEAT10_TOTAL_INODE_TREE_LEAF_RESIDENT_VIEWS	0
LIST_EXALL_40_ENTRIES_REPEAT10_TOTAL_INODE_TREE_INTERNAL_NODE_VIEWS	0
LIST_EXALL_40_ENTRIES_REPEAT10_TOTAL_INODE_TREE_INTERNAL_RESIDENT_VIEWS	0
LIST_EXALL_40_ENTRIES_REPEAT10_TOTAL_DETAIL_INODE_READ_CALLS	400
LIST_EXALL_40_ENTRIES_REPEAT10_TOTAL_DETAIL_INODE_READ_SAMPLES	23
LIST_EXALL_40_ENTRIES_REPEAT10_TOTAL_DETAIL_INODE_READ_SAMPLE_TICKS	550
LIST_EXALL_40_ENTRIES_REPEAT10_TOTAL_DETAIL_INODE_VALIDATE_CALLS	400
LIST_EXALL_40_ENTRIES_REPEAT10_TOTAL_DETAIL_INODE_VALIDATE_SAMPLES	23
LIST_EXALL_40_ENTRIES_REPEAT10_TOTAL_DETAIL_INODE_VALIDATE_SAMPLE_TICKS	98
LIST_EXALL_40_ENTRIES_REPEAT10_TOTAL_DETAIL_INODE_SEARCH_CALLS	400
LIST_EXALL_40_ENTRIES_REPEAT10_TOTAL_DETAIL_INODE_SEARCH_SAMPLES	23
LIST_EXALL_40_ENTRIES_REPEAT10_TOTAL_DETAIL_INODE_SEARCH_SAMPLE_TICKS	182
LIST_EXALL_40_ENTRIES_REPEAT10_TOTAL_DETAIL_INODE_NODE_VIEW_CALLS	0
LIST_EXALL_40_ENTRIES_REPEAT10_TOTAL_DETAIL_INODE_NODE_VIEW_SAMPLES	0
LIST_EXALL_40_ENTRIES_REPEAT10_TOTAL_DETAIL_INODE_NODE_VIEW_SAMPLE_TICKS	0
LIST_EXALL_40_ENTRIES_REPEAT10_TOTAL_DETAIL_DIR_NODE_VIEW_CALLS	160
LIST_EXALL_40_ENTRIES_REPEAT10_TOTAL_DETAIL_DIR_NODE_VIEW_SAMPLES	9
LIST_EXALL_40_ENTRIES_REPEAT10_TOTAL_DETAIL_DIR_NODE_VIEW_SAMPLE_TICKS	45
LIST_EXALL_40_ENTRIES_REPEAT10_TOTAL_DETAIL_INODE_BINARY_SEARCH_CALLS	0
LIST_EXALL_40_ENTRIES_REPEAT10_TOTAL_DETAIL_INODE_BINARY_SEARCH_SAMPLES	0
LIST_EXALL_40_ENTRIES_REPEAT10_TOTAL_DETAIL_INODE_BINARY_SEARCH_SAMPLE_TICKS	0
LIST_EXALL_40_ENTRIES_REPEAT10_TOTAL_DETAIL_DIR_BINARY_SEARCH_CALLS	41
LIST_EXALL_40_ENTRIES_REPEAT10_TOTAL_DETAIL_DIR_BINARY_SEARCH_SAMPLES	2
LIST_EXALL_40_ENTRIES_REPEAT10_TOTAL_DETAIL_DIR_BINARY_SEARCH_SAMPLE_TICKS	0
LIST_EXALL_40_ENTRIES_REPEAT10_TOTAL_DETAIL_NODE_STRUCTURE_CALLS	0
LIST_EXALL_40_ENTRIES_REPEAT10_TOTAL_DETAIL_NODE_STRUCTURE_SAMPLES	0
LIST_EXALL_40_ENTRIES_REPEAT10_TOTAL_DETAIL_NODE_STRUCTURE_SAMPLE_TICKS	0
LIST_EXALL_40_ENTRIES_REPEAT10_TOTAL_DETAIL_CACHE_PEEK_CALLS	561
LIST_EXALL_40_ENTRIES_REPEAT10_TOTAL_DETAIL_CACHE_PEEK_SAMPLES	33
LIST_EXALL_40_ENTRIES_REPEAT10_TOTAL_DETAIL_CACHE_PEEK_SAMPLE_TICKS	39
LIST_EXALL_40_ENTRIES_REPEAT10_TOTAL_DETAIL_BUFFER_ALLOC_CALLS	10
LIST_EXALL_40_ENTRIES_REPEAT10_TOTAL_DETAIL_BUFFER_ALLOC_SAMPLES	0
LIST_EXALL_40_ENTRIES_REPEAT10_TOTAL_DETAIL_BUFFER_ALLOC_SAMPLE_TICKS	0
LIST_EXALL_40_ENTRIES_REPEAT10_TOTAL_DETAIL_BUFFER_FREE_CALLS	10
LIST_EXALL_40_ENTRIES_REPEAT10_TOTAL_DETAIL_BUFFER_FREE_SAMPLES	0
LIST_EXALL_40_ENTRIES_REPEAT10_TOTAL_DETAIL_BUFFER_FREE_SAMPLE_TICKS	0
LIST_EXALL_40_ENTRIES_REPEAT10_TOTAL_DETAIL_EXALL_FILL_CALLS	410
LIST_EXALL_40_ENTRIES_REPEAT10_TOTAL_DETAIL_EXALL_FILL_SAMPLES	24
LIST_EXALL_40_ENTRIES_REPEAT10_TOTAL_DETAIL_EXALL_FILL_SAMPLE_TICKS	726
LIST_EXALL_40_ENTRIES_REPEAT10_TOTAL_DEFERRED_NODE_WRITES	0
LIST_EXNEXT_400_ENTRIES_FIRST_PASS_US	67199
LIST_EXNEXT_400_ENTRIES_FIRST_PASS_BIO_READS	65
LIST_EXNEXT_400_ENTRIES_FIRST_PASS_BIO_WRITES	0
LIST_EXNEXT_400_ENTRIES_FIRST_PASS_BIO_UPDATES	0
LIST_EXNEXT_400_ENTRIES_FIRST_PASS_DATA_READS	0
LIST_EXNEXT_400_ENTRIES_FIRST_PASS_DATA_WRITES	0
LIST_EXNEXT_400_ENTRIES_FIRST_PASS_NODE_WRITES	0
LIST_EXNEXT_400_ENTRIES_FIRST_PASS_TXN_COMMITS	0
LIST_EXNEXT_400_ENTRIES_FIRST_PASS_FREESPACE_ALLOCS	0
LIST_EXNEXT_400_ENTRIES_FIRST_PASS_EXTENT_MAPS	0
LIST_EXNEXT_400_ENTRIES_FIRST_PASS_READ_TICKS	5563
LIST_EXNEXT_400_ENTRIES_FIRST_PASS_WRITE_TICKS	0
LIST_EXNEXT_400_ENTRIES_FIRST_PASS_UPDATE_TICKS	0
LIST_EXNEXT_400_ENTRIES_FIRST_PASS_DATA_READ_TICKS	0
LIST_EXNEXT_400_ENTRIES_FIRST_PASS_DATA_WRITE_TICKS	0
LIST_EXNEXT_400_ENTRIES_FIRST_PASS_FREE_TREE_NODE_WRITES	0
LIST_EXNEXT_400_ENTRIES_FIRST_PASS_FREE_TREE_ALLOCATION_BODY_NODE_WRITES	0
LIST_EXNEXT_400_ENTRIES_FIRST_PASS_FREE_TREE_RESERVE_REFILL_NODE_WRITES	0
LIST_EXNEXT_400_ENTRIES_FIRST_PASS_FREE_TREE_RESERVE_RETURN_NODE_WRITES	0
LIST_EXNEXT_400_ENTRIES_FIRST_PASS_FREE_TREE_POST_PUBLISH_PENDING_RECLAIM_NODE_WRITES	0
LIST_EXNEXT_400_ENTRIES_FIRST_PASS_FREE_TREE_OTHER_NODE_WRITES	0
LIST_EXNEXT_400_ENTRIES_FIRST_PASS_DIR_TREE_NODE_WRITES	0
LIST_EXNEXT_400_ENTRIES_FIRST_PASS_INODE_TREE_NODE_WRITES	0
LIST_EXNEXT_400_ENTRIES_FIRST_PASS_REFCOUNT_TREE_NODE_WRITES	0
LIST_EXNEXT_400_ENTRIES_FIRST_PASS_OTHER_TREE_NODE_WRITES	0
LIST_EXNEXT_400_ENTRIES_FIRST_PASS_NODE_CRC_READ_CALLS	65
LIST_EXNEXT_400_ENTRIES_FIRST_PASS_NODE_CRC_READ_SAMPLES	1
LIST_EXNEXT_400_ENTRIES_FIRST_PASS_NODE_CRC_READ_SAMPLE_TICKS	136
LIST_EXNEXT_400_ENTRIES_FIRST_PASS_NODE_CRC_WRITE_CALLS	0
LIST_EXNEXT_400_ENTRIES_FIRST_PASS_NODE_CRC_WRITE_SAMPLES	0
LIST_EXNEXT_400_ENTRIES_FIRST_PASS_NODE_CRC_WRITE_SAMPLE_TICKS	0
LIST_EXNEXT_400_ENTRIES_FIRST_PASS_CLOCK_PAIR_TICKS	0
LIST_EXNEXT_400_ENTRIES_FIRST_PASS_FREE_TREE_RESERVE_RETURN_CALLS	0
LIST_EXNEXT_400_ENTRIES_FIRST_PASS_FREE_TREE_RESERVE_RETURN_RUNS	0
LIST_EXNEXT_400_ENTRIES_FIRST_PASS_FREE_TREE_RESERVE_RETURN_BLOCKS	0
LIST_EXNEXT_400_ENTRIES_FIRST_PASS_FREE_TREE_RESERVE_RETURN_RUNS_1_BLOCK	0
LIST_EXNEXT_400_ENTRIES_FIRST_PASS_FREE_TREE_RESERVE_RETURN_RUNS_2_3_BLOCKS	0
LIST_EXNEXT_400_ENTRIES_FIRST_PASS_FREE_TREE_RESERVE_RETURN_RUNS_4_7_BLOCKS	0
LIST_EXNEXT_400_ENTRIES_FIRST_PASS_FREE_TREE_RESERVE_RETURN_RUNS_8_PLUS_BLOCKS	0
LIST_EXNEXT_400_ENTRIES_FIRST_PASS_FREE_TREE_RESERVE_RETURN_MAX_RUN_BLOCKS	0
LIST_EXNEXT_400_ENTRIES_FIRST_PASS_FREE_TREE_RESERVE_RETURN_MAX_NODE_WRITES_PER_RUN	0
LIST_EXNEXT_400_ENTRIES_FIRST_PASS_POST_PUBLISH_RECLAIM_PASSES	0
LIST_EXNEXT_400_ENTRIES_FIRST_PASS_MAX_POST_PUBLISH_RECLAIM_PASSES_PER_COMMIT	0
LIST_EXNEXT_400_ENTRIES_FIRST_PASS_SUPERBLOCK_PUBLICATIONS	0
LIST_EXNEXT_400_ENTRIES_FIRST_PASS_FREE_TREE_RESERVE_RETURN_RUN_NODE_WRITES	0
LIST_EXNEXT_400_ENTRIES_FIRST_PASS_FREE_TREE_RESERVE_RETURN_BATCH_CALLS	0
LIST_EXNEXT_400_ENTRIES_FIRST_PASS_FREE_TREE_RESERVE_RETURN_BATCH_BLOCKS	0
LIST_EXNEXT_400_ENTRIES_FIRST_PASS_FREE_TREE_RESERVE_RETURN_BATCH_NODE_WRITES	0
LIST_EXNEXT_400_ENTRIES_FIRST_PASS_FREE_TREE_RESERVE_RETURN_SKIP_SHAPE	0
LIST_EXNEXT_400_ENTRIES_FIRST_PASS_FREE_TREE_RESERVE_RETURN_SKIP_SMALL	0
LIST_EXNEXT_400_ENTRIES_FIRST_PASS_FREE_TREE_RESERVE_RETURN_SKIP_EMERGENCY	0
LIST_EXNEXT_400_ENTRIES_FIRST_PASS_FREE_TREE_RESERVE_RETURN_SKIP_CAPACITY	0
LIST_EXNEXT_400_ENTRIES_FIRST_PASS_SEALED_COMMITS	0
LIST_EXNEXT_400_ENTRIES_FIRST_PASS_SEALED_METADATA_FENCES	0
LIST_EXNEXT_400_ENTRIES_FIRST_PASS_BTREE_MALLOC_CALLS	43
LIST_EXNEXT_400_ENTRIES_FIRST_PASS_BTREE_MALLOC_SAMPLES	43
LIST_EXNEXT_400_ENTRIES_FIRST_PASS_BTREE_MALLOC_SAMPLE_TICKS	251
LIST_EXNEXT_400_ENTRIES_FIRST_PASS_BTREE_FREE_CALLS	403
LIST_EXNEXT_400_ENTRIES_FIRST_PASS_BTREE_FREE_SAMPLES	403
LIST_EXNEXT_400_ENTRIES_FIRST_PASS_BTREE_FREE_SAMPLE_TICKS	579
LIST_EXNEXT_400_ENTRIES_FIRST_PASS_IFACE_ALLOC_CALLS	0
LIST_EXNEXT_400_ENTRIES_FIRST_PASS_IFACE_ALLOC_SAMPLES	0
LIST_EXNEXT_400_ENTRIES_FIRST_PASS_IFACE_ALLOC_SAMPLE_TICKS	0
LIST_EXNEXT_400_ENTRIES_FIRST_PASS_FREESPACE_ALLOC_SAMPLES	0
LIST_EXNEXT_400_ENTRIES_FIRST_PASS_FREESPACE_ALLOC_SAMPLE_TICKS	0
LIST_EXNEXT_400_ENTRIES_FIRST_PASS_PACKET_CALLS	404
LIST_EXNEXT_400_ENTRIES_FIRST_PASS_PACKET_SAMPLES	404
LIST_EXNEXT_400_ENTRIES_FIRST_PASS_PACKET_SAMPLE_TICKS	39848
LIST_EXNEXT_400_ENTRIES_FIRST_PASS_PACKET_OPEN_CALLS	0
LIST_EXNEXT_400_ENTRIES_FIRST_PASS_PACKET_OPEN_SAMPLES	0
LIST_EXNEXT_400_ENTRIES_FIRST_PASS_PACKET_OPEN_SAMPLE_TICKS	0
LIST_EXNEXT_400_ENTRIES_FIRST_PASS_PACKET_READ_CALLS	0
LIST_EXNEXT_400_ENTRIES_FIRST_PASS_PACKET_READ_SAMPLES	0
LIST_EXNEXT_400_ENTRIES_FIRST_PASS_PACKET_READ_SAMPLE_TICKS	0
LIST_EXNEXT_400_ENTRIES_FIRST_PASS_PACKET_WRITE_CALLS	0
LIST_EXNEXT_400_ENTRIES_FIRST_PASS_PACKET_WRITE_SAMPLES	0
LIST_EXNEXT_400_ENTRIES_FIRST_PASS_PACKET_WRITE_SAMPLE_TICKS	0
LIST_EXNEXT_400_ENTRIES_FIRST_PASS_PACKET_END_CALLS	0
LIST_EXNEXT_400_ENTRIES_FIRST_PASS_PACKET_END_SAMPLES	0
LIST_EXNEXT_400_ENTRIES_FIRST_PASS_PACKET_END_SAMPLE_TICKS	0
LIST_EXNEXT_400_ENTRIES_FIRST_PASS_PACKET_DELETE_CALLS	0
LIST_EXNEXT_400_ENTRIES_FIRST_PASS_PACKET_DELETE_SAMPLES	0
LIST_EXNEXT_400_ENTRIES_FIRST_PASS_PACKET_DELETE_SAMPLE_TICKS	0
LIST_EXNEXT_400_ENTRIES_FIRST_PASS_PACKET_FLUSH_CALLS	0
LIST_EXNEXT_400_ENTRIES_FIRST_PASS_PACKET_FLUSH_SAMPLES	0
LIST_EXNEXT_400_ENTRIES_FIRST_PASS_PACKET_FLUSH_SAMPLE_TICKS	0
LIST_EXNEXT_400_ENTRIES_FIRST_PASS_PACKET_OTHER_CALLS	404
LIST_EXNEXT_400_ENTRIES_FIRST_PASS_PACKET_OTHER_SAMPLES	404
LIST_EXNEXT_400_ENTRIES_FIRST_PASS_PACKET_OTHER_SAMPLE_TICKS	39848
LIST_EXNEXT_400_ENTRIES_FIRST_PASS_CORE_CREATE_CALLS	0
LIST_EXNEXT_400_ENTRIES_FIRST_PASS_CORE_CREATE_SAMPLES	0
LIST_EXNEXT_400_ENTRIES_FIRST_PASS_CORE_CREATE_SAMPLE_TICKS	0
LIST_EXNEXT_400_ENTRIES_FIRST_PASS_CORE_DELETE_CALLS	0
LIST_EXNEXT_400_ENTRIES_FIRST_PASS_CORE_DELETE_SAMPLES	0
LIST_EXNEXT_400_ENTRIES_FIRST_PASS_CORE_DELETE_SAMPLE_TICKS	0
LIST_EXNEXT_400_ENTRIES_FIRST_PASS_CORE_FILE_WRITE_CALLS	0
LIST_EXNEXT_400_ENTRIES_FIRST_PASS_CORE_FILE_WRITE_SAMPLES	0
LIST_EXNEXT_400_ENTRIES_FIRST_PASS_CORE_FILE_WRITE_SAMPLE_TICKS	0
LIST_EXNEXT_400_ENTRIES_FIRST_PASS_CORE_SYNC_CALLS	0
LIST_EXNEXT_400_ENTRIES_FIRST_PASS_CORE_SYNC_SAMPLES	0
LIST_EXNEXT_400_ENTRIES_FIRST_PASS_CORE_SYNC_SAMPLE_TICKS	0
LIST_EXNEXT_400_ENTRIES_FIRST_PASS_IFACE_FREE_CALLS	0
LIST_EXNEXT_400_ENTRIES_FIRST_PASS_IFACE_FREE_SAMPLES	0
LIST_EXNEXT_400_ENTRIES_FIRST_PASS_IFACE_FREE_SAMPLE_TICKS	0
LIST_EXNEXT_400_ENTRIES_FIRST_PASS_SEAL_COMMIT_CALLS	0
LIST_EXNEXT_400_ENTRIES_FIRST_PASS_SEAL_COMMIT_SAMPLES	0
LIST_EXNEXT_400_ENTRIES_FIRST_PASS_SEAL_COMMIT_SAMPLE_TICKS	0
LIST_EXNEXT_400_ENTRIES_FIRST_PASS_INODE_READ_CALLS	401
LIST_EXNEXT_400_ENTRIES_FIRST_PASS_BTREE_SEARCH_CALLS	402
LIST_EXNEXT_400_ENTRIES_FIRST_PASS_BTREE_INDEX_HINT_HITS	0
LIST_EXNEXT_400_ENTRIES_FIRST_PASS_BTREE_LEAF_HINT_HITS	382
LIST_EXNEXT_400_ENTRIES_FIRST_PASS_CACHE_READ_CALLS	65
LIST_EXNEXT_400_ENTRIES_FIRST_PASS_CACHE_READ_HITS	0
LIST_EXNEXT_400_ENTRIES_FIRST_PASS_CACHE_READ_MISSES	65
LIST_EXNEXT_400_ENTRIES_FIRST_PASS_FREE_TREE_NODE_VIEWS	0
LIST_EXNEXT_400_ENTRIES_FIRST_PASS_FREE_TREE_RESIDENT_VIEWS	0
LIST_EXNEXT_400_ENTRIES_FIRST_PASS_DIR_TREE_NODE_VIEWS	264
LIST_EXNEXT_400_ENTRIES_FIRST_PASS_DIR_TREE_RESIDENT_VIEWS	219
LIST_EXNEXT_400_ENTRIES_FIRST_PASS_INODE_TREE_NODE_VIEWS	40
LIST_EXNEXT_400_ENTRIES_FIRST_PASS_INODE_TREE_RESIDENT_VIEWS	20
LIST_EXNEXT_400_ENTRIES_FIRST_PASS_REFCOUNT_TREE_NODE_VIEWS	0
LIST_EXNEXT_400_ENTRIES_FIRST_PASS_REFCOUNT_TREE_RESIDENT_VIEWS	0
LIST_EXNEXT_400_ENTRIES_FIRST_PASS_OTHER_TREE_NODE_VIEWS	0
LIST_EXNEXT_400_ENTRIES_FIRST_PASS_OTHER_TREE_RESIDENT_VIEWS	0
LIST_EXNEXT_400_ENTRIES_FIRST_PASS_DIR_TREE_LEAF_NODE_VIEWS	85
LIST_EXNEXT_400_ENTRIES_FIRST_PASS_DIR_TREE_LEAF_RESIDENT_VIEWS	44
LIST_EXNEXT_400_ENTRIES_FIRST_PASS_DIR_TREE_INTERNAL_NODE_VIEWS	179
LIST_EXNEXT_400_ENTRIES_FIRST_PASS_DIR_TREE_INTERNAL_RESIDENT_VIEWS	175
LIST_EXNEXT_400_ENTRIES_FIRST_PASS_INODE_TREE_LEAF_NODE_VIEWS	20
LIST_EXNEXT_400_ENTRIES_FIRST_PASS_INODE_TREE_LEAF_RESIDENT_VIEWS	0
LIST_EXNEXT_400_ENTRIES_FIRST_PASS_INODE_TREE_INTERNAL_NODE_VIEWS	20
LIST_EXNEXT_400_ENTRIES_FIRST_PASS_INODE_TREE_INTERNAL_RESIDENT_VIEWS	20
LIST_EXNEXT_400_ENTRIES_FIRST_PASS_DETAIL_INODE_READ_CALLS	401
LIST_EXNEXT_400_ENTRIES_FIRST_PASS_DETAIL_INODE_READ_SAMPLES	23
LIST_EXNEXT_400_ENTRIES_FIRST_PASS_DETAIL_INODE_READ_SAMPLE_TICKS	681
LIST_EXNEXT_400_ENTRIES_FIRST_PASS_DETAIL_INODE_VALIDATE_CALLS	401
LIST_EXNEXT_400_ENTRIES_FIRST_PASS_DETAIL_INODE_VALIDATE_SAMPLES	23
LIST_EXNEXT_400_ENTRIES_FIRST_PASS_DETAIL_INODE_VALIDATE_SAMPLE_TICKS	66
LIST_EXNEXT_400_ENTRIES_FIRST_PASS_DETAIL_INODE_SEARCH_CALLS	401
LIST_EXNEXT_400_ENTRIES_FIRST_PASS_DETAIL_INODE_SEARCH_SAMPLES	23
LIST_EXNEXT_400_ENTRIES_FIRST_PASS_DETAIL_INODE_SEARCH_SAMPLE_TICKS	450
LIST_EXNEXT_400_ENTRIES_FIRST_PASS_DETAIL_INODE_NODE_VIEW_CALLS	40
LIST_EXNEXT_400_ENTRIES_FIRST_PASS_DETAIL_INODE_NODE_VIEW_SAMPLES	2
LIST_EXNEXT_400_ENTRIES_FIRST_PASS_DETAIL_INODE_NODE_VIEW_SAMPLE_TICKS	227
LIST_EXNEXT_400_ENTRIES_FIRST_PASS_DETAIL_DIR_NODE_VIEW_CALLS	264
LIST_EXNEXT_400_ENTRIES_FIRST_PASS_DETAIL_DIR_NODE_VIEW_SAMPLES	15
LIST_EXNEXT_400_ENTRIES_FIRST_PASS_DETAIL_DIR_NODE_VIEW_SAMPLE_TICKS	1000
LIST_EXNEXT_400_ENTRIES_FIRST_PASS_DETAIL_INODE_BINARY_SEARCH_CALLS	40
LIST_EXNEXT_400_ENTRIES_FIRST_PASS_DETAIL_INODE_BINARY_SEARCH_SAMPLES	2
LIST_EXNEXT_400_ENTRIES_FIRST_PASS_DETAIL_INODE_BINARY_SEARCH_SAMPLE_TICKS	45
LIST_EXNEXT_400_ENTRIES_FIRST_PASS_DETAIL_DIR_BINARY_SEARCH_CALLS	173
LIST_EXNEXT_400_ENTRIES_FIRST_PASS_DETAIL_DIR_BINARY_SEARCH_SAMPLES	10
LIST_EXNEXT_400_ENTRIES_FIRST_PASS_DETAIL_DIR_BINARY_SEARCH_SAMPLE_TICKS	125
LIST_EXNEXT_400_ENTRIES_FIRST_PASS_DETAIL_NODE_STRUCTURE_CALLS	65
LIST_EXNEXT_400_ENTRIES_FIRST_PASS_DETAIL_NODE_STRUCTURE_SAMPLES	3
LIST_EXNEXT_400_ENTRIES_FIRST_PASS_DETAIL_NODE_STRUCTURE_SAMPLE_TICKS	93
LIST_EXNEXT_400_ENTRIES_FIRST_PASS_DETAIL_CACHE_PEEK_CALLS	714
LIST_EXNEXT_400_ENTRIES_FIRST_PASS_DETAIL_CACHE_PEEK_SAMPLES	42
LIST_EXNEXT_400_ENTRIES_FIRST_PASS_DETAIL_CACHE_PEEK_SAMPLE_TICKS	110
LIST_EXNEXT_400_ENTRIES_FIRST_PASS_DETAIL_BUFFER_ALLOC_CALLS	422
LIST_EXNEXT_400_ENTRIES_FIRST_PASS_DETAIL_BUFFER_ALLOC_SAMPLES	24
LIST_EXNEXT_400_ENTRIES_FIRST_PASS_DETAIL_BUFFER_ALLOC_SAMPLE_TICKS	91
LIST_EXNEXT_400_ENTRIES_FIRST_PASS_DETAIL_BUFFER_FREE_CALLS	422
LIST_EXNEXT_400_ENTRIES_FIRST_PASS_DETAIL_BUFFER_FREE_SAMPLES	24
LIST_EXNEXT_400_ENTRIES_FIRST_PASS_DETAIL_BUFFER_FREE_SAMPLE_TICKS	138
LIST_EXNEXT_400_ENTRIES_FIRST_PASS_DETAIL_EXALL_FILL_CALLS	0
LIST_EXNEXT_400_ENTRIES_FIRST_PASS_DETAIL_EXALL_FILL_SAMPLES	0
LIST_EXNEXT_400_ENTRIES_FIRST_PASS_DETAIL_EXALL_FILL_SAMPLE_TICKS	0
LIST_EXNEXT_400_ENTRIES_FIRST_PASS_DEFERRED_NODE_WRITES	0
LIST_EXNEXT_400_ENTRIES_REPEAT10_TOTAL_US	684668
LIST_EXNEXT_400_ENTRIES_REPEAT10_TOTAL_BIO_READS	680
LIST_EXNEXT_400_ENTRIES_REPEAT10_TOTAL_BIO_WRITES	0
LIST_EXNEXT_400_ENTRIES_REPEAT10_TOTAL_BIO_UPDATES	0
LIST_EXNEXT_400_ENTRIES_REPEAT10_TOTAL_DATA_READS	0
LIST_EXNEXT_400_ENTRIES_REPEAT10_TOTAL_DATA_WRITES	0
LIST_EXNEXT_400_ENTRIES_REPEAT10_TOTAL_NODE_WRITES	0
LIST_EXNEXT_400_ENTRIES_REPEAT10_TOTAL_TXN_COMMITS	0
LIST_EXNEXT_400_ENTRIES_REPEAT10_TOTAL_FREESPACE_ALLOCS	0
LIST_EXNEXT_400_ENTRIES_REPEAT10_TOTAL_EXTENT_MAPS	0
LIST_EXNEXT_400_ENTRIES_REPEAT10_TOTAL_READ_TICKS	51267
LIST_EXNEXT_400_ENTRIES_REPEAT10_TOTAL_WRITE_TICKS	0
LIST_EXNEXT_400_ENTRIES_REPEAT10_TOTAL_UPDATE_TICKS	0
LIST_EXNEXT_400_ENTRIES_REPEAT10_TOTAL_DATA_READ_TICKS	0
LIST_EXNEXT_400_ENTRIES_REPEAT10_TOTAL_DATA_WRITE_TICKS	0
LIST_EXNEXT_400_ENTRIES_REPEAT10_TOTAL_FREE_TREE_NODE_WRITES	0
LIST_EXNEXT_400_ENTRIES_REPEAT10_TOTAL_FREE_TREE_ALLOCATION_BODY_NODE_WRITES	0
LIST_EXNEXT_400_ENTRIES_REPEAT10_TOTAL_FREE_TREE_RESERVE_REFILL_NODE_WRITES	0
LIST_EXNEXT_400_ENTRIES_REPEAT10_TOTAL_FREE_TREE_RESERVE_RETURN_NODE_WRITES	0
LIST_EXNEXT_400_ENTRIES_REPEAT10_TOTAL_FREE_TREE_POST_PUBLISH_PENDING_RECLAIM_NODE_WRITES	0
LIST_EXNEXT_400_ENTRIES_REPEAT10_TOTAL_FREE_TREE_OTHER_NODE_WRITES	0
LIST_EXNEXT_400_ENTRIES_REPEAT10_TOTAL_DIR_TREE_NODE_WRITES	0
LIST_EXNEXT_400_ENTRIES_REPEAT10_TOTAL_INODE_TREE_NODE_WRITES	0
LIST_EXNEXT_400_ENTRIES_REPEAT10_TOTAL_REFCOUNT_TREE_NODE_WRITES	0
LIST_EXNEXT_400_ENTRIES_REPEAT10_TOTAL_OTHER_TREE_NODE_WRITES	0
LIST_EXNEXT_400_ENTRIES_REPEAT10_TOTAL_NODE_CRC_READ_CALLS	680
LIST_EXNEXT_400_ENTRIES_REPEAT10_TOTAL_NODE_CRC_READ_SAMPLES	10
LIST_EXNEXT_400_ENTRIES_REPEAT10_TOTAL_NODE_CRC_READ_SAMPLE_TICKS	1060
LIST_EXNEXT_400_ENTRIES_REPEAT10_TOTAL_NODE_CRC_WRITE_CALLS	0
LIST_EXNEXT_400_ENTRIES_REPEAT10_TOTAL_NODE_CRC_WRITE_SAMPLES	0
LIST_EXNEXT_400_ENTRIES_REPEAT10_TOTAL_NODE_CRC_WRITE_SAMPLE_TICKS	0
LIST_EXNEXT_400_ENTRIES_REPEAT10_TOTAL_CLOCK_PAIR_TICKS	0
LIST_EXNEXT_400_ENTRIES_REPEAT10_TOTAL_FREE_TREE_RESERVE_RETURN_CALLS	0
LIST_EXNEXT_400_ENTRIES_REPEAT10_TOTAL_FREE_TREE_RESERVE_RETURN_RUNS	0
LIST_EXNEXT_400_ENTRIES_REPEAT10_TOTAL_FREE_TREE_RESERVE_RETURN_BLOCKS	0
LIST_EXNEXT_400_ENTRIES_REPEAT10_TOTAL_FREE_TREE_RESERVE_RETURN_RUNS_1_BLOCK	0
LIST_EXNEXT_400_ENTRIES_REPEAT10_TOTAL_FREE_TREE_RESERVE_RETURN_RUNS_2_3_BLOCKS	0
LIST_EXNEXT_400_ENTRIES_REPEAT10_TOTAL_FREE_TREE_RESERVE_RETURN_RUNS_4_7_BLOCKS	0
LIST_EXNEXT_400_ENTRIES_REPEAT10_TOTAL_FREE_TREE_RESERVE_RETURN_RUNS_8_PLUS_BLOCKS	0
LIST_EXNEXT_400_ENTRIES_REPEAT10_TOTAL_FREE_TREE_RESERVE_RETURN_MAX_RUN_BLOCKS	0
LIST_EXNEXT_400_ENTRIES_REPEAT10_TOTAL_FREE_TREE_RESERVE_RETURN_MAX_NODE_WRITES_PER_RUN	0
LIST_EXNEXT_400_ENTRIES_REPEAT10_TOTAL_POST_PUBLISH_RECLAIM_PASSES	0
LIST_EXNEXT_400_ENTRIES_REPEAT10_TOTAL_MAX_POST_PUBLISH_RECLAIM_PASSES_PER_COMMIT	0
LIST_EXNEXT_400_ENTRIES_REPEAT10_TOTAL_SUPERBLOCK_PUBLICATIONS	0
LIST_EXNEXT_400_ENTRIES_REPEAT10_TOTAL_FREE_TREE_RESERVE_RETURN_RUN_NODE_WRITES	0
LIST_EXNEXT_400_ENTRIES_REPEAT10_TOTAL_FREE_TREE_RESERVE_RETURN_BATCH_CALLS	0
LIST_EXNEXT_400_ENTRIES_REPEAT10_TOTAL_FREE_TREE_RESERVE_RETURN_BATCH_BLOCKS	0
LIST_EXNEXT_400_ENTRIES_REPEAT10_TOTAL_FREE_TREE_RESERVE_RETURN_BATCH_NODE_WRITES	0
LIST_EXNEXT_400_ENTRIES_REPEAT10_TOTAL_FREE_TREE_RESERVE_RETURN_SKIP_SHAPE	0
LIST_EXNEXT_400_ENTRIES_REPEAT10_TOTAL_FREE_TREE_RESERVE_RETURN_SKIP_SMALL	0
LIST_EXNEXT_400_ENTRIES_REPEAT10_TOTAL_FREE_TREE_RESERVE_RETURN_SKIP_EMERGENCY	0
LIST_EXNEXT_400_ENTRIES_REPEAT10_TOTAL_FREE_TREE_RESERVE_RETURN_SKIP_CAPACITY	0
LIST_EXNEXT_400_ENTRIES_REPEAT10_TOTAL_SEALED_COMMITS	0
LIST_EXNEXT_400_ENTRIES_REPEAT10_TOTAL_SEALED_METADATA_FENCES	0
LIST_EXNEXT_400_ENTRIES_REPEAT10_TOTAL_BTREE_MALLOC_CALLS	421
LIST_EXNEXT_400_ENTRIES_REPEAT10_TOTAL_BTREE_MALLOC_SAMPLES	421
LIST_EXNEXT_400_ENTRIES_REPEAT10_TOTAL_BTREE_MALLOC_SAMPLE_TICKS	2325
LIST_EXNEXT_400_ENTRIES_REPEAT10_TOTAL_BTREE_FREE_CALLS	4021
LIST_EXNEXT_400_ENTRIES_REPEAT10_TOTAL_BTREE_FREE_SAMPLES	4021
LIST_EXNEXT_400_ENTRIES_REPEAT10_TOTAL_BTREE_FREE_SAMPLE_TICKS	9626
LIST_EXNEXT_400_ENTRIES_REPEAT10_TOTAL_IFACE_ALLOC_CALLS	0
LIST_EXNEXT_400_ENTRIES_REPEAT10_TOTAL_IFACE_ALLOC_SAMPLES	0
LIST_EXNEXT_400_ENTRIES_REPEAT10_TOTAL_IFACE_ALLOC_SAMPLE_TICKS	0
LIST_EXNEXT_400_ENTRIES_REPEAT10_TOTAL_FREESPACE_ALLOC_SAMPLES	0
LIST_EXNEXT_400_ENTRIES_REPEAT10_TOTAL_FREESPACE_ALLOC_SAMPLE_TICKS	0
LIST_EXNEXT_400_ENTRIES_REPEAT10_TOTAL_PACKET_CALLS	4022
LIST_EXNEXT_400_ENTRIES_REPEAT10_TOTAL_PACKET_SAMPLES	4022
LIST_EXNEXT_400_ENTRIES_REPEAT10_TOTAL_PACKET_SAMPLE_TICKS	405791
LIST_EXNEXT_400_ENTRIES_REPEAT10_TOTAL_PACKET_OPEN_CALLS	0
LIST_EXNEXT_400_ENTRIES_REPEAT10_TOTAL_PACKET_OPEN_SAMPLES	0
LIST_EXNEXT_400_ENTRIES_REPEAT10_TOTAL_PACKET_OPEN_SAMPLE_TICKS	0
LIST_EXNEXT_400_ENTRIES_REPEAT10_TOTAL_PACKET_READ_CALLS	0
LIST_EXNEXT_400_ENTRIES_REPEAT10_TOTAL_PACKET_READ_SAMPLES	0
LIST_EXNEXT_400_ENTRIES_REPEAT10_TOTAL_PACKET_READ_SAMPLE_TICKS	0
LIST_EXNEXT_400_ENTRIES_REPEAT10_TOTAL_PACKET_WRITE_CALLS	0
LIST_EXNEXT_400_ENTRIES_REPEAT10_TOTAL_PACKET_WRITE_SAMPLES	0
LIST_EXNEXT_400_ENTRIES_REPEAT10_TOTAL_PACKET_WRITE_SAMPLE_TICKS	0
LIST_EXNEXT_400_ENTRIES_REPEAT10_TOTAL_PACKET_END_CALLS	0
LIST_EXNEXT_400_ENTRIES_REPEAT10_TOTAL_PACKET_END_SAMPLES	0
LIST_EXNEXT_400_ENTRIES_REPEAT10_TOTAL_PACKET_END_SAMPLE_TICKS	0
LIST_EXNEXT_400_ENTRIES_REPEAT10_TOTAL_PACKET_DELETE_CALLS	0
LIST_EXNEXT_400_ENTRIES_REPEAT10_TOTAL_PACKET_DELETE_SAMPLES	0
LIST_EXNEXT_400_ENTRIES_REPEAT10_TOTAL_PACKET_DELETE_SAMPLE_TICKS	0
LIST_EXNEXT_400_ENTRIES_REPEAT10_TOTAL_PACKET_FLUSH_CALLS	0
LIST_EXNEXT_400_ENTRIES_REPEAT10_TOTAL_PACKET_FLUSH_SAMPLES	0
LIST_EXNEXT_400_ENTRIES_REPEAT10_TOTAL_PACKET_FLUSH_SAMPLE_TICKS	0
LIST_EXNEXT_400_ENTRIES_REPEAT10_TOTAL_PACKET_OTHER_CALLS	4022
LIST_EXNEXT_400_ENTRIES_REPEAT10_TOTAL_PACKET_OTHER_SAMPLES	4022
LIST_EXNEXT_400_ENTRIES_REPEAT10_TOTAL_PACKET_OTHER_SAMPLE_TICKS	405791
LIST_EXNEXT_400_ENTRIES_REPEAT10_TOTAL_CORE_CREATE_CALLS	0
LIST_EXNEXT_400_ENTRIES_REPEAT10_TOTAL_CORE_CREATE_SAMPLES	0
LIST_EXNEXT_400_ENTRIES_REPEAT10_TOTAL_CORE_CREATE_SAMPLE_TICKS	0
LIST_EXNEXT_400_ENTRIES_REPEAT10_TOTAL_CORE_DELETE_CALLS	0
LIST_EXNEXT_400_ENTRIES_REPEAT10_TOTAL_CORE_DELETE_SAMPLES	0
LIST_EXNEXT_400_ENTRIES_REPEAT10_TOTAL_CORE_DELETE_SAMPLE_TICKS	0
LIST_EXNEXT_400_ENTRIES_REPEAT10_TOTAL_CORE_FILE_WRITE_CALLS	0
LIST_EXNEXT_400_ENTRIES_REPEAT10_TOTAL_CORE_FILE_WRITE_SAMPLES	0
LIST_EXNEXT_400_ENTRIES_REPEAT10_TOTAL_CORE_FILE_WRITE_SAMPLE_TICKS	0
LIST_EXNEXT_400_ENTRIES_REPEAT10_TOTAL_CORE_SYNC_CALLS	0
LIST_EXNEXT_400_ENTRIES_REPEAT10_TOTAL_CORE_SYNC_SAMPLES	0
LIST_EXNEXT_400_ENTRIES_REPEAT10_TOTAL_CORE_SYNC_SAMPLE_TICKS	0
LIST_EXNEXT_400_ENTRIES_REPEAT10_TOTAL_IFACE_FREE_CALLS	0
LIST_EXNEXT_400_ENTRIES_REPEAT10_TOTAL_IFACE_FREE_SAMPLES	0
LIST_EXNEXT_400_ENTRIES_REPEAT10_TOTAL_IFACE_FREE_SAMPLE_TICKS	0
LIST_EXNEXT_400_ENTRIES_REPEAT10_TOTAL_SEAL_COMMIT_CALLS	0
LIST_EXNEXT_400_ENTRIES_REPEAT10_TOTAL_SEAL_COMMIT_SAMPLES	0
LIST_EXNEXT_400_ENTRIES_REPEAT10_TOTAL_SEAL_COMMIT_SAMPLE_TICKS	0
LIST_EXNEXT_400_ENTRIES_REPEAT10_TOTAL_INODE_READ_CALLS	4010
LIST_EXNEXT_400_ENTRIES_REPEAT10_TOTAL_BTREE_SEARCH_CALLS	4011
LIST_EXNEXT_400_ENTRIES_REPEAT10_TOTAL_BTREE_INDEX_HINT_HITS	0
LIST_EXNEXT_400_ENTRIES_REPEAT10_TOTAL_BTREE_LEAF_HINT_HITS	3830
LIST_EXNEXT_400_ENTRIES_REPEAT10_TOTAL_CACHE_READ_CALLS	680
LIST_EXNEXT_400_ENTRIES_REPEAT10_TOTAL_CACHE_READ_HITS	0
LIST_EXNEXT_400_ENTRIES_REPEAT10_TOTAL_CACHE_READ_MISSES	680
LIST_EXNEXT_400_ENTRIES_REPEAT10_TOTAL_FREE_TREE_NODE_VIEWS	0
LIST_EXNEXT_400_ENTRIES_REPEAT10_TOTAL_FREE_TREE_RESIDENT_VIEWS	0
LIST_EXNEXT_400_ENTRIES_REPEAT10_TOTAL_DIR_TREE_NODE_VIEWS	2644
LIST_EXNEXT_400_ENTRIES_REPEAT10_TOTAL_DIR_TREE_RESIDENT_VIEWS	2144
LIST_EXNEXT_400_ENTRIES_REPEAT10_TOTAL_INODE_TREE_NODE_VIEWS	360
LIST_EXNEXT_400_ENTRIES_REPEAT10_TOTAL_INODE_TREE_RESIDENT_VIEWS	180
LIST_EXNEXT_400_ENTRIES_REPEAT10_TOTAL_REFCOUNT_TREE_NODE_VIEWS	0
LIST_EXNEXT_400_ENTRIES_REPEAT10_TOTAL_REFCOUNT_TREE_RESIDENT_VIEWS	0
LIST_EXNEXT_400_ENTRIES_REPEAT10_TOTAL_OTHER_TREE_NODE_VIEWS	0
LIST_EXNEXT_400_ENTRIES_REPEAT10_TOTAL_OTHER_TREE_RESIDENT_VIEWS	0
LIST_EXNEXT_400_ENTRIES_REPEAT10_TOTAL_DIR_TREE_LEAF_NODE_VIEWS	851
LIST_EXNEXT_400_ENTRIES_REPEAT10_TOTAL_DIR_TREE_LEAF_RESIDENT_VIEWS	411
LIST_EXNEXT_400_ENTRIES_REPEAT10_TOTAL_DIR_TREE_INTERNAL_NODE_VIEWS	1793
LIST_EXNEXT_400_ENTRIES_REPEAT10_TOTAL_DIR_TREE_INTERNAL_RESIDENT_VIEWS	1733
LIST_EXNEXT_400_ENTRIES_REPEAT10_TOTAL_INODE_TREE_LEAF_NODE_VIEWS	180
LIST_EXNEXT_400_ENTRIES_REPEAT10_TOTAL_INODE_TREE_LEAF_RESIDENT_VIEWS	0
LIST_EXNEXT_400_ENTRIES_REPEAT10_TOTAL_INODE_TREE_INTERNAL_NODE_VIEWS	180
LIST_EXNEXT_400_ENTRIES_REPEAT10_TOTAL_INODE_TREE_INTERNAL_RESIDENT_VIEWS	180
LIST_EXNEXT_400_ENTRIES_REPEAT10_TOTAL_DETAIL_INODE_READ_CALLS	4010
LIST_EXNEXT_400_ENTRIES_REPEAT10_TOTAL_DETAIL_INODE_READ_SAMPLES	235
LIST_EXNEXT_400_ENTRIES_REPEAT10_TOTAL_DETAIL_INODE_READ_SAMPLE_TICKS	7956
LIST_EXNEXT_400_ENTRIES_REPEAT10_TOTAL_DETAIL_INODE_VALIDATE_CALLS	4010
LIST_EXNEXT_400_ENTRIES_REPEAT10_TOTAL_DETAIL_INODE_VALIDATE_SAMPLES	235
LIST_EXNEXT_400_ENTRIES_REPEAT10_TOTAL_DETAIL_INODE_VALIDATE_SAMPLE_TICKS	621
LIST_EXNEXT_400_ENTRIES_REPEAT10_TOTAL_DETAIL_INODE_SEARCH_CALLS	4010
LIST_EXNEXT_400_ENTRIES_REPEAT10_TOTAL_DETAIL_INODE_SEARCH_SAMPLES	235
LIST_EXNEXT_400_ENTRIES_REPEAT10_TOTAL_DETAIL_INODE_SEARCH_SAMPLE_TICKS	5668
LIST_EXNEXT_400_ENTRIES_REPEAT10_TOTAL_DETAIL_INODE_NODE_VIEW_CALLS	360
LIST_EXNEXT_400_ENTRIES_REPEAT10_TOTAL_DETAIL_INODE_NODE_VIEW_SAMPLES	21
LIST_EXNEXT_400_ENTRIES_REPEAT10_TOTAL_DETAIL_INODE_NODE_VIEW_SAMPLE_TICKS	2454
LIST_EXNEXT_400_ENTRIES_REPEAT10_TOTAL_DETAIL_DIR_NODE_VIEW_CALLS	2644
LIST_EXNEXT_400_ENTRIES_REPEAT10_TOTAL_DETAIL_DIR_NODE_VIEW_SAMPLES	155
LIST_EXNEXT_400_ENTRIES_REPEAT10_TOTAL_DETAIL_DIR_NODE_VIEW_SAMPLE_TICKS	8008
LIST_EXNEXT_400_ENTRIES_REPEAT10_TOTAL_DETAIL_INODE_BINARY_SEARCH_CALLS	360
LIST_EXNEXT_400_ENTRIES_REPEAT10_TOTAL_DETAIL_INODE_BINARY_SEARCH_SAMPLES	21
LIST_EXNEXT_400_ENTRIES_REPEAT10_TOTAL_DETAIL_INODE_BINARY_SEARCH_SAMPLE_TICKS	46
LIST_EXNEXT_400_ENTRIES_REPEAT10_TOTAL_DETAIL_DIR_BINARY_SEARCH_CALLS	1724
LIST_EXNEXT_400_ENTRIES_REPEAT10_TOTAL_DETAIL_DIR_BINARY_SEARCH_SAMPLES	101
LIST_EXNEXT_400_ENTRIES_REPEAT10_TOTAL_DETAIL_DIR_BINARY_SEARCH_SAMPLE_TICKS	323
LIST_EXNEXT_400_ENTRIES_REPEAT10_TOTAL_DETAIL_NODE_STRUCTURE_CALLS	680
LIST_EXNEXT_400_ENTRIES_REPEAT10_TOTAL_DETAIL_NODE_STRUCTURE_SAMPLES	40
LIST_EXNEXT_400_ENTRIES_REPEAT10_TOTAL_DETAIL_NODE_STRUCTURE_SAMPLE_TICKS	583
LIST_EXNEXT_400_ENTRIES_REPEAT10_TOTAL_DETAIL_CACHE_PEEK_CALLS	7195
LIST_EXNEXT_400_ENTRIES_REPEAT10_TOTAL_DETAIL_CACHE_PEEK_SAMPLES	423
LIST_EXNEXT_400_ENTRIES_REPEAT10_TOTAL_DETAIL_CACHE_PEEK_SAMPLE_TICKS	1148
LIST_EXNEXT_400_ENTRIES_REPEAT10_TOTAL_DETAIL_BUFFER_ALLOC_CALLS	4201
LIST_EXNEXT_400_ENTRIES_REPEAT10_TOTAL_DETAIL_BUFFER_ALLOC_SAMPLES	247
LIST_EXNEXT_400_ENTRIES_REPEAT10_TOTAL_DETAIL_BUFFER_ALLOC_SAMPLE_TICKS	554
LIST_EXNEXT_400_ENTRIES_REPEAT10_TOTAL_DETAIL_BUFFER_FREE_CALLS	4201
LIST_EXNEXT_400_ENTRIES_REPEAT10_TOTAL_DETAIL_BUFFER_FREE_SAMPLES	247
LIST_EXNEXT_400_ENTRIES_REPEAT10_TOTAL_DETAIL_BUFFER_FREE_SAMPLE_TICKS	426
LIST_EXNEXT_400_ENTRIES_REPEAT10_TOTAL_DETAIL_EXALL_FILL_CALLS	0
LIST_EXNEXT_400_ENTRIES_REPEAT10_TOTAL_DETAIL_EXALL_FILL_SAMPLES	0
LIST_EXNEXT_400_ENTRIES_REPEAT10_TOTAL_DETAIL_EXALL_FILL_SAMPLE_TICKS	0
LIST_EXNEXT_400_ENTRIES_REPEAT10_TOTAL_DEFERRED_NODE_WRITES	0
LIST_EXALL_400_ENTRIES_FIRST_PASS_US	39333
LIST_EXALL_400_ENTRIES_FIRST_PASS_BIO_READS	70
LIST_EXALL_400_ENTRIES_FIRST_PASS_BIO_WRITES	0
LIST_EXALL_400_ENTRIES_FIRST_PASS_BIO_UPDATES	0
LIST_EXALL_400_ENTRIES_FIRST_PASS_DATA_READS	0
LIST_EXALL_400_ENTRIES_FIRST_PASS_DATA_WRITES	0
LIST_EXALL_400_ENTRIES_FIRST_PASS_NODE_WRITES	0
LIST_EXALL_400_ENTRIES_FIRST_PASS_TXN_COMMITS	0
LIST_EXALL_400_ENTRIES_FIRST_PASS_FREESPACE_ALLOCS	0
LIST_EXALL_400_ENTRIES_FIRST_PASS_EXTENT_MAPS	0
LIST_EXALL_400_ENTRIES_FIRST_PASS_READ_TICKS	4075
LIST_EXALL_400_ENTRIES_FIRST_PASS_WRITE_TICKS	0
LIST_EXALL_400_ENTRIES_FIRST_PASS_UPDATE_TICKS	0
LIST_EXALL_400_ENTRIES_FIRST_PASS_DATA_READ_TICKS	0
LIST_EXALL_400_ENTRIES_FIRST_PASS_DATA_WRITE_TICKS	0
LIST_EXALL_400_ENTRIES_FIRST_PASS_FREE_TREE_NODE_WRITES	0
LIST_EXALL_400_ENTRIES_FIRST_PASS_FREE_TREE_ALLOCATION_BODY_NODE_WRITES	0
LIST_EXALL_400_ENTRIES_FIRST_PASS_FREE_TREE_RESERVE_REFILL_NODE_WRITES	0
LIST_EXALL_400_ENTRIES_FIRST_PASS_FREE_TREE_RESERVE_RETURN_NODE_WRITES	0
LIST_EXALL_400_ENTRIES_FIRST_PASS_FREE_TREE_POST_PUBLISH_PENDING_RECLAIM_NODE_WRITES	0
LIST_EXALL_400_ENTRIES_FIRST_PASS_FREE_TREE_OTHER_NODE_WRITES	0
LIST_EXALL_400_ENTRIES_FIRST_PASS_DIR_TREE_NODE_WRITES	0
LIST_EXALL_400_ENTRIES_FIRST_PASS_INODE_TREE_NODE_WRITES	0
LIST_EXALL_400_ENTRIES_FIRST_PASS_REFCOUNT_TREE_NODE_WRITES	0
LIST_EXALL_400_ENTRIES_FIRST_PASS_OTHER_TREE_NODE_WRITES	0
LIST_EXALL_400_ENTRIES_FIRST_PASS_NODE_CRC_READ_CALLS	70
LIST_EXALL_400_ENTRIES_FIRST_PASS_NODE_CRC_READ_SAMPLES	1
LIST_EXALL_400_ENTRIES_FIRST_PASS_NODE_CRC_READ_SAMPLE_TICKS	136
LIST_EXALL_400_ENTRIES_FIRST_PASS_NODE_CRC_WRITE_CALLS	0
LIST_EXALL_400_ENTRIES_FIRST_PASS_NODE_CRC_WRITE_SAMPLES	0
LIST_EXALL_400_ENTRIES_FIRST_PASS_NODE_CRC_WRITE_SAMPLE_TICKS	0
LIST_EXALL_400_ENTRIES_FIRST_PASS_CLOCK_PAIR_TICKS	1
LIST_EXALL_400_ENTRIES_FIRST_PASS_FREE_TREE_RESERVE_RETURN_CALLS	0
LIST_EXALL_400_ENTRIES_FIRST_PASS_FREE_TREE_RESERVE_RETURN_RUNS	0
LIST_EXALL_400_ENTRIES_FIRST_PASS_FREE_TREE_RESERVE_RETURN_BLOCKS	0
LIST_EXALL_400_ENTRIES_FIRST_PASS_FREE_TREE_RESERVE_RETURN_RUNS_1_BLOCK	0
LIST_EXALL_400_ENTRIES_FIRST_PASS_FREE_TREE_RESERVE_RETURN_RUNS_2_3_BLOCKS	0
LIST_EXALL_400_ENTRIES_FIRST_PASS_FREE_TREE_RESERVE_RETURN_RUNS_4_7_BLOCKS	0
LIST_EXALL_400_ENTRIES_FIRST_PASS_FREE_TREE_RESERVE_RETURN_RUNS_8_PLUS_BLOCKS	0
LIST_EXALL_400_ENTRIES_FIRST_PASS_FREE_TREE_RESERVE_RETURN_MAX_RUN_BLOCKS	0
LIST_EXALL_400_ENTRIES_FIRST_PASS_FREE_TREE_RESERVE_RETURN_MAX_NODE_WRITES_PER_RUN	0
LIST_EXALL_400_ENTRIES_FIRST_PASS_POST_PUBLISH_RECLAIM_PASSES	0
LIST_EXALL_400_ENTRIES_FIRST_PASS_MAX_POST_PUBLISH_RECLAIM_PASSES_PER_COMMIT	0
LIST_EXALL_400_ENTRIES_FIRST_PASS_SUPERBLOCK_PUBLICATIONS	0
LIST_EXALL_400_ENTRIES_FIRST_PASS_FREE_TREE_RESERVE_RETURN_RUN_NODE_WRITES	0
LIST_EXALL_400_ENTRIES_FIRST_PASS_FREE_TREE_RESERVE_RETURN_BATCH_CALLS	0
LIST_EXALL_400_ENTRIES_FIRST_PASS_FREE_TREE_RESERVE_RETURN_BATCH_BLOCKS	0
LIST_EXALL_400_ENTRIES_FIRST_PASS_FREE_TREE_RESERVE_RETURN_BATCH_NODE_WRITES	0
LIST_EXALL_400_ENTRIES_FIRST_PASS_FREE_TREE_RESERVE_RETURN_SKIP_SHAPE	0
LIST_EXALL_400_ENTRIES_FIRST_PASS_FREE_TREE_RESERVE_RETURN_SKIP_SMALL	0
LIST_EXALL_400_ENTRIES_FIRST_PASS_FREE_TREE_RESERVE_RETURN_SKIP_EMERGENCY	0
LIST_EXALL_400_ENTRIES_FIRST_PASS_FREE_TREE_RESERVE_RETURN_SKIP_CAPACITY	0
LIST_EXALL_400_ENTRIES_FIRST_PASS_SEALED_COMMITS	0
LIST_EXALL_400_ENTRIES_FIRST_PASS_SEALED_METADATA_FENCES	0
LIST_EXALL_400_ENTRIES_FIRST_PASS_BTREE_MALLOC_CALLS	6
LIST_EXALL_400_ENTRIES_FIRST_PASS_BTREE_MALLOC_SAMPLES	6
LIST_EXALL_400_ENTRIES_FIRST_PASS_BTREE_MALLOC_SAMPLE_TICKS	46
LIST_EXALL_400_ENTRIES_FIRST_PASS_BTREE_FREE_CALLS	6
LIST_EXALL_400_ENTRIES_FIRST_PASS_BTREE_FREE_SAMPLES	6
LIST_EXALL_400_ENTRIES_FIRST_PASS_BTREE_FREE_SAMPLE_TICKS	0
LIST_EXALL_400_ENTRIES_FIRST_PASS_IFACE_ALLOC_CALLS	0
LIST_EXALL_400_ENTRIES_FIRST_PASS_IFACE_ALLOC_SAMPLES	0
LIST_EXALL_400_ENTRIES_FIRST_PASS_IFACE_ALLOC_SAMPLE_TICKS	0
LIST_EXALL_400_ENTRIES_FIRST_PASS_FREESPACE_ALLOC_SAMPLES	0
LIST_EXALL_400_ENTRIES_FIRST_PASS_FREESPACE_ALLOC_SAMPLE_TICKS	0
LIST_EXALL_400_ENTRIES_FIRST_PASS_PACKET_CALLS	7
LIST_EXALL_400_ENTRIES_FIRST_PASS_PACKET_SAMPLES	7
LIST_EXALL_400_ENTRIES_FIRST_PASS_PACKET_SAMPLE_TICKS	27332
LIST_EXALL_400_ENTRIES_FIRST_PASS_PACKET_OPEN_CALLS	0
LIST_EXALL_400_ENTRIES_FIRST_PASS_PACKET_OPEN_SAMPLES	0
LIST_EXALL_400_ENTRIES_FIRST_PASS_PACKET_OPEN_SAMPLE_TICKS	0
LIST_EXALL_400_ENTRIES_FIRST_PASS_PACKET_READ_CALLS	0
LIST_EXALL_400_ENTRIES_FIRST_PASS_PACKET_READ_SAMPLES	0
LIST_EXALL_400_ENTRIES_FIRST_PASS_PACKET_READ_SAMPLE_TICKS	0
LIST_EXALL_400_ENTRIES_FIRST_PASS_PACKET_WRITE_CALLS	0
LIST_EXALL_400_ENTRIES_FIRST_PASS_PACKET_WRITE_SAMPLES	0
LIST_EXALL_400_ENTRIES_FIRST_PASS_PACKET_WRITE_SAMPLE_TICKS	0
LIST_EXALL_400_ENTRIES_FIRST_PASS_PACKET_END_CALLS	0
LIST_EXALL_400_ENTRIES_FIRST_PASS_PACKET_END_SAMPLES	0
LIST_EXALL_400_ENTRIES_FIRST_PASS_PACKET_END_SAMPLE_TICKS	0
LIST_EXALL_400_ENTRIES_FIRST_PASS_PACKET_DELETE_CALLS	0
LIST_EXALL_400_ENTRIES_FIRST_PASS_PACKET_DELETE_SAMPLES	0
LIST_EXALL_400_ENTRIES_FIRST_PASS_PACKET_DELETE_SAMPLE_TICKS	0
LIST_EXALL_400_ENTRIES_FIRST_PASS_PACKET_FLUSH_CALLS	0
LIST_EXALL_400_ENTRIES_FIRST_PASS_PACKET_FLUSH_SAMPLES	0
LIST_EXALL_400_ENTRIES_FIRST_PASS_PACKET_FLUSH_SAMPLE_TICKS	0
LIST_EXALL_400_ENTRIES_FIRST_PASS_PACKET_OTHER_CALLS	7
LIST_EXALL_400_ENTRIES_FIRST_PASS_PACKET_OTHER_SAMPLES	7
LIST_EXALL_400_ENTRIES_FIRST_PASS_PACKET_OTHER_SAMPLE_TICKS	27332
LIST_EXALL_400_ENTRIES_FIRST_PASS_CORE_CREATE_CALLS	0
LIST_EXALL_400_ENTRIES_FIRST_PASS_CORE_CREATE_SAMPLES	0
LIST_EXALL_400_ENTRIES_FIRST_PASS_CORE_CREATE_SAMPLE_TICKS	0
LIST_EXALL_400_ENTRIES_FIRST_PASS_CORE_DELETE_CALLS	0
LIST_EXALL_400_ENTRIES_FIRST_PASS_CORE_DELETE_SAMPLES	0
LIST_EXALL_400_ENTRIES_FIRST_PASS_CORE_DELETE_SAMPLE_TICKS	0
LIST_EXALL_400_ENTRIES_FIRST_PASS_CORE_FILE_WRITE_CALLS	0
LIST_EXALL_400_ENTRIES_FIRST_PASS_CORE_FILE_WRITE_SAMPLES	0
LIST_EXALL_400_ENTRIES_FIRST_PASS_CORE_FILE_WRITE_SAMPLE_TICKS	0
LIST_EXALL_400_ENTRIES_FIRST_PASS_CORE_SYNC_CALLS	0
LIST_EXALL_400_ENTRIES_FIRST_PASS_CORE_SYNC_SAMPLES	0
LIST_EXALL_400_ENTRIES_FIRST_PASS_CORE_SYNC_SAMPLE_TICKS	0
LIST_EXALL_400_ENTRIES_FIRST_PASS_IFACE_FREE_CALLS	0
LIST_EXALL_400_ENTRIES_FIRST_PASS_IFACE_FREE_SAMPLES	0
LIST_EXALL_400_ENTRIES_FIRST_PASS_IFACE_FREE_SAMPLE_TICKS	0
LIST_EXALL_400_ENTRIES_FIRST_PASS_SEAL_COMMIT_CALLS	0
LIST_EXALL_400_ENTRIES_FIRST_PASS_SEAL_COMMIT_SAMPLES	0
LIST_EXALL_400_ENTRIES_FIRST_PASS_SEAL_COMMIT_SAMPLE_TICKS	0
LIST_EXALL_400_ENTRIES_FIRST_PASS_INODE_READ_CALLS	404
LIST_EXALL_400_ENTRIES_FIRST_PASS_BTREE_SEARCH_CALLS	405
LIST_EXALL_400_ENTRIES_FIRST_PASS_BTREE_INDEX_HINT_HITS	4
LIST_EXALL_400_ENTRIES_FIRST_PASS_BTREE_LEAF_HINT_HITS	380
LIST_EXALL_400_ENTRIES_FIRST_PASS_CACHE_READ_CALLS	70
LIST_EXALL_400_ENTRIES_FIRST_PASS_CACHE_READ_HITS	0
LIST_EXALL_400_ENTRIES_FIRST_PASS_CACHE_READ_MISSES	70
LIST_EXALL_400_ENTRIES_FIRST_PASS_FREE_TREE_NODE_VIEWS	0
LIST_EXALL_400_ENTRIES_FIRST_PASS_FREE_TREE_RESIDENT_VIEWS	0
LIST_EXALL_400_ENTRIES_FIRST_PASS_DIR_TREE_NODE_VIEWS	122
LIST_EXALL_400_ENTRIES_FIRST_PASS_DIR_TREE_RESIDENT_VIEWS	72
LIST_EXALL_400_ENTRIES_FIRST_PASS_INODE_TREE_NODE_VIEWS	40
LIST_EXALL_400_ENTRIES_FIRST_PASS_INODE_TREE_RESIDENT_VIEWS	20
LIST_EXALL_400_ENTRIES_FIRST_PASS_REFCOUNT_TREE_NODE_VIEWS	0
LIST_EXALL_400_ENTRIES_FIRST_PASS_REFCOUNT_TREE_RESIDENT_VIEWS	0
LIST_EXALL_400_ENTRIES_FIRST_PASS_OTHER_TREE_NODE_VIEWS	0
LIST_EXALL_400_ENTRIES_FIRST_PASS_OTHER_TREE_RESIDENT_VIEWS	0
LIST_EXALL_400_ENTRIES_FIRST_PASS_DIR_TREE_LEAF_NODE_VIEWS	50
LIST_EXALL_400_ENTRIES_FIRST_PASS_DIR_TREE_LEAF_RESIDENT_VIEWS	6
LIST_EXALL_400_ENTRIES_FIRST_PASS_DIR_TREE_INTERNAL_NODE_VIEWS	72
LIST_EXALL_400_ENTRIES_FIRST_PASS_DIR_TREE_INTERNAL_RESIDENT_VIEWS	66
LIST_EXALL_400_ENTRIES_FIRST_PASS_INODE_TREE_LEAF_NODE_VIEWS	20
LIST_EXALL_400_ENTRIES_FIRST_PASS_INODE_TREE_LEAF_RESIDENT_VIEWS	0
LIST_EXALL_400_ENTRIES_FIRST_PASS_INODE_TREE_INTERNAL_NODE_VIEWS	20
LIST_EXALL_400_ENTRIES_FIRST_PASS_INODE_TREE_INTERNAL_RESIDENT_VIEWS	20
LIST_EXALL_400_ENTRIES_FIRST_PASS_DETAIL_INODE_READ_CALLS	404
LIST_EXALL_400_ENTRIES_FIRST_PASS_DETAIL_INODE_READ_SAMPLES	23
LIST_EXALL_400_ENTRIES_FIRST_PASS_DETAIL_INODE_READ_SAMPLE_TICKS	631
LIST_EXALL_400_ENTRIES_FIRST_PASS_DETAIL_INODE_VALIDATE_CALLS	404
LIST_EXALL_400_ENTRIES_FIRST_PASS_DETAIL_INODE_VALIDATE_SAMPLES	23
LIST_EXALL_400_ENTRIES_FIRST_PASS_DETAIL_INODE_VALIDATE_SAMPLE_TICKS	126
LIST_EXALL_400_ENTRIES_FIRST_PASS_DETAIL_INODE_SEARCH_CALLS	404
LIST_EXALL_400_ENTRIES_FIRST_PASS_DETAIL_INODE_SEARCH_SAMPLES	23
LIST_EXALL_400_ENTRIES_FIRST_PASS_DETAIL_INODE_SEARCH_SAMPLE_TICKS	228
LIST_EXALL_400_ENTRIES_FIRST_PASS_DETAIL_INODE_NODE_VIEW_CALLS	40
LIST_EXALL_400_ENTRIES_FIRST_PASS_DETAIL_INODE_NODE_VIEW_SAMPLES	2
LIST_EXALL_400_ENTRIES_FIRST_PASS_DETAIL_INODE_NODE_VIEW_SAMPLE_TICKS	227
LIST_EXALL_400_ENTRIES_FIRST_PASS_DETAIL_DIR_NODE_VIEW_CALLS	122
LIST_EXALL_400_ENTRIES_FIRST_PASS_DETAIL_DIR_NODE_VIEW_SAMPLES	7
LIST_EXALL_400_ENTRIES_FIRST_PASS_DETAIL_DIR_NODE_VIEW_SAMPLE_TICKS	452
LIST_EXALL_400_ENTRIES_FIRST_PASS_DETAIL_INODE_BINARY_SEARCH_CALLS	40
LIST_EXALL_400_ENTRIES_FIRST_PASS_DETAIL_INODE_BINARY_SEARCH_SAMPLES	2
LIST_EXALL_400_ENTRIES_FIRST_PASS_DETAIL_INODE_BINARY_SEARCH_SAMPLE_TICKS	0
LIST_EXALL_400_ENTRIES_FIRST_PASS_DETAIL_DIR_BINARY_SEARCH_CALLS	27
LIST_EXALL_400_ENTRIES_FIRST_PASS_DETAIL_DIR_BINARY_SEARCH_SAMPLES	1
LIST_EXALL_400_ENTRIES_FIRST_PASS_DETAIL_DIR_BINARY_SEARCH_SAMPLE_TICKS	45
LIST_EXALL_400_ENTRIES_FIRST_PASS_DETAIL_NODE_STRUCTURE_CALLS	70
LIST_EXALL_400_ENTRIES_FIRST_PASS_DETAIL_NODE_STRUCTURE_SAMPLES	4
LIST_EXALL_400_ENTRIES_FIRST_PASS_DETAIL_NODE_STRUCTURE_SAMPLE_TICKS	46
LIST_EXALL_400_ENTRIES_FIRST_PASS_DETAIL_CACHE_PEEK_CALLS	575
LIST_EXALL_400_ENTRIES_FIRST_PASS_DETAIL_CACHE_PEEK_SAMPLES	33
LIST_EXALL_400_ENTRIES_FIRST_PASS_DETAIL_CACHE_PEEK_SAMPLE_TICKS	130
LIST_EXALL_400_ENTRIES_FIRST_PASS_DETAIL_BUFFER_ALLOC_CALLS	26
LIST_EXALL_400_ENTRIES_FIRST_PASS_DETAIL_BUFFER_ALLOC_SAMPLES	1
LIST_EXALL_400_ENTRIES_FIRST_PASS_DETAIL_BUFFER_ALLOC_SAMPLE_TICKS	45
LIST_EXALL_400_ENTRIES_FIRST_PASS_DETAIL_BUFFER_FREE_CALLS	26
LIST_EXALL_400_ENTRIES_FIRST_PASS_DETAIL_BUFFER_FREE_SAMPLES	1
LIST_EXALL_400_ENTRIES_FIRST_PASS_DETAIL_BUFFER_FREE_SAMPLE_TICKS	44
LIST_EXALL_400_ENTRIES_FIRST_PASS_DETAIL_EXALL_FILL_CALLS	405
LIST_EXALL_400_ENTRIES_FIRST_PASS_DETAIL_EXALL_FILL_SAMPLES	23
LIST_EXALL_400_ENTRIES_FIRST_PASS_DETAIL_EXALL_FILL_SAMPLE_TICKS	1086
LIST_EXALL_400_ENTRIES_FIRST_PASS_DEFERRED_NODE_WRITES	0
LIST_EXALL_400_ENTRIES_REPEAT10_TOTAL_US	375486
LIST_EXALL_400_ENTRIES_REPEAT10_TOTAL_BIO_READS	692
LIST_EXALL_400_ENTRIES_REPEAT10_TOTAL_BIO_WRITES	0
LIST_EXALL_400_ENTRIES_REPEAT10_TOTAL_BIO_UPDATES	0
LIST_EXALL_400_ENTRIES_REPEAT10_TOTAL_DATA_READS	0
LIST_EXALL_400_ENTRIES_REPEAT10_TOTAL_DATA_WRITES	0
LIST_EXALL_400_ENTRIES_REPEAT10_TOTAL_NODE_WRITES	0
LIST_EXALL_400_ENTRIES_REPEAT10_TOTAL_TXN_COMMITS	0
LIST_EXALL_400_ENTRIES_REPEAT10_TOTAL_FREESPACE_ALLOCS	0
LIST_EXALL_400_ENTRIES_REPEAT10_TOTAL_EXTENT_MAPS	0
LIST_EXALL_400_ENTRIES_REPEAT10_TOTAL_READ_TICKS	39893
LIST_EXALL_400_ENTRIES_REPEAT10_TOTAL_WRITE_TICKS	0
LIST_EXALL_400_ENTRIES_REPEAT10_TOTAL_UPDATE_TICKS	0
LIST_EXALL_400_ENTRIES_REPEAT10_TOTAL_DATA_READ_TICKS	0
LIST_EXALL_400_ENTRIES_REPEAT10_TOTAL_DATA_WRITE_TICKS	0
LIST_EXALL_400_ENTRIES_REPEAT10_TOTAL_FREE_TREE_NODE_WRITES	0
LIST_EXALL_400_ENTRIES_REPEAT10_TOTAL_FREE_TREE_ALLOCATION_BODY_NODE_WRITES	0
LIST_EXALL_400_ENTRIES_REPEAT10_TOTAL_FREE_TREE_RESERVE_REFILL_NODE_WRITES	0
LIST_EXALL_400_ENTRIES_REPEAT10_TOTAL_FREE_TREE_RESERVE_RETURN_NODE_WRITES	0
LIST_EXALL_400_ENTRIES_REPEAT10_TOTAL_FREE_TREE_POST_PUBLISH_PENDING_RECLAIM_NODE_WRITES	0
LIST_EXALL_400_ENTRIES_REPEAT10_TOTAL_FREE_TREE_OTHER_NODE_WRITES	0
LIST_EXALL_400_ENTRIES_REPEAT10_TOTAL_DIR_TREE_NODE_WRITES	0
LIST_EXALL_400_ENTRIES_REPEAT10_TOTAL_INODE_TREE_NODE_WRITES	0
LIST_EXALL_400_ENTRIES_REPEAT10_TOTAL_REFCOUNT_TREE_NODE_WRITES	0
LIST_EXALL_400_ENTRIES_REPEAT10_TOTAL_OTHER_TREE_NODE_WRITES	0
LIST_EXALL_400_ENTRIES_REPEAT10_TOTAL_NODE_CRC_READ_CALLS	692
LIST_EXALL_400_ENTRIES_REPEAT10_TOTAL_NODE_CRC_READ_SAMPLES	10
LIST_EXALL_400_ENTRIES_REPEAT10_TOTAL_NODE_CRC_READ_SAMPLE_TICKS	864
LIST_EXALL_400_ENTRIES_REPEAT10_TOTAL_NODE_CRC_WRITE_CALLS	0
LIST_EXALL_400_ENTRIES_REPEAT10_TOTAL_NODE_CRC_WRITE_SAMPLES	0
LIST_EXALL_400_ENTRIES_REPEAT10_TOTAL_NODE_CRC_WRITE_SAMPLE_TICKS	0
LIST_EXALL_400_ENTRIES_REPEAT10_TOTAL_CLOCK_PAIR_TICKS	0
LIST_EXALL_400_ENTRIES_REPEAT10_TOTAL_FREE_TREE_RESERVE_RETURN_CALLS	0
LIST_EXALL_400_ENTRIES_REPEAT10_TOTAL_FREE_TREE_RESERVE_RETURN_RUNS	0
LIST_EXALL_400_ENTRIES_REPEAT10_TOTAL_FREE_TREE_RESERVE_RETURN_BLOCKS	0
LIST_EXALL_400_ENTRIES_REPEAT10_TOTAL_FREE_TREE_RESERVE_RETURN_RUNS_1_BLOCK	0
LIST_EXALL_400_ENTRIES_REPEAT10_TOTAL_FREE_TREE_RESERVE_RETURN_RUNS_2_3_BLOCKS	0
LIST_EXALL_400_ENTRIES_REPEAT10_TOTAL_FREE_TREE_RESERVE_RETURN_RUNS_4_7_BLOCKS	0
LIST_EXALL_400_ENTRIES_REPEAT10_TOTAL_FREE_TREE_RESERVE_RETURN_RUNS_8_PLUS_BLOCKS	0
LIST_EXALL_400_ENTRIES_REPEAT10_TOTAL_FREE_TREE_RESERVE_RETURN_MAX_RUN_BLOCKS	0
LIST_EXALL_400_ENTRIES_REPEAT10_TOTAL_FREE_TREE_RESERVE_RETURN_MAX_NODE_WRITES_PER_RUN	0
LIST_EXALL_400_ENTRIES_REPEAT10_TOTAL_POST_PUBLISH_RECLAIM_PASSES	0
LIST_EXALL_400_ENTRIES_REPEAT10_TOTAL_MAX_POST_PUBLISH_RECLAIM_PASSES_PER_COMMIT	0
LIST_EXALL_400_ENTRIES_REPEAT10_TOTAL_SUPERBLOCK_PUBLICATIONS	0
LIST_EXALL_400_ENTRIES_REPEAT10_TOTAL_FREE_TREE_RESERVE_RETURN_RUN_NODE_WRITES	0
LIST_EXALL_400_ENTRIES_REPEAT10_TOTAL_FREE_TREE_RESERVE_RETURN_BATCH_CALLS	0
LIST_EXALL_400_ENTRIES_REPEAT10_TOTAL_FREE_TREE_RESERVE_RETURN_BATCH_BLOCKS	0
LIST_EXALL_400_ENTRIES_REPEAT10_TOTAL_FREE_TREE_RESERVE_RETURN_BATCH_NODE_WRITES	0
LIST_EXALL_400_ENTRIES_REPEAT10_TOTAL_FREE_TREE_RESERVE_RETURN_SKIP_SHAPE	0
LIST_EXALL_400_ENTRIES_REPEAT10_TOTAL_FREE_TREE_RESERVE_RETURN_SKIP_SMALL	0
LIST_EXALL_400_ENTRIES_REPEAT10_TOTAL_FREE_TREE_RESERVE_RETURN_SKIP_EMERGENCY	0
LIST_EXALL_400_ENTRIES_REPEAT10_TOTAL_FREE_TREE_RESERVE_RETURN_SKIP_CAPACITY	0
LIST_EXALL_400_ENTRIES_REPEAT10_TOTAL_SEALED_COMMITS	0
LIST_EXALL_400_ENTRIES_REPEAT10_TOTAL_SEALED_METADATA_FENCES	0
LIST_EXALL_400_ENTRIES_REPEAT10_TOTAL_BTREE_MALLOC_CALLS	51
LIST_EXALL_400_ENTRIES_REPEAT10_TOTAL_BTREE_MALLOC_SAMPLES	51
LIST_EXALL_400_ENTRIES_REPEAT10_TOTAL_BTREE_MALLOC_SAMPLE_TICKS	479
LIST_EXALL_400_ENTRIES_REPEAT10_TOTAL_BTREE_FREE_CALLS	51
LIST_EXALL_400_ENTRIES_REPEAT10_TOTAL_BTREE_FREE_SAMPLES	51
LIST_EXALL_400_ENTRIES_REPEAT10_TOTAL_BTREE_FREE_SAMPLE_TICKS	286
LIST_EXALL_400_ENTRIES_REPEAT10_TOTAL_IFACE_ALLOC_CALLS	0
LIST_EXALL_400_ENTRIES_REPEAT10_TOTAL_IFACE_ALLOC_SAMPLES	0
LIST_EXALL_400_ENTRIES_REPEAT10_TOTAL_IFACE_ALLOC_SAMPLE_TICKS	0
LIST_EXALL_400_ENTRIES_REPEAT10_TOTAL_FREESPACE_ALLOC_SAMPLES	0
LIST_EXALL_400_ENTRIES_REPEAT10_TOTAL_FREESPACE_ALLOC_SAMPLE_TICKS	0
LIST_EXALL_400_ENTRIES_REPEAT10_TOTAL_PACKET_CALLS	52
LIST_EXALL_400_ENTRIES_REPEAT10_TOTAL_PACKET_SAMPLES	52
LIST_EXALL_400_ENTRIES_REPEAT10_TOTAL_PACKET_SAMPLE_TICKS	262292
LIST_EXALL_400_ENTRIES_REPEAT10_TOTAL_PACKET_OPEN_CALLS	0
LIST_EXALL_400_ENTRIES_REPEAT10_TOTAL_PACKET_OPEN_SAMPLES	0
LIST_EXALL_400_ENTRIES_REPEAT10_TOTAL_PACKET_OPEN_SAMPLE_TICKS	0
LIST_EXALL_400_ENTRIES_REPEAT10_TOTAL_PACKET_READ_CALLS	0
LIST_EXALL_400_ENTRIES_REPEAT10_TOTAL_PACKET_READ_SAMPLES	0
LIST_EXALL_400_ENTRIES_REPEAT10_TOTAL_PACKET_READ_SAMPLE_TICKS	0
LIST_EXALL_400_ENTRIES_REPEAT10_TOTAL_PACKET_WRITE_CALLS	0
LIST_EXALL_400_ENTRIES_REPEAT10_TOTAL_PACKET_WRITE_SAMPLES	0
LIST_EXALL_400_ENTRIES_REPEAT10_TOTAL_PACKET_WRITE_SAMPLE_TICKS	0
LIST_EXALL_400_ENTRIES_REPEAT10_TOTAL_PACKET_END_CALLS	0
LIST_EXALL_400_ENTRIES_REPEAT10_TOTAL_PACKET_END_SAMPLES	0
LIST_EXALL_400_ENTRIES_REPEAT10_TOTAL_PACKET_END_SAMPLE_TICKS	0
LIST_EXALL_400_ENTRIES_REPEAT10_TOTAL_PACKET_DELETE_CALLS	0
LIST_EXALL_400_ENTRIES_REPEAT10_TOTAL_PACKET_DELETE_SAMPLES	0
LIST_EXALL_400_ENTRIES_REPEAT10_TOTAL_PACKET_DELETE_SAMPLE_TICKS	0
LIST_EXALL_400_ENTRIES_REPEAT10_TOTAL_PACKET_FLUSH_CALLS	0
LIST_EXALL_400_ENTRIES_REPEAT10_TOTAL_PACKET_FLUSH_SAMPLES	0
LIST_EXALL_400_ENTRIES_REPEAT10_TOTAL_PACKET_FLUSH_SAMPLE_TICKS	0
LIST_EXALL_400_ENTRIES_REPEAT10_TOTAL_PACKET_OTHER_CALLS	52
LIST_EXALL_400_ENTRIES_REPEAT10_TOTAL_PACKET_OTHER_SAMPLES	52
LIST_EXALL_400_ENTRIES_REPEAT10_TOTAL_PACKET_OTHER_SAMPLE_TICKS	262292
LIST_EXALL_400_ENTRIES_REPEAT10_TOTAL_CORE_CREATE_CALLS	0
LIST_EXALL_400_ENTRIES_REPEAT10_TOTAL_CORE_CREATE_SAMPLES	0
LIST_EXALL_400_ENTRIES_REPEAT10_TOTAL_CORE_CREATE_SAMPLE_TICKS	0
LIST_EXALL_400_ENTRIES_REPEAT10_TOTAL_CORE_DELETE_CALLS	0
LIST_EXALL_400_ENTRIES_REPEAT10_TOTAL_CORE_DELETE_SAMPLES	0
LIST_EXALL_400_ENTRIES_REPEAT10_TOTAL_CORE_DELETE_SAMPLE_TICKS	0
LIST_EXALL_400_ENTRIES_REPEAT10_TOTAL_CORE_FILE_WRITE_CALLS	0
LIST_EXALL_400_ENTRIES_REPEAT10_TOTAL_CORE_FILE_WRITE_SAMPLES	0
LIST_EXALL_400_ENTRIES_REPEAT10_TOTAL_CORE_FILE_WRITE_SAMPLE_TICKS	0
LIST_EXALL_400_ENTRIES_REPEAT10_TOTAL_CORE_SYNC_CALLS	0
LIST_EXALL_400_ENTRIES_REPEAT10_TOTAL_CORE_SYNC_SAMPLES	0
LIST_EXALL_400_ENTRIES_REPEAT10_TOTAL_CORE_SYNC_SAMPLE_TICKS	0
LIST_EXALL_400_ENTRIES_REPEAT10_TOTAL_IFACE_FREE_CALLS	0
LIST_EXALL_400_ENTRIES_REPEAT10_TOTAL_IFACE_FREE_SAMPLES	0
LIST_EXALL_400_ENTRIES_REPEAT10_TOTAL_IFACE_FREE_SAMPLE_TICKS	0
LIST_EXALL_400_ENTRIES_REPEAT10_TOTAL_SEAL_COMMIT_CALLS	0
LIST_EXALL_400_ENTRIES_REPEAT10_TOTAL_SEAL_COMMIT_SAMPLES	0
LIST_EXALL_400_ENTRIES_REPEAT10_TOTAL_SEAL_COMMIT_SAMPLE_TICKS	0
LIST_EXALL_400_ENTRIES_REPEAT10_TOTAL_INODE_READ_CALLS	4040
LIST_EXALL_400_ENTRIES_REPEAT10_TOTAL_BTREE_SEARCH_CALLS	4041
LIST_EXALL_400_ENTRIES_REPEAT10_TOTAL_BTREE_INDEX_HINT_HITS	40
LIST_EXALL_400_ENTRIES_REPEAT10_TOTAL_BTREE_LEAF_HINT_HITS	3810
LIST_EXALL_400_ENTRIES_REPEAT10_TOTAL_CACHE_READ_CALLS	692
LIST_EXALL_400_ENTRIES_REPEAT10_TOTAL_CACHE_READ_HITS	0
LIST_EXALL_400_ENTRIES_REPEAT10_TOTAL_CACHE_READ_MISSES	692
LIST_EXALL_400_ENTRIES_REPEAT10_TOTAL_FREE_TREE_NODE_VIEWS	0
LIST_EXALL_400_ENTRIES_REPEAT10_TOTAL_FREE_TREE_RESIDENT_VIEWS	0
LIST_EXALL_400_ENTRIES_REPEAT10_TOTAL_DIR_TREE_NODE_VIEWS	1184
LIST_EXALL_400_ENTRIES_REPEAT10_TOTAL_DIR_TREE_RESIDENT_VIEWS	682
LIST_EXALL_400_ENTRIES_REPEAT10_TOTAL_INODE_TREE_NODE_VIEWS	380
LIST_EXALL_400_ENTRIES_REPEAT10_TOTAL_INODE_TREE_RESIDENT_VIEWS	190
LIST_EXALL_400_ENTRIES_REPEAT10_TOTAL_REFCOUNT_TREE_NODE_VIEWS	0
LIST_EXALL_400_ENTRIES_REPEAT10_TOTAL_REFCOUNT_TREE_RESIDENT_VIEWS	0
LIST_EXALL_400_ENTRIES_REPEAT10_TOTAL_OTHER_TREE_NODE_VIEWS	0
LIST_EXALL_400_ENTRIES_REPEAT10_TOTAL_OTHER_TREE_RESIDENT_VIEWS	0
LIST_EXALL_400_ENTRIES_REPEAT10_TOTAL_DIR_TREE_LEAF_NODE_VIEWS	491
LIST_EXALL_400_ENTRIES_REPEAT10_TOTAL_DIR_TREE_LEAF_RESIDENT_VIEWS	50
LIST_EXALL_400_ENTRIES_REPEAT10_TOTAL_DIR_TREE_INTERNAL_NODE_VIEWS	693
LIST_EXALL_400_ENTRIES_REPEAT10_TOTAL_DIR_TREE_INTERNAL_RESIDENT_VIEWS	632
LIST_EXALL_400_ENTRIES_REPEAT10_TOTAL_INODE_TREE_LEAF_NODE_VIEWS	190
LIST_EXALL_400_ENTRIES_REPEAT10_TOTAL_INODE_TREE_LEAF_RESIDENT_VIEWS	0
LIST_EXALL_400_ENTRIES_REPEAT10_TOTAL_INODE_TREE_INTERNAL_NODE_VIEWS	190
LIST_EXALL_400_ENTRIES_REPEAT10_TOTAL_INODE_TREE_INTERNAL_RESIDENT_VIEWS	190
LIST_EXALL_400_ENTRIES_REPEAT10_TOTAL_DETAIL_INODE_READ_CALLS	4040
LIST_EXALL_400_ENTRIES_REPEAT10_TOTAL_DETAIL_INODE_READ_SAMPLES	237
LIST_EXALL_400_ENTRIES_REPEAT10_TOTAL_DETAIL_INODE_READ_SAMPLE_TICKS	8744
LIST_EXALL_400_ENTRIES_REPEAT10_TOTAL_DETAIL_INODE_VALIDATE_CALLS	4040
LIST_EXALL_400_ENTRIES_REPEAT10_TOTAL_DETAIL_INODE_VALIDATE_SAMPLES	237
LIST_EXALL_400_ENTRIES_REPEAT10_TOTAL_DETAIL_INODE_VALIDATE_SAMPLE_TICKS	667
LIST_EXALL_400_ENTRIES_REPEAT10_TOTAL_DETAIL_INODE_SEARCH_CALLS	4040
LIST_EXALL_400_ENTRIES_REPEAT10_TOTAL_DETAIL_INODE_SEARCH_SAMPLES	237
LIST_EXALL_400_ENTRIES_REPEAT10_TOTAL_DETAIL_INODE_SEARCH_SAMPLE_TICKS	6361
LIST_EXALL_400_ENTRIES_REPEAT10_TOTAL_DETAIL_INODE_NODE_VIEW_CALLS	380
LIST_EXALL_400_ENTRIES_REPEAT10_TOTAL_DETAIL_INODE_NODE_VIEW_SAMPLES	22
LIST_EXALL_400_ENTRIES_REPEAT10_TOTAL_DETAIL_INODE_NODE_VIEW_SAMPLE_TICKS	2441
LIST_EXALL_400_ENTRIES_REPEAT10_TOTAL_DETAIL_DIR_NODE_VIEW_CALLS	1184
LIST_EXALL_400_ENTRIES_REPEAT10_TOTAL_DETAIL_DIR_NODE_VIEW_SAMPLES	69
LIST_EXALL_400_ENTRIES_REPEAT10_TOTAL_DETAIL_DIR_NODE_VIEW_SAMPLE_TICKS	6520
LIST_EXALL_400_ENTRIES_REPEAT10_TOTAL_DETAIL_INODE_BINARY_SEARCH_CALLS	380
LIST_EXALL_400_ENTRIES_REPEAT10_TOTAL_DETAIL_INODE_BINARY_SEARCH_SAMPLES	22
LIST_EXALL_400_ENTRIES_REPEAT10_TOTAL_DETAIL_INODE_BINARY_SEARCH_SAMPLE_TICKS	1
LIST_EXALL_400_ENTRIES_REPEAT10_TOTAL_DETAIL_DIR_BINARY_SEARCH_CALLS	234
LIST_EXALL_400_ENTRIES_REPEAT10_TOTAL_DETAIL_DIR_BINARY_SEARCH_SAMPLES	13
LIST_EXALL_400_ENTRIES_REPEAT10_TOTAL_DETAIL_DIR_BINARY_SEARCH_SAMPLE_TICKS	0
LIST_EXALL_400_ENTRIES_REPEAT10_TOTAL_DETAIL_NODE_STRUCTURE_CALLS	692
LIST_EXALL_400_ENTRIES_REPEAT10_TOTAL_DETAIL_NODE_STRUCTURE_SAMPLES	40
LIST_EXALL_400_ENTRIES_REPEAT10_TOTAL_DETAIL_NODE_STRUCTURE_SAMPLE_TICKS	763
LIST_EXALL_400_ENTRIES_REPEAT10_TOTAL_DETAIL_CACHE_PEEK_CALLS	5795
LIST_EXALL_400_ENTRIES_REPEAT10_TOTAL_DETAIL_CACHE_PEEK_SAMPLES	340
LIST_EXALL_400_ENTRIES_REPEAT10_TOTAL_DETAIL_CACHE_PEEK_SAMPLE_TICKS	1008
LIST_EXALL_400_ENTRIES_REPEAT10_TOTAL_DETAIL_BUFFER_ALLOC_CALLS	241
LIST_EXALL_400_ENTRIES_REPEAT10_TOTAL_DETAIL_BUFFER_ALLOC_SAMPLES	14
LIST_EXALL_400_ENTRIES_REPEAT10_TOTAL_DETAIL_BUFFER_ALLOC_SAMPLE_TICKS	0
LIST_EXALL_400_ENTRIES_REPEAT10_TOTAL_DETAIL_BUFFER_FREE_CALLS	241
LIST_EXALL_400_ENTRIES_REPEAT10_TOTAL_DETAIL_BUFFER_FREE_SAMPLES	14
LIST_EXALL_400_ENTRIES_REPEAT10_TOTAL_DETAIL_BUFFER_FREE_SAMPLE_TICKS	88
LIST_EXALL_400_ENTRIES_REPEAT10_TOTAL_DETAIL_EXALL_FILL_CALLS	4050
LIST_EXALL_400_ENTRIES_REPEAT10_TOTAL_DETAIL_EXALL_FILL_SAMPLES	238
LIST_EXALL_400_ENTRIES_REPEAT10_TOTAL_DETAIL_EXALL_FILL_SAMPLE_TICKS	8425
LIST_EXALL_400_ENTRIES_REPEAT10_TOTAL_DEFERRED_NODE_WRITES	0
LIST_EXNEXT_1000_ENTRIES_FIRST_PASS_US	181694
LIST_EXNEXT_1000_ENTRIES_FIRST_PASS_BIO_READS	182
LIST_EXNEXT_1000_ENTRIES_FIRST_PASS_BIO_WRITES	0
LIST_EXNEXT_1000_ENTRIES_FIRST_PASS_BIO_UPDATES	0
LIST_EXNEXT_1000_ENTRIES_FIRST_PASS_DATA_READS	0
LIST_EXNEXT_1000_ENTRIES_FIRST_PASS_DATA_WRITES	0
LIST_EXNEXT_1000_ENTRIES_FIRST_PASS_NODE_WRITES	0
LIST_EXNEXT_1000_ENTRIES_FIRST_PASS_TXN_COMMITS	0
LIST_EXNEXT_1000_ENTRIES_FIRST_PASS_FREESPACE_ALLOCS	0
LIST_EXNEXT_1000_ENTRIES_FIRST_PASS_EXTENT_MAPS	0
LIST_EXNEXT_1000_ENTRIES_FIRST_PASS_READ_TICKS	11182
LIST_EXNEXT_1000_ENTRIES_FIRST_PASS_WRITE_TICKS	0
LIST_EXNEXT_1000_ENTRIES_FIRST_PASS_UPDATE_TICKS	0
LIST_EXNEXT_1000_ENTRIES_FIRST_PASS_DATA_READ_TICKS	0
LIST_EXNEXT_1000_ENTRIES_FIRST_PASS_DATA_WRITE_TICKS	0
LIST_EXNEXT_1000_ENTRIES_FIRST_PASS_FREE_TREE_NODE_WRITES	0
LIST_EXNEXT_1000_ENTRIES_FIRST_PASS_FREE_TREE_ALLOCATION_BODY_NODE_WRITES	0
LIST_EXNEXT_1000_ENTRIES_FIRST_PASS_FREE_TREE_RESERVE_REFILL_NODE_WRITES	0
LIST_EXNEXT_1000_ENTRIES_FIRST_PASS_FREE_TREE_RESERVE_RETURN_NODE_WRITES	0
LIST_EXNEXT_1000_ENTRIES_FIRST_PASS_FREE_TREE_POST_PUBLISH_PENDING_RECLAIM_NODE_WRITES	0
LIST_EXNEXT_1000_ENTRIES_FIRST_PASS_FREE_TREE_OTHER_NODE_WRITES	0
LIST_EXNEXT_1000_ENTRIES_FIRST_PASS_DIR_TREE_NODE_WRITES	0
LIST_EXNEXT_1000_ENTRIES_FIRST_PASS_INODE_TREE_NODE_WRITES	0
LIST_EXNEXT_1000_ENTRIES_FIRST_PASS_REFCOUNT_TREE_NODE_WRITES	0
LIST_EXNEXT_1000_ENTRIES_FIRST_PASS_OTHER_TREE_NODE_WRITES	0
LIST_EXNEXT_1000_ENTRIES_FIRST_PASS_NODE_CRC_READ_CALLS	182
LIST_EXNEXT_1000_ENTRIES_FIRST_PASS_NODE_CRC_READ_SAMPLES	2
LIST_EXNEXT_1000_ENTRIES_FIRST_PASS_NODE_CRC_READ_SAMPLE_TICKS	227
LIST_EXNEXT_1000_ENTRIES_FIRST_PASS_NODE_CRC_WRITE_CALLS	0
LIST_EXNEXT_1000_ENTRIES_FIRST_PASS_NODE_CRC_WRITE_SAMPLES	0
LIST_EXNEXT_1000_ENTRIES_FIRST_PASS_NODE_CRC_WRITE_SAMPLE_TICKS	0
LIST_EXNEXT_1000_ENTRIES_FIRST_PASS_CLOCK_PAIR_TICKS	1
LIST_EXNEXT_1000_ENTRIES_FIRST_PASS_FREE_TREE_RESERVE_RETURN_CALLS	0
LIST_EXNEXT_1000_ENTRIES_FIRST_PASS_FREE_TREE_RESERVE_RETURN_RUNS	0
LIST_EXNEXT_1000_ENTRIES_FIRST_PASS_FREE_TREE_RESERVE_RETURN_BLOCKS	0
LIST_EXNEXT_1000_ENTRIES_FIRST_PASS_FREE_TREE_RESERVE_RETURN_RUNS_1_BLOCK	0
LIST_EXNEXT_1000_ENTRIES_FIRST_PASS_FREE_TREE_RESERVE_RETURN_RUNS_2_3_BLOCKS	0
LIST_EXNEXT_1000_ENTRIES_FIRST_PASS_FREE_TREE_RESERVE_RETURN_RUNS_4_7_BLOCKS	0
LIST_EXNEXT_1000_ENTRIES_FIRST_PASS_FREE_TREE_RESERVE_RETURN_RUNS_8_PLUS_BLOCKS	0
LIST_EXNEXT_1000_ENTRIES_FIRST_PASS_FREE_TREE_RESERVE_RETURN_MAX_RUN_BLOCKS	0
LIST_EXNEXT_1000_ENTRIES_FIRST_PASS_FREE_TREE_RESERVE_RETURN_MAX_NODE_WRITES_PER_RUN	0
LIST_EXNEXT_1000_ENTRIES_FIRST_PASS_POST_PUBLISH_RECLAIM_PASSES	0
LIST_EXNEXT_1000_ENTRIES_FIRST_PASS_MAX_POST_PUBLISH_RECLAIM_PASSES_PER_COMMIT	0
LIST_EXNEXT_1000_ENTRIES_FIRST_PASS_SUPERBLOCK_PUBLICATIONS	0
LIST_EXNEXT_1000_ENTRIES_FIRST_PASS_FREE_TREE_RESERVE_RETURN_RUN_NODE_WRITES	0
LIST_EXNEXT_1000_ENTRIES_FIRST_PASS_FREE_TREE_RESERVE_RETURN_BATCH_CALLS	0
LIST_EXNEXT_1000_ENTRIES_FIRST_PASS_FREE_TREE_RESERVE_RETURN_BATCH_BLOCKS	0
LIST_EXNEXT_1000_ENTRIES_FIRST_PASS_FREE_TREE_RESERVE_RETURN_BATCH_NODE_WRITES	0
LIST_EXNEXT_1000_ENTRIES_FIRST_PASS_FREE_TREE_RESERVE_RETURN_SKIP_SHAPE	0
LIST_EXNEXT_1000_ENTRIES_FIRST_PASS_FREE_TREE_RESERVE_RETURN_SKIP_SMALL	0
LIST_EXNEXT_1000_ENTRIES_FIRST_PASS_FREE_TREE_RESERVE_RETURN_SKIP_EMERGENCY	0
LIST_EXNEXT_1000_ENTRIES_FIRST_PASS_FREE_TREE_RESERVE_RETURN_SKIP_CAPACITY	0
LIST_EXNEXT_1000_ENTRIES_FIRST_PASS_SEALED_COMMITS	0
LIST_EXNEXT_1000_ENTRIES_FIRST_PASS_SEALED_METADATA_FENCES	0
LIST_EXNEXT_1000_ENTRIES_FIRST_PASS_BTREE_MALLOC_CALLS	108
LIST_EXNEXT_1000_ENTRIES_FIRST_PASS_BTREE_MALLOC_SAMPLES	108
LIST_EXNEXT_1000_ENTRIES_FIRST_PASS_BTREE_MALLOC_SAMPLE_TICKS	755
LIST_EXNEXT_1000_ENTRIES_FIRST_PASS_BTREE_FREE_CALLS	1003
LIST_EXNEXT_1000_ENTRIES_FIRST_PASS_BTREE_FREE_SAMPLES	1003
LIST_EXNEXT_1000_ENTRIES_FIRST_PASS_BTREE_FREE_SAMPLE_TICKS	1979
LIST_EXNEXT_1000_ENTRIES_FIRST_PASS_IFACE_ALLOC_CALLS	0
LIST_EXNEXT_1000_ENTRIES_FIRST_PASS_IFACE_ALLOC_SAMPLES	0
LIST_EXNEXT_1000_ENTRIES_FIRST_PASS_IFACE_ALLOC_SAMPLE_TICKS	0
LIST_EXNEXT_1000_ENTRIES_FIRST_PASS_FREESPACE_ALLOC_SAMPLES	0
LIST_EXNEXT_1000_ENTRIES_FIRST_PASS_FREESPACE_ALLOC_SAMPLE_TICKS	0
LIST_EXNEXT_1000_ENTRIES_FIRST_PASS_PACKET_CALLS	1004
LIST_EXNEXT_1000_ENTRIES_FIRST_PASS_PACKET_SAMPLES	1004
LIST_EXNEXT_1000_ENTRIES_FIRST_PASS_PACKET_SAMPLE_TICKS	107335
LIST_EXNEXT_1000_ENTRIES_FIRST_PASS_PACKET_OPEN_CALLS	0
LIST_EXNEXT_1000_ENTRIES_FIRST_PASS_PACKET_OPEN_SAMPLES	0
LIST_EXNEXT_1000_ENTRIES_FIRST_PASS_PACKET_OPEN_SAMPLE_TICKS	0
LIST_EXNEXT_1000_ENTRIES_FIRST_PASS_PACKET_READ_CALLS	0
LIST_EXNEXT_1000_ENTRIES_FIRST_PASS_PACKET_READ_SAMPLES	0
LIST_EXNEXT_1000_ENTRIES_FIRST_PASS_PACKET_READ_SAMPLE_TICKS	0
LIST_EXNEXT_1000_ENTRIES_FIRST_PASS_PACKET_WRITE_CALLS	0
LIST_EXNEXT_1000_ENTRIES_FIRST_PASS_PACKET_WRITE_SAMPLES	0
LIST_EXNEXT_1000_ENTRIES_FIRST_PASS_PACKET_WRITE_SAMPLE_TICKS	0
LIST_EXNEXT_1000_ENTRIES_FIRST_PASS_PACKET_END_CALLS	0
LIST_EXNEXT_1000_ENTRIES_FIRST_PASS_PACKET_END_SAMPLES	0
LIST_EXNEXT_1000_ENTRIES_FIRST_PASS_PACKET_END_SAMPLE_TICKS	0
LIST_EXNEXT_1000_ENTRIES_FIRST_PASS_PACKET_DELETE_CALLS	0
LIST_EXNEXT_1000_ENTRIES_FIRST_PASS_PACKET_DELETE_SAMPLES	0
LIST_EXNEXT_1000_ENTRIES_FIRST_PASS_PACKET_DELETE_SAMPLE_TICKS	0
LIST_EXNEXT_1000_ENTRIES_FIRST_PASS_PACKET_FLUSH_CALLS	0
LIST_EXNEXT_1000_ENTRIES_FIRST_PASS_PACKET_FLUSH_SAMPLES	0
LIST_EXNEXT_1000_ENTRIES_FIRST_PASS_PACKET_FLUSH_SAMPLE_TICKS	0
LIST_EXNEXT_1000_ENTRIES_FIRST_PASS_PACKET_OTHER_CALLS	1004
LIST_EXNEXT_1000_ENTRIES_FIRST_PASS_PACKET_OTHER_SAMPLES	1004
LIST_EXNEXT_1000_ENTRIES_FIRST_PASS_PACKET_OTHER_SAMPLE_TICKS	107335
LIST_EXNEXT_1000_ENTRIES_FIRST_PASS_CORE_CREATE_CALLS	0
LIST_EXNEXT_1000_ENTRIES_FIRST_PASS_CORE_CREATE_SAMPLES	0
LIST_EXNEXT_1000_ENTRIES_FIRST_PASS_CORE_CREATE_SAMPLE_TICKS	0
LIST_EXNEXT_1000_ENTRIES_FIRST_PASS_CORE_DELETE_CALLS	0
LIST_EXNEXT_1000_ENTRIES_FIRST_PASS_CORE_DELETE_SAMPLES	0
LIST_EXNEXT_1000_ENTRIES_FIRST_PASS_CORE_DELETE_SAMPLE_TICKS	0
LIST_EXNEXT_1000_ENTRIES_FIRST_PASS_CORE_FILE_WRITE_CALLS	0
LIST_EXNEXT_1000_ENTRIES_FIRST_PASS_CORE_FILE_WRITE_SAMPLES	0
LIST_EXNEXT_1000_ENTRIES_FIRST_PASS_CORE_FILE_WRITE_SAMPLE_TICKS	0
LIST_EXNEXT_1000_ENTRIES_FIRST_PASS_CORE_SYNC_CALLS	0
LIST_EXNEXT_1000_ENTRIES_FIRST_PASS_CORE_SYNC_SAMPLES	0
LIST_EXNEXT_1000_ENTRIES_FIRST_PASS_CORE_SYNC_SAMPLE_TICKS	0
LIST_EXNEXT_1000_ENTRIES_FIRST_PASS_IFACE_FREE_CALLS	0
LIST_EXNEXT_1000_ENTRIES_FIRST_PASS_IFACE_FREE_SAMPLES	0
LIST_EXNEXT_1000_ENTRIES_FIRST_PASS_IFACE_FREE_SAMPLE_TICKS	0
LIST_EXNEXT_1000_ENTRIES_FIRST_PASS_SEAL_COMMIT_CALLS	0
LIST_EXNEXT_1000_ENTRIES_FIRST_PASS_SEAL_COMMIT_SAMPLES	0
LIST_EXNEXT_1000_ENTRIES_FIRST_PASS_SEAL_COMMIT_SAMPLE_TICKS	0
LIST_EXNEXT_1000_ENTRIES_FIRST_PASS_INODE_READ_CALLS	1001
LIST_EXNEXT_1000_ENTRIES_FIRST_PASS_BTREE_SEARCH_CALLS	1002
LIST_EXNEXT_1000_ENTRIES_FIRST_PASS_BTREE_INDEX_HINT_HITS	0
LIST_EXNEXT_1000_ENTRIES_FIRST_PASS_BTREE_LEAF_HINT_HITS	939
LIST_EXNEXT_1000_ENTRIES_FIRST_PASS_CACHE_READ_CALLS	182
LIST_EXNEXT_1000_ENTRIES_FIRST_PASS_CACHE_READ_HITS	0
LIST_EXNEXT_1000_ENTRIES_FIRST_PASS_CACHE_READ_MISSES	182
LIST_EXNEXT_1000_ENTRIES_FIRST_PASS_FREE_TREE_NODE_VIEWS	0
LIST_EXNEXT_1000_ENTRIES_FIRST_PASS_FREE_TREE_RESIDENT_VIEWS	0
LIST_EXNEXT_1000_ENTRIES_FIRST_PASS_DIR_TREE_NODE_VIEWS	672
LIST_EXNEXT_1000_ENTRIES_FIRST_PASS_DIR_TREE_RESIDENT_VIEWS	552
LIST_EXNEXT_1000_ENTRIES_FIRST_PASS_INODE_TREE_NODE_VIEWS	124
LIST_EXNEXT_1000_ENTRIES_FIRST_PASS_INODE_TREE_RESIDENT_VIEWS	62
LIST_EXNEXT_1000_ENTRIES_FIRST_PASS_REFCOUNT_TREE_NODE_VIEWS	0
LIST_EXNEXT_1000_ENTRIES_FIRST_PASS_REFCOUNT_TREE_RESIDENT_VIEWS	0
LIST_EXNEXT_1000_ENTRIES_FIRST_PASS_OTHER_TREE_NODE_VIEWS	0
LIST_EXNEXT_1000_ENTRIES_FIRST_PASS_OTHER_TREE_RESIDENT_VIEWS	0
LIST_EXNEXT_1000_ENTRIES_FIRST_PASS_DIR_TREE_LEAF_NODE_VIEWS	216
LIST_EXNEXT_1000_ENTRIES_FIRST_PASS_DIR_TREE_LEAF_RESIDENT_VIEWS	108
LIST_EXNEXT_1000_ENTRIES_FIRST_PASS_DIR_TREE_INTERNAL_NODE_VIEWS	456
LIST_EXNEXT_1000_ENTRIES_FIRST_PASS_DIR_TREE_INTERNAL_RESIDENT_VIEWS	444
LIST_EXNEXT_1000_ENTRIES_FIRST_PASS_INODE_TREE_LEAF_NODE_VIEWS	62
LIST_EXNEXT_1000_ENTRIES_FIRST_PASS_INODE_TREE_LEAF_RESIDENT_VIEWS	0
LIST_EXNEXT_1000_ENTRIES_FIRST_PASS_INODE_TREE_INTERNAL_NODE_VIEWS	62
LIST_EXNEXT_1000_ENTRIES_FIRST_PASS_INODE_TREE_INTERNAL_RESIDENT_VIEWS	62
LIST_EXNEXT_1000_ENTRIES_FIRST_PASS_DETAIL_INODE_READ_CALLS	1001
LIST_EXNEXT_1000_ENTRIES_FIRST_PASS_DETAIL_INODE_READ_SAMPLES	58
LIST_EXNEXT_1000_ENTRIES_FIRST_PASS_DETAIL_INODE_READ_SAMPLE_TICKS	2443
LIST_EXNEXT_1000_ENTRIES_FIRST_PASS_DETAIL_INODE_VALIDATE_CALLS	1001
LIST_EXNEXT_1000_ENTRIES_FIRST_PASS_DETAIL_INODE_VALIDATE_SAMPLES	58
LIST_EXNEXT_1000_ENTRIES_FIRST_PASS_DETAIL_INODE_VALIDATE_SAMPLE_TICKS	173
LIST_EXNEXT_1000_ENTRIES_FIRST_PASS_DETAIL_INODE_SEARCH_CALLS	1001
LIST_EXNEXT_1000_ENTRIES_FIRST_PASS_DETAIL_INODE_SEARCH_SAMPLES	58
LIST_EXNEXT_1000_ENTRIES_FIRST_PASS_DETAIL_INODE_SEARCH_SAMPLE_TICKS	1840
LIST_EXNEXT_1000_ENTRIES_FIRST_PASS_DETAIL_INODE_NODE_VIEW_CALLS	124
LIST_EXNEXT_1000_ENTRIES_FIRST_PASS_DETAIL_INODE_NODE_VIEW_SAMPLES	7
LIST_EXNEXT_1000_ENTRIES_FIRST_PASS_DETAIL_INODE_NODE_VIEW_SAMPLE_TICKS	699
LIST_EXNEXT_1000_ENTRIES_FIRST_PASS_DETAIL_DIR_NODE_VIEW_CALLS	672
LIST_EXNEXT_1000_ENTRIES_FIRST_PASS_DETAIL_DIR_NODE_VIEW_SAMPLES	39
LIST_EXNEXT_1000_ENTRIES_FIRST_PASS_DETAIL_DIR_NODE_VIEW_SAMPLE_TICKS	2059
LIST_EXNEXT_1000_ENTRIES_FIRST_PASS_DETAIL_INODE_BINARY_SEARCH_CALLS	124
LIST_EXNEXT_1000_ENTRIES_FIRST_PASS_DETAIL_INODE_BINARY_SEARCH_SAMPLES	7
LIST_EXNEXT_1000_ENTRIES_FIRST_PASS_DETAIL_INODE_BINARY_SEARCH_SAMPLE_TICKS	0
LIST_EXNEXT_1000_ENTRIES_FIRST_PASS_DETAIL_DIR_BINARY_SEARCH_CALLS	436
LIST_EXNEXT_1000_ENTRIES_FIRST_PASS_DETAIL_DIR_BINARY_SEARCH_SAMPLES	25
LIST_EXNEXT_1000_ENTRIES_FIRST_PASS_DETAIL_DIR_BINARY_SEARCH_SAMPLE_TICKS	346
LIST_EXNEXT_1000_ENTRIES_FIRST_PASS_DETAIL_NODE_STRUCTURE_CALLS	182
LIST_EXNEXT_1000_ENTRIES_FIRST_PASS_DETAIL_NODE_STRUCTURE_SAMPLES	10
LIST_EXNEXT_1000_ENTRIES_FIRST_PASS_DETAIL_NODE_STRUCTURE_SAMPLE_TICKS	140
LIST_EXNEXT_1000_ENTRIES_FIRST_PASS_DETAIL_CACHE_PEEK_CALLS	1829
LIST_EXNEXT_1000_ENTRIES_FIRST_PASS_DETAIL_CACHE_PEEK_SAMPLES	107
LIST_EXNEXT_1000_ENTRIES_FIRST_PASS_DETAIL_CACHE_PEEK_SAMPLE_TICKS	304
LIST_EXNEXT_1000_ENTRIES_FIRST_PASS_DETAIL_BUFFER_ALLOC_CALLS	1065
LIST_EXNEXT_1000_ENTRIES_FIRST_PASS_DETAIL_BUFFER_ALLOC_SAMPLES	62
LIST_EXNEXT_1000_ENTRIES_FIRST_PASS_DETAIL_BUFFER_ALLOC_SAMPLE_TICKS	132
LIST_EXNEXT_1000_ENTRIES_FIRST_PASS_DETAIL_BUFFER_FREE_CALLS	1065
LIST_EXNEXT_1000_ENTRIES_FIRST_PASS_DETAIL_BUFFER_FREE_SAMPLES	62
LIST_EXNEXT_1000_ENTRIES_FIRST_PASS_DETAIL_BUFFER_FREE_SAMPLE_TICKS	226
LIST_EXNEXT_1000_ENTRIES_FIRST_PASS_DETAIL_EXALL_FILL_CALLS	0
LIST_EXNEXT_1000_ENTRIES_FIRST_PASS_DETAIL_EXALL_FILL_SAMPLES	0
LIST_EXNEXT_1000_ENTRIES_FIRST_PASS_DETAIL_EXALL_FILL_SAMPLE_TICKS	0
LIST_EXNEXT_1000_ENTRIES_FIRST_PASS_DEFERRED_NODE_WRITES	0
LIST_EXNEXT_1000_ENTRIES_REPEAT10_TOTAL_US	1736950
LIST_EXNEXT_1000_ENTRIES_REPEAT10_TOTAL_BIO_READS	1840
LIST_EXNEXT_1000_ENTRIES_REPEAT10_TOTAL_BIO_WRITES	0
LIST_EXNEXT_1000_ENTRIES_REPEAT10_TOTAL_BIO_UPDATES	0
LIST_EXNEXT_1000_ENTRIES_REPEAT10_TOTAL_DATA_READS	0
LIST_EXNEXT_1000_ENTRIES_REPEAT10_TOTAL_DATA_WRITES	0
LIST_EXNEXT_1000_ENTRIES_REPEAT10_TOTAL_NODE_WRITES	0
LIST_EXNEXT_1000_ENTRIES_REPEAT10_TOTAL_TXN_COMMITS	0
LIST_EXNEXT_1000_ENTRIES_REPEAT10_TOTAL_FREESPACE_ALLOCS	0
LIST_EXNEXT_1000_ENTRIES_REPEAT10_TOTAL_EXTENT_MAPS	0
LIST_EXNEXT_1000_ENTRIES_REPEAT10_TOTAL_READ_TICKS	122099
LIST_EXNEXT_1000_ENTRIES_REPEAT10_TOTAL_WRITE_TICKS	0
LIST_EXNEXT_1000_ENTRIES_REPEAT10_TOTAL_UPDATE_TICKS	0
LIST_EXNEXT_1000_ENTRIES_REPEAT10_TOTAL_DATA_READ_TICKS	0
LIST_EXNEXT_1000_ENTRIES_REPEAT10_TOTAL_DATA_WRITE_TICKS	0
LIST_EXNEXT_1000_ENTRIES_REPEAT10_TOTAL_FREE_TREE_NODE_WRITES	0
LIST_EXNEXT_1000_ENTRIES_REPEAT10_TOTAL_FREE_TREE_ALLOCATION_BODY_NODE_WRITES	0
LIST_EXNEXT_1000_ENTRIES_REPEAT10_TOTAL_FREE_TREE_RESERVE_REFILL_NODE_WRITES	0
LIST_EXNEXT_1000_ENTRIES_REPEAT10_TOTAL_FREE_TREE_RESERVE_RETURN_NODE_WRITES	0
LIST_EXNEXT_1000_ENTRIES_REPEAT10_TOTAL_FREE_TREE_POST_PUBLISH_PENDING_RECLAIM_NODE_WRITES	0
LIST_EXNEXT_1000_ENTRIES_REPEAT10_TOTAL_FREE_TREE_OTHER_NODE_WRITES	0
LIST_EXNEXT_1000_ENTRIES_REPEAT10_TOTAL_DIR_TREE_NODE_WRITES	0
LIST_EXNEXT_1000_ENTRIES_REPEAT10_TOTAL_INODE_TREE_NODE_WRITES	0
LIST_EXNEXT_1000_ENTRIES_REPEAT10_TOTAL_REFCOUNT_TREE_NODE_WRITES	0
LIST_EXNEXT_1000_ENTRIES_REPEAT10_TOTAL_OTHER_TREE_NODE_WRITES	0
LIST_EXNEXT_1000_ENTRIES_REPEAT10_TOTAL_NODE_CRC_READ_CALLS	1840
LIST_EXNEXT_1000_ENTRIES_REPEAT10_TOTAL_NODE_CRC_READ_SAMPLES	28
LIST_EXNEXT_1000_ENTRIES_REPEAT10_TOTAL_NODE_CRC_READ_SAMPLE_TICKS	2600
LIST_EXNEXT_1000_ENTRIES_REPEAT10_TOTAL_NODE_CRC_WRITE_CALLS	0
LIST_EXNEXT_1000_ENTRIES_REPEAT10_TOTAL_NODE_CRC_WRITE_SAMPLES	0
LIST_EXNEXT_1000_ENTRIES_REPEAT10_TOTAL_NODE_CRC_WRITE_SAMPLE_TICKS	0
LIST_EXNEXT_1000_ENTRIES_REPEAT10_TOTAL_CLOCK_PAIR_TICKS	0
LIST_EXNEXT_1000_ENTRIES_REPEAT10_TOTAL_FREE_TREE_RESERVE_RETURN_CALLS	0
LIST_EXNEXT_1000_ENTRIES_REPEAT10_TOTAL_FREE_TREE_RESERVE_RETURN_RUNS	0
LIST_EXNEXT_1000_ENTRIES_REPEAT10_TOTAL_FREE_TREE_RESERVE_RETURN_BLOCKS	0
LIST_EXNEXT_1000_ENTRIES_REPEAT10_TOTAL_FREE_TREE_RESERVE_RETURN_RUNS_1_BLOCK	0
LIST_EXNEXT_1000_ENTRIES_REPEAT10_TOTAL_FREE_TREE_RESERVE_RETURN_RUNS_2_3_BLOCKS	0
LIST_EXNEXT_1000_ENTRIES_REPEAT10_TOTAL_FREE_TREE_RESERVE_RETURN_RUNS_4_7_BLOCKS	0
LIST_EXNEXT_1000_ENTRIES_REPEAT10_TOTAL_FREE_TREE_RESERVE_RETURN_RUNS_8_PLUS_BLOCKS	0
LIST_EXNEXT_1000_ENTRIES_REPEAT10_TOTAL_FREE_TREE_RESERVE_RETURN_MAX_RUN_BLOCKS	0
LIST_EXNEXT_1000_ENTRIES_REPEAT10_TOTAL_FREE_TREE_RESERVE_RETURN_MAX_NODE_WRITES_PER_RUN	0
LIST_EXNEXT_1000_ENTRIES_REPEAT10_TOTAL_POST_PUBLISH_RECLAIM_PASSES	0
LIST_EXNEXT_1000_ENTRIES_REPEAT10_TOTAL_MAX_POST_PUBLISH_RECLAIM_PASSES_PER_COMMIT	0
LIST_EXNEXT_1000_ENTRIES_REPEAT10_TOTAL_SUPERBLOCK_PUBLICATIONS	0
LIST_EXNEXT_1000_ENTRIES_REPEAT10_TOTAL_FREE_TREE_RESERVE_RETURN_RUN_NODE_WRITES	0
LIST_EXNEXT_1000_ENTRIES_REPEAT10_TOTAL_FREE_TREE_RESERVE_RETURN_BATCH_CALLS	0
LIST_EXNEXT_1000_ENTRIES_REPEAT10_TOTAL_FREE_TREE_RESERVE_RETURN_BATCH_BLOCKS	0
LIST_EXNEXT_1000_ENTRIES_REPEAT10_TOTAL_FREE_TREE_RESERVE_RETURN_BATCH_NODE_WRITES	0
LIST_EXNEXT_1000_ENTRIES_REPEAT10_TOTAL_FREE_TREE_RESERVE_RETURN_SKIP_SHAPE	0
LIST_EXNEXT_1000_ENTRIES_REPEAT10_TOTAL_FREE_TREE_RESERVE_RETURN_SKIP_SMALL	0
LIST_EXNEXT_1000_ENTRIES_REPEAT10_TOTAL_FREE_TREE_RESERVE_RETURN_SKIP_EMERGENCY	0
LIST_EXNEXT_1000_ENTRIES_REPEAT10_TOTAL_FREE_TREE_RESERVE_RETURN_SKIP_CAPACITY	0
LIST_EXNEXT_1000_ENTRIES_REPEAT10_TOTAL_SEALED_COMMITS	0
LIST_EXNEXT_1000_ENTRIES_REPEAT10_TOTAL_SEALED_METADATA_FENCES	0
LIST_EXNEXT_1000_ENTRIES_REPEAT10_TOTAL_BTREE_MALLOC_CALLS	1071
LIST_EXNEXT_1000_ENTRIES_REPEAT10_TOTAL_BTREE_MALLOC_SAMPLES	1071
LIST_EXNEXT_1000_ENTRIES_REPEAT10_TOTAL_BTREE_MALLOC_SAMPLE_TICKS	6738
LIST_EXNEXT_1000_ENTRIES_REPEAT10_TOTAL_BTREE_FREE_CALLS	10021
LIST_EXNEXT_1000_ENTRIES_REPEAT10_TOTAL_BTREE_FREE_SAMPLES	10021
LIST_EXNEXT_1000_ENTRIES_REPEAT10_TOTAL_BTREE_FREE_SAMPLE_TICKS	19638
LIST_EXNEXT_1000_ENTRIES_REPEAT10_TOTAL_IFACE_ALLOC_CALLS	0
LIST_EXNEXT_1000_ENTRIES_REPEAT10_TOTAL_IFACE_ALLOC_SAMPLES	0
LIST_EXNEXT_1000_ENTRIES_REPEAT10_TOTAL_IFACE_ALLOC_SAMPLE_TICKS	0
LIST_EXNEXT_1000_ENTRIES_REPEAT10_TOTAL_FREESPACE_ALLOC_SAMPLES	0
LIST_EXNEXT_1000_ENTRIES_REPEAT10_TOTAL_FREESPACE_ALLOC_SAMPLE_TICKS	0
LIST_EXNEXT_1000_ENTRIES_REPEAT10_TOTAL_PACKET_CALLS	10022
LIST_EXNEXT_1000_ENTRIES_REPEAT10_TOTAL_PACKET_SAMPLES	10022
LIST_EXNEXT_1000_ENTRIES_REPEAT10_TOTAL_PACKET_SAMPLE_TICKS	1032556
LIST_EXNEXT_1000_ENTRIES_REPEAT10_TOTAL_PACKET_OPEN_CALLS	0
LIST_EXNEXT_1000_ENTRIES_REPEAT10_TOTAL_PACKET_OPEN_SAMPLES	0
LIST_EXNEXT_1000_ENTRIES_REPEAT10_TOTAL_PACKET_OPEN_SAMPLE_TICKS	0
LIST_EXNEXT_1000_ENTRIES_REPEAT10_TOTAL_PACKET_READ_CALLS	0
LIST_EXNEXT_1000_ENTRIES_REPEAT10_TOTAL_PACKET_READ_SAMPLES	0
LIST_EXNEXT_1000_ENTRIES_REPEAT10_TOTAL_PACKET_READ_SAMPLE_TICKS	0
LIST_EXNEXT_1000_ENTRIES_REPEAT10_TOTAL_PACKET_WRITE_CALLS	0
LIST_EXNEXT_1000_ENTRIES_REPEAT10_TOTAL_PACKET_WRITE_SAMPLES	0
LIST_EXNEXT_1000_ENTRIES_REPEAT10_TOTAL_PACKET_WRITE_SAMPLE_TICKS	0
LIST_EXNEXT_1000_ENTRIES_REPEAT10_TOTAL_PACKET_END_CALLS	0
LIST_EXNEXT_1000_ENTRIES_REPEAT10_TOTAL_PACKET_END_SAMPLES	0
LIST_EXNEXT_1000_ENTRIES_REPEAT10_TOTAL_PACKET_END_SAMPLE_TICKS	0
LIST_EXNEXT_1000_ENTRIES_REPEAT10_TOTAL_PACKET_DELETE_CALLS	0
LIST_EXNEXT_1000_ENTRIES_REPEAT10_TOTAL_PACKET_DELETE_SAMPLES	0
LIST_EXNEXT_1000_ENTRIES_REPEAT10_TOTAL_PACKET_DELETE_SAMPLE_TICKS	0
LIST_EXNEXT_1000_ENTRIES_REPEAT10_TOTAL_PACKET_FLUSH_CALLS	0
LIST_EXNEXT_1000_ENTRIES_REPEAT10_TOTAL_PACKET_FLUSH_SAMPLES	0
LIST_EXNEXT_1000_ENTRIES_REPEAT10_TOTAL_PACKET_FLUSH_SAMPLE_TICKS	0
LIST_EXNEXT_1000_ENTRIES_REPEAT10_TOTAL_PACKET_OTHER_CALLS	10022
LIST_EXNEXT_1000_ENTRIES_REPEAT10_TOTAL_PACKET_OTHER_SAMPLES	10022
LIST_EXNEXT_1000_ENTRIES_REPEAT10_TOTAL_PACKET_OTHER_SAMPLE_TICKS	1032556
LIST_EXNEXT_1000_ENTRIES_REPEAT10_TOTAL_CORE_CREATE_CALLS	0
LIST_EXNEXT_1000_ENTRIES_REPEAT10_TOTAL_CORE_CREATE_SAMPLES	0
LIST_EXNEXT_1000_ENTRIES_REPEAT10_TOTAL_CORE_CREATE_SAMPLE_TICKS	0
LIST_EXNEXT_1000_ENTRIES_REPEAT10_TOTAL_CORE_DELETE_CALLS	0
LIST_EXNEXT_1000_ENTRIES_REPEAT10_TOTAL_CORE_DELETE_SAMPLES	0
LIST_EXNEXT_1000_ENTRIES_REPEAT10_TOTAL_CORE_DELETE_SAMPLE_TICKS	0
LIST_EXNEXT_1000_ENTRIES_REPEAT10_TOTAL_CORE_FILE_WRITE_CALLS	0
LIST_EXNEXT_1000_ENTRIES_REPEAT10_TOTAL_CORE_FILE_WRITE_SAMPLES	0
LIST_EXNEXT_1000_ENTRIES_REPEAT10_TOTAL_CORE_FILE_WRITE_SAMPLE_TICKS	0
LIST_EXNEXT_1000_ENTRIES_REPEAT10_TOTAL_CORE_SYNC_CALLS	0
LIST_EXNEXT_1000_ENTRIES_REPEAT10_TOTAL_CORE_SYNC_SAMPLES	0
LIST_EXNEXT_1000_ENTRIES_REPEAT10_TOTAL_CORE_SYNC_SAMPLE_TICKS	0
LIST_EXNEXT_1000_ENTRIES_REPEAT10_TOTAL_IFACE_FREE_CALLS	0
LIST_EXNEXT_1000_ENTRIES_REPEAT10_TOTAL_IFACE_FREE_SAMPLES	0
LIST_EXNEXT_1000_ENTRIES_REPEAT10_TOTAL_IFACE_FREE_SAMPLE_TICKS	0
LIST_EXNEXT_1000_ENTRIES_REPEAT10_TOTAL_SEAL_COMMIT_CALLS	0
LIST_EXNEXT_1000_ENTRIES_REPEAT10_TOTAL_SEAL_COMMIT_SAMPLES	0
LIST_EXNEXT_1000_ENTRIES_REPEAT10_TOTAL_SEAL_COMMIT_SAMPLE_TICKS	0
LIST_EXNEXT_1000_ENTRIES_REPEAT10_TOTAL_INODE_READ_CALLS	10010
LIST_EXNEXT_1000_ENTRIES_REPEAT10_TOTAL_BTREE_SEARCH_CALLS	10011
LIST_EXNEXT_1000_ENTRIES_REPEAT10_TOTAL_BTREE_INDEX_HINT_HITS	0
LIST_EXNEXT_1000_ENTRIES_REPEAT10_TOTAL_BTREE_LEAF_HINT_HITS	9410
LIST_EXNEXT_1000_ENTRIES_REPEAT10_TOTAL_CACHE_READ_CALLS	1840
LIST_EXNEXT_1000_ENTRIES_REPEAT10_TOTAL_CACHE_READ_HITS	0
LIST_EXNEXT_1000_ENTRIES_REPEAT10_TOTAL_CACHE_READ_MISSES	1840
LIST_EXNEXT_1000_ENTRIES_REPEAT10_TOTAL_FREE_TREE_NODE_VIEWS	0
LIST_EXNEXT_1000_ENTRIES_REPEAT10_TOTAL_FREE_TREE_RESIDENT_VIEWS	0
LIST_EXNEXT_1000_ENTRIES_REPEAT10_TOTAL_DIR_TREE_NODE_VIEWS	6684
LIST_EXNEXT_1000_ENTRIES_REPEAT10_TOTAL_DIR_TREE_RESIDENT_VIEWS	5444
LIST_EXNEXT_1000_ENTRIES_REPEAT10_TOTAL_INODE_TREE_NODE_VIEWS	1200
LIST_EXNEXT_1000_ENTRIES_REPEAT10_TOTAL_INODE_TREE_RESIDENT_VIEWS	600
LIST_EXNEXT_1000_ENTRIES_REPEAT10_TOTAL_REFCOUNT_TREE_NODE_VIEWS	0
LIST_EXNEXT_1000_ENTRIES_REPEAT10_TOTAL_REFCOUNT_TREE_RESIDENT_VIEWS	0
LIST_EXNEXT_1000_ENTRIES_REPEAT10_TOTAL_OTHER_TREE_NODE_VIEWS	0
LIST_EXNEXT_1000_ENTRIES_REPEAT10_TOTAL_OTHER_TREE_RESIDENT_VIEWS	0
LIST_EXNEXT_1000_ENTRIES_REPEAT10_TOTAL_DIR_TREE_LEAF_NODE_VIEWS	2151
LIST_EXNEXT_1000_ENTRIES_REPEAT10_TOTAL_DIR_TREE_LEAF_RESIDENT_VIEWS	1061
LIST_EXNEXT_1000_ENTRIES_REPEAT10_TOTAL_DIR_TREE_INTERNAL_NODE_VIEWS	4533
LIST_EXNEXT_1000_ENTRIES_REPEAT10_TOTAL_DIR_TREE_INTERNAL_RESIDENT_VIEWS	4383
LIST_EXNEXT_1000_ENTRIES_REPEAT10_TOTAL_INODE_TREE_LEAF_NODE_VIEWS	600
LIST_EXNEXT_1000_ENTRIES_REPEAT10_TOTAL_INODE_TREE_LEAF_RESIDENT_VIEWS	0
LIST_EXNEXT_1000_ENTRIES_REPEAT10_TOTAL_INODE_TREE_INTERNAL_NODE_VIEWS	600
LIST_EXNEXT_1000_ENTRIES_REPEAT10_TOTAL_INODE_TREE_INTERNAL_RESIDENT_VIEWS	600
LIST_EXNEXT_1000_ENTRIES_REPEAT10_TOTAL_DETAIL_INODE_READ_CALLS	10010
LIST_EXNEXT_1000_ENTRIES_REPEAT10_TOTAL_DETAIL_INODE_READ_SAMPLES	588
LIST_EXNEXT_1000_ENTRIES_REPEAT10_TOTAL_DETAIL_INODE_READ_SAMPLE_TICKS	25849
LIST_EXNEXT_1000_ENTRIES_REPEAT10_TOTAL_DETAIL_INODE_VALIDATE_CALLS	10010
LIST_EXNEXT_1000_ENTRIES_REPEAT10_TOTAL_DETAIL_INODE_VALIDATE_SAMPLES	588
LIST_EXNEXT_1000_ENTRIES_REPEAT10_TOTAL_DETAIL_INODE_VALIDATE_SAMPLE_TICKS	1409
LIST_EXNEXT_1000_ENTRIES_REPEAT10_TOTAL_DETAIL_INODE_SEARCH_CALLS	10010
LIST_EXNEXT_1000_ENTRIES_REPEAT10_TOTAL_DETAIL_INODE_SEARCH_SAMPLES	588
LIST_EXNEXT_1000_ENTRIES_REPEAT10_TOTAL_DETAIL_INODE_SEARCH_SAMPLE_TICKS	18956
LIST_EXNEXT_1000_ENTRIES_REPEAT10_TOTAL_DETAIL_INODE_NODE_VIEW_CALLS	1200
LIST_EXNEXT_1000_ENTRIES_REPEAT10_TOTAL_DETAIL_INODE_NODE_VIEW_SAMPLES	70
LIST_EXNEXT_1000_ENTRIES_REPEAT10_TOTAL_DETAIL_INODE_NODE_VIEW_SAMPLE_TICKS	8769
LIST_EXNEXT_1000_ENTRIES_REPEAT10_TOTAL_DETAIL_DIR_NODE_VIEW_CALLS	6684
LIST_EXNEXT_1000_ENTRIES_REPEAT10_TOTAL_DETAIL_DIR_NODE_VIEW_SAMPLES	393
LIST_EXNEXT_1000_ENTRIES_REPEAT10_TOTAL_DETAIL_DIR_NODE_VIEW_SAMPLE_TICKS	17714
LIST_EXNEXT_1000_ENTRIES_REPEAT10_TOTAL_DETAIL_INODE_BINARY_SEARCH_CALLS	1200
LIST_EXNEXT_1000_ENTRIES_REPEAT10_TOTAL_DETAIL_INODE_BINARY_SEARCH_SAMPLES	70
LIST_EXNEXT_1000_ENTRIES_REPEAT10_TOTAL_DETAIL_INODE_BINARY_SEARCH_SAMPLE_TICKS	189
LIST_EXNEXT_1000_ENTRIES_REPEAT10_TOTAL_DETAIL_DIR_BINARY_SEARCH_CALLS	4324
LIST_EXNEXT_1000_ENTRIES_REPEAT10_TOTAL_DETAIL_DIR_BINARY_SEARCH_SAMPLES	254
LIST_EXNEXT_1000_ENTRIES_REPEAT10_TOTAL_DETAIL_DIR_BINARY_SEARCH_SAMPLE_TICKS	1114
LIST_EXNEXT_1000_ENTRIES_REPEAT10_TOTAL_DETAIL_NODE_STRUCTURE_CALLS	1840
LIST_EXNEXT_1000_ENTRIES_REPEAT10_TOTAL_DETAIL_NODE_STRUCTURE_SAMPLES	108
LIST_EXNEXT_1000_ENTRIES_REPEAT10_TOTAL_DETAIL_NODE_STRUCTURE_SAMPLE_TICKS	1832
LIST_EXNEXT_1000_ENTRIES_REPEAT10_TOTAL_DETAIL_CACHE_PEEK_CALLS	18495
LIST_EXNEXT_1000_ENTRIES_REPEAT10_TOTAL_DETAIL_CACHE_PEEK_SAMPLES	1087
LIST_EXNEXT_1000_ENTRIES_REPEAT10_TOTAL_DETAIL_CACHE_PEEK_SAMPLE_TICKS	2874
LIST_EXNEXT_1000_ENTRIES_REPEAT10_TOTAL_DETAIL_BUFFER_ALLOC_CALLS	10621
LIST_EXNEXT_1000_ENTRIES_REPEAT10_TOTAL_DETAIL_BUFFER_ALLOC_SAMPLES	624
LIST_EXNEXT_1000_ENTRIES_REPEAT10_TOTAL_DETAIL_BUFFER_ALLOC_SAMPLE_TICKS	1397
LIST_EXNEXT_1000_ENTRIES_REPEAT10_TOTAL_DETAIL_BUFFER_FREE_CALLS	10621
LIST_EXNEXT_1000_ENTRIES_REPEAT10_TOTAL_DETAIL_BUFFER_FREE_SAMPLES	624
LIST_EXNEXT_1000_ENTRIES_REPEAT10_TOTAL_DETAIL_BUFFER_FREE_SAMPLE_TICKS	1422
LIST_EXNEXT_1000_ENTRIES_REPEAT10_TOTAL_DETAIL_EXALL_FILL_CALLS	0
LIST_EXNEXT_1000_ENTRIES_REPEAT10_TOTAL_DETAIL_EXALL_FILL_SAMPLES	0
LIST_EXNEXT_1000_ENTRIES_REPEAT10_TOTAL_DETAIL_EXALL_FILL_SAMPLE_TICKS	0
LIST_EXNEXT_1000_ENTRIES_REPEAT10_TOTAL_DEFERRED_NODE_WRITES	0
LIST_EXALL_1000_ENTRIES_FIRST_PASS_US	98176
LIST_EXALL_1000_ENTRIES_FIRST_PASS_BIO_READS	175
LIST_EXALL_1000_ENTRIES_FIRST_PASS_BIO_WRITES	0
LIST_EXALL_1000_ENTRIES_FIRST_PASS_BIO_UPDATES	0
LIST_EXALL_1000_ENTRIES_FIRST_PASS_DATA_READS	0
LIST_EXALL_1000_ENTRIES_FIRST_PASS_DATA_WRITES	0
LIST_EXALL_1000_ENTRIES_FIRST_PASS_NODE_WRITES	0
LIST_EXALL_1000_ENTRIES_FIRST_PASS_TXN_COMMITS	0
LIST_EXALL_1000_ENTRIES_FIRST_PASS_FREESPACE_ALLOCS	0
LIST_EXALL_1000_ENTRIES_FIRST_PASS_EXTENT_MAPS	0
LIST_EXALL_1000_ENTRIES_FIRST_PASS_READ_TICKS	8926
LIST_EXALL_1000_ENTRIES_FIRST_PASS_WRITE_TICKS	0
LIST_EXALL_1000_ENTRIES_FIRST_PASS_UPDATE_TICKS	0
LIST_EXALL_1000_ENTRIES_FIRST_PASS_DATA_READ_TICKS	0
LIST_EXALL_1000_ENTRIES_FIRST_PASS_DATA_WRITE_TICKS	0
LIST_EXALL_1000_ENTRIES_FIRST_PASS_FREE_TREE_NODE_WRITES	0
LIST_EXALL_1000_ENTRIES_FIRST_PASS_FREE_TREE_ALLOCATION_BODY_NODE_WRITES	0
LIST_EXALL_1000_ENTRIES_FIRST_PASS_FREE_TREE_RESERVE_REFILL_NODE_WRITES	0
LIST_EXALL_1000_ENTRIES_FIRST_PASS_FREE_TREE_RESERVE_RETURN_NODE_WRITES	0
LIST_EXALL_1000_ENTRIES_FIRST_PASS_FREE_TREE_POST_PUBLISH_PENDING_RECLAIM_NODE_WRITES	0
LIST_EXALL_1000_ENTRIES_FIRST_PASS_FREE_TREE_OTHER_NODE_WRITES	0
LIST_EXALL_1000_ENTRIES_FIRST_PASS_DIR_TREE_NODE_WRITES	0
LIST_EXALL_1000_ENTRIES_FIRST_PASS_INODE_TREE_NODE_WRITES	0
LIST_EXALL_1000_ENTRIES_FIRST_PASS_REFCOUNT_TREE_NODE_WRITES	0
LIST_EXALL_1000_ENTRIES_FIRST_PASS_OTHER_TREE_NODE_WRITES	0
LIST_EXALL_1000_ENTRIES_FIRST_PASS_NODE_CRC_READ_CALLS	175
LIST_EXALL_1000_ENTRIES_FIRST_PASS_NODE_CRC_READ_SAMPLES	2
LIST_EXALL_1000_ENTRIES_FIRST_PASS_NODE_CRC_READ_SAMPLE_TICKS	272
LIST_EXALL_1000_ENTRIES_FIRST_PASS_NODE_CRC_WRITE_CALLS	0
LIST_EXALL_1000_ENTRIES_FIRST_PASS_NODE_CRC_WRITE_SAMPLES	0
LIST_EXALL_1000_ENTRIES_FIRST_PASS_NODE_CRC_WRITE_SAMPLE_TICKS	0
LIST_EXALL_1000_ENTRIES_FIRST_PASS_CLOCK_PAIR_TICKS	0
LIST_EXALL_1000_ENTRIES_FIRST_PASS_FREE_TREE_RESERVE_RETURN_CALLS	0
LIST_EXALL_1000_ENTRIES_FIRST_PASS_FREE_TREE_RESERVE_RETURN_RUNS	0
LIST_EXALL_1000_ENTRIES_FIRST_PASS_FREE_TREE_RESERVE_RETURN_BLOCKS	0
LIST_EXALL_1000_ENTRIES_FIRST_PASS_FREE_TREE_RESERVE_RETURN_RUNS_1_BLOCK	0
LIST_EXALL_1000_ENTRIES_FIRST_PASS_FREE_TREE_RESERVE_RETURN_RUNS_2_3_BLOCKS	0
LIST_EXALL_1000_ENTRIES_FIRST_PASS_FREE_TREE_RESERVE_RETURN_RUNS_4_7_BLOCKS	0
LIST_EXALL_1000_ENTRIES_FIRST_PASS_FREE_TREE_RESERVE_RETURN_RUNS_8_PLUS_BLOCKS	0
LIST_EXALL_1000_ENTRIES_FIRST_PASS_FREE_TREE_RESERVE_RETURN_MAX_RUN_BLOCKS	0
LIST_EXALL_1000_ENTRIES_FIRST_PASS_FREE_TREE_RESERVE_RETURN_MAX_NODE_WRITES_PER_RUN	0
LIST_EXALL_1000_ENTRIES_FIRST_PASS_POST_PUBLISH_RECLAIM_PASSES	0
LIST_EXALL_1000_ENTRIES_FIRST_PASS_MAX_POST_PUBLISH_RECLAIM_PASSES_PER_COMMIT	0
LIST_EXALL_1000_ENTRIES_FIRST_PASS_SUPERBLOCK_PUBLICATIONS	0
LIST_EXALL_1000_ENTRIES_FIRST_PASS_FREE_TREE_RESERVE_RETURN_RUN_NODE_WRITES	0
LIST_EXALL_1000_ENTRIES_FIRST_PASS_FREE_TREE_RESERVE_RETURN_BATCH_CALLS	0
LIST_EXALL_1000_ENTRIES_FIRST_PASS_FREE_TREE_RESERVE_RETURN_BATCH_BLOCKS	0
LIST_EXALL_1000_ENTRIES_FIRST_PASS_FREE_TREE_RESERVE_RETURN_BATCH_NODE_WRITES	0
LIST_EXALL_1000_ENTRIES_FIRST_PASS_FREE_TREE_RESERVE_RETURN_SKIP_SHAPE	0
LIST_EXALL_1000_ENTRIES_FIRST_PASS_FREE_TREE_RESERVE_RETURN_SKIP_SMALL	0
LIST_EXALL_1000_ENTRIES_FIRST_PASS_FREE_TREE_RESERVE_RETURN_SKIP_EMERGENCY	0
LIST_EXALL_1000_ENTRIES_FIRST_PASS_FREE_TREE_RESERVE_RETURN_SKIP_CAPACITY	0
LIST_EXALL_1000_ENTRIES_FIRST_PASS_SEALED_COMMITS	0
LIST_EXALL_1000_ENTRIES_FIRST_PASS_SEALED_METADATA_FENCES	0
LIST_EXALL_1000_ENTRIES_FIRST_PASS_BTREE_MALLOC_CALLS	12
LIST_EXALL_1000_ENTRIES_FIRST_PASS_BTREE_MALLOC_SAMPLES	12
LIST_EXALL_1000_ENTRIES_FIRST_PASS_BTREE_MALLOC_SAMPLE_TICKS	163
LIST_EXALL_1000_ENTRIES_FIRST_PASS_BTREE_FREE_CALLS	12
LIST_EXALL_1000_ENTRIES_FIRST_PASS_BTREE_FREE_SAMPLES	12
LIST_EXALL_1000_ENTRIES_FIRST_PASS_BTREE_FREE_SAMPLE_TICKS	69
LIST_EXALL_1000_ENTRIES_FIRST_PASS_IFACE_ALLOC_CALLS	0
LIST_EXALL_1000_ENTRIES_FIRST_PASS_IFACE_ALLOC_SAMPLES	0
LIST_EXALL_1000_ENTRIES_FIRST_PASS_IFACE_ALLOC_SAMPLE_TICKS	0
LIST_EXALL_1000_ENTRIES_FIRST_PASS_FREESPACE_ALLOC_SAMPLES	0
LIST_EXALL_1000_ENTRIES_FIRST_PASS_FREESPACE_ALLOC_SAMPLE_TICKS	0
LIST_EXALL_1000_ENTRIES_FIRST_PASS_PACKET_CALLS	13
LIST_EXALL_1000_ENTRIES_FIRST_PASS_PACKET_SAMPLES	13
LIST_EXALL_1000_ENTRIES_FIRST_PASS_PACKET_SAMPLE_TICKS	68600
LIST_EXALL_1000_ENTRIES_FIRST_PASS_PACKET_OPEN_CALLS	0
LIST_EXALL_1000_ENTRIES_FIRST_PASS_PACKET_OPEN_SAMPLES	0
LIST_EXALL_1000_ENTRIES_FIRST_PASS_PACKET_OPEN_SAMPLE_TICKS	0
LIST_EXALL_1000_ENTRIES_FIRST_PASS_PACKET_READ_CALLS	0
LIST_EXALL_1000_ENTRIES_FIRST_PASS_PACKET_READ_SAMPLES	0
LIST_EXALL_1000_ENTRIES_FIRST_PASS_PACKET_READ_SAMPLE_TICKS	0
LIST_EXALL_1000_ENTRIES_FIRST_PASS_PACKET_WRITE_CALLS	0
LIST_EXALL_1000_ENTRIES_FIRST_PASS_PACKET_WRITE_SAMPLES	0
LIST_EXALL_1000_ENTRIES_FIRST_PASS_PACKET_WRITE_SAMPLE_TICKS	0
LIST_EXALL_1000_ENTRIES_FIRST_PASS_PACKET_END_CALLS	0
LIST_EXALL_1000_ENTRIES_FIRST_PASS_PACKET_END_SAMPLES	0
LIST_EXALL_1000_ENTRIES_FIRST_PASS_PACKET_END_SAMPLE_TICKS	0
LIST_EXALL_1000_ENTRIES_FIRST_PASS_PACKET_DELETE_CALLS	0
LIST_EXALL_1000_ENTRIES_FIRST_PASS_PACKET_DELETE_SAMPLES	0
LIST_EXALL_1000_ENTRIES_FIRST_PASS_PACKET_DELETE_SAMPLE_TICKS	0
LIST_EXALL_1000_ENTRIES_FIRST_PASS_PACKET_FLUSH_CALLS	0
LIST_EXALL_1000_ENTRIES_FIRST_PASS_PACKET_FLUSH_SAMPLES	0
LIST_EXALL_1000_ENTRIES_FIRST_PASS_PACKET_FLUSH_SAMPLE_TICKS	0
LIST_EXALL_1000_ENTRIES_FIRST_PASS_PACKET_OTHER_CALLS	13
LIST_EXALL_1000_ENTRIES_FIRST_PASS_PACKET_OTHER_SAMPLES	13
LIST_EXALL_1000_ENTRIES_FIRST_PASS_PACKET_OTHER_SAMPLE_TICKS	68600
LIST_EXALL_1000_ENTRIES_FIRST_PASS_CORE_CREATE_CALLS	0
LIST_EXALL_1000_ENTRIES_FIRST_PASS_CORE_CREATE_SAMPLES	0
LIST_EXALL_1000_ENTRIES_FIRST_PASS_CORE_CREATE_SAMPLE_TICKS	0
LIST_EXALL_1000_ENTRIES_FIRST_PASS_CORE_DELETE_CALLS	0
LIST_EXALL_1000_ENTRIES_FIRST_PASS_CORE_DELETE_SAMPLES	0
LIST_EXALL_1000_ENTRIES_FIRST_PASS_CORE_DELETE_SAMPLE_TICKS	0
LIST_EXALL_1000_ENTRIES_FIRST_PASS_CORE_FILE_WRITE_CALLS	0
LIST_EXALL_1000_ENTRIES_FIRST_PASS_CORE_FILE_WRITE_SAMPLES	0
LIST_EXALL_1000_ENTRIES_FIRST_PASS_CORE_FILE_WRITE_SAMPLE_TICKS	0
LIST_EXALL_1000_ENTRIES_FIRST_PASS_CORE_SYNC_CALLS	0
LIST_EXALL_1000_ENTRIES_FIRST_PASS_CORE_SYNC_SAMPLES	0
LIST_EXALL_1000_ENTRIES_FIRST_PASS_CORE_SYNC_SAMPLE_TICKS	0
LIST_EXALL_1000_ENTRIES_FIRST_PASS_IFACE_FREE_CALLS	0
LIST_EXALL_1000_ENTRIES_FIRST_PASS_IFACE_FREE_SAMPLES	0
LIST_EXALL_1000_ENTRIES_FIRST_PASS_IFACE_FREE_SAMPLE_TICKS	0
LIST_EXALL_1000_ENTRIES_FIRST_PASS_SEAL_COMMIT_CALLS	0
LIST_EXALL_1000_ENTRIES_FIRST_PASS_SEAL_COMMIT_SAMPLES	0
LIST_EXALL_1000_ENTRIES_FIRST_PASS_SEAL_COMMIT_SAMPLE_TICKS	0
LIST_EXALL_1000_ENTRIES_FIRST_PASS_INODE_READ_CALLS	1010
LIST_EXALL_1000_ENTRIES_FIRST_PASS_BTREE_SEARCH_CALLS	1011
LIST_EXALL_1000_ENTRIES_FIRST_PASS_BTREE_INDEX_HINT_HITS	10
LIST_EXALL_1000_ENTRIES_FIRST_PASS_BTREE_LEAF_HINT_HITS	941
LIST_EXALL_1000_ENTRIES_FIRST_PASS_CACHE_READ_CALLS	175
LIST_EXALL_1000_ENTRIES_FIRST_PASS_CACHE_READ_HITS	0
LIST_EXALL_1000_ENTRIES_FIRST_PASS_CACHE_READ_MISSES	175
LIST_EXALL_1000_ENTRIES_FIRST_PASS_FREE_TREE_NODE_VIEWS	0
LIST_EXALL_1000_ENTRIES_FIRST_PASS_FREE_TREE_RESIDENT_VIEWS	0
LIST_EXALL_1000_ENTRIES_FIRST_PASS_DIR_TREE_NODE_VIEWS	283
LIST_EXALL_1000_ENTRIES_FIRST_PASS_DIR_TREE_RESIDENT_VIEWS	167
LIST_EXALL_1000_ENTRIES_FIRST_PASS_INODE_TREE_NODE_VIEWS	118
LIST_EXALL_1000_ENTRIES_FIRST_PASS_INODE_TREE_RESIDENT_VIEWS	59
LIST_EXALL_1000_ENTRIES_FIRST_PASS_REFCOUNT_TREE_NODE_VIEWS	0
LIST_EXALL_1000_ENTRIES_FIRST_PASS_REFCOUNT_TREE_RESIDENT_VIEWS	0
LIST_EXALL_1000_ENTRIES_FIRST_PASS_OTHER_TREE_NODE_VIEWS	0
LIST_EXALL_1000_ENTRIES_FIRST_PASS_OTHER_TREE_RESIDENT_VIEWS	0
LIST_EXALL_1000_ENTRIES_FIRST_PASS_DIR_TREE_LEAF_NODE_VIEWS	118
LIST_EXALL_1000_ENTRIES_FIRST_PASS_DIR_TREE_LEAF_RESIDENT_VIEWS	15
LIST_EXALL_1000_ENTRIES_FIRST_PASS_DIR_TREE_INTERNAL_NODE_VIEWS	165
LIST_EXALL_1000_ENTRIES_FIRST_PASS_DIR_TREE_INTERNAL_RESIDENT_VIEWS	152
LIST_EXALL_1000_ENTRIES_FIRST_PASS_INODE_TREE_LEAF_NODE_VIEWS	59
LIST_EXALL_1000_ENTRIES_FIRST_PASS_INODE_TREE_LEAF_RESIDENT_VIEWS	0
LIST_EXALL_1000_ENTRIES_FIRST_PASS_INODE_TREE_INTERNAL_NODE_VIEWS	59
LIST_EXALL_1000_ENTRIES_FIRST_PASS_INODE_TREE_INTERNAL_RESIDENT_VIEWS	59
LIST_EXALL_1000_ENTRIES_FIRST_PASS_DETAIL_INODE_READ_CALLS	1010
LIST_EXALL_1000_ENTRIES_FIRST_PASS_DETAIL_INODE_READ_SAMPLES	59
LIST_EXALL_1000_ENTRIES_FIRST_PASS_DETAIL_INODE_READ_SAMPLE_TICKS	2983
LIST_EXALL_1000_ENTRIES_FIRST_PASS_DETAIL_INODE_VALIDATE_CALLS	1010
LIST_EXALL_1000_ENTRIES_FIRST_PASS_DETAIL_INODE_VALIDATE_SAMPLES	59
LIST_EXALL_1000_ENTRIES_FIRST_PASS_DETAIL_INODE_VALIDATE_SAMPLE_TICKS	195
LIST_EXALL_1000_ENTRIES_FIRST_PASS_DETAIL_INODE_SEARCH_CALLS	1010
LIST_EXALL_1000_ENTRIES_FIRST_PASS_DETAIL_INODE_SEARCH_SAMPLES	59
LIST_EXALL_1000_ENTRIES_FIRST_PASS_DETAIL_INODE_SEARCH_SAMPLE_TICKS	2094
LIST_EXALL_1000_ENTRIES_FIRST_PASS_DETAIL_INODE_NODE_VIEW_CALLS	118
LIST_EXALL_1000_ENTRIES_FIRST_PASS_DETAIL_INODE_NODE_VIEW_SAMPLES	6
LIST_EXALL_1000_ENTRIES_FIRST_PASS_DETAIL_INODE_NODE_VIEW_SAMPLE_TICKS	636
LIST_EXALL_1000_ENTRIES_FIRST_PASS_DETAIL_DIR_NODE_VIEW_CALLS	283
LIST_EXALL_1000_ENTRIES_FIRST_PASS_DETAIL_DIR_NODE_VIEW_SAMPLES	16
LIST_EXALL_1000_ENTRIES_FIRST_PASS_DETAIL_DIR_NODE_VIEW_SAMPLE_TICKS	1135
LIST_EXALL_1000_ENTRIES_FIRST_PASS_DETAIL_INODE_BINARY_SEARCH_CALLS	118
LIST_EXALL_1000_ENTRIES_FIRST_PASS_DETAIL_INODE_BINARY_SEARCH_SAMPLES	6
LIST_EXALL_1000_ENTRIES_FIRST_PASS_DETAIL_INODE_BINARY_SEARCH_SAMPLE_TICKS	41
LIST_EXALL_1000_ENTRIES_FIRST_PASS_DETAIL_DIR_BINARY_SEARCH_CALLS	54
LIST_EXALL_1000_ENTRIES_FIRST_PASS_DETAIL_DIR_BINARY_SEARCH_SAMPLES	3
LIST_EXALL_1000_ENTRIES_FIRST_PASS_DETAIL_DIR_BINARY_SEARCH_SAMPLE_TICKS	42
LIST_EXALL_1000_ENTRIES_FIRST_PASS_DETAIL_NODE_STRUCTURE_CALLS	175
LIST_EXALL_1000_ENTRIES_FIRST_PASS_DETAIL_NODE_STRUCTURE_SAMPLES	10
LIST_EXALL_1000_ENTRIES_FIRST_PASS_DETAIL_NODE_STRUCTURE_SAMPLE_TICKS	272
LIST_EXALL_1000_ENTRIES_FIRST_PASS_DETAIL_CACHE_PEEK_CALLS	1442
LIST_EXALL_1000_ENTRIES_FIRST_PASS_DETAIL_CACHE_PEEK_SAMPLES	84
LIST_EXALL_1000_ENTRIES_FIRST_PASS_DETAIL_CACHE_PEEK_SAMPLE_TICKS	233
LIST_EXALL_1000_ENTRIES_FIRST_PASS_DETAIL_BUFFER_ALLOC_CALLS	71
LIST_EXALL_1000_ENTRIES_FIRST_PASS_DETAIL_BUFFER_ALLOC_SAMPLES	4
LIST_EXALL_1000_ENTRIES_FIRST_PASS_DETAIL_BUFFER_ALLOC_SAMPLE_TICKS	0
LIST_EXALL_1000_ENTRIES_FIRST_PASS_DETAIL_BUFFER_FREE_CALLS	71
LIST_EXALL_1000_ENTRIES_FIRST_PASS_DETAIL_BUFFER_FREE_SAMPLES	4
LIST_EXALL_1000_ENTRIES_FIRST_PASS_DETAIL_BUFFER_FREE_SAMPLE_TICKS	0
LIST_EXALL_1000_ENTRIES_FIRST_PASS_DETAIL_EXALL_FILL_CALLS	1011
LIST_EXALL_1000_ENTRIES_FIRST_PASS_DETAIL_EXALL_FILL_SAMPLES	59
LIST_EXALL_1000_ENTRIES_FIRST_PASS_DETAIL_EXALL_FILL_SAMPLE_TICKS	3502
LIST_EXALL_1000_ENTRIES_FIRST_PASS_DEFERRED_NODE_WRITES	0
LIST_EXALL_1000_ENTRIES_REPEAT10_TOTAL_US	931068
LIST_EXALL_1000_ENTRIES_REPEAT10_TOTAL_BIO_READS	1713
LIST_EXALL_1000_ENTRIES_REPEAT10_TOTAL_BIO_WRITES	0
LIST_EXALL_1000_ENTRIES_REPEAT10_TOTAL_BIO_UPDATES	0
LIST_EXALL_1000_ENTRIES_REPEAT10_TOTAL_DATA_READS	0
LIST_EXALL_1000_ENTRIES_REPEAT10_TOTAL_DATA_WRITES	0
LIST_EXALL_1000_ENTRIES_REPEAT10_TOTAL_NODE_WRITES	0
LIST_EXALL_1000_ENTRIES_REPEAT10_TOTAL_TXN_COMMITS	0
LIST_EXALL_1000_ENTRIES_REPEAT10_TOTAL_FREESPACE_ALLOCS	0
LIST_EXALL_1000_ENTRIES_REPEAT10_TOTAL_EXTENT_MAPS	0
LIST_EXALL_1000_ENTRIES_REPEAT10_TOTAL_READ_TICKS	87254
LIST_EXALL_1000_ENTRIES_REPEAT10_TOTAL_WRITE_TICKS	0
LIST_EXALL_1000_ENTRIES_REPEAT10_TOTAL_UPDATE_TICKS	0
LIST_EXALL_1000_ENTRIES_REPEAT10_TOTAL_DATA_READ_TICKS	0
LIST_EXALL_1000_ENTRIES_REPEAT10_TOTAL_DATA_WRITE_TICKS	0
LIST_EXALL_1000_ENTRIES_REPEAT10_TOTAL_FREE_TREE_NODE_WRITES	0
LIST_EXALL_1000_ENTRIES_REPEAT10_TOTAL_FREE_TREE_ALLOCATION_BODY_NODE_WRITES	0
LIST_EXALL_1000_ENTRIES_REPEAT10_TOTAL_FREE_TREE_RESERVE_REFILL_NODE_WRITES	0
LIST_EXALL_1000_ENTRIES_REPEAT10_TOTAL_FREE_TREE_RESERVE_RETURN_NODE_WRITES	0
LIST_EXALL_1000_ENTRIES_REPEAT10_TOTAL_FREE_TREE_POST_PUBLISH_PENDING_RECLAIM_NODE_WRITES	0
LIST_EXALL_1000_ENTRIES_REPEAT10_TOTAL_FREE_TREE_OTHER_NODE_WRITES	0
LIST_EXALL_1000_ENTRIES_REPEAT10_TOTAL_DIR_TREE_NODE_WRITES	0
LIST_EXALL_1000_ENTRIES_REPEAT10_TOTAL_INODE_TREE_NODE_WRITES	0
LIST_EXALL_1000_ENTRIES_REPEAT10_TOTAL_REFCOUNT_TREE_NODE_WRITES	0
LIST_EXALL_1000_ENTRIES_REPEAT10_TOTAL_OTHER_TREE_NODE_WRITES	0
LIST_EXALL_1000_ENTRIES_REPEAT10_TOTAL_NODE_CRC_READ_CALLS	1713
LIST_EXALL_1000_ENTRIES_REPEAT10_TOTAL_NODE_CRC_READ_SAMPLES	26
LIST_EXALL_1000_ENTRIES_REPEAT10_TOTAL_NODE_CRC_READ_SAMPLE_TICKS	2592
LIST_EXALL_1000_ENTRIES_REPEAT10_TOTAL_NODE_CRC_WRITE_CALLS	0
LIST_EXALL_1000_ENTRIES_REPEAT10_TOTAL_NODE_CRC_WRITE_SAMPLES	0
LIST_EXALL_1000_ENTRIES_REPEAT10_TOTAL_NODE_CRC_WRITE_SAMPLE_TICKS	0
LIST_EXALL_1000_ENTRIES_REPEAT10_TOTAL_CLOCK_PAIR_TICKS	0
LIST_EXALL_1000_ENTRIES_REPEAT10_TOTAL_FREE_TREE_RESERVE_RETURN_CALLS	0
LIST_EXALL_1000_ENTRIES_REPEAT10_TOTAL_FREE_TREE_RESERVE_RETURN_RUNS	0
LIST_EXALL_1000_ENTRIES_REPEAT10_TOTAL_FREE_TREE_RESERVE_RETURN_BLOCKS	0
LIST_EXALL_1000_ENTRIES_REPEAT10_TOTAL_FREE_TREE_RESERVE_RETURN_RUNS_1_BLOCK	0
LIST_EXALL_1000_ENTRIES_REPEAT10_TOTAL_FREE_TREE_RESERVE_RETURN_RUNS_2_3_BLOCKS	0
LIST_EXALL_1000_ENTRIES_REPEAT10_TOTAL_FREE_TREE_RESERVE_RETURN_RUNS_4_7_BLOCKS	0
LIST_EXALL_1000_ENTRIES_REPEAT10_TOTAL_FREE_TREE_RESERVE_RETURN_RUNS_8_PLUS_BLOCKS	0
LIST_EXALL_1000_ENTRIES_REPEAT10_TOTAL_FREE_TREE_RESERVE_RETURN_MAX_RUN_BLOCKS	0
LIST_EXALL_1000_ENTRIES_REPEAT10_TOTAL_FREE_TREE_RESERVE_RETURN_MAX_NODE_WRITES_PER_RUN	0
LIST_EXALL_1000_ENTRIES_REPEAT10_TOTAL_POST_PUBLISH_RECLAIM_PASSES	0
LIST_EXALL_1000_ENTRIES_REPEAT10_TOTAL_MAX_POST_PUBLISH_RECLAIM_PASSES_PER_COMMIT	0
LIST_EXALL_1000_ENTRIES_REPEAT10_TOTAL_SUPERBLOCK_PUBLICATIONS	0
LIST_EXALL_1000_ENTRIES_REPEAT10_TOTAL_FREE_TREE_RESERVE_RETURN_RUN_NODE_WRITES	0
LIST_EXALL_1000_ENTRIES_REPEAT10_TOTAL_FREE_TREE_RESERVE_RETURN_BATCH_CALLS	0
LIST_EXALL_1000_ENTRIES_REPEAT10_TOTAL_FREE_TREE_RESERVE_RETURN_BATCH_BLOCKS	0
LIST_EXALL_1000_ENTRIES_REPEAT10_TOTAL_FREE_TREE_RESERVE_RETURN_BATCH_NODE_WRITES	0
LIST_EXALL_1000_ENTRIES_REPEAT10_TOTAL_FREE_TREE_RESERVE_RETURN_SKIP_SHAPE	0
LIST_EXALL_1000_ENTRIES_REPEAT10_TOTAL_FREE_TREE_RESERVE_RETURN_SKIP_SMALL	0
LIST_EXALL_1000_ENTRIES_REPEAT10_TOTAL_FREE_TREE_RESERVE_RETURN_SKIP_EMERGENCY	0
LIST_EXALL_1000_ENTRIES_REPEAT10_TOTAL_FREE_TREE_RESERVE_RETURN_SKIP_CAPACITY	0
LIST_EXALL_1000_ENTRIES_REPEAT10_TOTAL_SEALED_COMMITS	0
LIST_EXALL_1000_ENTRIES_REPEAT10_TOTAL_SEALED_METADATA_FENCES	0
LIST_EXALL_1000_ENTRIES_REPEAT10_TOTAL_BTREE_MALLOC_CALLS	111
LIST_EXALL_1000_ENTRIES_REPEAT10_TOTAL_BTREE_MALLOC_SAMPLES	111
LIST_EXALL_1000_ENTRIES_REPEAT10_TOTAL_BTREE_MALLOC_SAMPLE_TICKS	585
LIST_EXALL_1000_ENTRIES_REPEAT10_TOTAL_BTREE_FREE_CALLS	111
LIST_EXALL_1000_ENTRIES_REPEAT10_TOTAL_BTREE_FREE_SAMPLES	111
LIST_EXALL_1000_ENTRIES_REPEAT10_TOTAL_BTREE_FREE_SAMPLE_TICKS	685
LIST_EXALL_1000_ENTRIES_REPEAT10_TOTAL_IFACE_ALLOC_CALLS	0
LIST_EXALL_1000_ENTRIES_REPEAT10_TOTAL_IFACE_ALLOC_SAMPLES	0
LIST_EXALL_1000_ENTRIES_REPEAT10_TOTAL_IFACE_ALLOC_SAMPLE_TICKS	0
LIST_EXALL_1000_ENTRIES_REPEAT10_TOTAL_FREESPACE_ALLOC_SAMPLES	0
LIST_EXALL_1000_ENTRIES_REPEAT10_TOTAL_FREESPACE_ALLOC_SAMPLE_TICKS	0
LIST_EXALL_1000_ENTRIES_REPEAT10_TOTAL_PACKET_CALLS	112
LIST_EXALL_1000_ENTRIES_REPEAT10_TOTAL_PACKET_SAMPLES	112
LIST_EXALL_1000_ENTRIES_REPEAT10_TOTAL_PACKET_SAMPLE_TICKS	650581
LIST_EXALL_1000_ENTRIES_REPEAT10_TOTAL_PACKET_OPEN_CALLS	0
LIST_EXALL_1000_ENTRIES_REPEAT10_TOTAL_PACKET_OPEN_SAMPLES	0
LIST_EXALL_1000_ENTRIES_REPEAT10_TOTAL_PACKET_OPEN_SAMPLE_TICKS	0
LIST_EXALL_1000_ENTRIES_REPEAT10_TOTAL_PACKET_READ_CALLS	0
LIST_EXALL_1000_ENTRIES_REPEAT10_TOTAL_PACKET_READ_SAMPLES	0
LIST_EXALL_1000_ENTRIES_REPEAT10_TOTAL_PACKET_READ_SAMPLE_TICKS	0
LIST_EXALL_1000_ENTRIES_REPEAT10_TOTAL_PACKET_WRITE_CALLS	0
LIST_EXALL_1000_ENTRIES_REPEAT10_TOTAL_PACKET_WRITE_SAMPLES	0
LIST_EXALL_1000_ENTRIES_REPEAT10_TOTAL_PACKET_WRITE_SAMPLE_TICKS	0
LIST_EXALL_1000_ENTRIES_REPEAT10_TOTAL_PACKET_END_CALLS	0
LIST_EXALL_1000_ENTRIES_REPEAT10_TOTAL_PACKET_END_SAMPLES	0
LIST_EXALL_1000_ENTRIES_REPEAT10_TOTAL_PACKET_END_SAMPLE_TICKS	0
LIST_EXALL_1000_ENTRIES_REPEAT10_TOTAL_PACKET_DELETE_CALLS	0
LIST_EXALL_1000_ENTRIES_REPEAT10_TOTAL_PACKET_DELETE_SAMPLES	0
LIST_EXALL_1000_ENTRIES_REPEAT10_TOTAL_PACKET_DELETE_SAMPLE_TICKS	0
LIST_EXALL_1000_ENTRIES_REPEAT10_TOTAL_PACKET_FLUSH_CALLS	0
LIST_EXALL_1000_ENTRIES_REPEAT10_TOTAL_PACKET_FLUSH_SAMPLES	0
LIST_EXALL_1000_ENTRIES_REPEAT10_TOTAL_PACKET_FLUSH_SAMPLE_TICKS	0
LIST_EXALL_1000_ENTRIES_REPEAT10_TOTAL_PACKET_OTHER_CALLS	112
LIST_EXALL_1000_ENTRIES_REPEAT10_TOTAL_PACKET_OTHER_SAMPLES	112
LIST_EXALL_1000_ENTRIES_REPEAT10_TOTAL_PACKET_OTHER_SAMPLE_TICKS	650581
LIST_EXALL_1000_ENTRIES_REPEAT10_TOTAL_CORE_CREATE_CALLS	0
LIST_EXALL_1000_ENTRIES_REPEAT10_TOTAL_CORE_CREATE_SAMPLES	0
LIST_EXALL_1000_ENTRIES_REPEAT10_TOTAL_CORE_CREATE_SAMPLE_TICKS	0
LIST_EXALL_1000_ENTRIES_REPEAT10_TOTAL_CORE_DELETE_CALLS	0
LIST_EXALL_1000_ENTRIES_REPEAT10_TOTAL_CORE_DELETE_SAMPLES	0
LIST_EXALL_1000_ENTRIES_REPEAT10_TOTAL_CORE_DELETE_SAMPLE_TICKS	0
LIST_EXALL_1000_ENTRIES_REPEAT10_TOTAL_CORE_FILE_WRITE_CALLS	0
LIST_EXALL_1000_ENTRIES_REPEAT10_TOTAL_CORE_FILE_WRITE_SAMPLES	0
LIST_EXALL_1000_ENTRIES_REPEAT10_TOTAL_CORE_FILE_WRITE_SAMPLE_TICKS	0
LIST_EXALL_1000_ENTRIES_REPEAT10_TOTAL_CORE_SYNC_CALLS	0
LIST_EXALL_1000_ENTRIES_REPEAT10_TOTAL_CORE_SYNC_SAMPLES	0
LIST_EXALL_1000_ENTRIES_REPEAT10_TOTAL_CORE_SYNC_SAMPLE_TICKS	0
LIST_EXALL_1000_ENTRIES_REPEAT10_TOTAL_IFACE_FREE_CALLS	0
LIST_EXALL_1000_ENTRIES_REPEAT10_TOTAL_IFACE_FREE_SAMPLES	0
LIST_EXALL_1000_ENTRIES_REPEAT10_TOTAL_IFACE_FREE_SAMPLE_TICKS	0
LIST_EXALL_1000_ENTRIES_REPEAT10_TOTAL_SEAL_COMMIT_CALLS	0
LIST_EXALL_1000_ENTRIES_REPEAT10_TOTAL_SEAL_COMMIT_SAMPLES	0
LIST_EXALL_1000_ENTRIES_REPEAT10_TOTAL_SEAL_COMMIT_SAMPLE_TICKS	0
LIST_EXALL_1000_ENTRIES_REPEAT10_TOTAL_INODE_READ_CALLS	10100
LIST_EXALL_1000_ENTRIES_REPEAT10_TOTAL_BTREE_SEARCH_CALLS	10101
LIST_EXALL_1000_ENTRIES_REPEAT10_TOTAL_BTREE_INDEX_HINT_HITS	100
LIST_EXALL_1000_ENTRIES_REPEAT10_TOTAL_BTREE_LEAF_HINT_HITS	9440
LIST_EXALL_1000_ENTRIES_REPEAT10_TOTAL_CACHE_READ_CALLS	1713
LIST_EXALL_1000_ENTRIES_REPEAT10_TOTAL_CACHE_READ_HITS	0
LIST_EXALL_1000_ENTRIES_REPEAT10_TOTAL_CACHE_READ_MISSES	1713
LIST_EXALL_1000_ENTRIES_REPEAT10_TOTAL_FREE_TREE_NODE_VIEWS	0
LIST_EXALL_1000_ENTRIES_REPEAT10_TOTAL_FREE_TREE_RESIDENT_VIEWS	0
LIST_EXALL_1000_ENTRIES_REPEAT10_TOTAL_DIR_TREE_NODE_VIEWS	2794
LIST_EXALL_1000_ENTRIES_REPEAT10_TOTAL_DIR_TREE_RESIDENT_VIEWS	1641
LIST_EXALL_1000_ENTRIES_REPEAT10_TOTAL_INODE_TREE_NODE_VIEWS	1120
LIST_EXALL_1000_ENTRIES_REPEAT10_TOTAL_INODE_TREE_RESIDENT_VIEWS	560
LIST_EXALL_1000_ENTRIES_REPEAT10_TOTAL_REFCOUNT_TREE_NODE_VIEWS	0
LIST_EXALL_1000_ENTRIES_REPEAT10_TOTAL_REFCOUNT_TREE_RESIDENT_VIEWS	0
LIST_EXALL_1000_ENTRIES_REPEAT10_TOTAL_OTHER_TREE_NODE_VIEWS	0
LIST_EXALL_1000_ENTRIES_REPEAT10_TOTAL_OTHER_TREE_RESIDENT_VIEWS	0
LIST_EXALL_1000_ENTRIES_REPEAT10_TOTAL_DIR_TREE_LEAF_NODE_VIEWS	1171
LIST_EXALL_1000_ENTRIES_REPEAT10_TOTAL_DIR_TREE_LEAF_RESIDENT_VIEWS	140
LIST_EXALL_1000_ENTRIES_REPEAT10_TOTAL_DIR_TREE_INTERNAL_NODE_VIEWS	1623
LIST_EXALL_1000_ENTRIES_REPEAT10_TOTAL_DIR_TREE_INTERNAL_RESIDENT_VIEWS	1501
LIST_EXALL_1000_ENTRIES_REPEAT10_TOTAL_INODE_TREE_LEAF_NODE_VIEWS	560
LIST_EXALL_1000_ENTRIES_REPEAT10_TOTAL_INODE_TREE_LEAF_RESIDENT_VIEWS	0
LIST_EXALL_1000_ENTRIES_REPEAT10_TOTAL_INODE_TREE_INTERNAL_NODE_VIEWS	560
LIST_EXALL_1000_ENTRIES_REPEAT10_TOTAL_INODE_TREE_INTERNAL_RESIDENT_VIEWS	560
LIST_EXALL_1000_ENTRIES_REPEAT10_TOTAL_DETAIL_INODE_READ_CALLS	10100
LIST_EXALL_1000_ENTRIES_REPEAT10_TOTAL_DETAIL_INODE_READ_SAMPLES	594
LIST_EXALL_1000_ENTRIES_REPEAT10_TOTAL_DETAIL_INODE_READ_SAMPLE_TICKS	22403
LIST_EXALL_1000_ENTRIES_REPEAT10_TOTAL_DETAIL_INODE_VALIDATE_CALLS	10100
LIST_EXALL_1000_ENTRIES_REPEAT10_TOTAL_DETAIL_INODE_VALIDATE_SAMPLES	594
LIST_EXALL_1000_ENTRIES_REPEAT10_TOTAL_DETAIL_INODE_VALIDATE_SAMPLE_TICKS	1605
LIST_EXALL_1000_ENTRIES_REPEAT10_TOTAL_DETAIL_INODE_SEARCH_CALLS	10100
LIST_EXALL_1000_ENTRIES_REPEAT10_TOTAL_DETAIL_INODE_SEARCH_SAMPLES	594
LIST_EXALL_1000_ENTRIES_REPEAT10_TOTAL_DETAIL_INODE_SEARCH_SAMPLE_TICKS	15522
LIST_EXALL_1000_ENTRIES_REPEAT10_TOTAL_DETAIL_INODE_NODE_VIEW_CALLS	1120
LIST_EXALL_1000_ENTRIES_REPEAT10_TOTAL_DETAIL_INODE_NODE_VIEW_SAMPLES	65
LIST_EXALL_1000_ENTRIES_REPEAT10_TOTAL_DETAIL_INODE_NODE_VIEW_SAMPLE_TICKS	7341
LIST_EXALL_1000_ENTRIES_REPEAT10_TOTAL_DETAIL_DIR_NODE_VIEW_CALLS	2794
LIST_EXALL_1000_ENTRIES_REPEAT10_TOTAL_DETAIL_DIR_NODE_VIEW_SAMPLES	164
LIST_EXALL_1000_ENTRIES_REPEAT10_TOTAL_DETAIL_DIR_NODE_VIEW_SAMPLE_TICKS	14022
LIST_EXALL_1000_ENTRIES_REPEAT10_TOTAL_DETAIL_INODE_BINARY_SEARCH_CALLS	1120
LIST_EXALL_1000_ENTRIES_REPEAT10_TOTAL_DETAIL_INODE_BINARY_SEARCH_SAMPLES	65
LIST_EXALL_1000_ENTRIES_REPEAT10_TOTAL_DETAIL_INODE_BINARY_SEARCH_SAMPLE_TICKS	283
LIST_EXALL_1000_ENTRIES_REPEAT10_TOTAL_DETAIL_DIR_BINARY_SEARCH_CALLS	504
LIST_EXALL_1000_ENTRIES_REPEAT10_TOTAL_DETAIL_DIR_BINARY_SEARCH_SAMPLES	29
LIST_EXALL_1000_ENTRIES_REPEAT10_TOTAL_DETAIL_DIR_BINARY_SEARCH_SAMPLE_TICKS	92
LIST_EXALL_1000_ENTRIES_REPEAT10_TOTAL_DETAIL_NODE_STRUCTURE_CALLS	1713
LIST_EXALL_1000_ENTRIES_REPEAT10_TOTAL_DETAIL_NODE_STRUCTURE_SAMPLES	100
LIST_EXALL_1000_ENTRIES_REPEAT10_TOTAL_DETAIL_NODE_STRUCTURE_SAMPLE_TICKS	2112
LIST_EXALL_1000_ENTRIES_REPEAT10_TOTAL_DETAIL_CACHE_PEEK_CALLS	14575
LIST_EXALL_1000_ENTRIES_REPEAT10_TOTAL_DETAIL_CACHE_PEEK_SAMPLES	857
LIST_EXALL_1000_ENTRIES_REPEAT10_TOTAL_DETAIL_CACHE_PEEK_SAMPLE_TICKS	2892
LIST_EXALL_1000_ENTRIES_REPEAT10_TOTAL_DETAIL_BUFFER_ALLOC_CALLS	671
LIST_EXALL_1000_ENTRIES_REPEAT10_TOTAL_DETAIL_BUFFER_ALLOC_SAMPLES	39
LIST_EXALL_1000_ENTRIES_REPEAT10_TOTAL_DETAIL_BUFFER_ALLOC_SAMPLE_TICKS	155
LIST_EXALL_1000_ENTRIES_REPEAT10_TOTAL_DETAIL_BUFFER_FREE_CALLS	671
LIST_EXALL_1000_ENTRIES_REPEAT10_TOTAL_DETAIL_BUFFER_FREE_SAMPLES	39
LIST_EXALL_1000_ENTRIES_REPEAT10_TOTAL_DETAIL_BUFFER_FREE_SAMPLE_TICKS	51
LIST_EXALL_1000_ENTRIES_REPEAT10_TOTAL_DETAIL_EXALL_FILL_CALLS	10110
LIST_EXALL_1000_ENTRIES_REPEAT10_TOTAL_DETAIL_EXALL_FILL_SAMPLES	594
LIST_EXALL_1000_ENTRIES_REPEAT10_TOTAL_DETAIL_EXALL_FILL_SAMPLE_TICKS	22533
LIST_EXALL_1000_ENTRIES_REPEAT10_TOTAL_DEFERRED_NODE_WRITES	0
CLOCK_HZ	709379
CRC_SAMPLE_STRIDE	64
CPU_SAMPLE_STRIDE	1
DETAIL_SAMPLE_STRIDE	17
PASS	1

=== PFS3 Results ===
FS_DEEP_COMPARE	15
DRIVE	DH2:
SMALL_CREATE_40_US	16255
LOOKUP_400_US	66625
SMALL_READ_40_US	14017
SEQ_WRITE_8M_US	36287
SEQ_READ_8M_US	271486
SMALL_DELETE_40_US	8320
APPEND_4K_1M_US	32831
APPEND_1K_256K_US	24256
APPEND_READ_1280K_US	41280
LIST_EXNEXT_40_ENTRIES_FIRST_PASS_US	1730
LIST_EXNEXT_40_ENTRIES_REPEAT10_TOTAL_US	12417
LIST_EXALL_40_ENTRIES_FIRST_PASS_US	640
LIST_EXALL_40_ENTRIES_REPEAT10_TOTAL_US	2623
LIST_EXNEXT_400_ENTRIES_FIRST_PASS_US	13119
LIST_EXNEXT_400_ENTRIES_REPEAT10_TOTAL_US	114814
LIST_EXALL_400_ENTRIES_FIRST_PASS_US	2943
LIST_EXALL_400_ENTRIES_REPEAT10_TOTAL_US	20654
LIST_EXNEXT_1000_ENTRIES_FIRST_PASS_US	32319
LIST_EXNEXT_1000_ENTRIES_REPEAT10_TOTAL_US	297022
LIST_EXALL_1000_ENTRIES_FIRST_PASS_US	6337
LIST_EXALL_1000_ENTRIES_REPEAT10_TOTAL_US	50625
PASS	1
PASS: requested mounted-volume workload outputs are complete and data-checked
