FS_DEEP_COMPARE	15
DRIVE	DH1:
SMALL_CREATE_40_US	37566
SMALL_CREATE_40_BIO_READS	0
SMALL_CREATE_40_BIO_WRITES	40
SMALL_CREATE_40_BIO_UPDATES	0
SMALL_CREATE_40_DATA_READS	0
SMALL_CREATE_40_DATA_WRITES	40
SMALL_CREATE_40_NODE_WRITES	0
SMALL_CREATE_40_TXN_COMMITS	0
SMALL_CREATE_40_FREESPACE_ALLOCS	40
SMALL_CREATE_40_EXTENT_MAPS	40
SMALL_CREATE_40_READ_TICKS	0
SMALL_CREATE_40_WRITE_TICKS	2580
SMALL_CREATE_40_UPDATE_TICKS	0
SMALL_CREATE_40_DATA_READ_TICKS	0
SMALL_CREATE_40_DATA_WRITE_TICKS	2580
SMALL_CREATE_40_FREE_TREE_NODE_WRITES	0
SMALL_CREATE_40_FREE_TREE_ALLOCATION_BODY_NODE_WRITES	0
SMALL_CREATE_40_FREE_TREE_RESERVE_REFILL_NODE_WRITES	0
SMALL_CREATE_40_FREE_TREE_RESERVE_RETURN_NODE_WRITES	0
SMALL_CREATE_40_FREE_TREE_POST_PUBLISH_PENDING_RECLAIM_NODE_WRITES	0
SMALL_CREATE_40_FREE_TREE_OTHER_NODE_WRITES	0
SMALL_CREATE_40_DIR_TREE_NODE_WRITES	0
SMALL_CREATE_40_INODE_TREE_NODE_WRITES	0
SMALL_CREATE_40_REFCOUNT_TREE_NODE_WRITES	0
SMALL_CREATE_40_OTHER_TREE_NODE_WRITES	0
SMALL_CREATE_40_NODE_CRC_READ_CALLS	0
SMALL_CREATE_40_NODE_CRC_READ_SAMPLES	0
SMALL_CREATE_40_NODE_CRC_READ_SAMPLE_TICKS	0
SMALL_CREATE_40_NODE_CRC_WRITE_CALLS	0
SMALL_CREATE_40_NODE_CRC_WRITE_SAMPLES	0
SMALL_CREATE_40_NODE_CRC_WRITE_SAMPLE_TICKS	0
SMALL_CREATE_40_CLOCK_PAIR_TICKS	0
SMALL_CREATE_40_FREE_TREE_RESERVE_RETURN_CALLS	0
SMALL_CREATE_40_FREE_TREE_RESERVE_RETURN_RUNS	0
SMALL_CREATE_40_FREE_TREE_RESERVE_RETURN_BLOCKS	0
SMALL_CREATE_40_FREE_TREE_RESERVE_RETURN_RUNS_1_BLOCK	0
SMALL_CREATE_40_FREE_TREE_RESERVE_RETURN_RUNS_2_3_BLOCKS	0
SMALL_CREATE_40_FREE_TREE_RESERVE_RETURN_RUNS_4_7_BLOCKS	0
SMALL_CREATE_40_FREE_TREE_RESERVE_RETURN_RUNS_8_PLUS_BLOCKS	0
SMALL_CREATE_40_FREE_TREE_RESERVE_RETURN_MAX_RUN_BLOCKS	0
SMALL_CREATE_40_FREE_TREE_RESERVE_RETURN_MAX_NODE_WRITES_PER_RUN	0
SMALL_CREATE_40_POST_PUBLISH_RECLAIM_PASSES	0
SMALL_CREATE_40_MAX_POST_PUBLISH_RECLAIM_PASSES_PER_COMMIT	0
SMALL_CREATE_40_SUPERBLOCK_PUBLICATIONS	0
SMALL_CREATE_40_FREE_TREE_RESERVE_RETURN_RUN_NODE_WRITES	0
SMALL_CREATE_40_FREE_TREE_RESERVE_RETURN_BATCH_CALLS	0
SMALL_CREATE_40_FREE_TREE_RESERVE_RETURN_BATCH_BLOCKS	0
SMALL_CREATE_40_FREE_TREE_RESERVE_RETURN_BATCH_NODE_WRITES	0
SMALL_CREATE_40_FREE_TREE_RESERVE_RETURN_SKIP_SHAPE	0
SMALL_CREATE_40_FREE_TREE_RESERVE_RETURN_SKIP_SMALL	0
SMALL_CREATE_40_FREE_TREE_RESERVE_RETURN_SKIP_EMERGENCY	0
SMALL_CREATE_40_FREE_TREE_RESERVE_RETURN_SKIP_CAPACITY	0
SMALL_CREATE_40_SEALED_COMMITS	0
SMALL_CREATE_40_SEALED_METADATA_FENCES	0
SMALL_CREATE_40_BTREE_MALLOC_CALLS	0
SMALL_CREATE_40_BTREE_MALLOC_SAMPLES	0
SMALL_CREATE_40_BTREE_MALLOC_SAMPLE_TICKS	0
SMALL_CREATE_40_BTREE_FREE_CALLS	80
SMALL_CREATE_40_BTREE_FREE_SAMPLES	80
SMALL_CREATE_40_BTREE_FREE_SAMPLE_TICKS	107
SMALL_CREATE_40_IFACE_ALLOC_CALLS	0
SMALL_CREATE_40_IFACE_ALLOC_SAMPLES	0
SMALL_CREATE_40_IFACE_ALLOC_SAMPLE_TICKS	0
SMALL_CREATE_40_FREESPACE_ALLOC_SAMPLES	40
SMALL_CREATE_40_FREESPACE_ALLOC_SAMPLE_TICKS	1910
SMALL_CREATE_40_PACKET_CALLS	120
SMALL_CREATE_40_PACKET_SAMPLES	120
SMALL_CREATE_40_PACKET_SAMPLE_TICKS	22814
SMALL_CREATE_40_PACKET_OPEN_CALLS	40
SMALL_CREATE_40_PACKET_OPEN_SAMPLES	40
SMALL_CREATE_40_PACKET_OPEN_SAMPLE_TICKS	13613
SMALL_CREATE_40_PACKET_READ_CALLS	0
SMALL_CREATE_40_PACKET_READ_SAMPLES	0
SMALL_CREATE_40_PACKET_READ_SAMPLE_TICKS	0
SMALL_CREATE_40_PACKET_WRITE_CALLS	40
SMALL_CREATE_40_PACKET_WRITE_SAMPLES	40
SMALL_CREATE_40_PACKET_WRITE_SAMPLE_TICKS	8932
SMALL_CREATE_40_PACKET_END_CALLS	40
SMALL_CREATE_40_PACKET_END_SAMPLES	40
SMALL_CREATE_40_PACKET_END_SAMPLE_TICKS	269
SMALL_CREATE_40_PACKET_DELETE_CALLS	0
SMALL_CREATE_40_PACKET_DELETE_SAMPLES	0
SMALL_CREATE_40_PACKET_DELETE_SAMPLE_TICKS	0
SMALL_CREATE_40_PACKET_FLUSH_CALLS	0
SMALL_CREATE_40_PACKET_FLUSH_SAMPLES	0
SMALL_CREATE_40_PACKET_FLUSH_SAMPLE_TICKS	0
SMALL_CREATE_40_PACKET_OTHER_CALLS	0
SMALL_CREATE_40_PACKET_OTHER_SAMPLES	0
SMALL_CREATE_40_PACKET_OTHER_SAMPLE_TICKS	0
SMALL_CREATE_40_CORE_CREATE_CALLS	40
SMALL_CREATE_40_CORE_CREATE_SAMPLES	40
SMALL_CREATE_40_CORE_CREATE_SAMPLE_TICKS	7403
SMALL_CREATE_40_CORE_DELETE_CALLS	0
SMALL_CREATE_40_CORE_DELETE_SAMPLES	0
SMALL_CREATE_40_CORE_DELETE_SAMPLE_TICKS	0
SMALL_CREATE_40_CORE_FILE_WRITE_CALLS	40
SMALL_CREATE_40_CORE_FILE_WRITE_SAMPLES	40
SMALL_CREATE_40_CORE_FILE_WRITE_SAMPLE_TICKS	8494
SMALL_CREATE_40_CORE_SYNC_CALLS	0
SMALL_CREATE_40_CORE_SYNC_SAMPLES	0
SMALL_CREATE_40_CORE_SYNC_SAMPLE_TICKS	0
SMALL_CREATE_40_IFACE_FREE_CALLS	0
SMALL_CREATE_40_IFACE_FREE_SAMPLES	0
SMALL_CREATE_40_IFACE_FREE_SAMPLE_TICKS	0
SMALL_CREATE_40_SEAL_COMMIT_CALLS	0
SMALL_CREATE_40_SEAL_COMMIT_SAMPLES	0
SMALL_CREATE_40_SEAL_COMMIT_SAMPLE_TICKS	0
SMALL_CREATE_40_INODE_READ_CALLS	160
SMALL_CREATE_40_BTREE_SEARCH_CALLS	240
SMALL_CREATE_40_BTREE_INDEX_HINT_HITS	80
SMALL_CREATE_40_BTREE_LEAF_HINT_HITS	0
SMALL_CREATE_40_CACHE_READ_CALLS	0
SMALL_CREATE_40_CACHE_READ_HITS	0
SMALL_CREATE_40_CACHE_READ_MISSES	0
SMALL_CREATE_40_FREE_TREE_NODE_VIEWS	40
SMALL_CREATE_40_FREE_TREE_RESIDENT_VIEWS	40
SMALL_CREATE_40_DIR_TREE_NODE_VIEWS	160
SMALL_CREATE_40_DIR_TREE_RESIDENT_VIEWS	160
SMALL_CREATE_40_INODE_TREE_NODE_VIEWS	80
SMALL_CREATE_40_INODE_TREE_RESIDENT_VIEWS	80
SMALL_CREATE_40_REFCOUNT_TREE_NODE_VIEWS	0
SMALL_CREATE_40_REFCOUNT_TREE_RESIDENT_VIEWS	0
SMALL_CREATE_40_OTHER_TREE_NODE_VIEWS	0
SMALL_CREATE_40_OTHER_TREE_RESIDENT_VIEWS	0
SMALL_CREATE_40_DIR_TREE_LEAF_NODE_VIEWS	160
SMALL_CREATE_40_DIR_TREE_LEAF_RESIDENT_VIEWS	160
SMALL_CREATE_40_DIR_TREE_INTERNAL_NODE_VIEWS	0
SMALL_CREATE_40_DIR_TREE_INTERNAL_RESIDENT_VIEWS	0
SMALL_CREATE_40_INODE_TREE_LEAF_NODE_VIEWS	80
SMALL_CREATE_40_INODE_TREE_LEAF_RESIDENT_VIEWS	80
SMALL_CREATE_40_INODE_TREE_INTERNAL_NODE_VIEWS	0
SMALL_CREATE_40_INODE_TREE_INTERNAL_RESIDENT_VIEWS	0
SMALL_CREATE_40_DETAIL_INODE_READ_CALLS	160
SMALL_CREATE_40_DETAIL_INODE_READ_SAMPLES	9
SMALL_CREATE_40_DETAIL_INODE_READ_SAMPLE_TICKS	229
SMALL_CREATE_40_DETAIL_INODE_VALIDATE_CALLS	240
SMALL_CREATE_40_DETAIL_INODE_VALIDATE_SAMPLES	14
SMALL_CREATE_40_DETAIL_INODE_VALIDATE_SAMPLE_TICKS	36
SMALL_CREATE_40_DETAIL_INODE_SEARCH_CALLS	160
SMALL_CREATE_40_DETAIL_INODE_SEARCH_SAMPLES	9
SMALL_CREATE_40_DETAIL_INODE_SEARCH_SAMPLE_TICKS	161
SMALL_CREATE_40_DETAIL_INODE_NODE_VIEW_CALLS	80
SMALL_CREATE_40_DETAIL_INODE_NODE_VIEW_SAMPLES	4
SMALL_CREATE_40_DETAIL_INODE_NODE_VIEW_SAMPLE_TICKS	91
SMALL_CREATE_40_DETAIL_DIR_NODE_VIEW_CALLS	160
SMALL_CREATE_40_DETAIL_DIR_NODE_VIEW_SAMPLES	9
SMALL_CREATE_40_DETAIL_DIR_NODE_VIEW_SAMPLE_TICKS	45
SMALL_CREATE_40_DETAIL_INODE_BINARY_SEARCH_CALLS	200
SMALL_CREATE_40_DETAIL_INODE_BINARY_SEARCH_SAMPLES	11
SMALL_CREATE_40_DETAIL_INODE_BINARY_SEARCH_SAMPLE_TICKS	1
SMALL_CREATE_40_DETAIL_DIR_BINARY_SEARCH_CALLS	240
SMALL_CREATE_40_DETAIL_DIR_BINARY_SEARCH_SAMPLES	14
SMALL_CREATE_40_DETAIL_DIR_BINARY_SEARCH_SAMPLE_TICKS	137
SMALL_CREATE_40_DETAIL_NODE_STRUCTURE_CALLS	0
SMALL_CREATE_40_DETAIL_NODE_STRUCTURE_SAMPLES	0
SMALL_CREATE_40_DETAIL_NODE_STRUCTURE_SAMPLE_TICKS	0
SMALL_CREATE_40_DETAIL_CACHE_PEEK_CALLS	400
SMALL_CREATE_40_DETAIL_CACHE_PEEK_SAMPLES	23
SMALL_CREATE_40_DETAIL_CACHE_PEEK_SAMPLE_TICKS	137
SMALL_CREATE_40_DETAIL_BUFFER_ALLOC_CALLS	280
SMALL_CREATE_40_DETAIL_BUFFER_ALLOC_SAMPLES	16
SMALL_CREATE_40_DETAIL_BUFFER_ALLOC_SAMPLE_TICKS	6
SMALL_CREATE_40_DETAIL_BUFFER_FREE_CALLS	280
SMALL_CREATE_40_DETAIL_BUFFER_FREE_SAMPLES	16
SMALL_CREATE_40_DETAIL_BUFFER_FREE_SAMPLE_TICKS	9
SMALL_CREATE_40_DETAIL_EXALL_FILL_CALLS	0
SMALL_CREATE_40_DETAIL_EXALL_FILL_SAMPLES	0
SMALL_CREATE_40_DETAIL_EXALL_FILL_SAMPLE_TICKS	0
SMALL_CREATE_40_DEFERRED_NODE_WRITES	0
LOOKUP_400_US	75583
LOOKUP_400_BIO_READS	0
LOOKUP_400_BIO_WRITES	0
LOOKUP_400_BIO_UPDATES	0
LOOKUP_400_DATA_READS	0
LOOKUP_400_DATA_WRITES	0
LOOKUP_400_NODE_WRITES	0
LOOKUP_400_TXN_COMMITS	0
LOOKUP_400_FREESPACE_ALLOCS	0
LOOKUP_400_EXTENT_MAPS	0
LOOKUP_400_READ_TICKS	0
LOOKUP_400_WRITE_TICKS	0
LOOKUP_400_UPDATE_TICKS	0
LOOKUP_400_DATA_READ_TICKS	0
LOOKUP_400_DATA_WRITE_TICKS	0
LOOKUP_400_FREE_TREE_NODE_WRITES	0
LOOKUP_400_FREE_TREE_ALLOCATION_BODY_NODE_WRITES	0
LOOKUP_400_FREE_TREE_RESERVE_REFILL_NODE_WRITES	0
LOOKUP_400_FREE_TREE_RESERVE_RETURN_NODE_WRITES	0
LOOKUP_400_FREE_TREE_POST_PUBLISH_PENDING_RECLAIM_NODE_WRITES	0
LOOKUP_400_FREE_TREE_OTHER_NODE_WRITES	0
LOOKUP_400_DIR_TREE_NODE_WRITES	0
LOOKUP_400_INODE_TREE_NODE_WRITES	0
LOOKUP_400_REFCOUNT_TREE_NODE_WRITES	0
LOOKUP_400_OTHER_TREE_NODE_WRITES	0
LOOKUP_400_NODE_CRC_READ_CALLS	0
LOOKUP_400_NODE_CRC_READ_SAMPLES	0
LOOKUP_400_NODE_CRC_READ_SAMPLE_TICKS	0
LOOKUP_400_NODE_CRC_WRITE_CALLS	0
LOOKUP_400_NODE_CRC_WRITE_SAMPLES	0
LOOKUP_400_NODE_CRC_WRITE_SAMPLE_TICKS	0
LOOKUP_400_CLOCK_PAIR_TICKS	0
LOOKUP_400_FREE_TREE_RESERVE_RETURN_CALLS	0
LOOKUP_400_FREE_TREE_RESERVE_RETURN_RUNS	0
LOOKUP_400_FREE_TREE_RESERVE_RETURN_BLOCKS	0
LOOKUP_400_FREE_TREE_RESERVE_RETURN_RUNS_1_BLOCK	0
LOOKUP_400_FREE_TREE_RESERVE_RETURN_RUNS_2_3_BLOCKS	0
LOOKUP_400_FREE_TREE_RESERVE_RETURN_RUNS_4_7_BLOCKS	0
LOOKUP_400_FREE_TREE_RESERVE_RETURN_RUNS_8_PLUS_BLOCKS	0
LOOKUP_400_FREE_TREE_RESERVE_RETURN_MAX_RUN_BLOCKS	0
LOOKUP_400_FREE_TREE_RESERVE_RETURN_MAX_NODE_WRITES_PER_RUN	0
LOOKUP_400_POST_PUBLISH_RECLAIM_PASSES	0
LOOKUP_400_MAX_POST_PUBLISH_RECLAIM_PASSES_PER_COMMIT	0
LOOKUP_400_SUPERBLOCK_PUBLICATIONS	0
LOOKUP_400_FREE_TREE_RESERVE_RETURN_RUN_NODE_WRITES	0
LOOKUP_400_FREE_TREE_RESERVE_RETURN_BATCH_CALLS	0
LOOKUP_400_FREE_TREE_RESERVE_RETURN_BATCH_BLOCKS	0
LOOKUP_400_FREE_TREE_RESERVE_RETURN_BATCH_NODE_WRITES	0
LOOKUP_400_FREE_TREE_RESERVE_RETURN_SKIP_SHAPE	0
LOOKUP_400_FREE_TREE_RESERVE_RETURN_SKIP_SMALL	0
LOOKUP_400_FREE_TREE_RESERVE_RETURN_SKIP_EMERGENCY	0
LOOKUP_400_FREE_TREE_RESERVE_RETURN_SKIP_CAPACITY	0
LOOKUP_400_SEALED_COMMITS	0
LOOKUP_400_SEALED_METADATA_FENCES	0
LOOKUP_400_BTREE_MALLOC_CALLS	0
LOOKUP_400_BTREE_MALLOC_SAMPLES	0
LOOKUP_400_BTREE_MALLOC_SAMPLE_TICKS	0
LOOKUP_400_BTREE_FREE_CALLS	0
LOOKUP_400_BTREE_FREE_SAMPLES	0
LOOKUP_400_BTREE_FREE_SAMPLE_TICKS	0
LOOKUP_400_IFACE_ALLOC_CALLS	0
LOOKUP_400_IFACE_ALLOC_SAMPLES	0
LOOKUP_400_IFACE_ALLOC_SAMPLE_TICKS	0
LOOKUP_400_FREESPACE_ALLOC_SAMPLES	0
LOOKUP_400_FREESPACE_ALLOC_SAMPLE_TICKS	0
LOOKUP_400_PACKET_CALLS	800
LOOKUP_400_PACKET_SAMPLES	800
LOOKUP_400_PACKET_SAMPLE_TICKS	26301
LOOKUP_400_PACKET_OPEN_CALLS	0
LOOKUP_400_PACKET_OPEN_SAMPLES	0
LOOKUP_400_PACKET_OPEN_SAMPLE_TICKS	0
LOOKUP_400_PACKET_READ_CALLS	0
LOOKUP_400_PACKET_READ_SAMPLES	0
LOOKUP_400_PACKET_READ_SAMPLE_TICKS	0
LOOKUP_400_PACKET_WRITE_CALLS	0
LOOKUP_400_PACKET_WRITE_SAMPLES	0
LOOKUP_400_PACKET_WRITE_SAMPLE_TICKS	0
LOOKUP_400_PACKET_END_CALLS	0
LOOKUP_400_PACKET_END_SAMPLES	0
LOOKUP_400_PACKET_END_SAMPLE_TICKS	0
LOOKUP_400_PACKET_DELETE_CALLS	0
LOOKUP_400_PACKET_DELETE_SAMPLES	0
LOOKUP_400_PACKET_DELETE_SAMPLE_TICKS	0
LOOKUP_400_PACKET_FLUSH_CALLS	0
LOOKUP_400_PACKET_FLUSH_SAMPLES	0
LOOKUP_400_PACKET_FLUSH_SAMPLE_TICKS	0
LOOKUP_400_PACKET_OTHER_CALLS	800
LOOKUP_400_PACKET_OTHER_SAMPLES	800
LOOKUP_400_PACKET_OTHER_SAMPLE_TICKS	26301
LOOKUP_400_CORE_CREATE_CALLS	0
LOOKUP_400_CORE_CREATE_SAMPLES	0
LOOKUP_400_CORE_CREATE_SAMPLE_TICKS	0
LOOKUP_400_CORE_DELETE_CALLS	0
LOOKUP_400_CORE_DELETE_SAMPLES	0
LOOKUP_400_CORE_DELETE_SAMPLE_TICKS	0
LOOKUP_400_CORE_FILE_WRITE_CALLS	0
LOOKUP_400_CORE_FILE_WRITE_SAMPLES	0
LOOKUP_400_CORE_FILE_WRITE_SAMPLE_TICKS	0
LOOKUP_400_CORE_SYNC_CALLS	0
LOOKUP_400_CORE_SYNC_SAMPLES	0
LOOKUP_400_CORE_SYNC_SAMPLE_TICKS	0
LOOKUP_400_IFACE_FREE_CALLS	0
LOOKUP_400_IFACE_FREE_SAMPLES	0
LOOKUP_400_IFACE_FREE_SAMPLE_TICKS	0
LOOKUP_400_SEAL_COMMIT_CALLS	0
LOOKUP_400_SEAL_COMMIT_SAMPLES	0
LOOKUP_400_SEAL_COMMIT_SAMPLE_TICKS	0
LOOKUP_400_INODE_READ_CALLS	0
LOOKUP_400_BTREE_SEARCH_CALLS	800
LOOKUP_400_BTREE_INDEX_HINT_HITS	0
LOOKUP_400_BTREE_LEAF_HINT_HITS	799
LOOKUP_400_CACHE_READ_CALLS	0
LOOKUP_400_CACHE_READ_HITS	0
LOOKUP_400_CACHE_READ_MISSES	0
LOOKUP_400_FREE_TREE_NODE_VIEWS	0
LOOKUP_400_FREE_TREE_RESIDENT_VIEWS	0
LOOKUP_400_DIR_TREE_NODE_VIEWS	1
LOOKUP_400_DIR_TREE_RESIDENT_VIEWS	1
LOOKUP_400_INODE_TREE_NODE_VIEWS	0
LOOKUP_400_INODE_TREE_RESIDENT_VIEWS	0
LOOKUP_400_REFCOUNT_TREE_NODE_VIEWS	0
LOOKUP_400_REFCOUNT_TREE_RESIDENT_VIEWS	0
LOOKUP_400_OTHER_TREE_NODE_VIEWS	0
LOOKUP_400_OTHER_TREE_RESIDENT_VIEWS	0
LOOKUP_400_DIR_TREE_LEAF_NODE_VIEWS	1
LOOKUP_400_DIR_TREE_LEAF_RESIDENT_VIEWS	1
LOOKUP_400_DIR_TREE_INTERNAL_NODE_VIEWS	0
LOOKUP_400_DIR_TREE_INTERNAL_RESIDENT_VIEWS	0
LOOKUP_400_INODE_TREE_LEAF_NODE_VIEWS	0
LOOKUP_400_INODE_TREE_LEAF_RESIDENT_VIEWS	0
LOOKUP_400_INODE_TREE_INTERNAL_NODE_VIEWS	0
LOOKUP_400_INODE_TREE_INTERNAL_RESIDENT_VIEWS	0
LOOKUP_400_DETAIL_INODE_READ_CALLS	0
LOOKUP_400_DETAIL_INODE_READ_SAMPLES	0
LOOKUP_400_DETAIL_INODE_READ_SAMPLE_TICKS	0
LOOKUP_400_DETAIL_INODE_VALIDATE_CALLS	0
LOOKUP_400_DETAIL_INODE_VALIDATE_SAMPLES	0
LOOKUP_400_DETAIL_INODE_VALIDATE_SAMPLE_TICKS	0
LOOKUP_400_DETAIL_INODE_SEARCH_CALLS	0
LOOKUP_400_DETAIL_INODE_SEARCH_SAMPLES	0
LOOKUP_400_DETAIL_INODE_SEARCH_SAMPLE_TICKS	0
LOOKUP_400_DETAIL_INODE_NODE_VIEW_CALLS	0
LOOKUP_400_DETAIL_INODE_NODE_VIEW_SAMPLES	0
LOOKUP_400_DETAIL_INODE_NODE_VIEW_SAMPLE_TICKS	0
LOOKUP_400_DETAIL_DIR_NODE_VIEW_CALLS	1
LOOKUP_400_DETAIL_DIR_NODE_VIEW_SAMPLES	0
LOOKUP_400_DETAIL_DIR_NODE_VIEW_SAMPLE_TICKS	0
LOOKUP_400_DETAIL_INODE_BINARY_SEARCH_CALLS	0
LOOKUP_400_DETAIL_INODE_BINARY_SEARCH_SAMPLES	0
LOOKUP_400_DETAIL_INODE_BINARY_SEARCH_SAMPLE_TICKS	0
LOOKUP_400_DETAIL_DIR_BINARY_SEARCH_CALLS	800
LOOKUP_400_DETAIL_DIR_BINARY_SEARCH_SAMPLES	47
LOOKUP_400_DETAIL_DIR_BINARY_SEARCH_SAMPLE_TICKS	344
LOOKUP_400_DETAIL_NODE_STRUCTURE_CALLS	0
LOOKUP_400_DETAIL_NODE_STRUCTURE_SAMPLES	0
LOOKUP_400_DETAIL_NODE_STRUCTURE_SAMPLE_TICKS	0
LOOKUP_400_DETAIL_CACHE_PEEK_CALLS	800
LOOKUP_400_DETAIL_CACHE_PEEK_SAMPLES	47
LOOKUP_400_DETAIL_CACHE_PEEK_SAMPLE_TICKS	182
LOOKUP_400_DETAIL_BUFFER_ALLOC_CALLS	1
LOOKUP_400_DETAIL_BUFFER_ALLOC_SAMPLES	0
LOOKUP_400_DETAIL_BUFFER_ALLOC_SAMPLE_TICKS	0
LOOKUP_400_DETAIL_BUFFER_FREE_CALLS	1
LOOKUP_400_DETAIL_BUFFER_FREE_SAMPLES	0
LOOKUP_400_DETAIL_BUFFER_FREE_SAMPLE_TICKS	0
LOOKUP_400_DETAIL_EXALL_FILL_CALLS	0
LOOKUP_400_DETAIL_EXALL_FILL_SAMPLES	0
LOOKUP_400_DETAIL_EXALL_FILL_SAMPLE_TICKS	0
LOOKUP_400_DEFERRED_NODE_WRITES	0
SMALL_READ_40_US	21312
SMALL_READ_40_BIO_READS	40
SMALL_READ_40_BIO_WRITES	0
SMALL_READ_40_BIO_UPDATES	0
SMALL_READ_40_DATA_READS	40
SMALL_READ_40_DATA_WRITES	0
SMALL_READ_40_NODE_WRITES	0
SMALL_READ_40_TXN_COMMITS	0
SMALL_READ_40_FREESPACE_ALLOCS	0
SMALL_READ_40_EXTENT_MAPS	0
SMALL_READ_40_READ_TICKS	995
SMALL_READ_40_WRITE_TICKS	0
SMALL_READ_40_UPDATE_TICKS	0
SMALL_READ_40_DATA_READ_TICKS	995
SMALL_READ_40_DATA_WRITE_TICKS	0
SMALL_READ_40_FREE_TREE_NODE_WRITES	0
SMALL_READ_40_FREE_TREE_ALLOCATION_BODY_NODE_WRITES	0
SMALL_READ_40_FREE_TREE_RESERVE_REFILL_NODE_WRITES	0
SMALL_READ_40_FREE_TREE_RESERVE_RETURN_NODE_WRITES	0
SMALL_READ_40_FREE_TREE_POST_PUBLISH_PENDING_RECLAIM_NODE_WRITES	0
SMALL_READ_40_FREE_TREE_OTHER_NODE_WRITES	0
SMALL_READ_40_DIR_TREE_NODE_WRITES	0
SMALL_READ_40_INODE_TREE_NODE_WRITES	0
SMALL_READ_40_REFCOUNT_TREE_NODE_WRITES	0
SMALL_READ_40_OTHER_TREE_NODE_WRITES	0
SMALL_READ_40_NODE_CRC_READ_CALLS	0
SMALL_READ_40_NODE_CRC_READ_SAMPLES	0
SMALL_READ_40_NODE_CRC_READ_SAMPLE_TICKS	0
SMALL_READ_40_NODE_CRC_WRITE_CALLS	0
SMALL_READ_40_NODE_CRC_WRITE_SAMPLES	0
SMALL_READ_40_NODE_CRC_WRITE_SAMPLE_TICKS	0
SMALL_READ_40_CLOCK_PAIR_TICKS	1
SMALL_READ_40_FREE_TREE_RESERVE_RETURN_CALLS	0
SMALL_READ_40_FREE_TREE_RESERVE_RETURN_RUNS	0
SMALL_READ_40_FREE_TREE_RESERVE_RETURN_BLOCKS	0
SMALL_READ_40_FREE_TREE_RESERVE_RETURN_RUNS_1_BLOCK	0
SMALL_READ_40_FREE_TREE_RESERVE_RETURN_RUNS_2_3_BLOCKS	0
SMALL_READ_40_FREE_TREE_RESERVE_RETURN_RUNS_4_7_BLOCKS	0
SMALL_READ_40_FREE_TREE_RESERVE_RETURN_RUNS_8_PLUS_BLOCKS	0
SMALL_READ_40_FREE_TREE_RESERVE_RETURN_MAX_RUN_BLOCKS	0
SMALL_READ_40_FREE_TREE_RESERVE_RETURN_MAX_NODE_WRITES_PER_RUN	0
SMALL_READ_40_POST_PUBLISH_RECLAIM_PASSES	0
SMALL_READ_40_MAX_POST_PUBLISH_RECLAIM_PASSES_PER_COMMIT	0
SMALL_READ_40_SUPERBLOCK_PUBLICATIONS	0
SMALL_READ_40_FREE_TREE_RESERVE_RETURN_RUN_NODE_WRITES	0
SMALL_READ_40_FREE_TREE_RESERVE_RETURN_BATCH_CALLS	0
SMALL_READ_40_FREE_TREE_RESERVE_RETURN_BATCH_BLOCKS	0
SMALL_READ_40_FREE_TREE_RESERVE_RETURN_BATCH_NODE_WRITES	0
SMALL_READ_40_FREE_TREE_RESERVE_RETURN_SKIP_SHAPE	0
SMALL_READ_40_FREE_TREE_RESERVE_RETURN_SKIP_SMALL	0
SMALL_READ_40_FREE_TREE_RESERVE_RETURN_SKIP_EMERGENCY	0
SMALL_READ_40_FREE_TREE_RESERVE_RETURN_SKIP_CAPACITY	0
SMALL_READ_40_SEALED_COMMITS	0
SMALL_READ_40_SEALED_METADATA_FENCES	0
SMALL_READ_40_BTREE_MALLOC_CALLS	0
SMALL_READ_40_BTREE_MALLOC_SAMPLES	0
SMALL_READ_40_BTREE_MALLOC_SAMPLE_TICKS	0
SMALL_READ_40_BTREE_FREE_CALLS	0
SMALL_READ_40_BTREE_FREE_SAMPLES	0
SMALL_READ_40_BTREE_FREE_SAMPLE_TICKS	0
SMALL_READ_40_IFACE_ALLOC_CALLS	0
SMALL_READ_40_IFACE_ALLOC_SAMPLES	0
SMALL_READ_40_IFACE_ALLOC_SAMPLE_TICKS	0
SMALL_READ_40_FREESPACE_ALLOC_SAMPLES	0
SMALL_READ_40_FREESPACE_ALLOC_SAMPLE_TICKS	0
SMALL_READ_40_PACKET_CALLS	160
SMALL_READ_40_PACKET_SAMPLES	160
SMALL_READ_40_PACKET_SAMPLE_TICKS	9528
SMALL_READ_40_PACKET_OPEN_CALLS	40
SMALL_READ_40_PACKET_OPEN_SAMPLES	40
SMALL_READ_40_PACKET_OPEN_SAMPLE_TICKS	3949
SMALL_READ_40_PACKET_READ_CALLS	80
SMALL_READ_40_PACKET_READ_SAMPLES	80
SMALL_READ_40_PACKET_READ_SAMPLE_TICKS	5355
SMALL_READ_40_PACKET_WRITE_CALLS	0
SMALL_READ_40_PACKET_WRITE_SAMPLES	0
SMALL_READ_40_PACKET_WRITE_SAMPLE_TICKS	0
SMALL_READ_40_PACKET_END_CALLS	40
SMALL_READ_40_PACKET_END_SAMPLES	40
SMALL_READ_40_PACKET_END_SAMPLE_TICKS	224
SMALL_READ_40_PACKET_DELETE_CALLS	0
SMALL_READ_40_PACKET_DELETE_SAMPLES	0
SMALL_READ_40_PACKET_DELETE_SAMPLE_TICKS	0
SMALL_READ_40_PACKET_FLUSH_CALLS	0
SMALL_READ_40_PACKET_FLUSH_SAMPLES	0
SMALL_READ_40_PACKET_FLUSH_SAMPLE_TICKS	0
SMALL_READ_40_PACKET_OTHER_CALLS	0
SMALL_READ_40_PACKET_OTHER_SAMPLES	0
SMALL_READ_40_PACKET_OTHER_SAMPLE_TICKS	0
SMALL_READ_40_CORE_CREATE_CALLS	0
SMALL_READ_40_CORE_CREATE_SAMPLES	0
SMALL_READ_40_CORE_CREATE_SAMPLE_TICKS	0
SMALL_READ_40_CORE_DELETE_CALLS	0
SMALL_READ_40_CORE_DELETE_SAMPLES	0
SMALL_READ_40_CORE_DELETE_SAMPLE_TICKS	0
SMALL_READ_40_CORE_FILE_WRITE_CALLS	0
SMALL_READ_40_CORE_FILE_WRITE_SAMPLES	0
SMALL_READ_40_CORE_FILE_WRITE_SAMPLE_TICKS	0
SMALL_READ_40_CORE_SYNC_CALLS	0
SMALL_READ_40_CORE_SYNC_SAMPLES	0
SMALL_READ_40_CORE_SYNC_SAMPLE_TICKS	0
SMALL_READ_40_IFACE_FREE_CALLS	0
SMALL_READ_40_IFACE_FREE_SAMPLES	0
SMALL_READ_40_IFACE_FREE_SAMPLE_TICKS	0
SMALL_READ_40_SEAL_COMMIT_CALLS	0
SMALL_READ_40_SEAL_COMMIT_SAMPLES	0
SMALL_READ_40_SEAL_COMMIT_SAMPLE_TICKS	0
SMALL_READ_40_INODE_READ_CALLS	240
SMALL_READ_40_BTREE_SEARCH_CALLS	320
SMALL_READ_40_BTREE_INDEX_HINT_HITS	200
SMALL_READ_40_BTREE_LEAF_HINT_HITS	119
SMALL_READ_40_CACHE_READ_CALLS	40
SMALL_READ_40_CACHE_READ_HITS	0
SMALL_READ_40_CACHE_READ_MISSES	40
SMALL_READ_40_FREE_TREE_NODE_VIEWS	0
SMALL_READ_40_FREE_TREE_RESIDENT_VIEWS	0
SMALL_READ_40_DIR_TREE_NODE_VIEWS	0
SMALL_READ_40_DIR_TREE_RESIDENT_VIEWS	0
SMALL_READ_40_INODE_TREE_NODE_VIEWS	1
SMALL_READ_40_INODE_TREE_RESIDENT_VIEWS	1
SMALL_READ_40_REFCOUNT_TREE_NODE_VIEWS	0
SMALL_READ_40_REFCOUNT_TREE_RESIDENT_VIEWS	0
SMALL_READ_40_OTHER_TREE_NODE_VIEWS	0
SMALL_READ_40_OTHER_TREE_RESIDENT_VIEWS	0
SMALL_READ_40_DIR_TREE_LEAF_NODE_VIEWS	0
SMALL_READ_40_DIR_TREE_LEAF_RESIDENT_VIEWS	0
SMALL_READ_40_DIR_TREE_INTERNAL_NODE_VIEWS	0
SMALL_READ_40_DIR_TREE_INTERNAL_RESIDENT_VIEWS	0
SMALL_READ_40_INODE_TREE_LEAF_NODE_VIEWS	1
SMALL_READ_40_INODE_TREE_LEAF_RESIDENT_VIEWS	1
SMALL_READ_40_INODE_TREE_INTERNAL_NODE_VIEWS	0
SMALL_READ_40_INODE_TREE_INTERNAL_RESIDENT_VIEWS	0
SMALL_READ_40_DETAIL_INODE_READ_CALLS	240
SMALL_READ_40_DETAIL_INODE_READ_SAMPLES	14
SMALL_READ_40_DETAIL_INODE_READ_SAMPLE_TICKS	348
SMALL_READ_40_DETAIL_INODE_VALIDATE_CALLS	240
SMALL_READ_40_DETAIL_INODE_VALIDATE_SAMPLES	14
SMALL_READ_40_DETAIL_INODE_VALIDATE_SAMPLE_TICKS	22
SMALL_READ_40_DETAIL_INODE_SEARCH_CALLS	240
SMALL_READ_40_DETAIL_INODE_SEARCH_SAMPLES	14
SMALL_READ_40_DETAIL_INODE_SEARCH_SAMPLE_TICKS	181
SMALL_READ_40_DETAIL_INODE_NODE_VIEW_CALLS	1
SMALL_READ_40_DETAIL_INODE_NODE_VIEW_SAMPLES	0
SMALL_READ_40_DETAIL_INODE_NODE_VIEW_SAMPLE_TICKS	0
SMALL_READ_40_DETAIL_DIR_NODE_VIEW_CALLS	0
SMALL_READ_40_DETAIL_DIR_NODE_VIEW_SAMPLES	0
SMALL_READ_40_DETAIL_DIR_NODE_VIEW_SAMPLE_TICKS	0
SMALL_READ_40_DETAIL_INODE_BINARY_SEARCH_CALLS	1
SMALL_READ_40_DETAIL_INODE_BINARY_SEARCH_SAMPLES	0
SMALL_READ_40_DETAIL_INODE_BINARY_SEARCH_SAMPLE_TICKS	0
SMALL_READ_40_DETAIL_DIR_BINARY_SEARCH_CALLS	80
SMALL_READ_40_DETAIL_DIR_BINARY_SEARCH_SAMPLES	4
SMALL_READ_40_DETAIL_DIR_BINARY_SEARCH_SAMPLE_TICKS	0
SMALL_READ_40_DETAIL_NODE_STRUCTURE_CALLS	0
SMALL_READ_40_DETAIL_NODE_STRUCTURE_SAMPLES	0
SMALL_READ_40_DETAIL_NODE_STRUCTURE_SAMPLE_TICKS	0
SMALL_READ_40_DETAIL_CACHE_PEEK_CALLS	320
SMALL_READ_40_DETAIL_CACHE_PEEK_SAMPLES	18
SMALL_READ_40_DETAIL_CACHE_PEEK_SAMPLE_TICKS	105
SMALL_READ_40_DETAIL_BUFFER_ALLOC_CALLS	1
SMALL_READ_40_DETAIL_BUFFER_ALLOC_SAMPLES	0
SMALL_READ_40_DETAIL_BUFFER_ALLOC_SAMPLE_TICKS	0
SMALL_READ_40_DETAIL_BUFFER_FREE_CALLS	1
SMALL_READ_40_DETAIL_BUFFER_FREE_SAMPLES	0
SMALL_READ_40_DETAIL_BUFFER_FREE_SAMPLE_TICKS	0
SMALL_READ_40_DETAIL_EXALL_FILL_CALLS	0
SMALL_READ_40_DETAIL_EXALL_FILL_SAMPLES	0
SMALL_READ_40_DETAIL_EXALL_FILL_SAMPLE_TICKS	0
SMALL_READ_40_DEFERRED_NODE_WRITES	0
SEQ_WRITE_8M_US	44928
SEQ_WRITE_8M_BIO_READS	0
SEQ_WRITE_8M_BIO_WRITES	128
SEQ_WRITE_8M_BIO_UPDATES	0
SEQ_WRITE_8M_DATA_READS	0
SEQ_WRITE_8M_DATA_WRITES	128
SEQ_WRITE_8M_NODE_WRITES	0
SEQ_WRITE_8M_TXN_COMMITS	0
SEQ_WRITE_8M_FREESPACE_ALLOCS	128
SEQ_WRITE_8M_EXTENT_MAPS	128
SEQ_WRITE_8M_READ_TICKS	0
SEQ_WRITE_8M_WRITE_TICKS	6650
SEQ_WRITE_8M_UPDATE_TICKS	0
SEQ_WRITE_8M_DATA_READ_TICKS	0
SEQ_WRITE_8M_DATA_WRITE_TICKS	6650
SEQ_WRITE_8M_FREE_TREE_NODE_WRITES	0
SEQ_WRITE_8M_FREE_TREE_ALLOCATION_BODY_NODE_WRITES	0
SEQ_WRITE_8M_FREE_TREE_RESERVE_REFILL_NODE_WRITES	0
SEQ_WRITE_8M_FREE_TREE_RESERVE_RETURN_NODE_WRITES	0
SEQ_WRITE_8M_FREE_TREE_POST_PUBLISH_PENDING_RECLAIM_NODE_WRITES	0
SEQ_WRITE_8M_FREE_TREE_OTHER_NODE_WRITES	0
SEQ_WRITE_8M_DIR_TREE_NODE_WRITES	0
SEQ_WRITE_8M_INODE_TREE_NODE_WRITES	0
SEQ_WRITE_8M_REFCOUNT_TREE_NODE_WRITES	0
SEQ_WRITE_8M_OTHER_TREE_NODE_WRITES	0
SEQ_WRITE_8M_NODE_CRC_READ_CALLS	0
SEQ_WRITE_8M_NODE_CRC_READ_SAMPLES	0
SEQ_WRITE_8M_NODE_CRC_READ_SAMPLE_TICKS	0
SEQ_WRITE_8M_NODE_CRC_WRITE_CALLS	0
SEQ_WRITE_8M_NODE_CRC_WRITE_SAMPLES	0
SEQ_WRITE_8M_NODE_CRC_WRITE_SAMPLE_TICKS	0
SEQ_WRITE_8M_CLOCK_PAIR_TICKS	0
SEQ_WRITE_8M_FREE_TREE_RESERVE_RETURN_CALLS	0
SEQ_WRITE_8M_FREE_TREE_RESERVE_RETURN_RUNS	0
SEQ_WRITE_8M_FREE_TREE_RESERVE_RETURN_BLOCKS	0
SEQ_WRITE_8M_FREE_TREE_RESERVE_RETURN_RUNS_1_BLOCK	0
SEQ_WRITE_8M_FREE_TREE_RESERVE_RETURN_RUNS_2_3_BLOCKS	0
SEQ_WRITE_8M_FREE_TREE_RESERVE_RETURN_RUNS_4_7_BLOCKS	0
SEQ_WRITE_8M_FREE_TREE_RESERVE_RETURN_RUNS_8_PLUS_BLOCKS	0
SEQ_WRITE_8M_FREE_TREE_RESERVE_RETURN_MAX_RUN_BLOCKS	0
SEQ_WRITE_8M_FREE_TREE_RESERVE_RETURN_MAX_NODE_WRITES_PER_RUN	0
SEQ_WRITE_8M_POST_PUBLISH_RECLAIM_PASSES	0
SEQ_WRITE_8M_MAX_POST_PUBLISH_RECLAIM_PASSES_PER_COMMIT	0
SEQ_WRITE_8M_SUPERBLOCK_PUBLICATIONS	0
SEQ_WRITE_8M_FREE_TREE_RESERVE_RETURN_RUN_NODE_WRITES	0
SEQ_WRITE_8M_FREE_TREE_RESERVE_RETURN_BATCH_CALLS	0
SEQ_WRITE_8M_FREE_TREE_RESERVE_RETURN_BATCH_BLOCKS	0
SEQ_WRITE_8M_FREE_TREE_RESERVE_RETURN_BATCH_NODE_WRITES	0
SEQ_WRITE_8M_FREE_TREE_RESERVE_RETURN_SKIP_SHAPE	0
SEQ_WRITE_8M_FREE_TREE_RESERVE_RETURN_SKIP_SMALL	0
SEQ_WRITE_8M_FREE_TREE_RESERVE_RETURN_SKIP_EMERGENCY	0
SEQ_WRITE_8M_FREE_TREE_RESERVE_RETURN_SKIP_CAPACITY	0
SEQ_WRITE_8M_SEALED_COMMITS	0
SEQ_WRITE_8M_SEALED_METADATA_FENCES	0
SEQ_WRITE_8M_BTREE_MALLOC_CALLS	0
SEQ_WRITE_8M_BTREE_MALLOC_SAMPLES	0
SEQ_WRITE_8M_BTREE_MALLOC_SAMPLE_TICKS	0
SEQ_WRITE_8M_BTREE_FREE_CALLS	2
SEQ_WRITE_8M_BTREE_FREE_SAMPLES	2
SEQ_WRITE_8M_BTREE_FREE_SAMPLE_TICKS	0
SEQ_WRITE_8M_IFACE_ALLOC_CALLS	0
SEQ_WRITE_8M_IFACE_ALLOC_SAMPLES	0
SEQ_WRITE_8M_IFACE_ALLOC_SAMPLE_TICKS	0
SEQ_WRITE_8M_FREESPACE_ALLOC_SAMPLES	128
SEQ_WRITE_8M_FREESPACE_ALLOC_SAMPLE_TICKS	5156
SEQ_WRITE_8M_PACKET_CALLS	130
SEQ_WRITE_8M_PACKET_SAMPLES	130
SEQ_WRITE_8M_PACKET_SAMPLE_TICKS	29516
SEQ_WRITE_8M_PACKET_OPEN_CALLS	1
SEQ_WRITE_8M_PACKET_OPEN_SAMPLES	1
SEQ_WRITE_8M_PACKET_OPEN_SAMPLE_TICKS	364
SEQ_WRITE_8M_PACKET_READ_CALLS	0
SEQ_WRITE_8M_PACKET_READ_SAMPLES	0
SEQ_WRITE_8M_PACKET_READ_SAMPLE_TICKS	0
SEQ_WRITE_8M_PACKET_WRITE_CALLS	128
SEQ_WRITE_8M_PACKET_WRITE_SAMPLES	128
SEQ_WRITE_8M_PACKET_WRITE_SAMPLE_TICKS	29152
SEQ_WRITE_8M_PACKET_END_CALLS	1
SEQ_WRITE_8M_PACKET_END_SAMPLES	1
SEQ_WRITE_8M_PACKET_END_SAMPLE_TICKS	0
SEQ_WRITE_8M_PACKET_DELETE_CALLS	0
SEQ_WRITE_8M_PACKET_DELETE_SAMPLES	0
SEQ_WRITE_8M_PACKET_DELETE_SAMPLE_TICKS	0
SEQ_WRITE_8M_PACKET_FLUSH_CALLS	0
SEQ_WRITE_8M_PACKET_FLUSH_SAMPLES	0
SEQ_WRITE_8M_PACKET_FLUSH_SAMPLE_TICKS	0
SEQ_WRITE_8M_PACKET_OTHER_CALLS	0
SEQ_WRITE_8M_PACKET_OTHER_SAMPLES	0
SEQ_WRITE_8M_PACKET_OTHER_SAMPLE_TICKS	0
SEQ_WRITE_8M_CORE_CREATE_CALLS	1
SEQ_WRITE_8M_CORE_CREATE_SAMPLES	1
SEQ_WRITE_8M_CORE_CREATE_SAMPLE_TICKS	227
SEQ_WRITE_8M_CORE_DELETE_CALLS	0
SEQ_WRITE_8M_CORE_DELETE_SAMPLES	0
SEQ_WRITE_8M_CORE_DELETE_SAMPLE_TICKS	0
SEQ_WRITE_8M_CORE_FILE_WRITE_CALLS	128
SEQ_WRITE_8M_CORE_FILE_WRITE_SAMPLES	128
SEQ_WRITE_8M_CORE_FILE_WRITE_SAMPLE_TICKS	27997
SEQ_WRITE_8M_CORE_SYNC_CALLS	0
SEQ_WRITE_8M_CORE_SYNC_SAMPLES	0
SEQ_WRITE_8M_CORE_SYNC_SAMPLE_TICKS	0
SEQ_WRITE_8M_IFACE_FREE_CALLS	0
SEQ_WRITE_8M_IFACE_FREE_SAMPLES	0
SEQ_WRITE_8M_IFACE_FREE_SAMPLE_TICKS	0
SEQ_WRITE_8M_SEAL_COMMIT_CALLS	0
SEQ_WRITE_8M_SEAL_COMMIT_SAMPLES	0
SEQ_WRITE_8M_SEAL_COMMIT_SAMPLE_TICKS	0
SEQ_WRITE_8M_INODE_READ_CALLS	131
SEQ_WRITE_8M_BTREE_SEARCH_CALLS	132
SEQ_WRITE_8M_BTREE_INDEX_HINT_HITS	2
SEQ_WRITE_8M_BTREE_LEAF_HINT_HITS	1
SEQ_WRITE_8M_CACHE_READ_CALLS	0
SEQ_WRITE_8M_CACHE_READ_HITS	0
SEQ_WRITE_8M_CACHE_READ_MISSES	0
SEQ_WRITE_8M_FREE_TREE_NODE_VIEWS	128
SEQ_WRITE_8M_FREE_TREE_RESIDENT_VIEWS	128
SEQ_WRITE_8M_DIR_TREE_NODE_VIEWS	3
SEQ_WRITE_8M_DIR_TREE_RESIDENT_VIEWS	3
SEQ_WRITE_8M_INODE_TREE_NODE_VIEWS	128
SEQ_WRITE_8M_INODE_TREE_RESIDENT_VIEWS	128
SEQ_WRITE_8M_REFCOUNT_TREE_NODE_VIEWS	0
SEQ_WRITE_8M_REFCOUNT_TREE_RESIDENT_VIEWS	0
SEQ_WRITE_8M_OTHER_TREE_NODE_VIEWS	0
SEQ_WRITE_8M_OTHER_TREE_RESIDENT_VIEWS	0
SEQ_WRITE_8M_DIR_TREE_LEAF_NODE_VIEWS	3
SEQ_WRITE_8M_DIR_TREE_LEAF_RESIDENT_VIEWS	3
SEQ_WRITE_8M_DIR_TREE_INTERNAL_NODE_VIEWS	0
SEQ_WRITE_8M_DIR_TREE_INTERNAL_RESIDENT_VIEWS	0
SEQ_WRITE_8M_INODE_TREE_LEAF_NODE_VIEWS	128
SEQ_WRITE_8M_INODE_TREE_LEAF_RESIDENT_VIEWS	128
SEQ_WRITE_8M_INODE_TREE_INTERNAL_NODE_VIEWS	0
SEQ_WRITE_8M_INODE_TREE_INTERNAL_RESIDENT_VIEWS	0
SEQ_WRITE_8M_DETAIL_INODE_READ_CALLS	131
SEQ_WRITE_8M_DETAIL_INODE_READ_SAMPLES	7
SEQ_WRITE_8M_DETAIL_INODE_READ_SAMPLE_TICKS	150
SEQ_WRITE_8M_DETAIL_INODE_VALIDATE_CALLS	260
SEQ_WRITE_8M_DETAIL_INODE_VALIDATE_SAMPLES	15
SEQ_WRITE_8M_DETAIL_INODE_VALIDATE_SAMPLE_TICKS	45
SEQ_WRITE_8M_DETAIL_INODE_SEARCH_CALLS	131
SEQ_WRITE_8M_DETAIL_INODE_SEARCH_SAMPLES	7
SEQ_WRITE_8M_DETAIL_INODE_SEARCH_SAMPLE_TICKS	135
SEQ_WRITE_8M_DETAIL_INODE_NODE_VIEW_CALLS	128
SEQ_WRITE_8M_DETAIL_INODE_NODE_VIEW_SAMPLES	7
SEQ_WRITE_8M_DETAIL_INODE_NODE_VIEW_SAMPLE_TICKS	2
SEQ_WRITE_8M_DETAIL_DIR_NODE_VIEW_CALLS	3
SEQ_WRITE_8M_DETAIL_DIR_NODE_VIEW_SAMPLES	0
SEQ_WRITE_8M_DETAIL_DIR_NODE_VIEW_SAMPLE_TICKS	0
SEQ_WRITE_8M_DETAIL_INODE_BINARY_SEARCH_CALLS	258
SEQ_WRITE_8M_DETAIL_INODE_BINARY_SEARCH_SAMPLES	15
SEQ_WRITE_8M_DETAIL_INODE_BINARY_SEARCH_SAMPLE_TICKS	91
SEQ_WRITE_8M_DETAIL_DIR_BINARY_SEARCH_CALLS	5
SEQ_WRITE_8M_DETAIL_DIR_BINARY_SEARCH_SAMPLES	0
SEQ_WRITE_8M_DETAIL_DIR_BINARY_SEARCH_SAMPLE_TICKS	0
SEQ_WRITE_8M_DETAIL_NODE_STRUCTURE_CALLS	0
SEQ_WRITE_8M_DETAIL_NODE_STRUCTURE_SAMPLES	0
SEQ_WRITE_8M_DETAIL_NODE_STRUCTURE_SAMPLE_TICKS	0
SEQ_WRITE_8M_DETAIL_CACHE_PEEK_CALLS	263
SEQ_WRITE_8M_DETAIL_CACHE_PEEK_SAMPLES	15
SEQ_WRITE_8M_DETAIL_CACHE_PEEK_SAMPLE_TICKS	47
SEQ_WRITE_8M_DETAIL_BUFFER_ALLOC_CALLS	259
SEQ_WRITE_8M_DETAIL_BUFFER_ALLOC_SAMPLES	15
SEQ_WRITE_8M_DETAIL_BUFFER_ALLOC_SAMPLE_TICKS	28
SEQ_WRITE_8M_DETAIL_BUFFER_FREE_CALLS	259
SEQ_WRITE_8M_DETAIL_BUFFER_FREE_SAMPLES	15
SEQ_WRITE_8M_DETAIL_BUFFER_FREE_SAMPLE_TICKS	0
SEQ_WRITE_8M_DETAIL_EXALL_FILL_CALLS	0
SEQ_WRITE_8M_DETAIL_EXALL_FILL_SAMPLES	0
SEQ_WRITE_8M_DETAIL_EXALL_FILL_SAMPLE_TICKS	0
SEQ_WRITE_8M_DEFERRED_NODE_WRITES	0
SEQ_READ_8M_US	275646
SEQ_READ_8M_BIO_READS	128
SEQ_READ_8M_BIO_WRITES	0
SEQ_READ_8M_BIO_UPDATES	0
SEQ_READ_8M_DATA_READS	128
SEQ_READ_8M_DATA_WRITES	0
SEQ_READ_8M_NODE_WRITES	0
SEQ_READ_8M_TXN_COMMITS	0
SEQ_READ_8M_FREESPACE_ALLOCS	0
SEQ_READ_8M_EXTENT_MAPS	0
SEQ_READ_8M_READ_TICKS	10497
SEQ_READ_8M_WRITE_TICKS	0
SEQ_READ_8M_UPDATE_TICKS	0
SEQ_READ_8M_DATA_READ_TICKS	10497
SEQ_READ_8M_DATA_WRITE_TICKS	0
SEQ_READ_8M_FREE_TREE_NODE_WRITES	0
SEQ_READ_8M_FREE_TREE_ALLOCATION_BODY_NODE_WRITES	0
SEQ_READ_8M_FREE_TREE_RESERVE_REFILL_NODE_WRITES	0
SEQ_READ_8M_FREE_TREE_RESERVE_RETURN_NODE_WRITES	0
SEQ_READ_8M_FREE_TREE_POST_PUBLISH_PENDING_RECLAIM_NODE_WRITES	0
SEQ_READ_8M_FREE_TREE_OTHER_NODE_WRITES	0
SEQ_READ_8M_DIR_TREE_NODE_WRITES	0
SEQ_READ_8M_INODE_TREE_NODE_WRITES	0
SEQ_READ_8M_REFCOUNT_TREE_NODE_WRITES	0
SEQ_READ_8M_OTHER_TREE_NODE_WRITES	0
SEQ_READ_8M_NODE_CRC_READ_CALLS	0
SEQ_READ_8M_NODE_CRC_READ_SAMPLES	0
SEQ_READ_8M_NODE_CRC_READ_SAMPLE_TICKS	0
SEQ_READ_8M_NODE_CRC_WRITE_CALLS	0
SEQ_READ_8M_NODE_CRC_WRITE_SAMPLES	0
SEQ_READ_8M_NODE_CRC_WRITE_SAMPLE_TICKS	0
SEQ_READ_8M_CLOCK_PAIR_TICKS	1
SEQ_READ_8M_FREE_TREE_RESERVE_RETURN_CALLS	0
SEQ_READ_8M_FREE_TREE_RESERVE_RETURN_RUNS	0
SEQ_READ_8M_FREE_TREE_RESERVE_RETURN_BLOCKS	0
SEQ_READ_8M_FREE_TREE_RESERVE_RETURN_RUNS_1_BLOCK	0
SEQ_READ_8M_FREE_TREE_RESERVE_RETURN_RUNS_2_3_BLOCKS	0
SEQ_READ_8M_FREE_TREE_RESERVE_RETURN_RUNS_4_7_BLOCKS	0
SEQ_READ_8M_FREE_TREE_RESERVE_RETURN_RUNS_8_PLUS_BLOCKS	0
SEQ_READ_8M_FREE_TREE_RESERVE_RETURN_MAX_RUN_BLOCKS	0
SEQ_READ_8M_FREE_TREE_RESERVE_RETURN_MAX_NODE_WRITES_PER_RUN	0
SEQ_READ_8M_POST_PUBLISH_RECLAIM_PASSES	0
SEQ_READ_8M_MAX_POST_PUBLISH_RECLAIM_PASSES_PER_COMMIT	0
SEQ_READ_8M_SUPERBLOCK_PUBLICATIONS	0
SEQ_READ_8M_FREE_TREE_RESERVE_RETURN_RUN_NODE_WRITES	0
SEQ_READ_8M_FREE_TREE_RESERVE_RETURN_BATCH_CALLS	0
SEQ_READ_8M_FREE_TREE_RESERVE_RETURN_BATCH_BLOCKS	0
SEQ_READ_8M_FREE_TREE_RESERVE_RETURN_BATCH_NODE_WRITES	0
SEQ_READ_8M_FREE_TREE_RESERVE_RETURN_SKIP_SHAPE	0
SEQ_READ_8M_FREE_TREE_RESERVE_RETURN_SKIP_SMALL	0
SEQ_READ_8M_FREE_TREE_RESERVE_RETURN_SKIP_EMERGENCY	0
SEQ_READ_8M_FREE_TREE_RESERVE_RETURN_SKIP_CAPACITY	0
SEQ_READ_8M_SEALED_COMMITS	0
SEQ_READ_8M_SEALED_METADATA_FENCES	0
SEQ_READ_8M_BTREE_MALLOC_CALLS	0
SEQ_READ_8M_BTREE_MALLOC_SAMPLES	0
SEQ_READ_8M_BTREE_MALLOC_SAMPLE_TICKS	0
SEQ_READ_8M_BTREE_FREE_CALLS	0
SEQ_READ_8M_BTREE_FREE_SAMPLES	0
SEQ_READ_8M_BTREE_FREE_SAMPLE_TICKS	0
SEQ_READ_8M_IFACE_ALLOC_CALLS	0
SEQ_READ_8M_IFACE_ALLOC_SAMPLES	0
SEQ_READ_8M_IFACE_ALLOC_SAMPLE_TICKS	0
SEQ_READ_8M_FREESPACE_ALLOC_SAMPLES	0
SEQ_READ_8M_FREESPACE_ALLOC_SAMPLE_TICKS	0
SEQ_READ_8M_PACKET_CALLS	131
SEQ_READ_8M_PACKET_SAMPLES	131
SEQ_READ_8M_PACKET_SAMPLE_TICKS	18454
SEQ_READ_8M_PACKET_OPEN_CALLS	1
SEQ_READ_8M_PACKET_OPEN_SAMPLES	1
SEQ_READ_8M_PACKET_OPEN_SAMPLE_TICKS	137
SEQ_READ_8M_PACKET_READ_CALLS	129
SEQ_READ_8M_PACKET_READ_SAMPLES	129
SEQ_READ_8M_PACKET_READ_SAMPLE_TICKS	18316
SEQ_READ_8M_PACKET_WRITE_CALLS	0
SEQ_READ_8M_PACKET_WRITE_SAMPLES	0
SEQ_READ_8M_PACKET_WRITE_SAMPLE_TICKS	0
SEQ_READ_8M_PACKET_END_CALLS	1
SEQ_READ_8M_PACKET_END_SAMPLES	1
SEQ_READ_8M_PACKET_END_SAMPLE_TICKS	1
SEQ_READ_8M_PACKET_DELETE_CALLS	0
SEQ_READ_8M_PACKET_DELETE_SAMPLES	0
SEQ_READ_8M_PACKET_DELETE_SAMPLE_TICKS	0
SEQ_READ_8M_PACKET_FLUSH_CALLS	0
SEQ_READ_8M_PACKET_FLUSH_SAMPLES	0
SEQ_READ_8M_PACKET_FLUSH_SAMPLE_TICKS	0
SEQ_READ_8M_PACKET_OTHER_CALLS	0
SEQ_READ_8M_PACKET_OTHER_SAMPLES	0
SEQ_READ_8M_PACKET_OTHER_SAMPLE_TICKS	0
SEQ_READ_8M_CORE_CREATE_CALLS	0
SEQ_READ_8M_CORE_CREATE_SAMPLES	0
SEQ_READ_8M_CORE_CREATE_SAMPLE_TICKS	0
SEQ_READ_8M_CORE_DELETE_CALLS	0
SEQ_READ_8M_CORE_DELETE_SAMPLES	0
SEQ_READ_8M_CORE_DELETE_SAMPLE_TICKS	0
SEQ_READ_8M_CORE_FILE_WRITE_CALLS	0
SEQ_READ_8M_CORE_FILE_WRITE_SAMPLES	0
SEQ_READ_8M_CORE_FILE_WRITE_SAMPLE_TICKS	0
SEQ_READ_8M_CORE_SYNC_CALLS	0
SEQ_READ_8M_CORE_SYNC_SAMPLES	0
SEQ_READ_8M_CORE_SYNC_SAMPLE_TICKS	0
SEQ_READ_8M_IFACE_FREE_CALLS	0
SEQ_READ_8M_IFACE_FREE_SAMPLES	0
SEQ_READ_8M_IFACE_FREE_SAMPLE_TICKS	0
SEQ_READ_8M_SEAL_COMMIT_CALLS	0
SEQ_READ_8M_SEAL_COMMIT_SAMPLES	0
SEQ_READ_8M_SEAL_COMMIT_SAMPLE_TICKS	0
SEQ_READ_8M_INODE_READ_CALLS	260
SEQ_READ_8M_BTREE_SEARCH_CALLS	261
SEQ_READ_8M_BTREE_INDEX_HINT_HITS	259
SEQ_READ_8M_BTREE_LEAF_HINT_HITS	0
SEQ_READ_8M_CACHE_READ_CALLS	0
SEQ_READ_8M_CACHE_READ_HITS	0
SEQ_READ_8M_CACHE_READ_MISSES	0
SEQ_READ_8M_FREE_TREE_NODE_VIEWS	0
SEQ_READ_8M_FREE_TREE_RESIDENT_VIEWS	0
SEQ_READ_8M_DIR_TREE_NODE_VIEWS	1
SEQ_READ_8M_DIR_TREE_RESIDENT_VIEWS	1
SEQ_READ_8M_INODE_TREE_NODE_VIEWS	1
SEQ_READ_8M_INODE_TREE_RESIDENT_VIEWS	1
SEQ_READ_8M_REFCOUNT_TREE_NODE_VIEWS	0
SEQ_READ_8M_REFCOUNT_TREE_RESIDENT_VIEWS	0
SEQ_READ_8M_OTHER_TREE_NODE_VIEWS	0
SEQ_READ_8M_OTHER_TREE_RESIDENT_VIEWS	0
SEQ_READ_8M_DIR_TREE_LEAF_NODE_VIEWS	1
SEQ_READ_8M_DIR_TREE_LEAF_RESIDENT_VIEWS	1
SEQ_READ_8M_DIR_TREE_INTERNAL_NODE_VIEWS	0
SEQ_READ_8M_DIR_TREE_INTERNAL_RESIDENT_VIEWS	0
SEQ_READ_8M_INODE_TREE_LEAF_NODE_VIEWS	1
SEQ_READ_8M_INODE_TREE_LEAF_RESIDENT_VIEWS	1
SEQ_READ_8M_INODE_TREE_INTERNAL_NODE_VIEWS	0
SEQ_READ_8M_INODE_TREE_INTERNAL_RESIDENT_VIEWS	0
SEQ_READ_8M_DETAIL_INODE_READ_CALLS	260
SEQ_READ_8M_DETAIL_INODE_READ_SAMPLES	15
SEQ_READ_8M_DETAIL_INODE_READ_SAMPLE_TICKS	294
SEQ_READ_8M_DETAIL_INODE_VALIDATE_CALLS	260
SEQ_READ_8M_DETAIL_INODE_VALIDATE_SAMPLES	15
SEQ_READ_8M_DETAIL_INODE_VALIDATE_SAMPLE_TICKS	58
SEQ_READ_8M_DETAIL_INODE_SEARCH_CALLS	260
SEQ_READ_8M_DETAIL_INODE_SEARCH_SAMPLES	15
SEQ_READ_8M_DETAIL_INODE_SEARCH_SAMPLE_TICKS	136
SEQ_READ_8M_DETAIL_INODE_NODE_VIEW_CALLS	1
SEQ_READ_8M_DETAIL_INODE_NODE_VIEW_SAMPLES	0
SEQ_READ_8M_DETAIL_INODE_NODE_VIEW_SAMPLE_TICKS	0
SEQ_READ_8M_DETAIL_DIR_NODE_VIEW_CALLS	1
SEQ_READ_8M_DETAIL_DIR_NODE_VIEW_SAMPLES	0
SEQ_READ_8M_DETAIL_DIR_NODE_VIEW_SAMPLE_TICKS	0
SEQ_READ_8M_DETAIL_INODE_BINARY_SEARCH_CALLS	1
SEQ_READ_8M_DETAIL_INODE_BINARY_SEARCH_SAMPLES	0
SEQ_READ_8M_DETAIL_INODE_BINARY_SEARCH_SAMPLE_TICKS	0
SEQ_READ_8M_DETAIL_DIR_BINARY_SEARCH_CALLS	1
SEQ_READ_8M_DETAIL_DIR_BINARY_SEARCH_SAMPLES	0
SEQ_READ_8M_DETAIL_DIR_BINARY_SEARCH_SAMPLE_TICKS	0
SEQ_READ_8M_DETAIL_NODE_STRUCTURE_CALLS	0
SEQ_READ_8M_DETAIL_NODE_STRUCTURE_SAMPLES	0
SEQ_READ_8M_DETAIL_NODE_STRUCTURE_SAMPLE_TICKS	0
SEQ_READ_8M_DETAIL_CACHE_PEEK_CALLS	261
SEQ_READ_8M_DETAIL_CACHE_PEEK_SAMPLES	15
SEQ_READ_8M_DETAIL_CACHE_PEEK_SAMPLE_TICKS	82
SEQ_READ_8M_DETAIL_BUFFER_ALLOC_CALLS	2
SEQ_READ_8M_DETAIL_BUFFER_ALLOC_SAMPLES	0
SEQ_READ_8M_DETAIL_BUFFER_ALLOC_SAMPLE_TICKS	0
SEQ_READ_8M_DETAIL_BUFFER_FREE_CALLS	2
SEQ_READ_8M_DETAIL_BUFFER_FREE_SAMPLES	0
SEQ_READ_8M_DETAIL_BUFFER_FREE_SAMPLE_TICKS	0
SEQ_READ_8M_DETAIL_EXALL_FILL_CALLS	0
SEQ_READ_8M_DETAIL_EXALL_FILL_SAMPLES	0
SEQ_READ_8M_DETAIL_EXALL_FILL_SAMPLE_TICKS	0
SEQ_READ_8M_DEFERRED_NODE_WRITES	0
SMALL_DELETE_40_US	18305
SMALL_DELETE_40_BIO_READS	0
SMALL_DELETE_40_BIO_WRITES	0
SMALL_DELETE_40_BIO_UPDATES	0
SMALL_DELETE_40_DATA_READS	0
SMALL_DELETE_40_DATA_WRITES	0
SMALL_DELETE_40_NODE_WRITES	0
SMALL_DELETE_40_TXN_COMMITS	0
SMALL_DELETE_40_FREESPACE_ALLOCS	0
SMALL_DELETE_40_EXTENT_MAPS	0
SMALL_DELETE_40_READ_TICKS	0
SMALL_DELETE_40_WRITE_TICKS	0
SMALL_DELETE_40_UPDATE_TICKS	0
SMALL_DELETE_40_DATA_READ_TICKS	0
SMALL_DELETE_40_DATA_WRITE_TICKS	0
SMALL_DELETE_40_FREE_TREE_NODE_WRITES	0
SMALL_DELETE_40_FREE_TREE_ALLOCATION_BODY_NODE_WRITES	0
SMALL_DELETE_40_FREE_TREE_RESERVE_REFILL_NODE_WRITES	0
SMALL_DELETE_40_FREE_TREE_RESERVE_RETURN_NODE_WRITES	0
SMALL_DELETE_40_FREE_TREE_POST_PUBLISH_PENDING_RECLAIM_NODE_WRITES	0
SMALL_DELETE_40_FREE_TREE_OTHER_NODE_WRITES	0
SMALL_DELETE_40_DIR_TREE_NODE_WRITES	0
SMALL_DELETE_40_INODE_TREE_NODE_WRITES	0
SMALL_DELETE_40_REFCOUNT_TREE_NODE_WRITES	0
SMALL_DELETE_40_OTHER_TREE_NODE_WRITES	0
SMALL_DELETE_40_NODE_CRC_READ_CALLS	0
SMALL_DELETE_40_NODE_CRC_READ_SAMPLES	0
SMALL_DELETE_40_NODE_CRC_READ_SAMPLE_TICKS	0
SMALL_DELETE_40_NODE_CRC_WRITE_CALLS	0
SMALL_DELETE_40_NODE_CRC_WRITE_SAMPLES	0
SMALL_DELETE_40_NODE_CRC_WRITE_SAMPLE_TICKS	0
SMALL_DELETE_40_CLOCK_PAIR_TICKS	0
SMALL_DELETE_40_FREE_TREE_RESERVE_RETURN_CALLS	0
SMALL_DELETE_40_FREE_TREE_RESERVE_RETURN_RUNS	0
SMALL_DELETE_40_FREE_TREE_RESERVE_RETURN_BLOCKS	0
SMALL_DELETE_40_FREE_TREE_RESERVE_RETURN_RUNS_1_BLOCK	0
SMALL_DELETE_40_FREE_TREE_RESERVE_RETURN_RUNS_2_3_BLOCKS	0
SMALL_DELETE_40_FREE_TREE_RESERVE_RETURN_RUNS_4_7_BLOCKS	0
SMALL_DELETE_40_FREE_TREE_RESERVE_RETURN_RUNS_8_PLUS_BLOCKS	0
SMALL_DELETE_40_FREE_TREE_RESERVE_RETURN_MAX_RUN_BLOCKS	0
SMALL_DELETE_40_FREE_TREE_RESERVE_RETURN_MAX_NODE_WRITES_PER_RUN	0
SMALL_DELETE_40_POST_PUBLISH_RECLAIM_PASSES	0
SMALL_DELETE_40_MAX_POST_PUBLISH_RECLAIM_PASSES_PER_COMMIT	0
SMALL_DELETE_40_SUPERBLOCK_PUBLICATIONS	0
SMALL_DELETE_40_FREE_TREE_RESERVE_RETURN_RUN_NODE_WRITES	0
SMALL_DELETE_40_FREE_TREE_RESERVE_RETURN_BATCH_CALLS	0
SMALL_DELETE_40_FREE_TREE_RESERVE_RETURN_BATCH_BLOCKS	0
SMALL_DELETE_40_FREE_TREE_RESERVE_RETURN_BATCH_NODE_WRITES	0
SMALL_DELETE_40_FREE_TREE_RESERVE_RETURN_SKIP_SHAPE	0
SMALL_DELETE_40_FREE_TREE_RESERVE_RETURN_SKIP_SMALL	0
SMALL_DELETE_40_FREE_TREE_RESERVE_RETURN_SKIP_EMERGENCY	0
SMALL_DELETE_40_FREE_TREE_RESERVE_RETURN_SKIP_CAPACITY	0
SMALL_DELETE_40_SEALED_COMMITS	0
SMALL_DELETE_40_SEALED_METADATA_FENCES	0
SMALL_DELETE_40_BTREE_MALLOC_CALLS	0
SMALL_DELETE_40_BTREE_MALLOC_SAMPLES	0
SMALL_DELETE_40_BTREE_MALLOC_SAMPLE_TICKS	0
SMALL_DELETE_40_BTREE_FREE_CALLS	0
SMALL_DELETE_40_BTREE_FREE_SAMPLES	0
SMALL_DELETE_40_BTREE_FREE_SAMPLE_TICKS	0
SMALL_DELETE_40_IFACE_ALLOC_CALLS	0
SMALL_DELETE_40_IFACE_ALLOC_SAMPLES	0
SMALL_DELETE_40_IFACE_ALLOC_SAMPLE_TICKS	0
SMALL_DELETE_40_FREESPACE_ALLOC_SAMPLES	0
SMALL_DELETE_40_FREESPACE_ALLOC_SAMPLE_TICKS	0
SMALL_DELETE_40_PACKET_CALLS	40
SMALL_DELETE_40_PACKET_SAMPLES	40
SMALL_DELETE_40_PACKET_SAMPLE_TICKS	10898
SMALL_DELETE_40_PACKET_OPEN_CALLS	0
SMALL_DELETE_40_PACKET_OPEN_SAMPLES	0
SMALL_DELETE_40_PACKET_OPEN_SAMPLE_TICKS	0
SMALL_DELETE_40_PACKET_READ_CALLS	0
SMALL_DELETE_40_PACKET_READ_SAMPLES	0
SMALL_DELETE_40_PACKET_READ_SAMPLE_TICKS	0
SMALL_DELETE_40_PACKET_WRITE_CALLS	0
SMALL_DELETE_40_PACKET_WRITE_SAMPLES	0
SMALL_DELETE_40_PACKET_WRITE_SAMPLE_TICKS	0
SMALL_DELETE_40_PACKET_END_CALLS	0
SMALL_DELETE_40_PACKET_END_SAMPLES	0
SMALL_DELETE_40_PACKET_END_SAMPLE_TICKS	0
SMALL_DELETE_40_PACKET_DELETE_CALLS	40
SMALL_DELETE_40_PACKET_DELETE_SAMPLES	40
SMALL_DELETE_40_PACKET_DELETE_SAMPLE_TICKS	10898
SMALL_DELETE_40_PACKET_FLUSH_CALLS	0
SMALL_DELETE_40_PACKET_FLUSH_SAMPLES	0
SMALL_DELETE_40_PACKET_FLUSH_SAMPLE_TICKS	0
SMALL_DELETE_40_PACKET_OTHER_CALLS	0
SMALL_DELETE_40_PACKET_OTHER_SAMPLES	0
SMALL_DELETE_40_PACKET_OTHER_SAMPLE_TICKS	0
SMALL_DELETE_40_CORE_CREATE_CALLS	0
SMALL_DELETE_40_CORE_CREATE_SAMPLES	0
SMALL_DELETE_40_CORE_CREATE_SAMPLE_TICKS	0
SMALL_DELETE_40_CORE_DELETE_CALLS	40
SMALL_DELETE_40_CORE_DELETE_SAMPLES	40
SMALL_DELETE_40_CORE_DELETE_SAMPLE_TICKS	7084
SMALL_DELETE_40_CORE_FILE_WRITE_CALLS	0
SMALL_DELETE_40_CORE_FILE_WRITE_SAMPLES	0
SMALL_DELETE_40_CORE_FILE_WRITE_SAMPLE_TICKS	0
SMALL_DELETE_40_CORE_SYNC_CALLS	0
SMALL_DELETE_40_CORE_SYNC_SAMPLES	0
SMALL_DELETE_40_CORE_SYNC_SAMPLE_TICKS	0
SMALL_DELETE_40_IFACE_FREE_CALLS	0
SMALL_DELETE_40_IFACE_FREE_SAMPLES	0
SMALL_DELETE_40_IFACE_FREE_SAMPLE_TICKS	0
SMALL_DELETE_40_SEAL_COMMIT_CALLS	0
SMALL_DELETE_40_SEAL_COMMIT_SAMPLES	0
SMALL_DELETE_40_SEAL_COMMIT_SAMPLE_TICKS	0
SMALL_DELETE_40_INODE_READ_CALLS	80
SMALL_DELETE_40_BTREE_SEARCH_CALLS	280
SMALL_DELETE_40_BTREE_INDEX_HINT_HITS	40
SMALL_DELETE_40_BTREE_LEAF_HINT_HITS	162
SMALL_DELETE_40_CACHE_READ_CALLS	0
SMALL_DELETE_40_CACHE_READ_HITS	0
SMALL_DELETE_40_CACHE_READ_MISSES	0
SMALL_DELETE_40_FREE_TREE_NODE_VIEWS	0
SMALL_DELETE_40_FREE_TREE_RESIDENT_VIEWS	0
SMALL_DELETE_40_DIR_TREE_NODE_VIEWS	39
SMALL_DELETE_40_DIR_TREE_RESIDENT_VIEWS	39
SMALL_DELETE_40_INODE_TREE_NODE_VIEWS	39
SMALL_DELETE_40_INODE_TREE_RESIDENT_VIEWS	39
SMALL_DELETE_40_REFCOUNT_TREE_NODE_VIEWS	0
SMALL_DELETE_40_REFCOUNT_TREE_RESIDENT_VIEWS	0
SMALL_DELETE_40_OTHER_TREE_NODE_VIEWS	0
SMALL_DELETE_40_OTHER_TREE_RESIDENT_VIEWS	0
SMALL_DELETE_40_DIR_TREE_LEAF_NODE_VIEWS	39
SMALL_DELETE_40_DIR_TREE_LEAF_RESIDENT_VIEWS	39
SMALL_DELETE_40_DIR_TREE_INTERNAL_NODE_VIEWS	0
SMALL_DELETE_40_DIR_TREE_INTERNAL_RESIDENT_VIEWS	0
SMALL_DELETE_40_INODE_TREE_LEAF_NODE_VIEWS	39
SMALL_DELETE_40_INODE_TREE_LEAF_RESIDENT_VIEWS	39
SMALL_DELETE_40_INODE_TREE_INTERNAL_NODE_VIEWS	0
SMALL_DELETE_40_INODE_TREE_INTERNAL_RESIDENT_VIEWS	0
SMALL_DELETE_40_DETAIL_INODE_READ_CALLS	80
SMALL_DELETE_40_DETAIL_INODE_READ_SAMPLES	4
SMALL_DELETE_40_DETAIL_INODE_READ_SAMPLE_TICKS	45
SMALL_DELETE_40_DETAIL_INODE_VALIDATE_CALLS	80
SMALL_DELETE_40_DETAIL_INODE_VALIDATE_SAMPLES	4
SMALL_DELETE_40_DETAIL_INODE_VALIDATE_SAMPLE_TICKS	0
SMALL_DELETE_40_DETAIL_INODE_SEARCH_CALLS	80
SMALL_DELETE_40_DETAIL_INODE_SEARCH_SAMPLES	4
SMALL_DELETE_40_DETAIL_INODE_SEARCH_SAMPLE_TICKS	1
SMALL_DELETE_40_DETAIL_INODE_NODE_VIEW_CALLS	39
SMALL_DELETE_40_DETAIL_INODE_NODE_VIEW_SAMPLES	2
SMALL_DELETE_40_DETAIL_INODE_NODE_VIEW_SAMPLE_TICKS	0
SMALL_DELETE_40_DETAIL_DIR_NODE_VIEW_CALLS	39
SMALL_DELETE_40_DETAIL_DIR_NODE_VIEW_SAMPLES	2
SMALL_DELETE_40_DETAIL_DIR_NODE_VIEW_SAMPLE_TICKS	0
SMALL_DELETE_40_DETAIL_INODE_BINARY_SEARCH_CALLS	79
SMALL_DELETE_40_DETAIL_INODE_BINARY_SEARCH_SAMPLES	4
SMALL_DELETE_40_DETAIL_INODE_BINARY_SEARCH_SAMPLE_TICKS	0
SMALL_DELETE_40_DETAIL_DIR_BINARY_SEARCH_CALLS	240
SMALL_DELETE_40_DETAIL_DIR_BINARY_SEARCH_SAMPLES	14
SMALL_DELETE_40_DETAIL_DIR_BINARY_SEARCH_SAMPLE_TICKS	136
SMALL_DELETE_40_DETAIL_NODE_STRUCTURE_CALLS	0
SMALL_DELETE_40_DETAIL_NODE_STRUCTURE_SAMPLES	0
SMALL_DELETE_40_DETAIL_NODE_STRUCTURE_SAMPLE_TICKS	0
SMALL_DELETE_40_DETAIL_CACHE_PEEK_CALLS	280
SMALL_DELETE_40_DETAIL_CACHE_PEEK_SAMPLES	16
SMALL_DELETE_40_DETAIL_CACHE_PEEK_SAMPLE_TICKS	45
SMALL_DELETE_40_DETAIL_BUFFER_ALLOC_CALLS	78
SMALL_DELETE_40_DETAIL_BUFFER_ALLOC_SAMPLES	4
SMALL_DELETE_40_DETAIL_BUFFER_ALLOC_SAMPLE_TICKS	45
SMALL_DELETE_40_DETAIL_BUFFER_FREE_CALLS	78
SMALL_DELETE_40_DETAIL_BUFFER_FREE_SAMPLES	4
SMALL_DELETE_40_DETAIL_BUFFER_FREE_SAMPLE_TICKS	0
SMALL_DELETE_40_DETAIL_EXALL_FILL_CALLS	0
SMALL_DELETE_40_DETAIL_EXALL_FILL_SAMPLES	0
SMALL_DELETE_40_DETAIL_EXALL_FILL_SAMPLE_TICKS	0
SMALL_DELETE_40_DEFERRED_NODE_WRITES	0
APPEND_4K_1M_US	87616
APPEND_4K_1M_BIO_READS	0
APPEND_4K_1M_BIO_WRITES	256
APPEND_4K_1M_BIO_UPDATES	0
APPEND_4K_1M_DATA_READS	0
APPEND_4K_1M_DATA_WRITES	256
APPEND_4K_1M_NODE_WRITES	0
APPEND_4K_1M_TXN_COMMITS	0
APPEND_4K_1M_FREESPACE_ALLOCS	256
APPEND_4K_1M_EXTENT_MAPS	256
APPEND_4K_1M_READ_TICKS	0
APPEND_4K_1M_WRITE_TICKS	9614
APPEND_4K_1M_UPDATE_TICKS	0
APPEND_4K_1M_DATA_READ_TICKS	0
APPEND_4K_1M_DATA_WRITE_TICKS	9614
APPEND_4K_1M_FREE_TREE_NODE_WRITES	0
APPEND_4K_1M_FREE_TREE_ALLOCATION_BODY_NODE_WRITES	0
APPEND_4K_1M_FREE_TREE_RESERVE_REFILL_NODE_WRITES	0
APPEND_4K_1M_FREE_TREE_RESERVE_RETURN_NODE_WRITES	0
APPEND_4K_1M_FREE_TREE_POST_PUBLISH_PENDING_RECLAIM_NODE_WRITES	0
APPEND_4K_1M_FREE_TREE_OTHER_NODE_WRITES	0
APPEND_4K_1M_DIR_TREE_NODE_WRITES	0
APPEND_4K_1M_INODE_TREE_NODE_WRITES	0
APPEND_4K_1M_REFCOUNT_TREE_NODE_WRITES	0
APPEND_4K_1M_OTHER_TREE_NODE_WRITES	0
APPEND_4K_1M_NODE_CRC_READ_CALLS	0
APPEND_4K_1M_NODE_CRC_READ_SAMPLES	0
APPEND_4K_1M_NODE_CRC_READ_SAMPLE_TICKS	0
APPEND_4K_1M_NODE_CRC_WRITE_CALLS	0
APPEND_4K_1M_NODE_CRC_WRITE_SAMPLES	0
APPEND_4K_1M_NODE_CRC_WRITE_SAMPLE_TICKS	0
APPEND_4K_1M_CLOCK_PAIR_TICKS	1
APPEND_4K_1M_FREE_TREE_RESERVE_RETURN_CALLS	0
APPEND_4K_1M_FREE_TREE_RESERVE_RETURN_RUNS	0
APPEND_4K_1M_FREE_TREE_RESERVE_RETURN_BLOCKS	0
APPEND_4K_1M_FREE_TREE_RESERVE_RETURN_RUNS_1_BLOCK	0
APPEND_4K_1M_FREE_TREE_RESERVE_RETURN_RUNS_2_3_BLOCKS	0
APPEND_4K_1M_FREE_TREE_RESERVE_RETURN_RUNS_4_7_BLOCKS	0
APPEND_4K_1M_FREE_TREE_RESERVE_RETURN_RUNS_8_PLUS_BLOCKS	0
APPEND_4K_1M_FREE_TREE_RESERVE_RETURN_MAX_RUN_BLOCKS	0
APPEND_4K_1M_FREE_TREE_RESERVE_RETURN_MAX_NODE_WRITES_PER_RUN	0
APPEND_4K_1M_POST_PUBLISH_RECLAIM_PASSES	0
APPEND_4K_1M_MAX_POST_PUBLISH_RECLAIM_PASSES_PER_COMMIT	0
APPEND_4K_1M_SUPERBLOCK_PUBLICATIONS	0
APPEND_4K_1M_FREE_TREE_RESERVE_RETURN_RUN_NODE_WRITES	0
APPEND_4K_1M_FREE_TREE_RESERVE_RETURN_BATCH_CALLS	0
APPEND_4K_1M_FREE_TREE_RESERVE_RETURN_BATCH_BLOCKS	0
APPEND_4K_1M_FREE_TREE_RESERVE_RETURN_BATCH_NODE_WRITES	0
APPEND_4K_1M_FREE_TREE_RESERVE_RETURN_SKIP_SHAPE	0
APPEND_4K_1M_FREE_TREE_RESERVE_RETURN_SKIP_SMALL	0
APPEND_4K_1M_FREE_TREE_RESERVE_RETURN_SKIP_EMERGENCY	0
APPEND_4K_1M_FREE_TREE_RESERVE_RETURN_SKIP_CAPACITY	0
APPEND_4K_1M_SEALED_COMMITS	0
APPEND_4K_1M_SEALED_METADATA_FENCES	0
APPEND_4K_1M_BTREE_MALLOC_CALLS	0
APPEND_4K_1M_BTREE_MALLOC_SAMPLES	0
APPEND_4K_1M_BTREE_MALLOC_SAMPLE_TICKS	0
APPEND_4K_1M_BTREE_FREE_CALLS	2
APPEND_4K_1M_BTREE_FREE_SAMPLES	2
APPEND_4K_1M_BTREE_FREE_SAMPLE_TICKS	0
APPEND_4K_1M_IFACE_ALLOC_CALLS	0
APPEND_4K_1M_IFACE_ALLOC_SAMPLES	0
APPEND_4K_1M_IFACE_ALLOC_SAMPLE_TICKS	0
APPEND_4K_1M_FREESPACE_ALLOC_SAMPLES	256
APPEND_4K_1M_FREESPACE_ALLOC_SAMPLE_TICKS	10829
APPEND_4K_1M_PACKET_CALLS	258
APPEND_4K_1M_PACKET_SAMPLES	258
APPEND_4K_1M_PACKET_SAMPLE_TICKS	57949
APPEND_4K_1M_PACKET_OPEN_CALLS	1
APPEND_4K_1M_PACKET_OPEN_SAMPLES	1
APPEND_4K_1M_PACKET_OPEN_SAMPLE_TICKS	317
APPEND_4K_1M_PACKET_READ_CALLS	0
APPEND_4K_1M_PACKET_READ_SAMPLES	0
APPEND_4K_1M_PACKET_READ_SAMPLE_TICKS	0
APPEND_4K_1M_PACKET_WRITE_CALLS	256
APPEND_4K_1M_PACKET_WRITE_SAMPLES	256
APPEND_4K_1M_PACKET_WRITE_SAMPLE_TICKS	57632
APPEND_4K_1M_PACKET_END_CALLS	1
APPEND_4K_1M_PACKET_END_SAMPLES	1
APPEND_4K_1M_PACKET_END_SAMPLE_TICKS	0
APPEND_4K_1M_PACKET_DELETE_CALLS	0
APPEND_4K_1M_PACKET_DELETE_SAMPLES	0
APPEND_4K_1M_PACKET_DELETE_SAMPLE_TICKS	0
APPEND_4K_1M_PACKET_FLUSH_CALLS	0
APPEND_4K_1M_PACKET_FLUSH_SAMPLES	0
APPEND_4K_1M_PACKET_FLUSH_SAMPLE_TICKS	0
APPEND_4K_1M_PACKET_OTHER_CALLS	0
APPEND_4K_1M_PACKET_OTHER_SAMPLES	0
APPEND_4K_1M_PACKET_OTHER_SAMPLE_TICKS	0
APPEND_4K_1M_CORE_CREATE_CALLS	1
APPEND_4K_1M_CORE_CREATE_SAMPLES	1
APPEND_4K_1M_CORE_CREATE_SAMPLE_TICKS	181
APPEND_4K_1M_CORE_DELETE_CALLS	0
APPEND_4K_1M_CORE_DELETE_SAMPLES	0
APPEND_4K_1M_CORE_DELETE_SAMPLE_TICKS	0
APPEND_4K_1M_CORE_FILE_WRITE_CALLS	256
APPEND_4K_1M_CORE_FILE_WRITE_SAMPLES	256
APPEND_4K_1M_CORE_FILE_WRITE_SAMPLE_TICKS	54475
APPEND_4K_1M_CORE_SYNC_CALLS	0
APPEND_4K_1M_CORE_SYNC_SAMPLES	0
APPEND_4K_1M_CORE_SYNC_SAMPLE_TICKS	0
APPEND_4K_1M_IFACE_FREE_CALLS	0
APPEND_4K_1M_IFACE_FREE_SAMPLES	0
APPEND_4K_1M_IFACE_FREE_SAMPLE_TICKS	0
APPEND_4K_1M_SEAL_COMMIT_CALLS	0
APPEND_4K_1M_SEAL_COMMIT_SAMPLES	0
APPEND_4K_1M_SEAL_COMMIT_SAMPLE_TICKS	0
APPEND_4K_1M_INODE_READ_CALLS	259
APPEND_4K_1M_BTREE_SEARCH_CALLS	260
APPEND_4K_1M_BTREE_INDEX_HINT_HITS	2
APPEND_4K_1M_BTREE_LEAF_HINT_HITS	0
APPEND_4K_1M_CACHE_READ_CALLS	0
APPEND_4K_1M_CACHE_READ_HITS	0
APPEND_4K_1M_CACHE_READ_MISSES	0
APPEND_4K_1M_FREE_TREE_NODE_VIEWS	256
APPEND_4K_1M_FREE_TREE_RESIDENT_VIEWS	256
APPEND_4K_1M_DIR_TREE_NODE_VIEWS	3
APPEND_4K_1M_DIR_TREE_RESIDENT_VIEWS	3
APPEND_4K_1M_INODE_TREE_NODE_VIEWS	257
APPEND_4K_1M_INODE_TREE_RESIDENT_VIEWS	257
APPEND_4K_1M_REFCOUNT_TREE_NODE_VIEWS	0
APPEND_4K_1M_REFCOUNT_TREE_RESIDENT_VIEWS	0
APPEND_4K_1M_OTHER_TREE_NODE_VIEWS	0
APPEND_4K_1M_OTHER_TREE_RESIDENT_VIEWS	0
APPEND_4K_1M_DIR_TREE_LEAF_NODE_VIEWS	3
APPEND_4K_1M_DIR_TREE_LEAF_RESIDENT_VIEWS	3
APPEND_4K_1M_DIR_TREE_INTERNAL_NODE_VIEWS	0
APPEND_4K_1M_DIR_TREE_INTERNAL_RESIDENT_VIEWS	0
APPEND_4K_1M_INODE_TREE_LEAF_NODE_VIEWS	257
APPEND_4K_1M_INODE_TREE_LEAF_RESIDENT_VIEWS	257
APPEND_4K_1M_INODE_TREE_INTERNAL_NODE_VIEWS	0
APPEND_4K_1M_INODE_TREE_INTERNAL_RESIDENT_VIEWS	0
APPEND_4K_1M_DETAIL_INODE_READ_CALLS	259
APPEND_4K_1M_DETAIL_INODE_READ_SAMPLES	15
APPEND_4K_1M_DETAIL_INODE_READ_SAMPLE_TICKS	528
APPEND_4K_1M_DETAIL_INODE_VALIDATE_CALLS	516
APPEND_4K_1M_DETAIL_INODE_VALIDATE_SAMPLES	30
APPEND_4K_1M_DETAIL_INODE_VALIDATE_SAMPLE_TICKS	46
APPEND_4K_1M_DETAIL_INODE_SEARCH_CALLS	259
APPEND_4K_1M_DETAIL_INODE_SEARCH_SAMPLES	15
APPEND_4K_1M_DETAIL_INODE_SEARCH_SAMPLE_TICKS	377
APPEND_4K_1M_DETAIL_INODE_NODE_VIEW_CALLS	257
APPEND_4K_1M_DETAIL_INODE_NODE_VIEW_SAMPLES	15
APPEND_4K_1M_DETAIL_INODE_NODE_VIEW_SAMPLE_TICKS	46
APPEND_4K_1M_DETAIL_DIR_NODE_VIEW_CALLS	3
APPEND_4K_1M_DETAIL_DIR_NODE_VIEW_SAMPLES	0
APPEND_4K_1M_DETAIL_DIR_NODE_VIEW_SAMPLE_TICKS	0
APPEND_4K_1M_DETAIL_INODE_BINARY_SEARCH_CALLS	515
APPEND_4K_1M_DETAIL_INODE_BINARY_SEARCH_SAMPLES	30
APPEND_4K_1M_DETAIL_INODE_BINARY_SEARCH_SAMPLE_TICKS	245
APPEND_4K_1M_DETAIL_DIR_BINARY_SEARCH_CALLS	4
APPEND_4K_1M_DETAIL_DIR_BINARY_SEARCH_SAMPLES	0
APPEND_4K_1M_DETAIL_DIR_BINARY_SEARCH_SAMPLE_TICKS	0
APPEND_4K_1M_DETAIL_NODE_STRUCTURE_CALLS	0
APPEND_4K_1M_DETAIL_NODE_STRUCTURE_SAMPLES	0
APPEND_4K_1M_DETAIL_NODE_STRUCTURE_SAMPLE_TICKS	0
APPEND_4K_1M_DETAIL_CACHE_PEEK_CALLS	518
APPEND_4K_1M_DETAIL_CACHE_PEEK_SAMPLES	30
APPEND_4K_1M_DETAIL_CACHE_PEEK_SAMPLE_TICKS	157
APPEND_4K_1M_DETAIL_BUFFER_ALLOC_CALLS	516
APPEND_4K_1M_DETAIL_BUFFER_ALLOC_SAMPLES	30
APPEND_4K_1M_DETAIL_BUFFER_ALLOC_SAMPLE_TICKS	47
APPEND_4K_1M_DETAIL_BUFFER_FREE_CALLS	516
APPEND_4K_1M_DETAIL_BUFFER_FREE_SAMPLES	30
APPEND_4K_1M_DETAIL_BUFFER_FREE_SAMPLE_TICKS	84
APPEND_4K_1M_DETAIL_EXALL_FILL_CALLS	0
APPEND_4K_1M_DETAIL_EXALL_FILL_SAMPLES	0
APPEND_4K_1M_DETAIL_EXALL_FILL_SAMPLE_TICKS	0
APPEND_4K_1M_DEFERRED_NODE_WRITES	0
APPEND_1K_256K_US	72191
APPEND_1K_256K_BIO_READS	64
APPEND_1K_256K_BIO_WRITES	256
APPEND_1K_256K_BIO_UPDATES	0
APPEND_1K_256K_DATA_READS	64
APPEND_1K_256K_DATA_WRITES	256
APPEND_1K_256K_NODE_WRITES	0
APPEND_1K_256K_TXN_COMMITS	0
APPEND_1K_256K_FREESPACE_ALLOCS	64
APPEND_1K_256K_EXTENT_MAPS	64
APPEND_1K_256K_READ_TICKS	2295
APPEND_1K_256K_WRITE_TICKS	6171
APPEND_1K_256K_UPDATE_TICKS	0
APPEND_1K_256K_DATA_READ_TICKS	2295
APPEND_1K_256K_DATA_WRITE_TICKS	6171
APPEND_1K_256K_FREE_TREE_NODE_WRITES	0
APPEND_1K_256K_FREE_TREE_ALLOCATION_BODY_NODE_WRITES	0
APPEND_1K_256K_FREE_TREE_RESERVE_REFILL_NODE_WRITES	0
APPEND_1K_256K_FREE_TREE_RESERVE_RETURN_NODE_WRITES	0
APPEND_1K_256K_FREE_TREE_POST_PUBLISH_PENDING_RECLAIM_NODE_WRITES	0
APPEND_1K_256K_FREE_TREE_OTHER_NODE_WRITES	0
APPEND_1K_256K_DIR_TREE_NODE_WRITES	0
APPEND_1K_256K_INODE_TREE_NODE_WRITES	0
APPEND_1K_256K_REFCOUNT_TREE_NODE_WRITES	0
APPEND_1K_256K_OTHER_TREE_NODE_WRITES	0
APPEND_1K_256K_NODE_CRC_READ_CALLS	0
APPEND_1K_256K_NODE_CRC_READ_SAMPLES	0
APPEND_1K_256K_NODE_CRC_READ_SAMPLE_TICKS	0
APPEND_1K_256K_NODE_CRC_WRITE_CALLS	0
APPEND_1K_256K_NODE_CRC_WRITE_SAMPLES	0
APPEND_1K_256K_NODE_CRC_WRITE_SAMPLE_TICKS	0
APPEND_1K_256K_CLOCK_PAIR_TICKS	0
APPEND_1K_256K_FREE_TREE_RESERVE_RETURN_CALLS	0
APPEND_1K_256K_FREE_TREE_RESERVE_RETURN_RUNS	0
APPEND_1K_256K_FREE_TREE_RESERVE_RETURN_BLOCKS	0
APPEND_1K_256K_FREE_TREE_RESERVE_RETURN_RUNS_1_BLOCK	0
APPEND_1K_256K_FREE_TREE_RESERVE_RETURN_RUNS_2_3_BLOCKS	0
APPEND_1K_256K_FREE_TREE_RESERVE_RETURN_RUNS_4_7_BLOCKS	0
APPEND_1K_256K_FREE_TREE_RESERVE_RETURN_RUNS_8_PLUS_BLOCKS	0
APPEND_1K_256K_FREE_TREE_RESERVE_RETURN_MAX_RUN_BLOCKS	0
APPEND_1K_256K_FREE_TREE_RESERVE_RETURN_MAX_NODE_WRITES_PER_RUN	0
APPEND_1K_256K_POST_PUBLISH_RECLAIM_PASSES	0
APPEND_1K_256K_MAX_POST_PUBLISH_RECLAIM_PASSES_PER_COMMIT	0
APPEND_1K_256K_SUPERBLOCK_PUBLICATIONS	0
APPEND_1K_256K_FREE_TREE_RESERVE_RETURN_RUN_NODE_WRITES	0
APPEND_1K_256K_FREE_TREE_RESERVE_RETURN_BATCH_CALLS	0
APPEND_1K_256K_FREE_TREE_RESERVE_RETURN_BATCH_BLOCKS	0
APPEND_1K_256K_FREE_TREE_RESERVE_RETURN_BATCH_NODE_WRITES	0
APPEND_1K_256K_FREE_TREE_RESERVE_RETURN_SKIP_SHAPE	0
APPEND_1K_256K_FREE_TREE_RESERVE_RETURN_SKIP_SMALL	0
APPEND_1K_256K_FREE_TREE_RESERVE_RETURN_SKIP_EMERGENCY	0
APPEND_1K_256K_FREE_TREE_RESERVE_RETURN_SKIP_CAPACITY	0
APPEND_1K_256K_SEALED_COMMITS	0
APPEND_1K_256K_SEALED_METADATA_FENCES	0
APPEND_1K_256K_BTREE_MALLOC_CALLS	0
APPEND_1K_256K_BTREE_MALLOC_SAMPLES	0
APPEND_1K_256K_BTREE_MALLOC_SAMPLE_TICKS	0
APPEND_1K_256K_BTREE_FREE_CALLS	2
APPEND_1K_256K_BTREE_FREE_SAMPLES	2
APPEND_1K_256K_BTREE_FREE_SAMPLE_TICKS	0
APPEND_1K_256K_IFACE_ALLOC_CALLS	0
APPEND_1K_256K_IFACE_ALLOC_SAMPLES	0
APPEND_1K_256K_IFACE_ALLOC_SAMPLE_TICKS	0
APPEND_1K_256K_FREESPACE_ALLOC_SAMPLES	64
APPEND_1K_256K_FREESPACE_ALLOC_SAMPLE_TICKS	2621
APPEND_1K_256K_PACKET_CALLS	258
APPEND_1K_256K_PACKET_SAMPLES	258
APPEND_1K_256K_PACKET_SAMPLE_TICKS	47739
APPEND_1K_256K_PACKET_OPEN_CALLS	1
APPEND_1K_256K_PACKET_OPEN_SAMPLES	1
APPEND_1K_256K_PACKET_OPEN_SAMPLE_TICKS	316
APPEND_1K_256K_PACKET_READ_CALLS	0
APPEND_1K_256K_PACKET_READ_SAMPLES	0
APPEND_1K_256K_PACKET_READ_SAMPLE_TICKS	0
APPEND_1K_256K_PACKET_WRITE_CALLS	256
APPEND_1K_256K_PACKET_WRITE_SAMPLES	256
APPEND_1K_256K_PACKET_WRITE_SAMPLE_TICKS	47423
APPEND_1K_256K_PACKET_END_CALLS	1
APPEND_1K_256K_PACKET_END_SAMPLES	1
APPEND_1K_256K_PACKET_END_SAMPLE_TICKS	0
APPEND_1K_256K_PACKET_DELETE_CALLS	0
APPEND_1K_256K_PACKET_DELETE_SAMPLES	0
APPEND_1K_256K_PACKET_DELETE_SAMPLE_TICKS	0
APPEND_1K_256K_PACKET_FLUSH_CALLS	0
APPEND_1K_256K_PACKET_FLUSH_SAMPLES	0
APPEND_1K_256K_PACKET_FLUSH_SAMPLE_TICKS	0
APPEND_1K_256K_PACKET_OTHER_CALLS	0
APPEND_1K_256K_PACKET_OTHER_SAMPLES	0
APPEND_1K_256K_PACKET_OTHER_SAMPLE_TICKS	0
APPEND_1K_256K_CORE_CREATE_CALLS	1
APPEND_1K_256K_CORE_CREATE_SAMPLES	1
APPEND_1K_256K_CORE_CREATE_SAMPLE_TICKS	182
APPEND_1K_256K_CORE_DELETE_CALLS	0
APPEND_1K_256K_CORE_DELETE_SAMPLES	0
APPEND_1K_256K_CORE_DELETE_SAMPLE_TICKS	0
APPEND_1K_256K_CORE_FILE_WRITE_CALLS	256
APPEND_1K_256K_CORE_FILE_WRITE_SAMPLES	256
APPEND_1K_256K_CORE_FILE_WRITE_SAMPLE_TICKS	44583
APPEND_1K_256K_CORE_SYNC_CALLS	0
APPEND_1K_256K_CORE_SYNC_SAMPLES	0
APPEND_1K_256K_CORE_SYNC_SAMPLE_TICKS	0
APPEND_1K_256K_IFACE_FREE_CALLS	0
APPEND_1K_256K_IFACE_FREE_SAMPLES	0
APPEND_1K_256K_IFACE_FREE_SAMPLE_TICKS	0
APPEND_1K_256K_SEAL_COMMIT_CALLS	0
APPEND_1K_256K_SEAL_COMMIT_SAMPLES	0
APPEND_1K_256K_SEAL_COMMIT_SAMPLE_TICKS	0
APPEND_1K_256K_INODE_READ_CALLS	259
APPEND_1K_256K_BTREE_SEARCH_CALLS	260
APPEND_1K_256K_BTREE_INDEX_HINT_HITS	2
APPEND_1K_256K_BTREE_LEAF_HINT_HITS	0
APPEND_1K_256K_CACHE_READ_CALLS	192
APPEND_1K_256K_CACHE_READ_HITS	128
APPEND_1K_256K_CACHE_READ_MISSES	64
APPEND_1K_256K_FREE_TREE_NODE_VIEWS	64
APPEND_1K_256K_FREE_TREE_RESIDENT_VIEWS	64
APPEND_1K_256K_DIR_TREE_NODE_VIEWS	3
APPEND_1K_256K_DIR_TREE_RESIDENT_VIEWS	3
APPEND_1K_256K_INODE_TREE_NODE_VIEWS	257
APPEND_1K_256K_INODE_TREE_RESIDENT_VIEWS	257
APPEND_1K_256K_REFCOUNT_TREE_NODE_VIEWS	0
APPEND_1K_256K_REFCOUNT_TREE_RESIDENT_VIEWS	0
APPEND_1K_256K_OTHER_TREE_NODE_VIEWS	0
APPEND_1K_256K_OTHER_TREE_RESIDENT_VIEWS	0
APPEND_1K_256K_DIR_TREE_LEAF_NODE_VIEWS	3
APPEND_1K_256K_DIR_TREE_LEAF_RESIDENT_VIEWS	3
APPEND_1K_256K_DIR_TREE_INTERNAL_NODE_VIEWS	0
APPEND_1K_256K_DIR_TREE_INTERNAL_RESIDENT_VIEWS	0
APPEND_1K_256K_INODE_TREE_LEAF_NODE_VIEWS	257
APPEND_1K_256K_INODE_TREE_LEAF_RESIDENT_VIEWS	257
APPEND_1K_256K_INODE_TREE_INTERNAL_NODE_VIEWS	0
APPEND_1K_256K_INODE_TREE_INTERNAL_RESIDENT_VIEWS	0
APPEND_1K_256K_DETAIL_INODE_READ_CALLS	259
APPEND_1K_256K_DETAIL_INODE_READ_SAMPLES	15
APPEND_1K_256K_DETAIL_INODE_READ_SAMPLE_TICKS	592
APPEND_1K_256K_DETAIL_INODE_VALIDATE_CALLS	516
APPEND_1K_256K_DETAIL_INODE_VALIDATE_SAMPLES	30
APPEND_1K_256K_DETAIL_INODE_VALIDATE_SAMPLE_TICKS	0
APPEND_1K_256K_DETAIL_INODE_SEARCH_CALLS	259
APPEND_1K_256K_DETAIL_INODE_SEARCH_SAMPLES	15
APPEND_1K_256K_DETAIL_INODE_SEARCH_SAMPLE_TICKS	536
APPEND_1K_256K_DETAIL_INODE_NODE_VIEW_CALLS	257
APPEND_1K_256K_DETAIL_INODE_NODE_VIEW_SAMPLES	15
APPEND_1K_256K_DETAIL_INODE_NODE_VIEW_SAMPLE_TICKS	45
APPEND_1K_256K_DETAIL_DIR_NODE_VIEW_CALLS	3
APPEND_1K_256K_DETAIL_DIR_NODE_VIEW_SAMPLES	0
APPEND_1K_256K_DETAIL_DIR_NODE_VIEW_SAMPLE_TICKS	0
APPEND_1K_256K_DETAIL_INODE_BINARY_SEARCH_CALLS	515
APPEND_1K_256K_DETAIL_INODE_BINARY_SEARCH_SAMPLES	30
APPEND_1K_256K_DETAIL_INODE_BINARY_SEARCH_SAMPLE_TICKS	81
APPEND_1K_256K_DETAIL_DIR_BINARY_SEARCH_CALLS	4
APPEND_1K_256K_DETAIL_DIR_BINARY_SEARCH_SAMPLES	0
APPEND_1K_256K_DETAIL_DIR_BINARY_SEARCH_SAMPLE_TICKS	0
APPEND_1K_256K_DETAIL_NODE_STRUCTURE_CALLS	0
APPEND_1K_256K_DETAIL_NODE_STRUCTURE_SAMPLES	0
APPEND_1K_256K_DETAIL_NODE_STRUCTURE_SAMPLE_TICKS	0
APPEND_1K_256K_DETAIL_CACHE_PEEK_CALLS	326
APPEND_1K_256K_DETAIL_CACHE_PEEK_SAMPLES	19
APPEND_1K_256K_DETAIL_CACHE_PEEK_SAMPLE_TICKS	114
APPEND_1K_256K_DETAIL_BUFFER_ALLOC_CALLS	324
APPEND_1K_256K_DETAIL_BUFFER_ALLOC_SAMPLES	19
APPEND_1K_256K_DETAIL_BUFFER_ALLOC_SAMPLE_TICKS	91
APPEND_1K_256K_DETAIL_BUFFER_FREE_CALLS	324
APPEND_1K_256K_DETAIL_BUFFER_FREE_SAMPLES	19
APPEND_1K_256K_DETAIL_BUFFER_FREE_SAMPLE_TICKS	149
APPEND_1K_256K_DETAIL_EXALL_FILL_CALLS	0
APPEND_1K_256K_DETAIL_EXALL_FILL_SAMPLES	0
APPEND_1K_256K_DETAIL_EXALL_FILL_SAMPLE_TICKS	0
APPEND_1K_256K_DEFERRED_NODE_WRITES	0
APPEND_READ_1280K_US	44480
APPEND_READ_1280K_BIO_READS	50
APPEND_READ_1280K_BIO_WRITES	0
APPEND_READ_1280K_BIO_UPDATES	0
APPEND_READ_1280K_DATA_READS	50
APPEND_READ_1280K_DATA_WRITES	0
APPEND_READ_1280K_NODE_WRITES	0
APPEND_READ_1280K_TXN_COMMITS	0
APPEND_READ_1280K_FREESPACE_ALLOCS	0
APPEND_READ_1280K_EXTENT_MAPS	0
APPEND_READ_1280K_READ_TICKS	1866
APPEND_READ_1280K_WRITE_TICKS	0
APPEND_READ_1280K_UPDATE_TICKS	0
APPEND_READ_1280K_DATA_READ_TICKS	1866
APPEND_READ_1280K_DATA_WRITE_TICKS	0
APPEND_READ_1280K_FREE_TREE_NODE_WRITES	0
APPEND_READ_1280K_FREE_TREE_ALLOCATION_BODY_NODE_WRITES	0
APPEND_READ_1280K_FREE_TREE_RESERVE_REFILL_NODE_WRITES	0
APPEND_READ_1280K_FREE_TREE_RESERVE_RETURN_NODE_WRITES	0
APPEND_READ_1280K_FREE_TREE_POST_PUBLISH_PENDING_RECLAIM_NODE_WRITES	0
APPEND_READ_1280K_FREE_TREE_OTHER_NODE_WRITES	0
APPEND_READ_1280K_DIR_TREE_NODE_WRITES	0
APPEND_READ_1280K_INODE_TREE_NODE_WRITES	0
APPEND_READ_1280K_REFCOUNT_TREE_NODE_WRITES	0
APPEND_READ_1280K_OTHER_TREE_NODE_WRITES	0
APPEND_READ_1280K_NODE_CRC_READ_CALLS	0
APPEND_READ_1280K_NODE_CRC_READ_SAMPLES	0
APPEND_READ_1280K_NODE_CRC_READ_SAMPLE_TICKS	0
APPEND_READ_1280K_NODE_CRC_WRITE_CALLS	0
APPEND_READ_1280K_NODE_CRC_WRITE_SAMPLES	0
APPEND_READ_1280K_NODE_CRC_WRITE_SAMPLE_TICKS	0
APPEND_READ_1280K_CLOCK_PAIR_TICKS	0
APPEND_READ_1280K_FREE_TREE_RESERVE_RETURN_CALLS	0
APPEND_READ_1280K_FREE_TREE_RESERVE_RETURN_RUNS	0
APPEND_READ_1280K_FREE_TREE_RESERVE_RETURN_BLOCKS	0
APPEND_READ_1280K_FREE_TREE_RESERVE_RETURN_RUNS_1_BLOCK	0
APPEND_READ_1280K_FREE_TREE_RESERVE_RETURN_RUNS_2_3_BLOCKS	0
APPEND_READ_1280K_FREE_TREE_RESERVE_RETURN_RUNS_4_7_BLOCKS	0
APPEND_READ_1280K_FREE_TREE_RESERVE_RETURN_RUNS_8_PLUS_BLOCKS	0
APPEND_READ_1280K_FREE_TREE_RESERVE_RETURN_MAX_RUN_BLOCKS	0
APPEND_READ_1280K_FREE_TREE_RESERVE_RETURN_MAX_NODE_WRITES_PER_RUN	0
APPEND_READ_1280K_POST_PUBLISH_RECLAIM_PASSES	0
APPEND_READ_1280K_MAX_POST_PUBLISH_RECLAIM_PASSES_PER_COMMIT	0
APPEND_READ_1280K_SUPERBLOCK_PUBLICATIONS	0
APPEND_READ_1280K_FREE_TREE_RESERVE_RETURN_RUN_NODE_WRITES	0
APPEND_READ_1280K_FREE_TREE_RESERVE_RETURN_BATCH_CALLS	0
APPEND_READ_1280K_FREE_TREE_RESERVE_RETURN_BATCH_BLOCKS	0
APPEND_READ_1280K_FREE_TREE_RESERVE_RETURN_BATCH_NODE_WRITES	0
APPEND_READ_1280K_FREE_TREE_RESERVE_RETURN_SKIP_SHAPE	0
APPEND_READ_1280K_FREE_TREE_RESERVE_RETURN_SKIP_SMALL	0
APPEND_READ_1280K_FREE_TREE_RESERVE_RETURN_SKIP_EMERGENCY	0
APPEND_READ_1280K_FREE_TREE_RESERVE_RETURN_SKIP_CAPACITY	0
APPEND_READ_1280K_SEALED_COMMITS	0
APPEND_READ_1280K_SEALED_METADATA_FENCES	0
APPEND_READ_1280K_BTREE_MALLOC_CALLS	0
APPEND_READ_1280K_BTREE_MALLOC_SAMPLES	0
APPEND_READ_1280K_BTREE_MALLOC_SAMPLE_TICKS	0
APPEND_READ_1280K_BTREE_FREE_CALLS	0
APPEND_READ_1280K_BTREE_FREE_SAMPLES	0
APPEND_READ_1280K_BTREE_FREE_SAMPLE_TICKS	0
APPEND_READ_1280K_IFACE_ALLOC_CALLS	0
APPEND_READ_1280K_IFACE_ALLOC_SAMPLES	0
APPEND_READ_1280K_IFACE_ALLOC_SAMPLE_TICKS	0
APPEND_READ_1280K_FREESPACE_ALLOC_SAMPLES	0
APPEND_READ_1280K_FREESPACE_ALLOC_SAMPLE_TICKS	0
APPEND_READ_1280K_PACKET_CALLS	26
APPEND_READ_1280K_PACKET_SAMPLES	26
APPEND_READ_1280K_PACKET_SAMPLE_TICKS	4258
APPEND_READ_1280K_PACKET_OPEN_CALLS	2
APPEND_READ_1280K_PACKET_OPEN_SAMPLES	2
APPEND_READ_1280K_PACKET_OPEN_SAMPLE_TICKS	182
APPEND_READ_1280K_PACKET_READ_CALLS	22
APPEND_READ_1280K_PACKET_READ_SAMPLES	22
APPEND_READ_1280K_PACKET_READ_SAMPLE_TICKS	4076
APPEND_READ_1280K_PACKET_WRITE_CALLS	0
APPEND_READ_1280K_PACKET_WRITE_SAMPLES	0
APPEND_READ_1280K_PACKET_WRITE_SAMPLE_TICKS	0
APPEND_READ_1280K_PACKET_END_CALLS	2
APPEND_READ_1280K_PACKET_END_SAMPLES	2
APPEND_READ_1280K_PACKET_END_SAMPLE_TICKS	0
APPEND_READ_1280K_PACKET_DELETE_CALLS	0
APPEND_READ_1280K_PACKET_DELETE_SAMPLES	0
APPEND_READ_1280K_PACKET_DELETE_SAMPLE_TICKS	0
APPEND_READ_1280K_PACKET_FLUSH_CALLS	0
APPEND_READ_1280K_PACKET_FLUSH_SAMPLES	0
APPEND_READ_1280K_PACKET_FLUSH_SAMPLE_TICKS	0
APPEND_READ_1280K_PACKET_OTHER_CALLS	0
APPEND_READ_1280K_PACKET_OTHER_SAMPLES	0
APPEND_READ_1280K_PACKET_OTHER_SAMPLE_TICKS	0
APPEND_READ_1280K_CORE_CREATE_CALLS	0
APPEND_READ_1280K_CORE_CREATE_SAMPLES	0
APPEND_READ_1280K_CORE_CREATE_SAMPLE_TICKS	0
APPEND_READ_1280K_CORE_DELETE_CALLS	0
APPEND_READ_1280K_CORE_DELETE_SAMPLES	0
APPEND_READ_1280K_CORE_DELETE_SAMPLE_TICKS	0
APPEND_READ_1280K_CORE_FILE_WRITE_CALLS	0
APPEND_READ_1280K_CORE_FILE_WRITE_SAMPLES	0
APPEND_READ_1280K_CORE_FILE_WRITE_SAMPLE_TICKS	0
APPEND_READ_1280K_CORE_SYNC_CALLS	0
APPEND_READ_1280K_CORE_SYNC_SAMPLES	0
APPEND_READ_1280K_CORE_SYNC_SAMPLE_TICKS	0
APPEND_READ_1280K_IFACE_FREE_CALLS	0
APPEND_READ_1280K_IFACE_FREE_SAMPLES	0
APPEND_READ_1280K_IFACE_FREE_SAMPLE_TICKS	0
APPEND_READ_1280K_SEAL_COMMIT_CALLS	0
APPEND_READ_1280K_SEAL_COMMIT_SAMPLES	0
APPEND_READ_1280K_SEAL_COMMIT_SAMPLE_TICKS	0
APPEND_READ_1280K_INODE_READ_CALLS	48
APPEND_READ_1280K_BTREE_SEARCH_CALLS	50
APPEND_READ_1280K_BTREE_INDEX_HINT_HITS	46
APPEND_READ_1280K_BTREE_LEAF_HINT_HITS	2
APPEND_READ_1280K_CACHE_READ_CALLS	32
APPEND_READ_1280K_CACHE_READ_HITS	0
APPEND_READ_1280K_CACHE_READ_MISSES	32
APPEND_READ_1280K_FREE_TREE_NODE_VIEWS	0
APPEND_READ_1280K_FREE_TREE_RESIDENT_VIEWS	0
APPEND_READ_1280K_DIR_TREE_NODE_VIEWS	1
APPEND_READ_1280K_DIR_TREE_RESIDENT_VIEWS	1
APPEND_READ_1280K_INODE_TREE_NODE_VIEWS	1
APPEND_READ_1280K_INODE_TREE_RESIDENT_VIEWS	1
APPEND_READ_1280K_REFCOUNT_TREE_NODE_VIEWS	0
APPEND_READ_1280K_REFCOUNT_TREE_RESIDENT_VIEWS	0
APPEND_READ_1280K_OTHER_TREE_NODE_VIEWS	0
APPEND_READ_1280K_OTHER_TREE_RESIDENT_VIEWS	0
APPEND_READ_1280K_DIR_TREE_LEAF_NODE_VIEWS	1
APPEND_READ_1280K_DIR_TREE_LEAF_RESIDENT_VIEWS	1
APPEND_READ_1280K_DIR_TREE_INTERNAL_NODE_VIEWS	0
APPEND_READ_1280K_DIR_TREE_INTERNAL_RESIDENT_VIEWS	0
APPEND_READ_1280K_INODE_TREE_LEAF_NODE_VIEWS	1
APPEND_READ_1280K_INODE_TREE_LEAF_RESIDENT_VIEWS	1
APPEND_READ_1280K_INODE_TREE_INTERNAL_NODE_VIEWS	0
APPEND_READ_1280K_INODE_TREE_INTERNAL_RESIDENT_VIEWS	0
APPEND_READ_1280K_DETAIL_INODE_READ_CALLS	48
APPEND_READ_1280K_DETAIL_INODE_READ_SAMPLES	2
APPEND_READ_1280K_DETAIL_INODE_READ_SAMPLE_TICKS	0
APPEND_READ_1280K_DETAIL_INODE_VALIDATE_CALLS	48
APPEND_READ_1280K_DETAIL_INODE_VALIDATE_SAMPLES	2
APPEND_READ_1280K_DETAIL_INODE_VALIDATE_SAMPLE_TICKS	0
APPEND_READ_1280K_DETAIL_INODE_SEARCH_CALLS	48
APPEND_READ_1280K_DETAIL_INODE_SEARCH_SAMPLES	2
APPEND_READ_1280K_DETAIL_INODE_SEARCH_SAMPLE_TICKS	0
APPEND_READ_1280K_DETAIL_INODE_NODE_VIEW_CALLS	1
APPEND_READ_1280K_DETAIL_INODE_NODE_VIEW_SAMPLES	0
APPEND_READ_1280K_DETAIL_INODE_NODE_VIEW_SAMPLE_TICKS	0
APPEND_READ_1280K_DETAIL_DIR_NODE_VIEW_CALLS	1
APPEND_READ_1280K_DETAIL_DIR_NODE_VIEW_SAMPLES	0
APPEND_READ_1280K_DETAIL_DIR_NODE_VIEW_SAMPLE_TICKS	0
APPEND_READ_1280K_DETAIL_INODE_BINARY_SEARCH_CALLS	2
APPEND_READ_1280K_DETAIL_INODE_BINARY_SEARCH_SAMPLES	0
APPEND_READ_1280K_DETAIL_INODE_BINARY_SEARCH_SAMPLE_TICKS	0
APPEND_READ_1280K_DETAIL_DIR_BINARY_SEARCH_CALLS	2
APPEND_READ_1280K_DETAIL_DIR_BINARY_SEARCH_SAMPLES	0
APPEND_READ_1280K_DETAIL_DIR_BINARY_SEARCH_SAMPLE_TICKS	0
APPEND_READ_1280K_DETAIL_NODE_STRUCTURE_CALLS	0
APPEND_READ_1280K_DETAIL_NODE_STRUCTURE_SAMPLES	0
APPEND_READ_1280K_DETAIL_NODE_STRUCTURE_SAMPLE_TICKS	0
APPEND_READ_1280K_DETAIL_CACHE_PEEK_CALLS	50
APPEND_READ_1280K_DETAIL_CACHE_PEEK_SAMPLES	2
APPEND_READ_1280K_DETAIL_CACHE_PEEK_SAMPLE_TICKS	17
APPEND_READ_1280K_DETAIL_BUFFER_ALLOC_CALLS	2
APPEND_READ_1280K_DETAIL_BUFFER_ALLOC_SAMPLES	0
APPEND_READ_1280K_DETAIL_BUFFER_ALLOC_SAMPLE_TICKS	0
APPEND_READ_1280K_DETAIL_BUFFER_FREE_CALLS	2
APPEND_READ_1280K_DETAIL_BUFFER_FREE_SAMPLES	0
APPEND_READ_1280K_DETAIL_BUFFER_FREE_SAMPLE_TICKS	0
APPEND_READ_1280K_DETAIL_EXALL_FILL_CALLS	0
APPEND_READ_1280K_DETAIL_EXALL_FILL_SAMPLES	0
APPEND_READ_1280K_DETAIL_EXALL_FILL_SAMPLE_TICKS	0
APPEND_READ_1280K_DEFERRED_NODE_WRITES	0
LIST_EXNEXT_40_ENTRIES_FIRST_PASS_US	11137
LIST_EXNEXT_40_ENTRIES_FIRST_PASS_BIO_READS	3
LIST_EXNEXT_40_ENTRIES_FIRST_PASS_BIO_WRITES	0
LIST_EXNEXT_40_ENTRIES_FIRST_PASS_BIO_UPDATES	0
LIST_EXNEXT_40_ENTRIES_FIRST_PASS_DATA_READS	0
LIST_EXNEXT_40_ENTRIES_FIRST_PASS_DATA_WRITES	0
LIST_EXNEXT_40_ENTRIES_FIRST_PASS_NODE_WRITES	0
LIST_EXNEXT_40_ENTRIES_FIRST_PASS_TXN_COMMITS	0
LIST_EXNEXT_40_ENTRIES_FIRST_PASS_FREESPACE_ALLOCS	0
LIST_EXNEXT_40_ENTRIES_FIRST_PASS_EXTENT_MAPS	0
LIST_EXNEXT_40_ENTRIES_FIRST_PASS_READ_TICKS	1543
LIST_EXNEXT_40_ENTRIES_FIRST_PASS_WRITE_TICKS	0
LIST_EXNEXT_40_ENTRIES_FIRST_PASS_UPDATE_TICKS	0
LIST_EXNEXT_40_ENTRIES_FIRST_PASS_DATA_READ_TICKS	0
LIST_EXNEXT_40_ENTRIES_FIRST_PASS_DATA_WRITE_TICKS	0
LIST_EXNEXT_40_ENTRIES_FIRST_PASS_FREE_TREE_NODE_WRITES	0
LIST_EXNEXT_40_ENTRIES_FIRST_PASS_FREE_TREE_ALLOCATION_BODY_NODE_WRITES	0
LIST_EXNEXT_40_ENTRIES_FIRST_PASS_FREE_TREE_RESERVE_REFILL_NODE_WRITES	0
LIST_EXNEXT_40_ENTRIES_FIRST_PASS_FREE_TREE_RESERVE_RETURN_NODE_WRITES	0
LIST_EXNEXT_40_ENTRIES_FIRST_PASS_FREE_TREE_POST_PUBLISH_PENDING_RECLAIM_NODE_WRITES	0
LIST_EXNEXT_40_ENTRIES_FIRST_PASS_FREE_TREE_OTHER_NODE_WRITES	0
LIST_EXNEXT_40_ENTRIES_FIRST_PASS_DIR_TREE_NODE_WRITES	0
LIST_EXNEXT_40_ENTRIES_FIRST_PASS_INODE_TREE_NODE_WRITES	0
LIST_EXNEXT_40_ENTRIES_FIRST_PASS_REFCOUNT_TREE_NODE_WRITES	0
LIST_EXNEXT_40_ENTRIES_FIRST_PASS_OTHER_TREE_NODE_WRITES	0
LIST_EXNEXT_40_ENTRIES_FIRST_PASS_NODE_CRC_READ_CALLS	3
LIST_EXNEXT_40_ENTRIES_FIRST_PASS_NODE_CRC_READ_SAMPLES	0
LIST_EXNEXT_40_ENTRIES_FIRST_PASS_NODE_CRC_READ_SAMPLE_TICKS	0
LIST_EXNEXT_40_ENTRIES_FIRST_PASS_NODE_CRC_WRITE_CALLS	0
LIST_EXNEXT_40_ENTRIES_FIRST_PASS_NODE_CRC_WRITE_SAMPLES	0
LIST_EXNEXT_40_ENTRIES_FIRST_PASS_NODE_CRC_WRITE_SAMPLE_TICKS	0
LIST_EXNEXT_40_ENTRIES_FIRST_PASS_CLOCK_PAIR_TICKS	1
LIST_EXNEXT_40_ENTRIES_FIRST_PASS_FREE_TREE_RESERVE_RETURN_CALLS	0
LIST_EXNEXT_40_ENTRIES_FIRST_PASS_FREE_TREE_RESERVE_RETURN_RUNS	0
LIST_EXNEXT_40_ENTRIES_FIRST_PASS_FREE_TREE_RESERVE_RETURN_BLOCKS	0
LIST_EXNEXT_40_ENTRIES_FIRST_PASS_FREE_TREE_RESERVE_RETURN_RUNS_1_BLOCK	0
LIST_EXNEXT_40_ENTRIES_FIRST_PASS_FREE_TREE_RESERVE_RETURN_RUNS_2_3_BLOCKS	0
LIST_EXNEXT_40_ENTRIES_FIRST_PASS_FREE_TREE_RESERVE_RETURN_RUNS_4_7_BLOCKS	0
LIST_EXNEXT_40_ENTRIES_FIRST_PASS_FREE_TREE_RESERVE_RETURN_RUNS_8_PLUS_BLOCKS	0
LIST_EXNEXT_40_ENTRIES_FIRST_PASS_FREE_TREE_RESERVE_RETURN_MAX_RUN_BLOCKS	0
LIST_EXNEXT_40_ENTRIES_FIRST_PASS_FREE_TREE_RESERVE_RETURN_MAX_NODE_WRITES_PER_RUN	0
LIST_EXNEXT_40_ENTRIES_FIRST_PASS_POST_PUBLISH_RECLAIM_PASSES	0
LIST_EXNEXT_40_ENTRIES_FIRST_PASS_MAX_POST_PUBLISH_RECLAIM_PASSES_PER_COMMIT	0
LIST_EXNEXT_40_ENTRIES_FIRST_PASS_SUPERBLOCK_PUBLICATIONS	0
LIST_EXNEXT_40_ENTRIES_FIRST_PASS_FREE_TREE_RESERVE_RETURN_RUN_NODE_WRITES	0
LIST_EXNEXT_40_ENTRIES_FIRST_PASS_FREE_TREE_RESERVE_RETURN_BATCH_CALLS	0
LIST_EXNEXT_40_ENTRIES_FIRST_PASS_FREE_TREE_RESERVE_RETURN_BATCH_BLOCKS	0
LIST_EXNEXT_40_ENTRIES_FIRST_PASS_FREE_TREE_RESERVE_RETURN_BATCH_NODE_WRITES	0
LIST_EXNEXT_40_ENTRIES_FIRST_PASS_FREE_TREE_RESERVE_RETURN_SKIP_SHAPE	0
LIST_EXNEXT_40_ENTRIES_FIRST_PASS_FREE_TREE_RESERVE_RETURN_SKIP_SMALL	0
LIST_EXNEXT_40_ENTRIES_FIRST_PASS_FREE_TREE_RESERVE_RETURN_SKIP_EMERGENCY	0
LIST_EXNEXT_40_ENTRIES_FIRST_PASS_FREE_TREE_RESERVE_RETURN_SKIP_CAPACITY	0
LIST_EXNEXT_40_ENTRIES_FIRST_PASS_SEALED_COMMITS	0
LIST_EXNEXT_40_ENTRIES_FIRST_PASS_SEALED_METADATA_FENCES	0
LIST_EXNEXT_40_ENTRIES_FIRST_PASS_BTREE_MALLOC_CALLS	2
LIST_EXNEXT_40_ENTRIES_FIRST_PASS_BTREE_MALLOC_SAMPLES	2
LIST_EXNEXT_40_ENTRIES_FIRST_PASS_BTREE_MALLOC_SAMPLE_TICKS	47
LIST_EXNEXT_40_ENTRIES_FIRST_PASS_BTREE_FREE_CALLS	43
LIST_EXNEXT_40_ENTRIES_FIRST_PASS_BTREE_FREE_SAMPLES	43
LIST_EXNEXT_40_ENTRIES_FIRST_PASS_BTREE_FREE_SAMPLE_TICKS	83
LIST_EXNEXT_40_ENTRIES_FIRST_PASS_IFACE_ALLOC_CALLS	0
LIST_EXNEXT_40_ENTRIES_FIRST_PASS_IFACE_ALLOC_SAMPLES	0
LIST_EXNEXT_40_ENTRIES_FIRST_PASS_IFACE_ALLOC_SAMPLE_TICKS	0
LIST_EXNEXT_40_ENTRIES_FIRST_PASS_FREESPACE_ALLOC_SAMPLES	0
LIST_EXNEXT_40_ENTRIES_FIRST_PASS_FREESPACE_ALLOC_SAMPLE_TICKS	0
LIST_EXNEXT_40_ENTRIES_FIRST_PASS_PACKET_CALLS	44
LIST_EXNEXT_40_ENTRIES_FIRST_PASS_PACKET_SAMPLES	44
LIST_EXNEXT_40_ENTRIES_FIRST_PASS_PACKET_SAMPLE_TICKS	6496
LIST_EXNEXT_40_ENTRIES_FIRST_PASS_PACKET_OPEN_CALLS	0
LIST_EXNEXT_40_ENTRIES_FIRST_PASS_PACKET_OPEN_SAMPLES	0
LIST_EXNEXT_40_ENTRIES_FIRST_PASS_PACKET_OPEN_SAMPLE_TICKS	0
LIST_EXNEXT_40_ENTRIES_FIRST_PASS_PACKET_READ_CALLS	0
LIST_EXNEXT_40_ENTRIES_FIRST_PASS_PACKET_READ_SAMPLES	0
LIST_EXNEXT_40_ENTRIES_FIRST_PASS_PACKET_READ_SAMPLE_TICKS	0
LIST_EXNEXT_40_ENTRIES_FIRST_PASS_PACKET_WRITE_CALLS	0
LIST_EXNEXT_40_ENTRIES_FIRST_PASS_PACKET_WRITE_SAMPLES	0
LIST_EXNEXT_40_ENTRIES_FIRST_PASS_PACKET_WRITE_SAMPLE_TICKS	0
LIST_EXNEXT_40_ENTRIES_FIRST_PASS_PACKET_END_CALLS	0
LIST_EXNEXT_40_ENTRIES_FIRST_PASS_PACKET_END_SAMPLES	0
LIST_EXNEXT_40_ENTRIES_FIRST_PASS_PACKET_END_SAMPLE_TICKS	0
LIST_EXNEXT_40_ENTRIES_FIRST_PASS_PACKET_DELETE_CALLS	0
LIST_EXNEXT_40_ENTRIES_FIRST_PASS_PACKET_DELETE_SAMPLES	0
LIST_EXNEXT_40_ENTRIES_FIRST_PASS_PACKET_DELETE_SAMPLE_TICKS	0
LIST_EXNEXT_40_ENTRIES_FIRST_PASS_PACKET_FLUSH_CALLS	0
LIST_EXNEXT_40_ENTRIES_FIRST_PASS_PACKET_FLUSH_SAMPLES	0
LIST_EXNEXT_40_ENTRIES_FIRST_PASS_PACKET_FLUSH_SAMPLE_TICKS	0
LIST_EXNEXT_40_ENTRIES_FIRST_PASS_PACKET_OTHER_CALLS	44
LIST_EXNEXT_40_ENTRIES_FIRST_PASS_PACKET_OTHER_SAMPLES	44
LIST_EXNEXT_40_ENTRIES_FIRST_PASS_PACKET_OTHER_SAMPLE_TICKS	6496
LIST_EXNEXT_40_ENTRIES_FIRST_PASS_CORE_CREATE_CALLS	0
LIST_EXNEXT_40_ENTRIES_FIRST_PASS_CORE_CREATE_SAMPLES	0
LIST_EXNEXT_40_ENTRIES_FIRST_PASS_CORE_CREATE_SAMPLE_TICKS	0
LIST_EXNEXT_40_ENTRIES_FIRST_PASS_CORE_DELETE_CALLS	0
LIST_EXNEXT_40_ENTRIES_FIRST_PASS_CORE_DELETE_SAMPLES	0
LIST_EXNEXT_40_ENTRIES_FIRST_PASS_CORE_DELETE_SAMPLE_TICKS	0
LIST_EXNEXT_40_ENTRIES_FIRST_PASS_CORE_FILE_WRITE_CALLS	0
LIST_EXNEXT_40_ENTRIES_FIRST_PASS_CORE_FILE_WRITE_SAMPLES	0
LIST_EXNEXT_40_ENTRIES_FIRST_PASS_CORE_FILE_WRITE_SAMPLE_TICKS	0
LIST_EXNEXT_40_ENTRIES_FIRST_PASS_CORE_SYNC_CALLS	0
LIST_EXNEXT_40_ENTRIES_FIRST_PASS_CORE_SYNC_SAMPLES	0
LIST_EXNEXT_40_ENTRIES_FIRST_PASS_CORE_SYNC_SAMPLE_TICKS	0
LIST_EXNEXT_40_ENTRIES_FIRST_PASS_IFACE_FREE_CALLS	0
LIST_EXNEXT_40_ENTRIES_FIRST_PASS_IFACE_FREE_SAMPLES	0
LIST_EXNEXT_40_ENTRIES_FIRST_PASS_IFACE_FREE_SAMPLE_TICKS	0
LIST_EXNEXT_40_ENTRIES_FIRST_PASS_SEAL_COMMIT_CALLS	0
LIST_EXNEXT_40_ENTRIES_FIRST_PASS_SEAL_COMMIT_SAMPLES	0
LIST_EXNEXT_40_ENTRIES_FIRST_PASS_SEAL_COMMIT_SAMPLE_TICKS	0
LIST_EXNEXT_40_ENTRIES_FIRST_PASS_INODE_READ_CALLS	41
LIST_EXNEXT_40_ENTRIES_FIRST_PASS_BTREE_SEARCH_CALLS	42
LIST_EXNEXT_40_ENTRIES_FIRST_PASS_BTREE_INDEX_HINT_HITS	0
LIST_EXNEXT_40_ENTRIES_FIRST_PASS_BTREE_LEAF_HINT_HITS	39
LIST_EXNEXT_40_ENTRIES_FIRST_PASS_CACHE_READ_CALLS	5
LIST_EXNEXT_40_ENTRIES_FIRST_PASS_CACHE_READ_HITS	2
LIST_EXNEXT_40_ENTRIES_FIRST_PASS_CACHE_READ_MISSES	3
LIST_EXNEXT_40_ENTRIES_FIRST_PASS_FREE_TREE_NODE_VIEWS	0
LIST_EXNEXT_40_ENTRIES_FIRST_PASS_FREE_TREE_RESIDENT_VIEWS	0
LIST_EXNEXT_40_ENTRIES_FIRST_PASS_DIR_TREE_NODE_VIEWS	10
LIST_EXNEXT_40_ENTRIES_FIRST_PASS_DIR_TREE_RESIDENT_VIEWS	8
LIST_EXNEXT_40_ENTRIES_FIRST_PASS_INODE_TREE_NODE_VIEWS	4
LIST_EXNEXT_40_ENTRIES_FIRST_PASS_INODE_TREE_RESIDENT_VIEWS	1
LIST_EXNEXT_40_ENTRIES_FIRST_PASS_REFCOUNT_TREE_NODE_VIEWS	0
LIST_EXNEXT_40_ENTRIES_FIRST_PASS_REFCOUNT_TREE_RESIDENT_VIEWS	0
LIST_EXNEXT_40_ENTRIES_FIRST_PASS_OTHER_TREE_NODE_VIEWS	0
LIST_EXNEXT_40_ENTRIES_FIRST_PASS_OTHER_TREE_RESIDENT_VIEWS	0
LIST_EXNEXT_40_ENTRIES_FIRST_PASS_DIR_TREE_LEAF_NODE_VIEWS	5
LIST_EXNEXT_40_ENTRIES_FIRST_PASS_DIR_TREE_LEAF_RESIDENT_VIEWS	4
LIST_EXNEXT_40_ENTRIES_FIRST_PASS_DIR_TREE_INTERNAL_NODE_VIEWS	5
LIST_EXNEXT_40_ENTRIES_FIRST_PASS_DIR_TREE_INTERNAL_RESIDENT_VIEWS	4
LIST_EXNEXT_40_ENTRIES_FIRST_PASS_INODE_TREE_LEAF_NODE_VIEWS	2
LIST_EXNEXT_40_ENTRIES_FIRST_PASS_INODE_TREE_LEAF_RESIDENT_VIEWS	0
LIST_EXNEXT_40_ENTRIES_FIRST_PASS_INODE_TREE_INTERNAL_NODE_VIEWS	2
LIST_EXNEXT_40_ENTRIES_FIRST_PASS_INODE_TREE_INTERNAL_RESIDENT_VIEWS	1
LIST_EXNEXT_40_ENTRIES_FIRST_PASS_DETAIL_INODE_READ_CALLS	41
LIST_EXNEXT_40_ENTRIES_FIRST_PASS_DETAIL_INODE_READ_SAMPLES	2
LIST_EXNEXT_40_ENTRIES_FIRST_PASS_DETAIL_INODE_READ_SAMPLE_TICKS	45
LIST_EXNEXT_40_ENTRIES_FIRST_PASS_DETAIL_INODE_VALIDATE_CALLS	41
LIST_EXNEXT_40_ENTRIES_FIRST_PASS_DETAIL_INODE_VALIDATE_SAMPLES	2
LIST_EXNEXT_40_ENTRIES_FIRST_PASS_DETAIL_INODE_VALIDATE_SAMPLE_TICKS	0
LIST_EXNEXT_40_ENTRIES_FIRST_PASS_DETAIL_INODE_SEARCH_CALLS	41
LIST_EXNEXT_40_ENTRIES_FIRST_PASS_DETAIL_INODE_SEARCH_SAMPLES	2
LIST_EXNEXT_40_ENTRIES_FIRST_PASS_DETAIL_INODE_SEARCH_SAMPLE_TICKS	45
LIST_EXNEXT_40_ENTRIES_FIRST_PASS_DETAIL_INODE_NODE_VIEW_CALLS	4
LIST_EXNEXT_40_ENTRIES_FIRST_PASS_DETAIL_INODE_NODE_VIEW_SAMPLES	0
LIST_EXNEXT_40_ENTRIES_FIRST_PASS_DETAIL_INODE_NODE_VIEW_SAMPLE_TICKS	0
LIST_EXNEXT_40_ENTRIES_FIRST_PASS_DETAIL_DIR_NODE_VIEW_CALLS	10
LIST_EXNEXT_40_ENTRIES_FIRST_PASS_DETAIL_DIR_NODE_VIEW_SAMPLES	0
LIST_EXNEXT_40_ENTRIES_FIRST_PASS_DETAIL_DIR_NODE_VIEW_SAMPLE_TICKS	0
LIST_EXNEXT_40_ENTRIES_FIRST_PASS_DETAIL_INODE_BINARY_SEARCH_CALLS	31
LIST_EXNEXT_40_ENTRIES_FIRST_PASS_DETAIL_INODE_BINARY_SEARCH_SAMPLES	1
LIST_EXNEXT_40_ENTRIES_FIRST_PASS_DETAIL_INODE_BINARY_SEARCH_SAMPLE_TICKS	0
LIST_EXNEXT_40_ENTRIES_FIRST_PASS_DETAIL_DIR_BINARY_SEARCH_CALLS	8
LIST_EXNEXT_40_ENTRIES_FIRST_PASS_DETAIL_DIR_BINARY_SEARCH_SAMPLES	0
LIST_EXNEXT_40_ENTRIES_FIRST_PASS_DETAIL_DIR_BINARY_SEARCH_SAMPLE_TICKS	0
LIST_EXNEXT_40_ENTRIES_FIRST_PASS_DETAIL_NODE_STRUCTURE_CALLS	5
LIST_EXNEXT_40_ENTRIES_FIRST_PASS_DETAIL_NODE_STRUCTURE_SAMPLES	0
LIST_EXNEXT_40_ENTRIES_FIRST_PASS_DETAIL_NODE_STRUCTURE_SAMPLE_TICKS	0
LIST_EXNEXT_40_ENTRIES_FIRST_PASS_DETAIL_CACHE_PEEK_CALLS	54
LIST_EXNEXT_40_ENTRIES_FIRST_PASS_DETAIL_CACHE_PEEK_SAMPLES	3
LIST_EXNEXT_40_ENTRIES_FIRST_PASS_DETAIL_CACHE_PEEK_SAMPLE_TICKS	0
LIST_EXNEXT_40_ENTRIES_FIRST_PASS_DETAIL_BUFFER_ALLOC_CALLS	45
LIST_EXNEXT_40_ENTRIES_FIRST_PASS_DETAIL_BUFFER_ALLOC_SAMPLES	2
LIST_EXNEXT_40_ENTRIES_FIRST_PASS_DETAIL_BUFFER_ALLOC_SAMPLE_TICKS	0
LIST_EXNEXT_40_ENTRIES_FIRST_PASS_DETAIL_BUFFER_FREE_CALLS	45
LIST_EXNEXT_40_ENTRIES_FIRST_PASS_DETAIL_BUFFER_FREE_SAMPLES	2
LIST_EXNEXT_40_ENTRIES_FIRST_PASS_DETAIL_BUFFER_FREE_SAMPLE_TICKS	45
LIST_EXNEXT_40_ENTRIES_FIRST_PASS_DETAIL_EXALL_FILL_CALLS	0
LIST_EXNEXT_40_ENTRIES_FIRST_PASS_DETAIL_EXALL_FILL_SAMPLES	0
LIST_EXNEXT_40_ENTRIES_FIRST_PASS_DETAIL_EXALL_FILL_SAMPLE_TICKS	0
LIST_EXNEXT_40_ENTRIES_FIRST_PASS_DEFERRED_NODE_WRITES	0
LIST_EXNEXT_40_ENTRIES_REPEAT10_TOTAL_US	42688
LIST_EXNEXT_40_ENTRIES_REPEAT10_TOTAL_BIO_READS	0
LIST_EXNEXT_40_ENTRIES_REPEAT10_TOTAL_BIO_WRITES	0
LIST_EXNEXT_40_ENTRIES_REPEAT10_TOTAL_BIO_UPDATES	0
LIST_EXNEXT_40_ENTRIES_REPEAT10_TOTAL_DATA_READS	0
LIST_EXNEXT_40_ENTRIES_REPEAT10_TOTAL_DATA_WRITES	0
LIST_EXNEXT_40_ENTRIES_REPEAT10_TOTAL_NODE_WRITES	0
LIST_EXNEXT_40_ENTRIES_REPEAT10_TOTAL_TXN_COMMITS	0
LIST_EXNEXT_40_ENTRIES_REPEAT10_TOTAL_FREESPACE_ALLOCS	0
LIST_EXNEXT_40_ENTRIES_REPEAT10_TOTAL_EXTENT_MAPS	0
LIST_EXNEXT_40_ENTRIES_REPEAT10_TOTAL_READ_TICKS	0
LIST_EXNEXT_40_ENTRIES_REPEAT10_TOTAL_WRITE_TICKS	0
LIST_EXNEXT_40_ENTRIES_REPEAT10_TOTAL_UPDATE_TICKS	0
LIST_EXNEXT_40_ENTRIES_REPEAT10_TOTAL_DATA_READ_TICKS	0
LIST_EXNEXT_40_ENTRIES_REPEAT10_TOTAL_DATA_WRITE_TICKS	0
LIST_EXNEXT_40_ENTRIES_REPEAT10_TOTAL_FREE_TREE_NODE_WRITES	0
LIST_EXNEXT_40_ENTRIES_REPEAT10_TOTAL_FREE_TREE_ALLOCATION_BODY_NODE_WRITES	0
LIST_EXNEXT_40_ENTRIES_REPEAT10_TOTAL_FREE_TREE_RESERVE_REFILL_NODE_WRITES	0
LIST_EXNEXT_40_ENTRIES_REPEAT10_TOTAL_FREE_TREE_RESERVE_RETURN_NODE_WRITES	0
LIST_EXNEXT_40_ENTRIES_REPEAT10_TOTAL_FREE_TREE_POST_PUBLISH_PENDING_RECLAIM_NODE_WRITES	0
LIST_EXNEXT_40_ENTRIES_REPEAT10_TOTAL_FREE_TREE_OTHER_NODE_WRITES	0
LIST_EXNEXT_40_ENTRIES_REPEAT10_TOTAL_DIR_TREE_NODE_WRITES	0
LIST_EXNEXT_40_ENTRIES_REPEAT10_TOTAL_INODE_TREE_NODE_WRITES	0
LIST_EXNEXT_40_ENTRIES_REPEAT10_TOTAL_REFCOUNT_TREE_NODE_WRITES	0
LIST_EXNEXT_40_ENTRIES_REPEAT10_TOTAL_OTHER_TREE_NODE_WRITES	0
LIST_EXNEXT_40_ENTRIES_REPEAT10_TOTAL_NODE_CRC_READ_CALLS	0
LIST_EXNEXT_40_ENTRIES_REPEAT10_TOTAL_NODE_CRC_READ_SAMPLES	0
LIST_EXNEXT_40_ENTRIES_REPEAT10_TOTAL_NODE_CRC_READ_SAMPLE_TICKS	0
LIST_EXNEXT_40_ENTRIES_REPEAT10_TOTAL_NODE_CRC_WRITE_CALLS	0
LIST_EXNEXT_40_ENTRIES_REPEAT10_TOTAL_NODE_CRC_WRITE_SAMPLES	0
LIST_EXNEXT_40_ENTRIES_REPEAT10_TOTAL_NODE_CRC_WRITE_SAMPLE_TICKS	0
LIST_EXNEXT_40_ENTRIES_REPEAT10_TOTAL_CLOCK_PAIR_TICKS	0
LIST_EXNEXT_40_ENTRIES_REPEAT10_TOTAL_FREE_TREE_RESERVE_RETURN_CALLS	0
LIST_EXNEXT_40_ENTRIES_REPEAT10_TOTAL_FREE_TREE_RESERVE_RETURN_RUNS	0
LIST_EXNEXT_40_ENTRIES_REPEAT10_TOTAL_FREE_TREE_RESERVE_RETURN_BLOCKS	0
LIST_EXNEXT_40_ENTRIES_REPEAT10_TOTAL_FREE_TREE_RESERVE_RETURN_RUNS_1_BLOCK	0
LIST_EXNEXT_40_ENTRIES_REPEAT10_TOTAL_FREE_TREE_RESERVE_RETURN_RUNS_2_3_BLOCKS	0
LIST_EXNEXT_40_ENTRIES_REPEAT10_TOTAL_FREE_TREE_RESERVE_RETURN_RUNS_4_7_BLOCKS	0
LIST_EXNEXT_40_ENTRIES_REPEAT10_TOTAL_FREE_TREE_RESERVE_RETURN_RUNS_8_PLUS_BLOCKS	0
LIST_EXNEXT_40_ENTRIES_REPEAT10_TOTAL_FREE_TREE_RESERVE_RETURN_MAX_RUN_BLOCKS	0
LIST_EXNEXT_40_ENTRIES_REPEAT10_TOTAL_FREE_TREE_RESERVE_RETURN_MAX_NODE_WRITES_PER_RUN	0
LIST_EXNEXT_40_ENTRIES_REPEAT10_TOTAL_POST_PUBLISH_RECLAIM_PASSES	0
LIST_EXNEXT_40_ENTRIES_REPEAT10_TOTAL_MAX_POST_PUBLISH_RECLAIM_PASSES_PER_COMMIT	0
LIST_EXNEXT_40_ENTRIES_REPEAT10_TOTAL_SUPERBLOCK_PUBLICATIONS	0
LIST_EXNEXT_40_ENTRIES_REPEAT10_TOTAL_FREE_TREE_RESERVE_RETURN_RUN_NODE_WRITES	0
LIST_EXNEXT_40_ENTRIES_REPEAT10_TOTAL_FREE_TREE_RESERVE_RETURN_BATCH_CALLS	0
LIST_EXNEXT_40_ENTRIES_REPEAT10_TOTAL_FREE_TREE_RESERVE_RETURN_BATCH_BLOCKS	0
LIST_EXNEXT_40_ENTRIES_REPEAT10_TOTAL_FREE_TREE_RESERVE_RETURN_BATCH_NODE_WRITES	0
LIST_EXNEXT_40_ENTRIES_REPEAT10_TOTAL_FREE_TREE_RESERVE_RETURN_SKIP_SHAPE	0
LIST_EXNEXT_40_ENTRIES_REPEAT10_TOTAL_FREE_TREE_RESERVE_RETURN_SKIP_SMALL	0
LIST_EXNEXT_40_ENTRIES_REPEAT10_TOTAL_FREE_TREE_RESERVE_RETURN_SKIP_EMERGENCY	0
LIST_EXNEXT_40_ENTRIES_REPEAT10_TOTAL_FREE_TREE_RESERVE_RETURN_SKIP_CAPACITY	0
LIST_EXNEXT_40_ENTRIES_REPEAT10_TOTAL_SEALED_COMMITS	0
LIST_EXNEXT_40_ENTRIES_REPEAT10_TOTAL_SEALED_METADATA_FENCES	0
LIST_EXNEXT_40_ENTRIES_REPEAT10_TOTAL_BTREE_MALLOC_CALLS	11
LIST_EXNEXT_40_ENTRIES_REPEAT10_TOTAL_BTREE_MALLOC_SAMPLES	11
LIST_EXNEXT_40_ENTRIES_REPEAT10_TOTAL_BTREE_MALLOC_SAMPLE_TICKS	90
LIST_EXNEXT_40_ENTRIES_REPEAT10_TOTAL_BTREE_FREE_CALLS	421
LIST_EXNEXT_40_ENTRIES_REPEAT10_TOTAL_BTREE_FREE_SAMPLES	421
LIST_EXNEXT_40_ENTRIES_REPEAT10_TOTAL_BTREE_FREE_SAMPLE_TICKS	758
LIST_EXNEXT_40_ENTRIES_REPEAT10_TOTAL_IFACE_ALLOC_CALLS	0
LIST_EXNEXT_40_ENTRIES_REPEAT10_TOTAL_IFACE_ALLOC_SAMPLES	0
LIST_EXNEXT_40_ENTRIES_REPEAT10_TOTAL_IFACE_ALLOC_SAMPLE_TICKS	0
LIST_EXNEXT_40_ENTRIES_REPEAT10_TOTAL_FREESPACE_ALLOC_SAMPLES	0
LIST_EXNEXT_40_ENTRIES_REPEAT10_TOTAL_FREESPACE_ALLOC_SAMPLE_TICKS	0
LIST_EXNEXT_40_ENTRIES_REPEAT10_TOTAL_PACKET_CALLS	422
LIST_EXNEXT_40_ENTRIES_REPEAT10_TOTAL_PACKET_SAMPLES	422
LIST_EXNEXT_40_ENTRIES_REPEAT10_TOTAL_PACKET_SAMPLE_TICKS	21761
LIST_EXNEXT_40_ENTRIES_REPEAT10_TOTAL_PACKET_OPEN_CALLS	0
LIST_EXNEXT_40_ENTRIES_REPEAT10_TOTAL_PACKET_OPEN_SAMPLES	0
LIST_EXNEXT_40_ENTRIES_REPEAT10_TOTAL_PACKET_OPEN_SAMPLE_TICKS	0
LIST_EXNEXT_40_ENTRIES_REPEAT10_TOTAL_PACKET_READ_CALLS	0
LIST_EXNEXT_40_ENTRIES_REPEAT10_TOTAL_PACKET_READ_SAMPLES	0
LIST_EXNEXT_40_ENTRIES_REPEAT10_TOTAL_PACKET_READ_SAMPLE_TICKS	0
LIST_EXNEXT_40_ENTRIES_REPEAT10_TOTAL_PACKET_WRITE_CALLS	0
LIST_EXNEXT_40_ENTRIES_REPEAT10_TOTAL_PACKET_WRITE_SAMPLES	0
LIST_EXNEXT_40_ENTRIES_REPEAT10_TOTAL_PACKET_WRITE_SAMPLE_TICKS	0
LIST_EXNEXT_40_ENTRIES_REPEAT10_TOTAL_PACKET_END_CALLS	0
LIST_EXNEXT_40_ENTRIES_REPEAT10_TOTAL_PACKET_END_SAMPLES	0
LIST_EXNEXT_40_ENTRIES_REPEAT10_TOTAL_PACKET_END_SAMPLE_TICKS	0
LIST_EXNEXT_40_ENTRIES_REPEAT10_TOTAL_PACKET_DELETE_CALLS	0
LIST_EXNEXT_40_ENTRIES_REPEAT10_TOTAL_PACKET_DELETE_SAMPLES	0
LIST_EXNEXT_40_ENTRIES_REPEAT10_TOTAL_PACKET_DELETE_SAMPLE_TICKS	0
LIST_EXNEXT_40_ENTRIES_REPEAT10_TOTAL_PACKET_FLUSH_CALLS	0
LIST_EXNEXT_40_ENTRIES_REPEAT10_TOTAL_PACKET_FLUSH_SAMPLES	0
LIST_EXNEXT_40_ENTRIES_REPEAT10_TOTAL_PACKET_FLUSH_SAMPLE_TICKS	0
LIST_EXNEXT_40_ENTRIES_REPEAT10_TOTAL_PACKET_OTHER_CALLS	422
LIST_EXNEXT_40_ENTRIES_REPEAT10_TOTAL_PACKET_OTHER_SAMPLES	422
LIST_EXNEXT_40_ENTRIES_REPEAT10_TOTAL_PACKET_OTHER_SAMPLE_TICKS	21761
LIST_EXNEXT_40_ENTRIES_REPEAT10_TOTAL_CORE_CREATE_CALLS	0
LIST_EXNEXT_40_ENTRIES_REPEAT10_TOTAL_CORE_CREATE_SAMPLES	0
LIST_EXNEXT_40_ENTRIES_REPEAT10_TOTAL_CORE_CREATE_SAMPLE_TICKS	0
LIST_EXNEXT_40_ENTRIES_REPEAT10_TOTAL_CORE_DELETE_CALLS	0
LIST_EXNEXT_40_ENTRIES_REPEAT10_TOTAL_CORE_DELETE_SAMPLES	0
LIST_EXNEXT_40_ENTRIES_REPEAT10_TOTAL_CORE_DELETE_SAMPLE_TICKS	0
LIST_EXNEXT_40_ENTRIES_REPEAT10_TOTAL_CORE_FILE_WRITE_CALLS	0
LIST_EXNEXT_40_ENTRIES_REPEAT10_TOTAL_CORE_FILE_WRITE_SAMPLES	0
LIST_EXNEXT_40_ENTRIES_REPEAT10_TOTAL_CORE_FILE_WRITE_SAMPLE_TICKS	0
LIST_EXNEXT_40_ENTRIES_REPEAT10_TOTAL_CORE_SYNC_CALLS	0
LIST_EXNEXT_40_ENTRIES_REPEAT10_TOTAL_CORE_SYNC_SAMPLES	0
LIST_EXNEXT_40_ENTRIES_REPEAT10_TOTAL_CORE_SYNC_SAMPLE_TICKS	0
LIST_EXNEXT_40_ENTRIES_REPEAT10_TOTAL_IFACE_FREE_CALLS	0
LIST_EXNEXT_40_ENTRIES_REPEAT10_TOTAL_IFACE_FREE_SAMPLES	0
LIST_EXNEXT_40_ENTRIES_REPEAT10_TOTAL_IFACE_FREE_SAMPLE_TICKS	0
LIST_EXNEXT_40_ENTRIES_REPEAT10_TOTAL_SEAL_COMMIT_CALLS	0
LIST_EXNEXT_40_ENTRIES_REPEAT10_TOTAL_SEAL_COMMIT_SAMPLES	0
LIST_EXNEXT_40_ENTRIES_REPEAT10_TOTAL_SEAL_COMMIT_SAMPLE_TICKS	0
LIST_EXNEXT_40_ENTRIES_REPEAT10_TOTAL_INODE_READ_CALLS	410
LIST_EXNEXT_40_ENTRIES_REPEAT10_TOTAL_BTREE_SEARCH_CALLS	411
LIST_EXNEXT_40_ENTRIES_REPEAT10_TOTAL_BTREE_INDEX_HINT_HITS	370
LIST_EXNEXT_40_ENTRIES_REPEAT10_TOTAL_BTREE_LEAF_HINT_HITS	41
LIST_EXNEXT_40_ENTRIES_REPEAT10_TOTAL_CACHE_READ_CALLS	0
LIST_EXNEXT_40_ENTRIES_REPEAT10_TOTAL_CACHE_READ_HITS	0
LIST_EXNEXT_40_ENTRIES_REPEAT10_TOTAL_CACHE_READ_MISSES	0
LIST_EXNEXT_40_ENTRIES_REPEAT10_TOTAL_FREE_TREE_NODE_VIEWS	0
LIST_EXNEXT_40_ENTRIES_REPEAT10_TOTAL_FREE_TREE_RESIDENT_VIEWS	0
LIST_EXNEXT_40_ENTRIES_REPEAT10_TOTAL_DIR_TREE_NODE_VIEWS	80
LIST_EXNEXT_40_ENTRIES_REPEAT10_TOTAL_DIR_TREE_RESIDENT_VIEWS	80
LIST_EXNEXT_40_ENTRIES_REPEAT10_TOTAL_INODE_TREE_NODE_VIEWS	0
LIST_EXNEXT_40_ENTRIES_REPEAT10_TOTAL_INODE_TREE_RESIDENT_VIEWS	0
LIST_EXNEXT_40_ENTRIES_REPEAT10_TOTAL_REFCOUNT_TREE_NODE_VIEWS	0
LIST_EXNEXT_40_ENTRIES_REPEAT10_TOTAL_REFCOUNT_TREE_RESIDENT_VIEWS	0
LIST_EXNEXT_40_ENTRIES_REPEAT10_TOTAL_OTHER_TREE_NODE_VIEWS	0
LIST_EXNEXT_40_ENTRIES_REPEAT10_TOTAL_OTHER_TREE_RESIDENT_VIEWS	0
LIST_EXNEXT_40_ENTRIES_REPEAT10_TOTAL_DIR_TREE_LEAF_NODE_VIEWS	40
LIST_EXNEXT_40_ENTRIES_REPEAT10_TOTAL_DIR_TREE_LEAF_RESIDENT_VIEWS	40
LIST_EXNEXT_40_ENTRIES_REPEAT10_TOTAL_DIR_TREE_INTERNAL_NODE_VIEWS	40
LIST_EXNEXT_40_ENTRIES_REPEAT10_TOTAL_DIR_TREE_INTERNAL_RESIDENT_VIEWS	40
LIST_EXNEXT_40_ENTRIES_REPEAT10_TOTAL_INODE_TREE_LEAF_NODE_VIEWS	0
LIST_EXNEXT_40_ENTRIES_REPEAT10_TOTAL_INODE_TREE_LEAF_RESIDENT_VIEWS	0
LIST_EXNEXT_40_ENTRIES_REPEAT10_TOTAL_INODE_TREE_INTERNAL_NODE_VIEWS	0
LIST_EXNEXT_40_ENTRIES_REPEAT10_TOTAL_INODE_TREE_INTERNAL_RESIDENT_VIEWS	0
LIST_EXNEXT_40_ENTRIES_REPEAT10_TOTAL_DETAIL_INODE_READ_CALLS	410
LIST_EXNEXT_40_ENTRIES_REPEAT10_TOTAL_DETAIL_INODE_READ_SAMPLES	24
LIST_EXNEXT_40_ENTRIES_REPEAT10_TOTAL_DETAIL_INODE_READ_SAMPLE_TICKS	361
LIST_EXNEXT_40_ENTRIES_REPEAT10_TOTAL_DETAIL_INODE_VALIDATE_CALLS	410
LIST_EXNEXT_40_ENTRIES_REPEAT10_TOTAL_DETAIL_INODE_VALIDATE_SAMPLES	24
LIST_EXNEXT_40_ENTRIES_REPEAT10_TOTAL_DETAIL_INODE_VALIDATE_SAMPLE_TICKS	98
LIST_EXNEXT_40_ENTRIES_REPEAT10_TOTAL_DETAIL_INODE_SEARCH_CALLS	410
LIST_EXNEXT_40_ENTRIES_REPEAT10_TOTAL_DETAIL_INODE_SEARCH_SAMPLES	24
LIST_EXNEXT_40_ENTRIES_REPEAT10_TOTAL_DETAIL_INODE_SEARCH_SAMPLE_TICKS	158
LIST_EXNEXT_40_ENTRIES_REPEAT10_TOTAL_DETAIL_INODE_NODE_VIEW_CALLS	0
LIST_EXNEXT_40_ENTRIES_REPEAT10_TOTAL_DETAIL_INODE_NODE_VIEW_SAMPLES	0
LIST_EXNEXT_40_ENTRIES_REPEAT10_TOTAL_DETAIL_INODE_NODE_VIEW_SAMPLE_TICKS	0
LIST_EXNEXT_40_ENTRIES_REPEAT10_TOTAL_DETAIL_DIR_NODE_VIEW_CALLS	80
LIST_EXNEXT_40_ENTRIES_REPEAT10_TOTAL_DETAIL_DIR_NODE_VIEW_SAMPLES	4
LIST_EXNEXT_40_ENTRIES_REPEAT10_TOTAL_DETAIL_DIR_NODE_VIEW_SAMPLE_TICKS	0
LIST_EXNEXT_40_ENTRIES_REPEAT10_TOTAL_DETAIL_INODE_BINARY_SEARCH_CALLS	20
LIST_EXNEXT_40_ENTRIES_REPEAT10_TOTAL_DETAIL_INODE_BINARY_SEARCH_SAMPLES	1
LIST_EXNEXT_40_ENTRIES_REPEAT10_TOTAL_DETAIL_INODE_BINARY_SEARCH_SAMPLE_TICKS	0
LIST_EXNEXT_40_ENTRIES_REPEAT10_TOTAL_DETAIL_DIR_BINARY_SEARCH_CALLS	61
LIST_EXNEXT_40_ENTRIES_REPEAT10_TOTAL_DETAIL_DIR_BINARY_SEARCH_SAMPLES	3
LIST_EXNEXT_40_ENTRIES_REPEAT10_TOTAL_DETAIL_DIR_BINARY_SEARCH_SAMPLE_TICKS	0
LIST_EXNEXT_40_ENTRIES_REPEAT10_TOTAL_DETAIL_NODE_STRUCTURE_CALLS	0
LIST_EXNEXT_40_ENTRIES_REPEAT10_TOTAL_DETAIL_NODE_STRUCTURE_SAMPLES	0
LIST_EXNEXT_40_ENTRIES_REPEAT10_TOTAL_DETAIL_NODE_STRUCTURE_SAMPLE_TICKS	0
LIST_EXNEXT_40_ENTRIES_REPEAT10_TOTAL_DETAIL_CACHE_PEEK_CALLS	491
LIST_EXNEXT_40_ENTRIES_REPEAT10_TOTAL_DETAIL_CACHE_PEEK_SAMPLES	28
LIST_EXNEXT_40_ENTRIES_REPEAT10_TOTAL_DETAIL_CACHE_PEEK_SAMPLE_TICKS	171
LIST_EXNEXT_40_ENTRIES_REPEAT10_TOTAL_DETAIL_BUFFER_ALLOC_CALLS	420
LIST_EXNEXT_40_ENTRIES_REPEAT10_TOTAL_DETAIL_BUFFER_ALLOC_SAMPLES	24
LIST_EXNEXT_40_ENTRIES_REPEAT10_TOTAL_DETAIL_BUFFER_ALLOC_SAMPLE_TICKS	0
LIST_EXNEXT_40_ENTRIES_REPEAT10_TOTAL_DETAIL_BUFFER_FREE_CALLS	420
LIST_EXNEXT_40_ENTRIES_REPEAT10_TOTAL_DETAIL_BUFFER_FREE_SAMPLES	24
LIST_EXNEXT_40_ENTRIES_REPEAT10_TOTAL_DETAIL_BUFFER_FREE_SAMPLE_TICKS	49
LIST_EXNEXT_40_ENTRIES_REPEAT10_TOTAL_DETAIL_EXALL_FILL_CALLS	0
LIST_EXNEXT_40_ENTRIES_REPEAT10_TOTAL_DETAIL_EXALL_FILL_SAMPLES	0
LIST_EXNEXT_40_ENTRIES_REPEAT10_TOTAL_DETAIL_EXALL_FILL_SAMPLE_TICKS	0
LIST_EXNEXT_40_ENTRIES_REPEAT10_TOTAL_DEFERRED_NODE_WRITES	0
LIST_EXALL_40_ENTRIES_FIRST_PASS_US	2851
LIST_EXALL_40_ENTRIES_FIRST_PASS_BIO_READS	2
LIST_EXALL_40_ENTRIES_FIRST_PASS_BIO_WRITES	0
LIST_EXALL_40_ENTRIES_FIRST_PASS_BIO_UPDATES	0
LIST_EXALL_40_ENTRIES_FIRST_PASS_DATA_READS	0
LIST_EXALL_40_ENTRIES_FIRST_PASS_DATA_WRITES	0
LIST_EXALL_40_ENTRIES_FIRST_PASS_NODE_WRITES	0
LIST_EXALL_40_ENTRIES_FIRST_PASS_TXN_COMMITS	0
LIST_EXALL_40_ENTRIES_FIRST_PASS_FREESPACE_ALLOCS	0
LIST_EXALL_40_ENTRIES_FIRST_PASS_EXTENT_MAPS	0
LIST_EXALL_40_ENTRIES_FIRST_PASS_READ_TICKS	182
LIST_EXALL_40_ENTRIES_FIRST_PASS_WRITE_TICKS	0
LIST_EXALL_40_ENTRIES_FIRST_PASS_UPDATE_TICKS	0
LIST_EXALL_40_ENTRIES_FIRST_PASS_DATA_READ_TICKS	0
LIST_EXALL_40_ENTRIES_FIRST_PASS_DATA_WRITE_TICKS	0
LIST_EXALL_40_ENTRIES_FIRST_PASS_FREE_TREE_NODE_WRITES	0
LIST_EXALL_40_ENTRIES_FIRST_PASS_FREE_TREE_ALLOCATION_BODY_NODE_WRITES	0
LIST_EXALL_40_ENTRIES_FIRST_PASS_FREE_TREE_RESERVE_REFILL_NODE_WRITES	0
LIST_EXALL_40_ENTRIES_FIRST_PASS_FREE_TREE_RESERVE_RETURN_NODE_WRITES	0
LIST_EXALL_40_ENTRIES_FIRST_PASS_FREE_TREE_POST_PUBLISH_PENDING_RECLAIM_NODE_WRITES	0
LIST_EXALL_40_ENTRIES_FIRST_PASS_FREE_TREE_OTHER_NODE_WRITES	0
LIST_EXALL_40_ENTRIES_FIRST_PASS_DIR_TREE_NODE_WRITES	0
LIST_EXALL_40_ENTRIES_FIRST_PASS_INODE_TREE_NODE_WRITES	0
LIST_EXALL_40_ENTRIES_FIRST_PASS_REFCOUNT_TREE_NODE_WRITES	0
LIST_EXALL_40_ENTRIES_FIRST_PASS_OTHER_TREE_NODE_WRITES	0
LIST_EXALL_40_ENTRIES_FIRST_PASS_NODE_CRC_READ_CALLS	2
LIST_EXALL_40_ENTRIES_FIRST_PASS_NODE_CRC_READ_SAMPLES	0
LIST_EXALL_40_ENTRIES_FIRST_PASS_NODE_CRC_READ_SAMPLE_TICKS	0
LIST_EXALL_40_ENTRIES_FIRST_PASS_NODE_CRC_WRITE_CALLS	0
LIST_EXALL_40_ENTRIES_FIRST_PASS_NODE_CRC_WRITE_SAMPLES	0
LIST_EXALL_40_ENTRIES_FIRST_PASS_NODE_CRC_WRITE_SAMPLE_TICKS	0
LIST_EXALL_40_ENTRIES_FIRST_PASS_CLOCK_PAIR_TICKS	0
LIST_EXALL_40_ENTRIES_FIRST_PASS_FREE_TREE_RESERVE_RETURN_CALLS	0
LIST_EXALL_40_ENTRIES_FIRST_PASS_FREE_TREE_RESERVE_RETURN_RUNS	0
LIST_EXALL_40_ENTRIES_FIRST_PASS_FREE_TREE_RESERVE_RETURN_BLOCKS	0
LIST_EXALL_40_ENTRIES_FIRST_PASS_FREE_TREE_RESERVE_RETURN_RUNS_1_BLOCK	0
LIST_EXALL_40_ENTRIES_FIRST_PASS_FREE_TREE_RESERVE_RETURN_RUNS_2_3_BLOCKS	0
LIST_EXALL_40_ENTRIES_FIRST_PASS_FREE_TREE_RESERVE_RETURN_RUNS_4_7_BLOCKS	0
LIST_EXALL_40_ENTRIES_FIRST_PASS_FREE_TREE_RESERVE_RETURN_RUNS_8_PLUS_BLOCKS	0
LIST_EXALL_40_ENTRIES_FIRST_PASS_FREE_TREE_RESERVE_RETURN_MAX_RUN_BLOCKS	0
LIST_EXALL_40_ENTRIES_FIRST_PASS_FREE_TREE_RESERVE_RETURN_MAX_NODE_WRITES_PER_RUN	0
LIST_EXALL_40_ENTRIES_FIRST_PASS_POST_PUBLISH_RECLAIM_PASSES	0
LIST_EXALL_40_ENTRIES_FIRST_PASS_MAX_POST_PUBLISH_RECLAIM_PASSES_PER_COMMIT	0
LIST_EXALL_40_ENTRIES_FIRST_PASS_SUPERBLOCK_PUBLICATIONS	0
LIST_EXALL_40_ENTRIES_FIRST_PASS_FREE_TREE_RESERVE_RETURN_RUN_NODE_WRITES	0
LIST_EXALL_40_ENTRIES_FIRST_PASS_FREE_TREE_RESERVE_RETURN_BATCH_CALLS	0
LIST_EXALL_40_ENTRIES_FIRST_PASS_FREE_TREE_RESERVE_RETURN_BATCH_BLOCKS	0
LIST_EXALL_40_ENTRIES_FIRST_PASS_FREE_TREE_RESERVE_RETURN_BATCH_NODE_WRITES	0
LIST_EXALL_40_ENTRIES_FIRST_PASS_FREE_TREE_RESERVE_RETURN_SKIP_SHAPE	0
LIST_EXALL_40_ENTRIES_FIRST_PASS_FREE_TREE_RESERVE_RETURN_SKIP_SMALL	0
LIST_EXALL_40_ENTRIES_FIRST_PASS_FREE_TREE_RESERVE_RETURN_SKIP_EMERGENCY	0
LIST_EXALL_40_ENTRIES_FIRST_PASS_FREE_TREE_RESERVE_RETURN_SKIP_CAPACITY	0
LIST_EXALL_40_ENTRIES_FIRST_PASS_SEALED_COMMITS	0
LIST_EXALL_40_ENTRIES_FIRST_PASS_SEALED_METADATA_FENCES	0
LIST_EXALL_40_ENTRIES_FIRST_PASS_BTREE_MALLOC_CALLS	2
LIST_EXALL_40_ENTRIES_FIRST_PASS_BTREE_MALLOC_SAMPLES	2
LIST_EXALL_40_ENTRIES_FIRST_PASS_BTREE_MALLOC_SAMPLE_TICKS	91
LIST_EXALL_40_ENTRIES_FIRST_PASS_BTREE_FREE_CALLS	2
LIST_EXALL_40_ENTRIES_FIRST_PASS_BTREE_FREE_SAMPLES	2
LIST_EXALL_40_ENTRIES_FIRST_PASS_BTREE_FREE_SAMPLE_TICKS	0
LIST_EXALL_40_ENTRIES_FIRST_PASS_IFACE_ALLOC_CALLS	0
LIST_EXALL_40_ENTRIES_FIRST_PASS_IFACE_ALLOC_SAMPLES	0
LIST_EXALL_40_ENTRIES_FIRST_PASS_IFACE_ALLOC_SAMPLE_TICKS	0
LIST_EXALL_40_ENTRIES_FIRST_PASS_FREESPACE_ALLOC_SAMPLES	0
LIST_EXALL_40_ENTRIES_FIRST_PASS_FREESPACE_ALLOC_SAMPLE_TICKS	0
LIST_EXALL_40_ENTRIES_FIRST_PASS_PACKET_CALLS	3
LIST_EXALL_40_ENTRIES_FIRST_PASS_PACKET_SAMPLES	3
LIST_EXALL_40_ENTRIES_FIRST_PASS_PACKET_SAMPLE_TICKS	1907
LIST_EXALL_40_ENTRIES_FIRST_PASS_PACKET_OPEN_CALLS	0
LIST_EXALL_40_ENTRIES_FIRST_PASS_PACKET_OPEN_SAMPLES	0
LIST_EXALL_40_ENTRIES_FIRST_PASS_PACKET_OPEN_SAMPLE_TICKS	0
LIST_EXALL_40_ENTRIES_FIRST_PASS_PACKET_READ_CALLS	0
LIST_EXALL_40_ENTRIES_FIRST_PASS_PACKET_READ_SAMPLES	0
LIST_EXALL_40_ENTRIES_FIRST_PASS_PACKET_READ_SAMPLE_TICKS	0
LIST_EXALL_40_ENTRIES_FIRST_PASS_PACKET_WRITE_CALLS	0
LIST_EXALL_40_ENTRIES_FIRST_PASS_PACKET_WRITE_SAMPLES	0
LIST_EXALL_40_ENTRIES_FIRST_PASS_PACKET_WRITE_SAMPLE_TICKS	0
LIST_EXALL_40_ENTRIES_FIRST_PASS_PACKET_END_CALLS	0
LIST_EXALL_40_ENTRIES_FIRST_PASS_PACKET_END_SAMPLES	0
LIST_EXALL_40_ENTRIES_FIRST_PASS_PACKET_END_SAMPLE_TICKS	0
LIST_EXALL_40_ENTRIES_FIRST_PASS_PACKET_DELETE_CALLS	0
LIST_EXALL_40_ENTRIES_FIRST_PASS_PACKET_DELETE_SAMPLES	0
LIST_EXALL_40_ENTRIES_FIRST_PASS_PACKET_DELETE_SAMPLE_TICKS	0
LIST_EXALL_40_ENTRIES_FIRST_PASS_PACKET_FLUSH_CALLS	0
LIST_EXALL_40_ENTRIES_FIRST_PASS_PACKET_FLUSH_SAMPLES	0
LIST_EXALL_40_ENTRIES_FIRST_PASS_PACKET_FLUSH_SAMPLE_TICKS	0
LIST_EXALL_40_ENTRIES_FIRST_PASS_PACKET_OTHER_CALLS	3
LIST_EXALL_40_ENTRIES_FIRST_PASS_PACKET_OTHER_SAMPLES	3
LIST_EXALL_40_ENTRIES_FIRST_PASS_PACKET_OTHER_SAMPLE_TICKS	1907
LIST_EXALL_40_ENTRIES_FIRST_PASS_CORE_CREATE_CALLS	0
LIST_EXALL_40_ENTRIES_FIRST_PASS_CORE_CREATE_SAMPLES	0
LIST_EXALL_40_ENTRIES_FIRST_PASS_CORE_CREATE_SAMPLE_TICKS	0
LIST_EXALL_40_ENTRIES_FIRST_PASS_CORE_DELETE_CALLS	0
LIST_EXALL_40_ENTRIES_FIRST_PASS_CORE_DELETE_SAMPLES	0
LIST_EXALL_40_ENTRIES_FIRST_PASS_CORE_DELETE_SAMPLE_TICKS	0
LIST_EXALL_40_ENTRIES_FIRST_PASS_CORE_FILE_WRITE_CALLS	0
LIST_EXALL_40_ENTRIES_FIRST_PASS_CORE_FILE_WRITE_SAMPLES	0
LIST_EXALL_40_ENTRIES_FIRST_PASS_CORE_FILE_WRITE_SAMPLE_TICKS	0
LIST_EXALL_40_ENTRIES_FIRST_PASS_CORE_SYNC_CALLS	0
LIST_EXALL_40_ENTRIES_FIRST_PASS_CORE_SYNC_SAMPLES	0
LIST_EXALL_40_ENTRIES_FIRST_PASS_CORE_SYNC_SAMPLE_TICKS	0
LIST_EXALL_40_ENTRIES_FIRST_PASS_IFACE_FREE_CALLS	0
LIST_EXALL_40_ENTRIES_FIRST_PASS_IFACE_FREE_SAMPLES	0
LIST_EXALL_40_ENTRIES_FIRST_PASS_IFACE_FREE_SAMPLE_TICKS	0
LIST_EXALL_40_ENTRIES_FIRST_PASS_SEAL_COMMIT_CALLS	0
LIST_EXALL_40_ENTRIES_FIRST_PASS_SEAL_COMMIT_SAMPLES	0
LIST_EXALL_40_ENTRIES_FIRST_PASS_SEAL_COMMIT_SAMPLE_TICKS	0
LIST_EXALL_40_ENTRIES_FIRST_PASS_INODE_READ_CALLS	40
LIST_EXALL_40_ENTRIES_FIRST_PASS_BTREE_SEARCH_CALLS	41
LIST_EXALL_40_ENTRIES_FIRST_PASS_BTREE_INDEX_HINT_HITS	0
LIST_EXALL_40_ENTRIES_FIRST_PASS_BTREE_LEAF_HINT_HITS	40
LIST_EXALL_40_ENTRIES_FIRST_PASS_CACHE_READ_CALLS	2
LIST_EXALL_40_ENTRIES_FIRST_PASS_CACHE_READ_HITS	0
LIST_EXALL_40_ENTRIES_FIRST_PASS_CACHE_READ_MISSES	2
LIST_EXALL_40_ENTRIES_FIRST_PASS_FREE_TREE_NODE_VIEWS	0
LIST_EXALL_40_ENTRIES_FIRST_PASS_FREE_TREE_RESIDENT_VIEWS	0
LIST_EXALL_40_ENTRIES_FIRST_PASS_DIR_TREE_NODE_VIEWS	4
LIST_EXALL_40_ENTRIES_FIRST_PASS_DIR_TREE_RESIDENT_VIEWS	3
LIST_EXALL_40_ENTRIES_FIRST_PASS_INODE_TREE_NODE_VIEWS	2
LIST_EXALL_40_ENTRIES_FIRST_PASS_INODE_TREE_RESIDENT_VIEWS	1
LIST_EXALL_40_ENTRIES_FIRST_PASS_REFCOUNT_TREE_NODE_VIEWS	0
LIST_EXALL_40_ENTRIES_FIRST_PASS_REFCOUNT_TREE_RESIDENT_VIEWS	0
LIST_EXALL_40_ENTRIES_FIRST_PASS_OTHER_TREE_NODE_VIEWS	0
LIST_EXALL_40_ENTRIES_FIRST_PASS_OTHER_TREE_RESIDENT_VIEWS	0
LIST_EXALL_40_ENTRIES_FIRST_PASS_DIR_TREE_LEAF_NODE_VIEWS	2
LIST_EXALL_40_ENTRIES_FIRST_PASS_DIR_TREE_LEAF_RESIDENT_VIEWS	1
LIST_EXALL_40_ENTRIES_FIRST_PASS_DIR_TREE_INTERNAL_NODE_VIEWS	2
LIST_EXALL_40_ENTRIES_FIRST_PASS_DIR_TREE_INTERNAL_RESIDENT_VIEWS	2
LIST_EXALL_40_ENTRIES_FIRST_PASS_INODE_TREE_LEAF_NODE_VIEWS	1
LIST_EXALL_40_ENTRIES_FIRST_PASS_INODE_TREE_LEAF_RESIDENT_VIEWS	0
LIST_EXALL_40_ENTRIES_FIRST_PASS_INODE_TREE_INTERNAL_NODE_VIEWS	1
LIST_EXALL_40_ENTRIES_FIRST_PASS_INODE_TREE_INTERNAL_RESIDENT_VIEWS	1
LIST_EXALL_40_ENTRIES_FIRST_PASS_DETAIL_INODE_READ_CALLS	40
LIST_EXALL_40_ENTRIES_FIRST_PASS_DETAIL_INODE_READ_SAMPLES	2
LIST_EXALL_40_ENTRIES_FIRST_PASS_DETAIL_INODE_READ_SAMPLE_TICKS	83
LIST_EXALL_40_ENTRIES_FIRST_PASS_DETAIL_INODE_VALIDATE_CALLS	40
LIST_EXALL_40_ENTRIES_FIRST_PASS_DETAIL_INODE_VALIDATE_SAMPLES	2
LIST_EXALL_40_ENTRIES_FIRST_PASS_DETAIL_INODE_VALIDATE_SAMPLE_TICKS	8
LIST_EXALL_40_ENTRIES_FIRST_PASS_DETAIL_INODE_SEARCH_CALLS	40
LIST_EXALL_40_ENTRIES_FIRST_PASS_DETAIL_INODE_SEARCH_SAMPLES	2
LIST_EXALL_40_ENTRIES_FIRST_PASS_DETAIL_INODE_SEARCH_SAMPLE_TICKS	0
LIST_EXALL_40_ENTRIES_FIRST_PASS_DETAIL_INODE_NODE_VIEW_CALLS	2
LIST_EXALL_40_ENTRIES_FIRST_PASS_DETAIL_INODE_NODE_VIEW_SAMPLES	0
LIST_EXALL_40_ENTRIES_FIRST_PASS_DETAIL_INODE_NODE_VIEW_SAMPLE_TICKS	0
LIST_EXALL_40_ENTRIES_FIRST_PASS_DETAIL_DIR_NODE_VIEW_CALLS	4
LIST_EXALL_40_ENTRIES_FIRST_PASS_DETAIL_DIR_NODE_VIEW_SAMPLES	0
LIST_EXALL_40_ENTRIES_FIRST_PASS_DETAIL_DIR_NODE_VIEW_SAMPLE_TICKS	0
LIST_EXALL_40_ENTRIES_FIRST_PASS_DETAIL_INODE_BINARY_SEARCH_CALLS	2
LIST_EXALL_40_ENTRIES_FIRST_PASS_DETAIL_INODE_BINARY_SEARCH_SAMPLES	0
LIST_EXALL_40_ENTRIES_FIRST_PASS_DETAIL_INODE_BINARY_SEARCH_SAMPLE_TICKS	0
LIST_EXALL_40_ENTRIES_FIRST_PASS_DETAIL_DIR_BINARY_SEARCH_CALLS	3
LIST_EXALL_40_ENTRIES_FIRST_PASS_DETAIL_DIR_BINARY_SEARCH_SAMPLES	0
LIST_EXALL_40_ENTRIES_FIRST_PASS_DETAIL_DIR_BINARY_SEARCH_SAMPLE_TICKS	0
LIST_EXALL_40_ENTRIES_FIRST_PASS_DETAIL_NODE_STRUCTURE_CALLS	2
LIST_EXALL_40_ENTRIES_FIRST_PASS_DETAIL_NODE_STRUCTURE_SAMPLES	0
LIST_EXALL_40_ENTRIES_FIRST_PASS_DETAIL_NODE_STRUCTURE_SAMPLE_TICKS	0
LIST_EXALL_40_ENTRIES_FIRST_PASS_DETAIL_CACHE_PEEK_CALLS	47
LIST_EXALL_40_ENTRIES_FIRST_PASS_DETAIL_CACHE_PEEK_SAMPLES	2
LIST_EXALL_40_ENTRIES_FIRST_PASS_DETAIL_CACHE_PEEK_SAMPLE_TICKS	0
LIST_EXALL_40_ENTRIES_FIRST_PASS_DETAIL_BUFFER_ALLOC_CALLS	2
LIST_EXALL_40_ENTRIES_FIRST_PASS_DETAIL_BUFFER_ALLOC_SAMPLES	0
LIST_EXALL_40_ENTRIES_FIRST_PASS_DETAIL_BUFFER_ALLOC_SAMPLE_TICKS	0
LIST_EXALL_40_ENTRIES_FIRST_PASS_DETAIL_BUFFER_FREE_CALLS	2
LIST_EXALL_40_ENTRIES_FIRST_PASS_DETAIL_BUFFER_FREE_SAMPLES	0
LIST_EXALL_40_ENTRIES_FIRST_PASS_DETAIL_BUFFER_FREE_SAMPLE_TICKS	0
LIST_EXALL_40_ENTRIES_FIRST_PASS_DETAIL_EXALL_FILL_CALLS	40
LIST_EXALL_40_ENTRIES_FIRST_PASS_DETAIL_EXALL_FILL_SAMPLES	2
LIST_EXALL_40_ENTRIES_FIRST_PASS_DETAIL_EXALL_FILL_SAMPLE_TICKS	90
LIST_EXALL_40_ENTRIES_FIRST_PASS_DEFERRED_NODE_WRITES	0
LIST_EXALL_40_ENTRIES_REPEAT10_TOTAL_US	12863
LIST_EXALL_40_ENTRIES_REPEAT10_TOTAL_BIO_READS	0
LIST_EXALL_40_ENTRIES_REPEAT10_TOTAL_BIO_WRITES	0
LIST_EXALL_40_ENTRIES_REPEAT10_TOTAL_BIO_UPDATES	0
LIST_EXALL_40_ENTRIES_REPEAT10_TOTAL_DATA_READS	0
LIST_EXALL_40_ENTRIES_REPEAT10_TOTAL_DATA_WRITES	0
LIST_EXALL_40_ENTRIES_REPEAT10_TOTAL_NODE_WRITES	0
LIST_EXALL_40_ENTRIES_REPEAT10_TOTAL_TXN_COMMITS	0
LIST_EXALL_40_ENTRIES_REPEAT10_TOTAL_FREESPACE_ALLOCS	0
LIST_EXALL_40_ENTRIES_REPEAT10_TOTAL_EXTENT_MAPS	0
LIST_EXALL_40_ENTRIES_REPEAT10_TOTAL_READ_TICKS	0
LIST_EXALL_40_ENTRIES_REPEAT10_TOTAL_WRITE_TICKS	0
LIST_EXALL_40_ENTRIES_REPEAT10_TOTAL_UPDATE_TICKS	0
LIST_EXALL_40_ENTRIES_REPEAT10_TOTAL_DATA_READ_TICKS	0
LIST_EXALL_40_ENTRIES_REPEAT10_TOTAL_DATA_WRITE_TICKS	0
LIST_EXALL_40_ENTRIES_REPEAT10_TOTAL_FREE_TREE_NODE_WRITES	0
LIST_EXALL_40_ENTRIES_REPEAT10_TOTAL_FREE_TREE_ALLOCATION_BODY_NODE_WRITES	0
LIST_EXALL_40_ENTRIES_REPEAT10_TOTAL_FREE_TREE_RESERVE_REFILL_NODE_WRITES	0
LIST_EXALL_40_ENTRIES_REPEAT10_TOTAL_FREE_TREE_RESERVE_RETURN_NODE_WRITES	0
LIST_EXALL_40_ENTRIES_REPEAT10_TOTAL_FREE_TREE_POST_PUBLISH_PENDING_RECLAIM_NODE_WRITES	0
LIST_EXALL_40_ENTRIES_REPEAT10_TOTAL_FREE_TREE_OTHER_NODE_WRITES	0
LIST_EXALL_40_ENTRIES_REPEAT10_TOTAL_DIR_TREE_NODE_WRITES	0
LIST_EXALL_40_ENTRIES_REPEAT10_TOTAL_INODE_TREE_NODE_WRITES	0
LIST_EXALL_40_ENTRIES_REPEAT10_TOTAL_REFCOUNT_TREE_NODE_WRITES	0
LIST_EXALL_40_ENTRIES_REPEAT10_TOTAL_OTHER_TREE_NODE_WRITES	0
LIST_EXALL_40_ENTRIES_REPEAT10_TOTAL_NODE_CRC_READ_CALLS	0
LIST_EXALL_40_ENTRIES_REPEAT10_TOTAL_NODE_CRC_READ_SAMPLES	0
LIST_EXALL_40_ENTRIES_REPEAT10_TOTAL_NODE_CRC_READ_SAMPLE_TICKS	0
LIST_EXALL_40_ENTRIES_REPEAT10_TOTAL_NODE_CRC_WRITE_CALLS	0
LIST_EXALL_40_ENTRIES_REPEAT10_TOTAL_NODE_CRC_WRITE_SAMPLES	0
LIST_EXALL_40_ENTRIES_REPEAT10_TOTAL_NODE_CRC_WRITE_SAMPLE_TICKS	0
LIST_EXALL_40_ENTRIES_REPEAT10_TOTAL_CLOCK_PAIR_TICKS	0
LIST_EXALL_40_ENTRIES_REPEAT10_TOTAL_FREE_TREE_RESERVE_RETURN_CALLS	0
LIST_EXALL_40_ENTRIES_REPEAT10_TOTAL_FREE_TREE_RESERVE_RETURN_RUNS	0
LIST_EXALL_40_ENTRIES_REPEAT10_TOTAL_FREE_TREE_RESERVE_RETURN_BLOCKS	0
LIST_EXALL_40_ENTRIES_REPEAT10_TOTAL_FREE_TREE_RESERVE_RETURN_RUNS_1_BLOCK	0
LIST_EXALL_40_ENTRIES_REPEAT10_TOTAL_FREE_TREE_RESERVE_RETURN_RUNS_2_3_BLOCKS	0
LIST_EXALL_40_ENTRIES_REPEAT10_TOTAL_FREE_TREE_RESERVE_RETURN_RUNS_4_7_BLOCKS	0
LIST_EXALL_40_ENTRIES_REPEAT10_TOTAL_FREE_TREE_RESERVE_RETURN_RUNS_8_PLUS_BLOCKS	0
LIST_EXALL_40_ENTRIES_REPEAT10_TOTAL_FREE_TREE_RESERVE_RETURN_MAX_RUN_BLOCKS	0
LIST_EXALL_40_ENTRIES_REPEAT10_TOTAL_FREE_TREE_RESERVE_RETURN_MAX_NODE_WRITES_PER_RUN	0
LIST_EXALL_40_ENTRIES_REPEAT10_TOTAL_POST_PUBLISH_RECLAIM_PASSES	0
LIST_EXALL_40_ENTRIES_REPEAT10_TOTAL_MAX_POST_PUBLISH_RECLAIM_PASSES_PER_COMMIT	0
LIST_EXALL_40_ENTRIES_REPEAT10_TOTAL_SUPERBLOCK_PUBLICATIONS	0
LIST_EXALL_40_ENTRIES_REPEAT10_TOTAL_FREE_TREE_RESERVE_RETURN_RUN_NODE_WRITES	0
LIST_EXALL_40_ENTRIES_REPEAT10_TOTAL_FREE_TREE_RESERVE_RETURN_BATCH_CALLS	0
LIST_EXALL_40_ENTRIES_REPEAT10_TOTAL_FREE_TREE_RESERVE_RETURN_BATCH_BLOCKS	0
LIST_EXALL_40_ENTRIES_REPEAT10_TOTAL_FREE_TREE_RESERVE_RETURN_BATCH_NODE_WRITES	0
LIST_EXALL_40_ENTRIES_REPEAT10_TOTAL_FREE_TREE_RESERVE_RETURN_SKIP_SHAPE	0
LIST_EXALL_40_ENTRIES_REPEAT10_TOTAL_FREE_TREE_RESERVE_RETURN_SKIP_SMALL	0
LIST_EXALL_40_ENTRIES_REPEAT10_TOTAL_FREE_TREE_RESERVE_RETURN_SKIP_EMERGENCY	0
LIST_EXALL_40_ENTRIES_REPEAT10_TOTAL_FREE_TREE_RESERVE_RETURN_SKIP_CAPACITY	0
LIST_EXALL_40_ENTRIES_REPEAT10_TOTAL_SEALED_COMMITS	0
LIST_EXALL_40_ENTRIES_REPEAT10_TOTAL_SEALED_METADATA_FENCES	0
LIST_EXALL_40_ENTRIES_REPEAT10_TOTAL_BTREE_MALLOC_CALLS	11
LIST_EXALL_40_ENTRIES_REPEAT10_TOTAL_BTREE_MALLOC_SAMPLES	11
LIST_EXALL_40_ENTRIES_REPEAT10_TOTAL_BTREE_MALLOC_SAMPLE_TICKS	127
LIST_EXALL_40_ENTRIES_REPEAT10_TOTAL_BTREE_FREE_CALLS	11
LIST_EXALL_40_ENTRIES_REPEAT10_TOTAL_BTREE_FREE_SAMPLES	11
LIST_EXALL_40_ENTRIES_REPEAT10_TOTAL_BTREE_FREE_SAMPLE_TICKS	155
LIST_EXALL_40_ENTRIES_REPEAT10_TOTAL_IFACE_ALLOC_CALLS	0
LIST_EXALL_40_ENTRIES_REPEAT10_TOTAL_IFACE_ALLOC_SAMPLES	0
LIST_EXALL_40_ENTRIES_REPEAT10_TOTAL_IFACE_ALLOC_SAMPLE_TICKS	0
LIST_EXALL_40_ENTRIES_REPEAT10_TOTAL_FREESPACE_ALLOC_SAMPLES	0
LIST_EXALL_40_ENTRIES_REPEAT10_TOTAL_FREESPACE_ALLOC_SAMPLE_TICKS	0
LIST_EXALL_40_ENTRIES_REPEAT10_TOTAL_PACKET_CALLS	12
LIST_EXALL_40_ENTRIES_REPEAT10_TOTAL_PACKET_SAMPLES	12
LIST_EXALL_40_ENTRIES_REPEAT10_TOTAL_PACKET_SAMPLE_TICKS	8618
LIST_EXALL_40_ENTRIES_REPEAT10_TOTAL_PACKET_OPEN_CALLS	0
LIST_EXALL_40_ENTRIES_REPEAT10_TOTAL_PACKET_OPEN_SAMPLES	0
LIST_EXALL_40_ENTRIES_REPEAT10_TOTAL_PACKET_OPEN_SAMPLE_TICKS	0
LIST_EXALL_40_ENTRIES_REPEAT10_TOTAL_PACKET_READ_CALLS	0
LIST_EXALL_40_ENTRIES_REPEAT10_TOTAL_PACKET_READ_SAMPLES	0
LIST_EXALL_40_ENTRIES_REPEAT10_TOTAL_PACKET_READ_SAMPLE_TICKS	0
LIST_EXALL_40_ENTRIES_REPEAT10_TOTAL_PACKET_WRITE_CALLS	0
LIST_EXALL_40_ENTRIES_REPEAT10_TOTAL_PACKET_WRITE_SAMPLES	0
LIST_EXALL_40_ENTRIES_REPEAT10_TOTAL_PACKET_WRITE_SAMPLE_TICKS	0
LIST_EXALL_40_ENTRIES_REPEAT10_TOTAL_PACKET_END_CALLS	0
LIST_EXALL_40_ENTRIES_REPEAT10_TOTAL_PACKET_END_SAMPLES	0
LIST_EXALL_40_ENTRIES_REPEAT10_TOTAL_PACKET_END_SAMPLE_TICKS	0
LIST_EXALL_40_ENTRIES_REPEAT10_TOTAL_PACKET_DELETE_CALLS	0
LIST_EXALL_40_ENTRIES_REPEAT10_TOTAL_PACKET_DELETE_SAMPLES	0
LIST_EXALL_40_ENTRIES_REPEAT10_TOTAL_PACKET_DELETE_SAMPLE_TICKS	0
LIST_EXALL_40_ENTRIES_REPEAT10_TOTAL_PACKET_FLUSH_CALLS	0
LIST_EXALL_40_ENTRIES_REPEAT10_TOTAL_PACKET_FLUSH_SAMPLES	0
LIST_EXALL_40_ENTRIES_REPEAT10_TOTAL_PACKET_FLUSH_SAMPLE_TICKS	0
LIST_EXALL_40_ENTRIES_REPEAT10_TOTAL_PACKET_OTHER_CALLS	12
LIST_EXALL_40_ENTRIES_REPEAT10_TOTAL_PACKET_OTHER_SAMPLES	12
LIST_EXALL_40_ENTRIES_REPEAT10_TOTAL_PACKET_OTHER_SAMPLE_TICKS	8618
LIST_EXALL_40_ENTRIES_REPEAT10_TOTAL_CORE_CREATE_CALLS	0
LIST_EXALL_40_ENTRIES_REPEAT10_TOTAL_CORE_CREATE_SAMPLES	0
LIST_EXALL_40_ENTRIES_REPEAT10_TOTAL_CORE_CREATE_SAMPLE_TICKS	0
LIST_EXALL_40_ENTRIES_REPEAT10_TOTAL_CORE_DELETE_CALLS	0
LIST_EXALL_40_ENTRIES_REPEAT10_TOTAL_CORE_DELETE_SAMPLES	0
LIST_EXALL_40_ENTRIES_REPEAT10_TOTAL_CORE_DELETE_SAMPLE_TICKS	0
LIST_EXALL_40_ENTRIES_REPEAT10_TOTAL_CORE_FILE_WRITE_CALLS	0
LIST_EXALL_40_ENTRIES_REPEAT10_TOTAL_CORE_FILE_WRITE_SAMPLES	0
LIST_EXALL_40_ENTRIES_REPEAT10_TOTAL_CORE_FILE_WRITE_SAMPLE_TICKS	0
LIST_EXALL_40_ENTRIES_REPEAT10_TOTAL_CORE_SYNC_CALLS	0
LIST_EXALL_40_ENTRIES_REPEAT10_TOTAL_CORE_SYNC_SAMPLES	0
LIST_EXALL_40_ENTRIES_REPEAT10_TOTAL_CORE_SYNC_SAMPLE_TICKS	0
LIST_EXALL_40_ENTRIES_REPEAT10_TOTAL_IFACE_FREE_CALLS	0
LIST_EXALL_40_ENTRIES_REPEAT10_TOTAL_IFACE_FREE_SAMPLES	0
LIST_EXALL_40_ENTRIES_REPEAT10_TOTAL_IFACE_FREE_SAMPLE_TICKS	0
LIST_EXALL_40_ENTRIES_REPEAT10_TOTAL_SEAL_COMMIT_CALLS	0
LIST_EXALL_40_ENTRIES_REPEAT10_TOTAL_SEAL_COMMIT_SAMPLES	0
LIST_EXALL_40_ENTRIES_REPEAT10_TOTAL_SEAL_COMMIT_SAMPLE_TICKS	0
LIST_EXALL_40_ENTRIES_REPEAT10_TOTAL_INODE_READ_CALLS	400
LIST_EXALL_40_ENTRIES_REPEAT10_TOTAL_BTREE_SEARCH_CALLS	401
LIST_EXALL_40_ENTRIES_REPEAT10_TOTAL_BTREE_INDEX_HINT_HITS	400
LIST_EXALL_40_ENTRIES_REPEAT10_TOTAL_BTREE_LEAF_HINT_HITS	1
LIST_EXALL_40_ENTRIES_REPEAT10_TOTAL_CACHE_READ_CALLS	0
LIST_EXALL_40_ENTRIES_REPEAT10_TOTAL_CACHE_READ_HITS	0
LIST_EXALL_40_ENTRIES_REPEAT10_TOTAL_CACHE_READ_MISSES	0
LIST_EXALL_40_ENTRIES_REPEAT10_TOTAL_FREE_TREE_NODE_VIEWS	0
LIST_EXALL_40_ENTRIES_REPEAT10_TOTAL_FREE_TREE_RESIDENT_VIEWS	0
LIST_EXALL_40_ENTRIES_REPEAT10_TOTAL_DIR_TREE_NODE_VIEWS	40
LIST_EXALL_40_ENTRIES_REPEAT10_TOTAL_DIR_TREE_RESIDENT_VIEWS	40
LIST_EXALL_40_ENTRIES_REPEAT10_TOTAL_INODE_TREE_NODE_VIEWS	0
LIST_EXALL_40_ENTRIES_REPEAT10_TOTAL_INODE_TREE_RESIDENT_VIEWS	0
LIST_EXALL_40_ENTRIES_REPEAT10_TOTAL_REFCOUNT_TREE_NODE_VIEWS	0
LIST_EXALL_40_ENTRIES_REPEAT10_TOTAL_REFCOUNT_TREE_RESIDENT_VIEWS	0
LIST_EXALL_40_ENTRIES_REPEAT10_TOTAL_OTHER_TREE_NODE_VIEWS	0
LIST_EXALL_40_ENTRIES_REPEAT10_TOTAL_OTHER_TREE_RESIDENT_VIEWS	0
LIST_EXALL_40_ENTRIES_REPEAT10_TOTAL_DIR_TREE_LEAF_NODE_VIEWS	20
LIST_EXALL_40_ENTRIES_REPEAT10_TOTAL_DIR_TREE_LEAF_RESIDENT_VIEWS	20
LIST_EXALL_40_ENTRIES_REPEAT10_TOTAL_DIR_TREE_INTERNAL_NODE_VIEWS	20
LIST_EXALL_40_ENTRIES_REPEAT10_TOTAL_DIR_TREE_INTERNAL_RESIDENT_VIEWS	20
LIST_EXALL_40_ENTRIES_REPEAT10_TOTAL_INODE_TREE_LEAF_NODE_VIEWS	0
LIST_EXALL_40_ENTRIES_REPEAT10_TOTAL_INODE_TREE_LEAF_RESIDENT_VIEWS	0
LIST_EXALL_40_ENTRIES_REPEAT10_TOTAL_INODE_TREE_INTERNAL_NODE_VIEWS	0
LIST_EXALL_40_ENTRIES_REPEAT10_TOTAL_INODE_TREE_INTERNAL_RESIDENT_VIEWS	0
LIST_EXALL_40_ENTRIES_REPEAT10_TOTAL_DETAIL_INODE_READ_CALLS	400
LIST_EXALL_40_ENTRIES_REPEAT10_TOTAL_DETAIL_INODE_READ_SAMPLES	23
LIST_EXALL_40_ENTRIES_REPEAT10_TOTAL_DETAIL_INODE_READ_SAMPLE_TICKS	375
LIST_EXALL_40_ENTRIES_REPEAT10_TOTAL_DETAIL_INODE_VALIDATE_CALLS	400
LIST_EXALL_40_ENTRIES_REPEAT10_TOTAL_DETAIL_INODE_VALIDATE_SAMPLES	23
LIST_EXALL_40_ENTRIES_REPEAT10_TOTAL_DETAIL_INODE_VALIDATE_SAMPLE_TICKS	93
LIST_EXALL_40_ENTRIES_REPEAT10_TOTAL_DETAIL_INODE_SEARCH_CALLS	400
LIST_EXALL_40_ENTRIES_REPEAT10_TOTAL_DETAIL_INODE_SEARCH_SAMPLES	23
LIST_EXALL_40_ENTRIES_REPEAT10_TOTAL_DETAIL_INODE_SEARCH_SAMPLE_TICKS	90
LIST_EXALL_40_ENTRIES_REPEAT10_TOTAL_DETAIL_INODE_NODE_VIEW_CALLS	0
LIST_EXALL_40_ENTRIES_REPEAT10_TOTAL_DETAIL_INODE_NODE_VIEW_SAMPLES	0
LIST_EXALL_40_ENTRIES_REPEAT10_TOTAL_DETAIL_INODE_NODE_VIEW_SAMPLE_TICKS	0
LIST_EXALL_40_ENTRIES_REPEAT10_TOTAL_DETAIL_DIR_NODE_VIEW_CALLS	40
LIST_EXALL_40_ENTRIES_REPEAT10_TOTAL_DETAIL_DIR_NODE_VIEW_SAMPLES	2
LIST_EXALL_40_ENTRIES_REPEAT10_TOTAL_DETAIL_DIR_NODE_VIEW_SAMPLE_TICKS	0
LIST_EXALL_40_ENTRIES_REPEAT10_TOTAL_DETAIL_INODE_BINARY_SEARCH_CALLS	0
LIST_EXALL_40_ENTRIES_REPEAT10_TOTAL_DETAIL_INODE_BINARY_SEARCH_SAMPLES	0
LIST_EXALL_40_ENTRIES_REPEAT10_TOTAL_DETAIL_INODE_BINARY_SEARCH_SAMPLE_TICKS	0
LIST_EXALL_40_ENTRIES_REPEAT10_TOTAL_DETAIL_DIR_BINARY_SEARCH_CALLS	21
LIST_EXALL_40_ENTRIES_REPEAT10_TOTAL_DETAIL_DIR_BINARY_SEARCH_SAMPLES	1
LIST_EXALL_40_ENTRIES_REPEAT10_TOTAL_DETAIL_DIR_BINARY_SEARCH_SAMPLE_TICKS	0
LIST_EXALL_40_ENTRIES_REPEAT10_TOTAL_DETAIL_NODE_STRUCTURE_CALLS	0
LIST_EXALL_40_ENTRIES_REPEAT10_TOTAL_DETAIL_NODE_STRUCTURE_SAMPLES	0
LIST_EXALL_40_ENTRIES_REPEAT10_TOTAL_DETAIL_NODE_STRUCTURE_SAMPLE_TICKS	0
LIST_EXALL_40_ENTRIES_REPEAT10_TOTAL_DETAIL_CACHE_PEEK_CALLS	441
LIST_EXALL_40_ENTRIES_REPEAT10_TOTAL_DETAIL_CACHE_PEEK_SAMPLES	25
LIST_EXALL_40_ENTRIES_REPEAT10_TOTAL_DETAIL_CACHE_PEEK_SAMPLE_TICKS	0
LIST_EXALL_40_ENTRIES_REPEAT10_TOTAL_DETAIL_BUFFER_ALLOC_CALLS	10
LIST_EXALL_40_ENTRIES_REPEAT10_TOTAL_DETAIL_BUFFER_ALLOC_SAMPLES	0
LIST_EXALL_40_ENTRIES_REPEAT10_TOTAL_DETAIL_BUFFER_ALLOC_SAMPLE_TICKS	0
LIST_EXALL_40_ENTRIES_REPEAT10_TOTAL_DETAIL_BUFFER_FREE_CALLS	10
LIST_EXALL_40_ENTRIES_REPEAT10_TOTAL_DETAIL_BUFFER_FREE_SAMPLES	0
LIST_EXALL_40_ENTRIES_REPEAT10_TOTAL_DETAIL_BUFFER_FREE_SAMPLE_TICKS	0
LIST_EXALL_40_ENTRIES_REPEAT10_TOTAL_DETAIL_EXALL_FILL_CALLS	400
LIST_EXALL_40_ENTRIES_REPEAT10_TOTAL_DETAIL_EXALL_FILL_SAMPLES	23
LIST_EXALL_40_ENTRIES_REPEAT10_TOTAL_DETAIL_EXALL_FILL_SAMPLE_TICKS	638
LIST_EXALL_40_ENTRIES_REPEAT10_TOTAL_DEFERRED_NODE_WRITES	0
LIST_EXNEXT_400_ENTRIES_FIRST_PASS_US	75136
LIST_EXNEXT_400_ENTRIES_FIRST_PASS_BIO_READS	21
LIST_EXNEXT_400_ENTRIES_FIRST_PASS_BIO_WRITES	0
LIST_EXNEXT_400_ENTRIES_FIRST_PASS_BIO_UPDATES	0
LIST_EXNEXT_400_ENTRIES_FIRST_PASS_DATA_READS	0
LIST_EXNEXT_400_ENTRIES_FIRST_PASS_DATA_WRITES	0
LIST_EXNEXT_400_ENTRIES_FIRST_PASS_NODE_WRITES	0
LIST_EXNEXT_400_ENTRIES_FIRST_PASS_TXN_COMMITS	0
LIST_EXNEXT_400_ENTRIES_FIRST_PASS_FREESPACE_ALLOCS	0
LIST_EXNEXT_400_ENTRIES_FIRST_PASS_EXTENT_MAPS	0
LIST_EXNEXT_400_ENTRIES_FIRST_PASS_READ_TICKS	1787
LIST_EXNEXT_400_ENTRIES_FIRST_PASS_WRITE_TICKS	0
LIST_EXNEXT_400_ENTRIES_FIRST_PASS_UPDATE_TICKS	0
LIST_EXNEXT_400_ENTRIES_FIRST_PASS_DATA_READ_TICKS	0
LIST_EXNEXT_400_ENTRIES_FIRST_PASS_DATA_WRITE_TICKS	0
LIST_EXNEXT_400_ENTRIES_FIRST_PASS_FREE_TREE_NODE_WRITES	0
LIST_EXNEXT_400_ENTRIES_FIRST_PASS_FREE_TREE_ALLOCATION_BODY_NODE_WRITES	0
LIST_EXNEXT_400_ENTRIES_FIRST_PASS_FREE_TREE_RESERVE_REFILL_NODE_WRITES	0
LIST_EXNEXT_400_ENTRIES_FIRST_PASS_FREE_TREE_RESERVE_RETURN_NODE_WRITES	0
LIST_EXNEXT_400_ENTRIES_FIRST_PASS_FREE_TREE_POST_PUBLISH_PENDING_RECLAIM_NODE_WRITES	0
LIST_EXNEXT_400_ENTRIES_FIRST_PASS_FREE_TREE_OTHER_NODE_WRITES	0
LIST_EXNEXT_400_ENTRIES_FIRST_PASS_DIR_TREE_NODE_WRITES	0
LIST_EXNEXT_400_ENTRIES_FIRST_PASS_INODE_TREE_NODE_WRITES	0
LIST_EXNEXT_400_ENTRIES_FIRST_PASS_REFCOUNT_TREE_NODE_WRITES	0
LIST_EXNEXT_400_ENTRIES_FIRST_PASS_OTHER_TREE_NODE_WRITES	0
LIST_EXNEXT_400_ENTRIES_FIRST_PASS_NODE_CRC_READ_CALLS	21
LIST_EXNEXT_400_ENTRIES_FIRST_PASS_NODE_CRC_READ_SAMPLES	0
LIST_EXNEXT_400_ENTRIES_FIRST_PASS_NODE_CRC_READ_SAMPLE_TICKS	0
LIST_EXNEXT_400_ENTRIES_FIRST_PASS_NODE_CRC_WRITE_CALLS	0
LIST_EXNEXT_400_ENTRIES_FIRST_PASS_NODE_CRC_WRITE_SAMPLES	0
LIST_EXNEXT_400_ENTRIES_FIRST_PASS_NODE_CRC_WRITE_SAMPLE_TICKS	0
LIST_EXNEXT_400_ENTRIES_FIRST_PASS_CLOCK_PAIR_TICKS	1
LIST_EXNEXT_400_ENTRIES_FIRST_PASS_FREE_TREE_RESERVE_RETURN_CALLS	0
LIST_EXNEXT_400_ENTRIES_FIRST_PASS_FREE_TREE_RESERVE_RETURN_RUNS	0
LIST_EXNEXT_400_ENTRIES_FIRST_PASS_FREE_TREE_RESERVE_RETURN_BLOCKS	0
LIST_EXNEXT_400_ENTRIES_FIRST_PASS_FREE_TREE_RESERVE_RETURN_RUNS_1_BLOCK	0
LIST_EXNEXT_400_ENTRIES_FIRST_PASS_FREE_TREE_RESERVE_RETURN_RUNS_2_3_BLOCKS	0
LIST_EXNEXT_400_ENTRIES_FIRST_PASS_FREE_TREE_RESERVE_RETURN_RUNS_4_7_BLOCKS	0
LIST_EXNEXT_400_ENTRIES_FIRST_PASS_FREE_TREE_RESERVE_RETURN_RUNS_8_PLUS_BLOCKS	0
LIST_EXNEXT_400_ENTRIES_FIRST_PASS_FREE_TREE_RESERVE_RETURN_MAX_RUN_BLOCKS	0
LIST_EXNEXT_400_ENTRIES_FIRST_PASS_FREE_TREE_RESERVE_RETURN_MAX_NODE_WRITES_PER_RUN	0
LIST_EXNEXT_400_ENTRIES_FIRST_PASS_POST_PUBLISH_RECLAIM_PASSES	0
LIST_EXNEXT_400_ENTRIES_FIRST_PASS_MAX_POST_PUBLISH_RECLAIM_PASSES_PER_COMMIT	0
LIST_EXNEXT_400_ENTRIES_FIRST_PASS_SUPERBLOCK_PUBLICATIONS	0
LIST_EXNEXT_400_ENTRIES_FIRST_PASS_FREE_TREE_RESERVE_RETURN_RUN_NODE_WRITES	0
LIST_EXNEXT_400_ENTRIES_FIRST_PASS_FREE_TREE_RESERVE_RETURN_BATCH_CALLS	0
LIST_EXNEXT_400_ENTRIES_FIRST_PASS_FREE_TREE_RESERVE_RETURN_BATCH_BLOCKS	0
LIST_EXNEXT_400_ENTRIES_FIRST_PASS_FREE_TREE_RESERVE_RETURN_BATCH_NODE_WRITES	0
LIST_EXNEXT_400_ENTRIES_FIRST_PASS_FREE_TREE_RESERVE_RETURN_SKIP_SHAPE	0
LIST_EXNEXT_400_ENTRIES_FIRST_PASS_FREE_TREE_RESERVE_RETURN_SKIP_SMALL	0
LIST_EXNEXT_400_ENTRIES_FIRST_PASS_FREE_TREE_RESERVE_RETURN_SKIP_EMERGENCY	0
LIST_EXNEXT_400_ENTRIES_FIRST_PASS_FREE_TREE_RESERVE_RETURN_SKIP_CAPACITY	0
LIST_EXNEXT_400_ENTRIES_FIRST_PASS_SEALED_COMMITS	0
LIST_EXNEXT_400_ENTRIES_FIRST_PASS_SEALED_METADATA_FENCES	0
LIST_EXNEXT_400_ENTRIES_FIRST_PASS_BTREE_MALLOC_CALLS	10
LIST_EXNEXT_400_ENTRIES_FIRST_PASS_BTREE_MALLOC_SAMPLES	10
LIST_EXNEXT_400_ENTRIES_FIRST_PASS_BTREE_MALLOC_SAMPLE_TICKS	1
LIST_EXNEXT_400_ENTRIES_FIRST_PASS_BTREE_FREE_CALLS	403
LIST_EXNEXT_400_ENTRIES_FIRST_PASS_BTREE_FREE_SAMPLES	403
LIST_EXNEXT_400_ENTRIES_FIRST_PASS_BTREE_FREE_SAMPLE_TICKS	555
LIST_EXNEXT_400_ENTRIES_FIRST_PASS_IFACE_ALLOC_CALLS	0
LIST_EXNEXT_400_ENTRIES_FIRST_PASS_IFACE_ALLOC_SAMPLES	0
LIST_EXNEXT_400_ENTRIES_FIRST_PASS_IFACE_ALLOC_SAMPLE_TICKS	0
LIST_EXNEXT_400_ENTRIES_FIRST_PASS_FREESPACE_ALLOC_SAMPLES	0
LIST_EXNEXT_400_ENTRIES_FIRST_PASS_FREESPACE_ALLOC_SAMPLE_TICKS	0
LIST_EXNEXT_400_ENTRIES_FIRST_PASS_PACKET_CALLS	404
LIST_EXNEXT_400_ENTRIES_FIRST_PASS_PACKET_SAMPLES	404
LIST_EXNEXT_400_ENTRIES_FIRST_PASS_PACKET_SAMPLE_TICKS	41078
LIST_EXNEXT_400_ENTRIES_FIRST_PASS_PACKET_OPEN_CALLS	0
LIST_EXNEXT_400_ENTRIES_FIRST_PASS_PACKET_OPEN_SAMPLES	0
LIST_EXNEXT_400_ENTRIES_FIRST_PASS_PACKET_OPEN_SAMPLE_TICKS	0
LIST_EXNEXT_400_ENTRIES_FIRST_PASS_PACKET_READ_CALLS	0
LIST_EXNEXT_400_ENTRIES_FIRST_PASS_PACKET_READ_SAMPLES	0
LIST_EXNEXT_400_ENTRIES_FIRST_PASS_PACKET_READ_SAMPLE_TICKS	0
LIST_EXNEXT_400_ENTRIES_FIRST_PASS_PACKET_WRITE_CALLS	0
LIST_EXNEXT_400_ENTRIES_FIRST_PASS_PACKET_WRITE_SAMPLES	0
LIST_EXNEXT_400_ENTRIES_FIRST_PASS_PACKET_WRITE_SAMPLE_TICKS	0
LIST_EXNEXT_400_ENTRIES_FIRST_PASS_PACKET_END_CALLS	0
LIST_EXNEXT_400_ENTRIES_FIRST_PASS_PACKET_END_SAMPLES	0
LIST_EXNEXT_400_ENTRIES_FIRST_PASS_PACKET_END_SAMPLE_TICKS	0
LIST_EXNEXT_400_ENTRIES_FIRST_PASS_PACKET_DELETE_CALLS	0
LIST_EXNEXT_400_ENTRIES_FIRST_PASS_PACKET_DELETE_SAMPLES	0
LIST_EXNEXT_400_ENTRIES_FIRST_PASS_PACKET_DELETE_SAMPLE_TICKS	0
LIST_EXNEXT_400_ENTRIES_FIRST_PASS_PACKET_FLUSH_CALLS	0
LIST_EXNEXT_400_ENTRIES_FIRST_PASS_PACKET_FLUSH_SAMPLES	0
LIST_EXNEXT_400_ENTRIES_FIRST_PASS_PACKET_FLUSH_SAMPLE_TICKS	0
LIST_EXNEXT_400_ENTRIES_FIRST_PASS_PACKET_OTHER_CALLS	404
LIST_EXNEXT_400_ENTRIES_FIRST_PASS_PACKET_OTHER_SAMPLES	404
LIST_EXNEXT_400_ENTRIES_FIRST_PASS_PACKET_OTHER_SAMPLE_TICKS	41078
LIST_EXNEXT_400_ENTRIES_FIRST_PASS_CORE_CREATE_CALLS	0
LIST_EXNEXT_400_ENTRIES_FIRST_PASS_CORE_CREATE_SAMPLES	0
LIST_EXNEXT_400_ENTRIES_FIRST_PASS_CORE_CREATE_SAMPLE_TICKS	0
LIST_EXNEXT_400_ENTRIES_FIRST_PASS_CORE_DELETE_CALLS	0
LIST_EXNEXT_400_ENTRIES_FIRST_PASS_CORE_DELETE_SAMPLES	0
LIST_EXNEXT_400_ENTRIES_FIRST_PASS_CORE_DELETE_SAMPLE_TICKS	0
LIST_EXNEXT_400_ENTRIES_FIRST_PASS_CORE_FILE_WRITE_CALLS	0
LIST_EXNEXT_400_ENTRIES_FIRST_PASS_CORE_FILE_WRITE_SAMPLES	0
LIST_EXNEXT_400_ENTRIES_FIRST_PASS_CORE_FILE_WRITE_SAMPLE_TICKS	0
LIST_EXNEXT_400_ENTRIES_FIRST_PASS_CORE_SYNC_CALLS	0
LIST_EXNEXT_400_ENTRIES_FIRST_PASS_CORE_SYNC_SAMPLES	0
LIST_EXNEXT_400_ENTRIES_FIRST_PASS_CORE_SYNC_SAMPLE_TICKS	0
LIST_EXNEXT_400_ENTRIES_FIRST_PASS_IFACE_FREE_CALLS	0
LIST_EXNEXT_400_ENTRIES_FIRST_PASS_IFACE_FREE_SAMPLES	0
LIST_EXNEXT_400_ENTRIES_FIRST_PASS_IFACE_FREE_SAMPLE_TICKS	0
LIST_EXNEXT_400_ENTRIES_FIRST_PASS_SEAL_COMMIT_CALLS	0
LIST_EXNEXT_400_ENTRIES_FIRST_PASS_SEAL_COMMIT_SAMPLES	0
LIST_EXNEXT_400_ENTRIES_FIRST_PASS_SEAL_COMMIT_SAMPLE_TICKS	0
LIST_EXNEXT_400_ENTRIES_FIRST_PASS_INODE_READ_CALLS	401
LIST_EXNEXT_400_ENTRIES_FIRST_PASS_BTREE_SEARCH_CALLS	402
LIST_EXNEXT_400_ENTRIES_FIRST_PASS_BTREE_INDEX_HINT_HITS	0
LIST_EXNEXT_400_ENTRIES_FIRST_PASS_BTREE_LEAF_HINT_HITS	390
LIST_EXNEXT_400_ENTRIES_FIRST_PASS_CACHE_READ_CALLS	21
LIST_EXNEXT_400_ENTRIES_FIRST_PASS_CACHE_READ_HITS	0
LIST_EXNEXT_400_ENTRIES_FIRST_PASS_CACHE_READ_MISSES	21
LIST_EXNEXT_400_ENTRIES_FIRST_PASS_FREE_TREE_NODE_VIEWS	0
LIST_EXNEXT_400_ENTRIES_FIRST_PASS_FREE_TREE_RESIDENT_VIEWS	0
LIST_EXNEXT_400_ENTRIES_FIRST_PASS_DIR_TREE_NODE_VIEWS	40
LIST_EXNEXT_400_ENTRIES_FIRST_PASS_DIR_TREE_RESIDENT_VIEWS	31
LIST_EXNEXT_400_ENTRIES_FIRST_PASS_INODE_TREE_NODE_VIEWS	24
LIST_EXNEXT_400_ENTRIES_FIRST_PASS_INODE_TREE_RESIDENT_VIEWS	12
LIST_EXNEXT_400_ENTRIES_FIRST_PASS_REFCOUNT_TREE_NODE_VIEWS	0
LIST_EXNEXT_400_ENTRIES_FIRST_PASS_REFCOUNT_TREE_RESIDENT_VIEWS	0
LIST_EXNEXT_400_ENTRIES_FIRST_PASS_OTHER_TREE_NODE_VIEWS	0
LIST_EXNEXT_400_ENTRIES_FIRST_PASS_OTHER_TREE_RESIDENT_VIEWS	0
LIST_EXNEXT_400_ENTRIES_FIRST_PASS_DIR_TREE_LEAF_NODE_VIEWS	20
LIST_EXNEXT_400_ENTRIES_FIRST_PASS_DIR_TREE_LEAF_RESIDENT_VIEWS	11
LIST_EXNEXT_400_ENTRIES_FIRST_PASS_DIR_TREE_INTERNAL_NODE_VIEWS	20
LIST_EXNEXT_400_ENTRIES_FIRST_PASS_DIR_TREE_INTERNAL_RESIDENT_VIEWS	20
LIST_EXNEXT_400_ENTRIES_FIRST_PASS_INODE_TREE_LEAF_NODE_VIEWS	12
LIST_EXNEXT_400_ENTRIES_FIRST_PASS_INODE_TREE_LEAF_RESIDENT_VIEWS	0
LIST_EXNEXT_400_ENTRIES_FIRST_PASS_INODE_TREE_INTERNAL_NODE_VIEWS	12
LIST_EXNEXT_400_ENTRIES_FIRST_PASS_INODE_TREE_INTERNAL_RESIDENT_VIEWS	12
LIST_EXNEXT_400_ENTRIES_FIRST_PASS_DETAIL_INODE_READ_CALLS	401
LIST_EXNEXT_400_ENTRIES_FIRST_PASS_DETAIL_INODE_READ_SAMPLES	23
LIST_EXNEXT_400_ENTRIES_FIRST_PASS_DETAIL_INODE_READ_SAMPLE_TICKS	1043
LIST_EXNEXT_400_ENTRIES_FIRST_PASS_DETAIL_INODE_VALIDATE_CALLS	401
LIST_EXNEXT_400_ENTRIES_FIRST_PASS_DETAIL_INODE_VALIDATE_SAMPLES	23
LIST_EXNEXT_400_ENTRIES_FIRST_PASS_DETAIL_INODE_VALIDATE_SAMPLE_TICKS	159
LIST_EXNEXT_400_ENTRIES_FIRST_PASS_DETAIL_INODE_SEARCH_CALLS	401
LIST_EXNEXT_400_ENTRIES_FIRST_PASS_DETAIL_INODE_SEARCH_SAMPLES	23
LIST_EXNEXT_400_ENTRIES_FIRST_PASS_DETAIL_INODE_SEARCH_SAMPLE_TICKS	726
LIST_EXNEXT_400_ENTRIES_FIRST_PASS_DETAIL_INODE_NODE_VIEW_CALLS	24
LIST_EXNEXT_400_ENTRIES_FIRST_PASS_DETAIL_INODE_NODE_VIEW_SAMPLES	1
LIST_EXNEXT_400_ENTRIES_FIRST_PASS_DETAIL_INODE_NODE_VIEW_SAMPLE_TICKS	45
LIST_EXNEXT_400_ENTRIES_FIRST_PASS_DETAIL_DIR_NODE_VIEW_CALLS	40
LIST_EXNEXT_400_ENTRIES_FIRST_PASS_DETAIL_DIR_NODE_VIEW_SAMPLES	2
LIST_EXNEXT_400_ENTRIES_FIRST_PASS_DETAIL_DIR_NODE_VIEW_SAMPLE_TICKS	23
LIST_EXNEXT_400_ENTRIES_FIRST_PASS_DETAIL_INODE_BINARY_SEARCH_CALLS	24
LIST_EXNEXT_400_ENTRIES_FIRST_PASS_DETAIL_INODE_BINARY_SEARCH_SAMPLES	1
LIST_EXNEXT_400_ENTRIES_FIRST_PASS_DETAIL_INODE_BINARY_SEARCH_SAMPLE_TICKS	0
LIST_EXNEXT_400_ENTRIES_FIRST_PASS_DETAIL_DIR_BINARY_SEARCH_CALLS	23
LIST_EXNEXT_400_ENTRIES_FIRST_PASS_DETAIL_DIR_BINARY_SEARCH_SAMPLES	1
LIST_EXNEXT_400_ENTRIES_FIRST_PASS_DETAIL_DIR_BINARY_SEARCH_SAMPLE_TICKS	46
LIST_EXNEXT_400_ENTRIES_FIRST_PASS_DETAIL_NODE_STRUCTURE_CALLS	21
LIST_EXNEXT_400_ENTRIES_FIRST_PASS_DETAIL_NODE_STRUCTURE_SAMPLES	1
LIST_EXNEXT_400_ENTRIES_FIRST_PASS_DETAIL_NODE_STRUCTURE_SAMPLE_TICKS	499
LIST_EXNEXT_400_ENTRIES_FIRST_PASS_DETAIL_CACHE_PEEK_CALLS	466
LIST_EXNEXT_400_ENTRIES_FIRST_PASS_DETAIL_CACHE_PEEK_SAMPLES	27
LIST_EXNEXT_400_ENTRIES_FIRST_PASS_DETAIL_CACHE_PEEK_SAMPLE_TICKS	130
LIST_EXNEXT_400_ENTRIES_FIRST_PASS_DETAIL_BUFFER_ALLOC_CALLS	414
LIST_EXNEXT_400_ENTRIES_FIRST_PASS_DETAIL_BUFFER_ALLOC_SAMPLES	24
LIST_EXNEXT_400_ENTRIES_FIRST_PASS_DETAIL_BUFFER_ALLOC_SAMPLE_TICKS	142
LIST_EXNEXT_400_ENTRIES_FIRST_PASS_DETAIL_BUFFER_FREE_CALLS	414
LIST_EXNEXT_400_ENTRIES_FIRST_PASS_DETAIL_BUFFER_FREE_SAMPLES	24
LIST_EXNEXT_400_ENTRIES_FIRST_PASS_DETAIL_BUFFER_FREE_SAMPLE_TICKS	91
LIST_EXNEXT_400_ENTRIES_FIRST_PASS_DETAIL_EXALL_FILL_CALLS	0
LIST_EXNEXT_400_ENTRIES_FIRST_PASS_DETAIL_EXALL_FILL_SAMPLES	0
LIST_EXNEXT_400_ENTRIES_FIRST_PASS_DETAIL_EXALL_FILL_SAMPLE_TICKS	0
LIST_EXNEXT_400_ENTRIES_FIRST_PASS_DEFERRED_NODE_WRITES	0
LIST_EXNEXT_400_ENTRIES_REPEAT10_TOTAL_US	417406
LIST_EXNEXT_400_ENTRIES_REPEAT10_TOTAL_BIO_READS	0
LIST_EXNEXT_400_ENTRIES_REPEAT10_TOTAL_BIO_WRITES	0
LIST_EXNEXT_400_ENTRIES_REPEAT10_TOTAL_BIO_UPDATES	0
LIST_EXNEXT_400_ENTRIES_REPEAT10_TOTAL_DATA_READS	0
LIST_EXNEXT_400_ENTRIES_REPEAT10_TOTAL_DATA_WRITES	0
LIST_EXNEXT_400_ENTRIES_REPEAT10_TOTAL_NODE_WRITES	0
LIST_EXNEXT_400_ENTRIES_REPEAT10_TOTAL_TXN_COMMITS	0
LIST_EXNEXT_400_ENTRIES_REPEAT10_TOTAL_FREESPACE_ALLOCS	0
LIST_EXNEXT_400_ENTRIES_REPEAT10_TOTAL_EXTENT_MAPS	0
LIST_EXNEXT_400_ENTRIES_REPEAT10_TOTAL_READ_TICKS	0
LIST_EXNEXT_400_ENTRIES_REPEAT10_TOTAL_WRITE_TICKS	0
LIST_EXNEXT_400_ENTRIES_REPEAT10_TOTAL_UPDATE_TICKS	0
LIST_EXNEXT_400_ENTRIES_REPEAT10_TOTAL_DATA_READ_TICKS	0
LIST_EXNEXT_400_ENTRIES_REPEAT10_TOTAL_DATA_WRITE_TICKS	0
LIST_EXNEXT_400_ENTRIES_REPEAT10_TOTAL_FREE_TREE_NODE_WRITES	0
LIST_EXNEXT_400_ENTRIES_REPEAT10_TOTAL_FREE_TREE_ALLOCATION_BODY_NODE_WRITES	0
LIST_EXNEXT_400_ENTRIES_REPEAT10_TOTAL_FREE_TREE_RESERVE_REFILL_NODE_WRITES	0
LIST_EXNEXT_400_ENTRIES_REPEAT10_TOTAL_FREE_TREE_RESERVE_RETURN_NODE_WRITES	0
LIST_EXNEXT_400_ENTRIES_REPEAT10_TOTAL_FREE_TREE_POST_PUBLISH_PENDING_RECLAIM_NODE_WRITES	0
LIST_EXNEXT_400_ENTRIES_REPEAT10_TOTAL_FREE_TREE_OTHER_NODE_WRITES	0
LIST_EXNEXT_400_ENTRIES_REPEAT10_TOTAL_DIR_TREE_NODE_WRITES	0
LIST_EXNEXT_400_ENTRIES_REPEAT10_TOTAL_INODE_TREE_NODE_WRITES	0
LIST_EXNEXT_400_ENTRIES_REPEAT10_TOTAL_REFCOUNT_TREE_NODE_WRITES	0
LIST_EXNEXT_400_ENTRIES_REPEAT10_TOTAL_OTHER_TREE_NODE_WRITES	0
LIST_EXNEXT_400_ENTRIES_REPEAT10_TOTAL_NODE_CRC_READ_CALLS	0
LIST_EXNEXT_400_ENTRIES_REPEAT10_TOTAL_NODE_CRC_READ_SAMPLES	0
LIST_EXNEXT_400_ENTRIES_REPEAT10_TOTAL_NODE_CRC_READ_SAMPLE_TICKS	0
LIST_EXNEXT_400_ENTRIES_REPEAT10_TOTAL_NODE_CRC_WRITE_CALLS	0
LIST_EXNEXT_400_ENTRIES_REPEAT10_TOTAL_NODE_CRC_WRITE_SAMPLES	0
LIST_EXNEXT_400_ENTRIES_REPEAT10_TOTAL_NODE_CRC_WRITE_SAMPLE_TICKS	0
LIST_EXNEXT_400_ENTRIES_REPEAT10_TOTAL_CLOCK_PAIR_TICKS	1
LIST_EXNEXT_400_ENTRIES_REPEAT10_TOTAL_FREE_TREE_RESERVE_RETURN_CALLS	0
LIST_EXNEXT_400_ENTRIES_REPEAT10_TOTAL_FREE_TREE_RESERVE_RETURN_RUNS	0
LIST_EXNEXT_400_ENTRIES_REPEAT10_TOTAL_FREE_TREE_RESERVE_RETURN_BLOCKS	0
LIST_EXNEXT_400_ENTRIES_REPEAT10_TOTAL_FREE_TREE_RESERVE_RETURN_RUNS_1_BLOCK	0
LIST_EXNEXT_400_ENTRIES_REPEAT10_TOTAL_FREE_TREE_RESERVE_RETURN_RUNS_2_3_BLOCKS	0
LIST_EXNEXT_400_ENTRIES_REPEAT10_TOTAL_FREE_TREE_RESERVE_RETURN_RUNS_4_7_BLOCKS	0
LIST_EXNEXT_400_ENTRIES_REPEAT10_TOTAL_FREE_TREE_RESERVE_RETURN_RUNS_8_PLUS_BLOCKS	0
LIST_EXNEXT_400_ENTRIES_REPEAT10_TOTAL_FREE_TREE_RESERVE_RETURN_MAX_RUN_BLOCKS	0
LIST_EXNEXT_400_ENTRIES_REPEAT10_TOTAL_FREE_TREE_RESERVE_RETURN_MAX_NODE_WRITES_PER_RUN	0
LIST_EXNEXT_400_ENTRIES_REPEAT10_TOTAL_POST_PUBLISH_RECLAIM_PASSES	0
LIST_EXNEXT_400_ENTRIES_REPEAT10_TOTAL_MAX_POST_PUBLISH_RECLAIM_PASSES_PER_COMMIT	0
LIST_EXNEXT_400_ENTRIES_REPEAT10_TOTAL_SUPERBLOCK_PUBLICATIONS	0
LIST_EXNEXT_400_ENTRIES_REPEAT10_TOTAL_FREE_TREE_RESERVE_RETURN_RUN_NODE_WRITES	0
LIST_EXNEXT_400_ENTRIES_REPEAT10_TOTAL_FREE_TREE_RESERVE_RETURN_BATCH_CALLS	0
LIST_EXNEXT_400_ENTRIES_REPEAT10_TOTAL_FREE_TREE_RESERVE_RETURN_BATCH_BLOCKS	0
LIST_EXNEXT_400_ENTRIES_REPEAT10_TOTAL_FREE_TREE_RESERVE_RETURN_BATCH_NODE_WRITES	0
LIST_EXNEXT_400_ENTRIES_REPEAT10_TOTAL_FREE_TREE_RESERVE_RETURN_SKIP_SHAPE	0
LIST_EXNEXT_400_ENTRIES_REPEAT10_TOTAL_FREE_TREE_RESERVE_RETURN_SKIP_SMALL	0
LIST_EXNEXT_400_ENTRIES_REPEAT10_TOTAL_FREE_TREE_RESERVE_RETURN_SKIP_EMERGENCY	0
LIST_EXNEXT_400_ENTRIES_REPEAT10_TOTAL_FREE_TREE_RESERVE_RETURN_SKIP_CAPACITY	0
LIST_EXNEXT_400_ENTRIES_REPEAT10_TOTAL_SEALED_COMMITS	0
LIST_EXNEXT_400_ENTRIES_REPEAT10_TOTAL_SEALED_METADATA_FENCES	0
LIST_EXNEXT_400_ENTRIES_REPEAT10_TOTAL_BTREE_MALLOC_CALLS	91
LIST_EXNEXT_400_ENTRIES_REPEAT10_TOTAL_BTREE_MALLOC_SAMPLES	91
LIST_EXNEXT_400_ENTRIES_REPEAT10_TOTAL_BTREE_MALLOC_SAMPLE_TICKS	263
LIST_EXNEXT_400_ENTRIES_REPEAT10_TOTAL_BTREE_FREE_CALLS	4021
LIST_EXNEXT_400_ENTRIES_REPEAT10_TOTAL_BTREE_FREE_SAMPLES	4021
LIST_EXNEXT_400_ENTRIES_REPEAT10_TOTAL_BTREE_FREE_SAMPLE_TICKS	5475
LIST_EXNEXT_400_ENTRIES_REPEAT10_TOTAL_IFACE_ALLOC_CALLS	0
LIST_EXNEXT_400_ENTRIES_REPEAT10_TOTAL_IFACE_ALLOC_SAMPLES	0
LIST_EXNEXT_400_ENTRIES_REPEAT10_TOTAL_IFACE_ALLOC_SAMPLE_TICKS	0
LIST_EXNEXT_400_ENTRIES_REPEAT10_TOTAL_FREESPACE_ALLOC_SAMPLES	0
LIST_EXNEXT_400_ENTRIES_REPEAT10_TOTAL_FREESPACE_ALLOC_SAMPLE_TICKS	0
LIST_EXNEXT_400_ENTRIES_REPEAT10_TOTAL_PACKET_CALLS	4022
LIST_EXNEXT_400_ENTRIES_REPEAT10_TOTAL_PACKET_SAMPLES	4022
LIST_EXNEXT_400_ENTRIES_REPEAT10_TOTAL_PACKET_SAMPLE_TICKS	215506
LIST_EXNEXT_400_ENTRIES_REPEAT10_TOTAL_PACKET_OPEN_CALLS	0
LIST_EXNEXT_400_ENTRIES_REPEAT10_TOTAL_PACKET_OPEN_SAMPLES	0
LIST_EXNEXT_400_ENTRIES_REPEAT10_TOTAL_PACKET_OPEN_SAMPLE_TICKS	0
LIST_EXNEXT_400_ENTRIES_REPEAT10_TOTAL_PACKET_READ_CALLS	0
LIST_EXNEXT_400_ENTRIES_REPEAT10_TOTAL_PACKET_READ_SAMPLES	0
LIST_EXNEXT_400_ENTRIES_REPEAT10_TOTAL_PACKET_READ_SAMPLE_TICKS	0
LIST_EXNEXT_400_ENTRIES_REPEAT10_TOTAL_PACKET_WRITE_CALLS	0
LIST_EXNEXT_400_ENTRIES_REPEAT10_TOTAL_PACKET_WRITE_SAMPLES	0
LIST_EXNEXT_400_ENTRIES_REPEAT10_TOTAL_PACKET_WRITE_SAMPLE_TICKS	0
LIST_EXNEXT_400_ENTRIES_REPEAT10_TOTAL_PACKET_END_CALLS	0
LIST_EXNEXT_400_ENTRIES_REPEAT10_TOTAL_PACKET_END_SAMPLES	0
LIST_EXNEXT_400_ENTRIES_REPEAT10_TOTAL_PACKET_END_SAMPLE_TICKS	0
LIST_EXNEXT_400_ENTRIES_REPEAT10_TOTAL_PACKET_DELETE_CALLS	0
LIST_EXNEXT_400_ENTRIES_REPEAT10_TOTAL_PACKET_DELETE_SAMPLES	0
LIST_EXNEXT_400_ENTRIES_REPEAT10_TOTAL_PACKET_DELETE_SAMPLE_TICKS	0
LIST_EXNEXT_400_ENTRIES_REPEAT10_TOTAL_PACKET_FLUSH_CALLS	0
LIST_EXNEXT_400_ENTRIES_REPEAT10_TOTAL_PACKET_FLUSH_SAMPLES	0
LIST_EXNEXT_400_ENTRIES_REPEAT10_TOTAL_PACKET_FLUSH_SAMPLE_TICKS	0
LIST_EXNEXT_400_ENTRIES_REPEAT10_TOTAL_PACKET_OTHER_CALLS	4022
LIST_EXNEXT_400_ENTRIES_REPEAT10_TOTAL_PACKET_OTHER_SAMPLES	4022
LIST_EXNEXT_400_ENTRIES_REPEAT10_TOTAL_PACKET_OTHER_SAMPLE_TICKS	215506
LIST_EXNEXT_400_ENTRIES_REPEAT10_TOTAL_CORE_CREATE_CALLS	0
LIST_EXNEXT_400_ENTRIES_REPEAT10_TOTAL_CORE_CREATE_SAMPLES	0
LIST_EXNEXT_400_ENTRIES_REPEAT10_TOTAL_CORE_CREATE_SAMPLE_TICKS	0
LIST_EXNEXT_400_ENTRIES_REPEAT10_TOTAL_CORE_DELETE_CALLS	0
LIST_EXNEXT_400_ENTRIES_REPEAT10_TOTAL_CORE_DELETE_SAMPLES	0
LIST_EXNEXT_400_ENTRIES_REPEAT10_TOTAL_CORE_DELETE_SAMPLE_TICKS	0
LIST_EXNEXT_400_ENTRIES_REPEAT10_TOTAL_CORE_FILE_WRITE_CALLS	0
LIST_EXNEXT_400_ENTRIES_REPEAT10_TOTAL_CORE_FILE_WRITE_SAMPLES	0
LIST_EXNEXT_400_ENTRIES_REPEAT10_TOTAL_CORE_FILE_WRITE_SAMPLE_TICKS	0
LIST_EXNEXT_400_ENTRIES_REPEAT10_TOTAL_CORE_SYNC_CALLS	0
LIST_EXNEXT_400_ENTRIES_REPEAT10_TOTAL_CORE_SYNC_SAMPLES	0
LIST_EXNEXT_400_ENTRIES_REPEAT10_TOTAL_CORE_SYNC_SAMPLE_TICKS	0
LIST_EXNEXT_400_ENTRIES_REPEAT10_TOTAL_IFACE_FREE_CALLS	0
LIST_EXNEXT_400_ENTRIES_REPEAT10_TOTAL_IFACE_FREE_SAMPLES	0
LIST_EXNEXT_400_ENTRIES_REPEAT10_TOTAL_IFACE_FREE_SAMPLE_TICKS	0
LIST_EXNEXT_400_ENTRIES_REPEAT10_TOTAL_SEAL_COMMIT_CALLS	0
LIST_EXNEXT_400_ENTRIES_REPEAT10_TOTAL_SEAL_COMMIT_SAMPLES	0
LIST_EXNEXT_400_ENTRIES_REPEAT10_TOTAL_SEAL_COMMIT_SAMPLE_TICKS	0
LIST_EXNEXT_400_ENTRIES_REPEAT10_TOTAL_INODE_READ_CALLS	4010
LIST_EXNEXT_400_ENTRIES_REPEAT10_TOTAL_BTREE_SEARCH_CALLS	4011
LIST_EXNEXT_400_ENTRIES_REPEAT10_TOTAL_BTREE_INDEX_HINT_HITS	0
LIST_EXNEXT_400_ENTRIES_REPEAT10_TOTAL_BTREE_LEAF_HINT_HITS	4011
LIST_EXNEXT_400_ENTRIES_REPEAT10_TOTAL_CACHE_READ_CALLS	0
LIST_EXNEXT_400_ENTRIES_REPEAT10_TOTAL_CACHE_READ_HITS	0
LIST_EXNEXT_400_ENTRIES_REPEAT10_TOTAL_CACHE_READ_MISSES	0
LIST_EXNEXT_400_ENTRIES_REPEAT10_TOTAL_FREE_TREE_NODE_VIEWS	0
LIST_EXNEXT_400_ENTRIES_REPEAT10_TOTAL_FREE_TREE_RESIDENT_VIEWS	0
LIST_EXNEXT_400_ENTRIES_REPEAT10_TOTAL_DIR_TREE_NODE_VIEWS	400
LIST_EXNEXT_400_ENTRIES_REPEAT10_TOTAL_DIR_TREE_RESIDENT_VIEWS	400
LIST_EXNEXT_400_ENTRIES_REPEAT10_TOTAL_INODE_TREE_NODE_VIEWS	0
LIST_EXNEXT_400_ENTRIES_REPEAT10_TOTAL_INODE_TREE_RESIDENT_VIEWS	0
LIST_EXNEXT_400_ENTRIES_REPEAT10_TOTAL_REFCOUNT_TREE_NODE_VIEWS	0
LIST_EXNEXT_400_ENTRIES_REPEAT10_TOTAL_REFCOUNT_TREE_RESIDENT_VIEWS	0
LIST_EXNEXT_400_ENTRIES_REPEAT10_TOTAL_OTHER_TREE_NODE_VIEWS	0
LIST_EXNEXT_400_ENTRIES_REPEAT10_TOTAL_OTHER_TREE_RESIDENT_VIEWS	0
LIST_EXNEXT_400_ENTRIES_REPEAT10_TOTAL_DIR_TREE_LEAF_NODE_VIEWS	200
LIST_EXNEXT_400_ENTRIES_REPEAT10_TOTAL_DIR_TREE_LEAF_RESIDENT_VIEWS	200
LIST_EXNEXT_400_ENTRIES_REPEAT10_TOTAL_DIR_TREE_INTERNAL_NODE_VIEWS	200
LIST_EXNEXT_400_ENTRIES_REPEAT10_TOTAL_DIR_TREE_INTERNAL_RESIDENT_VIEWS	200
LIST_EXNEXT_400_ENTRIES_REPEAT10_TOTAL_INODE_TREE_LEAF_NODE_VIEWS	0
LIST_EXNEXT_400_ENTRIES_REPEAT10_TOTAL_INODE_TREE_LEAF_RESIDENT_VIEWS	0
LIST_EXNEXT_400_ENTRIES_REPEAT10_TOTAL_INODE_TREE_INTERNAL_NODE_VIEWS	0
LIST_EXNEXT_400_ENTRIES_REPEAT10_TOTAL_INODE_TREE_INTERNAL_RESIDENT_VIEWS	0
LIST_EXNEXT_400_ENTRIES_REPEAT10_TOTAL_DETAIL_INODE_READ_CALLS	4010
LIST_EXNEXT_400_ENTRIES_REPEAT10_TOTAL_DETAIL_INODE_READ_SAMPLES	235
LIST_EXNEXT_400_ENTRIES_REPEAT10_TOTAL_DETAIL_INODE_READ_SAMPLE_TICKS	6037
LIST_EXNEXT_400_ENTRIES_REPEAT10_TOTAL_DETAIL_INODE_VALIDATE_CALLS	4010
LIST_EXNEXT_400_ENTRIES_REPEAT10_TOTAL_DETAIL_INODE_VALIDATE_SAMPLES	235
LIST_EXNEXT_400_ENTRIES_REPEAT10_TOTAL_DETAIL_INODE_VALIDATE_SAMPLE_TICKS	616
LIST_EXNEXT_400_ENTRIES_REPEAT10_TOTAL_DETAIL_INODE_SEARCH_CALLS	4010
LIST_EXNEXT_400_ENTRIES_REPEAT10_TOTAL_DETAIL_INODE_SEARCH_SAMPLES	235
LIST_EXNEXT_400_ENTRIES_REPEAT10_TOTAL_DETAIL_INODE_SEARCH_SAMPLE_TICKS	2936
LIST_EXNEXT_400_ENTRIES_REPEAT10_TOTAL_DETAIL_INODE_NODE_VIEW_CALLS	0
LIST_EXNEXT_400_ENTRIES_REPEAT10_TOTAL_DETAIL_INODE_NODE_VIEW_SAMPLES	0
LIST_EXNEXT_400_ENTRIES_REPEAT10_TOTAL_DETAIL_INODE_NODE_VIEW_SAMPLE_TICKS	0
LIST_EXNEXT_400_ENTRIES_REPEAT10_TOTAL_DETAIL_DIR_NODE_VIEW_CALLS	400
LIST_EXNEXT_400_ENTRIES_REPEAT10_TOTAL_DETAIL_DIR_NODE_VIEW_SAMPLES	23
LIST_EXNEXT_400_ENTRIES_REPEAT10_TOTAL_DETAIL_DIR_NODE_VIEW_SAMPLE_TICKS	166
LIST_EXNEXT_400_ENTRIES_REPEAT10_TOTAL_DETAIL_INODE_BINARY_SEARCH_CALLS	0
LIST_EXNEXT_400_ENTRIES_REPEAT10_TOTAL_DETAIL_INODE_BINARY_SEARCH_SAMPLES	0
LIST_EXNEXT_400_ENTRIES_REPEAT10_TOTAL_DETAIL_INODE_BINARY_SEARCH_SAMPLE_TICKS	0
LIST_EXNEXT_400_ENTRIES_REPEAT10_TOTAL_DETAIL_DIR_BINARY_SEARCH_CALLS	221
LIST_EXNEXT_400_ENTRIES_REPEAT10_TOTAL_DETAIL_DIR_BINARY_SEARCH_SAMPLES	13
LIST_EXNEXT_400_ENTRIES_REPEAT10_TOTAL_DETAIL_DIR_BINARY_SEARCH_SAMPLE_TICKS	48
LIST_EXNEXT_400_ENTRIES_REPEAT10_TOTAL_DETAIL_NODE_STRUCTURE_CALLS	0
LIST_EXNEXT_400_ENTRIES_REPEAT10_TOTAL_DETAIL_NODE_STRUCTURE_SAMPLES	0
LIST_EXNEXT_400_ENTRIES_REPEAT10_TOTAL_DETAIL_NODE_STRUCTURE_SAMPLE_TICKS	0
LIST_EXNEXT_400_ENTRIES_REPEAT10_TOTAL_DETAIL_CACHE_PEEK_CALLS	4411
LIST_EXNEXT_400_ENTRIES_REPEAT10_TOTAL_DETAIL_CACHE_PEEK_SAMPLES	259
LIST_EXNEXT_400_ENTRIES_REPEAT10_TOTAL_DETAIL_CACHE_PEEK_SAMPLE_TICKS	966
LIST_EXNEXT_400_ENTRIES_REPEAT10_TOTAL_DETAIL_BUFFER_ALLOC_CALLS	4020
LIST_EXNEXT_400_ENTRIES_REPEAT10_TOTAL_DETAIL_BUFFER_ALLOC_SAMPLES	236
LIST_EXNEXT_400_ENTRIES_REPEAT10_TOTAL_DETAIL_BUFFER_ALLOC_SAMPLE_TICKS	525
LIST_EXNEXT_400_ENTRIES_REPEAT10_TOTAL_DETAIL_BUFFER_FREE_CALLS	4020
LIST_EXNEXT_400_ENTRIES_REPEAT10_TOTAL_DETAIL_BUFFER_FREE_SAMPLES	236
LIST_EXNEXT_400_ENTRIES_REPEAT10_TOTAL_DETAIL_BUFFER_FREE_SAMPLE_TICKS	510
LIST_EXNEXT_400_ENTRIES_REPEAT10_TOTAL_DETAIL_EXALL_FILL_CALLS	0
LIST_EXNEXT_400_ENTRIES_REPEAT10_TOTAL_DETAIL_EXALL_FILL_SAMPLES	0
LIST_EXNEXT_400_ENTRIES_REPEAT10_TOTAL_DETAIL_EXALL_FILL_SAMPLE_TICKS	0
LIST_EXNEXT_400_ENTRIES_REPEAT10_TOTAL_DEFERRED_NODE_WRITES	0
LIST_EXALL_400_ENTRIES_FIRST_PASS_US	25089
LIST_EXALL_400_ENTRIES_FIRST_PASS_BIO_READS	22
LIST_EXALL_400_ENTRIES_FIRST_PASS_BIO_WRITES	0
LIST_EXALL_400_ENTRIES_FIRST_PASS_BIO_UPDATES	0
LIST_EXALL_400_ENTRIES_FIRST_PASS_DATA_READS	0
LIST_EXALL_400_ENTRIES_FIRST_PASS_DATA_WRITES	0
LIST_EXALL_400_ENTRIES_FIRST_PASS_NODE_WRITES	0
LIST_EXALL_400_ENTRIES_FIRST_PASS_TXN_COMMITS	0
LIST_EXALL_400_ENTRIES_FIRST_PASS_FREESPACE_ALLOCS	0
LIST_EXALL_400_ENTRIES_FIRST_PASS_EXTENT_MAPS	0
LIST_EXALL_400_ENTRIES_FIRST_PASS_READ_TICKS	1992
LIST_EXALL_400_ENTRIES_FIRST_PASS_WRITE_TICKS	0
LIST_EXALL_400_ENTRIES_FIRST_PASS_UPDATE_TICKS	0
LIST_EXALL_400_ENTRIES_FIRST_PASS_DATA_READ_TICKS	0
LIST_EXALL_400_ENTRIES_FIRST_PASS_DATA_WRITE_TICKS	0
LIST_EXALL_400_ENTRIES_FIRST_PASS_FREE_TREE_NODE_WRITES	0
LIST_EXALL_400_ENTRIES_FIRST_PASS_FREE_TREE_ALLOCATION_BODY_NODE_WRITES	0
LIST_EXALL_400_ENTRIES_FIRST_PASS_FREE_TREE_RESERVE_REFILL_NODE_WRITES	0
LIST_EXALL_400_ENTRIES_FIRST_PASS_FREE_TREE_RESERVE_RETURN_NODE_WRITES	0
LIST_EXALL_400_ENTRIES_FIRST_PASS_FREE_TREE_POST_PUBLISH_PENDING_RECLAIM_NODE_WRITES	0
LIST_EXALL_400_ENTRIES_FIRST_PASS_FREE_TREE_OTHER_NODE_WRITES	0
LIST_EXALL_400_ENTRIES_FIRST_PASS_DIR_TREE_NODE_WRITES	0
LIST_EXALL_400_ENTRIES_FIRST_PASS_INODE_TREE_NODE_WRITES	0
LIST_EXALL_400_ENTRIES_FIRST_PASS_REFCOUNT_TREE_NODE_WRITES	0
LIST_EXALL_400_ENTRIES_FIRST_PASS_OTHER_TREE_NODE_WRITES	0
LIST_EXALL_400_ENTRIES_FIRST_PASS_NODE_CRC_READ_CALLS	22
LIST_EXALL_400_ENTRIES_FIRST_PASS_NODE_CRC_READ_SAMPLES	0
LIST_EXALL_400_ENTRIES_FIRST_PASS_NODE_CRC_READ_SAMPLE_TICKS	0
LIST_EXALL_400_ENTRIES_FIRST_PASS_NODE_CRC_WRITE_CALLS	0
LIST_EXALL_400_ENTRIES_FIRST_PASS_NODE_CRC_WRITE_SAMPLES	0
LIST_EXALL_400_ENTRIES_FIRST_PASS_NODE_CRC_WRITE_SAMPLE_TICKS	0
LIST_EXALL_400_ENTRIES_FIRST_PASS_CLOCK_PAIR_TICKS	0
LIST_EXALL_400_ENTRIES_FIRST_PASS_FREE_TREE_RESERVE_RETURN_CALLS	0
LIST_EXALL_400_ENTRIES_FIRST_PASS_FREE_TREE_RESERVE_RETURN_RUNS	0
LIST_EXALL_400_ENTRIES_FIRST_PASS_FREE_TREE_RESERVE_RETURN_BLOCKS	0
LIST_EXALL_400_ENTRIES_FIRST_PASS_FREE_TREE_RESERVE_RETURN_RUNS_1_BLOCK	0
LIST_EXALL_400_ENTRIES_FIRST_PASS_FREE_TREE_RESERVE_RETURN_RUNS_2_3_BLOCKS	0
LIST_EXALL_400_ENTRIES_FIRST_PASS_FREE_TREE_RESERVE_RETURN_RUNS_4_7_BLOCKS	0
LIST_EXALL_400_ENTRIES_FIRST_PASS_FREE_TREE_RESERVE_RETURN_RUNS_8_PLUS_BLOCKS	0
LIST_EXALL_400_ENTRIES_FIRST_PASS_FREE_TREE_RESERVE_RETURN_MAX_RUN_BLOCKS	0
LIST_EXALL_400_ENTRIES_FIRST_PASS_FREE_TREE_RESERVE_RETURN_MAX_NODE_WRITES_PER_RUN	0
LIST_EXALL_400_ENTRIES_FIRST_PASS_POST_PUBLISH_RECLAIM_PASSES	0
LIST_EXALL_400_ENTRIES_FIRST_PASS_MAX_POST_PUBLISH_RECLAIM_PASSES_PER_COMMIT	0
LIST_EXALL_400_ENTRIES_FIRST_PASS_SUPERBLOCK_PUBLICATIONS	0
LIST_EXALL_400_ENTRIES_FIRST_PASS_FREE_TREE_RESERVE_RETURN_RUN_NODE_WRITES	0
LIST_EXALL_400_ENTRIES_FIRST_PASS_FREE_TREE_RESERVE_RETURN_BATCH_CALLS	0
LIST_EXALL_400_ENTRIES_FIRST_PASS_FREE_TREE_RESERVE_RETURN_BATCH_BLOCKS	0
LIST_EXALL_400_ENTRIES_FIRST_PASS_FREE_TREE_RESERVE_RETURN_BATCH_NODE_WRITES	0
LIST_EXALL_400_ENTRIES_FIRST_PASS_FREE_TREE_RESERVE_RETURN_SKIP_SHAPE	0
LIST_EXALL_400_ENTRIES_FIRST_PASS_FREE_TREE_RESERVE_RETURN_SKIP_SMALL	0
LIST_EXALL_400_ENTRIES_FIRST_PASS_FREE_TREE_RESERVE_RETURN_SKIP_EMERGENCY	0
LIST_EXALL_400_ENTRIES_FIRST_PASS_FREE_TREE_RESERVE_RETURN_SKIP_CAPACITY	0
LIST_EXALL_400_ENTRIES_FIRST_PASS_SEALED_COMMITS	0
LIST_EXALL_400_ENTRIES_FIRST_PASS_SEALED_METADATA_FENCES	0
LIST_EXALL_400_ENTRIES_FIRST_PASS_BTREE_MALLOC_CALLS	6
LIST_EXALL_400_ENTRIES_FIRST_PASS_BTREE_MALLOC_SAMPLES	6
LIST_EXALL_400_ENTRIES_FIRST_PASS_BTREE_MALLOC_SAMPLE_TICKS	96
LIST_EXALL_400_ENTRIES_FIRST_PASS_BTREE_FREE_CALLS	6
LIST_EXALL_400_ENTRIES_FIRST_PASS_BTREE_FREE_SAMPLES	6
LIST_EXALL_400_ENTRIES_FIRST_PASS_BTREE_FREE_SAMPLE_TICKS	46
LIST_EXALL_400_ENTRIES_FIRST_PASS_IFACE_ALLOC_CALLS	0
LIST_EXALL_400_ENTRIES_FIRST_PASS_IFACE_ALLOC_SAMPLES	0
LIST_EXALL_400_ENTRIES_FIRST_PASS_IFACE_ALLOC_SAMPLE_TICKS	0
LIST_EXALL_400_ENTRIES_FIRST_PASS_FREESPACE_ALLOC_SAMPLES	0
LIST_EXALL_400_ENTRIES_FIRST_PASS_FREESPACE_ALLOC_SAMPLE_TICKS	0
LIST_EXALL_400_ENTRIES_FIRST_PASS_PACKET_CALLS	7
LIST_EXALL_400_ENTRIES_FIRST_PASS_PACKET_SAMPLES	7
LIST_EXALL_400_ENTRIES_FIRST_PASS_PACKET_SAMPLE_TICKS	17298
LIST_EXALL_400_ENTRIES_FIRST_PASS_PACKET_OPEN_CALLS	0
LIST_EXALL_400_ENTRIES_FIRST_PASS_PACKET_OPEN_SAMPLES	0
LIST_EXALL_400_ENTRIES_FIRST_PASS_PACKET_OPEN_SAMPLE_TICKS	0
LIST_EXALL_400_ENTRIES_FIRST_PASS_PACKET_READ_CALLS	0
LIST_EXALL_400_ENTRIES_FIRST_PASS_PACKET_READ_SAMPLES	0
LIST_EXALL_400_ENTRIES_FIRST_PASS_PACKET_READ_SAMPLE_TICKS	0
LIST_EXALL_400_ENTRIES_FIRST_PASS_PACKET_WRITE_CALLS	0
LIST_EXALL_400_ENTRIES_FIRST_PASS_PACKET_WRITE_SAMPLES	0
LIST_EXALL_400_ENTRIES_FIRST_PASS_PACKET_WRITE_SAMPLE_TICKS	0
LIST_EXALL_400_ENTRIES_FIRST_PASS_PACKET_END_CALLS	0
LIST_EXALL_400_ENTRIES_FIRST_PASS_PACKET_END_SAMPLES	0
LIST_EXALL_400_ENTRIES_FIRST_PASS_PACKET_END_SAMPLE_TICKS	0
LIST_EXALL_400_ENTRIES_FIRST_PASS_PACKET_DELETE_CALLS	0
LIST_EXALL_400_ENTRIES_FIRST_PASS_PACKET_DELETE_SAMPLES	0
LIST_EXALL_400_ENTRIES_FIRST_PASS_PACKET_DELETE_SAMPLE_TICKS	0
LIST_EXALL_400_ENTRIES_FIRST_PASS_PACKET_FLUSH_CALLS	0
LIST_EXALL_400_ENTRIES_FIRST_PASS_PACKET_FLUSH_SAMPLES	0
LIST_EXALL_400_ENTRIES_FIRST_PASS_PACKET_FLUSH_SAMPLE_TICKS	0
LIST_EXALL_400_ENTRIES_FIRST_PASS_PACKET_OTHER_CALLS	7
LIST_EXALL_400_ENTRIES_FIRST_PASS_PACKET_OTHER_SAMPLES	7
LIST_EXALL_400_ENTRIES_FIRST_PASS_PACKET_OTHER_SAMPLE_TICKS	17298
LIST_EXALL_400_ENTRIES_FIRST_PASS_CORE_CREATE_CALLS	0
LIST_EXALL_400_ENTRIES_FIRST_PASS_CORE_CREATE_SAMPLES	0
LIST_EXALL_400_ENTRIES_FIRST_PASS_CORE_CREATE_SAMPLE_TICKS	0
LIST_EXALL_400_ENTRIES_FIRST_PASS_CORE_DELETE_CALLS	0
LIST_EXALL_400_ENTRIES_FIRST_PASS_CORE_DELETE_SAMPLES	0
LIST_EXALL_400_ENTRIES_FIRST_PASS_CORE_DELETE_SAMPLE_TICKS	0
LIST_EXALL_400_ENTRIES_FIRST_PASS_CORE_FILE_WRITE_CALLS	0
LIST_EXALL_400_ENTRIES_FIRST_PASS_CORE_FILE_WRITE_SAMPLES	0
LIST_EXALL_400_ENTRIES_FIRST_PASS_CORE_FILE_WRITE_SAMPLE_TICKS	0
LIST_EXALL_400_ENTRIES_FIRST_PASS_CORE_SYNC_CALLS	0
LIST_EXALL_400_ENTRIES_FIRST_PASS_CORE_SYNC_SAMPLES	0
LIST_EXALL_400_ENTRIES_FIRST_PASS_CORE_SYNC_SAMPLE_TICKS	0
LIST_EXALL_400_ENTRIES_FIRST_PASS_IFACE_FREE_CALLS	0
LIST_EXALL_400_ENTRIES_FIRST_PASS_IFACE_FREE_SAMPLES	0
LIST_EXALL_400_ENTRIES_FIRST_PASS_IFACE_FREE_SAMPLE_TICKS	0
LIST_EXALL_400_ENTRIES_FIRST_PASS_SEAL_COMMIT_CALLS	0
LIST_EXALL_400_ENTRIES_FIRST_PASS_SEAL_COMMIT_SAMPLES	0
LIST_EXALL_400_ENTRIES_FIRST_PASS_SEAL_COMMIT_SAMPLE_TICKS	0
LIST_EXALL_400_ENTRIES_FIRST_PASS_INODE_READ_CALLS	404
LIST_EXALL_400_ENTRIES_FIRST_PASS_BTREE_SEARCH_CALLS	405
LIST_EXALL_400_ENTRIES_FIRST_PASS_BTREE_INDEX_HINT_HITS	4
LIST_EXALL_400_ENTRIES_FIRST_PASS_BTREE_LEAF_HINT_HITS	388
LIST_EXALL_400_ENTRIES_FIRST_PASS_CACHE_READ_CALLS	22
LIST_EXALL_400_ENTRIES_FIRST_PASS_CACHE_READ_HITS	0
LIST_EXALL_400_ENTRIES_FIRST_PASS_CACHE_READ_MISSES	22
LIST_EXALL_400_ENTRIES_FIRST_PASS_FREE_TREE_NODE_VIEWS	0
LIST_EXALL_400_ENTRIES_FIRST_PASS_FREE_TREE_RESIDENT_VIEWS	0
LIST_EXALL_400_ENTRIES_FIRST_PASS_DIR_TREE_NODE_VIEWS	28
LIST_EXALL_400_ENTRIES_FIRST_PASS_DIR_TREE_RESIDENT_VIEWS	19
LIST_EXALL_400_ENTRIES_FIRST_PASS_INODE_TREE_NODE_VIEWS	26
LIST_EXALL_400_ENTRIES_FIRST_PASS_INODE_TREE_RESIDENT_VIEWS	13
LIST_EXALL_400_ENTRIES_FIRST_PASS_REFCOUNT_TREE_NODE_VIEWS	0
LIST_EXALL_400_ENTRIES_FIRST_PASS_REFCOUNT_TREE_RESIDENT_VIEWS	0
LIST_EXALL_400_ENTRIES_FIRST_PASS_OTHER_TREE_NODE_VIEWS	0
LIST_EXALL_400_ENTRIES_FIRST_PASS_OTHER_TREE_RESIDENT_VIEWS	0
LIST_EXALL_400_ENTRIES_FIRST_PASS_DIR_TREE_LEAF_NODE_VIEWS	14
LIST_EXALL_400_ENTRIES_FIRST_PASS_DIR_TREE_LEAF_RESIDENT_VIEWS	5
LIST_EXALL_400_ENTRIES_FIRST_PASS_DIR_TREE_INTERNAL_NODE_VIEWS	14
LIST_EXALL_400_ENTRIES_FIRST_PASS_DIR_TREE_INTERNAL_RESIDENT_VIEWS	14
LIST_EXALL_400_ENTRIES_FIRST_PASS_INODE_TREE_LEAF_NODE_VIEWS	13
LIST_EXALL_400_ENTRIES_FIRST_PASS_INODE_TREE_LEAF_RESIDENT_VIEWS	0
LIST_EXALL_400_ENTRIES_FIRST_PASS_INODE_TREE_INTERNAL_NODE_VIEWS	13
LIST_EXALL_400_ENTRIES_FIRST_PASS_INODE_TREE_INTERNAL_RESIDENT_VIEWS	13
LIST_EXALL_400_ENTRIES_FIRST_PASS_DETAIL_INODE_READ_CALLS	404
LIST_EXALL_400_ENTRIES_FIRST_PASS_DETAIL_INODE_READ_SAMPLES	23
LIST_EXALL_400_ENTRIES_FIRST_PASS_DETAIL_INODE_READ_SAMPLE_TICKS	663
LIST_EXALL_400_ENTRIES_FIRST_PASS_DETAIL_INODE_VALIDATE_CALLS	404
LIST_EXALL_400_ENTRIES_FIRST_PASS_DETAIL_INODE_VALIDATE_SAMPLES	23
LIST_EXALL_400_ENTRIES_FIRST_PASS_DETAIL_INODE_VALIDATE_SAMPLE_TICKS	2
LIST_EXALL_400_ENTRIES_FIRST_PASS_DETAIL_INODE_SEARCH_CALLS	404
LIST_EXALL_400_ENTRIES_FIRST_PASS_DETAIL_INODE_SEARCH_SAMPLES	23
LIST_EXALL_400_ENTRIES_FIRST_PASS_DETAIL_INODE_SEARCH_SAMPLE_TICKS	371
LIST_EXALL_400_ENTRIES_FIRST_PASS_DETAIL_INODE_NODE_VIEW_CALLS	26
LIST_EXALL_400_ENTRIES_FIRST_PASS_DETAIL_INODE_NODE_VIEW_SAMPLES	1
LIST_EXALL_400_ENTRIES_FIRST_PASS_DETAIL_INODE_NODE_VIEW_SAMPLE_TICKS	0
LIST_EXALL_400_ENTRIES_FIRST_PASS_DETAIL_DIR_NODE_VIEW_CALLS	28
LIST_EXALL_400_ENTRIES_FIRST_PASS_DETAIL_DIR_NODE_VIEW_SAMPLES	1
LIST_EXALL_400_ENTRIES_FIRST_PASS_DETAIL_DIR_NODE_VIEW_SAMPLE_TICKS	0
LIST_EXALL_400_ENTRIES_FIRST_PASS_DETAIL_INODE_BINARY_SEARCH_CALLS	26
LIST_EXALL_400_ENTRIES_FIRST_PASS_DETAIL_INODE_BINARY_SEARCH_SAMPLES	1
LIST_EXALL_400_ENTRIES_FIRST_PASS_DETAIL_INODE_BINARY_SEARCH_SAMPLE_TICKS	0
LIST_EXALL_400_ENTRIES_FIRST_PASS_DETAIL_DIR_BINARY_SEARCH_CALLS	15
LIST_EXALL_400_ENTRIES_FIRST_PASS_DETAIL_DIR_BINARY_SEARCH_SAMPLES	0
LIST_EXALL_400_ENTRIES_FIRST_PASS_DETAIL_DIR_BINARY_SEARCH_SAMPLE_TICKS	0
LIST_EXALL_400_ENTRIES_FIRST_PASS_DETAIL_NODE_STRUCTURE_CALLS	22
LIST_EXALL_400_ENTRIES_FIRST_PASS_DETAIL_NODE_STRUCTURE_SAMPLES	1
LIST_EXALL_400_ENTRIES_FIRST_PASS_DETAIL_NODE_STRUCTURE_SAMPLE_TICKS	136
LIST_EXALL_400_ENTRIES_FIRST_PASS_DETAIL_CACHE_PEEK_CALLS	460
LIST_EXALL_400_ENTRIES_FIRST_PASS_DETAIL_CACHE_PEEK_SAMPLES	27
LIST_EXALL_400_ENTRIES_FIRST_PASS_DETAIL_CACHE_PEEK_SAMPLE_TICKS	110
LIST_EXALL_400_ENTRIES_FIRST_PASS_DETAIL_BUFFER_ALLOC_CALLS	18
LIST_EXALL_400_ENTRIES_FIRST_PASS_DETAIL_BUFFER_ALLOC_SAMPLES	1
LIST_EXALL_400_ENTRIES_FIRST_PASS_DETAIL_BUFFER_ALLOC_SAMPLE_TICKS	0
LIST_EXALL_400_ENTRIES_FIRST_PASS_DETAIL_BUFFER_FREE_CALLS	18
LIST_EXALL_400_ENTRIES_FIRST_PASS_DETAIL_BUFFER_FREE_SAMPLES	1
LIST_EXALL_400_ENTRIES_FIRST_PASS_DETAIL_BUFFER_FREE_SAMPLE_TICKS	0
LIST_EXALL_400_ENTRIES_FIRST_PASS_DETAIL_EXALL_FILL_CALLS	404
LIST_EXALL_400_ENTRIES_FIRST_PASS_DETAIL_EXALL_FILL_SAMPLES	23
LIST_EXALL_400_ENTRIES_FIRST_PASS_DETAIL_EXALL_FILL_SAMPLE_TICKS	925
LIST_EXALL_400_ENTRIES_FIRST_PASS_DEFERRED_NODE_WRITES	0
LIST_EXALL_400_ENTRIES_REPEAT10_TOTAL_US	146624
LIST_EXALL_400_ENTRIES_REPEAT10_TOTAL_BIO_READS	0
LIST_EXALL_400_ENTRIES_REPEAT10_TOTAL_BIO_WRITES	0
LIST_EXALL_400_ENTRIES_REPEAT10_TOTAL_BIO_UPDATES	0
LIST_EXALL_400_ENTRIES_REPEAT10_TOTAL_DATA_READS	0
LIST_EXALL_400_ENTRIES_REPEAT10_TOTAL_DATA_WRITES	0
LIST_EXALL_400_ENTRIES_REPEAT10_TOTAL_NODE_WRITES	0
LIST_EXALL_400_ENTRIES_REPEAT10_TOTAL_TXN_COMMITS	0
LIST_EXALL_400_ENTRIES_REPEAT10_TOTAL_FREESPACE_ALLOCS	0
LIST_EXALL_400_ENTRIES_REPEAT10_TOTAL_EXTENT_MAPS	0
LIST_EXALL_400_ENTRIES_REPEAT10_TOTAL_READ_TICKS	0
LIST_EXALL_400_ENTRIES_REPEAT10_TOTAL_WRITE_TICKS	0
LIST_EXALL_400_ENTRIES_REPEAT10_TOTAL_UPDATE_TICKS	0
LIST_EXALL_400_ENTRIES_REPEAT10_TOTAL_DATA_READ_TICKS	0
LIST_EXALL_400_ENTRIES_REPEAT10_TOTAL_DATA_WRITE_TICKS	0
LIST_EXALL_400_ENTRIES_REPEAT10_TOTAL_FREE_TREE_NODE_WRITES	0
LIST_EXALL_400_ENTRIES_REPEAT10_TOTAL_FREE_TREE_ALLOCATION_BODY_NODE_WRITES	0
LIST_EXALL_400_ENTRIES_REPEAT10_TOTAL_FREE_TREE_RESERVE_REFILL_NODE_WRITES	0
LIST_EXALL_400_ENTRIES_REPEAT10_TOTAL_FREE_TREE_RESERVE_RETURN_NODE_WRITES	0
LIST_EXALL_400_ENTRIES_REPEAT10_TOTAL_FREE_TREE_POST_PUBLISH_PENDING_RECLAIM_NODE_WRITES	0
LIST_EXALL_400_ENTRIES_REPEAT10_TOTAL_FREE_TREE_OTHER_NODE_WRITES	0
LIST_EXALL_400_ENTRIES_REPEAT10_TOTAL_DIR_TREE_NODE_WRITES	0
LIST_EXALL_400_ENTRIES_REPEAT10_TOTAL_INODE_TREE_NODE_WRITES	0
LIST_EXALL_400_ENTRIES_REPEAT10_TOTAL_REFCOUNT_TREE_NODE_WRITES	0
LIST_EXALL_400_ENTRIES_REPEAT10_TOTAL_OTHER_TREE_NODE_WRITES	0
LIST_EXALL_400_ENTRIES_REPEAT10_TOTAL_NODE_CRC_READ_CALLS	0
LIST_EXALL_400_ENTRIES_REPEAT10_TOTAL_NODE_CRC_READ_SAMPLES	0
LIST_EXALL_400_ENTRIES_REPEAT10_TOTAL_NODE_CRC_READ_SAMPLE_TICKS	0
LIST_EXALL_400_ENTRIES_REPEAT10_TOTAL_NODE_CRC_WRITE_CALLS	0
LIST_EXALL_400_ENTRIES_REPEAT10_TOTAL_NODE_CRC_WRITE_SAMPLES	0
LIST_EXALL_400_ENTRIES_REPEAT10_TOTAL_NODE_CRC_WRITE_SAMPLE_TICKS	0
LIST_EXALL_400_ENTRIES_REPEAT10_TOTAL_CLOCK_PAIR_TICKS	1
LIST_EXALL_400_ENTRIES_REPEAT10_TOTAL_FREE_TREE_RESERVE_RETURN_CALLS	0
LIST_EXALL_400_ENTRIES_REPEAT10_TOTAL_FREE_TREE_RESERVE_RETURN_RUNS	0
LIST_EXALL_400_ENTRIES_REPEAT10_TOTAL_FREE_TREE_RESERVE_RETURN_BLOCKS	0
LIST_EXALL_400_ENTRIES_REPEAT10_TOTAL_FREE_TREE_RESERVE_RETURN_RUNS_1_BLOCK	0
LIST_EXALL_400_ENTRIES_REPEAT10_TOTAL_FREE_TREE_RESERVE_RETURN_RUNS_2_3_BLOCKS	0
LIST_EXALL_400_ENTRIES_REPEAT10_TOTAL_FREE_TREE_RESERVE_RETURN_RUNS_4_7_BLOCKS	0
LIST_EXALL_400_ENTRIES_REPEAT10_TOTAL_FREE_TREE_RESERVE_RETURN_RUNS_8_PLUS_BLOCKS	0
LIST_EXALL_400_ENTRIES_REPEAT10_TOTAL_FREE_TREE_RESERVE_RETURN_MAX_RUN_BLOCKS	0
LIST_EXALL_400_ENTRIES_REPEAT10_TOTAL_FREE_TREE_RESERVE_RETURN_MAX_NODE_WRITES_PER_RUN	0
LIST_EXALL_400_ENTRIES_REPEAT10_TOTAL_POST_PUBLISH_RECLAIM_PASSES	0
LIST_EXALL_400_ENTRIES_REPEAT10_TOTAL_MAX_POST_PUBLISH_RECLAIM_PASSES_PER_COMMIT	0
LIST_EXALL_400_ENTRIES_REPEAT10_TOTAL_SUPERBLOCK_PUBLICATIONS	0
LIST_EXALL_400_ENTRIES_REPEAT10_TOTAL_FREE_TREE_RESERVE_RETURN_RUN_NODE_WRITES	0
LIST_EXALL_400_ENTRIES_REPEAT10_TOTAL_FREE_TREE_RESERVE_RETURN_BATCH_CALLS	0
LIST_EXALL_400_ENTRIES_REPEAT10_TOTAL_FREE_TREE_RESERVE_RETURN_BATCH_BLOCKS	0
LIST_EXALL_400_ENTRIES_REPEAT10_TOTAL_FREE_TREE_RESERVE_RETURN_BATCH_NODE_WRITES	0
LIST_EXALL_400_ENTRIES_REPEAT10_TOTAL_FREE_TREE_RESERVE_RETURN_SKIP_SHAPE	0
LIST_EXALL_400_ENTRIES_REPEAT10_TOTAL_FREE_TREE_RESERVE_RETURN_SKIP_SMALL	0
LIST_EXALL_400_ENTRIES_REPEAT10_TOTAL_FREE_TREE_RESERVE_RETURN_SKIP_EMERGENCY	0
LIST_EXALL_400_ENTRIES_REPEAT10_TOTAL_FREE_TREE_RESERVE_RETURN_SKIP_CAPACITY	0
LIST_EXALL_400_ENTRIES_REPEAT10_TOTAL_SEALED_COMMITS	0
LIST_EXALL_400_ENTRIES_REPEAT10_TOTAL_SEALED_METADATA_FENCES	0
LIST_EXALL_400_ENTRIES_REPEAT10_TOTAL_BTREE_MALLOC_CALLS	51
LIST_EXALL_400_ENTRIES_REPEAT10_TOTAL_BTREE_MALLOC_SAMPLES	51
LIST_EXALL_400_ENTRIES_REPEAT10_TOTAL_BTREE_MALLOC_SAMPLE_TICKS	366
LIST_EXALL_400_ENTRIES_REPEAT10_TOTAL_BTREE_FREE_CALLS	51
LIST_EXALL_400_ENTRIES_REPEAT10_TOTAL_BTREE_FREE_SAMPLES	51
LIST_EXALL_400_ENTRIES_REPEAT10_TOTAL_BTREE_FREE_SAMPLE_TICKS	245
LIST_EXALL_400_ENTRIES_REPEAT10_TOTAL_IFACE_ALLOC_CALLS	0
LIST_EXALL_400_ENTRIES_REPEAT10_TOTAL_IFACE_ALLOC_SAMPLES	0
LIST_EXALL_400_ENTRIES_REPEAT10_TOTAL_IFACE_ALLOC_SAMPLE_TICKS	0
LIST_EXALL_400_ENTRIES_REPEAT10_TOTAL_FREESPACE_ALLOC_SAMPLES	0
LIST_EXALL_400_ENTRIES_REPEAT10_TOTAL_FREESPACE_ALLOC_SAMPLE_TICKS	0
LIST_EXALL_400_ENTRIES_REPEAT10_TOTAL_PACKET_CALLS	52
LIST_EXALL_400_ENTRIES_REPEAT10_TOTAL_PACKET_SAMPLES	52
LIST_EXALL_400_ENTRIES_REPEAT10_TOTAL_PACKET_SAMPLE_TICKS	100017
LIST_EXALL_400_ENTRIES_REPEAT10_TOTAL_PACKET_OPEN_CALLS	0
LIST_EXALL_400_ENTRIES_REPEAT10_TOTAL_PACKET_OPEN_SAMPLES	0
LIST_EXALL_400_ENTRIES_REPEAT10_TOTAL_PACKET_OPEN_SAMPLE_TICKS	0
LIST_EXALL_400_ENTRIES_REPEAT10_TOTAL_PACKET_READ_CALLS	0
LIST_EXALL_400_ENTRIES_REPEAT10_TOTAL_PACKET_READ_SAMPLES	0
LIST_EXALL_400_ENTRIES_REPEAT10_TOTAL_PACKET_READ_SAMPLE_TICKS	0
LIST_EXALL_400_ENTRIES_REPEAT10_TOTAL_PACKET_WRITE_CALLS	0
LIST_EXALL_400_ENTRIES_REPEAT10_TOTAL_PACKET_WRITE_SAMPLES	0
LIST_EXALL_400_ENTRIES_REPEAT10_TOTAL_PACKET_WRITE_SAMPLE_TICKS	0
LIST_EXALL_400_ENTRIES_REPEAT10_TOTAL_PACKET_END_CALLS	0
LIST_EXALL_400_ENTRIES_REPEAT10_TOTAL_PACKET_END_SAMPLES	0
LIST_EXALL_400_ENTRIES_REPEAT10_TOTAL_PACKET_END_SAMPLE_TICKS	0
LIST_EXALL_400_ENTRIES_REPEAT10_TOTAL_PACKET_DELETE_CALLS	0
LIST_EXALL_400_ENTRIES_REPEAT10_TOTAL_PACKET_DELETE_SAMPLES	0
LIST_EXALL_400_ENTRIES_REPEAT10_TOTAL_PACKET_DELETE_SAMPLE_TICKS	0
LIST_EXALL_400_ENTRIES_REPEAT10_TOTAL_PACKET_FLUSH_CALLS	0
LIST_EXALL_400_ENTRIES_REPEAT10_TOTAL_PACKET_FLUSH_SAMPLES	0
LIST_EXALL_400_ENTRIES_REPEAT10_TOTAL_PACKET_FLUSH_SAMPLE_TICKS	0
LIST_EXALL_400_ENTRIES_REPEAT10_TOTAL_PACKET_OTHER_CALLS	52
LIST_EXALL_400_ENTRIES_REPEAT10_TOTAL_PACKET_OTHER_SAMPLES	52
LIST_EXALL_400_ENTRIES_REPEAT10_TOTAL_PACKET_OTHER_SAMPLE_TICKS	100017
LIST_EXALL_400_ENTRIES_REPEAT10_TOTAL_CORE_CREATE_CALLS	0
LIST_EXALL_400_ENTRIES_REPEAT10_TOTAL_CORE_CREATE_SAMPLES	0
LIST_EXALL_400_ENTRIES_REPEAT10_TOTAL_CORE_CREATE_SAMPLE_TICKS	0
LIST_EXALL_400_ENTRIES_REPEAT10_TOTAL_CORE_DELETE_CALLS	0
LIST_EXALL_400_ENTRIES_REPEAT10_TOTAL_CORE_DELETE_SAMPLES	0
LIST_EXALL_400_ENTRIES_REPEAT10_TOTAL_CORE_DELETE_SAMPLE_TICKS	0
LIST_EXALL_400_ENTRIES_REPEAT10_TOTAL_CORE_FILE_WRITE_CALLS	0
LIST_EXALL_400_ENTRIES_REPEAT10_TOTAL_CORE_FILE_WRITE_SAMPLES	0
LIST_EXALL_400_ENTRIES_REPEAT10_TOTAL_CORE_FILE_WRITE_SAMPLE_TICKS	0
LIST_EXALL_400_ENTRIES_REPEAT10_TOTAL_CORE_SYNC_CALLS	0
LIST_EXALL_400_ENTRIES_REPEAT10_TOTAL_CORE_SYNC_SAMPLES	0
LIST_EXALL_400_ENTRIES_REPEAT10_TOTAL_CORE_SYNC_SAMPLE_TICKS	0
LIST_EXALL_400_ENTRIES_REPEAT10_TOTAL_IFACE_FREE_CALLS	0
LIST_EXALL_400_ENTRIES_REPEAT10_TOTAL_IFACE_FREE_SAMPLES	0
LIST_EXALL_400_ENTRIES_REPEAT10_TOTAL_IFACE_FREE_SAMPLE_TICKS	0
LIST_EXALL_400_ENTRIES_REPEAT10_TOTAL_SEAL_COMMIT_CALLS	0
LIST_EXALL_400_ENTRIES_REPEAT10_TOTAL_SEAL_COMMIT_SAMPLES	0
LIST_EXALL_400_ENTRIES_REPEAT10_TOTAL_SEAL_COMMIT_SAMPLE_TICKS	0
LIST_EXALL_400_ENTRIES_REPEAT10_TOTAL_INODE_READ_CALLS	4040
LIST_EXALL_400_ENTRIES_REPEAT10_TOTAL_BTREE_SEARCH_CALLS	4041
LIST_EXALL_400_ENTRIES_REPEAT10_TOTAL_BTREE_INDEX_HINT_HITS	40
LIST_EXALL_400_ENTRIES_REPEAT10_TOTAL_BTREE_LEAF_HINT_HITS	4001
LIST_EXALL_400_ENTRIES_REPEAT10_TOTAL_CACHE_READ_CALLS	0
LIST_EXALL_400_ENTRIES_REPEAT10_TOTAL_CACHE_READ_HITS	0
LIST_EXALL_400_ENTRIES_REPEAT10_TOTAL_CACHE_READ_MISSES	0
LIST_EXALL_400_ENTRIES_REPEAT10_TOTAL_FREE_TREE_NODE_VIEWS	0
LIST_EXALL_400_ENTRIES_REPEAT10_TOTAL_FREE_TREE_RESIDENT_VIEWS	0
LIST_EXALL_400_ENTRIES_REPEAT10_TOTAL_DIR_TREE_NODE_VIEWS	280
LIST_EXALL_400_ENTRIES_REPEAT10_TOTAL_DIR_TREE_RESIDENT_VIEWS	280
LIST_EXALL_400_ENTRIES_REPEAT10_TOTAL_INODE_TREE_NODE_VIEWS	0
LIST_EXALL_400_ENTRIES_REPEAT10_TOTAL_INODE_TREE_RESIDENT_VIEWS	0
LIST_EXALL_400_ENTRIES_REPEAT10_TOTAL_REFCOUNT_TREE_NODE_VIEWS	0
LIST_EXALL_400_ENTRIES_REPEAT10_TOTAL_REFCOUNT_TREE_RESIDENT_VIEWS	0
LIST_EXALL_400_ENTRIES_REPEAT10_TOTAL_OTHER_TREE_NODE_VIEWS	0
LIST_EXALL_400_ENTRIES_REPEAT10_TOTAL_OTHER_TREE_RESIDENT_VIEWS	0
LIST_EXALL_400_ENTRIES_REPEAT10_TOTAL_DIR_TREE_LEAF_NODE_VIEWS	140
LIST_EXALL_400_ENTRIES_REPEAT10_TOTAL_DIR_TREE_LEAF_RESIDENT_VIEWS	140
LIST_EXALL_400_ENTRIES_REPEAT10_TOTAL_DIR_TREE_INTERNAL_NODE_VIEWS	140
LIST_EXALL_400_ENTRIES_REPEAT10_TOTAL_DIR_TREE_INTERNAL_RESIDENT_VIEWS	140
LIST_EXALL_400_ENTRIES_REPEAT10_TOTAL_INODE_TREE_LEAF_NODE_VIEWS	0
LIST_EXALL_400_ENTRIES_REPEAT10_TOTAL_INODE_TREE_LEAF_RESIDENT_VIEWS	0
LIST_EXALL_400_ENTRIES_REPEAT10_TOTAL_INODE_TREE_INTERNAL_NODE_VIEWS	0
LIST_EXALL_400_ENTRIES_REPEAT10_TOTAL_INODE_TREE_INTERNAL_RESIDENT_VIEWS	0
LIST_EXALL_400_ENTRIES_REPEAT10_TOTAL_DETAIL_INODE_READ_CALLS	4040
LIST_EXALL_400_ENTRIES_REPEAT10_TOTAL_DETAIL_INODE_READ_SAMPLES	237
LIST_EXALL_400_ENTRIES_REPEAT10_TOTAL_DETAIL_INODE_READ_SAMPLE_TICKS	4617
LIST_EXALL_400_ENTRIES_REPEAT10_TOTAL_DETAIL_INODE_VALIDATE_CALLS	4040
LIST_EXALL_400_ENTRIES_REPEAT10_TOTAL_DETAIL_INODE_VALIDATE_SAMPLES	237
LIST_EXALL_400_ENTRIES_REPEAT10_TOTAL_DETAIL_INODE_VALIDATE_SAMPLE_TICKS	422
LIST_EXALL_400_ENTRIES_REPEAT10_TOTAL_DETAIL_INODE_SEARCH_CALLS	4040
LIST_EXALL_400_ENTRIES_REPEAT10_TOTAL_DETAIL_INODE_SEARCH_SAMPLES	237
LIST_EXALL_400_ENTRIES_REPEAT10_TOTAL_DETAIL_INODE_SEARCH_SAMPLE_TICKS	2589
LIST_EXALL_400_ENTRIES_REPEAT10_TOTAL_DETAIL_INODE_NODE_VIEW_CALLS	0
LIST_EXALL_400_ENTRIES_REPEAT10_TOTAL_DETAIL_INODE_NODE_VIEW_SAMPLES	0
LIST_EXALL_400_ENTRIES_REPEAT10_TOTAL_DETAIL_INODE_NODE_VIEW_SAMPLE_TICKS	0
LIST_EXALL_400_ENTRIES_REPEAT10_TOTAL_DETAIL_DIR_NODE_VIEW_CALLS	280
LIST_EXALL_400_ENTRIES_REPEAT10_TOTAL_DETAIL_DIR_NODE_VIEW_SAMPLES	16
LIST_EXALL_400_ENTRIES_REPEAT10_TOTAL_DETAIL_DIR_NODE_VIEW_SAMPLE_TICKS	191
LIST_EXALL_400_ENTRIES_REPEAT10_TOTAL_DETAIL_INODE_BINARY_SEARCH_CALLS	0
LIST_EXALL_400_ENTRIES_REPEAT10_TOTAL_DETAIL_INODE_BINARY_SEARCH_SAMPLES	0
LIST_EXALL_400_ENTRIES_REPEAT10_TOTAL_DETAIL_INODE_BINARY_SEARCH_SAMPLE_TICKS	0
LIST_EXALL_400_ENTRIES_REPEAT10_TOTAL_DETAIL_DIR_BINARY_SEARCH_CALLS	141
LIST_EXALL_400_ENTRIES_REPEAT10_TOTAL_DETAIL_DIR_BINARY_SEARCH_SAMPLES	8
LIST_EXALL_400_ENTRIES_REPEAT10_TOTAL_DETAIL_DIR_BINARY_SEARCH_SAMPLE_TICKS	10
LIST_EXALL_400_ENTRIES_REPEAT10_TOTAL_DETAIL_NODE_STRUCTURE_CALLS	0
LIST_EXALL_400_ENTRIES_REPEAT10_TOTAL_DETAIL_NODE_STRUCTURE_SAMPLES	0
LIST_EXALL_400_ENTRIES_REPEAT10_TOTAL_DETAIL_NODE_STRUCTURE_SAMPLE_TICKS	0
LIST_EXALL_400_ENTRIES_REPEAT10_TOTAL_DETAIL_CACHE_PEEK_CALLS	4321
LIST_EXALL_400_ENTRIES_REPEAT10_TOTAL_DETAIL_CACHE_PEEK_SAMPLES	254
LIST_EXALL_400_ENTRIES_REPEAT10_TOTAL_DETAIL_CACHE_PEEK_SAMPLE_TICKS	770
LIST_EXALL_400_ENTRIES_REPEAT10_TOTAL_DETAIL_BUFFER_ALLOC_CALLS	50
LIST_EXALL_400_ENTRIES_REPEAT10_TOTAL_DETAIL_BUFFER_ALLOC_SAMPLES	2
LIST_EXALL_400_ENTRIES_REPEAT10_TOTAL_DETAIL_BUFFER_ALLOC_SAMPLE_TICKS	0
LIST_EXALL_400_ENTRIES_REPEAT10_TOTAL_DETAIL_BUFFER_FREE_CALLS	50
LIST_EXALL_400_ENTRIES_REPEAT10_TOTAL_DETAIL_BUFFER_FREE_SAMPLES	2
LIST_EXALL_400_ENTRIES_REPEAT10_TOTAL_DETAIL_BUFFER_FREE_SAMPLE_TICKS	0
LIST_EXALL_400_ENTRIES_REPEAT10_TOTAL_DETAIL_EXALL_FILL_CALLS	4040
LIST_EXALL_400_ENTRIES_REPEAT10_TOTAL_DETAIL_EXALL_FILL_SAMPLES	237
LIST_EXALL_400_ENTRIES_REPEAT10_TOTAL_DETAIL_EXALL_FILL_SAMPLE_TICKS	6858
LIST_EXALL_400_ENTRIES_REPEAT10_TOTAL_DEFERRED_NODE_WRITES	0
LIST_EXNEXT_1000_ENTRIES_FIRST_PASS_US	144576
LIST_EXNEXT_1000_ENTRIES_FIRST_PASS_BIO_READS	78
LIST_EXNEXT_1000_ENTRIES_FIRST_PASS_BIO_WRITES	0
LIST_EXNEXT_1000_ENTRIES_FIRST_PASS_BIO_UPDATES	0
LIST_EXNEXT_1000_ENTRIES_FIRST_PASS_DATA_READS	0
LIST_EXNEXT_1000_ENTRIES_FIRST_PASS_DATA_WRITES	0
LIST_EXNEXT_1000_ENTRIES_FIRST_PASS_NODE_WRITES	0
LIST_EXNEXT_1000_ENTRIES_FIRST_PASS_TXN_COMMITS	0
LIST_EXNEXT_1000_ENTRIES_FIRST_PASS_FREESPACE_ALLOCS	0
LIST_EXNEXT_1000_ENTRIES_FIRST_PASS_EXTENT_MAPS	0
LIST_EXNEXT_1000_ENTRIES_FIRST_PASS_READ_TICKS	7192
LIST_EXNEXT_1000_ENTRIES_FIRST_PASS_WRITE_TICKS	0
LIST_EXNEXT_1000_ENTRIES_FIRST_PASS_UPDATE_TICKS	0
LIST_EXNEXT_1000_ENTRIES_FIRST_PASS_DATA_READ_TICKS	0
LIST_EXNEXT_1000_ENTRIES_FIRST_PASS_DATA_WRITE_TICKS	0
LIST_EXNEXT_1000_ENTRIES_FIRST_PASS_FREE_TREE_NODE_WRITES	0
LIST_EXNEXT_1000_ENTRIES_FIRST_PASS_FREE_TREE_ALLOCATION_BODY_NODE_WRITES	0
LIST_EXNEXT_1000_ENTRIES_FIRST_PASS_FREE_TREE_RESERVE_REFILL_NODE_WRITES	0
LIST_EXNEXT_1000_ENTRIES_FIRST_PASS_FREE_TREE_RESERVE_RETURN_NODE_WRITES	0
LIST_EXNEXT_1000_ENTRIES_FIRST_PASS_FREE_TREE_POST_PUBLISH_PENDING_RECLAIM_NODE_WRITES	0
LIST_EXNEXT_1000_ENTRIES_FIRST_PASS_FREE_TREE_OTHER_NODE_WRITES	0
LIST_EXNEXT_1000_ENTRIES_FIRST_PASS_DIR_TREE_NODE_WRITES	0
LIST_EXNEXT_1000_ENTRIES_FIRST_PASS_INODE_TREE_NODE_WRITES	0
LIST_EXNEXT_1000_ENTRIES_FIRST_PASS_REFCOUNT_TREE_NODE_WRITES	0
LIST_EXNEXT_1000_ENTRIES_FIRST_PASS_OTHER_TREE_NODE_WRITES	0
LIST_EXNEXT_1000_ENTRIES_FIRST_PASS_NODE_CRC_READ_CALLS	78
LIST_EXNEXT_1000_ENTRIES_FIRST_PASS_NODE_CRC_READ_SAMPLES	1
LIST_EXNEXT_1000_ENTRIES_FIRST_PASS_NODE_CRC_READ_SAMPLE_TICKS	136
LIST_EXNEXT_1000_ENTRIES_FIRST_PASS_NODE_CRC_WRITE_CALLS	0
LIST_EXNEXT_1000_ENTRIES_FIRST_PASS_NODE_CRC_WRITE_SAMPLES	0
LIST_EXNEXT_1000_ENTRIES_FIRST_PASS_NODE_CRC_WRITE_SAMPLE_TICKS	0
LIST_EXNEXT_1000_ENTRIES_FIRST_PASS_CLOCK_PAIR_TICKS	0
LIST_EXNEXT_1000_ENTRIES_FIRST_PASS_FREE_TREE_RESERVE_RETURN_CALLS	0
LIST_EXNEXT_1000_ENTRIES_FIRST_PASS_FREE_TREE_RESERVE_RETURN_RUNS	0
LIST_EXNEXT_1000_ENTRIES_FIRST_PASS_FREE_TREE_RESERVE_RETURN_BLOCKS	0
LIST_EXNEXT_1000_ENTRIES_FIRST_PASS_FREE_TREE_RESERVE_RETURN_RUNS_1_BLOCK	0
LIST_EXNEXT_1000_ENTRIES_FIRST_PASS_FREE_TREE_RESERVE_RETURN_RUNS_2_3_BLOCKS	0
LIST_EXNEXT_1000_ENTRIES_FIRST_PASS_FREE_TREE_RESERVE_RETURN_RUNS_4_7_BLOCKS	0
LIST_EXNEXT_1000_ENTRIES_FIRST_PASS_FREE_TREE_RESERVE_RETURN_RUNS_8_PLUS_BLOCKS	0
LIST_EXNEXT_1000_ENTRIES_FIRST_PASS_FREE_TREE_RESERVE_RETURN_MAX_RUN_BLOCKS	0
LIST_EXNEXT_1000_ENTRIES_FIRST_PASS_FREE_TREE_RESERVE_RETURN_MAX_NODE_WRITES_PER_RUN	0
LIST_EXNEXT_1000_ENTRIES_FIRST_PASS_POST_PUBLISH_RECLAIM_PASSES	0
LIST_EXNEXT_1000_ENTRIES_FIRST_PASS_MAX_POST_PUBLISH_RECLAIM_PASSES_PER_COMMIT	0
LIST_EXNEXT_1000_ENTRIES_FIRST_PASS_SUPERBLOCK_PUBLICATIONS	0
LIST_EXNEXT_1000_ENTRIES_FIRST_PASS_FREE_TREE_RESERVE_RETURN_RUN_NODE_WRITES	0
LIST_EXNEXT_1000_ENTRIES_FIRST_PASS_FREE_TREE_RESERVE_RETURN_BATCH_CALLS	0
LIST_EXNEXT_1000_ENTRIES_FIRST_PASS_FREE_TREE_RESERVE_RETURN_BATCH_BLOCKS	0
LIST_EXNEXT_1000_ENTRIES_FIRST_PASS_FREE_TREE_RESERVE_RETURN_BATCH_NODE_WRITES	0
LIST_EXNEXT_1000_ENTRIES_FIRST_PASS_FREE_TREE_RESERVE_RETURN_SKIP_SHAPE	0
LIST_EXNEXT_1000_ENTRIES_FIRST_PASS_FREE_TREE_RESERVE_RETURN_SKIP_SMALL	0
LIST_EXNEXT_1000_ENTRIES_FIRST_PASS_FREE_TREE_RESERVE_RETURN_SKIP_EMERGENCY	0
LIST_EXNEXT_1000_ENTRIES_FIRST_PASS_FREE_TREE_RESERVE_RETURN_SKIP_CAPACITY	0
LIST_EXNEXT_1000_ENTRIES_FIRST_PASS_SEALED_COMMITS	0
LIST_EXNEXT_1000_ENTRIES_FIRST_PASS_SEALED_METADATA_FENCES	0
LIST_EXNEXT_1000_ENTRIES_FIRST_PASS_BTREE_MALLOC_CALLS	21
LIST_EXNEXT_1000_ENTRIES_FIRST_PASS_BTREE_MALLOC_SAMPLES	21
LIST_EXNEXT_1000_ENTRIES_FIRST_PASS_BTREE_MALLOC_SAMPLE_TICKS	201
LIST_EXNEXT_1000_ENTRIES_FIRST_PASS_BTREE_FREE_CALLS	1003
LIST_EXNEXT_1000_ENTRIES_FIRST_PASS_BTREE_FREE_SAMPLES	1003
LIST_EXNEXT_1000_ENTRIES_FIRST_PASS_BTREE_FREE_SAMPLE_TICKS	1621
LIST_EXNEXT_1000_ENTRIES_FIRST_PASS_IFACE_ALLOC_CALLS	0
LIST_EXNEXT_1000_ENTRIES_FIRST_PASS_IFACE_ALLOC_SAMPLES	0
LIST_EXNEXT_1000_ENTRIES_FIRST_PASS_IFACE_ALLOC_SAMPLE_TICKS	0
LIST_EXNEXT_1000_ENTRIES_FIRST_PASS_FREESPACE_ALLOC_SAMPLES	0
LIST_EXNEXT_1000_ENTRIES_FIRST_PASS_FREESPACE_ALLOC_SAMPLE_TICKS	0
LIST_EXNEXT_1000_ENTRIES_FIRST_PASS_PACKET_CALLS	1004
LIST_EXNEXT_1000_ENTRIES_FIRST_PASS_PACKET_SAMPLES	1004
LIST_EXNEXT_1000_ENTRIES_FIRST_PASS_PACKET_SAMPLE_TICKS	81589
LIST_EXNEXT_1000_ENTRIES_FIRST_PASS_PACKET_OPEN_CALLS	0
LIST_EXNEXT_1000_ENTRIES_FIRST_PASS_PACKET_OPEN_SAMPLES	0
LIST_EXNEXT_1000_ENTRIES_FIRST_PASS_PACKET_OPEN_SAMPLE_TICKS	0
LIST_EXNEXT_1000_ENTRIES_FIRST_PASS_PACKET_READ_CALLS	0
LIST_EXNEXT_1000_ENTRIES_FIRST_PASS_PACKET_READ_SAMPLES	0
LIST_EXNEXT_1000_ENTRIES_FIRST_PASS_PACKET_READ_SAMPLE_TICKS	0
LIST_EXNEXT_1000_ENTRIES_FIRST_PASS_PACKET_WRITE_CALLS	0
LIST_EXNEXT_1000_ENTRIES_FIRST_PASS_PACKET_WRITE_SAMPLES	0
LIST_EXNEXT_1000_ENTRIES_FIRST_PASS_PACKET_WRITE_SAMPLE_TICKS	0
LIST_EXNEXT_1000_ENTRIES_FIRST_PASS_PACKET_END_CALLS	0
LIST_EXNEXT_1000_ENTRIES_FIRST_PASS_PACKET_END_SAMPLES	0
LIST_EXNEXT_1000_ENTRIES_FIRST_PASS_PACKET_END_SAMPLE_TICKS	0
LIST_EXNEXT_1000_ENTRIES_FIRST_PASS_PACKET_DELETE_CALLS	0
LIST_EXNEXT_1000_ENTRIES_FIRST_PASS_PACKET_DELETE_SAMPLES	0
LIST_EXNEXT_1000_ENTRIES_FIRST_PASS_PACKET_DELETE_SAMPLE_TICKS	0
LIST_EXNEXT_1000_ENTRIES_FIRST_PASS_PACKET_FLUSH_CALLS	0
LIST_EXNEXT_1000_ENTRIES_FIRST_PASS_PACKET_FLUSH_SAMPLES	0
LIST_EXNEXT_1000_ENTRIES_FIRST_PASS_PACKET_FLUSH_SAMPLE_TICKS	0
LIST_EXNEXT_1000_ENTRIES_FIRST_PASS_PACKET_OTHER_CALLS	1004
LIST_EXNEXT_1000_ENTRIES_FIRST_PASS_PACKET_OTHER_SAMPLES	1004
LIST_EXNEXT_1000_ENTRIES_FIRST_PASS_PACKET_OTHER_SAMPLE_TICKS	81589
LIST_EXNEXT_1000_ENTRIES_FIRST_PASS_CORE_CREATE_CALLS	0
LIST_EXNEXT_1000_ENTRIES_FIRST_PASS_CORE_CREATE_SAMPLES	0
LIST_EXNEXT_1000_ENTRIES_FIRST_PASS_CORE_CREATE_SAMPLE_TICKS	0
LIST_EXNEXT_1000_ENTRIES_FIRST_PASS_CORE_DELETE_CALLS	0
LIST_EXNEXT_1000_ENTRIES_FIRST_PASS_CORE_DELETE_SAMPLES	0
LIST_EXNEXT_1000_ENTRIES_FIRST_PASS_CORE_DELETE_SAMPLE_TICKS	0
LIST_EXNEXT_1000_ENTRIES_FIRST_PASS_CORE_FILE_WRITE_CALLS	0
LIST_EXNEXT_1000_ENTRIES_FIRST_PASS_CORE_FILE_WRITE_SAMPLES	0
LIST_EXNEXT_1000_ENTRIES_FIRST_PASS_CORE_FILE_WRITE_SAMPLE_TICKS	0
LIST_EXNEXT_1000_ENTRIES_FIRST_PASS_CORE_SYNC_CALLS	0
LIST_EXNEXT_1000_ENTRIES_FIRST_PASS_CORE_SYNC_SAMPLES	0
LIST_EXNEXT_1000_ENTRIES_FIRST_PASS_CORE_SYNC_SAMPLE_TICKS	0
LIST_EXNEXT_1000_ENTRIES_FIRST_PASS_IFACE_FREE_CALLS	0
LIST_EXNEXT_1000_ENTRIES_FIRST_PASS_IFACE_FREE_SAMPLES	0
LIST_EXNEXT_1000_ENTRIES_FIRST_PASS_IFACE_FREE_SAMPLE_TICKS	0
LIST_EXNEXT_1000_ENTRIES_FIRST_PASS_SEAL_COMMIT_CALLS	0
LIST_EXNEXT_1000_ENTRIES_FIRST_PASS_SEAL_COMMIT_SAMPLES	0
LIST_EXNEXT_1000_ENTRIES_FIRST_PASS_SEAL_COMMIT_SAMPLE_TICKS	0
LIST_EXNEXT_1000_ENTRIES_FIRST_PASS_INODE_READ_CALLS	1001
LIST_EXNEXT_1000_ENTRIES_FIRST_PASS_BTREE_SEARCH_CALLS	1002
LIST_EXNEXT_1000_ENTRIES_FIRST_PASS_BTREE_INDEX_HINT_HITS	0
LIST_EXNEXT_1000_ENTRIES_FIRST_PASS_BTREE_LEAF_HINT_HITS	944
LIST_EXNEXT_1000_ENTRIES_FIRST_PASS_CACHE_READ_CALLS	78
LIST_EXNEXT_1000_ENTRIES_FIRST_PASS_CACHE_READ_HITS	0
LIST_EXNEXT_1000_ENTRIES_FIRST_PASS_CACHE_READ_MISSES	78
LIST_EXNEXT_1000_ENTRIES_FIRST_PASS_FREE_TREE_NODE_VIEWS	0
LIST_EXNEXT_1000_ENTRIES_FIRST_PASS_FREE_TREE_RESIDENT_VIEWS	0
LIST_EXNEXT_1000_ENTRIES_FIRST_PASS_DIR_TREE_NODE_VIEWS	84
LIST_EXNEXT_1000_ENTRIES_FIRST_PASS_DIR_TREE_RESIDENT_VIEWS	64
LIST_EXNEXT_1000_ENTRIES_FIRST_PASS_INODE_TREE_NODE_VIEWS	116
LIST_EXNEXT_1000_ENTRIES_FIRST_PASS_INODE_TREE_RESIDENT_VIEWS	58
LIST_EXNEXT_1000_ENTRIES_FIRST_PASS_REFCOUNT_TREE_NODE_VIEWS	0
LIST_EXNEXT_1000_ENTRIES_FIRST_PASS_REFCOUNT_TREE_RESIDENT_VIEWS	0
LIST_EXNEXT_1000_ENTRIES_FIRST_PASS_OTHER_TREE_NODE_VIEWS	0
LIST_EXNEXT_1000_ENTRIES_FIRST_PASS_OTHER_TREE_RESIDENT_VIEWS	0
LIST_EXNEXT_1000_ENTRIES_FIRST_PASS_DIR_TREE_LEAF_NODE_VIEWS	42
LIST_EXNEXT_1000_ENTRIES_FIRST_PASS_DIR_TREE_LEAF_RESIDENT_VIEWS	22
LIST_EXNEXT_1000_ENTRIES_FIRST_PASS_DIR_TREE_INTERNAL_NODE_VIEWS	42
LIST_EXNEXT_1000_ENTRIES_FIRST_PASS_DIR_TREE_INTERNAL_RESIDENT_VIEWS	42
LIST_EXNEXT_1000_ENTRIES_FIRST_PASS_INODE_TREE_LEAF_NODE_VIEWS	58
LIST_EXNEXT_1000_ENTRIES_FIRST_PASS_INODE_TREE_LEAF_RESIDENT_VIEWS	0
LIST_EXNEXT_1000_ENTRIES_FIRST_PASS_INODE_TREE_INTERNAL_NODE_VIEWS	58
LIST_EXNEXT_1000_ENTRIES_FIRST_PASS_INODE_TREE_INTERNAL_RESIDENT_VIEWS	58
LIST_EXNEXT_1000_ENTRIES_FIRST_PASS_DETAIL_INODE_READ_CALLS	1001
LIST_EXNEXT_1000_ENTRIES_FIRST_PASS_DETAIL_INODE_READ_SAMPLES	58
LIST_EXNEXT_1000_ENTRIES_FIRST_PASS_DETAIL_INODE_READ_SAMPLE_TICKS	3239
LIST_EXNEXT_1000_ENTRIES_FIRST_PASS_DETAIL_INODE_VALIDATE_CALLS	1001
LIST_EXNEXT_1000_ENTRIES_FIRST_PASS_DETAIL_INODE_VALIDATE_SAMPLES	58
LIST_EXNEXT_1000_ENTRIES_FIRST_PASS_DETAIL_INODE_VALIDATE_SAMPLE_TICKS	331
LIST_EXNEXT_1000_ENTRIES_FIRST_PASS_DETAIL_INODE_SEARCH_CALLS	1001
LIST_EXNEXT_1000_ENTRIES_FIRST_PASS_DETAIL_INODE_SEARCH_SAMPLES	58
LIST_EXNEXT_1000_ENTRIES_FIRST_PASS_DETAIL_INODE_SEARCH_SAMPLE_TICKS	2348
LIST_EXNEXT_1000_ENTRIES_FIRST_PASS_DETAIL_INODE_NODE_VIEW_CALLS	116
LIST_EXNEXT_1000_ENTRIES_FIRST_PASS_DETAIL_INODE_NODE_VIEW_SAMPLES	6
LIST_EXNEXT_1000_ENTRIES_FIRST_PASS_DETAIL_INODE_NODE_VIEW_SAMPLE_TICKS	772
LIST_EXNEXT_1000_ENTRIES_FIRST_PASS_DETAIL_DIR_NODE_VIEW_CALLS	84
LIST_EXNEXT_1000_ENTRIES_FIRST_PASS_DETAIL_DIR_NODE_VIEW_SAMPLES	4
LIST_EXNEXT_1000_ENTRIES_FIRST_PASS_DETAIL_DIR_NODE_VIEW_SAMPLE_TICKS	392
LIST_EXNEXT_1000_ENTRIES_FIRST_PASS_DETAIL_INODE_BINARY_SEARCH_CALLS	116
LIST_EXNEXT_1000_ENTRIES_FIRST_PASS_DETAIL_INODE_BINARY_SEARCH_SAMPLES	6
LIST_EXNEXT_1000_ENTRIES_FIRST_PASS_DETAIL_INODE_BINARY_SEARCH_SAMPLE_TICKS	6
LIST_EXNEXT_1000_ENTRIES_FIRST_PASS_DETAIL_DIR_BINARY_SEARCH_CALLS	45
LIST_EXNEXT_1000_ENTRIES_FIRST_PASS_DETAIL_DIR_BINARY_SEARCH_SAMPLES	2
LIST_EXNEXT_1000_ENTRIES_FIRST_PASS_DETAIL_DIR_BINARY_SEARCH_SAMPLE_TICKS	0
LIST_EXNEXT_1000_ENTRIES_FIRST_PASS_DETAIL_NODE_STRUCTURE_CALLS	78
LIST_EXNEXT_1000_ENTRIES_FIRST_PASS_DETAIL_NODE_STRUCTURE_SAMPLES	4
LIST_EXNEXT_1000_ENTRIES_FIRST_PASS_DETAIL_NODE_STRUCTURE_SAMPLE_TICKS	227
LIST_EXNEXT_1000_ENTRIES_FIRST_PASS_DETAIL_CACHE_PEEK_CALLS	1229
LIST_EXNEXT_1000_ENTRIES_FIRST_PASS_DETAIL_CACHE_PEEK_SAMPLES	72
LIST_EXNEXT_1000_ENTRIES_FIRST_PASS_DETAIL_CACHE_PEEK_SAMPLE_TICKS	261
LIST_EXNEXT_1000_ENTRIES_FIRST_PASS_DETAIL_BUFFER_ALLOC_CALLS	1060
LIST_EXNEXT_1000_ENTRIES_FIRST_PASS_DETAIL_BUFFER_ALLOC_SAMPLES	62
LIST_EXNEXT_1000_ENTRIES_FIRST_PASS_DETAIL_BUFFER_ALLOC_SAMPLE_TICKS	247
LIST_EXNEXT_1000_ENTRIES_FIRST_PASS_DETAIL_BUFFER_FREE_CALLS	1060
LIST_EXNEXT_1000_ENTRIES_FIRST_PASS_DETAIL_BUFFER_FREE_SAMPLES	62
LIST_EXNEXT_1000_ENTRIES_FIRST_PASS_DETAIL_BUFFER_FREE_SAMPLE_TICKS	91
LIST_EXNEXT_1000_ENTRIES_FIRST_PASS_DETAIL_EXALL_FILL_CALLS	0
LIST_EXNEXT_1000_ENTRIES_FIRST_PASS_DETAIL_EXALL_FILL_SAMPLES	0
LIST_EXNEXT_1000_ENTRIES_FIRST_PASS_DETAIL_EXALL_FILL_SAMPLE_TICKS	0
LIST_EXNEXT_1000_ENTRIES_FIRST_PASS_DEFERRED_NODE_WRITES	0
LIST_EXNEXT_1000_ENTRIES_REPEAT10_TOTAL_US	1412217
LIST_EXNEXT_1000_ENTRIES_REPEAT10_TOTAL_BIO_READS	780
LIST_EXNEXT_1000_ENTRIES_REPEAT10_TOTAL_BIO_WRITES	0
LIST_EXNEXT_1000_ENTRIES_REPEAT10_TOTAL_BIO_UPDATES	0
LIST_EXNEXT_1000_ENTRIES_REPEAT10_TOTAL_DATA_READS	0
LIST_EXNEXT_1000_ENTRIES_REPEAT10_TOTAL_DATA_WRITES	0
LIST_EXNEXT_1000_ENTRIES_REPEAT10_TOTAL_NODE_WRITES	0
LIST_EXNEXT_1000_ENTRIES_REPEAT10_TOTAL_TXN_COMMITS	0
LIST_EXNEXT_1000_ENTRIES_REPEAT10_TOTAL_FREESPACE_ALLOCS	0
LIST_EXNEXT_1000_ENTRIES_REPEAT10_TOTAL_EXTENT_MAPS	0
LIST_EXNEXT_1000_ENTRIES_REPEAT10_TOTAL_READ_TICKS	59581
LIST_EXNEXT_1000_ENTRIES_REPEAT10_TOTAL_WRITE_TICKS	0
LIST_EXNEXT_1000_ENTRIES_REPEAT10_TOTAL_UPDATE_TICKS	0
LIST_EXNEXT_1000_ENTRIES_REPEAT10_TOTAL_DATA_READ_TICKS	0
LIST_EXNEXT_1000_ENTRIES_REPEAT10_TOTAL_DATA_WRITE_TICKS	0
LIST_EXNEXT_1000_ENTRIES_REPEAT10_TOTAL_FREE_TREE_NODE_WRITES	0
LIST_EXNEXT_1000_ENTRIES_REPEAT10_TOTAL_FREE_TREE_ALLOCATION_BODY_NODE_WRITES	0
LIST_EXNEXT_1000_ENTRIES_REPEAT10_TOTAL_FREE_TREE_RESERVE_REFILL_NODE_WRITES	0
LIST_EXNEXT_1000_ENTRIES_REPEAT10_TOTAL_FREE_TREE_RESERVE_RETURN_NODE_WRITES	0
LIST_EXNEXT_1000_ENTRIES_REPEAT10_TOTAL_FREE_TREE_POST_PUBLISH_PENDING_RECLAIM_NODE_WRITES	0
LIST_EXNEXT_1000_ENTRIES_REPEAT10_TOTAL_FREE_TREE_OTHER_NODE_WRITES	0
LIST_EXNEXT_1000_ENTRIES_REPEAT10_TOTAL_DIR_TREE_NODE_WRITES	0
LIST_EXNEXT_1000_ENTRIES_REPEAT10_TOTAL_INODE_TREE_NODE_WRITES	0
LIST_EXNEXT_1000_ENTRIES_REPEAT10_TOTAL_REFCOUNT_TREE_NODE_WRITES	0
LIST_EXNEXT_1000_ENTRIES_REPEAT10_TOTAL_OTHER_TREE_NODE_WRITES	0
LIST_EXNEXT_1000_ENTRIES_REPEAT10_TOTAL_NODE_CRC_READ_CALLS	780
LIST_EXNEXT_1000_ENTRIES_REPEAT10_TOTAL_NODE_CRC_READ_SAMPLES	12
LIST_EXNEXT_1000_ENTRIES_REPEAT10_TOTAL_NODE_CRC_READ_SAMPLE_TICKS	1736
LIST_EXNEXT_1000_ENTRIES_REPEAT10_TOTAL_NODE_CRC_WRITE_CALLS	0
LIST_EXNEXT_1000_ENTRIES_REPEAT10_TOTAL_NODE_CRC_WRITE_SAMPLES	0
LIST_EXNEXT_1000_ENTRIES_REPEAT10_TOTAL_NODE_CRC_WRITE_SAMPLE_TICKS	0
LIST_EXNEXT_1000_ENTRIES_REPEAT10_TOTAL_CLOCK_PAIR_TICKS	0
LIST_EXNEXT_1000_ENTRIES_REPEAT10_TOTAL_FREE_TREE_RESERVE_RETURN_CALLS	0
LIST_EXNEXT_1000_ENTRIES_REPEAT10_TOTAL_FREE_TREE_RESERVE_RETURN_RUNS	0
LIST_EXNEXT_1000_ENTRIES_REPEAT10_TOTAL_FREE_TREE_RESERVE_RETURN_BLOCKS	0
LIST_EXNEXT_1000_ENTRIES_REPEAT10_TOTAL_FREE_TREE_RESERVE_RETURN_RUNS_1_BLOCK	0
LIST_EXNEXT_1000_ENTRIES_REPEAT10_TOTAL_FREE_TREE_RESERVE_RETURN_RUNS_2_3_BLOCKS	0
LIST_EXNEXT_1000_ENTRIES_REPEAT10_TOTAL_FREE_TREE_RESERVE_RETURN_RUNS_4_7_BLOCKS	0
LIST_EXNEXT_1000_ENTRIES_REPEAT10_TOTAL_FREE_TREE_RESERVE_RETURN_RUNS_8_PLUS_BLOCKS	0
LIST_EXNEXT_1000_ENTRIES_REPEAT10_TOTAL_FREE_TREE_RESERVE_RETURN_MAX_RUN_BLOCKS	0
LIST_EXNEXT_1000_ENTRIES_REPEAT10_TOTAL_FREE_TREE_RESERVE_RETURN_MAX_NODE_WRITES_PER_RUN	0
LIST_EXNEXT_1000_ENTRIES_REPEAT10_TOTAL_POST_PUBLISH_RECLAIM_PASSES	0
LIST_EXNEXT_1000_ENTRIES_REPEAT10_TOTAL_MAX_POST_PUBLISH_RECLAIM_PASSES_PER_COMMIT	0
LIST_EXNEXT_1000_ENTRIES_REPEAT10_TOTAL_SUPERBLOCK_PUBLICATIONS	0
LIST_EXNEXT_1000_ENTRIES_REPEAT10_TOTAL_FREE_TREE_RESERVE_RETURN_RUN_NODE_WRITES	0
LIST_EXNEXT_1000_ENTRIES_REPEAT10_TOTAL_FREE_TREE_RESERVE_RETURN_BATCH_CALLS	0
LIST_EXNEXT_1000_ENTRIES_REPEAT10_TOTAL_FREE_TREE_RESERVE_RETURN_BATCH_BLOCKS	0
LIST_EXNEXT_1000_ENTRIES_REPEAT10_TOTAL_FREE_TREE_RESERVE_RETURN_BATCH_NODE_WRITES	0
LIST_EXNEXT_1000_ENTRIES_REPEAT10_TOTAL_FREE_TREE_RESERVE_RETURN_SKIP_SHAPE	0
LIST_EXNEXT_1000_ENTRIES_REPEAT10_TOTAL_FREE_TREE_RESERVE_RETURN_SKIP_SMALL	0
LIST_EXNEXT_1000_ENTRIES_REPEAT10_TOTAL_FREE_TREE_RESERVE_RETURN_SKIP_EMERGENCY	0
LIST_EXNEXT_1000_ENTRIES_REPEAT10_TOTAL_FREE_TREE_RESERVE_RETURN_SKIP_CAPACITY	0
LIST_EXNEXT_1000_ENTRIES_REPEAT10_TOTAL_SEALED_COMMITS	0
LIST_EXNEXT_1000_ENTRIES_REPEAT10_TOTAL_SEALED_METADATA_FENCES	0
LIST_EXNEXT_1000_ENTRIES_REPEAT10_TOTAL_BTREE_MALLOC_CALLS	201
LIST_EXNEXT_1000_ENTRIES_REPEAT10_TOTAL_BTREE_MALLOC_SAMPLES	201
LIST_EXNEXT_1000_ENTRIES_REPEAT10_TOTAL_BTREE_MALLOC_SAMPLE_TICKS	951
LIST_EXNEXT_1000_ENTRIES_REPEAT10_TOTAL_BTREE_FREE_CALLS	10021
LIST_EXNEXT_1000_ENTRIES_REPEAT10_TOTAL_BTREE_FREE_SAMPLES	10021
LIST_EXNEXT_1000_ENTRIES_REPEAT10_TOTAL_BTREE_FREE_SAMPLE_TICKS	14634
LIST_EXNEXT_1000_ENTRIES_REPEAT10_TOTAL_IFACE_ALLOC_CALLS	0
LIST_EXNEXT_1000_ENTRIES_REPEAT10_TOTAL_IFACE_ALLOC_SAMPLES	0
LIST_EXNEXT_1000_ENTRIES_REPEAT10_TOTAL_IFACE_ALLOC_SAMPLE_TICKS	0
LIST_EXNEXT_1000_ENTRIES_REPEAT10_TOTAL_FREESPACE_ALLOC_SAMPLES	0
LIST_EXNEXT_1000_ENTRIES_REPEAT10_TOTAL_FREESPACE_ALLOC_SAMPLE_TICKS	0
LIST_EXNEXT_1000_ENTRIES_REPEAT10_TOTAL_PACKET_CALLS	10022
LIST_EXNEXT_1000_ENTRIES_REPEAT10_TOTAL_PACKET_SAMPLES	10022
LIST_EXNEXT_1000_ENTRIES_REPEAT10_TOTAL_PACKET_SAMPLE_TICKS	796463
LIST_EXNEXT_1000_ENTRIES_REPEAT10_TOTAL_PACKET_OPEN_CALLS	0
LIST_EXNEXT_1000_ENTRIES_REPEAT10_TOTAL_PACKET_OPEN_SAMPLES	0
LIST_EXNEXT_1000_ENTRIES_REPEAT10_TOTAL_PACKET_OPEN_SAMPLE_TICKS	0
LIST_EXNEXT_1000_ENTRIES_REPEAT10_TOTAL_PACKET_READ_CALLS	0
LIST_EXNEXT_1000_ENTRIES_REPEAT10_TOTAL_PACKET_READ_SAMPLES	0
LIST_EXNEXT_1000_ENTRIES_REPEAT10_TOTAL_PACKET_READ_SAMPLE_TICKS	0
LIST_EXNEXT_1000_ENTRIES_REPEAT10_TOTAL_PACKET_WRITE_CALLS	0
LIST_EXNEXT_1000_ENTRIES_REPEAT10_TOTAL_PACKET_WRITE_SAMPLES	0
LIST_EXNEXT_1000_ENTRIES_REPEAT10_TOTAL_PACKET_WRITE_SAMPLE_TICKS	0
LIST_EXNEXT_1000_ENTRIES_REPEAT10_TOTAL_PACKET_END_CALLS	0
LIST_EXNEXT_1000_ENTRIES_REPEAT10_TOTAL_PACKET_END_SAMPLES	0
LIST_EXNEXT_1000_ENTRIES_REPEAT10_TOTAL_PACKET_END_SAMPLE_TICKS	0
LIST_EXNEXT_1000_ENTRIES_REPEAT10_TOTAL_PACKET_DELETE_CALLS	0
LIST_EXNEXT_1000_ENTRIES_REPEAT10_TOTAL_PACKET_DELETE_SAMPLES	0
LIST_EXNEXT_1000_ENTRIES_REPEAT10_TOTAL_PACKET_DELETE_SAMPLE_TICKS	0
LIST_EXNEXT_1000_ENTRIES_REPEAT10_TOTAL_PACKET_FLUSH_CALLS	0
LIST_EXNEXT_1000_ENTRIES_REPEAT10_TOTAL_PACKET_FLUSH_SAMPLES	0
LIST_EXNEXT_1000_ENTRIES_REPEAT10_TOTAL_PACKET_FLUSH_SAMPLE_TICKS	0
LIST_EXNEXT_1000_ENTRIES_REPEAT10_TOTAL_PACKET_OTHER_CALLS	10022
LIST_EXNEXT_1000_ENTRIES_REPEAT10_TOTAL_PACKET_OTHER_SAMPLES	10022
LIST_EXNEXT_1000_ENTRIES_REPEAT10_TOTAL_PACKET_OTHER_SAMPLE_TICKS	796463
LIST_EXNEXT_1000_ENTRIES_REPEAT10_TOTAL_CORE_CREATE_CALLS	0
LIST_EXNEXT_1000_ENTRIES_REPEAT10_TOTAL_CORE_CREATE_SAMPLES	0
LIST_EXNEXT_1000_ENTRIES_REPEAT10_TOTAL_CORE_CREATE_SAMPLE_TICKS	0
LIST_EXNEXT_1000_ENTRIES_REPEAT10_TOTAL_CORE_DELETE_CALLS	0
LIST_EXNEXT_1000_ENTRIES_REPEAT10_TOTAL_CORE_DELETE_SAMPLES	0
LIST_EXNEXT_1000_ENTRIES_REPEAT10_TOTAL_CORE_DELETE_SAMPLE_TICKS	0
LIST_EXNEXT_1000_ENTRIES_REPEAT10_TOTAL_CORE_FILE_WRITE_CALLS	0
LIST_EXNEXT_1000_ENTRIES_REPEAT10_TOTAL_CORE_FILE_WRITE_SAMPLES	0
LIST_EXNEXT_1000_ENTRIES_REPEAT10_TOTAL_CORE_FILE_WRITE_SAMPLE_TICKS	0
LIST_EXNEXT_1000_ENTRIES_REPEAT10_TOTAL_CORE_SYNC_CALLS	0
LIST_EXNEXT_1000_ENTRIES_REPEAT10_TOTAL_CORE_SYNC_SAMPLES	0
LIST_EXNEXT_1000_ENTRIES_REPEAT10_TOTAL_CORE_SYNC_SAMPLE_TICKS	0
LIST_EXNEXT_1000_ENTRIES_REPEAT10_TOTAL_IFACE_FREE_CALLS	0
LIST_EXNEXT_1000_ENTRIES_REPEAT10_TOTAL_IFACE_FREE_SAMPLES	0
LIST_EXNEXT_1000_ENTRIES_REPEAT10_TOTAL_IFACE_FREE_SAMPLE_TICKS	0
LIST_EXNEXT_1000_ENTRIES_REPEAT10_TOTAL_SEAL_COMMIT_CALLS	0
LIST_EXNEXT_1000_ENTRIES_REPEAT10_TOTAL_SEAL_COMMIT_SAMPLES	0
LIST_EXNEXT_1000_ENTRIES_REPEAT10_TOTAL_SEAL_COMMIT_SAMPLE_TICKS	0
LIST_EXNEXT_1000_ENTRIES_REPEAT10_TOTAL_INODE_READ_CALLS	10010
LIST_EXNEXT_1000_ENTRIES_REPEAT10_TOTAL_BTREE_SEARCH_CALLS	10011
LIST_EXNEXT_1000_ENTRIES_REPEAT10_TOTAL_BTREE_INDEX_HINT_HITS	0
LIST_EXNEXT_1000_ENTRIES_REPEAT10_TOTAL_BTREE_LEAF_HINT_HITS	9450
LIST_EXNEXT_1000_ENTRIES_REPEAT10_TOTAL_CACHE_READ_CALLS	780
LIST_EXNEXT_1000_ENTRIES_REPEAT10_TOTAL_CACHE_READ_HITS	0
LIST_EXNEXT_1000_ENTRIES_REPEAT10_TOTAL_CACHE_READ_MISSES	780
LIST_EXNEXT_1000_ENTRIES_REPEAT10_TOTAL_FREE_TREE_NODE_VIEWS	0
LIST_EXNEXT_1000_ENTRIES_REPEAT10_TOTAL_FREE_TREE_RESIDENT_VIEWS	0
LIST_EXNEXT_1000_ENTRIES_REPEAT10_TOTAL_DIR_TREE_NODE_VIEWS	842
LIST_EXNEXT_1000_ENTRIES_REPEAT10_TOTAL_DIR_TREE_RESIDENT_VIEWS	622
LIST_EXNEXT_1000_ENTRIES_REPEAT10_TOTAL_INODE_TREE_NODE_VIEWS	1120
LIST_EXNEXT_1000_ENTRIES_REPEAT10_TOTAL_INODE_TREE_RESIDENT_VIEWS	560
LIST_EXNEXT_1000_ENTRIES_REPEAT10_TOTAL_REFCOUNT_TREE_NODE_VIEWS	0
LIST_EXNEXT_1000_ENTRIES_REPEAT10_TOTAL_REFCOUNT_TREE_RESIDENT_VIEWS	0
LIST_EXNEXT_1000_ENTRIES_REPEAT10_TOTAL_OTHER_TREE_NODE_VIEWS	0
LIST_EXNEXT_1000_ENTRIES_REPEAT10_TOTAL_OTHER_TREE_RESIDENT_VIEWS	0
LIST_EXNEXT_1000_ENTRIES_REPEAT10_TOTAL_DIR_TREE_LEAF_NODE_VIEWS	421
LIST_EXNEXT_1000_ENTRIES_REPEAT10_TOTAL_DIR_TREE_LEAF_RESIDENT_VIEWS	201
LIST_EXNEXT_1000_ENTRIES_REPEAT10_TOTAL_DIR_TREE_INTERNAL_NODE_VIEWS	421
LIST_EXNEXT_1000_ENTRIES_REPEAT10_TOTAL_DIR_TREE_INTERNAL_RESIDENT_VIEWS	421
LIST_EXNEXT_1000_ENTRIES_REPEAT10_TOTAL_INODE_TREE_LEAF_NODE_VIEWS	560
LIST_EXNEXT_1000_ENTRIES_REPEAT10_TOTAL_INODE_TREE_LEAF_RESIDENT_VIEWS	0
LIST_EXNEXT_1000_ENTRIES_REPEAT10_TOTAL_INODE_TREE_INTERNAL_NODE_VIEWS	560
LIST_EXNEXT_1000_ENTRIES_REPEAT10_TOTAL_INODE_TREE_INTERNAL_RESIDENT_VIEWS	560
LIST_EXNEXT_1000_ENTRIES_REPEAT10_TOTAL_DETAIL_INODE_READ_CALLS	10010
LIST_EXNEXT_1000_ENTRIES_REPEAT10_TOTAL_DETAIL_INODE_READ_SAMPLES	588
LIST_EXNEXT_1000_ENTRIES_REPEAT10_TOTAL_DETAIL_INODE_READ_SAMPLE_TICKS	24839
LIST_EXNEXT_1000_ENTRIES_REPEAT10_TOTAL_DETAIL_INODE_VALIDATE_CALLS	10010
LIST_EXNEXT_1000_ENTRIES_REPEAT10_TOTAL_DETAIL_INODE_VALIDATE_SAMPLES	588
LIST_EXNEXT_1000_ENTRIES_REPEAT10_TOTAL_DETAIL_INODE_VALIDATE_SAMPLE_TICKS	1651
LIST_EXNEXT_1000_ENTRIES_REPEAT10_TOTAL_DETAIL_INODE_SEARCH_CALLS	10010
LIST_EXNEXT_1000_ENTRIES_REPEAT10_TOTAL_DETAIL_INODE_SEARCH_SAMPLES	588
LIST_EXNEXT_1000_ENTRIES_REPEAT10_TOTAL_DETAIL_INODE_SEARCH_SAMPLE_TICKS	18604
LIST_EXNEXT_1000_ENTRIES_REPEAT10_TOTAL_DETAIL_INODE_NODE_VIEW_CALLS	1120
LIST_EXNEXT_1000_ENTRIES_REPEAT10_TOTAL_DETAIL_INODE_NODE_VIEW_SAMPLES	65
LIST_EXNEXT_1000_ENTRIES_REPEAT10_TOTAL_DETAIL_INODE_NODE_VIEW_SAMPLE_TICKS	8582
LIST_EXNEXT_1000_ENTRIES_REPEAT10_TOTAL_DETAIL_DIR_NODE_VIEW_CALLS	842
LIST_EXNEXT_1000_ENTRIES_REPEAT10_TOTAL_DETAIL_DIR_NODE_VIEW_SAMPLES	49
LIST_EXNEXT_1000_ENTRIES_REPEAT10_TOTAL_DETAIL_DIR_NODE_VIEW_SAMPLE_TICKS	5413
LIST_EXNEXT_1000_ENTRIES_REPEAT10_TOTAL_DETAIL_INODE_BINARY_SEARCH_CALLS	1120
LIST_EXNEXT_1000_ENTRIES_REPEAT10_TOTAL_DETAIL_INODE_BINARY_SEARCH_SAMPLES	65
LIST_EXNEXT_1000_ENTRIES_REPEAT10_TOTAL_DETAIL_INODE_BINARY_SEARCH_SAMPLE_TICKS	51
LIST_EXNEXT_1000_ENTRIES_REPEAT10_TOTAL_DETAIL_DIR_BINARY_SEARCH_CALLS	442
LIST_EXNEXT_1000_ENTRIES_REPEAT10_TOTAL_DETAIL_DIR_BINARY_SEARCH_SAMPLES	26
LIST_EXNEXT_1000_ENTRIES_REPEAT10_TOTAL_DETAIL_DIR_BINARY_SEARCH_SAMPLE_TICKS	225
LIST_EXNEXT_1000_ENTRIES_REPEAT10_TOTAL_DETAIL_NODE_STRUCTURE_CALLS	780
LIST_EXNEXT_1000_ENTRIES_REPEAT10_TOTAL_DETAIL_NODE_STRUCTURE_SAMPLES	45
LIST_EXNEXT_1000_ENTRIES_REPEAT10_TOTAL_DETAIL_NODE_STRUCTURE_SAMPLE_TICKS	2094
LIST_EXNEXT_1000_ENTRIES_REPEAT10_TOTAL_DETAIL_CACHE_PEEK_CALLS	12533
LIST_EXNEXT_1000_ENTRIES_REPEAT10_TOTAL_DETAIL_CACHE_PEEK_SAMPLES	737
LIST_EXNEXT_1000_ENTRIES_REPEAT10_TOTAL_DETAIL_CACHE_PEEK_SAMPLE_TICKS	2089
LIST_EXNEXT_1000_ENTRIES_REPEAT10_TOTAL_DETAIL_BUFFER_ALLOC_CALLS	10581
LIST_EXNEXT_1000_ENTRIES_REPEAT10_TOTAL_DETAIL_BUFFER_ALLOC_SAMPLES	622
LIST_EXNEXT_1000_ENTRIES_REPEAT10_TOTAL_DETAIL_BUFFER_ALLOC_SAMPLE_TICKS	2336
LIST_EXNEXT_1000_ENTRIES_REPEAT10_TOTAL_DETAIL_BUFFER_FREE_CALLS	10581
LIST_EXNEXT_1000_ENTRIES_REPEAT10_TOTAL_DETAIL_BUFFER_FREE_SAMPLES	622
LIST_EXNEXT_1000_ENTRIES_REPEAT10_TOTAL_DETAIL_BUFFER_FREE_SAMPLE_TICKS	1474
LIST_EXNEXT_1000_ENTRIES_REPEAT10_TOTAL_DETAIL_EXALL_FILL_CALLS	0
LIST_EXNEXT_1000_ENTRIES_REPEAT10_TOTAL_DETAIL_EXALL_FILL_SAMPLES	0
LIST_EXNEXT_1000_ENTRIES_REPEAT10_TOTAL_DETAIL_EXALL_FILL_SAMPLE_TICKS	0
LIST_EXNEXT_1000_ENTRIES_REPEAT10_TOTAL_DEFERRED_NODE_WRITES	0
LIST_EXALL_1000_ENTRIES_FIRST_PASS_US	68928
LIST_EXALL_1000_ENTRIES_FIRST_PASS_BIO_READS	77
LIST_EXALL_1000_ENTRIES_FIRST_PASS_BIO_WRITES	0
LIST_EXALL_1000_ENTRIES_FIRST_PASS_BIO_UPDATES	0
LIST_EXALL_1000_ENTRIES_FIRST_PASS_DATA_READS	0
LIST_EXALL_1000_ENTRIES_FIRST_PASS_DATA_WRITES	0
LIST_EXALL_1000_ENTRIES_FIRST_PASS_NODE_WRITES	0
LIST_EXALL_1000_ENTRIES_FIRST_PASS_TXN_COMMITS	0
LIST_EXALL_1000_ENTRIES_FIRST_PASS_FREESPACE_ALLOCS	0
LIST_EXALL_1000_ENTRIES_FIRST_PASS_EXTENT_MAPS	0
LIST_EXALL_1000_ENTRIES_FIRST_PASS_READ_TICKS	3999
LIST_EXALL_1000_ENTRIES_FIRST_PASS_WRITE_TICKS	0
LIST_EXALL_1000_ENTRIES_FIRST_PASS_UPDATE_TICKS	0
LIST_EXALL_1000_ENTRIES_FIRST_PASS_DATA_READ_TICKS	0
LIST_EXALL_1000_ENTRIES_FIRST_PASS_DATA_WRITE_TICKS	0
LIST_EXALL_1000_ENTRIES_FIRST_PASS_FREE_TREE_NODE_WRITES	0
LIST_EXALL_1000_ENTRIES_FIRST_PASS_FREE_TREE_ALLOCATION_BODY_NODE_WRITES	0
LIST_EXALL_1000_ENTRIES_FIRST_PASS_FREE_TREE_RESERVE_REFILL_NODE_WRITES	0
LIST_EXALL_1000_ENTRIES_FIRST_PASS_FREE_TREE_RESERVE_RETURN_NODE_WRITES	0
LIST_EXALL_1000_ENTRIES_FIRST_PASS_FREE_TREE_POST_PUBLISH_PENDING_RECLAIM_NODE_WRITES	0
LIST_EXALL_1000_ENTRIES_FIRST_PASS_FREE_TREE_OTHER_NODE_WRITES	0
LIST_EXALL_1000_ENTRIES_FIRST_PASS_DIR_TREE_NODE_WRITES	0
LIST_EXALL_1000_ENTRIES_FIRST_PASS_INODE_TREE_NODE_WRITES	0
LIST_EXALL_1000_ENTRIES_FIRST_PASS_REFCOUNT_TREE_NODE_WRITES	0
LIST_EXALL_1000_ENTRIES_FIRST_PASS_OTHER_TREE_NODE_WRITES	0
LIST_EXALL_1000_ENTRIES_FIRST_PASS_NODE_CRC_READ_CALLS	77
LIST_EXALL_1000_ENTRIES_FIRST_PASS_NODE_CRC_READ_SAMPLES	1
LIST_EXALL_1000_ENTRIES_FIRST_PASS_NODE_CRC_READ_SAMPLE_TICKS	136
LIST_EXALL_1000_ENTRIES_FIRST_PASS_NODE_CRC_WRITE_CALLS	0
LIST_EXALL_1000_ENTRIES_FIRST_PASS_NODE_CRC_WRITE_SAMPLES	0
LIST_EXALL_1000_ENTRIES_FIRST_PASS_NODE_CRC_WRITE_SAMPLE_TICKS	0
LIST_EXALL_1000_ENTRIES_FIRST_PASS_CLOCK_PAIR_TICKS	0
LIST_EXALL_1000_ENTRIES_FIRST_PASS_FREE_TREE_RESERVE_RETURN_CALLS	0
LIST_EXALL_1000_ENTRIES_FIRST_PASS_FREE_TREE_RESERVE_RETURN_RUNS	0
LIST_EXALL_1000_ENTRIES_FIRST_PASS_FREE_TREE_RESERVE_RETURN_BLOCKS	0
LIST_EXALL_1000_ENTRIES_FIRST_PASS_FREE_TREE_RESERVE_RETURN_RUNS_1_BLOCK	0
LIST_EXALL_1000_ENTRIES_FIRST_PASS_FREE_TREE_RESERVE_RETURN_RUNS_2_3_BLOCKS	0
LIST_EXALL_1000_ENTRIES_FIRST_PASS_FREE_TREE_RESERVE_RETURN_RUNS_4_7_BLOCKS	0
LIST_EXALL_1000_ENTRIES_FIRST_PASS_FREE_TREE_RESERVE_RETURN_RUNS_8_PLUS_BLOCKS	0
LIST_EXALL_1000_ENTRIES_FIRST_PASS_FREE_TREE_RESERVE_RETURN_MAX_RUN_BLOCKS	0
LIST_EXALL_1000_ENTRIES_FIRST_PASS_FREE_TREE_RESERVE_RETURN_MAX_NODE_WRITES_PER_RUN	0
LIST_EXALL_1000_ENTRIES_FIRST_PASS_POST_PUBLISH_RECLAIM_PASSES	0
LIST_EXALL_1000_ENTRIES_FIRST_PASS_MAX_POST_PUBLISH_RECLAIM_PASSES_PER_COMMIT	0
LIST_EXALL_1000_ENTRIES_FIRST_PASS_SUPERBLOCK_PUBLICATIONS	0
LIST_EXALL_1000_ENTRIES_FIRST_PASS_FREE_TREE_RESERVE_RETURN_RUN_NODE_WRITES	0
LIST_EXALL_1000_ENTRIES_FIRST_PASS_FREE_TREE_RESERVE_RETURN_BATCH_CALLS	0
LIST_EXALL_1000_ENTRIES_FIRST_PASS_FREE_TREE_RESERVE_RETURN_BATCH_BLOCKS	0
LIST_EXALL_1000_ENTRIES_FIRST_PASS_FREE_TREE_RESERVE_RETURN_BATCH_NODE_WRITES	0
LIST_EXALL_1000_ENTRIES_FIRST_PASS_FREE_TREE_RESERVE_RETURN_SKIP_SHAPE	0
LIST_EXALL_1000_ENTRIES_FIRST_PASS_FREE_TREE_RESERVE_RETURN_SKIP_SMALL	0
LIST_EXALL_1000_ENTRIES_FIRST_PASS_FREE_TREE_RESERVE_RETURN_SKIP_EMERGENCY	0
LIST_EXALL_1000_ENTRIES_FIRST_PASS_FREE_TREE_RESERVE_RETURN_SKIP_CAPACITY	0
LIST_EXALL_1000_ENTRIES_FIRST_PASS_SEALED_COMMITS	0
LIST_EXALL_1000_ENTRIES_FIRST_PASS_SEALED_METADATA_FENCES	0
LIST_EXALL_1000_ENTRIES_FIRST_PASS_BTREE_MALLOC_CALLS	12
LIST_EXALL_1000_ENTRIES_FIRST_PASS_BTREE_MALLOC_SAMPLES	12
LIST_EXALL_1000_ENTRIES_FIRST_PASS_BTREE_MALLOC_SAMPLE_TICKS	52
LIST_EXALL_1000_ENTRIES_FIRST_PASS_BTREE_FREE_CALLS	12
LIST_EXALL_1000_ENTRIES_FIRST_PASS_BTREE_FREE_SAMPLES	12
LIST_EXALL_1000_ENTRIES_FIRST_PASS_BTREE_FREE_SAMPLE_TICKS	81
LIST_EXALL_1000_ENTRIES_FIRST_PASS_IFACE_ALLOC_CALLS	0
LIST_EXALL_1000_ENTRIES_FIRST_PASS_IFACE_ALLOC_SAMPLES	0
LIST_EXALL_1000_ENTRIES_FIRST_PASS_IFACE_ALLOC_SAMPLE_TICKS	0
LIST_EXALL_1000_ENTRIES_FIRST_PASS_FREESPACE_ALLOC_SAMPLES	0
LIST_EXALL_1000_ENTRIES_FIRST_PASS_FREESPACE_ALLOC_SAMPLE_TICKS	0
LIST_EXALL_1000_ENTRIES_FIRST_PASS_PACKET_CALLS	13
LIST_EXALL_1000_ENTRIES_FIRST_PASS_PACKET_SAMPLES	13
LIST_EXALL_1000_ENTRIES_FIRST_PASS_PACKET_SAMPLE_TICKS	47988
LIST_EXALL_1000_ENTRIES_FIRST_PASS_PACKET_OPEN_CALLS	0
LIST_EXALL_1000_ENTRIES_FIRST_PASS_PACKET_OPEN_SAMPLES	0
LIST_EXALL_1000_ENTRIES_FIRST_PASS_PACKET_OPEN_SAMPLE_TICKS	0
LIST_EXALL_1000_ENTRIES_FIRST_PASS_PACKET_READ_CALLS	0
LIST_EXALL_1000_ENTRIES_FIRST_PASS_PACKET_READ_SAMPLES	0
LIST_EXALL_1000_ENTRIES_FIRST_PASS_PACKET_READ_SAMPLE_TICKS	0
LIST_EXALL_1000_ENTRIES_FIRST_PASS_PACKET_WRITE_CALLS	0
LIST_EXALL_1000_ENTRIES_FIRST_PASS_PACKET_WRITE_SAMPLES	0
LIST_EXALL_1000_ENTRIES_FIRST_PASS_PACKET_WRITE_SAMPLE_TICKS	0
LIST_EXALL_1000_ENTRIES_FIRST_PASS_PACKET_END_CALLS	0
LIST_EXALL_1000_ENTRIES_FIRST_PASS_PACKET_END_SAMPLES	0
LIST_EXALL_1000_ENTRIES_FIRST_PASS_PACKET_END_SAMPLE_TICKS	0
LIST_EXALL_1000_ENTRIES_FIRST_PASS_PACKET_DELETE_CALLS	0
LIST_EXALL_1000_ENTRIES_FIRST_PASS_PACKET_DELETE_SAMPLES	0
LIST_EXALL_1000_ENTRIES_FIRST_PASS_PACKET_DELETE_SAMPLE_TICKS	0
LIST_EXALL_1000_ENTRIES_FIRST_PASS_PACKET_FLUSH_CALLS	0
LIST_EXALL_1000_ENTRIES_FIRST_PASS_PACKET_FLUSH_SAMPLES	0
LIST_EXALL_1000_ENTRIES_FIRST_PASS_PACKET_FLUSH_SAMPLE_TICKS	0
LIST_EXALL_1000_ENTRIES_FIRST_PASS_PACKET_OTHER_CALLS	13
LIST_EXALL_1000_ENTRIES_FIRST_PASS_PACKET_OTHER_SAMPLES	13
LIST_EXALL_1000_ENTRIES_FIRST_PASS_PACKET_OTHER_SAMPLE_TICKS	47988
LIST_EXALL_1000_ENTRIES_FIRST_PASS_CORE_CREATE_CALLS	0
LIST_EXALL_1000_ENTRIES_FIRST_PASS_CORE_CREATE_SAMPLES	0
LIST_EXALL_1000_ENTRIES_FIRST_PASS_CORE_CREATE_SAMPLE_TICKS	0
LIST_EXALL_1000_ENTRIES_FIRST_PASS_CORE_DELETE_CALLS	0
LIST_EXALL_1000_ENTRIES_FIRST_PASS_CORE_DELETE_SAMPLES	0
LIST_EXALL_1000_ENTRIES_FIRST_PASS_CORE_DELETE_SAMPLE_TICKS	0
LIST_EXALL_1000_ENTRIES_FIRST_PASS_CORE_FILE_WRITE_CALLS	0
LIST_EXALL_1000_ENTRIES_FIRST_PASS_CORE_FILE_WRITE_SAMPLES	0
LIST_EXALL_1000_ENTRIES_FIRST_PASS_CORE_FILE_WRITE_SAMPLE_TICKS	0
LIST_EXALL_1000_ENTRIES_FIRST_PASS_CORE_SYNC_CALLS	0
LIST_EXALL_1000_ENTRIES_FIRST_PASS_CORE_SYNC_SAMPLES	0
LIST_EXALL_1000_ENTRIES_FIRST_PASS_CORE_SYNC_SAMPLE_TICKS	0
LIST_EXALL_1000_ENTRIES_FIRST_PASS_IFACE_FREE_CALLS	0
LIST_EXALL_1000_ENTRIES_FIRST_PASS_IFACE_FREE_SAMPLES	0
LIST_EXALL_1000_ENTRIES_FIRST_PASS_IFACE_FREE_SAMPLE_TICKS	0
LIST_EXALL_1000_ENTRIES_FIRST_PASS_SEAL_COMMIT_CALLS	0
LIST_EXALL_1000_ENTRIES_FIRST_PASS_SEAL_COMMIT_SAMPLES	0
LIST_EXALL_1000_ENTRIES_FIRST_PASS_SEAL_COMMIT_SAMPLE_TICKS	0
LIST_EXALL_1000_ENTRIES_FIRST_PASS_INODE_READ_CALLS	1010
LIST_EXALL_1000_ENTRIES_FIRST_PASS_BTREE_SEARCH_CALLS	1011
LIST_EXALL_1000_ENTRIES_FIRST_PASS_BTREE_INDEX_HINT_HITS	10
LIST_EXALL_1000_ENTRIES_FIRST_PASS_BTREE_LEAF_HINT_HITS	944
LIST_EXALL_1000_ENTRIES_FIRST_PASS_CACHE_READ_CALLS	77
LIST_EXALL_1000_ENTRIES_FIRST_PASS_CACHE_READ_HITS	0
LIST_EXALL_1000_ENTRIES_FIRST_PASS_CACHE_READ_MISSES	77
LIST_EXALL_1000_ENTRIES_FIRST_PASS_FREE_TREE_NODE_VIEWS	0
LIST_EXALL_1000_ENTRIES_FIRST_PASS_FREE_TREE_RESIDENT_VIEWS	0
LIST_EXALL_1000_ENTRIES_FIRST_PASS_DIR_TREE_NODE_VIEWS	66
LIST_EXALL_1000_ENTRIES_FIRST_PASS_DIR_TREE_RESIDENT_VIEWS	45
LIST_EXALL_1000_ENTRIES_FIRST_PASS_INODE_TREE_NODE_VIEWS	112
LIST_EXALL_1000_ENTRIES_FIRST_PASS_INODE_TREE_RESIDENT_VIEWS	56
LIST_EXALL_1000_ENTRIES_FIRST_PASS_REFCOUNT_TREE_NODE_VIEWS	0
LIST_EXALL_1000_ENTRIES_FIRST_PASS_REFCOUNT_TREE_RESIDENT_VIEWS	0
LIST_EXALL_1000_ENTRIES_FIRST_PASS_OTHER_TREE_NODE_VIEWS	0
LIST_EXALL_1000_ENTRIES_FIRST_PASS_OTHER_TREE_RESIDENT_VIEWS	0
LIST_EXALL_1000_ENTRIES_FIRST_PASS_DIR_TREE_LEAF_NODE_VIEWS	33
LIST_EXALL_1000_ENTRIES_FIRST_PASS_DIR_TREE_LEAF_RESIDENT_VIEWS	12
LIST_EXALL_1000_ENTRIES_FIRST_PASS_DIR_TREE_INTERNAL_NODE_VIEWS	33
LIST_EXALL_1000_ENTRIES_FIRST_PASS_DIR_TREE_INTERNAL_RESIDENT_VIEWS	33
LIST_EXALL_1000_ENTRIES_FIRST_PASS_INODE_TREE_LEAF_NODE_VIEWS	56
LIST_EXALL_1000_ENTRIES_FIRST_PASS_INODE_TREE_LEAF_RESIDENT_VIEWS	0
LIST_EXALL_1000_ENTRIES_FIRST_PASS_INODE_TREE_INTERNAL_NODE_VIEWS	56
LIST_EXALL_1000_ENTRIES_FIRST_PASS_INODE_TREE_INTERNAL_RESIDENT_VIEWS	56
LIST_EXALL_1000_ENTRIES_FIRST_PASS_DETAIL_INODE_READ_CALLS	1010
LIST_EXALL_1000_ENTRIES_FIRST_PASS_DETAIL_INODE_READ_SAMPLES	59
LIST_EXALL_1000_ENTRIES_FIRST_PASS_DETAIL_INODE_READ_SAMPLE_TICKS	2915
LIST_EXALL_1000_ENTRIES_FIRST_PASS_DETAIL_INODE_VALIDATE_CALLS	1010
LIST_EXALL_1000_ENTRIES_FIRST_PASS_DETAIL_INODE_VALIDATE_SAMPLES	59
LIST_EXALL_1000_ENTRIES_FIRST_PASS_DETAIL_INODE_VALIDATE_SAMPLE_TICKS	77
LIST_EXALL_1000_ENTRIES_FIRST_PASS_DETAIL_INODE_SEARCH_CALLS	1010
LIST_EXALL_1000_ENTRIES_FIRST_PASS_DETAIL_INODE_SEARCH_SAMPLES	59
LIST_EXALL_1000_ENTRIES_FIRST_PASS_DETAIL_INODE_SEARCH_SAMPLE_TICKS	2002
LIST_EXALL_1000_ENTRIES_FIRST_PASS_DETAIL_INODE_NODE_VIEW_CALLS	112
LIST_EXALL_1000_ENTRIES_FIRST_PASS_DETAIL_INODE_NODE_VIEW_SAMPLES	6
LIST_EXALL_1000_ENTRIES_FIRST_PASS_DETAIL_INODE_NODE_VIEW_SAMPLE_TICKS	545
LIST_EXALL_1000_ENTRIES_FIRST_PASS_DETAIL_DIR_NODE_VIEW_CALLS	66
LIST_EXALL_1000_ENTRIES_FIRST_PASS_DETAIL_DIR_NODE_VIEW_SAMPLES	3
LIST_EXALL_1000_ENTRIES_FIRST_PASS_DETAIL_DIR_NODE_VIEW_SAMPLE_TICKS	409
LIST_EXALL_1000_ENTRIES_FIRST_PASS_DETAIL_INODE_BINARY_SEARCH_CALLS	112
LIST_EXALL_1000_ENTRIES_FIRST_PASS_DETAIL_INODE_BINARY_SEARCH_SAMPLES	6
LIST_EXALL_1000_ENTRIES_FIRST_PASS_DETAIL_INODE_BINARY_SEARCH_SAMPLE_TICKS	0
LIST_EXALL_1000_ENTRIES_FIRST_PASS_DETAIL_DIR_BINARY_SEARCH_CALLS	33
LIST_EXALL_1000_ENTRIES_FIRST_PASS_DETAIL_DIR_BINARY_SEARCH_SAMPLES	1
LIST_EXALL_1000_ENTRIES_FIRST_PASS_DETAIL_DIR_BINARY_SEARCH_SAMPLE_TICKS	0
LIST_EXALL_1000_ENTRIES_FIRST_PASS_DETAIL_NODE_STRUCTURE_CALLS	77
LIST_EXALL_1000_ENTRIES_FIRST_PASS_DETAIL_NODE_STRUCTURE_SAMPLES	4
LIST_EXALL_1000_ENTRIES_FIRST_PASS_DETAIL_NODE_STRUCTURE_SAMPLE_TICKS	181
LIST_EXALL_1000_ENTRIES_FIRST_PASS_DETAIL_CACHE_PEEK_CALLS	1216
LIST_EXALL_1000_ENTRIES_FIRST_PASS_DETAIL_CACHE_PEEK_SAMPLES	71
LIST_EXALL_1000_ENTRIES_FIRST_PASS_DETAIL_CACHE_PEEK_SAMPLE_TICKS	270
LIST_EXALL_1000_ENTRIES_FIRST_PASS_DETAIL_BUFFER_ALLOC_CALLS	68
LIST_EXALL_1000_ENTRIES_FIRST_PASS_DETAIL_BUFFER_ALLOC_SAMPLES	4
LIST_EXALL_1000_ENTRIES_FIRST_PASS_DETAIL_BUFFER_ALLOC_SAMPLE_TICKS	88
LIST_EXALL_1000_ENTRIES_FIRST_PASS_DETAIL_BUFFER_FREE_CALLS	68
LIST_EXALL_1000_ENTRIES_FIRST_PASS_DETAIL_BUFFER_FREE_SAMPLES	4
LIST_EXALL_1000_ENTRIES_FIRST_PASS_DETAIL_BUFFER_FREE_SAMPLE_TICKS	0
LIST_EXALL_1000_ENTRIES_FIRST_PASS_DETAIL_EXALL_FILL_CALLS	1010
LIST_EXALL_1000_ENTRIES_FIRST_PASS_DETAIL_EXALL_FILL_SAMPLES	59
LIST_EXALL_1000_ENTRIES_FIRST_PASS_DETAIL_EXALL_FILL_SAMPLE_TICKS	3253
LIST_EXALL_1000_ENTRIES_FIRST_PASS_DEFERRED_NODE_WRITES	0
LIST_EXALL_1000_ENTRIES_REPEAT10_TOTAL_US	689661
LIST_EXALL_1000_ENTRIES_REPEAT10_TOTAL_BIO_READS	751
LIST_EXALL_1000_ENTRIES_REPEAT10_TOTAL_BIO_WRITES	0
LIST_EXALL_1000_ENTRIES_REPEAT10_TOTAL_BIO_UPDATES	0
LIST_EXALL_1000_ENTRIES_REPEAT10_TOTAL_DATA_READS	0
LIST_EXALL_1000_ENTRIES_REPEAT10_TOTAL_DATA_WRITES	0
LIST_EXALL_1000_ENTRIES_REPEAT10_TOTAL_NODE_WRITES	0
LIST_EXALL_1000_ENTRIES_REPEAT10_TOTAL_TXN_COMMITS	0
LIST_EXALL_1000_ENTRIES_REPEAT10_TOTAL_FREESPACE_ALLOCS	0
LIST_EXALL_1000_ENTRIES_REPEAT10_TOTAL_EXTENT_MAPS	0
LIST_EXALL_1000_ENTRIES_REPEAT10_TOTAL_READ_TICKS	49153
LIST_EXALL_1000_ENTRIES_REPEAT10_TOTAL_WRITE_TICKS	0
LIST_EXALL_1000_ENTRIES_REPEAT10_TOTAL_UPDATE_TICKS	0
LIST_EXALL_1000_ENTRIES_REPEAT10_TOTAL_DATA_READ_TICKS	0
LIST_EXALL_1000_ENTRIES_REPEAT10_TOTAL_DATA_WRITE_TICKS	0
LIST_EXALL_1000_ENTRIES_REPEAT10_TOTAL_FREE_TREE_NODE_WRITES	0
LIST_EXALL_1000_ENTRIES_REPEAT10_TOTAL_FREE_TREE_ALLOCATION_BODY_NODE_WRITES	0
LIST_EXALL_1000_ENTRIES_REPEAT10_TOTAL_FREE_TREE_RESERVE_REFILL_NODE_WRITES	0
LIST_EXALL_1000_ENTRIES_REPEAT10_TOTAL_FREE_TREE_RESERVE_RETURN_NODE_WRITES	0
LIST_EXALL_1000_ENTRIES_REPEAT10_TOTAL_FREE_TREE_POST_PUBLISH_PENDING_RECLAIM_NODE_WRITES	0
LIST_EXALL_1000_ENTRIES_REPEAT10_TOTAL_FREE_TREE_OTHER_NODE_WRITES	0
LIST_EXALL_1000_ENTRIES_REPEAT10_TOTAL_DIR_TREE_NODE_WRITES	0
LIST_EXALL_1000_ENTRIES_REPEAT10_TOTAL_INODE_TREE_NODE_WRITES	0
LIST_EXALL_1000_ENTRIES_REPEAT10_TOTAL_REFCOUNT_TREE_NODE_WRITES	0
LIST_EXALL_1000_ENTRIES_REPEAT10_TOTAL_OTHER_TREE_NODE_WRITES	0
LIST_EXALL_1000_ENTRIES_REPEAT10_TOTAL_NODE_CRC_READ_CALLS	751
LIST_EXALL_1000_ENTRIES_REPEAT10_TOTAL_NODE_CRC_READ_SAMPLES	11
LIST_EXALL_1000_ENTRIES_REPEAT10_TOTAL_NODE_CRC_READ_SAMPLE_TICKS	1454
LIST_EXALL_1000_ENTRIES_REPEAT10_TOTAL_NODE_CRC_WRITE_CALLS	0
LIST_EXALL_1000_ENTRIES_REPEAT10_TOTAL_NODE_CRC_WRITE_SAMPLES	0
LIST_EXALL_1000_ENTRIES_REPEAT10_TOTAL_NODE_CRC_WRITE_SAMPLE_TICKS	0
LIST_EXALL_1000_ENTRIES_REPEAT10_TOTAL_CLOCK_PAIR_TICKS	1
LIST_EXALL_1000_ENTRIES_REPEAT10_TOTAL_FREE_TREE_RESERVE_RETURN_CALLS	0
LIST_EXALL_1000_ENTRIES_REPEAT10_TOTAL_FREE_TREE_RESERVE_RETURN_RUNS	0
LIST_EXALL_1000_ENTRIES_REPEAT10_TOTAL_FREE_TREE_RESERVE_RETURN_BLOCKS	0
LIST_EXALL_1000_ENTRIES_REPEAT10_TOTAL_FREE_TREE_RESERVE_RETURN_RUNS_1_BLOCK	0
LIST_EXALL_1000_ENTRIES_REPEAT10_TOTAL_FREE_TREE_RESERVE_RETURN_RUNS_2_3_BLOCKS	0
LIST_EXALL_1000_ENTRIES_REPEAT10_TOTAL_FREE_TREE_RESERVE_RETURN_RUNS_4_7_BLOCKS	0
LIST_EXALL_1000_ENTRIES_REPEAT10_TOTAL_FREE_TREE_RESERVE_RETURN_RUNS_8_PLUS_BLOCKS	0
LIST_EXALL_1000_ENTRIES_REPEAT10_TOTAL_FREE_TREE_RESERVE_RETURN_MAX_RUN_BLOCKS	0
LIST_EXALL_1000_ENTRIES_REPEAT10_TOTAL_FREE_TREE_RESERVE_RETURN_MAX_NODE_WRITES_PER_RUN	0
LIST_EXALL_1000_ENTRIES_REPEAT10_TOTAL_POST_PUBLISH_RECLAIM_PASSES	0
LIST_EXALL_1000_ENTRIES_REPEAT10_TOTAL_MAX_POST_PUBLISH_RECLAIM_PASSES_PER_COMMIT	0
LIST_EXALL_1000_ENTRIES_REPEAT10_TOTAL_SUPERBLOCK_PUBLICATIONS	0
LIST_EXALL_1000_ENTRIES_REPEAT10_TOTAL_FREE_TREE_RESERVE_RETURN_RUN_NODE_WRITES	0
LIST_EXALL_1000_ENTRIES_REPEAT10_TOTAL_FREE_TREE_RESERVE_RETURN_BATCH_CALLS	0
LIST_EXALL_1000_ENTRIES_REPEAT10_TOTAL_FREE_TREE_RESERVE_RETURN_BATCH_BLOCKS	0
LIST_EXALL_1000_ENTRIES_REPEAT10_TOTAL_FREE_TREE_RESERVE_RETURN_BATCH_NODE_WRITES	0
LIST_EXALL_1000_ENTRIES_REPEAT10_TOTAL_FREE_TREE_RESERVE_RETURN_SKIP_SHAPE	0
LIST_EXALL_1000_ENTRIES_REPEAT10_TOTAL_FREE_TREE_RESERVE_RETURN_SKIP_SMALL	0
LIST_EXALL_1000_ENTRIES_REPEAT10_TOTAL_FREE_TREE_RESERVE_RETURN_SKIP_EMERGENCY	0
LIST_EXALL_1000_ENTRIES_REPEAT10_TOTAL_FREE_TREE_RESERVE_RETURN_SKIP_CAPACITY	0
LIST_EXALL_1000_ENTRIES_REPEAT10_TOTAL_SEALED_COMMITS	0
LIST_EXALL_1000_ENTRIES_REPEAT10_TOTAL_SEALED_METADATA_FENCES	0
LIST_EXALL_1000_ENTRIES_REPEAT10_TOTAL_BTREE_MALLOC_CALLS	111
LIST_EXALL_1000_ENTRIES_REPEAT10_TOTAL_BTREE_MALLOC_SAMPLES	111
LIST_EXALL_1000_ENTRIES_REPEAT10_TOTAL_BTREE_MALLOC_SAMPLE_TICKS	620
LIST_EXALL_1000_ENTRIES_REPEAT10_TOTAL_BTREE_FREE_CALLS	111
LIST_EXALL_1000_ENTRIES_REPEAT10_TOTAL_BTREE_FREE_SAMPLES	111
LIST_EXALL_1000_ENTRIES_REPEAT10_TOTAL_BTREE_FREE_SAMPLE_TICKS	391
LIST_EXALL_1000_ENTRIES_REPEAT10_TOTAL_IFACE_ALLOC_CALLS	0
LIST_EXALL_1000_ENTRIES_REPEAT10_TOTAL_IFACE_ALLOC_SAMPLES	0
LIST_EXALL_1000_ENTRIES_REPEAT10_TOTAL_IFACE_ALLOC_SAMPLE_TICKS	0
LIST_EXALL_1000_ENTRIES_REPEAT10_TOTAL_FREESPACE_ALLOC_SAMPLES	0
LIST_EXALL_1000_ENTRIES_REPEAT10_TOTAL_FREESPACE_ALLOC_SAMPLE_TICKS	0
LIST_EXALL_1000_ENTRIES_REPEAT10_TOTAL_PACKET_CALLS	112
LIST_EXALL_1000_ENTRIES_REPEAT10_TOTAL_PACKET_SAMPLES	112
LIST_EXALL_1000_ENTRIES_REPEAT10_TOTAL_PACKET_SAMPLE_TICKS	480081
LIST_EXALL_1000_ENTRIES_REPEAT10_TOTAL_PACKET_OPEN_CALLS	0
LIST_EXALL_1000_ENTRIES_REPEAT10_TOTAL_PACKET_OPEN_SAMPLES	0
LIST_EXALL_1000_ENTRIES_REPEAT10_TOTAL_PACKET_OPEN_SAMPLE_TICKS	0
LIST_EXALL_1000_ENTRIES_REPEAT10_TOTAL_PACKET_READ_CALLS	0
LIST_EXALL_1000_ENTRIES_REPEAT10_TOTAL_PACKET_READ_SAMPLES	0
LIST_EXALL_1000_ENTRIES_REPEAT10_TOTAL_PACKET_READ_SAMPLE_TICKS	0
LIST_EXALL_1000_ENTRIES_REPEAT10_TOTAL_PACKET_WRITE_CALLS	0
LIST_EXALL_1000_ENTRIES_REPEAT10_TOTAL_PACKET_WRITE_SAMPLES	0
LIST_EXALL_1000_ENTRIES_REPEAT10_TOTAL_PACKET_WRITE_SAMPLE_TICKS	0
LIST_EXALL_1000_ENTRIES_REPEAT10_TOTAL_PACKET_END_CALLS	0
LIST_EXALL_1000_ENTRIES_REPEAT10_TOTAL_PACKET_END_SAMPLES	0
LIST_EXALL_1000_ENTRIES_REPEAT10_TOTAL_PACKET_END_SAMPLE_TICKS	0
LIST_EXALL_1000_ENTRIES_REPEAT10_TOTAL_PACKET_DELETE_CALLS	0
LIST_EXALL_1000_ENTRIES_REPEAT10_TOTAL_PACKET_DELETE_SAMPLES	0
LIST_EXALL_1000_ENTRIES_REPEAT10_TOTAL_PACKET_DELETE_SAMPLE_TICKS	0
LIST_EXALL_1000_ENTRIES_REPEAT10_TOTAL_PACKET_FLUSH_CALLS	0
LIST_EXALL_1000_ENTRIES_REPEAT10_TOTAL_PACKET_FLUSH_SAMPLES	0
LIST_EXALL_1000_ENTRIES_REPEAT10_TOTAL_PACKET_FLUSH_SAMPLE_TICKS	0
LIST_EXALL_1000_ENTRIES_REPEAT10_TOTAL_PACKET_OTHER_CALLS	112
LIST_EXALL_1000_ENTRIES_REPEAT10_TOTAL_PACKET_OTHER_SAMPLES	112
LIST_EXALL_1000_ENTRIES_REPEAT10_TOTAL_PACKET_OTHER_SAMPLE_TICKS	480081
LIST_EXALL_1000_ENTRIES_REPEAT10_TOTAL_CORE_CREATE_CALLS	0
LIST_EXALL_1000_ENTRIES_REPEAT10_TOTAL_CORE_CREATE_SAMPLES	0
LIST_EXALL_1000_ENTRIES_REPEAT10_TOTAL_CORE_CREATE_SAMPLE_TICKS	0
LIST_EXALL_1000_ENTRIES_REPEAT10_TOTAL_CORE_DELETE_CALLS	0
LIST_EXALL_1000_ENTRIES_REPEAT10_TOTAL_CORE_DELETE_SAMPLES	0
LIST_EXALL_1000_ENTRIES_REPEAT10_TOTAL_CORE_DELETE_SAMPLE_TICKS	0
LIST_EXALL_1000_ENTRIES_REPEAT10_TOTAL_CORE_FILE_WRITE_CALLS	0
LIST_EXALL_1000_ENTRIES_REPEAT10_TOTAL_CORE_FILE_WRITE_SAMPLES	0
LIST_EXALL_1000_ENTRIES_REPEAT10_TOTAL_CORE_FILE_WRITE_SAMPLE_TICKS	0
LIST_EXALL_1000_ENTRIES_REPEAT10_TOTAL_CORE_SYNC_CALLS	0
LIST_EXALL_1000_ENTRIES_REPEAT10_TOTAL_CORE_SYNC_SAMPLES	0
LIST_EXALL_1000_ENTRIES_REPEAT10_TOTAL_CORE_SYNC_SAMPLE_TICKS	0
LIST_EXALL_1000_ENTRIES_REPEAT10_TOTAL_IFACE_FREE_CALLS	0
LIST_EXALL_1000_ENTRIES_REPEAT10_TOTAL_IFACE_FREE_SAMPLES	0
LIST_EXALL_1000_ENTRIES_REPEAT10_TOTAL_IFACE_FREE_SAMPLE_TICKS	0
LIST_EXALL_1000_ENTRIES_REPEAT10_TOTAL_SEAL_COMMIT_CALLS	0
LIST_EXALL_1000_ENTRIES_REPEAT10_TOTAL_SEAL_COMMIT_SAMPLES	0
LIST_EXALL_1000_ENTRIES_REPEAT10_TOTAL_SEAL_COMMIT_SAMPLE_TICKS	0
LIST_EXALL_1000_ENTRIES_REPEAT10_TOTAL_INODE_READ_CALLS	10100
LIST_EXALL_1000_ENTRIES_REPEAT10_TOTAL_BTREE_SEARCH_CALLS	10101
LIST_EXALL_1000_ENTRIES_REPEAT10_TOTAL_BTREE_INDEX_HINT_HITS	100
LIST_EXALL_1000_ENTRIES_REPEAT10_TOTAL_BTREE_LEAF_HINT_HITS	9460
LIST_EXALL_1000_ENTRIES_REPEAT10_TOTAL_CACHE_READ_CALLS	751
LIST_EXALL_1000_ENTRIES_REPEAT10_TOTAL_CACHE_READ_HITS	0
LIST_EXALL_1000_ENTRIES_REPEAT10_TOTAL_CACHE_READ_MISSES	751
LIST_EXALL_1000_ENTRIES_REPEAT10_TOTAL_FREE_TREE_NODE_VIEWS	0
LIST_EXALL_1000_ENTRIES_REPEAT10_TOTAL_FREE_TREE_RESIDENT_VIEWS	0
LIST_EXALL_1000_ENTRIES_REPEAT10_TOTAL_DIR_TREE_NODE_VIEWS	642
LIST_EXALL_1000_ENTRIES_REPEAT10_TOTAL_DIR_TREE_RESIDENT_VIEWS	431
LIST_EXALL_1000_ENTRIES_REPEAT10_TOTAL_INODE_TREE_NODE_VIEWS	1080
LIST_EXALL_1000_ENTRIES_REPEAT10_TOTAL_INODE_TREE_RESIDENT_VIEWS	540
LIST_EXALL_1000_ENTRIES_REPEAT10_TOTAL_REFCOUNT_TREE_NODE_VIEWS	0
LIST_EXALL_1000_ENTRIES_REPEAT10_TOTAL_REFCOUNT_TREE_RESIDENT_VIEWS	0
LIST_EXALL_1000_ENTRIES_REPEAT10_TOTAL_OTHER_TREE_NODE_VIEWS	0
LIST_EXALL_1000_ENTRIES_REPEAT10_TOTAL_OTHER_TREE_RESIDENT_VIEWS	0
LIST_EXALL_1000_ENTRIES_REPEAT10_TOTAL_DIR_TREE_LEAF_NODE_VIEWS	321
LIST_EXALL_1000_ENTRIES_REPEAT10_TOTAL_DIR_TREE_LEAF_RESIDENT_VIEWS	110
LIST_EXALL_1000_ENTRIES_REPEAT10_TOTAL_DIR_TREE_INTERNAL_NODE_VIEWS	321
LIST_EXALL_1000_ENTRIES_REPEAT10_TOTAL_DIR_TREE_INTERNAL_RESIDENT_VIEWS	321
LIST_EXALL_1000_ENTRIES_REPEAT10_TOTAL_INODE_TREE_LEAF_NODE_VIEWS	540
LIST_EXALL_1000_ENTRIES_REPEAT10_TOTAL_INODE_TREE_LEAF_RESIDENT_VIEWS	0
LIST_EXALL_1000_ENTRIES_REPEAT10_TOTAL_INODE_TREE_INTERNAL_NODE_VIEWS	540
LIST_EXALL_1000_ENTRIES_REPEAT10_TOTAL_INODE_TREE_INTERNAL_RESIDENT_VIEWS	540
LIST_EXALL_1000_ENTRIES_REPEAT10_TOTAL_DETAIL_INODE_READ_CALLS	10100
LIST_EXALL_1000_ENTRIES_REPEAT10_TOTAL_DETAIL_INODE_READ_SAMPLES	594
LIST_EXALL_1000_ENTRIES_REPEAT10_TOTAL_DETAIL_INODE_READ_SAMPLE_TICKS	20132
LIST_EXALL_1000_ENTRIES_REPEAT10_TOTAL_DETAIL_INODE_VALIDATE_CALLS	10100
LIST_EXALL_1000_ENTRIES_REPEAT10_TOTAL_DETAIL_INODE_VALIDATE_SAMPLES	594
LIST_EXALL_1000_ENTRIES_REPEAT10_TOTAL_DETAIL_INODE_VALIDATE_SAMPLE_TICKS	1218
LIST_EXALL_1000_ENTRIES_REPEAT10_TOTAL_DETAIL_INODE_SEARCH_CALLS	10100
LIST_EXALL_1000_ENTRIES_REPEAT10_TOTAL_DETAIL_INODE_SEARCH_SAMPLES	594
LIST_EXALL_1000_ENTRIES_REPEAT10_TOTAL_DETAIL_INODE_SEARCH_SAMPLE_TICKS	14481
LIST_EXALL_1000_ENTRIES_REPEAT10_TOTAL_DETAIL_INODE_NODE_VIEW_CALLS	1080
LIST_EXALL_1000_ENTRIES_REPEAT10_TOTAL_DETAIL_INODE_NODE_VIEW_SAMPLES	63
LIST_EXALL_1000_ENTRIES_REPEAT10_TOTAL_DETAIL_INODE_NODE_VIEW_SAMPLE_TICKS	7353
LIST_EXALL_1000_ENTRIES_REPEAT10_TOTAL_DETAIL_DIR_NODE_VIEW_CALLS	642
LIST_EXALL_1000_ENTRIES_REPEAT10_TOTAL_DETAIL_DIR_NODE_VIEW_SAMPLES	37
LIST_EXALL_1000_ENTRIES_REPEAT10_TOTAL_DETAIL_DIR_NODE_VIEW_SAMPLE_TICKS	4995
LIST_EXALL_1000_ENTRIES_REPEAT10_TOTAL_DETAIL_INODE_BINARY_SEARCH_CALLS	1080
LIST_EXALL_1000_ENTRIES_REPEAT10_TOTAL_DETAIL_INODE_BINARY_SEARCH_SAMPLES	63
LIST_EXALL_1000_ENTRIES_REPEAT10_TOTAL_DETAIL_INODE_BINARY_SEARCH_SAMPLE_TICKS	208
LIST_EXALL_1000_ENTRIES_REPEAT10_TOTAL_DETAIL_DIR_BINARY_SEARCH_CALLS	312
LIST_EXALL_1000_ENTRIES_REPEAT10_TOTAL_DETAIL_DIR_BINARY_SEARCH_SAMPLES	18
LIST_EXALL_1000_ENTRIES_REPEAT10_TOTAL_DETAIL_DIR_BINARY_SEARCH_SAMPLE_TICKS	181
LIST_EXALL_1000_ENTRIES_REPEAT10_TOTAL_DETAIL_NODE_STRUCTURE_CALLS	751
LIST_EXALL_1000_ENTRIES_REPEAT10_TOTAL_DETAIL_NODE_STRUCTURE_SAMPLES	44
LIST_EXALL_1000_ENTRIES_REPEAT10_TOTAL_DETAIL_NODE_STRUCTURE_SAMPLE_TICKS	2620
LIST_EXALL_1000_ENTRIES_REPEAT10_TOTAL_DETAIL_CACHE_PEEK_CALLS	12363
LIST_EXALL_1000_ENTRIES_REPEAT10_TOTAL_DETAIL_CACHE_PEEK_SAMPLES	727
LIST_EXALL_1000_ENTRIES_REPEAT10_TOTAL_DETAIL_CACHE_PEEK_SAMPLE_TICKS	2160
LIST_EXALL_1000_ENTRIES_REPEAT10_TOTAL_DETAIL_BUFFER_ALLOC_CALLS	651
LIST_EXALL_1000_ENTRIES_REPEAT10_TOTAL_DETAIL_BUFFER_ALLOC_SAMPLES	38
LIST_EXALL_1000_ENTRIES_REPEAT10_TOTAL_DETAIL_BUFFER_ALLOC_SAMPLE_TICKS	100
LIST_EXALL_1000_ENTRIES_REPEAT10_TOTAL_DETAIL_BUFFER_FREE_CALLS	651
LIST_EXALL_1000_ENTRIES_REPEAT10_TOTAL_DETAIL_BUFFER_FREE_SAMPLES	38
LIST_EXALL_1000_ENTRIES_REPEAT10_TOTAL_DETAIL_BUFFER_FREE_SAMPLE_TICKS	86
LIST_EXALL_1000_ENTRIES_REPEAT10_TOTAL_DETAIL_EXALL_FILL_CALLS	10100
LIST_EXALL_1000_ENTRIES_REPEAT10_TOTAL_DETAIL_EXALL_FILL_SAMPLES	594
LIST_EXALL_1000_ENTRIES_REPEAT10_TOTAL_DETAIL_EXALL_FILL_SAMPLE_TICKS	26010
LIST_EXALL_1000_ENTRIES_REPEAT10_TOTAL_DEFERRED_NODE_WRITES	0
CLOCK_HZ	709379
CRC_SAMPLE_STRIDE	64
CPU_SAMPLE_STRIDE	1
DETAIL_SAMPLE_STRIDE	17
PASS	1
