=== BFS vs PFS3 Benchmark (FS-UAE 68040) ===
Evidence directory: /home/fabian/.cache/bfs-performance/metadata-2026-10-08.QvzB5w/build/benchmark/metadata-deep-v14-20261008-m3-2-pfs3-first
Mode: deep-compare
Timeout: 600s


=== Machine Info ===
# Machine Info
Kickstart 47.102, Workbench 47.2
System: 68040 68040/060-FPU   (INST: Cache Burst) (DATA: NoCache NoBurst)
Type  Available    In-Use   Maximum   Largest
chip    2028040     52728   2080768   2027968
fast    7681896    706712   8388608   7676832
total   9709936    759440  10469376   7676832


Mounted disks:
Unit      Size       Used       Free Full Errs   Status   Name
DF0       No disk present
DH0      4095M    4194304    4194303  50%   0  Read/Write System
DH1       255M         36      65372   0%   0  Read/Write BFSTest
DH2       Not a DOS disk

Volumes available:
BFSTest [Mounted]
System [Mounted]

=== BFS Results ===
FS_DEEP_COMPARE	14
DRIVE	DH1:
SMALL_CREATE_40_US	36289
SMALL_CREATE_40_BIO_READS	0
SMALL_CREATE_40_BIO_WRITES	40
SMALL_CREATE_40_BIO_UPDATES	0
SMALL_CREATE_40_DATA_READS	0
SMALL_CREATE_40_DATA_WRITES	40
SMALL_CREATE_40_NODE_WRITES	0
SMALL_CREATE_40_TXN_COMMITS	0
SMALL_CREATE_40_FREESPACE_ALLOCS	45
SMALL_CREATE_40_EXTENT_MAPS	40
SMALL_CREATE_40_READ_TICKS	0
SMALL_CREATE_40_WRITE_TICKS	3034
SMALL_CREATE_40_UPDATE_TICKS	0
SMALL_CREATE_40_DATA_READ_TICKS	0
SMALL_CREATE_40_DATA_WRITE_TICKS	3034
SMALL_CREATE_40_FREE_TREE_NODE_WRITES	0
SMALL_CREATE_40_FREE_TREE_ALLOCATION_BODY_NODE_WRITES	0
SMALL_CREATE_40_FREE_TREE_RESERVE_REFILL_NODE_WRITES	0
SMALL_CREATE_40_FREE_TREE_RESERVE_RETURN_NODE_WRITES	0
SMALL_CREATE_40_FREE_TREE_POST_PUBLISH_PENDING_RECLAIM_NODE_WRITES	0
SMALL_CREATE_40_FREE_TREE_OTHER_NODE_WRITES	0
SMALL_CREATE_40_DIR_TREE_NODE_WRITES	0
SMALL_CREATE_40_INODE_TREE_NODE_WRITES	0
SMALL_CREATE_40_REFCOUNT_TREE_NODE_WRITES	0
SMALL_CREATE_40_OTHER_TREE_NODE_WRITES	0
SMALL_CREATE_40_NODE_CRC_READ_CALLS	0
SMALL_CREATE_40_NODE_CRC_READ_SAMPLES	0
SMALL_CREATE_40_NODE_CRC_READ_SAMPLE_TICKS	0
SMALL_CREATE_40_NODE_CRC_WRITE_CALLS	0
SMALL_CREATE_40_NODE_CRC_WRITE_SAMPLES	0
SMALL_CREATE_40_NODE_CRC_WRITE_SAMPLE_TICKS	0
SMALL_CREATE_40_CLOCK_PAIR_TICKS	1
SMALL_CREATE_40_FREE_TREE_RESERVE_RETURN_CALLS	0
SMALL_CREATE_40_FREE_TREE_RESERVE_RETURN_RUNS	0
SMALL_CREATE_40_FREE_TREE_RESERVE_RETURN_BLOCKS	0
SMALL_CREATE_40_FREE_TREE_RESERVE_RETURN_RUNS_1_BLOCK	0
SMALL_CREATE_40_FREE_TREE_RESERVE_RETURN_RUNS_2_3_BLOCKS	0
SMALL_CREATE_40_FREE_TREE_RESERVE_RETURN_RUNS_4_7_BLOCKS	0
SMALL_CREATE_40_FREE_TREE_RESERVE_RETURN_RUNS_8_PLUS_BLOCKS	0
SMALL_CREATE_40_FREE_TREE_RESERVE_RETURN_MAX_RUN_BLOCKS	0
SMALL_CREATE_40_FREE_TREE_RESERVE_RETURN_MAX_NODE_WRITES_PER_RUN	0
SMALL_CREATE_40_POST_PUBLISH_RECLAIM_PASSES	0
SMALL_CREATE_40_MAX_POST_PUBLISH_RECLAIM_PASSES_PER_COMMIT	0
SMALL_CREATE_40_SUPERBLOCK_PUBLICATIONS	0
SMALL_CREATE_40_FREE_TREE_RESERVE_RETURN_RUN_NODE_WRITES	0
SMALL_CREATE_40_FREE_TREE_RESERVE_RETURN_BATCH_CALLS	0
SMALL_CREATE_40_FREE_TREE_RESERVE_RETURN_BATCH_BLOCKS	0
SMALL_CREATE_40_FREE_TREE_RESERVE_RETURN_BATCH_NODE_WRITES	0
SMALL_CREATE_40_FREE_TREE_RESERVE_RETURN_SKIP_SHAPE	0
SMALL_CREATE_40_FREE_TREE_RESERVE_RETURN_SKIP_SMALL	0
SMALL_CREATE_40_FREE_TREE_RESERVE_RETURN_SKIP_EMERGENCY	0
SMALL_CREATE_40_FREE_TREE_RESERVE_RETURN_SKIP_CAPACITY	0
SMALL_CREATE_40_SEALED_COMMITS	0
SMALL_CREATE_40_SEALED_METADATA_FENCES	0
SMALL_CREATE_40_BTREE_MALLOC_CALLS	0
SMALL_CREATE_40_BTREE_MALLOC_SAMPLES	0
SMALL_CREATE_40_BTREE_MALLOC_SAMPLE_TICKS	0
SMALL_CREATE_40_BTREE_FREE_CALLS	40
SMALL_CREATE_40_BTREE_FREE_SAMPLES	40
SMALL_CREATE_40_BTREE_FREE_SAMPLE_TICKS	45
SMALL_CREATE_40_IFACE_ALLOC_CALLS	5
SMALL_CREATE_40_IFACE_ALLOC_SAMPLES	5
SMALL_CREATE_40_IFACE_ALLOC_SAMPLE_TICKS	273
SMALL_CREATE_40_FREESPACE_ALLOC_SAMPLES	45
SMALL_CREATE_40_FREESPACE_ALLOC_SAMPLE_TICKS	2339
SMALL_CREATE_40_PACKET_CALLS	120
SMALL_CREATE_40_PACKET_SAMPLES	120
SMALL_CREATE_40_PACKET_SAMPLE_TICKS	21644
SMALL_CREATE_40_PACKET_OPEN_CALLS	40
SMALL_CREATE_40_PACKET_OPEN_SAMPLES	40
SMALL_CREATE_40_PACKET_OPEN_SAMPLE_TICKS	11217
SMALL_CREATE_40_PACKET_READ_CALLS	0
SMALL_CREATE_40_PACKET_READ_SAMPLES	0
SMALL_CREATE_40_PACKET_READ_SAMPLE_TICKS	0
SMALL_CREATE_40_PACKET_WRITE_CALLS	40
SMALL_CREATE_40_PACKET_WRITE_SAMPLES	40
SMALL_CREATE_40_PACKET_WRITE_SAMPLE_TICKS	10251
SMALL_CREATE_40_PACKET_END_CALLS	40
SMALL_CREATE_40_PACKET_END_SAMPLES	40
SMALL_CREATE_40_PACKET_END_SAMPLE_TICKS	176
SMALL_CREATE_40_PACKET_DELETE_CALLS	0
SMALL_CREATE_40_PACKET_DELETE_SAMPLES	0
SMALL_CREATE_40_PACKET_DELETE_SAMPLE_TICKS	0
SMALL_CREATE_40_PACKET_FLUSH_CALLS	0
SMALL_CREATE_40_PACKET_FLUSH_SAMPLES	0
SMALL_CREATE_40_PACKET_FLUSH_SAMPLE_TICKS	0
SMALL_CREATE_40_PACKET_OTHER_CALLS	0
SMALL_CREATE_40_PACKET_OTHER_SAMPLES	0
SMALL_CREATE_40_PACKET_OTHER_SAMPLE_TICKS	0
SMALL_CREATE_40_CORE_CREATE_CALLS	40
SMALL_CREATE_40_CORE_CREATE_SAMPLES	40
SMALL_CREATE_40_CORE_CREATE_SAMPLE_TICKS	6617
SMALL_CREATE_40_CORE_DELETE_CALLS	0
SMALL_CREATE_40_CORE_DELETE_SAMPLES	0
SMALL_CREATE_40_CORE_DELETE_SAMPLE_TICKS	0
SMALL_CREATE_40_CORE_FILE_WRITE_CALLS	40
SMALL_CREATE_40_CORE_FILE_WRITE_SAMPLES	40
SMALL_CREATE_40_CORE_FILE_WRITE_SAMPLE_TICKS	9073
SMALL_CREATE_40_CORE_SYNC_CALLS	0
SMALL_CREATE_40_CORE_SYNC_SAMPLES	0
SMALL_CREATE_40_CORE_SYNC_SAMPLE_TICKS	0
SMALL_CREATE_40_IFACE_FREE_CALLS	0
SMALL_CREATE_40_IFACE_FREE_SAMPLES	0
SMALL_CREATE_40_IFACE_FREE_SAMPLE_TICKS	0
SMALL_CREATE_40_SEAL_COMMIT_CALLS	0
SMALL_CREATE_40_SEAL_COMMIT_SAMPLES	0
SMALL_CREATE_40_SEAL_COMMIT_SAMPLE_TICKS	0
SMALL_CREATE_40_INODE_READ_CALLS	200
SMALL_CREATE_40_BTREE_SEARCH_CALLS	280
SMALL_CREATE_40_BTREE_INDEX_HINT_HITS	120
SMALL_CREATE_40_BTREE_LEAF_HINT_HITS	0
SMALL_CREATE_40_CACHE_READ_CALLS	9
SMALL_CREATE_40_CACHE_READ_HITS	9
SMALL_CREATE_40_CACHE_READ_MISSES	0
SMALL_CREATE_40_FREE_TREE_NODE_VIEWS	45
SMALL_CREATE_40_FREE_TREE_RESIDENT_VIEWS	45
SMALL_CREATE_40_DIR_TREE_NODE_VIEWS	81
SMALL_CREATE_40_DIR_TREE_RESIDENT_VIEWS	81
SMALL_CREATE_40_INODE_TREE_NODE_VIEWS	80
SMALL_CREATE_40_INODE_TREE_RESIDENT_VIEWS	80
SMALL_CREATE_40_REFCOUNT_TREE_NODE_VIEWS	0
SMALL_CREATE_40_REFCOUNT_TREE_RESIDENT_VIEWS	0
SMALL_CREATE_40_OTHER_TREE_NODE_VIEWS	0
SMALL_CREATE_40_OTHER_TREE_RESIDENT_VIEWS	0
SMALL_CREATE_40_DETAIL_INODE_READ_CALLS	200
SMALL_CREATE_40_DETAIL_INODE_READ_SAMPLES	11
SMALL_CREATE_40_DETAIL_INODE_READ_SAMPLE_TICKS	229
SMALL_CREATE_40_DETAIL_INODE_VALIDATE_CALLS	280
SMALL_CREATE_40_DETAIL_INODE_VALIDATE_SAMPLES	16
SMALL_CREATE_40_DETAIL_INODE_VALIDATE_SAMPLE_TICKS	62
SMALL_CREATE_40_DETAIL_INODE_SEARCH_CALLS	200
SMALL_CREATE_40_DETAIL_INODE_SEARCH_SAMPLES	11
SMALL_CREATE_40_DETAIL_INODE_SEARCH_SAMPLE_TICKS	183
SMALL_CREATE_40_DETAIL_INODE_NODE_VIEW_CALLS	80
SMALL_CREATE_40_DETAIL_INODE_NODE_VIEW_SAMPLES	4
SMALL_CREATE_40_DETAIL_INODE_NODE_VIEW_SAMPLE_TICKS	135
SMALL_CREATE_40_DETAIL_DIR_NODE_VIEW_CALLS	81
SMALL_CREATE_40_DETAIL_DIR_NODE_VIEW_SAMPLES	4
SMALL_CREATE_40_DETAIL_DIR_NODE_VIEW_SAMPLE_TICKS	45
SMALL_CREATE_40_DETAIL_INODE_BINARY_SEARCH_CALLS	200
SMALL_CREATE_40_DETAIL_INODE_BINARY_SEARCH_SAMPLES	11
SMALL_CREATE_40_DETAIL_INODE_BINARY_SEARCH_SAMPLE_TICKS	0
SMALL_CREATE_40_DETAIL_DIR_BINARY_SEARCH_CALLS	191
SMALL_CREATE_40_DETAIL_DIR_BINARY_SEARCH_SAMPLES	11
SMALL_CREATE_40_DETAIL_DIR_BINARY_SEARCH_SAMPLE_TICKS	45
SMALL_CREATE_40_DETAIL_NODE_STRUCTURE_CALLS	14
SMALL_CREATE_40_DETAIL_NODE_STRUCTURE_SAMPLES	0
SMALL_CREATE_40_DETAIL_NODE_STRUCTURE_SAMPLE_TICKS	0
SMALL_CREATE_40_DETAIL_CACHE_PEEK_CALLS	394
SMALL_CREATE_40_DETAIL_CACHE_PEEK_SAMPLES	23
SMALL_CREATE_40_DETAIL_CACHE_PEEK_SAMPLE_TICKS	156
SMALL_CREATE_40_DETAIL_BUFFER_ALLOC_CALLS	188
SMALL_CREATE_40_DETAIL_BUFFER_ALLOC_SAMPLES	11
SMALL_CREATE_40_DETAIL_BUFFER_ALLOC_SAMPLE_TICKS	0
SMALL_CREATE_40_DETAIL_BUFFER_FREE_CALLS	192
SMALL_CREATE_40_DETAIL_BUFFER_FREE_SAMPLES	11
SMALL_CREATE_40_DETAIL_BUFFER_FREE_SAMPLE_TICKS	91
SMALL_CREATE_40_DETAIL_EXALL_FILL_CALLS	0
SMALL_CREATE_40_DETAIL_EXALL_FILL_SAMPLES	0
SMALL_CREATE_40_DETAIL_EXALL_FILL_SAMPLE_TICKS	0
SMALL_CREATE_40_DEFERRED_NODE_WRITES	0
LOOKUP_400_US	96513
LOOKUP_400_BIO_READS	0
LOOKUP_400_BIO_WRITES	0
LOOKUP_400_BIO_UPDATES	0
LOOKUP_400_DATA_READS	0
LOOKUP_400_DATA_WRITES	0
LOOKUP_400_NODE_WRITES	0
LOOKUP_400_TXN_COMMITS	0
LOOKUP_400_FREESPACE_ALLOCS	0
LOOKUP_400_EXTENT_MAPS	0
LOOKUP_400_READ_TICKS	0
LOOKUP_400_WRITE_TICKS	0
LOOKUP_400_UPDATE_TICKS	0
LOOKUP_400_DATA_READ_TICKS	0
LOOKUP_400_DATA_WRITE_TICKS	0
LOOKUP_400_FREE_TREE_NODE_WRITES	0
LOOKUP_400_FREE_TREE_ALLOCATION_BODY_NODE_WRITES	0
LOOKUP_400_FREE_TREE_RESERVE_REFILL_NODE_WRITES	0
LOOKUP_400_FREE_TREE_RESERVE_RETURN_NODE_WRITES	0
LOOKUP_400_FREE_TREE_POST_PUBLISH_PENDING_RECLAIM_NODE_WRITES	0
LOOKUP_400_FREE_TREE_OTHER_NODE_WRITES	0
LOOKUP_400_DIR_TREE_NODE_WRITES	0
LOOKUP_400_INODE_TREE_NODE_WRITES	0
LOOKUP_400_REFCOUNT_TREE_NODE_WRITES	0
LOOKUP_400_OTHER_TREE_NODE_WRITES	0
LOOKUP_400_NODE_CRC_READ_CALLS	0
LOOKUP_400_NODE_CRC_READ_SAMPLES	0
LOOKUP_400_NODE_CRC_READ_SAMPLE_TICKS	0
LOOKUP_400_NODE_CRC_WRITE_CALLS	0
LOOKUP_400_NODE_CRC_WRITE_SAMPLES	0
LOOKUP_400_NODE_CRC_WRITE_SAMPLE_TICKS	0
LOOKUP_400_CLOCK_PAIR_TICKS	0
LOOKUP_400_FREE_TREE_RESERVE_RETURN_CALLS	0
LOOKUP_400_FREE_TREE_RESERVE_RETURN_RUNS	0
LOOKUP_400_FREE_TREE_RESERVE_RETURN_BLOCKS	0
LOOKUP_400_FREE_TREE_RESERVE_RETURN_RUNS_1_BLOCK	0
LOOKUP_400_FREE_TREE_RESERVE_RETURN_RUNS_2_3_BLOCKS	0
LOOKUP_400_FREE_TREE_RESERVE_RETURN_RUNS_4_7_BLOCKS	0
LOOKUP_400_FREE_TREE_RESERVE_RETURN_RUNS_8_PLUS_BLOCKS	0
LOOKUP_400_FREE_TREE_RESERVE_RETURN_MAX_RUN_BLOCKS	0
LOOKUP_400_FREE_TREE_RESERVE_RETURN_MAX_NODE_WRITES_PER_RUN	0
LOOKUP_400_POST_PUBLISH_RECLAIM_PASSES	0
LOOKUP_400_MAX_POST_PUBLISH_RECLAIM_PASSES_PER_COMMIT	0
LOOKUP_400_SUPERBLOCK_PUBLICATIONS	0
LOOKUP_400_FREE_TREE_RESERVE_RETURN_RUN_NODE_WRITES	0
LOOKUP_400_FREE_TREE_RESERVE_RETURN_BATCH_CALLS	0
LOOKUP_400_FREE_TREE_RESERVE_RETURN_BATCH_BLOCKS	0
LOOKUP_400_FREE_TREE_RESERVE_RETURN_BATCH_NODE_WRITES	0
LOOKUP_400_FREE_TREE_RESERVE_RETURN_SKIP_SHAPE	0
LOOKUP_400_FREE_TREE_RESERVE_RETURN_SKIP_SMALL	0
LOOKUP_400_FREE_TREE_RESERVE_RETURN_SKIP_EMERGENCY	0
LOOKUP_400_FREE_TREE_RESERVE_RETURN_SKIP_CAPACITY	0
LOOKUP_400_SEALED_COMMITS	0
LOOKUP_400_SEALED_METADATA_FENCES	0
LOOKUP_400_BTREE_MALLOC_CALLS	0
LOOKUP_400_BTREE_MALLOC_SAMPLES	0
LOOKUP_400_BTREE_MALLOC_SAMPLE_TICKS	0
LOOKUP_400_BTREE_FREE_CALLS	0
LOOKUP_400_BTREE_FREE_SAMPLES	0
LOOKUP_400_BTREE_FREE_SAMPLE_TICKS	0
LOOKUP_400_IFACE_ALLOC_CALLS	0
LOOKUP_400_IFACE_ALLOC_SAMPLES	0
LOOKUP_400_IFACE_ALLOC_SAMPLE_TICKS	0
LOOKUP_400_FREESPACE_ALLOC_SAMPLES	0
LOOKUP_400_FREESPACE_ALLOC_SAMPLE_TICKS	0
LOOKUP_400_PACKET_CALLS	800
LOOKUP_400_PACKET_SAMPLES	800
LOOKUP_400_PACKET_SAMPLE_TICKS	40241
LOOKUP_400_PACKET_OPEN_CALLS	0
LOOKUP_400_PACKET_OPEN_SAMPLES	0
LOOKUP_400_PACKET_OPEN_SAMPLE_TICKS	0
LOOKUP_400_PACKET_READ_CALLS	0
LOOKUP_400_PACKET_READ_SAMPLES	0
LOOKUP_400_PACKET_READ_SAMPLE_TICKS	0
LOOKUP_400_PACKET_WRITE_CALLS	0
LOOKUP_400_PACKET_WRITE_SAMPLES	0
LOOKUP_400_PACKET_WRITE_SAMPLE_TICKS	0
LOOKUP_400_PACKET_END_CALLS	0
LOOKUP_400_PACKET_END_SAMPLES	0
LOOKUP_400_PACKET_END_SAMPLE_TICKS	0
LOOKUP_400_PACKET_DELETE_CALLS	0
LOOKUP_400_PACKET_DELETE_SAMPLES	0
LOOKUP_400_PACKET_DELETE_SAMPLE_TICKS	0
LOOKUP_400_PACKET_FLUSH_CALLS	0
LOOKUP_400_PACKET_FLUSH_SAMPLES	0
LOOKUP_400_PACKET_FLUSH_SAMPLE_TICKS	0
LOOKUP_400_PACKET_OTHER_CALLS	800
LOOKUP_400_PACKET_OTHER_SAMPLES	800
LOOKUP_400_PACKET_OTHER_SAMPLE_TICKS	40241
LOOKUP_400_CORE_CREATE_CALLS	0
LOOKUP_400_CORE_CREATE_SAMPLES	0
LOOKUP_400_CORE_CREATE_SAMPLE_TICKS	0
LOOKUP_400_CORE_DELETE_CALLS	0
LOOKUP_400_CORE_DELETE_SAMPLES	0
LOOKUP_400_CORE_DELETE_SAMPLE_TICKS	0
LOOKUP_400_CORE_FILE_WRITE_CALLS	0
LOOKUP_400_CORE_FILE_WRITE_SAMPLES	0
LOOKUP_400_CORE_FILE_WRITE_SAMPLE_TICKS	0
LOOKUP_400_CORE_SYNC_CALLS	0
LOOKUP_400_CORE_SYNC_SAMPLES	0
LOOKUP_400_CORE_SYNC_SAMPLE_TICKS	0
LOOKUP_400_IFACE_FREE_CALLS	0
LOOKUP_400_IFACE_FREE_SAMPLES	0
LOOKUP_400_IFACE_FREE_SAMPLE_TICKS	0
LOOKUP_400_SEAL_COMMIT_CALLS	0
LOOKUP_400_SEAL_COMMIT_SAMPLES	0
LOOKUP_400_SEAL_COMMIT_SAMPLE_TICKS	0
LOOKUP_400_INODE_READ_CALLS	0
LOOKUP_400_BTREE_SEARCH_CALLS	800
LOOKUP_400_BTREE_INDEX_HINT_HITS	0
LOOKUP_400_BTREE_LEAF_HINT_HITS	139
LOOKUP_400_CACHE_READ_CALLS	0
LOOKUP_400_CACHE_READ_HITS	0
LOOKUP_400_CACHE_READ_MISSES	0
LOOKUP_400_FREE_TREE_NODE_VIEWS	0
LOOKUP_400_FREE_TREE_RESIDENT_VIEWS	0
LOOKUP_400_DIR_TREE_NODE_VIEWS	1322
LOOKUP_400_DIR_TREE_RESIDENT_VIEWS	1322
LOOKUP_400_INODE_TREE_NODE_VIEWS	0
LOOKUP_400_INODE_TREE_RESIDENT_VIEWS	0
LOOKUP_400_REFCOUNT_TREE_NODE_VIEWS	0
LOOKUP_400_REFCOUNT_TREE_RESIDENT_VIEWS	0
LOOKUP_400_OTHER_TREE_NODE_VIEWS	0
LOOKUP_400_OTHER_TREE_RESIDENT_VIEWS	0
LOOKUP_400_DETAIL_INODE_READ_CALLS	0
LOOKUP_400_DETAIL_INODE_READ_SAMPLES	0
LOOKUP_400_DETAIL_INODE_READ_SAMPLE_TICKS	0
LOOKUP_400_DETAIL_INODE_VALIDATE_CALLS	0
LOOKUP_400_DETAIL_INODE_VALIDATE_SAMPLES	0
LOOKUP_400_DETAIL_INODE_VALIDATE_SAMPLE_TICKS	0
LOOKUP_400_DETAIL_INODE_SEARCH_CALLS	0
LOOKUP_400_DETAIL_INODE_SEARCH_SAMPLES	0
LOOKUP_400_DETAIL_INODE_SEARCH_SAMPLE_TICKS	0
LOOKUP_400_DETAIL_INODE_NODE_VIEW_CALLS	0
LOOKUP_400_DETAIL_INODE_NODE_VIEW_SAMPLES	0
LOOKUP_400_DETAIL_INODE_NODE_VIEW_SAMPLE_TICKS	0
LOOKUP_400_DETAIL_DIR_NODE_VIEW_CALLS	1322
LOOKUP_400_DETAIL_DIR_NODE_VIEW_SAMPLES	77
LOOKUP_400_DETAIL_DIR_NODE_VIEW_SAMPLE_TICKS	348
LOOKUP_400_DETAIL_INODE_BINARY_SEARCH_CALLS	0
LOOKUP_400_DETAIL_INODE_BINARY_SEARCH_SAMPLES	0
LOOKUP_400_DETAIL_INODE_BINARY_SEARCH_SAMPLE_TICKS	0
LOOKUP_400_DETAIL_DIR_BINARY_SEARCH_CALLS	1461
LOOKUP_400_DETAIL_DIR_BINARY_SEARCH_SAMPLES	85
LOOKUP_400_DETAIL_DIR_BINARY_SEARCH_SAMPLE_TICKS	266
LOOKUP_400_DETAIL_NODE_STRUCTURE_CALLS	0
LOOKUP_400_DETAIL_NODE_STRUCTURE_SAMPLES	0
LOOKUP_400_DETAIL_NODE_STRUCTURE_SAMPLE_TICKS	0
LOOKUP_400_DETAIL_CACHE_PEEK_CALLS	2121
LOOKUP_400_DETAIL_CACHE_PEEK_SAMPLES	124
LOOKUP_400_DETAIL_CACHE_PEEK_SAMPLE_TICKS	484
LOOKUP_400_DETAIL_BUFFER_ALLOC_CALLS	661
LOOKUP_400_DETAIL_BUFFER_ALLOC_SAMPLES	38
LOOKUP_400_DETAIL_BUFFER_ALLOC_SAMPLE_TICKS	143
LOOKUP_400_DETAIL_BUFFER_FREE_CALLS	661
LOOKUP_400_DETAIL_BUFFER_FREE_SAMPLES	38
LOOKUP_400_DETAIL_BUFFER_FREE_SAMPLE_TICKS	187
LOOKUP_400_DETAIL_EXALL_FILL_CALLS	0
LOOKUP_400_DETAIL_EXALL_FILL_SAMPLES	0
LOOKUP_400_DETAIL_EXALL_FILL_SAMPLE_TICKS	0
LOOKUP_400_DEFERRED_NODE_WRITES	0
SMALL_READ_40_US	23360
SMALL_READ_40_BIO_READS	40
SMALL_READ_40_BIO_WRITES	0
SMALL_READ_40_BIO_UPDATES	0
SMALL_READ_40_DATA_READS	40
SMALL_READ_40_DATA_WRITES	0
SMALL_READ_40_NODE_WRITES	0
SMALL_READ_40_TXN_COMMITS	0
SMALL_READ_40_FREESPACE_ALLOCS	0
SMALL_READ_40_EXTENT_MAPS	0
SMALL_READ_40_READ_TICKS	1042
SMALL_READ_40_WRITE_TICKS	0
SMALL_READ_40_UPDATE_TICKS	0
SMALL_READ_40_DATA_READ_TICKS	1042
SMALL_READ_40_DATA_WRITE_TICKS	0
SMALL_READ_40_FREE_TREE_NODE_WRITES	0
SMALL_READ_40_FREE_TREE_ALLOCATION_BODY_NODE_WRITES	0
SMALL_READ_40_FREE_TREE_RESERVE_REFILL_NODE_WRITES	0
SMALL_READ_40_FREE_TREE_RESERVE_RETURN_NODE_WRITES	0
SMALL_READ_40_FREE_TREE_POST_PUBLISH_PENDING_RECLAIM_NODE_WRITES	0
SMALL_READ_40_FREE_TREE_OTHER_NODE_WRITES	0
SMALL_READ_40_DIR_TREE_NODE_WRITES	0
SMALL_READ_40_INODE_TREE_NODE_WRITES	0
SMALL_READ_40_REFCOUNT_TREE_NODE_WRITES	0
SMALL_READ_40_OTHER_TREE_NODE_WRITES	0
SMALL_READ_40_NODE_CRC_READ_CALLS	0
SMALL_READ_40_NODE_CRC_READ_SAMPLES	0
SMALL_READ_40_NODE_CRC_READ_SAMPLE_TICKS	0
SMALL_READ_40_NODE_CRC_WRITE_CALLS	0
SMALL_READ_40_NODE_CRC_WRITE_SAMPLES	0
SMALL_READ_40_NODE_CRC_WRITE_SAMPLE_TICKS	0
SMALL_READ_40_CLOCK_PAIR_TICKS	0
SMALL_READ_40_FREE_TREE_RESERVE_RETURN_CALLS	0
SMALL_READ_40_FREE_TREE_RESERVE_RETURN_RUNS	0
SMALL_READ_40_FREE_TREE_RESERVE_RETURN_BLOCKS	0
SMALL_READ_40_FREE_TREE_RESERVE_RETURN_RUNS_1_BLOCK	0
SMALL_READ_40_FREE_TREE_RESERVE_RETURN_RUNS_2_3_BLOCKS	0
SMALL_READ_40_FREE_TREE_RESERVE_RETURN_RUNS_4_7_BLOCKS	0
SMALL_READ_40_FREE_TREE_RESERVE_RETURN_RUNS_8_PLUS_BLOCKS	0
SMALL_READ_40_FREE_TREE_RESERVE_RETURN_MAX_RUN_BLOCKS	0
SMALL_READ_40_FREE_TREE_RESERVE_RETURN_MAX_NODE_WRITES_PER_RUN	0
SMALL_READ_40_POST_PUBLISH_RECLAIM_PASSES	0
SMALL_READ_40_MAX_POST_PUBLISH_RECLAIM_PASSES_PER_COMMIT	0
SMALL_READ_40_SUPERBLOCK_PUBLICATIONS	0
SMALL_READ_40_FREE_TREE_RESERVE_RETURN_RUN_NODE_WRITES	0
SMALL_READ_40_FREE_TREE_RESERVE_RETURN_BATCH_CALLS	0
SMALL_READ_40_FREE_TREE_RESERVE_RETURN_BATCH_BLOCKS	0
SMALL_READ_40_FREE_TREE_RESERVE_RETURN_BATCH_NODE_WRITES	0
SMALL_READ_40_FREE_TREE_RESERVE_RETURN_SKIP_SHAPE	0
SMALL_READ_40_FREE_TREE_RESERVE_RETURN_SKIP_SMALL	0
SMALL_READ_40_FREE_TREE_RESERVE_RETURN_SKIP_EMERGENCY	0
SMALL_READ_40_FREE_TREE_RESERVE_RETURN_SKIP_CAPACITY	0
SMALL_READ_40_SEALED_COMMITS	0
SMALL_READ_40_SEALED_METADATA_FENCES	0
SMALL_READ_40_BTREE_MALLOC_CALLS	0
SMALL_READ_40_BTREE_MALLOC_SAMPLES	0
SMALL_READ_40_BTREE_MALLOC_SAMPLE_TICKS	0
SMALL_READ_40_BTREE_FREE_CALLS	0
SMALL_READ_40_BTREE_FREE_SAMPLES	0
SMALL_READ_40_BTREE_FREE_SAMPLE_TICKS	0
SMALL_READ_40_IFACE_ALLOC_CALLS	0
SMALL_READ_40_IFACE_ALLOC_SAMPLES	0
SMALL_READ_40_IFACE_ALLOC_SAMPLE_TICKS	0
SMALL_READ_40_FREESPACE_ALLOC_SAMPLES	0
SMALL_READ_40_FREESPACE_ALLOC_SAMPLE_TICKS	0
SMALL_READ_40_PACKET_CALLS	160
SMALL_READ_40_PACKET_SAMPLES	160
SMALL_READ_40_PACKET_SAMPLE_TICKS	11120
SMALL_READ_40_PACKET_OPEN_CALLS	40
SMALL_READ_40_PACKET_OPEN_SAMPLES	40
SMALL_READ_40_PACKET_OPEN_SAMPLE_TICKS	5627
SMALL_READ_40_PACKET_READ_CALLS	80
SMALL_READ_40_PACKET_READ_SAMPLES	80
SMALL_READ_40_PACKET_READ_SAMPLE_TICKS	5037
SMALL_READ_40_PACKET_WRITE_CALLS	0
SMALL_READ_40_PACKET_WRITE_SAMPLES	0
SMALL_READ_40_PACKET_WRITE_SAMPLE_TICKS	0
SMALL_READ_40_PACKET_END_CALLS	40
SMALL_READ_40_PACKET_END_SAMPLES	40
SMALL_READ_40_PACKET_END_SAMPLE_TICKS	456
SMALL_READ_40_PACKET_DELETE_CALLS	0
SMALL_READ_40_PACKET_DELETE_SAMPLES	0
SMALL_READ_40_PACKET_DELETE_SAMPLE_TICKS	0
SMALL_READ_40_PACKET_FLUSH_CALLS	0
SMALL_READ_40_PACKET_FLUSH_SAMPLES	0
SMALL_READ_40_PACKET_FLUSH_SAMPLE_TICKS	0
SMALL_READ_40_PACKET_OTHER_CALLS	0
SMALL_READ_40_PACKET_OTHER_SAMPLES	0
SMALL_READ_40_PACKET_OTHER_SAMPLE_TICKS	0
SMALL_READ_40_CORE_CREATE_CALLS	0
SMALL_READ_40_CORE_CREATE_SAMPLES	0
SMALL_READ_40_CORE_CREATE_SAMPLE_TICKS	0
SMALL_READ_40_CORE_DELETE_CALLS	0
SMALL_READ_40_CORE_DELETE_SAMPLES	0
SMALL_READ_40_CORE_DELETE_SAMPLE_TICKS	0
SMALL_READ_40_CORE_FILE_WRITE_CALLS	0
SMALL_READ_40_CORE_FILE_WRITE_SAMPLES	0
SMALL_READ_40_CORE_FILE_WRITE_SAMPLE_TICKS	0
SMALL_READ_40_CORE_SYNC_CALLS	0
SMALL_READ_40_CORE_SYNC_SAMPLES	0
SMALL_READ_40_CORE_SYNC_SAMPLE_TICKS	0
SMALL_READ_40_IFACE_FREE_CALLS	0
SMALL_READ_40_IFACE_FREE_SAMPLES	0
SMALL_READ_40_IFACE_FREE_SAMPLE_TICKS	0
SMALL_READ_40_SEAL_COMMIT_CALLS	0
SMALL_READ_40_SEAL_COMMIT_SAMPLES	0
SMALL_READ_40_SEAL_COMMIT_SAMPLE_TICKS	0
SMALL_READ_40_INODE_READ_CALLS	240
SMALL_READ_40_BTREE_SEARCH_CALLS	320
SMALL_READ_40_BTREE_INDEX_HINT_HITS	200
SMALL_READ_40_BTREE_LEAF_HINT_HITS	53
SMALL_READ_40_CACHE_READ_CALLS	40
SMALL_READ_40_CACHE_READ_HITS	0
SMALL_READ_40_CACHE_READ_MISSES	40
SMALL_READ_40_FREE_TREE_NODE_VIEWS	0
SMALL_READ_40_FREE_TREE_RESIDENT_VIEWS	0
SMALL_READ_40_DIR_TREE_NODE_VIEWS	132
SMALL_READ_40_DIR_TREE_RESIDENT_VIEWS	132
SMALL_READ_40_INODE_TREE_NODE_VIEWS	1
SMALL_READ_40_INODE_TREE_RESIDENT_VIEWS	1
SMALL_READ_40_REFCOUNT_TREE_NODE_VIEWS	0
SMALL_READ_40_REFCOUNT_TREE_RESIDENT_VIEWS	0
SMALL_READ_40_OTHER_TREE_NODE_VIEWS	0
SMALL_READ_40_OTHER_TREE_RESIDENT_VIEWS	0
SMALL_READ_40_DETAIL_INODE_READ_CALLS	240
SMALL_READ_40_DETAIL_INODE_READ_SAMPLES	14
SMALL_READ_40_DETAIL_INODE_READ_SAMPLE_TICKS	228
SMALL_READ_40_DETAIL_INODE_VALIDATE_CALLS	240
SMALL_READ_40_DETAIL_INODE_VALIDATE_SAMPLES	14
SMALL_READ_40_DETAIL_INODE_VALIDATE_SAMPLE_TICKS	0
SMALL_READ_40_DETAIL_INODE_SEARCH_CALLS	240
SMALL_READ_40_DETAIL_INODE_SEARCH_SAMPLES	14
SMALL_READ_40_DETAIL_INODE_SEARCH_SAMPLE_TICKS	181
SMALL_READ_40_DETAIL_INODE_NODE_VIEW_CALLS	1
SMALL_READ_40_DETAIL_INODE_NODE_VIEW_SAMPLES	0
SMALL_READ_40_DETAIL_INODE_NODE_VIEW_SAMPLE_TICKS	0
SMALL_READ_40_DETAIL_DIR_NODE_VIEW_CALLS	132
SMALL_READ_40_DETAIL_DIR_NODE_VIEW_SAMPLES	7
SMALL_READ_40_DETAIL_DIR_NODE_VIEW_SAMPLE_TICKS	45
SMALL_READ_40_DETAIL_INODE_BINARY_SEARCH_CALLS	40
SMALL_READ_40_DETAIL_INODE_BINARY_SEARCH_SAMPLES	2
SMALL_READ_40_DETAIL_INODE_BINARY_SEARCH_SAMPLE_TICKS	0
SMALL_READ_40_DETAIL_DIR_BINARY_SEARCH_CALLS	146
SMALL_READ_40_DETAIL_DIR_BINARY_SEARCH_SAMPLES	8
SMALL_READ_40_DETAIL_DIR_BINARY_SEARCH_SAMPLE_TICKS	46
SMALL_READ_40_DETAIL_NODE_STRUCTURE_CALLS	0
SMALL_READ_40_DETAIL_NODE_STRUCTURE_SAMPLES	0
SMALL_READ_40_DETAIL_NODE_STRUCTURE_SAMPLE_TICKS	0
SMALL_READ_40_DETAIL_CACHE_PEEK_CALLS	452
SMALL_READ_40_DETAIL_CACHE_PEEK_SAMPLES	26
SMALL_READ_40_DETAIL_CACHE_PEEK_SAMPLE_TICKS	136
SMALL_READ_40_DETAIL_BUFFER_ALLOC_CALLS	67
SMALL_READ_40_DETAIL_BUFFER_ALLOC_SAMPLES	3
SMALL_READ_40_DETAIL_BUFFER_ALLOC_SAMPLE_TICKS	2
SMALL_READ_40_DETAIL_BUFFER_FREE_CALLS	67
SMALL_READ_40_DETAIL_BUFFER_FREE_SAMPLES	3
SMALL_READ_40_DETAIL_BUFFER_FREE_SAMPLE_TICKS	0
SMALL_READ_40_DETAIL_EXALL_FILL_CALLS	0
SMALL_READ_40_DETAIL_EXALL_FILL_SAMPLES	0
SMALL_READ_40_DETAIL_EXALL_FILL_SAMPLE_TICKS	0
SMALL_READ_40_DEFERRED_NODE_WRITES	0
SEQ_WRITE_8M_US	47168
SEQ_WRITE_8M_BIO_READS	0
SEQ_WRITE_8M_BIO_WRITES	128
SEQ_WRITE_8M_BIO_UPDATES	0
SEQ_WRITE_8M_DATA_READS	0
SEQ_WRITE_8M_DATA_WRITES	128
SEQ_WRITE_8M_NODE_WRITES	0
SEQ_WRITE_8M_TXN_COMMITS	0
SEQ_WRITE_8M_FREESPACE_ALLOCS	128
SEQ_WRITE_8M_EXTENT_MAPS	128
SEQ_WRITE_8M_READ_TICKS	0
SEQ_WRITE_8M_WRITE_TICKS	7791
SEQ_WRITE_8M_UPDATE_TICKS	0
SEQ_WRITE_8M_DATA_READ_TICKS	0
SEQ_WRITE_8M_DATA_WRITE_TICKS	7791
SEQ_WRITE_8M_FREE_TREE_NODE_WRITES	0
SEQ_WRITE_8M_FREE_TREE_ALLOCATION_BODY_NODE_WRITES	0
SEQ_WRITE_8M_FREE_TREE_RESERVE_REFILL_NODE_WRITES	0
SEQ_WRITE_8M_FREE_TREE_RESERVE_RETURN_NODE_WRITES	0
SEQ_WRITE_8M_FREE_TREE_POST_PUBLISH_PENDING_RECLAIM_NODE_WRITES	0
SEQ_WRITE_8M_FREE_TREE_OTHER_NODE_WRITES	0
SEQ_WRITE_8M_DIR_TREE_NODE_WRITES	0
SEQ_WRITE_8M_INODE_TREE_NODE_WRITES	0
SEQ_WRITE_8M_REFCOUNT_TREE_NODE_WRITES	0
SEQ_WRITE_8M_OTHER_TREE_NODE_WRITES	0
SEQ_WRITE_8M_NODE_CRC_READ_CALLS	0
SEQ_WRITE_8M_NODE_CRC_READ_SAMPLES	0
SEQ_WRITE_8M_NODE_CRC_READ_SAMPLE_TICKS	0
SEQ_WRITE_8M_NODE_CRC_WRITE_CALLS	0
SEQ_WRITE_8M_NODE_CRC_WRITE_SAMPLES	0
SEQ_WRITE_8M_NODE_CRC_WRITE_SAMPLE_TICKS	0
SEQ_WRITE_8M_CLOCK_PAIR_TICKS	0
SEQ_WRITE_8M_FREE_TREE_RESERVE_RETURN_CALLS	0
SEQ_WRITE_8M_FREE_TREE_RESERVE_RETURN_RUNS	0
SEQ_WRITE_8M_FREE_TREE_RESERVE_RETURN_BLOCKS	0
SEQ_WRITE_8M_FREE_TREE_RESERVE_RETURN_RUNS_1_BLOCK	0
SEQ_WRITE_8M_FREE_TREE_RESERVE_RETURN_RUNS_2_3_BLOCKS	0
SEQ_WRITE_8M_FREE_TREE_RESERVE_RETURN_RUNS_4_7_BLOCKS	0
SEQ_WRITE_8M_FREE_TREE_RESERVE_RETURN_RUNS_8_PLUS_BLOCKS	0
SEQ_WRITE_8M_FREE_TREE_RESERVE_RETURN_MAX_RUN_BLOCKS	0
SEQ_WRITE_8M_FREE_TREE_RESERVE_RETURN_MAX_NODE_WRITES_PER_RUN	0
SEQ_WRITE_8M_POST_PUBLISH_RECLAIM_PASSES	0
SEQ_WRITE_8M_MAX_POST_PUBLISH_RECLAIM_PASSES_PER_COMMIT	0
SEQ_WRITE_8M_SUPERBLOCK_PUBLICATIONS	0
SEQ_WRITE_8M_FREE_TREE_RESERVE_RETURN_RUN_NODE_WRITES	0
SEQ_WRITE_8M_FREE_TREE_RESERVE_RETURN_BATCH_CALLS	0
SEQ_WRITE_8M_FREE_TREE_RESERVE_RETURN_BATCH_BLOCKS	0
SEQ_WRITE_8M_FREE_TREE_RESERVE_RETURN_BATCH_NODE_WRITES	0
SEQ_WRITE_8M_FREE_TREE_RESERVE_RETURN_SKIP_SHAPE	0
SEQ_WRITE_8M_FREE_TREE_RESERVE_RETURN_SKIP_SMALL	0
SEQ_WRITE_8M_FREE_TREE_RESERVE_RETURN_SKIP_EMERGENCY	0
SEQ_WRITE_8M_FREE_TREE_RESERVE_RETURN_SKIP_CAPACITY	0
SEQ_WRITE_8M_SEALED_COMMITS	0
SEQ_WRITE_8M_SEALED_METADATA_FENCES	0
SEQ_WRITE_8M_BTREE_MALLOC_CALLS	0
SEQ_WRITE_8M_BTREE_MALLOC_SAMPLES	0
SEQ_WRITE_8M_BTREE_MALLOC_SAMPLE_TICKS	0
SEQ_WRITE_8M_BTREE_FREE_CALLS	1
SEQ_WRITE_8M_BTREE_FREE_SAMPLES	1
SEQ_WRITE_8M_BTREE_FREE_SAMPLE_TICKS	0
SEQ_WRITE_8M_IFACE_ALLOC_CALLS	0
SEQ_WRITE_8M_IFACE_ALLOC_SAMPLES	0
SEQ_WRITE_8M_IFACE_ALLOC_SAMPLE_TICKS	0
SEQ_WRITE_8M_FREESPACE_ALLOC_SAMPLES	128
SEQ_WRITE_8M_FREESPACE_ALLOC_SAMPLE_TICKS	5106
SEQ_WRITE_8M_PACKET_CALLS	130
SEQ_WRITE_8M_PACKET_SAMPLES	130
SEQ_WRITE_8M_PACKET_SAMPLE_TICKS	31545
SEQ_WRITE_8M_PACKET_OPEN_CALLS	1
SEQ_WRITE_8M_PACKET_OPEN_SAMPLES	1
SEQ_WRITE_8M_PACKET_OPEN_SAMPLE_TICKS	227
SEQ_WRITE_8M_PACKET_READ_CALLS	0
SEQ_WRITE_8M_PACKET_READ_SAMPLES	0
SEQ_WRITE_8M_PACKET_READ_SAMPLE_TICKS	0
SEQ_WRITE_8M_PACKET_WRITE_CALLS	128
SEQ_WRITE_8M_PACKET_WRITE_SAMPLES	128
SEQ_WRITE_8M_PACKET_WRITE_SAMPLE_TICKS	31318
SEQ_WRITE_8M_PACKET_END_CALLS	1
SEQ_WRITE_8M_PACKET_END_SAMPLES	1
SEQ_WRITE_8M_PACKET_END_SAMPLE_TICKS	0
SEQ_WRITE_8M_PACKET_DELETE_CALLS	0
SEQ_WRITE_8M_PACKET_DELETE_SAMPLES	0
SEQ_WRITE_8M_PACKET_DELETE_SAMPLE_TICKS	0
SEQ_WRITE_8M_PACKET_FLUSH_CALLS	0
SEQ_WRITE_8M_PACKET_FLUSH_SAMPLES	0
SEQ_WRITE_8M_PACKET_FLUSH_SAMPLE_TICKS	0
SEQ_WRITE_8M_PACKET_OTHER_CALLS	0
SEQ_WRITE_8M_PACKET_OTHER_SAMPLES	0
SEQ_WRITE_8M_PACKET_OTHER_SAMPLE_TICKS	0
SEQ_WRITE_8M_CORE_CREATE_CALLS	1
SEQ_WRITE_8M_CORE_CREATE_SAMPLES	1
SEQ_WRITE_8M_CORE_CREATE_SAMPLE_TICKS	136
SEQ_WRITE_8M_CORE_DELETE_CALLS	0
SEQ_WRITE_8M_CORE_DELETE_SAMPLES	0
SEQ_WRITE_8M_CORE_DELETE_SAMPLE_TICKS	0
SEQ_WRITE_8M_CORE_FILE_WRITE_CALLS	128
SEQ_WRITE_8M_CORE_FILE_WRITE_SAMPLES	128
SEQ_WRITE_8M_CORE_FILE_WRITE_SAMPLE_TICKS	26080
SEQ_WRITE_8M_CORE_SYNC_CALLS	0
SEQ_WRITE_8M_CORE_SYNC_SAMPLES	0
SEQ_WRITE_8M_CORE_SYNC_SAMPLE_TICKS	0
SEQ_WRITE_8M_IFACE_FREE_CALLS	0
SEQ_WRITE_8M_IFACE_FREE_SAMPLES	0
SEQ_WRITE_8M_IFACE_FREE_SAMPLE_TICKS	0
SEQ_WRITE_8M_SEAL_COMMIT_CALLS	0
SEQ_WRITE_8M_SEAL_COMMIT_SAMPLES	0
SEQ_WRITE_8M_SEAL_COMMIT_SAMPLE_TICKS	0
SEQ_WRITE_8M_INODE_READ_CALLS	259
SEQ_WRITE_8M_BTREE_SEARCH_CALLS	260
SEQ_WRITE_8M_BTREE_INDEX_HINT_HITS	130
SEQ_WRITE_8M_BTREE_LEAF_HINT_HITS	1
SEQ_WRITE_8M_CACHE_READ_CALLS	0
SEQ_WRITE_8M_CACHE_READ_HITS	0
SEQ_WRITE_8M_CACHE_READ_MISSES	0
SEQ_WRITE_8M_FREE_TREE_NODE_VIEWS	128
SEQ_WRITE_8M_FREE_TREE_RESIDENT_VIEWS	128
SEQ_WRITE_8M_DIR_TREE_NODE_VIEWS	0
SEQ_WRITE_8M_DIR_TREE_RESIDENT_VIEWS	0
SEQ_WRITE_8M_INODE_TREE_NODE_VIEWS	128
SEQ_WRITE_8M_INODE_TREE_RESIDENT_VIEWS	128
SEQ_WRITE_8M_REFCOUNT_TREE_NODE_VIEWS	0
SEQ_WRITE_8M_REFCOUNT_TREE_RESIDENT_VIEWS	0
SEQ_WRITE_8M_OTHER_TREE_NODE_VIEWS	0
SEQ_WRITE_8M_OTHER_TREE_RESIDENT_VIEWS	0
SEQ_WRITE_8M_DETAIL_INODE_READ_CALLS	259
SEQ_WRITE_8M_DETAIL_INODE_READ_SAMPLES	15
SEQ_WRITE_8M_DETAIL_INODE_READ_SAMPLE_TICKS	319
SEQ_WRITE_8M_DETAIL_INODE_VALIDATE_CALLS	388
SEQ_WRITE_8M_DETAIL_INODE_VALIDATE_SAMPLES	22
SEQ_WRITE_8M_DETAIL_INODE_VALIDATE_SAMPLE_TICKS	146
SEQ_WRITE_8M_DETAIL_INODE_SEARCH_CALLS	259
SEQ_WRITE_8M_DETAIL_INODE_SEARCH_SAMPLES	15
SEQ_WRITE_8M_DETAIL_INODE_SEARCH_SAMPLE_TICKS	316
SEQ_WRITE_8M_DETAIL_INODE_NODE_VIEW_CALLS	128
SEQ_WRITE_8M_DETAIL_INODE_NODE_VIEW_SAMPLES	7
SEQ_WRITE_8M_DETAIL_INODE_NODE_VIEW_SAMPLE_TICKS	0
SEQ_WRITE_8M_DETAIL_DIR_NODE_VIEW_CALLS	0
SEQ_WRITE_8M_DETAIL_DIR_NODE_VIEW_SAMPLES	0
SEQ_WRITE_8M_DETAIL_DIR_NODE_VIEW_SAMPLE_TICKS	0
SEQ_WRITE_8M_DETAIL_INODE_BINARY_SEARCH_CALLS	259
SEQ_WRITE_8M_DETAIL_INODE_BINARY_SEARCH_SAMPLES	15
SEQ_WRITE_8M_DETAIL_INODE_BINARY_SEARCH_SAMPLE_TICKS	20
SEQ_WRITE_8M_DETAIL_DIR_BINARY_SEARCH_CALLS	3
SEQ_WRITE_8M_DETAIL_DIR_BINARY_SEARCH_SAMPLES	0
SEQ_WRITE_8M_DETAIL_DIR_BINARY_SEARCH_SAMPLE_TICKS	0
SEQ_WRITE_8M_DETAIL_NODE_STRUCTURE_CALLS	0
SEQ_WRITE_8M_DETAIL_NODE_STRUCTURE_SAMPLES	0
SEQ_WRITE_8M_DETAIL_NODE_STRUCTURE_SAMPLE_TICKS	0
SEQ_WRITE_8M_DETAIL_CACHE_PEEK_CALLS	389
SEQ_WRITE_8M_DETAIL_CACHE_PEEK_SAMPLES	22
SEQ_WRITE_8M_DETAIL_CACHE_PEEK_SAMPLE_TICKS	65
SEQ_WRITE_8M_DETAIL_BUFFER_ALLOC_CALLS	256
SEQ_WRITE_8M_DETAIL_BUFFER_ALLOC_SAMPLES	15
SEQ_WRITE_8M_DETAIL_BUFFER_ALLOC_SAMPLE_TICKS	0
SEQ_WRITE_8M_DETAIL_BUFFER_FREE_CALLS	256
SEQ_WRITE_8M_DETAIL_BUFFER_FREE_SAMPLES	15
SEQ_WRITE_8M_DETAIL_BUFFER_FREE_SAMPLE_TICKS	93
SEQ_WRITE_8M_DETAIL_EXALL_FILL_CALLS	0
SEQ_WRITE_8M_DETAIL_EXALL_FILL_SAMPLES	0
SEQ_WRITE_8M_DETAIL_EXALL_FILL_SAMPLE_TICKS	0
SEQ_WRITE_8M_DEFERRED_NODE_WRITES	0
SEQ_READ_8M_US	270910
SEQ_READ_8M_BIO_READS	128
SEQ_READ_8M_BIO_WRITES	0
SEQ_READ_8M_BIO_UPDATES	0
SEQ_READ_8M_DATA_READS	128
SEQ_READ_8M_DATA_WRITES	0
SEQ_READ_8M_NODE_WRITES	0
SEQ_READ_8M_TXN_COMMITS	0
SEQ_READ_8M_FREESPACE_ALLOCS	0
SEQ_READ_8M_EXTENT_MAPS	0
SEQ_READ_8M_READ_TICKS	12711
SEQ_READ_8M_WRITE_TICKS	0
SEQ_READ_8M_UPDATE_TICKS	0
SEQ_READ_8M_DATA_READ_TICKS	12711
SEQ_READ_8M_DATA_WRITE_TICKS	0
SEQ_READ_8M_FREE_TREE_NODE_WRITES	0
SEQ_READ_8M_FREE_TREE_ALLOCATION_BODY_NODE_WRITES	0
SEQ_READ_8M_FREE_TREE_RESERVE_REFILL_NODE_WRITES	0
SEQ_READ_8M_FREE_TREE_RESERVE_RETURN_NODE_WRITES	0
SEQ_READ_8M_FREE_TREE_POST_PUBLISH_PENDING_RECLAIM_NODE_WRITES	0
SEQ_READ_8M_FREE_TREE_OTHER_NODE_WRITES	0
SEQ_READ_8M_DIR_TREE_NODE_WRITES	0
SEQ_READ_8M_INODE_TREE_NODE_WRITES	0
SEQ_READ_8M_REFCOUNT_TREE_NODE_WRITES	0
SEQ_READ_8M_OTHER_TREE_NODE_WRITES	0
SEQ_READ_8M_NODE_CRC_READ_CALLS	0
SEQ_READ_8M_NODE_CRC_READ_SAMPLES	0
SEQ_READ_8M_NODE_CRC_READ_SAMPLE_TICKS	0
SEQ_READ_8M_NODE_CRC_WRITE_CALLS	0
SEQ_READ_8M_NODE_CRC_WRITE_SAMPLES	0
SEQ_READ_8M_NODE_CRC_WRITE_SAMPLE_TICKS	0
SEQ_READ_8M_CLOCK_PAIR_TICKS	1
SEQ_READ_8M_FREE_TREE_RESERVE_RETURN_CALLS	0
SEQ_READ_8M_FREE_TREE_RESERVE_RETURN_RUNS	0
SEQ_READ_8M_FREE_TREE_RESERVE_RETURN_BLOCKS	0
SEQ_READ_8M_FREE_TREE_RESERVE_RETURN_RUNS_1_BLOCK	0
SEQ_READ_8M_FREE_TREE_RESERVE_RETURN_RUNS_2_3_BLOCKS	0
SEQ_READ_8M_FREE_TREE_RESERVE_RETURN_RUNS_4_7_BLOCKS	0
SEQ_READ_8M_FREE_TREE_RESERVE_RETURN_RUNS_8_PLUS_BLOCKS	0
SEQ_READ_8M_FREE_TREE_RESERVE_RETURN_MAX_RUN_BLOCKS	0
SEQ_READ_8M_FREE_TREE_RESERVE_RETURN_MAX_NODE_WRITES_PER_RUN	0
SEQ_READ_8M_POST_PUBLISH_RECLAIM_PASSES	0
SEQ_READ_8M_MAX_POST_PUBLISH_RECLAIM_PASSES_PER_COMMIT	0
SEQ_READ_8M_SUPERBLOCK_PUBLICATIONS	0
SEQ_READ_8M_FREE_TREE_RESERVE_RETURN_RUN_NODE_WRITES	0
SEQ_READ_8M_FREE_TREE_RESERVE_RETURN_BATCH_CALLS	0
SEQ_READ_8M_FREE_TREE_RESERVE_RETURN_BATCH_BLOCKS	0
SEQ_READ_8M_FREE_TREE_RESERVE_RETURN_BATCH_NODE_WRITES	0
SEQ_READ_8M_FREE_TREE_RESERVE_RETURN_SKIP_SHAPE	0
SEQ_READ_8M_FREE_TREE_RESERVE_RETURN_SKIP_SMALL	0
SEQ_READ_8M_FREE_TREE_RESERVE_RETURN_SKIP_EMERGENCY	0
SEQ_READ_8M_FREE_TREE_RESERVE_RETURN_SKIP_CAPACITY	0
SEQ_READ_8M_SEALED_COMMITS	0
SEQ_READ_8M_SEALED_METADATA_FENCES	0
SEQ_READ_8M_BTREE_MALLOC_CALLS	0
SEQ_READ_8M_BTREE_MALLOC_SAMPLES	0
SEQ_READ_8M_BTREE_MALLOC_SAMPLE_TICKS	0
SEQ_READ_8M_BTREE_FREE_CALLS	0
SEQ_READ_8M_BTREE_FREE_SAMPLES	0
SEQ_READ_8M_BTREE_FREE_SAMPLE_TICKS	0
SEQ_READ_8M_IFACE_ALLOC_CALLS	0
SEQ_READ_8M_IFACE_ALLOC_SAMPLES	0
SEQ_READ_8M_IFACE_ALLOC_SAMPLE_TICKS	0
SEQ_READ_8M_FREESPACE_ALLOC_SAMPLES	0
SEQ_READ_8M_FREESPACE_ALLOC_SAMPLE_TICKS	0
SEQ_READ_8M_PACKET_CALLS	131
SEQ_READ_8M_PACKET_SAMPLES	131
SEQ_READ_8M_PACKET_SAMPLE_TICKS	20651
SEQ_READ_8M_PACKET_OPEN_CALLS	1
SEQ_READ_8M_PACKET_OPEN_SAMPLES	1
SEQ_READ_8M_PACKET_OPEN_SAMPLE_TICKS	180
SEQ_READ_8M_PACKET_READ_CALLS	129
SEQ_READ_8M_PACKET_READ_SAMPLES	129
SEQ_READ_8M_PACKET_READ_SAMPLE_TICKS	20426
SEQ_READ_8M_PACKET_WRITE_CALLS	0
SEQ_READ_8M_PACKET_WRITE_SAMPLES	0
SEQ_READ_8M_PACKET_WRITE_SAMPLE_TICKS	0
SEQ_READ_8M_PACKET_END_CALLS	1
SEQ_READ_8M_PACKET_END_SAMPLES	1
SEQ_READ_8M_PACKET_END_SAMPLE_TICKS	45
SEQ_READ_8M_PACKET_DELETE_CALLS	0
SEQ_READ_8M_PACKET_DELETE_SAMPLES	0
SEQ_READ_8M_PACKET_DELETE_SAMPLE_TICKS	0
SEQ_READ_8M_PACKET_FLUSH_CALLS	0
SEQ_READ_8M_PACKET_FLUSH_SAMPLES	0
SEQ_READ_8M_PACKET_FLUSH_SAMPLE_TICKS	0
SEQ_READ_8M_PACKET_OTHER_CALLS	0
SEQ_READ_8M_PACKET_OTHER_SAMPLES	0
SEQ_READ_8M_PACKET_OTHER_SAMPLE_TICKS	0
SEQ_READ_8M_CORE_CREATE_CALLS	0
SEQ_READ_8M_CORE_CREATE_SAMPLES	0
SEQ_READ_8M_CORE_CREATE_SAMPLE_TICKS	0
SEQ_READ_8M_CORE_DELETE_CALLS	0
SEQ_READ_8M_CORE_DELETE_SAMPLES	0
SEQ_READ_8M_CORE_DELETE_SAMPLE_TICKS	0
SEQ_READ_8M_CORE_FILE_WRITE_CALLS	0
SEQ_READ_8M_CORE_FILE_WRITE_SAMPLES	0
SEQ_READ_8M_CORE_FILE_WRITE_SAMPLE_TICKS	0
SEQ_READ_8M_CORE_SYNC_CALLS	0
SEQ_READ_8M_CORE_SYNC_SAMPLES	0
SEQ_READ_8M_CORE_SYNC_SAMPLE_TICKS	0
SEQ_READ_8M_IFACE_FREE_CALLS	0
SEQ_READ_8M_IFACE_FREE_SAMPLES	0
SEQ_READ_8M_IFACE_FREE_SAMPLE_TICKS	0
SEQ_READ_8M_SEAL_COMMIT_CALLS	0
SEQ_READ_8M_SEAL_COMMIT_SAMPLES	0
SEQ_READ_8M_SEAL_COMMIT_SAMPLE_TICKS	0
SEQ_READ_8M_INODE_READ_CALLS	260
SEQ_READ_8M_BTREE_SEARCH_CALLS	261
SEQ_READ_8M_BTREE_INDEX_HINT_HITS	259
SEQ_READ_8M_BTREE_LEAF_HINT_HITS	0
SEQ_READ_8M_CACHE_READ_CALLS	0
SEQ_READ_8M_CACHE_READ_HITS	0
SEQ_READ_8M_CACHE_READ_MISSES	0
SEQ_READ_8M_FREE_TREE_NODE_VIEWS	0
SEQ_READ_8M_FREE_TREE_RESIDENT_VIEWS	0
SEQ_READ_8M_DIR_TREE_NODE_VIEWS	2
SEQ_READ_8M_DIR_TREE_RESIDENT_VIEWS	2
SEQ_READ_8M_INODE_TREE_NODE_VIEWS	1
SEQ_READ_8M_INODE_TREE_RESIDENT_VIEWS	1
SEQ_READ_8M_REFCOUNT_TREE_NODE_VIEWS	0
SEQ_READ_8M_REFCOUNT_TREE_RESIDENT_VIEWS	0
SEQ_READ_8M_OTHER_TREE_NODE_VIEWS	0
SEQ_READ_8M_OTHER_TREE_RESIDENT_VIEWS	0
SEQ_READ_8M_DETAIL_INODE_READ_CALLS	260
SEQ_READ_8M_DETAIL_INODE_READ_SAMPLES	15
SEQ_READ_8M_DETAIL_INODE_READ_SAMPLE_TICKS	322
SEQ_READ_8M_DETAIL_INODE_VALIDATE_CALLS	260
SEQ_READ_8M_DETAIL_INODE_VALIDATE_SAMPLES	15
SEQ_READ_8M_DETAIL_INODE_VALIDATE_SAMPLE_TICKS	115
SEQ_READ_8M_DETAIL_INODE_SEARCH_CALLS	260
SEQ_READ_8M_DETAIL_INODE_SEARCH_SAMPLES	15
SEQ_READ_8M_DETAIL_INODE_SEARCH_SAMPLE_TICKS	46
SEQ_READ_8M_DETAIL_INODE_NODE_VIEW_CALLS	1
SEQ_READ_8M_DETAIL_INODE_NODE_VIEW_SAMPLES	0
SEQ_READ_8M_DETAIL_INODE_NODE_VIEW_SAMPLE_TICKS	0
SEQ_READ_8M_DETAIL_DIR_NODE_VIEW_CALLS	2
SEQ_READ_8M_DETAIL_DIR_NODE_VIEW_SAMPLES	0
SEQ_READ_8M_DETAIL_DIR_NODE_VIEW_SAMPLE_TICKS	0
SEQ_READ_8M_DETAIL_INODE_BINARY_SEARCH_CALLS	1
SEQ_READ_8M_DETAIL_INODE_BINARY_SEARCH_SAMPLES	0
SEQ_READ_8M_DETAIL_INODE_BINARY_SEARCH_SAMPLE_TICKS	0
SEQ_READ_8M_DETAIL_DIR_BINARY_SEARCH_CALLS	2
SEQ_READ_8M_DETAIL_DIR_BINARY_SEARCH_SAMPLES	0
SEQ_READ_8M_DETAIL_DIR_BINARY_SEARCH_SAMPLE_TICKS	0
SEQ_READ_8M_DETAIL_NODE_STRUCTURE_CALLS	0
SEQ_READ_8M_DETAIL_NODE_STRUCTURE_SAMPLES	0
SEQ_READ_8M_DETAIL_NODE_STRUCTURE_SAMPLE_TICKS	0
SEQ_READ_8M_DETAIL_CACHE_PEEK_CALLS	262
SEQ_READ_8M_DETAIL_CACHE_PEEK_SAMPLES	15
SEQ_READ_8M_DETAIL_CACHE_PEEK_SAMPLE_TICKS	0
SEQ_READ_8M_DETAIL_BUFFER_ALLOC_CALLS	2
SEQ_READ_8M_DETAIL_BUFFER_ALLOC_SAMPLES	0
SEQ_READ_8M_DETAIL_BUFFER_ALLOC_SAMPLE_TICKS	0
SEQ_READ_8M_DETAIL_BUFFER_FREE_CALLS	2
SEQ_READ_8M_DETAIL_BUFFER_FREE_SAMPLES	0
SEQ_READ_8M_DETAIL_BUFFER_FREE_SAMPLE_TICKS	0
SEQ_READ_8M_DETAIL_EXALL_FILL_CALLS	0
SEQ_READ_8M_DETAIL_EXALL_FILL_SAMPLES	0
SEQ_READ_8M_DETAIL_EXALL_FILL_SAMPLE_TICKS	0
SEQ_READ_8M_DEFERRED_NODE_WRITES	0
SMALL_DELETE_40_US	26623
SMALL_DELETE_40_BIO_READS	0
SMALL_DELETE_40_BIO_WRITES	0
SMALL_DELETE_40_BIO_UPDATES	0
SMALL_DELETE_40_DATA_READS	0
SMALL_DELETE_40_DATA_WRITES	0
SMALL_DELETE_40_NODE_WRITES	0
SMALL_DELETE_40_TXN_COMMITS	0
SMALL_DELETE_40_FREESPACE_ALLOCS	0
SMALL_DELETE_40_EXTENT_MAPS	0
SMALL_DELETE_40_READ_TICKS	0
SMALL_DELETE_40_WRITE_TICKS	0
SMALL_DELETE_40_UPDATE_TICKS	0
SMALL_DELETE_40_DATA_READ_TICKS	0
SMALL_DELETE_40_DATA_WRITE_TICKS	0
SMALL_DELETE_40_FREE_TREE_NODE_WRITES	0
SMALL_DELETE_40_FREE_TREE_ALLOCATION_BODY_NODE_WRITES	0
SMALL_DELETE_40_FREE_TREE_RESERVE_REFILL_NODE_WRITES	0
SMALL_DELETE_40_FREE_TREE_RESERVE_RETURN_NODE_WRITES	0
SMALL_DELETE_40_FREE_TREE_POST_PUBLISH_PENDING_RECLAIM_NODE_WRITES	0
SMALL_DELETE_40_FREE_TREE_OTHER_NODE_WRITES	0
SMALL_DELETE_40_DIR_TREE_NODE_WRITES	0
SMALL_DELETE_40_INODE_TREE_NODE_WRITES	0
SMALL_DELETE_40_REFCOUNT_TREE_NODE_WRITES	0
SMALL_DELETE_40_OTHER_TREE_NODE_WRITES	0
SMALL_DELETE_40_NODE_CRC_READ_CALLS	0
SMALL_DELETE_40_NODE_CRC_READ_SAMPLES	0
SMALL_DELETE_40_NODE_CRC_READ_SAMPLE_TICKS	0
SMALL_DELETE_40_NODE_CRC_WRITE_CALLS	0
SMALL_DELETE_40_NODE_CRC_WRITE_SAMPLES	0
SMALL_DELETE_40_NODE_CRC_WRITE_SAMPLE_TICKS	0
SMALL_DELETE_40_CLOCK_PAIR_TICKS	0
SMALL_DELETE_40_FREE_TREE_RESERVE_RETURN_CALLS	0
SMALL_DELETE_40_FREE_TREE_RESERVE_RETURN_RUNS	0
SMALL_DELETE_40_FREE_TREE_RESERVE_RETURN_BLOCKS	0
SMALL_DELETE_40_FREE_TREE_RESERVE_RETURN_RUNS_1_BLOCK	0
SMALL_DELETE_40_FREE_TREE_RESERVE_RETURN_RUNS_2_3_BLOCKS	0
SMALL_DELETE_40_FREE_TREE_RESERVE_RETURN_RUNS_4_7_BLOCKS	0
SMALL_DELETE_40_FREE_TREE_RESERVE_RETURN_RUNS_8_PLUS_BLOCKS	0
SMALL_DELETE_40_FREE_TREE_RESERVE_RETURN_MAX_RUN_BLOCKS	0
SMALL_DELETE_40_FREE_TREE_RESERVE_RETURN_MAX_NODE_WRITES_PER_RUN	0
SMALL_DELETE_40_POST_PUBLISH_RECLAIM_PASSES	0
SMALL_DELETE_40_MAX_POST_PUBLISH_RECLAIM_PASSES_PER_COMMIT	0
SMALL_DELETE_40_SUPERBLOCK_PUBLICATIONS	0
SMALL_DELETE_40_FREE_TREE_RESERVE_RETURN_RUN_NODE_WRITES	0
SMALL_DELETE_40_FREE_TREE_RESERVE_RETURN_BATCH_CALLS	0
SMALL_DELETE_40_FREE_TREE_RESERVE_RETURN_BATCH_BLOCKS	0
SMALL_DELETE_40_FREE_TREE_RESERVE_RETURN_BATCH_NODE_WRITES	0
SMALL_DELETE_40_FREE_TREE_RESERVE_RETURN_SKIP_SHAPE	0
SMALL_DELETE_40_FREE_TREE_RESERVE_RETURN_SKIP_SMALL	0
SMALL_DELETE_40_FREE_TREE_RESERVE_RETURN_SKIP_EMERGENCY	0
SMALL_DELETE_40_FREE_TREE_RESERVE_RETURN_SKIP_CAPACITY	0
SMALL_DELETE_40_SEALED_COMMITS	0
SMALL_DELETE_40_SEALED_METADATA_FENCES	0
SMALL_DELETE_40_BTREE_MALLOC_CALLS	0
SMALL_DELETE_40_BTREE_MALLOC_SAMPLES	0
SMALL_DELETE_40_BTREE_MALLOC_SAMPLE_TICKS	0
SMALL_DELETE_40_BTREE_FREE_CALLS	0
SMALL_DELETE_40_BTREE_FREE_SAMPLES	0
SMALL_DELETE_40_BTREE_FREE_SAMPLE_TICKS	0
SMALL_DELETE_40_IFACE_ALLOC_CALLS	0
SMALL_DELETE_40_IFACE_ALLOC_SAMPLES	0
SMALL_DELETE_40_IFACE_ALLOC_SAMPLE_TICKS	0
SMALL_DELETE_40_FREESPACE_ALLOC_SAMPLES	0
SMALL_DELETE_40_FREESPACE_ALLOC_SAMPLE_TICKS	0
SMALL_DELETE_40_PACKET_CALLS	40
SMALL_DELETE_40_PACKET_SAMPLES	40
SMALL_DELETE_40_PACKET_SAMPLE_TICKS	15982
SMALL_DELETE_40_PACKET_OPEN_CALLS	0
SMALL_DELETE_40_PACKET_OPEN_SAMPLES	0
SMALL_DELETE_40_PACKET_OPEN_SAMPLE_TICKS	0
SMALL_DELETE_40_PACKET_READ_CALLS	0
SMALL_DELETE_40_PACKET_READ_SAMPLES	0
SMALL_DELETE_40_PACKET_READ_SAMPLE_TICKS	0
SMALL_DELETE_40_PACKET_WRITE_CALLS	0
SMALL_DELETE_40_PACKET_WRITE_SAMPLES	0
SMALL_DELETE_40_PACKET_WRITE_SAMPLE_TICKS	0
SMALL_DELETE_40_PACKET_END_CALLS	0
SMALL_DELETE_40_PACKET_END_SAMPLES	0
SMALL_DELETE_40_PACKET_END_SAMPLE_TICKS	0
SMALL_DELETE_40_PACKET_DELETE_CALLS	40
SMALL_DELETE_40_PACKET_DELETE_SAMPLES	40
SMALL_DELETE_40_PACKET_DELETE_SAMPLE_TICKS	15982
SMALL_DELETE_40_PACKET_FLUSH_CALLS	0
SMALL_DELETE_40_PACKET_FLUSH_SAMPLES	0
SMALL_DELETE_40_PACKET_FLUSH_SAMPLE_TICKS	0
SMALL_DELETE_40_PACKET_OTHER_CALLS	0
SMALL_DELETE_40_PACKET_OTHER_SAMPLES	0
SMALL_DELETE_40_PACKET_OTHER_SAMPLE_TICKS	0
SMALL_DELETE_40_CORE_CREATE_CALLS	0
SMALL_DELETE_40_CORE_CREATE_SAMPLES	0
SMALL_DELETE_40_CORE_CREATE_SAMPLE_TICKS	0
SMALL_DELETE_40_CORE_DELETE_CALLS	40
SMALL_DELETE_40_CORE_DELETE_SAMPLES	40
SMALL_DELETE_40_CORE_DELETE_SAMPLE_TICKS	10312
SMALL_DELETE_40_CORE_FILE_WRITE_CALLS	0
SMALL_DELETE_40_CORE_FILE_WRITE_SAMPLES	0
SMALL_DELETE_40_CORE_FILE_WRITE_SAMPLE_TICKS	0
SMALL_DELETE_40_CORE_SYNC_CALLS	0
SMALL_DELETE_40_CORE_SYNC_SAMPLES	0
SMALL_DELETE_40_CORE_SYNC_SAMPLE_TICKS	0
SMALL_DELETE_40_IFACE_FREE_CALLS	5
SMALL_DELETE_40_IFACE_FREE_SAMPLES	5
SMALL_DELETE_40_IFACE_FREE_SAMPLE_TICKS	500
SMALL_DELETE_40_SEAL_COMMIT_CALLS	0
SMALL_DELETE_40_SEAL_COMMIT_SAMPLES	0
SMALL_DELETE_40_SEAL_COMMIT_SAMPLE_TICKS	0
SMALL_DELETE_40_INODE_READ_CALLS	80
SMALL_DELETE_40_BTREE_SEARCH_CALLS	205
SMALL_DELETE_40_BTREE_INDEX_HINT_HITS	40
SMALL_DELETE_40_BTREE_LEAF_HINT_HITS	54
SMALL_DELETE_40_CACHE_READ_CALLS	33
SMALL_DELETE_40_CACHE_READ_HITS	33
SMALL_DELETE_40_CACHE_READ_MISSES	0
SMALL_DELETE_40_FREE_TREE_NODE_VIEWS	15
SMALL_DELETE_40_FREE_TREE_RESIDENT_VIEWS	15
SMALL_DELETE_40_DIR_TREE_NODE_VIEWS	125
SMALL_DELETE_40_DIR_TREE_RESIDENT_VIEWS	125
SMALL_DELETE_40_INODE_TREE_NODE_VIEWS	39
SMALL_DELETE_40_INODE_TREE_RESIDENT_VIEWS	39
SMALL_DELETE_40_REFCOUNT_TREE_NODE_VIEWS	0
SMALL_DELETE_40_REFCOUNT_TREE_RESIDENT_VIEWS	0
SMALL_DELETE_40_OTHER_TREE_NODE_VIEWS	0
SMALL_DELETE_40_OTHER_TREE_RESIDENT_VIEWS	0
SMALL_DELETE_40_DETAIL_INODE_READ_CALLS	80
SMALL_DELETE_40_DETAIL_INODE_READ_SAMPLES	4
SMALL_DELETE_40_DETAIL_INODE_READ_SAMPLE_TICKS	137
SMALL_DELETE_40_DETAIL_INODE_VALIDATE_CALLS	80
SMALL_DELETE_40_DETAIL_INODE_VALIDATE_SAMPLES	4
SMALL_DELETE_40_DETAIL_INODE_VALIDATE_SAMPLE_TICKS	46
SMALL_DELETE_40_DETAIL_INODE_SEARCH_CALLS	80
SMALL_DELETE_40_DETAIL_INODE_SEARCH_SAMPLES	4
SMALL_DELETE_40_DETAIL_INODE_SEARCH_SAMPLE_TICKS	91
SMALL_DELETE_40_DETAIL_INODE_NODE_VIEW_CALLS	39
SMALL_DELETE_40_DETAIL_INODE_NODE_VIEW_SAMPLES	2
SMALL_DELETE_40_DETAIL_INODE_NODE_VIEW_SAMPLE_TICKS	45
SMALL_DELETE_40_DETAIL_DIR_NODE_VIEW_CALLS	125
SMALL_DELETE_40_DETAIL_DIR_NODE_VIEW_SAMPLES	7
SMALL_DELETE_40_DETAIL_DIR_NODE_VIEW_SAMPLE_TICKS	46
SMALL_DELETE_40_DETAIL_INODE_BINARY_SEARCH_CALLS	80
SMALL_DELETE_40_DETAIL_INODE_BINARY_SEARCH_SAMPLES	4
SMALL_DELETE_40_DETAIL_INODE_BINARY_SEARCH_SAMPLE_TICKS	47
SMALL_DELETE_40_DETAIL_DIR_BINARY_SEARCH_CALLS	267
SMALL_DELETE_40_DETAIL_DIR_BINARY_SEARCH_SAMPLES	15
SMALL_DELETE_40_DETAIL_DIR_BINARY_SEARCH_SAMPLE_TICKS	23
SMALL_DELETE_40_DETAIL_NODE_STRUCTURE_CALLS	22
SMALL_DELETE_40_DETAIL_NODE_STRUCTURE_SAMPLES	1
SMALL_DELETE_40_DETAIL_NODE_STRUCTURE_SAMPLE_TICKS	45
SMALL_DELETE_40_DETAIL_CACHE_PEEK_CALLS	332
SMALL_DELETE_40_DETAIL_CACHE_PEEK_SAMPLES	19
SMALL_DELETE_40_DETAIL_CACHE_PEEK_SAMPLE_TICKS	127
SMALL_DELETE_40_DETAIL_BUFFER_ALLOC_CALLS	153
SMALL_DELETE_40_DETAIL_BUFFER_ALLOC_SAMPLES	9
SMALL_DELETE_40_DETAIL_BUFFER_ALLOC_SAMPLE_TICKS	45
SMALL_DELETE_40_DETAIL_BUFFER_FREE_CALLS	162
SMALL_DELETE_40_DETAIL_BUFFER_FREE_SAMPLES	9
SMALL_DELETE_40_DETAIL_BUFFER_FREE_SAMPLE_TICKS	45
SMALL_DELETE_40_DETAIL_EXALL_FILL_CALLS	0
SMALL_DELETE_40_DETAIL_EXALL_FILL_SAMPLES	0
SMALL_DELETE_40_DETAIL_EXALL_FILL_SAMPLE_TICKS	0
SMALL_DELETE_40_DEFERRED_NODE_WRITES	0
APPEND_4K_1M_US	114111
APPEND_4K_1M_BIO_READS	0
APPEND_4K_1M_BIO_WRITES	256
APPEND_4K_1M_BIO_UPDATES	0
APPEND_4K_1M_DATA_READS	0
APPEND_4K_1M_DATA_WRITES	256
APPEND_4K_1M_NODE_WRITES	0
APPEND_4K_1M_TXN_COMMITS	0
APPEND_4K_1M_FREESPACE_ALLOCS	256
APPEND_4K_1M_EXTENT_MAPS	256
APPEND_4K_1M_READ_TICKS	0
APPEND_4K_1M_WRITE_TICKS	14899
APPEND_4K_1M_UPDATE_TICKS	0
APPEND_4K_1M_DATA_READ_TICKS	0
APPEND_4K_1M_DATA_WRITE_TICKS	14899
APPEND_4K_1M_FREE_TREE_NODE_WRITES	0
APPEND_4K_1M_FREE_TREE_ALLOCATION_BODY_NODE_WRITES	0
APPEND_4K_1M_FREE_TREE_RESERVE_REFILL_NODE_WRITES	0
APPEND_4K_1M_FREE_TREE_RESERVE_RETURN_NODE_WRITES	0
APPEND_4K_1M_FREE_TREE_POST_PUBLISH_PENDING_RECLAIM_NODE_WRITES	0
APPEND_4K_1M_FREE_TREE_OTHER_NODE_WRITES	0
APPEND_4K_1M_DIR_TREE_NODE_WRITES	0
APPEND_4K_1M_INODE_TREE_NODE_WRITES	0
APPEND_4K_1M_REFCOUNT_TREE_NODE_WRITES	0
APPEND_4K_1M_OTHER_TREE_NODE_WRITES	0
APPEND_4K_1M_NODE_CRC_READ_CALLS	0
APPEND_4K_1M_NODE_CRC_READ_SAMPLES	0
APPEND_4K_1M_NODE_CRC_READ_SAMPLE_TICKS	0
APPEND_4K_1M_NODE_CRC_WRITE_CALLS	0
APPEND_4K_1M_NODE_CRC_WRITE_SAMPLES	0
APPEND_4K_1M_NODE_CRC_WRITE_SAMPLE_TICKS	0
APPEND_4K_1M_CLOCK_PAIR_TICKS	1
APPEND_4K_1M_FREE_TREE_RESERVE_RETURN_CALLS	0
APPEND_4K_1M_FREE_TREE_RESERVE_RETURN_RUNS	0
APPEND_4K_1M_FREE_TREE_RESERVE_RETURN_BLOCKS	0
APPEND_4K_1M_FREE_TREE_RESERVE_RETURN_RUNS_1_BLOCK	0
APPEND_4K_1M_FREE_TREE_RESERVE_RETURN_RUNS_2_3_BLOCKS	0
APPEND_4K_1M_FREE_TREE_RESERVE_RETURN_RUNS_4_7_BLOCKS	0
APPEND_4K_1M_FREE_TREE_RESERVE_RETURN_RUNS_8_PLUS_BLOCKS	0
APPEND_4K_1M_FREE_TREE_RESERVE_RETURN_MAX_RUN_BLOCKS	0
APPEND_4K_1M_FREE_TREE_RESERVE_RETURN_MAX_NODE_WRITES_PER_RUN	0
APPEND_4K_1M_POST_PUBLISH_RECLAIM_PASSES	0
APPEND_4K_1M_MAX_POST_PUBLISH_RECLAIM_PASSES_PER_COMMIT	0
APPEND_4K_1M_SUPERBLOCK_PUBLICATIONS	0
APPEND_4K_1M_FREE_TREE_RESERVE_RETURN_RUN_NODE_WRITES	0
APPEND_4K_1M_FREE_TREE_RESERVE_RETURN_BATCH_CALLS	0
APPEND_4K_1M_FREE_TREE_RESERVE_RETURN_BATCH_BLOCKS	0
APPEND_4K_1M_FREE_TREE_RESERVE_RETURN_BATCH_NODE_WRITES	0
APPEND_4K_1M_FREE_TREE_RESERVE_RETURN_SKIP_SHAPE	0
APPEND_4K_1M_FREE_TREE_RESERVE_RETURN_SKIP_SMALL	0
APPEND_4K_1M_FREE_TREE_RESERVE_RETURN_SKIP_EMERGENCY	0
APPEND_4K_1M_FREE_TREE_RESERVE_RETURN_SKIP_CAPACITY	0
APPEND_4K_1M_SEALED_COMMITS	0
APPEND_4K_1M_SEALED_METADATA_FENCES	0
APPEND_4K_1M_BTREE_MALLOC_CALLS	0
APPEND_4K_1M_BTREE_MALLOC_SAMPLES	0
APPEND_4K_1M_BTREE_MALLOC_SAMPLE_TICKS	0
APPEND_4K_1M_BTREE_FREE_CALLS	1
APPEND_4K_1M_BTREE_FREE_SAMPLES	1
APPEND_4K_1M_BTREE_FREE_SAMPLE_TICKS	0
APPEND_4K_1M_IFACE_ALLOC_CALLS	0
APPEND_4K_1M_IFACE_ALLOC_SAMPLES	0
APPEND_4K_1M_IFACE_ALLOC_SAMPLE_TICKS	0
APPEND_4K_1M_FREESPACE_ALLOC_SAMPLES	256
APPEND_4K_1M_FREESPACE_ALLOC_SAMPLE_TICKS	12857
APPEND_4K_1M_PACKET_CALLS	258
APPEND_4K_1M_PACKET_SAMPLES	258
APPEND_4K_1M_PACKET_SAMPLE_TICKS	76081
APPEND_4K_1M_PACKET_OPEN_CALLS	1
APPEND_4K_1M_PACKET_OPEN_SAMPLES	1
APPEND_4K_1M_PACKET_OPEN_SAMPLE_TICKS	227
APPEND_4K_1M_PACKET_READ_CALLS	0
APPEND_4K_1M_PACKET_READ_SAMPLES	0
APPEND_4K_1M_PACKET_READ_SAMPLE_TICKS	0
APPEND_4K_1M_PACKET_WRITE_CALLS	256
APPEND_4K_1M_PACKET_WRITE_SAMPLES	256
APPEND_4K_1M_PACKET_WRITE_SAMPLE_TICKS	75809
APPEND_4K_1M_PACKET_END_CALLS	1
APPEND_4K_1M_PACKET_END_SAMPLES	1
APPEND_4K_1M_PACKET_END_SAMPLE_TICKS	45
APPEND_4K_1M_PACKET_DELETE_CALLS	0
APPEND_4K_1M_PACKET_DELETE_SAMPLES	0
APPEND_4K_1M_PACKET_DELETE_SAMPLE_TICKS	0
APPEND_4K_1M_PACKET_FLUSH_CALLS	0
APPEND_4K_1M_PACKET_FLUSH_SAMPLES	0
APPEND_4K_1M_PACKET_FLUSH_SAMPLE_TICKS	0
APPEND_4K_1M_PACKET_OTHER_CALLS	0
APPEND_4K_1M_PACKET_OTHER_SAMPLES	0
APPEND_4K_1M_PACKET_OTHER_SAMPLE_TICKS	0
APPEND_4K_1M_CORE_CREATE_CALLS	1
APPEND_4K_1M_CORE_CREATE_SAMPLES	1
APPEND_4K_1M_CORE_CREATE_SAMPLE_TICKS	91
APPEND_4K_1M_CORE_DELETE_CALLS	0
APPEND_4K_1M_CORE_DELETE_SAMPLES	0
APPEND_4K_1M_CORE_DELETE_SAMPLE_TICKS	0
APPEND_4K_1M_CORE_FILE_WRITE_CALLS	256
APPEND_4K_1M_CORE_FILE_WRITE_SAMPLES	256
APPEND_4K_1M_CORE_FILE_WRITE_SAMPLE_TICKS	63616
APPEND_4K_1M_CORE_SYNC_CALLS	0
APPEND_4K_1M_CORE_SYNC_SAMPLES	0
APPEND_4K_1M_CORE_SYNC_SAMPLE_TICKS	0
APPEND_4K_1M_IFACE_FREE_CALLS	0
APPEND_4K_1M_IFACE_FREE_SAMPLES	0
APPEND_4K_1M_IFACE_FREE_SAMPLE_TICKS	0
APPEND_4K_1M_SEAL_COMMIT_CALLS	0
APPEND_4K_1M_SEAL_COMMIT_SAMPLES	0
APPEND_4K_1M_SEAL_COMMIT_SAMPLE_TICKS	0
APPEND_4K_1M_INODE_READ_CALLS	515
APPEND_4K_1M_BTREE_SEARCH_CALLS	516
APPEND_4K_1M_BTREE_INDEX_HINT_HITS	258
APPEND_4K_1M_BTREE_LEAF_HINT_HITS	0
APPEND_4K_1M_CACHE_READ_CALLS	0
APPEND_4K_1M_CACHE_READ_HITS	0
APPEND_4K_1M_CACHE_READ_MISSES	0
APPEND_4K_1M_FREE_TREE_NODE_VIEWS	256
APPEND_4K_1M_FREE_TREE_RESIDENT_VIEWS	256
APPEND_4K_1M_DIR_TREE_NODE_VIEWS	1
APPEND_4K_1M_DIR_TREE_RESIDENT_VIEWS	1
APPEND_4K_1M_INODE_TREE_NODE_VIEWS	257
APPEND_4K_1M_INODE_TREE_RESIDENT_VIEWS	257
APPEND_4K_1M_REFCOUNT_TREE_NODE_VIEWS	0
APPEND_4K_1M_REFCOUNT_TREE_RESIDENT_VIEWS	0
APPEND_4K_1M_OTHER_TREE_NODE_VIEWS	0
APPEND_4K_1M_OTHER_TREE_RESIDENT_VIEWS	0
APPEND_4K_1M_DETAIL_INODE_READ_CALLS	515
APPEND_4K_1M_DETAIL_INODE_READ_SAMPLES	30
APPEND_4K_1M_DETAIL_INODE_READ_SAMPLE_TICKS	953
APPEND_4K_1M_DETAIL_INODE_VALIDATE_CALLS	772
APPEND_4K_1M_DETAIL_INODE_VALIDATE_SAMPLES	45
APPEND_4K_1M_DETAIL_INODE_VALIDATE_SAMPLE_TICKS	58
APPEND_4K_1M_DETAIL_INODE_SEARCH_CALLS	515
APPEND_4K_1M_DETAIL_INODE_SEARCH_SAMPLES	30
APPEND_4K_1M_DETAIL_INODE_SEARCH_SAMPLE_TICKS	750
APPEND_4K_1M_DETAIL_INODE_NODE_VIEW_CALLS	257
APPEND_4K_1M_DETAIL_INODE_NODE_VIEW_SAMPLES	15
APPEND_4K_1M_DETAIL_INODE_NODE_VIEW_SAMPLE_TICKS	45
APPEND_4K_1M_DETAIL_DIR_NODE_VIEW_CALLS	1
APPEND_4K_1M_DETAIL_DIR_NODE_VIEW_SAMPLES	0
APPEND_4K_1M_DETAIL_DIR_NODE_VIEW_SAMPLE_TICKS	0
APPEND_4K_1M_DETAIL_INODE_BINARY_SEARCH_CALLS	515
APPEND_4K_1M_DETAIL_INODE_BINARY_SEARCH_SAMPLES	30
APPEND_4K_1M_DETAIL_INODE_BINARY_SEARCH_SAMPLE_TICKS	66
APPEND_4K_1M_DETAIL_DIR_BINARY_SEARCH_CALLS	2
APPEND_4K_1M_DETAIL_DIR_BINARY_SEARCH_SAMPLES	0
APPEND_4K_1M_DETAIL_DIR_BINARY_SEARCH_SAMPLE_TICKS	0
APPEND_4K_1M_DETAIL_NODE_STRUCTURE_CALLS	0
APPEND_4K_1M_DETAIL_NODE_STRUCTURE_SAMPLES	0
APPEND_4K_1M_DETAIL_NODE_STRUCTURE_SAMPLE_TICKS	0
APPEND_4K_1M_DETAIL_CACHE_PEEK_CALLS	772
APPEND_4K_1M_DETAIL_CACHE_PEEK_SAMPLES	45
APPEND_4K_1M_DETAIL_CACHE_PEEK_SAMPLE_TICKS	198
APPEND_4K_1M_DETAIL_BUFFER_ALLOC_CALLS	514
APPEND_4K_1M_DETAIL_BUFFER_ALLOC_SAMPLES	30
APPEND_4K_1M_DETAIL_BUFFER_ALLOC_SAMPLE_TICKS	53
APPEND_4K_1M_DETAIL_BUFFER_FREE_CALLS	514
APPEND_4K_1M_DETAIL_BUFFER_FREE_SAMPLES	30
APPEND_4K_1M_DETAIL_BUFFER_FREE_SAMPLE_TICKS	144
APPEND_4K_1M_DETAIL_EXALL_FILL_CALLS	0
APPEND_4K_1M_DETAIL_EXALL_FILL_SAMPLES	0
APPEND_4K_1M_DETAIL_EXALL_FILL_SAMPLE_TICKS	0
APPEND_4K_1M_DEFERRED_NODE_WRITES	0
APPEND_1K_256K_US	131135
APPEND_1K_256K_BIO_READS	64
APPEND_1K_256K_BIO_WRITES	256
APPEND_1K_256K_BIO_UPDATES	0
APPEND_1K_256K_DATA_READS	64
APPEND_1K_256K_DATA_WRITES	256
APPEND_1K_256K_NODE_WRITES	0
APPEND_1K_256K_TXN_COMMITS	0
APPEND_1K_256K_FREESPACE_ALLOCS	64
APPEND_1K_256K_EXTENT_MAPS	64
APPEND_1K_256K_READ_TICKS	3676
APPEND_1K_256K_WRITE_TICKS	15454
APPEND_1K_256K_UPDATE_TICKS	0
APPEND_1K_256K_DATA_READ_TICKS	3676
APPEND_1K_256K_DATA_WRITE_TICKS	15454
APPEND_1K_256K_FREE_TREE_NODE_WRITES	0
APPEND_1K_256K_FREE_TREE_ALLOCATION_BODY_NODE_WRITES	0
APPEND_1K_256K_FREE_TREE_RESERVE_REFILL_NODE_WRITES	0
APPEND_1K_256K_FREE_TREE_RESERVE_RETURN_NODE_WRITES	0
APPEND_1K_256K_FREE_TREE_POST_PUBLISH_PENDING_RECLAIM_NODE_WRITES	0
APPEND_1K_256K_FREE_TREE_OTHER_NODE_WRITES	0
APPEND_1K_256K_DIR_TREE_NODE_WRITES	0
APPEND_1K_256K_INODE_TREE_NODE_WRITES	0
APPEND_1K_256K_REFCOUNT_TREE_NODE_WRITES	0
APPEND_1K_256K_OTHER_TREE_NODE_WRITES	0
APPEND_1K_256K_NODE_CRC_READ_CALLS	0
APPEND_1K_256K_NODE_CRC_READ_SAMPLES	0
APPEND_1K_256K_NODE_CRC_READ_SAMPLE_TICKS	0
APPEND_1K_256K_NODE_CRC_WRITE_CALLS	0
APPEND_1K_256K_NODE_CRC_WRITE_SAMPLES	0
APPEND_1K_256K_NODE_CRC_WRITE_SAMPLE_TICKS	0
APPEND_1K_256K_CLOCK_PAIR_TICKS	1
APPEND_1K_256K_FREE_TREE_RESERVE_RETURN_CALLS	0
APPEND_1K_256K_FREE_TREE_RESERVE_RETURN_RUNS	0
APPEND_1K_256K_FREE_TREE_RESERVE_RETURN_BLOCKS	0
APPEND_1K_256K_FREE_TREE_RESERVE_RETURN_RUNS_1_BLOCK	0
APPEND_1K_256K_FREE_TREE_RESERVE_RETURN_RUNS_2_3_BLOCKS	0
APPEND_1K_256K_FREE_TREE_RESERVE_RETURN_RUNS_4_7_BLOCKS	0
APPEND_1K_256K_FREE_TREE_RESERVE_RETURN_RUNS_8_PLUS_BLOCKS	0
APPEND_1K_256K_FREE_TREE_RESERVE_RETURN_MAX_RUN_BLOCKS	0
APPEND_1K_256K_FREE_TREE_RESERVE_RETURN_MAX_NODE_WRITES_PER_RUN	0
APPEND_1K_256K_POST_PUBLISH_RECLAIM_PASSES	0
APPEND_1K_256K_MAX_POST_PUBLISH_RECLAIM_PASSES_PER_COMMIT	0
APPEND_1K_256K_SUPERBLOCK_PUBLICATIONS	0
APPEND_1K_256K_FREE_TREE_RESERVE_RETURN_RUN_NODE_WRITES	0
APPEND_1K_256K_FREE_TREE_RESERVE_RETURN_BATCH_CALLS	0
APPEND_1K_256K_FREE_TREE_RESERVE_RETURN_BATCH_BLOCKS	0
APPEND_1K_256K_FREE_TREE_RESERVE_RETURN_BATCH_NODE_WRITES	0
APPEND_1K_256K_FREE_TREE_RESERVE_RETURN_SKIP_SHAPE	0
APPEND_1K_256K_FREE_TREE_RESERVE_RETURN_SKIP_SMALL	0
APPEND_1K_256K_FREE_TREE_RESERVE_RETURN_SKIP_EMERGENCY	0
APPEND_1K_256K_FREE_TREE_RESERVE_RETURN_SKIP_CAPACITY	0
APPEND_1K_256K_SEALED_COMMITS	0
APPEND_1K_256K_SEALED_METADATA_FENCES	0
APPEND_1K_256K_BTREE_MALLOC_CALLS	0
APPEND_1K_256K_BTREE_MALLOC_SAMPLES	0
APPEND_1K_256K_BTREE_MALLOC_SAMPLE_TICKS	0
APPEND_1K_256K_BTREE_FREE_CALLS	1
APPEND_1K_256K_BTREE_FREE_SAMPLES	1
APPEND_1K_256K_BTREE_FREE_SAMPLE_TICKS	0
APPEND_1K_256K_IFACE_ALLOC_CALLS	0
APPEND_1K_256K_IFACE_ALLOC_SAMPLES	0
APPEND_1K_256K_IFACE_ALLOC_SAMPLE_TICKS	0
APPEND_1K_256K_FREESPACE_ALLOC_SAMPLES	64
APPEND_1K_256K_FREESPACE_ALLOC_SAMPLE_TICKS	4286
APPEND_1K_256K_PACKET_CALLS	258
APPEND_1K_256K_PACKET_SAMPLES	258
APPEND_1K_256K_PACKET_SAMPLE_TICKS	85898
APPEND_1K_256K_PACKET_OPEN_CALLS	1
APPEND_1K_256K_PACKET_OPEN_SAMPLES	1
APPEND_1K_256K_PACKET_OPEN_SAMPLE_TICKS	364
APPEND_1K_256K_PACKET_READ_CALLS	0
APPEND_1K_256K_PACKET_READ_SAMPLES	0
APPEND_1K_256K_PACKET_READ_SAMPLE_TICKS	0
APPEND_1K_256K_PACKET_WRITE_CALLS	256
APPEND_1K_256K_PACKET_WRITE_SAMPLES	256
APPEND_1K_256K_PACKET_WRITE_SAMPLE_TICKS	85534
APPEND_1K_256K_PACKET_END_CALLS	1
APPEND_1K_256K_PACKET_END_SAMPLES	1
APPEND_1K_256K_PACKET_END_SAMPLE_TICKS	0
APPEND_1K_256K_PACKET_DELETE_CALLS	0
APPEND_1K_256K_PACKET_DELETE_SAMPLES	0
APPEND_1K_256K_PACKET_DELETE_SAMPLE_TICKS	0
APPEND_1K_256K_PACKET_FLUSH_CALLS	0
APPEND_1K_256K_PACKET_FLUSH_SAMPLES	0
APPEND_1K_256K_PACKET_FLUSH_SAMPLE_TICKS	0
APPEND_1K_256K_PACKET_OTHER_CALLS	0
APPEND_1K_256K_PACKET_OTHER_SAMPLES	0
APPEND_1K_256K_PACKET_OTHER_SAMPLE_TICKS	0
APPEND_1K_256K_CORE_CREATE_CALLS	1
APPEND_1K_256K_CORE_CREATE_SAMPLES	1
APPEND_1K_256K_CORE_CREATE_SAMPLE_TICKS	182
APPEND_1K_256K_CORE_DELETE_CALLS	0
APPEND_1K_256K_CORE_DELETE_SAMPLES	0
APPEND_1K_256K_CORE_DELETE_SAMPLE_TICKS	0
APPEND_1K_256K_CORE_FILE_WRITE_CALLS	256
APPEND_1K_256K_CORE_FILE_WRITE_SAMPLES	256
APPEND_1K_256K_CORE_FILE_WRITE_SAMPLE_TICKS	69912
APPEND_1K_256K_CORE_SYNC_CALLS	0
APPEND_1K_256K_CORE_SYNC_SAMPLES	0
APPEND_1K_256K_CORE_SYNC_SAMPLE_TICKS	0
APPEND_1K_256K_IFACE_FREE_CALLS	0
APPEND_1K_256K_IFACE_FREE_SAMPLES	0
APPEND_1K_256K_IFACE_FREE_SAMPLE_TICKS	0
APPEND_1K_256K_SEAL_COMMIT_CALLS	0
APPEND_1K_256K_SEAL_COMMIT_SAMPLES	0
APPEND_1K_256K_SEAL_COMMIT_SAMPLE_TICKS	0
APPEND_1K_256K_INODE_READ_CALLS	515
APPEND_1K_256K_BTREE_SEARCH_CALLS	516
APPEND_1K_256K_BTREE_INDEX_HINT_HITS	258
APPEND_1K_256K_BTREE_LEAF_HINT_HITS	0
APPEND_1K_256K_CACHE_READ_CALLS	192
APPEND_1K_256K_CACHE_READ_HITS	128
APPEND_1K_256K_CACHE_READ_MISSES	64
APPEND_1K_256K_FREE_TREE_NODE_VIEWS	64
APPEND_1K_256K_FREE_TREE_RESIDENT_VIEWS	64
APPEND_1K_256K_DIR_TREE_NODE_VIEWS	1
APPEND_1K_256K_DIR_TREE_RESIDENT_VIEWS	1
APPEND_1K_256K_INODE_TREE_NODE_VIEWS	257
APPEND_1K_256K_INODE_TREE_RESIDENT_VIEWS	257
APPEND_1K_256K_REFCOUNT_TREE_NODE_VIEWS	0
APPEND_1K_256K_REFCOUNT_TREE_RESIDENT_VIEWS	0
APPEND_1K_256K_OTHER_TREE_NODE_VIEWS	0
APPEND_1K_256K_OTHER_TREE_RESIDENT_VIEWS	0
APPEND_1K_256K_DETAIL_INODE_READ_CALLS	515
APPEND_1K_256K_DETAIL_INODE_READ_SAMPLES	30
APPEND_1K_256K_DETAIL_INODE_READ_SAMPLE_TICKS	1250
APPEND_1K_256K_DETAIL_INODE_VALIDATE_CALLS	772
APPEND_1K_256K_DETAIL_INODE_VALIDATE_SAMPLES	45
APPEND_1K_256K_DETAIL_INODE_VALIDATE_SAMPLE_TICKS	258
APPEND_1K_256K_DETAIL_INODE_SEARCH_CALLS	515
APPEND_1K_256K_DETAIL_INODE_SEARCH_SAMPLES	30
APPEND_1K_256K_DETAIL_INODE_SEARCH_SAMPLE_TICKS	889
APPEND_1K_256K_DETAIL_INODE_NODE_VIEW_CALLS	257
APPEND_1K_256K_DETAIL_INODE_NODE_VIEW_SAMPLES	15
APPEND_1K_256K_DETAIL_INODE_NODE_VIEW_SAMPLE_TICKS	98
APPEND_1K_256K_DETAIL_DIR_NODE_VIEW_CALLS	1
APPEND_1K_256K_DETAIL_DIR_NODE_VIEW_SAMPLES	0
APPEND_1K_256K_DETAIL_DIR_NODE_VIEW_SAMPLE_TICKS	0
APPEND_1K_256K_DETAIL_INODE_BINARY_SEARCH_CALLS	515
APPEND_1K_256K_DETAIL_INODE_BINARY_SEARCH_SAMPLES	30
APPEND_1K_256K_DETAIL_INODE_BINARY_SEARCH_SAMPLE_TICKS	102
APPEND_1K_256K_DETAIL_DIR_BINARY_SEARCH_CALLS	2
APPEND_1K_256K_DETAIL_DIR_BINARY_SEARCH_SAMPLES	0
APPEND_1K_256K_DETAIL_DIR_BINARY_SEARCH_SAMPLE_TICKS	0
APPEND_1K_256K_DETAIL_NODE_STRUCTURE_CALLS	0
APPEND_1K_256K_DETAIL_NODE_STRUCTURE_SAMPLES	0
APPEND_1K_256K_DETAIL_NODE_STRUCTURE_SAMPLE_TICKS	0
APPEND_1K_256K_DETAIL_CACHE_PEEK_CALLS	580
APPEND_1K_256K_DETAIL_CACHE_PEEK_SAMPLES	34
APPEND_1K_256K_DETAIL_CACHE_PEEK_SAMPLE_TICKS	128
APPEND_1K_256K_DETAIL_BUFFER_ALLOC_CALLS	322
APPEND_1K_256K_DETAIL_BUFFER_ALLOC_SAMPLES	18
APPEND_1K_256K_DETAIL_BUFFER_ALLOC_SAMPLE_TICKS	90
APPEND_1K_256K_DETAIL_BUFFER_FREE_CALLS	322
APPEND_1K_256K_DETAIL_BUFFER_FREE_SAMPLES	18
APPEND_1K_256K_DETAIL_BUFFER_FREE_SAMPLE_TICKS	91
APPEND_1K_256K_DETAIL_EXALL_FILL_CALLS	0
APPEND_1K_256K_DETAIL_EXALL_FILL_SAMPLES	0
APPEND_1K_256K_DETAIL_EXALL_FILL_SAMPLE_TICKS	0
APPEND_1K_256K_DEFERRED_NODE_WRITES	0
APPEND_READ_1280K_US	44158
APPEND_READ_1280K_BIO_READS	50
APPEND_READ_1280K_BIO_WRITES	0
APPEND_READ_1280K_BIO_UPDATES	0
APPEND_READ_1280K_DATA_READS	50
APPEND_READ_1280K_DATA_WRITES	0
APPEND_READ_1280K_NODE_WRITES	0
APPEND_READ_1280K_TXN_COMMITS	0
APPEND_READ_1280K_FREESPACE_ALLOCS	0
APPEND_READ_1280K_EXTENT_MAPS	0
APPEND_READ_1280K_READ_TICKS	2358
APPEND_READ_1280K_WRITE_TICKS	0
APPEND_READ_1280K_UPDATE_TICKS	0
APPEND_READ_1280K_DATA_READ_TICKS	2358
APPEND_READ_1280K_DATA_WRITE_TICKS	0
APPEND_READ_1280K_FREE_TREE_NODE_WRITES	0
APPEND_READ_1280K_FREE_TREE_ALLOCATION_BODY_NODE_WRITES	0
APPEND_READ_1280K_FREE_TREE_RESERVE_REFILL_NODE_WRITES	0
APPEND_READ_1280K_FREE_TREE_RESERVE_RETURN_NODE_WRITES	0
APPEND_READ_1280K_FREE_TREE_POST_PUBLISH_PENDING_RECLAIM_NODE_WRITES	0
APPEND_READ_1280K_FREE_TREE_OTHER_NODE_WRITES	0
APPEND_READ_1280K_DIR_TREE_NODE_WRITES	0
APPEND_READ_1280K_INODE_TREE_NODE_WRITES	0
APPEND_READ_1280K_REFCOUNT_TREE_NODE_WRITES	0
APPEND_READ_1280K_OTHER_TREE_NODE_WRITES	0
APPEND_READ_1280K_NODE_CRC_READ_CALLS	0
APPEND_READ_1280K_NODE_CRC_READ_SAMPLES	0
APPEND_READ_1280K_NODE_CRC_READ_SAMPLE_TICKS	0
APPEND_READ_1280K_NODE_CRC_WRITE_CALLS	0
APPEND_READ_1280K_NODE_CRC_WRITE_SAMPLES	0
APPEND_READ_1280K_NODE_CRC_WRITE_SAMPLE_TICKS	0
APPEND_READ_1280K_CLOCK_PAIR_TICKS	0
APPEND_READ_1280K_FREE_TREE_RESERVE_RETURN_CALLS	0
APPEND_READ_1280K_FREE_TREE_RESERVE_RETURN_RUNS	0
APPEND_READ_1280K_FREE_TREE_RESERVE_RETURN_BLOCKS	0
APPEND_READ_1280K_FREE_TREE_RESERVE_RETURN_RUNS_1_BLOCK	0
APPEND_READ_1280K_FREE_TREE_RESERVE_RETURN_RUNS_2_3_BLOCKS	0
APPEND_READ_1280K_FREE_TREE_RESERVE_RETURN_RUNS_4_7_BLOCKS	0
APPEND_READ_1280K_FREE_TREE_RESERVE_RETURN_RUNS_8_PLUS_BLOCKS	0
APPEND_READ_1280K_FREE_TREE_RESERVE_RETURN_MAX_RUN_BLOCKS	0
APPEND_READ_1280K_FREE_TREE_RESERVE_RETURN_MAX_NODE_WRITES_PER_RUN	0
APPEND_READ_1280K_POST_PUBLISH_RECLAIM_PASSES	0
APPEND_READ_1280K_MAX_POST_PUBLISH_RECLAIM_PASSES_PER_COMMIT	0
APPEND_READ_1280K_SUPERBLOCK_PUBLICATIONS	0
APPEND_READ_1280K_FREE_TREE_RESERVE_RETURN_RUN_NODE_WRITES	0
APPEND_READ_1280K_FREE_TREE_RESERVE_RETURN_BATCH_CALLS	0
APPEND_READ_1280K_FREE_TREE_RESERVE_RETURN_BATCH_BLOCKS	0
APPEND_READ_1280K_FREE_TREE_RESERVE_RETURN_BATCH_NODE_WRITES	0
APPEND_READ_1280K_FREE_TREE_RESERVE_RETURN_SKIP_SHAPE	0
APPEND_READ_1280K_FREE_TREE_RESERVE_RETURN_SKIP_SMALL	0
APPEND_READ_1280K_FREE_TREE_RESERVE_RETURN_SKIP_EMERGENCY	0
APPEND_READ_1280K_FREE_TREE_RESERVE_RETURN_SKIP_CAPACITY	0
APPEND_READ_1280K_SEALED_COMMITS	0
APPEND_READ_1280K_SEALED_METADATA_FENCES	0
APPEND_READ_1280K_BTREE_MALLOC_CALLS	0
APPEND_READ_1280K_BTREE_MALLOC_SAMPLES	0
APPEND_READ_1280K_BTREE_MALLOC_SAMPLE_TICKS	0
APPEND_READ_1280K_BTREE_FREE_CALLS	0
APPEND_READ_1280K_BTREE_FREE_SAMPLES	0
APPEND_READ_1280K_BTREE_FREE_SAMPLE_TICKS	0
APPEND_READ_1280K_IFACE_ALLOC_CALLS	0
APPEND_READ_1280K_IFACE_ALLOC_SAMPLES	0
APPEND_READ_1280K_IFACE_ALLOC_SAMPLE_TICKS	0
APPEND_READ_1280K_FREESPACE_ALLOC_SAMPLES	0
APPEND_READ_1280K_FREESPACE_ALLOC_SAMPLE_TICKS	0
APPEND_READ_1280K_PACKET_CALLS	26
APPEND_READ_1280K_PACKET_SAMPLES	26
APPEND_READ_1280K_PACKET_SAMPLE_TICKS	4540
APPEND_READ_1280K_PACKET_OPEN_CALLS	2
APPEND_READ_1280K_PACKET_OPEN_SAMPLES	2
APPEND_READ_1280K_PACKET_OPEN_SAMPLE_TICKS	180
APPEND_READ_1280K_PACKET_READ_CALLS	22
APPEND_READ_1280K_PACKET_READ_SAMPLES	22
APPEND_READ_1280K_PACKET_READ_SAMPLE_TICKS	4359
APPEND_READ_1280K_PACKET_WRITE_CALLS	0
APPEND_READ_1280K_PACKET_WRITE_SAMPLES	0
APPEND_READ_1280K_PACKET_WRITE_SAMPLE_TICKS	0
APPEND_READ_1280K_PACKET_END_CALLS	2
APPEND_READ_1280K_PACKET_END_SAMPLES	2
APPEND_READ_1280K_PACKET_END_SAMPLE_TICKS	1
APPEND_READ_1280K_PACKET_DELETE_CALLS	0
APPEND_READ_1280K_PACKET_DELETE_SAMPLES	0
APPEND_READ_1280K_PACKET_DELETE_SAMPLE_TICKS	0
APPEND_READ_1280K_PACKET_FLUSH_CALLS	0
APPEND_READ_1280K_PACKET_FLUSH_SAMPLES	0
APPEND_READ_1280K_PACKET_FLUSH_SAMPLE_TICKS	0
APPEND_READ_1280K_PACKET_OTHER_CALLS	0
APPEND_READ_1280K_PACKET_OTHER_SAMPLES	0
APPEND_READ_1280K_PACKET_OTHER_SAMPLE_TICKS	0
APPEND_READ_1280K_CORE_CREATE_CALLS	0
APPEND_READ_1280K_CORE_CREATE_SAMPLES	0
APPEND_READ_1280K_CORE_CREATE_SAMPLE_TICKS	0
APPEND_READ_1280K_CORE_DELETE_CALLS	0
APPEND_READ_1280K_CORE_DELETE_SAMPLES	0
APPEND_READ_1280K_CORE_DELETE_SAMPLE_TICKS	0
APPEND_READ_1280K_CORE_FILE_WRITE_CALLS	0
APPEND_READ_1280K_CORE_FILE_WRITE_SAMPLES	0
APPEND_READ_1280K_CORE_FILE_WRITE_SAMPLE_TICKS	0
APPEND_READ_1280K_CORE_SYNC_CALLS	0
APPEND_READ_1280K_CORE_SYNC_SAMPLES	0
APPEND_READ_1280K_CORE_SYNC_SAMPLE_TICKS	0
APPEND_READ_1280K_IFACE_FREE_CALLS	0
APPEND_READ_1280K_IFACE_FREE_SAMPLES	0
APPEND_READ_1280K_IFACE_FREE_SAMPLE_TICKS	0
APPEND_READ_1280K_SEAL_COMMIT_CALLS	0
APPEND_READ_1280K_SEAL_COMMIT_SAMPLES	0
APPEND_READ_1280K_SEAL_COMMIT_SAMPLE_TICKS	0
APPEND_READ_1280K_INODE_READ_CALLS	48
APPEND_READ_1280K_BTREE_SEARCH_CALLS	50
APPEND_READ_1280K_BTREE_INDEX_HINT_HITS	46
APPEND_READ_1280K_BTREE_LEAF_HINT_HITS	2
APPEND_READ_1280K_CACHE_READ_CALLS	32
APPEND_READ_1280K_CACHE_READ_HITS	0
APPEND_READ_1280K_CACHE_READ_MISSES	32
APPEND_READ_1280K_FREE_TREE_NODE_VIEWS	0
APPEND_READ_1280K_FREE_TREE_RESIDENT_VIEWS	0
APPEND_READ_1280K_DIR_TREE_NODE_VIEWS	1
APPEND_READ_1280K_DIR_TREE_RESIDENT_VIEWS	1
APPEND_READ_1280K_INODE_TREE_NODE_VIEWS	1
APPEND_READ_1280K_INODE_TREE_RESIDENT_VIEWS	1
APPEND_READ_1280K_REFCOUNT_TREE_NODE_VIEWS	0
APPEND_READ_1280K_REFCOUNT_TREE_RESIDENT_VIEWS	0
APPEND_READ_1280K_OTHER_TREE_NODE_VIEWS	0
APPEND_READ_1280K_OTHER_TREE_RESIDENT_VIEWS	0
APPEND_READ_1280K_DETAIL_INODE_READ_CALLS	48
APPEND_READ_1280K_DETAIL_INODE_READ_SAMPLES	2
APPEND_READ_1280K_DETAIL_INODE_READ_SAMPLE_TICKS	46
APPEND_READ_1280K_DETAIL_INODE_VALIDATE_CALLS	48
APPEND_READ_1280K_DETAIL_INODE_VALIDATE_SAMPLES	2
APPEND_READ_1280K_DETAIL_INODE_VALIDATE_SAMPLE_TICKS	0
APPEND_READ_1280K_DETAIL_INODE_SEARCH_CALLS	48
APPEND_READ_1280K_DETAIL_INODE_SEARCH_SAMPLES	2
APPEND_READ_1280K_DETAIL_INODE_SEARCH_SAMPLE_TICKS	9
APPEND_READ_1280K_DETAIL_INODE_NODE_VIEW_CALLS	1
APPEND_READ_1280K_DETAIL_INODE_NODE_VIEW_SAMPLES	0
APPEND_READ_1280K_DETAIL_INODE_NODE_VIEW_SAMPLE_TICKS	0
APPEND_READ_1280K_DETAIL_DIR_NODE_VIEW_CALLS	1
APPEND_READ_1280K_DETAIL_DIR_NODE_VIEW_SAMPLES	0
APPEND_READ_1280K_DETAIL_DIR_NODE_VIEW_SAMPLE_TICKS	0
APPEND_READ_1280K_DETAIL_INODE_BINARY_SEARCH_CALLS	2
APPEND_READ_1280K_DETAIL_INODE_BINARY_SEARCH_SAMPLES	0
APPEND_READ_1280K_DETAIL_INODE_BINARY_SEARCH_SAMPLE_TICKS	0
APPEND_READ_1280K_DETAIL_DIR_BINARY_SEARCH_CALLS	2
APPEND_READ_1280K_DETAIL_DIR_BINARY_SEARCH_SAMPLES	0
APPEND_READ_1280K_DETAIL_DIR_BINARY_SEARCH_SAMPLE_TICKS	0
APPEND_READ_1280K_DETAIL_NODE_STRUCTURE_CALLS	0
APPEND_READ_1280K_DETAIL_NODE_STRUCTURE_SAMPLES	0
APPEND_READ_1280K_DETAIL_NODE_STRUCTURE_SAMPLE_TICKS	0
APPEND_READ_1280K_DETAIL_CACHE_PEEK_CALLS	50
APPEND_READ_1280K_DETAIL_CACHE_PEEK_SAMPLES	2
APPEND_READ_1280K_DETAIL_CACHE_PEEK_SAMPLE_TICKS	15
APPEND_READ_1280K_DETAIL_BUFFER_ALLOC_CALLS	2
APPEND_READ_1280K_DETAIL_BUFFER_ALLOC_SAMPLES	0
APPEND_READ_1280K_DETAIL_BUFFER_ALLOC_SAMPLE_TICKS	0
APPEND_READ_1280K_DETAIL_BUFFER_FREE_CALLS	2
APPEND_READ_1280K_DETAIL_BUFFER_FREE_SAMPLES	0
APPEND_READ_1280K_DETAIL_BUFFER_FREE_SAMPLE_TICKS	0
APPEND_READ_1280K_DETAIL_EXALL_FILL_CALLS	0
APPEND_READ_1280K_DETAIL_EXALL_FILL_SAMPLES	0
APPEND_READ_1280K_DETAIL_EXALL_FILL_SAMPLE_TICKS	0
APPEND_READ_1280K_DEFERRED_NODE_WRITES	0
LIST_EXNEXT_40_ENTRIES_FIRST_PASS_US	8576
LIST_EXNEXT_40_ENTRIES_FIRST_PASS_BIO_READS	7
LIST_EXNEXT_40_ENTRIES_FIRST_PASS_BIO_WRITES	0
LIST_EXNEXT_40_ENTRIES_FIRST_PASS_BIO_UPDATES	0
LIST_EXNEXT_40_ENTRIES_FIRST_PASS_DATA_READS	0
LIST_EXNEXT_40_ENTRIES_FIRST_PASS_DATA_WRITES	0
LIST_EXNEXT_40_ENTRIES_FIRST_PASS_NODE_WRITES	0
LIST_EXNEXT_40_ENTRIES_FIRST_PASS_TXN_COMMITS	0
LIST_EXNEXT_40_ENTRIES_FIRST_PASS_FREESPACE_ALLOCS	0
LIST_EXNEXT_40_ENTRIES_FIRST_PASS_EXTENT_MAPS	0
LIST_EXNEXT_40_ENTRIES_FIRST_PASS_READ_TICKS	629
LIST_EXNEXT_40_ENTRIES_FIRST_PASS_WRITE_TICKS	0
LIST_EXNEXT_40_ENTRIES_FIRST_PASS_UPDATE_TICKS	0
LIST_EXNEXT_40_ENTRIES_FIRST_PASS_DATA_READ_TICKS	0
LIST_EXNEXT_40_ENTRIES_FIRST_PASS_DATA_WRITE_TICKS	0
LIST_EXNEXT_40_ENTRIES_FIRST_PASS_FREE_TREE_NODE_WRITES	0
LIST_EXNEXT_40_ENTRIES_FIRST_PASS_FREE_TREE_ALLOCATION_BODY_NODE_WRITES	0
LIST_EXNEXT_40_ENTRIES_FIRST_PASS_FREE_TREE_RESERVE_REFILL_NODE_WRITES	0
LIST_EXNEXT_40_ENTRIES_FIRST_PASS_FREE_TREE_RESERVE_RETURN_NODE_WRITES	0
LIST_EXNEXT_40_ENTRIES_FIRST_PASS_FREE_TREE_POST_PUBLISH_PENDING_RECLAIM_NODE_WRITES	0
LIST_EXNEXT_40_ENTRIES_FIRST_PASS_FREE_TREE_OTHER_NODE_WRITES	0
LIST_EXNEXT_40_ENTRIES_FIRST_PASS_DIR_TREE_NODE_WRITES	0
LIST_EXNEXT_40_ENTRIES_FIRST_PASS_INODE_TREE_NODE_WRITES	0
LIST_EXNEXT_40_ENTRIES_FIRST_PASS_REFCOUNT_TREE_NODE_WRITES	0
LIST_EXNEXT_40_ENTRIES_FIRST_PASS_OTHER_TREE_NODE_WRITES	0
LIST_EXNEXT_40_ENTRIES_FIRST_PASS_NODE_CRC_READ_CALLS	7
LIST_EXNEXT_40_ENTRIES_FIRST_PASS_NODE_CRC_READ_SAMPLES	0
LIST_EXNEXT_40_ENTRIES_FIRST_PASS_NODE_CRC_READ_SAMPLE_TICKS	0
LIST_EXNEXT_40_ENTRIES_FIRST_PASS_NODE_CRC_WRITE_CALLS	0
LIST_EXNEXT_40_ENTRIES_FIRST_PASS_NODE_CRC_WRITE_SAMPLES	0
LIST_EXNEXT_40_ENTRIES_FIRST_PASS_NODE_CRC_WRITE_SAMPLE_TICKS	0
LIST_EXNEXT_40_ENTRIES_FIRST_PASS_CLOCK_PAIR_TICKS	1
LIST_EXNEXT_40_ENTRIES_FIRST_PASS_FREE_TREE_RESERVE_RETURN_CALLS	0
LIST_EXNEXT_40_ENTRIES_FIRST_PASS_FREE_TREE_RESERVE_RETURN_RUNS	0
LIST_EXNEXT_40_ENTRIES_FIRST_PASS_FREE_TREE_RESERVE_RETURN_BLOCKS	0
LIST_EXNEXT_40_ENTRIES_FIRST_PASS_FREE_TREE_RESERVE_RETURN_RUNS_1_BLOCK	0
LIST_EXNEXT_40_ENTRIES_FIRST_PASS_FREE_TREE_RESERVE_RETURN_RUNS_2_3_BLOCKS	0
LIST_EXNEXT_40_ENTRIES_FIRST_PASS_FREE_TREE_RESERVE_RETURN_RUNS_4_7_BLOCKS	0
LIST_EXNEXT_40_ENTRIES_FIRST_PASS_FREE_TREE_RESERVE_RETURN_RUNS_8_PLUS_BLOCKS	0
LIST_EXNEXT_40_ENTRIES_FIRST_PASS_FREE_TREE_RESERVE_RETURN_MAX_RUN_BLOCKS	0
LIST_EXNEXT_40_ENTRIES_FIRST_PASS_FREE_TREE_RESERVE_RETURN_MAX_NODE_WRITES_PER_RUN	0
LIST_EXNEXT_40_ENTRIES_FIRST_PASS_POST_PUBLISH_RECLAIM_PASSES	0
LIST_EXNEXT_40_ENTRIES_FIRST_PASS_MAX_POST_PUBLISH_RECLAIM_PASSES_PER_COMMIT	0
LIST_EXNEXT_40_ENTRIES_FIRST_PASS_SUPERBLOCK_PUBLICATIONS	0
LIST_EXNEXT_40_ENTRIES_FIRST_PASS_FREE_TREE_RESERVE_RETURN_RUN_NODE_WRITES	0
LIST_EXNEXT_40_ENTRIES_FIRST_PASS_FREE_TREE_RESERVE_RETURN_BATCH_CALLS	0
LIST_EXNEXT_40_ENTRIES_FIRST_PASS_FREE_TREE_RESERVE_RETURN_BATCH_BLOCKS	0
LIST_EXNEXT_40_ENTRIES_FIRST_PASS_FREE_TREE_RESERVE_RETURN_BATCH_NODE_WRITES	0
LIST_EXNEXT_40_ENTRIES_FIRST_PASS_FREE_TREE_RESERVE_RETURN_SKIP_SHAPE	0
LIST_EXNEXT_40_ENTRIES_FIRST_PASS_FREE_TREE_RESERVE_RETURN_SKIP_SMALL	0
LIST_EXNEXT_40_ENTRIES_FIRST_PASS_FREE_TREE_RESERVE_RETURN_SKIP_EMERGENCY	0
LIST_EXNEXT_40_ENTRIES_FIRST_PASS_FREE_TREE_RESERVE_RETURN_SKIP_CAPACITY	0
LIST_EXNEXT_40_ENTRIES_FIRST_PASS_SEALED_COMMITS	0
LIST_EXNEXT_40_ENTRIES_FIRST_PASS_SEALED_METADATA_FENCES	0
LIST_EXNEXT_40_ENTRIES_FIRST_PASS_BTREE_MALLOC_CALLS	5
LIST_EXNEXT_40_ENTRIES_FIRST_PASS_BTREE_MALLOC_SAMPLES	5
LIST_EXNEXT_40_ENTRIES_FIRST_PASS_BTREE_MALLOC_SAMPLE_TICKS	0
LIST_EXNEXT_40_ENTRIES_FIRST_PASS_BTREE_FREE_CALLS	43
LIST_EXNEXT_40_ENTRIES_FIRST_PASS_BTREE_FREE_SAMPLES	43
LIST_EXNEXT_40_ENTRIES_FIRST_PASS_BTREE_FREE_SAMPLE_TICKS	134
LIST_EXNEXT_40_ENTRIES_FIRST_PASS_IFACE_ALLOC_CALLS	0
LIST_EXNEXT_40_ENTRIES_FIRST_PASS_IFACE_ALLOC_SAMPLES	0
LIST_EXNEXT_40_ENTRIES_FIRST_PASS_IFACE_ALLOC_SAMPLE_TICKS	0
LIST_EXNEXT_40_ENTRIES_FIRST_PASS_FREESPACE_ALLOC_SAMPLES	0
LIST_EXNEXT_40_ENTRIES_FIRST_PASS_FREESPACE_ALLOC_SAMPLE_TICKS	0
LIST_EXNEXT_40_ENTRIES_FIRST_PASS_PACKET_CALLS	44
LIST_EXNEXT_40_ENTRIES_FIRST_PASS_PACKET_SAMPLES	44
LIST_EXNEXT_40_ENTRIES_FIRST_PASS_PACKET_SAMPLE_TICKS	5164
LIST_EXNEXT_40_ENTRIES_FIRST_PASS_PACKET_OPEN_CALLS	0
LIST_EXNEXT_40_ENTRIES_FIRST_PASS_PACKET_OPEN_SAMPLES	0
LIST_EXNEXT_40_ENTRIES_FIRST_PASS_PACKET_OPEN_SAMPLE_TICKS	0
LIST_EXNEXT_40_ENTRIES_FIRST_PASS_PACKET_READ_CALLS	0
LIST_EXNEXT_40_ENTRIES_FIRST_PASS_PACKET_READ_SAMPLES	0
LIST_EXNEXT_40_ENTRIES_FIRST_PASS_PACKET_READ_SAMPLE_TICKS	0
LIST_EXNEXT_40_ENTRIES_FIRST_PASS_PACKET_WRITE_CALLS	0
LIST_EXNEXT_40_ENTRIES_FIRST_PASS_PACKET_WRITE_SAMPLES	0
LIST_EXNEXT_40_ENTRIES_FIRST_PASS_PACKET_WRITE_SAMPLE_TICKS	0
LIST_EXNEXT_40_ENTRIES_FIRST_PASS_PACKET_END_CALLS	0
LIST_EXNEXT_40_ENTRIES_FIRST_PASS_PACKET_END_SAMPLES	0
LIST_EXNEXT_40_ENTRIES_FIRST_PASS_PACKET_END_SAMPLE_TICKS	0
LIST_EXNEXT_40_ENTRIES_FIRST_PASS_PACKET_DELETE_CALLS	0
LIST_EXNEXT_40_ENTRIES_FIRST_PASS_PACKET_DELETE_SAMPLES	0
LIST_EXNEXT_40_ENTRIES_FIRST_PASS_PACKET_DELETE_SAMPLE_TICKS	0
LIST_EXNEXT_40_ENTRIES_FIRST_PASS_PACKET_FLUSH_CALLS	0
LIST_EXNEXT_40_ENTRIES_FIRST_PASS_PACKET_FLUSH_SAMPLES	0
LIST_EXNEXT_40_ENTRIES_FIRST_PASS_PACKET_FLUSH_SAMPLE_TICKS	0
LIST_EXNEXT_40_ENTRIES_FIRST_PASS_PACKET_OTHER_CALLS	44
LIST_EXNEXT_40_ENTRIES_FIRST_PASS_PACKET_OTHER_SAMPLES	44
LIST_EXNEXT_40_ENTRIES_FIRST_PASS_PACKET_OTHER_SAMPLE_TICKS	5164
LIST_EXNEXT_40_ENTRIES_FIRST_PASS_CORE_CREATE_CALLS	0
LIST_EXNEXT_40_ENTRIES_FIRST_PASS_CORE_CREATE_SAMPLES	0
LIST_EXNEXT_40_ENTRIES_FIRST_PASS_CORE_CREATE_SAMPLE_TICKS	0
LIST_EXNEXT_40_ENTRIES_FIRST_PASS_CORE_DELETE_CALLS	0
LIST_EXNEXT_40_ENTRIES_FIRST_PASS_CORE_DELETE_SAMPLES	0
LIST_EXNEXT_40_ENTRIES_FIRST_PASS_CORE_DELETE_SAMPLE_TICKS	0
LIST_EXNEXT_40_ENTRIES_FIRST_PASS_CORE_FILE_WRITE_CALLS	0
LIST_EXNEXT_40_ENTRIES_FIRST_PASS_CORE_FILE_WRITE_SAMPLES	0
LIST_EXNEXT_40_ENTRIES_FIRST_PASS_CORE_FILE_WRITE_SAMPLE_TICKS	0
LIST_EXNEXT_40_ENTRIES_FIRST_PASS_CORE_SYNC_CALLS	0
LIST_EXNEXT_40_ENTRIES_FIRST_PASS_CORE_SYNC_SAMPLES	0
LIST_EXNEXT_40_ENTRIES_FIRST_PASS_CORE_SYNC_SAMPLE_TICKS	0
LIST_EXNEXT_40_ENTRIES_FIRST_PASS_IFACE_FREE_CALLS	0
LIST_EXNEXT_40_ENTRIES_FIRST_PASS_IFACE_FREE_SAMPLES	0
LIST_EXNEXT_40_ENTRIES_FIRST_PASS_IFACE_FREE_SAMPLE_TICKS	0
LIST_EXNEXT_40_ENTRIES_FIRST_PASS_SEAL_COMMIT_CALLS	0
LIST_EXNEXT_40_ENTRIES_FIRST_PASS_SEAL_COMMIT_SAMPLES	0
LIST_EXNEXT_40_ENTRIES_FIRST_PASS_SEAL_COMMIT_SAMPLE_TICKS	0
LIST_EXNEXT_40_ENTRIES_FIRST_PASS_INODE_READ_CALLS	41
LIST_EXNEXT_40_ENTRIES_FIRST_PASS_BTREE_SEARCH_CALLS	42
LIST_EXNEXT_40_ENTRIES_FIRST_PASS_BTREE_INDEX_HINT_HITS	0
LIST_EXNEXT_40_ENTRIES_FIRST_PASS_BTREE_LEAF_HINT_HITS	30
LIST_EXNEXT_40_ENTRIES_FIRST_PASS_CACHE_READ_CALLS	9
LIST_EXNEXT_40_ENTRIES_FIRST_PASS_CACHE_READ_HITS	2
LIST_EXNEXT_40_ENTRIES_FIRST_PASS_CACHE_READ_MISSES	7
LIST_EXNEXT_40_ENTRIES_FIRST_PASS_FREE_TREE_NODE_VIEWS	0
LIST_EXNEXT_40_ENTRIES_FIRST_PASS_FREE_TREE_RESIDENT_VIEWS	0
LIST_EXNEXT_40_ENTRIES_FIRST_PASS_DIR_TREE_NODE_VIEWS	36
LIST_EXNEXT_40_ENTRIES_FIRST_PASS_DIR_TREE_RESIDENT_VIEWS	30
LIST_EXNEXT_40_ENTRIES_FIRST_PASS_INODE_TREE_NODE_VIEWS	22
LIST_EXNEXT_40_ENTRIES_FIRST_PASS_INODE_TREE_RESIDENT_VIEWS	19
LIST_EXNEXT_40_ENTRIES_FIRST_PASS_REFCOUNT_TREE_NODE_VIEWS	0
LIST_EXNEXT_40_ENTRIES_FIRST_PASS_REFCOUNT_TREE_RESIDENT_VIEWS	0
LIST_EXNEXT_40_ENTRIES_FIRST_PASS_OTHER_TREE_NODE_VIEWS	0
LIST_EXNEXT_40_ENTRIES_FIRST_PASS_OTHER_TREE_RESIDENT_VIEWS	0
LIST_EXNEXT_40_ENTRIES_FIRST_PASS_DETAIL_INODE_READ_CALLS	41
LIST_EXNEXT_40_ENTRIES_FIRST_PASS_DETAIL_INODE_READ_SAMPLES	2
LIST_EXNEXT_40_ENTRIES_FIRST_PASS_DETAIL_INODE_READ_SAMPLE_TICKS	45
LIST_EXNEXT_40_ENTRIES_FIRST_PASS_DETAIL_INODE_VALIDATE_CALLS	41
LIST_EXNEXT_40_ENTRIES_FIRST_PASS_DETAIL_INODE_VALIDATE_SAMPLES	2
LIST_EXNEXT_40_ENTRIES_FIRST_PASS_DETAIL_INODE_VALIDATE_SAMPLE_TICKS	0
LIST_EXNEXT_40_ENTRIES_FIRST_PASS_DETAIL_INODE_SEARCH_CALLS	41
LIST_EXNEXT_40_ENTRIES_FIRST_PASS_DETAIL_INODE_SEARCH_SAMPLES	2
LIST_EXNEXT_40_ENTRIES_FIRST_PASS_DETAIL_INODE_SEARCH_SAMPLE_TICKS	45
LIST_EXNEXT_40_ENTRIES_FIRST_PASS_DETAIL_INODE_NODE_VIEW_CALLS	22
LIST_EXNEXT_40_ENTRIES_FIRST_PASS_DETAIL_INODE_NODE_VIEW_SAMPLES	1
LIST_EXNEXT_40_ENTRIES_FIRST_PASS_DETAIL_INODE_NODE_VIEW_SAMPLE_TICKS	0
LIST_EXNEXT_40_ENTRIES_FIRST_PASS_DETAIL_DIR_NODE_VIEW_CALLS	36
LIST_EXNEXT_40_ENTRIES_FIRST_PASS_DETAIL_DIR_NODE_VIEW_SAMPLES	2
LIST_EXNEXT_40_ENTRIES_FIRST_PASS_DETAIL_DIR_NODE_VIEW_SAMPLE_TICKS	4
LIST_EXNEXT_40_ENTRIES_FIRST_PASS_DETAIL_INODE_BINARY_SEARCH_CALLS	52
LIST_EXNEXT_40_ENTRIES_FIRST_PASS_DETAIL_INODE_BINARY_SEARCH_SAMPLES	3
LIST_EXNEXT_40_ENTRIES_FIRST_PASS_DETAIL_INODE_BINARY_SEARCH_SAMPLE_TICKS	0
LIST_EXNEXT_40_ENTRIES_FIRST_PASS_DETAIL_DIR_BINARY_SEARCH_CALLS	28
LIST_EXNEXT_40_ENTRIES_FIRST_PASS_DETAIL_DIR_BINARY_SEARCH_SAMPLES	1
LIST_EXNEXT_40_ENTRIES_FIRST_PASS_DETAIL_DIR_BINARY_SEARCH_SAMPLE_TICKS	0
LIST_EXNEXT_40_ENTRIES_FIRST_PASS_DETAIL_NODE_STRUCTURE_CALLS	9
LIST_EXNEXT_40_ENTRIES_FIRST_PASS_DETAIL_NODE_STRUCTURE_SAMPLES	0
LIST_EXNEXT_40_ENTRIES_FIRST_PASS_DETAIL_NODE_STRUCTURE_SAMPLE_TICKS	0
LIST_EXNEXT_40_ENTRIES_FIRST_PASS_DETAIL_CACHE_PEEK_CALLS	98
LIST_EXNEXT_40_ENTRIES_FIRST_PASS_DETAIL_CACHE_PEEK_SAMPLES	5
LIST_EXNEXT_40_ENTRIES_FIRST_PASS_DETAIL_CACHE_PEEK_SAMPLE_TICKS	20
LIST_EXNEXT_40_ENTRIES_FIRST_PASS_DETAIL_BUFFER_ALLOC_CALLS	54
LIST_EXNEXT_40_ENTRIES_FIRST_PASS_DETAIL_BUFFER_ALLOC_SAMPLES	3
LIST_EXNEXT_40_ENTRIES_FIRST_PASS_DETAIL_BUFFER_ALLOC_SAMPLE_TICKS	0
LIST_EXNEXT_40_ENTRIES_FIRST_PASS_DETAIL_BUFFER_FREE_CALLS	54
LIST_EXNEXT_40_ENTRIES_FIRST_PASS_DETAIL_BUFFER_FREE_SAMPLES	3
LIST_EXNEXT_40_ENTRIES_FIRST_PASS_DETAIL_BUFFER_FREE_SAMPLE_TICKS	1
LIST_EXNEXT_40_ENTRIES_FIRST_PASS_DETAIL_EXALL_FILL_CALLS	0
LIST_EXNEXT_40_ENTRIES_FIRST_PASS_DETAIL_EXALL_FILL_SAMPLES	0
LIST_EXNEXT_40_ENTRIES_FIRST_PASS_DETAIL_EXALL_FILL_SAMPLE_TICKS	0
LIST_EXNEXT_40_ENTRIES_FIRST_PASS_DEFERRED_NODE_WRITES	0
LIST_EXNEXT_40_ENTRIES_REPEAT10_TOTAL_US	44608
LIST_EXNEXT_40_ENTRIES_REPEAT10_TOTAL_BIO_READS	0
LIST_EXNEXT_40_ENTRIES_REPEAT10_TOTAL_BIO_WRITES	0
LIST_EXNEXT_40_ENTRIES_REPEAT10_TOTAL_BIO_UPDATES	0
LIST_EXNEXT_40_ENTRIES_REPEAT10_TOTAL_DATA_READS	0
LIST_EXNEXT_40_ENTRIES_REPEAT10_TOTAL_DATA_WRITES	0
LIST_EXNEXT_40_ENTRIES_REPEAT10_TOTAL_NODE_WRITES	0
LIST_EXNEXT_40_ENTRIES_REPEAT10_TOTAL_TXN_COMMITS	0
LIST_EXNEXT_40_ENTRIES_REPEAT10_TOTAL_FREESPACE_ALLOCS	0
LIST_EXNEXT_40_ENTRIES_REPEAT10_TOTAL_EXTENT_MAPS	0
LIST_EXNEXT_40_ENTRIES_REPEAT10_TOTAL_READ_TICKS	0
LIST_EXNEXT_40_ENTRIES_REPEAT10_TOTAL_WRITE_TICKS	0
LIST_EXNEXT_40_ENTRIES_REPEAT10_TOTAL_UPDATE_TICKS	0
LIST_EXNEXT_40_ENTRIES_REPEAT10_TOTAL_DATA_READ_TICKS	0
LIST_EXNEXT_40_ENTRIES_REPEAT10_TOTAL_DATA_WRITE_TICKS	0
LIST_EXNEXT_40_ENTRIES_REPEAT10_TOTAL_FREE_TREE_NODE_WRITES	0
LIST_EXNEXT_40_ENTRIES_REPEAT10_TOTAL_FREE_TREE_ALLOCATION_BODY_NODE_WRITES	0
LIST_EXNEXT_40_ENTRIES_REPEAT10_TOTAL_FREE_TREE_RESERVE_REFILL_NODE_WRITES	0
LIST_EXNEXT_40_ENTRIES_REPEAT10_TOTAL_FREE_TREE_RESERVE_RETURN_NODE_WRITES	0
LIST_EXNEXT_40_ENTRIES_REPEAT10_TOTAL_FREE_TREE_POST_PUBLISH_PENDING_RECLAIM_NODE_WRITES	0
LIST_EXNEXT_40_ENTRIES_REPEAT10_TOTAL_FREE_TREE_OTHER_NODE_WRITES	0
LIST_EXNEXT_40_ENTRIES_REPEAT10_TOTAL_DIR_TREE_NODE_WRITES	0
LIST_EXNEXT_40_ENTRIES_REPEAT10_TOTAL_INODE_TREE_NODE_WRITES	0
LIST_EXNEXT_40_ENTRIES_REPEAT10_TOTAL_REFCOUNT_TREE_NODE_WRITES	0
LIST_EXNEXT_40_ENTRIES_REPEAT10_TOTAL_OTHER_TREE_NODE_WRITES	0
LIST_EXNEXT_40_ENTRIES_REPEAT10_TOTAL_NODE_CRC_READ_CALLS	0
LIST_EXNEXT_40_ENTRIES_REPEAT10_TOTAL_NODE_CRC_READ_SAMPLES	0
LIST_EXNEXT_40_ENTRIES_REPEAT10_TOTAL_NODE_CRC_READ_SAMPLE_TICKS	0
LIST_EXNEXT_40_ENTRIES_REPEAT10_TOTAL_NODE_CRC_WRITE_CALLS	0
LIST_EXNEXT_40_ENTRIES_REPEAT10_TOTAL_NODE_CRC_WRITE_SAMPLES	0
LIST_EXNEXT_40_ENTRIES_REPEAT10_TOTAL_NODE_CRC_WRITE_SAMPLE_TICKS	0
LIST_EXNEXT_40_ENTRIES_REPEAT10_TOTAL_CLOCK_PAIR_TICKS	1
LIST_EXNEXT_40_ENTRIES_REPEAT10_TOTAL_FREE_TREE_RESERVE_RETURN_CALLS	0
LIST_EXNEXT_40_ENTRIES_REPEAT10_TOTAL_FREE_TREE_RESERVE_RETURN_RUNS	0
LIST_EXNEXT_40_ENTRIES_REPEAT10_TOTAL_FREE_TREE_RESERVE_RETURN_BLOCKS	0
LIST_EXNEXT_40_ENTRIES_REPEAT10_TOTAL_FREE_TREE_RESERVE_RETURN_RUNS_1_BLOCK	0
LIST_EXNEXT_40_ENTRIES_REPEAT10_TOTAL_FREE_TREE_RESERVE_RETURN_RUNS_2_3_BLOCKS	0
LIST_EXNEXT_40_ENTRIES_REPEAT10_TOTAL_FREE_TREE_RESERVE_RETURN_RUNS_4_7_BLOCKS	0
LIST_EXNEXT_40_ENTRIES_REPEAT10_TOTAL_FREE_TREE_RESERVE_RETURN_RUNS_8_PLUS_BLOCKS	0
LIST_EXNEXT_40_ENTRIES_REPEAT10_TOTAL_FREE_TREE_RESERVE_RETURN_MAX_RUN_BLOCKS	0
LIST_EXNEXT_40_ENTRIES_REPEAT10_TOTAL_FREE_TREE_RESERVE_RETURN_MAX_NODE_WRITES_PER_RUN	0
LIST_EXNEXT_40_ENTRIES_REPEAT10_TOTAL_POST_PUBLISH_RECLAIM_PASSES	0
LIST_EXNEXT_40_ENTRIES_REPEAT10_TOTAL_MAX_POST_PUBLISH_RECLAIM_PASSES_PER_COMMIT	0
LIST_EXNEXT_40_ENTRIES_REPEAT10_TOTAL_SUPERBLOCK_PUBLICATIONS	0
LIST_EXNEXT_40_ENTRIES_REPEAT10_TOTAL_FREE_TREE_RESERVE_RETURN_RUN_NODE_WRITES	0
LIST_EXNEXT_40_ENTRIES_REPEAT10_TOTAL_FREE_TREE_RESERVE_RETURN_BATCH_CALLS	0
LIST_EXNEXT_40_ENTRIES_REPEAT10_TOTAL_FREE_TREE_RESERVE_RETURN_BATCH_BLOCKS	0
LIST_EXNEXT_40_ENTRIES_REPEAT10_TOTAL_FREE_TREE_RESERVE_RETURN_BATCH_NODE_WRITES	0
LIST_EXNEXT_40_ENTRIES_REPEAT10_TOTAL_FREE_TREE_RESERVE_RETURN_SKIP_SHAPE	0
LIST_EXNEXT_40_ENTRIES_REPEAT10_TOTAL_FREE_TREE_RESERVE_RETURN_SKIP_SMALL	0
LIST_EXNEXT_40_ENTRIES_REPEAT10_TOTAL_FREE_TREE_RESERVE_RETURN_SKIP_EMERGENCY	0
LIST_EXNEXT_40_ENTRIES_REPEAT10_TOTAL_FREE_TREE_RESERVE_RETURN_SKIP_CAPACITY	0
LIST_EXNEXT_40_ENTRIES_REPEAT10_TOTAL_SEALED_COMMITS	0
LIST_EXNEXT_40_ENTRIES_REPEAT10_TOTAL_SEALED_METADATA_FENCES	0
LIST_EXNEXT_40_ENTRIES_REPEAT10_TOTAL_BTREE_MALLOC_CALLS	41
LIST_EXNEXT_40_ENTRIES_REPEAT10_TOTAL_BTREE_MALLOC_SAMPLES	41
LIST_EXNEXT_40_ENTRIES_REPEAT10_TOTAL_BTREE_MALLOC_SAMPLE_TICKS	91
LIST_EXNEXT_40_ENTRIES_REPEAT10_TOTAL_BTREE_FREE_CALLS	421
LIST_EXNEXT_40_ENTRIES_REPEAT10_TOTAL_BTREE_FREE_SAMPLES	421
LIST_EXNEXT_40_ENTRIES_REPEAT10_TOTAL_BTREE_FREE_SAMPLE_TICKS	698
LIST_EXNEXT_40_ENTRIES_REPEAT10_TOTAL_IFACE_ALLOC_CALLS	0
LIST_EXNEXT_40_ENTRIES_REPEAT10_TOTAL_IFACE_ALLOC_SAMPLES	0
LIST_EXNEXT_40_ENTRIES_REPEAT10_TOTAL_IFACE_ALLOC_SAMPLE_TICKS	0
LIST_EXNEXT_40_ENTRIES_REPEAT10_TOTAL_FREESPACE_ALLOC_SAMPLES	0
LIST_EXNEXT_40_ENTRIES_REPEAT10_TOTAL_FREESPACE_ALLOC_SAMPLE_TICKS	0
LIST_EXNEXT_40_ENTRIES_REPEAT10_TOTAL_PACKET_CALLS	422
LIST_EXNEXT_40_ENTRIES_REPEAT10_TOTAL_PACKET_SAMPLES	422
LIST_EXNEXT_40_ENTRIES_REPEAT10_TOTAL_PACKET_SAMPLE_TICKS	23146
LIST_EXNEXT_40_ENTRIES_REPEAT10_TOTAL_PACKET_OPEN_CALLS	0
LIST_EXNEXT_40_ENTRIES_REPEAT10_TOTAL_PACKET_OPEN_SAMPLES	0
LIST_EXNEXT_40_ENTRIES_REPEAT10_TOTAL_PACKET_OPEN_SAMPLE_TICKS	0
LIST_EXNEXT_40_ENTRIES_REPEAT10_TOTAL_PACKET_READ_CALLS	0
LIST_EXNEXT_40_ENTRIES_REPEAT10_TOTAL_PACKET_READ_SAMPLES	0
LIST_EXNEXT_40_ENTRIES_REPEAT10_TOTAL_PACKET_READ_SAMPLE_TICKS	0
LIST_EXNEXT_40_ENTRIES_REPEAT10_TOTAL_PACKET_WRITE_CALLS	0
LIST_EXNEXT_40_ENTRIES_REPEAT10_TOTAL_PACKET_WRITE_SAMPLES	0
LIST_EXNEXT_40_ENTRIES_REPEAT10_TOTAL_PACKET_WRITE_SAMPLE_TICKS	0
LIST_EXNEXT_40_ENTRIES_REPEAT10_TOTAL_PACKET_END_CALLS	0
LIST_EXNEXT_40_ENTRIES_REPEAT10_TOTAL_PACKET_END_SAMPLES	0
LIST_EXNEXT_40_ENTRIES_REPEAT10_TOTAL_PACKET_END_SAMPLE_TICKS	0
LIST_EXNEXT_40_ENTRIES_REPEAT10_TOTAL_PACKET_DELETE_CALLS	0
LIST_EXNEXT_40_ENTRIES_REPEAT10_TOTAL_PACKET_DELETE_SAMPLES	0
LIST_EXNEXT_40_ENTRIES_REPEAT10_TOTAL_PACKET_DELETE_SAMPLE_TICKS	0
LIST_EXNEXT_40_ENTRIES_REPEAT10_TOTAL_PACKET_FLUSH_CALLS	0
LIST_EXNEXT_40_ENTRIES_REPEAT10_TOTAL_PACKET_FLUSH_SAMPLES	0
LIST_EXNEXT_40_ENTRIES_REPEAT10_TOTAL_PACKET_FLUSH_SAMPLE_TICKS	0
LIST_EXNEXT_40_ENTRIES_REPEAT10_TOTAL_PACKET_OTHER_CALLS	422
LIST_EXNEXT_40_ENTRIES_REPEAT10_TOTAL_PACKET_OTHER_SAMPLES	422
LIST_EXNEXT_40_ENTRIES_REPEAT10_TOTAL_PACKET_OTHER_SAMPLE_TICKS	23146
LIST_EXNEXT_40_ENTRIES_REPEAT10_TOTAL_CORE_CREATE_CALLS	0
LIST_EXNEXT_40_ENTRIES_REPEAT10_TOTAL_CORE_CREATE_SAMPLES	0
LIST_EXNEXT_40_ENTRIES_REPEAT10_TOTAL_CORE_CREATE_SAMPLE_TICKS	0
LIST_EXNEXT_40_ENTRIES_REPEAT10_TOTAL_CORE_DELETE_CALLS	0
LIST_EXNEXT_40_ENTRIES_REPEAT10_TOTAL_CORE_DELETE_SAMPLES	0
LIST_EXNEXT_40_ENTRIES_REPEAT10_TOTAL_CORE_DELETE_SAMPLE_TICKS	0
LIST_EXNEXT_40_ENTRIES_REPEAT10_TOTAL_CORE_FILE_WRITE_CALLS	0
LIST_EXNEXT_40_ENTRIES_REPEAT10_TOTAL_CORE_FILE_WRITE_SAMPLES	0
LIST_EXNEXT_40_ENTRIES_REPEAT10_TOTAL_CORE_FILE_WRITE_SAMPLE_TICKS	0
LIST_EXNEXT_40_ENTRIES_REPEAT10_TOTAL_CORE_SYNC_CALLS	0
LIST_EXNEXT_40_ENTRIES_REPEAT10_TOTAL_CORE_SYNC_SAMPLES	0
LIST_EXNEXT_40_ENTRIES_REPEAT10_TOTAL_CORE_SYNC_SAMPLE_TICKS	0
LIST_EXNEXT_40_ENTRIES_REPEAT10_TOTAL_IFACE_FREE_CALLS	0
LIST_EXNEXT_40_ENTRIES_REPEAT10_TOTAL_IFACE_FREE_SAMPLES	0
LIST_EXNEXT_40_ENTRIES_REPEAT10_TOTAL_IFACE_FREE_SAMPLE_TICKS	0
LIST_EXNEXT_40_ENTRIES_REPEAT10_TOTAL_SEAL_COMMIT_CALLS	0
LIST_EXNEXT_40_ENTRIES_REPEAT10_TOTAL_SEAL_COMMIT_SAMPLES	0
LIST_EXNEXT_40_ENTRIES_REPEAT10_TOTAL_SEAL_COMMIT_SAMPLE_TICKS	0
LIST_EXNEXT_40_ENTRIES_REPEAT10_TOTAL_INODE_READ_CALLS	410
LIST_EXNEXT_40_ENTRIES_REPEAT10_TOTAL_BTREE_SEARCH_CALLS	411
LIST_EXNEXT_40_ENTRIES_REPEAT10_TOTAL_BTREE_INDEX_HINT_HITS	370
LIST_EXNEXT_40_ENTRIES_REPEAT10_TOTAL_BTREE_LEAF_HINT_HITS	21
LIST_EXNEXT_40_ENTRIES_REPEAT10_TOTAL_CACHE_READ_CALLS	0
LIST_EXNEXT_40_ENTRIES_REPEAT10_TOTAL_CACHE_READ_HITS	0
LIST_EXNEXT_40_ENTRIES_REPEAT10_TOTAL_CACHE_READ_MISSES	0
LIST_EXNEXT_40_ENTRIES_REPEAT10_TOTAL_FREE_TREE_NODE_VIEWS	0
LIST_EXNEXT_40_ENTRIES_REPEAT10_TOTAL_FREE_TREE_RESIDENT_VIEWS	0
LIST_EXNEXT_40_ENTRIES_REPEAT10_TOTAL_DIR_TREE_NODE_VIEWS	320
LIST_EXNEXT_40_ENTRIES_REPEAT10_TOTAL_DIR_TREE_RESIDENT_VIEWS	320
LIST_EXNEXT_40_ENTRIES_REPEAT10_TOTAL_INODE_TREE_NODE_VIEWS	40
LIST_EXNEXT_40_ENTRIES_REPEAT10_TOTAL_INODE_TREE_RESIDENT_VIEWS	40
LIST_EXNEXT_40_ENTRIES_REPEAT10_TOTAL_REFCOUNT_TREE_NODE_VIEWS	0
LIST_EXNEXT_40_ENTRIES_REPEAT10_TOTAL_REFCOUNT_TREE_RESIDENT_VIEWS	0
LIST_EXNEXT_40_ENTRIES_REPEAT10_TOTAL_OTHER_TREE_NODE_VIEWS	0
LIST_EXNEXT_40_ENTRIES_REPEAT10_TOTAL_OTHER_TREE_RESIDENT_VIEWS	0
LIST_EXNEXT_40_ENTRIES_REPEAT10_TOTAL_DETAIL_INODE_READ_CALLS	410
LIST_EXNEXT_40_ENTRIES_REPEAT10_TOTAL_DETAIL_INODE_READ_SAMPLES	24
LIST_EXNEXT_40_ENTRIES_REPEAT10_TOTAL_DETAIL_INODE_READ_SAMPLE_TICKS	502
LIST_EXNEXT_40_ENTRIES_REPEAT10_TOTAL_DETAIL_INODE_VALIDATE_CALLS	410
LIST_EXNEXT_40_ENTRIES_REPEAT10_TOTAL_DETAIL_INODE_VALIDATE_SAMPLES	24
LIST_EXNEXT_40_ENTRIES_REPEAT10_TOTAL_DETAIL_INODE_VALIDATE_SAMPLE_TICKS	51
LIST_EXNEXT_40_ENTRIES_REPEAT10_TOTAL_DETAIL_INODE_SEARCH_CALLS	410
LIST_EXNEXT_40_ENTRIES_REPEAT10_TOTAL_DETAIL_INODE_SEARCH_SAMPLES	24
LIST_EXNEXT_40_ENTRIES_REPEAT10_TOTAL_DETAIL_INODE_SEARCH_SAMPLE_TICKS	321
LIST_EXNEXT_40_ENTRIES_REPEAT10_TOTAL_DETAIL_INODE_NODE_VIEW_CALLS	40
LIST_EXNEXT_40_ENTRIES_REPEAT10_TOTAL_DETAIL_INODE_NODE_VIEW_SAMPLES	2
LIST_EXNEXT_40_ENTRIES_REPEAT10_TOTAL_DETAIL_INODE_NODE_VIEW_SAMPLE_TICKS	45
LIST_EXNEXT_40_ENTRIES_REPEAT10_TOTAL_DETAIL_DIR_NODE_VIEW_CALLS	320
LIST_EXNEXT_40_ENTRIES_REPEAT10_TOTAL_DETAIL_DIR_NODE_VIEW_SAMPLES	18
LIST_EXNEXT_40_ENTRIES_REPEAT10_TOTAL_DETAIL_DIR_NODE_VIEW_SAMPLE_TICKS	166
LIST_EXNEXT_40_ENTRIES_REPEAT10_TOTAL_DETAIL_INODE_BINARY_SEARCH_CALLS	60
LIST_EXNEXT_40_ENTRIES_REPEAT10_TOTAL_DETAIL_INODE_BINARY_SEARCH_SAMPLES	3
LIST_EXNEXT_40_ENTRIES_REPEAT10_TOTAL_DETAIL_INODE_BINARY_SEARCH_SAMPLE_TICKS	0
LIST_EXNEXT_40_ENTRIES_REPEAT10_TOTAL_DETAIL_DIR_BINARY_SEARCH_CALLS	241
LIST_EXNEXT_40_ENTRIES_REPEAT10_TOTAL_DETAIL_DIR_BINARY_SEARCH_SAMPLES	14
LIST_EXNEXT_40_ENTRIES_REPEAT10_TOTAL_DETAIL_DIR_BINARY_SEARCH_SAMPLE_TICKS	45
LIST_EXNEXT_40_ENTRIES_REPEAT10_TOTAL_DETAIL_NODE_STRUCTURE_CALLS	0
LIST_EXNEXT_40_ENTRIES_REPEAT10_TOTAL_DETAIL_NODE_STRUCTURE_SAMPLES	0
LIST_EXNEXT_40_ENTRIES_REPEAT10_TOTAL_DETAIL_NODE_STRUCTURE_SAMPLE_TICKS	0
LIST_EXNEXT_40_ENTRIES_REPEAT10_TOTAL_DETAIL_CACHE_PEEK_CALLS	771
LIST_EXNEXT_40_ENTRIES_REPEAT10_TOTAL_DETAIL_CACHE_PEEK_SAMPLES	45
LIST_EXNEXT_40_ENTRIES_REPEAT10_TOTAL_DETAIL_CACHE_PEEK_SAMPLE_TICKS	181
LIST_EXNEXT_40_ENTRIES_REPEAT10_TOTAL_DETAIL_BUFFER_ALLOC_CALLS	440
LIST_EXNEXT_40_ENTRIES_REPEAT10_TOTAL_DETAIL_BUFFER_ALLOC_SAMPLES	25
LIST_EXNEXT_40_ENTRIES_REPEAT10_TOTAL_DETAIL_BUFFER_ALLOC_SAMPLE_TICKS	0
LIST_EXNEXT_40_ENTRIES_REPEAT10_TOTAL_DETAIL_BUFFER_FREE_CALLS	440
LIST_EXNEXT_40_ENTRIES_REPEAT10_TOTAL_DETAIL_BUFFER_FREE_SAMPLES	25
LIST_EXNEXT_40_ENTRIES_REPEAT10_TOTAL_DETAIL_BUFFER_FREE_SAMPLE_TICKS	169
LIST_EXNEXT_40_ENTRIES_REPEAT10_TOTAL_DETAIL_EXALL_FILL_CALLS	0
LIST_EXNEXT_40_ENTRIES_REPEAT10_TOTAL_DETAIL_EXALL_FILL_SAMPLES	0
LIST_EXNEXT_40_ENTRIES_REPEAT10_TOTAL_DETAIL_EXALL_FILL_SAMPLE_TICKS	0
LIST_EXNEXT_40_ENTRIES_REPEAT10_TOTAL_DEFERRED_NODE_WRITES	0
LIST_EXALL_40_ENTRIES_FIRST_PASS_US	4863
LIST_EXALL_40_ENTRIES_FIRST_PASS_BIO_READS	7
LIST_EXALL_40_ENTRIES_FIRST_PASS_BIO_WRITES	0
LIST_EXALL_40_ENTRIES_FIRST_PASS_BIO_UPDATES	0
LIST_EXALL_40_ENTRIES_FIRST_PASS_DATA_READS	0
LIST_EXALL_40_ENTRIES_FIRST_PASS_DATA_WRITES	0
LIST_EXALL_40_ENTRIES_FIRST_PASS_NODE_WRITES	0
LIST_EXALL_40_ENTRIES_FIRST_PASS_TXN_COMMITS	0
LIST_EXALL_40_ENTRIES_FIRST_PASS_FREESPACE_ALLOCS	0
LIST_EXALL_40_ENTRIES_FIRST_PASS_EXTENT_MAPS	0
LIST_EXALL_40_ENTRIES_FIRST_PASS_READ_TICKS	544
LIST_EXALL_40_ENTRIES_FIRST_PASS_WRITE_TICKS	0
LIST_EXALL_40_ENTRIES_FIRST_PASS_UPDATE_TICKS	0
LIST_EXALL_40_ENTRIES_FIRST_PASS_DATA_READ_TICKS	0
LIST_EXALL_40_ENTRIES_FIRST_PASS_DATA_WRITE_TICKS	0
LIST_EXALL_40_ENTRIES_FIRST_PASS_FREE_TREE_NODE_WRITES	0
LIST_EXALL_40_ENTRIES_FIRST_PASS_FREE_TREE_ALLOCATION_BODY_NODE_WRITES	0
LIST_EXALL_40_ENTRIES_FIRST_PASS_FREE_TREE_RESERVE_REFILL_NODE_WRITES	0
LIST_EXALL_40_ENTRIES_FIRST_PASS_FREE_TREE_RESERVE_RETURN_NODE_WRITES	0
LIST_EXALL_40_ENTRIES_FIRST_PASS_FREE_TREE_POST_PUBLISH_PENDING_RECLAIM_NODE_WRITES	0
LIST_EXALL_40_ENTRIES_FIRST_PASS_FREE_TREE_OTHER_NODE_WRITES	0
LIST_EXALL_40_ENTRIES_FIRST_PASS_DIR_TREE_NODE_WRITES	0
LIST_EXALL_40_ENTRIES_FIRST_PASS_INODE_TREE_NODE_WRITES	0
LIST_EXALL_40_ENTRIES_FIRST_PASS_REFCOUNT_TREE_NODE_WRITES	0
LIST_EXALL_40_ENTRIES_FIRST_PASS_OTHER_TREE_NODE_WRITES	0
LIST_EXALL_40_ENTRIES_FIRST_PASS_NODE_CRC_READ_CALLS	7
LIST_EXALL_40_ENTRIES_FIRST_PASS_NODE_CRC_READ_SAMPLES	0
LIST_EXALL_40_ENTRIES_FIRST_PASS_NODE_CRC_READ_SAMPLE_TICKS	0
LIST_EXALL_40_ENTRIES_FIRST_PASS_NODE_CRC_WRITE_CALLS	0
LIST_EXALL_40_ENTRIES_FIRST_PASS_NODE_CRC_WRITE_SAMPLES	0
LIST_EXALL_40_ENTRIES_FIRST_PASS_NODE_CRC_WRITE_SAMPLE_TICKS	0
LIST_EXALL_40_ENTRIES_FIRST_PASS_CLOCK_PAIR_TICKS	0
LIST_EXALL_40_ENTRIES_FIRST_PASS_FREE_TREE_RESERVE_RETURN_CALLS	0
LIST_EXALL_40_ENTRIES_FIRST_PASS_FREE_TREE_RESERVE_RETURN_RUNS	0
LIST_EXALL_40_ENTRIES_FIRST_PASS_FREE_TREE_RESERVE_RETURN_BLOCKS	0
LIST_EXALL_40_ENTRIES_FIRST_PASS_FREE_TREE_RESERVE_RETURN_RUNS_1_BLOCK	0
LIST_EXALL_40_ENTRIES_FIRST_PASS_FREE_TREE_RESERVE_RETURN_RUNS_2_3_BLOCKS	0
LIST_EXALL_40_ENTRIES_FIRST_PASS_FREE_TREE_RESERVE_RETURN_RUNS_4_7_BLOCKS	0
LIST_EXALL_40_ENTRIES_FIRST_PASS_FREE_TREE_RESERVE_RETURN_RUNS_8_PLUS_BLOCKS	0
LIST_EXALL_40_ENTRIES_FIRST_PASS_FREE_TREE_RESERVE_RETURN_MAX_RUN_BLOCKS	0
LIST_EXALL_40_ENTRIES_FIRST_PASS_FREE_TREE_RESERVE_RETURN_MAX_NODE_WRITES_PER_RUN	0
LIST_EXALL_40_ENTRIES_FIRST_PASS_POST_PUBLISH_RECLAIM_PASSES	0
LIST_EXALL_40_ENTRIES_FIRST_PASS_MAX_POST_PUBLISH_RECLAIM_PASSES_PER_COMMIT	0
LIST_EXALL_40_ENTRIES_FIRST_PASS_SUPERBLOCK_PUBLICATIONS	0
LIST_EXALL_40_ENTRIES_FIRST_PASS_FREE_TREE_RESERVE_RETURN_RUN_NODE_WRITES	0
LIST_EXALL_40_ENTRIES_FIRST_PASS_FREE_TREE_RESERVE_RETURN_BATCH_CALLS	0
LIST_EXALL_40_ENTRIES_FIRST_PASS_FREE_TREE_RESERVE_RETURN_BATCH_BLOCKS	0
LIST_EXALL_40_ENTRIES_FIRST_PASS_FREE_TREE_RESERVE_RETURN_BATCH_NODE_WRITES	0
LIST_EXALL_40_ENTRIES_FIRST_PASS_FREE_TREE_RESERVE_RETURN_SKIP_SHAPE	0
LIST_EXALL_40_ENTRIES_FIRST_PASS_FREE_TREE_RESERVE_RETURN_SKIP_SMALL	0
LIST_EXALL_40_ENTRIES_FIRST_PASS_FREE_TREE_RESERVE_RETURN_SKIP_EMERGENCY	0
LIST_EXALL_40_ENTRIES_FIRST_PASS_FREE_TREE_RESERVE_RETURN_SKIP_CAPACITY	0
LIST_EXALL_40_ENTRIES_FIRST_PASS_SEALED_COMMITS	0
LIST_EXALL_40_ENTRIES_FIRST_PASS_SEALED_METADATA_FENCES	0
LIST_EXALL_40_ENTRIES_FIRST_PASS_BTREE_MALLOC_CALLS	2
LIST_EXALL_40_ENTRIES_FIRST_PASS_BTREE_MALLOC_SAMPLES	2
LIST_EXALL_40_ENTRIES_FIRST_PASS_BTREE_MALLOC_SAMPLE_TICKS	0
LIST_EXALL_40_ENTRIES_FIRST_PASS_BTREE_FREE_CALLS	2
LIST_EXALL_40_ENTRIES_FIRST_PASS_BTREE_FREE_SAMPLES	2
LIST_EXALL_40_ENTRIES_FIRST_PASS_BTREE_FREE_SAMPLE_TICKS	44
LIST_EXALL_40_ENTRIES_FIRST_PASS_IFACE_ALLOC_CALLS	0
LIST_EXALL_40_ENTRIES_FIRST_PASS_IFACE_ALLOC_SAMPLES	0
LIST_EXALL_40_ENTRIES_FIRST_PASS_IFACE_ALLOC_SAMPLE_TICKS	0
LIST_EXALL_40_ENTRIES_FIRST_PASS_FREESPACE_ALLOC_SAMPLES	0
LIST_EXALL_40_ENTRIES_FIRST_PASS_FREESPACE_ALLOC_SAMPLE_TICKS	0
LIST_EXALL_40_ENTRIES_FIRST_PASS_PACKET_CALLS	3
LIST_EXALL_40_ENTRIES_FIRST_PASS_PACKET_SAMPLES	3
LIST_EXALL_40_ENTRIES_FIRST_PASS_PACKET_SAMPLE_TICKS	3315
LIST_EXALL_40_ENTRIES_FIRST_PASS_PACKET_OPEN_CALLS	0
LIST_EXALL_40_ENTRIES_FIRST_PASS_PACKET_OPEN_SAMPLES	0
LIST_EXALL_40_ENTRIES_FIRST_PASS_PACKET_OPEN_SAMPLE_TICKS	0
LIST_EXALL_40_ENTRIES_FIRST_PASS_PACKET_READ_CALLS	0
LIST_EXALL_40_ENTRIES_FIRST_PASS_PACKET_READ_SAMPLES	0
LIST_EXALL_40_ENTRIES_FIRST_PASS_PACKET_READ_SAMPLE_TICKS	0
LIST_EXALL_40_ENTRIES_FIRST_PASS_PACKET_WRITE_CALLS	0
LIST_EXALL_40_ENTRIES_FIRST_PASS_PACKET_WRITE_SAMPLES	0
LIST_EXALL_40_ENTRIES_FIRST_PASS_PACKET_WRITE_SAMPLE_TICKS	0
LIST_EXALL_40_ENTRIES_FIRST_PASS_PACKET_END_CALLS	0
LIST_EXALL_40_ENTRIES_FIRST_PASS_PACKET_END_SAMPLES	0
LIST_EXALL_40_ENTRIES_FIRST_PASS_PACKET_END_SAMPLE_TICKS	0
LIST_EXALL_40_ENTRIES_FIRST_PASS_PACKET_DELETE_CALLS	0
LIST_EXALL_40_ENTRIES_FIRST_PASS_PACKET_DELETE_SAMPLES	0
LIST_EXALL_40_ENTRIES_FIRST_PASS_PACKET_DELETE_SAMPLE_TICKS	0
LIST_EXALL_40_ENTRIES_FIRST_PASS_PACKET_FLUSH_CALLS	0
LIST_EXALL_40_ENTRIES_FIRST_PASS_PACKET_FLUSH_SAMPLES	0
LIST_EXALL_40_ENTRIES_FIRST_PASS_PACKET_FLUSH_SAMPLE_TICKS	0
LIST_EXALL_40_ENTRIES_FIRST_PASS_PACKET_OTHER_CALLS	3
LIST_EXALL_40_ENTRIES_FIRST_PASS_PACKET_OTHER_SAMPLES	3
LIST_EXALL_40_ENTRIES_FIRST_PASS_PACKET_OTHER_SAMPLE_TICKS	3315
LIST_EXALL_40_ENTRIES_FIRST_PASS_CORE_CREATE_CALLS	0
LIST_EXALL_40_ENTRIES_FIRST_PASS_CORE_CREATE_SAMPLES	0
LIST_EXALL_40_ENTRIES_FIRST_PASS_CORE_CREATE_SAMPLE_TICKS	0
LIST_EXALL_40_ENTRIES_FIRST_PASS_CORE_DELETE_CALLS	0
LIST_EXALL_40_ENTRIES_FIRST_PASS_CORE_DELETE_SAMPLES	0
LIST_EXALL_40_ENTRIES_FIRST_PASS_CORE_DELETE_SAMPLE_TICKS	0
LIST_EXALL_40_ENTRIES_FIRST_PASS_CORE_FILE_WRITE_CALLS	0
LIST_EXALL_40_ENTRIES_FIRST_PASS_CORE_FILE_WRITE_SAMPLES	0
LIST_EXALL_40_ENTRIES_FIRST_PASS_CORE_FILE_WRITE_SAMPLE_TICKS	0
LIST_EXALL_40_ENTRIES_FIRST_PASS_CORE_SYNC_CALLS	0
LIST_EXALL_40_ENTRIES_FIRST_PASS_CORE_SYNC_SAMPLES	0
LIST_EXALL_40_ENTRIES_FIRST_PASS_CORE_SYNC_SAMPLE_TICKS	0
LIST_EXALL_40_ENTRIES_FIRST_PASS_IFACE_FREE_CALLS	0
LIST_EXALL_40_ENTRIES_FIRST_PASS_IFACE_FREE_SAMPLES	0
LIST_EXALL_40_ENTRIES_FIRST_PASS_IFACE_FREE_SAMPLE_TICKS	0
LIST_EXALL_40_ENTRIES_FIRST_PASS_SEAL_COMMIT_CALLS	0
LIST_EXALL_40_ENTRIES_FIRST_PASS_SEAL_COMMIT_SAMPLES	0
LIST_EXALL_40_ENTRIES_FIRST_PASS_SEAL_COMMIT_SAMPLE_TICKS	0
LIST_EXALL_40_ENTRIES_FIRST_PASS_INODE_READ_CALLS	40
LIST_EXALL_40_ENTRIES_FIRST_PASS_BTREE_SEARCH_CALLS	41
LIST_EXALL_40_ENTRIES_FIRST_PASS_BTREE_INDEX_HINT_HITS	0
LIST_EXALL_40_ENTRIES_FIRST_PASS_BTREE_LEAF_HINT_HITS	28
LIST_EXALL_40_ENTRIES_FIRST_PASS_CACHE_READ_CALLS	7
LIST_EXALL_40_ENTRIES_FIRST_PASS_CACHE_READ_HITS	0
LIST_EXALL_40_ENTRIES_FIRST_PASS_CACHE_READ_MISSES	7
LIST_EXALL_40_ENTRIES_FIRST_PASS_FREE_TREE_NODE_VIEWS	0
LIST_EXALL_40_ENTRIES_FIRST_PASS_FREE_TREE_RESIDENT_VIEWS	0
LIST_EXALL_40_ENTRIES_FIRST_PASS_DIR_TREE_NODE_VIEWS	20
LIST_EXALL_40_ENTRIES_FIRST_PASS_DIR_TREE_RESIDENT_VIEWS	14
LIST_EXALL_40_ENTRIES_FIRST_PASS_INODE_TREE_NODE_VIEWS	24
LIST_EXALL_40_ENTRIES_FIRST_PASS_INODE_TREE_RESIDENT_VIEWS	23
LIST_EXALL_40_ENTRIES_FIRST_PASS_REFCOUNT_TREE_NODE_VIEWS	0
LIST_EXALL_40_ENTRIES_FIRST_PASS_REFCOUNT_TREE_RESIDENT_VIEWS	0
LIST_EXALL_40_ENTRIES_FIRST_PASS_OTHER_TREE_NODE_VIEWS	0
LIST_EXALL_40_ENTRIES_FIRST_PASS_OTHER_TREE_RESIDENT_VIEWS	0
LIST_EXALL_40_ENTRIES_FIRST_PASS_DETAIL_INODE_READ_CALLS	40
LIST_EXALL_40_ENTRIES_FIRST_PASS_DETAIL_INODE_READ_SAMPLES	2
LIST_EXALL_40_ENTRIES_FIRST_PASS_DETAIL_INODE_READ_SAMPLE_TICKS	45
LIST_EXALL_40_ENTRIES_FIRST_PASS_DETAIL_INODE_VALIDATE_CALLS	40
LIST_EXALL_40_ENTRIES_FIRST_PASS_DETAIL_INODE_VALIDATE_SAMPLES	2
LIST_EXALL_40_ENTRIES_FIRST_PASS_DETAIL_INODE_VALIDATE_SAMPLE_TICKS	0
LIST_EXALL_40_ENTRIES_FIRST_PASS_DETAIL_INODE_SEARCH_CALLS	40
LIST_EXALL_40_ENTRIES_FIRST_PASS_DETAIL_INODE_SEARCH_SAMPLES	2
LIST_EXALL_40_ENTRIES_FIRST_PASS_DETAIL_INODE_SEARCH_SAMPLE_TICKS	45
LIST_EXALL_40_ENTRIES_FIRST_PASS_DETAIL_INODE_NODE_VIEW_CALLS	24
LIST_EXALL_40_ENTRIES_FIRST_PASS_DETAIL_INODE_NODE_VIEW_SAMPLES	1
LIST_EXALL_40_ENTRIES_FIRST_PASS_DETAIL_INODE_NODE_VIEW_SAMPLE_TICKS	0
LIST_EXALL_40_ENTRIES_FIRST_PASS_DETAIL_DIR_NODE_VIEW_CALLS	20
LIST_EXALL_40_ENTRIES_FIRST_PASS_DETAIL_DIR_NODE_VIEW_SAMPLES	1
LIST_EXALL_40_ENTRIES_FIRST_PASS_DETAIL_DIR_NODE_VIEW_SAMPLE_TICKS	227
LIST_EXALL_40_ENTRIES_FIRST_PASS_DETAIL_INODE_BINARY_SEARCH_CALLS	52
LIST_EXALL_40_ENTRIES_FIRST_PASS_DETAIL_INODE_BINARY_SEARCH_SAMPLES	3
LIST_EXALL_40_ENTRIES_FIRST_PASS_DETAIL_INODE_BINARY_SEARCH_SAMPLE_TICKS	0
LIST_EXALL_40_ENTRIES_FIRST_PASS_DETAIL_DIR_BINARY_SEARCH_CALLS	8
LIST_EXALL_40_ENTRIES_FIRST_PASS_DETAIL_DIR_BINARY_SEARCH_SAMPLES	0
LIST_EXALL_40_ENTRIES_FIRST_PASS_DETAIL_DIR_BINARY_SEARCH_SAMPLE_TICKS	0
LIST_EXALL_40_ENTRIES_FIRST_PASS_DETAIL_NODE_STRUCTURE_CALLS	7
LIST_EXALL_40_ENTRIES_FIRST_PASS_DETAIL_NODE_STRUCTURE_SAMPLES	0
LIST_EXALL_40_ENTRIES_FIRST_PASS_DETAIL_NODE_STRUCTURE_SAMPLE_TICKS	0
LIST_EXALL_40_ENTRIES_FIRST_PASS_DETAIL_CACHE_PEEK_CALLS	85
LIST_EXALL_40_ENTRIES_FIRST_PASS_DETAIL_CACHE_PEEK_SAMPLES	5
LIST_EXALL_40_ENTRIES_FIRST_PASS_DETAIL_CACHE_PEEK_SAMPLE_TICKS	45
LIST_EXALL_40_ENTRIES_FIRST_PASS_DETAIL_BUFFER_ALLOC_CALLS	14
LIST_EXALL_40_ENTRIES_FIRST_PASS_DETAIL_BUFFER_ALLOC_SAMPLES	0
LIST_EXALL_40_ENTRIES_FIRST_PASS_DETAIL_BUFFER_ALLOC_SAMPLE_TICKS	0
LIST_EXALL_40_ENTRIES_FIRST_PASS_DETAIL_BUFFER_FREE_CALLS	14
LIST_EXALL_40_ENTRIES_FIRST_PASS_DETAIL_BUFFER_FREE_SAMPLES	0
LIST_EXALL_40_ENTRIES_FIRST_PASS_DETAIL_BUFFER_FREE_SAMPLE_TICKS	0
LIST_EXALL_40_ENTRIES_FIRST_PASS_DETAIL_EXALL_FILL_CALLS	41
LIST_EXALL_40_ENTRIES_FIRST_PASS_DETAIL_EXALL_FILL_SAMPLES	2
LIST_EXALL_40_ENTRIES_FIRST_PASS_DETAIL_EXALL_FILL_SAMPLE_TICKS	77
LIST_EXALL_40_ENTRIES_FIRST_PASS_DEFERRED_NODE_WRITES	0
LIST_EXALL_40_ENTRIES_REPEAT10_TOTAL_US	20096
LIST_EXALL_40_ENTRIES_REPEAT10_TOTAL_BIO_READS	0
LIST_EXALL_40_ENTRIES_REPEAT10_TOTAL_BIO_WRITES	0
LIST_EXALL_40_ENTRIES_REPEAT10_TOTAL_BIO_UPDATES	0
LIST_EXALL_40_ENTRIES_REPEAT10_TOTAL_DATA_READS	0
LIST_EXALL_40_ENTRIES_REPEAT10_TOTAL_DATA_WRITES	0
LIST_EXALL_40_ENTRIES_REPEAT10_TOTAL_NODE_WRITES	0
LIST_EXALL_40_ENTRIES_REPEAT10_TOTAL_TXN_COMMITS	0
LIST_EXALL_40_ENTRIES_REPEAT10_TOTAL_FREESPACE_ALLOCS	0
LIST_EXALL_40_ENTRIES_REPEAT10_TOTAL_EXTENT_MAPS	0
LIST_EXALL_40_ENTRIES_REPEAT10_TOTAL_READ_TICKS	0
LIST_EXALL_40_ENTRIES_REPEAT10_TOTAL_WRITE_TICKS	0
LIST_EXALL_40_ENTRIES_REPEAT10_TOTAL_UPDATE_TICKS	0
LIST_EXALL_40_ENTRIES_REPEAT10_TOTAL_DATA_READ_TICKS	0
LIST_EXALL_40_ENTRIES_REPEAT10_TOTAL_DATA_WRITE_TICKS	0
LIST_EXALL_40_ENTRIES_REPEAT10_TOTAL_FREE_TREE_NODE_WRITES	0
LIST_EXALL_40_ENTRIES_REPEAT10_TOTAL_FREE_TREE_ALLOCATION_BODY_NODE_WRITES	0
LIST_EXALL_40_ENTRIES_REPEAT10_TOTAL_FREE_TREE_RESERVE_REFILL_NODE_WRITES	0
LIST_EXALL_40_ENTRIES_REPEAT10_TOTAL_FREE_TREE_RESERVE_RETURN_NODE_WRITES	0
LIST_EXALL_40_ENTRIES_REPEAT10_TOTAL_FREE_TREE_POST_PUBLISH_PENDING_RECLAIM_NODE_WRITES	0
LIST_EXALL_40_ENTRIES_REPEAT10_TOTAL_FREE_TREE_OTHER_NODE_WRITES	0
LIST_EXALL_40_ENTRIES_REPEAT10_TOTAL_DIR_TREE_NODE_WRITES	0
LIST_EXALL_40_ENTRIES_REPEAT10_TOTAL_INODE_TREE_NODE_WRITES	0
LIST_EXALL_40_ENTRIES_REPEAT10_TOTAL_REFCOUNT_TREE_NODE_WRITES	0
LIST_EXALL_40_ENTRIES_REPEAT10_TOTAL_OTHER_TREE_NODE_WRITES	0
LIST_EXALL_40_ENTRIES_REPEAT10_TOTAL_NODE_CRC_READ_CALLS	0
LIST_EXALL_40_ENTRIES_REPEAT10_TOTAL_NODE_CRC_READ_SAMPLES	0
LIST_EXALL_40_ENTRIES_REPEAT10_TOTAL_NODE_CRC_READ_SAMPLE_TICKS	0
LIST_EXALL_40_ENTRIES_REPEAT10_TOTAL_NODE_CRC_WRITE_CALLS	0
LIST_EXALL_40_ENTRIES_REPEAT10_TOTAL_NODE_CRC_WRITE_SAMPLES	0
LIST_EXALL_40_ENTRIES_REPEAT10_TOTAL_NODE_CRC_WRITE_SAMPLE_TICKS	0
LIST_EXALL_40_ENTRIES_REPEAT10_TOTAL_CLOCK_PAIR_TICKS	0
LIST_EXALL_40_ENTRIES_REPEAT10_TOTAL_FREE_TREE_RESERVE_RETURN_CALLS	0
LIST_EXALL_40_ENTRIES_REPEAT10_TOTAL_FREE_TREE_RESERVE_RETURN_RUNS	0
LIST_EXALL_40_ENTRIES_REPEAT10_TOTAL_FREE_TREE_RESERVE_RETURN_BLOCKS	0
LIST_EXALL_40_ENTRIES_REPEAT10_TOTAL_FREE_TREE_RESERVE_RETURN_RUNS_1_BLOCK	0
LIST_EXALL_40_ENTRIES_REPEAT10_TOTAL_FREE_TREE_RESERVE_RETURN_RUNS_2_3_BLOCKS	0
LIST_EXALL_40_ENTRIES_REPEAT10_TOTAL_FREE_TREE_RESERVE_RETURN_RUNS_4_7_BLOCKS	0
LIST_EXALL_40_ENTRIES_REPEAT10_TOTAL_FREE_TREE_RESERVE_RETURN_RUNS_8_PLUS_BLOCKS	0
LIST_EXALL_40_ENTRIES_REPEAT10_TOTAL_FREE_TREE_RESERVE_RETURN_MAX_RUN_BLOCKS	0
LIST_EXALL_40_ENTRIES_REPEAT10_TOTAL_FREE_TREE_RESERVE_RETURN_MAX_NODE_WRITES_PER_RUN	0
LIST_EXALL_40_ENTRIES_REPEAT10_TOTAL_POST_PUBLISH_RECLAIM_PASSES	0
LIST_EXALL_40_ENTRIES_REPEAT10_TOTAL_MAX_POST_PUBLISH_RECLAIM_PASSES_PER_COMMIT	0
LIST_EXALL_40_ENTRIES_REPEAT10_TOTAL_SUPERBLOCK_PUBLICATIONS	0
LIST_EXALL_40_ENTRIES_REPEAT10_TOTAL_FREE_TREE_RESERVE_RETURN_RUN_NODE_WRITES	0
LIST_EXALL_40_ENTRIES_REPEAT10_TOTAL_FREE_TREE_RESERVE_RETURN_BATCH_CALLS	0
LIST_EXALL_40_ENTRIES_REPEAT10_TOTAL_FREE_TREE_RESERVE_RETURN_BATCH_BLOCKS	0
LIST_EXALL_40_ENTRIES_REPEAT10_TOTAL_FREE_TREE_RESERVE_RETURN_BATCH_NODE_WRITES	0
LIST_EXALL_40_ENTRIES_REPEAT10_TOTAL_FREE_TREE_RESERVE_RETURN_SKIP_SHAPE	0
LIST_EXALL_40_ENTRIES_REPEAT10_TOTAL_FREE_TREE_RESERVE_RETURN_SKIP_SMALL	0
LIST_EXALL_40_ENTRIES_REPEAT10_TOTAL_FREE_TREE_RESERVE_RETURN_SKIP_EMERGENCY	0
LIST_EXALL_40_ENTRIES_REPEAT10_TOTAL_FREE_TREE_RESERVE_RETURN_SKIP_CAPACITY	0
LIST_EXALL_40_ENTRIES_REPEAT10_TOTAL_SEALED_COMMITS	0
LIST_EXALL_40_ENTRIES_REPEAT10_TOTAL_SEALED_METADATA_FENCES	0
LIST_EXALL_40_ENTRIES_REPEAT10_TOTAL_BTREE_MALLOC_CALLS	11
LIST_EXALL_40_ENTRIES_REPEAT10_TOTAL_BTREE_MALLOC_SAMPLES	11
LIST_EXALL_40_ENTRIES_REPEAT10_TOTAL_BTREE_MALLOC_SAMPLE_TICKS	167
LIST_EXALL_40_ENTRIES_REPEAT10_TOTAL_BTREE_FREE_CALLS	11
LIST_EXALL_40_ENTRIES_REPEAT10_TOTAL_BTREE_FREE_SAMPLES	11
LIST_EXALL_40_ENTRIES_REPEAT10_TOTAL_BTREE_FREE_SAMPLE_TICKS	2
LIST_EXALL_40_ENTRIES_REPEAT10_TOTAL_IFACE_ALLOC_CALLS	0
LIST_EXALL_40_ENTRIES_REPEAT10_TOTAL_IFACE_ALLOC_SAMPLES	0
LIST_EXALL_40_ENTRIES_REPEAT10_TOTAL_IFACE_ALLOC_SAMPLE_TICKS	0
LIST_EXALL_40_ENTRIES_REPEAT10_TOTAL_FREESPACE_ALLOC_SAMPLES	0
LIST_EXALL_40_ENTRIES_REPEAT10_TOTAL_FREESPACE_ALLOC_SAMPLE_TICKS	0
LIST_EXALL_40_ENTRIES_REPEAT10_TOTAL_PACKET_CALLS	12
LIST_EXALL_40_ENTRIES_REPEAT10_TOTAL_PACKET_SAMPLES	12
LIST_EXALL_40_ENTRIES_REPEAT10_TOTAL_PACKET_SAMPLE_TICKS	13343
LIST_EXALL_40_ENTRIES_REPEAT10_TOTAL_PACKET_OPEN_CALLS	0
LIST_EXALL_40_ENTRIES_REPEAT10_TOTAL_PACKET_OPEN_SAMPLES	0
LIST_EXALL_40_ENTRIES_REPEAT10_TOTAL_PACKET_OPEN_SAMPLE_TICKS	0
LIST_EXALL_40_ENTRIES_REPEAT10_TOTAL_PACKET_READ_CALLS	0
LIST_EXALL_40_ENTRIES_REPEAT10_TOTAL_PACKET_READ_SAMPLES	0
LIST_EXALL_40_ENTRIES_REPEAT10_TOTAL_PACKET_READ_SAMPLE_TICKS	0
LIST_EXALL_40_ENTRIES_REPEAT10_TOTAL_PACKET_WRITE_CALLS	0
LIST_EXALL_40_ENTRIES_REPEAT10_TOTAL_PACKET_WRITE_SAMPLES	0
LIST_EXALL_40_ENTRIES_REPEAT10_TOTAL_PACKET_WRITE_SAMPLE_TICKS	0
LIST_EXALL_40_ENTRIES_REPEAT10_TOTAL_PACKET_END_CALLS	0
LIST_EXALL_40_ENTRIES_REPEAT10_TOTAL_PACKET_END_SAMPLES	0
LIST_EXALL_40_ENTRIES_REPEAT10_TOTAL_PACKET_END_SAMPLE_TICKS	0
LIST_EXALL_40_ENTRIES_REPEAT10_TOTAL_PACKET_DELETE_CALLS	0
LIST_EXALL_40_ENTRIES_REPEAT10_TOTAL_PACKET_DELETE_SAMPLES	0
LIST_EXALL_40_ENTRIES_REPEAT10_TOTAL_PACKET_DELETE_SAMPLE_TICKS	0
LIST_EXALL_40_ENTRIES_REPEAT10_TOTAL_PACKET_FLUSH_CALLS	0
LIST_EXALL_40_ENTRIES_REPEAT10_TOTAL_PACKET_FLUSH_SAMPLES	0
LIST_EXALL_40_ENTRIES_REPEAT10_TOTAL_PACKET_FLUSH_SAMPLE_TICKS	0
LIST_EXALL_40_ENTRIES_REPEAT10_TOTAL_PACKET_OTHER_CALLS	12
LIST_EXALL_40_ENTRIES_REPEAT10_TOTAL_PACKET_OTHER_SAMPLES	12
LIST_EXALL_40_ENTRIES_REPEAT10_TOTAL_PACKET_OTHER_SAMPLE_TICKS	13343
LIST_EXALL_40_ENTRIES_REPEAT10_TOTAL_CORE_CREATE_CALLS	0
LIST_EXALL_40_ENTRIES_REPEAT10_TOTAL_CORE_CREATE_SAMPLES	0
LIST_EXALL_40_ENTRIES_REPEAT10_TOTAL_CORE_CREATE_SAMPLE_TICKS	0
LIST_EXALL_40_ENTRIES_REPEAT10_TOTAL_CORE_DELETE_CALLS	0
LIST_EXALL_40_ENTRIES_REPEAT10_TOTAL_CORE_DELETE_SAMPLES	0
LIST_EXALL_40_ENTRIES_REPEAT10_TOTAL_CORE_DELETE_SAMPLE_TICKS	0
LIST_EXALL_40_ENTRIES_REPEAT10_TOTAL_CORE_FILE_WRITE_CALLS	0
LIST_EXALL_40_ENTRIES_REPEAT10_TOTAL_CORE_FILE_WRITE_SAMPLES	0
LIST_EXALL_40_ENTRIES_REPEAT10_TOTAL_CORE_FILE_WRITE_SAMPLE_TICKS	0
LIST_EXALL_40_ENTRIES_REPEAT10_TOTAL_CORE_SYNC_CALLS	0
LIST_EXALL_40_ENTRIES_REPEAT10_TOTAL_CORE_SYNC_SAMPLES	0
LIST_EXALL_40_ENTRIES_REPEAT10_TOTAL_CORE_SYNC_SAMPLE_TICKS	0
LIST_EXALL_40_ENTRIES_REPEAT10_TOTAL_IFACE_FREE_CALLS	0
LIST_EXALL_40_ENTRIES_REPEAT10_TOTAL_IFACE_FREE_SAMPLES	0
LIST_EXALL_40_ENTRIES_REPEAT10_TOTAL_IFACE_FREE_SAMPLE_TICKS	0
LIST_EXALL_40_ENTRIES_REPEAT10_TOTAL_SEAL_COMMIT_CALLS	0
LIST_EXALL_40_ENTRIES_REPEAT10_TOTAL_SEAL_COMMIT_SAMPLES	0
LIST_EXALL_40_ENTRIES_REPEAT10_TOTAL_SEAL_COMMIT_SAMPLE_TICKS	0
LIST_EXALL_40_ENTRIES_REPEAT10_TOTAL_INODE_READ_CALLS	400
LIST_EXALL_40_ENTRIES_REPEAT10_TOTAL_BTREE_SEARCH_CALLS	401
LIST_EXALL_40_ENTRIES_REPEAT10_TOTAL_BTREE_INDEX_HINT_HITS	400
LIST_EXALL_40_ENTRIES_REPEAT10_TOTAL_BTREE_LEAF_HINT_HITS	1
LIST_EXALL_40_ENTRIES_REPEAT10_TOTAL_CACHE_READ_CALLS	0
LIST_EXALL_40_ENTRIES_REPEAT10_TOTAL_CACHE_READ_HITS	0
LIST_EXALL_40_ENTRIES_REPEAT10_TOTAL_CACHE_READ_MISSES	0
LIST_EXALL_40_ENTRIES_REPEAT10_TOTAL_FREE_TREE_NODE_VIEWS	0
LIST_EXALL_40_ENTRIES_REPEAT10_TOTAL_FREE_TREE_RESIDENT_VIEWS	0
LIST_EXALL_40_ENTRIES_REPEAT10_TOTAL_DIR_TREE_NODE_VIEWS	160
LIST_EXALL_40_ENTRIES_REPEAT10_TOTAL_DIR_TREE_RESIDENT_VIEWS	160
LIST_EXALL_40_ENTRIES_REPEAT10_TOTAL_INODE_TREE_NODE_VIEWS	0
LIST_EXALL_40_ENTRIES_REPEAT10_TOTAL_INODE_TREE_RESIDENT_VIEWS	0
LIST_EXALL_40_ENTRIES_REPEAT10_TOTAL_REFCOUNT_TREE_NODE_VIEWS	0
LIST_EXALL_40_ENTRIES_REPEAT10_TOTAL_REFCOUNT_TREE_RESIDENT_VIEWS	0
LIST_EXALL_40_ENTRIES_REPEAT10_TOTAL_OTHER_TREE_NODE_VIEWS	0
LIST_EXALL_40_ENTRIES_REPEAT10_TOTAL_OTHER_TREE_RESIDENT_VIEWS	0
LIST_EXALL_40_ENTRIES_REPEAT10_TOTAL_DETAIL_INODE_READ_CALLS	400
LIST_EXALL_40_ENTRIES_REPEAT10_TOTAL_DETAIL_INODE_READ_SAMPLES	23
LIST_EXALL_40_ENTRIES_REPEAT10_TOTAL_DETAIL_INODE_READ_SAMPLE_TICKS	685
LIST_EXALL_40_ENTRIES_REPEAT10_TOTAL_DETAIL_INODE_VALIDATE_CALLS	400
LIST_EXALL_40_ENTRIES_REPEAT10_TOTAL_DETAIL_INODE_VALIDATE_SAMPLES	23
LIST_EXALL_40_ENTRIES_REPEAT10_TOTAL_DETAIL_INODE_VALIDATE_SAMPLE_TICKS	180
LIST_EXALL_40_ENTRIES_REPEAT10_TOTAL_DETAIL_INODE_SEARCH_CALLS	400
LIST_EXALL_40_ENTRIES_REPEAT10_TOTAL_DETAIL_INODE_SEARCH_SAMPLES	23
LIST_EXALL_40_ENTRIES_REPEAT10_TOTAL_DETAIL_INODE_SEARCH_SAMPLE_TICKS	207
LIST_EXALL_40_ENTRIES_REPEAT10_TOTAL_DETAIL_INODE_NODE_VIEW_CALLS	0
LIST_EXALL_40_ENTRIES_REPEAT10_TOTAL_DETAIL_INODE_NODE_VIEW_SAMPLES	0
LIST_EXALL_40_ENTRIES_REPEAT10_TOTAL_DETAIL_INODE_NODE_VIEW_SAMPLE_TICKS	0
LIST_EXALL_40_ENTRIES_REPEAT10_TOTAL_DETAIL_DIR_NODE_VIEW_CALLS	160
LIST_EXALL_40_ENTRIES_REPEAT10_TOTAL_DETAIL_DIR_NODE_VIEW_SAMPLES	9
LIST_EXALL_40_ENTRIES_REPEAT10_TOTAL_DETAIL_DIR_NODE_VIEW_SAMPLE_TICKS	136
LIST_EXALL_40_ENTRIES_REPEAT10_TOTAL_DETAIL_INODE_BINARY_SEARCH_CALLS	0
LIST_EXALL_40_ENTRIES_REPEAT10_TOTAL_DETAIL_INODE_BINARY_SEARCH_SAMPLES	0
LIST_EXALL_40_ENTRIES_REPEAT10_TOTAL_DETAIL_INODE_BINARY_SEARCH_SAMPLE_TICKS	0
LIST_EXALL_40_ENTRIES_REPEAT10_TOTAL_DETAIL_DIR_BINARY_SEARCH_CALLS	41
LIST_EXALL_40_ENTRIES_REPEAT10_TOTAL_DETAIL_DIR_BINARY_SEARCH_SAMPLES	2
LIST_EXALL_40_ENTRIES_REPEAT10_TOTAL_DETAIL_DIR_BINARY_SEARCH_SAMPLE_TICKS	0
LIST_EXALL_40_ENTRIES_REPEAT10_TOTAL_DETAIL_NODE_STRUCTURE_CALLS	0
LIST_EXALL_40_ENTRIES_REPEAT10_TOTAL_DETAIL_NODE_STRUCTURE_SAMPLES	0
LIST_EXALL_40_ENTRIES_REPEAT10_TOTAL_DETAIL_NODE_STRUCTURE_SAMPLE_TICKS	0
LIST_EXALL_40_ENTRIES_REPEAT10_TOTAL_DETAIL_CACHE_PEEK_CALLS	561
LIST_EXALL_40_ENTRIES_REPEAT10_TOTAL_DETAIL_CACHE_PEEK_SAMPLES	33
LIST_EXALL_40_ENTRIES_REPEAT10_TOTAL_DETAIL_CACHE_PEEK_SAMPLE_TICKS	263
LIST_EXALL_40_ENTRIES_REPEAT10_TOTAL_DETAIL_BUFFER_ALLOC_CALLS	10
LIST_EXALL_40_ENTRIES_REPEAT10_TOTAL_DETAIL_BUFFER_ALLOC_SAMPLES	0
LIST_EXALL_40_ENTRIES_REPEAT10_TOTAL_DETAIL_BUFFER_ALLOC_SAMPLE_TICKS	0
LIST_EXALL_40_ENTRIES_REPEAT10_TOTAL_DETAIL_BUFFER_FREE_CALLS	10
LIST_EXALL_40_ENTRIES_REPEAT10_TOTAL_DETAIL_BUFFER_FREE_SAMPLES	0
LIST_EXALL_40_ENTRIES_REPEAT10_TOTAL_DETAIL_BUFFER_FREE_SAMPLE_TICKS	0
LIST_EXALL_40_ENTRIES_REPEAT10_TOTAL_DETAIL_EXALL_FILL_CALLS	410
LIST_EXALL_40_ENTRIES_REPEAT10_TOTAL_DETAIL_EXALL_FILL_SAMPLES	24
LIST_EXALL_40_ENTRIES_REPEAT10_TOTAL_DETAIL_EXALL_FILL_SAMPLE_TICKS	507
LIST_EXALL_40_ENTRIES_REPEAT10_TOTAL_DEFERRED_NODE_WRITES	0
LIST_EXNEXT_400_ENTRIES_FIRST_PASS_US	178047
LIST_EXNEXT_400_ENTRIES_FIRST_PASS_BIO_READS	65
LIST_EXNEXT_400_ENTRIES_FIRST_PASS_BIO_WRITES	0
LIST_EXNEXT_400_ENTRIES_FIRST_PASS_BIO_UPDATES	0
LIST_EXNEXT_400_ENTRIES_FIRST_PASS_DATA_READS	0
LIST_EXNEXT_400_ENTRIES_FIRST_PASS_DATA_WRITES	0
LIST_EXNEXT_400_ENTRIES_FIRST_PASS_NODE_WRITES	0
LIST_EXNEXT_400_ENTRIES_FIRST_PASS_TXN_COMMITS	0
LIST_EXNEXT_400_ENTRIES_FIRST_PASS_FREESPACE_ALLOCS	0
LIST_EXNEXT_400_ENTRIES_FIRST_PASS_EXTENT_MAPS	0
LIST_EXNEXT_400_ENTRIES_FIRST_PASS_READ_TICKS	6546
LIST_EXNEXT_400_ENTRIES_FIRST_PASS_WRITE_TICKS	0
LIST_EXNEXT_400_ENTRIES_FIRST_PASS_UPDATE_TICKS	0
LIST_EXNEXT_400_ENTRIES_FIRST_PASS_DATA_READ_TICKS	0
LIST_EXNEXT_400_ENTRIES_FIRST_PASS_DATA_WRITE_TICKS	0
LIST_EXNEXT_400_ENTRIES_FIRST_PASS_FREE_TREE_NODE_WRITES	0
LIST_EXNEXT_400_ENTRIES_FIRST_PASS_FREE_TREE_ALLOCATION_BODY_NODE_WRITES	0
LIST_EXNEXT_400_ENTRIES_FIRST_PASS_FREE_TREE_RESERVE_REFILL_NODE_WRITES	0
LIST_EXNEXT_400_ENTRIES_FIRST_PASS_FREE_TREE_RESERVE_RETURN_NODE_WRITES	0
LIST_EXNEXT_400_ENTRIES_FIRST_PASS_FREE_TREE_POST_PUBLISH_PENDING_RECLAIM_NODE_WRITES	0
LIST_EXNEXT_400_ENTRIES_FIRST_PASS_FREE_TREE_OTHER_NODE_WRITES	0
LIST_EXNEXT_400_ENTRIES_FIRST_PASS_DIR_TREE_NODE_WRITES	0
LIST_EXNEXT_400_ENTRIES_FIRST_PASS_INODE_TREE_NODE_WRITES	0
LIST_EXNEXT_400_ENTRIES_FIRST_PASS_REFCOUNT_TREE_NODE_WRITES	0
LIST_EXNEXT_400_ENTRIES_FIRST_PASS_OTHER_TREE_NODE_WRITES	0
LIST_EXNEXT_400_ENTRIES_FIRST_PASS_NODE_CRC_READ_CALLS	65
LIST_EXNEXT_400_ENTRIES_FIRST_PASS_NODE_CRC_READ_SAMPLES	1
LIST_EXNEXT_400_ENTRIES_FIRST_PASS_NODE_CRC_READ_SAMPLE_TICKS	273
LIST_EXNEXT_400_ENTRIES_FIRST_PASS_NODE_CRC_WRITE_CALLS	0
LIST_EXNEXT_400_ENTRIES_FIRST_PASS_NODE_CRC_WRITE_SAMPLES	0
LIST_EXNEXT_400_ENTRIES_FIRST_PASS_NODE_CRC_WRITE_SAMPLE_TICKS	0
LIST_EXNEXT_400_ENTRIES_FIRST_PASS_CLOCK_PAIR_TICKS	1
LIST_EXNEXT_400_ENTRIES_FIRST_PASS_FREE_TREE_RESERVE_RETURN_CALLS	0
LIST_EXNEXT_400_ENTRIES_FIRST_PASS_FREE_TREE_RESERVE_RETURN_RUNS	0
LIST_EXNEXT_400_ENTRIES_FIRST_PASS_FREE_TREE_RESERVE_RETURN_BLOCKS	0
LIST_EXNEXT_400_ENTRIES_FIRST_PASS_FREE_TREE_RESERVE_RETURN_RUNS_1_BLOCK	0
LIST_EXNEXT_400_ENTRIES_FIRST_PASS_FREE_TREE_RESERVE_RETURN_RUNS_2_3_BLOCKS	0
LIST_EXNEXT_400_ENTRIES_FIRST_PASS_FREE_TREE_RESERVE_RETURN_RUNS_4_7_BLOCKS	0
LIST_EXNEXT_400_ENTRIES_FIRST_PASS_FREE_TREE_RESERVE_RETURN_RUNS_8_PLUS_BLOCKS	0
LIST_EXNEXT_400_ENTRIES_FIRST_PASS_FREE_TREE_RESERVE_RETURN_MAX_RUN_BLOCKS	0
LIST_EXNEXT_400_ENTRIES_FIRST_PASS_FREE_TREE_RESERVE_RETURN_MAX_NODE_WRITES_PER_RUN	0
LIST_EXNEXT_400_ENTRIES_FIRST_PASS_POST_PUBLISH_RECLAIM_PASSES	0
LIST_EXNEXT_400_ENTRIES_FIRST_PASS_MAX_POST_PUBLISH_RECLAIM_PASSES_PER_COMMIT	0
LIST_EXNEXT_400_ENTRIES_FIRST_PASS_SUPERBLOCK_PUBLICATIONS	0
LIST_EXNEXT_400_ENTRIES_FIRST_PASS_FREE_TREE_RESERVE_RETURN_RUN_NODE_WRITES	0
LIST_EXNEXT_400_ENTRIES_FIRST_PASS_FREE_TREE_RESERVE_RETURN_BATCH_CALLS	0
LIST_EXNEXT_400_ENTRIES_FIRST_PASS_FREE_TREE_RESERVE_RETURN_BATCH_BLOCKS	0
LIST_EXNEXT_400_ENTRIES_FIRST_PASS_FREE_TREE_RESERVE_RETURN_BATCH_NODE_WRITES	0
LIST_EXNEXT_400_ENTRIES_FIRST_PASS_FREE_TREE_RESERVE_RETURN_SKIP_SHAPE	0
LIST_EXNEXT_400_ENTRIES_FIRST_PASS_FREE_TREE_RESERVE_RETURN_SKIP_SMALL	0
LIST_EXNEXT_400_ENTRIES_FIRST_PASS_FREE_TREE_RESERVE_RETURN_SKIP_EMERGENCY	0
LIST_EXNEXT_400_ENTRIES_FIRST_PASS_FREE_TREE_RESERVE_RETURN_SKIP_CAPACITY	0
LIST_EXNEXT_400_ENTRIES_FIRST_PASS_SEALED_COMMITS	0
LIST_EXNEXT_400_ENTRIES_FIRST_PASS_SEALED_METADATA_FENCES	0
LIST_EXNEXT_400_ENTRIES_FIRST_PASS_BTREE_MALLOC_CALLS	43
LIST_EXNEXT_400_ENTRIES_FIRST_PASS_BTREE_MALLOC_SAMPLES	43
LIST_EXNEXT_400_ENTRIES_FIRST_PASS_BTREE_MALLOC_SAMPLE_TICKS	698
LIST_EXNEXT_400_ENTRIES_FIRST_PASS_BTREE_FREE_CALLS	403
LIST_EXNEXT_400_ENTRIES_FIRST_PASS_BTREE_FREE_SAMPLES	403
LIST_EXNEXT_400_ENTRIES_FIRST_PASS_BTREE_FREE_SAMPLE_TICKS	2669
LIST_EXNEXT_400_ENTRIES_FIRST_PASS_IFACE_ALLOC_CALLS	0
LIST_EXNEXT_400_ENTRIES_FIRST_PASS_IFACE_ALLOC_SAMPLES	0
LIST_EXNEXT_400_ENTRIES_FIRST_PASS_IFACE_ALLOC_SAMPLE_TICKS	0
LIST_EXNEXT_400_ENTRIES_FIRST_PASS_FREESPACE_ALLOC_SAMPLES	0
LIST_EXNEXT_400_ENTRIES_FIRST_PASS_FREESPACE_ALLOC_SAMPLE_TICKS	0
LIST_EXNEXT_400_ENTRIES_FIRST_PASS_PACKET_CALLS	404
LIST_EXNEXT_400_ENTRIES_FIRST_PASS_PACKET_SAMPLES	404
LIST_EXNEXT_400_ENTRIES_FIRST_PASS_PACKET_SAMPLE_TICKS	107898
LIST_EXNEXT_400_ENTRIES_FIRST_PASS_PACKET_OPEN_CALLS	0
LIST_EXNEXT_400_ENTRIES_FIRST_PASS_PACKET_OPEN_SAMPLES	0
LIST_EXNEXT_400_ENTRIES_FIRST_PASS_PACKET_OPEN_SAMPLE_TICKS	0
LIST_EXNEXT_400_ENTRIES_FIRST_PASS_PACKET_READ_CALLS	0
LIST_EXNEXT_400_ENTRIES_FIRST_PASS_PACKET_READ_SAMPLES	0
LIST_EXNEXT_400_ENTRIES_FIRST_PASS_PACKET_READ_SAMPLE_TICKS	0
LIST_EXNEXT_400_ENTRIES_FIRST_PASS_PACKET_WRITE_CALLS	0
LIST_EXNEXT_400_ENTRIES_FIRST_PASS_PACKET_WRITE_SAMPLES	0
LIST_EXNEXT_400_ENTRIES_FIRST_PASS_PACKET_WRITE_SAMPLE_TICKS	0
LIST_EXNEXT_400_ENTRIES_FIRST_PASS_PACKET_END_CALLS	0
LIST_EXNEXT_400_ENTRIES_FIRST_PASS_PACKET_END_SAMPLES	0
LIST_EXNEXT_400_ENTRIES_FIRST_PASS_PACKET_END_SAMPLE_TICKS	0
LIST_EXNEXT_400_ENTRIES_FIRST_PASS_PACKET_DELETE_CALLS	0
LIST_EXNEXT_400_ENTRIES_FIRST_PASS_PACKET_DELETE_SAMPLES	0
LIST_EXNEXT_400_ENTRIES_FIRST_PASS_PACKET_DELETE_SAMPLE_TICKS	0
LIST_EXNEXT_400_ENTRIES_FIRST_PASS_PACKET_FLUSH_CALLS	0
LIST_EXNEXT_400_ENTRIES_FIRST_PASS_PACKET_FLUSH_SAMPLES	0
LIST_EXNEXT_400_ENTRIES_FIRST_PASS_PACKET_FLUSH_SAMPLE_TICKS	0
LIST_EXNEXT_400_ENTRIES_FIRST_PASS_PACKET_OTHER_CALLS	404
LIST_EXNEXT_400_ENTRIES_FIRST_PASS_PACKET_OTHER_SAMPLES	404
LIST_EXNEXT_400_ENTRIES_FIRST_PASS_PACKET_OTHER_SAMPLE_TICKS	107898
LIST_EXNEXT_400_ENTRIES_FIRST_PASS_CORE_CREATE_CALLS	0
LIST_EXNEXT_400_ENTRIES_FIRST_PASS_CORE_CREATE_SAMPLES	0
LIST_EXNEXT_400_ENTRIES_FIRST_PASS_CORE_CREATE_SAMPLE_TICKS	0
LIST_EXNEXT_400_ENTRIES_FIRST_PASS_CORE_DELETE_CALLS	0
LIST_EXNEXT_400_ENTRIES_FIRST_PASS_CORE_DELETE_SAMPLES	0
LIST_EXNEXT_400_ENTRIES_FIRST_PASS_CORE_DELETE_SAMPLE_TICKS	0
LIST_EXNEXT_400_ENTRIES_FIRST_PASS_CORE_FILE_WRITE_CALLS	0
LIST_EXNEXT_400_ENTRIES_FIRST_PASS_CORE_FILE_WRITE_SAMPLES	0
LIST_EXNEXT_400_ENTRIES_FIRST_PASS_CORE_FILE_WRITE_SAMPLE_TICKS	0
LIST_EXNEXT_400_ENTRIES_FIRST_PASS_CORE_SYNC_CALLS	0
LIST_EXNEXT_400_ENTRIES_FIRST_PASS_CORE_SYNC_SAMPLES	0
LIST_EXNEXT_400_ENTRIES_FIRST_PASS_CORE_SYNC_SAMPLE_TICKS	0
LIST_EXNEXT_400_ENTRIES_FIRST_PASS_IFACE_FREE_CALLS	0
LIST_EXNEXT_400_ENTRIES_FIRST_PASS_IFACE_FREE_SAMPLES	0
LIST_EXNEXT_400_ENTRIES_FIRST_PASS_IFACE_FREE_SAMPLE_TICKS	0
LIST_EXNEXT_400_ENTRIES_FIRST_PASS_SEAL_COMMIT_CALLS	0
LIST_EXNEXT_400_ENTRIES_FIRST_PASS_SEAL_COMMIT_SAMPLES	0
LIST_EXNEXT_400_ENTRIES_FIRST_PASS_SEAL_COMMIT_SAMPLE_TICKS	0
LIST_EXNEXT_400_ENTRIES_FIRST_PASS_INODE_READ_CALLS	401
LIST_EXNEXT_400_ENTRIES_FIRST_PASS_BTREE_SEARCH_CALLS	402
LIST_EXNEXT_400_ENTRIES_FIRST_PASS_BTREE_INDEX_HINT_HITS	0
LIST_EXNEXT_400_ENTRIES_FIRST_PASS_BTREE_LEAF_HINT_HITS	124
LIST_EXNEXT_400_ENTRIES_FIRST_PASS_CACHE_READ_CALLS	65
LIST_EXNEXT_400_ENTRIES_FIRST_PASS_CACHE_READ_HITS	0
LIST_EXNEXT_400_ENTRIES_FIRST_PASS_CACHE_READ_MISSES	65
LIST_EXNEXT_400_ENTRIES_FIRST_PASS_FREE_TREE_NODE_VIEWS	0
LIST_EXNEXT_400_ENTRIES_FIRST_PASS_FREE_TREE_RESIDENT_VIEWS	0
LIST_EXNEXT_400_ENTRIES_FIRST_PASS_DIR_TREE_NODE_VIEWS	264
LIST_EXNEXT_400_ENTRIES_FIRST_PASS_DIR_TREE_RESIDENT_VIEWS	219
LIST_EXNEXT_400_ENTRIES_FIRST_PASS_INODE_TREE_NODE_VIEWS	556
LIST_EXNEXT_400_ENTRIES_FIRST_PASS_INODE_TREE_RESIDENT_VIEWS	536
LIST_EXNEXT_400_ENTRIES_FIRST_PASS_REFCOUNT_TREE_NODE_VIEWS	0
LIST_EXNEXT_400_ENTRIES_FIRST_PASS_REFCOUNT_TREE_RESIDENT_VIEWS	0
LIST_EXNEXT_400_ENTRIES_FIRST_PASS_OTHER_TREE_NODE_VIEWS	0
LIST_EXNEXT_400_ENTRIES_FIRST_PASS_OTHER_TREE_RESIDENT_VIEWS	0
LIST_EXNEXT_400_ENTRIES_FIRST_PASS_DETAIL_INODE_READ_CALLS	401
LIST_EXNEXT_400_ENTRIES_FIRST_PASS_DETAIL_INODE_READ_SAMPLES	23
LIST_EXNEXT_400_ENTRIES_FIRST_PASS_DETAIL_INODE_READ_SAMPLE_TICKS	2626
LIST_EXNEXT_400_ENTRIES_FIRST_PASS_DETAIL_INODE_VALIDATE_CALLS	401
LIST_EXNEXT_400_ENTRIES_FIRST_PASS_DETAIL_INODE_VALIDATE_SAMPLES	23
LIST_EXNEXT_400_ENTRIES_FIRST_PASS_DETAIL_INODE_VALIDATE_SAMPLE_TICKS	116
LIST_EXNEXT_400_ENTRIES_FIRST_PASS_DETAIL_INODE_SEARCH_CALLS	401
LIST_EXNEXT_400_ENTRIES_FIRST_PASS_DETAIL_INODE_SEARCH_SAMPLES	23
LIST_EXNEXT_400_ENTRIES_FIRST_PASS_DETAIL_INODE_SEARCH_SAMPLE_TICKS	2023
LIST_EXNEXT_400_ENTRIES_FIRST_PASS_DETAIL_INODE_NODE_VIEW_CALLS	556
LIST_EXNEXT_400_ENTRIES_FIRST_PASS_DETAIL_INODE_NODE_VIEW_SAMPLES	32
LIST_EXNEXT_400_ENTRIES_FIRST_PASS_DETAIL_INODE_NODE_VIEW_SAMPLE_TICKS	1362
LIST_EXNEXT_400_ENTRIES_FIRST_PASS_DETAIL_DIR_NODE_VIEW_CALLS	264
LIST_EXNEXT_400_ENTRIES_FIRST_PASS_DETAIL_DIR_NODE_VIEW_SAMPLES	15
LIST_EXNEXT_400_ENTRIES_FIRST_PASS_DETAIL_DIR_NODE_VIEW_SAMPLE_TICKS	2639
LIST_EXNEXT_400_ENTRIES_FIRST_PASS_DETAIL_INODE_BINARY_SEARCH_CALLS	679
LIST_EXNEXT_400_ENTRIES_FIRST_PASS_DETAIL_INODE_BINARY_SEARCH_SAMPLES	39
LIST_EXNEXT_400_ENTRIES_FIRST_PASS_DETAIL_INODE_BINARY_SEARCH_SAMPLE_TICKS	111
LIST_EXNEXT_400_ENTRIES_FIRST_PASS_DETAIL_DIR_BINARY_SEARCH_CALLS	173
LIST_EXNEXT_400_ENTRIES_FIRST_PASS_DETAIL_DIR_BINARY_SEARCH_SAMPLES	10
LIST_EXNEXT_400_ENTRIES_FIRST_PASS_DETAIL_DIR_BINARY_SEARCH_SAMPLE_TICKS	1
LIST_EXNEXT_400_ENTRIES_FIRST_PASS_DETAIL_NODE_STRUCTURE_CALLS	65
LIST_EXNEXT_400_ENTRIES_FIRST_PASS_DETAIL_NODE_STRUCTURE_SAMPLES	3
LIST_EXNEXT_400_ENTRIES_FIRST_PASS_DETAIL_NODE_STRUCTURE_SAMPLE_TICKS	91
LIST_EXNEXT_400_ENTRIES_FIRST_PASS_DETAIL_CACHE_PEEK_CALLS	1222
LIST_EXNEXT_400_ENTRIES_FIRST_PASS_DETAIL_CACHE_PEEK_SAMPLES	71
LIST_EXNEXT_400_ENTRIES_FIRST_PASS_DETAIL_CACHE_PEEK_SAMPLE_TICKS	547
LIST_EXNEXT_400_ENTRIES_FIRST_PASS_DETAIL_BUFFER_ALLOC_CALLS	680
LIST_EXNEXT_400_ENTRIES_FIRST_PASS_DETAIL_BUFFER_ALLOC_SAMPLES	40
LIST_EXNEXT_400_ENTRIES_FIRST_PASS_DETAIL_BUFFER_ALLOC_SAMPLE_TICKS	322
LIST_EXNEXT_400_ENTRIES_FIRST_PASS_DETAIL_BUFFER_FREE_CALLS	680
LIST_EXNEXT_400_ENTRIES_FIRST_PASS_DETAIL_BUFFER_FREE_SAMPLES	40
LIST_EXNEXT_400_ENTRIES_FIRST_PASS_DETAIL_BUFFER_FREE_SAMPLE_TICKS	227
LIST_EXNEXT_400_ENTRIES_FIRST_PASS_DETAIL_EXALL_FILL_CALLS	0
LIST_EXNEXT_400_ENTRIES_FIRST_PASS_DETAIL_EXALL_FILL_SAMPLES	0
LIST_EXNEXT_400_ENTRIES_FIRST_PASS_DETAIL_EXALL_FILL_SAMPLE_TICKS	0
LIST_EXNEXT_400_ENTRIES_FIRST_PASS_DEFERRED_NODE_WRITES	0
LIST_EXNEXT_400_ENTRIES_REPEAT10_TOTAL_US	836897
LIST_EXNEXT_400_ENTRIES_REPEAT10_TOTAL_BIO_READS	700
LIST_EXNEXT_400_ENTRIES_REPEAT10_TOTAL_BIO_WRITES	0
LIST_EXNEXT_400_ENTRIES_REPEAT10_TOTAL_BIO_UPDATES	0
LIST_EXNEXT_400_ENTRIES_REPEAT10_TOTAL_DATA_READS	0
LIST_EXNEXT_400_ENTRIES_REPEAT10_TOTAL_DATA_WRITES	0
LIST_EXNEXT_400_ENTRIES_REPEAT10_TOTAL_NODE_WRITES	0
LIST_EXNEXT_400_ENTRIES_REPEAT10_TOTAL_TXN_COMMITS	0
LIST_EXNEXT_400_ENTRIES_REPEAT10_TOTAL_FREESPACE_ALLOCS	0
LIST_EXNEXT_400_ENTRIES_REPEAT10_TOTAL_EXTENT_MAPS	0
LIST_EXNEXT_400_ENTRIES_REPEAT10_TOTAL_READ_TICKS	49364
LIST_EXNEXT_400_ENTRIES_REPEAT10_TOTAL_WRITE_TICKS	0
LIST_EXNEXT_400_ENTRIES_REPEAT10_TOTAL_UPDATE_TICKS	0
LIST_EXNEXT_400_ENTRIES_REPEAT10_TOTAL_DATA_READ_TICKS	0
LIST_EXNEXT_400_ENTRIES_REPEAT10_TOTAL_DATA_WRITE_TICKS	0
LIST_EXNEXT_400_ENTRIES_REPEAT10_TOTAL_FREE_TREE_NODE_WRITES	0
LIST_EXNEXT_400_ENTRIES_REPEAT10_TOTAL_FREE_TREE_ALLOCATION_BODY_NODE_WRITES	0
LIST_EXNEXT_400_ENTRIES_REPEAT10_TOTAL_FREE_TREE_RESERVE_REFILL_NODE_WRITES	0
LIST_EXNEXT_400_ENTRIES_REPEAT10_TOTAL_FREE_TREE_RESERVE_RETURN_NODE_WRITES	0
LIST_EXNEXT_400_ENTRIES_REPEAT10_TOTAL_FREE_TREE_POST_PUBLISH_PENDING_RECLAIM_NODE_WRITES	0
LIST_EXNEXT_400_ENTRIES_REPEAT10_TOTAL_FREE_TREE_OTHER_NODE_WRITES	0
LIST_EXNEXT_400_ENTRIES_REPEAT10_TOTAL_DIR_TREE_NODE_WRITES	0
LIST_EXNEXT_400_ENTRIES_REPEAT10_TOTAL_INODE_TREE_NODE_WRITES	0
LIST_EXNEXT_400_ENTRIES_REPEAT10_TOTAL_REFCOUNT_TREE_NODE_WRITES	0
LIST_EXNEXT_400_ENTRIES_REPEAT10_TOTAL_OTHER_TREE_NODE_WRITES	0
LIST_EXNEXT_400_ENTRIES_REPEAT10_TOTAL_NODE_CRC_READ_CALLS	700
LIST_EXNEXT_400_ENTRIES_REPEAT10_TOTAL_NODE_CRC_READ_SAMPLES	10
LIST_EXNEXT_400_ENTRIES_REPEAT10_TOTAL_NODE_CRC_READ_SAMPLE_TICKS	1504
LIST_EXNEXT_400_ENTRIES_REPEAT10_TOTAL_NODE_CRC_WRITE_CALLS	0
LIST_EXNEXT_400_ENTRIES_REPEAT10_TOTAL_NODE_CRC_WRITE_SAMPLES	0
LIST_EXNEXT_400_ENTRIES_REPEAT10_TOTAL_NODE_CRC_WRITE_SAMPLE_TICKS	0
LIST_EXNEXT_400_ENTRIES_REPEAT10_TOTAL_CLOCK_PAIR_TICKS	2
LIST_EXNEXT_400_ENTRIES_REPEAT10_TOTAL_FREE_TREE_RESERVE_RETURN_CALLS	0
LIST_EXNEXT_400_ENTRIES_REPEAT10_TOTAL_FREE_TREE_RESERVE_RETURN_RUNS	0
LIST_EXNEXT_400_ENTRIES_REPEAT10_TOTAL_FREE_TREE_RESERVE_RETURN_BLOCKS	0
LIST_EXNEXT_400_ENTRIES_REPEAT10_TOTAL_FREE_TREE_RESERVE_RETURN_RUNS_1_BLOCK	0
LIST_EXNEXT_400_ENTRIES_REPEAT10_TOTAL_FREE_TREE_RESERVE_RETURN_RUNS_2_3_BLOCKS	0
LIST_EXNEXT_400_ENTRIES_REPEAT10_TOTAL_FREE_TREE_RESERVE_RETURN_RUNS_4_7_BLOCKS	0
LIST_EXNEXT_400_ENTRIES_REPEAT10_TOTAL_FREE_TREE_RESERVE_RETURN_RUNS_8_PLUS_BLOCKS	0
LIST_EXNEXT_400_ENTRIES_REPEAT10_TOTAL_FREE_TREE_RESERVE_RETURN_MAX_RUN_BLOCKS	0
LIST_EXNEXT_400_ENTRIES_REPEAT10_TOTAL_FREE_TREE_RESERVE_RETURN_MAX_NODE_WRITES_PER_RUN	0
LIST_EXNEXT_400_ENTRIES_REPEAT10_TOTAL_POST_PUBLISH_RECLAIM_PASSES	0
LIST_EXNEXT_400_ENTRIES_REPEAT10_TOTAL_MAX_POST_PUBLISH_RECLAIM_PASSES_PER_COMMIT	0
LIST_EXNEXT_400_ENTRIES_REPEAT10_TOTAL_SUPERBLOCK_PUBLICATIONS	0
LIST_EXNEXT_400_ENTRIES_REPEAT10_TOTAL_FREE_TREE_RESERVE_RETURN_RUN_NODE_WRITES	0
LIST_EXNEXT_400_ENTRIES_REPEAT10_TOTAL_FREE_TREE_RESERVE_RETURN_BATCH_CALLS	0
LIST_EXNEXT_400_ENTRIES_REPEAT10_TOTAL_FREE_TREE_RESERVE_RETURN_BATCH_BLOCKS	0
LIST_EXNEXT_400_ENTRIES_REPEAT10_TOTAL_FREE_TREE_RESERVE_RETURN_BATCH_NODE_WRITES	0
LIST_EXNEXT_400_ENTRIES_REPEAT10_TOTAL_FREE_TREE_RESERVE_RETURN_SKIP_SHAPE	0
LIST_EXNEXT_400_ENTRIES_REPEAT10_TOTAL_FREE_TREE_RESERVE_RETURN_SKIP_SMALL	0
LIST_EXNEXT_400_ENTRIES_REPEAT10_TOTAL_FREE_TREE_RESERVE_RETURN_SKIP_EMERGENCY	0
LIST_EXNEXT_400_ENTRIES_REPEAT10_TOTAL_FREE_TREE_RESERVE_RETURN_SKIP_CAPACITY	0
LIST_EXNEXT_400_ENTRIES_REPEAT10_TOTAL_SEALED_COMMITS	0
LIST_EXNEXT_400_ENTRIES_REPEAT10_TOTAL_SEALED_METADATA_FENCES	0
LIST_EXNEXT_400_ENTRIES_REPEAT10_TOTAL_BTREE_MALLOC_CALLS	421
LIST_EXNEXT_400_ENTRIES_REPEAT10_TOTAL_BTREE_MALLOC_SAMPLES	421
LIST_EXNEXT_400_ENTRIES_REPEAT10_TOTAL_BTREE_MALLOC_SAMPLE_TICKS	2528
LIST_EXNEXT_400_ENTRIES_REPEAT10_TOTAL_BTREE_FREE_CALLS	4021
LIST_EXNEXT_400_ENTRIES_REPEAT10_TOTAL_BTREE_FREE_SAMPLES	4021
LIST_EXNEXT_400_ENTRIES_REPEAT10_TOTAL_BTREE_FREE_SAMPLE_TICKS	7947
LIST_EXNEXT_400_ENTRIES_REPEAT10_TOTAL_IFACE_ALLOC_CALLS	0
LIST_EXNEXT_400_ENTRIES_REPEAT10_TOTAL_IFACE_ALLOC_SAMPLES	0
LIST_EXNEXT_400_ENTRIES_REPEAT10_TOTAL_IFACE_ALLOC_SAMPLE_TICKS	0
LIST_EXNEXT_400_ENTRIES_REPEAT10_TOTAL_FREESPACE_ALLOC_SAMPLES	0
LIST_EXNEXT_400_ENTRIES_REPEAT10_TOTAL_FREESPACE_ALLOC_SAMPLE_TICKS	0
LIST_EXNEXT_400_ENTRIES_REPEAT10_TOTAL_PACKET_CALLS	4022
LIST_EXNEXT_400_ENTRIES_REPEAT10_TOTAL_PACKET_SAMPLES	4022
LIST_EXNEXT_400_ENTRIES_REPEAT10_TOTAL_PACKET_SAMPLE_TICKS	511587
LIST_EXNEXT_400_ENTRIES_REPEAT10_TOTAL_PACKET_OPEN_CALLS	0
LIST_EXNEXT_400_ENTRIES_REPEAT10_TOTAL_PACKET_OPEN_SAMPLES	0
LIST_EXNEXT_400_ENTRIES_REPEAT10_TOTAL_PACKET_OPEN_SAMPLE_TICKS	0
LIST_EXNEXT_400_ENTRIES_REPEAT10_TOTAL_PACKET_READ_CALLS	0
LIST_EXNEXT_400_ENTRIES_REPEAT10_TOTAL_PACKET_READ_SAMPLES	0
LIST_EXNEXT_400_ENTRIES_REPEAT10_TOTAL_PACKET_READ_SAMPLE_TICKS	0
LIST_EXNEXT_400_ENTRIES_REPEAT10_TOTAL_PACKET_WRITE_CALLS	0
LIST_EXNEXT_400_ENTRIES_REPEAT10_TOTAL_PACKET_WRITE_SAMPLES	0
LIST_EXNEXT_400_ENTRIES_REPEAT10_TOTAL_PACKET_WRITE_SAMPLE_TICKS	0
LIST_EXNEXT_400_ENTRIES_REPEAT10_TOTAL_PACKET_END_CALLS	0
LIST_EXNEXT_400_ENTRIES_REPEAT10_TOTAL_PACKET_END_SAMPLES	0
LIST_EXNEXT_400_ENTRIES_REPEAT10_TOTAL_PACKET_END_SAMPLE_TICKS	0
LIST_EXNEXT_400_ENTRIES_REPEAT10_TOTAL_PACKET_DELETE_CALLS	0
LIST_EXNEXT_400_ENTRIES_REPEAT10_TOTAL_PACKET_DELETE_SAMPLES	0
LIST_EXNEXT_400_ENTRIES_REPEAT10_TOTAL_PACKET_DELETE_SAMPLE_TICKS	0
LIST_EXNEXT_400_ENTRIES_REPEAT10_TOTAL_PACKET_FLUSH_CALLS	0
LIST_EXNEXT_400_ENTRIES_REPEAT10_TOTAL_PACKET_FLUSH_SAMPLES	0
LIST_EXNEXT_400_ENTRIES_REPEAT10_TOTAL_PACKET_FLUSH_SAMPLE_TICKS	0
LIST_EXNEXT_400_ENTRIES_REPEAT10_TOTAL_PACKET_OTHER_CALLS	4022
LIST_EXNEXT_400_ENTRIES_REPEAT10_TOTAL_PACKET_OTHER_SAMPLES	4022
LIST_EXNEXT_400_ENTRIES_REPEAT10_TOTAL_PACKET_OTHER_SAMPLE_TICKS	511587
LIST_EXNEXT_400_ENTRIES_REPEAT10_TOTAL_CORE_CREATE_CALLS	0
LIST_EXNEXT_400_ENTRIES_REPEAT10_TOTAL_CORE_CREATE_SAMPLES	0
LIST_EXNEXT_400_ENTRIES_REPEAT10_TOTAL_CORE_CREATE_SAMPLE_TICKS	0
LIST_EXNEXT_400_ENTRIES_REPEAT10_TOTAL_CORE_DELETE_CALLS	0
LIST_EXNEXT_400_ENTRIES_REPEAT10_TOTAL_CORE_DELETE_SAMPLES	0
LIST_EXNEXT_400_ENTRIES_REPEAT10_TOTAL_CORE_DELETE_SAMPLE_TICKS	0
LIST_EXNEXT_400_ENTRIES_REPEAT10_TOTAL_CORE_FILE_WRITE_CALLS	0
LIST_EXNEXT_400_ENTRIES_REPEAT10_TOTAL_CORE_FILE_WRITE_SAMPLES	0
LIST_EXNEXT_400_ENTRIES_REPEAT10_TOTAL_CORE_FILE_WRITE_SAMPLE_TICKS	0
LIST_EXNEXT_400_ENTRIES_REPEAT10_TOTAL_CORE_SYNC_CALLS	0
LIST_EXNEXT_400_ENTRIES_REPEAT10_TOTAL_CORE_SYNC_SAMPLES	0
LIST_EXNEXT_400_ENTRIES_REPEAT10_TOTAL_CORE_SYNC_SAMPLE_TICKS	0
LIST_EXNEXT_400_ENTRIES_REPEAT10_TOTAL_IFACE_FREE_CALLS	0
LIST_EXNEXT_400_ENTRIES_REPEAT10_TOTAL_IFACE_FREE_SAMPLES	0
LIST_EXNEXT_400_ENTRIES_REPEAT10_TOTAL_IFACE_FREE_SAMPLE_TICKS	0
LIST_EXNEXT_400_ENTRIES_REPEAT10_TOTAL_SEAL_COMMIT_CALLS	0
LIST_EXNEXT_400_ENTRIES_REPEAT10_TOTAL_SEAL_COMMIT_SAMPLES	0
LIST_EXNEXT_400_ENTRIES_REPEAT10_TOTAL_SEAL_COMMIT_SAMPLE_TICKS	0
LIST_EXNEXT_400_ENTRIES_REPEAT10_TOTAL_INODE_READ_CALLS	4010
LIST_EXNEXT_400_ENTRIES_REPEAT10_TOTAL_BTREE_SEARCH_CALLS	4011
LIST_EXNEXT_400_ENTRIES_REPEAT10_TOTAL_BTREE_INDEX_HINT_HITS	0
LIST_EXNEXT_400_ENTRIES_REPEAT10_TOTAL_BTREE_LEAF_HINT_HITS	1230
LIST_EXNEXT_400_ENTRIES_REPEAT10_TOTAL_CACHE_READ_CALLS	700
LIST_EXNEXT_400_ENTRIES_REPEAT10_TOTAL_CACHE_READ_HITS	0
LIST_EXNEXT_400_ENTRIES_REPEAT10_TOTAL_CACHE_READ_MISSES	700
LIST_EXNEXT_400_ENTRIES_REPEAT10_TOTAL_FREE_TREE_NODE_VIEWS	0
LIST_EXNEXT_400_ENTRIES_REPEAT10_TOTAL_FREE_TREE_RESIDENT_VIEWS	0
LIST_EXNEXT_400_ENTRIES_REPEAT10_TOTAL_DIR_TREE_NODE_VIEWS	2644
LIST_EXNEXT_400_ENTRIES_REPEAT10_TOTAL_DIR_TREE_RESIDENT_VIEWS	2144
LIST_EXNEXT_400_ENTRIES_REPEAT10_TOTAL_INODE_TREE_NODE_VIEWS	5560
LIST_EXNEXT_400_ENTRIES_REPEAT10_TOTAL_INODE_TREE_RESIDENT_VIEWS	5360
LIST_EXNEXT_400_ENTRIES_REPEAT10_TOTAL_REFCOUNT_TREE_NODE_VIEWS	0
LIST_EXNEXT_400_ENTRIES_REPEAT10_TOTAL_REFCOUNT_TREE_RESIDENT_VIEWS	0
LIST_EXNEXT_400_ENTRIES_REPEAT10_TOTAL_OTHER_TREE_NODE_VIEWS	0
LIST_EXNEXT_400_ENTRIES_REPEAT10_TOTAL_OTHER_TREE_RESIDENT_VIEWS	0
LIST_EXNEXT_400_ENTRIES_REPEAT10_TOTAL_DETAIL_INODE_READ_CALLS	4010
LIST_EXNEXT_400_ENTRIES_REPEAT10_TOTAL_DETAIL_INODE_READ_SAMPLES	235
LIST_EXNEXT_400_ENTRIES_REPEAT10_TOTAL_DETAIL_INODE_READ_SAMPLE_TICKS	12519
LIST_EXNEXT_400_ENTRIES_REPEAT10_TOTAL_DETAIL_INODE_VALIDATE_CALLS	4010
LIST_EXNEXT_400_ENTRIES_REPEAT10_TOTAL_DETAIL_INODE_VALIDATE_SAMPLES	235
LIST_EXNEXT_400_ENTRIES_REPEAT10_TOTAL_DETAIL_INODE_VALIDATE_SAMPLE_TICKS	507
LIST_EXNEXT_400_ENTRIES_REPEAT10_TOTAL_DETAIL_INODE_SEARCH_CALLS	4010
LIST_EXNEXT_400_ENTRIES_REPEAT10_TOTAL_DETAIL_INODE_SEARCH_SAMPLES	235
LIST_EXNEXT_400_ENTRIES_REPEAT10_TOTAL_DETAIL_INODE_SEARCH_SAMPLE_TICKS	9964
LIST_EXNEXT_400_ENTRIES_REPEAT10_TOTAL_DETAIL_INODE_NODE_VIEW_CALLS	5560
LIST_EXNEXT_400_ENTRIES_REPEAT10_TOTAL_DETAIL_INODE_NODE_VIEW_SAMPLES	327
LIST_EXNEXT_400_ENTRIES_REPEAT10_TOTAL_DETAIL_INODE_NODE_VIEW_SAMPLE_TICKS	5051
LIST_EXNEXT_400_ENTRIES_REPEAT10_TOTAL_DETAIL_DIR_NODE_VIEW_CALLS	2644
LIST_EXNEXT_400_ENTRIES_REPEAT10_TOTAL_DETAIL_DIR_NODE_VIEW_SAMPLES	155
LIST_EXNEXT_400_ENTRIES_REPEAT10_TOTAL_DETAIL_DIR_NODE_VIEW_SAMPLE_TICKS	9857
LIST_EXNEXT_400_ENTRIES_REPEAT10_TOTAL_DETAIL_INODE_BINARY_SEARCH_CALLS	6790
LIST_EXNEXT_400_ENTRIES_REPEAT10_TOTAL_DETAIL_INODE_BINARY_SEARCH_SAMPLES	399
LIST_EXNEXT_400_ENTRIES_REPEAT10_TOTAL_DETAIL_INODE_BINARY_SEARCH_SAMPLE_TICKS	1354
LIST_EXNEXT_400_ENTRIES_REPEAT10_TOTAL_DETAIL_DIR_BINARY_SEARCH_CALLS	1724
LIST_EXNEXT_400_ENTRIES_REPEAT10_TOTAL_DETAIL_DIR_BINARY_SEARCH_SAMPLES	101
LIST_EXNEXT_400_ENTRIES_REPEAT10_TOTAL_DETAIL_DIR_BINARY_SEARCH_SAMPLE_TICKS	336
LIST_EXNEXT_400_ENTRIES_REPEAT10_TOTAL_DETAIL_NODE_STRUCTURE_CALLS	700
LIST_EXNEXT_400_ENTRIES_REPEAT10_TOTAL_DETAIL_NODE_STRUCTURE_SAMPLES	41
LIST_EXNEXT_400_ENTRIES_REPEAT10_TOTAL_DETAIL_NODE_STRUCTURE_SAMPLE_TICKS	808
LIST_EXNEXT_400_ENTRIES_REPEAT10_TOTAL_DETAIL_CACHE_PEEK_CALLS	12215
LIST_EXNEXT_400_ENTRIES_REPEAT10_TOTAL_DETAIL_CACHE_PEEK_SAMPLES	718
LIST_EXNEXT_400_ENTRIES_REPEAT10_TOTAL_DETAIL_CACHE_PEEK_SAMPLE_TICKS	1759
LIST_EXNEXT_400_ENTRIES_REPEAT10_TOTAL_DETAIL_BUFFER_ALLOC_CALLS	6801
LIST_EXNEXT_400_ENTRIES_REPEAT10_TOTAL_DETAIL_BUFFER_ALLOC_SAMPLES	400
LIST_EXNEXT_400_ENTRIES_REPEAT10_TOTAL_DETAIL_BUFFER_ALLOC_SAMPLE_TICKS	902
LIST_EXNEXT_400_ENTRIES_REPEAT10_TOTAL_DETAIL_BUFFER_FREE_CALLS	6801
LIST_EXNEXT_400_ENTRIES_REPEAT10_TOTAL_DETAIL_BUFFER_FREE_SAMPLES	400
LIST_EXNEXT_400_ENTRIES_REPEAT10_TOTAL_DETAIL_BUFFER_FREE_SAMPLE_TICKS	1019
LIST_EXNEXT_400_ENTRIES_REPEAT10_TOTAL_DETAIL_EXALL_FILL_CALLS	0
LIST_EXNEXT_400_ENTRIES_REPEAT10_TOTAL_DETAIL_EXALL_FILL_SAMPLES	0
LIST_EXNEXT_400_ENTRIES_REPEAT10_TOTAL_DETAIL_EXALL_FILL_SAMPLE_TICKS	0
LIST_EXNEXT_400_ENTRIES_REPEAT10_TOTAL_DEFERRED_NODE_WRITES	0
LIST_EXALL_400_ENTRIES_FIRST_PASS_US	57983
LIST_EXALL_400_ENTRIES_FIRST_PASS_BIO_READS	70
LIST_EXALL_400_ENTRIES_FIRST_PASS_BIO_WRITES	0
LIST_EXALL_400_ENTRIES_FIRST_PASS_BIO_UPDATES	0
LIST_EXALL_400_ENTRIES_FIRST_PASS_DATA_READS	0
LIST_EXALL_400_ENTRIES_FIRST_PASS_DATA_WRITES	0
LIST_EXALL_400_ENTRIES_FIRST_PASS_NODE_WRITES	0
LIST_EXALL_400_ENTRIES_FIRST_PASS_TXN_COMMITS	0
LIST_EXALL_400_ENTRIES_FIRST_PASS_FREESPACE_ALLOCS	0
LIST_EXALL_400_ENTRIES_FIRST_PASS_EXTENT_MAPS	0
LIST_EXALL_400_ENTRIES_FIRST_PASS_READ_TICKS	4255
LIST_EXALL_400_ENTRIES_FIRST_PASS_WRITE_TICKS	0
LIST_EXALL_400_ENTRIES_FIRST_PASS_UPDATE_TICKS	0
LIST_EXALL_400_ENTRIES_FIRST_PASS_DATA_READ_TICKS	0
LIST_EXALL_400_ENTRIES_FIRST_PASS_DATA_WRITE_TICKS	0
LIST_EXALL_400_ENTRIES_FIRST_PASS_FREE_TREE_NODE_WRITES	0
LIST_EXALL_400_ENTRIES_FIRST_PASS_FREE_TREE_ALLOCATION_BODY_NODE_WRITES	0
LIST_EXALL_400_ENTRIES_FIRST_PASS_FREE_TREE_RESERVE_REFILL_NODE_WRITES	0
LIST_EXALL_400_ENTRIES_FIRST_PASS_FREE_TREE_RESERVE_RETURN_NODE_WRITES	0
LIST_EXALL_400_ENTRIES_FIRST_PASS_FREE_TREE_POST_PUBLISH_PENDING_RECLAIM_NODE_WRITES	0
LIST_EXALL_400_ENTRIES_FIRST_PASS_FREE_TREE_OTHER_NODE_WRITES	0
LIST_EXALL_400_ENTRIES_FIRST_PASS_DIR_TREE_NODE_WRITES	0
LIST_EXALL_400_ENTRIES_FIRST_PASS_INODE_TREE_NODE_WRITES	0
LIST_EXALL_400_ENTRIES_FIRST_PASS_REFCOUNT_TREE_NODE_WRITES	0
LIST_EXALL_400_ENTRIES_FIRST_PASS_OTHER_TREE_NODE_WRITES	0
LIST_EXALL_400_ENTRIES_FIRST_PASS_NODE_CRC_READ_CALLS	70
LIST_EXALL_400_ENTRIES_FIRST_PASS_NODE_CRC_READ_SAMPLES	1
LIST_EXALL_400_ENTRIES_FIRST_PASS_NODE_CRC_READ_SAMPLE_TICKS	136
LIST_EXALL_400_ENTRIES_FIRST_PASS_NODE_CRC_WRITE_CALLS	0
LIST_EXALL_400_ENTRIES_FIRST_PASS_NODE_CRC_WRITE_SAMPLES	0
LIST_EXALL_400_ENTRIES_FIRST_PASS_NODE_CRC_WRITE_SAMPLE_TICKS	0
LIST_EXALL_400_ENTRIES_FIRST_PASS_CLOCK_PAIR_TICKS	0
LIST_EXALL_400_ENTRIES_FIRST_PASS_FREE_TREE_RESERVE_RETURN_CALLS	0
LIST_EXALL_400_ENTRIES_FIRST_PASS_FREE_TREE_RESERVE_RETURN_RUNS	0
LIST_EXALL_400_ENTRIES_FIRST_PASS_FREE_TREE_RESERVE_RETURN_BLOCKS	0
LIST_EXALL_400_ENTRIES_FIRST_PASS_FREE_TREE_RESERVE_RETURN_RUNS_1_BLOCK	0
LIST_EXALL_400_ENTRIES_FIRST_PASS_FREE_TREE_RESERVE_RETURN_RUNS_2_3_BLOCKS	0
LIST_EXALL_400_ENTRIES_FIRST_PASS_FREE_TREE_RESERVE_RETURN_RUNS_4_7_BLOCKS	0
LIST_EXALL_400_ENTRIES_FIRST_PASS_FREE_TREE_RESERVE_RETURN_RUNS_8_PLUS_BLOCKS	0
LIST_EXALL_400_ENTRIES_FIRST_PASS_FREE_TREE_RESERVE_RETURN_MAX_RUN_BLOCKS	0
LIST_EXALL_400_ENTRIES_FIRST_PASS_FREE_TREE_RESERVE_RETURN_MAX_NODE_WRITES_PER_RUN	0
LIST_EXALL_400_ENTRIES_FIRST_PASS_POST_PUBLISH_RECLAIM_PASSES	0
LIST_EXALL_400_ENTRIES_FIRST_PASS_MAX_POST_PUBLISH_RECLAIM_PASSES_PER_COMMIT	0
LIST_EXALL_400_ENTRIES_FIRST_PASS_SUPERBLOCK_PUBLICATIONS	0
LIST_EXALL_400_ENTRIES_FIRST_PASS_FREE_TREE_RESERVE_RETURN_RUN_NODE_WRITES	0
LIST_EXALL_400_ENTRIES_FIRST_PASS_FREE_TREE_RESERVE_RETURN_BATCH_CALLS	0
LIST_EXALL_400_ENTRIES_FIRST_PASS_FREE_TREE_RESERVE_RETURN_BATCH_BLOCKS	0
LIST_EXALL_400_ENTRIES_FIRST_PASS_FREE_TREE_RESERVE_RETURN_BATCH_NODE_WRITES	0
LIST_EXALL_400_ENTRIES_FIRST_PASS_FREE_TREE_RESERVE_RETURN_SKIP_SHAPE	0
LIST_EXALL_400_ENTRIES_FIRST_PASS_FREE_TREE_RESERVE_RETURN_SKIP_SMALL	0
LIST_EXALL_400_ENTRIES_FIRST_PASS_FREE_TREE_RESERVE_RETURN_SKIP_EMERGENCY	0
LIST_EXALL_400_ENTRIES_FIRST_PASS_FREE_TREE_RESERVE_RETURN_SKIP_CAPACITY	0
LIST_EXALL_400_ENTRIES_FIRST_PASS_SEALED_COMMITS	0
LIST_EXALL_400_ENTRIES_FIRST_PASS_SEALED_METADATA_FENCES	0
LIST_EXALL_400_ENTRIES_FIRST_PASS_BTREE_MALLOC_CALLS	6
LIST_EXALL_400_ENTRIES_FIRST_PASS_BTREE_MALLOC_SAMPLES	6
LIST_EXALL_400_ENTRIES_FIRST_PASS_BTREE_MALLOC_SAMPLE_TICKS	136
LIST_EXALL_400_ENTRIES_FIRST_PASS_BTREE_FREE_CALLS	6
LIST_EXALL_400_ENTRIES_FIRST_PASS_BTREE_FREE_SAMPLES	6
LIST_EXALL_400_ENTRIES_FIRST_PASS_BTREE_FREE_SAMPLE_TICKS	90
LIST_EXALL_400_ENTRIES_FIRST_PASS_IFACE_ALLOC_CALLS	0
LIST_EXALL_400_ENTRIES_FIRST_PASS_IFACE_ALLOC_SAMPLES	0
LIST_EXALL_400_ENTRIES_FIRST_PASS_IFACE_ALLOC_SAMPLE_TICKS	0
LIST_EXALL_400_ENTRIES_FIRST_PASS_FREESPACE_ALLOC_SAMPLES	0
LIST_EXALL_400_ENTRIES_FIRST_PASS_FREESPACE_ALLOC_SAMPLE_TICKS	0
LIST_EXALL_400_ENTRIES_FIRST_PASS_PACKET_CALLS	7
LIST_EXALL_400_ENTRIES_FIRST_PASS_PACKET_SAMPLES	7
LIST_EXALL_400_ENTRIES_FIRST_PASS_PACKET_SAMPLE_TICKS	40490
LIST_EXALL_400_ENTRIES_FIRST_PASS_PACKET_OPEN_CALLS	0
LIST_EXALL_400_ENTRIES_FIRST_PASS_PACKET_OPEN_SAMPLES	0
LIST_EXALL_400_ENTRIES_FIRST_PASS_PACKET_OPEN_SAMPLE_TICKS	0
LIST_EXALL_400_ENTRIES_FIRST_PASS_PACKET_READ_CALLS	0
LIST_EXALL_400_ENTRIES_FIRST_PASS_PACKET_READ_SAMPLES	0
LIST_EXALL_400_ENTRIES_FIRST_PASS_PACKET_READ_SAMPLE_TICKS	0
LIST_EXALL_400_ENTRIES_FIRST_PASS_PACKET_WRITE_CALLS	0
LIST_EXALL_400_ENTRIES_FIRST_PASS_PACKET_WRITE_SAMPLES	0
LIST_EXALL_400_ENTRIES_FIRST_PASS_PACKET_WRITE_SAMPLE_TICKS	0
LIST_EXALL_400_ENTRIES_FIRST_PASS_PACKET_END_CALLS	0
LIST_EXALL_400_ENTRIES_FIRST_PASS_PACKET_END_SAMPLES	0
LIST_EXALL_400_ENTRIES_FIRST_PASS_PACKET_END_SAMPLE_TICKS	0
LIST_EXALL_400_ENTRIES_FIRST_PASS_PACKET_DELETE_CALLS	0
LIST_EXALL_400_ENTRIES_FIRST_PASS_PACKET_DELETE_SAMPLES	0
LIST_EXALL_400_ENTRIES_FIRST_PASS_PACKET_DELETE_SAMPLE_TICKS	0
LIST_EXALL_400_ENTRIES_FIRST_PASS_PACKET_FLUSH_CALLS	0
LIST_EXALL_400_ENTRIES_FIRST_PASS_PACKET_FLUSH_SAMPLES	0
LIST_EXALL_400_ENTRIES_FIRST_PASS_PACKET_FLUSH_SAMPLE_TICKS	0
LIST_EXALL_400_ENTRIES_FIRST_PASS_PACKET_OTHER_CALLS	7
LIST_EXALL_400_ENTRIES_FIRST_PASS_PACKET_OTHER_SAMPLES	7
LIST_EXALL_400_ENTRIES_FIRST_PASS_PACKET_OTHER_SAMPLE_TICKS	40490
LIST_EXALL_400_ENTRIES_FIRST_PASS_CORE_CREATE_CALLS	0
LIST_EXALL_400_ENTRIES_FIRST_PASS_CORE_CREATE_SAMPLES	0
LIST_EXALL_400_ENTRIES_FIRST_PASS_CORE_CREATE_SAMPLE_TICKS	0
LIST_EXALL_400_ENTRIES_FIRST_PASS_CORE_DELETE_CALLS	0
LIST_EXALL_400_ENTRIES_FIRST_PASS_CORE_DELETE_SAMPLES	0
LIST_EXALL_400_ENTRIES_FIRST_PASS_CORE_DELETE_SAMPLE_TICKS	0
LIST_EXALL_400_ENTRIES_FIRST_PASS_CORE_FILE_WRITE_CALLS	0
LIST_EXALL_400_ENTRIES_FIRST_PASS_CORE_FILE_WRITE_SAMPLES	0
LIST_EXALL_400_ENTRIES_FIRST_PASS_CORE_FILE_WRITE_SAMPLE_TICKS	0
LIST_EXALL_400_ENTRIES_FIRST_PASS_CORE_SYNC_CALLS	0
LIST_EXALL_400_ENTRIES_FIRST_PASS_CORE_SYNC_SAMPLES	0
LIST_EXALL_400_ENTRIES_FIRST_PASS_CORE_SYNC_SAMPLE_TICKS	0
LIST_EXALL_400_ENTRIES_FIRST_PASS_IFACE_FREE_CALLS	0
LIST_EXALL_400_ENTRIES_FIRST_PASS_IFACE_FREE_SAMPLES	0
LIST_EXALL_400_ENTRIES_FIRST_PASS_IFACE_FREE_SAMPLE_TICKS	0
LIST_EXALL_400_ENTRIES_FIRST_PASS_SEAL_COMMIT_CALLS	0
LIST_EXALL_400_ENTRIES_FIRST_PASS_SEAL_COMMIT_SAMPLES	0
LIST_EXALL_400_ENTRIES_FIRST_PASS_SEAL_COMMIT_SAMPLE_TICKS	0
LIST_EXALL_400_ENTRIES_FIRST_PASS_INODE_READ_CALLS	404
LIST_EXALL_400_ENTRIES_FIRST_PASS_BTREE_SEARCH_CALLS	405
LIST_EXALL_400_ENTRIES_FIRST_PASS_BTREE_INDEX_HINT_HITS	4
LIST_EXALL_400_ENTRIES_FIRST_PASS_BTREE_LEAF_HINT_HITS	106
LIST_EXALL_400_ENTRIES_FIRST_PASS_CACHE_READ_CALLS	70
LIST_EXALL_400_ENTRIES_FIRST_PASS_CACHE_READ_HITS	0
LIST_EXALL_400_ENTRIES_FIRST_PASS_CACHE_READ_MISSES	70
LIST_EXALL_400_ENTRIES_FIRST_PASS_FREE_TREE_NODE_VIEWS	0
LIST_EXALL_400_ENTRIES_FIRST_PASS_FREE_TREE_RESIDENT_VIEWS	0
LIST_EXALL_400_ENTRIES_FIRST_PASS_DIR_TREE_NODE_VIEWS	122
LIST_EXALL_400_ENTRIES_FIRST_PASS_DIR_TREE_RESIDENT_VIEWS	72
LIST_EXALL_400_ENTRIES_FIRST_PASS_INODE_TREE_NODE_VIEWS	588
LIST_EXALL_400_ENTRIES_FIRST_PASS_INODE_TREE_RESIDENT_VIEWS	568
LIST_EXALL_400_ENTRIES_FIRST_PASS_REFCOUNT_TREE_NODE_VIEWS	0
LIST_EXALL_400_ENTRIES_FIRST_PASS_REFCOUNT_TREE_RESIDENT_VIEWS	0
LIST_EXALL_400_ENTRIES_FIRST_PASS_OTHER_TREE_NODE_VIEWS	0
LIST_EXALL_400_ENTRIES_FIRST_PASS_OTHER_TREE_RESIDENT_VIEWS	0
LIST_EXALL_400_ENTRIES_FIRST_PASS_DETAIL_INODE_READ_CALLS	404
LIST_EXALL_400_ENTRIES_FIRST_PASS_DETAIL_INODE_READ_SAMPLES	23
LIST_EXALL_400_ENTRIES_FIRST_PASS_DETAIL_INODE_READ_SAMPLE_TICKS	999
LIST_EXALL_400_ENTRIES_FIRST_PASS_DETAIL_INODE_VALIDATE_CALLS	404
LIST_EXALL_400_ENTRIES_FIRST_PASS_DETAIL_INODE_VALIDATE_SAMPLES	23
LIST_EXALL_400_ENTRIES_FIRST_PASS_DETAIL_INODE_VALIDATE_SAMPLE_TICKS	94
LIST_EXALL_400_ENTRIES_FIRST_PASS_DETAIL_INODE_SEARCH_CALLS	404
LIST_EXALL_400_ENTRIES_FIRST_PASS_DETAIL_INODE_SEARCH_SAMPLES	23
LIST_EXALL_400_ENTRIES_FIRST_PASS_DETAIL_INODE_SEARCH_SAMPLE_TICKS	733
LIST_EXALL_400_ENTRIES_FIRST_PASS_DETAIL_INODE_NODE_VIEW_CALLS	588
LIST_EXALL_400_ENTRIES_FIRST_PASS_DETAIL_INODE_NODE_VIEW_SAMPLES	34
LIST_EXALL_400_ENTRIES_FIRST_PASS_DETAIL_INODE_NODE_VIEW_SAMPLE_TICKS	462
LIST_EXALL_400_ENTRIES_FIRST_PASS_DETAIL_DIR_NODE_VIEW_CALLS	122
LIST_EXALL_400_ENTRIES_FIRST_PASS_DETAIL_DIR_NODE_VIEW_SAMPLES	7
LIST_EXALL_400_ENTRIES_FIRST_PASS_DETAIL_DIR_NODE_VIEW_SAMPLE_TICKS	771
LIST_EXALL_400_ENTRIES_FIRST_PASS_DETAIL_INODE_BINARY_SEARCH_CALLS	694
LIST_EXALL_400_ENTRIES_FIRST_PASS_DETAIL_INODE_BINARY_SEARCH_SAMPLES	40
LIST_EXALL_400_ENTRIES_FIRST_PASS_DETAIL_INODE_BINARY_SEARCH_SAMPLE_TICKS	91
LIST_EXALL_400_ENTRIES_FIRST_PASS_DETAIL_DIR_BINARY_SEARCH_CALLS	27
LIST_EXALL_400_ENTRIES_FIRST_PASS_DETAIL_DIR_BINARY_SEARCH_SAMPLES	1
LIST_EXALL_400_ENTRIES_FIRST_PASS_DETAIL_DIR_BINARY_SEARCH_SAMPLE_TICKS	0
LIST_EXALL_400_ENTRIES_FIRST_PASS_DETAIL_NODE_STRUCTURE_CALLS	70
LIST_EXALL_400_ENTRIES_FIRST_PASS_DETAIL_NODE_STRUCTURE_SAMPLES	4
LIST_EXALL_400_ENTRIES_FIRST_PASS_DETAIL_NODE_STRUCTURE_SAMPLE_TICKS	46
LIST_EXALL_400_ENTRIES_FIRST_PASS_DETAIL_CACHE_PEEK_CALLS	1115
LIST_EXALL_400_ENTRIES_FIRST_PASS_DETAIL_CACHE_PEEK_SAMPLES	65
LIST_EXALL_400_ENTRIES_FIRST_PASS_DETAIL_CACHE_PEEK_SAMPLE_TICKS	233
LIST_EXALL_400_ENTRIES_FIRST_PASS_DETAIL_BUFFER_ALLOC_CALLS	300
LIST_EXALL_400_ENTRIES_FIRST_PASS_DETAIL_BUFFER_ALLOC_SAMPLES	17
LIST_EXALL_400_ENTRIES_FIRST_PASS_DETAIL_BUFFER_ALLOC_SAMPLE_TICKS	21
LIST_EXALL_400_ENTRIES_FIRST_PASS_DETAIL_BUFFER_FREE_CALLS	300
LIST_EXALL_400_ENTRIES_FIRST_PASS_DETAIL_BUFFER_FREE_SAMPLES	17
LIST_EXALL_400_ENTRIES_FIRST_PASS_DETAIL_BUFFER_FREE_SAMPLE_TICKS	45
LIST_EXALL_400_ENTRIES_FIRST_PASS_DETAIL_EXALL_FILL_CALLS	405
LIST_EXALL_400_ENTRIES_FIRST_PASS_DETAIL_EXALL_FILL_SAMPLES	23
LIST_EXALL_400_ENTRIES_FIRST_PASS_DETAIL_EXALL_FILL_SAMPLE_TICKS	1360
LIST_EXALL_400_ENTRIES_FIRST_PASS_DEFERRED_NODE_WRITES	0
LIST_EXALL_400_ENTRIES_REPEAT10_TOTAL_US	547133
LIST_EXALL_400_ENTRIES_REPEAT10_TOTAL_BIO_READS	693
LIST_EXALL_400_ENTRIES_REPEAT10_TOTAL_BIO_WRITES	0
LIST_EXALL_400_ENTRIES_REPEAT10_TOTAL_BIO_UPDATES	0
LIST_EXALL_400_ENTRIES_REPEAT10_TOTAL_DATA_READS	0
LIST_EXALL_400_ENTRIES_REPEAT10_TOTAL_DATA_WRITES	0
LIST_EXALL_400_ENTRIES_REPEAT10_TOTAL_NODE_WRITES	0
LIST_EXALL_400_ENTRIES_REPEAT10_TOTAL_TXN_COMMITS	0
LIST_EXALL_400_ENTRIES_REPEAT10_TOTAL_FREESPACE_ALLOCS	0
LIST_EXALL_400_ENTRIES_REPEAT10_TOTAL_EXTENT_MAPS	0
LIST_EXALL_400_ENTRIES_REPEAT10_TOTAL_READ_TICKS	52113
LIST_EXALL_400_ENTRIES_REPEAT10_TOTAL_WRITE_TICKS	0
LIST_EXALL_400_ENTRIES_REPEAT10_TOTAL_UPDATE_TICKS	0
LIST_EXALL_400_ENTRIES_REPEAT10_TOTAL_DATA_READ_TICKS	0
LIST_EXALL_400_ENTRIES_REPEAT10_TOTAL_DATA_WRITE_TICKS	0
LIST_EXALL_400_ENTRIES_REPEAT10_TOTAL_FREE_TREE_NODE_WRITES	0
LIST_EXALL_400_ENTRIES_REPEAT10_TOTAL_FREE_TREE_ALLOCATION_BODY_NODE_WRITES	0
LIST_EXALL_400_ENTRIES_REPEAT10_TOTAL_FREE_TREE_RESERVE_REFILL_NODE_WRITES	0
LIST_EXALL_400_ENTRIES_REPEAT10_TOTAL_FREE_TREE_RESERVE_RETURN_NODE_WRITES	0
LIST_EXALL_400_ENTRIES_REPEAT10_TOTAL_FREE_TREE_POST_PUBLISH_PENDING_RECLAIM_NODE_WRITES	0
LIST_EXALL_400_ENTRIES_REPEAT10_TOTAL_FREE_TREE_OTHER_NODE_WRITES	0
LIST_EXALL_400_ENTRIES_REPEAT10_TOTAL_DIR_TREE_NODE_WRITES	0
LIST_EXALL_400_ENTRIES_REPEAT10_TOTAL_INODE_TREE_NODE_WRITES	0
LIST_EXALL_400_ENTRIES_REPEAT10_TOTAL_REFCOUNT_TREE_NODE_WRITES	0
LIST_EXALL_400_ENTRIES_REPEAT10_TOTAL_OTHER_TREE_NODE_WRITES	0
LIST_EXALL_400_ENTRIES_REPEAT10_TOTAL_NODE_CRC_READ_CALLS	693
LIST_EXALL_400_ENTRIES_REPEAT10_TOTAL_NODE_CRC_READ_SAMPLES	10
LIST_EXALL_400_ENTRIES_REPEAT10_TOTAL_NODE_CRC_READ_SAMPLE_TICKS	1748
LIST_EXALL_400_ENTRIES_REPEAT10_TOTAL_NODE_CRC_WRITE_CALLS	0
LIST_EXALL_400_ENTRIES_REPEAT10_TOTAL_NODE_CRC_WRITE_SAMPLES	0
LIST_EXALL_400_ENTRIES_REPEAT10_TOTAL_NODE_CRC_WRITE_SAMPLE_TICKS	0
LIST_EXALL_400_ENTRIES_REPEAT10_TOTAL_CLOCK_PAIR_TICKS	1
LIST_EXALL_400_ENTRIES_REPEAT10_TOTAL_FREE_TREE_RESERVE_RETURN_CALLS	0
LIST_EXALL_400_ENTRIES_REPEAT10_TOTAL_FREE_TREE_RESERVE_RETURN_RUNS	0
LIST_EXALL_400_ENTRIES_REPEAT10_TOTAL_FREE_TREE_RESERVE_RETURN_BLOCKS	0
LIST_EXALL_400_ENTRIES_REPEAT10_TOTAL_FREE_TREE_RESERVE_RETURN_RUNS_1_BLOCK	0
LIST_EXALL_400_ENTRIES_REPEAT10_TOTAL_FREE_TREE_RESERVE_RETURN_RUNS_2_3_BLOCKS	0
LIST_EXALL_400_ENTRIES_REPEAT10_TOTAL_FREE_TREE_RESERVE_RETURN_RUNS_4_7_BLOCKS	0
LIST_EXALL_400_ENTRIES_REPEAT10_TOTAL_FREE_TREE_RESERVE_RETURN_RUNS_8_PLUS_BLOCKS	0
LIST_EXALL_400_ENTRIES_REPEAT10_TOTAL_FREE_TREE_RESERVE_RETURN_MAX_RUN_BLOCKS	0
LIST_EXALL_400_ENTRIES_REPEAT10_TOTAL_FREE_TREE_RESERVE_RETURN_MAX_NODE_WRITES_PER_RUN	0
LIST_EXALL_400_ENTRIES_REPEAT10_TOTAL_POST_PUBLISH_RECLAIM_PASSES	0
LIST_EXALL_400_ENTRIES_REPEAT10_TOTAL_MAX_POST_PUBLISH_RECLAIM_PASSES_PER_COMMIT	0
LIST_EXALL_400_ENTRIES_REPEAT10_TOTAL_SUPERBLOCK_PUBLICATIONS	0
LIST_EXALL_400_ENTRIES_REPEAT10_TOTAL_FREE_TREE_RESERVE_RETURN_RUN_NODE_WRITES	0
LIST_EXALL_400_ENTRIES_REPEAT10_TOTAL_FREE_TREE_RESERVE_RETURN_BATCH_CALLS	0
LIST_EXALL_400_ENTRIES_REPEAT10_TOTAL_FREE_TREE_RESERVE_RETURN_BATCH_BLOCKS	0
LIST_EXALL_400_ENTRIES_REPEAT10_TOTAL_FREE_TREE_RESERVE_RETURN_BATCH_NODE_WRITES	0
LIST_EXALL_400_ENTRIES_REPEAT10_TOTAL_FREE_TREE_RESERVE_RETURN_SKIP_SHAPE	0
LIST_EXALL_400_ENTRIES_REPEAT10_TOTAL_FREE_TREE_RESERVE_RETURN_SKIP_SMALL	0
LIST_EXALL_400_ENTRIES_REPEAT10_TOTAL_FREE_TREE_RESERVE_RETURN_SKIP_EMERGENCY	0
LIST_EXALL_400_ENTRIES_REPEAT10_TOTAL_FREE_TREE_RESERVE_RETURN_SKIP_CAPACITY	0
LIST_EXALL_400_ENTRIES_REPEAT10_TOTAL_SEALED_COMMITS	0
LIST_EXALL_400_ENTRIES_REPEAT10_TOTAL_SEALED_METADATA_FENCES	0
LIST_EXALL_400_ENTRIES_REPEAT10_TOTAL_BTREE_MALLOC_CALLS	51
LIST_EXALL_400_ENTRIES_REPEAT10_TOTAL_BTREE_MALLOC_SAMPLES	51
LIST_EXALL_400_ENTRIES_REPEAT10_TOTAL_BTREE_MALLOC_SAMPLE_TICKS	297
LIST_EXALL_400_ENTRIES_REPEAT10_TOTAL_BTREE_FREE_CALLS	51
LIST_EXALL_400_ENTRIES_REPEAT10_TOTAL_BTREE_FREE_SAMPLES	51
LIST_EXALL_400_ENTRIES_REPEAT10_TOTAL_BTREE_FREE_SAMPLE_TICKS	262
LIST_EXALL_400_ENTRIES_REPEAT10_TOTAL_IFACE_ALLOC_CALLS	0
LIST_EXALL_400_ENTRIES_REPEAT10_TOTAL_IFACE_ALLOC_SAMPLES	0
LIST_EXALL_400_ENTRIES_REPEAT10_TOTAL_IFACE_ALLOC_SAMPLE_TICKS	0
LIST_EXALL_400_ENTRIES_REPEAT10_TOTAL_FREESPACE_ALLOC_SAMPLES	0
LIST_EXALL_400_ENTRIES_REPEAT10_TOTAL_FREESPACE_ALLOC_SAMPLE_TICKS	0
LIST_EXALL_400_ENTRIES_REPEAT10_TOTAL_PACKET_CALLS	52
LIST_EXALL_400_ENTRIES_REPEAT10_TOTAL_PACKET_SAMPLES	52
LIST_EXALL_400_ENTRIES_REPEAT10_TOTAL_PACKET_SAMPLE_TICKS	383749
LIST_EXALL_400_ENTRIES_REPEAT10_TOTAL_PACKET_OPEN_CALLS	0
LIST_EXALL_400_ENTRIES_REPEAT10_TOTAL_PACKET_OPEN_SAMPLES	0
LIST_EXALL_400_ENTRIES_REPEAT10_TOTAL_PACKET_OPEN_SAMPLE_TICKS	0
LIST_EXALL_400_ENTRIES_REPEAT10_TOTAL_PACKET_READ_CALLS	0
LIST_EXALL_400_ENTRIES_REPEAT10_TOTAL_PACKET_READ_SAMPLES	0
LIST_EXALL_400_ENTRIES_REPEAT10_TOTAL_PACKET_READ_SAMPLE_TICKS	0
LIST_EXALL_400_ENTRIES_REPEAT10_TOTAL_PACKET_WRITE_CALLS	0
LIST_EXALL_400_ENTRIES_REPEAT10_TOTAL_PACKET_WRITE_SAMPLES	0
LIST_EXALL_400_ENTRIES_REPEAT10_TOTAL_PACKET_WRITE_SAMPLE_TICKS	0
LIST_EXALL_400_ENTRIES_REPEAT10_TOTAL_PACKET_END_CALLS	0
LIST_EXALL_400_ENTRIES_REPEAT10_TOTAL_PACKET_END_SAMPLES	0
LIST_EXALL_400_ENTRIES_REPEAT10_TOTAL_PACKET_END_SAMPLE_TICKS	0
LIST_EXALL_400_ENTRIES_REPEAT10_TOTAL_PACKET_DELETE_CALLS	0
LIST_EXALL_400_ENTRIES_REPEAT10_TOTAL_PACKET_DELETE_SAMPLES	0
LIST_EXALL_400_ENTRIES_REPEAT10_TOTAL_PACKET_DELETE_SAMPLE_TICKS	0
LIST_EXALL_400_ENTRIES_REPEAT10_TOTAL_PACKET_FLUSH_CALLS	0
LIST_EXALL_400_ENTRIES_REPEAT10_TOTAL_PACKET_FLUSH_SAMPLES	0
LIST_EXALL_400_ENTRIES_REPEAT10_TOTAL_PACKET_FLUSH_SAMPLE_TICKS	0
LIST_EXALL_400_ENTRIES_REPEAT10_TOTAL_PACKET_OTHER_CALLS	52
LIST_EXALL_400_ENTRIES_REPEAT10_TOTAL_PACKET_OTHER_SAMPLES	52
LIST_EXALL_400_ENTRIES_REPEAT10_TOTAL_PACKET_OTHER_SAMPLE_TICKS	383749
LIST_EXALL_400_ENTRIES_REPEAT10_TOTAL_CORE_CREATE_CALLS	0
LIST_EXALL_400_ENTRIES_REPEAT10_TOTAL_CORE_CREATE_SAMPLES	0
LIST_EXALL_400_ENTRIES_REPEAT10_TOTAL_CORE_CREATE_SAMPLE_TICKS	0
LIST_EXALL_400_ENTRIES_REPEAT10_TOTAL_CORE_DELETE_CALLS	0
LIST_EXALL_400_ENTRIES_REPEAT10_TOTAL_CORE_DELETE_SAMPLES	0
LIST_EXALL_400_ENTRIES_REPEAT10_TOTAL_CORE_DELETE_SAMPLE_TICKS	0
LIST_EXALL_400_ENTRIES_REPEAT10_TOTAL_CORE_FILE_WRITE_CALLS	0
LIST_EXALL_400_ENTRIES_REPEAT10_TOTAL_CORE_FILE_WRITE_SAMPLES	0
LIST_EXALL_400_ENTRIES_REPEAT10_TOTAL_CORE_FILE_WRITE_SAMPLE_TICKS	0
LIST_EXALL_400_ENTRIES_REPEAT10_TOTAL_CORE_SYNC_CALLS	0
LIST_EXALL_400_ENTRIES_REPEAT10_TOTAL_CORE_SYNC_SAMPLES	0
LIST_EXALL_400_ENTRIES_REPEAT10_TOTAL_CORE_SYNC_SAMPLE_TICKS	0
LIST_EXALL_400_ENTRIES_REPEAT10_TOTAL_IFACE_FREE_CALLS	0
LIST_EXALL_400_ENTRIES_REPEAT10_TOTAL_IFACE_FREE_SAMPLES	0
LIST_EXALL_400_ENTRIES_REPEAT10_TOTAL_IFACE_FREE_SAMPLE_TICKS	0
LIST_EXALL_400_ENTRIES_REPEAT10_TOTAL_SEAL_COMMIT_CALLS	0
LIST_EXALL_400_ENTRIES_REPEAT10_TOTAL_SEAL_COMMIT_SAMPLES	0
LIST_EXALL_400_ENTRIES_REPEAT10_TOTAL_SEAL_COMMIT_SAMPLE_TICKS	0
LIST_EXALL_400_ENTRIES_REPEAT10_TOTAL_INODE_READ_CALLS	4040
LIST_EXALL_400_ENTRIES_REPEAT10_TOTAL_BTREE_SEARCH_CALLS	4041
LIST_EXALL_400_ENTRIES_REPEAT10_TOTAL_BTREE_INDEX_HINT_HITS	40
LIST_EXALL_400_ENTRIES_REPEAT10_TOTAL_BTREE_LEAF_HINT_HITS	1060
LIST_EXALL_400_ENTRIES_REPEAT10_TOTAL_CACHE_READ_CALLS	693
LIST_EXALL_400_ENTRIES_REPEAT10_TOTAL_CACHE_READ_HITS	0
LIST_EXALL_400_ENTRIES_REPEAT10_TOTAL_CACHE_READ_MISSES	693
LIST_EXALL_400_ENTRIES_REPEAT10_TOTAL_FREE_TREE_NODE_VIEWS	0
LIST_EXALL_400_ENTRIES_REPEAT10_TOTAL_FREE_TREE_RESIDENT_VIEWS	0
LIST_EXALL_400_ENTRIES_REPEAT10_TOTAL_DIR_TREE_NODE_VIEWS	1184
LIST_EXALL_400_ENTRIES_REPEAT10_TOTAL_DIR_TREE_RESIDENT_VIEWS	682
LIST_EXALL_400_ENTRIES_REPEAT10_TOTAL_INODE_TREE_NODE_VIEWS	5880
LIST_EXALL_400_ENTRIES_REPEAT10_TOTAL_INODE_TREE_RESIDENT_VIEWS	5689
LIST_EXALL_400_ENTRIES_REPEAT10_TOTAL_REFCOUNT_TREE_NODE_VIEWS	0
LIST_EXALL_400_ENTRIES_REPEAT10_TOTAL_REFCOUNT_TREE_RESIDENT_VIEWS	0
LIST_EXALL_400_ENTRIES_REPEAT10_TOTAL_OTHER_TREE_NODE_VIEWS	0
LIST_EXALL_400_ENTRIES_REPEAT10_TOTAL_OTHER_TREE_RESIDENT_VIEWS	0
LIST_EXALL_400_ENTRIES_REPEAT10_TOTAL_DETAIL_INODE_READ_CALLS	4040
LIST_EXALL_400_ENTRIES_REPEAT10_TOTAL_DETAIL_INODE_READ_SAMPLES	237
LIST_EXALL_400_ENTRIES_REPEAT10_TOTAL_DETAIL_INODE_READ_SAMPLE_TICKS	12612
LIST_EXALL_400_ENTRIES_REPEAT10_TOTAL_DETAIL_INODE_VALIDATE_CALLS	4040
LIST_EXALL_400_ENTRIES_REPEAT10_TOTAL_DETAIL_INODE_VALIDATE_SAMPLES	237
LIST_EXALL_400_ENTRIES_REPEAT10_TOTAL_DETAIL_INODE_VALIDATE_SAMPLE_TICKS	656
LIST_EXALL_400_ENTRIES_REPEAT10_TOTAL_DETAIL_INODE_SEARCH_CALLS	4040
LIST_EXALL_400_ENTRIES_REPEAT10_TOTAL_DETAIL_INODE_SEARCH_SAMPLES	237
LIST_EXALL_400_ENTRIES_REPEAT10_TOTAL_DETAIL_INODE_SEARCH_SAMPLE_TICKS	10175
LIST_EXALL_400_ENTRIES_REPEAT10_TOTAL_DETAIL_INODE_NODE_VIEW_CALLS	5880
LIST_EXALL_400_ENTRIES_REPEAT10_TOTAL_DETAIL_INODE_NODE_VIEW_SAMPLES	345
LIST_EXALL_400_ENTRIES_REPEAT10_TOTAL_DETAIL_INODE_NODE_VIEW_SAMPLE_TICKS	5616
LIST_EXALL_400_ENTRIES_REPEAT10_TOTAL_DETAIL_DIR_NODE_VIEW_CALLS	1184
LIST_EXALL_400_ENTRIES_REPEAT10_TOTAL_DETAIL_DIR_NODE_VIEW_SAMPLES	69
LIST_EXALL_400_ENTRIES_REPEAT10_TOTAL_DETAIL_DIR_NODE_VIEW_SAMPLE_TICKS	8905
LIST_EXALL_400_ENTRIES_REPEAT10_TOTAL_DETAIL_INODE_BINARY_SEARCH_CALLS	6940
LIST_EXALL_400_ENTRIES_REPEAT10_TOTAL_DETAIL_INODE_BINARY_SEARCH_SAMPLES	408
LIST_EXALL_400_ENTRIES_REPEAT10_TOTAL_DETAIL_INODE_BINARY_SEARCH_SAMPLE_TICKS	1443
LIST_EXALL_400_ENTRIES_REPEAT10_TOTAL_DETAIL_DIR_BINARY_SEARCH_CALLS	234
LIST_EXALL_400_ENTRIES_REPEAT10_TOTAL_DETAIL_DIR_BINARY_SEARCH_SAMPLES	13
LIST_EXALL_400_ENTRIES_REPEAT10_TOTAL_DETAIL_DIR_BINARY_SEARCH_SAMPLE_TICKS	0
LIST_EXALL_400_ENTRIES_REPEAT10_TOTAL_DETAIL_NODE_STRUCTURE_CALLS	693
LIST_EXALL_400_ENTRIES_REPEAT10_TOTAL_DETAIL_NODE_STRUCTURE_SAMPLES	40
LIST_EXALL_400_ENTRIES_REPEAT10_TOTAL_DETAIL_NODE_STRUCTURE_SAMPLE_TICKS	896
LIST_EXALL_400_ENTRIES_REPEAT10_TOTAL_DETAIL_CACHE_PEEK_CALLS	11105
LIST_EXALL_400_ENTRIES_REPEAT10_TOTAL_DETAIL_CACHE_PEEK_SAMPLES	653
LIST_EXALL_400_ENTRIES_REPEAT10_TOTAL_DETAIL_CACHE_PEEK_SAMPLE_TICKS	1757
LIST_EXALL_400_ENTRIES_REPEAT10_TOTAL_DETAIL_BUFFER_ALLOC_CALLS	2991
LIST_EXALL_400_ENTRIES_REPEAT10_TOTAL_DETAIL_BUFFER_ALLOC_SAMPLES	175
LIST_EXALL_400_ENTRIES_REPEAT10_TOTAL_DETAIL_BUFFER_ALLOC_SAMPLE_TICKS	483
LIST_EXALL_400_ENTRIES_REPEAT10_TOTAL_DETAIL_BUFFER_FREE_CALLS	2991
LIST_EXALL_400_ENTRIES_REPEAT10_TOTAL_DETAIL_BUFFER_FREE_SAMPLES	175
LIST_EXALL_400_ENTRIES_REPEAT10_TOTAL_DETAIL_BUFFER_FREE_SAMPLE_TICKS	422
LIST_EXALL_400_ENTRIES_REPEAT10_TOTAL_DETAIL_EXALL_FILL_CALLS	4050
LIST_EXALL_400_ENTRIES_REPEAT10_TOTAL_DETAIL_EXALL_FILL_SAMPLES	238
LIST_EXALL_400_ENTRIES_REPEAT10_TOTAL_DETAIL_EXALL_FILL_SAMPLE_TICKS	12256
LIST_EXALL_400_ENTRIES_REPEAT10_TOTAL_DEFERRED_NODE_WRITES	0
LIST_EXNEXT_1000_ENTRIES_FIRST_PASS_US	202943
LIST_EXNEXT_1000_ENTRIES_FIRST_PASS_BIO_READS	182
LIST_EXNEXT_1000_ENTRIES_FIRST_PASS_BIO_WRITES	0
LIST_EXNEXT_1000_ENTRIES_FIRST_PASS_BIO_UPDATES	0
LIST_EXNEXT_1000_ENTRIES_FIRST_PASS_DATA_READS	0
LIST_EXNEXT_1000_ENTRIES_FIRST_PASS_DATA_WRITES	0
LIST_EXNEXT_1000_ENTRIES_FIRST_PASS_NODE_WRITES	0
LIST_EXNEXT_1000_ENTRIES_FIRST_PASS_TXN_COMMITS	0
LIST_EXNEXT_1000_ENTRIES_FIRST_PASS_FREESPACE_ALLOCS	0
LIST_EXNEXT_1000_ENTRIES_FIRST_PASS_EXTENT_MAPS	0
LIST_EXNEXT_1000_ENTRIES_FIRST_PASS_READ_TICKS	11760
LIST_EXNEXT_1000_ENTRIES_FIRST_PASS_WRITE_TICKS	0
LIST_EXNEXT_1000_ENTRIES_FIRST_PASS_UPDATE_TICKS	0
LIST_EXNEXT_1000_ENTRIES_FIRST_PASS_DATA_READ_TICKS	0
LIST_EXNEXT_1000_ENTRIES_FIRST_PASS_DATA_WRITE_TICKS	0
LIST_EXNEXT_1000_ENTRIES_FIRST_PASS_FREE_TREE_NODE_WRITES	0
LIST_EXNEXT_1000_ENTRIES_FIRST_PASS_FREE_TREE_ALLOCATION_BODY_NODE_WRITES	0
LIST_EXNEXT_1000_ENTRIES_FIRST_PASS_FREE_TREE_RESERVE_REFILL_NODE_WRITES	0
LIST_EXNEXT_1000_ENTRIES_FIRST_PASS_FREE_TREE_RESERVE_RETURN_NODE_WRITES	0
LIST_EXNEXT_1000_ENTRIES_FIRST_PASS_FREE_TREE_POST_PUBLISH_PENDING_RECLAIM_NODE_WRITES	0
LIST_EXNEXT_1000_ENTRIES_FIRST_PASS_FREE_TREE_OTHER_NODE_WRITES	0
LIST_EXNEXT_1000_ENTRIES_FIRST_PASS_DIR_TREE_NODE_WRITES	0
LIST_EXNEXT_1000_ENTRIES_FIRST_PASS_INODE_TREE_NODE_WRITES	0
LIST_EXNEXT_1000_ENTRIES_FIRST_PASS_REFCOUNT_TREE_NODE_WRITES	0
LIST_EXNEXT_1000_ENTRIES_FIRST_PASS_OTHER_TREE_NODE_WRITES	0
LIST_EXNEXT_1000_ENTRIES_FIRST_PASS_NODE_CRC_READ_CALLS	182
LIST_EXNEXT_1000_ENTRIES_FIRST_PASS_NODE_CRC_READ_SAMPLES	2
LIST_EXNEXT_1000_ENTRIES_FIRST_PASS_NODE_CRC_READ_SAMPLE_TICKS	272
LIST_EXNEXT_1000_ENTRIES_FIRST_PASS_NODE_CRC_WRITE_CALLS	0
LIST_EXNEXT_1000_ENTRIES_FIRST_PASS_NODE_CRC_WRITE_SAMPLES	0
LIST_EXNEXT_1000_ENTRIES_FIRST_PASS_NODE_CRC_WRITE_SAMPLE_TICKS	0
LIST_EXNEXT_1000_ENTRIES_FIRST_PASS_CLOCK_PAIR_TICKS	0
LIST_EXNEXT_1000_ENTRIES_FIRST_PASS_FREE_TREE_RESERVE_RETURN_CALLS	0
LIST_EXNEXT_1000_ENTRIES_FIRST_PASS_FREE_TREE_RESERVE_RETURN_RUNS	0
LIST_EXNEXT_1000_ENTRIES_FIRST_PASS_FREE_TREE_RESERVE_RETURN_BLOCKS	0
LIST_EXNEXT_1000_ENTRIES_FIRST_PASS_FREE_TREE_RESERVE_RETURN_RUNS_1_BLOCK	0
LIST_EXNEXT_1000_ENTRIES_FIRST_PASS_FREE_TREE_RESERVE_RETURN_RUNS_2_3_BLOCKS	0
LIST_EXNEXT_1000_ENTRIES_FIRST_PASS_FREE_TREE_RESERVE_RETURN_RUNS_4_7_BLOCKS	0
LIST_EXNEXT_1000_ENTRIES_FIRST_PASS_FREE_TREE_RESERVE_RETURN_RUNS_8_PLUS_BLOCKS	0
LIST_EXNEXT_1000_ENTRIES_FIRST_PASS_FREE_TREE_RESERVE_RETURN_MAX_RUN_BLOCKS	0
LIST_EXNEXT_1000_ENTRIES_FIRST_PASS_FREE_TREE_RESERVE_RETURN_MAX_NODE_WRITES_PER_RUN	0
LIST_EXNEXT_1000_ENTRIES_FIRST_PASS_POST_PUBLISH_RECLAIM_PASSES	0
LIST_EXNEXT_1000_ENTRIES_FIRST_PASS_MAX_POST_PUBLISH_RECLAIM_PASSES_PER_COMMIT	0
LIST_EXNEXT_1000_ENTRIES_FIRST_PASS_SUPERBLOCK_PUBLICATIONS	0
LIST_EXNEXT_1000_ENTRIES_FIRST_PASS_FREE_TREE_RESERVE_RETURN_RUN_NODE_WRITES	0
LIST_EXNEXT_1000_ENTRIES_FIRST_PASS_FREE_TREE_RESERVE_RETURN_BATCH_CALLS	0
LIST_EXNEXT_1000_ENTRIES_FIRST_PASS_FREE_TREE_RESERVE_RETURN_BATCH_BLOCKS	0
LIST_EXNEXT_1000_ENTRIES_FIRST_PASS_FREE_TREE_RESERVE_RETURN_BATCH_NODE_WRITES	0
LIST_EXNEXT_1000_ENTRIES_FIRST_PASS_FREE_TREE_RESERVE_RETURN_SKIP_SHAPE	0
LIST_EXNEXT_1000_ENTRIES_FIRST_PASS_FREE_TREE_RESERVE_RETURN_SKIP_SMALL	0
LIST_EXNEXT_1000_ENTRIES_FIRST_PASS_FREE_TREE_RESERVE_RETURN_SKIP_EMERGENCY	0
LIST_EXNEXT_1000_ENTRIES_FIRST_PASS_FREE_TREE_RESERVE_RETURN_SKIP_CAPACITY	0
LIST_EXNEXT_1000_ENTRIES_FIRST_PASS_SEALED_COMMITS	0
LIST_EXNEXT_1000_ENTRIES_FIRST_PASS_SEALED_METADATA_FENCES	0
LIST_EXNEXT_1000_ENTRIES_FIRST_PASS_BTREE_MALLOC_CALLS	108
LIST_EXNEXT_1000_ENTRIES_FIRST_PASS_BTREE_MALLOC_SAMPLES	108
LIST_EXNEXT_1000_ENTRIES_FIRST_PASS_BTREE_MALLOC_SAMPLE_TICKS	670
LIST_EXNEXT_1000_ENTRIES_FIRST_PASS_BTREE_FREE_CALLS	1003
LIST_EXNEXT_1000_ENTRIES_FIRST_PASS_BTREE_FREE_SAMPLES	1003
LIST_EXNEXT_1000_ENTRIES_FIRST_PASS_BTREE_FREE_SAMPLE_TICKS	2399
LIST_EXNEXT_1000_ENTRIES_FIRST_PASS_IFACE_ALLOC_CALLS	0
LIST_EXNEXT_1000_ENTRIES_FIRST_PASS_IFACE_ALLOC_SAMPLES	0
LIST_EXNEXT_1000_ENTRIES_FIRST_PASS_IFACE_ALLOC_SAMPLE_TICKS	0
LIST_EXNEXT_1000_ENTRIES_FIRST_PASS_FREESPACE_ALLOC_SAMPLES	0
LIST_EXNEXT_1000_ENTRIES_FIRST_PASS_FREESPACE_ALLOC_SAMPLE_TICKS	0
LIST_EXNEXT_1000_ENTRIES_FIRST_PASS_PACKET_CALLS	1004
LIST_EXNEXT_1000_ENTRIES_FIRST_PASS_PACKET_SAMPLES	1004
LIST_EXNEXT_1000_ENTRIES_FIRST_PASS_PACKET_SAMPLE_TICKS	124599
LIST_EXNEXT_1000_ENTRIES_FIRST_PASS_PACKET_OPEN_CALLS	0
LIST_EXNEXT_1000_ENTRIES_FIRST_PASS_PACKET_OPEN_SAMPLES	0
LIST_EXNEXT_1000_ENTRIES_FIRST_PASS_PACKET_OPEN_SAMPLE_TICKS	0
LIST_EXNEXT_1000_ENTRIES_FIRST_PASS_PACKET_READ_CALLS	0
LIST_EXNEXT_1000_ENTRIES_FIRST_PASS_PACKET_READ_SAMPLES	0
LIST_EXNEXT_1000_ENTRIES_FIRST_PASS_PACKET_READ_SAMPLE_TICKS	0
LIST_EXNEXT_1000_ENTRIES_FIRST_PASS_PACKET_WRITE_CALLS	0
LIST_EXNEXT_1000_ENTRIES_FIRST_PASS_PACKET_WRITE_SAMPLES	0
LIST_EXNEXT_1000_ENTRIES_FIRST_PASS_PACKET_WRITE_SAMPLE_TICKS	0
LIST_EXNEXT_1000_ENTRIES_FIRST_PASS_PACKET_END_CALLS	0
LIST_EXNEXT_1000_ENTRIES_FIRST_PASS_PACKET_END_SAMPLES	0
LIST_EXNEXT_1000_ENTRIES_FIRST_PASS_PACKET_END_SAMPLE_TICKS	0
LIST_EXNEXT_1000_ENTRIES_FIRST_PASS_PACKET_DELETE_CALLS	0
LIST_EXNEXT_1000_ENTRIES_FIRST_PASS_PACKET_DELETE_SAMPLES	0
LIST_EXNEXT_1000_ENTRIES_FIRST_PASS_PACKET_DELETE_SAMPLE_TICKS	0
LIST_EXNEXT_1000_ENTRIES_FIRST_PASS_PACKET_FLUSH_CALLS	0
LIST_EXNEXT_1000_ENTRIES_FIRST_PASS_PACKET_FLUSH_SAMPLES	0
LIST_EXNEXT_1000_ENTRIES_FIRST_PASS_PACKET_FLUSH_SAMPLE_TICKS	0
LIST_EXNEXT_1000_ENTRIES_FIRST_PASS_PACKET_OTHER_CALLS	1004
LIST_EXNEXT_1000_ENTRIES_FIRST_PASS_PACKET_OTHER_SAMPLES	1004
LIST_EXNEXT_1000_ENTRIES_FIRST_PASS_PACKET_OTHER_SAMPLE_TICKS	124599
LIST_EXNEXT_1000_ENTRIES_FIRST_PASS_CORE_CREATE_CALLS	0
LIST_EXNEXT_1000_ENTRIES_FIRST_PASS_CORE_CREATE_SAMPLES	0
LIST_EXNEXT_1000_ENTRIES_FIRST_PASS_CORE_CREATE_SAMPLE_TICKS	0
LIST_EXNEXT_1000_ENTRIES_FIRST_PASS_CORE_DELETE_CALLS	0
LIST_EXNEXT_1000_ENTRIES_FIRST_PASS_CORE_DELETE_SAMPLES	0
LIST_EXNEXT_1000_ENTRIES_FIRST_PASS_CORE_DELETE_SAMPLE_TICKS	0
LIST_EXNEXT_1000_ENTRIES_FIRST_PASS_CORE_FILE_WRITE_CALLS	0
LIST_EXNEXT_1000_ENTRIES_FIRST_PASS_CORE_FILE_WRITE_SAMPLES	0
LIST_EXNEXT_1000_ENTRIES_FIRST_PASS_CORE_FILE_WRITE_SAMPLE_TICKS	0
LIST_EXNEXT_1000_ENTRIES_FIRST_PASS_CORE_SYNC_CALLS	0
LIST_EXNEXT_1000_ENTRIES_FIRST_PASS_CORE_SYNC_SAMPLES	0
LIST_EXNEXT_1000_ENTRIES_FIRST_PASS_CORE_SYNC_SAMPLE_TICKS	0
LIST_EXNEXT_1000_ENTRIES_FIRST_PASS_IFACE_FREE_CALLS	0
LIST_EXNEXT_1000_ENTRIES_FIRST_PASS_IFACE_FREE_SAMPLES	0
LIST_EXNEXT_1000_ENTRIES_FIRST_PASS_IFACE_FREE_SAMPLE_TICKS	0
LIST_EXNEXT_1000_ENTRIES_FIRST_PASS_SEAL_COMMIT_CALLS	0
LIST_EXNEXT_1000_ENTRIES_FIRST_PASS_SEAL_COMMIT_SAMPLES	0
LIST_EXNEXT_1000_ENTRIES_FIRST_PASS_SEAL_COMMIT_SAMPLE_TICKS	0
LIST_EXNEXT_1000_ENTRIES_FIRST_PASS_INODE_READ_CALLS	1001
LIST_EXNEXT_1000_ENTRIES_FIRST_PASS_BTREE_SEARCH_CALLS	1002
LIST_EXNEXT_1000_ENTRIES_FIRST_PASS_BTREE_INDEX_HINT_HITS	0
LIST_EXNEXT_1000_ENTRIES_FIRST_PASS_BTREE_LEAF_HINT_HITS	210
LIST_EXNEXT_1000_ENTRIES_FIRST_PASS_CACHE_READ_CALLS	182
LIST_EXNEXT_1000_ENTRIES_FIRST_PASS_CACHE_READ_HITS	0
LIST_EXNEXT_1000_ENTRIES_FIRST_PASS_CACHE_READ_MISSES	182
LIST_EXNEXT_1000_ENTRIES_FIRST_PASS_FREE_TREE_NODE_VIEWS	0
LIST_EXNEXT_1000_ENTRIES_FIRST_PASS_FREE_TREE_RESIDENT_VIEWS	0
LIST_EXNEXT_1000_ENTRIES_FIRST_PASS_DIR_TREE_NODE_VIEWS	672
LIST_EXNEXT_1000_ENTRIES_FIRST_PASS_DIR_TREE_RESIDENT_VIEWS	552
LIST_EXNEXT_1000_ENTRIES_FIRST_PASS_INODE_TREE_NODE_VIEWS	1582
LIST_EXNEXT_1000_ENTRIES_FIRST_PASS_INODE_TREE_RESIDENT_VIEWS	1520
LIST_EXNEXT_1000_ENTRIES_FIRST_PASS_REFCOUNT_TREE_NODE_VIEWS	0
LIST_EXNEXT_1000_ENTRIES_FIRST_PASS_REFCOUNT_TREE_RESIDENT_VIEWS	0
LIST_EXNEXT_1000_ENTRIES_FIRST_PASS_OTHER_TREE_NODE_VIEWS	0
LIST_EXNEXT_1000_ENTRIES_FIRST_PASS_OTHER_TREE_RESIDENT_VIEWS	0
LIST_EXNEXT_1000_ENTRIES_FIRST_PASS_DETAIL_INODE_READ_CALLS	1001
LIST_EXNEXT_1000_ENTRIES_FIRST_PASS_DETAIL_INODE_READ_SAMPLES	58
LIST_EXNEXT_1000_ENTRIES_FIRST_PASS_DETAIL_INODE_READ_SAMPLE_TICKS	3139
LIST_EXNEXT_1000_ENTRIES_FIRST_PASS_DETAIL_INODE_VALIDATE_CALLS	1001
LIST_EXNEXT_1000_ENTRIES_FIRST_PASS_DETAIL_INODE_VALIDATE_SAMPLES	58
LIST_EXNEXT_1000_ENTRIES_FIRST_PASS_DETAIL_INODE_VALIDATE_SAMPLE_TICKS	83
LIST_EXNEXT_1000_ENTRIES_FIRST_PASS_DETAIL_INODE_SEARCH_CALLS	1001
LIST_EXNEXT_1000_ENTRIES_FIRST_PASS_DETAIL_INODE_SEARCH_SAMPLES	58
LIST_EXNEXT_1000_ENTRIES_FIRST_PASS_DETAIL_INODE_SEARCH_SAMPLE_TICKS	2482
LIST_EXNEXT_1000_ENTRIES_FIRST_PASS_DETAIL_INODE_NODE_VIEW_CALLS	1582
LIST_EXNEXT_1000_ENTRIES_FIRST_PASS_DETAIL_INODE_NODE_VIEW_SAMPLES	93
LIST_EXNEXT_1000_ENTRIES_FIRST_PASS_DETAIL_INODE_NODE_VIEW_SAMPLE_TICKS	1525
LIST_EXNEXT_1000_ENTRIES_FIRST_PASS_DETAIL_DIR_NODE_VIEW_CALLS	672
LIST_EXNEXT_1000_ENTRIES_FIRST_PASS_DETAIL_DIR_NODE_VIEW_SAMPLES	39
LIST_EXNEXT_1000_ENTRIES_FIRST_PASS_DETAIL_DIR_NODE_VIEW_SAMPLE_TICKS	2217
LIST_EXNEXT_1000_ENTRIES_FIRST_PASS_DETAIL_INODE_BINARY_SEARCH_CALLS	1792
LIST_EXNEXT_1000_ENTRIES_FIRST_PASS_DETAIL_INODE_BINARY_SEARCH_SAMPLES	105
LIST_EXNEXT_1000_ENTRIES_FIRST_PASS_DETAIL_INODE_BINARY_SEARCH_SAMPLE_TICKS	243
LIST_EXNEXT_1000_ENTRIES_FIRST_PASS_DETAIL_DIR_BINARY_SEARCH_CALLS	436
LIST_EXNEXT_1000_ENTRIES_FIRST_PASS_DETAIL_DIR_BINARY_SEARCH_SAMPLES	25
LIST_EXNEXT_1000_ENTRIES_FIRST_PASS_DETAIL_DIR_BINARY_SEARCH_SAMPLE_TICKS	136
LIST_EXNEXT_1000_ENTRIES_FIRST_PASS_DETAIL_NODE_STRUCTURE_CALLS	182
LIST_EXNEXT_1000_ENTRIES_FIRST_PASS_DETAIL_NODE_STRUCTURE_SAMPLES	10
LIST_EXNEXT_1000_ENTRIES_FIRST_PASS_DETAIL_NODE_STRUCTURE_SAMPLE_TICKS	227
LIST_EXNEXT_1000_ENTRIES_FIRST_PASS_DETAIL_CACHE_PEEK_CALLS	3256
LIST_EXNEXT_1000_ENTRIES_FIRST_PASS_DETAIL_CACHE_PEEK_SAMPLES	191
LIST_EXNEXT_1000_ENTRIES_FIRST_PASS_DETAIL_CACHE_PEEK_SAMPLE_TICKS	621
LIST_EXNEXT_1000_ENTRIES_FIRST_PASS_DETAIL_BUFFER_ALLOC_CALLS	1794
LIST_EXNEXT_1000_ENTRIES_FIRST_PASS_DETAIL_BUFFER_ALLOC_SAMPLES	105
LIST_EXNEXT_1000_ENTRIES_FIRST_PASS_DETAIL_BUFFER_ALLOC_SAMPLE_TICKS	331
LIST_EXNEXT_1000_ENTRIES_FIRST_PASS_DETAIL_BUFFER_FREE_CALLS	1794
LIST_EXNEXT_1000_ENTRIES_FIRST_PASS_DETAIL_BUFFER_FREE_SAMPLES	105
LIST_EXNEXT_1000_ENTRIES_FIRST_PASS_DETAIL_BUFFER_FREE_SAMPLE_TICKS	140
LIST_EXNEXT_1000_ENTRIES_FIRST_PASS_DETAIL_EXALL_FILL_CALLS	0
LIST_EXNEXT_1000_ENTRIES_FIRST_PASS_DETAIL_EXALL_FILL_SAMPLES	0
LIST_EXNEXT_1000_ENTRIES_FIRST_PASS_DETAIL_EXALL_FILL_SAMPLE_TICKS	0
LIST_EXNEXT_1000_ENTRIES_FIRST_PASS_DEFERRED_NODE_WRITES	0
LIST_EXNEXT_1000_ENTRIES_REPEAT10_TOTAL_US	2168244
LIST_EXNEXT_1000_ENTRIES_REPEAT10_TOTAL_BIO_READS	1840
LIST_EXNEXT_1000_ENTRIES_REPEAT10_TOTAL_BIO_WRITES	0
LIST_EXNEXT_1000_ENTRIES_REPEAT10_TOTAL_BIO_UPDATES	0
LIST_EXNEXT_1000_ENTRIES_REPEAT10_TOTAL_DATA_READS	0
LIST_EXNEXT_1000_ENTRIES_REPEAT10_TOTAL_DATA_WRITES	0
LIST_EXNEXT_1000_ENTRIES_REPEAT10_TOTAL_NODE_WRITES	0
LIST_EXNEXT_1000_ENTRIES_REPEAT10_TOTAL_TXN_COMMITS	0
LIST_EXNEXT_1000_ENTRIES_REPEAT10_TOTAL_FREESPACE_ALLOCS	0
LIST_EXNEXT_1000_ENTRIES_REPEAT10_TOTAL_EXTENT_MAPS	0
LIST_EXNEXT_1000_ENTRIES_REPEAT10_TOTAL_READ_TICKS	143093
LIST_EXNEXT_1000_ENTRIES_REPEAT10_TOTAL_WRITE_TICKS	0
LIST_EXNEXT_1000_ENTRIES_REPEAT10_TOTAL_UPDATE_TICKS	0
LIST_EXNEXT_1000_ENTRIES_REPEAT10_TOTAL_DATA_READ_TICKS	0
LIST_EXNEXT_1000_ENTRIES_REPEAT10_TOTAL_DATA_WRITE_TICKS	0
LIST_EXNEXT_1000_ENTRIES_REPEAT10_TOTAL_FREE_TREE_NODE_WRITES	0
LIST_EXNEXT_1000_ENTRIES_REPEAT10_TOTAL_FREE_TREE_ALLOCATION_BODY_NODE_WRITES	0
LIST_EXNEXT_1000_ENTRIES_REPEAT10_TOTAL_FREE_TREE_RESERVE_REFILL_NODE_WRITES	0
LIST_EXNEXT_1000_ENTRIES_REPEAT10_TOTAL_FREE_TREE_RESERVE_RETURN_NODE_WRITES	0
LIST_EXNEXT_1000_ENTRIES_REPEAT10_TOTAL_FREE_TREE_POST_PUBLISH_PENDING_RECLAIM_NODE_WRITES	0
LIST_EXNEXT_1000_ENTRIES_REPEAT10_TOTAL_FREE_TREE_OTHER_NODE_WRITES	0
LIST_EXNEXT_1000_ENTRIES_REPEAT10_TOTAL_DIR_TREE_NODE_WRITES	0
LIST_EXNEXT_1000_ENTRIES_REPEAT10_TOTAL_INODE_TREE_NODE_WRITES	0
LIST_EXNEXT_1000_ENTRIES_REPEAT10_TOTAL_REFCOUNT_TREE_NODE_WRITES	0
LIST_EXNEXT_1000_ENTRIES_REPEAT10_TOTAL_OTHER_TREE_NODE_WRITES	0
LIST_EXNEXT_1000_ENTRIES_REPEAT10_TOTAL_NODE_CRC_READ_CALLS	1840
LIST_EXNEXT_1000_ENTRIES_REPEAT10_TOTAL_NODE_CRC_READ_SAMPLES	28
LIST_EXNEXT_1000_ENTRIES_REPEAT10_TOTAL_NODE_CRC_READ_SAMPLE_TICKS	4312
LIST_EXNEXT_1000_ENTRIES_REPEAT10_TOTAL_NODE_CRC_WRITE_CALLS	0
LIST_EXNEXT_1000_ENTRIES_REPEAT10_TOTAL_NODE_CRC_WRITE_SAMPLES	0
LIST_EXNEXT_1000_ENTRIES_REPEAT10_TOTAL_NODE_CRC_WRITE_SAMPLE_TICKS	0
LIST_EXNEXT_1000_ENTRIES_REPEAT10_TOTAL_CLOCK_PAIR_TICKS	0
LIST_EXNEXT_1000_ENTRIES_REPEAT10_TOTAL_FREE_TREE_RESERVE_RETURN_CALLS	0
LIST_EXNEXT_1000_ENTRIES_REPEAT10_TOTAL_FREE_TREE_RESERVE_RETURN_RUNS	0
LIST_EXNEXT_1000_ENTRIES_REPEAT10_TOTAL_FREE_TREE_RESERVE_RETURN_BLOCKS	0
LIST_EXNEXT_1000_ENTRIES_REPEAT10_TOTAL_FREE_TREE_RESERVE_RETURN_RUNS_1_BLOCK	0
LIST_EXNEXT_1000_ENTRIES_REPEAT10_TOTAL_FREE_TREE_RESERVE_RETURN_RUNS_2_3_BLOCKS	0
LIST_EXNEXT_1000_ENTRIES_REPEAT10_TOTAL_FREE_TREE_RESERVE_RETURN_RUNS_4_7_BLOCKS	0
LIST_EXNEXT_1000_ENTRIES_REPEAT10_TOTAL_FREE_TREE_RESERVE_RETURN_RUNS_8_PLUS_BLOCKS	0
LIST_EXNEXT_1000_ENTRIES_REPEAT10_TOTAL_FREE_TREE_RESERVE_RETURN_MAX_RUN_BLOCKS	0
LIST_EXNEXT_1000_ENTRIES_REPEAT10_TOTAL_FREE_TREE_RESERVE_RETURN_MAX_NODE_WRITES_PER_RUN	0
LIST_EXNEXT_1000_ENTRIES_REPEAT10_TOTAL_POST_PUBLISH_RECLAIM_PASSES	0
LIST_EXNEXT_1000_ENTRIES_REPEAT10_TOTAL_MAX_POST_PUBLISH_RECLAIM_PASSES_PER_COMMIT	0
LIST_EXNEXT_1000_ENTRIES_REPEAT10_TOTAL_SUPERBLOCK_PUBLICATIONS	0
LIST_EXNEXT_1000_ENTRIES_REPEAT10_TOTAL_FREE_TREE_RESERVE_RETURN_RUN_NODE_WRITES	0
LIST_EXNEXT_1000_ENTRIES_REPEAT10_TOTAL_FREE_TREE_RESERVE_RETURN_BATCH_CALLS	0
LIST_EXNEXT_1000_ENTRIES_REPEAT10_TOTAL_FREE_TREE_RESERVE_RETURN_BATCH_BLOCKS	0
LIST_EXNEXT_1000_ENTRIES_REPEAT10_TOTAL_FREE_TREE_RESERVE_RETURN_BATCH_NODE_WRITES	0
LIST_EXNEXT_1000_ENTRIES_REPEAT10_TOTAL_FREE_TREE_RESERVE_RETURN_SKIP_SHAPE	0
LIST_EXNEXT_1000_ENTRIES_REPEAT10_TOTAL_FREE_TREE_RESERVE_RETURN_SKIP_SMALL	0
LIST_EXNEXT_1000_ENTRIES_REPEAT10_TOTAL_FREE_TREE_RESERVE_RETURN_SKIP_EMERGENCY	0
LIST_EXNEXT_1000_ENTRIES_REPEAT10_TOTAL_FREE_TREE_RESERVE_RETURN_SKIP_CAPACITY	0
LIST_EXNEXT_1000_ENTRIES_REPEAT10_TOTAL_SEALED_COMMITS	0
LIST_EXNEXT_1000_ENTRIES_REPEAT10_TOTAL_SEALED_METADATA_FENCES	0
LIST_EXNEXT_1000_ENTRIES_REPEAT10_TOTAL_BTREE_MALLOC_CALLS	1071
LIST_EXNEXT_1000_ENTRIES_REPEAT10_TOTAL_BTREE_MALLOC_SAMPLES	1071
LIST_EXNEXT_1000_ENTRIES_REPEAT10_TOTAL_BTREE_MALLOC_SAMPLE_TICKS	6874
LIST_EXNEXT_1000_ENTRIES_REPEAT10_TOTAL_BTREE_FREE_CALLS	10021
LIST_EXNEXT_1000_ENTRIES_REPEAT10_TOTAL_BTREE_FREE_SAMPLES	10021
LIST_EXNEXT_1000_ENTRIES_REPEAT10_TOTAL_BTREE_FREE_SAMPLE_TICKS	20569
LIST_EXNEXT_1000_ENTRIES_REPEAT10_TOTAL_IFACE_ALLOC_CALLS	0
LIST_EXNEXT_1000_ENTRIES_REPEAT10_TOTAL_IFACE_ALLOC_SAMPLES	0
LIST_EXNEXT_1000_ENTRIES_REPEAT10_TOTAL_IFACE_ALLOC_SAMPLE_TICKS	0
LIST_EXNEXT_1000_ENTRIES_REPEAT10_TOTAL_FREESPACE_ALLOC_SAMPLES	0
LIST_EXNEXT_1000_ENTRIES_REPEAT10_TOTAL_FREESPACE_ALLOC_SAMPLE_TICKS	0
LIST_EXNEXT_1000_ENTRIES_REPEAT10_TOTAL_PACKET_CALLS	10022
LIST_EXNEXT_1000_ENTRIES_REPEAT10_TOTAL_PACKET_SAMPLES	10022
LIST_EXNEXT_1000_ENTRIES_REPEAT10_TOTAL_PACKET_SAMPLE_TICKS	1327497
LIST_EXNEXT_1000_ENTRIES_REPEAT10_TOTAL_PACKET_OPEN_CALLS	0
LIST_EXNEXT_1000_ENTRIES_REPEAT10_TOTAL_PACKET_OPEN_SAMPLES	0
LIST_EXNEXT_1000_ENTRIES_REPEAT10_TOTAL_PACKET_OPEN_SAMPLE_TICKS	0
LIST_EXNEXT_1000_ENTRIES_REPEAT10_TOTAL_PACKET_READ_CALLS	0
LIST_EXNEXT_1000_ENTRIES_REPEAT10_TOTAL_PACKET_READ_SAMPLES	0
LIST_EXNEXT_1000_ENTRIES_REPEAT10_TOTAL_PACKET_READ_SAMPLE_TICKS	0
LIST_EXNEXT_1000_ENTRIES_REPEAT10_TOTAL_PACKET_WRITE_CALLS	0
LIST_EXNEXT_1000_ENTRIES_REPEAT10_TOTAL_PACKET_WRITE_SAMPLES	0
LIST_EXNEXT_1000_ENTRIES_REPEAT10_TOTAL_PACKET_WRITE_SAMPLE_TICKS	0
LIST_EXNEXT_1000_ENTRIES_REPEAT10_TOTAL_PACKET_END_CALLS	0
LIST_EXNEXT_1000_ENTRIES_REPEAT10_TOTAL_PACKET_END_SAMPLES	0
LIST_EXNEXT_1000_ENTRIES_REPEAT10_TOTAL_PACKET_END_SAMPLE_TICKS	0
LIST_EXNEXT_1000_ENTRIES_REPEAT10_TOTAL_PACKET_DELETE_CALLS	0
LIST_EXNEXT_1000_ENTRIES_REPEAT10_TOTAL_PACKET_DELETE_SAMPLES	0
LIST_EXNEXT_1000_ENTRIES_REPEAT10_TOTAL_PACKET_DELETE_SAMPLE_TICKS	0
LIST_EXNEXT_1000_ENTRIES_REPEAT10_TOTAL_PACKET_FLUSH_CALLS	0
LIST_EXNEXT_1000_ENTRIES_REPEAT10_TOTAL_PACKET_FLUSH_SAMPLES	0
LIST_EXNEXT_1000_ENTRIES_REPEAT10_TOTAL_PACKET_FLUSH_SAMPLE_TICKS	0
LIST_EXNEXT_1000_ENTRIES_REPEAT10_TOTAL_PACKET_OTHER_CALLS	10022
LIST_EXNEXT_1000_ENTRIES_REPEAT10_TOTAL_PACKET_OTHER_SAMPLES	10022
LIST_EXNEXT_1000_ENTRIES_REPEAT10_TOTAL_PACKET_OTHER_SAMPLE_TICKS	1327497
LIST_EXNEXT_1000_ENTRIES_REPEAT10_TOTAL_CORE_CREATE_CALLS	0
LIST_EXNEXT_1000_ENTRIES_REPEAT10_TOTAL_CORE_CREATE_SAMPLES	0
LIST_EXNEXT_1000_ENTRIES_REPEAT10_TOTAL_CORE_CREATE_SAMPLE_TICKS	0
LIST_EXNEXT_1000_ENTRIES_REPEAT10_TOTAL_CORE_DELETE_CALLS	0
LIST_EXNEXT_1000_ENTRIES_REPEAT10_TOTAL_CORE_DELETE_SAMPLES	0
LIST_EXNEXT_1000_ENTRIES_REPEAT10_TOTAL_CORE_DELETE_SAMPLE_TICKS	0
LIST_EXNEXT_1000_ENTRIES_REPEAT10_TOTAL_CORE_FILE_WRITE_CALLS	0
LIST_EXNEXT_1000_ENTRIES_REPEAT10_TOTAL_CORE_FILE_WRITE_SAMPLES	0
LIST_EXNEXT_1000_ENTRIES_REPEAT10_TOTAL_CORE_FILE_WRITE_SAMPLE_TICKS	0
LIST_EXNEXT_1000_ENTRIES_REPEAT10_TOTAL_CORE_SYNC_CALLS	0
LIST_EXNEXT_1000_ENTRIES_REPEAT10_TOTAL_CORE_SYNC_SAMPLES	0
LIST_EXNEXT_1000_ENTRIES_REPEAT10_TOTAL_CORE_SYNC_SAMPLE_TICKS	0
LIST_EXNEXT_1000_ENTRIES_REPEAT10_TOTAL_IFACE_FREE_CALLS	0
LIST_EXNEXT_1000_ENTRIES_REPEAT10_TOTAL_IFACE_FREE_SAMPLES	0
LIST_EXNEXT_1000_ENTRIES_REPEAT10_TOTAL_IFACE_FREE_SAMPLE_TICKS	0
LIST_EXNEXT_1000_ENTRIES_REPEAT10_TOTAL_SEAL_COMMIT_CALLS	0
LIST_EXNEXT_1000_ENTRIES_REPEAT10_TOTAL_SEAL_COMMIT_SAMPLES	0
LIST_EXNEXT_1000_ENTRIES_REPEAT10_TOTAL_SEAL_COMMIT_SAMPLE_TICKS	0
LIST_EXNEXT_1000_ENTRIES_REPEAT10_TOTAL_INODE_READ_CALLS	10010
LIST_EXNEXT_1000_ENTRIES_REPEAT10_TOTAL_BTREE_SEARCH_CALLS	10011
LIST_EXNEXT_1000_ENTRIES_REPEAT10_TOTAL_BTREE_INDEX_HINT_HITS	0
LIST_EXNEXT_1000_ENTRIES_REPEAT10_TOTAL_BTREE_LEAF_HINT_HITS	2100
LIST_EXNEXT_1000_ENTRIES_REPEAT10_TOTAL_CACHE_READ_CALLS	1840
LIST_EXNEXT_1000_ENTRIES_REPEAT10_TOTAL_CACHE_READ_HITS	0
LIST_EXNEXT_1000_ENTRIES_REPEAT10_TOTAL_CACHE_READ_MISSES	1840
LIST_EXNEXT_1000_ENTRIES_REPEAT10_TOTAL_FREE_TREE_NODE_VIEWS	0
LIST_EXNEXT_1000_ENTRIES_REPEAT10_TOTAL_FREE_TREE_RESIDENT_VIEWS	0
LIST_EXNEXT_1000_ENTRIES_REPEAT10_TOTAL_DIR_TREE_NODE_VIEWS	6684
LIST_EXNEXT_1000_ENTRIES_REPEAT10_TOTAL_DIR_TREE_RESIDENT_VIEWS	5444
LIST_EXNEXT_1000_ENTRIES_REPEAT10_TOTAL_INODE_TREE_NODE_VIEWS	15820
LIST_EXNEXT_1000_ENTRIES_REPEAT10_TOTAL_INODE_TREE_RESIDENT_VIEWS	15220
LIST_EXNEXT_1000_ENTRIES_REPEAT10_TOTAL_REFCOUNT_TREE_NODE_VIEWS	0
LIST_EXNEXT_1000_ENTRIES_REPEAT10_TOTAL_REFCOUNT_TREE_RESIDENT_VIEWS	0
LIST_EXNEXT_1000_ENTRIES_REPEAT10_TOTAL_OTHER_TREE_NODE_VIEWS	0
LIST_EXNEXT_1000_ENTRIES_REPEAT10_TOTAL_OTHER_TREE_RESIDENT_VIEWS	0
LIST_EXNEXT_1000_ENTRIES_REPEAT10_TOTAL_DETAIL_INODE_READ_CALLS	10010
LIST_EXNEXT_1000_ENTRIES_REPEAT10_TOTAL_DETAIL_INODE_READ_SAMPLES	588
LIST_EXNEXT_1000_ENTRIES_REPEAT10_TOTAL_DETAIL_INODE_READ_SAMPLE_TICKS	36529
LIST_EXNEXT_1000_ENTRIES_REPEAT10_TOTAL_DETAIL_INODE_VALIDATE_CALLS	10010
LIST_EXNEXT_1000_ENTRIES_REPEAT10_TOTAL_DETAIL_INODE_VALIDATE_SAMPLES	588
LIST_EXNEXT_1000_ENTRIES_REPEAT10_TOTAL_DETAIL_INODE_VALIDATE_SAMPLE_TICKS	1565
LIST_EXNEXT_1000_ENTRIES_REPEAT10_TOTAL_DETAIL_INODE_SEARCH_CALLS	10010
LIST_EXNEXT_1000_ENTRIES_REPEAT10_TOTAL_DETAIL_INODE_SEARCH_SAMPLES	588
LIST_EXNEXT_1000_ENTRIES_REPEAT10_TOTAL_DETAIL_INODE_SEARCH_SAMPLE_TICKS	30081
LIST_EXNEXT_1000_ENTRIES_REPEAT10_TOTAL_DETAIL_INODE_NODE_VIEW_CALLS	15820
LIST_EXNEXT_1000_ENTRIES_REPEAT10_TOTAL_DETAIL_INODE_NODE_VIEW_SAMPLES	930
LIST_EXNEXT_1000_ENTRIES_REPEAT10_TOTAL_DETAIL_INODE_NODE_VIEW_SAMPLE_TICKS	13723
LIST_EXNEXT_1000_ENTRIES_REPEAT10_TOTAL_DETAIL_DIR_NODE_VIEW_CALLS	6684
LIST_EXNEXT_1000_ENTRIES_REPEAT10_TOTAL_DETAIL_DIR_NODE_VIEW_SAMPLES	393
LIST_EXNEXT_1000_ENTRIES_REPEAT10_TOTAL_DETAIL_DIR_NODE_VIEW_SAMPLE_TICKS	23919
LIST_EXNEXT_1000_ENTRIES_REPEAT10_TOTAL_DETAIL_INODE_BINARY_SEARCH_CALLS	17920
LIST_EXNEXT_1000_ENTRIES_REPEAT10_TOTAL_DETAIL_INODE_BINARY_SEARCH_SAMPLES	1054
LIST_EXNEXT_1000_ENTRIES_REPEAT10_TOTAL_DETAIL_INODE_BINARY_SEARCH_SAMPLE_TICKS	3696
LIST_EXNEXT_1000_ENTRIES_REPEAT10_TOTAL_DETAIL_DIR_BINARY_SEARCH_CALLS	4324
LIST_EXNEXT_1000_ENTRIES_REPEAT10_TOTAL_DETAIL_DIR_BINARY_SEARCH_SAMPLES	254
LIST_EXNEXT_1000_ENTRIES_REPEAT10_TOTAL_DETAIL_DIR_BINARY_SEARCH_SAMPLE_TICKS	1278
LIST_EXNEXT_1000_ENTRIES_REPEAT10_TOTAL_DETAIL_NODE_STRUCTURE_CALLS	1840
LIST_EXNEXT_1000_ENTRIES_REPEAT10_TOTAL_DETAIL_NODE_STRUCTURE_SAMPLES	108
LIST_EXNEXT_1000_ENTRIES_REPEAT10_TOTAL_DETAIL_NODE_STRUCTURE_SAMPLE_TICKS	2151
LIST_EXNEXT_1000_ENTRIES_REPEAT10_TOTAL_DETAIL_CACHE_PEEK_CALLS	32515
LIST_EXNEXT_1000_ENTRIES_REPEAT10_TOTAL_DETAIL_CACHE_PEEK_SAMPLES	1912
LIST_EXNEXT_1000_ENTRIES_REPEAT10_TOTAL_DETAIL_CACHE_PEEK_SAMPLE_TICKS	5482
LIST_EXNEXT_1000_ENTRIES_REPEAT10_TOTAL_DETAIL_BUFFER_ALLOC_CALLS	17931
LIST_EXNEXT_1000_ENTRIES_REPEAT10_TOTAL_DETAIL_BUFFER_ALLOC_SAMPLES	1054
LIST_EXNEXT_1000_ENTRIES_REPEAT10_TOTAL_DETAIL_BUFFER_ALLOC_SAMPLE_TICKS	3262
LIST_EXNEXT_1000_ENTRIES_REPEAT10_TOTAL_DETAIL_BUFFER_FREE_CALLS	17931
LIST_EXNEXT_1000_ENTRIES_REPEAT10_TOTAL_DETAIL_BUFFER_FREE_SAMPLES	1054
LIST_EXNEXT_1000_ENTRIES_REPEAT10_TOTAL_DETAIL_BUFFER_FREE_SAMPLE_TICKS	2253
LIST_EXNEXT_1000_ENTRIES_REPEAT10_TOTAL_DETAIL_EXALL_FILL_CALLS	0
LIST_EXNEXT_1000_ENTRIES_REPEAT10_TOTAL_DETAIL_EXALL_FILL_SAMPLES	0
LIST_EXNEXT_1000_ENTRIES_REPEAT10_TOTAL_DETAIL_EXALL_FILL_SAMPLE_TICKS	0
LIST_EXNEXT_1000_ENTRIES_REPEAT10_TOTAL_DEFERRED_NODE_WRITES	0
LIST_EXALL_1000_ENTRIES_FIRST_PASS_US	140351
LIST_EXALL_1000_ENTRIES_FIRST_PASS_BIO_READS	175
LIST_EXALL_1000_ENTRIES_FIRST_PASS_BIO_WRITES	0
LIST_EXALL_1000_ENTRIES_FIRST_PASS_BIO_UPDATES	0
LIST_EXALL_1000_ENTRIES_FIRST_PASS_DATA_READS	0
LIST_EXALL_1000_ENTRIES_FIRST_PASS_DATA_WRITES	0
LIST_EXALL_1000_ENTRIES_FIRST_PASS_NODE_WRITES	0
LIST_EXALL_1000_ENTRIES_FIRST_PASS_TXN_COMMITS	0
LIST_EXALL_1000_ENTRIES_FIRST_PASS_FREESPACE_ALLOCS	0
LIST_EXALL_1000_ENTRIES_FIRST_PASS_EXTENT_MAPS	0
LIST_EXALL_1000_ENTRIES_FIRST_PASS_READ_TICKS	12924
LIST_EXALL_1000_ENTRIES_FIRST_PASS_WRITE_TICKS	0
LIST_EXALL_1000_ENTRIES_FIRST_PASS_UPDATE_TICKS	0
LIST_EXALL_1000_ENTRIES_FIRST_PASS_DATA_READ_TICKS	0
LIST_EXALL_1000_ENTRIES_FIRST_PASS_DATA_WRITE_TICKS	0
LIST_EXALL_1000_ENTRIES_FIRST_PASS_FREE_TREE_NODE_WRITES	0
LIST_EXALL_1000_ENTRIES_FIRST_PASS_FREE_TREE_ALLOCATION_BODY_NODE_WRITES	0
LIST_EXALL_1000_ENTRIES_FIRST_PASS_FREE_TREE_RESERVE_REFILL_NODE_WRITES	0
LIST_EXALL_1000_ENTRIES_FIRST_PASS_FREE_TREE_RESERVE_RETURN_NODE_WRITES	0
LIST_EXALL_1000_ENTRIES_FIRST_PASS_FREE_TREE_POST_PUBLISH_PENDING_RECLAIM_NODE_WRITES	0
LIST_EXALL_1000_ENTRIES_FIRST_PASS_FREE_TREE_OTHER_NODE_WRITES	0
LIST_EXALL_1000_ENTRIES_FIRST_PASS_DIR_TREE_NODE_WRITES	0
LIST_EXALL_1000_ENTRIES_FIRST_PASS_INODE_TREE_NODE_WRITES	0
LIST_EXALL_1000_ENTRIES_FIRST_PASS_REFCOUNT_TREE_NODE_WRITES	0
LIST_EXALL_1000_ENTRIES_FIRST_PASS_OTHER_TREE_NODE_WRITES	0
LIST_EXALL_1000_ENTRIES_FIRST_PASS_NODE_CRC_READ_CALLS	175
LIST_EXALL_1000_ENTRIES_FIRST_PASS_NODE_CRC_READ_SAMPLES	2
LIST_EXALL_1000_ENTRIES_FIRST_PASS_NODE_CRC_READ_SAMPLE_TICKS	272
LIST_EXALL_1000_ENTRIES_FIRST_PASS_NODE_CRC_WRITE_CALLS	0
LIST_EXALL_1000_ENTRIES_FIRST_PASS_NODE_CRC_WRITE_SAMPLES	0
LIST_EXALL_1000_ENTRIES_FIRST_PASS_NODE_CRC_WRITE_SAMPLE_TICKS	0
LIST_EXALL_1000_ENTRIES_FIRST_PASS_CLOCK_PAIR_TICKS	0
LIST_EXALL_1000_ENTRIES_FIRST_PASS_FREE_TREE_RESERVE_RETURN_CALLS	0
LIST_EXALL_1000_ENTRIES_FIRST_PASS_FREE_TREE_RESERVE_RETURN_RUNS	0
LIST_EXALL_1000_ENTRIES_FIRST_PASS_FREE_TREE_RESERVE_RETURN_BLOCKS	0
LIST_EXALL_1000_ENTRIES_FIRST_PASS_FREE_TREE_RESERVE_RETURN_RUNS_1_BLOCK	0
LIST_EXALL_1000_ENTRIES_FIRST_PASS_FREE_TREE_RESERVE_RETURN_RUNS_2_3_BLOCKS	0
LIST_EXALL_1000_ENTRIES_FIRST_PASS_FREE_TREE_RESERVE_RETURN_RUNS_4_7_BLOCKS	0
LIST_EXALL_1000_ENTRIES_FIRST_PASS_FREE_TREE_RESERVE_RETURN_RUNS_8_PLUS_BLOCKS	0
LIST_EXALL_1000_ENTRIES_FIRST_PASS_FREE_TREE_RESERVE_RETURN_MAX_RUN_BLOCKS	0
LIST_EXALL_1000_ENTRIES_FIRST_PASS_FREE_TREE_RESERVE_RETURN_MAX_NODE_WRITES_PER_RUN	0
LIST_EXALL_1000_ENTRIES_FIRST_PASS_POST_PUBLISH_RECLAIM_PASSES	0
LIST_EXALL_1000_ENTRIES_FIRST_PASS_MAX_POST_PUBLISH_RECLAIM_PASSES_PER_COMMIT	0
LIST_EXALL_1000_ENTRIES_FIRST_PASS_SUPERBLOCK_PUBLICATIONS	0
LIST_EXALL_1000_ENTRIES_FIRST_PASS_FREE_TREE_RESERVE_RETURN_RUN_NODE_WRITES	0
LIST_EXALL_1000_ENTRIES_FIRST_PASS_FREE_TREE_RESERVE_RETURN_BATCH_CALLS	0
LIST_EXALL_1000_ENTRIES_FIRST_PASS_FREE_TREE_RESERVE_RETURN_BATCH_BLOCKS	0
LIST_EXALL_1000_ENTRIES_FIRST_PASS_FREE_TREE_RESERVE_RETURN_BATCH_NODE_WRITES	0
LIST_EXALL_1000_ENTRIES_FIRST_PASS_FREE_TREE_RESERVE_RETURN_SKIP_SHAPE	0
LIST_EXALL_1000_ENTRIES_FIRST_PASS_FREE_TREE_RESERVE_RETURN_SKIP_SMALL	0
LIST_EXALL_1000_ENTRIES_FIRST_PASS_FREE_TREE_RESERVE_RETURN_SKIP_EMERGENCY	0
LIST_EXALL_1000_ENTRIES_FIRST_PASS_FREE_TREE_RESERVE_RETURN_SKIP_CAPACITY	0
LIST_EXALL_1000_ENTRIES_FIRST_PASS_SEALED_COMMITS	0
LIST_EXALL_1000_ENTRIES_FIRST_PASS_SEALED_METADATA_FENCES	0
LIST_EXALL_1000_ENTRIES_FIRST_PASS_BTREE_MALLOC_CALLS	12
LIST_EXALL_1000_ENTRIES_FIRST_PASS_BTREE_MALLOC_SAMPLES	12
LIST_EXALL_1000_ENTRIES_FIRST_PASS_BTREE_MALLOC_SAMPLE_TICKS	135
LIST_EXALL_1000_ENTRIES_FIRST_PASS_BTREE_FREE_CALLS	12
LIST_EXALL_1000_ENTRIES_FIRST_PASS_BTREE_FREE_SAMPLES	12
LIST_EXALL_1000_ENTRIES_FIRST_PASS_BTREE_FREE_SAMPLE_TICKS	92
LIST_EXALL_1000_ENTRIES_FIRST_PASS_IFACE_ALLOC_CALLS	0
LIST_EXALL_1000_ENTRIES_FIRST_PASS_IFACE_ALLOC_SAMPLES	0
LIST_EXALL_1000_ENTRIES_FIRST_PASS_IFACE_ALLOC_SAMPLE_TICKS	0
LIST_EXALL_1000_ENTRIES_FIRST_PASS_FREESPACE_ALLOC_SAMPLES	0
LIST_EXALL_1000_ENTRIES_FIRST_PASS_FREESPACE_ALLOC_SAMPLE_TICKS	0
LIST_EXALL_1000_ENTRIES_FIRST_PASS_PACKET_CALLS	13
LIST_EXALL_1000_ENTRIES_FIRST_PASS_PACKET_SAMPLES	13
LIST_EXALL_1000_ENTRIES_FIRST_PASS_PACKET_SAMPLE_TICKS	98458
LIST_EXALL_1000_ENTRIES_FIRST_PASS_PACKET_OPEN_CALLS	0
LIST_EXALL_1000_ENTRIES_FIRST_PASS_PACKET_OPEN_SAMPLES	0
LIST_EXALL_1000_ENTRIES_FIRST_PASS_PACKET_OPEN_SAMPLE_TICKS	0
LIST_EXALL_1000_ENTRIES_FIRST_PASS_PACKET_READ_CALLS	0
LIST_EXALL_1000_ENTRIES_FIRST_PASS_PACKET_READ_SAMPLES	0
LIST_EXALL_1000_ENTRIES_FIRST_PASS_PACKET_READ_SAMPLE_TICKS	0
LIST_EXALL_1000_ENTRIES_FIRST_PASS_PACKET_WRITE_CALLS	0
LIST_EXALL_1000_ENTRIES_FIRST_PASS_PACKET_WRITE_SAMPLES	0
LIST_EXALL_1000_ENTRIES_FIRST_PASS_PACKET_WRITE_SAMPLE_TICKS	0
LIST_EXALL_1000_ENTRIES_FIRST_PASS_PACKET_END_CALLS	0
LIST_EXALL_1000_ENTRIES_FIRST_PASS_PACKET_END_SAMPLES	0
LIST_EXALL_1000_ENTRIES_FIRST_PASS_PACKET_END_SAMPLE_TICKS	0
LIST_EXALL_1000_ENTRIES_FIRST_PASS_PACKET_DELETE_CALLS	0
LIST_EXALL_1000_ENTRIES_FIRST_PASS_PACKET_DELETE_SAMPLES	0
LIST_EXALL_1000_ENTRIES_FIRST_PASS_PACKET_DELETE_SAMPLE_TICKS	0
LIST_EXALL_1000_ENTRIES_FIRST_PASS_PACKET_FLUSH_CALLS	0
LIST_EXALL_1000_ENTRIES_FIRST_PASS_PACKET_FLUSH_SAMPLES	0
LIST_EXALL_1000_ENTRIES_FIRST_PASS_PACKET_FLUSH_SAMPLE_TICKS	0
LIST_EXALL_1000_ENTRIES_FIRST_PASS_PACKET_OTHER_CALLS	13
LIST_EXALL_1000_ENTRIES_FIRST_PASS_PACKET_OTHER_SAMPLES	13
LIST_EXALL_1000_ENTRIES_FIRST_PASS_PACKET_OTHER_SAMPLE_TICKS	98458
LIST_EXALL_1000_ENTRIES_FIRST_PASS_CORE_CREATE_CALLS	0
LIST_EXALL_1000_ENTRIES_FIRST_PASS_CORE_CREATE_SAMPLES	0
LIST_EXALL_1000_ENTRIES_FIRST_PASS_CORE_CREATE_SAMPLE_TICKS	0
LIST_EXALL_1000_ENTRIES_FIRST_PASS_CORE_DELETE_CALLS	0
LIST_EXALL_1000_ENTRIES_FIRST_PASS_CORE_DELETE_SAMPLES	0
LIST_EXALL_1000_ENTRIES_FIRST_PASS_CORE_DELETE_SAMPLE_TICKS	0
LIST_EXALL_1000_ENTRIES_FIRST_PASS_CORE_FILE_WRITE_CALLS	0
LIST_EXALL_1000_ENTRIES_FIRST_PASS_CORE_FILE_WRITE_SAMPLES	0
LIST_EXALL_1000_ENTRIES_FIRST_PASS_CORE_FILE_WRITE_SAMPLE_TICKS	0
LIST_EXALL_1000_ENTRIES_FIRST_PASS_CORE_SYNC_CALLS	0
LIST_EXALL_1000_ENTRIES_FIRST_PASS_CORE_SYNC_SAMPLES	0
LIST_EXALL_1000_ENTRIES_FIRST_PASS_CORE_SYNC_SAMPLE_TICKS	0
LIST_EXALL_1000_ENTRIES_FIRST_PASS_IFACE_FREE_CALLS	0
LIST_EXALL_1000_ENTRIES_FIRST_PASS_IFACE_FREE_SAMPLES	0
LIST_EXALL_1000_ENTRIES_FIRST_PASS_IFACE_FREE_SAMPLE_TICKS	0
LIST_EXALL_1000_ENTRIES_FIRST_PASS_SEAL_COMMIT_CALLS	0
LIST_EXALL_1000_ENTRIES_FIRST_PASS_SEAL_COMMIT_SAMPLES	0
LIST_EXALL_1000_ENTRIES_FIRST_PASS_SEAL_COMMIT_SAMPLE_TICKS	0
LIST_EXALL_1000_ENTRIES_FIRST_PASS_INODE_READ_CALLS	1010
LIST_EXALL_1000_ENTRIES_FIRST_PASS_BTREE_SEARCH_CALLS	1011
LIST_EXALL_1000_ENTRIES_FIRST_PASS_BTREE_INDEX_HINT_HITS	10
LIST_EXALL_1000_ENTRIES_FIRST_PASS_BTREE_LEAF_HINT_HITS	239
LIST_EXALL_1000_ENTRIES_FIRST_PASS_CACHE_READ_CALLS	175
LIST_EXALL_1000_ENTRIES_FIRST_PASS_CACHE_READ_HITS	0
LIST_EXALL_1000_ENTRIES_FIRST_PASS_CACHE_READ_MISSES	175
LIST_EXALL_1000_ENTRIES_FIRST_PASS_FREE_TREE_NODE_VIEWS	0
LIST_EXALL_1000_ENTRIES_FIRST_PASS_FREE_TREE_RESIDENT_VIEWS	0
LIST_EXALL_1000_ENTRIES_FIRST_PASS_DIR_TREE_NODE_VIEWS	283
LIST_EXALL_1000_ENTRIES_FIRST_PASS_DIR_TREE_RESIDENT_VIEWS	167
LIST_EXALL_1000_ENTRIES_FIRST_PASS_INODE_TREE_NODE_VIEWS	1522
LIST_EXALL_1000_ENTRIES_FIRST_PASS_INODE_TREE_RESIDENT_VIEWS	1463
LIST_EXALL_1000_ENTRIES_FIRST_PASS_REFCOUNT_TREE_NODE_VIEWS	0
LIST_EXALL_1000_ENTRIES_FIRST_PASS_REFCOUNT_TREE_RESIDENT_VIEWS	0
LIST_EXALL_1000_ENTRIES_FIRST_PASS_OTHER_TREE_NODE_VIEWS	0
LIST_EXALL_1000_ENTRIES_FIRST_PASS_OTHER_TREE_RESIDENT_VIEWS	0
LIST_EXALL_1000_ENTRIES_FIRST_PASS_DETAIL_INODE_READ_CALLS	1010
LIST_EXALL_1000_ENTRIES_FIRST_PASS_DETAIL_INODE_READ_SAMPLES	59
LIST_EXALL_1000_ENTRIES_FIRST_PASS_DETAIL_INODE_READ_SAMPLE_TICKS	3969
LIST_EXALL_1000_ENTRIES_FIRST_PASS_DETAIL_INODE_VALIDATE_CALLS	1010
LIST_EXALL_1000_ENTRIES_FIRST_PASS_DETAIL_INODE_VALIDATE_SAMPLES	59
LIST_EXALL_1000_ENTRIES_FIRST_PASS_DETAIL_INODE_VALIDATE_SAMPLE_TICKS	116
LIST_EXALL_1000_ENTRIES_FIRST_PASS_DETAIL_INODE_SEARCH_CALLS	1010
LIST_EXALL_1000_ENTRIES_FIRST_PASS_DETAIL_INODE_SEARCH_SAMPLES	59
LIST_EXALL_1000_ENTRIES_FIRST_PASS_DETAIL_INODE_SEARCH_SAMPLE_TICKS	3539
LIST_EXALL_1000_ENTRIES_FIRST_PASS_DETAIL_INODE_NODE_VIEW_CALLS	1522
LIST_EXALL_1000_ENTRIES_FIRST_PASS_DETAIL_INODE_NODE_VIEW_SAMPLES	89
LIST_EXALL_1000_ENTRIES_FIRST_PASS_DETAIL_INODE_NODE_VIEW_SAMPLE_TICKS	1347
LIST_EXALL_1000_ENTRIES_FIRST_PASS_DETAIL_DIR_NODE_VIEW_CALLS	283
LIST_EXALL_1000_ENTRIES_FIRST_PASS_DETAIL_DIR_NODE_VIEW_SAMPLES	16
LIST_EXALL_1000_ENTRIES_FIRST_PASS_DETAIL_DIR_NODE_VIEW_SAMPLE_TICKS	2274
LIST_EXALL_1000_ENTRIES_FIRST_PASS_DETAIL_INODE_BINARY_SEARCH_CALLS	1761
LIST_EXALL_1000_ENTRIES_FIRST_PASS_DETAIL_INODE_BINARY_SEARCH_SAMPLES	103
LIST_EXALL_1000_ENTRIES_FIRST_PASS_DETAIL_INODE_BINARY_SEARCH_SAMPLE_TICKS	355
LIST_EXALL_1000_ENTRIES_FIRST_PASS_DETAIL_DIR_BINARY_SEARCH_CALLS	54
LIST_EXALL_1000_ENTRIES_FIRST_PASS_DETAIL_DIR_BINARY_SEARCH_SAMPLES	3
LIST_EXALL_1000_ENTRIES_FIRST_PASS_DETAIL_DIR_BINARY_SEARCH_SAMPLE_TICKS	0
LIST_EXALL_1000_ENTRIES_FIRST_PASS_DETAIL_NODE_STRUCTURE_CALLS	175
LIST_EXALL_1000_ENTRIES_FIRST_PASS_DETAIL_NODE_STRUCTURE_SAMPLES	10
LIST_EXALL_1000_ENTRIES_FIRST_PASS_DETAIL_NODE_STRUCTURE_SAMPLE_TICKS	91
LIST_EXALL_1000_ENTRIES_FIRST_PASS_DETAIL_CACHE_PEEK_CALLS	2816
LIST_EXALL_1000_ENTRIES_FIRST_PASS_DETAIL_CACHE_PEEK_SAMPLES	165
LIST_EXALL_1000_ENTRIES_FIRST_PASS_DETAIL_CACHE_PEEK_SAMPLE_TICKS	456
LIST_EXALL_1000_ENTRIES_FIRST_PASS_DETAIL_BUFFER_ALLOC_CALLS	773
LIST_EXALL_1000_ENTRIES_FIRST_PASS_DETAIL_BUFFER_ALLOC_SAMPLES	45
LIST_EXALL_1000_ENTRIES_FIRST_PASS_DETAIL_BUFFER_ALLOC_SAMPLE_TICKS	142
LIST_EXALL_1000_ENTRIES_FIRST_PASS_DETAIL_BUFFER_FREE_CALLS	773
LIST_EXALL_1000_ENTRIES_FIRST_PASS_DETAIL_BUFFER_FREE_SAMPLES	45
LIST_EXALL_1000_ENTRIES_FIRST_PASS_DETAIL_BUFFER_FREE_SAMPLE_TICKS	141
LIST_EXALL_1000_ENTRIES_FIRST_PASS_DETAIL_EXALL_FILL_CALLS	1011
LIST_EXALL_1000_ENTRIES_FIRST_PASS_DETAIL_EXALL_FILL_SAMPLES	59
LIST_EXALL_1000_ENTRIES_FIRST_PASS_DETAIL_EXALL_FILL_SAMPLE_TICKS	4157
LIST_EXALL_1000_ENTRIES_FIRST_PASS_DEFERRED_NODE_WRITES	0
LIST_EXALL_1000_ENTRIES_REPEAT10_TOTAL_US	1348408
LIST_EXALL_1000_ENTRIES_REPEAT10_TOTAL_BIO_READS	1713
LIST_EXALL_1000_ENTRIES_REPEAT10_TOTAL_BIO_WRITES	0
LIST_EXALL_1000_ENTRIES_REPEAT10_TOTAL_BIO_UPDATES	0
LIST_EXALL_1000_ENTRIES_REPEAT10_TOTAL_DATA_READS	0
LIST_EXALL_1000_ENTRIES_REPEAT10_TOTAL_DATA_WRITES	0
LIST_EXALL_1000_ENTRIES_REPEAT10_TOTAL_NODE_WRITES	0
LIST_EXALL_1000_ENTRIES_REPEAT10_TOTAL_TXN_COMMITS	0
LIST_EXALL_1000_ENTRIES_REPEAT10_TOTAL_FREESPACE_ALLOCS	0
LIST_EXALL_1000_ENTRIES_REPEAT10_TOTAL_EXTENT_MAPS	0
LIST_EXALL_1000_ENTRIES_REPEAT10_TOTAL_READ_TICKS	119807
LIST_EXALL_1000_ENTRIES_REPEAT10_TOTAL_WRITE_TICKS	0
LIST_EXALL_1000_ENTRIES_REPEAT10_TOTAL_UPDATE_TICKS	0
LIST_EXALL_1000_ENTRIES_REPEAT10_TOTAL_DATA_READ_TICKS	0
LIST_EXALL_1000_ENTRIES_REPEAT10_TOTAL_DATA_WRITE_TICKS	0
LIST_EXALL_1000_ENTRIES_REPEAT10_TOTAL_FREE_TREE_NODE_WRITES	0
LIST_EXALL_1000_ENTRIES_REPEAT10_TOTAL_FREE_TREE_ALLOCATION_BODY_NODE_WRITES	0
LIST_EXALL_1000_ENTRIES_REPEAT10_TOTAL_FREE_TREE_RESERVE_REFILL_NODE_WRITES	0
LIST_EXALL_1000_ENTRIES_REPEAT10_TOTAL_FREE_TREE_RESERVE_RETURN_NODE_WRITES	0
LIST_EXALL_1000_ENTRIES_REPEAT10_TOTAL_FREE_TREE_POST_PUBLISH_PENDING_RECLAIM_NODE_WRITES	0
LIST_EXALL_1000_ENTRIES_REPEAT10_TOTAL_FREE_TREE_OTHER_NODE_WRITES	0
LIST_EXALL_1000_ENTRIES_REPEAT10_TOTAL_DIR_TREE_NODE_WRITES	0
LIST_EXALL_1000_ENTRIES_REPEAT10_TOTAL_INODE_TREE_NODE_WRITES	0
LIST_EXALL_1000_ENTRIES_REPEAT10_TOTAL_REFCOUNT_TREE_NODE_WRITES	0
LIST_EXALL_1000_ENTRIES_REPEAT10_TOTAL_OTHER_TREE_NODE_WRITES	0
LIST_EXALL_1000_ENTRIES_REPEAT10_TOTAL_NODE_CRC_READ_CALLS	1713
LIST_EXALL_1000_ENTRIES_REPEAT10_TOTAL_NODE_CRC_READ_SAMPLES	26
LIST_EXALL_1000_ENTRIES_REPEAT10_TOTAL_NODE_CRC_READ_SAMPLE_TICKS	4291
LIST_EXALL_1000_ENTRIES_REPEAT10_TOTAL_NODE_CRC_WRITE_CALLS	0
LIST_EXALL_1000_ENTRIES_REPEAT10_TOTAL_NODE_CRC_WRITE_SAMPLES	0
LIST_EXALL_1000_ENTRIES_REPEAT10_TOTAL_NODE_CRC_WRITE_SAMPLE_TICKS	0
LIST_EXALL_1000_ENTRIES_REPEAT10_TOTAL_CLOCK_PAIR_TICKS	0
LIST_EXALL_1000_ENTRIES_REPEAT10_TOTAL_FREE_TREE_RESERVE_RETURN_CALLS	0
LIST_EXALL_1000_ENTRIES_REPEAT10_TOTAL_FREE_TREE_RESERVE_RETURN_RUNS	0
LIST_EXALL_1000_ENTRIES_REPEAT10_TOTAL_FREE_TREE_RESERVE_RETURN_BLOCKS	0
LIST_EXALL_1000_ENTRIES_REPEAT10_TOTAL_FREE_TREE_RESERVE_RETURN_RUNS_1_BLOCK	0
LIST_EXALL_1000_ENTRIES_REPEAT10_TOTAL_FREE_TREE_RESERVE_RETURN_RUNS_2_3_BLOCKS	0
LIST_EXALL_1000_ENTRIES_REPEAT10_TOTAL_FREE_TREE_RESERVE_RETURN_RUNS_4_7_BLOCKS	0
LIST_EXALL_1000_ENTRIES_REPEAT10_TOTAL_FREE_TREE_RESERVE_RETURN_RUNS_8_PLUS_BLOCKS	0
LIST_EXALL_1000_ENTRIES_REPEAT10_TOTAL_FREE_TREE_RESERVE_RETURN_MAX_RUN_BLOCKS	0
LIST_EXALL_1000_ENTRIES_REPEAT10_TOTAL_FREE_TREE_RESERVE_RETURN_MAX_NODE_WRITES_PER_RUN	0
LIST_EXALL_1000_ENTRIES_REPEAT10_TOTAL_POST_PUBLISH_RECLAIM_PASSES	0
LIST_EXALL_1000_ENTRIES_REPEAT10_TOTAL_MAX_POST_PUBLISH_RECLAIM_PASSES_PER_COMMIT	0
LIST_EXALL_1000_ENTRIES_REPEAT10_TOTAL_SUPERBLOCK_PUBLICATIONS	0
LIST_EXALL_1000_ENTRIES_REPEAT10_TOTAL_FREE_TREE_RESERVE_RETURN_RUN_NODE_WRITES	0
LIST_EXALL_1000_ENTRIES_REPEAT10_TOTAL_FREE_TREE_RESERVE_RETURN_BATCH_CALLS	0
LIST_EXALL_1000_ENTRIES_REPEAT10_TOTAL_FREE_TREE_RESERVE_RETURN_BATCH_BLOCKS	0
LIST_EXALL_1000_ENTRIES_REPEAT10_TOTAL_FREE_TREE_RESERVE_RETURN_BATCH_NODE_WRITES	0
LIST_EXALL_1000_ENTRIES_REPEAT10_TOTAL_FREE_TREE_RESERVE_RETURN_SKIP_SHAPE	0
LIST_EXALL_1000_ENTRIES_REPEAT10_TOTAL_FREE_TREE_RESERVE_RETURN_SKIP_SMALL	0
LIST_EXALL_1000_ENTRIES_REPEAT10_TOTAL_FREE_TREE_RESERVE_RETURN_SKIP_EMERGENCY	0
LIST_EXALL_1000_ENTRIES_REPEAT10_TOTAL_FREE_TREE_RESERVE_RETURN_SKIP_CAPACITY	0
LIST_EXALL_1000_ENTRIES_REPEAT10_TOTAL_SEALED_COMMITS	0
LIST_EXALL_1000_ENTRIES_REPEAT10_TOTAL_SEALED_METADATA_FENCES	0
LIST_EXALL_1000_ENTRIES_REPEAT10_TOTAL_BTREE_MALLOC_CALLS	111
LIST_EXALL_1000_ENTRIES_REPEAT10_TOTAL_BTREE_MALLOC_SAMPLES	111
LIST_EXALL_1000_ENTRIES_REPEAT10_TOTAL_BTREE_MALLOC_SAMPLE_TICKS	694
LIST_EXALL_1000_ENTRIES_REPEAT10_TOTAL_BTREE_FREE_CALLS	111
LIST_EXALL_1000_ENTRIES_REPEAT10_TOTAL_BTREE_FREE_SAMPLES	111
LIST_EXALL_1000_ENTRIES_REPEAT10_TOTAL_BTREE_FREE_SAMPLE_TICKS	720
LIST_EXALL_1000_ENTRIES_REPEAT10_TOTAL_IFACE_ALLOC_CALLS	0
LIST_EXALL_1000_ENTRIES_REPEAT10_TOTAL_IFACE_ALLOC_SAMPLES	0
LIST_EXALL_1000_ENTRIES_REPEAT10_TOTAL_IFACE_ALLOC_SAMPLE_TICKS	0
LIST_EXALL_1000_ENTRIES_REPEAT10_TOTAL_FREESPACE_ALLOC_SAMPLES	0
LIST_EXALL_1000_ENTRIES_REPEAT10_TOTAL_FREESPACE_ALLOC_SAMPLE_TICKS	0
LIST_EXALL_1000_ENTRIES_REPEAT10_TOTAL_PACKET_CALLS	112
LIST_EXALL_1000_ENTRIES_REPEAT10_TOTAL_PACKET_SAMPLES	112
LIST_EXALL_1000_ENTRIES_REPEAT10_TOTAL_PACKET_SAMPLE_TICKS	946320
LIST_EXALL_1000_ENTRIES_REPEAT10_TOTAL_PACKET_OPEN_CALLS	0
LIST_EXALL_1000_ENTRIES_REPEAT10_TOTAL_PACKET_OPEN_SAMPLES	0
LIST_EXALL_1000_ENTRIES_REPEAT10_TOTAL_PACKET_OPEN_SAMPLE_TICKS	0
LIST_EXALL_1000_ENTRIES_REPEAT10_TOTAL_PACKET_READ_CALLS	0
LIST_EXALL_1000_ENTRIES_REPEAT10_TOTAL_PACKET_READ_SAMPLES	0
LIST_EXALL_1000_ENTRIES_REPEAT10_TOTAL_PACKET_READ_SAMPLE_TICKS	0
LIST_EXALL_1000_ENTRIES_REPEAT10_TOTAL_PACKET_WRITE_CALLS	0
LIST_EXALL_1000_ENTRIES_REPEAT10_TOTAL_PACKET_WRITE_SAMPLES	0
LIST_EXALL_1000_ENTRIES_REPEAT10_TOTAL_PACKET_WRITE_SAMPLE_TICKS	0
LIST_EXALL_1000_ENTRIES_REPEAT10_TOTAL_PACKET_END_CALLS	0
LIST_EXALL_1000_ENTRIES_REPEAT10_TOTAL_PACKET_END_SAMPLES	0
LIST_EXALL_1000_ENTRIES_REPEAT10_TOTAL_PACKET_END_SAMPLE_TICKS	0
LIST_EXALL_1000_ENTRIES_REPEAT10_TOTAL_PACKET_DELETE_CALLS	0
LIST_EXALL_1000_ENTRIES_REPEAT10_TOTAL_PACKET_DELETE_SAMPLES	0
LIST_EXALL_1000_ENTRIES_REPEAT10_TOTAL_PACKET_DELETE_SAMPLE_TICKS	0
LIST_EXALL_1000_ENTRIES_REPEAT10_TOTAL_PACKET_FLUSH_CALLS	0
LIST_EXALL_1000_ENTRIES_REPEAT10_TOTAL_PACKET_FLUSH_SAMPLES	0
LIST_EXALL_1000_ENTRIES_REPEAT10_TOTAL_PACKET_FLUSH_SAMPLE_TICKS	0
LIST_EXALL_1000_ENTRIES_REPEAT10_TOTAL_PACKET_OTHER_CALLS	112
LIST_EXALL_1000_ENTRIES_REPEAT10_TOTAL_PACKET_OTHER_SAMPLES	112
LIST_EXALL_1000_ENTRIES_REPEAT10_TOTAL_PACKET_OTHER_SAMPLE_TICKS	946320
LIST_EXALL_1000_ENTRIES_REPEAT10_TOTAL_CORE_CREATE_CALLS	0
LIST_EXALL_1000_ENTRIES_REPEAT10_TOTAL_CORE_CREATE_SAMPLES	0
LIST_EXALL_1000_ENTRIES_REPEAT10_TOTAL_CORE_CREATE_SAMPLE_TICKS	0
LIST_EXALL_1000_ENTRIES_REPEAT10_TOTAL_CORE_DELETE_CALLS	0
LIST_EXALL_1000_ENTRIES_REPEAT10_TOTAL_CORE_DELETE_SAMPLES	0
LIST_EXALL_1000_ENTRIES_REPEAT10_TOTAL_CORE_DELETE_SAMPLE_TICKS	0
LIST_EXALL_1000_ENTRIES_REPEAT10_TOTAL_CORE_FILE_WRITE_CALLS	0
LIST_EXALL_1000_ENTRIES_REPEAT10_TOTAL_CORE_FILE_WRITE_SAMPLES	0
LIST_EXALL_1000_ENTRIES_REPEAT10_TOTAL_CORE_FILE_WRITE_SAMPLE_TICKS	0
LIST_EXALL_1000_ENTRIES_REPEAT10_TOTAL_CORE_SYNC_CALLS	0
LIST_EXALL_1000_ENTRIES_REPEAT10_TOTAL_CORE_SYNC_SAMPLES	0
LIST_EXALL_1000_ENTRIES_REPEAT10_TOTAL_CORE_SYNC_SAMPLE_TICKS	0
LIST_EXALL_1000_ENTRIES_REPEAT10_TOTAL_IFACE_FREE_CALLS	0
LIST_EXALL_1000_ENTRIES_REPEAT10_TOTAL_IFACE_FREE_SAMPLES	0
LIST_EXALL_1000_ENTRIES_REPEAT10_TOTAL_IFACE_FREE_SAMPLE_TICKS	0
LIST_EXALL_1000_ENTRIES_REPEAT10_TOTAL_SEAL_COMMIT_CALLS	0
LIST_EXALL_1000_ENTRIES_REPEAT10_TOTAL_SEAL_COMMIT_SAMPLES	0
LIST_EXALL_1000_ENTRIES_REPEAT10_TOTAL_SEAL_COMMIT_SAMPLE_TICKS	0
LIST_EXALL_1000_ENTRIES_REPEAT10_TOTAL_INODE_READ_CALLS	10100
LIST_EXALL_1000_ENTRIES_REPEAT10_TOTAL_BTREE_SEARCH_CALLS	10101
LIST_EXALL_1000_ENTRIES_REPEAT10_TOTAL_BTREE_INDEX_HINT_HITS	100
LIST_EXALL_1000_ENTRIES_REPEAT10_TOTAL_BTREE_LEAF_HINT_HITS	2390
LIST_EXALL_1000_ENTRIES_REPEAT10_TOTAL_CACHE_READ_CALLS	1713
LIST_EXALL_1000_ENTRIES_REPEAT10_TOTAL_CACHE_READ_HITS	0
LIST_EXALL_1000_ENTRIES_REPEAT10_TOTAL_CACHE_READ_MISSES	1713
LIST_EXALL_1000_ENTRIES_REPEAT10_TOTAL_FREE_TREE_NODE_VIEWS	0
LIST_EXALL_1000_ENTRIES_REPEAT10_TOTAL_FREE_TREE_RESIDENT_VIEWS	0
LIST_EXALL_1000_ENTRIES_REPEAT10_TOTAL_DIR_TREE_NODE_VIEWS	2794
LIST_EXALL_1000_ENTRIES_REPEAT10_TOTAL_DIR_TREE_RESIDENT_VIEWS	1641
LIST_EXALL_1000_ENTRIES_REPEAT10_TOTAL_INODE_TREE_NODE_VIEWS	15220
LIST_EXALL_1000_ENTRIES_REPEAT10_TOTAL_INODE_TREE_RESIDENT_VIEWS	14660
LIST_EXALL_1000_ENTRIES_REPEAT10_TOTAL_REFCOUNT_TREE_NODE_VIEWS	0
LIST_EXALL_1000_ENTRIES_REPEAT10_TOTAL_REFCOUNT_TREE_RESIDENT_VIEWS	0
LIST_EXALL_1000_ENTRIES_REPEAT10_TOTAL_OTHER_TREE_NODE_VIEWS	0
LIST_EXALL_1000_ENTRIES_REPEAT10_TOTAL_OTHER_TREE_RESIDENT_VIEWS	0
LIST_EXALL_1000_ENTRIES_REPEAT10_TOTAL_DETAIL_INODE_READ_CALLS	10100
LIST_EXALL_1000_ENTRIES_REPEAT10_TOTAL_DETAIL_INODE_READ_SAMPLES	594
LIST_EXALL_1000_ENTRIES_REPEAT10_TOTAL_DETAIL_INODE_READ_SAMPLE_TICKS	32343
LIST_EXALL_1000_ENTRIES_REPEAT10_TOTAL_DETAIL_INODE_VALIDATE_CALLS	10100
LIST_EXALL_1000_ENTRIES_REPEAT10_TOTAL_DETAIL_INODE_VALIDATE_SAMPLES	594
LIST_EXALL_1000_ENTRIES_REPEAT10_TOTAL_DETAIL_INODE_VALIDATE_SAMPLE_TICKS	1483
LIST_EXALL_1000_ENTRIES_REPEAT10_TOTAL_DETAIL_INODE_SEARCH_CALLS	10100
LIST_EXALL_1000_ENTRIES_REPEAT10_TOTAL_DETAIL_INODE_SEARCH_SAMPLES	594
LIST_EXALL_1000_ENTRIES_REPEAT10_TOTAL_DETAIL_INODE_SEARCH_SAMPLE_TICKS	26050
LIST_EXALL_1000_ENTRIES_REPEAT10_TOTAL_DETAIL_INODE_NODE_VIEW_CALLS	15220
LIST_EXALL_1000_ENTRIES_REPEAT10_TOTAL_DETAIL_INODE_NODE_VIEW_SAMPLES	895
LIST_EXALL_1000_ENTRIES_REPEAT10_TOTAL_DETAIL_INODE_NODE_VIEW_SAMPLE_TICKS	12672
LIST_EXALL_1000_ENTRIES_REPEAT10_TOTAL_DETAIL_DIR_NODE_VIEW_CALLS	2794
LIST_EXALL_1000_ENTRIES_REPEAT10_TOTAL_DETAIL_DIR_NODE_VIEW_SAMPLES	164
LIST_EXALL_1000_ENTRIES_REPEAT10_TOTAL_DETAIL_DIR_NODE_VIEW_SAMPLE_TICKS	19314
LIST_EXALL_1000_ENTRIES_REPEAT10_TOTAL_DETAIL_INODE_BINARY_SEARCH_CALLS	17610
LIST_EXALL_1000_ENTRIES_REPEAT10_TOTAL_DETAIL_INODE_BINARY_SEARCH_SAMPLES	1035
LIST_EXALL_1000_ENTRIES_REPEAT10_TOTAL_DETAIL_INODE_BINARY_SEARCH_SAMPLE_TICKS	3275
LIST_EXALL_1000_ENTRIES_REPEAT10_TOTAL_DETAIL_DIR_BINARY_SEARCH_CALLS	504
LIST_EXALL_1000_ENTRIES_REPEAT10_TOTAL_DETAIL_DIR_BINARY_SEARCH_SAMPLES	29
LIST_EXALL_1000_ENTRIES_REPEAT10_TOTAL_DETAIL_DIR_BINARY_SEARCH_SAMPLE_TICKS	136
LIST_EXALL_1000_ENTRIES_REPEAT10_TOTAL_DETAIL_NODE_STRUCTURE_CALLS	1713
LIST_EXALL_1000_ENTRIES_REPEAT10_TOTAL_DETAIL_NODE_STRUCTURE_SAMPLES	100
LIST_EXALL_1000_ENTRIES_REPEAT10_TOTAL_DETAIL_NODE_STRUCTURE_SAMPLE_TICKS	1777
LIST_EXALL_1000_ENTRIES_REPEAT10_TOTAL_DETAIL_CACHE_PEEK_CALLS	28115
LIST_EXALL_1000_ENTRIES_REPEAT10_TOTAL_DETAIL_CACHE_PEEK_SAMPLES	1653
LIST_EXALL_1000_ENTRIES_REPEAT10_TOTAL_DETAIL_CACHE_PEEK_SAMPLE_TICKS	6151
LIST_EXALL_1000_ENTRIES_REPEAT10_TOTAL_DETAIL_BUFFER_ALLOC_CALLS	7721
LIST_EXALL_1000_ENTRIES_REPEAT10_TOTAL_DETAIL_BUFFER_ALLOC_SAMPLES	454
LIST_EXALL_1000_ENTRIES_REPEAT10_TOTAL_DETAIL_BUFFER_ALLOC_SAMPLE_TICKS	1695
LIST_EXALL_1000_ENTRIES_REPEAT10_TOTAL_DETAIL_BUFFER_FREE_CALLS	7721
LIST_EXALL_1000_ENTRIES_REPEAT10_TOTAL_DETAIL_BUFFER_FREE_SAMPLES	454
LIST_EXALL_1000_ENTRIES_REPEAT10_TOTAL_DETAIL_BUFFER_FREE_SAMPLE_TICKS	1094
LIST_EXALL_1000_ENTRIES_REPEAT10_TOTAL_DETAIL_EXALL_FILL_CALLS	10110
LIST_EXALL_1000_ENTRIES_REPEAT10_TOTAL_DETAIL_EXALL_FILL_SAMPLES	594
LIST_EXALL_1000_ENTRIES_REPEAT10_TOTAL_DETAIL_EXALL_FILL_SAMPLE_TICKS	34201
LIST_EXALL_1000_ENTRIES_REPEAT10_TOTAL_DEFERRED_NODE_WRITES	0
CLOCK_HZ	709379
CRC_SAMPLE_STRIDE	64
CPU_SAMPLE_STRIDE	1
DETAIL_SAMPLE_STRIDE	17
PASS	1

=== PFS3 Results ===
FS_DEEP_COMPARE	14
DRIVE	DH2:
SMALL_CREATE_40_US	16832
LOOKUP_400_US	66688
SMALL_READ_40_US	14336
SEQ_WRITE_8M_US	55296
SEQ_READ_8M_US	303807
SMALL_DELETE_40_US	7936
APPEND_4K_1M_US	32711
APPEND_1K_256K_US	23488
APPEND_READ_1280K_US	41023
LIST_EXNEXT_40_ENTRIES_FIRST_PASS_US	1663
LIST_EXNEXT_40_ENTRIES_REPEAT10_TOTAL_US	11777
LIST_EXALL_40_ENTRIES_FIRST_PASS_US	575
LIST_EXALL_40_ENTRIES_REPEAT10_TOTAL_US	2497
LIST_EXNEXT_400_ENTRIES_FIRST_PASS_US	13055
LIST_EXNEXT_400_ENTRIES_REPEAT10_TOTAL_US	111807
LIST_EXALL_400_ENTRIES_FIRST_PASS_US	2879
LIST_EXALL_400_ENTRIES_REPEAT10_TOTAL_US	20480
LIST_EXNEXT_1000_ENTRIES_FIRST_PASS_US	30911
LIST_EXNEXT_1000_ENTRIES_REPEAT10_TOTAL_US	286079
LIST_EXALL_1000_ENTRIES_FIRST_PASS_US	7295
LIST_EXALL_1000_ENTRIES_REPEAT10_TOTAL_US	50111
PASS	1
PASS: requested mounted-volume workload outputs are complete and data-checked
