FS_SPLIT_COMPARE	2
DRIVE	DH1:
DURABLE_MODE	1
PROBE_ENABLED	1
SMALL_CREATE_40_US	47104
SMALL_CREATE_40_WORK_US	43839
SMALL_CREATE_40_VOLUME_FLUSH_US	3265
SMALL_CREATE_40_HAS_VOLUME_FLUSH	1
SMALL_CREATE_40_GUEST_OPEN_CALLS	40
SMALL_CREATE_40_GUEST_OPEN_US	22725
SMALL_CREATE_40_GUEST_READ_CALLS	0
SMALL_CREATE_40_GUEST_READ_US	0
SMALL_CREATE_40_GUEST_WRITE_CALLS	40
SMALL_CREATE_40_GUEST_WRITE_US	18080
SMALL_CREATE_40_GUEST_HANDLE_FLUSH_CALLS	40
SMALL_CREATE_40_GUEST_HANDLE_FLUSH_US	26
SMALL_CREATE_40_GUEST_CLOSE_CALLS	40
SMALL_CREATE_40_GUEST_CLOSE_US	1836
SMALL_CREATE_40_GUEST_VERIFY_CALLS	0
SMALL_CREATE_40_GUEST_VERIFY_US	0
SMALL_CREATE_40_WORK_BIO_READS	0
SMALL_CREATE_40_WORK_BIO_WRITES	40
SMALL_CREATE_40_WORK_BIO_UPDATES	0
SMALL_CREATE_40_WORK_DATA_READS	0
SMALL_CREATE_40_WORK_DATA_WRITES	40
SMALL_CREATE_40_WORK_NODE_WRITES	0
SMALL_CREATE_40_WORK_TXN_COMMITS	0
SMALL_CREATE_40_WORK_EXTENT_MAPS	40
SMALL_CREATE_40_WORK_READ_TICKS	0
SMALL_CREATE_40_WORK_WRITE_TICKS	4422
SMALL_CREATE_40_WORK_UPDATE_TICKS	0
SMALL_CREATE_40_WORK_DATA_READ_TICKS	0
SMALL_CREATE_40_WORK_DATA_WRITE_TICKS	4422
SMALL_CREATE_40_WORK_NODE_CRC_READ_CALLS	0
SMALL_CREATE_40_WORK_NODE_CRC_READ_SAMPLES	0
SMALL_CREATE_40_WORK_NODE_CRC_READ_SAMPLE_TICKS	0
SMALL_CREATE_40_WORK_NODE_CRC_WRITE_CALLS	0
SMALL_CREATE_40_WORK_NODE_CRC_WRITE_SAMPLES	0
SMALL_CREATE_40_WORK_NODE_CRC_WRITE_SAMPLE_TICKS	0
SMALL_CREATE_40_WORK_CLOCK_PAIR_TICKS	0
SMALL_CREATE_40_WORK_PACKET_CALLS	120
SMALL_CREATE_40_WORK_PACKET_SAMPLES	120
SMALL_CREATE_40_WORK_PACKET_SAMPLE_TICKS	25785
SMALL_CREATE_40_WORK_PACKET_OPEN_CALLS	40
SMALL_CREATE_40_WORK_PACKET_OPEN_SAMPLES	40
SMALL_CREATE_40_WORK_PACKET_OPEN_SAMPLE_TICKS	13569
SMALL_CREATE_40_WORK_PACKET_READ_CALLS	0
SMALL_CREATE_40_WORK_PACKET_READ_SAMPLES	0
SMALL_CREATE_40_WORK_PACKET_READ_SAMPLE_TICKS	0
SMALL_CREATE_40_WORK_PACKET_WRITE_CALLS	40
SMALL_CREATE_40_WORK_PACKET_WRITE_SAMPLES	40
SMALL_CREATE_40_WORK_PACKET_WRITE_SAMPLE_TICKS	11944
SMALL_CREATE_40_WORK_PACKET_END_CALLS	40
SMALL_CREATE_40_WORK_PACKET_END_SAMPLES	40
SMALL_CREATE_40_WORK_PACKET_END_SAMPLE_TICKS	272
SMALL_CREATE_40_WORK_PACKET_DELETE_CALLS	0
SMALL_CREATE_40_WORK_PACKET_DELETE_SAMPLES	0
SMALL_CREATE_40_WORK_PACKET_DELETE_SAMPLE_TICKS	0
SMALL_CREATE_40_WORK_PACKET_FLUSH_CALLS	0
SMALL_CREATE_40_WORK_PACKET_FLUSH_SAMPLES	0
SMALL_CREATE_40_WORK_PACKET_FLUSH_SAMPLE_TICKS	0
SMALL_CREATE_40_WORK_PACKET_OTHER_CALLS	0
SMALL_CREATE_40_WORK_PACKET_OTHER_SAMPLES	0
SMALL_CREATE_40_WORK_PACKET_OTHER_SAMPLE_TICKS	0
SMALL_CREATE_40_WORK_CORE_CREATE_CALLS	40
SMALL_CREATE_40_WORK_CORE_CREATE_SAMPLES	40
SMALL_CREATE_40_WORK_CORE_CREATE_SAMPLE_TICKS	7131
SMALL_CREATE_40_WORK_CORE_DELETE_CALLS	0
SMALL_CREATE_40_WORK_CORE_DELETE_SAMPLES	0
SMALL_CREATE_40_WORK_CORE_DELETE_SAMPLE_TICKS	0
SMALL_CREATE_40_WORK_CORE_FILE_WRITE_CALLS	40
SMALL_CREATE_40_WORK_CORE_FILE_WRITE_SAMPLES	40
SMALL_CREATE_40_WORK_CORE_FILE_WRITE_SAMPLE_TICKS	10847
SMALL_CREATE_40_WORK_CORE_SYNC_CALLS	0
SMALL_CREATE_40_WORK_CORE_SYNC_SAMPLES	0
SMALL_CREATE_40_WORK_CORE_SYNC_SAMPLE_TICKS	0
SMALL_CREATE_40_WORK_IFACE_FREE_CALLS	0
SMALL_CREATE_40_WORK_IFACE_FREE_SAMPLES	0
SMALL_CREATE_40_WORK_IFACE_FREE_SAMPLE_TICKS	0
SMALL_CREATE_40_WORK_SEAL_COMMIT_CALLS	0
SMALL_CREATE_40_WORK_SEAL_COMMIT_SAMPLES	0
SMALL_CREATE_40_WORK_SEAL_COMMIT_SAMPLE_TICKS	0
SMALL_CREATE_40_WORK_INODE_READ_CALLS	200
SMALL_CREATE_40_WORK_BTREE_SEARCH_CALLS	280
SMALL_CREATE_40_WORK_BTREE_INDEX_HINT_HITS	120
SMALL_CREATE_40_WORK_BTREE_LEAF_HINT_HITS	0
SMALL_CREATE_40_WORK_CACHE_READ_CALLS	9
SMALL_CREATE_40_WORK_CACHE_READ_HITS	9
SMALL_CREATE_40_WORK_CACHE_READ_MISSES	0
SMALL_CREATE_40_WORK_FREE_TREE_NODE_VIEWS	45
SMALL_CREATE_40_WORK_FREE_TREE_RESIDENT_VIEWS	45
SMALL_CREATE_40_WORK_DIR_TREE_NODE_VIEWS	136
SMALL_CREATE_40_WORK_DIR_TREE_RESIDENT_VIEWS	136
SMALL_CREATE_40_WORK_INODE_TREE_NODE_VIEWS	80
SMALL_CREATE_40_WORK_INODE_TREE_RESIDENT_VIEWS	80
SMALL_CREATE_40_WORK_REFCOUNT_TREE_NODE_VIEWS	0
SMALL_CREATE_40_WORK_REFCOUNT_TREE_RESIDENT_VIEWS	0
SMALL_CREATE_40_WORK_OTHER_TREE_NODE_VIEWS	0
SMALL_CREATE_40_WORK_OTHER_TREE_RESIDENT_VIEWS	0
SMALL_CREATE_40_WORK_WRITE_DETAIL_INODE_READ_CALLS	200
SMALL_CREATE_40_WORK_WRITE_DETAIL_INODE_READ_SAMPLES	200
SMALL_CREATE_40_WORK_WRITE_DETAIL_INODE_READ_SAMPLE_TICKS	4241
SMALL_CREATE_40_WORK_WRITE_DETAIL_INODE_WRITE_CALLS	80
SMALL_CREATE_40_WORK_WRITE_DETAIL_INODE_WRITE_SAMPLES	80
SMALL_CREATE_40_WORK_WRITE_DETAIL_INODE_WRITE_SAMPLE_TICKS	2911
SMALL_CREATE_40_WORK_WRITE_DETAIL_EXTENT_MAP_CALLS	40
SMALL_CREATE_40_WORK_WRITE_DETAIL_EXTENT_MAP_SAMPLES	40
SMALL_CREATE_40_WORK_WRITE_DETAIL_EXTENT_MAP_SAMPLE_TICKS	272
SMALL_CREATE_40_WORK_WRITE_DETAIL_FREESPACE_GOAL_CALLS	40
SMALL_CREATE_40_WORK_WRITE_DETAIL_FREESPACE_GOAL_SAMPLES	40
SMALL_CREATE_40_WORK_WRITE_DETAIL_FREESPACE_GOAL_SAMPLE_TICKS	76
SMALL_CREATE_40_WORK_BTREE_MALLOC_CALLS	0
SMALL_CREATE_40_WORK_BTREE_MALLOC_SAMPLES	0
SMALL_CREATE_40_WORK_BTREE_MALLOC_SAMPLE_TICKS	0
SMALL_CREATE_40_WORK_BTREE_FREE_CALLS	40
SMALL_CREATE_40_WORK_BTREE_FREE_SAMPLES	40
SMALL_CREATE_40_WORK_BTREE_FREE_SAMPLE_TICKS	127
SMALL_CREATE_40_WORK_IFACE_ALLOC_CALLS	5
SMALL_CREATE_40_WORK_IFACE_ALLOC_SAMPLES	5
SMALL_CREATE_40_WORK_IFACE_ALLOC_SAMPLE_TICKS	228
SMALL_CREATE_40_WORK_FREESPACE_ALLOC_CALLS	45
SMALL_CREATE_40_WORK_FREESPACE_ALLOC_SAMPLES	45
SMALL_CREATE_40_WORK_FREESPACE_ALLOC_SAMPLE_TICKS	2600
SMALL_CREATE_40_WORK_DETAIL_INODE_READ_CALLS	200
SMALL_CREATE_40_WORK_DETAIL_INODE_READ_SAMPLES	11
SMALL_CREATE_40_WORK_DETAIL_INODE_READ_SAMPLE_TICKS	317
SMALL_CREATE_40_WORK_DETAIL_INODE_VALIDATE_CALLS	280
SMALL_CREATE_40_WORK_DETAIL_INODE_VALIDATE_SAMPLES	16
SMALL_CREATE_40_WORK_DETAIL_INODE_VALIDATE_SAMPLE_TICKS	25
SMALL_CREATE_40_WORK_DETAIL_INODE_SEARCH_CALLS	200
SMALL_CREATE_40_WORK_DETAIL_INODE_SEARCH_SAMPLES	11
SMALL_CREATE_40_WORK_DETAIL_INODE_SEARCH_SAMPLE_TICKS	317
SMALL_CREATE_40_WORK_DETAIL_INODE_NODE_VIEW_CALLS	80
SMALL_CREATE_40_WORK_DETAIL_INODE_NODE_VIEW_SAMPLES	4
SMALL_CREATE_40_WORK_DETAIL_INODE_NODE_VIEW_SAMPLE_TICKS	46
SMALL_CREATE_40_WORK_DETAIL_DIR_NODE_VIEW_CALLS	136
SMALL_CREATE_40_WORK_DETAIL_DIR_NODE_VIEW_SAMPLES	8
SMALL_CREATE_40_WORK_DETAIL_DIR_NODE_VIEW_SAMPLE_TICKS	78
SMALL_CREATE_40_WORK_DETAIL_INODE_BINARY_SEARCH_CALLS	200
SMALL_CREATE_40_WORK_DETAIL_INODE_BINARY_SEARCH_SAMPLES	11
SMALL_CREATE_40_WORK_DETAIL_INODE_BINARY_SEARCH_SAMPLE_TICKS	45
SMALL_CREATE_40_WORK_DETAIL_DIR_BINARY_SEARCH_CALLS	246
SMALL_CREATE_40_WORK_DETAIL_DIR_BINARY_SEARCH_SAMPLES	14
SMALL_CREATE_40_WORK_DETAIL_DIR_BINARY_SEARCH_SAMPLE_TICKS	91
SMALL_CREATE_40_WORK_DETAIL_NODE_STRUCTURE_CALLS	14
SMALL_CREATE_40_WORK_DETAIL_NODE_STRUCTURE_SAMPLES	0
SMALL_CREATE_40_WORK_DETAIL_NODE_STRUCTURE_SAMPLE_TICKS	0
SMALL_CREATE_40_WORK_DETAIL_CACHE_PEEK_CALLS	449
SMALL_CREATE_40_WORK_DETAIL_CACHE_PEEK_SAMPLES	26
SMALL_CREATE_40_WORK_DETAIL_CACHE_PEEK_SAMPLE_TICKS	112
SMALL_CREATE_40_WORK_DETAIL_BUFFER_ALLOC_CALLS	219
SMALL_CREATE_40_WORK_DETAIL_BUFFER_ALLOC_SAMPLES	12
SMALL_CREATE_40_WORK_DETAIL_BUFFER_ALLOC_SAMPLE_TICKS	31
SMALL_CREATE_40_WORK_DETAIL_BUFFER_FREE_CALLS	223
SMALL_CREATE_40_WORK_DETAIL_BUFFER_FREE_SAMPLES	13
SMALL_CREATE_40_WORK_DETAIL_BUFFER_FREE_SAMPLE_TICKS	45
SMALL_CREATE_40_WORK_DETAIL_EXALL_FILL_CALLS	0
SMALL_CREATE_40_WORK_DETAIL_EXALL_FILL_SAMPLES	0
SMALL_CREATE_40_WORK_DETAIL_EXALL_FILL_SAMPLE_TICKS	0
SMALL_CREATE_40_WORK_FREESPACE_ALLOCS	45
SMALL_CREATE_40_VOLUME_FLUSH_BIO_READS	0
SMALL_CREATE_40_VOLUME_FLUSH_BIO_WRITES	10
SMALL_CREATE_40_VOLUME_FLUSH_BIO_UPDATES	3
SMALL_CREATE_40_VOLUME_FLUSH_DATA_READS	0
SMALL_CREATE_40_VOLUME_FLUSH_DATA_WRITES	0
SMALL_CREATE_40_VOLUME_FLUSH_NODE_WRITES	9
SMALL_CREATE_40_VOLUME_FLUSH_TXN_COMMITS	1
SMALL_CREATE_40_VOLUME_FLUSH_EXTENT_MAPS	0
SMALL_CREATE_40_VOLUME_FLUSH_READ_TICKS	0
SMALL_CREATE_40_VOLUME_FLUSH_WRITE_TICKS	395
SMALL_CREATE_40_VOLUME_FLUSH_UPDATE_TICKS	46
SMALL_CREATE_40_VOLUME_FLUSH_DATA_READ_TICKS	0
SMALL_CREATE_40_VOLUME_FLUSH_DATA_WRITE_TICKS	0
SMALL_CREATE_40_VOLUME_FLUSH_NODE_CRC_READ_CALLS	0
SMALL_CREATE_40_VOLUME_FLUSH_NODE_CRC_READ_SAMPLES	0
SMALL_CREATE_40_VOLUME_FLUSH_NODE_CRC_READ_SAMPLE_TICKS	0
SMALL_CREATE_40_VOLUME_FLUSH_NODE_CRC_WRITE_CALLS	9
SMALL_CREATE_40_VOLUME_FLUSH_NODE_CRC_WRITE_SAMPLES	9
SMALL_CREATE_40_VOLUME_FLUSH_NODE_CRC_WRITE_SAMPLE_TICKS	910
SMALL_CREATE_40_VOLUME_FLUSH_CLOCK_PAIR_TICKS	0
SMALL_CREATE_40_VOLUME_FLUSH_PACKET_CALLS	1
SMALL_CREATE_40_VOLUME_FLUSH_PACKET_SAMPLES	1
SMALL_CREATE_40_VOLUME_FLUSH_PACKET_SAMPLE_TICKS	2270
SMALL_CREATE_40_VOLUME_FLUSH_PACKET_OPEN_CALLS	0
SMALL_CREATE_40_VOLUME_FLUSH_PACKET_OPEN_SAMPLES	0
SMALL_CREATE_40_VOLUME_FLUSH_PACKET_OPEN_SAMPLE_TICKS	0
SMALL_CREATE_40_VOLUME_FLUSH_PACKET_READ_CALLS	0
SMALL_CREATE_40_VOLUME_FLUSH_PACKET_READ_SAMPLES	0
SMALL_CREATE_40_VOLUME_FLUSH_PACKET_READ_SAMPLE_TICKS	0
SMALL_CREATE_40_VOLUME_FLUSH_PACKET_WRITE_CALLS	0
SMALL_CREATE_40_VOLUME_FLUSH_PACKET_WRITE_SAMPLES	0
SMALL_CREATE_40_VOLUME_FLUSH_PACKET_WRITE_SAMPLE_TICKS	0
SMALL_CREATE_40_VOLUME_FLUSH_PACKET_END_CALLS	0
SMALL_CREATE_40_VOLUME_FLUSH_PACKET_END_SAMPLES	0
SMALL_CREATE_40_VOLUME_FLUSH_PACKET_END_SAMPLE_TICKS	0
SMALL_CREATE_40_VOLUME_FLUSH_PACKET_DELETE_CALLS	0
SMALL_CREATE_40_VOLUME_FLUSH_PACKET_DELETE_SAMPLES	0
SMALL_CREATE_40_VOLUME_FLUSH_PACKET_DELETE_SAMPLE_TICKS	0
SMALL_CREATE_40_VOLUME_FLUSH_PACKET_FLUSH_CALLS	1
SMALL_CREATE_40_VOLUME_FLUSH_PACKET_FLUSH_SAMPLES	1
SMALL_CREATE_40_VOLUME_FLUSH_PACKET_FLUSH_SAMPLE_TICKS	2270
SMALL_CREATE_40_VOLUME_FLUSH_PACKET_OTHER_CALLS	0
SMALL_CREATE_40_VOLUME_FLUSH_PACKET_OTHER_SAMPLES	0
SMALL_CREATE_40_VOLUME_FLUSH_PACKET_OTHER_SAMPLE_TICKS	0
SMALL_CREATE_40_VOLUME_FLUSH_CORE_CREATE_CALLS	0
SMALL_CREATE_40_VOLUME_FLUSH_CORE_CREATE_SAMPLES	0
SMALL_CREATE_40_VOLUME_FLUSH_CORE_CREATE_SAMPLE_TICKS	0
SMALL_CREATE_40_VOLUME_FLUSH_CORE_DELETE_CALLS	0
SMALL_CREATE_40_VOLUME_FLUSH_CORE_DELETE_SAMPLES	0
SMALL_CREATE_40_VOLUME_FLUSH_CORE_DELETE_SAMPLE_TICKS	0
SMALL_CREATE_40_VOLUME_FLUSH_CORE_FILE_WRITE_CALLS	0
SMALL_CREATE_40_VOLUME_FLUSH_CORE_FILE_WRITE_SAMPLES	0
SMALL_CREATE_40_VOLUME_FLUSH_CORE_FILE_WRITE_SAMPLE_TICKS	0
SMALL_CREATE_40_VOLUME_FLUSH_CORE_SYNC_CALLS	1
SMALL_CREATE_40_VOLUME_FLUSH_CORE_SYNC_SAMPLES	1
SMALL_CREATE_40_VOLUME_FLUSH_CORE_SYNC_SAMPLE_TICKS	2270
SMALL_CREATE_40_VOLUME_FLUSH_IFACE_FREE_CALLS	0
SMALL_CREATE_40_VOLUME_FLUSH_IFACE_FREE_SAMPLES	0
SMALL_CREATE_40_VOLUME_FLUSH_IFACE_FREE_SAMPLE_TICKS	0
SMALL_CREATE_40_VOLUME_FLUSH_SEAL_COMMIT_CALLS	1
SMALL_CREATE_40_VOLUME_FLUSH_SEAL_COMMIT_SAMPLES	1
SMALL_CREATE_40_VOLUME_FLUSH_SEAL_COMMIT_SAMPLE_TICKS	499
SMALL_CREATE_40_VOLUME_FLUSH_INODE_READ_CALLS	0
SMALL_CREATE_40_VOLUME_FLUSH_BTREE_SEARCH_CALLS	0
SMALL_CREATE_40_VOLUME_FLUSH_BTREE_INDEX_HINT_HITS	0
SMALL_CREATE_40_VOLUME_FLUSH_BTREE_LEAF_HINT_HITS	0
SMALL_CREATE_40_VOLUME_FLUSH_CACHE_READ_CALLS	5
SMALL_CREATE_40_VOLUME_FLUSH_CACHE_READ_HITS	5
SMALL_CREATE_40_VOLUME_FLUSH_CACHE_READ_MISSES	0
SMALL_CREATE_40_VOLUME_FLUSH_FREE_TREE_NODE_VIEWS	1
SMALL_CREATE_40_VOLUME_FLUSH_FREE_TREE_RESIDENT_VIEWS	1
SMALL_CREATE_40_VOLUME_FLUSH_DIR_TREE_NODE_VIEWS	0
SMALL_CREATE_40_VOLUME_FLUSH_DIR_TREE_RESIDENT_VIEWS	0
SMALL_CREATE_40_VOLUME_FLUSH_INODE_TREE_NODE_VIEWS	0
SMALL_CREATE_40_VOLUME_FLUSH_INODE_TREE_RESIDENT_VIEWS	0
SMALL_CREATE_40_VOLUME_FLUSH_REFCOUNT_TREE_NODE_VIEWS	0
SMALL_CREATE_40_VOLUME_FLUSH_REFCOUNT_TREE_RESIDENT_VIEWS	0
SMALL_CREATE_40_VOLUME_FLUSH_OTHER_TREE_NODE_VIEWS	0
SMALL_CREATE_40_VOLUME_FLUSH_OTHER_TREE_RESIDENT_VIEWS	0
SMALL_CREATE_40_VOLUME_FLUSH_WRITE_DETAIL_INODE_READ_CALLS	0
SMALL_CREATE_40_VOLUME_FLUSH_WRITE_DETAIL_INODE_READ_SAMPLES	0
SMALL_CREATE_40_VOLUME_FLUSH_WRITE_DETAIL_INODE_READ_SAMPLE_TICKS	0
SMALL_CREATE_40_VOLUME_FLUSH_WRITE_DETAIL_INODE_WRITE_CALLS	0
SMALL_CREATE_40_VOLUME_FLUSH_WRITE_DETAIL_INODE_WRITE_SAMPLES	0
SMALL_CREATE_40_VOLUME_FLUSH_WRITE_DETAIL_INODE_WRITE_SAMPLE_TICKS	0
SMALL_CREATE_40_VOLUME_FLUSH_WRITE_DETAIL_EXTENT_MAP_CALLS	0
SMALL_CREATE_40_VOLUME_FLUSH_WRITE_DETAIL_EXTENT_MAP_SAMPLES	0
SMALL_CREATE_40_VOLUME_FLUSH_WRITE_DETAIL_EXTENT_MAP_SAMPLE_TICKS	0
SMALL_CREATE_40_VOLUME_FLUSH_WRITE_DETAIL_FREESPACE_GOAL_CALLS	0
SMALL_CREATE_40_VOLUME_FLUSH_WRITE_DETAIL_FREESPACE_GOAL_SAMPLES	0
SMALL_CREATE_40_VOLUME_FLUSH_WRITE_DETAIL_FREESPACE_GOAL_SAMPLE_TICKS	0
SMALL_CREATE_40_VOLUME_FLUSH_BTREE_MALLOC_CALLS	1
SMALL_CREATE_40_VOLUME_FLUSH_BTREE_MALLOC_SAMPLES	1
SMALL_CREATE_40_VOLUME_FLUSH_BTREE_MALLOC_SAMPLE_TICKS	0
SMALL_CREATE_40_VOLUME_FLUSH_BTREE_FREE_CALLS	1
SMALL_CREATE_40_VOLUME_FLUSH_BTREE_FREE_SAMPLES	1
SMALL_CREATE_40_VOLUME_FLUSH_BTREE_FREE_SAMPLE_TICKS	0
SMALL_CREATE_40_VOLUME_FLUSH_IFACE_ALLOC_CALLS	0
SMALL_CREATE_40_VOLUME_FLUSH_IFACE_ALLOC_SAMPLES	0
SMALL_CREATE_40_VOLUME_FLUSH_IFACE_ALLOC_SAMPLE_TICKS	0
SMALL_CREATE_40_VOLUME_FLUSH_FREESPACE_ALLOC_CALLS	0
SMALL_CREATE_40_VOLUME_FLUSH_FREESPACE_ALLOC_SAMPLES	0
SMALL_CREATE_40_VOLUME_FLUSH_FREESPACE_ALLOC_SAMPLE_TICKS	0
SMALL_CREATE_40_VOLUME_FLUSH_DETAIL_INODE_READ_CALLS	0
SMALL_CREATE_40_VOLUME_FLUSH_DETAIL_INODE_READ_SAMPLES	0
SMALL_CREATE_40_VOLUME_FLUSH_DETAIL_INODE_READ_SAMPLE_TICKS	0
SMALL_CREATE_40_VOLUME_FLUSH_DETAIL_INODE_VALIDATE_CALLS	0
SMALL_CREATE_40_VOLUME_FLUSH_DETAIL_INODE_VALIDATE_SAMPLES	0
SMALL_CREATE_40_VOLUME_FLUSH_DETAIL_INODE_VALIDATE_SAMPLE_TICKS	0
SMALL_CREATE_40_VOLUME_FLUSH_DETAIL_INODE_SEARCH_CALLS	0
SMALL_CREATE_40_VOLUME_FLUSH_DETAIL_INODE_SEARCH_SAMPLES	0
SMALL_CREATE_40_VOLUME_FLUSH_DETAIL_INODE_SEARCH_SAMPLE_TICKS	0
SMALL_CREATE_40_VOLUME_FLUSH_DETAIL_INODE_NODE_VIEW_CALLS	0
SMALL_CREATE_40_VOLUME_FLUSH_DETAIL_INODE_NODE_VIEW_SAMPLES	0
SMALL_CREATE_40_VOLUME_FLUSH_DETAIL_INODE_NODE_VIEW_SAMPLE_TICKS	0
SMALL_CREATE_40_VOLUME_FLUSH_DETAIL_DIR_NODE_VIEW_CALLS	0
SMALL_CREATE_40_VOLUME_FLUSH_DETAIL_DIR_NODE_VIEW_SAMPLES	0
SMALL_CREATE_40_VOLUME_FLUSH_DETAIL_DIR_NODE_VIEW_SAMPLE_TICKS	0
SMALL_CREATE_40_VOLUME_FLUSH_DETAIL_INODE_BINARY_SEARCH_CALLS	0
SMALL_CREATE_40_VOLUME_FLUSH_DETAIL_INODE_BINARY_SEARCH_SAMPLES	0
SMALL_CREATE_40_VOLUME_FLUSH_DETAIL_INODE_BINARY_SEARCH_SAMPLE_TICKS	0
SMALL_CREATE_40_VOLUME_FLUSH_DETAIL_DIR_BINARY_SEARCH_CALLS	0
SMALL_CREATE_40_VOLUME_FLUSH_DETAIL_DIR_BINARY_SEARCH_SAMPLES	0
SMALL_CREATE_40_VOLUME_FLUSH_DETAIL_DIR_BINARY_SEARCH_SAMPLE_TICKS	0
SMALL_CREATE_40_VOLUME_FLUSH_DETAIL_NODE_STRUCTURE_CALLS	1
SMALL_CREATE_40_VOLUME_FLUSH_DETAIL_NODE_STRUCTURE_SAMPLES	0
SMALL_CREATE_40_VOLUME_FLUSH_DETAIL_NODE_STRUCTURE_SAMPLE_TICKS	0
SMALL_CREATE_40_VOLUME_FLUSH_DETAIL_CACHE_PEEK_CALLS	1
SMALL_CREATE_40_VOLUME_FLUSH_DETAIL_CACHE_PEEK_SAMPLES	0
SMALL_CREATE_40_VOLUME_FLUSH_DETAIL_CACHE_PEEK_SAMPLE_TICKS	0
SMALL_CREATE_40_VOLUME_FLUSH_DETAIL_BUFFER_ALLOC_CALLS	4
SMALL_CREATE_40_VOLUME_FLUSH_DETAIL_BUFFER_ALLOC_SAMPLES	0
SMALL_CREATE_40_VOLUME_FLUSH_DETAIL_BUFFER_ALLOC_SAMPLE_TICKS	0
SMALL_CREATE_40_VOLUME_FLUSH_DETAIL_BUFFER_FREE_CALLS	4
SMALL_CREATE_40_VOLUME_FLUSH_DETAIL_BUFFER_FREE_SAMPLES	0
SMALL_CREATE_40_VOLUME_FLUSH_DETAIL_BUFFER_FREE_SAMPLE_TICKS	0
SMALL_CREATE_40_VOLUME_FLUSH_DETAIL_EXALL_FILL_CALLS	0
SMALL_CREATE_40_VOLUME_FLUSH_DETAIL_EXALL_FILL_SAMPLES	0
SMALL_CREATE_40_VOLUME_FLUSH_DETAIL_EXALL_FILL_SAMPLE_TICKS	0
SMALL_CREATE_40_VOLUME_FLUSH_FREESPACE_ALLOCS	0
LOOKUP_400_US	108288
LOOKUP_400_WORK_US	108288
LOOKUP_400_VOLUME_FLUSH_US	0
LOOKUP_400_HAS_VOLUME_FLUSH	0
LOOKUP_400_GUEST_OPEN_CALLS	0
LOOKUP_400_GUEST_OPEN_US	0
LOOKUP_400_GUEST_READ_CALLS	0
LOOKUP_400_GUEST_READ_US	0
LOOKUP_400_GUEST_WRITE_CALLS	0
LOOKUP_400_GUEST_WRITE_US	0
LOOKUP_400_GUEST_HANDLE_FLUSH_CALLS	0
LOOKUP_400_GUEST_HANDLE_FLUSH_US	0
LOOKUP_400_GUEST_CLOSE_CALLS	0
LOOKUP_400_GUEST_CLOSE_US	0
LOOKUP_400_GUEST_VERIFY_CALLS	0
LOOKUP_400_GUEST_VERIFY_US	0
LOOKUP_400_WORK_BIO_READS	0
LOOKUP_400_WORK_BIO_WRITES	0
LOOKUP_400_WORK_BIO_UPDATES	0
LOOKUP_400_WORK_DATA_READS	0
LOOKUP_400_WORK_DATA_WRITES	0
LOOKUP_400_WORK_NODE_WRITES	0
LOOKUP_400_WORK_TXN_COMMITS	0
LOOKUP_400_WORK_EXTENT_MAPS	0
LOOKUP_400_WORK_READ_TICKS	0
LOOKUP_400_WORK_WRITE_TICKS	0
LOOKUP_400_WORK_UPDATE_TICKS	0
LOOKUP_400_WORK_DATA_READ_TICKS	0
LOOKUP_400_WORK_DATA_WRITE_TICKS	0
LOOKUP_400_WORK_NODE_CRC_READ_CALLS	0
LOOKUP_400_WORK_NODE_CRC_READ_SAMPLES	0
LOOKUP_400_WORK_NODE_CRC_READ_SAMPLE_TICKS	0
LOOKUP_400_WORK_NODE_CRC_WRITE_CALLS	0
LOOKUP_400_WORK_NODE_CRC_WRITE_SAMPLES	0
LOOKUP_400_WORK_NODE_CRC_WRITE_SAMPLE_TICKS	0
LOOKUP_400_WORK_CLOCK_PAIR_TICKS	1
LOOKUP_400_WORK_PACKET_CALLS	800
LOOKUP_400_WORK_PACKET_SAMPLES	800
LOOKUP_400_WORK_PACKET_SAMPLE_TICKS	46152
LOOKUP_400_WORK_PACKET_OPEN_CALLS	0
LOOKUP_400_WORK_PACKET_OPEN_SAMPLES	0
LOOKUP_400_WORK_PACKET_OPEN_SAMPLE_TICKS	0
LOOKUP_400_WORK_PACKET_READ_CALLS	0
LOOKUP_400_WORK_PACKET_READ_SAMPLES	0
LOOKUP_400_WORK_PACKET_READ_SAMPLE_TICKS	0
LOOKUP_400_WORK_PACKET_WRITE_CALLS	0
LOOKUP_400_WORK_PACKET_WRITE_SAMPLES	0
LOOKUP_400_WORK_PACKET_WRITE_SAMPLE_TICKS	0
LOOKUP_400_WORK_PACKET_END_CALLS	0
LOOKUP_400_WORK_PACKET_END_SAMPLES	0
LOOKUP_400_WORK_PACKET_END_SAMPLE_TICKS	0
LOOKUP_400_WORK_PACKET_DELETE_CALLS	0
LOOKUP_400_WORK_PACKET_DELETE_SAMPLES	0
LOOKUP_400_WORK_PACKET_DELETE_SAMPLE_TICKS	0
LOOKUP_400_WORK_PACKET_FLUSH_CALLS	0
LOOKUP_400_WORK_PACKET_FLUSH_SAMPLES	0
LOOKUP_400_WORK_PACKET_FLUSH_SAMPLE_TICKS	0
LOOKUP_400_WORK_PACKET_OTHER_CALLS	800
LOOKUP_400_WORK_PACKET_OTHER_SAMPLES	800
LOOKUP_400_WORK_PACKET_OTHER_SAMPLE_TICKS	46152
LOOKUP_400_WORK_CORE_CREATE_CALLS	0
LOOKUP_400_WORK_CORE_CREATE_SAMPLES	0
LOOKUP_400_WORK_CORE_CREATE_SAMPLE_TICKS	0
LOOKUP_400_WORK_CORE_DELETE_CALLS	0
LOOKUP_400_WORK_CORE_DELETE_SAMPLES	0
LOOKUP_400_WORK_CORE_DELETE_SAMPLE_TICKS	0
LOOKUP_400_WORK_CORE_FILE_WRITE_CALLS	0
LOOKUP_400_WORK_CORE_FILE_WRITE_SAMPLES	0
LOOKUP_400_WORK_CORE_FILE_WRITE_SAMPLE_TICKS	0
LOOKUP_400_WORK_CORE_SYNC_CALLS	0
LOOKUP_400_WORK_CORE_SYNC_SAMPLES	0
LOOKUP_400_WORK_CORE_SYNC_SAMPLE_TICKS	0
LOOKUP_400_WORK_IFACE_FREE_CALLS	0
LOOKUP_400_WORK_IFACE_FREE_SAMPLES	0
LOOKUP_400_WORK_IFACE_FREE_SAMPLE_TICKS	0
LOOKUP_400_WORK_SEAL_COMMIT_CALLS	0
LOOKUP_400_WORK_SEAL_COMMIT_SAMPLES	0
LOOKUP_400_WORK_SEAL_COMMIT_SAMPLE_TICKS	0
LOOKUP_400_WORK_INODE_READ_CALLS	0
LOOKUP_400_WORK_BTREE_SEARCH_CALLS	800
LOOKUP_400_WORK_BTREE_INDEX_HINT_HITS	0
LOOKUP_400_WORK_BTREE_LEAF_HINT_HITS	139
LOOKUP_400_WORK_CACHE_READ_CALLS	6
LOOKUP_400_WORK_CACHE_READ_HITS	6
LOOKUP_400_WORK_CACHE_READ_MISSES	0
LOOKUP_400_WORK_FREE_TREE_NODE_VIEWS	0
LOOKUP_400_WORK_FREE_TREE_RESIDENT_VIEWS	0
LOOKUP_400_WORK_DIR_TREE_NODE_VIEWS	1322
LOOKUP_400_WORK_DIR_TREE_RESIDENT_VIEWS	1316
LOOKUP_400_WORK_INODE_TREE_NODE_VIEWS	0
LOOKUP_400_WORK_INODE_TREE_RESIDENT_VIEWS	0
LOOKUP_400_WORK_REFCOUNT_TREE_NODE_VIEWS	0
LOOKUP_400_WORK_REFCOUNT_TREE_RESIDENT_VIEWS	0
LOOKUP_400_WORK_OTHER_TREE_NODE_VIEWS	0
LOOKUP_400_WORK_OTHER_TREE_RESIDENT_VIEWS	0
LOOKUP_400_WORK_WRITE_DETAIL_INODE_READ_CALLS	0
LOOKUP_400_WORK_WRITE_DETAIL_INODE_READ_SAMPLES	0
LOOKUP_400_WORK_WRITE_DETAIL_INODE_READ_SAMPLE_TICKS	0
LOOKUP_400_WORK_WRITE_DETAIL_INODE_WRITE_CALLS	0
LOOKUP_400_WORK_WRITE_DETAIL_INODE_WRITE_SAMPLES	0
LOOKUP_400_WORK_WRITE_DETAIL_INODE_WRITE_SAMPLE_TICKS	0
LOOKUP_400_WORK_WRITE_DETAIL_EXTENT_MAP_CALLS	0
LOOKUP_400_WORK_WRITE_DETAIL_EXTENT_MAP_SAMPLES	0
LOOKUP_400_WORK_WRITE_DETAIL_EXTENT_MAP_SAMPLE_TICKS	0
LOOKUP_400_WORK_WRITE_DETAIL_FREESPACE_GOAL_CALLS	0
LOOKUP_400_WORK_WRITE_DETAIL_FREESPACE_GOAL_SAMPLES	0
LOOKUP_400_WORK_WRITE_DETAIL_FREESPACE_GOAL_SAMPLE_TICKS	0
LOOKUP_400_WORK_BTREE_MALLOC_CALLS	0
LOOKUP_400_WORK_BTREE_MALLOC_SAMPLES	0
LOOKUP_400_WORK_BTREE_MALLOC_SAMPLE_TICKS	0
LOOKUP_400_WORK_BTREE_FREE_CALLS	0
LOOKUP_400_WORK_BTREE_FREE_SAMPLES	0
LOOKUP_400_WORK_BTREE_FREE_SAMPLE_TICKS	0
LOOKUP_400_WORK_IFACE_ALLOC_CALLS	0
LOOKUP_400_WORK_IFACE_ALLOC_SAMPLES	0
LOOKUP_400_WORK_IFACE_ALLOC_SAMPLE_TICKS	0
LOOKUP_400_WORK_FREESPACE_ALLOC_CALLS	0
LOOKUP_400_WORK_FREESPACE_ALLOC_SAMPLES	0
LOOKUP_400_WORK_FREESPACE_ALLOC_SAMPLE_TICKS	0
LOOKUP_400_WORK_DETAIL_INODE_READ_CALLS	0
LOOKUP_400_WORK_DETAIL_INODE_READ_SAMPLES	0
LOOKUP_400_WORK_DETAIL_INODE_READ_SAMPLE_TICKS	0
LOOKUP_400_WORK_DETAIL_INODE_VALIDATE_CALLS	0
LOOKUP_400_WORK_DETAIL_INODE_VALIDATE_SAMPLES	0
LOOKUP_400_WORK_DETAIL_INODE_VALIDATE_SAMPLE_TICKS	0
LOOKUP_400_WORK_DETAIL_INODE_SEARCH_CALLS	0
LOOKUP_400_WORK_DETAIL_INODE_SEARCH_SAMPLES	0
LOOKUP_400_WORK_DETAIL_INODE_SEARCH_SAMPLE_TICKS	0
LOOKUP_400_WORK_DETAIL_INODE_NODE_VIEW_CALLS	0
LOOKUP_400_WORK_DETAIL_INODE_NODE_VIEW_SAMPLES	0
LOOKUP_400_WORK_DETAIL_INODE_NODE_VIEW_SAMPLE_TICKS	0
LOOKUP_400_WORK_DETAIL_DIR_NODE_VIEW_CALLS	1322
LOOKUP_400_WORK_DETAIL_DIR_NODE_VIEW_SAMPLES	77
LOOKUP_400_WORK_DETAIL_DIR_NODE_VIEW_SAMPLE_TICKS	656
LOOKUP_400_WORK_DETAIL_INODE_BINARY_SEARCH_CALLS	0
LOOKUP_400_WORK_DETAIL_INODE_BINARY_SEARCH_SAMPLES	0
LOOKUP_400_WORK_DETAIL_INODE_BINARY_SEARCH_SAMPLE_TICKS	0
LOOKUP_400_WORK_DETAIL_DIR_BINARY_SEARCH_CALLS	1461
LOOKUP_400_WORK_DETAIL_DIR_BINARY_SEARCH_SAMPLES	85
LOOKUP_400_WORK_DETAIL_DIR_BINARY_SEARCH_SAMPLE_TICKS	308
LOOKUP_400_WORK_DETAIL_NODE_STRUCTURE_CALLS	6
LOOKUP_400_WORK_DETAIL_NODE_STRUCTURE_SAMPLES	0
LOOKUP_400_WORK_DETAIL_NODE_STRUCTURE_SAMPLE_TICKS	0
LOOKUP_400_WORK_DETAIL_CACHE_PEEK_CALLS	2121
LOOKUP_400_WORK_DETAIL_CACHE_PEEK_SAMPLES	124
LOOKUP_400_WORK_DETAIL_CACHE_PEEK_SAMPLE_TICKS	420
LOOKUP_400_WORK_DETAIL_BUFFER_ALLOC_CALLS	661
LOOKUP_400_WORK_DETAIL_BUFFER_ALLOC_SAMPLES	38
LOOKUP_400_WORK_DETAIL_BUFFER_ALLOC_SAMPLE_TICKS	183
LOOKUP_400_WORK_DETAIL_BUFFER_FREE_CALLS	661
LOOKUP_400_WORK_DETAIL_BUFFER_FREE_SAMPLES	38
LOOKUP_400_WORK_DETAIL_BUFFER_FREE_SAMPLE_TICKS	46
LOOKUP_400_WORK_DETAIL_EXALL_FILL_CALLS	0
LOOKUP_400_WORK_DETAIL_EXALL_FILL_SAMPLES	0
LOOKUP_400_WORK_DETAIL_EXALL_FILL_SAMPLE_TICKS	0
LOOKUP_400_WORK_FREESPACE_ALLOCS	0
LOOKUP_400_VOLUME_FLUSH_BIO_READS	0
LOOKUP_400_VOLUME_FLUSH_BIO_WRITES	0
LOOKUP_400_VOLUME_FLUSH_BIO_UPDATES	0
LOOKUP_400_VOLUME_FLUSH_DATA_READS	0
LOOKUP_400_VOLUME_FLUSH_DATA_WRITES	0
LOOKUP_400_VOLUME_FLUSH_NODE_WRITES	0
LOOKUP_400_VOLUME_FLUSH_TXN_COMMITS	0
LOOKUP_400_VOLUME_FLUSH_EXTENT_MAPS	0
LOOKUP_400_VOLUME_FLUSH_READ_TICKS	0
LOOKUP_400_VOLUME_FLUSH_WRITE_TICKS	0
LOOKUP_400_VOLUME_FLUSH_UPDATE_TICKS	0
LOOKUP_400_VOLUME_FLUSH_DATA_READ_TICKS	0
LOOKUP_400_VOLUME_FLUSH_DATA_WRITE_TICKS	0
LOOKUP_400_VOLUME_FLUSH_NODE_CRC_READ_CALLS	0
LOOKUP_400_VOLUME_FLUSH_NODE_CRC_READ_SAMPLES	0
LOOKUP_400_VOLUME_FLUSH_NODE_CRC_READ_SAMPLE_TICKS	0
LOOKUP_400_VOLUME_FLUSH_NODE_CRC_WRITE_CALLS	0
LOOKUP_400_VOLUME_FLUSH_NODE_CRC_WRITE_SAMPLES	0
LOOKUP_400_VOLUME_FLUSH_NODE_CRC_WRITE_SAMPLE_TICKS	0
LOOKUP_400_VOLUME_FLUSH_CLOCK_PAIR_TICKS	0
LOOKUP_400_VOLUME_FLUSH_PACKET_CALLS	0
LOOKUP_400_VOLUME_FLUSH_PACKET_SAMPLES	0
LOOKUP_400_VOLUME_FLUSH_PACKET_SAMPLE_TICKS	0
LOOKUP_400_VOLUME_FLUSH_PACKET_OPEN_CALLS	0
LOOKUP_400_VOLUME_FLUSH_PACKET_OPEN_SAMPLES	0
LOOKUP_400_VOLUME_FLUSH_PACKET_OPEN_SAMPLE_TICKS	0
LOOKUP_400_VOLUME_FLUSH_PACKET_READ_CALLS	0
LOOKUP_400_VOLUME_FLUSH_PACKET_READ_SAMPLES	0
LOOKUP_400_VOLUME_FLUSH_PACKET_READ_SAMPLE_TICKS	0
LOOKUP_400_VOLUME_FLUSH_PACKET_WRITE_CALLS	0
LOOKUP_400_VOLUME_FLUSH_PACKET_WRITE_SAMPLES	0
LOOKUP_400_VOLUME_FLUSH_PACKET_WRITE_SAMPLE_TICKS	0
LOOKUP_400_VOLUME_FLUSH_PACKET_END_CALLS	0
LOOKUP_400_VOLUME_FLUSH_PACKET_END_SAMPLES	0
LOOKUP_400_VOLUME_FLUSH_PACKET_END_SAMPLE_TICKS	0
LOOKUP_400_VOLUME_FLUSH_PACKET_DELETE_CALLS	0
LOOKUP_400_VOLUME_FLUSH_PACKET_DELETE_SAMPLES	0
LOOKUP_400_VOLUME_FLUSH_PACKET_DELETE_SAMPLE_TICKS	0
LOOKUP_400_VOLUME_FLUSH_PACKET_FLUSH_CALLS	0
LOOKUP_400_VOLUME_FLUSH_PACKET_FLUSH_SAMPLES	0
LOOKUP_400_VOLUME_FLUSH_PACKET_FLUSH_SAMPLE_TICKS	0
LOOKUP_400_VOLUME_FLUSH_PACKET_OTHER_CALLS	0
LOOKUP_400_VOLUME_FLUSH_PACKET_OTHER_SAMPLES	0
LOOKUP_400_VOLUME_FLUSH_PACKET_OTHER_SAMPLE_TICKS	0
LOOKUP_400_VOLUME_FLUSH_CORE_CREATE_CALLS	0
LOOKUP_400_VOLUME_FLUSH_CORE_CREATE_SAMPLES	0
LOOKUP_400_VOLUME_FLUSH_CORE_CREATE_SAMPLE_TICKS	0
LOOKUP_400_VOLUME_FLUSH_CORE_DELETE_CALLS	0
LOOKUP_400_VOLUME_FLUSH_CORE_DELETE_SAMPLES	0
LOOKUP_400_VOLUME_FLUSH_CORE_DELETE_SAMPLE_TICKS	0
LOOKUP_400_VOLUME_FLUSH_CORE_FILE_WRITE_CALLS	0
LOOKUP_400_VOLUME_FLUSH_CORE_FILE_WRITE_SAMPLES	0
LOOKUP_400_VOLUME_FLUSH_CORE_FILE_WRITE_SAMPLE_TICKS	0
LOOKUP_400_VOLUME_FLUSH_CORE_SYNC_CALLS	0
LOOKUP_400_VOLUME_FLUSH_CORE_SYNC_SAMPLES	0
LOOKUP_400_VOLUME_FLUSH_CORE_SYNC_SAMPLE_TICKS	0
LOOKUP_400_VOLUME_FLUSH_IFACE_FREE_CALLS	0
LOOKUP_400_VOLUME_FLUSH_IFACE_FREE_SAMPLES	0
LOOKUP_400_VOLUME_FLUSH_IFACE_FREE_SAMPLE_TICKS	0
LOOKUP_400_VOLUME_FLUSH_SEAL_COMMIT_CALLS	0
LOOKUP_400_VOLUME_FLUSH_SEAL_COMMIT_SAMPLES	0
LOOKUP_400_VOLUME_FLUSH_SEAL_COMMIT_SAMPLE_TICKS	0
LOOKUP_400_VOLUME_FLUSH_INODE_READ_CALLS	0
LOOKUP_400_VOLUME_FLUSH_BTREE_SEARCH_CALLS	0
LOOKUP_400_VOLUME_FLUSH_BTREE_INDEX_HINT_HITS	0
LOOKUP_400_VOLUME_FLUSH_BTREE_LEAF_HINT_HITS	0
LOOKUP_400_VOLUME_FLUSH_CACHE_READ_CALLS	0
LOOKUP_400_VOLUME_FLUSH_CACHE_READ_HITS	0
LOOKUP_400_VOLUME_FLUSH_CACHE_READ_MISSES	0
LOOKUP_400_VOLUME_FLUSH_FREE_TREE_NODE_VIEWS	0
LOOKUP_400_VOLUME_FLUSH_FREE_TREE_RESIDENT_VIEWS	0
LOOKUP_400_VOLUME_FLUSH_DIR_TREE_NODE_VIEWS	0
LOOKUP_400_VOLUME_FLUSH_DIR_TREE_RESIDENT_VIEWS	0
LOOKUP_400_VOLUME_FLUSH_INODE_TREE_NODE_VIEWS	0
LOOKUP_400_VOLUME_FLUSH_INODE_TREE_RESIDENT_VIEWS	0
LOOKUP_400_VOLUME_FLUSH_REFCOUNT_TREE_NODE_VIEWS	0
LOOKUP_400_VOLUME_FLUSH_REFCOUNT_TREE_RESIDENT_VIEWS	0
LOOKUP_400_VOLUME_FLUSH_OTHER_TREE_NODE_VIEWS	0
LOOKUP_400_VOLUME_FLUSH_OTHER_TREE_RESIDENT_VIEWS	0
LOOKUP_400_VOLUME_FLUSH_WRITE_DETAIL_INODE_READ_CALLS	0
LOOKUP_400_VOLUME_FLUSH_WRITE_DETAIL_INODE_READ_SAMPLES	0
LOOKUP_400_VOLUME_FLUSH_WRITE_DETAIL_INODE_READ_SAMPLE_TICKS	0
LOOKUP_400_VOLUME_FLUSH_WRITE_DETAIL_INODE_WRITE_CALLS	0
LOOKUP_400_VOLUME_FLUSH_WRITE_DETAIL_INODE_WRITE_SAMPLES	0
LOOKUP_400_VOLUME_FLUSH_WRITE_DETAIL_INODE_WRITE_SAMPLE_TICKS	0
LOOKUP_400_VOLUME_FLUSH_WRITE_DETAIL_EXTENT_MAP_CALLS	0
LOOKUP_400_VOLUME_FLUSH_WRITE_DETAIL_EXTENT_MAP_SAMPLES	0
LOOKUP_400_VOLUME_FLUSH_WRITE_DETAIL_EXTENT_MAP_SAMPLE_TICKS	0
LOOKUP_400_VOLUME_FLUSH_WRITE_DETAIL_FREESPACE_GOAL_CALLS	0
LOOKUP_400_VOLUME_FLUSH_WRITE_DETAIL_FREESPACE_GOAL_SAMPLES	0
LOOKUP_400_VOLUME_FLUSH_WRITE_DETAIL_FREESPACE_GOAL_SAMPLE_TICKS	0
LOOKUP_400_VOLUME_FLUSH_BTREE_MALLOC_CALLS	0
LOOKUP_400_VOLUME_FLUSH_BTREE_MALLOC_SAMPLES	0
LOOKUP_400_VOLUME_FLUSH_BTREE_MALLOC_SAMPLE_TICKS	0
LOOKUP_400_VOLUME_FLUSH_BTREE_FREE_CALLS	0
LOOKUP_400_VOLUME_FLUSH_BTREE_FREE_SAMPLES	0
LOOKUP_400_VOLUME_FLUSH_BTREE_FREE_SAMPLE_TICKS	0
LOOKUP_400_VOLUME_FLUSH_IFACE_ALLOC_CALLS	0
LOOKUP_400_VOLUME_FLUSH_IFACE_ALLOC_SAMPLES	0
LOOKUP_400_VOLUME_FLUSH_IFACE_ALLOC_SAMPLE_TICKS	0
LOOKUP_400_VOLUME_FLUSH_FREESPACE_ALLOC_CALLS	0
LOOKUP_400_VOLUME_FLUSH_FREESPACE_ALLOC_SAMPLES	0
LOOKUP_400_VOLUME_FLUSH_FREESPACE_ALLOC_SAMPLE_TICKS	0
LOOKUP_400_VOLUME_FLUSH_DETAIL_INODE_READ_CALLS	0
LOOKUP_400_VOLUME_FLUSH_DETAIL_INODE_READ_SAMPLES	0
LOOKUP_400_VOLUME_FLUSH_DETAIL_INODE_READ_SAMPLE_TICKS	0
LOOKUP_400_VOLUME_FLUSH_DETAIL_INODE_VALIDATE_CALLS	0
LOOKUP_400_VOLUME_FLUSH_DETAIL_INODE_VALIDATE_SAMPLES	0
LOOKUP_400_VOLUME_FLUSH_DETAIL_INODE_VALIDATE_SAMPLE_TICKS	0
LOOKUP_400_VOLUME_FLUSH_DETAIL_INODE_SEARCH_CALLS	0
LOOKUP_400_VOLUME_FLUSH_DETAIL_INODE_SEARCH_SAMPLES	0
LOOKUP_400_VOLUME_FLUSH_DETAIL_INODE_SEARCH_SAMPLE_TICKS	0
LOOKUP_400_VOLUME_FLUSH_DETAIL_INODE_NODE_VIEW_CALLS	0
LOOKUP_400_VOLUME_FLUSH_DETAIL_INODE_NODE_VIEW_SAMPLES	0
LOOKUP_400_VOLUME_FLUSH_DETAIL_INODE_NODE_VIEW_SAMPLE_TICKS	0
LOOKUP_400_VOLUME_FLUSH_DETAIL_DIR_NODE_VIEW_CALLS	0
LOOKUP_400_VOLUME_FLUSH_DETAIL_DIR_NODE_VIEW_SAMPLES	0
LOOKUP_400_VOLUME_FLUSH_DETAIL_DIR_NODE_VIEW_SAMPLE_TICKS	0
LOOKUP_400_VOLUME_FLUSH_DETAIL_INODE_BINARY_SEARCH_CALLS	0
LOOKUP_400_VOLUME_FLUSH_DETAIL_INODE_BINARY_SEARCH_SAMPLES	0
LOOKUP_400_VOLUME_FLUSH_DETAIL_INODE_BINARY_SEARCH_SAMPLE_TICKS	0
LOOKUP_400_VOLUME_FLUSH_DETAIL_DIR_BINARY_SEARCH_CALLS	0
LOOKUP_400_VOLUME_FLUSH_DETAIL_DIR_BINARY_SEARCH_SAMPLES	0
LOOKUP_400_VOLUME_FLUSH_DETAIL_DIR_BINARY_SEARCH_SAMPLE_TICKS	0
LOOKUP_400_VOLUME_FLUSH_DETAIL_NODE_STRUCTURE_CALLS	0
LOOKUP_400_VOLUME_FLUSH_DETAIL_NODE_STRUCTURE_SAMPLES	0
LOOKUP_400_VOLUME_FLUSH_DETAIL_NODE_STRUCTURE_SAMPLE_TICKS	0
LOOKUP_400_VOLUME_FLUSH_DETAIL_CACHE_PEEK_CALLS	0
LOOKUP_400_VOLUME_FLUSH_DETAIL_CACHE_PEEK_SAMPLES	0
LOOKUP_400_VOLUME_FLUSH_DETAIL_CACHE_PEEK_SAMPLE_TICKS	0
LOOKUP_400_VOLUME_FLUSH_DETAIL_BUFFER_ALLOC_CALLS	0
LOOKUP_400_VOLUME_FLUSH_DETAIL_BUFFER_ALLOC_SAMPLES	0
LOOKUP_400_VOLUME_FLUSH_DETAIL_BUFFER_ALLOC_SAMPLE_TICKS	0
LOOKUP_400_VOLUME_FLUSH_DETAIL_BUFFER_FREE_CALLS	0
LOOKUP_400_VOLUME_FLUSH_DETAIL_BUFFER_FREE_SAMPLES	0
LOOKUP_400_VOLUME_FLUSH_DETAIL_BUFFER_FREE_SAMPLE_TICKS	0
LOOKUP_400_VOLUME_FLUSH_DETAIL_EXALL_FILL_CALLS	0
LOOKUP_400_VOLUME_FLUSH_DETAIL_EXALL_FILL_SAMPLES	0
LOOKUP_400_VOLUME_FLUSH_DETAIL_EXALL_FILL_SAMPLE_TICKS	0
LOOKUP_400_VOLUME_FLUSH_FREESPACE_ALLOCS	0
SMALL_READ_40_US	33535
SMALL_READ_40_WORK_US	33535
SMALL_READ_40_VOLUME_FLUSH_US	0
SMALL_READ_40_HAS_VOLUME_FLUSH	0
SMALL_READ_40_GUEST_OPEN_CALLS	40
SMALL_READ_40_GUEST_OPEN_US	13054
SMALL_READ_40_GUEST_READ_CALLS	80
SMALL_READ_40_GUEST_READ_US	16083
SMALL_READ_40_GUEST_WRITE_CALLS	0
SMALL_READ_40_GUEST_WRITE_US	0
SMALL_READ_40_GUEST_HANDLE_FLUSH_CALLS	0
SMALL_READ_40_GUEST_HANDLE_FLUSH_US	0
SMALL_READ_40_GUEST_CLOSE_CALLS	40
SMALL_READ_40_GUEST_CLOSE_US	1877
SMALL_READ_40_GUEST_VERIFY_CALLS	40
SMALL_READ_40_GUEST_VERIFY_US	1458
SMALL_READ_40_WORK_BIO_READS	40
SMALL_READ_40_WORK_BIO_WRITES	0
SMALL_READ_40_WORK_BIO_UPDATES	0
SMALL_READ_40_WORK_DATA_READS	40
SMALL_READ_40_WORK_DATA_WRITES	0
SMALL_READ_40_WORK_NODE_WRITES	0
SMALL_READ_40_WORK_TXN_COMMITS	0
SMALL_READ_40_WORK_EXTENT_MAPS	0
SMALL_READ_40_WORK_READ_TICKS	4489
SMALL_READ_40_WORK_WRITE_TICKS	0
SMALL_READ_40_WORK_UPDATE_TICKS	0
SMALL_READ_40_WORK_DATA_READ_TICKS	4489
SMALL_READ_40_WORK_DATA_WRITE_TICKS	0
SMALL_READ_40_WORK_NODE_CRC_READ_CALLS	0
SMALL_READ_40_WORK_NODE_CRC_READ_SAMPLES	0
SMALL_READ_40_WORK_NODE_CRC_READ_SAMPLE_TICKS	0
SMALL_READ_40_WORK_NODE_CRC_WRITE_CALLS	0
SMALL_READ_40_WORK_NODE_CRC_WRITE_SAMPLES	0
SMALL_READ_40_WORK_NODE_CRC_WRITE_SAMPLE_TICKS	0
SMALL_READ_40_WORK_CLOCK_PAIR_TICKS	2
SMALL_READ_40_WORK_PACKET_CALLS	160
SMALL_READ_40_WORK_PACKET_SAMPLES	160
SMALL_READ_40_WORK_PACKET_SAMPLE_TICKS	16847
SMALL_READ_40_WORK_PACKET_OPEN_CALLS	40
SMALL_READ_40_WORK_PACKET_OPEN_SAMPLES	40
SMALL_READ_40_WORK_PACKET_OPEN_SAMPLE_TICKS	6512
SMALL_READ_40_WORK_PACKET_READ_CALLS	80
SMALL_READ_40_WORK_PACKET_READ_SAMPLES	80
SMALL_READ_40_WORK_PACKET_READ_SAMPLE_TICKS	9711
SMALL_READ_40_WORK_PACKET_WRITE_CALLS	0
SMALL_READ_40_WORK_PACKET_WRITE_SAMPLES	0
SMALL_READ_40_WORK_PACKET_WRITE_SAMPLE_TICKS	0
SMALL_READ_40_WORK_PACKET_END_CALLS	40
SMALL_READ_40_WORK_PACKET_END_SAMPLES	40
SMALL_READ_40_WORK_PACKET_END_SAMPLE_TICKS	624
SMALL_READ_40_WORK_PACKET_DELETE_CALLS	0
SMALL_READ_40_WORK_PACKET_DELETE_SAMPLES	0
SMALL_READ_40_WORK_PACKET_DELETE_SAMPLE_TICKS	0
SMALL_READ_40_WORK_PACKET_FLUSH_CALLS	0
SMALL_READ_40_WORK_PACKET_FLUSH_SAMPLES	0
SMALL_READ_40_WORK_PACKET_FLUSH_SAMPLE_TICKS	0
SMALL_READ_40_WORK_PACKET_OTHER_CALLS	0
SMALL_READ_40_WORK_PACKET_OTHER_SAMPLES	0
SMALL_READ_40_WORK_PACKET_OTHER_SAMPLE_TICKS	0
SMALL_READ_40_WORK_CORE_CREATE_CALLS	0
SMALL_READ_40_WORK_CORE_CREATE_SAMPLES	0
SMALL_READ_40_WORK_CORE_CREATE_SAMPLE_TICKS	0
SMALL_READ_40_WORK_CORE_DELETE_CALLS	0
SMALL_READ_40_WORK_CORE_DELETE_SAMPLES	0
SMALL_READ_40_WORK_CORE_DELETE_SAMPLE_TICKS	0
SMALL_READ_40_WORK_CORE_FILE_WRITE_CALLS	0
SMALL_READ_40_WORK_CORE_FILE_WRITE_SAMPLES	0
SMALL_READ_40_WORK_CORE_FILE_WRITE_SAMPLE_TICKS	0
SMALL_READ_40_WORK_CORE_SYNC_CALLS	0
SMALL_READ_40_WORK_CORE_SYNC_SAMPLES	0
SMALL_READ_40_WORK_CORE_SYNC_SAMPLE_TICKS	0
SMALL_READ_40_WORK_IFACE_FREE_CALLS	0
SMALL_READ_40_WORK_IFACE_FREE_SAMPLES	0
SMALL_READ_40_WORK_IFACE_FREE_SAMPLE_TICKS	0
SMALL_READ_40_WORK_SEAL_COMMIT_CALLS	0
SMALL_READ_40_WORK_SEAL_COMMIT_SAMPLES	0
SMALL_READ_40_WORK_SEAL_COMMIT_SAMPLE_TICKS	0
SMALL_READ_40_WORK_INODE_READ_CALLS	240
SMALL_READ_40_WORK_BTREE_SEARCH_CALLS	320
SMALL_READ_40_WORK_BTREE_INDEX_HINT_HITS	200
SMALL_READ_40_WORK_BTREE_LEAF_HINT_HITS	53
SMALL_READ_40_WORK_CACHE_READ_CALLS	41
SMALL_READ_40_WORK_CACHE_READ_HITS	1
SMALL_READ_40_WORK_CACHE_READ_MISSES	40
SMALL_READ_40_WORK_FREE_TREE_NODE_VIEWS	0
SMALL_READ_40_WORK_FREE_TREE_RESIDENT_VIEWS	0
SMALL_READ_40_WORK_DIR_TREE_NODE_VIEWS	132
SMALL_READ_40_WORK_DIR_TREE_RESIDENT_VIEWS	132
SMALL_READ_40_WORK_INODE_TREE_NODE_VIEWS	1
SMALL_READ_40_WORK_INODE_TREE_RESIDENT_VIEWS	0
SMALL_READ_40_WORK_REFCOUNT_TREE_NODE_VIEWS	0
SMALL_READ_40_WORK_REFCOUNT_TREE_RESIDENT_VIEWS	0
SMALL_READ_40_WORK_OTHER_TREE_NODE_VIEWS	0
SMALL_READ_40_WORK_OTHER_TREE_RESIDENT_VIEWS	0
SMALL_READ_40_WORK_WRITE_DETAIL_INODE_READ_CALLS	240
SMALL_READ_40_WORK_WRITE_DETAIL_INODE_READ_SAMPLES	240
SMALL_READ_40_WORK_WRITE_DETAIL_INODE_READ_SAMPLE_TICKS	3886
SMALL_READ_40_WORK_WRITE_DETAIL_INODE_WRITE_CALLS	0
SMALL_READ_40_WORK_WRITE_DETAIL_INODE_WRITE_SAMPLES	0
SMALL_READ_40_WORK_WRITE_DETAIL_INODE_WRITE_SAMPLE_TICKS	0
SMALL_READ_40_WORK_WRITE_DETAIL_EXTENT_MAP_CALLS	0
SMALL_READ_40_WORK_WRITE_DETAIL_EXTENT_MAP_SAMPLES	0
SMALL_READ_40_WORK_WRITE_DETAIL_EXTENT_MAP_SAMPLE_TICKS	0
SMALL_READ_40_WORK_WRITE_DETAIL_FREESPACE_GOAL_CALLS	0
SMALL_READ_40_WORK_WRITE_DETAIL_FREESPACE_GOAL_SAMPLES	0
SMALL_READ_40_WORK_WRITE_DETAIL_FREESPACE_GOAL_SAMPLE_TICKS	0
SMALL_READ_40_WORK_BTREE_MALLOC_CALLS	0
SMALL_READ_40_WORK_BTREE_MALLOC_SAMPLES	0
SMALL_READ_40_WORK_BTREE_MALLOC_SAMPLE_TICKS	0
SMALL_READ_40_WORK_BTREE_FREE_CALLS	0
SMALL_READ_40_WORK_BTREE_FREE_SAMPLES	0
SMALL_READ_40_WORK_BTREE_FREE_SAMPLE_TICKS	0
SMALL_READ_40_WORK_IFACE_ALLOC_CALLS	0
SMALL_READ_40_WORK_IFACE_ALLOC_SAMPLES	0
SMALL_READ_40_WORK_IFACE_ALLOC_SAMPLE_TICKS	0
SMALL_READ_40_WORK_FREESPACE_ALLOC_CALLS	0
SMALL_READ_40_WORK_FREESPACE_ALLOC_SAMPLES	0
SMALL_READ_40_WORK_FREESPACE_ALLOC_SAMPLE_TICKS	0
SMALL_READ_40_WORK_DETAIL_INODE_READ_CALLS	240
SMALL_READ_40_WORK_DETAIL_INODE_READ_SAMPLES	14
SMALL_READ_40_WORK_DETAIL_INODE_READ_SAMPLE_TICKS	319
SMALL_READ_40_WORK_DETAIL_INODE_VALIDATE_CALLS	240
SMALL_READ_40_WORK_DETAIL_INODE_VALIDATE_SAMPLES	14
SMALL_READ_40_WORK_DETAIL_INODE_VALIDATE_SAMPLE_TICKS	14
SMALL_READ_40_WORK_DETAIL_INODE_SEARCH_CALLS	240
SMALL_READ_40_WORK_DETAIL_INODE_SEARCH_SAMPLES	14
SMALL_READ_40_WORK_DETAIL_INODE_SEARCH_SAMPLE_TICKS	137
SMALL_READ_40_WORK_DETAIL_INODE_NODE_VIEW_CALLS	1
SMALL_READ_40_WORK_DETAIL_INODE_NODE_VIEW_SAMPLES	0
SMALL_READ_40_WORK_DETAIL_INODE_NODE_VIEW_SAMPLE_TICKS	0
SMALL_READ_40_WORK_DETAIL_DIR_NODE_VIEW_CALLS	132
SMALL_READ_40_WORK_DETAIL_DIR_NODE_VIEW_SAMPLES	7
SMALL_READ_40_WORK_DETAIL_DIR_NODE_VIEW_SAMPLE_TICKS	0
SMALL_READ_40_WORK_DETAIL_INODE_BINARY_SEARCH_CALLS	1
SMALL_READ_40_WORK_DETAIL_INODE_BINARY_SEARCH_SAMPLES	0
SMALL_READ_40_WORK_DETAIL_INODE_BINARY_SEARCH_SAMPLE_TICKS	0
SMALL_READ_40_WORK_DETAIL_DIR_BINARY_SEARCH_CALLS	146
SMALL_READ_40_WORK_DETAIL_DIR_BINARY_SEARCH_SAMPLES	8
SMALL_READ_40_WORK_DETAIL_DIR_BINARY_SEARCH_SAMPLE_TICKS	45
SMALL_READ_40_WORK_DETAIL_NODE_STRUCTURE_CALLS	1
SMALL_READ_40_WORK_DETAIL_NODE_STRUCTURE_SAMPLES	0
SMALL_READ_40_WORK_DETAIL_NODE_STRUCTURE_SAMPLE_TICKS	0
SMALL_READ_40_WORK_DETAIL_CACHE_PEEK_CALLS	452
SMALL_READ_40_WORK_DETAIL_CACHE_PEEK_SAMPLES	26
SMALL_READ_40_WORK_DETAIL_CACHE_PEEK_SAMPLE_TICKS	178
SMALL_READ_40_WORK_DETAIL_BUFFER_ALLOC_CALLS	67
SMALL_READ_40_WORK_DETAIL_BUFFER_ALLOC_SAMPLES	3
SMALL_READ_40_WORK_DETAIL_BUFFER_ALLOC_SAMPLE_TICKS	0
SMALL_READ_40_WORK_DETAIL_BUFFER_FREE_CALLS	67
SMALL_READ_40_WORK_DETAIL_BUFFER_FREE_SAMPLES	3
SMALL_READ_40_WORK_DETAIL_BUFFER_FREE_SAMPLE_TICKS	0
SMALL_READ_40_WORK_DETAIL_EXALL_FILL_CALLS	0
SMALL_READ_40_WORK_DETAIL_EXALL_FILL_SAMPLES	0
SMALL_READ_40_WORK_DETAIL_EXALL_FILL_SAMPLE_TICKS	0
SMALL_READ_40_WORK_FREESPACE_ALLOCS	0
SMALL_READ_40_VOLUME_FLUSH_BIO_READS	0
SMALL_READ_40_VOLUME_FLUSH_BIO_WRITES	0
SMALL_READ_40_VOLUME_FLUSH_BIO_UPDATES	0
SMALL_READ_40_VOLUME_FLUSH_DATA_READS	0
SMALL_READ_40_VOLUME_FLUSH_DATA_WRITES	0
SMALL_READ_40_VOLUME_FLUSH_NODE_WRITES	0
SMALL_READ_40_VOLUME_FLUSH_TXN_COMMITS	0
SMALL_READ_40_VOLUME_FLUSH_EXTENT_MAPS	0
SMALL_READ_40_VOLUME_FLUSH_READ_TICKS	0
SMALL_READ_40_VOLUME_FLUSH_WRITE_TICKS	0
SMALL_READ_40_VOLUME_FLUSH_UPDATE_TICKS	0
SMALL_READ_40_VOLUME_FLUSH_DATA_READ_TICKS	0
SMALL_READ_40_VOLUME_FLUSH_DATA_WRITE_TICKS	0
SMALL_READ_40_VOLUME_FLUSH_NODE_CRC_READ_CALLS	0
SMALL_READ_40_VOLUME_FLUSH_NODE_CRC_READ_SAMPLES	0
SMALL_READ_40_VOLUME_FLUSH_NODE_CRC_READ_SAMPLE_TICKS	0
SMALL_READ_40_VOLUME_FLUSH_NODE_CRC_WRITE_CALLS	0
SMALL_READ_40_VOLUME_FLUSH_NODE_CRC_WRITE_SAMPLES	0
SMALL_READ_40_VOLUME_FLUSH_NODE_CRC_WRITE_SAMPLE_TICKS	0
SMALL_READ_40_VOLUME_FLUSH_CLOCK_PAIR_TICKS	0
SMALL_READ_40_VOLUME_FLUSH_PACKET_CALLS	0
SMALL_READ_40_VOLUME_FLUSH_PACKET_SAMPLES	0
SMALL_READ_40_VOLUME_FLUSH_PACKET_SAMPLE_TICKS	0
SMALL_READ_40_VOLUME_FLUSH_PACKET_OPEN_CALLS	0
SMALL_READ_40_VOLUME_FLUSH_PACKET_OPEN_SAMPLES	0
SMALL_READ_40_VOLUME_FLUSH_PACKET_OPEN_SAMPLE_TICKS	0
SMALL_READ_40_VOLUME_FLUSH_PACKET_READ_CALLS	0
SMALL_READ_40_VOLUME_FLUSH_PACKET_READ_SAMPLES	0
SMALL_READ_40_VOLUME_FLUSH_PACKET_READ_SAMPLE_TICKS	0
SMALL_READ_40_VOLUME_FLUSH_PACKET_WRITE_CALLS	0
SMALL_READ_40_VOLUME_FLUSH_PACKET_WRITE_SAMPLES	0
SMALL_READ_40_VOLUME_FLUSH_PACKET_WRITE_SAMPLE_TICKS	0
SMALL_READ_40_VOLUME_FLUSH_PACKET_END_CALLS	0
SMALL_READ_40_VOLUME_FLUSH_PACKET_END_SAMPLES	0
SMALL_READ_40_VOLUME_FLUSH_PACKET_END_SAMPLE_TICKS	0
SMALL_READ_40_VOLUME_FLUSH_PACKET_DELETE_CALLS	0
SMALL_READ_40_VOLUME_FLUSH_PACKET_DELETE_SAMPLES	0
SMALL_READ_40_VOLUME_FLUSH_PACKET_DELETE_SAMPLE_TICKS	0
SMALL_READ_40_VOLUME_FLUSH_PACKET_FLUSH_CALLS	0
SMALL_READ_40_VOLUME_FLUSH_PACKET_FLUSH_SAMPLES	0
SMALL_READ_40_VOLUME_FLUSH_PACKET_FLUSH_SAMPLE_TICKS	0
SMALL_READ_40_VOLUME_FLUSH_PACKET_OTHER_CALLS	0
SMALL_READ_40_VOLUME_FLUSH_PACKET_OTHER_SAMPLES	0
SMALL_READ_40_VOLUME_FLUSH_PACKET_OTHER_SAMPLE_TICKS	0
SMALL_READ_40_VOLUME_FLUSH_CORE_CREATE_CALLS	0
SMALL_READ_40_VOLUME_FLUSH_CORE_CREATE_SAMPLES	0
SMALL_READ_40_VOLUME_FLUSH_CORE_CREATE_SAMPLE_TICKS	0
SMALL_READ_40_VOLUME_FLUSH_CORE_DELETE_CALLS	0
SMALL_READ_40_VOLUME_FLUSH_CORE_DELETE_SAMPLES	0
SMALL_READ_40_VOLUME_FLUSH_CORE_DELETE_SAMPLE_TICKS	0
SMALL_READ_40_VOLUME_FLUSH_CORE_FILE_WRITE_CALLS	0
SMALL_READ_40_VOLUME_FLUSH_CORE_FILE_WRITE_SAMPLES	0
SMALL_READ_40_VOLUME_FLUSH_CORE_FILE_WRITE_SAMPLE_TICKS	0
SMALL_READ_40_VOLUME_FLUSH_CORE_SYNC_CALLS	0
SMALL_READ_40_VOLUME_FLUSH_CORE_SYNC_SAMPLES	0
SMALL_READ_40_VOLUME_FLUSH_CORE_SYNC_SAMPLE_TICKS	0
SMALL_READ_40_VOLUME_FLUSH_IFACE_FREE_CALLS	0
SMALL_READ_40_VOLUME_FLUSH_IFACE_FREE_SAMPLES	0
SMALL_READ_40_VOLUME_FLUSH_IFACE_FREE_SAMPLE_TICKS	0
SMALL_READ_40_VOLUME_FLUSH_SEAL_COMMIT_CALLS	0
SMALL_READ_40_VOLUME_FLUSH_SEAL_COMMIT_SAMPLES	0
SMALL_READ_40_VOLUME_FLUSH_SEAL_COMMIT_SAMPLE_TICKS	0
SMALL_READ_40_VOLUME_FLUSH_INODE_READ_CALLS	0
SMALL_READ_40_VOLUME_FLUSH_BTREE_SEARCH_CALLS	0
SMALL_READ_40_VOLUME_FLUSH_BTREE_INDEX_HINT_HITS	0
SMALL_READ_40_VOLUME_FLUSH_BTREE_LEAF_HINT_HITS	0
SMALL_READ_40_VOLUME_FLUSH_CACHE_READ_CALLS	0
SMALL_READ_40_VOLUME_FLUSH_CACHE_READ_HITS	0
SMALL_READ_40_VOLUME_FLUSH_CACHE_READ_MISSES	0
SMALL_READ_40_VOLUME_FLUSH_FREE_TREE_NODE_VIEWS	0
SMALL_READ_40_VOLUME_FLUSH_FREE_TREE_RESIDENT_VIEWS	0
SMALL_READ_40_VOLUME_FLUSH_DIR_TREE_NODE_VIEWS	0
SMALL_READ_40_VOLUME_FLUSH_DIR_TREE_RESIDENT_VIEWS	0
SMALL_READ_40_VOLUME_FLUSH_INODE_TREE_NODE_VIEWS	0
SMALL_READ_40_VOLUME_FLUSH_INODE_TREE_RESIDENT_VIEWS	0
SMALL_READ_40_VOLUME_FLUSH_REFCOUNT_TREE_NODE_VIEWS	0
SMALL_READ_40_VOLUME_FLUSH_REFCOUNT_TREE_RESIDENT_VIEWS	0
SMALL_READ_40_VOLUME_FLUSH_OTHER_TREE_NODE_VIEWS	0
SMALL_READ_40_VOLUME_FLUSH_OTHER_TREE_RESIDENT_VIEWS	0
SMALL_READ_40_VOLUME_FLUSH_WRITE_DETAIL_INODE_READ_CALLS	0
SMALL_READ_40_VOLUME_FLUSH_WRITE_DETAIL_INODE_READ_SAMPLES	0
SMALL_READ_40_VOLUME_FLUSH_WRITE_DETAIL_INODE_READ_SAMPLE_TICKS	0
SMALL_READ_40_VOLUME_FLUSH_WRITE_DETAIL_INODE_WRITE_CALLS	0
SMALL_READ_40_VOLUME_FLUSH_WRITE_DETAIL_INODE_WRITE_SAMPLES	0
SMALL_READ_40_VOLUME_FLUSH_WRITE_DETAIL_INODE_WRITE_SAMPLE_TICKS	0
SMALL_READ_40_VOLUME_FLUSH_WRITE_DETAIL_EXTENT_MAP_CALLS	0
SMALL_READ_40_VOLUME_FLUSH_WRITE_DETAIL_EXTENT_MAP_SAMPLES	0
SMALL_READ_40_VOLUME_FLUSH_WRITE_DETAIL_EXTENT_MAP_SAMPLE_TICKS	0
SMALL_READ_40_VOLUME_FLUSH_WRITE_DETAIL_FREESPACE_GOAL_CALLS	0
SMALL_READ_40_VOLUME_FLUSH_WRITE_DETAIL_FREESPACE_GOAL_SAMPLES	0
SMALL_READ_40_VOLUME_FLUSH_WRITE_DETAIL_FREESPACE_GOAL_SAMPLE_TICKS	0
SMALL_READ_40_VOLUME_FLUSH_BTREE_MALLOC_CALLS	0
SMALL_READ_40_VOLUME_FLUSH_BTREE_MALLOC_SAMPLES	0
SMALL_READ_40_VOLUME_FLUSH_BTREE_MALLOC_SAMPLE_TICKS	0
SMALL_READ_40_VOLUME_FLUSH_BTREE_FREE_CALLS	0
SMALL_READ_40_VOLUME_FLUSH_BTREE_FREE_SAMPLES	0
SMALL_READ_40_VOLUME_FLUSH_BTREE_FREE_SAMPLE_TICKS	0
SMALL_READ_40_VOLUME_FLUSH_IFACE_ALLOC_CALLS	0
SMALL_READ_40_VOLUME_FLUSH_IFACE_ALLOC_SAMPLES	0
SMALL_READ_40_VOLUME_FLUSH_IFACE_ALLOC_SAMPLE_TICKS	0
SMALL_READ_40_VOLUME_FLUSH_FREESPACE_ALLOC_CALLS	0
SMALL_READ_40_VOLUME_FLUSH_FREESPACE_ALLOC_SAMPLES	0
SMALL_READ_40_VOLUME_FLUSH_FREESPACE_ALLOC_SAMPLE_TICKS	0
SMALL_READ_40_VOLUME_FLUSH_DETAIL_INODE_READ_CALLS	0
SMALL_READ_40_VOLUME_FLUSH_DETAIL_INODE_READ_SAMPLES	0
SMALL_READ_40_VOLUME_FLUSH_DETAIL_INODE_READ_SAMPLE_TICKS	0
SMALL_READ_40_VOLUME_FLUSH_DETAIL_INODE_VALIDATE_CALLS	0
SMALL_READ_40_VOLUME_FLUSH_DETAIL_INODE_VALIDATE_SAMPLES	0
SMALL_READ_40_VOLUME_FLUSH_DETAIL_INODE_VALIDATE_SAMPLE_TICKS	0
SMALL_READ_40_VOLUME_FLUSH_DETAIL_INODE_SEARCH_CALLS	0
SMALL_READ_40_VOLUME_FLUSH_DETAIL_INODE_SEARCH_SAMPLES	0
SMALL_READ_40_VOLUME_FLUSH_DETAIL_INODE_SEARCH_SAMPLE_TICKS	0
SMALL_READ_40_VOLUME_FLUSH_DETAIL_INODE_NODE_VIEW_CALLS	0
SMALL_READ_40_VOLUME_FLUSH_DETAIL_INODE_NODE_VIEW_SAMPLES	0
SMALL_READ_40_VOLUME_FLUSH_DETAIL_INODE_NODE_VIEW_SAMPLE_TICKS	0
SMALL_READ_40_VOLUME_FLUSH_DETAIL_DIR_NODE_VIEW_CALLS	0
SMALL_READ_40_VOLUME_FLUSH_DETAIL_DIR_NODE_VIEW_SAMPLES	0
SMALL_READ_40_VOLUME_FLUSH_DETAIL_DIR_NODE_VIEW_SAMPLE_TICKS	0
SMALL_READ_40_VOLUME_FLUSH_DETAIL_INODE_BINARY_SEARCH_CALLS	0
SMALL_READ_40_VOLUME_FLUSH_DETAIL_INODE_BINARY_SEARCH_SAMPLES	0
SMALL_READ_40_VOLUME_FLUSH_DETAIL_INODE_BINARY_SEARCH_SAMPLE_TICKS	0
SMALL_READ_40_VOLUME_FLUSH_DETAIL_DIR_BINARY_SEARCH_CALLS	0
SMALL_READ_40_VOLUME_FLUSH_DETAIL_DIR_BINARY_SEARCH_SAMPLES	0
SMALL_READ_40_VOLUME_FLUSH_DETAIL_DIR_BINARY_SEARCH_SAMPLE_TICKS	0
SMALL_READ_40_VOLUME_FLUSH_DETAIL_NODE_STRUCTURE_CALLS	0
SMALL_READ_40_VOLUME_FLUSH_DETAIL_NODE_STRUCTURE_SAMPLES	0
SMALL_READ_40_VOLUME_FLUSH_DETAIL_NODE_STRUCTURE_SAMPLE_TICKS	0
SMALL_READ_40_VOLUME_FLUSH_DETAIL_CACHE_PEEK_CALLS	0
SMALL_READ_40_VOLUME_FLUSH_DETAIL_CACHE_PEEK_SAMPLES	0
SMALL_READ_40_VOLUME_FLUSH_DETAIL_CACHE_PEEK_SAMPLE_TICKS	0
SMALL_READ_40_VOLUME_FLUSH_DETAIL_BUFFER_ALLOC_CALLS	0
SMALL_READ_40_VOLUME_FLUSH_DETAIL_BUFFER_ALLOC_SAMPLES	0
SMALL_READ_40_VOLUME_FLUSH_DETAIL_BUFFER_ALLOC_SAMPLE_TICKS	0
SMALL_READ_40_VOLUME_FLUSH_DETAIL_BUFFER_FREE_CALLS	0
SMALL_READ_40_VOLUME_FLUSH_DETAIL_BUFFER_FREE_SAMPLES	0
SMALL_READ_40_VOLUME_FLUSH_DETAIL_BUFFER_FREE_SAMPLE_TICKS	0
SMALL_READ_40_VOLUME_FLUSH_DETAIL_EXALL_FILL_CALLS	0
SMALL_READ_40_VOLUME_FLUSH_DETAIL_EXALL_FILL_SAMPLES	0
SMALL_READ_40_VOLUME_FLUSH_DETAIL_EXALL_FILL_SAMPLE_TICKS	0
SMALL_READ_40_VOLUME_FLUSH_FREESPACE_ALLOCS	0
LIST_EXNEXT_400_US	46721
LIST_EXNEXT_400_WORK_US	46721
LIST_EXNEXT_400_VOLUME_FLUSH_US	0
LIST_EXNEXT_400_HAS_VOLUME_FLUSH	0
LIST_EXNEXT_400_GUEST_OPEN_CALLS	0
LIST_EXNEXT_400_GUEST_OPEN_US	0
LIST_EXNEXT_400_GUEST_READ_CALLS	0
LIST_EXNEXT_400_GUEST_READ_US	0
LIST_EXNEXT_400_GUEST_WRITE_CALLS	0
LIST_EXNEXT_400_GUEST_WRITE_US	0
LIST_EXNEXT_400_GUEST_HANDLE_FLUSH_CALLS	0
LIST_EXNEXT_400_GUEST_HANDLE_FLUSH_US	0
LIST_EXNEXT_400_GUEST_CLOSE_CALLS	0
LIST_EXNEXT_400_GUEST_CLOSE_US	0
LIST_EXNEXT_400_GUEST_VERIFY_CALLS	0
LIST_EXNEXT_400_GUEST_VERIFY_US	0
LIST_EXNEXT_400_WORK_BIO_READS	2
LIST_EXNEXT_400_WORK_BIO_WRITES	0
LIST_EXNEXT_400_WORK_BIO_UPDATES	0
LIST_EXNEXT_400_WORK_DATA_READS	0
LIST_EXNEXT_400_WORK_DATA_WRITES	0
LIST_EXNEXT_400_WORK_NODE_WRITES	0
LIST_EXNEXT_400_WORK_TXN_COMMITS	0
LIST_EXNEXT_400_WORK_EXTENT_MAPS	0
LIST_EXNEXT_400_WORK_READ_TICKS	138
LIST_EXNEXT_400_WORK_WRITE_TICKS	0
LIST_EXNEXT_400_WORK_UPDATE_TICKS	0
LIST_EXNEXT_400_WORK_DATA_READ_TICKS	0
LIST_EXNEXT_400_WORK_DATA_WRITE_TICKS	0
LIST_EXNEXT_400_WORK_NODE_CRC_READ_CALLS	2
LIST_EXNEXT_400_WORK_NODE_CRC_READ_SAMPLES	2
LIST_EXNEXT_400_WORK_NODE_CRC_READ_SAMPLE_TICKS	181
LIST_EXNEXT_400_WORK_NODE_CRC_WRITE_CALLS	0
LIST_EXNEXT_400_WORK_NODE_CRC_WRITE_SAMPLES	0
LIST_EXNEXT_400_WORK_NODE_CRC_WRITE_SAMPLE_TICKS	0
LIST_EXNEXT_400_WORK_CLOCK_PAIR_TICKS	0
LIST_EXNEXT_400_WORK_PACKET_CALLS	422
LIST_EXNEXT_400_WORK_PACKET_SAMPLES	422
LIST_EXNEXT_400_WORK_PACKET_SAMPLE_TICKS	25047
LIST_EXNEXT_400_WORK_PACKET_OPEN_CALLS	0
LIST_EXNEXT_400_WORK_PACKET_OPEN_SAMPLES	0
LIST_EXNEXT_400_WORK_PACKET_OPEN_SAMPLE_TICKS	0
LIST_EXNEXT_400_WORK_PACKET_READ_CALLS	0
LIST_EXNEXT_400_WORK_PACKET_READ_SAMPLES	0
LIST_EXNEXT_400_WORK_PACKET_READ_SAMPLE_TICKS	0
LIST_EXNEXT_400_WORK_PACKET_WRITE_CALLS	0
LIST_EXNEXT_400_WORK_PACKET_WRITE_SAMPLES	0
LIST_EXNEXT_400_WORK_PACKET_WRITE_SAMPLE_TICKS	0
LIST_EXNEXT_400_WORK_PACKET_END_CALLS	0
LIST_EXNEXT_400_WORK_PACKET_END_SAMPLES	0
LIST_EXNEXT_400_WORK_PACKET_END_SAMPLE_TICKS	0
LIST_EXNEXT_400_WORK_PACKET_DELETE_CALLS	0
LIST_EXNEXT_400_WORK_PACKET_DELETE_SAMPLES	0
LIST_EXNEXT_400_WORK_PACKET_DELETE_SAMPLE_TICKS	0
LIST_EXNEXT_400_WORK_PACKET_FLUSH_CALLS	0
LIST_EXNEXT_400_WORK_PACKET_FLUSH_SAMPLES	0
LIST_EXNEXT_400_WORK_PACKET_FLUSH_SAMPLE_TICKS	0
LIST_EXNEXT_400_WORK_PACKET_OTHER_CALLS	422
LIST_EXNEXT_400_WORK_PACKET_OTHER_SAMPLES	422
LIST_EXNEXT_400_WORK_PACKET_OTHER_SAMPLE_TICKS	25047
LIST_EXNEXT_400_WORK_CORE_CREATE_CALLS	0
LIST_EXNEXT_400_WORK_CORE_CREATE_SAMPLES	0
LIST_EXNEXT_400_WORK_CORE_CREATE_SAMPLE_TICKS	0
LIST_EXNEXT_400_WORK_CORE_DELETE_CALLS	0
LIST_EXNEXT_400_WORK_CORE_DELETE_SAMPLES	0
LIST_EXNEXT_400_WORK_CORE_DELETE_SAMPLE_TICKS	0
LIST_EXNEXT_400_WORK_CORE_FILE_WRITE_CALLS	0
LIST_EXNEXT_400_WORK_CORE_FILE_WRITE_SAMPLES	0
LIST_EXNEXT_400_WORK_CORE_FILE_WRITE_SAMPLE_TICKS	0
LIST_EXNEXT_400_WORK_CORE_SYNC_CALLS	0
LIST_EXNEXT_400_WORK_CORE_SYNC_SAMPLES	0
LIST_EXNEXT_400_WORK_CORE_SYNC_SAMPLE_TICKS	0
LIST_EXNEXT_400_WORK_IFACE_FREE_CALLS	0
LIST_EXNEXT_400_WORK_IFACE_FREE_SAMPLES	0
LIST_EXNEXT_400_WORK_IFACE_FREE_SAMPLE_TICKS	0
LIST_EXNEXT_400_WORK_SEAL_COMMIT_CALLS	0
LIST_EXNEXT_400_WORK_SEAL_COMMIT_SAMPLES	0
LIST_EXNEXT_400_WORK_SEAL_COMMIT_SAMPLE_TICKS	0
LIST_EXNEXT_400_WORK_INODE_READ_CALLS	410
LIST_EXNEXT_400_WORK_BTREE_SEARCH_CALLS	411
LIST_EXNEXT_400_WORK_BTREE_INDEX_HINT_HITS	390
LIST_EXNEXT_400_WORK_BTREE_LEAF_HINT_HITS	21
LIST_EXNEXT_400_WORK_CACHE_READ_CALLS	2
LIST_EXNEXT_400_WORK_CACHE_READ_HITS	0
LIST_EXNEXT_400_WORK_CACHE_READ_MISSES	2
LIST_EXNEXT_400_WORK_FREE_TREE_NODE_VIEWS	0
LIST_EXNEXT_400_WORK_FREE_TREE_RESIDENT_VIEWS	0
LIST_EXNEXT_400_WORK_DIR_TREE_NODE_VIEWS	230
LIST_EXNEXT_400_WORK_DIR_TREE_RESIDENT_VIEWS	228
LIST_EXNEXT_400_WORK_INODE_TREE_NODE_VIEWS	0
LIST_EXNEXT_400_WORK_INODE_TREE_RESIDENT_VIEWS	0
LIST_EXNEXT_400_WORK_REFCOUNT_TREE_NODE_VIEWS	0
LIST_EXNEXT_400_WORK_REFCOUNT_TREE_RESIDENT_VIEWS	0
LIST_EXNEXT_400_WORK_OTHER_TREE_NODE_VIEWS	0
LIST_EXNEXT_400_WORK_OTHER_TREE_RESIDENT_VIEWS	0
LIST_EXNEXT_400_WORK_WRITE_DETAIL_INODE_READ_CALLS	410
LIST_EXNEXT_400_WORK_WRITE_DETAIL_INODE_READ_SAMPLES	410
LIST_EXNEXT_400_WORK_WRITE_DETAIL_INODE_READ_SAMPLE_TICKS	6081
LIST_EXNEXT_400_WORK_WRITE_DETAIL_INODE_WRITE_CALLS	0
LIST_EXNEXT_400_WORK_WRITE_DETAIL_INODE_WRITE_SAMPLES	0
LIST_EXNEXT_400_WORK_WRITE_DETAIL_INODE_WRITE_SAMPLE_TICKS	0
LIST_EXNEXT_400_WORK_WRITE_DETAIL_EXTENT_MAP_CALLS	0
LIST_EXNEXT_400_WORK_WRITE_DETAIL_EXTENT_MAP_SAMPLES	0
LIST_EXNEXT_400_WORK_WRITE_DETAIL_EXTENT_MAP_SAMPLE_TICKS	0
LIST_EXNEXT_400_WORK_WRITE_DETAIL_FREESPACE_GOAL_CALLS	0
LIST_EXNEXT_400_WORK_WRITE_DETAIL_FREESPACE_GOAL_SAMPLES	0
LIST_EXNEXT_400_WORK_WRITE_DETAIL_FREESPACE_GOAL_SAMPLE_TICKS	0
LIST_EXNEXT_400_WORK_BTREE_MALLOC_CALLS	51
LIST_EXNEXT_400_WORK_BTREE_MALLOC_SAMPLES	51
LIST_EXNEXT_400_WORK_BTREE_MALLOC_SAMPLE_TICKS	127
LIST_EXNEXT_400_WORK_BTREE_FREE_CALLS	421
LIST_EXNEXT_400_WORK_BTREE_FREE_SAMPLES	421
LIST_EXNEXT_400_WORK_BTREE_FREE_SAMPLE_TICKS	690
LIST_EXNEXT_400_WORK_IFACE_ALLOC_CALLS	0
LIST_EXNEXT_400_WORK_IFACE_ALLOC_SAMPLES	0
LIST_EXNEXT_400_WORK_IFACE_ALLOC_SAMPLE_TICKS	0
LIST_EXNEXT_400_WORK_FREESPACE_ALLOC_CALLS	0
LIST_EXNEXT_400_WORK_FREESPACE_ALLOC_SAMPLES	0
LIST_EXNEXT_400_WORK_FREESPACE_ALLOC_SAMPLE_TICKS	0
LIST_EXNEXT_400_WORK_DETAIL_INODE_READ_CALLS	410
LIST_EXNEXT_400_WORK_DETAIL_INODE_READ_SAMPLES	24
LIST_EXNEXT_400_WORK_DETAIL_INODE_READ_SAMPLE_TICKS	590
LIST_EXNEXT_400_WORK_DETAIL_INODE_VALIDATE_CALLS	410
LIST_EXNEXT_400_WORK_DETAIL_INODE_VALIDATE_SAMPLES	24
LIST_EXNEXT_400_WORK_DETAIL_INODE_VALIDATE_SAMPLE_TICKS	45
LIST_EXNEXT_400_WORK_DETAIL_INODE_SEARCH_CALLS	410
LIST_EXNEXT_400_WORK_DETAIL_INODE_SEARCH_SAMPLES	24
LIST_EXNEXT_400_WORK_DETAIL_INODE_SEARCH_SAMPLE_TICKS	367
LIST_EXNEXT_400_WORK_DETAIL_INODE_NODE_VIEW_CALLS	0
LIST_EXNEXT_400_WORK_DETAIL_INODE_NODE_VIEW_SAMPLES	0
LIST_EXNEXT_400_WORK_DETAIL_INODE_NODE_VIEW_SAMPLE_TICKS	0
LIST_EXNEXT_400_WORK_DETAIL_DIR_NODE_VIEW_CALLS	230
LIST_EXNEXT_400_WORK_DETAIL_DIR_NODE_VIEW_SAMPLES	13
LIST_EXNEXT_400_WORK_DETAIL_DIR_NODE_VIEW_SAMPLE_TICKS	46
LIST_EXNEXT_400_WORK_DETAIL_INODE_BINARY_SEARCH_CALLS	0
LIST_EXNEXT_400_WORK_DETAIL_INODE_BINARY_SEARCH_SAMPLES	0
LIST_EXNEXT_400_WORK_DETAIL_INODE_BINARY_SEARCH_SAMPLE_TICKS	0
LIST_EXNEXT_400_WORK_DETAIL_DIR_BINARY_SEARCH_CALLS	141
LIST_EXNEXT_400_WORK_DETAIL_DIR_BINARY_SEARCH_SAMPLES	8
LIST_EXNEXT_400_WORK_DETAIL_DIR_BINARY_SEARCH_SAMPLE_TICKS	0
LIST_EXNEXT_400_WORK_DETAIL_NODE_STRUCTURE_CALLS	2
LIST_EXNEXT_400_WORK_DETAIL_NODE_STRUCTURE_SAMPLES	0
LIST_EXNEXT_400_WORK_DETAIL_NODE_STRUCTURE_SAMPLE_TICKS	0
LIST_EXNEXT_400_WORK_DETAIL_CACHE_PEEK_CALLS	641
LIST_EXNEXT_400_WORK_DETAIL_CACHE_PEEK_SAMPLES	37
LIST_EXNEXT_400_WORK_DETAIL_CACHE_PEEK_SAMPLE_TICKS	99
LIST_EXNEXT_400_WORK_DETAIL_BUFFER_ALLOC_CALLS	420
LIST_EXNEXT_400_WORK_DETAIL_BUFFER_ALLOC_SAMPLES	24
LIST_EXNEXT_400_WORK_DETAIL_BUFFER_ALLOC_SAMPLE_TICKS	135
LIST_EXNEXT_400_WORK_DETAIL_BUFFER_FREE_CALLS	420
LIST_EXNEXT_400_WORK_DETAIL_BUFFER_FREE_SAMPLES	24
LIST_EXNEXT_400_WORK_DETAIL_BUFFER_FREE_SAMPLE_TICKS	47
LIST_EXNEXT_400_WORK_DETAIL_EXALL_FILL_CALLS	0
LIST_EXNEXT_400_WORK_DETAIL_EXALL_FILL_SAMPLES	0
LIST_EXNEXT_400_WORK_DETAIL_EXALL_FILL_SAMPLE_TICKS	0
LIST_EXNEXT_400_WORK_FREESPACE_ALLOCS	0
LIST_EXNEXT_400_VOLUME_FLUSH_BIO_READS	0
LIST_EXNEXT_400_VOLUME_FLUSH_BIO_WRITES	0
LIST_EXNEXT_400_VOLUME_FLUSH_BIO_UPDATES	0
LIST_EXNEXT_400_VOLUME_FLUSH_DATA_READS	0
LIST_EXNEXT_400_VOLUME_FLUSH_DATA_WRITES	0
LIST_EXNEXT_400_VOLUME_FLUSH_NODE_WRITES	0
LIST_EXNEXT_400_VOLUME_FLUSH_TXN_COMMITS	0
LIST_EXNEXT_400_VOLUME_FLUSH_EXTENT_MAPS	0
LIST_EXNEXT_400_VOLUME_FLUSH_READ_TICKS	0
LIST_EXNEXT_400_VOLUME_FLUSH_WRITE_TICKS	0
LIST_EXNEXT_400_VOLUME_FLUSH_UPDATE_TICKS	0
LIST_EXNEXT_400_VOLUME_FLUSH_DATA_READ_TICKS	0
LIST_EXNEXT_400_VOLUME_FLUSH_DATA_WRITE_TICKS	0
LIST_EXNEXT_400_VOLUME_FLUSH_NODE_CRC_READ_CALLS	0
LIST_EXNEXT_400_VOLUME_FLUSH_NODE_CRC_READ_SAMPLES	0
LIST_EXNEXT_400_VOLUME_FLUSH_NODE_CRC_READ_SAMPLE_TICKS	0
LIST_EXNEXT_400_VOLUME_FLUSH_NODE_CRC_WRITE_CALLS	0
LIST_EXNEXT_400_VOLUME_FLUSH_NODE_CRC_WRITE_SAMPLES	0
LIST_EXNEXT_400_VOLUME_FLUSH_NODE_CRC_WRITE_SAMPLE_TICKS	0
LIST_EXNEXT_400_VOLUME_FLUSH_CLOCK_PAIR_TICKS	0
LIST_EXNEXT_400_VOLUME_FLUSH_PACKET_CALLS	0
LIST_EXNEXT_400_VOLUME_FLUSH_PACKET_SAMPLES	0
LIST_EXNEXT_400_VOLUME_FLUSH_PACKET_SAMPLE_TICKS	0
LIST_EXNEXT_400_VOLUME_FLUSH_PACKET_OPEN_CALLS	0
LIST_EXNEXT_400_VOLUME_FLUSH_PACKET_OPEN_SAMPLES	0
LIST_EXNEXT_400_VOLUME_FLUSH_PACKET_OPEN_SAMPLE_TICKS	0
LIST_EXNEXT_400_VOLUME_FLUSH_PACKET_READ_CALLS	0
LIST_EXNEXT_400_VOLUME_FLUSH_PACKET_READ_SAMPLES	0
LIST_EXNEXT_400_VOLUME_FLUSH_PACKET_READ_SAMPLE_TICKS	0
LIST_EXNEXT_400_VOLUME_FLUSH_PACKET_WRITE_CALLS	0
LIST_EXNEXT_400_VOLUME_FLUSH_PACKET_WRITE_SAMPLES	0
LIST_EXNEXT_400_VOLUME_FLUSH_PACKET_WRITE_SAMPLE_TICKS	0
LIST_EXNEXT_400_VOLUME_FLUSH_PACKET_END_CALLS	0
LIST_EXNEXT_400_VOLUME_FLUSH_PACKET_END_SAMPLES	0
LIST_EXNEXT_400_VOLUME_FLUSH_PACKET_END_SAMPLE_TICKS	0
LIST_EXNEXT_400_VOLUME_FLUSH_PACKET_DELETE_CALLS	0
LIST_EXNEXT_400_VOLUME_FLUSH_PACKET_DELETE_SAMPLES	0
LIST_EXNEXT_400_VOLUME_FLUSH_PACKET_DELETE_SAMPLE_TICKS	0
LIST_EXNEXT_400_VOLUME_FLUSH_PACKET_FLUSH_CALLS	0
LIST_EXNEXT_400_VOLUME_FLUSH_PACKET_FLUSH_SAMPLES	0
LIST_EXNEXT_400_VOLUME_FLUSH_PACKET_FLUSH_SAMPLE_TICKS	0
LIST_EXNEXT_400_VOLUME_FLUSH_PACKET_OTHER_CALLS	0
LIST_EXNEXT_400_VOLUME_FLUSH_PACKET_OTHER_SAMPLES	0
LIST_EXNEXT_400_VOLUME_FLUSH_PACKET_OTHER_SAMPLE_TICKS	0
LIST_EXNEXT_400_VOLUME_FLUSH_CORE_CREATE_CALLS	0
LIST_EXNEXT_400_VOLUME_FLUSH_CORE_CREATE_SAMPLES	0
LIST_EXNEXT_400_VOLUME_FLUSH_CORE_CREATE_SAMPLE_TICKS	0
LIST_EXNEXT_400_VOLUME_FLUSH_CORE_DELETE_CALLS	0
LIST_EXNEXT_400_VOLUME_FLUSH_CORE_DELETE_SAMPLES	0
LIST_EXNEXT_400_VOLUME_FLUSH_CORE_DELETE_SAMPLE_TICKS	0
LIST_EXNEXT_400_VOLUME_FLUSH_CORE_FILE_WRITE_CALLS	0
LIST_EXNEXT_400_VOLUME_FLUSH_CORE_FILE_WRITE_SAMPLES	0
LIST_EXNEXT_400_VOLUME_FLUSH_CORE_FILE_WRITE_SAMPLE_TICKS	0
LIST_EXNEXT_400_VOLUME_FLUSH_CORE_SYNC_CALLS	0
LIST_EXNEXT_400_VOLUME_FLUSH_CORE_SYNC_SAMPLES	0
LIST_EXNEXT_400_VOLUME_FLUSH_CORE_SYNC_SAMPLE_TICKS	0
LIST_EXNEXT_400_VOLUME_FLUSH_IFACE_FREE_CALLS	0
LIST_EXNEXT_400_VOLUME_FLUSH_IFACE_FREE_SAMPLES	0
LIST_EXNEXT_400_VOLUME_FLUSH_IFACE_FREE_SAMPLE_TICKS	0
LIST_EXNEXT_400_VOLUME_FLUSH_SEAL_COMMIT_CALLS	0
LIST_EXNEXT_400_VOLUME_FLUSH_SEAL_COMMIT_SAMPLES	0
LIST_EXNEXT_400_VOLUME_FLUSH_SEAL_COMMIT_SAMPLE_TICKS	0
LIST_EXNEXT_400_VOLUME_FLUSH_INODE_READ_CALLS	0
LIST_EXNEXT_400_VOLUME_FLUSH_BTREE_SEARCH_CALLS	0
LIST_EXNEXT_400_VOLUME_FLUSH_BTREE_INDEX_HINT_HITS	0
LIST_EXNEXT_400_VOLUME_FLUSH_BTREE_LEAF_HINT_HITS	0
LIST_EXNEXT_400_VOLUME_FLUSH_CACHE_READ_CALLS	0
LIST_EXNEXT_400_VOLUME_FLUSH_CACHE_READ_HITS	0
LIST_EXNEXT_400_VOLUME_FLUSH_CACHE_READ_MISSES	0
LIST_EXNEXT_400_VOLUME_FLUSH_FREE_TREE_NODE_VIEWS	0
LIST_EXNEXT_400_VOLUME_FLUSH_FREE_TREE_RESIDENT_VIEWS	0
LIST_EXNEXT_400_VOLUME_FLUSH_DIR_TREE_NODE_VIEWS	0
LIST_EXNEXT_400_VOLUME_FLUSH_DIR_TREE_RESIDENT_VIEWS	0
LIST_EXNEXT_400_VOLUME_FLUSH_INODE_TREE_NODE_VIEWS	0
LIST_EXNEXT_400_VOLUME_FLUSH_INODE_TREE_RESIDENT_VIEWS	0
LIST_EXNEXT_400_VOLUME_FLUSH_REFCOUNT_TREE_NODE_VIEWS	0
LIST_EXNEXT_400_VOLUME_FLUSH_REFCOUNT_TREE_RESIDENT_VIEWS	0
LIST_EXNEXT_400_VOLUME_FLUSH_OTHER_TREE_NODE_VIEWS	0
LIST_EXNEXT_400_VOLUME_FLUSH_OTHER_TREE_RESIDENT_VIEWS	0
LIST_EXNEXT_400_VOLUME_FLUSH_WRITE_DETAIL_INODE_READ_CALLS	0
LIST_EXNEXT_400_VOLUME_FLUSH_WRITE_DETAIL_INODE_READ_SAMPLES	0
LIST_EXNEXT_400_VOLUME_FLUSH_WRITE_DETAIL_INODE_READ_SAMPLE_TICKS	0
LIST_EXNEXT_400_VOLUME_FLUSH_WRITE_DETAIL_INODE_WRITE_CALLS	0
LIST_EXNEXT_400_VOLUME_FLUSH_WRITE_DETAIL_INODE_WRITE_SAMPLES	0
LIST_EXNEXT_400_VOLUME_FLUSH_WRITE_DETAIL_INODE_WRITE_SAMPLE_TICKS	0
LIST_EXNEXT_400_VOLUME_FLUSH_WRITE_DETAIL_EXTENT_MAP_CALLS	0
LIST_EXNEXT_400_VOLUME_FLUSH_WRITE_DETAIL_EXTENT_MAP_SAMPLES	0
LIST_EXNEXT_400_VOLUME_FLUSH_WRITE_DETAIL_EXTENT_MAP_SAMPLE_TICKS	0
LIST_EXNEXT_400_VOLUME_FLUSH_WRITE_DETAIL_FREESPACE_GOAL_CALLS	0
LIST_EXNEXT_400_VOLUME_FLUSH_WRITE_DETAIL_FREESPACE_GOAL_SAMPLES	0
LIST_EXNEXT_400_VOLUME_FLUSH_WRITE_DETAIL_FREESPACE_GOAL_SAMPLE_TICKS	0
LIST_EXNEXT_400_VOLUME_FLUSH_BTREE_MALLOC_CALLS	0
LIST_EXNEXT_400_VOLUME_FLUSH_BTREE_MALLOC_SAMPLES	0
LIST_EXNEXT_400_VOLUME_FLUSH_BTREE_MALLOC_SAMPLE_TICKS	0
LIST_EXNEXT_400_VOLUME_FLUSH_BTREE_FREE_CALLS	0
LIST_EXNEXT_400_VOLUME_FLUSH_BTREE_FREE_SAMPLES	0
LIST_EXNEXT_400_VOLUME_FLUSH_BTREE_FREE_SAMPLE_TICKS	0
LIST_EXNEXT_400_VOLUME_FLUSH_IFACE_ALLOC_CALLS	0
LIST_EXNEXT_400_VOLUME_FLUSH_IFACE_ALLOC_SAMPLES	0
LIST_EXNEXT_400_VOLUME_FLUSH_IFACE_ALLOC_SAMPLE_TICKS	0
LIST_EXNEXT_400_VOLUME_FLUSH_FREESPACE_ALLOC_CALLS	0
LIST_EXNEXT_400_VOLUME_FLUSH_FREESPACE_ALLOC_SAMPLES	0
LIST_EXNEXT_400_VOLUME_FLUSH_FREESPACE_ALLOC_SAMPLE_TICKS	0
LIST_EXNEXT_400_VOLUME_FLUSH_DETAIL_INODE_READ_CALLS	0
LIST_EXNEXT_400_VOLUME_FLUSH_DETAIL_INODE_READ_SAMPLES	0
LIST_EXNEXT_400_VOLUME_FLUSH_DETAIL_INODE_READ_SAMPLE_TICKS	0
LIST_EXNEXT_400_VOLUME_FLUSH_DETAIL_INODE_VALIDATE_CALLS	0
LIST_EXNEXT_400_VOLUME_FLUSH_DETAIL_INODE_VALIDATE_SAMPLES	0
LIST_EXNEXT_400_VOLUME_FLUSH_DETAIL_INODE_VALIDATE_SAMPLE_TICKS	0
LIST_EXNEXT_400_VOLUME_FLUSH_DETAIL_INODE_SEARCH_CALLS	0
LIST_EXNEXT_400_VOLUME_FLUSH_DETAIL_INODE_SEARCH_SAMPLES	0
LIST_EXNEXT_400_VOLUME_FLUSH_DETAIL_INODE_SEARCH_SAMPLE_TICKS	0
LIST_EXNEXT_400_VOLUME_FLUSH_DETAIL_INODE_NODE_VIEW_CALLS	0
LIST_EXNEXT_400_VOLUME_FLUSH_DETAIL_INODE_NODE_VIEW_SAMPLES	0
LIST_EXNEXT_400_VOLUME_FLUSH_DETAIL_INODE_NODE_VIEW_SAMPLE_TICKS	0
LIST_EXNEXT_400_VOLUME_FLUSH_DETAIL_DIR_NODE_VIEW_CALLS	0
LIST_EXNEXT_400_VOLUME_FLUSH_DETAIL_DIR_NODE_VIEW_SAMPLES	0
LIST_EXNEXT_400_VOLUME_FLUSH_DETAIL_DIR_NODE_VIEW_SAMPLE_TICKS	0
LIST_EXNEXT_400_VOLUME_FLUSH_DETAIL_INODE_BINARY_SEARCH_CALLS	0
LIST_EXNEXT_400_VOLUME_FLUSH_DETAIL_INODE_BINARY_SEARCH_SAMPLES	0
LIST_EXNEXT_400_VOLUME_FLUSH_DETAIL_INODE_BINARY_SEARCH_SAMPLE_TICKS	0
LIST_EXNEXT_400_VOLUME_FLUSH_DETAIL_DIR_BINARY_SEARCH_CALLS	0
LIST_EXNEXT_400_VOLUME_FLUSH_DETAIL_DIR_BINARY_SEARCH_SAMPLES	0
LIST_EXNEXT_400_VOLUME_FLUSH_DETAIL_DIR_BINARY_SEARCH_SAMPLE_TICKS	0
LIST_EXNEXT_400_VOLUME_FLUSH_DETAIL_NODE_STRUCTURE_CALLS	0
LIST_EXNEXT_400_VOLUME_FLUSH_DETAIL_NODE_STRUCTURE_SAMPLES	0
LIST_EXNEXT_400_VOLUME_FLUSH_DETAIL_NODE_STRUCTURE_SAMPLE_TICKS	0
LIST_EXNEXT_400_VOLUME_FLUSH_DETAIL_CACHE_PEEK_CALLS	0
LIST_EXNEXT_400_VOLUME_FLUSH_DETAIL_CACHE_PEEK_SAMPLES	0
LIST_EXNEXT_400_VOLUME_FLUSH_DETAIL_CACHE_PEEK_SAMPLE_TICKS	0
LIST_EXNEXT_400_VOLUME_FLUSH_DETAIL_BUFFER_ALLOC_CALLS	0
LIST_EXNEXT_400_VOLUME_FLUSH_DETAIL_BUFFER_ALLOC_SAMPLES	0
LIST_EXNEXT_400_VOLUME_FLUSH_DETAIL_BUFFER_ALLOC_SAMPLE_TICKS	0
LIST_EXNEXT_400_VOLUME_FLUSH_DETAIL_BUFFER_FREE_CALLS	0
LIST_EXNEXT_400_VOLUME_FLUSH_DETAIL_BUFFER_FREE_SAMPLES	0
LIST_EXNEXT_400_VOLUME_FLUSH_DETAIL_BUFFER_FREE_SAMPLE_TICKS	0
LIST_EXNEXT_400_VOLUME_FLUSH_DETAIL_EXALL_FILL_CALLS	0
LIST_EXNEXT_400_VOLUME_FLUSH_DETAIL_EXALL_FILL_SAMPLES	0
LIST_EXNEXT_400_VOLUME_FLUSH_DETAIL_EXALL_FILL_SAMPLE_TICKS	0
LIST_EXNEXT_400_VOLUME_FLUSH_FREESPACE_ALLOCS	0
LIST_EXALL_400_US	16895
LIST_EXALL_400_WORK_US	16895
LIST_EXALL_400_VOLUME_FLUSH_US	0
LIST_EXALL_400_HAS_VOLUME_FLUSH	0
LIST_EXALL_400_GUEST_OPEN_CALLS	0
LIST_EXALL_400_GUEST_OPEN_US	0
LIST_EXALL_400_GUEST_READ_CALLS	0
LIST_EXALL_400_GUEST_READ_US	0
LIST_EXALL_400_GUEST_WRITE_CALLS	0
LIST_EXALL_400_GUEST_WRITE_US	0
LIST_EXALL_400_GUEST_HANDLE_FLUSH_CALLS	0
LIST_EXALL_400_GUEST_HANDLE_FLUSH_US	0
LIST_EXALL_400_GUEST_CLOSE_CALLS	0
LIST_EXALL_400_GUEST_CLOSE_US	0
LIST_EXALL_400_GUEST_VERIFY_CALLS	0
LIST_EXALL_400_GUEST_VERIFY_US	0
LIST_EXALL_400_WORK_BIO_READS	0
LIST_EXALL_400_WORK_BIO_WRITES	0
LIST_EXALL_400_WORK_BIO_UPDATES	0
LIST_EXALL_400_WORK_DATA_READS	0
LIST_EXALL_400_WORK_DATA_WRITES	0
LIST_EXALL_400_WORK_NODE_WRITES	0
LIST_EXALL_400_WORK_TXN_COMMITS	0
LIST_EXALL_400_WORK_EXTENT_MAPS	0
LIST_EXALL_400_WORK_READ_TICKS	0
LIST_EXALL_400_WORK_WRITE_TICKS	0
LIST_EXALL_400_WORK_UPDATE_TICKS	0
LIST_EXALL_400_WORK_DATA_READ_TICKS	0
LIST_EXALL_400_WORK_DATA_WRITE_TICKS	0
LIST_EXALL_400_WORK_NODE_CRC_READ_CALLS	0
LIST_EXALL_400_WORK_NODE_CRC_READ_SAMPLES	0
LIST_EXALL_400_WORK_NODE_CRC_READ_SAMPLE_TICKS	0
LIST_EXALL_400_WORK_NODE_CRC_WRITE_CALLS	0
LIST_EXALL_400_WORK_NODE_CRC_WRITE_SAMPLES	0
LIST_EXALL_400_WORK_NODE_CRC_WRITE_SAMPLE_TICKS	0
LIST_EXALL_400_WORK_CLOCK_PAIR_TICKS	0
LIST_EXALL_400_WORK_PACKET_CALLS	12
LIST_EXALL_400_WORK_PACKET_SAMPLES	12
LIST_EXALL_400_WORK_PACKET_SAMPLE_TICKS	11397
LIST_EXALL_400_WORK_PACKET_OPEN_CALLS	0
LIST_EXALL_400_WORK_PACKET_OPEN_SAMPLES	0
LIST_EXALL_400_WORK_PACKET_OPEN_SAMPLE_TICKS	0
LIST_EXALL_400_WORK_PACKET_READ_CALLS	0
LIST_EXALL_400_WORK_PACKET_READ_SAMPLES	0
LIST_EXALL_400_WORK_PACKET_READ_SAMPLE_TICKS	0
LIST_EXALL_400_WORK_PACKET_WRITE_CALLS	0
LIST_EXALL_400_WORK_PACKET_WRITE_SAMPLES	0
LIST_EXALL_400_WORK_PACKET_WRITE_SAMPLE_TICKS	0
LIST_EXALL_400_WORK_PACKET_END_CALLS	0
LIST_EXALL_400_WORK_PACKET_END_SAMPLES	0
LIST_EXALL_400_WORK_PACKET_END_SAMPLE_TICKS	0
LIST_EXALL_400_WORK_PACKET_DELETE_CALLS	0
LIST_EXALL_400_WORK_PACKET_DELETE_SAMPLES	0
LIST_EXALL_400_WORK_PACKET_DELETE_SAMPLE_TICKS	0
LIST_EXALL_400_WORK_PACKET_FLUSH_CALLS	0
LIST_EXALL_400_WORK_PACKET_FLUSH_SAMPLES	0
LIST_EXALL_400_WORK_PACKET_FLUSH_SAMPLE_TICKS	0
LIST_EXALL_400_WORK_PACKET_OTHER_CALLS	12
LIST_EXALL_400_WORK_PACKET_OTHER_SAMPLES	12
LIST_EXALL_400_WORK_PACKET_OTHER_SAMPLE_TICKS	11397
LIST_EXALL_400_WORK_CORE_CREATE_CALLS	0
LIST_EXALL_400_WORK_CORE_CREATE_SAMPLES	0
LIST_EXALL_400_WORK_CORE_CREATE_SAMPLE_TICKS	0
LIST_EXALL_400_WORK_CORE_DELETE_CALLS	0
LIST_EXALL_400_WORK_CORE_DELETE_SAMPLES	0
LIST_EXALL_400_WORK_CORE_DELETE_SAMPLE_TICKS	0
LIST_EXALL_400_WORK_CORE_FILE_WRITE_CALLS	0
LIST_EXALL_400_WORK_CORE_FILE_WRITE_SAMPLES	0
LIST_EXALL_400_WORK_CORE_FILE_WRITE_SAMPLE_TICKS	0
LIST_EXALL_400_WORK_CORE_SYNC_CALLS	0
LIST_EXALL_400_WORK_CORE_SYNC_SAMPLES	0
LIST_EXALL_400_WORK_CORE_SYNC_SAMPLE_TICKS	0
LIST_EXALL_400_WORK_IFACE_FREE_CALLS	0
LIST_EXALL_400_WORK_IFACE_FREE_SAMPLES	0
LIST_EXALL_400_WORK_IFACE_FREE_SAMPLE_TICKS	0
LIST_EXALL_400_WORK_SEAL_COMMIT_CALLS	0
LIST_EXALL_400_WORK_SEAL_COMMIT_SAMPLES	0
LIST_EXALL_400_WORK_SEAL_COMMIT_SAMPLE_TICKS	0
LIST_EXALL_400_WORK_INODE_READ_CALLS	400
LIST_EXALL_400_WORK_BTREE_SEARCH_CALLS	401
LIST_EXALL_400_WORK_BTREE_INDEX_HINT_HITS	400
LIST_EXALL_400_WORK_BTREE_LEAF_HINT_HITS	1
LIST_EXALL_400_WORK_CACHE_READ_CALLS	0
LIST_EXALL_400_WORK_CACHE_READ_HITS	0
LIST_EXALL_400_WORK_CACHE_READ_MISSES	0
LIST_EXALL_400_WORK_FREE_TREE_NODE_VIEWS	0
LIST_EXALL_400_WORK_FREE_TREE_RESIDENT_VIEWS	0
LIST_EXALL_400_WORK_DIR_TREE_NODE_VIEWS	110
LIST_EXALL_400_WORK_DIR_TREE_RESIDENT_VIEWS	110
LIST_EXALL_400_WORK_INODE_TREE_NODE_VIEWS	0
LIST_EXALL_400_WORK_INODE_TREE_RESIDENT_VIEWS	0
LIST_EXALL_400_WORK_REFCOUNT_TREE_NODE_VIEWS	0
LIST_EXALL_400_WORK_REFCOUNT_TREE_RESIDENT_VIEWS	0
LIST_EXALL_400_WORK_OTHER_TREE_NODE_VIEWS	0
LIST_EXALL_400_WORK_OTHER_TREE_RESIDENT_VIEWS	0
LIST_EXALL_400_WORK_WRITE_DETAIL_INODE_READ_CALLS	400
LIST_EXALL_400_WORK_WRITE_DETAIL_INODE_READ_SAMPLES	400
LIST_EXALL_400_WORK_WRITE_DETAIL_INODE_READ_SAMPLE_TICKS	4994
LIST_EXALL_400_WORK_WRITE_DETAIL_INODE_WRITE_CALLS	0
LIST_EXALL_400_WORK_WRITE_DETAIL_INODE_WRITE_SAMPLES	0
LIST_EXALL_400_WORK_WRITE_DETAIL_INODE_WRITE_SAMPLE_TICKS	0
LIST_EXALL_400_WORK_WRITE_DETAIL_EXTENT_MAP_CALLS	0
LIST_EXALL_400_WORK_WRITE_DETAIL_EXTENT_MAP_SAMPLES	0
LIST_EXALL_400_WORK_WRITE_DETAIL_EXTENT_MAP_SAMPLE_TICKS	0
LIST_EXALL_400_WORK_WRITE_DETAIL_FREESPACE_GOAL_CALLS	0
LIST_EXALL_400_WORK_WRITE_DETAIL_FREESPACE_GOAL_SAMPLES	0
LIST_EXALL_400_WORK_WRITE_DETAIL_FREESPACE_GOAL_SAMPLE_TICKS	0
LIST_EXALL_400_WORK_BTREE_MALLOC_CALLS	11
LIST_EXALL_400_WORK_BTREE_MALLOC_SAMPLES	11
LIST_EXALL_400_WORK_BTREE_MALLOC_SAMPLE_TICKS	45
LIST_EXALL_400_WORK_BTREE_FREE_CALLS	11
LIST_EXALL_400_WORK_BTREE_FREE_SAMPLES	11
LIST_EXALL_400_WORK_BTREE_FREE_SAMPLE_TICKS	0
LIST_EXALL_400_WORK_IFACE_ALLOC_CALLS	0
LIST_EXALL_400_WORK_IFACE_ALLOC_SAMPLES	0
LIST_EXALL_400_WORK_IFACE_ALLOC_SAMPLE_TICKS	0
LIST_EXALL_400_WORK_FREESPACE_ALLOC_CALLS	0
LIST_EXALL_400_WORK_FREESPACE_ALLOC_SAMPLES	0
LIST_EXALL_400_WORK_FREESPACE_ALLOC_SAMPLE_TICKS	0
LIST_EXALL_400_WORK_DETAIL_INODE_READ_CALLS	400
LIST_EXALL_400_WORK_DETAIL_INODE_READ_SAMPLES	23
LIST_EXALL_400_WORK_DETAIL_INODE_READ_SAMPLE_TICKS	322
LIST_EXALL_400_WORK_DETAIL_INODE_VALIDATE_CALLS	400
LIST_EXALL_400_WORK_DETAIL_INODE_VALIDATE_SAMPLES	23
LIST_EXALL_400_WORK_DETAIL_INODE_VALIDATE_SAMPLE_TICKS	0
LIST_EXALL_400_WORK_DETAIL_INODE_SEARCH_CALLS	400
LIST_EXALL_400_WORK_DETAIL_INODE_SEARCH_SAMPLES	23
LIST_EXALL_400_WORK_DETAIL_INODE_SEARCH_SAMPLE_TICKS	318
LIST_EXALL_400_WORK_DETAIL_INODE_NODE_VIEW_CALLS	0
LIST_EXALL_400_WORK_DETAIL_INODE_NODE_VIEW_SAMPLES	0
LIST_EXALL_400_WORK_DETAIL_INODE_NODE_VIEW_SAMPLE_TICKS	0
LIST_EXALL_400_WORK_DETAIL_DIR_NODE_VIEW_CALLS	110
LIST_EXALL_400_WORK_DETAIL_DIR_NODE_VIEW_SAMPLES	6
LIST_EXALL_400_WORK_DETAIL_DIR_NODE_VIEW_SAMPLE_TICKS	110
LIST_EXALL_400_WORK_DETAIL_INODE_BINARY_SEARCH_CALLS	0
LIST_EXALL_400_WORK_DETAIL_INODE_BINARY_SEARCH_SAMPLES	0
LIST_EXALL_400_WORK_DETAIL_INODE_BINARY_SEARCH_SAMPLE_TICKS	0
LIST_EXALL_400_WORK_DETAIL_DIR_BINARY_SEARCH_CALLS	21
LIST_EXALL_400_WORK_DETAIL_DIR_BINARY_SEARCH_SAMPLES	1
LIST_EXALL_400_WORK_DETAIL_DIR_BINARY_SEARCH_SAMPLE_TICKS	0
LIST_EXALL_400_WORK_DETAIL_NODE_STRUCTURE_CALLS	0
LIST_EXALL_400_WORK_DETAIL_NODE_STRUCTURE_SAMPLES	0
LIST_EXALL_400_WORK_DETAIL_NODE_STRUCTURE_SAMPLE_TICKS	0
LIST_EXALL_400_WORK_DETAIL_CACHE_PEEK_CALLS	511
LIST_EXALL_400_WORK_DETAIL_CACHE_PEEK_SAMPLES	30
LIST_EXALL_400_WORK_DETAIL_CACHE_PEEK_SAMPLE_TICKS	98
LIST_EXALL_400_WORK_DETAIL_BUFFER_ALLOC_CALLS	10
LIST_EXALL_400_WORK_DETAIL_BUFFER_ALLOC_SAMPLES	0
LIST_EXALL_400_WORK_DETAIL_BUFFER_ALLOC_SAMPLE_TICKS	0
LIST_EXALL_400_WORK_DETAIL_BUFFER_FREE_CALLS	10
LIST_EXALL_400_WORK_DETAIL_BUFFER_FREE_SAMPLES	0
LIST_EXALL_400_WORK_DETAIL_BUFFER_FREE_SAMPLE_TICKS	0
LIST_EXALL_400_WORK_DETAIL_EXALL_FILL_CALLS	410
LIST_EXALL_400_WORK_DETAIL_EXALL_FILL_SAMPLES	24
LIST_EXALL_400_WORK_DETAIL_EXALL_FILL_SAMPLE_TICKS	470
LIST_EXALL_400_WORK_FREESPACE_ALLOCS	0
LIST_EXALL_400_VOLUME_FLUSH_BIO_READS	0
LIST_EXALL_400_VOLUME_FLUSH_BIO_WRITES	0
LIST_EXALL_400_VOLUME_FLUSH_BIO_UPDATES	0
LIST_EXALL_400_VOLUME_FLUSH_DATA_READS	0
LIST_EXALL_400_VOLUME_FLUSH_DATA_WRITES	0
LIST_EXALL_400_VOLUME_FLUSH_NODE_WRITES	0
LIST_EXALL_400_VOLUME_FLUSH_TXN_COMMITS	0
LIST_EXALL_400_VOLUME_FLUSH_EXTENT_MAPS	0
LIST_EXALL_400_VOLUME_FLUSH_READ_TICKS	0
LIST_EXALL_400_VOLUME_FLUSH_WRITE_TICKS	0
LIST_EXALL_400_VOLUME_FLUSH_UPDATE_TICKS	0
LIST_EXALL_400_VOLUME_FLUSH_DATA_READ_TICKS	0
LIST_EXALL_400_VOLUME_FLUSH_DATA_WRITE_TICKS	0
LIST_EXALL_400_VOLUME_FLUSH_NODE_CRC_READ_CALLS	0
LIST_EXALL_400_VOLUME_FLUSH_NODE_CRC_READ_SAMPLES	0
LIST_EXALL_400_VOLUME_FLUSH_NODE_CRC_READ_SAMPLE_TICKS	0
LIST_EXALL_400_VOLUME_FLUSH_NODE_CRC_WRITE_CALLS	0
LIST_EXALL_400_VOLUME_FLUSH_NODE_CRC_WRITE_SAMPLES	0
LIST_EXALL_400_VOLUME_FLUSH_NODE_CRC_WRITE_SAMPLE_TICKS	0
LIST_EXALL_400_VOLUME_FLUSH_CLOCK_PAIR_TICKS	0
LIST_EXALL_400_VOLUME_FLUSH_PACKET_CALLS	0
LIST_EXALL_400_VOLUME_FLUSH_PACKET_SAMPLES	0
LIST_EXALL_400_VOLUME_FLUSH_PACKET_SAMPLE_TICKS	0
LIST_EXALL_400_VOLUME_FLUSH_PACKET_OPEN_CALLS	0
LIST_EXALL_400_VOLUME_FLUSH_PACKET_OPEN_SAMPLES	0
LIST_EXALL_400_VOLUME_FLUSH_PACKET_OPEN_SAMPLE_TICKS	0
LIST_EXALL_400_VOLUME_FLUSH_PACKET_READ_CALLS	0
LIST_EXALL_400_VOLUME_FLUSH_PACKET_READ_SAMPLES	0
LIST_EXALL_400_VOLUME_FLUSH_PACKET_READ_SAMPLE_TICKS	0
LIST_EXALL_400_VOLUME_FLUSH_PACKET_WRITE_CALLS	0
LIST_EXALL_400_VOLUME_FLUSH_PACKET_WRITE_SAMPLES	0
LIST_EXALL_400_VOLUME_FLUSH_PACKET_WRITE_SAMPLE_TICKS	0
LIST_EXALL_400_VOLUME_FLUSH_PACKET_END_CALLS	0
LIST_EXALL_400_VOLUME_FLUSH_PACKET_END_SAMPLES	0
LIST_EXALL_400_VOLUME_FLUSH_PACKET_END_SAMPLE_TICKS	0
LIST_EXALL_400_VOLUME_FLUSH_PACKET_DELETE_CALLS	0
LIST_EXALL_400_VOLUME_FLUSH_PACKET_DELETE_SAMPLES	0
LIST_EXALL_400_VOLUME_FLUSH_PACKET_DELETE_SAMPLE_TICKS	0
LIST_EXALL_400_VOLUME_FLUSH_PACKET_FLUSH_CALLS	0
LIST_EXALL_400_VOLUME_FLUSH_PACKET_FLUSH_SAMPLES	0
LIST_EXALL_400_VOLUME_FLUSH_PACKET_FLUSH_SAMPLE_TICKS	0
LIST_EXALL_400_VOLUME_FLUSH_PACKET_OTHER_CALLS	0
LIST_EXALL_400_VOLUME_FLUSH_PACKET_OTHER_SAMPLES	0
LIST_EXALL_400_VOLUME_FLUSH_PACKET_OTHER_SAMPLE_TICKS	0
LIST_EXALL_400_VOLUME_FLUSH_CORE_CREATE_CALLS	0
LIST_EXALL_400_VOLUME_FLUSH_CORE_CREATE_SAMPLES	0
LIST_EXALL_400_VOLUME_FLUSH_CORE_CREATE_SAMPLE_TICKS	0
LIST_EXALL_400_VOLUME_FLUSH_CORE_DELETE_CALLS	0
LIST_EXALL_400_VOLUME_FLUSH_CORE_DELETE_SAMPLES	0
LIST_EXALL_400_VOLUME_FLUSH_CORE_DELETE_SAMPLE_TICKS	0
LIST_EXALL_400_VOLUME_FLUSH_CORE_FILE_WRITE_CALLS	0
LIST_EXALL_400_VOLUME_FLUSH_CORE_FILE_WRITE_SAMPLES	0
LIST_EXALL_400_VOLUME_FLUSH_CORE_FILE_WRITE_SAMPLE_TICKS	0
LIST_EXALL_400_VOLUME_FLUSH_CORE_SYNC_CALLS	0
LIST_EXALL_400_VOLUME_FLUSH_CORE_SYNC_SAMPLES	0
LIST_EXALL_400_VOLUME_FLUSH_CORE_SYNC_SAMPLE_TICKS	0
LIST_EXALL_400_VOLUME_FLUSH_IFACE_FREE_CALLS	0
LIST_EXALL_400_VOLUME_FLUSH_IFACE_FREE_SAMPLES	0
LIST_EXALL_400_VOLUME_FLUSH_IFACE_FREE_SAMPLE_TICKS	0
LIST_EXALL_400_VOLUME_FLUSH_SEAL_COMMIT_CALLS	0
LIST_EXALL_400_VOLUME_FLUSH_SEAL_COMMIT_SAMPLES	0
LIST_EXALL_400_VOLUME_FLUSH_SEAL_COMMIT_SAMPLE_TICKS	0
LIST_EXALL_400_VOLUME_FLUSH_INODE_READ_CALLS	0
LIST_EXALL_400_VOLUME_FLUSH_BTREE_SEARCH_CALLS	0
LIST_EXALL_400_VOLUME_FLUSH_BTREE_INDEX_HINT_HITS	0
LIST_EXALL_400_VOLUME_FLUSH_BTREE_LEAF_HINT_HITS	0
LIST_EXALL_400_VOLUME_FLUSH_CACHE_READ_CALLS	0
LIST_EXALL_400_VOLUME_FLUSH_CACHE_READ_HITS	0
LIST_EXALL_400_VOLUME_FLUSH_CACHE_READ_MISSES	0
LIST_EXALL_400_VOLUME_FLUSH_FREE_TREE_NODE_VIEWS	0
LIST_EXALL_400_VOLUME_FLUSH_FREE_TREE_RESIDENT_VIEWS	0
LIST_EXALL_400_VOLUME_FLUSH_DIR_TREE_NODE_VIEWS	0
LIST_EXALL_400_VOLUME_FLUSH_DIR_TREE_RESIDENT_VIEWS	0
LIST_EXALL_400_VOLUME_FLUSH_INODE_TREE_NODE_VIEWS	0
LIST_EXALL_400_VOLUME_FLUSH_INODE_TREE_RESIDENT_VIEWS	0
LIST_EXALL_400_VOLUME_FLUSH_REFCOUNT_TREE_NODE_VIEWS	0
LIST_EXALL_400_VOLUME_FLUSH_REFCOUNT_TREE_RESIDENT_VIEWS	0
LIST_EXALL_400_VOLUME_FLUSH_OTHER_TREE_NODE_VIEWS	0
LIST_EXALL_400_VOLUME_FLUSH_OTHER_TREE_RESIDENT_VIEWS	0
LIST_EXALL_400_VOLUME_FLUSH_WRITE_DETAIL_INODE_READ_CALLS	0
LIST_EXALL_400_VOLUME_FLUSH_WRITE_DETAIL_INODE_READ_SAMPLES	0
LIST_EXALL_400_VOLUME_FLUSH_WRITE_DETAIL_INODE_READ_SAMPLE_TICKS	0
LIST_EXALL_400_VOLUME_FLUSH_WRITE_DETAIL_INODE_WRITE_CALLS	0
LIST_EXALL_400_VOLUME_FLUSH_WRITE_DETAIL_INODE_WRITE_SAMPLES	0
LIST_EXALL_400_VOLUME_FLUSH_WRITE_DETAIL_INODE_WRITE_SAMPLE_TICKS	0
LIST_EXALL_400_VOLUME_FLUSH_WRITE_DETAIL_EXTENT_MAP_CALLS	0
LIST_EXALL_400_VOLUME_FLUSH_WRITE_DETAIL_EXTENT_MAP_SAMPLES	0
LIST_EXALL_400_VOLUME_FLUSH_WRITE_DETAIL_EXTENT_MAP_SAMPLE_TICKS	0
LIST_EXALL_400_VOLUME_FLUSH_WRITE_DETAIL_FREESPACE_GOAL_CALLS	0
LIST_EXALL_400_VOLUME_FLUSH_WRITE_DETAIL_FREESPACE_GOAL_SAMPLES	0
LIST_EXALL_400_VOLUME_FLUSH_WRITE_DETAIL_FREESPACE_GOAL_SAMPLE_TICKS	0
LIST_EXALL_400_VOLUME_FLUSH_BTREE_MALLOC_CALLS	0
LIST_EXALL_400_VOLUME_FLUSH_BTREE_MALLOC_SAMPLES	0
LIST_EXALL_400_VOLUME_FLUSH_BTREE_MALLOC_SAMPLE_TICKS	0
LIST_EXALL_400_VOLUME_FLUSH_BTREE_FREE_CALLS	0
LIST_EXALL_400_VOLUME_FLUSH_BTREE_FREE_SAMPLES	0
LIST_EXALL_400_VOLUME_FLUSH_BTREE_FREE_SAMPLE_TICKS	0
LIST_EXALL_400_VOLUME_FLUSH_IFACE_ALLOC_CALLS	0
LIST_EXALL_400_VOLUME_FLUSH_IFACE_ALLOC_SAMPLES	0
LIST_EXALL_400_VOLUME_FLUSH_IFACE_ALLOC_SAMPLE_TICKS	0
LIST_EXALL_400_VOLUME_FLUSH_FREESPACE_ALLOC_CALLS	0
LIST_EXALL_400_VOLUME_FLUSH_FREESPACE_ALLOC_SAMPLES	0
LIST_EXALL_400_VOLUME_FLUSH_FREESPACE_ALLOC_SAMPLE_TICKS	0
LIST_EXALL_400_VOLUME_FLUSH_DETAIL_INODE_READ_CALLS	0
LIST_EXALL_400_VOLUME_FLUSH_DETAIL_INODE_READ_SAMPLES	0
LIST_EXALL_400_VOLUME_FLUSH_DETAIL_INODE_READ_SAMPLE_TICKS	0
LIST_EXALL_400_VOLUME_FLUSH_DETAIL_INODE_VALIDATE_CALLS	0
LIST_EXALL_400_VOLUME_FLUSH_DETAIL_INODE_VALIDATE_SAMPLES	0
LIST_EXALL_400_VOLUME_FLUSH_DETAIL_INODE_VALIDATE_SAMPLE_TICKS	0
LIST_EXALL_400_VOLUME_FLUSH_DETAIL_INODE_SEARCH_CALLS	0
LIST_EXALL_400_VOLUME_FLUSH_DETAIL_INODE_SEARCH_SAMPLES	0
LIST_EXALL_400_VOLUME_FLUSH_DETAIL_INODE_SEARCH_SAMPLE_TICKS	0
LIST_EXALL_400_VOLUME_FLUSH_DETAIL_INODE_NODE_VIEW_CALLS	0
LIST_EXALL_400_VOLUME_FLUSH_DETAIL_INODE_NODE_VIEW_SAMPLES	0
LIST_EXALL_400_VOLUME_FLUSH_DETAIL_INODE_NODE_VIEW_SAMPLE_TICKS	0
LIST_EXALL_400_VOLUME_FLUSH_DETAIL_DIR_NODE_VIEW_CALLS	0
LIST_EXALL_400_VOLUME_FLUSH_DETAIL_DIR_NODE_VIEW_SAMPLES	0
LIST_EXALL_400_VOLUME_FLUSH_DETAIL_DIR_NODE_VIEW_SAMPLE_TICKS	0
LIST_EXALL_400_VOLUME_FLUSH_DETAIL_INODE_BINARY_SEARCH_CALLS	0
LIST_EXALL_400_VOLUME_FLUSH_DETAIL_INODE_BINARY_SEARCH_SAMPLES	0
LIST_EXALL_400_VOLUME_FLUSH_DETAIL_INODE_BINARY_SEARCH_SAMPLE_TICKS	0
LIST_EXALL_400_VOLUME_FLUSH_DETAIL_DIR_BINARY_SEARCH_CALLS	0
LIST_EXALL_400_VOLUME_FLUSH_DETAIL_DIR_BINARY_SEARCH_SAMPLES	0
LIST_EXALL_400_VOLUME_FLUSH_DETAIL_DIR_BINARY_SEARCH_SAMPLE_TICKS	0
LIST_EXALL_400_VOLUME_FLUSH_DETAIL_NODE_STRUCTURE_CALLS	0
LIST_EXALL_400_VOLUME_FLUSH_DETAIL_NODE_STRUCTURE_SAMPLES	0
LIST_EXALL_400_VOLUME_FLUSH_DETAIL_NODE_STRUCTURE_SAMPLE_TICKS	0
LIST_EXALL_400_VOLUME_FLUSH_DETAIL_CACHE_PEEK_CALLS	0
LIST_EXALL_400_VOLUME_FLUSH_DETAIL_CACHE_PEEK_SAMPLES	0
LIST_EXALL_400_VOLUME_FLUSH_DETAIL_CACHE_PEEK_SAMPLE_TICKS	0
LIST_EXALL_400_VOLUME_FLUSH_DETAIL_BUFFER_ALLOC_CALLS	0
LIST_EXALL_400_VOLUME_FLUSH_DETAIL_BUFFER_ALLOC_SAMPLES	0
LIST_EXALL_400_VOLUME_FLUSH_DETAIL_BUFFER_ALLOC_SAMPLE_TICKS	0
LIST_EXALL_400_VOLUME_FLUSH_DETAIL_BUFFER_FREE_CALLS	0
LIST_EXALL_400_VOLUME_FLUSH_DETAIL_BUFFER_FREE_SAMPLES	0
LIST_EXALL_400_VOLUME_FLUSH_DETAIL_BUFFER_FREE_SAMPLE_TICKS	0
LIST_EXALL_400_VOLUME_FLUSH_DETAIL_EXALL_FILL_CALLS	0
LIST_EXALL_400_VOLUME_FLUSH_DETAIL_EXALL_FILL_SAMPLES	0
LIST_EXALL_400_VOLUME_FLUSH_DETAIL_EXALL_FILL_SAMPLE_TICKS	0
LIST_EXALL_400_VOLUME_FLUSH_FREESPACE_ALLOCS	0
SEQ_WRITE_8M_US	61629
SEQ_WRITE_8M_WORK_US	58941
SEQ_WRITE_8M_VOLUME_FLUSH_US	2688
SEQ_WRITE_8M_HAS_VOLUME_FLUSH	1
SEQ_WRITE_8M_GUEST_OPEN_CALLS	1
SEQ_WRITE_8M_GUEST_OPEN_US	1471
SEQ_WRITE_8M_GUEST_READ_CALLS	0
SEQ_WRITE_8M_GUEST_READ_US	0
SEQ_WRITE_8M_GUEST_WRITE_CALLS	128
SEQ_WRITE_8M_GUEST_WRITE_US	56414
SEQ_WRITE_8M_GUEST_HANDLE_FLUSH_CALLS	1
SEQ_WRITE_8M_GUEST_HANDLE_FLUSH_US	0
SEQ_WRITE_8M_GUEST_CLOSE_CALLS	1
SEQ_WRITE_8M_GUEST_CLOSE_US	0
SEQ_WRITE_8M_GUEST_VERIFY_CALLS	0
SEQ_WRITE_8M_GUEST_VERIFY_US	0
SEQ_WRITE_8M_WORK_BIO_READS	1
SEQ_WRITE_8M_WORK_BIO_WRITES	128
SEQ_WRITE_8M_WORK_BIO_UPDATES	0
SEQ_WRITE_8M_WORK_DATA_READS	0
SEQ_WRITE_8M_WORK_DATA_WRITES	128
SEQ_WRITE_8M_WORK_NODE_WRITES	0
SEQ_WRITE_8M_WORK_TXN_COMMITS	0
SEQ_WRITE_8M_WORK_EXTENT_MAPS	128
SEQ_WRITE_8M_WORK_READ_TICKS	91
SEQ_WRITE_8M_WORK_WRITE_TICKS	11531
SEQ_WRITE_8M_WORK_UPDATE_TICKS	0
SEQ_WRITE_8M_WORK_DATA_READ_TICKS	0
SEQ_WRITE_8M_WORK_DATA_WRITE_TICKS	11531
SEQ_WRITE_8M_WORK_NODE_CRC_READ_CALLS	1
SEQ_WRITE_8M_WORK_NODE_CRC_READ_SAMPLES	1
SEQ_WRITE_8M_WORK_NODE_CRC_READ_SAMPLE_TICKS	46
SEQ_WRITE_8M_WORK_NODE_CRC_WRITE_CALLS	0
SEQ_WRITE_8M_WORK_NODE_CRC_WRITE_SAMPLES	0
SEQ_WRITE_8M_WORK_NODE_CRC_WRITE_SAMPLE_TICKS	0
SEQ_WRITE_8M_WORK_CLOCK_PAIR_TICKS	0
SEQ_WRITE_8M_WORK_PACKET_CALLS	130
SEQ_WRITE_8M_WORK_PACKET_SAMPLES	130
SEQ_WRITE_8M_WORK_PACKET_SAMPLE_TICKS	38368
SEQ_WRITE_8M_WORK_PACKET_OPEN_CALLS	1
SEQ_WRITE_8M_WORK_PACKET_OPEN_SAMPLES	1
SEQ_WRITE_8M_WORK_PACKET_OPEN_SAMPLE_TICKS	954
SEQ_WRITE_8M_WORK_PACKET_READ_CALLS	0
SEQ_WRITE_8M_WORK_PACKET_READ_SAMPLES	0
SEQ_WRITE_8M_WORK_PACKET_READ_SAMPLE_TICKS	0
SEQ_WRITE_8M_WORK_PACKET_WRITE_CALLS	128
SEQ_WRITE_8M_WORK_PACKET_WRITE_SAMPLES	128
SEQ_WRITE_8M_WORK_PACKET_WRITE_SAMPLE_TICKS	37414
SEQ_WRITE_8M_WORK_PACKET_END_CALLS	1
SEQ_WRITE_8M_WORK_PACKET_END_SAMPLES	1
SEQ_WRITE_8M_WORK_PACKET_END_SAMPLE_TICKS	0
SEQ_WRITE_8M_WORK_PACKET_DELETE_CALLS	0
SEQ_WRITE_8M_WORK_PACKET_DELETE_SAMPLES	0
SEQ_WRITE_8M_WORK_PACKET_DELETE_SAMPLE_TICKS	0
SEQ_WRITE_8M_WORK_PACKET_FLUSH_CALLS	0
SEQ_WRITE_8M_WORK_PACKET_FLUSH_SAMPLES	0
SEQ_WRITE_8M_WORK_PACKET_FLUSH_SAMPLE_TICKS	0
SEQ_WRITE_8M_WORK_PACKET_OTHER_CALLS	0
SEQ_WRITE_8M_WORK_PACKET_OTHER_SAMPLES	0
SEQ_WRITE_8M_WORK_PACKET_OTHER_SAMPLE_TICKS	0
SEQ_WRITE_8M_WORK_CORE_CREATE_CALLS	1
SEQ_WRITE_8M_WORK_CORE_CREATE_SAMPLES	1
SEQ_WRITE_8M_WORK_CORE_CREATE_SAMPLE_TICKS	817
SEQ_WRITE_8M_WORK_CORE_DELETE_CALLS	0
SEQ_WRITE_8M_WORK_CORE_DELETE_SAMPLES	0
SEQ_WRITE_8M_WORK_CORE_DELETE_SAMPLE_TICKS	0
SEQ_WRITE_8M_WORK_CORE_FILE_WRITE_CALLS	128
SEQ_WRITE_8M_WORK_CORE_FILE_WRITE_SAMPLES	128
SEQ_WRITE_8M_WORK_CORE_FILE_WRITE_SAMPLE_TICKS	31662
SEQ_WRITE_8M_WORK_CORE_SYNC_CALLS	0
SEQ_WRITE_8M_WORK_CORE_SYNC_SAMPLES	0
SEQ_WRITE_8M_WORK_CORE_SYNC_SAMPLE_TICKS	0
SEQ_WRITE_8M_WORK_IFACE_FREE_CALLS	0
SEQ_WRITE_8M_WORK_IFACE_FREE_SAMPLES	0
SEQ_WRITE_8M_WORK_IFACE_FREE_SAMPLE_TICKS	0
SEQ_WRITE_8M_WORK_SEAL_COMMIT_CALLS	0
SEQ_WRITE_8M_WORK_SEAL_COMMIT_SAMPLES	0
SEQ_WRITE_8M_WORK_SEAL_COMMIT_SAMPLE_TICKS	0
SEQ_WRITE_8M_WORK_INODE_READ_CALLS	259
SEQ_WRITE_8M_WORK_BTREE_SEARCH_CALLS	260
SEQ_WRITE_8M_WORK_BTREE_INDEX_HINT_HITS	130
SEQ_WRITE_8M_WORK_BTREE_LEAF_HINT_HITS	1
SEQ_WRITE_8M_WORK_CACHE_READ_CALLS	6
SEQ_WRITE_8M_WORK_CACHE_READ_HITS	5
SEQ_WRITE_8M_WORK_CACHE_READ_MISSES	1
SEQ_WRITE_8M_WORK_FREE_TREE_NODE_VIEWS	132
SEQ_WRITE_8M_WORK_FREE_TREE_RESIDENT_VIEWS	131
SEQ_WRITE_8M_WORK_DIR_TREE_NODE_VIEWS	2
SEQ_WRITE_8M_WORK_DIR_TREE_RESIDENT_VIEWS	2
SEQ_WRITE_8M_WORK_INODE_TREE_NODE_VIEWS	128
SEQ_WRITE_8M_WORK_INODE_TREE_RESIDENT_VIEWS	128
SEQ_WRITE_8M_WORK_REFCOUNT_TREE_NODE_VIEWS	0
SEQ_WRITE_8M_WORK_REFCOUNT_TREE_RESIDENT_VIEWS	0
SEQ_WRITE_8M_WORK_OTHER_TREE_NODE_VIEWS	0
SEQ_WRITE_8M_WORK_OTHER_TREE_RESIDENT_VIEWS	0
SEQ_WRITE_8M_WORK_WRITE_DETAIL_INODE_READ_CALLS	259
SEQ_WRITE_8M_WORK_WRITE_DETAIL_INODE_READ_SAMPLES	259
SEQ_WRITE_8M_WORK_WRITE_DETAIL_INODE_READ_SAMPLE_TICKS	6059
SEQ_WRITE_8M_WORK_WRITE_DETAIL_INODE_WRITE_CALLS	129
SEQ_WRITE_8M_WORK_WRITE_DETAIL_INODE_WRITE_SAMPLES	129
SEQ_WRITE_8M_WORK_WRITE_DETAIL_INODE_WRITE_SAMPLE_TICKS	4180
SEQ_WRITE_8M_WORK_WRITE_DETAIL_EXTENT_MAP_CALLS	128
SEQ_WRITE_8M_WORK_WRITE_DETAIL_EXTENT_MAP_SAMPLES	128
SEQ_WRITE_8M_WORK_WRITE_DETAIL_EXTENT_MAP_SAMPLE_TICKS	1629
SEQ_WRITE_8M_WORK_WRITE_DETAIL_FREESPACE_GOAL_CALLS	128
SEQ_WRITE_8M_WORK_WRITE_DETAIL_FREESPACE_GOAL_SAMPLES	128
SEQ_WRITE_8M_WORK_WRITE_DETAIL_FREESPACE_GOAL_SAMPLE_TICKS	4566
SEQ_WRITE_8M_WORK_BTREE_MALLOC_CALLS	0
SEQ_WRITE_8M_WORK_BTREE_MALLOC_SAMPLES	0
SEQ_WRITE_8M_WORK_BTREE_MALLOC_SAMPLE_TICKS	0
SEQ_WRITE_8M_WORK_BTREE_FREE_CALLS	1
SEQ_WRITE_8M_WORK_BTREE_FREE_SAMPLES	1
SEQ_WRITE_8M_WORK_BTREE_FREE_SAMPLE_TICKS	0
SEQ_WRITE_8M_WORK_IFACE_ALLOC_CALLS	3
SEQ_WRITE_8M_WORK_IFACE_ALLOC_SAMPLES	3
SEQ_WRITE_8M_WORK_IFACE_ALLOC_SAMPLE_TICKS	453
SEQ_WRITE_8M_WORK_FREESPACE_ALLOC_CALLS	131
SEQ_WRITE_8M_WORK_FREESPACE_ALLOC_SAMPLES	131
SEQ_WRITE_8M_WORK_FREESPACE_ALLOC_SAMPLE_TICKS	5419
SEQ_WRITE_8M_WORK_DETAIL_INODE_READ_CALLS	259
SEQ_WRITE_8M_WORK_DETAIL_INODE_READ_SAMPLES	15
SEQ_WRITE_8M_WORK_DETAIL_INODE_READ_SAMPLE_TICKS	372
SEQ_WRITE_8M_WORK_DETAIL_INODE_VALIDATE_CALLS	388
SEQ_WRITE_8M_WORK_DETAIL_INODE_VALIDATE_SAMPLES	22
SEQ_WRITE_8M_WORK_DETAIL_INODE_VALIDATE_SAMPLE_TICKS	1
SEQ_WRITE_8M_WORK_DETAIL_INODE_SEARCH_CALLS	259
SEQ_WRITE_8M_WORK_DETAIL_INODE_SEARCH_SAMPLES	15
SEQ_WRITE_8M_WORK_DETAIL_INODE_SEARCH_SAMPLE_TICKS	71
SEQ_WRITE_8M_WORK_DETAIL_INODE_NODE_VIEW_CALLS	128
SEQ_WRITE_8M_WORK_DETAIL_INODE_NODE_VIEW_SAMPLES	7
SEQ_WRITE_8M_WORK_DETAIL_INODE_NODE_VIEW_SAMPLE_TICKS	0
SEQ_WRITE_8M_WORK_DETAIL_DIR_NODE_VIEW_CALLS	2
SEQ_WRITE_8M_WORK_DETAIL_DIR_NODE_VIEW_SAMPLES	0
SEQ_WRITE_8M_WORK_DETAIL_DIR_NODE_VIEW_SAMPLE_TICKS	0
SEQ_WRITE_8M_WORK_DETAIL_INODE_BINARY_SEARCH_CALLS	258
SEQ_WRITE_8M_WORK_DETAIL_INODE_BINARY_SEARCH_SAMPLES	15
SEQ_WRITE_8M_WORK_DETAIL_INODE_BINARY_SEARCH_SAMPLE_TICKS	1
SEQ_WRITE_8M_WORK_DETAIL_DIR_BINARY_SEARCH_CALLS	6
SEQ_WRITE_8M_WORK_DETAIL_DIR_BINARY_SEARCH_SAMPLES	0
SEQ_WRITE_8M_WORK_DETAIL_DIR_BINARY_SEARCH_SAMPLE_TICKS	0
SEQ_WRITE_8M_WORK_DETAIL_NODE_STRUCTURE_CALLS	5
SEQ_WRITE_8M_WORK_DETAIL_NODE_STRUCTURE_SAMPLES	0
SEQ_WRITE_8M_WORK_DETAIL_NODE_STRUCTURE_SAMPLE_TICKS	0
SEQ_WRITE_8M_WORK_DETAIL_CACHE_PEEK_CALLS	395
SEQ_WRITE_8M_WORK_DETAIL_CACHE_PEEK_SAMPLES	23
SEQ_WRITE_8M_WORK_DETAIL_CACHE_PEEK_SAMPLE_TICKS	22
SEQ_WRITE_8M_WORK_DETAIL_BUFFER_ALLOC_CALLS	134
SEQ_WRITE_8M_WORK_DETAIL_BUFFER_ALLOC_SAMPLES	7
SEQ_WRITE_8M_WORK_DETAIL_BUFFER_ALLOC_SAMPLE_TICKS	45
SEQ_WRITE_8M_WORK_DETAIL_BUFFER_FREE_CALLS	138
SEQ_WRITE_8M_WORK_DETAIL_BUFFER_FREE_SAMPLES	8
SEQ_WRITE_8M_WORK_DETAIL_BUFFER_FREE_SAMPLE_TICKS	46
SEQ_WRITE_8M_WORK_DETAIL_EXALL_FILL_CALLS	0
SEQ_WRITE_8M_WORK_DETAIL_EXALL_FILL_SAMPLES	0
SEQ_WRITE_8M_WORK_DETAIL_EXALL_FILL_SAMPLE_TICKS	0
SEQ_WRITE_8M_WORK_FREESPACE_ALLOCS	131
SEQ_WRITE_8M_VOLUME_FLUSH_BIO_READS	2
SEQ_WRITE_8M_VOLUME_FLUSH_BIO_WRITES	6
SEQ_WRITE_8M_VOLUME_FLUSH_BIO_UPDATES	3
SEQ_WRITE_8M_VOLUME_FLUSH_DATA_READS	0
SEQ_WRITE_8M_VOLUME_FLUSH_DATA_WRITES	0
SEQ_WRITE_8M_VOLUME_FLUSH_NODE_WRITES	5
SEQ_WRITE_8M_VOLUME_FLUSH_TXN_COMMITS	1
SEQ_WRITE_8M_VOLUME_FLUSH_EXTENT_MAPS	0
SEQ_WRITE_8M_VOLUME_FLUSH_READ_TICKS	45
SEQ_WRITE_8M_VOLUME_FLUSH_WRITE_TICKS	226
SEQ_WRITE_8M_VOLUME_FLUSH_UPDATE_TICKS	0
SEQ_WRITE_8M_VOLUME_FLUSH_DATA_READ_TICKS	0
SEQ_WRITE_8M_VOLUME_FLUSH_DATA_WRITE_TICKS	0
SEQ_WRITE_8M_VOLUME_FLUSH_NODE_CRC_READ_CALLS	0
SEQ_WRITE_8M_VOLUME_FLUSH_NODE_CRC_READ_SAMPLES	0
SEQ_WRITE_8M_VOLUME_FLUSH_NODE_CRC_READ_SAMPLE_TICKS	0
SEQ_WRITE_8M_VOLUME_FLUSH_NODE_CRC_WRITE_CALLS	5
SEQ_WRITE_8M_VOLUME_FLUSH_NODE_CRC_WRITE_SAMPLES	5
SEQ_WRITE_8M_VOLUME_FLUSH_NODE_CRC_WRITE_SAMPLE_TICKS	453
SEQ_WRITE_8M_VOLUME_FLUSH_CLOCK_PAIR_TICKS	1
SEQ_WRITE_8M_VOLUME_FLUSH_PACKET_CALLS	1
SEQ_WRITE_8M_VOLUME_FLUSH_PACKET_SAMPLES	1
SEQ_WRITE_8M_VOLUME_FLUSH_PACKET_SAMPLE_TICKS	1817
SEQ_WRITE_8M_VOLUME_FLUSH_PACKET_OPEN_CALLS	0
SEQ_WRITE_8M_VOLUME_FLUSH_PACKET_OPEN_SAMPLES	0
SEQ_WRITE_8M_VOLUME_FLUSH_PACKET_OPEN_SAMPLE_TICKS	0
SEQ_WRITE_8M_VOLUME_FLUSH_PACKET_READ_CALLS	0
SEQ_WRITE_8M_VOLUME_FLUSH_PACKET_READ_SAMPLES	0
SEQ_WRITE_8M_VOLUME_FLUSH_PACKET_READ_SAMPLE_TICKS	0
SEQ_WRITE_8M_VOLUME_FLUSH_PACKET_WRITE_CALLS	0
SEQ_WRITE_8M_VOLUME_FLUSH_PACKET_WRITE_SAMPLES	0
SEQ_WRITE_8M_VOLUME_FLUSH_PACKET_WRITE_SAMPLE_TICKS	0
SEQ_WRITE_8M_VOLUME_FLUSH_PACKET_END_CALLS	0
SEQ_WRITE_8M_VOLUME_FLUSH_PACKET_END_SAMPLES	0
SEQ_WRITE_8M_VOLUME_FLUSH_PACKET_END_SAMPLE_TICKS	0
SEQ_WRITE_8M_VOLUME_FLUSH_PACKET_DELETE_CALLS	0
SEQ_WRITE_8M_VOLUME_FLUSH_PACKET_DELETE_SAMPLES	0
SEQ_WRITE_8M_VOLUME_FLUSH_PACKET_DELETE_SAMPLE_TICKS	0
SEQ_WRITE_8M_VOLUME_FLUSH_PACKET_FLUSH_CALLS	1
SEQ_WRITE_8M_VOLUME_FLUSH_PACKET_FLUSH_SAMPLES	1
SEQ_WRITE_8M_VOLUME_FLUSH_PACKET_FLUSH_SAMPLE_TICKS	1817
SEQ_WRITE_8M_VOLUME_FLUSH_PACKET_OTHER_CALLS	0
SEQ_WRITE_8M_VOLUME_FLUSH_PACKET_OTHER_SAMPLES	0
SEQ_WRITE_8M_VOLUME_FLUSH_PACKET_OTHER_SAMPLE_TICKS	0
SEQ_WRITE_8M_VOLUME_FLUSH_CORE_CREATE_CALLS	0
SEQ_WRITE_8M_VOLUME_FLUSH_CORE_CREATE_SAMPLES	0
SEQ_WRITE_8M_VOLUME_FLUSH_CORE_CREATE_SAMPLE_TICKS	0
SEQ_WRITE_8M_VOLUME_FLUSH_CORE_DELETE_CALLS	0
SEQ_WRITE_8M_VOLUME_FLUSH_CORE_DELETE_SAMPLES	0
SEQ_WRITE_8M_VOLUME_FLUSH_CORE_DELETE_SAMPLE_TICKS	0
SEQ_WRITE_8M_VOLUME_FLUSH_CORE_FILE_WRITE_CALLS	0
SEQ_WRITE_8M_VOLUME_FLUSH_CORE_FILE_WRITE_SAMPLES	0
SEQ_WRITE_8M_VOLUME_FLUSH_CORE_FILE_WRITE_SAMPLE_TICKS	0
SEQ_WRITE_8M_VOLUME_FLUSH_CORE_SYNC_CALLS	1
SEQ_WRITE_8M_VOLUME_FLUSH_CORE_SYNC_SAMPLES	1
SEQ_WRITE_8M_VOLUME_FLUSH_CORE_SYNC_SAMPLE_TICKS	1800
SEQ_WRITE_8M_VOLUME_FLUSH_IFACE_FREE_CALLS	0
SEQ_WRITE_8M_VOLUME_FLUSH_IFACE_FREE_SAMPLES	0
SEQ_WRITE_8M_VOLUME_FLUSH_IFACE_FREE_SAMPLE_TICKS	0
SEQ_WRITE_8M_VOLUME_FLUSH_SEAL_COMMIT_CALLS	1
SEQ_WRITE_8M_VOLUME_FLUSH_SEAL_COMMIT_SAMPLES	1
SEQ_WRITE_8M_VOLUME_FLUSH_SEAL_COMMIT_SAMPLE_TICKS	635
SEQ_WRITE_8M_VOLUME_FLUSH_INODE_READ_CALLS	0
SEQ_WRITE_8M_VOLUME_FLUSH_BTREE_SEARCH_CALLS	0
SEQ_WRITE_8M_VOLUME_FLUSH_BTREE_INDEX_HINT_HITS	0
SEQ_WRITE_8M_VOLUME_FLUSH_BTREE_LEAF_HINT_HITS	0
SEQ_WRITE_8M_VOLUME_FLUSH_CACHE_READ_CALLS	5
SEQ_WRITE_8M_VOLUME_FLUSH_CACHE_READ_HITS	3
SEQ_WRITE_8M_VOLUME_FLUSH_CACHE_READ_MISSES	2
SEQ_WRITE_8M_VOLUME_FLUSH_FREE_TREE_NODE_VIEWS	1
SEQ_WRITE_8M_VOLUME_FLUSH_FREE_TREE_RESIDENT_VIEWS	1
SEQ_WRITE_8M_VOLUME_FLUSH_DIR_TREE_NODE_VIEWS	0
SEQ_WRITE_8M_VOLUME_FLUSH_DIR_TREE_RESIDENT_VIEWS	0
SEQ_WRITE_8M_VOLUME_FLUSH_INODE_TREE_NODE_VIEWS	0
SEQ_WRITE_8M_VOLUME_FLUSH_INODE_TREE_RESIDENT_VIEWS	0
SEQ_WRITE_8M_VOLUME_FLUSH_REFCOUNT_TREE_NODE_VIEWS	0
SEQ_WRITE_8M_VOLUME_FLUSH_REFCOUNT_TREE_RESIDENT_VIEWS	0
SEQ_WRITE_8M_VOLUME_FLUSH_OTHER_TREE_NODE_VIEWS	0
SEQ_WRITE_8M_VOLUME_FLUSH_OTHER_TREE_RESIDENT_VIEWS	0
SEQ_WRITE_8M_VOLUME_FLUSH_WRITE_DETAIL_INODE_READ_CALLS	0
SEQ_WRITE_8M_VOLUME_FLUSH_WRITE_DETAIL_INODE_READ_SAMPLES	0
SEQ_WRITE_8M_VOLUME_FLUSH_WRITE_DETAIL_INODE_READ_SAMPLE_TICKS	0
SEQ_WRITE_8M_VOLUME_FLUSH_WRITE_DETAIL_INODE_WRITE_CALLS	0
SEQ_WRITE_8M_VOLUME_FLUSH_WRITE_DETAIL_INODE_WRITE_SAMPLES	0
SEQ_WRITE_8M_VOLUME_FLUSH_WRITE_DETAIL_INODE_WRITE_SAMPLE_TICKS	0
SEQ_WRITE_8M_VOLUME_FLUSH_WRITE_DETAIL_EXTENT_MAP_CALLS	0
SEQ_WRITE_8M_VOLUME_FLUSH_WRITE_DETAIL_EXTENT_MAP_SAMPLES	0
SEQ_WRITE_8M_VOLUME_FLUSH_WRITE_DETAIL_EXTENT_MAP_SAMPLE_TICKS	0
SEQ_WRITE_8M_VOLUME_FLUSH_WRITE_DETAIL_FREESPACE_GOAL_CALLS	0
SEQ_WRITE_8M_VOLUME_FLUSH_WRITE_DETAIL_FREESPACE_GOAL_SAMPLES	0
SEQ_WRITE_8M_VOLUME_FLUSH_WRITE_DETAIL_FREESPACE_GOAL_SAMPLE_TICKS	0
SEQ_WRITE_8M_VOLUME_FLUSH_BTREE_MALLOC_CALLS	1
SEQ_WRITE_8M_VOLUME_FLUSH_BTREE_MALLOC_SAMPLES	1
SEQ_WRITE_8M_VOLUME_FLUSH_BTREE_MALLOC_SAMPLE_TICKS	0
SEQ_WRITE_8M_VOLUME_FLUSH_BTREE_FREE_CALLS	1
SEQ_WRITE_8M_VOLUME_FLUSH_BTREE_FREE_SAMPLES	1
SEQ_WRITE_8M_VOLUME_FLUSH_BTREE_FREE_SAMPLE_TICKS	0
SEQ_WRITE_8M_VOLUME_FLUSH_IFACE_ALLOC_CALLS	0
SEQ_WRITE_8M_VOLUME_FLUSH_IFACE_ALLOC_SAMPLES	0
SEQ_WRITE_8M_VOLUME_FLUSH_IFACE_ALLOC_SAMPLE_TICKS	0
SEQ_WRITE_8M_VOLUME_FLUSH_FREESPACE_ALLOC_CALLS	0
SEQ_WRITE_8M_VOLUME_FLUSH_FREESPACE_ALLOC_SAMPLES	0
SEQ_WRITE_8M_VOLUME_FLUSH_FREESPACE_ALLOC_SAMPLE_TICKS	0
SEQ_WRITE_8M_VOLUME_FLUSH_DETAIL_INODE_READ_CALLS	0
SEQ_WRITE_8M_VOLUME_FLUSH_DETAIL_INODE_READ_SAMPLES	0
SEQ_WRITE_8M_VOLUME_FLUSH_DETAIL_INODE_READ_SAMPLE_TICKS	0
SEQ_WRITE_8M_VOLUME_FLUSH_DETAIL_INODE_VALIDATE_CALLS	0
SEQ_WRITE_8M_VOLUME_FLUSH_DETAIL_INODE_VALIDATE_SAMPLES	0
SEQ_WRITE_8M_VOLUME_FLUSH_DETAIL_INODE_VALIDATE_SAMPLE_TICKS	0
SEQ_WRITE_8M_VOLUME_FLUSH_DETAIL_INODE_SEARCH_CALLS	0
SEQ_WRITE_8M_VOLUME_FLUSH_DETAIL_INODE_SEARCH_SAMPLES	0
SEQ_WRITE_8M_VOLUME_FLUSH_DETAIL_INODE_SEARCH_SAMPLE_TICKS	0
SEQ_WRITE_8M_VOLUME_FLUSH_DETAIL_INODE_NODE_VIEW_CALLS	0
SEQ_WRITE_8M_VOLUME_FLUSH_DETAIL_INODE_NODE_VIEW_SAMPLES	0
SEQ_WRITE_8M_VOLUME_FLUSH_DETAIL_INODE_NODE_VIEW_SAMPLE_TICKS	0
SEQ_WRITE_8M_VOLUME_FLUSH_DETAIL_DIR_NODE_VIEW_CALLS	0
SEQ_WRITE_8M_VOLUME_FLUSH_DETAIL_DIR_NODE_VIEW_SAMPLES	0
SEQ_WRITE_8M_VOLUME_FLUSH_DETAIL_DIR_NODE_VIEW_SAMPLE_TICKS	0
SEQ_WRITE_8M_VOLUME_FLUSH_DETAIL_INODE_BINARY_SEARCH_CALLS	0
SEQ_WRITE_8M_VOLUME_FLUSH_DETAIL_INODE_BINARY_SEARCH_SAMPLES	0
SEQ_WRITE_8M_VOLUME_FLUSH_DETAIL_INODE_BINARY_SEARCH_SAMPLE_TICKS	0
SEQ_WRITE_8M_VOLUME_FLUSH_DETAIL_DIR_BINARY_SEARCH_CALLS	0
SEQ_WRITE_8M_VOLUME_FLUSH_DETAIL_DIR_BINARY_SEARCH_SAMPLES	0
SEQ_WRITE_8M_VOLUME_FLUSH_DETAIL_DIR_BINARY_SEARCH_SAMPLE_TICKS	0
SEQ_WRITE_8M_VOLUME_FLUSH_DETAIL_NODE_STRUCTURE_CALLS	1
SEQ_WRITE_8M_VOLUME_FLUSH_DETAIL_NODE_STRUCTURE_SAMPLES	0
SEQ_WRITE_8M_VOLUME_FLUSH_DETAIL_NODE_STRUCTURE_SAMPLE_TICKS	0
SEQ_WRITE_8M_VOLUME_FLUSH_DETAIL_CACHE_PEEK_CALLS	1
SEQ_WRITE_8M_VOLUME_FLUSH_DETAIL_CACHE_PEEK_SAMPLES	0
SEQ_WRITE_8M_VOLUME_FLUSH_DETAIL_CACHE_PEEK_SAMPLE_TICKS	0
SEQ_WRITE_8M_VOLUME_FLUSH_DETAIL_BUFFER_ALLOC_CALLS	4
SEQ_WRITE_8M_VOLUME_FLUSH_DETAIL_BUFFER_ALLOC_SAMPLES	0
SEQ_WRITE_8M_VOLUME_FLUSH_DETAIL_BUFFER_ALLOC_SAMPLE_TICKS	0
SEQ_WRITE_8M_VOLUME_FLUSH_DETAIL_BUFFER_FREE_CALLS	4
SEQ_WRITE_8M_VOLUME_FLUSH_DETAIL_BUFFER_FREE_SAMPLES	0
SEQ_WRITE_8M_VOLUME_FLUSH_DETAIL_BUFFER_FREE_SAMPLE_TICKS	0
SEQ_WRITE_8M_VOLUME_FLUSH_DETAIL_EXALL_FILL_CALLS	0
SEQ_WRITE_8M_VOLUME_FLUSH_DETAIL_EXALL_FILL_SAMPLES	0
SEQ_WRITE_8M_VOLUME_FLUSH_DETAIL_EXALL_FILL_SAMPLE_TICKS	0
SEQ_WRITE_8M_VOLUME_FLUSH_FREESPACE_ALLOCS	0
SEQ_READ_8M_US	278782
SEQ_READ_8M_WORK_US	278782
SEQ_READ_8M_VOLUME_FLUSH_US	0
SEQ_READ_8M_HAS_VOLUME_FLUSH	0
SEQ_READ_8M_GUEST_OPEN_CALLS	1
SEQ_READ_8M_GUEST_OPEN_US	640
SEQ_READ_8M_GUEST_READ_CALLS	129
SEQ_READ_8M_GUEST_READ_US	37688
SEQ_READ_8M_GUEST_WRITE_CALLS	0
SEQ_READ_8M_GUEST_WRITE_US	0
SEQ_READ_8M_GUEST_HANDLE_FLUSH_CALLS	0
SEQ_READ_8M_GUEST_HANDLE_FLUSH_US	0
SEQ_READ_8M_GUEST_CLOSE_CALLS	1
SEQ_READ_8M_GUEST_CLOSE_US	64
SEQ_READ_8M_GUEST_VERIFY_CALLS	128
SEQ_READ_8M_GUEST_VERIFY_US	239033
SEQ_READ_8M_WORK_BIO_READS	128
SEQ_READ_8M_WORK_BIO_WRITES	0
SEQ_READ_8M_WORK_BIO_UPDATES	0
SEQ_READ_8M_WORK_DATA_READS	128
SEQ_READ_8M_WORK_DATA_WRITES	0
SEQ_READ_8M_WORK_NODE_WRITES	0
SEQ_READ_8M_WORK_TXN_COMMITS	0
SEQ_READ_8M_WORK_EXTENT_MAPS	0
SEQ_READ_8M_WORK_READ_TICKS	15711
SEQ_READ_8M_WORK_WRITE_TICKS	0
SEQ_READ_8M_WORK_UPDATE_TICKS	0
SEQ_READ_8M_WORK_DATA_READ_TICKS	15711
SEQ_READ_8M_WORK_DATA_WRITE_TICKS	0
SEQ_READ_8M_WORK_NODE_CRC_READ_CALLS	0
SEQ_READ_8M_WORK_NODE_CRC_READ_SAMPLES	0
SEQ_READ_8M_WORK_NODE_CRC_READ_SAMPLE_TICKS	0
SEQ_READ_8M_WORK_NODE_CRC_WRITE_CALLS	0
SEQ_READ_8M_WORK_NODE_CRC_WRITE_SAMPLES	0
SEQ_READ_8M_WORK_NODE_CRC_WRITE_SAMPLE_TICKS	0
SEQ_READ_8M_WORK_CLOCK_PAIR_TICKS	1
SEQ_READ_8M_WORK_PACKET_CALLS	131
SEQ_READ_8M_WORK_PACKET_SAMPLES	131
SEQ_READ_8M_WORK_PACKET_SAMPLE_TICKS	24538
SEQ_READ_8M_WORK_PACKET_OPEN_CALLS	1
SEQ_READ_8M_WORK_PACKET_OPEN_SAMPLES	1
SEQ_READ_8M_WORK_PACKET_OPEN_SAMPLE_TICKS	318
SEQ_READ_8M_WORK_PACKET_READ_CALLS	129
SEQ_READ_8M_WORK_PACKET_READ_SAMPLES	129
SEQ_READ_8M_WORK_PACKET_READ_SAMPLE_TICKS	24220
SEQ_READ_8M_WORK_PACKET_WRITE_CALLS	0
SEQ_READ_8M_WORK_PACKET_WRITE_SAMPLES	0
SEQ_READ_8M_WORK_PACKET_WRITE_SAMPLE_TICKS	0
SEQ_READ_8M_WORK_PACKET_END_CALLS	1
SEQ_READ_8M_WORK_PACKET_END_SAMPLES	1
SEQ_READ_8M_WORK_PACKET_END_SAMPLE_TICKS	0
SEQ_READ_8M_WORK_PACKET_DELETE_CALLS	0
SEQ_READ_8M_WORK_PACKET_DELETE_SAMPLES	0
SEQ_READ_8M_WORK_PACKET_DELETE_SAMPLE_TICKS	0
SEQ_READ_8M_WORK_PACKET_FLUSH_CALLS	0
SEQ_READ_8M_WORK_PACKET_FLUSH_SAMPLES	0
SEQ_READ_8M_WORK_PACKET_FLUSH_SAMPLE_TICKS	0
SEQ_READ_8M_WORK_PACKET_OTHER_CALLS	0
SEQ_READ_8M_WORK_PACKET_OTHER_SAMPLES	0
SEQ_READ_8M_WORK_PACKET_OTHER_SAMPLE_TICKS	0
SEQ_READ_8M_WORK_CORE_CREATE_CALLS	0
SEQ_READ_8M_WORK_CORE_CREATE_SAMPLES	0
SEQ_READ_8M_WORK_CORE_CREATE_SAMPLE_TICKS	0
SEQ_READ_8M_WORK_CORE_DELETE_CALLS	0
SEQ_READ_8M_WORK_CORE_DELETE_SAMPLES	0
SEQ_READ_8M_WORK_CORE_DELETE_SAMPLE_TICKS	0
SEQ_READ_8M_WORK_CORE_FILE_WRITE_CALLS	0
SEQ_READ_8M_WORK_CORE_FILE_WRITE_SAMPLES	0
SEQ_READ_8M_WORK_CORE_FILE_WRITE_SAMPLE_TICKS	0
SEQ_READ_8M_WORK_CORE_SYNC_CALLS	0
SEQ_READ_8M_WORK_CORE_SYNC_SAMPLES	0
SEQ_READ_8M_WORK_CORE_SYNC_SAMPLE_TICKS	0
SEQ_READ_8M_WORK_IFACE_FREE_CALLS	0
SEQ_READ_8M_WORK_IFACE_FREE_SAMPLES	0
SEQ_READ_8M_WORK_IFACE_FREE_SAMPLE_TICKS	0
SEQ_READ_8M_WORK_SEAL_COMMIT_CALLS	0
SEQ_READ_8M_WORK_SEAL_COMMIT_SAMPLES	0
SEQ_READ_8M_WORK_SEAL_COMMIT_SAMPLE_TICKS	0
SEQ_READ_8M_WORK_INODE_READ_CALLS	260
SEQ_READ_8M_WORK_BTREE_SEARCH_CALLS	261
SEQ_READ_8M_WORK_BTREE_INDEX_HINT_HITS	259
SEQ_READ_8M_WORK_BTREE_LEAF_HINT_HITS	0
SEQ_READ_8M_WORK_CACHE_READ_CALLS	3
SEQ_READ_8M_WORK_CACHE_READ_HITS	3
SEQ_READ_8M_WORK_CACHE_READ_MISSES	0
SEQ_READ_8M_WORK_FREE_TREE_NODE_VIEWS	0
SEQ_READ_8M_WORK_FREE_TREE_RESIDENT_VIEWS	0
SEQ_READ_8M_WORK_DIR_TREE_NODE_VIEWS	2
SEQ_READ_8M_WORK_DIR_TREE_RESIDENT_VIEWS	0
SEQ_READ_8M_WORK_INODE_TREE_NODE_VIEWS	1
SEQ_READ_8M_WORK_INODE_TREE_RESIDENT_VIEWS	0
SEQ_READ_8M_WORK_REFCOUNT_TREE_NODE_VIEWS	0
SEQ_READ_8M_WORK_REFCOUNT_TREE_RESIDENT_VIEWS	0
SEQ_READ_8M_WORK_OTHER_TREE_NODE_VIEWS	0
SEQ_READ_8M_WORK_OTHER_TREE_RESIDENT_VIEWS	0
SEQ_READ_8M_WORK_WRITE_DETAIL_INODE_READ_CALLS	260
SEQ_READ_8M_WORK_WRITE_DETAIL_INODE_READ_SAMPLES	260
SEQ_READ_8M_WORK_WRITE_DETAIL_INODE_READ_SAMPLE_TICKS	4168
SEQ_READ_8M_WORK_WRITE_DETAIL_INODE_WRITE_CALLS	0
SEQ_READ_8M_WORK_WRITE_DETAIL_INODE_WRITE_SAMPLES	0
SEQ_READ_8M_WORK_WRITE_DETAIL_INODE_WRITE_SAMPLE_TICKS	0
SEQ_READ_8M_WORK_WRITE_DETAIL_EXTENT_MAP_CALLS	0
SEQ_READ_8M_WORK_WRITE_DETAIL_EXTENT_MAP_SAMPLES	0
SEQ_READ_8M_WORK_WRITE_DETAIL_EXTENT_MAP_SAMPLE_TICKS	0
SEQ_READ_8M_WORK_WRITE_DETAIL_FREESPACE_GOAL_CALLS	0
SEQ_READ_8M_WORK_WRITE_DETAIL_FREESPACE_GOAL_SAMPLES	0
SEQ_READ_8M_WORK_WRITE_DETAIL_FREESPACE_GOAL_SAMPLE_TICKS	0
SEQ_READ_8M_WORK_BTREE_MALLOC_CALLS	0
SEQ_READ_8M_WORK_BTREE_MALLOC_SAMPLES	0
SEQ_READ_8M_WORK_BTREE_MALLOC_SAMPLE_TICKS	0
SEQ_READ_8M_WORK_BTREE_FREE_CALLS	0
SEQ_READ_8M_WORK_BTREE_FREE_SAMPLES	0
SEQ_READ_8M_WORK_BTREE_FREE_SAMPLE_TICKS	0
SEQ_READ_8M_WORK_IFACE_ALLOC_CALLS	0
SEQ_READ_8M_WORK_IFACE_ALLOC_SAMPLES	0
SEQ_READ_8M_WORK_IFACE_ALLOC_SAMPLE_TICKS	0
SEQ_READ_8M_WORK_FREESPACE_ALLOC_CALLS	0
SEQ_READ_8M_WORK_FREESPACE_ALLOC_SAMPLES	0
SEQ_READ_8M_WORK_FREESPACE_ALLOC_SAMPLE_TICKS	0
SEQ_READ_8M_WORK_DETAIL_INODE_READ_CALLS	260
SEQ_READ_8M_WORK_DETAIL_INODE_READ_SAMPLES	15
SEQ_READ_8M_WORK_DETAIL_INODE_READ_SAMPLE_TICKS	277
SEQ_READ_8M_WORK_DETAIL_INODE_VALIDATE_CALLS	260
SEQ_READ_8M_WORK_DETAIL_INODE_VALIDATE_SAMPLES	15
SEQ_READ_8M_WORK_DETAIL_INODE_VALIDATE_SAMPLE_TICKS	0
SEQ_READ_8M_WORK_DETAIL_INODE_SEARCH_CALLS	260
SEQ_READ_8M_WORK_DETAIL_INODE_SEARCH_SAMPLES	15
SEQ_READ_8M_WORK_DETAIL_INODE_SEARCH_SAMPLE_TICKS	225
SEQ_READ_8M_WORK_DETAIL_INODE_NODE_VIEW_CALLS	1
SEQ_READ_8M_WORK_DETAIL_INODE_NODE_VIEW_SAMPLES	0
SEQ_READ_8M_WORK_DETAIL_INODE_NODE_VIEW_SAMPLE_TICKS	0
SEQ_READ_8M_WORK_DETAIL_DIR_NODE_VIEW_CALLS	2
SEQ_READ_8M_WORK_DETAIL_DIR_NODE_VIEW_SAMPLES	0
SEQ_READ_8M_WORK_DETAIL_DIR_NODE_VIEW_SAMPLE_TICKS	0
SEQ_READ_8M_WORK_DETAIL_INODE_BINARY_SEARCH_CALLS	1
SEQ_READ_8M_WORK_DETAIL_INODE_BINARY_SEARCH_SAMPLES	0
SEQ_READ_8M_WORK_DETAIL_INODE_BINARY_SEARCH_SAMPLE_TICKS	0
SEQ_READ_8M_WORK_DETAIL_DIR_BINARY_SEARCH_CALLS	2
SEQ_READ_8M_WORK_DETAIL_DIR_BINARY_SEARCH_SAMPLES	0
SEQ_READ_8M_WORK_DETAIL_DIR_BINARY_SEARCH_SAMPLE_TICKS	0
SEQ_READ_8M_WORK_DETAIL_NODE_STRUCTURE_CALLS	3
SEQ_READ_8M_WORK_DETAIL_NODE_STRUCTURE_SAMPLES	0
SEQ_READ_8M_WORK_DETAIL_NODE_STRUCTURE_SAMPLE_TICKS	0
SEQ_READ_8M_WORK_DETAIL_CACHE_PEEK_CALLS	262
SEQ_READ_8M_WORK_DETAIL_CACHE_PEEK_SAMPLES	15
SEQ_READ_8M_WORK_DETAIL_CACHE_PEEK_SAMPLE_TICKS	9
SEQ_READ_8M_WORK_DETAIL_BUFFER_ALLOC_CALLS	2
SEQ_READ_8M_WORK_DETAIL_BUFFER_ALLOC_SAMPLES	0
SEQ_READ_8M_WORK_DETAIL_BUFFER_ALLOC_SAMPLE_TICKS	0
SEQ_READ_8M_WORK_DETAIL_BUFFER_FREE_CALLS	2
SEQ_READ_8M_WORK_DETAIL_BUFFER_FREE_SAMPLES	0
SEQ_READ_8M_WORK_DETAIL_BUFFER_FREE_SAMPLE_TICKS	0
SEQ_READ_8M_WORK_DETAIL_EXALL_FILL_CALLS	0
SEQ_READ_8M_WORK_DETAIL_EXALL_FILL_SAMPLES	0
SEQ_READ_8M_WORK_DETAIL_EXALL_FILL_SAMPLE_TICKS	0
SEQ_READ_8M_WORK_FREESPACE_ALLOCS	0
SEQ_READ_8M_VOLUME_FLUSH_BIO_READS	0
SEQ_READ_8M_VOLUME_FLUSH_BIO_WRITES	0
SEQ_READ_8M_VOLUME_FLUSH_BIO_UPDATES	0
SEQ_READ_8M_VOLUME_FLUSH_DATA_READS	0
SEQ_READ_8M_VOLUME_FLUSH_DATA_WRITES	0
SEQ_READ_8M_VOLUME_FLUSH_NODE_WRITES	0
SEQ_READ_8M_VOLUME_FLUSH_TXN_COMMITS	0
SEQ_READ_8M_VOLUME_FLUSH_EXTENT_MAPS	0
SEQ_READ_8M_VOLUME_FLUSH_READ_TICKS	0
SEQ_READ_8M_VOLUME_FLUSH_WRITE_TICKS	0
SEQ_READ_8M_VOLUME_FLUSH_UPDATE_TICKS	0
SEQ_READ_8M_VOLUME_FLUSH_DATA_READ_TICKS	0
SEQ_READ_8M_VOLUME_FLUSH_DATA_WRITE_TICKS	0
SEQ_READ_8M_VOLUME_FLUSH_NODE_CRC_READ_CALLS	0
SEQ_READ_8M_VOLUME_FLUSH_NODE_CRC_READ_SAMPLES	0
SEQ_READ_8M_VOLUME_FLUSH_NODE_CRC_READ_SAMPLE_TICKS	0
SEQ_READ_8M_VOLUME_FLUSH_NODE_CRC_WRITE_CALLS	0
SEQ_READ_8M_VOLUME_FLUSH_NODE_CRC_WRITE_SAMPLES	0
SEQ_READ_8M_VOLUME_FLUSH_NODE_CRC_WRITE_SAMPLE_TICKS	0
SEQ_READ_8M_VOLUME_FLUSH_CLOCK_PAIR_TICKS	0
SEQ_READ_8M_VOLUME_FLUSH_PACKET_CALLS	0
SEQ_READ_8M_VOLUME_FLUSH_PACKET_SAMPLES	0
SEQ_READ_8M_VOLUME_FLUSH_PACKET_SAMPLE_TICKS	0
SEQ_READ_8M_VOLUME_FLUSH_PACKET_OPEN_CALLS	0
SEQ_READ_8M_VOLUME_FLUSH_PACKET_OPEN_SAMPLES	0
SEQ_READ_8M_VOLUME_FLUSH_PACKET_OPEN_SAMPLE_TICKS	0
SEQ_READ_8M_VOLUME_FLUSH_PACKET_READ_CALLS	0
SEQ_READ_8M_VOLUME_FLUSH_PACKET_READ_SAMPLES	0
SEQ_READ_8M_VOLUME_FLUSH_PACKET_READ_SAMPLE_TICKS	0
SEQ_READ_8M_VOLUME_FLUSH_PACKET_WRITE_CALLS	0
SEQ_READ_8M_VOLUME_FLUSH_PACKET_WRITE_SAMPLES	0
SEQ_READ_8M_VOLUME_FLUSH_PACKET_WRITE_SAMPLE_TICKS	0
SEQ_READ_8M_VOLUME_FLUSH_PACKET_END_CALLS	0
SEQ_READ_8M_VOLUME_FLUSH_PACKET_END_SAMPLES	0
SEQ_READ_8M_VOLUME_FLUSH_PACKET_END_SAMPLE_TICKS	0
SEQ_READ_8M_VOLUME_FLUSH_PACKET_DELETE_CALLS	0
SEQ_READ_8M_VOLUME_FLUSH_PACKET_DELETE_SAMPLES	0
SEQ_READ_8M_VOLUME_FLUSH_PACKET_DELETE_SAMPLE_TICKS	0
SEQ_READ_8M_VOLUME_FLUSH_PACKET_FLUSH_CALLS	0
SEQ_READ_8M_VOLUME_FLUSH_PACKET_FLUSH_SAMPLES	0
SEQ_READ_8M_VOLUME_FLUSH_PACKET_FLUSH_SAMPLE_TICKS	0
SEQ_READ_8M_VOLUME_FLUSH_PACKET_OTHER_CALLS	0
SEQ_READ_8M_VOLUME_FLUSH_PACKET_OTHER_SAMPLES	0
SEQ_READ_8M_VOLUME_FLUSH_PACKET_OTHER_SAMPLE_TICKS	0
SEQ_READ_8M_VOLUME_FLUSH_CORE_CREATE_CALLS	0
SEQ_READ_8M_VOLUME_FLUSH_CORE_CREATE_SAMPLES	0
SEQ_READ_8M_VOLUME_FLUSH_CORE_CREATE_SAMPLE_TICKS	0
SEQ_READ_8M_VOLUME_FLUSH_CORE_DELETE_CALLS	0
SEQ_READ_8M_VOLUME_FLUSH_CORE_DELETE_SAMPLES	0
SEQ_READ_8M_VOLUME_FLUSH_CORE_DELETE_SAMPLE_TICKS	0
SEQ_READ_8M_VOLUME_FLUSH_CORE_FILE_WRITE_CALLS	0
SEQ_READ_8M_VOLUME_FLUSH_CORE_FILE_WRITE_SAMPLES	0
SEQ_READ_8M_VOLUME_FLUSH_CORE_FILE_WRITE_SAMPLE_TICKS	0
SEQ_READ_8M_VOLUME_FLUSH_CORE_SYNC_CALLS	0
SEQ_READ_8M_VOLUME_FLUSH_CORE_SYNC_SAMPLES	0
SEQ_READ_8M_VOLUME_FLUSH_CORE_SYNC_SAMPLE_TICKS	0
SEQ_READ_8M_VOLUME_FLUSH_IFACE_FREE_CALLS	0
SEQ_READ_8M_VOLUME_FLUSH_IFACE_FREE_SAMPLES	0
SEQ_READ_8M_VOLUME_FLUSH_IFACE_FREE_SAMPLE_TICKS	0
SEQ_READ_8M_VOLUME_FLUSH_SEAL_COMMIT_CALLS	0
SEQ_READ_8M_VOLUME_FLUSH_SEAL_COMMIT_SAMPLES	0
SEQ_READ_8M_VOLUME_FLUSH_SEAL_COMMIT_SAMPLE_TICKS	0
SEQ_READ_8M_VOLUME_FLUSH_INODE_READ_CALLS	0
SEQ_READ_8M_VOLUME_FLUSH_BTREE_SEARCH_CALLS	0
SEQ_READ_8M_VOLUME_FLUSH_BTREE_INDEX_HINT_HITS	0
SEQ_READ_8M_VOLUME_FLUSH_BTREE_LEAF_HINT_HITS	0
SEQ_READ_8M_VOLUME_FLUSH_CACHE_READ_CALLS	0
SEQ_READ_8M_VOLUME_FLUSH_CACHE_READ_HITS	0
SEQ_READ_8M_VOLUME_FLUSH_CACHE_READ_MISSES	0
SEQ_READ_8M_VOLUME_FLUSH_FREE_TREE_NODE_VIEWS	0
SEQ_READ_8M_VOLUME_FLUSH_FREE_TREE_RESIDENT_VIEWS	0
SEQ_READ_8M_VOLUME_FLUSH_DIR_TREE_NODE_VIEWS	0
SEQ_READ_8M_VOLUME_FLUSH_DIR_TREE_RESIDENT_VIEWS	0
SEQ_READ_8M_VOLUME_FLUSH_INODE_TREE_NODE_VIEWS	0
SEQ_READ_8M_VOLUME_FLUSH_INODE_TREE_RESIDENT_VIEWS	0
SEQ_READ_8M_VOLUME_FLUSH_REFCOUNT_TREE_NODE_VIEWS	0
SEQ_READ_8M_VOLUME_FLUSH_REFCOUNT_TREE_RESIDENT_VIEWS	0
SEQ_READ_8M_VOLUME_FLUSH_OTHER_TREE_NODE_VIEWS	0
SEQ_READ_8M_VOLUME_FLUSH_OTHER_TREE_RESIDENT_VIEWS	0
SEQ_READ_8M_VOLUME_FLUSH_WRITE_DETAIL_INODE_READ_CALLS	0
SEQ_READ_8M_VOLUME_FLUSH_WRITE_DETAIL_INODE_READ_SAMPLES	0
SEQ_READ_8M_VOLUME_FLUSH_WRITE_DETAIL_INODE_READ_SAMPLE_TICKS	0
SEQ_READ_8M_VOLUME_FLUSH_WRITE_DETAIL_INODE_WRITE_CALLS	0
SEQ_READ_8M_VOLUME_FLUSH_WRITE_DETAIL_INODE_WRITE_SAMPLES	0
SEQ_READ_8M_VOLUME_FLUSH_WRITE_DETAIL_INODE_WRITE_SAMPLE_TICKS	0
SEQ_READ_8M_VOLUME_FLUSH_WRITE_DETAIL_EXTENT_MAP_CALLS	0
SEQ_READ_8M_VOLUME_FLUSH_WRITE_DETAIL_EXTENT_MAP_SAMPLES	0
SEQ_READ_8M_VOLUME_FLUSH_WRITE_DETAIL_EXTENT_MAP_SAMPLE_TICKS	0
SEQ_READ_8M_VOLUME_FLUSH_WRITE_DETAIL_FREESPACE_GOAL_CALLS	0
SEQ_READ_8M_VOLUME_FLUSH_WRITE_DETAIL_FREESPACE_GOAL_SAMPLES	0
SEQ_READ_8M_VOLUME_FLUSH_WRITE_DETAIL_FREESPACE_GOAL_SAMPLE_TICKS	0
SEQ_READ_8M_VOLUME_FLUSH_BTREE_MALLOC_CALLS	0
SEQ_READ_8M_VOLUME_FLUSH_BTREE_MALLOC_SAMPLES	0
SEQ_READ_8M_VOLUME_FLUSH_BTREE_MALLOC_SAMPLE_TICKS	0
SEQ_READ_8M_VOLUME_FLUSH_BTREE_FREE_CALLS	0
SEQ_READ_8M_VOLUME_FLUSH_BTREE_FREE_SAMPLES	0
SEQ_READ_8M_VOLUME_FLUSH_BTREE_FREE_SAMPLE_TICKS	0
SEQ_READ_8M_VOLUME_FLUSH_IFACE_ALLOC_CALLS	0
SEQ_READ_8M_VOLUME_FLUSH_IFACE_ALLOC_SAMPLES	0
SEQ_READ_8M_VOLUME_FLUSH_IFACE_ALLOC_SAMPLE_TICKS	0
SEQ_READ_8M_VOLUME_FLUSH_FREESPACE_ALLOC_CALLS	0
SEQ_READ_8M_VOLUME_FLUSH_FREESPACE_ALLOC_SAMPLES	0
SEQ_READ_8M_VOLUME_FLUSH_FREESPACE_ALLOC_SAMPLE_TICKS	0
SEQ_READ_8M_VOLUME_FLUSH_DETAIL_INODE_READ_CALLS	0
SEQ_READ_8M_VOLUME_FLUSH_DETAIL_INODE_READ_SAMPLES	0
SEQ_READ_8M_VOLUME_FLUSH_DETAIL_INODE_READ_SAMPLE_TICKS	0
SEQ_READ_8M_VOLUME_FLUSH_DETAIL_INODE_VALIDATE_CALLS	0
SEQ_READ_8M_VOLUME_FLUSH_DETAIL_INODE_VALIDATE_SAMPLES	0
SEQ_READ_8M_VOLUME_FLUSH_DETAIL_INODE_VALIDATE_SAMPLE_TICKS	0
SEQ_READ_8M_VOLUME_FLUSH_DETAIL_INODE_SEARCH_CALLS	0
SEQ_READ_8M_VOLUME_FLUSH_DETAIL_INODE_SEARCH_SAMPLES	0
SEQ_READ_8M_VOLUME_FLUSH_DETAIL_INODE_SEARCH_SAMPLE_TICKS	0
SEQ_READ_8M_VOLUME_FLUSH_DETAIL_INODE_NODE_VIEW_CALLS	0
SEQ_READ_8M_VOLUME_FLUSH_DETAIL_INODE_NODE_VIEW_SAMPLES	0
SEQ_READ_8M_VOLUME_FLUSH_DETAIL_INODE_NODE_VIEW_SAMPLE_TICKS	0
SEQ_READ_8M_VOLUME_FLUSH_DETAIL_DIR_NODE_VIEW_CALLS	0
SEQ_READ_8M_VOLUME_FLUSH_DETAIL_DIR_NODE_VIEW_SAMPLES	0
SEQ_READ_8M_VOLUME_FLUSH_DETAIL_DIR_NODE_VIEW_SAMPLE_TICKS	0
SEQ_READ_8M_VOLUME_FLUSH_DETAIL_INODE_BINARY_SEARCH_CALLS	0
SEQ_READ_8M_VOLUME_FLUSH_DETAIL_INODE_BINARY_SEARCH_SAMPLES	0
SEQ_READ_8M_VOLUME_FLUSH_DETAIL_INODE_BINARY_SEARCH_SAMPLE_TICKS	0
SEQ_READ_8M_VOLUME_FLUSH_DETAIL_DIR_BINARY_SEARCH_CALLS	0
SEQ_READ_8M_VOLUME_FLUSH_DETAIL_DIR_BINARY_SEARCH_SAMPLES	0
SEQ_READ_8M_VOLUME_FLUSH_DETAIL_DIR_BINARY_SEARCH_SAMPLE_TICKS	0
SEQ_READ_8M_VOLUME_FLUSH_DETAIL_NODE_STRUCTURE_CALLS	0
SEQ_READ_8M_VOLUME_FLUSH_DETAIL_NODE_STRUCTURE_SAMPLES	0
SEQ_READ_8M_VOLUME_FLUSH_DETAIL_NODE_STRUCTURE_SAMPLE_TICKS	0
SEQ_READ_8M_VOLUME_FLUSH_DETAIL_CACHE_PEEK_CALLS	0
SEQ_READ_8M_VOLUME_FLUSH_DETAIL_CACHE_PEEK_SAMPLES	0
SEQ_READ_8M_VOLUME_FLUSH_DETAIL_CACHE_PEEK_SAMPLE_TICKS	0
SEQ_READ_8M_VOLUME_FLUSH_DETAIL_BUFFER_ALLOC_CALLS	0
SEQ_READ_8M_VOLUME_FLUSH_DETAIL_BUFFER_ALLOC_SAMPLES	0
SEQ_READ_8M_VOLUME_FLUSH_DETAIL_BUFFER_ALLOC_SAMPLE_TICKS	0
SEQ_READ_8M_VOLUME_FLUSH_DETAIL_BUFFER_FREE_CALLS	0
SEQ_READ_8M_VOLUME_FLUSH_DETAIL_BUFFER_FREE_SAMPLES	0
SEQ_READ_8M_VOLUME_FLUSH_DETAIL_BUFFER_FREE_SAMPLE_TICKS	0
SEQ_READ_8M_VOLUME_FLUSH_DETAIL_EXALL_FILL_CALLS	0
SEQ_READ_8M_VOLUME_FLUSH_DETAIL_EXALL_FILL_SAMPLES	0
SEQ_READ_8M_VOLUME_FLUSH_DETAIL_EXALL_FILL_SAMPLE_TICKS	0
SEQ_READ_8M_VOLUME_FLUSH_FREESPACE_ALLOCS	0
SMALL_DELETE_40_US	25217
SMALL_DELETE_40_WORK_US	22913
SMALL_DELETE_40_VOLUME_FLUSH_US	2304
SMALL_DELETE_40_HAS_VOLUME_FLUSH	1
SMALL_DELETE_40_GUEST_OPEN_CALLS	0
SMALL_DELETE_40_GUEST_OPEN_US	0
SMALL_DELETE_40_GUEST_READ_CALLS	0
SMALL_DELETE_40_GUEST_READ_US	0
SMALL_DELETE_40_GUEST_WRITE_CALLS	0
SMALL_DELETE_40_GUEST_WRITE_US	0
SMALL_DELETE_40_GUEST_HANDLE_FLUSH_CALLS	0
SMALL_DELETE_40_GUEST_HANDLE_FLUSH_US	0
SMALL_DELETE_40_GUEST_CLOSE_CALLS	0
SMALL_DELETE_40_GUEST_CLOSE_US	0
SMALL_DELETE_40_GUEST_VERIFY_CALLS	0
SMALL_DELETE_40_GUEST_VERIFY_US	0
SMALL_DELETE_40_WORK_BIO_READS	0
SMALL_DELETE_40_WORK_BIO_WRITES	0
SMALL_DELETE_40_WORK_BIO_UPDATES	0
SMALL_DELETE_40_WORK_DATA_READS	0
SMALL_DELETE_40_WORK_DATA_WRITES	0
SMALL_DELETE_40_WORK_NODE_WRITES	0
SMALL_DELETE_40_WORK_TXN_COMMITS	0
SMALL_DELETE_40_WORK_EXTENT_MAPS	0
SMALL_DELETE_40_WORK_READ_TICKS	0
SMALL_DELETE_40_WORK_WRITE_TICKS	0
SMALL_DELETE_40_WORK_UPDATE_TICKS	0
SMALL_DELETE_40_WORK_DATA_READ_TICKS	0
SMALL_DELETE_40_WORK_DATA_WRITE_TICKS	0
SMALL_DELETE_40_WORK_NODE_CRC_READ_CALLS	0
SMALL_DELETE_40_WORK_NODE_CRC_READ_SAMPLES	0
SMALL_DELETE_40_WORK_NODE_CRC_READ_SAMPLE_TICKS	0
SMALL_DELETE_40_WORK_NODE_CRC_WRITE_CALLS	0
SMALL_DELETE_40_WORK_NODE_CRC_WRITE_SAMPLES	0
SMALL_DELETE_40_WORK_NODE_CRC_WRITE_SAMPLE_TICKS	0
SMALL_DELETE_40_WORK_CLOCK_PAIR_TICKS	0
SMALL_DELETE_40_WORK_PACKET_CALLS	40
SMALL_DELETE_40_WORK_PACKET_SAMPLES	40
SMALL_DELETE_40_WORK_PACKET_SAMPLE_TICKS	13937
SMALL_DELETE_40_WORK_PACKET_OPEN_CALLS	0
SMALL_DELETE_40_WORK_PACKET_OPEN_SAMPLES	0
SMALL_DELETE_40_WORK_PACKET_OPEN_SAMPLE_TICKS	0
SMALL_DELETE_40_WORK_PACKET_READ_CALLS	0
SMALL_DELETE_40_WORK_PACKET_READ_SAMPLES	0
SMALL_DELETE_40_WORK_PACKET_READ_SAMPLE_TICKS	0
SMALL_DELETE_40_WORK_PACKET_WRITE_CALLS	0
SMALL_DELETE_40_WORK_PACKET_WRITE_SAMPLES	0
SMALL_DELETE_40_WORK_PACKET_WRITE_SAMPLE_TICKS	0
SMALL_DELETE_40_WORK_PACKET_END_CALLS	0
SMALL_DELETE_40_WORK_PACKET_END_SAMPLES	0
SMALL_DELETE_40_WORK_PACKET_END_SAMPLE_TICKS	0
SMALL_DELETE_40_WORK_PACKET_DELETE_CALLS	40
SMALL_DELETE_40_WORK_PACKET_DELETE_SAMPLES	40
SMALL_DELETE_40_WORK_PACKET_DELETE_SAMPLE_TICKS	13937
SMALL_DELETE_40_WORK_PACKET_FLUSH_CALLS	0
SMALL_DELETE_40_WORK_PACKET_FLUSH_SAMPLES	0
SMALL_DELETE_40_WORK_PACKET_FLUSH_SAMPLE_TICKS	0
SMALL_DELETE_40_WORK_PACKET_OTHER_CALLS	0
SMALL_DELETE_40_WORK_PACKET_OTHER_SAMPLES	0
SMALL_DELETE_40_WORK_PACKET_OTHER_SAMPLE_TICKS	0
SMALL_DELETE_40_WORK_CORE_CREATE_CALLS	0
SMALL_DELETE_40_WORK_CORE_CREATE_SAMPLES	0
SMALL_DELETE_40_WORK_CORE_CREATE_SAMPLE_TICKS	0
SMALL_DELETE_40_WORK_CORE_DELETE_CALLS	40
SMALL_DELETE_40_WORK_CORE_DELETE_SAMPLES	40
SMALL_DELETE_40_WORK_CORE_DELETE_SAMPLE_TICKS	8796
SMALL_DELETE_40_WORK_CORE_FILE_WRITE_CALLS	0
SMALL_DELETE_40_WORK_CORE_FILE_WRITE_SAMPLES	0
SMALL_DELETE_40_WORK_CORE_FILE_WRITE_SAMPLE_TICKS	0
SMALL_DELETE_40_WORK_CORE_SYNC_CALLS	0
SMALL_DELETE_40_WORK_CORE_SYNC_SAMPLES	0
SMALL_DELETE_40_WORK_CORE_SYNC_SAMPLE_TICKS	0
SMALL_DELETE_40_WORK_IFACE_FREE_CALLS	4
SMALL_DELETE_40_WORK_IFACE_FREE_SAMPLES	4
SMALL_DELETE_40_WORK_IFACE_FREE_SAMPLE_TICKS	316
SMALL_DELETE_40_WORK_SEAL_COMMIT_CALLS	0
SMALL_DELETE_40_WORK_SEAL_COMMIT_SAMPLES	0
SMALL_DELETE_40_WORK_SEAL_COMMIT_SAMPLE_TICKS	0
SMALL_DELETE_40_WORK_INODE_READ_CALLS	80
SMALL_DELETE_40_WORK_BTREE_SEARCH_CALLS	204
SMALL_DELETE_40_WORK_BTREE_INDEX_HINT_HITS	40
SMALL_DELETE_40_WORK_BTREE_LEAF_HINT_HITS	54
SMALL_DELETE_40_WORK_CACHE_READ_CALLS	38
SMALL_DELETE_40_WORK_CACHE_READ_HITS	38
SMALL_DELETE_40_WORK_CACHE_READ_MISSES	0
SMALL_DELETE_40_WORK_FREE_TREE_NODE_VIEWS	19
SMALL_DELETE_40_WORK_FREE_TREE_RESIDENT_VIEWS	18
SMALL_DELETE_40_WORK_DIR_TREE_NODE_VIEWS	125
SMALL_DELETE_40_WORK_DIR_TREE_RESIDENT_VIEWS	125
SMALL_DELETE_40_WORK_INODE_TREE_NODE_VIEWS	39
SMALL_DELETE_40_WORK_INODE_TREE_RESIDENT_VIEWS	39
SMALL_DELETE_40_WORK_REFCOUNT_TREE_NODE_VIEWS	0
SMALL_DELETE_40_WORK_REFCOUNT_TREE_RESIDENT_VIEWS	0
SMALL_DELETE_40_WORK_OTHER_TREE_NODE_VIEWS	0
SMALL_DELETE_40_WORK_OTHER_TREE_RESIDENT_VIEWS	0
SMALL_DELETE_40_WORK_WRITE_DETAIL_INODE_READ_CALLS	80
SMALL_DELETE_40_WORK_WRITE_DETAIL_INODE_READ_SAMPLES	80
SMALL_DELETE_40_WORK_WRITE_DETAIL_INODE_READ_SAMPLE_TICKS	2002
SMALL_DELETE_40_WORK_WRITE_DETAIL_INODE_WRITE_CALLS	0
SMALL_DELETE_40_WORK_WRITE_DETAIL_INODE_WRITE_SAMPLES	0
SMALL_DELETE_40_WORK_WRITE_DETAIL_INODE_WRITE_SAMPLE_TICKS	0
SMALL_DELETE_40_WORK_WRITE_DETAIL_EXTENT_MAP_CALLS	0
SMALL_DELETE_40_WORK_WRITE_DETAIL_EXTENT_MAP_SAMPLES	0
SMALL_DELETE_40_WORK_WRITE_DETAIL_EXTENT_MAP_SAMPLE_TICKS	0
SMALL_DELETE_40_WORK_WRITE_DETAIL_FREESPACE_GOAL_CALLS	0
SMALL_DELETE_40_WORK_WRITE_DETAIL_FREESPACE_GOAL_SAMPLES	0
SMALL_DELETE_40_WORK_WRITE_DETAIL_FREESPACE_GOAL_SAMPLE_TICKS	0
SMALL_DELETE_40_WORK_BTREE_MALLOC_CALLS	0
SMALL_DELETE_40_WORK_BTREE_MALLOC_SAMPLES	0
SMALL_DELETE_40_WORK_BTREE_MALLOC_SAMPLE_TICKS	0
SMALL_DELETE_40_WORK_BTREE_FREE_CALLS	0
SMALL_DELETE_40_WORK_BTREE_FREE_SAMPLES	0
SMALL_DELETE_40_WORK_BTREE_FREE_SAMPLE_TICKS	0
SMALL_DELETE_40_WORK_IFACE_ALLOC_CALLS	6
SMALL_DELETE_40_WORK_IFACE_ALLOC_SAMPLES	6
SMALL_DELETE_40_WORK_IFACE_ALLOC_SAMPLE_TICKS	363
SMALL_DELETE_40_WORK_FREESPACE_ALLOC_CALLS	6
SMALL_DELETE_40_WORK_FREESPACE_ALLOC_SAMPLES	6
SMALL_DELETE_40_WORK_FREESPACE_ALLOC_SAMPLE_TICKS	317
SMALL_DELETE_40_WORK_DETAIL_INODE_READ_CALLS	80
SMALL_DELETE_40_WORK_DETAIL_INODE_READ_SAMPLES	4
SMALL_DELETE_40_WORK_DETAIL_INODE_READ_SAMPLE_TICKS	181
SMALL_DELETE_40_WORK_DETAIL_INODE_VALIDATE_CALLS	80
SMALL_DELETE_40_WORK_DETAIL_INODE_VALIDATE_SAMPLES	4
SMALL_DELETE_40_WORK_DETAIL_INODE_VALIDATE_SAMPLE_TICKS	0
SMALL_DELETE_40_WORK_DETAIL_INODE_SEARCH_CALLS	80
SMALL_DELETE_40_WORK_DETAIL_INODE_SEARCH_SAMPLES	4
SMALL_DELETE_40_WORK_DETAIL_INODE_SEARCH_SAMPLE_TICKS	92
SMALL_DELETE_40_WORK_DETAIL_INODE_NODE_VIEW_CALLS	39
SMALL_DELETE_40_WORK_DETAIL_INODE_NODE_VIEW_SAMPLES	2
SMALL_DELETE_40_WORK_DETAIL_INODE_NODE_VIEW_SAMPLE_TICKS	45
SMALL_DELETE_40_WORK_DETAIL_DIR_NODE_VIEW_CALLS	125
SMALL_DELETE_40_WORK_DETAIL_DIR_NODE_VIEW_SAMPLES	7
SMALL_DELETE_40_WORK_DETAIL_DIR_NODE_VIEW_SAMPLE_TICKS	45
SMALL_DELETE_40_WORK_DETAIL_INODE_BINARY_SEARCH_CALLS	79
SMALL_DELETE_40_WORK_DETAIL_INODE_BINARY_SEARCH_SAMPLES	4
SMALL_DELETE_40_WORK_DETAIL_INODE_BINARY_SEARCH_SAMPLE_TICKS	32
SMALL_DELETE_40_WORK_DETAIL_DIR_BINARY_SEARCH_CALLS	266
SMALL_DELETE_40_WORK_DETAIL_DIR_BINARY_SEARCH_SAMPLES	15
SMALL_DELETE_40_WORK_DETAIL_DIR_BINARY_SEARCH_SAMPLE_TICKS	26
SMALL_DELETE_40_WORK_DETAIL_NODE_STRUCTURE_CALLS	27
SMALL_DELETE_40_WORK_DETAIL_NODE_STRUCTURE_SAMPLES	1
SMALL_DELETE_40_WORK_DETAIL_NODE_STRUCTURE_SAMPLE_TICKS	46
SMALL_DELETE_40_WORK_DETAIL_CACHE_PEEK_CALLS	336
SMALL_DELETE_40_WORK_DETAIL_CACHE_PEEK_SAMPLES	19
SMALL_DELETE_40_WORK_DETAIL_CACHE_PEEK_SAMPLE_TICKS	66
SMALL_DELETE_40_WORK_DETAIL_BUFFER_ALLOC_CALLS	157
SMALL_DELETE_40_WORK_DETAIL_BUFFER_ALLOC_SAMPLES	9
SMALL_DELETE_40_WORK_DETAIL_BUFFER_ALLOC_SAMPLE_TICKS	24
SMALL_DELETE_40_WORK_DETAIL_BUFFER_FREE_CALLS	169
SMALL_DELETE_40_WORK_DETAIL_BUFFER_FREE_SAMPLES	9
SMALL_DELETE_40_WORK_DETAIL_BUFFER_FREE_SAMPLE_TICKS	45
SMALL_DELETE_40_WORK_DETAIL_EXALL_FILL_CALLS	0
SMALL_DELETE_40_WORK_DETAIL_EXALL_FILL_SAMPLES	0
SMALL_DELETE_40_WORK_DETAIL_EXALL_FILL_SAMPLE_TICKS	0
SMALL_DELETE_40_WORK_FREESPACE_ALLOCS	6
SMALL_DELETE_40_VOLUME_FLUSH_BIO_READS	0
SMALL_DELETE_40_VOLUME_FLUSH_BIO_WRITES	5
SMALL_DELETE_40_VOLUME_FLUSH_BIO_UPDATES	3
SMALL_DELETE_40_VOLUME_FLUSH_DATA_READS	0
SMALL_DELETE_40_VOLUME_FLUSH_DATA_WRITES	0
SMALL_DELETE_40_VOLUME_FLUSH_NODE_WRITES	4
SMALL_DELETE_40_VOLUME_FLUSH_TXN_COMMITS	1
SMALL_DELETE_40_VOLUME_FLUSH_EXTENT_MAPS	0
SMALL_DELETE_40_VOLUME_FLUSH_READ_TICKS	0
SMALL_DELETE_40_VOLUME_FLUSH_WRITE_TICKS	274
SMALL_DELETE_40_VOLUME_FLUSH_UPDATE_TICKS	0
SMALL_DELETE_40_VOLUME_FLUSH_DATA_READ_TICKS	0
SMALL_DELETE_40_VOLUME_FLUSH_DATA_WRITE_TICKS	0
SMALL_DELETE_40_VOLUME_FLUSH_NODE_CRC_READ_CALLS	0
SMALL_DELETE_40_VOLUME_FLUSH_NODE_CRC_READ_SAMPLES	0
SMALL_DELETE_40_VOLUME_FLUSH_NODE_CRC_READ_SAMPLE_TICKS	0
SMALL_DELETE_40_VOLUME_FLUSH_NODE_CRC_WRITE_CALLS	4
SMALL_DELETE_40_VOLUME_FLUSH_NODE_CRC_WRITE_SAMPLES	4
SMALL_DELETE_40_VOLUME_FLUSH_NODE_CRC_WRITE_SAMPLE_TICKS	137
SMALL_DELETE_40_VOLUME_FLUSH_CLOCK_PAIR_TICKS	1
SMALL_DELETE_40_VOLUME_FLUSH_PACKET_CALLS	1
SMALL_DELETE_40_VOLUME_FLUSH_PACKET_SAMPLES	1
SMALL_DELETE_40_VOLUME_FLUSH_PACKET_SAMPLE_TICKS	1589
SMALL_DELETE_40_VOLUME_FLUSH_PACKET_OPEN_CALLS	0
SMALL_DELETE_40_VOLUME_FLUSH_PACKET_OPEN_SAMPLES	0
SMALL_DELETE_40_VOLUME_FLUSH_PACKET_OPEN_SAMPLE_TICKS	0
SMALL_DELETE_40_VOLUME_FLUSH_PACKET_READ_CALLS	0
SMALL_DELETE_40_VOLUME_FLUSH_PACKET_READ_SAMPLES	0
SMALL_DELETE_40_VOLUME_FLUSH_PACKET_READ_SAMPLE_TICKS	0
SMALL_DELETE_40_VOLUME_FLUSH_PACKET_WRITE_CALLS	0
SMALL_DELETE_40_VOLUME_FLUSH_PACKET_WRITE_SAMPLES	0
SMALL_DELETE_40_VOLUME_FLUSH_PACKET_WRITE_SAMPLE_TICKS	0
SMALL_DELETE_40_VOLUME_FLUSH_PACKET_END_CALLS	0
SMALL_DELETE_40_VOLUME_FLUSH_PACKET_END_SAMPLES	0
SMALL_DELETE_40_VOLUME_FLUSH_PACKET_END_SAMPLE_TICKS	0
SMALL_DELETE_40_VOLUME_FLUSH_PACKET_DELETE_CALLS	0
SMALL_DELETE_40_VOLUME_FLUSH_PACKET_DELETE_SAMPLES	0
SMALL_DELETE_40_VOLUME_FLUSH_PACKET_DELETE_SAMPLE_TICKS	0
SMALL_DELETE_40_VOLUME_FLUSH_PACKET_FLUSH_CALLS	1
SMALL_DELETE_40_VOLUME_FLUSH_PACKET_FLUSH_SAMPLES	1
SMALL_DELETE_40_VOLUME_FLUSH_PACKET_FLUSH_SAMPLE_TICKS	1589
SMALL_DELETE_40_VOLUME_FLUSH_PACKET_OTHER_CALLS	0
SMALL_DELETE_40_VOLUME_FLUSH_PACKET_OTHER_SAMPLES	0
SMALL_DELETE_40_VOLUME_FLUSH_PACKET_OTHER_SAMPLE_TICKS	0
SMALL_DELETE_40_VOLUME_FLUSH_CORE_CREATE_CALLS	0
SMALL_DELETE_40_VOLUME_FLUSH_CORE_CREATE_SAMPLES	0
SMALL_DELETE_40_VOLUME_FLUSH_CORE_CREATE_SAMPLE_TICKS	0
SMALL_DELETE_40_VOLUME_FLUSH_CORE_DELETE_CALLS	0
SMALL_DELETE_40_VOLUME_FLUSH_CORE_DELETE_SAMPLES	0
SMALL_DELETE_40_VOLUME_FLUSH_CORE_DELETE_SAMPLE_TICKS	0
SMALL_DELETE_40_VOLUME_FLUSH_CORE_FILE_WRITE_CALLS	0
SMALL_DELETE_40_VOLUME_FLUSH_CORE_FILE_WRITE_SAMPLES	0
SMALL_DELETE_40_VOLUME_FLUSH_CORE_FILE_WRITE_SAMPLE_TICKS	0
SMALL_DELETE_40_VOLUME_FLUSH_CORE_SYNC_CALLS	1
SMALL_DELETE_40_VOLUME_FLUSH_CORE_SYNC_SAMPLES	1
SMALL_DELETE_40_VOLUME_FLUSH_CORE_SYNC_SAMPLE_TICKS	1589
SMALL_DELETE_40_VOLUME_FLUSH_IFACE_FREE_CALLS	0
SMALL_DELETE_40_VOLUME_FLUSH_IFACE_FREE_SAMPLES	0
SMALL_DELETE_40_VOLUME_FLUSH_IFACE_FREE_SAMPLE_TICKS	0
SMALL_DELETE_40_VOLUME_FLUSH_SEAL_COMMIT_CALLS	1
SMALL_DELETE_40_VOLUME_FLUSH_SEAL_COMMIT_SAMPLES	1
SMALL_DELETE_40_VOLUME_FLUSH_SEAL_COMMIT_SAMPLE_TICKS	726
SMALL_DELETE_40_VOLUME_FLUSH_INODE_READ_CALLS	0
SMALL_DELETE_40_VOLUME_FLUSH_BTREE_SEARCH_CALLS	0
SMALL_DELETE_40_VOLUME_FLUSH_BTREE_INDEX_HINT_HITS	0
SMALL_DELETE_40_VOLUME_FLUSH_BTREE_LEAF_HINT_HITS	0
SMALL_DELETE_40_VOLUME_FLUSH_CACHE_READ_CALLS	5
SMALL_DELETE_40_VOLUME_FLUSH_CACHE_READ_HITS	5
SMALL_DELETE_40_VOLUME_FLUSH_CACHE_READ_MISSES	0
SMALL_DELETE_40_VOLUME_FLUSH_FREE_TREE_NODE_VIEWS	1
SMALL_DELETE_40_VOLUME_FLUSH_FREE_TREE_RESIDENT_VIEWS	1
SMALL_DELETE_40_VOLUME_FLUSH_DIR_TREE_NODE_VIEWS	0
SMALL_DELETE_40_VOLUME_FLUSH_DIR_TREE_RESIDENT_VIEWS	0
SMALL_DELETE_40_VOLUME_FLUSH_INODE_TREE_NODE_VIEWS	0
SMALL_DELETE_40_VOLUME_FLUSH_INODE_TREE_RESIDENT_VIEWS	0
SMALL_DELETE_40_VOLUME_FLUSH_REFCOUNT_TREE_NODE_VIEWS	0
SMALL_DELETE_40_VOLUME_FLUSH_REFCOUNT_TREE_RESIDENT_VIEWS	0
SMALL_DELETE_40_VOLUME_FLUSH_OTHER_TREE_NODE_VIEWS	0
SMALL_DELETE_40_VOLUME_FLUSH_OTHER_TREE_RESIDENT_VIEWS	0
SMALL_DELETE_40_VOLUME_FLUSH_WRITE_DETAIL_INODE_READ_CALLS	0
SMALL_DELETE_40_VOLUME_FLUSH_WRITE_DETAIL_INODE_READ_SAMPLES	0
SMALL_DELETE_40_VOLUME_FLUSH_WRITE_DETAIL_INODE_READ_SAMPLE_TICKS	0
SMALL_DELETE_40_VOLUME_FLUSH_WRITE_DETAIL_INODE_WRITE_CALLS	0
SMALL_DELETE_40_VOLUME_FLUSH_WRITE_DETAIL_INODE_WRITE_SAMPLES	0
SMALL_DELETE_40_VOLUME_FLUSH_WRITE_DETAIL_INODE_WRITE_SAMPLE_TICKS	0
SMALL_DELETE_40_VOLUME_FLUSH_WRITE_DETAIL_EXTENT_MAP_CALLS	0
SMALL_DELETE_40_VOLUME_FLUSH_WRITE_DETAIL_EXTENT_MAP_SAMPLES	0
SMALL_DELETE_40_VOLUME_FLUSH_WRITE_DETAIL_EXTENT_MAP_SAMPLE_TICKS	0
SMALL_DELETE_40_VOLUME_FLUSH_WRITE_DETAIL_FREESPACE_GOAL_CALLS	0
SMALL_DELETE_40_VOLUME_FLUSH_WRITE_DETAIL_FREESPACE_GOAL_SAMPLES	0
SMALL_DELETE_40_VOLUME_FLUSH_WRITE_DETAIL_FREESPACE_GOAL_SAMPLE_TICKS	0
SMALL_DELETE_40_VOLUME_FLUSH_BTREE_MALLOC_CALLS	1
SMALL_DELETE_40_VOLUME_FLUSH_BTREE_MALLOC_SAMPLES	1
SMALL_DELETE_40_VOLUME_FLUSH_BTREE_MALLOC_SAMPLE_TICKS	0
SMALL_DELETE_40_VOLUME_FLUSH_BTREE_FREE_CALLS	1
SMALL_DELETE_40_VOLUME_FLUSH_BTREE_FREE_SAMPLES	1
SMALL_DELETE_40_VOLUME_FLUSH_BTREE_FREE_SAMPLE_TICKS	0
SMALL_DELETE_40_VOLUME_FLUSH_IFACE_ALLOC_CALLS	0
SMALL_DELETE_40_VOLUME_FLUSH_IFACE_ALLOC_SAMPLES	0
SMALL_DELETE_40_VOLUME_FLUSH_IFACE_ALLOC_SAMPLE_TICKS	0
SMALL_DELETE_40_VOLUME_FLUSH_FREESPACE_ALLOC_CALLS	0
SMALL_DELETE_40_VOLUME_FLUSH_FREESPACE_ALLOC_SAMPLES	0
SMALL_DELETE_40_VOLUME_FLUSH_FREESPACE_ALLOC_SAMPLE_TICKS	0
SMALL_DELETE_40_VOLUME_FLUSH_DETAIL_INODE_READ_CALLS	0
SMALL_DELETE_40_VOLUME_FLUSH_DETAIL_INODE_READ_SAMPLES	0
SMALL_DELETE_40_VOLUME_FLUSH_DETAIL_INODE_READ_SAMPLE_TICKS	0
SMALL_DELETE_40_VOLUME_FLUSH_DETAIL_INODE_VALIDATE_CALLS	0
SMALL_DELETE_40_VOLUME_FLUSH_DETAIL_INODE_VALIDATE_SAMPLES	0
SMALL_DELETE_40_VOLUME_FLUSH_DETAIL_INODE_VALIDATE_SAMPLE_TICKS	0
SMALL_DELETE_40_VOLUME_FLUSH_DETAIL_INODE_SEARCH_CALLS	0
SMALL_DELETE_40_VOLUME_FLUSH_DETAIL_INODE_SEARCH_SAMPLES	0
SMALL_DELETE_40_VOLUME_FLUSH_DETAIL_INODE_SEARCH_SAMPLE_TICKS	0
SMALL_DELETE_40_VOLUME_FLUSH_DETAIL_INODE_NODE_VIEW_CALLS	0
SMALL_DELETE_40_VOLUME_FLUSH_DETAIL_INODE_NODE_VIEW_SAMPLES	0
SMALL_DELETE_40_VOLUME_FLUSH_DETAIL_INODE_NODE_VIEW_SAMPLE_TICKS	0
SMALL_DELETE_40_VOLUME_FLUSH_DETAIL_DIR_NODE_VIEW_CALLS	0
SMALL_DELETE_40_VOLUME_FLUSH_DETAIL_DIR_NODE_VIEW_SAMPLES	0
SMALL_DELETE_40_VOLUME_FLUSH_DETAIL_DIR_NODE_VIEW_SAMPLE_TICKS	0
SMALL_DELETE_40_VOLUME_FLUSH_DETAIL_INODE_BINARY_SEARCH_CALLS	0
SMALL_DELETE_40_VOLUME_FLUSH_DETAIL_INODE_BINARY_SEARCH_SAMPLES	0
SMALL_DELETE_40_VOLUME_FLUSH_DETAIL_INODE_BINARY_SEARCH_SAMPLE_TICKS	0
SMALL_DELETE_40_VOLUME_FLUSH_DETAIL_DIR_BINARY_SEARCH_CALLS	0
SMALL_DELETE_40_VOLUME_FLUSH_DETAIL_DIR_BINARY_SEARCH_SAMPLES	0
SMALL_DELETE_40_VOLUME_FLUSH_DETAIL_DIR_BINARY_SEARCH_SAMPLE_TICKS	0
SMALL_DELETE_40_VOLUME_FLUSH_DETAIL_NODE_STRUCTURE_CALLS	1
SMALL_DELETE_40_VOLUME_FLUSH_DETAIL_NODE_STRUCTURE_SAMPLES	0
SMALL_DELETE_40_VOLUME_FLUSH_DETAIL_NODE_STRUCTURE_SAMPLE_TICKS	0
SMALL_DELETE_40_VOLUME_FLUSH_DETAIL_CACHE_PEEK_CALLS	1
SMALL_DELETE_40_VOLUME_FLUSH_DETAIL_CACHE_PEEK_SAMPLES	0
SMALL_DELETE_40_VOLUME_FLUSH_DETAIL_CACHE_PEEK_SAMPLE_TICKS	0
SMALL_DELETE_40_VOLUME_FLUSH_DETAIL_BUFFER_ALLOC_CALLS	4
SMALL_DELETE_40_VOLUME_FLUSH_DETAIL_BUFFER_ALLOC_SAMPLES	0
SMALL_DELETE_40_VOLUME_FLUSH_DETAIL_BUFFER_ALLOC_SAMPLE_TICKS	0
SMALL_DELETE_40_VOLUME_FLUSH_DETAIL_BUFFER_FREE_CALLS	4
SMALL_DELETE_40_VOLUME_FLUSH_DETAIL_BUFFER_FREE_SAMPLES	0
SMALL_DELETE_40_VOLUME_FLUSH_DETAIL_BUFFER_FREE_SAMPLE_TICKS	0
SMALL_DELETE_40_VOLUME_FLUSH_DETAIL_EXALL_FILL_CALLS	0
SMALL_DELETE_40_VOLUME_FLUSH_DETAIL_EXALL_FILL_SAMPLES	0
SMALL_DELETE_40_VOLUME_FLUSH_DETAIL_EXALL_FILL_SAMPLE_TICKS	0
SMALL_DELETE_40_VOLUME_FLUSH_FREESPACE_ALLOCS	0
APPEND_4K_1M_US	115967
APPEND_4K_1M_WORK_US	114175
APPEND_4K_1M_VOLUME_FLUSH_US	1792
APPEND_4K_1M_HAS_VOLUME_FLUSH	1
APPEND_4K_1M_GUEST_OPEN_CALLS	1
APPEND_4K_1M_GUEST_OPEN_US	960
APPEND_4K_1M_GUEST_READ_CALLS	0
APPEND_4K_1M_GUEST_READ_US	0
APPEND_4K_1M_GUEST_WRITE_CALLS	256
APPEND_4K_1M_GUEST_WRITE_US	111503
APPEND_4K_1M_GUEST_HANDLE_FLUSH_CALLS	1
APPEND_4K_1M_GUEST_HANDLE_FLUSH_US	0
APPEND_4K_1M_GUEST_CLOSE_CALLS	1
APPEND_4K_1M_GUEST_CLOSE_US	63
APPEND_4K_1M_GUEST_VERIFY_CALLS	0
APPEND_4K_1M_GUEST_VERIFY_US	0
APPEND_4K_1M_WORK_BIO_READS	0
APPEND_4K_1M_WORK_BIO_WRITES	256
APPEND_4K_1M_WORK_BIO_UPDATES	0
APPEND_4K_1M_WORK_DATA_READS	0
APPEND_4K_1M_WORK_DATA_WRITES	256
APPEND_4K_1M_WORK_NODE_WRITES	0
APPEND_4K_1M_WORK_TXN_COMMITS	0
APPEND_4K_1M_WORK_EXTENT_MAPS	256
APPEND_4K_1M_WORK_READ_TICKS	0
APPEND_4K_1M_WORK_WRITE_TICKS	12312
APPEND_4K_1M_WORK_UPDATE_TICKS	0
APPEND_4K_1M_WORK_DATA_READ_TICKS	0
APPEND_4K_1M_WORK_DATA_WRITE_TICKS	12312
APPEND_4K_1M_WORK_NODE_CRC_READ_CALLS	0
APPEND_4K_1M_WORK_NODE_CRC_READ_SAMPLES	0
APPEND_4K_1M_WORK_NODE_CRC_READ_SAMPLE_TICKS	0
APPEND_4K_1M_WORK_NODE_CRC_WRITE_CALLS	0
APPEND_4K_1M_WORK_NODE_CRC_WRITE_SAMPLES	0
APPEND_4K_1M_WORK_NODE_CRC_WRITE_SAMPLE_TICKS	0
APPEND_4K_1M_WORK_CLOCK_PAIR_TICKS	0
APPEND_4K_1M_WORK_PACKET_CALLS	258
APPEND_4K_1M_WORK_PACKET_SAMPLES	258
APPEND_4K_1M_WORK_PACKET_SAMPLE_TICKS	74106
APPEND_4K_1M_WORK_PACKET_OPEN_CALLS	1
APPEND_4K_1M_WORK_PACKET_OPEN_SAMPLES	1
APPEND_4K_1M_WORK_PACKET_OPEN_SAMPLE_TICKS	636
APPEND_4K_1M_WORK_PACKET_READ_CALLS	0
APPEND_4K_1M_WORK_PACKET_READ_SAMPLES	0
APPEND_4K_1M_WORK_PACKET_READ_SAMPLE_TICKS	0
APPEND_4K_1M_WORK_PACKET_WRITE_CALLS	256
APPEND_4K_1M_WORK_PACKET_WRITE_SAMPLES	256
APPEND_4K_1M_WORK_PACKET_WRITE_SAMPLE_TICKS	73470
APPEND_4K_1M_WORK_PACKET_END_CALLS	1
APPEND_4K_1M_WORK_PACKET_END_SAMPLES	1
APPEND_4K_1M_WORK_PACKET_END_SAMPLE_TICKS	0
APPEND_4K_1M_WORK_PACKET_DELETE_CALLS	0
APPEND_4K_1M_WORK_PACKET_DELETE_SAMPLES	0
APPEND_4K_1M_WORK_PACKET_DELETE_SAMPLE_TICKS	0
APPEND_4K_1M_WORK_PACKET_FLUSH_CALLS	0
APPEND_4K_1M_WORK_PACKET_FLUSH_SAMPLES	0
APPEND_4K_1M_WORK_PACKET_FLUSH_SAMPLE_TICKS	0
APPEND_4K_1M_WORK_PACKET_OTHER_CALLS	0
APPEND_4K_1M_WORK_PACKET_OTHER_SAMPLES	0
APPEND_4K_1M_WORK_PACKET_OTHER_SAMPLE_TICKS	0
APPEND_4K_1M_WORK_CORE_CREATE_CALLS	1
APPEND_4K_1M_WORK_CORE_CREATE_SAMPLES	1
APPEND_4K_1M_WORK_CORE_CREATE_SAMPLE_TICKS	409
APPEND_4K_1M_WORK_CORE_DELETE_CALLS	0
APPEND_4K_1M_WORK_CORE_DELETE_SAMPLES	0
APPEND_4K_1M_WORK_CORE_DELETE_SAMPLE_TICKS	0
APPEND_4K_1M_WORK_CORE_FILE_WRITE_CALLS	256
APPEND_4K_1M_WORK_CORE_FILE_WRITE_SAMPLES	256
APPEND_4K_1M_WORK_CORE_FILE_WRITE_SAMPLE_TICKS	60038
APPEND_4K_1M_WORK_CORE_SYNC_CALLS	0
APPEND_4K_1M_WORK_CORE_SYNC_SAMPLES	0
APPEND_4K_1M_WORK_CORE_SYNC_SAMPLE_TICKS	0
APPEND_4K_1M_WORK_IFACE_FREE_CALLS	0
APPEND_4K_1M_WORK_IFACE_FREE_SAMPLES	0
APPEND_4K_1M_WORK_IFACE_FREE_SAMPLE_TICKS	0
APPEND_4K_1M_WORK_SEAL_COMMIT_CALLS	0
APPEND_4K_1M_WORK_SEAL_COMMIT_SAMPLES	0
APPEND_4K_1M_WORK_SEAL_COMMIT_SAMPLE_TICKS	0
APPEND_4K_1M_WORK_INODE_READ_CALLS	515
APPEND_4K_1M_WORK_BTREE_SEARCH_CALLS	516
APPEND_4K_1M_WORK_BTREE_INDEX_HINT_HITS	258
APPEND_4K_1M_WORK_BTREE_LEAF_HINT_HITS	0
APPEND_4K_1M_WORK_CACHE_READ_CALLS	7
APPEND_4K_1M_WORK_CACHE_READ_HITS	7
APPEND_4K_1M_WORK_CACHE_READ_MISSES	0
APPEND_4K_1M_WORK_FREE_TREE_NODE_VIEWS	259
APPEND_4K_1M_WORK_FREE_TREE_RESIDENT_VIEWS	258
APPEND_4K_1M_WORK_DIR_TREE_NODE_VIEWS	1
APPEND_4K_1M_WORK_DIR_TREE_RESIDENT_VIEWS	0
APPEND_4K_1M_WORK_INODE_TREE_NODE_VIEWS	257
APPEND_4K_1M_WORK_INODE_TREE_RESIDENT_VIEWS	256
APPEND_4K_1M_WORK_REFCOUNT_TREE_NODE_VIEWS	0
APPEND_4K_1M_WORK_REFCOUNT_TREE_RESIDENT_VIEWS	0
APPEND_4K_1M_WORK_OTHER_TREE_NODE_VIEWS	0
APPEND_4K_1M_WORK_OTHER_TREE_RESIDENT_VIEWS	0
APPEND_4K_1M_WORK_WRITE_DETAIL_INODE_READ_CALLS	515
APPEND_4K_1M_WORK_WRITE_DETAIL_INODE_READ_SAMPLES	515
APPEND_4K_1M_WORK_WRITE_DETAIL_INODE_READ_SAMPLE_TICKS	13238
APPEND_4K_1M_WORK_WRITE_DETAIL_INODE_WRITE_CALLS	257
APPEND_4K_1M_WORK_WRITE_DETAIL_INODE_WRITE_SAMPLES	257
APPEND_4K_1M_WORK_WRITE_DETAIL_INODE_WRITE_SAMPLE_TICKS	7869
APPEND_4K_1M_WORK_WRITE_DETAIL_EXTENT_MAP_CALLS	256
APPEND_4K_1M_WORK_WRITE_DETAIL_EXTENT_MAP_SAMPLES	256
APPEND_4K_1M_WORK_WRITE_DETAIL_EXTENT_MAP_SAMPLE_TICKS	3019
APPEND_4K_1M_WORK_WRITE_DETAIL_FREESPACE_GOAL_CALLS	256
APPEND_4K_1M_WORK_WRITE_DETAIL_FREESPACE_GOAL_SAMPLES	256
APPEND_4K_1M_WORK_WRITE_DETAIL_FREESPACE_GOAL_SAMPLE_TICKS	9726
APPEND_4K_1M_WORK_BTREE_MALLOC_CALLS	0
APPEND_4K_1M_WORK_BTREE_MALLOC_SAMPLES	0
APPEND_4K_1M_WORK_BTREE_MALLOC_SAMPLE_TICKS	0
APPEND_4K_1M_WORK_BTREE_FREE_CALLS	1
APPEND_4K_1M_WORK_BTREE_FREE_SAMPLES	1
APPEND_4K_1M_WORK_BTREE_FREE_SAMPLE_TICKS	0
APPEND_4K_1M_WORK_IFACE_ALLOC_CALLS	2
APPEND_4K_1M_WORK_IFACE_ALLOC_SAMPLES	2
APPEND_4K_1M_WORK_IFACE_ALLOC_SAMPLE_TICKS	182
APPEND_4K_1M_WORK_FREESPACE_ALLOC_CALLS	258
APPEND_4K_1M_WORK_FREESPACE_ALLOC_SAMPLES	258
APPEND_4K_1M_WORK_FREESPACE_ALLOC_SAMPLE_TICKS	11724
APPEND_4K_1M_WORK_DETAIL_INODE_READ_CALLS	515
APPEND_4K_1M_WORK_DETAIL_INODE_READ_SAMPLES	30
APPEND_4K_1M_WORK_DETAIL_INODE_READ_SAMPLE_TICKS	953
APPEND_4K_1M_WORK_DETAIL_INODE_VALIDATE_CALLS	772
APPEND_4K_1M_WORK_DETAIL_INODE_VALIDATE_SAMPLES	45
APPEND_4K_1M_WORK_DETAIL_INODE_VALIDATE_SAMPLE_TICKS	337
APPEND_4K_1M_WORK_DETAIL_INODE_SEARCH_CALLS	515
APPEND_4K_1M_WORK_DETAIL_INODE_SEARCH_SAMPLES	30
APPEND_4K_1M_WORK_DETAIL_INODE_SEARCH_SAMPLE_TICKS	615
APPEND_4K_1M_WORK_DETAIL_INODE_NODE_VIEW_CALLS	257
APPEND_4K_1M_WORK_DETAIL_INODE_NODE_VIEW_SAMPLES	15
APPEND_4K_1M_WORK_DETAIL_INODE_NODE_VIEW_SAMPLE_TICKS	65
APPEND_4K_1M_WORK_DETAIL_DIR_NODE_VIEW_CALLS	1
APPEND_4K_1M_WORK_DETAIL_DIR_NODE_VIEW_SAMPLES	0
APPEND_4K_1M_WORK_DETAIL_DIR_NODE_VIEW_SAMPLE_TICKS	0
APPEND_4K_1M_WORK_DETAIL_INODE_BINARY_SEARCH_CALLS	515
APPEND_4K_1M_WORK_DETAIL_INODE_BINARY_SEARCH_SAMPLES	30
APPEND_4K_1M_WORK_DETAIL_INODE_BINARY_SEARCH_SAMPLE_TICKS	171
APPEND_4K_1M_WORK_DETAIL_DIR_BINARY_SEARCH_CALLS	2
APPEND_4K_1M_WORK_DETAIL_DIR_BINARY_SEARCH_SAMPLES	0
APPEND_4K_1M_WORK_DETAIL_DIR_BINARY_SEARCH_SAMPLE_TICKS	0
APPEND_4K_1M_WORK_DETAIL_NODE_STRUCTURE_CALLS	6
APPEND_4K_1M_WORK_DETAIL_NODE_STRUCTURE_SAMPLES	0
APPEND_4K_1M_WORK_DETAIL_NODE_STRUCTURE_SAMPLE_TICKS	0
APPEND_4K_1M_WORK_DETAIL_CACHE_PEEK_CALLS	775
APPEND_4K_1M_WORK_DETAIL_CACHE_PEEK_SAMPLES	45
APPEND_4K_1M_WORK_DETAIL_CACHE_PEEK_SAMPLE_TICKS	112
APPEND_4K_1M_WORK_DETAIL_BUFFER_ALLOC_CALLS	262
APPEND_4K_1M_WORK_DETAIL_BUFFER_ALLOC_SAMPLES	15
APPEND_4K_1M_WORK_DETAIL_BUFFER_ALLOC_SAMPLE_TICKS	63
APPEND_4K_1M_WORK_DETAIL_BUFFER_FREE_CALLS	266
APPEND_4K_1M_WORK_DETAIL_BUFFER_FREE_SAMPLES	15
APPEND_4K_1M_WORK_DETAIL_BUFFER_FREE_SAMPLE_TICKS	118
APPEND_4K_1M_WORK_DETAIL_EXALL_FILL_CALLS	0
APPEND_4K_1M_WORK_DETAIL_EXALL_FILL_SAMPLES	0
APPEND_4K_1M_WORK_DETAIL_EXALL_FILL_SAMPLE_TICKS	0
APPEND_4K_1M_WORK_FREESPACE_ALLOCS	258
APPEND_4K_1M_VOLUME_FLUSH_BIO_READS	0
APPEND_4K_1M_VOLUME_FLUSH_BIO_WRITES	5
APPEND_4K_1M_VOLUME_FLUSH_BIO_UPDATES	3
APPEND_4K_1M_VOLUME_FLUSH_DATA_READS	0
APPEND_4K_1M_VOLUME_FLUSH_DATA_WRITES	0
APPEND_4K_1M_VOLUME_FLUSH_NODE_WRITES	4
APPEND_4K_1M_VOLUME_FLUSH_TXN_COMMITS	1
APPEND_4K_1M_VOLUME_FLUSH_EXTENT_MAPS	0
APPEND_4K_1M_VOLUME_FLUSH_READ_TICKS	0
APPEND_4K_1M_VOLUME_FLUSH_WRITE_TICKS	182
APPEND_4K_1M_VOLUME_FLUSH_UPDATE_TICKS	45
APPEND_4K_1M_VOLUME_FLUSH_DATA_READ_TICKS	0
APPEND_4K_1M_VOLUME_FLUSH_DATA_WRITE_TICKS	0
APPEND_4K_1M_VOLUME_FLUSH_NODE_CRC_READ_CALLS	0
APPEND_4K_1M_VOLUME_FLUSH_NODE_CRC_READ_SAMPLES	0
APPEND_4K_1M_VOLUME_FLUSH_NODE_CRC_READ_SAMPLE_TICKS	0
APPEND_4K_1M_VOLUME_FLUSH_NODE_CRC_WRITE_CALLS	4
APPEND_4K_1M_VOLUME_FLUSH_NODE_CRC_WRITE_SAMPLES	4
APPEND_4K_1M_VOLUME_FLUSH_NODE_CRC_WRITE_SAMPLE_TICKS	136
APPEND_4K_1M_VOLUME_FLUSH_CLOCK_PAIR_TICKS	0
APPEND_4K_1M_VOLUME_FLUSH_PACKET_CALLS	1
APPEND_4K_1M_VOLUME_FLUSH_PACKET_SAMPLES	1
APPEND_4K_1M_VOLUME_FLUSH_PACKET_SAMPLE_TICKS	1180
APPEND_4K_1M_VOLUME_FLUSH_PACKET_OPEN_CALLS	0
APPEND_4K_1M_VOLUME_FLUSH_PACKET_OPEN_SAMPLES	0
APPEND_4K_1M_VOLUME_FLUSH_PACKET_OPEN_SAMPLE_TICKS	0
APPEND_4K_1M_VOLUME_FLUSH_PACKET_READ_CALLS	0
APPEND_4K_1M_VOLUME_FLUSH_PACKET_READ_SAMPLES	0
APPEND_4K_1M_VOLUME_FLUSH_PACKET_READ_SAMPLE_TICKS	0
APPEND_4K_1M_VOLUME_FLUSH_PACKET_WRITE_CALLS	0
APPEND_4K_1M_VOLUME_FLUSH_PACKET_WRITE_SAMPLES	0
APPEND_4K_1M_VOLUME_FLUSH_PACKET_WRITE_SAMPLE_TICKS	0
APPEND_4K_1M_VOLUME_FLUSH_PACKET_END_CALLS	0
APPEND_4K_1M_VOLUME_FLUSH_PACKET_END_SAMPLES	0
APPEND_4K_1M_VOLUME_FLUSH_PACKET_END_SAMPLE_TICKS	0
APPEND_4K_1M_VOLUME_FLUSH_PACKET_DELETE_CALLS	0
APPEND_4K_1M_VOLUME_FLUSH_PACKET_DELETE_SAMPLES	0
APPEND_4K_1M_VOLUME_FLUSH_PACKET_DELETE_SAMPLE_TICKS	0
APPEND_4K_1M_VOLUME_FLUSH_PACKET_FLUSH_CALLS	1
APPEND_4K_1M_VOLUME_FLUSH_PACKET_FLUSH_SAMPLES	1
APPEND_4K_1M_VOLUME_FLUSH_PACKET_FLUSH_SAMPLE_TICKS	1180
APPEND_4K_1M_VOLUME_FLUSH_PACKET_OTHER_CALLS	0
APPEND_4K_1M_VOLUME_FLUSH_PACKET_OTHER_SAMPLES	0
APPEND_4K_1M_VOLUME_FLUSH_PACKET_OTHER_SAMPLE_TICKS	0
APPEND_4K_1M_VOLUME_FLUSH_CORE_CREATE_CALLS	0
APPEND_4K_1M_VOLUME_FLUSH_CORE_CREATE_SAMPLES	0
APPEND_4K_1M_VOLUME_FLUSH_CORE_CREATE_SAMPLE_TICKS	0
APPEND_4K_1M_VOLUME_FLUSH_CORE_DELETE_CALLS	0
APPEND_4K_1M_VOLUME_FLUSH_CORE_DELETE_SAMPLES	0
APPEND_4K_1M_VOLUME_FLUSH_CORE_DELETE_SAMPLE_TICKS	0
APPEND_4K_1M_VOLUME_FLUSH_CORE_FILE_WRITE_CALLS	0
APPEND_4K_1M_VOLUME_FLUSH_CORE_FILE_WRITE_SAMPLES	0
APPEND_4K_1M_VOLUME_FLUSH_CORE_FILE_WRITE_SAMPLE_TICKS	0
APPEND_4K_1M_VOLUME_FLUSH_CORE_SYNC_CALLS	1
APPEND_4K_1M_VOLUME_FLUSH_CORE_SYNC_SAMPLES	1
APPEND_4K_1M_VOLUME_FLUSH_CORE_SYNC_SAMPLE_TICKS	1180
APPEND_4K_1M_VOLUME_FLUSH_IFACE_FREE_CALLS	0
APPEND_4K_1M_VOLUME_FLUSH_IFACE_FREE_SAMPLES	0
APPEND_4K_1M_VOLUME_FLUSH_IFACE_FREE_SAMPLE_TICKS	0
APPEND_4K_1M_VOLUME_FLUSH_SEAL_COMMIT_CALLS	1
APPEND_4K_1M_VOLUME_FLUSH_SEAL_COMMIT_SAMPLES	1
APPEND_4K_1M_VOLUME_FLUSH_SEAL_COMMIT_SAMPLE_TICKS	499
APPEND_4K_1M_VOLUME_FLUSH_INODE_READ_CALLS	0
APPEND_4K_1M_VOLUME_FLUSH_BTREE_SEARCH_CALLS	0
APPEND_4K_1M_VOLUME_FLUSH_BTREE_INDEX_HINT_HITS	0
APPEND_4K_1M_VOLUME_FLUSH_BTREE_LEAF_HINT_HITS	0
APPEND_4K_1M_VOLUME_FLUSH_CACHE_READ_CALLS	5
APPEND_4K_1M_VOLUME_FLUSH_CACHE_READ_HITS	5
APPEND_4K_1M_VOLUME_FLUSH_CACHE_READ_MISSES	0
APPEND_4K_1M_VOLUME_FLUSH_FREE_TREE_NODE_VIEWS	1
APPEND_4K_1M_VOLUME_FLUSH_FREE_TREE_RESIDENT_VIEWS	1
APPEND_4K_1M_VOLUME_FLUSH_DIR_TREE_NODE_VIEWS	0
APPEND_4K_1M_VOLUME_FLUSH_DIR_TREE_RESIDENT_VIEWS	0
APPEND_4K_1M_VOLUME_FLUSH_INODE_TREE_NODE_VIEWS	0
APPEND_4K_1M_VOLUME_FLUSH_INODE_TREE_RESIDENT_VIEWS	0
APPEND_4K_1M_VOLUME_FLUSH_REFCOUNT_TREE_NODE_VIEWS	0
APPEND_4K_1M_VOLUME_FLUSH_REFCOUNT_TREE_RESIDENT_VIEWS	0
APPEND_4K_1M_VOLUME_FLUSH_OTHER_TREE_NODE_VIEWS	0
APPEND_4K_1M_VOLUME_FLUSH_OTHER_TREE_RESIDENT_VIEWS	0
APPEND_4K_1M_VOLUME_FLUSH_WRITE_DETAIL_INODE_READ_CALLS	0
APPEND_4K_1M_VOLUME_FLUSH_WRITE_DETAIL_INODE_READ_SAMPLES	0
APPEND_4K_1M_VOLUME_FLUSH_WRITE_DETAIL_INODE_READ_SAMPLE_TICKS	0
APPEND_4K_1M_VOLUME_FLUSH_WRITE_DETAIL_INODE_WRITE_CALLS	0
APPEND_4K_1M_VOLUME_FLUSH_WRITE_DETAIL_INODE_WRITE_SAMPLES	0
APPEND_4K_1M_VOLUME_FLUSH_WRITE_DETAIL_INODE_WRITE_SAMPLE_TICKS	0
APPEND_4K_1M_VOLUME_FLUSH_WRITE_DETAIL_EXTENT_MAP_CALLS	0
APPEND_4K_1M_VOLUME_FLUSH_WRITE_DETAIL_EXTENT_MAP_SAMPLES	0
APPEND_4K_1M_VOLUME_FLUSH_WRITE_DETAIL_EXTENT_MAP_SAMPLE_TICKS	0
APPEND_4K_1M_VOLUME_FLUSH_WRITE_DETAIL_FREESPACE_GOAL_CALLS	0
APPEND_4K_1M_VOLUME_FLUSH_WRITE_DETAIL_FREESPACE_GOAL_SAMPLES	0
APPEND_4K_1M_VOLUME_FLUSH_WRITE_DETAIL_FREESPACE_GOAL_SAMPLE_TICKS	0
APPEND_4K_1M_VOLUME_FLUSH_BTREE_MALLOC_CALLS	1
APPEND_4K_1M_VOLUME_FLUSH_BTREE_MALLOC_SAMPLES	1
APPEND_4K_1M_VOLUME_FLUSH_BTREE_MALLOC_SAMPLE_TICKS	0
APPEND_4K_1M_VOLUME_FLUSH_BTREE_FREE_CALLS	1
APPEND_4K_1M_VOLUME_FLUSH_BTREE_FREE_SAMPLES	1
APPEND_4K_1M_VOLUME_FLUSH_BTREE_FREE_SAMPLE_TICKS	0
APPEND_4K_1M_VOLUME_FLUSH_IFACE_ALLOC_CALLS	0
APPEND_4K_1M_VOLUME_FLUSH_IFACE_ALLOC_SAMPLES	0
APPEND_4K_1M_VOLUME_FLUSH_IFACE_ALLOC_SAMPLE_TICKS	0
APPEND_4K_1M_VOLUME_FLUSH_FREESPACE_ALLOC_CALLS	0
APPEND_4K_1M_VOLUME_FLUSH_FREESPACE_ALLOC_SAMPLES	0
APPEND_4K_1M_VOLUME_FLUSH_FREESPACE_ALLOC_SAMPLE_TICKS	0
APPEND_4K_1M_VOLUME_FLUSH_DETAIL_INODE_READ_CALLS	0
APPEND_4K_1M_VOLUME_FLUSH_DETAIL_INODE_READ_SAMPLES	0
APPEND_4K_1M_VOLUME_FLUSH_DETAIL_INODE_READ_SAMPLE_TICKS	0
APPEND_4K_1M_VOLUME_FLUSH_DETAIL_INODE_VALIDATE_CALLS	0
APPEND_4K_1M_VOLUME_FLUSH_DETAIL_INODE_VALIDATE_SAMPLES	0
APPEND_4K_1M_VOLUME_FLUSH_DETAIL_INODE_VALIDATE_SAMPLE_TICKS	0
APPEND_4K_1M_VOLUME_FLUSH_DETAIL_INODE_SEARCH_CALLS	0
APPEND_4K_1M_VOLUME_FLUSH_DETAIL_INODE_SEARCH_SAMPLES	0
APPEND_4K_1M_VOLUME_FLUSH_DETAIL_INODE_SEARCH_SAMPLE_TICKS	0
APPEND_4K_1M_VOLUME_FLUSH_DETAIL_INODE_NODE_VIEW_CALLS	0
APPEND_4K_1M_VOLUME_FLUSH_DETAIL_INODE_NODE_VIEW_SAMPLES	0
APPEND_4K_1M_VOLUME_FLUSH_DETAIL_INODE_NODE_VIEW_SAMPLE_TICKS	0
APPEND_4K_1M_VOLUME_FLUSH_DETAIL_DIR_NODE_VIEW_CALLS	0
APPEND_4K_1M_VOLUME_FLUSH_DETAIL_DIR_NODE_VIEW_SAMPLES	0
APPEND_4K_1M_VOLUME_FLUSH_DETAIL_DIR_NODE_VIEW_SAMPLE_TICKS	0
APPEND_4K_1M_VOLUME_FLUSH_DETAIL_INODE_BINARY_SEARCH_CALLS	0
APPEND_4K_1M_VOLUME_FLUSH_DETAIL_INODE_BINARY_SEARCH_SAMPLES	0
APPEND_4K_1M_VOLUME_FLUSH_DETAIL_INODE_BINARY_SEARCH_SAMPLE_TICKS	0
APPEND_4K_1M_VOLUME_FLUSH_DETAIL_DIR_BINARY_SEARCH_CALLS	0
APPEND_4K_1M_VOLUME_FLUSH_DETAIL_DIR_BINARY_SEARCH_SAMPLES	0
APPEND_4K_1M_VOLUME_FLUSH_DETAIL_DIR_BINARY_SEARCH_SAMPLE_TICKS	0
APPEND_4K_1M_VOLUME_FLUSH_DETAIL_NODE_STRUCTURE_CALLS	1
APPEND_4K_1M_VOLUME_FLUSH_DETAIL_NODE_STRUCTURE_SAMPLES	0
APPEND_4K_1M_VOLUME_FLUSH_DETAIL_NODE_STRUCTURE_SAMPLE_TICKS	0
APPEND_4K_1M_VOLUME_FLUSH_DETAIL_CACHE_PEEK_CALLS	1
APPEND_4K_1M_VOLUME_FLUSH_DETAIL_CACHE_PEEK_SAMPLES	0
APPEND_4K_1M_VOLUME_FLUSH_DETAIL_CACHE_PEEK_SAMPLE_TICKS	0
APPEND_4K_1M_VOLUME_FLUSH_DETAIL_BUFFER_ALLOC_CALLS	4
APPEND_4K_1M_VOLUME_FLUSH_DETAIL_BUFFER_ALLOC_SAMPLES	0
APPEND_4K_1M_VOLUME_FLUSH_DETAIL_BUFFER_ALLOC_SAMPLE_TICKS	0
APPEND_4K_1M_VOLUME_FLUSH_DETAIL_BUFFER_FREE_CALLS	4
APPEND_4K_1M_VOLUME_FLUSH_DETAIL_BUFFER_FREE_SAMPLES	0
APPEND_4K_1M_VOLUME_FLUSH_DETAIL_BUFFER_FREE_SAMPLE_TICKS	0
APPEND_4K_1M_VOLUME_FLUSH_DETAIL_EXALL_FILL_CALLS	0
APPEND_4K_1M_VOLUME_FLUSH_DETAIL_EXALL_FILL_SAMPLES	0
APPEND_4K_1M_VOLUME_FLUSH_DETAIL_EXALL_FILL_SAMPLE_TICKS	0
APPEND_4K_1M_VOLUME_FLUSH_FREESPACE_ALLOCS	0
APPEND_1K_256K_US	92801
APPEND_1K_256K_WORK_US	91008
APPEND_1K_256K_VOLUME_FLUSH_US	1793
APPEND_1K_256K_HAS_VOLUME_FLUSH	1
APPEND_1K_256K_GUEST_OPEN_CALLS	1
APPEND_1K_256K_GUEST_OPEN_US	1087
APPEND_1K_256K_GUEST_READ_CALLS	0
APPEND_1K_256K_GUEST_READ_US	0
APPEND_1K_256K_GUEST_WRITE_CALLS	256
APPEND_1K_256K_GUEST_WRITE_US	88184
APPEND_1K_256K_GUEST_HANDLE_FLUSH_CALLS	1
APPEND_1K_256K_GUEST_HANDLE_FLUSH_US	24
APPEND_1K_256K_GUEST_CLOSE_CALLS	1
APPEND_1K_256K_GUEST_CLOSE_US	0
APPEND_1K_256K_GUEST_VERIFY_CALLS	0
APPEND_1K_256K_GUEST_VERIFY_US	0
APPEND_1K_256K_WORK_BIO_READS	64
APPEND_1K_256K_WORK_BIO_WRITES	256
APPEND_1K_256K_WORK_BIO_UPDATES	0
APPEND_1K_256K_WORK_DATA_READS	64
APPEND_1K_256K_WORK_DATA_WRITES	256
APPEND_1K_256K_WORK_NODE_WRITES	0
APPEND_1K_256K_WORK_TXN_COMMITS	0
APPEND_1K_256K_WORK_EXTENT_MAPS	64
APPEND_1K_256K_WORK_READ_TICKS	1809
APPEND_1K_256K_WORK_WRITE_TICKS	11436
APPEND_1K_256K_WORK_UPDATE_TICKS	0
APPEND_1K_256K_WORK_DATA_READ_TICKS	1809
APPEND_1K_256K_WORK_DATA_WRITE_TICKS	11436
APPEND_1K_256K_WORK_NODE_CRC_READ_CALLS	0
APPEND_1K_256K_WORK_NODE_CRC_READ_SAMPLES	0
APPEND_1K_256K_WORK_NODE_CRC_READ_SAMPLE_TICKS	0
APPEND_1K_256K_WORK_NODE_CRC_WRITE_CALLS	0
APPEND_1K_256K_WORK_NODE_CRC_WRITE_SAMPLES	0
APPEND_1K_256K_WORK_NODE_CRC_WRITE_SAMPLE_TICKS	0
APPEND_1K_256K_WORK_CLOCK_PAIR_TICKS	0
APPEND_1K_256K_WORK_PACKET_CALLS	258
APPEND_1K_256K_WORK_PACKET_SAMPLES	258
APPEND_1K_256K_WORK_PACKET_SAMPLE_TICKS	57925
APPEND_1K_256K_WORK_PACKET_OPEN_CALLS	1
APPEND_1K_256K_WORK_PACKET_OPEN_SAMPLES	1
APPEND_1K_256K_WORK_PACKET_OPEN_SAMPLE_TICKS	636
APPEND_1K_256K_WORK_PACKET_READ_CALLS	0
APPEND_1K_256K_WORK_PACKET_READ_SAMPLES	0
APPEND_1K_256K_WORK_PACKET_READ_SAMPLE_TICKS	0
APPEND_1K_256K_WORK_PACKET_WRITE_CALLS	256
APPEND_1K_256K_WORK_PACKET_WRITE_SAMPLES	256
APPEND_1K_256K_WORK_PACKET_WRITE_SAMPLE_TICKS	57289
APPEND_1K_256K_WORK_PACKET_END_CALLS	1
APPEND_1K_256K_WORK_PACKET_END_SAMPLES	1
APPEND_1K_256K_WORK_PACKET_END_SAMPLE_TICKS	0
APPEND_1K_256K_WORK_PACKET_DELETE_CALLS	0
APPEND_1K_256K_WORK_PACKET_DELETE_SAMPLES	0
APPEND_1K_256K_WORK_PACKET_DELETE_SAMPLE_TICKS	0
APPEND_1K_256K_WORK_PACKET_FLUSH_CALLS	0
APPEND_1K_256K_WORK_PACKET_FLUSH_SAMPLES	0
APPEND_1K_256K_WORK_PACKET_FLUSH_SAMPLE_TICKS	0
APPEND_1K_256K_WORK_PACKET_OTHER_CALLS	0
APPEND_1K_256K_WORK_PACKET_OTHER_SAMPLES	0
APPEND_1K_256K_WORK_PACKET_OTHER_SAMPLE_TICKS	0
APPEND_1K_256K_WORK_CORE_CREATE_CALLS	1
APPEND_1K_256K_WORK_CORE_CREATE_SAMPLES	1
APPEND_1K_256K_WORK_CORE_CREATE_SAMPLE_TICKS	544
APPEND_1K_256K_WORK_CORE_DELETE_CALLS	0
APPEND_1K_256K_WORK_CORE_DELETE_SAMPLES	0
APPEND_1K_256K_WORK_CORE_DELETE_SAMPLE_TICKS	0
APPEND_1K_256K_WORK_CORE_FILE_WRITE_CALLS	256
APPEND_1K_256K_WORK_CORE_FILE_WRITE_SAMPLES	256
APPEND_1K_256K_WORK_CORE_FILE_WRITE_SAMPLE_TICKS	46186
APPEND_1K_256K_WORK_CORE_SYNC_CALLS	0
APPEND_1K_256K_WORK_CORE_SYNC_SAMPLES	0
APPEND_1K_256K_WORK_CORE_SYNC_SAMPLE_TICKS	0
APPEND_1K_256K_WORK_IFACE_FREE_CALLS	0
APPEND_1K_256K_WORK_IFACE_FREE_SAMPLES	0
APPEND_1K_256K_WORK_IFACE_FREE_SAMPLE_TICKS	0
APPEND_1K_256K_WORK_SEAL_COMMIT_CALLS	0
APPEND_1K_256K_WORK_SEAL_COMMIT_SAMPLES	0
APPEND_1K_256K_WORK_SEAL_COMMIT_SAMPLE_TICKS	0
APPEND_1K_256K_WORK_INODE_READ_CALLS	515
APPEND_1K_256K_WORK_BTREE_SEARCH_CALLS	516
APPEND_1K_256K_WORK_BTREE_INDEX_HINT_HITS	258
APPEND_1K_256K_WORK_BTREE_LEAF_HINT_HITS	0
APPEND_1K_256K_WORK_CACHE_READ_CALLS	199
APPEND_1K_256K_WORK_CACHE_READ_HITS	135
APPEND_1K_256K_WORK_CACHE_READ_MISSES	64
APPEND_1K_256K_WORK_FREE_TREE_NODE_VIEWS	67
APPEND_1K_256K_WORK_FREE_TREE_RESIDENT_VIEWS	66
APPEND_1K_256K_WORK_DIR_TREE_NODE_VIEWS	1
APPEND_1K_256K_WORK_DIR_TREE_RESIDENT_VIEWS	0
APPEND_1K_256K_WORK_INODE_TREE_NODE_VIEWS	257
APPEND_1K_256K_WORK_INODE_TREE_RESIDENT_VIEWS	256
APPEND_1K_256K_WORK_REFCOUNT_TREE_NODE_VIEWS	0
APPEND_1K_256K_WORK_REFCOUNT_TREE_RESIDENT_VIEWS	0
APPEND_1K_256K_WORK_OTHER_TREE_NODE_VIEWS	0
APPEND_1K_256K_WORK_OTHER_TREE_RESIDENT_VIEWS	0
APPEND_1K_256K_WORK_WRITE_DETAIL_INODE_READ_CALLS	515
APPEND_1K_256K_WORK_WRITE_DETAIL_INODE_READ_SAMPLES	515
APPEND_1K_256K_WORK_WRITE_DETAIL_INODE_READ_SAMPLE_TICKS	11744
APPEND_1K_256K_WORK_WRITE_DETAIL_INODE_WRITE_CALLS	257
APPEND_1K_256K_WORK_WRITE_DETAIL_INODE_WRITE_SAMPLES	257
APPEND_1K_256K_WORK_WRITE_DETAIL_INODE_WRITE_SAMPLE_TICKS	7548
APPEND_1K_256K_WORK_WRITE_DETAIL_EXTENT_MAP_CALLS	64
APPEND_1K_256K_WORK_WRITE_DETAIL_EXTENT_MAP_SAMPLES	64
APPEND_1K_256K_WORK_WRITE_DETAIL_EXTENT_MAP_SAMPLE_TICKS	664
APPEND_1K_256K_WORK_WRITE_DETAIL_FREESPACE_GOAL_CALLS	64
APPEND_1K_256K_WORK_WRITE_DETAIL_FREESPACE_GOAL_SAMPLES	64
APPEND_1K_256K_WORK_WRITE_DETAIL_FREESPACE_GOAL_SAMPLE_TICKS	2074
APPEND_1K_256K_WORK_BTREE_MALLOC_CALLS	0
APPEND_1K_256K_WORK_BTREE_MALLOC_SAMPLES	0
APPEND_1K_256K_WORK_BTREE_MALLOC_SAMPLE_TICKS	0
APPEND_1K_256K_WORK_BTREE_FREE_CALLS	1
APPEND_1K_256K_WORK_BTREE_FREE_SAMPLES	1
APPEND_1K_256K_WORK_BTREE_FREE_SAMPLE_TICKS	0
APPEND_1K_256K_WORK_IFACE_ALLOC_CALLS	2
APPEND_1K_256K_WORK_IFACE_ALLOC_SAMPLES	2
APPEND_1K_256K_WORK_IFACE_ALLOC_SAMPLE_TICKS	182
APPEND_1K_256K_WORK_FREESPACE_ALLOC_CALLS	66
APPEND_1K_256K_WORK_FREESPACE_ALLOC_SAMPLES	66
APPEND_1K_256K_WORK_FREESPACE_ALLOC_SAMPLE_TICKS	2758
APPEND_1K_256K_WORK_DETAIL_INODE_READ_CALLS	515
APPEND_1K_256K_WORK_DETAIL_INODE_READ_SAMPLES	30
APPEND_1K_256K_WORK_DETAIL_INODE_READ_SAMPLE_TICKS	921
APPEND_1K_256K_WORK_DETAIL_INODE_VALIDATE_CALLS	772
APPEND_1K_256K_WORK_DETAIL_INODE_VALIDATE_SAMPLES	45
APPEND_1K_256K_WORK_DETAIL_INODE_VALIDATE_SAMPLE_TICKS	149
APPEND_1K_256K_WORK_DETAIL_INODE_SEARCH_CALLS	515
APPEND_1K_256K_WORK_DETAIL_INODE_SEARCH_SAMPLES	30
APPEND_1K_256K_WORK_DETAIL_INODE_SEARCH_SAMPLE_TICKS	590
APPEND_1K_256K_WORK_DETAIL_INODE_NODE_VIEW_CALLS	257
APPEND_1K_256K_WORK_DETAIL_INODE_NODE_VIEW_SAMPLES	15
APPEND_1K_256K_WORK_DETAIL_INODE_NODE_VIEW_SAMPLE_TICKS	137
APPEND_1K_256K_WORK_DETAIL_DIR_NODE_VIEW_CALLS	1
APPEND_1K_256K_WORK_DETAIL_DIR_NODE_VIEW_SAMPLES	0
APPEND_1K_256K_WORK_DETAIL_DIR_NODE_VIEW_SAMPLE_TICKS	0
APPEND_1K_256K_WORK_DETAIL_INODE_BINARY_SEARCH_CALLS	515
APPEND_1K_256K_WORK_DETAIL_INODE_BINARY_SEARCH_SAMPLES	30
APPEND_1K_256K_WORK_DETAIL_INODE_BINARY_SEARCH_SAMPLE_TICKS	46
APPEND_1K_256K_WORK_DETAIL_DIR_BINARY_SEARCH_CALLS	2
APPEND_1K_256K_WORK_DETAIL_DIR_BINARY_SEARCH_SAMPLES	0
APPEND_1K_256K_WORK_DETAIL_DIR_BINARY_SEARCH_SAMPLE_TICKS	0
APPEND_1K_256K_WORK_DETAIL_NODE_STRUCTURE_CALLS	6
APPEND_1K_256K_WORK_DETAIL_NODE_STRUCTURE_SAMPLES	0
APPEND_1K_256K_WORK_DETAIL_NODE_STRUCTURE_SAMPLE_TICKS	0
APPEND_1K_256K_WORK_DETAIL_CACHE_PEEK_CALLS	583
APPEND_1K_256K_WORK_DETAIL_CACHE_PEEK_SAMPLES	34
APPEND_1K_256K_WORK_DETAIL_CACHE_PEEK_SAMPLE_TICKS	45
APPEND_1K_256K_WORK_DETAIL_BUFFER_ALLOC_CALLS	263
APPEND_1K_256K_WORK_DETAIL_BUFFER_ALLOC_SAMPLES	15
APPEND_1K_256K_WORK_DETAIL_BUFFER_ALLOC_SAMPLE_TICKS	51
APPEND_1K_256K_WORK_DETAIL_BUFFER_FREE_CALLS	267
APPEND_1K_256K_WORK_DETAIL_BUFFER_FREE_SAMPLES	15
APPEND_1K_256K_WORK_DETAIL_BUFFER_FREE_SAMPLE_TICKS	0
APPEND_1K_256K_WORK_DETAIL_EXALL_FILL_CALLS	0
APPEND_1K_256K_WORK_DETAIL_EXALL_FILL_SAMPLES	0
APPEND_1K_256K_WORK_DETAIL_EXALL_FILL_SAMPLE_TICKS	0
APPEND_1K_256K_WORK_FREESPACE_ALLOCS	66
APPEND_1K_256K_VOLUME_FLUSH_BIO_READS	2
APPEND_1K_256K_VOLUME_FLUSH_BIO_WRITES	5
APPEND_1K_256K_VOLUME_FLUSH_BIO_UPDATES	3
APPEND_1K_256K_VOLUME_FLUSH_DATA_READS	0
APPEND_1K_256K_VOLUME_FLUSH_DATA_WRITES	0
APPEND_1K_256K_VOLUME_FLUSH_NODE_WRITES	4
APPEND_1K_256K_VOLUME_FLUSH_TXN_COMMITS	1
APPEND_1K_256K_VOLUME_FLUSH_EXTENT_MAPS	0
APPEND_1K_256K_VOLUME_FLUSH_READ_TICKS	45
APPEND_1K_256K_VOLUME_FLUSH_WRITE_TICKS	180
APPEND_1K_256K_VOLUME_FLUSH_UPDATE_TICKS	46
APPEND_1K_256K_VOLUME_FLUSH_DATA_READ_TICKS	0
APPEND_1K_256K_VOLUME_FLUSH_DATA_WRITE_TICKS	0
APPEND_1K_256K_VOLUME_FLUSH_NODE_CRC_READ_CALLS	0
APPEND_1K_256K_VOLUME_FLUSH_NODE_CRC_READ_SAMPLES	0
APPEND_1K_256K_VOLUME_FLUSH_NODE_CRC_READ_SAMPLE_TICKS	0
APPEND_1K_256K_VOLUME_FLUSH_NODE_CRC_WRITE_CALLS	4
APPEND_1K_256K_VOLUME_FLUSH_NODE_CRC_WRITE_SAMPLES	4
APPEND_1K_256K_VOLUME_FLUSH_NODE_CRC_WRITE_SAMPLE_TICKS	137
APPEND_1K_256K_VOLUME_FLUSH_CLOCK_PAIR_TICKS	0
APPEND_1K_256K_VOLUME_FLUSH_PACKET_CALLS	1
APPEND_1K_256K_VOLUME_FLUSH_PACKET_SAMPLES	1
APPEND_1K_256K_VOLUME_FLUSH_PACKET_SAMPLE_TICKS	1226
APPEND_1K_256K_VOLUME_FLUSH_PACKET_OPEN_CALLS	0
APPEND_1K_256K_VOLUME_FLUSH_PACKET_OPEN_SAMPLES	0
APPEND_1K_256K_VOLUME_FLUSH_PACKET_OPEN_SAMPLE_TICKS	0
APPEND_1K_256K_VOLUME_FLUSH_PACKET_READ_CALLS	0
APPEND_1K_256K_VOLUME_FLUSH_PACKET_READ_SAMPLES	0
APPEND_1K_256K_VOLUME_FLUSH_PACKET_READ_SAMPLE_TICKS	0
APPEND_1K_256K_VOLUME_FLUSH_PACKET_WRITE_CALLS	0
APPEND_1K_256K_VOLUME_FLUSH_PACKET_WRITE_SAMPLES	0
APPEND_1K_256K_VOLUME_FLUSH_PACKET_WRITE_SAMPLE_TICKS	0
APPEND_1K_256K_VOLUME_FLUSH_PACKET_END_CALLS	0
APPEND_1K_256K_VOLUME_FLUSH_PACKET_END_SAMPLES	0
APPEND_1K_256K_VOLUME_FLUSH_PACKET_END_SAMPLE_TICKS	0
APPEND_1K_256K_VOLUME_FLUSH_PACKET_DELETE_CALLS	0
APPEND_1K_256K_VOLUME_FLUSH_PACKET_DELETE_SAMPLES	0
APPEND_1K_256K_VOLUME_FLUSH_PACKET_DELETE_SAMPLE_TICKS	0
APPEND_1K_256K_VOLUME_FLUSH_PACKET_FLUSH_CALLS	1
APPEND_1K_256K_VOLUME_FLUSH_PACKET_FLUSH_SAMPLES	1
APPEND_1K_256K_VOLUME_FLUSH_PACKET_FLUSH_SAMPLE_TICKS	1226
APPEND_1K_256K_VOLUME_FLUSH_PACKET_OTHER_CALLS	0
APPEND_1K_256K_VOLUME_FLUSH_PACKET_OTHER_SAMPLES	0
APPEND_1K_256K_VOLUME_FLUSH_PACKET_OTHER_SAMPLE_TICKS	0
APPEND_1K_256K_VOLUME_FLUSH_CORE_CREATE_CALLS	0
APPEND_1K_256K_VOLUME_FLUSH_CORE_CREATE_SAMPLES	0
APPEND_1K_256K_VOLUME_FLUSH_CORE_CREATE_SAMPLE_TICKS	0
APPEND_1K_256K_VOLUME_FLUSH_CORE_DELETE_CALLS	0
APPEND_1K_256K_VOLUME_FLUSH_CORE_DELETE_SAMPLES	0
APPEND_1K_256K_VOLUME_FLUSH_CORE_DELETE_SAMPLE_TICKS	0
APPEND_1K_256K_VOLUME_FLUSH_CORE_FILE_WRITE_CALLS	0
APPEND_1K_256K_VOLUME_FLUSH_CORE_FILE_WRITE_SAMPLES	0
APPEND_1K_256K_VOLUME_FLUSH_CORE_FILE_WRITE_SAMPLE_TICKS	0
APPEND_1K_256K_VOLUME_FLUSH_CORE_SYNC_CALLS	1
APPEND_1K_256K_VOLUME_FLUSH_CORE_SYNC_SAMPLES	1
APPEND_1K_256K_VOLUME_FLUSH_CORE_SYNC_SAMPLE_TICKS	1226
APPEND_1K_256K_VOLUME_FLUSH_IFACE_FREE_CALLS	0
APPEND_1K_256K_VOLUME_FLUSH_IFACE_FREE_SAMPLES	0
APPEND_1K_256K_VOLUME_FLUSH_IFACE_FREE_SAMPLE_TICKS	0
APPEND_1K_256K_VOLUME_FLUSH_SEAL_COMMIT_CALLS	1
APPEND_1K_256K_VOLUME_FLUSH_SEAL_COMMIT_SAMPLES	1
APPEND_1K_256K_VOLUME_FLUSH_SEAL_COMMIT_SAMPLE_TICKS	454
APPEND_1K_256K_VOLUME_FLUSH_INODE_READ_CALLS	0
APPEND_1K_256K_VOLUME_FLUSH_BTREE_SEARCH_CALLS	0
APPEND_1K_256K_VOLUME_FLUSH_BTREE_INDEX_HINT_HITS	0
APPEND_1K_256K_VOLUME_FLUSH_BTREE_LEAF_HINT_HITS	0
APPEND_1K_256K_VOLUME_FLUSH_CACHE_READ_CALLS	5
APPEND_1K_256K_VOLUME_FLUSH_CACHE_READ_HITS	3
APPEND_1K_256K_VOLUME_FLUSH_CACHE_READ_MISSES	2
APPEND_1K_256K_VOLUME_FLUSH_FREE_TREE_NODE_VIEWS	1
APPEND_1K_256K_VOLUME_FLUSH_FREE_TREE_RESIDENT_VIEWS	1
APPEND_1K_256K_VOLUME_FLUSH_DIR_TREE_NODE_VIEWS	0
APPEND_1K_256K_VOLUME_FLUSH_DIR_TREE_RESIDENT_VIEWS	0
APPEND_1K_256K_VOLUME_FLUSH_INODE_TREE_NODE_VIEWS	0
APPEND_1K_256K_VOLUME_FLUSH_INODE_TREE_RESIDENT_VIEWS	0
APPEND_1K_256K_VOLUME_FLUSH_REFCOUNT_TREE_NODE_VIEWS	0
APPEND_1K_256K_VOLUME_FLUSH_REFCOUNT_TREE_RESIDENT_VIEWS	0
APPEND_1K_256K_VOLUME_FLUSH_OTHER_TREE_NODE_VIEWS	0
APPEND_1K_256K_VOLUME_FLUSH_OTHER_TREE_RESIDENT_VIEWS	0
APPEND_1K_256K_VOLUME_FLUSH_WRITE_DETAIL_INODE_READ_CALLS	0
APPEND_1K_256K_VOLUME_FLUSH_WRITE_DETAIL_INODE_READ_SAMPLES	0
APPEND_1K_256K_VOLUME_FLUSH_WRITE_DETAIL_INODE_READ_SAMPLE_TICKS	0
APPEND_1K_256K_VOLUME_FLUSH_WRITE_DETAIL_INODE_WRITE_CALLS	0
APPEND_1K_256K_VOLUME_FLUSH_WRITE_DETAIL_INODE_WRITE_SAMPLES	0
APPEND_1K_256K_VOLUME_FLUSH_WRITE_DETAIL_INODE_WRITE_SAMPLE_TICKS	0
APPEND_1K_256K_VOLUME_FLUSH_WRITE_DETAIL_EXTENT_MAP_CALLS	0
APPEND_1K_256K_VOLUME_FLUSH_WRITE_DETAIL_EXTENT_MAP_SAMPLES	0
APPEND_1K_256K_VOLUME_FLUSH_WRITE_DETAIL_EXTENT_MAP_SAMPLE_TICKS	0
APPEND_1K_256K_VOLUME_FLUSH_WRITE_DETAIL_FREESPACE_GOAL_CALLS	0
APPEND_1K_256K_VOLUME_FLUSH_WRITE_DETAIL_FREESPACE_GOAL_SAMPLES	0
APPEND_1K_256K_VOLUME_FLUSH_WRITE_DETAIL_FREESPACE_GOAL_SAMPLE_TICKS	0
APPEND_1K_256K_VOLUME_FLUSH_BTREE_MALLOC_CALLS	1
APPEND_1K_256K_VOLUME_FLUSH_BTREE_MALLOC_SAMPLES	1
APPEND_1K_256K_VOLUME_FLUSH_BTREE_MALLOC_SAMPLE_TICKS	0
APPEND_1K_256K_VOLUME_FLUSH_BTREE_FREE_CALLS	1
APPEND_1K_256K_VOLUME_FLUSH_BTREE_FREE_SAMPLES	1
APPEND_1K_256K_VOLUME_FLUSH_BTREE_FREE_SAMPLE_TICKS	0
APPEND_1K_256K_VOLUME_FLUSH_IFACE_ALLOC_CALLS	0
APPEND_1K_256K_VOLUME_FLUSH_IFACE_ALLOC_SAMPLES	0
APPEND_1K_256K_VOLUME_FLUSH_IFACE_ALLOC_SAMPLE_TICKS	0
APPEND_1K_256K_VOLUME_FLUSH_FREESPACE_ALLOC_CALLS	0
APPEND_1K_256K_VOLUME_FLUSH_FREESPACE_ALLOC_SAMPLES	0
APPEND_1K_256K_VOLUME_FLUSH_FREESPACE_ALLOC_SAMPLE_TICKS	0
APPEND_1K_256K_VOLUME_FLUSH_DETAIL_INODE_READ_CALLS	0
APPEND_1K_256K_VOLUME_FLUSH_DETAIL_INODE_READ_SAMPLES	0
APPEND_1K_256K_VOLUME_FLUSH_DETAIL_INODE_READ_SAMPLE_TICKS	0
APPEND_1K_256K_VOLUME_FLUSH_DETAIL_INODE_VALIDATE_CALLS	0
APPEND_1K_256K_VOLUME_FLUSH_DETAIL_INODE_VALIDATE_SAMPLES	0
APPEND_1K_256K_VOLUME_FLUSH_DETAIL_INODE_VALIDATE_SAMPLE_TICKS	0
APPEND_1K_256K_VOLUME_FLUSH_DETAIL_INODE_SEARCH_CALLS	0
APPEND_1K_256K_VOLUME_FLUSH_DETAIL_INODE_SEARCH_SAMPLES	0
APPEND_1K_256K_VOLUME_FLUSH_DETAIL_INODE_SEARCH_SAMPLE_TICKS	0
APPEND_1K_256K_VOLUME_FLUSH_DETAIL_INODE_NODE_VIEW_CALLS	0
APPEND_1K_256K_VOLUME_FLUSH_DETAIL_INODE_NODE_VIEW_SAMPLES	0
APPEND_1K_256K_VOLUME_FLUSH_DETAIL_INODE_NODE_VIEW_SAMPLE_TICKS	0
APPEND_1K_256K_VOLUME_FLUSH_DETAIL_DIR_NODE_VIEW_CALLS	0
APPEND_1K_256K_VOLUME_FLUSH_DETAIL_DIR_NODE_VIEW_SAMPLES	0
APPEND_1K_256K_VOLUME_FLUSH_DETAIL_DIR_NODE_VIEW_SAMPLE_TICKS	0
APPEND_1K_256K_VOLUME_FLUSH_DETAIL_INODE_BINARY_SEARCH_CALLS	0
APPEND_1K_256K_VOLUME_FLUSH_DETAIL_INODE_BINARY_SEARCH_SAMPLES	0
APPEND_1K_256K_VOLUME_FLUSH_DETAIL_INODE_BINARY_SEARCH_SAMPLE_TICKS	0
APPEND_1K_256K_VOLUME_FLUSH_DETAIL_DIR_BINARY_SEARCH_CALLS	0
APPEND_1K_256K_VOLUME_FLUSH_DETAIL_DIR_BINARY_SEARCH_SAMPLES	0
APPEND_1K_256K_VOLUME_FLUSH_DETAIL_DIR_BINARY_SEARCH_SAMPLE_TICKS	0
APPEND_1K_256K_VOLUME_FLUSH_DETAIL_NODE_STRUCTURE_CALLS	1
APPEND_1K_256K_VOLUME_FLUSH_DETAIL_NODE_STRUCTURE_SAMPLES	0
APPEND_1K_256K_VOLUME_FLUSH_DETAIL_NODE_STRUCTURE_SAMPLE_TICKS	0
APPEND_1K_256K_VOLUME_FLUSH_DETAIL_CACHE_PEEK_CALLS	1
APPEND_1K_256K_VOLUME_FLUSH_DETAIL_CACHE_PEEK_SAMPLES	0
APPEND_1K_256K_VOLUME_FLUSH_DETAIL_CACHE_PEEK_SAMPLE_TICKS	0
APPEND_1K_256K_VOLUME_FLUSH_DETAIL_BUFFER_ALLOC_CALLS	4
APPEND_1K_256K_VOLUME_FLUSH_DETAIL_BUFFER_ALLOC_SAMPLES	0
APPEND_1K_256K_VOLUME_FLUSH_DETAIL_BUFFER_ALLOC_SAMPLE_TICKS	0
APPEND_1K_256K_VOLUME_FLUSH_DETAIL_BUFFER_FREE_CALLS	4
APPEND_1K_256K_VOLUME_FLUSH_DETAIL_BUFFER_FREE_SAMPLES	0
APPEND_1K_256K_VOLUME_FLUSH_DETAIL_BUFFER_FREE_SAMPLE_TICKS	0
APPEND_1K_256K_VOLUME_FLUSH_DETAIL_EXALL_FILL_CALLS	0
APPEND_1K_256K_VOLUME_FLUSH_DETAIL_EXALL_FILL_SAMPLES	0
APPEND_1K_256K_VOLUME_FLUSH_DETAIL_EXALL_FILL_SAMPLE_TICKS	0
APPEND_1K_256K_VOLUME_FLUSH_FREESPACE_ALLOCS	0
APPEND_READ_1280K_US	46591
APPEND_READ_1280K_WORK_US	46591
APPEND_READ_1280K_VOLUME_FLUSH_US	0
APPEND_READ_1280K_HAS_VOLUME_FLUSH	0
APPEND_READ_1280K_GUEST_OPEN_CALLS	2
APPEND_READ_1280K_GUEST_OPEN_US	960
APPEND_READ_1280K_GUEST_READ_CALLS	22
APPEND_READ_1280K_GUEST_READ_US	8323
APPEND_READ_1280K_GUEST_WRITE_CALLS	0
APPEND_READ_1280K_GUEST_WRITE_US	0
APPEND_READ_1280K_GUEST_HANDLE_FLUSH_CALLS	0
APPEND_READ_1280K_GUEST_HANDLE_FLUSH_US	0
APPEND_READ_1280K_GUEST_CLOSE_CALLS	2
APPEND_READ_1280K_GUEST_CLOSE_US	63
APPEND_READ_1280K_GUEST_VERIFY_CALLS	20
APPEND_READ_1280K_GUEST_VERIFY_US	36971
APPEND_READ_1280K_WORK_BIO_READS	51
APPEND_READ_1280K_WORK_BIO_WRITES	0
APPEND_READ_1280K_WORK_BIO_UPDATES	0
APPEND_READ_1280K_WORK_DATA_READS	50
APPEND_READ_1280K_WORK_DATA_WRITES	0
APPEND_READ_1280K_WORK_NODE_WRITES	0
APPEND_READ_1280K_WORK_TXN_COMMITS	0
APPEND_READ_1280K_WORK_EXTENT_MAPS	0
APPEND_READ_1280K_WORK_READ_TICKS	3319
APPEND_READ_1280K_WORK_WRITE_TICKS	0
APPEND_READ_1280K_WORK_UPDATE_TICKS	0
APPEND_READ_1280K_WORK_DATA_READ_TICKS	3183
APPEND_READ_1280K_WORK_DATA_WRITE_TICKS	0
APPEND_READ_1280K_WORK_NODE_CRC_READ_CALLS	1
APPEND_READ_1280K_WORK_NODE_CRC_READ_SAMPLES	1
APPEND_READ_1280K_WORK_NODE_CRC_READ_SAMPLE_TICKS	46
APPEND_READ_1280K_WORK_NODE_CRC_WRITE_CALLS	0
APPEND_READ_1280K_WORK_NODE_CRC_WRITE_SAMPLES	0
APPEND_READ_1280K_WORK_NODE_CRC_WRITE_SAMPLE_TICKS	0
APPEND_READ_1280K_WORK_CLOCK_PAIR_TICKS	0
APPEND_READ_1280K_WORK_PACKET_CALLS	26
APPEND_READ_1280K_WORK_PACKET_SAMPLES	26
APPEND_READ_1280K_WORK_PACKET_SAMPLE_TICKS	6129
APPEND_READ_1280K_WORK_PACKET_OPEN_CALLS	2
APPEND_READ_1280K_WORK_PACKET_OPEN_SAMPLES	2
APPEND_READ_1280K_WORK_PACKET_OPEN_SAMPLE_TICKS	454
APPEND_READ_1280K_WORK_PACKET_READ_CALLS	22
APPEND_READ_1280K_WORK_PACKET_READ_SAMPLES	22
APPEND_READ_1280K_WORK_PACKET_READ_SAMPLE_TICKS	5675
APPEND_READ_1280K_WORK_PACKET_WRITE_CALLS	0
APPEND_READ_1280K_WORK_PACKET_WRITE_SAMPLES	0
APPEND_READ_1280K_WORK_PACKET_WRITE_SAMPLE_TICKS	0
APPEND_READ_1280K_WORK_PACKET_END_CALLS	2
APPEND_READ_1280K_WORK_PACKET_END_SAMPLES	2
APPEND_READ_1280K_WORK_PACKET_END_SAMPLE_TICKS	0
APPEND_READ_1280K_WORK_PACKET_DELETE_CALLS	0
APPEND_READ_1280K_WORK_PACKET_DELETE_SAMPLES	0
APPEND_READ_1280K_WORK_PACKET_DELETE_SAMPLE_TICKS	0
APPEND_READ_1280K_WORK_PACKET_FLUSH_CALLS	0
APPEND_READ_1280K_WORK_PACKET_FLUSH_SAMPLES	0
APPEND_READ_1280K_WORK_PACKET_FLUSH_SAMPLE_TICKS	0
APPEND_READ_1280K_WORK_PACKET_OTHER_CALLS	0
APPEND_READ_1280K_WORK_PACKET_OTHER_SAMPLES	0
APPEND_READ_1280K_WORK_PACKET_OTHER_SAMPLE_TICKS	0
APPEND_READ_1280K_WORK_CORE_CREATE_CALLS	0
APPEND_READ_1280K_WORK_CORE_CREATE_SAMPLES	0
APPEND_READ_1280K_WORK_CORE_CREATE_SAMPLE_TICKS	0
APPEND_READ_1280K_WORK_CORE_DELETE_CALLS	0
APPEND_READ_1280K_WORK_CORE_DELETE_SAMPLES	0
APPEND_READ_1280K_WORK_CORE_DELETE_SAMPLE_TICKS	0
APPEND_READ_1280K_WORK_CORE_FILE_WRITE_CALLS	0
APPEND_READ_1280K_WORK_CORE_FILE_WRITE_SAMPLES	0
APPEND_READ_1280K_WORK_CORE_FILE_WRITE_SAMPLE_TICKS	0
APPEND_READ_1280K_WORK_CORE_SYNC_CALLS	0
APPEND_READ_1280K_WORK_CORE_SYNC_SAMPLES	0
APPEND_READ_1280K_WORK_CORE_SYNC_SAMPLE_TICKS	0
APPEND_READ_1280K_WORK_IFACE_FREE_CALLS	0
APPEND_READ_1280K_WORK_IFACE_FREE_SAMPLES	0
APPEND_READ_1280K_WORK_IFACE_FREE_SAMPLE_TICKS	0
APPEND_READ_1280K_WORK_SEAL_COMMIT_CALLS	0
APPEND_READ_1280K_WORK_SEAL_COMMIT_SAMPLES	0
APPEND_READ_1280K_WORK_SEAL_COMMIT_SAMPLE_TICKS	0
APPEND_READ_1280K_WORK_INODE_READ_CALLS	48
APPEND_READ_1280K_WORK_BTREE_SEARCH_CALLS	50
APPEND_READ_1280K_WORK_BTREE_INDEX_HINT_HITS	46
APPEND_READ_1280K_WORK_BTREE_LEAF_HINT_HITS	2
APPEND_READ_1280K_WORK_CACHE_READ_CALLS	34
APPEND_READ_1280K_WORK_CACHE_READ_HITS	1
APPEND_READ_1280K_WORK_CACHE_READ_MISSES	33
APPEND_READ_1280K_WORK_FREE_TREE_NODE_VIEWS	0
APPEND_READ_1280K_WORK_FREE_TREE_RESIDENT_VIEWS	0
APPEND_READ_1280K_WORK_DIR_TREE_NODE_VIEWS	1
APPEND_READ_1280K_WORK_DIR_TREE_RESIDENT_VIEWS	0
APPEND_READ_1280K_WORK_INODE_TREE_NODE_VIEWS	1
APPEND_READ_1280K_WORK_INODE_TREE_RESIDENT_VIEWS	0
APPEND_READ_1280K_WORK_REFCOUNT_TREE_NODE_VIEWS	0
APPEND_READ_1280K_WORK_REFCOUNT_TREE_RESIDENT_VIEWS	0
APPEND_READ_1280K_WORK_OTHER_TREE_NODE_VIEWS	0
APPEND_READ_1280K_WORK_OTHER_TREE_RESIDENT_VIEWS	0
APPEND_READ_1280K_WORK_WRITE_DETAIL_INODE_READ_CALLS	48
APPEND_READ_1280K_WORK_WRITE_DETAIL_INODE_READ_SAMPLES	48
APPEND_READ_1280K_WORK_WRITE_DETAIL_INODE_READ_SAMPLE_TICKS	885
APPEND_READ_1280K_WORK_WRITE_DETAIL_INODE_WRITE_CALLS	0
APPEND_READ_1280K_WORK_WRITE_DETAIL_INODE_WRITE_SAMPLES	0
APPEND_READ_1280K_WORK_WRITE_DETAIL_INODE_WRITE_SAMPLE_TICKS	0
APPEND_READ_1280K_WORK_WRITE_DETAIL_EXTENT_MAP_CALLS	0
APPEND_READ_1280K_WORK_WRITE_DETAIL_EXTENT_MAP_SAMPLES	0
APPEND_READ_1280K_WORK_WRITE_DETAIL_EXTENT_MAP_SAMPLE_TICKS	0
APPEND_READ_1280K_WORK_WRITE_DETAIL_FREESPACE_GOAL_CALLS	0
APPEND_READ_1280K_WORK_WRITE_DETAIL_FREESPACE_GOAL_SAMPLES	0
APPEND_READ_1280K_WORK_WRITE_DETAIL_FREESPACE_GOAL_SAMPLE_TICKS	0
APPEND_READ_1280K_WORK_BTREE_MALLOC_CALLS	0
APPEND_READ_1280K_WORK_BTREE_MALLOC_SAMPLES	0
APPEND_READ_1280K_WORK_BTREE_MALLOC_SAMPLE_TICKS	0
APPEND_READ_1280K_WORK_BTREE_FREE_CALLS	0
APPEND_READ_1280K_WORK_BTREE_FREE_SAMPLES	0
APPEND_READ_1280K_WORK_BTREE_FREE_SAMPLE_TICKS	0
APPEND_READ_1280K_WORK_IFACE_ALLOC_CALLS	0
APPEND_READ_1280K_WORK_IFACE_ALLOC_SAMPLES	0
APPEND_READ_1280K_WORK_IFACE_ALLOC_SAMPLE_TICKS	0
APPEND_READ_1280K_WORK_FREESPACE_ALLOC_CALLS	0
APPEND_READ_1280K_WORK_FREESPACE_ALLOC_SAMPLES	0
APPEND_READ_1280K_WORK_FREESPACE_ALLOC_SAMPLE_TICKS	0
APPEND_READ_1280K_WORK_DETAIL_INODE_READ_CALLS	48
APPEND_READ_1280K_WORK_DETAIL_INODE_READ_SAMPLES	2
APPEND_READ_1280K_WORK_DETAIL_INODE_READ_SAMPLE_TICKS	46
APPEND_READ_1280K_WORK_DETAIL_INODE_VALIDATE_CALLS	48
APPEND_READ_1280K_WORK_DETAIL_INODE_VALIDATE_SAMPLES	2
APPEND_READ_1280K_WORK_DETAIL_INODE_VALIDATE_SAMPLE_TICKS	0
APPEND_READ_1280K_WORK_DETAIL_INODE_SEARCH_CALLS	48
APPEND_READ_1280K_WORK_DETAIL_INODE_SEARCH_SAMPLES	2
APPEND_READ_1280K_WORK_DETAIL_INODE_SEARCH_SAMPLE_TICKS	46
APPEND_READ_1280K_WORK_DETAIL_INODE_NODE_VIEW_CALLS	1
APPEND_READ_1280K_WORK_DETAIL_INODE_NODE_VIEW_SAMPLES	0
APPEND_READ_1280K_WORK_DETAIL_INODE_NODE_VIEW_SAMPLE_TICKS	0
APPEND_READ_1280K_WORK_DETAIL_DIR_NODE_VIEW_CALLS	1
APPEND_READ_1280K_WORK_DETAIL_DIR_NODE_VIEW_SAMPLES	0
APPEND_READ_1280K_WORK_DETAIL_DIR_NODE_VIEW_SAMPLE_TICKS	0
APPEND_READ_1280K_WORK_DETAIL_INODE_BINARY_SEARCH_CALLS	2
APPEND_READ_1280K_WORK_DETAIL_INODE_BINARY_SEARCH_SAMPLES	0
APPEND_READ_1280K_WORK_DETAIL_INODE_BINARY_SEARCH_SAMPLE_TICKS	0
APPEND_READ_1280K_WORK_DETAIL_DIR_BINARY_SEARCH_CALLS	2
APPEND_READ_1280K_WORK_DETAIL_DIR_BINARY_SEARCH_SAMPLES	0
APPEND_READ_1280K_WORK_DETAIL_DIR_BINARY_SEARCH_SAMPLE_TICKS	0
APPEND_READ_1280K_WORK_DETAIL_NODE_STRUCTURE_CALLS	2
APPEND_READ_1280K_WORK_DETAIL_NODE_STRUCTURE_SAMPLES	0
APPEND_READ_1280K_WORK_DETAIL_NODE_STRUCTURE_SAMPLE_TICKS	0
APPEND_READ_1280K_WORK_DETAIL_CACHE_PEEK_CALLS	50
APPEND_READ_1280K_WORK_DETAIL_CACHE_PEEK_SAMPLES	2
APPEND_READ_1280K_WORK_DETAIL_CACHE_PEEK_SAMPLE_TICKS	0
APPEND_READ_1280K_WORK_DETAIL_BUFFER_ALLOC_CALLS	2
APPEND_READ_1280K_WORK_DETAIL_BUFFER_ALLOC_SAMPLES	0
APPEND_READ_1280K_WORK_DETAIL_BUFFER_ALLOC_SAMPLE_TICKS	0
APPEND_READ_1280K_WORK_DETAIL_BUFFER_FREE_CALLS	2
APPEND_READ_1280K_WORK_DETAIL_BUFFER_FREE_SAMPLES	0
APPEND_READ_1280K_WORK_DETAIL_BUFFER_FREE_SAMPLE_TICKS	0
APPEND_READ_1280K_WORK_DETAIL_EXALL_FILL_CALLS	0
APPEND_READ_1280K_WORK_DETAIL_EXALL_FILL_SAMPLES	0
APPEND_READ_1280K_WORK_DETAIL_EXALL_FILL_SAMPLE_TICKS	0
APPEND_READ_1280K_WORK_FREESPACE_ALLOCS	0
APPEND_READ_1280K_VOLUME_FLUSH_BIO_READS	0
APPEND_READ_1280K_VOLUME_FLUSH_BIO_WRITES	0
APPEND_READ_1280K_VOLUME_FLUSH_BIO_UPDATES	0
APPEND_READ_1280K_VOLUME_FLUSH_DATA_READS	0
APPEND_READ_1280K_VOLUME_FLUSH_DATA_WRITES	0
APPEND_READ_1280K_VOLUME_FLUSH_NODE_WRITES	0
APPEND_READ_1280K_VOLUME_FLUSH_TXN_COMMITS	0
APPEND_READ_1280K_VOLUME_FLUSH_EXTENT_MAPS	0
APPEND_READ_1280K_VOLUME_FLUSH_READ_TICKS	0
APPEND_READ_1280K_VOLUME_FLUSH_WRITE_TICKS	0
APPEND_READ_1280K_VOLUME_FLUSH_UPDATE_TICKS	0
APPEND_READ_1280K_VOLUME_FLUSH_DATA_READ_TICKS	0
APPEND_READ_1280K_VOLUME_FLUSH_DATA_WRITE_TICKS	0
APPEND_READ_1280K_VOLUME_FLUSH_NODE_CRC_READ_CALLS	0
APPEND_READ_1280K_VOLUME_FLUSH_NODE_CRC_READ_SAMPLES	0
APPEND_READ_1280K_VOLUME_FLUSH_NODE_CRC_READ_SAMPLE_TICKS	0
APPEND_READ_1280K_VOLUME_FLUSH_NODE_CRC_WRITE_CALLS	0
APPEND_READ_1280K_VOLUME_FLUSH_NODE_CRC_WRITE_SAMPLES	0
APPEND_READ_1280K_VOLUME_FLUSH_NODE_CRC_WRITE_SAMPLE_TICKS	0
APPEND_READ_1280K_VOLUME_FLUSH_CLOCK_PAIR_TICKS	0
APPEND_READ_1280K_VOLUME_FLUSH_PACKET_CALLS	0
APPEND_READ_1280K_VOLUME_FLUSH_PACKET_SAMPLES	0
APPEND_READ_1280K_VOLUME_FLUSH_PACKET_SAMPLE_TICKS	0
APPEND_READ_1280K_VOLUME_FLUSH_PACKET_OPEN_CALLS	0
APPEND_READ_1280K_VOLUME_FLUSH_PACKET_OPEN_SAMPLES	0
APPEND_READ_1280K_VOLUME_FLUSH_PACKET_OPEN_SAMPLE_TICKS	0
APPEND_READ_1280K_VOLUME_FLUSH_PACKET_READ_CALLS	0
APPEND_READ_1280K_VOLUME_FLUSH_PACKET_READ_SAMPLES	0
APPEND_READ_1280K_VOLUME_FLUSH_PACKET_READ_SAMPLE_TICKS	0
APPEND_READ_1280K_VOLUME_FLUSH_PACKET_WRITE_CALLS	0
APPEND_READ_1280K_VOLUME_FLUSH_PACKET_WRITE_SAMPLES	0
APPEND_READ_1280K_VOLUME_FLUSH_PACKET_WRITE_SAMPLE_TICKS	0
APPEND_READ_1280K_VOLUME_FLUSH_PACKET_END_CALLS	0
APPEND_READ_1280K_VOLUME_FLUSH_PACKET_END_SAMPLES	0
APPEND_READ_1280K_VOLUME_FLUSH_PACKET_END_SAMPLE_TICKS	0
APPEND_READ_1280K_VOLUME_FLUSH_PACKET_DELETE_CALLS	0
APPEND_READ_1280K_VOLUME_FLUSH_PACKET_DELETE_SAMPLES	0
APPEND_READ_1280K_VOLUME_FLUSH_PACKET_DELETE_SAMPLE_TICKS	0
APPEND_READ_1280K_VOLUME_FLUSH_PACKET_FLUSH_CALLS	0
APPEND_READ_1280K_VOLUME_FLUSH_PACKET_FLUSH_SAMPLES	0
APPEND_READ_1280K_VOLUME_FLUSH_PACKET_FLUSH_SAMPLE_TICKS	0
APPEND_READ_1280K_VOLUME_FLUSH_PACKET_OTHER_CALLS	0
APPEND_READ_1280K_VOLUME_FLUSH_PACKET_OTHER_SAMPLES	0
APPEND_READ_1280K_VOLUME_FLUSH_PACKET_OTHER_SAMPLE_TICKS	0
APPEND_READ_1280K_VOLUME_FLUSH_CORE_CREATE_CALLS	0
APPEND_READ_1280K_VOLUME_FLUSH_CORE_CREATE_SAMPLES	0
APPEND_READ_1280K_VOLUME_FLUSH_CORE_CREATE_SAMPLE_TICKS	0
APPEND_READ_1280K_VOLUME_FLUSH_CORE_DELETE_CALLS	0
APPEND_READ_1280K_VOLUME_FLUSH_CORE_DELETE_SAMPLES	0
APPEND_READ_1280K_VOLUME_FLUSH_CORE_DELETE_SAMPLE_TICKS	0
APPEND_READ_1280K_VOLUME_FLUSH_CORE_FILE_WRITE_CALLS	0
APPEND_READ_1280K_VOLUME_FLUSH_CORE_FILE_WRITE_SAMPLES	0
APPEND_READ_1280K_VOLUME_FLUSH_CORE_FILE_WRITE_SAMPLE_TICKS	0
APPEND_READ_1280K_VOLUME_FLUSH_CORE_SYNC_CALLS	0
APPEND_READ_1280K_VOLUME_FLUSH_CORE_SYNC_SAMPLES	0
APPEND_READ_1280K_VOLUME_FLUSH_CORE_SYNC_SAMPLE_TICKS	0
APPEND_READ_1280K_VOLUME_FLUSH_IFACE_FREE_CALLS	0
APPEND_READ_1280K_VOLUME_FLUSH_IFACE_FREE_SAMPLES	0
APPEND_READ_1280K_VOLUME_FLUSH_IFACE_FREE_SAMPLE_TICKS	0
APPEND_READ_1280K_VOLUME_FLUSH_SEAL_COMMIT_CALLS	0
APPEND_READ_1280K_VOLUME_FLUSH_SEAL_COMMIT_SAMPLES	0
APPEND_READ_1280K_VOLUME_FLUSH_SEAL_COMMIT_SAMPLE_TICKS	0
APPEND_READ_1280K_VOLUME_FLUSH_INODE_READ_CALLS	0
APPEND_READ_1280K_VOLUME_FLUSH_BTREE_SEARCH_CALLS	0
APPEND_READ_1280K_VOLUME_FLUSH_BTREE_INDEX_HINT_HITS	0
APPEND_READ_1280K_VOLUME_FLUSH_BTREE_LEAF_HINT_HITS	0
APPEND_READ_1280K_VOLUME_FLUSH_CACHE_READ_CALLS	0
APPEND_READ_1280K_VOLUME_FLUSH_CACHE_READ_HITS	0
APPEND_READ_1280K_VOLUME_FLUSH_CACHE_READ_MISSES	0
APPEND_READ_1280K_VOLUME_FLUSH_FREE_TREE_NODE_VIEWS	0
APPEND_READ_1280K_VOLUME_FLUSH_FREE_TREE_RESIDENT_VIEWS	0
APPEND_READ_1280K_VOLUME_FLUSH_DIR_TREE_NODE_VIEWS	0
APPEND_READ_1280K_VOLUME_FLUSH_DIR_TREE_RESIDENT_VIEWS	0
APPEND_READ_1280K_VOLUME_FLUSH_INODE_TREE_NODE_VIEWS	0
APPEND_READ_1280K_VOLUME_FLUSH_INODE_TREE_RESIDENT_VIEWS	0
APPEND_READ_1280K_VOLUME_FLUSH_REFCOUNT_TREE_NODE_VIEWS	0
APPEND_READ_1280K_VOLUME_FLUSH_REFCOUNT_TREE_RESIDENT_VIEWS	0
APPEND_READ_1280K_VOLUME_FLUSH_OTHER_TREE_NODE_VIEWS	0
APPEND_READ_1280K_VOLUME_FLUSH_OTHER_TREE_RESIDENT_VIEWS	0
APPEND_READ_1280K_VOLUME_FLUSH_WRITE_DETAIL_INODE_READ_CALLS	0
APPEND_READ_1280K_VOLUME_FLUSH_WRITE_DETAIL_INODE_READ_SAMPLES	0
APPEND_READ_1280K_VOLUME_FLUSH_WRITE_DETAIL_INODE_READ_SAMPLE_TICKS	0
APPEND_READ_1280K_VOLUME_FLUSH_WRITE_DETAIL_INODE_WRITE_CALLS	0
APPEND_READ_1280K_VOLUME_FLUSH_WRITE_DETAIL_INODE_WRITE_SAMPLES	0
APPEND_READ_1280K_VOLUME_FLUSH_WRITE_DETAIL_INODE_WRITE_SAMPLE_TICKS	0
APPEND_READ_1280K_VOLUME_FLUSH_WRITE_DETAIL_EXTENT_MAP_CALLS	0
APPEND_READ_1280K_VOLUME_FLUSH_WRITE_DETAIL_EXTENT_MAP_SAMPLES	0
APPEND_READ_1280K_VOLUME_FLUSH_WRITE_DETAIL_EXTENT_MAP_SAMPLE_TICKS	0
APPEND_READ_1280K_VOLUME_FLUSH_WRITE_DETAIL_FREESPACE_GOAL_CALLS	0
APPEND_READ_1280K_VOLUME_FLUSH_WRITE_DETAIL_FREESPACE_GOAL_SAMPLES	0
APPEND_READ_1280K_VOLUME_FLUSH_WRITE_DETAIL_FREESPACE_GOAL_SAMPLE_TICKS	0
APPEND_READ_1280K_VOLUME_FLUSH_BTREE_MALLOC_CALLS	0
APPEND_READ_1280K_VOLUME_FLUSH_BTREE_MALLOC_SAMPLES	0
APPEND_READ_1280K_VOLUME_FLUSH_BTREE_MALLOC_SAMPLE_TICKS	0
APPEND_READ_1280K_VOLUME_FLUSH_BTREE_FREE_CALLS	0
APPEND_READ_1280K_VOLUME_FLUSH_BTREE_FREE_SAMPLES	0
APPEND_READ_1280K_VOLUME_FLUSH_BTREE_FREE_SAMPLE_TICKS	0
APPEND_READ_1280K_VOLUME_FLUSH_IFACE_ALLOC_CALLS	0
APPEND_READ_1280K_VOLUME_FLUSH_IFACE_ALLOC_SAMPLES	0
APPEND_READ_1280K_VOLUME_FLUSH_IFACE_ALLOC_SAMPLE_TICKS	0
APPEND_READ_1280K_VOLUME_FLUSH_FREESPACE_ALLOC_CALLS	0
APPEND_READ_1280K_VOLUME_FLUSH_FREESPACE_ALLOC_SAMPLES	0
APPEND_READ_1280K_VOLUME_FLUSH_FREESPACE_ALLOC_SAMPLE_TICKS	0
APPEND_READ_1280K_VOLUME_FLUSH_DETAIL_INODE_READ_CALLS	0
APPEND_READ_1280K_VOLUME_FLUSH_DETAIL_INODE_READ_SAMPLES	0
APPEND_READ_1280K_VOLUME_FLUSH_DETAIL_INODE_READ_SAMPLE_TICKS	0
APPEND_READ_1280K_VOLUME_FLUSH_DETAIL_INODE_VALIDATE_CALLS	0
APPEND_READ_1280K_VOLUME_FLUSH_DETAIL_INODE_VALIDATE_SAMPLES	0
APPEND_READ_1280K_VOLUME_FLUSH_DETAIL_INODE_VALIDATE_SAMPLE_TICKS	0
APPEND_READ_1280K_VOLUME_FLUSH_DETAIL_INODE_SEARCH_CALLS	0
APPEND_READ_1280K_VOLUME_FLUSH_DETAIL_INODE_SEARCH_SAMPLES	0
APPEND_READ_1280K_VOLUME_FLUSH_DETAIL_INODE_SEARCH_SAMPLE_TICKS	0
APPEND_READ_1280K_VOLUME_FLUSH_DETAIL_INODE_NODE_VIEW_CALLS	0
APPEND_READ_1280K_VOLUME_FLUSH_DETAIL_INODE_NODE_VIEW_SAMPLES	0
APPEND_READ_1280K_VOLUME_FLUSH_DETAIL_INODE_NODE_VIEW_SAMPLE_TICKS	0
APPEND_READ_1280K_VOLUME_FLUSH_DETAIL_DIR_NODE_VIEW_CALLS	0
APPEND_READ_1280K_VOLUME_FLUSH_DETAIL_DIR_NODE_VIEW_SAMPLES	0
APPEND_READ_1280K_VOLUME_FLUSH_DETAIL_DIR_NODE_VIEW_SAMPLE_TICKS	0
APPEND_READ_1280K_VOLUME_FLUSH_DETAIL_INODE_BINARY_SEARCH_CALLS	0
APPEND_READ_1280K_VOLUME_FLUSH_DETAIL_INODE_BINARY_SEARCH_SAMPLES	0
APPEND_READ_1280K_VOLUME_FLUSH_DETAIL_INODE_BINARY_SEARCH_SAMPLE_TICKS	0
APPEND_READ_1280K_VOLUME_FLUSH_DETAIL_DIR_BINARY_SEARCH_CALLS	0
APPEND_READ_1280K_VOLUME_FLUSH_DETAIL_DIR_BINARY_SEARCH_SAMPLES	0
APPEND_READ_1280K_VOLUME_FLUSH_DETAIL_DIR_BINARY_SEARCH_SAMPLE_TICKS	0
APPEND_READ_1280K_VOLUME_FLUSH_DETAIL_NODE_STRUCTURE_CALLS	0
APPEND_READ_1280K_VOLUME_FLUSH_DETAIL_NODE_STRUCTURE_SAMPLES	0
APPEND_READ_1280K_VOLUME_FLUSH_DETAIL_NODE_STRUCTURE_SAMPLE_TICKS	0
APPEND_READ_1280K_VOLUME_FLUSH_DETAIL_CACHE_PEEK_CALLS	0
APPEND_READ_1280K_VOLUME_FLUSH_DETAIL_CACHE_PEEK_SAMPLES	0
APPEND_READ_1280K_VOLUME_FLUSH_DETAIL_CACHE_PEEK_SAMPLE_TICKS	0
APPEND_READ_1280K_VOLUME_FLUSH_DETAIL_BUFFER_ALLOC_CALLS	0
APPEND_READ_1280K_VOLUME_FLUSH_DETAIL_BUFFER_ALLOC_SAMPLES	0
APPEND_READ_1280K_VOLUME_FLUSH_DETAIL_BUFFER_ALLOC_SAMPLE_TICKS	0
APPEND_READ_1280K_VOLUME_FLUSH_DETAIL_BUFFER_FREE_CALLS	0
APPEND_READ_1280K_VOLUME_FLUSH_DETAIL_BUFFER_FREE_SAMPLES	0
APPEND_READ_1280K_VOLUME_FLUSH_DETAIL_BUFFER_FREE_SAMPLE_TICKS	0
APPEND_READ_1280K_VOLUME_FLUSH_DETAIL_EXALL_FILL_CALLS	0
APPEND_READ_1280K_VOLUME_FLUSH_DETAIL_EXALL_FILL_SAMPLES	0
APPEND_READ_1280K_VOLUME_FLUSH_DETAIL_EXALL_FILL_SAMPLE_TICKS	0
APPEND_READ_1280K_VOLUME_FLUSH_FREESPACE_ALLOCS	0
LIST_EXNEXT_40_ENTRIES_FIRST_PASS_US	7551
LIST_EXNEXT_40_ENTRIES_FIRST_PASS_WORK_US	7551
LIST_EXNEXT_40_ENTRIES_FIRST_PASS_VOLUME_FLUSH_US	0
LIST_EXNEXT_40_ENTRIES_FIRST_PASS_HAS_VOLUME_FLUSH	0
LIST_EXNEXT_40_ENTRIES_FIRST_PASS_GUEST_OPEN_CALLS	0
LIST_EXNEXT_40_ENTRIES_FIRST_PASS_GUEST_OPEN_US	0
LIST_EXNEXT_40_ENTRIES_FIRST_PASS_GUEST_READ_CALLS	0
LIST_EXNEXT_40_ENTRIES_FIRST_PASS_GUEST_READ_US	0
LIST_EXNEXT_40_ENTRIES_FIRST_PASS_GUEST_WRITE_CALLS	0
LIST_EXNEXT_40_ENTRIES_FIRST_PASS_GUEST_WRITE_US	0
LIST_EXNEXT_40_ENTRIES_FIRST_PASS_GUEST_HANDLE_FLUSH_CALLS	0
LIST_EXNEXT_40_ENTRIES_FIRST_PASS_GUEST_HANDLE_FLUSH_US	0
LIST_EXNEXT_40_ENTRIES_FIRST_PASS_GUEST_CLOSE_CALLS	0
LIST_EXNEXT_40_ENTRIES_FIRST_PASS_GUEST_CLOSE_US	0
LIST_EXNEXT_40_ENTRIES_FIRST_PASS_GUEST_VERIFY_CALLS	0
LIST_EXNEXT_40_ENTRIES_FIRST_PASS_GUEST_VERIFY_US	0
LIST_EXNEXT_40_ENTRIES_FIRST_PASS_WORK_BIO_READS	7
LIST_EXNEXT_40_ENTRIES_FIRST_PASS_WORK_BIO_WRITES	0
LIST_EXNEXT_40_ENTRIES_FIRST_PASS_WORK_BIO_UPDATES	0
LIST_EXNEXT_40_ENTRIES_FIRST_PASS_WORK_DATA_READS	0
LIST_EXNEXT_40_ENTRIES_FIRST_PASS_WORK_DATA_WRITES	0
LIST_EXNEXT_40_ENTRIES_FIRST_PASS_WORK_NODE_WRITES	0
LIST_EXNEXT_40_ENTRIES_FIRST_PASS_WORK_TXN_COMMITS	0
LIST_EXNEXT_40_ENTRIES_FIRST_PASS_WORK_EXTENT_MAPS	0
LIST_EXNEXT_40_ENTRIES_FIRST_PASS_WORK_READ_TICKS	454
LIST_EXNEXT_40_ENTRIES_FIRST_PASS_WORK_WRITE_TICKS	0
LIST_EXNEXT_40_ENTRIES_FIRST_PASS_WORK_UPDATE_TICKS	0
LIST_EXNEXT_40_ENTRIES_FIRST_PASS_WORK_DATA_READ_TICKS	0
LIST_EXNEXT_40_ENTRIES_FIRST_PASS_WORK_DATA_WRITE_TICKS	0
LIST_EXNEXT_40_ENTRIES_FIRST_PASS_WORK_NODE_CRC_READ_CALLS	7
LIST_EXNEXT_40_ENTRIES_FIRST_PASS_WORK_NODE_CRC_READ_SAMPLES	7
LIST_EXNEXT_40_ENTRIES_FIRST_PASS_WORK_NODE_CRC_READ_SAMPLE_TICKS	648
LIST_EXNEXT_40_ENTRIES_FIRST_PASS_WORK_NODE_CRC_WRITE_CALLS	0
LIST_EXNEXT_40_ENTRIES_FIRST_PASS_WORK_NODE_CRC_WRITE_SAMPLES	0
LIST_EXNEXT_40_ENTRIES_FIRST_PASS_WORK_NODE_CRC_WRITE_SAMPLE_TICKS	0
LIST_EXNEXT_40_ENTRIES_FIRST_PASS_WORK_CLOCK_PAIR_TICKS	0
LIST_EXNEXT_40_ENTRIES_FIRST_PASS_WORK_PACKET_CALLS	44
LIST_EXNEXT_40_ENTRIES_FIRST_PASS_WORK_PACKET_SAMPLES	44
LIST_EXNEXT_40_ENTRIES_FIRST_PASS_WORK_PACKET_SAMPLE_TICKS	4489
LIST_EXNEXT_40_ENTRIES_FIRST_PASS_WORK_PACKET_OPEN_CALLS	0
LIST_EXNEXT_40_ENTRIES_FIRST_PASS_WORK_PACKET_OPEN_SAMPLES	0
LIST_EXNEXT_40_ENTRIES_FIRST_PASS_WORK_PACKET_OPEN_SAMPLE_TICKS	0
LIST_EXNEXT_40_ENTRIES_FIRST_PASS_WORK_PACKET_READ_CALLS	0
LIST_EXNEXT_40_ENTRIES_FIRST_PASS_WORK_PACKET_READ_SAMPLES	0
LIST_EXNEXT_40_ENTRIES_FIRST_PASS_WORK_PACKET_READ_SAMPLE_TICKS	0
LIST_EXNEXT_40_ENTRIES_FIRST_PASS_WORK_PACKET_WRITE_CALLS	0
LIST_EXNEXT_40_ENTRIES_FIRST_PASS_WORK_PACKET_WRITE_SAMPLES	0
LIST_EXNEXT_40_ENTRIES_FIRST_PASS_WORK_PACKET_WRITE_SAMPLE_TICKS	0
LIST_EXNEXT_40_ENTRIES_FIRST_PASS_WORK_PACKET_END_CALLS	0
LIST_EXNEXT_40_ENTRIES_FIRST_PASS_WORK_PACKET_END_SAMPLES	0
LIST_EXNEXT_40_ENTRIES_FIRST_PASS_WORK_PACKET_END_SAMPLE_TICKS	0
LIST_EXNEXT_40_ENTRIES_FIRST_PASS_WORK_PACKET_DELETE_CALLS	0
LIST_EXNEXT_40_ENTRIES_FIRST_PASS_WORK_PACKET_DELETE_SAMPLES	0
LIST_EXNEXT_40_ENTRIES_FIRST_PASS_WORK_PACKET_DELETE_SAMPLE_TICKS	0
LIST_EXNEXT_40_ENTRIES_FIRST_PASS_WORK_PACKET_FLUSH_CALLS	0
LIST_EXNEXT_40_ENTRIES_FIRST_PASS_WORK_PACKET_FLUSH_SAMPLES	0
LIST_EXNEXT_40_ENTRIES_FIRST_PASS_WORK_PACKET_FLUSH_SAMPLE_TICKS	0
LIST_EXNEXT_40_ENTRIES_FIRST_PASS_WORK_PACKET_OTHER_CALLS	44
LIST_EXNEXT_40_ENTRIES_FIRST_PASS_WORK_PACKET_OTHER_SAMPLES	44
LIST_EXNEXT_40_ENTRIES_FIRST_PASS_WORK_PACKET_OTHER_SAMPLE_TICKS	4489
LIST_EXNEXT_40_ENTRIES_FIRST_PASS_WORK_CORE_CREATE_CALLS	0
LIST_EXNEXT_40_ENTRIES_FIRST_PASS_WORK_CORE_CREATE_SAMPLES	0
LIST_EXNEXT_40_ENTRIES_FIRST_PASS_WORK_CORE_CREATE_SAMPLE_TICKS	0
LIST_EXNEXT_40_ENTRIES_FIRST_PASS_WORK_CORE_DELETE_CALLS	0
LIST_EXNEXT_40_ENTRIES_FIRST_PASS_WORK_CORE_DELETE_SAMPLES	0
LIST_EXNEXT_40_ENTRIES_FIRST_PASS_WORK_CORE_DELETE_SAMPLE_TICKS	0
LIST_EXNEXT_40_ENTRIES_FIRST_PASS_WORK_CORE_FILE_WRITE_CALLS	0
LIST_EXNEXT_40_ENTRIES_FIRST_PASS_WORK_CORE_FILE_WRITE_SAMPLES	0
LIST_EXNEXT_40_ENTRIES_FIRST_PASS_WORK_CORE_FILE_WRITE_SAMPLE_TICKS	0
LIST_EXNEXT_40_ENTRIES_FIRST_PASS_WORK_CORE_SYNC_CALLS	0
LIST_EXNEXT_40_ENTRIES_FIRST_PASS_WORK_CORE_SYNC_SAMPLES	0
LIST_EXNEXT_40_ENTRIES_FIRST_PASS_WORK_CORE_SYNC_SAMPLE_TICKS	0
LIST_EXNEXT_40_ENTRIES_FIRST_PASS_WORK_IFACE_FREE_CALLS	0
LIST_EXNEXT_40_ENTRIES_FIRST_PASS_WORK_IFACE_FREE_SAMPLES	0
LIST_EXNEXT_40_ENTRIES_FIRST_PASS_WORK_IFACE_FREE_SAMPLE_TICKS	0
LIST_EXNEXT_40_ENTRIES_FIRST_PASS_WORK_SEAL_COMMIT_CALLS	0
LIST_EXNEXT_40_ENTRIES_FIRST_PASS_WORK_SEAL_COMMIT_SAMPLES	0
LIST_EXNEXT_40_ENTRIES_FIRST_PASS_WORK_SEAL_COMMIT_SAMPLE_TICKS	0
LIST_EXNEXT_40_ENTRIES_FIRST_PASS_WORK_INODE_READ_CALLS	41
LIST_EXNEXT_40_ENTRIES_FIRST_PASS_WORK_BTREE_SEARCH_CALLS	42
LIST_EXNEXT_40_ENTRIES_FIRST_PASS_WORK_BTREE_INDEX_HINT_HITS	0
LIST_EXNEXT_40_ENTRIES_FIRST_PASS_WORK_BTREE_LEAF_HINT_HITS	39
LIST_EXNEXT_40_ENTRIES_FIRST_PASS_WORK_CACHE_READ_CALLS	9
LIST_EXNEXT_40_ENTRIES_FIRST_PASS_WORK_CACHE_READ_HITS	2
LIST_EXNEXT_40_ENTRIES_FIRST_PASS_WORK_CACHE_READ_MISSES	7
LIST_EXNEXT_40_ENTRIES_FIRST_PASS_WORK_FREE_TREE_NODE_VIEWS	0
LIST_EXNEXT_40_ENTRIES_FIRST_PASS_WORK_FREE_TREE_RESIDENT_VIEWS	0
LIST_EXNEXT_40_ENTRIES_FIRST_PASS_WORK_DIR_TREE_NODE_VIEWS	36
LIST_EXNEXT_40_ENTRIES_FIRST_PASS_WORK_DIR_TREE_RESIDENT_VIEWS	30
LIST_EXNEXT_40_ENTRIES_FIRST_PASS_WORK_INODE_TREE_NODE_VIEWS	4
LIST_EXNEXT_40_ENTRIES_FIRST_PASS_WORK_INODE_TREE_RESIDENT_VIEWS	1
LIST_EXNEXT_40_ENTRIES_FIRST_PASS_WORK_REFCOUNT_TREE_NODE_VIEWS	0
LIST_EXNEXT_40_ENTRIES_FIRST_PASS_WORK_REFCOUNT_TREE_RESIDENT_VIEWS	0
LIST_EXNEXT_40_ENTRIES_FIRST_PASS_WORK_OTHER_TREE_NODE_VIEWS	0
LIST_EXNEXT_40_ENTRIES_FIRST_PASS_WORK_OTHER_TREE_RESIDENT_VIEWS	0
LIST_EXNEXT_40_ENTRIES_FIRST_PASS_WORK_WRITE_DETAIL_INODE_READ_CALLS	41
LIST_EXNEXT_40_ENTRIES_FIRST_PASS_WORK_WRITE_DETAIL_INODE_READ_SAMPLES	41
LIST_EXNEXT_40_ENTRIES_FIRST_PASS_WORK_WRITE_DETAIL_INODE_READ_SAMPLE_TICKS	1345
LIST_EXNEXT_40_ENTRIES_FIRST_PASS_WORK_WRITE_DETAIL_INODE_WRITE_CALLS	0
LIST_EXNEXT_40_ENTRIES_FIRST_PASS_WORK_WRITE_DETAIL_INODE_WRITE_SAMPLES	0
LIST_EXNEXT_40_ENTRIES_FIRST_PASS_WORK_WRITE_DETAIL_INODE_WRITE_SAMPLE_TICKS	0
LIST_EXNEXT_40_ENTRIES_FIRST_PASS_WORK_WRITE_DETAIL_EXTENT_MAP_CALLS	0
LIST_EXNEXT_40_ENTRIES_FIRST_PASS_WORK_WRITE_DETAIL_EXTENT_MAP_SAMPLES	0
LIST_EXNEXT_40_ENTRIES_FIRST_PASS_WORK_WRITE_DETAIL_EXTENT_MAP_SAMPLE_TICKS	0
LIST_EXNEXT_40_ENTRIES_FIRST_PASS_WORK_WRITE_DETAIL_FREESPACE_GOAL_CALLS	0
LIST_EXNEXT_40_ENTRIES_FIRST_PASS_WORK_WRITE_DETAIL_FREESPACE_GOAL_SAMPLES	0
LIST_EXNEXT_40_ENTRIES_FIRST_PASS_WORK_WRITE_DETAIL_FREESPACE_GOAL_SAMPLE_TICKS	0
LIST_EXNEXT_40_ENTRIES_FIRST_PASS_WORK_BTREE_MALLOC_CALLS	5
LIST_EXNEXT_40_ENTRIES_FIRST_PASS_WORK_BTREE_MALLOC_SAMPLES	5
LIST_EXNEXT_40_ENTRIES_FIRST_PASS_WORK_BTREE_MALLOC_SAMPLE_TICKS	0
LIST_EXNEXT_40_ENTRIES_FIRST_PASS_WORK_BTREE_FREE_CALLS	43
LIST_EXNEXT_40_ENTRIES_FIRST_PASS_WORK_BTREE_FREE_SAMPLES	43
LIST_EXNEXT_40_ENTRIES_FIRST_PASS_WORK_BTREE_FREE_SAMPLE_TICKS	39
LIST_EXNEXT_40_ENTRIES_FIRST_PASS_WORK_IFACE_ALLOC_CALLS	0
LIST_EXNEXT_40_ENTRIES_FIRST_PASS_WORK_IFACE_ALLOC_SAMPLES	0
LIST_EXNEXT_40_ENTRIES_FIRST_PASS_WORK_IFACE_ALLOC_SAMPLE_TICKS	0
LIST_EXNEXT_40_ENTRIES_FIRST_PASS_WORK_FREESPACE_ALLOC_CALLS	0
LIST_EXNEXT_40_ENTRIES_FIRST_PASS_WORK_FREESPACE_ALLOC_SAMPLES	0
LIST_EXNEXT_40_ENTRIES_FIRST_PASS_WORK_FREESPACE_ALLOC_SAMPLE_TICKS	0
LIST_EXNEXT_40_ENTRIES_FIRST_PASS_WORK_DETAIL_INODE_READ_CALLS	41
LIST_EXNEXT_40_ENTRIES_FIRST_PASS_WORK_DETAIL_INODE_READ_SAMPLES	2
LIST_EXNEXT_40_ENTRIES_FIRST_PASS_WORK_DETAIL_INODE_READ_SAMPLE_TICKS	46
LIST_EXNEXT_40_ENTRIES_FIRST_PASS_WORK_DETAIL_INODE_VALIDATE_CALLS	41
LIST_EXNEXT_40_ENTRIES_FIRST_PASS_WORK_DETAIL_INODE_VALIDATE_SAMPLES	2
LIST_EXNEXT_40_ENTRIES_FIRST_PASS_WORK_DETAIL_INODE_VALIDATE_SAMPLE_TICKS	0
LIST_EXNEXT_40_ENTRIES_FIRST_PASS_WORK_DETAIL_INODE_SEARCH_CALLS	41
LIST_EXNEXT_40_ENTRIES_FIRST_PASS_WORK_DETAIL_INODE_SEARCH_SAMPLES	2
LIST_EXNEXT_40_ENTRIES_FIRST_PASS_WORK_DETAIL_INODE_SEARCH_SAMPLE_TICKS	46
LIST_EXNEXT_40_ENTRIES_FIRST_PASS_WORK_DETAIL_INODE_NODE_VIEW_CALLS	4
LIST_EXNEXT_40_ENTRIES_FIRST_PASS_WORK_DETAIL_INODE_NODE_VIEW_SAMPLES	0
LIST_EXNEXT_40_ENTRIES_FIRST_PASS_WORK_DETAIL_INODE_NODE_VIEW_SAMPLE_TICKS	0
LIST_EXNEXT_40_ENTRIES_FIRST_PASS_WORK_DETAIL_DIR_NODE_VIEW_CALLS	36
LIST_EXNEXT_40_ENTRIES_FIRST_PASS_WORK_DETAIL_DIR_NODE_VIEW_SAMPLES	2
LIST_EXNEXT_40_ENTRIES_FIRST_PASS_WORK_DETAIL_DIR_NODE_VIEW_SAMPLE_TICKS	0
LIST_EXNEXT_40_ENTRIES_FIRST_PASS_WORK_DETAIL_INODE_BINARY_SEARCH_CALLS	31
LIST_EXNEXT_40_ENTRIES_FIRST_PASS_WORK_DETAIL_INODE_BINARY_SEARCH_SAMPLES	1
LIST_EXNEXT_40_ENTRIES_FIRST_PASS_WORK_DETAIL_INODE_BINARY_SEARCH_SAMPLE_TICKS	0
LIST_EXNEXT_40_ENTRIES_FIRST_PASS_WORK_DETAIL_DIR_BINARY_SEARCH_CALLS	28
LIST_EXNEXT_40_ENTRIES_FIRST_PASS_WORK_DETAIL_DIR_BINARY_SEARCH_SAMPLES	1
LIST_EXNEXT_40_ENTRIES_FIRST_PASS_WORK_DETAIL_DIR_BINARY_SEARCH_SAMPLE_TICKS	0
LIST_EXNEXT_40_ENTRIES_FIRST_PASS_WORK_DETAIL_NODE_STRUCTURE_CALLS	9
LIST_EXNEXT_40_ENTRIES_FIRST_PASS_WORK_DETAIL_NODE_STRUCTURE_SAMPLES	0
LIST_EXNEXT_40_ENTRIES_FIRST_PASS_WORK_DETAIL_NODE_STRUCTURE_SAMPLE_TICKS	0
LIST_EXNEXT_40_ENTRIES_FIRST_PASS_WORK_DETAIL_CACHE_PEEK_CALLS	80
LIST_EXNEXT_40_ENTRIES_FIRST_PASS_WORK_DETAIL_CACHE_PEEK_SAMPLES	4
LIST_EXNEXT_40_ENTRIES_FIRST_PASS_WORK_DETAIL_CACHE_PEEK_SAMPLE_TICKS	0
LIST_EXNEXT_40_ENTRIES_FIRST_PASS_WORK_DETAIL_BUFFER_ALLOC_CALLS	45
LIST_EXNEXT_40_ENTRIES_FIRST_PASS_WORK_DETAIL_BUFFER_ALLOC_SAMPLES	2
LIST_EXNEXT_40_ENTRIES_FIRST_PASS_WORK_DETAIL_BUFFER_ALLOC_SAMPLE_TICKS	0
LIST_EXNEXT_40_ENTRIES_FIRST_PASS_WORK_DETAIL_BUFFER_FREE_CALLS	45
LIST_EXNEXT_40_ENTRIES_FIRST_PASS_WORK_DETAIL_BUFFER_FREE_SAMPLES	2
LIST_EXNEXT_40_ENTRIES_FIRST_PASS_WORK_DETAIL_BUFFER_FREE_SAMPLE_TICKS	1
LIST_EXNEXT_40_ENTRIES_FIRST_PASS_WORK_DETAIL_EXALL_FILL_CALLS	0
LIST_EXNEXT_40_ENTRIES_FIRST_PASS_WORK_DETAIL_EXALL_FILL_SAMPLES	0
LIST_EXNEXT_40_ENTRIES_FIRST_PASS_WORK_DETAIL_EXALL_FILL_SAMPLE_TICKS	0
LIST_EXNEXT_40_ENTRIES_FIRST_PASS_WORK_FREESPACE_ALLOCS	0
LIST_EXNEXT_40_ENTRIES_FIRST_PASS_VOLUME_FLUSH_BIO_READS	0
LIST_EXNEXT_40_ENTRIES_FIRST_PASS_VOLUME_FLUSH_BIO_WRITES	0
LIST_EXNEXT_40_ENTRIES_FIRST_PASS_VOLUME_FLUSH_BIO_UPDATES	0
LIST_EXNEXT_40_ENTRIES_FIRST_PASS_VOLUME_FLUSH_DATA_READS	0
LIST_EXNEXT_40_ENTRIES_FIRST_PASS_VOLUME_FLUSH_DATA_WRITES	0
LIST_EXNEXT_40_ENTRIES_FIRST_PASS_VOLUME_FLUSH_NODE_WRITES	0
LIST_EXNEXT_40_ENTRIES_FIRST_PASS_VOLUME_FLUSH_TXN_COMMITS	0
LIST_EXNEXT_40_ENTRIES_FIRST_PASS_VOLUME_FLUSH_EXTENT_MAPS	0
LIST_EXNEXT_40_ENTRIES_FIRST_PASS_VOLUME_FLUSH_READ_TICKS	0
LIST_EXNEXT_40_ENTRIES_FIRST_PASS_VOLUME_FLUSH_WRITE_TICKS	0
LIST_EXNEXT_40_ENTRIES_FIRST_PASS_VOLUME_FLUSH_UPDATE_TICKS	0
LIST_EXNEXT_40_ENTRIES_FIRST_PASS_VOLUME_FLUSH_DATA_READ_TICKS	0
LIST_EXNEXT_40_ENTRIES_FIRST_PASS_VOLUME_FLUSH_DATA_WRITE_TICKS	0
LIST_EXNEXT_40_ENTRIES_FIRST_PASS_VOLUME_FLUSH_NODE_CRC_READ_CALLS	0
LIST_EXNEXT_40_ENTRIES_FIRST_PASS_VOLUME_FLUSH_NODE_CRC_READ_SAMPLES	0
LIST_EXNEXT_40_ENTRIES_FIRST_PASS_VOLUME_FLUSH_NODE_CRC_READ_SAMPLE_TICKS	0
LIST_EXNEXT_40_ENTRIES_FIRST_PASS_VOLUME_FLUSH_NODE_CRC_WRITE_CALLS	0
LIST_EXNEXT_40_ENTRIES_FIRST_PASS_VOLUME_FLUSH_NODE_CRC_WRITE_SAMPLES	0
LIST_EXNEXT_40_ENTRIES_FIRST_PASS_VOLUME_FLUSH_NODE_CRC_WRITE_SAMPLE_TICKS	0
LIST_EXNEXT_40_ENTRIES_FIRST_PASS_VOLUME_FLUSH_CLOCK_PAIR_TICKS	0
LIST_EXNEXT_40_ENTRIES_FIRST_PASS_VOLUME_FLUSH_PACKET_CALLS	0
LIST_EXNEXT_40_ENTRIES_FIRST_PASS_VOLUME_FLUSH_PACKET_SAMPLES	0
LIST_EXNEXT_40_ENTRIES_FIRST_PASS_VOLUME_FLUSH_PACKET_SAMPLE_TICKS	0
LIST_EXNEXT_40_ENTRIES_FIRST_PASS_VOLUME_FLUSH_PACKET_OPEN_CALLS	0
LIST_EXNEXT_40_ENTRIES_FIRST_PASS_VOLUME_FLUSH_PACKET_OPEN_SAMPLES	0
LIST_EXNEXT_40_ENTRIES_FIRST_PASS_VOLUME_FLUSH_PACKET_OPEN_SAMPLE_TICKS	0
LIST_EXNEXT_40_ENTRIES_FIRST_PASS_VOLUME_FLUSH_PACKET_READ_CALLS	0
LIST_EXNEXT_40_ENTRIES_FIRST_PASS_VOLUME_FLUSH_PACKET_READ_SAMPLES	0
LIST_EXNEXT_40_ENTRIES_FIRST_PASS_VOLUME_FLUSH_PACKET_READ_SAMPLE_TICKS	0
LIST_EXNEXT_40_ENTRIES_FIRST_PASS_VOLUME_FLUSH_PACKET_WRITE_CALLS	0
LIST_EXNEXT_40_ENTRIES_FIRST_PASS_VOLUME_FLUSH_PACKET_WRITE_SAMPLES	0
LIST_EXNEXT_40_ENTRIES_FIRST_PASS_VOLUME_FLUSH_PACKET_WRITE_SAMPLE_TICKS	0
LIST_EXNEXT_40_ENTRIES_FIRST_PASS_VOLUME_FLUSH_PACKET_END_CALLS	0
LIST_EXNEXT_40_ENTRIES_FIRST_PASS_VOLUME_FLUSH_PACKET_END_SAMPLES	0
LIST_EXNEXT_40_ENTRIES_FIRST_PASS_VOLUME_FLUSH_PACKET_END_SAMPLE_TICKS	0
LIST_EXNEXT_40_ENTRIES_FIRST_PASS_VOLUME_FLUSH_PACKET_DELETE_CALLS	0
LIST_EXNEXT_40_ENTRIES_FIRST_PASS_VOLUME_FLUSH_PACKET_DELETE_SAMPLES	0
LIST_EXNEXT_40_ENTRIES_FIRST_PASS_VOLUME_FLUSH_PACKET_DELETE_SAMPLE_TICKS	0
LIST_EXNEXT_40_ENTRIES_FIRST_PASS_VOLUME_FLUSH_PACKET_FLUSH_CALLS	0
LIST_EXNEXT_40_ENTRIES_FIRST_PASS_VOLUME_FLUSH_PACKET_FLUSH_SAMPLES	0
LIST_EXNEXT_40_ENTRIES_FIRST_PASS_VOLUME_FLUSH_PACKET_FLUSH_SAMPLE_TICKS	0
LIST_EXNEXT_40_ENTRIES_FIRST_PASS_VOLUME_FLUSH_PACKET_OTHER_CALLS	0
LIST_EXNEXT_40_ENTRIES_FIRST_PASS_VOLUME_FLUSH_PACKET_OTHER_SAMPLES	0
LIST_EXNEXT_40_ENTRIES_FIRST_PASS_VOLUME_FLUSH_PACKET_OTHER_SAMPLE_TICKS	0
LIST_EXNEXT_40_ENTRIES_FIRST_PASS_VOLUME_FLUSH_CORE_CREATE_CALLS	0
LIST_EXNEXT_40_ENTRIES_FIRST_PASS_VOLUME_FLUSH_CORE_CREATE_SAMPLES	0
LIST_EXNEXT_40_ENTRIES_FIRST_PASS_VOLUME_FLUSH_CORE_CREATE_SAMPLE_TICKS	0
LIST_EXNEXT_40_ENTRIES_FIRST_PASS_VOLUME_FLUSH_CORE_DELETE_CALLS	0
LIST_EXNEXT_40_ENTRIES_FIRST_PASS_VOLUME_FLUSH_CORE_DELETE_SAMPLES	0
LIST_EXNEXT_40_ENTRIES_FIRST_PASS_VOLUME_FLUSH_CORE_DELETE_SAMPLE_TICKS	0
LIST_EXNEXT_40_ENTRIES_FIRST_PASS_VOLUME_FLUSH_CORE_FILE_WRITE_CALLS	0
LIST_EXNEXT_40_ENTRIES_FIRST_PASS_VOLUME_FLUSH_CORE_FILE_WRITE_SAMPLES	0
LIST_EXNEXT_40_ENTRIES_FIRST_PASS_VOLUME_FLUSH_CORE_FILE_WRITE_SAMPLE_TICKS	0
LIST_EXNEXT_40_ENTRIES_FIRST_PASS_VOLUME_FLUSH_CORE_SYNC_CALLS	0
LIST_EXNEXT_40_ENTRIES_FIRST_PASS_VOLUME_FLUSH_CORE_SYNC_SAMPLES	0
LIST_EXNEXT_40_ENTRIES_FIRST_PASS_VOLUME_FLUSH_CORE_SYNC_SAMPLE_TICKS	0
LIST_EXNEXT_40_ENTRIES_FIRST_PASS_VOLUME_FLUSH_IFACE_FREE_CALLS	0
LIST_EXNEXT_40_ENTRIES_FIRST_PASS_VOLUME_FLUSH_IFACE_FREE_SAMPLES	0
LIST_EXNEXT_40_ENTRIES_FIRST_PASS_VOLUME_FLUSH_IFACE_FREE_SAMPLE_TICKS	0
LIST_EXNEXT_40_ENTRIES_FIRST_PASS_VOLUME_FLUSH_SEAL_COMMIT_CALLS	0
LIST_EXNEXT_40_ENTRIES_FIRST_PASS_VOLUME_FLUSH_SEAL_COMMIT_SAMPLES	0
LIST_EXNEXT_40_ENTRIES_FIRST_PASS_VOLUME_FLUSH_SEAL_COMMIT_SAMPLE_TICKS	0
LIST_EXNEXT_40_ENTRIES_FIRST_PASS_VOLUME_FLUSH_INODE_READ_CALLS	0
LIST_EXNEXT_40_ENTRIES_FIRST_PASS_VOLUME_FLUSH_BTREE_SEARCH_CALLS	0
LIST_EXNEXT_40_ENTRIES_FIRST_PASS_VOLUME_FLUSH_BTREE_INDEX_HINT_HITS	0
LIST_EXNEXT_40_ENTRIES_FIRST_PASS_VOLUME_FLUSH_BTREE_LEAF_HINT_HITS	0
LIST_EXNEXT_40_ENTRIES_FIRST_PASS_VOLUME_FLUSH_CACHE_READ_CALLS	0
LIST_EXNEXT_40_ENTRIES_FIRST_PASS_VOLUME_FLUSH_CACHE_READ_HITS	0
LIST_EXNEXT_40_ENTRIES_FIRST_PASS_VOLUME_FLUSH_CACHE_READ_MISSES	0
LIST_EXNEXT_40_ENTRIES_FIRST_PASS_VOLUME_FLUSH_FREE_TREE_NODE_VIEWS	0
LIST_EXNEXT_40_ENTRIES_FIRST_PASS_VOLUME_FLUSH_FREE_TREE_RESIDENT_VIEWS	0
LIST_EXNEXT_40_ENTRIES_FIRST_PASS_VOLUME_FLUSH_DIR_TREE_NODE_VIEWS	0
LIST_EXNEXT_40_ENTRIES_FIRST_PASS_VOLUME_FLUSH_DIR_TREE_RESIDENT_VIEWS	0
LIST_EXNEXT_40_ENTRIES_FIRST_PASS_VOLUME_FLUSH_INODE_TREE_NODE_VIEWS	0
LIST_EXNEXT_40_ENTRIES_FIRST_PASS_VOLUME_FLUSH_INODE_TREE_RESIDENT_VIEWS	0
LIST_EXNEXT_40_ENTRIES_FIRST_PASS_VOLUME_FLUSH_REFCOUNT_TREE_NODE_VIEWS	0
LIST_EXNEXT_40_ENTRIES_FIRST_PASS_VOLUME_FLUSH_REFCOUNT_TREE_RESIDENT_VIEWS	0
LIST_EXNEXT_40_ENTRIES_FIRST_PASS_VOLUME_FLUSH_OTHER_TREE_NODE_VIEWS	0
LIST_EXNEXT_40_ENTRIES_FIRST_PASS_VOLUME_FLUSH_OTHER_TREE_RESIDENT_VIEWS	0
LIST_EXNEXT_40_ENTRIES_FIRST_PASS_VOLUME_FLUSH_WRITE_DETAIL_INODE_READ_CALLS	0
LIST_EXNEXT_40_ENTRIES_FIRST_PASS_VOLUME_FLUSH_WRITE_DETAIL_INODE_READ_SAMPLES	0
LIST_EXNEXT_40_ENTRIES_FIRST_PASS_VOLUME_FLUSH_WRITE_DETAIL_INODE_READ_SAMPLE_TICKS	0
LIST_EXNEXT_40_ENTRIES_FIRST_PASS_VOLUME_FLUSH_WRITE_DETAIL_INODE_WRITE_CALLS	0
LIST_EXNEXT_40_ENTRIES_FIRST_PASS_VOLUME_FLUSH_WRITE_DETAIL_INODE_WRITE_SAMPLES	0
LIST_EXNEXT_40_ENTRIES_FIRST_PASS_VOLUME_FLUSH_WRITE_DETAIL_INODE_WRITE_SAMPLE_TICKS	0
LIST_EXNEXT_40_ENTRIES_FIRST_PASS_VOLUME_FLUSH_WRITE_DETAIL_EXTENT_MAP_CALLS	0
LIST_EXNEXT_40_ENTRIES_FIRST_PASS_VOLUME_FLUSH_WRITE_DETAIL_EXTENT_MAP_SAMPLES	0
LIST_EXNEXT_40_ENTRIES_FIRST_PASS_VOLUME_FLUSH_WRITE_DETAIL_EXTENT_MAP_SAMPLE_TICKS	0
LIST_EXNEXT_40_ENTRIES_FIRST_PASS_VOLUME_FLUSH_WRITE_DETAIL_FREESPACE_GOAL_CALLS	0
LIST_EXNEXT_40_ENTRIES_FIRST_PASS_VOLUME_FLUSH_WRITE_DETAIL_FREESPACE_GOAL_SAMPLES	0
LIST_EXNEXT_40_ENTRIES_FIRST_PASS_VOLUME_FLUSH_WRITE_DETAIL_FREESPACE_GOAL_SAMPLE_TICKS	0
LIST_EXNEXT_40_ENTRIES_FIRST_PASS_VOLUME_FLUSH_BTREE_MALLOC_CALLS	0
LIST_EXNEXT_40_ENTRIES_FIRST_PASS_VOLUME_FLUSH_BTREE_MALLOC_SAMPLES	0
LIST_EXNEXT_40_ENTRIES_FIRST_PASS_VOLUME_FLUSH_BTREE_MALLOC_SAMPLE_TICKS	0
LIST_EXNEXT_40_ENTRIES_FIRST_PASS_VOLUME_FLUSH_BTREE_FREE_CALLS	0
LIST_EXNEXT_40_ENTRIES_FIRST_PASS_VOLUME_FLUSH_BTREE_FREE_SAMPLES	0
LIST_EXNEXT_40_ENTRIES_FIRST_PASS_VOLUME_FLUSH_BTREE_FREE_SAMPLE_TICKS	0
LIST_EXNEXT_40_ENTRIES_FIRST_PASS_VOLUME_FLUSH_IFACE_ALLOC_CALLS	0
LIST_EXNEXT_40_ENTRIES_FIRST_PASS_VOLUME_FLUSH_IFACE_ALLOC_SAMPLES	0
LIST_EXNEXT_40_ENTRIES_FIRST_PASS_VOLUME_FLUSH_IFACE_ALLOC_SAMPLE_TICKS	0
LIST_EXNEXT_40_ENTRIES_FIRST_PASS_VOLUME_FLUSH_FREESPACE_ALLOC_CALLS	0
LIST_EXNEXT_40_ENTRIES_FIRST_PASS_VOLUME_FLUSH_FREESPACE_ALLOC_SAMPLES	0
LIST_EXNEXT_40_ENTRIES_FIRST_PASS_VOLUME_FLUSH_FREESPACE_ALLOC_SAMPLE_TICKS	0
LIST_EXNEXT_40_ENTRIES_FIRST_PASS_VOLUME_FLUSH_DETAIL_INODE_READ_CALLS	0
LIST_EXNEXT_40_ENTRIES_FIRST_PASS_VOLUME_FLUSH_DETAIL_INODE_READ_SAMPLES	0
LIST_EXNEXT_40_ENTRIES_FIRST_PASS_VOLUME_FLUSH_DETAIL_INODE_READ_SAMPLE_TICKS	0
LIST_EXNEXT_40_ENTRIES_FIRST_PASS_VOLUME_FLUSH_DETAIL_INODE_VALIDATE_CALLS	0
LIST_EXNEXT_40_ENTRIES_FIRST_PASS_VOLUME_FLUSH_DETAIL_INODE_VALIDATE_SAMPLES	0
LIST_EXNEXT_40_ENTRIES_FIRST_PASS_VOLUME_FLUSH_DETAIL_INODE_VALIDATE_SAMPLE_TICKS	0
LIST_EXNEXT_40_ENTRIES_FIRST_PASS_VOLUME_FLUSH_DETAIL_INODE_SEARCH_CALLS	0
LIST_EXNEXT_40_ENTRIES_FIRST_PASS_VOLUME_FLUSH_DETAIL_INODE_SEARCH_SAMPLES	0
LIST_EXNEXT_40_ENTRIES_FIRST_PASS_VOLUME_FLUSH_DETAIL_INODE_SEARCH_SAMPLE_TICKS	0
LIST_EXNEXT_40_ENTRIES_FIRST_PASS_VOLUME_FLUSH_DETAIL_INODE_NODE_VIEW_CALLS	0
LIST_EXNEXT_40_ENTRIES_FIRST_PASS_VOLUME_FLUSH_DETAIL_INODE_NODE_VIEW_SAMPLES	0
LIST_EXNEXT_40_ENTRIES_FIRST_PASS_VOLUME_FLUSH_DETAIL_INODE_NODE_VIEW_SAMPLE_TICKS	0
LIST_EXNEXT_40_ENTRIES_FIRST_PASS_VOLUME_FLUSH_DETAIL_DIR_NODE_VIEW_CALLS	0
LIST_EXNEXT_40_ENTRIES_FIRST_PASS_VOLUME_FLUSH_DETAIL_DIR_NODE_VIEW_SAMPLES	0
LIST_EXNEXT_40_ENTRIES_FIRST_PASS_VOLUME_FLUSH_DETAIL_DIR_NODE_VIEW_SAMPLE_TICKS	0
LIST_EXNEXT_40_ENTRIES_FIRST_PASS_VOLUME_FLUSH_DETAIL_INODE_BINARY_SEARCH_CALLS	0
LIST_EXNEXT_40_ENTRIES_FIRST_PASS_VOLUME_FLUSH_DETAIL_INODE_BINARY_SEARCH_SAMPLES	0
LIST_EXNEXT_40_ENTRIES_FIRST_PASS_VOLUME_FLUSH_DETAIL_INODE_BINARY_SEARCH_SAMPLE_TICKS	0
LIST_EXNEXT_40_ENTRIES_FIRST_PASS_VOLUME_FLUSH_DETAIL_DIR_BINARY_SEARCH_CALLS	0
LIST_EXNEXT_40_ENTRIES_FIRST_PASS_VOLUME_FLUSH_DETAIL_DIR_BINARY_SEARCH_SAMPLES	0
LIST_EXNEXT_40_ENTRIES_FIRST_PASS_VOLUME_FLUSH_DETAIL_DIR_BINARY_SEARCH_SAMPLE_TICKS	0
LIST_EXNEXT_40_ENTRIES_FIRST_PASS_VOLUME_FLUSH_DETAIL_NODE_STRUCTURE_CALLS	0
LIST_EXNEXT_40_ENTRIES_FIRST_PASS_VOLUME_FLUSH_DETAIL_NODE_STRUCTURE_SAMPLES	0
LIST_EXNEXT_40_ENTRIES_FIRST_PASS_VOLUME_FLUSH_DETAIL_NODE_STRUCTURE_SAMPLE_TICKS	0
LIST_EXNEXT_40_ENTRIES_FIRST_PASS_VOLUME_FLUSH_DETAIL_CACHE_PEEK_CALLS	0
LIST_EXNEXT_40_ENTRIES_FIRST_PASS_VOLUME_FLUSH_DETAIL_CACHE_PEEK_SAMPLES	0
LIST_EXNEXT_40_ENTRIES_FIRST_PASS_VOLUME_FLUSH_DETAIL_CACHE_PEEK_SAMPLE_TICKS	0
LIST_EXNEXT_40_ENTRIES_FIRST_PASS_VOLUME_FLUSH_DETAIL_BUFFER_ALLOC_CALLS	0
LIST_EXNEXT_40_ENTRIES_FIRST_PASS_VOLUME_FLUSH_DETAIL_BUFFER_ALLOC_SAMPLES	0
LIST_EXNEXT_40_ENTRIES_FIRST_PASS_VOLUME_FLUSH_DETAIL_BUFFER_ALLOC_SAMPLE_TICKS	0
LIST_EXNEXT_40_ENTRIES_FIRST_PASS_VOLUME_FLUSH_DETAIL_BUFFER_FREE_CALLS	0
LIST_EXNEXT_40_ENTRIES_FIRST_PASS_VOLUME_FLUSH_DETAIL_BUFFER_FREE_SAMPLES	0
LIST_EXNEXT_40_ENTRIES_FIRST_PASS_VOLUME_FLUSH_DETAIL_BUFFER_FREE_SAMPLE_TICKS	0
LIST_EXNEXT_40_ENTRIES_FIRST_PASS_VOLUME_FLUSH_DETAIL_EXALL_FILL_CALLS	0
LIST_EXNEXT_40_ENTRIES_FIRST_PASS_VOLUME_FLUSH_DETAIL_EXALL_FILL_SAMPLES	0
LIST_EXNEXT_40_ENTRIES_FIRST_PASS_VOLUME_FLUSH_DETAIL_EXALL_FILL_SAMPLE_TICKS	0
LIST_EXNEXT_40_ENTRIES_FIRST_PASS_VOLUME_FLUSH_FREESPACE_ALLOCS	0
LIST_EXNEXT_40_ENTRIES_REPEAT10_TOTAL_US	49215
LIST_EXNEXT_40_ENTRIES_REPEAT10_TOTAL_WORK_US	49215
LIST_EXNEXT_40_ENTRIES_REPEAT10_TOTAL_VOLUME_FLUSH_US	0
LIST_EXNEXT_40_ENTRIES_REPEAT10_TOTAL_HAS_VOLUME_FLUSH	0
LIST_EXNEXT_40_ENTRIES_REPEAT10_TOTAL_GUEST_OPEN_CALLS	0
LIST_EXNEXT_40_ENTRIES_REPEAT10_TOTAL_GUEST_OPEN_US	0
LIST_EXNEXT_40_ENTRIES_REPEAT10_TOTAL_GUEST_READ_CALLS	0
LIST_EXNEXT_40_ENTRIES_REPEAT10_TOTAL_GUEST_READ_US	0
LIST_EXNEXT_40_ENTRIES_REPEAT10_TOTAL_GUEST_WRITE_CALLS	0
LIST_EXNEXT_40_ENTRIES_REPEAT10_TOTAL_GUEST_WRITE_US	0
LIST_EXNEXT_40_ENTRIES_REPEAT10_TOTAL_GUEST_HANDLE_FLUSH_CALLS	0
LIST_EXNEXT_40_ENTRIES_REPEAT10_TOTAL_GUEST_HANDLE_FLUSH_US	0
LIST_EXNEXT_40_ENTRIES_REPEAT10_TOTAL_GUEST_CLOSE_CALLS	0
LIST_EXNEXT_40_ENTRIES_REPEAT10_TOTAL_GUEST_CLOSE_US	0
LIST_EXNEXT_40_ENTRIES_REPEAT10_TOTAL_GUEST_VERIFY_CALLS	0
LIST_EXNEXT_40_ENTRIES_REPEAT10_TOTAL_GUEST_VERIFY_US	0
LIST_EXNEXT_40_ENTRIES_REPEAT10_TOTAL_WORK_BIO_READS	0
LIST_EXNEXT_40_ENTRIES_REPEAT10_TOTAL_WORK_BIO_WRITES	0
LIST_EXNEXT_40_ENTRIES_REPEAT10_TOTAL_WORK_BIO_UPDATES	0
LIST_EXNEXT_40_ENTRIES_REPEAT10_TOTAL_WORK_DATA_READS	0
LIST_EXNEXT_40_ENTRIES_REPEAT10_TOTAL_WORK_DATA_WRITES	0
LIST_EXNEXT_40_ENTRIES_REPEAT10_TOTAL_WORK_NODE_WRITES	0
LIST_EXNEXT_40_ENTRIES_REPEAT10_TOTAL_WORK_TXN_COMMITS	0
LIST_EXNEXT_40_ENTRIES_REPEAT10_TOTAL_WORK_EXTENT_MAPS	0
LIST_EXNEXT_40_ENTRIES_REPEAT10_TOTAL_WORK_READ_TICKS	0
LIST_EXNEXT_40_ENTRIES_REPEAT10_TOTAL_WORK_WRITE_TICKS	0
LIST_EXNEXT_40_ENTRIES_REPEAT10_TOTAL_WORK_UPDATE_TICKS	0
LIST_EXNEXT_40_ENTRIES_REPEAT10_TOTAL_WORK_DATA_READ_TICKS	0
LIST_EXNEXT_40_ENTRIES_REPEAT10_TOTAL_WORK_DATA_WRITE_TICKS	0
LIST_EXNEXT_40_ENTRIES_REPEAT10_TOTAL_WORK_NODE_CRC_READ_CALLS	0
LIST_EXNEXT_40_ENTRIES_REPEAT10_TOTAL_WORK_NODE_CRC_READ_SAMPLES	0
LIST_EXNEXT_40_ENTRIES_REPEAT10_TOTAL_WORK_NODE_CRC_READ_SAMPLE_TICKS	0
LIST_EXNEXT_40_ENTRIES_REPEAT10_TOTAL_WORK_NODE_CRC_WRITE_CALLS	0
LIST_EXNEXT_40_ENTRIES_REPEAT10_TOTAL_WORK_NODE_CRC_WRITE_SAMPLES	0
LIST_EXNEXT_40_ENTRIES_REPEAT10_TOTAL_WORK_NODE_CRC_WRITE_SAMPLE_TICKS	0
LIST_EXNEXT_40_ENTRIES_REPEAT10_TOTAL_WORK_CLOCK_PAIR_TICKS	1
LIST_EXNEXT_40_ENTRIES_REPEAT10_TOTAL_WORK_PACKET_CALLS	422
LIST_EXNEXT_40_ENTRIES_REPEAT10_TOTAL_WORK_PACKET_SAMPLES	422
LIST_EXNEXT_40_ENTRIES_REPEAT10_TOTAL_WORK_PACKET_SAMPLE_TICKS	26129
LIST_EXNEXT_40_ENTRIES_REPEAT10_TOTAL_WORK_PACKET_OPEN_CALLS	0
LIST_EXNEXT_40_ENTRIES_REPEAT10_TOTAL_WORK_PACKET_OPEN_SAMPLES	0
LIST_EXNEXT_40_ENTRIES_REPEAT10_TOTAL_WORK_PACKET_OPEN_SAMPLE_TICKS	0
LIST_EXNEXT_40_ENTRIES_REPEAT10_TOTAL_WORK_PACKET_READ_CALLS	0
LIST_EXNEXT_40_ENTRIES_REPEAT10_TOTAL_WORK_PACKET_READ_SAMPLES	0
LIST_EXNEXT_40_ENTRIES_REPEAT10_TOTAL_WORK_PACKET_READ_SAMPLE_TICKS	0
LIST_EXNEXT_40_ENTRIES_REPEAT10_TOTAL_WORK_PACKET_WRITE_CALLS	0
LIST_EXNEXT_40_ENTRIES_REPEAT10_TOTAL_WORK_PACKET_WRITE_SAMPLES	0
LIST_EXNEXT_40_ENTRIES_REPEAT10_TOTAL_WORK_PACKET_WRITE_SAMPLE_TICKS	0
LIST_EXNEXT_40_ENTRIES_REPEAT10_TOTAL_WORK_PACKET_END_CALLS	0
LIST_EXNEXT_40_ENTRIES_REPEAT10_TOTAL_WORK_PACKET_END_SAMPLES	0
LIST_EXNEXT_40_ENTRIES_REPEAT10_TOTAL_WORK_PACKET_END_SAMPLE_TICKS	0
LIST_EXNEXT_40_ENTRIES_REPEAT10_TOTAL_WORK_PACKET_DELETE_CALLS	0
LIST_EXNEXT_40_ENTRIES_REPEAT10_TOTAL_WORK_PACKET_DELETE_SAMPLES	0
LIST_EXNEXT_40_ENTRIES_REPEAT10_TOTAL_WORK_PACKET_DELETE_SAMPLE_TICKS	0
LIST_EXNEXT_40_ENTRIES_REPEAT10_TOTAL_WORK_PACKET_FLUSH_CALLS	0
LIST_EXNEXT_40_ENTRIES_REPEAT10_TOTAL_WORK_PACKET_FLUSH_SAMPLES	0
LIST_EXNEXT_40_ENTRIES_REPEAT10_TOTAL_WORK_PACKET_FLUSH_SAMPLE_TICKS	0
LIST_EXNEXT_40_ENTRIES_REPEAT10_TOTAL_WORK_PACKET_OTHER_CALLS	422
LIST_EXNEXT_40_ENTRIES_REPEAT10_TOTAL_WORK_PACKET_OTHER_SAMPLES	422
LIST_EXNEXT_40_ENTRIES_REPEAT10_TOTAL_WORK_PACKET_OTHER_SAMPLE_TICKS	26129
LIST_EXNEXT_40_ENTRIES_REPEAT10_TOTAL_WORK_CORE_CREATE_CALLS	0
LIST_EXNEXT_40_ENTRIES_REPEAT10_TOTAL_WORK_CORE_CREATE_SAMPLES	0
LIST_EXNEXT_40_ENTRIES_REPEAT10_TOTAL_WORK_CORE_CREATE_SAMPLE_TICKS	0
LIST_EXNEXT_40_ENTRIES_REPEAT10_TOTAL_WORK_CORE_DELETE_CALLS	0
LIST_EXNEXT_40_ENTRIES_REPEAT10_TOTAL_WORK_CORE_DELETE_SAMPLES	0
LIST_EXNEXT_40_ENTRIES_REPEAT10_TOTAL_WORK_CORE_DELETE_SAMPLE_TICKS	0
LIST_EXNEXT_40_ENTRIES_REPEAT10_TOTAL_WORK_CORE_FILE_WRITE_CALLS	0
LIST_EXNEXT_40_ENTRIES_REPEAT10_TOTAL_WORK_CORE_FILE_WRITE_SAMPLES	0
LIST_EXNEXT_40_ENTRIES_REPEAT10_TOTAL_WORK_CORE_FILE_WRITE_SAMPLE_TICKS	0
LIST_EXNEXT_40_ENTRIES_REPEAT10_TOTAL_WORK_CORE_SYNC_CALLS	0
LIST_EXNEXT_40_ENTRIES_REPEAT10_TOTAL_WORK_CORE_SYNC_SAMPLES	0
LIST_EXNEXT_40_ENTRIES_REPEAT10_TOTAL_WORK_CORE_SYNC_SAMPLE_TICKS	0
LIST_EXNEXT_40_ENTRIES_REPEAT10_TOTAL_WORK_IFACE_FREE_CALLS	0
LIST_EXNEXT_40_ENTRIES_REPEAT10_TOTAL_WORK_IFACE_FREE_SAMPLES	0
LIST_EXNEXT_40_ENTRIES_REPEAT10_TOTAL_WORK_IFACE_FREE_SAMPLE_TICKS	0
LIST_EXNEXT_40_ENTRIES_REPEAT10_TOTAL_WORK_SEAL_COMMIT_CALLS	0
LIST_EXNEXT_40_ENTRIES_REPEAT10_TOTAL_WORK_SEAL_COMMIT_SAMPLES	0
LIST_EXNEXT_40_ENTRIES_REPEAT10_TOTAL_WORK_SEAL_COMMIT_SAMPLE_TICKS	0
LIST_EXNEXT_40_ENTRIES_REPEAT10_TOTAL_WORK_INODE_READ_CALLS	410
LIST_EXNEXT_40_ENTRIES_REPEAT10_TOTAL_WORK_BTREE_SEARCH_CALLS	411
LIST_EXNEXT_40_ENTRIES_REPEAT10_TOTAL_WORK_BTREE_INDEX_HINT_HITS	370
LIST_EXNEXT_40_ENTRIES_REPEAT10_TOTAL_WORK_BTREE_LEAF_HINT_HITS	41
LIST_EXNEXT_40_ENTRIES_REPEAT10_TOTAL_WORK_CACHE_READ_CALLS	0
LIST_EXNEXT_40_ENTRIES_REPEAT10_TOTAL_WORK_CACHE_READ_HITS	0
LIST_EXNEXT_40_ENTRIES_REPEAT10_TOTAL_WORK_CACHE_READ_MISSES	0
LIST_EXNEXT_40_ENTRIES_REPEAT10_TOTAL_WORK_FREE_TREE_NODE_VIEWS	0
LIST_EXNEXT_40_ENTRIES_REPEAT10_TOTAL_WORK_FREE_TREE_RESIDENT_VIEWS	0
LIST_EXNEXT_40_ENTRIES_REPEAT10_TOTAL_WORK_DIR_TREE_NODE_VIEWS	320
LIST_EXNEXT_40_ENTRIES_REPEAT10_TOTAL_WORK_DIR_TREE_RESIDENT_VIEWS	320
LIST_EXNEXT_40_ENTRIES_REPEAT10_TOTAL_WORK_INODE_TREE_NODE_VIEWS	0
LIST_EXNEXT_40_ENTRIES_REPEAT10_TOTAL_WORK_INODE_TREE_RESIDENT_VIEWS	0
LIST_EXNEXT_40_ENTRIES_REPEAT10_TOTAL_WORK_REFCOUNT_TREE_NODE_VIEWS	0
LIST_EXNEXT_40_ENTRIES_REPEAT10_TOTAL_WORK_REFCOUNT_TREE_RESIDENT_VIEWS	0
LIST_EXNEXT_40_ENTRIES_REPEAT10_TOTAL_WORK_OTHER_TREE_NODE_VIEWS	0
LIST_EXNEXT_40_ENTRIES_REPEAT10_TOTAL_WORK_OTHER_TREE_RESIDENT_VIEWS	0
LIST_EXNEXT_40_ENTRIES_REPEAT10_TOTAL_WORK_WRITE_DETAIL_INODE_READ_CALLS	410
LIST_EXNEXT_40_ENTRIES_REPEAT10_TOTAL_WORK_WRITE_DETAIL_INODE_READ_SAMPLES	410
LIST_EXNEXT_40_ENTRIES_REPEAT10_TOTAL_WORK_WRITE_DETAIL_INODE_READ_SAMPLE_TICKS	6699
LIST_EXNEXT_40_ENTRIES_REPEAT10_TOTAL_WORK_WRITE_DETAIL_INODE_WRITE_CALLS	0
LIST_EXNEXT_40_ENTRIES_REPEAT10_TOTAL_WORK_WRITE_DETAIL_INODE_WRITE_SAMPLES	0
LIST_EXNEXT_40_ENTRIES_REPEAT10_TOTAL_WORK_WRITE_DETAIL_INODE_WRITE_SAMPLE_TICKS	0
LIST_EXNEXT_40_ENTRIES_REPEAT10_TOTAL_WORK_WRITE_DETAIL_EXTENT_MAP_CALLS	0
LIST_EXNEXT_40_ENTRIES_REPEAT10_TOTAL_WORK_WRITE_DETAIL_EXTENT_MAP_SAMPLES	0
LIST_EXNEXT_40_ENTRIES_REPEAT10_TOTAL_WORK_WRITE_DETAIL_EXTENT_MAP_SAMPLE_TICKS	0
LIST_EXNEXT_40_ENTRIES_REPEAT10_TOTAL_WORK_WRITE_DETAIL_FREESPACE_GOAL_CALLS	0
LIST_EXNEXT_40_ENTRIES_REPEAT10_TOTAL_WORK_WRITE_DETAIL_FREESPACE_GOAL_SAMPLES	0
LIST_EXNEXT_40_ENTRIES_REPEAT10_TOTAL_WORK_WRITE_DETAIL_FREESPACE_GOAL_SAMPLE_TICKS	0
LIST_EXNEXT_40_ENTRIES_REPEAT10_TOTAL_WORK_BTREE_MALLOC_CALLS	41
LIST_EXNEXT_40_ENTRIES_REPEAT10_TOTAL_WORK_BTREE_MALLOC_SAMPLES	41
LIST_EXNEXT_40_ENTRIES_REPEAT10_TOTAL_WORK_BTREE_MALLOC_SAMPLE_TICKS	182
LIST_EXNEXT_40_ENTRIES_REPEAT10_TOTAL_WORK_BTREE_FREE_CALLS	421
LIST_EXNEXT_40_ENTRIES_REPEAT10_TOTAL_WORK_BTREE_FREE_SAMPLES	421
LIST_EXNEXT_40_ENTRIES_REPEAT10_TOTAL_WORK_BTREE_FREE_SAMPLE_TICKS	778
LIST_EXNEXT_40_ENTRIES_REPEAT10_TOTAL_WORK_IFACE_ALLOC_CALLS	0
LIST_EXNEXT_40_ENTRIES_REPEAT10_TOTAL_WORK_IFACE_ALLOC_SAMPLES	0
LIST_EXNEXT_40_ENTRIES_REPEAT10_TOTAL_WORK_IFACE_ALLOC_SAMPLE_TICKS	0
LIST_EXNEXT_40_ENTRIES_REPEAT10_TOTAL_WORK_FREESPACE_ALLOC_CALLS	0
LIST_EXNEXT_40_ENTRIES_REPEAT10_TOTAL_WORK_FREESPACE_ALLOC_SAMPLES	0
LIST_EXNEXT_40_ENTRIES_REPEAT10_TOTAL_WORK_FREESPACE_ALLOC_SAMPLE_TICKS	0
LIST_EXNEXT_40_ENTRIES_REPEAT10_TOTAL_WORK_DETAIL_INODE_READ_CALLS	410
LIST_EXNEXT_40_ENTRIES_REPEAT10_TOTAL_WORK_DETAIL_INODE_READ_SAMPLES	24
LIST_EXNEXT_40_ENTRIES_REPEAT10_TOTAL_WORK_DETAIL_INODE_READ_SAMPLE_TICKS	539
LIST_EXNEXT_40_ENTRIES_REPEAT10_TOTAL_WORK_DETAIL_INODE_VALIDATE_CALLS	410
LIST_EXNEXT_40_ENTRIES_REPEAT10_TOTAL_WORK_DETAIL_INODE_VALIDATE_SAMPLES	24
LIST_EXNEXT_40_ENTRIES_REPEAT10_TOTAL_WORK_DETAIL_INODE_VALIDATE_SAMPLE_TICKS	112
LIST_EXNEXT_40_ENTRIES_REPEAT10_TOTAL_WORK_DETAIL_INODE_SEARCH_CALLS	410
LIST_EXNEXT_40_ENTRIES_REPEAT10_TOTAL_WORK_DETAIL_INODE_SEARCH_SAMPLES	24
LIST_EXNEXT_40_ENTRIES_REPEAT10_TOTAL_WORK_DETAIL_INODE_SEARCH_SAMPLE_TICKS	178
LIST_EXNEXT_40_ENTRIES_REPEAT10_TOTAL_WORK_DETAIL_INODE_NODE_VIEW_CALLS	0
LIST_EXNEXT_40_ENTRIES_REPEAT10_TOTAL_WORK_DETAIL_INODE_NODE_VIEW_SAMPLES	0
LIST_EXNEXT_40_ENTRIES_REPEAT10_TOTAL_WORK_DETAIL_INODE_NODE_VIEW_SAMPLE_TICKS	0
LIST_EXNEXT_40_ENTRIES_REPEAT10_TOTAL_WORK_DETAIL_DIR_NODE_VIEW_CALLS	320
LIST_EXNEXT_40_ENTRIES_REPEAT10_TOTAL_WORK_DETAIL_DIR_NODE_VIEW_SAMPLES	18
LIST_EXNEXT_40_ENTRIES_REPEAT10_TOTAL_WORK_DETAIL_DIR_NODE_VIEW_SAMPLE_TICKS	209
LIST_EXNEXT_40_ENTRIES_REPEAT10_TOTAL_WORK_DETAIL_INODE_BINARY_SEARCH_CALLS	20
LIST_EXNEXT_40_ENTRIES_REPEAT10_TOTAL_WORK_DETAIL_INODE_BINARY_SEARCH_SAMPLES	1
LIST_EXNEXT_40_ENTRIES_REPEAT10_TOTAL_WORK_DETAIL_INODE_BINARY_SEARCH_SAMPLE_TICKS	0
LIST_EXNEXT_40_ENTRIES_REPEAT10_TOTAL_WORK_DETAIL_DIR_BINARY_SEARCH_CALLS	241
LIST_EXNEXT_40_ENTRIES_REPEAT10_TOTAL_WORK_DETAIL_DIR_BINARY_SEARCH_SAMPLES	14
LIST_EXNEXT_40_ENTRIES_REPEAT10_TOTAL_WORK_DETAIL_DIR_BINARY_SEARCH_SAMPLE_TICKS	228
LIST_EXNEXT_40_ENTRIES_REPEAT10_TOTAL_WORK_DETAIL_NODE_STRUCTURE_CALLS	0
LIST_EXNEXT_40_ENTRIES_REPEAT10_TOTAL_WORK_DETAIL_NODE_STRUCTURE_SAMPLES	0
LIST_EXNEXT_40_ENTRIES_REPEAT10_TOTAL_WORK_DETAIL_NODE_STRUCTURE_SAMPLE_TICKS	0
LIST_EXNEXT_40_ENTRIES_REPEAT10_TOTAL_WORK_DETAIL_CACHE_PEEK_CALLS	731
LIST_EXNEXT_40_ENTRIES_REPEAT10_TOTAL_WORK_DETAIL_CACHE_PEEK_SAMPLES	43
LIST_EXNEXT_40_ENTRIES_REPEAT10_TOTAL_WORK_DETAIL_CACHE_PEEK_SAMPLE_TICKS	48
LIST_EXNEXT_40_ENTRIES_REPEAT10_TOTAL_WORK_DETAIL_BUFFER_ALLOC_CALLS	420
LIST_EXNEXT_40_ENTRIES_REPEAT10_TOTAL_WORK_DETAIL_BUFFER_ALLOC_SAMPLES	24
LIST_EXNEXT_40_ENTRIES_REPEAT10_TOTAL_WORK_DETAIL_BUFFER_ALLOC_SAMPLE_TICKS	323
LIST_EXNEXT_40_ENTRIES_REPEAT10_TOTAL_WORK_DETAIL_BUFFER_FREE_CALLS	420
LIST_EXNEXT_40_ENTRIES_REPEAT10_TOTAL_WORK_DETAIL_BUFFER_FREE_SAMPLES	24
LIST_EXNEXT_40_ENTRIES_REPEAT10_TOTAL_WORK_DETAIL_BUFFER_FREE_SAMPLE_TICKS	136
LIST_EXNEXT_40_ENTRIES_REPEAT10_TOTAL_WORK_DETAIL_EXALL_FILL_CALLS	0
LIST_EXNEXT_40_ENTRIES_REPEAT10_TOTAL_WORK_DETAIL_EXALL_FILL_SAMPLES	0
LIST_EXNEXT_40_ENTRIES_REPEAT10_TOTAL_WORK_DETAIL_EXALL_FILL_SAMPLE_TICKS	0
LIST_EXNEXT_40_ENTRIES_REPEAT10_TOTAL_WORK_FREESPACE_ALLOCS	0
LIST_EXNEXT_40_ENTRIES_REPEAT10_TOTAL_VOLUME_FLUSH_BIO_READS	0
LIST_EXNEXT_40_ENTRIES_REPEAT10_TOTAL_VOLUME_FLUSH_BIO_WRITES	0
LIST_EXNEXT_40_ENTRIES_REPEAT10_TOTAL_VOLUME_FLUSH_BIO_UPDATES	0
LIST_EXNEXT_40_ENTRIES_REPEAT10_TOTAL_VOLUME_FLUSH_DATA_READS	0
LIST_EXNEXT_40_ENTRIES_REPEAT10_TOTAL_VOLUME_FLUSH_DATA_WRITES	0
LIST_EXNEXT_40_ENTRIES_REPEAT10_TOTAL_VOLUME_FLUSH_NODE_WRITES	0
LIST_EXNEXT_40_ENTRIES_REPEAT10_TOTAL_VOLUME_FLUSH_TXN_COMMITS	0
LIST_EXNEXT_40_ENTRIES_REPEAT10_TOTAL_VOLUME_FLUSH_EXTENT_MAPS	0
LIST_EXNEXT_40_ENTRIES_REPEAT10_TOTAL_VOLUME_FLUSH_READ_TICKS	0
LIST_EXNEXT_40_ENTRIES_REPEAT10_TOTAL_VOLUME_FLUSH_WRITE_TICKS	0
LIST_EXNEXT_40_ENTRIES_REPEAT10_TOTAL_VOLUME_FLUSH_UPDATE_TICKS	0
LIST_EXNEXT_40_ENTRIES_REPEAT10_TOTAL_VOLUME_FLUSH_DATA_READ_TICKS	0
LIST_EXNEXT_40_ENTRIES_REPEAT10_TOTAL_VOLUME_FLUSH_DATA_WRITE_TICKS	0
LIST_EXNEXT_40_ENTRIES_REPEAT10_TOTAL_VOLUME_FLUSH_NODE_CRC_READ_CALLS	0
LIST_EXNEXT_40_ENTRIES_REPEAT10_TOTAL_VOLUME_FLUSH_NODE_CRC_READ_SAMPLES	0
LIST_EXNEXT_40_ENTRIES_REPEAT10_TOTAL_VOLUME_FLUSH_NODE_CRC_READ_SAMPLE_TICKS	0
LIST_EXNEXT_40_ENTRIES_REPEAT10_TOTAL_VOLUME_FLUSH_NODE_CRC_WRITE_CALLS	0
LIST_EXNEXT_40_ENTRIES_REPEAT10_TOTAL_VOLUME_FLUSH_NODE_CRC_WRITE_SAMPLES	0
LIST_EXNEXT_40_ENTRIES_REPEAT10_TOTAL_VOLUME_FLUSH_NODE_CRC_WRITE_SAMPLE_TICKS	0
LIST_EXNEXT_40_ENTRIES_REPEAT10_TOTAL_VOLUME_FLUSH_CLOCK_PAIR_TICKS	0
LIST_EXNEXT_40_ENTRIES_REPEAT10_TOTAL_VOLUME_FLUSH_PACKET_CALLS	0
LIST_EXNEXT_40_ENTRIES_REPEAT10_TOTAL_VOLUME_FLUSH_PACKET_SAMPLES	0
LIST_EXNEXT_40_ENTRIES_REPEAT10_TOTAL_VOLUME_FLUSH_PACKET_SAMPLE_TICKS	0
LIST_EXNEXT_40_ENTRIES_REPEAT10_TOTAL_VOLUME_FLUSH_PACKET_OPEN_CALLS	0
LIST_EXNEXT_40_ENTRIES_REPEAT10_TOTAL_VOLUME_FLUSH_PACKET_OPEN_SAMPLES	0
LIST_EXNEXT_40_ENTRIES_REPEAT10_TOTAL_VOLUME_FLUSH_PACKET_OPEN_SAMPLE_TICKS	0
LIST_EXNEXT_40_ENTRIES_REPEAT10_TOTAL_VOLUME_FLUSH_PACKET_READ_CALLS	0
LIST_EXNEXT_40_ENTRIES_REPEAT10_TOTAL_VOLUME_FLUSH_PACKET_READ_SAMPLES	0
LIST_EXNEXT_40_ENTRIES_REPEAT10_TOTAL_VOLUME_FLUSH_PACKET_READ_SAMPLE_TICKS	0
LIST_EXNEXT_40_ENTRIES_REPEAT10_TOTAL_VOLUME_FLUSH_PACKET_WRITE_CALLS	0
LIST_EXNEXT_40_ENTRIES_REPEAT10_TOTAL_VOLUME_FLUSH_PACKET_WRITE_SAMPLES	0
LIST_EXNEXT_40_ENTRIES_REPEAT10_TOTAL_VOLUME_FLUSH_PACKET_WRITE_SAMPLE_TICKS	0
LIST_EXNEXT_40_ENTRIES_REPEAT10_TOTAL_VOLUME_FLUSH_PACKET_END_CALLS	0
LIST_EXNEXT_40_ENTRIES_REPEAT10_TOTAL_VOLUME_FLUSH_PACKET_END_SAMPLES	0
LIST_EXNEXT_40_ENTRIES_REPEAT10_TOTAL_VOLUME_FLUSH_PACKET_END_SAMPLE_TICKS	0
LIST_EXNEXT_40_ENTRIES_REPEAT10_TOTAL_VOLUME_FLUSH_PACKET_DELETE_CALLS	0
LIST_EXNEXT_40_ENTRIES_REPEAT10_TOTAL_VOLUME_FLUSH_PACKET_DELETE_SAMPLES	0
LIST_EXNEXT_40_ENTRIES_REPEAT10_TOTAL_VOLUME_FLUSH_PACKET_DELETE_SAMPLE_TICKS	0
LIST_EXNEXT_40_ENTRIES_REPEAT10_TOTAL_VOLUME_FLUSH_PACKET_FLUSH_CALLS	0
LIST_EXNEXT_40_ENTRIES_REPEAT10_TOTAL_VOLUME_FLUSH_PACKET_FLUSH_SAMPLES	0
LIST_EXNEXT_40_ENTRIES_REPEAT10_TOTAL_VOLUME_FLUSH_PACKET_FLUSH_SAMPLE_TICKS	0
LIST_EXNEXT_40_ENTRIES_REPEAT10_TOTAL_VOLUME_FLUSH_PACKET_OTHER_CALLS	0
LIST_EXNEXT_40_ENTRIES_REPEAT10_TOTAL_VOLUME_FLUSH_PACKET_OTHER_SAMPLES	0
LIST_EXNEXT_40_ENTRIES_REPEAT10_TOTAL_VOLUME_FLUSH_PACKET_OTHER_SAMPLE_TICKS	0
LIST_EXNEXT_40_ENTRIES_REPEAT10_TOTAL_VOLUME_FLUSH_CORE_CREATE_CALLS	0
LIST_EXNEXT_40_ENTRIES_REPEAT10_TOTAL_VOLUME_FLUSH_CORE_CREATE_SAMPLES	0
LIST_EXNEXT_40_ENTRIES_REPEAT10_TOTAL_VOLUME_FLUSH_CORE_CREATE_SAMPLE_TICKS	0
LIST_EXNEXT_40_ENTRIES_REPEAT10_TOTAL_VOLUME_FLUSH_CORE_DELETE_CALLS	0
LIST_EXNEXT_40_ENTRIES_REPEAT10_TOTAL_VOLUME_FLUSH_CORE_DELETE_SAMPLES	0
LIST_EXNEXT_40_ENTRIES_REPEAT10_TOTAL_VOLUME_FLUSH_CORE_DELETE_SAMPLE_TICKS	0
LIST_EXNEXT_40_ENTRIES_REPEAT10_TOTAL_VOLUME_FLUSH_CORE_FILE_WRITE_CALLS	0
LIST_EXNEXT_40_ENTRIES_REPEAT10_TOTAL_VOLUME_FLUSH_CORE_FILE_WRITE_SAMPLES	0
LIST_EXNEXT_40_ENTRIES_REPEAT10_TOTAL_VOLUME_FLUSH_CORE_FILE_WRITE_SAMPLE_TICKS	0
LIST_EXNEXT_40_ENTRIES_REPEAT10_TOTAL_VOLUME_FLUSH_CORE_SYNC_CALLS	0
LIST_EXNEXT_40_ENTRIES_REPEAT10_TOTAL_VOLUME_FLUSH_CORE_SYNC_SAMPLES	0
LIST_EXNEXT_40_ENTRIES_REPEAT10_TOTAL_VOLUME_FLUSH_CORE_SYNC_SAMPLE_TICKS	0
LIST_EXNEXT_40_ENTRIES_REPEAT10_TOTAL_VOLUME_FLUSH_IFACE_FREE_CALLS	0
LIST_EXNEXT_40_ENTRIES_REPEAT10_TOTAL_VOLUME_FLUSH_IFACE_FREE_SAMPLES	0
LIST_EXNEXT_40_ENTRIES_REPEAT10_TOTAL_VOLUME_FLUSH_IFACE_FREE_SAMPLE_TICKS	0
LIST_EXNEXT_40_ENTRIES_REPEAT10_TOTAL_VOLUME_FLUSH_SEAL_COMMIT_CALLS	0
LIST_EXNEXT_40_ENTRIES_REPEAT10_TOTAL_VOLUME_FLUSH_SEAL_COMMIT_SAMPLES	0
LIST_EXNEXT_40_ENTRIES_REPEAT10_TOTAL_VOLUME_FLUSH_SEAL_COMMIT_SAMPLE_TICKS	0
LIST_EXNEXT_40_ENTRIES_REPEAT10_TOTAL_VOLUME_FLUSH_INODE_READ_CALLS	0
LIST_EXNEXT_40_ENTRIES_REPEAT10_TOTAL_VOLUME_FLUSH_BTREE_SEARCH_CALLS	0
LIST_EXNEXT_40_ENTRIES_REPEAT10_TOTAL_VOLUME_FLUSH_BTREE_INDEX_HINT_HITS	0
LIST_EXNEXT_40_ENTRIES_REPEAT10_TOTAL_VOLUME_FLUSH_BTREE_LEAF_HINT_HITS	0
LIST_EXNEXT_40_ENTRIES_REPEAT10_TOTAL_VOLUME_FLUSH_CACHE_READ_CALLS	0
LIST_EXNEXT_40_ENTRIES_REPEAT10_TOTAL_VOLUME_FLUSH_CACHE_READ_HITS	0
LIST_EXNEXT_40_ENTRIES_REPEAT10_TOTAL_VOLUME_FLUSH_CACHE_READ_MISSES	0
LIST_EXNEXT_40_ENTRIES_REPEAT10_TOTAL_VOLUME_FLUSH_FREE_TREE_NODE_VIEWS	0
LIST_EXNEXT_40_ENTRIES_REPEAT10_TOTAL_VOLUME_FLUSH_FREE_TREE_RESIDENT_VIEWS	0
LIST_EXNEXT_40_ENTRIES_REPEAT10_TOTAL_VOLUME_FLUSH_DIR_TREE_NODE_VIEWS	0
LIST_EXNEXT_40_ENTRIES_REPEAT10_TOTAL_VOLUME_FLUSH_DIR_TREE_RESIDENT_VIEWS	0
LIST_EXNEXT_40_ENTRIES_REPEAT10_TOTAL_VOLUME_FLUSH_INODE_TREE_NODE_VIEWS	0
LIST_EXNEXT_40_ENTRIES_REPEAT10_TOTAL_VOLUME_FLUSH_INODE_TREE_RESIDENT_VIEWS	0
LIST_EXNEXT_40_ENTRIES_REPEAT10_TOTAL_VOLUME_FLUSH_REFCOUNT_TREE_NODE_VIEWS	0
LIST_EXNEXT_40_ENTRIES_REPEAT10_TOTAL_VOLUME_FLUSH_REFCOUNT_TREE_RESIDENT_VIEWS	0
LIST_EXNEXT_40_ENTRIES_REPEAT10_TOTAL_VOLUME_FLUSH_OTHER_TREE_NODE_VIEWS	0
LIST_EXNEXT_40_ENTRIES_REPEAT10_TOTAL_VOLUME_FLUSH_OTHER_TREE_RESIDENT_VIEWS	0
LIST_EXNEXT_40_ENTRIES_REPEAT10_TOTAL_VOLUME_FLUSH_WRITE_DETAIL_INODE_READ_CALLS	0
LIST_EXNEXT_40_ENTRIES_REPEAT10_TOTAL_VOLUME_FLUSH_WRITE_DETAIL_INODE_READ_SAMPLES	0
LIST_EXNEXT_40_ENTRIES_REPEAT10_TOTAL_VOLUME_FLUSH_WRITE_DETAIL_INODE_READ_SAMPLE_TICKS	0
LIST_EXNEXT_40_ENTRIES_REPEAT10_TOTAL_VOLUME_FLUSH_WRITE_DETAIL_INODE_WRITE_CALLS	0
LIST_EXNEXT_40_ENTRIES_REPEAT10_TOTAL_VOLUME_FLUSH_WRITE_DETAIL_INODE_WRITE_SAMPLES	0
LIST_EXNEXT_40_ENTRIES_REPEAT10_TOTAL_VOLUME_FLUSH_WRITE_DETAIL_INODE_WRITE_SAMPLE_TICKS	0
LIST_EXNEXT_40_ENTRIES_REPEAT10_TOTAL_VOLUME_FLUSH_WRITE_DETAIL_EXTENT_MAP_CALLS	0
LIST_EXNEXT_40_ENTRIES_REPEAT10_TOTAL_VOLUME_FLUSH_WRITE_DETAIL_EXTENT_MAP_SAMPLES	0
LIST_EXNEXT_40_ENTRIES_REPEAT10_TOTAL_VOLUME_FLUSH_WRITE_DETAIL_EXTENT_MAP_SAMPLE_TICKS	0
LIST_EXNEXT_40_ENTRIES_REPEAT10_TOTAL_VOLUME_FLUSH_WRITE_DETAIL_FREESPACE_GOAL_CALLS	0
LIST_EXNEXT_40_ENTRIES_REPEAT10_TOTAL_VOLUME_FLUSH_WRITE_DETAIL_FREESPACE_GOAL_SAMPLES	0
LIST_EXNEXT_40_ENTRIES_REPEAT10_TOTAL_VOLUME_FLUSH_WRITE_DETAIL_FREESPACE_GOAL_SAMPLE_TICKS	0
LIST_EXNEXT_40_ENTRIES_REPEAT10_TOTAL_VOLUME_FLUSH_BTREE_MALLOC_CALLS	0
LIST_EXNEXT_40_ENTRIES_REPEAT10_TOTAL_VOLUME_FLUSH_BTREE_MALLOC_SAMPLES	0
LIST_EXNEXT_40_ENTRIES_REPEAT10_TOTAL_VOLUME_FLUSH_BTREE_MALLOC_SAMPLE_TICKS	0
LIST_EXNEXT_40_ENTRIES_REPEAT10_TOTAL_VOLUME_FLUSH_BTREE_FREE_CALLS	0
LIST_EXNEXT_40_ENTRIES_REPEAT10_TOTAL_VOLUME_FLUSH_BTREE_FREE_SAMPLES	0
LIST_EXNEXT_40_ENTRIES_REPEAT10_TOTAL_VOLUME_FLUSH_BTREE_FREE_SAMPLE_TICKS	0
LIST_EXNEXT_40_ENTRIES_REPEAT10_TOTAL_VOLUME_FLUSH_IFACE_ALLOC_CALLS	0
LIST_EXNEXT_40_ENTRIES_REPEAT10_TOTAL_VOLUME_FLUSH_IFACE_ALLOC_SAMPLES	0
LIST_EXNEXT_40_ENTRIES_REPEAT10_TOTAL_VOLUME_FLUSH_IFACE_ALLOC_SAMPLE_TICKS	0
LIST_EXNEXT_40_ENTRIES_REPEAT10_TOTAL_VOLUME_FLUSH_FREESPACE_ALLOC_CALLS	0
LIST_EXNEXT_40_ENTRIES_REPEAT10_TOTAL_VOLUME_FLUSH_FREESPACE_ALLOC_SAMPLES	0
LIST_EXNEXT_40_ENTRIES_REPEAT10_TOTAL_VOLUME_FLUSH_FREESPACE_ALLOC_SAMPLE_TICKS	0
LIST_EXNEXT_40_ENTRIES_REPEAT10_TOTAL_VOLUME_FLUSH_DETAIL_INODE_READ_CALLS	0
LIST_EXNEXT_40_ENTRIES_REPEAT10_TOTAL_VOLUME_FLUSH_DETAIL_INODE_READ_SAMPLES	0
LIST_EXNEXT_40_ENTRIES_REPEAT10_TOTAL_VOLUME_FLUSH_DETAIL_INODE_READ_SAMPLE_TICKS	0
LIST_EXNEXT_40_ENTRIES_REPEAT10_TOTAL_VOLUME_FLUSH_DETAIL_INODE_VALIDATE_CALLS	0
LIST_EXNEXT_40_ENTRIES_REPEAT10_TOTAL_VOLUME_FLUSH_DETAIL_INODE_VALIDATE_SAMPLES	0
LIST_EXNEXT_40_ENTRIES_REPEAT10_TOTAL_VOLUME_FLUSH_DETAIL_INODE_VALIDATE_SAMPLE_TICKS	0
LIST_EXNEXT_40_ENTRIES_REPEAT10_TOTAL_VOLUME_FLUSH_DETAIL_INODE_SEARCH_CALLS	0
LIST_EXNEXT_40_ENTRIES_REPEAT10_TOTAL_VOLUME_FLUSH_DETAIL_INODE_SEARCH_SAMPLES	0
LIST_EXNEXT_40_ENTRIES_REPEAT10_TOTAL_VOLUME_FLUSH_DETAIL_INODE_SEARCH_SAMPLE_TICKS	0
LIST_EXNEXT_40_ENTRIES_REPEAT10_TOTAL_VOLUME_FLUSH_DETAIL_INODE_NODE_VIEW_CALLS	0
LIST_EXNEXT_40_ENTRIES_REPEAT10_TOTAL_VOLUME_FLUSH_DETAIL_INODE_NODE_VIEW_SAMPLES	0
LIST_EXNEXT_40_ENTRIES_REPEAT10_TOTAL_VOLUME_FLUSH_DETAIL_INODE_NODE_VIEW_SAMPLE_TICKS	0
LIST_EXNEXT_40_ENTRIES_REPEAT10_TOTAL_VOLUME_FLUSH_DETAIL_DIR_NODE_VIEW_CALLS	0
LIST_EXNEXT_40_ENTRIES_REPEAT10_TOTAL_VOLUME_FLUSH_DETAIL_DIR_NODE_VIEW_SAMPLES	0
LIST_EXNEXT_40_ENTRIES_REPEAT10_TOTAL_VOLUME_FLUSH_DETAIL_DIR_NODE_VIEW_SAMPLE_TICKS	0
LIST_EXNEXT_40_ENTRIES_REPEAT10_TOTAL_VOLUME_FLUSH_DETAIL_INODE_BINARY_SEARCH_CALLS	0
LIST_EXNEXT_40_ENTRIES_REPEAT10_TOTAL_VOLUME_FLUSH_DETAIL_INODE_BINARY_SEARCH_SAMPLES	0
LIST_EXNEXT_40_ENTRIES_REPEAT10_TOTAL_VOLUME_FLUSH_DETAIL_INODE_BINARY_SEARCH_SAMPLE_TICKS	0
LIST_EXNEXT_40_ENTRIES_REPEAT10_TOTAL_VOLUME_FLUSH_DETAIL_DIR_BINARY_SEARCH_CALLS	0
LIST_EXNEXT_40_ENTRIES_REPEAT10_TOTAL_VOLUME_FLUSH_DETAIL_DIR_BINARY_SEARCH_SAMPLES	0
LIST_EXNEXT_40_ENTRIES_REPEAT10_TOTAL_VOLUME_FLUSH_DETAIL_DIR_BINARY_SEARCH_SAMPLE_TICKS	0
LIST_EXNEXT_40_ENTRIES_REPEAT10_TOTAL_VOLUME_FLUSH_DETAIL_NODE_STRUCTURE_CALLS	0
LIST_EXNEXT_40_ENTRIES_REPEAT10_TOTAL_VOLUME_FLUSH_DETAIL_NODE_STRUCTURE_SAMPLES	0
LIST_EXNEXT_40_ENTRIES_REPEAT10_TOTAL_VOLUME_FLUSH_DETAIL_NODE_STRUCTURE_SAMPLE_TICKS	0
LIST_EXNEXT_40_ENTRIES_REPEAT10_TOTAL_VOLUME_FLUSH_DETAIL_CACHE_PEEK_CALLS	0
LIST_EXNEXT_40_ENTRIES_REPEAT10_TOTAL_VOLUME_FLUSH_DETAIL_CACHE_PEEK_SAMPLES	0
LIST_EXNEXT_40_ENTRIES_REPEAT10_TOTAL_VOLUME_FLUSH_DETAIL_CACHE_PEEK_SAMPLE_TICKS	0
LIST_EXNEXT_40_ENTRIES_REPEAT10_TOTAL_VOLUME_FLUSH_DETAIL_BUFFER_ALLOC_CALLS	0
LIST_EXNEXT_40_ENTRIES_REPEAT10_TOTAL_VOLUME_FLUSH_DETAIL_BUFFER_ALLOC_SAMPLES	0
LIST_EXNEXT_40_ENTRIES_REPEAT10_TOTAL_VOLUME_FLUSH_DETAIL_BUFFER_ALLOC_SAMPLE_TICKS	0
LIST_EXNEXT_40_ENTRIES_REPEAT10_TOTAL_VOLUME_FLUSH_DETAIL_BUFFER_FREE_CALLS	0
LIST_EXNEXT_40_ENTRIES_REPEAT10_TOTAL_VOLUME_FLUSH_DETAIL_BUFFER_FREE_SAMPLES	0
LIST_EXNEXT_40_ENTRIES_REPEAT10_TOTAL_VOLUME_FLUSH_DETAIL_BUFFER_FREE_SAMPLE_TICKS	0
LIST_EXNEXT_40_ENTRIES_REPEAT10_TOTAL_VOLUME_FLUSH_DETAIL_EXALL_FILL_CALLS	0
LIST_EXNEXT_40_ENTRIES_REPEAT10_TOTAL_VOLUME_FLUSH_DETAIL_EXALL_FILL_SAMPLES	0
LIST_EXNEXT_40_ENTRIES_REPEAT10_TOTAL_VOLUME_FLUSH_DETAIL_EXALL_FILL_SAMPLE_TICKS	0
LIST_EXNEXT_40_ENTRIES_REPEAT10_TOTAL_VOLUME_FLUSH_FREESPACE_ALLOCS	0
LIST_EXALL_40_ENTRIES_FIRST_PASS_US	4416
LIST_EXALL_40_ENTRIES_FIRST_PASS_WORK_US	4416
LIST_EXALL_40_ENTRIES_FIRST_PASS_VOLUME_FLUSH_US	0
LIST_EXALL_40_ENTRIES_FIRST_PASS_HAS_VOLUME_FLUSH	0
LIST_EXALL_40_ENTRIES_FIRST_PASS_GUEST_OPEN_CALLS	0
LIST_EXALL_40_ENTRIES_FIRST_PASS_GUEST_OPEN_US	0
LIST_EXALL_40_ENTRIES_FIRST_PASS_GUEST_READ_CALLS	0
LIST_EXALL_40_ENTRIES_FIRST_PASS_GUEST_READ_US	0
LIST_EXALL_40_ENTRIES_FIRST_PASS_GUEST_WRITE_CALLS	0
LIST_EXALL_40_ENTRIES_FIRST_PASS_GUEST_WRITE_US	0
LIST_EXALL_40_ENTRIES_FIRST_PASS_GUEST_HANDLE_FLUSH_CALLS	0
LIST_EXALL_40_ENTRIES_FIRST_PASS_GUEST_HANDLE_FLUSH_US	0
LIST_EXALL_40_ENTRIES_FIRST_PASS_GUEST_CLOSE_CALLS	0
LIST_EXALL_40_ENTRIES_FIRST_PASS_GUEST_CLOSE_US	0
LIST_EXALL_40_ENTRIES_FIRST_PASS_GUEST_VERIFY_CALLS	0
LIST_EXALL_40_ENTRIES_FIRST_PASS_GUEST_VERIFY_US	0
LIST_EXALL_40_ENTRIES_FIRST_PASS_WORK_BIO_READS	7
LIST_EXALL_40_ENTRIES_FIRST_PASS_WORK_BIO_WRITES	0
LIST_EXALL_40_ENTRIES_FIRST_PASS_WORK_BIO_UPDATES	0
LIST_EXALL_40_ENTRIES_FIRST_PASS_WORK_DATA_READS	0
LIST_EXALL_40_ENTRIES_FIRST_PASS_WORK_DATA_WRITES	0
LIST_EXALL_40_ENTRIES_FIRST_PASS_WORK_NODE_WRITES	0
LIST_EXALL_40_ENTRIES_FIRST_PASS_WORK_TXN_COMMITS	0
LIST_EXALL_40_ENTRIES_FIRST_PASS_WORK_EXTENT_MAPS	0
LIST_EXALL_40_ENTRIES_FIRST_PASS_WORK_READ_TICKS	288
LIST_EXALL_40_ENTRIES_FIRST_PASS_WORK_WRITE_TICKS	0
LIST_EXALL_40_ENTRIES_FIRST_PASS_WORK_UPDATE_TICKS	0
LIST_EXALL_40_ENTRIES_FIRST_PASS_WORK_DATA_READ_TICKS	0
LIST_EXALL_40_ENTRIES_FIRST_PASS_WORK_DATA_WRITE_TICKS	0
LIST_EXALL_40_ENTRIES_FIRST_PASS_WORK_NODE_CRC_READ_CALLS	7
LIST_EXALL_40_ENTRIES_FIRST_PASS_WORK_NODE_CRC_READ_SAMPLES	7
LIST_EXALL_40_ENTRIES_FIRST_PASS_WORK_NODE_CRC_READ_SAMPLE_TICKS	614
LIST_EXALL_40_ENTRIES_FIRST_PASS_WORK_NODE_CRC_WRITE_CALLS	0
LIST_EXALL_40_ENTRIES_FIRST_PASS_WORK_NODE_CRC_WRITE_SAMPLES	0
LIST_EXALL_40_ENTRIES_FIRST_PASS_WORK_NODE_CRC_WRITE_SAMPLE_TICKS	0
LIST_EXALL_40_ENTRIES_FIRST_PASS_WORK_CLOCK_PAIR_TICKS	0
LIST_EXALL_40_ENTRIES_FIRST_PASS_WORK_PACKET_CALLS	3
LIST_EXALL_40_ENTRIES_FIRST_PASS_WORK_PACKET_SAMPLES	3
LIST_EXALL_40_ENTRIES_FIRST_PASS_WORK_PACKET_SAMPLE_TICKS	2952
LIST_EXALL_40_ENTRIES_FIRST_PASS_WORK_PACKET_OPEN_CALLS	0
LIST_EXALL_40_ENTRIES_FIRST_PASS_WORK_PACKET_OPEN_SAMPLES	0
LIST_EXALL_40_ENTRIES_FIRST_PASS_WORK_PACKET_OPEN_SAMPLE_TICKS	0
LIST_EXALL_40_ENTRIES_FIRST_PASS_WORK_PACKET_READ_CALLS	0
LIST_EXALL_40_ENTRIES_FIRST_PASS_WORK_PACKET_READ_SAMPLES	0
LIST_EXALL_40_ENTRIES_FIRST_PASS_WORK_PACKET_READ_SAMPLE_TICKS	0
LIST_EXALL_40_ENTRIES_FIRST_PASS_WORK_PACKET_WRITE_CALLS	0
LIST_EXALL_40_ENTRIES_FIRST_PASS_WORK_PACKET_WRITE_SAMPLES	0
LIST_EXALL_40_ENTRIES_FIRST_PASS_WORK_PACKET_WRITE_SAMPLE_TICKS	0
LIST_EXALL_40_ENTRIES_FIRST_PASS_WORK_PACKET_END_CALLS	0
LIST_EXALL_40_ENTRIES_FIRST_PASS_WORK_PACKET_END_SAMPLES	0
LIST_EXALL_40_ENTRIES_FIRST_PASS_WORK_PACKET_END_SAMPLE_TICKS	0
LIST_EXALL_40_ENTRIES_FIRST_PASS_WORK_PACKET_DELETE_CALLS	0
LIST_EXALL_40_ENTRIES_FIRST_PASS_WORK_PACKET_DELETE_SAMPLES	0
LIST_EXALL_40_ENTRIES_FIRST_PASS_WORK_PACKET_DELETE_SAMPLE_TICKS	0
LIST_EXALL_40_ENTRIES_FIRST_PASS_WORK_PACKET_FLUSH_CALLS	0
LIST_EXALL_40_ENTRIES_FIRST_PASS_WORK_PACKET_FLUSH_SAMPLES	0
LIST_EXALL_40_ENTRIES_FIRST_PASS_WORK_PACKET_FLUSH_SAMPLE_TICKS	0
LIST_EXALL_40_ENTRIES_FIRST_PASS_WORK_PACKET_OTHER_CALLS	3
LIST_EXALL_40_ENTRIES_FIRST_PASS_WORK_PACKET_OTHER_SAMPLES	3
LIST_EXALL_40_ENTRIES_FIRST_PASS_WORK_PACKET_OTHER_SAMPLE_TICKS	2952
LIST_EXALL_40_ENTRIES_FIRST_PASS_WORK_CORE_CREATE_CALLS	0
LIST_EXALL_40_ENTRIES_FIRST_PASS_WORK_CORE_CREATE_SAMPLES	0
LIST_EXALL_40_ENTRIES_FIRST_PASS_WORK_CORE_CREATE_SAMPLE_TICKS	0
LIST_EXALL_40_ENTRIES_FIRST_PASS_WORK_CORE_DELETE_CALLS	0
LIST_EXALL_40_ENTRIES_FIRST_PASS_WORK_CORE_DELETE_SAMPLES	0
LIST_EXALL_40_ENTRIES_FIRST_PASS_WORK_CORE_DELETE_SAMPLE_TICKS	0
LIST_EXALL_40_ENTRIES_FIRST_PASS_WORK_CORE_FILE_WRITE_CALLS	0
LIST_EXALL_40_ENTRIES_FIRST_PASS_WORK_CORE_FILE_WRITE_SAMPLES	0
LIST_EXALL_40_ENTRIES_FIRST_PASS_WORK_CORE_FILE_WRITE_SAMPLE_TICKS	0
LIST_EXALL_40_ENTRIES_FIRST_PASS_WORK_CORE_SYNC_CALLS	0
LIST_EXALL_40_ENTRIES_FIRST_PASS_WORK_CORE_SYNC_SAMPLES	0
LIST_EXALL_40_ENTRIES_FIRST_PASS_WORK_CORE_SYNC_SAMPLE_TICKS	0
LIST_EXALL_40_ENTRIES_FIRST_PASS_WORK_IFACE_FREE_CALLS	0
LIST_EXALL_40_ENTRIES_FIRST_PASS_WORK_IFACE_FREE_SAMPLES	0
LIST_EXALL_40_ENTRIES_FIRST_PASS_WORK_IFACE_FREE_SAMPLE_TICKS	0
LIST_EXALL_40_ENTRIES_FIRST_PASS_WORK_SEAL_COMMIT_CALLS	0
LIST_EXALL_40_ENTRIES_FIRST_PASS_WORK_SEAL_COMMIT_SAMPLES	0
LIST_EXALL_40_ENTRIES_FIRST_PASS_WORK_SEAL_COMMIT_SAMPLE_TICKS	0
LIST_EXALL_40_ENTRIES_FIRST_PASS_WORK_INODE_READ_CALLS	40
LIST_EXALL_40_ENTRIES_FIRST_PASS_WORK_BTREE_SEARCH_CALLS	41
LIST_EXALL_40_ENTRIES_FIRST_PASS_WORK_BTREE_INDEX_HINT_HITS	0
LIST_EXALL_40_ENTRIES_FIRST_PASS_WORK_BTREE_LEAF_HINT_HITS	39
LIST_EXALL_40_ENTRIES_FIRST_PASS_WORK_CACHE_READ_CALLS	7
LIST_EXALL_40_ENTRIES_FIRST_PASS_WORK_CACHE_READ_HITS	0
LIST_EXALL_40_ENTRIES_FIRST_PASS_WORK_CACHE_READ_MISSES	7
LIST_EXALL_40_ENTRIES_FIRST_PASS_WORK_FREE_TREE_NODE_VIEWS	0
LIST_EXALL_40_ENTRIES_FIRST_PASS_WORK_FREE_TREE_RESIDENT_VIEWS	0
LIST_EXALL_40_ENTRIES_FIRST_PASS_WORK_DIR_TREE_NODE_VIEWS	20
LIST_EXALL_40_ENTRIES_FIRST_PASS_WORK_DIR_TREE_RESIDENT_VIEWS	14
LIST_EXALL_40_ENTRIES_FIRST_PASS_WORK_INODE_TREE_NODE_VIEWS	2
LIST_EXALL_40_ENTRIES_FIRST_PASS_WORK_INODE_TREE_RESIDENT_VIEWS	1
LIST_EXALL_40_ENTRIES_FIRST_PASS_WORK_REFCOUNT_TREE_NODE_VIEWS	0
LIST_EXALL_40_ENTRIES_FIRST_PASS_WORK_REFCOUNT_TREE_RESIDENT_VIEWS	0
LIST_EXALL_40_ENTRIES_FIRST_PASS_WORK_OTHER_TREE_NODE_VIEWS	0
LIST_EXALL_40_ENTRIES_FIRST_PASS_WORK_OTHER_TREE_RESIDENT_VIEWS	0
LIST_EXALL_40_ENTRIES_FIRST_PASS_WORK_WRITE_DETAIL_INODE_READ_CALLS	40
LIST_EXALL_40_ENTRIES_FIRST_PASS_WORK_WRITE_DETAIL_INODE_READ_SAMPLES	40
LIST_EXALL_40_ENTRIES_FIRST_PASS_WORK_WRITE_DETAIL_INODE_READ_SAMPLE_TICKS	931
LIST_EXALL_40_ENTRIES_FIRST_PASS_WORK_WRITE_DETAIL_INODE_WRITE_CALLS	0
LIST_EXALL_40_ENTRIES_FIRST_PASS_WORK_WRITE_DETAIL_INODE_WRITE_SAMPLES	0
LIST_EXALL_40_ENTRIES_FIRST_PASS_WORK_WRITE_DETAIL_INODE_WRITE_SAMPLE_TICKS	0
LIST_EXALL_40_ENTRIES_FIRST_PASS_WORK_WRITE_DETAIL_EXTENT_MAP_CALLS	0
LIST_EXALL_40_ENTRIES_FIRST_PASS_WORK_WRITE_DETAIL_EXTENT_MAP_SAMPLES	0
LIST_EXALL_40_ENTRIES_FIRST_PASS_WORK_WRITE_DETAIL_EXTENT_MAP_SAMPLE_TICKS	0
LIST_EXALL_40_ENTRIES_FIRST_PASS_WORK_WRITE_DETAIL_FREESPACE_GOAL_CALLS	0
LIST_EXALL_40_ENTRIES_FIRST_PASS_WORK_WRITE_DETAIL_FREESPACE_GOAL_SAMPLES	0
LIST_EXALL_40_ENTRIES_FIRST_PASS_WORK_WRITE_DETAIL_FREESPACE_GOAL_SAMPLE_TICKS	0
LIST_EXALL_40_ENTRIES_FIRST_PASS_WORK_BTREE_MALLOC_CALLS	2
LIST_EXALL_40_ENTRIES_FIRST_PASS_WORK_BTREE_MALLOC_SAMPLES	2
LIST_EXALL_40_ENTRIES_FIRST_PASS_WORK_BTREE_MALLOC_SAMPLE_TICKS	45
LIST_EXALL_40_ENTRIES_FIRST_PASS_WORK_BTREE_FREE_CALLS	2
LIST_EXALL_40_ENTRIES_FIRST_PASS_WORK_BTREE_FREE_SAMPLES	2
LIST_EXALL_40_ENTRIES_FIRST_PASS_WORK_BTREE_FREE_SAMPLE_TICKS	44
LIST_EXALL_40_ENTRIES_FIRST_PASS_WORK_IFACE_ALLOC_CALLS	0
LIST_EXALL_40_ENTRIES_FIRST_PASS_WORK_IFACE_ALLOC_SAMPLES	0
LIST_EXALL_40_ENTRIES_FIRST_PASS_WORK_IFACE_ALLOC_SAMPLE_TICKS	0
LIST_EXALL_40_ENTRIES_FIRST_PASS_WORK_FREESPACE_ALLOC_CALLS	0
LIST_EXALL_40_ENTRIES_FIRST_PASS_WORK_FREESPACE_ALLOC_SAMPLES	0
LIST_EXALL_40_ENTRIES_FIRST_PASS_WORK_FREESPACE_ALLOC_SAMPLE_TICKS	0
LIST_EXALL_40_ENTRIES_FIRST_PASS_WORK_DETAIL_INODE_READ_CALLS	40
LIST_EXALL_40_ENTRIES_FIRST_PASS_WORK_DETAIL_INODE_READ_SAMPLES	2
LIST_EXALL_40_ENTRIES_FIRST_PASS_WORK_DETAIL_INODE_READ_SAMPLE_TICKS	46
LIST_EXALL_40_ENTRIES_FIRST_PASS_WORK_DETAIL_INODE_VALIDATE_CALLS	40
LIST_EXALL_40_ENTRIES_FIRST_PASS_WORK_DETAIL_INODE_VALIDATE_SAMPLES	2
LIST_EXALL_40_ENTRIES_FIRST_PASS_WORK_DETAIL_INODE_VALIDATE_SAMPLE_TICKS	0
LIST_EXALL_40_ENTRIES_FIRST_PASS_WORK_DETAIL_INODE_SEARCH_CALLS	40
LIST_EXALL_40_ENTRIES_FIRST_PASS_WORK_DETAIL_INODE_SEARCH_SAMPLES	2
LIST_EXALL_40_ENTRIES_FIRST_PASS_WORK_DETAIL_INODE_SEARCH_SAMPLE_TICKS	46
LIST_EXALL_40_ENTRIES_FIRST_PASS_WORK_DETAIL_INODE_NODE_VIEW_CALLS	2
LIST_EXALL_40_ENTRIES_FIRST_PASS_WORK_DETAIL_INODE_NODE_VIEW_SAMPLES	0
LIST_EXALL_40_ENTRIES_FIRST_PASS_WORK_DETAIL_INODE_NODE_VIEW_SAMPLE_TICKS	0
LIST_EXALL_40_ENTRIES_FIRST_PASS_WORK_DETAIL_DIR_NODE_VIEW_CALLS	20
LIST_EXALL_40_ENTRIES_FIRST_PASS_WORK_DETAIL_DIR_NODE_VIEW_SAMPLES	1
LIST_EXALL_40_ENTRIES_FIRST_PASS_WORK_DETAIL_DIR_NODE_VIEW_SAMPLE_TICKS	227
LIST_EXALL_40_ENTRIES_FIRST_PASS_WORK_DETAIL_INODE_BINARY_SEARCH_CALLS	2
LIST_EXALL_40_ENTRIES_FIRST_PASS_WORK_DETAIL_INODE_BINARY_SEARCH_SAMPLES	0
LIST_EXALL_40_ENTRIES_FIRST_PASS_WORK_DETAIL_INODE_BINARY_SEARCH_SAMPLE_TICKS	0
LIST_EXALL_40_ENTRIES_FIRST_PASS_WORK_DETAIL_DIR_BINARY_SEARCH_CALLS	8
LIST_EXALL_40_ENTRIES_FIRST_PASS_WORK_DETAIL_DIR_BINARY_SEARCH_SAMPLES	0
LIST_EXALL_40_ENTRIES_FIRST_PASS_WORK_DETAIL_DIR_BINARY_SEARCH_SAMPLE_TICKS	0
LIST_EXALL_40_ENTRIES_FIRST_PASS_WORK_DETAIL_NODE_STRUCTURE_CALLS	7
LIST_EXALL_40_ENTRIES_FIRST_PASS_WORK_DETAIL_NODE_STRUCTURE_SAMPLES	0
LIST_EXALL_40_ENTRIES_FIRST_PASS_WORK_DETAIL_NODE_STRUCTURE_SAMPLE_TICKS	0
LIST_EXALL_40_ENTRIES_FIRST_PASS_WORK_DETAIL_CACHE_PEEK_CALLS	63
LIST_EXALL_40_ENTRIES_FIRST_PASS_WORK_DETAIL_CACHE_PEEK_SAMPLES	3
LIST_EXALL_40_ENTRIES_FIRST_PASS_WORK_DETAIL_CACHE_PEEK_SAMPLE_TICKS	0
LIST_EXALL_40_ENTRIES_FIRST_PASS_WORK_DETAIL_BUFFER_ALLOC_CALLS	3
LIST_EXALL_40_ENTRIES_FIRST_PASS_WORK_DETAIL_BUFFER_ALLOC_SAMPLES	0
LIST_EXALL_40_ENTRIES_FIRST_PASS_WORK_DETAIL_BUFFER_ALLOC_SAMPLE_TICKS	0
LIST_EXALL_40_ENTRIES_FIRST_PASS_WORK_DETAIL_BUFFER_FREE_CALLS	3
LIST_EXALL_40_ENTRIES_FIRST_PASS_WORK_DETAIL_BUFFER_FREE_SAMPLES	0
LIST_EXALL_40_ENTRIES_FIRST_PASS_WORK_DETAIL_BUFFER_FREE_SAMPLE_TICKS	0
LIST_EXALL_40_ENTRIES_FIRST_PASS_WORK_DETAIL_EXALL_FILL_CALLS	41
LIST_EXALL_40_ENTRIES_FIRST_PASS_WORK_DETAIL_EXALL_FILL_SAMPLES	2
LIST_EXALL_40_ENTRIES_FIRST_PASS_WORK_DETAIL_EXALL_FILL_SAMPLE_TICKS	91
LIST_EXALL_40_ENTRIES_FIRST_PASS_WORK_FREESPACE_ALLOCS	0
LIST_EXALL_40_ENTRIES_FIRST_PASS_VOLUME_FLUSH_BIO_READS	0
LIST_EXALL_40_ENTRIES_FIRST_PASS_VOLUME_FLUSH_BIO_WRITES	0
LIST_EXALL_40_ENTRIES_FIRST_PASS_VOLUME_FLUSH_BIO_UPDATES	0
LIST_EXALL_40_ENTRIES_FIRST_PASS_VOLUME_FLUSH_DATA_READS	0
LIST_EXALL_40_ENTRIES_FIRST_PASS_VOLUME_FLUSH_DATA_WRITES	0
LIST_EXALL_40_ENTRIES_FIRST_PASS_VOLUME_FLUSH_NODE_WRITES	0
LIST_EXALL_40_ENTRIES_FIRST_PASS_VOLUME_FLUSH_TXN_COMMITS	0
LIST_EXALL_40_ENTRIES_FIRST_PASS_VOLUME_FLUSH_EXTENT_MAPS	0
LIST_EXALL_40_ENTRIES_FIRST_PASS_VOLUME_FLUSH_READ_TICKS	0
LIST_EXALL_40_ENTRIES_FIRST_PASS_VOLUME_FLUSH_WRITE_TICKS	0
LIST_EXALL_40_ENTRIES_FIRST_PASS_VOLUME_FLUSH_UPDATE_TICKS	0
LIST_EXALL_40_ENTRIES_FIRST_PASS_VOLUME_FLUSH_DATA_READ_TICKS	0
LIST_EXALL_40_ENTRIES_FIRST_PASS_VOLUME_FLUSH_DATA_WRITE_TICKS	0
LIST_EXALL_40_ENTRIES_FIRST_PASS_VOLUME_FLUSH_NODE_CRC_READ_CALLS	0
LIST_EXALL_40_ENTRIES_FIRST_PASS_VOLUME_FLUSH_NODE_CRC_READ_SAMPLES	0
LIST_EXALL_40_ENTRIES_FIRST_PASS_VOLUME_FLUSH_NODE_CRC_READ_SAMPLE_TICKS	0
LIST_EXALL_40_ENTRIES_FIRST_PASS_VOLUME_FLUSH_NODE_CRC_WRITE_CALLS	0
LIST_EXALL_40_ENTRIES_FIRST_PASS_VOLUME_FLUSH_NODE_CRC_WRITE_SAMPLES	0
LIST_EXALL_40_ENTRIES_FIRST_PASS_VOLUME_FLUSH_NODE_CRC_WRITE_SAMPLE_TICKS	0
LIST_EXALL_40_ENTRIES_FIRST_PASS_VOLUME_FLUSH_CLOCK_PAIR_TICKS	0
LIST_EXALL_40_ENTRIES_FIRST_PASS_VOLUME_FLUSH_PACKET_CALLS	0
LIST_EXALL_40_ENTRIES_FIRST_PASS_VOLUME_FLUSH_PACKET_SAMPLES	0
LIST_EXALL_40_ENTRIES_FIRST_PASS_VOLUME_FLUSH_PACKET_SAMPLE_TICKS	0
LIST_EXALL_40_ENTRIES_FIRST_PASS_VOLUME_FLUSH_PACKET_OPEN_CALLS	0
LIST_EXALL_40_ENTRIES_FIRST_PASS_VOLUME_FLUSH_PACKET_OPEN_SAMPLES	0
LIST_EXALL_40_ENTRIES_FIRST_PASS_VOLUME_FLUSH_PACKET_OPEN_SAMPLE_TICKS	0
LIST_EXALL_40_ENTRIES_FIRST_PASS_VOLUME_FLUSH_PACKET_READ_CALLS	0
LIST_EXALL_40_ENTRIES_FIRST_PASS_VOLUME_FLUSH_PACKET_READ_SAMPLES	0
LIST_EXALL_40_ENTRIES_FIRST_PASS_VOLUME_FLUSH_PACKET_READ_SAMPLE_TICKS	0
LIST_EXALL_40_ENTRIES_FIRST_PASS_VOLUME_FLUSH_PACKET_WRITE_CALLS	0
LIST_EXALL_40_ENTRIES_FIRST_PASS_VOLUME_FLUSH_PACKET_WRITE_SAMPLES	0
LIST_EXALL_40_ENTRIES_FIRST_PASS_VOLUME_FLUSH_PACKET_WRITE_SAMPLE_TICKS	0
LIST_EXALL_40_ENTRIES_FIRST_PASS_VOLUME_FLUSH_PACKET_END_CALLS	0
LIST_EXALL_40_ENTRIES_FIRST_PASS_VOLUME_FLUSH_PACKET_END_SAMPLES	0
LIST_EXALL_40_ENTRIES_FIRST_PASS_VOLUME_FLUSH_PACKET_END_SAMPLE_TICKS	0
LIST_EXALL_40_ENTRIES_FIRST_PASS_VOLUME_FLUSH_PACKET_DELETE_CALLS	0
LIST_EXALL_40_ENTRIES_FIRST_PASS_VOLUME_FLUSH_PACKET_DELETE_SAMPLES	0
LIST_EXALL_40_ENTRIES_FIRST_PASS_VOLUME_FLUSH_PACKET_DELETE_SAMPLE_TICKS	0
LIST_EXALL_40_ENTRIES_FIRST_PASS_VOLUME_FLUSH_PACKET_FLUSH_CALLS	0
LIST_EXALL_40_ENTRIES_FIRST_PASS_VOLUME_FLUSH_PACKET_FLUSH_SAMPLES	0
LIST_EXALL_40_ENTRIES_FIRST_PASS_VOLUME_FLUSH_PACKET_FLUSH_SAMPLE_TICKS	0
LIST_EXALL_40_ENTRIES_FIRST_PASS_VOLUME_FLUSH_PACKET_OTHER_CALLS	0
LIST_EXALL_40_ENTRIES_FIRST_PASS_VOLUME_FLUSH_PACKET_OTHER_SAMPLES	0
LIST_EXALL_40_ENTRIES_FIRST_PASS_VOLUME_FLUSH_PACKET_OTHER_SAMPLE_TICKS	0
LIST_EXALL_40_ENTRIES_FIRST_PASS_VOLUME_FLUSH_CORE_CREATE_CALLS	0
LIST_EXALL_40_ENTRIES_FIRST_PASS_VOLUME_FLUSH_CORE_CREATE_SAMPLES	0
LIST_EXALL_40_ENTRIES_FIRST_PASS_VOLUME_FLUSH_CORE_CREATE_SAMPLE_TICKS	0
LIST_EXALL_40_ENTRIES_FIRST_PASS_VOLUME_FLUSH_CORE_DELETE_CALLS	0
LIST_EXALL_40_ENTRIES_FIRST_PASS_VOLUME_FLUSH_CORE_DELETE_SAMPLES	0
LIST_EXALL_40_ENTRIES_FIRST_PASS_VOLUME_FLUSH_CORE_DELETE_SAMPLE_TICKS	0
LIST_EXALL_40_ENTRIES_FIRST_PASS_VOLUME_FLUSH_CORE_FILE_WRITE_CALLS	0
LIST_EXALL_40_ENTRIES_FIRST_PASS_VOLUME_FLUSH_CORE_FILE_WRITE_SAMPLES	0
LIST_EXALL_40_ENTRIES_FIRST_PASS_VOLUME_FLUSH_CORE_FILE_WRITE_SAMPLE_TICKS	0
LIST_EXALL_40_ENTRIES_FIRST_PASS_VOLUME_FLUSH_CORE_SYNC_CALLS	0
LIST_EXALL_40_ENTRIES_FIRST_PASS_VOLUME_FLUSH_CORE_SYNC_SAMPLES	0
LIST_EXALL_40_ENTRIES_FIRST_PASS_VOLUME_FLUSH_CORE_SYNC_SAMPLE_TICKS	0
LIST_EXALL_40_ENTRIES_FIRST_PASS_VOLUME_FLUSH_IFACE_FREE_CALLS	0
LIST_EXALL_40_ENTRIES_FIRST_PASS_VOLUME_FLUSH_IFACE_FREE_SAMPLES	0
LIST_EXALL_40_ENTRIES_FIRST_PASS_VOLUME_FLUSH_IFACE_FREE_SAMPLE_TICKS	0
LIST_EXALL_40_ENTRIES_FIRST_PASS_VOLUME_FLUSH_SEAL_COMMIT_CALLS	0
LIST_EXALL_40_ENTRIES_FIRST_PASS_VOLUME_FLUSH_SEAL_COMMIT_SAMPLES	0
LIST_EXALL_40_ENTRIES_FIRST_PASS_VOLUME_FLUSH_SEAL_COMMIT_SAMPLE_TICKS	0
LIST_EXALL_40_ENTRIES_FIRST_PASS_VOLUME_FLUSH_INODE_READ_CALLS	0
LIST_EXALL_40_ENTRIES_FIRST_PASS_VOLUME_FLUSH_BTREE_SEARCH_CALLS	0
LIST_EXALL_40_ENTRIES_FIRST_PASS_VOLUME_FLUSH_BTREE_INDEX_HINT_HITS	0
LIST_EXALL_40_ENTRIES_FIRST_PASS_VOLUME_FLUSH_BTREE_LEAF_HINT_HITS	0
LIST_EXALL_40_ENTRIES_FIRST_PASS_VOLUME_FLUSH_CACHE_READ_CALLS	0
LIST_EXALL_40_ENTRIES_FIRST_PASS_VOLUME_FLUSH_CACHE_READ_HITS	0
LIST_EXALL_40_ENTRIES_FIRST_PASS_VOLUME_FLUSH_CACHE_READ_MISSES	0
LIST_EXALL_40_ENTRIES_FIRST_PASS_VOLUME_FLUSH_FREE_TREE_NODE_VIEWS	0
LIST_EXALL_40_ENTRIES_FIRST_PASS_VOLUME_FLUSH_FREE_TREE_RESIDENT_VIEWS	0
LIST_EXALL_40_ENTRIES_FIRST_PASS_VOLUME_FLUSH_DIR_TREE_NODE_VIEWS	0
LIST_EXALL_40_ENTRIES_FIRST_PASS_VOLUME_FLUSH_DIR_TREE_RESIDENT_VIEWS	0
LIST_EXALL_40_ENTRIES_FIRST_PASS_VOLUME_FLUSH_INODE_TREE_NODE_VIEWS	0
LIST_EXALL_40_ENTRIES_FIRST_PASS_VOLUME_FLUSH_INODE_TREE_RESIDENT_VIEWS	0
LIST_EXALL_40_ENTRIES_FIRST_PASS_VOLUME_FLUSH_REFCOUNT_TREE_NODE_VIEWS	0
LIST_EXALL_40_ENTRIES_FIRST_PASS_VOLUME_FLUSH_REFCOUNT_TREE_RESIDENT_VIEWS	0
LIST_EXALL_40_ENTRIES_FIRST_PASS_VOLUME_FLUSH_OTHER_TREE_NODE_VIEWS	0
LIST_EXALL_40_ENTRIES_FIRST_PASS_VOLUME_FLUSH_OTHER_TREE_RESIDENT_VIEWS	0
LIST_EXALL_40_ENTRIES_FIRST_PASS_VOLUME_FLUSH_WRITE_DETAIL_INODE_READ_CALLS	0
LIST_EXALL_40_ENTRIES_FIRST_PASS_VOLUME_FLUSH_WRITE_DETAIL_INODE_READ_SAMPLES	0
LIST_EXALL_40_ENTRIES_FIRST_PASS_VOLUME_FLUSH_WRITE_DETAIL_INODE_READ_SAMPLE_TICKS	0
LIST_EXALL_40_ENTRIES_FIRST_PASS_VOLUME_FLUSH_WRITE_DETAIL_INODE_WRITE_CALLS	0
LIST_EXALL_40_ENTRIES_FIRST_PASS_VOLUME_FLUSH_WRITE_DETAIL_INODE_WRITE_SAMPLES	0
LIST_EXALL_40_ENTRIES_FIRST_PASS_VOLUME_FLUSH_WRITE_DETAIL_INODE_WRITE_SAMPLE_TICKS	0
LIST_EXALL_40_ENTRIES_FIRST_PASS_VOLUME_FLUSH_WRITE_DETAIL_EXTENT_MAP_CALLS	0
LIST_EXALL_40_ENTRIES_FIRST_PASS_VOLUME_FLUSH_WRITE_DETAIL_EXTENT_MAP_SAMPLES	0
LIST_EXALL_40_ENTRIES_FIRST_PASS_VOLUME_FLUSH_WRITE_DETAIL_EXTENT_MAP_SAMPLE_TICKS	0
LIST_EXALL_40_ENTRIES_FIRST_PASS_VOLUME_FLUSH_WRITE_DETAIL_FREESPACE_GOAL_CALLS	0
LIST_EXALL_40_ENTRIES_FIRST_PASS_VOLUME_FLUSH_WRITE_DETAIL_FREESPACE_GOAL_SAMPLES	0
LIST_EXALL_40_ENTRIES_FIRST_PASS_VOLUME_FLUSH_WRITE_DETAIL_FREESPACE_GOAL_SAMPLE_TICKS	0
LIST_EXALL_40_ENTRIES_FIRST_PASS_VOLUME_FLUSH_BTREE_MALLOC_CALLS	0
LIST_EXALL_40_ENTRIES_FIRST_PASS_VOLUME_FLUSH_BTREE_MALLOC_SAMPLES	0
LIST_EXALL_40_ENTRIES_FIRST_PASS_VOLUME_FLUSH_BTREE_MALLOC_SAMPLE_TICKS	0
LIST_EXALL_40_ENTRIES_FIRST_PASS_VOLUME_FLUSH_BTREE_FREE_CALLS	0
LIST_EXALL_40_ENTRIES_FIRST_PASS_VOLUME_FLUSH_BTREE_FREE_SAMPLES	0
LIST_EXALL_40_ENTRIES_FIRST_PASS_VOLUME_FLUSH_BTREE_FREE_SAMPLE_TICKS	0
LIST_EXALL_40_ENTRIES_FIRST_PASS_VOLUME_FLUSH_IFACE_ALLOC_CALLS	0
LIST_EXALL_40_ENTRIES_FIRST_PASS_VOLUME_FLUSH_IFACE_ALLOC_SAMPLES	0
LIST_EXALL_40_ENTRIES_FIRST_PASS_VOLUME_FLUSH_IFACE_ALLOC_SAMPLE_TICKS	0
LIST_EXALL_40_ENTRIES_FIRST_PASS_VOLUME_FLUSH_FREESPACE_ALLOC_CALLS	0
LIST_EXALL_40_ENTRIES_FIRST_PASS_VOLUME_FLUSH_FREESPACE_ALLOC_SAMPLES	0
LIST_EXALL_40_ENTRIES_FIRST_PASS_VOLUME_FLUSH_FREESPACE_ALLOC_SAMPLE_TICKS	0
LIST_EXALL_40_ENTRIES_FIRST_PASS_VOLUME_FLUSH_DETAIL_INODE_READ_CALLS	0
LIST_EXALL_40_ENTRIES_FIRST_PASS_VOLUME_FLUSH_DETAIL_INODE_READ_SAMPLES	0
LIST_EXALL_40_ENTRIES_FIRST_PASS_VOLUME_FLUSH_DETAIL_INODE_READ_SAMPLE_TICKS	0
LIST_EXALL_40_ENTRIES_FIRST_PASS_VOLUME_FLUSH_DETAIL_INODE_VALIDATE_CALLS	0
LIST_EXALL_40_ENTRIES_FIRST_PASS_VOLUME_FLUSH_DETAIL_INODE_VALIDATE_SAMPLES	0
LIST_EXALL_40_ENTRIES_FIRST_PASS_VOLUME_FLUSH_DETAIL_INODE_VALIDATE_SAMPLE_TICKS	0
LIST_EXALL_40_ENTRIES_FIRST_PASS_VOLUME_FLUSH_DETAIL_INODE_SEARCH_CALLS	0
LIST_EXALL_40_ENTRIES_FIRST_PASS_VOLUME_FLUSH_DETAIL_INODE_SEARCH_SAMPLES	0
LIST_EXALL_40_ENTRIES_FIRST_PASS_VOLUME_FLUSH_DETAIL_INODE_SEARCH_SAMPLE_TICKS	0
LIST_EXALL_40_ENTRIES_FIRST_PASS_VOLUME_FLUSH_DETAIL_INODE_NODE_VIEW_CALLS	0
LIST_EXALL_40_ENTRIES_FIRST_PASS_VOLUME_FLUSH_DETAIL_INODE_NODE_VIEW_SAMPLES	0
LIST_EXALL_40_ENTRIES_FIRST_PASS_VOLUME_FLUSH_DETAIL_INODE_NODE_VIEW_SAMPLE_TICKS	0
LIST_EXALL_40_ENTRIES_FIRST_PASS_VOLUME_FLUSH_DETAIL_DIR_NODE_VIEW_CALLS	0
LIST_EXALL_40_ENTRIES_FIRST_PASS_VOLUME_FLUSH_DETAIL_DIR_NODE_VIEW_SAMPLES	0
LIST_EXALL_40_ENTRIES_FIRST_PASS_VOLUME_FLUSH_DETAIL_DIR_NODE_VIEW_SAMPLE_TICKS	0
LIST_EXALL_40_ENTRIES_FIRST_PASS_VOLUME_FLUSH_DETAIL_INODE_BINARY_SEARCH_CALLS	0
LIST_EXALL_40_ENTRIES_FIRST_PASS_VOLUME_FLUSH_DETAIL_INODE_BINARY_SEARCH_SAMPLES	0
LIST_EXALL_40_ENTRIES_FIRST_PASS_VOLUME_FLUSH_DETAIL_INODE_BINARY_SEARCH_SAMPLE_TICKS	0
LIST_EXALL_40_ENTRIES_FIRST_PASS_VOLUME_FLUSH_DETAIL_DIR_BINARY_SEARCH_CALLS	0
LIST_EXALL_40_ENTRIES_FIRST_PASS_VOLUME_FLUSH_DETAIL_DIR_BINARY_SEARCH_SAMPLES	0
LIST_EXALL_40_ENTRIES_FIRST_PASS_VOLUME_FLUSH_DETAIL_DIR_BINARY_SEARCH_SAMPLE_TICKS	0
LIST_EXALL_40_ENTRIES_FIRST_PASS_VOLUME_FLUSH_DETAIL_NODE_STRUCTURE_CALLS	0
LIST_EXALL_40_ENTRIES_FIRST_PASS_VOLUME_FLUSH_DETAIL_NODE_STRUCTURE_SAMPLES	0
LIST_EXALL_40_ENTRIES_FIRST_PASS_VOLUME_FLUSH_DETAIL_NODE_STRUCTURE_SAMPLE_TICKS	0
LIST_EXALL_40_ENTRIES_FIRST_PASS_VOLUME_FLUSH_DETAIL_CACHE_PEEK_CALLS	0
LIST_EXALL_40_ENTRIES_FIRST_PASS_VOLUME_FLUSH_DETAIL_CACHE_PEEK_SAMPLES	0
LIST_EXALL_40_ENTRIES_FIRST_PASS_VOLUME_FLUSH_DETAIL_CACHE_PEEK_SAMPLE_TICKS	0
LIST_EXALL_40_ENTRIES_FIRST_PASS_VOLUME_FLUSH_DETAIL_BUFFER_ALLOC_CALLS	0
LIST_EXALL_40_ENTRIES_FIRST_PASS_VOLUME_FLUSH_DETAIL_BUFFER_ALLOC_SAMPLES	0
LIST_EXALL_40_ENTRIES_FIRST_PASS_VOLUME_FLUSH_DETAIL_BUFFER_ALLOC_SAMPLE_TICKS	0
LIST_EXALL_40_ENTRIES_FIRST_PASS_VOLUME_FLUSH_DETAIL_BUFFER_FREE_CALLS	0
LIST_EXALL_40_ENTRIES_FIRST_PASS_VOLUME_FLUSH_DETAIL_BUFFER_FREE_SAMPLES	0
LIST_EXALL_40_ENTRIES_FIRST_PASS_VOLUME_FLUSH_DETAIL_BUFFER_FREE_SAMPLE_TICKS	0
LIST_EXALL_40_ENTRIES_FIRST_PASS_VOLUME_FLUSH_DETAIL_EXALL_FILL_CALLS	0
LIST_EXALL_40_ENTRIES_FIRST_PASS_VOLUME_FLUSH_DETAIL_EXALL_FILL_SAMPLES	0
LIST_EXALL_40_ENTRIES_FIRST_PASS_VOLUME_FLUSH_DETAIL_EXALL_FILL_SAMPLE_TICKS	0
LIST_EXALL_40_ENTRIES_FIRST_PASS_VOLUME_FLUSH_FREESPACE_ALLOCS	0
LIST_EXALL_40_ENTRIES_REPEAT10_TOTAL_US	17664
LIST_EXALL_40_ENTRIES_REPEAT10_TOTAL_WORK_US	17664
LIST_EXALL_40_ENTRIES_REPEAT10_TOTAL_VOLUME_FLUSH_US	0
LIST_EXALL_40_ENTRIES_REPEAT10_TOTAL_HAS_VOLUME_FLUSH	0
LIST_EXALL_40_ENTRIES_REPEAT10_TOTAL_GUEST_OPEN_CALLS	0
LIST_EXALL_40_ENTRIES_REPEAT10_TOTAL_GUEST_OPEN_US	0
LIST_EXALL_40_ENTRIES_REPEAT10_TOTAL_GUEST_READ_CALLS	0
LIST_EXALL_40_ENTRIES_REPEAT10_TOTAL_GUEST_READ_US	0
LIST_EXALL_40_ENTRIES_REPEAT10_TOTAL_GUEST_WRITE_CALLS	0
LIST_EXALL_40_ENTRIES_REPEAT10_TOTAL_GUEST_WRITE_US	0
LIST_EXALL_40_ENTRIES_REPEAT10_TOTAL_GUEST_HANDLE_FLUSH_CALLS	0
LIST_EXALL_40_ENTRIES_REPEAT10_TOTAL_GUEST_HANDLE_FLUSH_US	0
LIST_EXALL_40_ENTRIES_REPEAT10_TOTAL_GUEST_CLOSE_CALLS	0
LIST_EXALL_40_ENTRIES_REPEAT10_TOTAL_GUEST_CLOSE_US	0
LIST_EXALL_40_ENTRIES_REPEAT10_TOTAL_GUEST_VERIFY_CALLS	0
LIST_EXALL_40_ENTRIES_REPEAT10_TOTAL_GUEST_VERIFY_US	0
LIST_EXALL_40_ENTRIES_REPEAT10_TOTAL_WORK_BIO_READS	0
LIST_EXALL_40_ENTRIES_REPEAT10_TOTAL_WORK_BIO_WRITES	0
LIST_EXALL_40_ENTRIES_REPEAT10_TOTAL_WORK_BIO_UPDATES	0
LIST_EXALL_40_ENTRIES_REPEAT10_TOTAL_WORK_DATA_READS	0
LIST_EXALL_40_ENTRIES_REPEAT10_TOTAL_WORK_DATA_WRITES	0
LIST_EXALL_40_ENTRIES_REPEAT10_TOTAL_WORK_NODE_WRITES	0
LIST_EXALL_40_ENTRIES_REPEAT10_TOTAL_WORK_TXN_COMMITS	0
LIST_EXALL_40_ENTRIES_REPEAT10_TOTAL_WORK_EXTENT_MAPS	0
LIST_EXALL_40_ENTRIES_REPEAT10_TOTAL_WORK_READ_TICKS	0
LIST_EXALL_40_ENTRIES_REPEAT10_TOTAL_WORK_WRITE_TICKS	0
LIST_EXALL_40_ENTRIES_REPEAT10_TOTAL_WORK_UPDATE_TICKS	0
LIST_EXALL_40_ENTRIES_REPEAT10_TOTAL_WORK_DATA_READ_TICKS	0
LIST_EXALL_40_ENTRIES_REPEAT10_TOTAL_WORK_DATA_WRITE_TICKS	0
LIST_EXALL_40_ENTRIES_REPEAT10_TOTAL_WORK_NODE_CRC_READ_CALLS	0
LIST_EXALL_40_ENTRIES_REPEAT10_TOTAL_WORK_NODE_CRC_READ_SAMPLES	0
LIST_EXALL_40_ENTRIES_REPEAT10_TOTAL_WORK_NODE_CRC_READ_SAMPLE_TICKS	0
LIST_EXALL_40_ENTRIES_REPEAT10_TOTAL_WORK_NODE_CRC_WRITE_CALLS	0
LIST_EXALL_40_ENTRIES_REPEAT10_TOTAL_WORK_NODE_CRC_WRITE_SAMPLES	0
LIST_EXALL_40_ENTRIES_REPEAT10_TOTAL_WORK_NODE_CRC_WRITE_SAMPLE_TICKS	0
LIST_EXALL_40_ENTRIES_REPEAT10_TOTAL_WORK_CLOCK_PAIR_TICKS	0
LIST_EXALL_40_ENTRIES_REPEAT10_TOTAL_WORK_PACKET_CALLS	12
LIST_EXALL_40_ENTRIES_REPEAT10_TOTAL_WORK_PACKET_SAMPLES	12
LIST_EXALL_40_ENTRIES_REPEAT10_TOTAL_WORK_PACKET_SAMPLE_TICKS	11929
LIST_EXALL_40_ENTRIES_REPEAT10_TOTAL_WORK_PACKET_OPEN_CALLS	0
LIST_EXALL_40_ENTRIES_REPEAT10_TOTAL_WORK_PACKET_OPEN_SAMPLES	0
LIST_EXALL_40_ENTRIES_REPEAT10_TOTAL_WORK_PACKET_OPEN_SAMPLE_TICKS	0
LIST_EXALL_40_ENTRIES_REPEAT10_TOTAL_WORK_PACKET_READ_CALLS	0
LIST_EXALL_40_ENTRIES_REPEAT10_TOTAL_WORK_PACKET_READ_SAMPLES	0
LIST_EXALL_40_ENTRIES_REPEAT10_TOTAL_WORK_PACKET_READ_SAMPLE_TICKS	0
LIST_EXALL_40_ENTRIES_REPEAT10_TOTAL_WORK_PACKET_WRITE_CALLS	0
LIST_EXALL_40_ENTRIES_REPEAT10_TOTAL_WORK_PACKET_WRITE_SAMPLES	0
LIST_EXALL_40_ENTRIES_REPEAT10_TOTAL_WORK_PACKET_WRITE_SAMPLE_TICKS	0
LIST_EXALL_40_ENTRIES_REPEAT10_TOTAL_WORK_PACKET_END_CALLS	0
LIST_EXALL_40_ENTRIES_REPEAT10_TOTAL_WORK_PACKET_END_SAMPLES	0
LIST_EXALL_40_ENTRIES_REPEAT10_TOTAL_WORK_PACKET_END_SAMPLE_TICKS	0
LIST_EXALL_40_ENTRIES_REPEAT10_TOTAL_WORK_PACKET_DELETE_CALLS	0
LIST_EXALL_40_ENTRIES_REPEAT10_TOTAL_WORK_PACKET_DELETE_SAMPLES	0
LIST_EXALL_40_ENTRIES_REPEAT10_TOTAL_WORK_PACKET_DELETE_SAMPLE_TICKS	0
LIST_EXALL_40_ENTRIES_REPEAT10_TOTAL_WORK_PACKET_FLUSH_CALLS	0
LIST_EXALL_40_ENTRIES_REPEAT10_TOTAL_WORK_PACKET_FLUSH_SAMPLES	0
LIST_EXALL_40_ENTRIES_REPEAT10_TOTAL_WORK_PACKET_FLUSH_SAMPLE_TICKS	0
LIST_EXALL_40_ENTRIES_REPEAT10_TOTAL_WORK_PACKET_OTHER_CALLS	12
LIST_EXALL_40_ENTRIES_REPEAT10_TOTAL_WORK_PACKET_OTHER_SAMPLES	12
LIST_EXALL_40_ENTRIES_REPEAT10_TOTAL_WORK_PACKET_OTHER_SAMPLE_TICKS	11929
LIST_EXALL_40_ENTRIES_REPEAT10_TOTAL_WORK_CORE_CREATE_CALLS	0
LIST_EXALL_40_ENTRIES_REPEAT10_TOTAL_WORK_CORE_CREATE_SAMPLES	0
LIST_EXALL_40_ENTRIES_REPEAT10_TOTAL_WORK_CORE_CREATE_SAMPLE_TICKS	0
LIST_EXALL_40_ENTRIES_REPEAT10_TOTAL_WORK_CORE_DELETE_CALLS	0
LIST_EXALL_40_ENTRIES_REPEAT10_TOTAL_WORK_CORE_DELETE_SAMPLES	0
LIST_EXALL_40_ENTRIES_REPEAT10_TOTAL_WORK_CORE_DELETE_SAMPLE_TICKS	0
LIST_EXALL_40_ENTRIES_REPEAT10_TOTAL_WORK_CORE_FILE_WRITE_CALLS	0
LIST_EXALL_40_ENTRIES_REPEAT10_TOTAL_WORK_CORE_FILE_WRITE_SAMPLES	0
LIST_EXALL_40_ENTRIES_REPEAT10_TOTAL_WORK_CORE_FILE_WRITE_SAMPLE_TICKS	0
LIST_EXALL_40_ENTRIES_REPEAT10_TOTAL_WORK_CORE_SYNC_CALLS	0
LIST_EXALL_40_ENTRIES_REPEAT10_TOTAL_WORK_CORE_SYNC_SAMPLES	0
LIST_EXALL_40_ENTRIES_REPEAT10_TOTAL_WORK_CORE_SYNC_SAMPLE_TICKS	0
LIST_EXALL_40_ENTRIES_REPEAT10_TOTAL_WORK_IFACE_FREE_CALLS	0
LIST_EXALL_40_ENTRIES_REPEAT10_TOTAL_WORK_IFACE_FREE_SAMPLES	0
LIST_EXALL_40_ENTRIES_REPEAT10_TOTAL_WORK_IFACE_FREE_SAMPLE_TICKS	0
LIST_EXALL_40_ENTRIES_REPEAT10_TOTAL_WORK_SEAL_COMMIT_CALLS	0
LIST_EXALL_40_ENTRIES_REPEAT10_TOTAL_WORK_SEAL_COMMIT_SAMPLES	0
LIST_EXALL_40_ENTRIES_REPEAT10_TOTAL_WORK_SEAL_COMMIT_SAMPLE_TICKS	0
LIST_EXALL_40_ENTRIES_REPEAT10_TOTAL_WORK_INODE_READ_CALLS	400
LIST_EXALL_40_ENTRIES_REPEAT10_TOTAL_WORK_BTREE_SEARCH_CALLS	401
LIST_EXALL_40_ENTRIES_REPEAT10_TOTAL_WORK_BTREE_INDEX_HINT_HITS	400
LIST_EXALL_40_ENTRIES_REPEAT10_TOTAL_WORK_BTREE_LEAF_HINT_HITS	1
LIST_EXALL_40_ENTRIES_REPEAT10_TOTAL_WORK_CACHE_READ_CALLS	0
LIST_EXALL_40_ENTRIES_REPEAT10_TOTAL_WORK_CACHE_READ_HITS	0
LIST_EXALL_40_ENTRIES_REPEAT10_TOTAL_WORK_CACHE_READ_MISSES	0
LIST_EXALL_40_ENTRIES_REPEAT10_TOTAL_WORK_FREE_TREE_NODE_VIEWS	0
LIST_EXALL_40_ENTRIES_REPEAT10_TOTAL_WORK_FREE_TREE_RESIDENT_VIEWS	0
LIST_EXALL_40_ENTRIES_REPEAT10_TOTAL_WORK_DIR_TREE_NODE_VIEWS	160
LIST_EXALL_40_ENTRIES_REPEAT10_TOTAL_WORK_DIR_TREE_RESIDENT_VIEWS	160
LIST_EXALL_40_ENTRIES_REPEAT10_TOTAL_WORK_INODE_TREE_NODE_VIEWS	0
LIST_EXALL_40_ENTRIES_REPEAT10_TOTAL_WORK_INODE_TREE_RESIDENT_VIEWS	0
LIST_EXALL_40_ENTRIES_REPEAT10_TOTAL_WORK_REFCOUNT_TREE_NODE_VIEWS	0
LIST_EXALL_40_ENTRIES_REPEAT10_TOTAL_WORK_REFCOUNT_TREE_RESIDENT_VIEWS	0
LIST_EXALL_40_ENTRIES_REPEAT10_TOTAL_WORK_OTHER_TREE_NODE_VIEWS	0
LIST_EXALL_40_ENTRIES_REPEAT10_TOTAL_WORK_OTHER_TREE_RESIDENT_VIEWS	0
LIST_EXALL_40_ENTRIES_REPEAT10_TOTAL_WORK_WRITE_DETAIL_INODE_READ_CALLS	400
LIST_EXALL_40_ENTRIES_REPEAT10_TOTAL_WORK_WRITE_DETAIL_INODE_READ_SAMPLES	400
LIST_EXALL_40_ENTRIES_REPEAT10_TOTAL_WORK_WRITE_DETAIL_INODE_READ_SAMPLE_TICKS	5181
LIST_EXALL_40_ENTRIES_REPEAT10_TOTAL_WORK_WRITE_DETAIL_INODE_WRITE_CALLS	0
LIST_EXALL_40_ENTRIES_REPEAT10_TOTAL_WORK_WRITE_DETAIL_INODE_WRITE_SAMPLES	0
LIST_EXALL_40_ENTRIES_REPEAT10_TOTAL_WORK_WRITE_DETAIL_INODE_WRITE_SAMPLE_TICKS	0
LIST_EXALL_40_ENTRIES_REPEAT10_TOTAL_WORK_WRITE_DETAIL_EXTENT_MAP_CALLS	0
LIST_EXALL_40_ENTRIES_REPEAT10_TOTAL_WORK_WRITE_DETAIL_EXTENT_MAP_SAMPLES	0
LIST_EXALL_40_ENTRIES_REPEAT10_TOTAL_WORK_WRITE_DETAIL_EXTENT_MAP_SAMPLE_TICKS	0
LIST_EXALL_40_ENTRIES_REPEAT10_TOTAL_WORK_WRITE_DETAIL_FREESPACE_GOAL_CALLS	0
LIST_EXALL_40_ENTRIES_REPEAT10_TOTAL_WORK_WRITE_DETAIL_FREESPACE_GOAL_SAMPLES	0
LIST_EXALL_40_ENTRIES_REPEAT10_TOTAL_WORK_WRITE_DETAIL_FREESPACE_GOAL_SAMPLE_TICKS	0
LIST_EXALL_40_ENTRIES_REPEAT10_TOTAL_WORK_BTREE_MALLOC_CALLS	11
LIST_EXALL_40_ENTRIES_REPEAT10_TOTAL_WORK_BTREE_MALLOC_SAMPLES	11
LIST_EXALL_40_ENTRIES_REPEAT10_TOTAL_WORK_BTREE_MALLOC_SAMPLE_TICKS	46
LIST_EXALL_40_ENTRIES_REPEAT10_TOTAL_WORK_BTREE_FREE_CALLS	11
LIST_EXALL_40_ENTRIES_REPEAT10_TOTAL_WORK_BTREE_FREE_SAMPLES	11
LIST_EXALL_40_ENTRIES_REPEAT10_TOTAL_WORK_BTREE_FREE_SAMPLE_TICKS	85
LIST_EXALL_40_ENTRIES_REPEAT10_TOTAL_WORK_IFACE_ALLOC_CALLS	0
LIST_EXALL_40_ENTRIES_REPEAT10_TOTAL_WORK_IFACE_ALLOC_SAMPLES	0
LIST_EXALL_40_ENTRIES_REPEAT10_TOTAL_WORK_IFACE_ALLOC_SAMPLE_TICKS	0
LIST_EXALL_40_ENTRIES_REPEAT10_TOTAL_WORK_FREESPACE_ALLOC_CALLS	0
LIST_EXALL_40_ENTRIES_REPEAT10_TOTAL_WORK_FREESPACE_ALLOC_SAMPLES	0
LIST_EXALL_40_ENTRIES_REPEAT10_TOTAL_WORK_FREESPACE_ALLOC_SAMPLE_TICKS	0
LIST_EXALL_40_ENTRIES_REPEAT10_TOTAL_WORK_DETAIL_INODE_READ_CALLS	400
LIST_EXALL_40_ENTRIES_REPEAT10_TOTAL_WORK_DETAIL_INODE_READ_SAMPLES	23
LIST_EXALL_40_ENTRIES_REPEAT10_TOTAL_WORK_DETAIL_INODE_READ_SAMPLE_TICKS	320
LIST_EXALL_40_ENTRIES_REPEAT10_TOTAL_WORK_DETAIL_INODE_VALIDATE_CALLS	400
LIST_EXALL_40_ENTRIES_REPEAT10_TOTAL_WORK_DETAIL_INODE_VALIDATE_SAMPLES	23
LIST_EXALL_40_ENTRIES_REPEAT10_TOTAL_WORK_DETAIL_INODE_VALIDATE_SAMPLE_TICKS	45
LIST_EXALL_40_ENTRIES_REPEAT10_TOTAL_WORK_DETAIL_INODE_SEARCH_CALLS	400
LIST_EXALL_40_ENTRIES_REPEAT10_TOTAL_WORK_DETAIL_INODE_SEARCH_SAMPLES	23
LIST_EXALL_40_ENTRIES_REPEAT10_TOTAL_WORK_DETAIL_INODE_SEARCH_SAMPLE_TICKS	92
LIST_EXALL_40_ENTRIES_REPEAT10_TOTAL_WORK_DETAIL_INODE_NODE_VIEW_CALLS	0
LIST_EXALL_40_ENTRIES_REPEAT10_TOTAL_WORK_DETAIL_INODE_NODE_VIEW_SAMPLES	0
LIST_EXALL_40_ENTRIES_REPEAT10_TOTAL_WORK_DETAIL_INODE_NODE_VIEW_SAMPLE_TICKS	0
LIST_EXALL_40_ENTRIES_REPEAT10_TOTAL_WORK_DETAIL_DIR_NODE_VIEW_CALLS	160
LIST_EXALL_40_ENTRIES_REPEAT10_TOTAL_WORK_DETAIL_DIR_NODE_VIEW_SAMPLES	9
LIST_EXALL_40_ENTRIES_REPEAT10_TOTAL_WORK_DETAIL_DIR_NODE_VIEW_SAMPLE_TICKS	91
LIST_EXALL_40_ENTRIES_REPEAT10_TOTAL_WORK_DETAIL_INODE_BINARY_SEARCH_CALLS	0
LIST_EXALL_40_ENTRIES_REPEAT10_TOTAL_WORK_DETAIL_INODE_BINARY_SEARCH_SAMPLES	0
LIST_EXALL_40_ENTRIES_REPEAT10_TOTAL_WORK_DETAIL_INODE_BINARY_SEARCH_SAMPLE_TICKS	0
LIST_EXALL_40_ENTRIES_REPEAT10_TOTAL_WORK_DETAIL_DIR_BINARY_SEARCH_CALLS	41
LIST_EXALL_40_ENTRIES_REPEAT10_TOTAL_WORK_DETAIL_DIR_BINARY_SEARCH_SAMPLES	2
LIST_EXALL_40_ENTRIES_REPEAT10_TOTAL_WORK_DETAIL_DIR_BINARY_SEARCH_SAMPLE_TICKS	21
LIST_EXALL_40_ENTRIES_REPEAT10_TOTAL_WORK_DETAIL_NODE_STRUCTURE_CALLS	0
LIST_EXALL_40_ENTRIES_REPEAT10_TOTAL_WORK_DETAIL_NODE_STRUCTURE_SAMPLES	0
LIST_EXALL_40_ENTRIES_REPEAT10_TOTAL_WORK_DETAIL_NODE_STRUCTURE_SAMPLE_TICKS	0
LIST_EXALL_40_ENTRIES_REPEAT10_TOTAL_WORK_DETAIL_CACHE_PEEK_CALLS	561
LIST_EXALL_40_ENTRIES_REPEAT10_TOTAL_WORK_DETAIL_CACHE_PEEK_SAMPLES	33
LIST_EXALL_40_ENTRIES_REPEAT10_TOTAL_WORK_DETAIL_CACHE_PEEK_SAMPLE_TICKS	134
LIST_EXALL_40_ENTRIES_REPEAT10_TOTAL_WORK_DETAIL_BUFFER_ALLOC_CALLS	10
LIST_EXALL_40_ENTRIES_REPEAT10_TOTAL_WORK_DETAIL_BUFFER_ALLOC_SAMPLES	0
LIST_EXALL_40_ENTRIES_REPEAT10_TOTAL_WORK_DETAIL_BUFFER_ALLOC_SAMPLE_TICKS	0
LIST_EXALL_40_ENTRIES_REPEAT10_TOTAL_WORK_DETAIL_BUFFER_FREE_CALLS	10
LIST_EXALL_40_ENTRIES_REPEAT10_TOTAL_WORK_DETAIL_BUFFER_FREE_SAMPLES	0
LIST_EXALL_40_ENTRIES_REPEAT10_TOTAL_WORK_DETAIL_BUFFER_FREE_SAMPLE_TICKS	0
LIST_EXALL_40_ENTRIES_REPEAT10_TOTAL_WORK_DETAIL_EXALL_FILL_CALLS	410
LIST_EXALL_40_ENTRIES_REPEAT10_TOTAL_WORK_DETAIL_EXALL_FILL_SAMPLES	24
LIST_EXALL_40_ENTRIES_REPEAT10_TOTAL_WORK_DETAIL_EXALL_FILL_SAMPLE_TICKS	497
LIST_EXALL_40_ENTRIES_REPEAT10_TOTAL_WORK_FREESPACE_ALLOCS	0
LIST_EXALL_40_ENTRIES_REPEAT10_TOTAL_VOLUME_FLUSH_BIO_READS	0
LIST_EXALL_40_ENTRIES_REPEAT10_TOTAL_VOLUME_FLUSH_BIO_WRITES	0
LIST_EXALL_40_ENTRIES_REPEAT10_TOTAL_VOLUME_FLUSH_BIO_UPDATES	0
LIST_EXALL_40_ENTRIES_REPEAT10_TOTAL_VOLUME_FLUSH_DATA_READS	0
LIST_EXALL_40_ENTRIES_REPEAT10_TOTAL_VOLUME_FLUSH_DATA_WRITES	0
LIST_EXALL_40_ENTRIES_REPEAT10_TOTAL_VOLUME_FLUSH_NODE_WRITES	0
LIST_EXALL_40_ENTRIES_REPEAT10_TOTAL_VOLUME_FLUSH_TXN_COMMITS	0
LIST_EXALL_40_ENTRIES_REPEAT10_TOTAL_VOLUME_FLUSH_EXTENT_MAPS	0
LIST_EXALL_40_ENTRIES_REPEAT10_TOTAL_VOLUME_FLUSH_READ_TICKS	0
LIST_EXALL_40_ENTRIES_REPEAT10_TOTAL_VOLUME_FLUSH_WRITE_TICKS	0
LIST_EXALL_40_ENTRIES_REPEAT10_TOTAL_VOLUME_FLUSH_UPDATE_TICKS	0
LIST_EXALL_40_ENTRIES_REPEAT10_TOTAL_VOLUME_FLUSH_DATA_READ_TICKS	0
LIST_EXALL_40_ENTRIES_REPEAT10_TOTAL_VOLUME_FLUSH_DATA_WRITE_TICKS	0
LIST_EXALL_40_ENTRIES_REPEAT10_TOTAL_VOLUME_FLUSH_NODE_CRC_READ_CALLS	0
LIST_EXALL_40_ENTRIES_REPEAT10_TOTAL_VOLUME_FLUSH_NODE_CRC_READ_SAMPLES	0
LIST_EXALL_40_ENTRIES_REPEAT10_TOTAL_VOLUME_FLUSH_NODE_CRC_READ_SAMPLE_TICKS	0
LIST_EXALL_40_ENTRIES_REPEAT10_TOTAL_VOLUME_FLUSH_NODE_CRC_WRITE_CALLS	0
LIST_EXALL_40_ENTRIES_REPEAT10_TOTAL_VOLUME_FLUSH_NODE_CRC_WRITE_SAMPLES	0
LIST_EXALL_40_ENTRIES_REPEAT10_TOTAL_VOLUME_FLUSH_NODE_CRC_WRITE_SAMPLE_TICKS	0
LIST_EXALL_40_ENTRIES_REPEAT10_TOTAL_VOLUME_FLUSH_CLOCK_PAIR_TICKS	0
LIST_EXALL_40_ENTRIES_REPEAT10_TOTAL_VOLUME_FLUSH_PACKET_CALLS	0
LIST_EXALL_40_ENTRIES_REPEAT10_TOTAL_VOLUME_FLUSH_PACKET_SAMPLES	0
LIST_EXALL_40_ENTRIES_REPEAT10_TOTAL_VOLUME_FLUSH_PACKET_SAMPLE_TICKS	0
LIST_EXALL_40_ENTRIES_REPEAT10_TOTAL_VOLUME_FLUSH_PACKET_OPEN_CALLS	0
LIST_EXALL_40_ENTRIES_REPEAT10_TOTAL_VOLUME_FLUSH_PACKET_OPEN_SAMPLES	0
LIST_EXALL_40_ENTRIES_REPEAT10_TOTAL_VOLUME_FLUSH_PACKET_OPEN_SAMPLE_TICKS	0
LIST_EXALL_40_ENTRIES_REPEAT10_TOTAL_VOLUME_FLUSH_PACKET_READ_CALLS	0
LIST_EXALL_40_ENTRIES_REPEAT10_TOTAL_VOLUME_FLUSH_PACKET_READ_SAMPLES	0
LIST_EXALL_40_ENTRIES_REPEAT10_TOTAL_VOLUME_FLUSH_PACKET_READ_SAMPLE_TICKS	0
LIST_EXALL_40_ENTRIES_REPEAT10_TOTAL_VOLUME_FLUSH_PACKET_WRITE_CALLS	0
LIST_EXALL_40_ENTRIES_REPEAT10_TOTAL_VOLUME_FLUSH_PACKET_WRITE_SAMPLES	0
LIST_EXALL_40_ENTRIES_REPEAT10_TOTAL_VOLUME_FLUSH_PACKET_WRITE_SAMPLE_TICKS	0
LIST_EXALL_40_ENTRIES_REPEAT10_TOTAL_VOLUME_FLUSH_PACKET_END_CALLS	0
LIST_EXALL_40_ENTRIES_REPEAT10_TOTAL_VOLUME_FLUSH_PACKET_END_SAMPLES	0
LIST_EXALL_40_ENTRIES_REPEAT10_TOTAL_VOLUME_FLUSH_PACKET_END_SAMPLE_TICKS	0
LIST_EXALL_40_ENTRIES_REPEAT10_TOTAL_VOLUME_FLUSH_PACKET_DELETE_CALLS	0
LIST_EXALL_40_ENTRIES_REPEAT10_TOTAL_VOLUME_FLUSH_PACKET_DELETE_SAMPLES	0
LIST_EXALL_40_ENTRIES_REPEAT10_TOTAL_VOLUME_FLUSH_PACKET_DELETE_SAMPLE_TICKS	0
LIST_EXALL_40_ENTRIES_REPEAT10_TOTAL_VOLUME_FLUSH_PACKET_FLUSH_CALLS	0
LIST_EXALL_40_ENTRIES_REPEAT10_TOTAL_VOLUME_FLUSH_PACKET_FLUSH_SAMPLES	0
LIST_EXALL_40_ENTRIES_REPEAT10_TOTAL_VOLUME_FLUSH_PACKET_FLUSH_SAMPLE_TICKS	0
LIST_EXALL_40_ENTRIES_REPEAT10_TOTAL_VOLUME_FLUSH_PACKET_OTHER_CALLS	0
LIST_EXALL_40_ENTRIES_REPEAT10_TOTAL_VOLUME_FLUSH_PACKET_OTHER_SAMPLES	0
LIST_EXALL_40_ENTRIES_REPEAT10_TOTAL_VOLUME_FLUSH_PACKET_OTHER_SAMPLE_TICKS	0
LIST_EXALL_40_ENTRIES_REPEAT10_TOTAL_VOLUME_FLUSH_CORE_CREATE_CALLS	0
LIST_EXALL_40_ENTRIES_REPEAT10_TOTAL_VOLUME_FLUSH_CORE_CREATE_SAMPLES	0
LIST_EXALL_40_ENTRIES_REPEAT10_TOTAL_VOLUME_FLUSH_CORE_CREATE_SAMPLE_TICKS	0
LIST_EXALL_40_ENTRIES_REPEAT10_TOTAL_VOLUME_FLUSH_CORE_DELETE_CALLS	0
LIST_EXALL_40_ENTRIES_REPEAT10_TOTAL_VOLUME_FLUSH_CORE_DELETE_SAMPLES	0
LIST_EXALL_40_ENTRIES_REPEAT10_TOTAL_VOLUME_FLUSH_CORE_DELETE_SAMPLE_TICKS	0
LIST_EXALL_40_ENTRIES_REPEAT10_TOTAL_VOLUME_FLUSH_CORE_FILE_WRITE_CALLS	0
LIST_EXALL_40_ENTRIES_REPEAT10_TOTAL_VOLUME_FLUSH_CORE_FILE_WRITE_SAMPLES	0
LIST_EXALL_40_ENTRIES_REPEAT10_TOTAL_VOLUME_FLUSH_CORE_FILE_WRITE_SAMPLE_TICKS	0
LIST_EXALL_40_ENTRIES_REPEAT10_TOTAL_VOLUME_FLUSH_CORE_SYNC_CALLS	0
LIST_EXALL_40_ENTRIES_REPEAT10_TOTAL_VOLUME_FLUSH_CORE_SYNC_SAMPLES	0
LIST_EXALL_40_ENTRIES_REPEAT10_TOTAL_VOLUME_FLUSH_CORE_SYNC_SAMPLE_TICKS	0
LIST_EXALL_40_ENTRIES_REPEAT10_TOTAL_VOLUME_FLUSH_IFACE_FREE_CALLS	0
LIST_EXALL_40_ENTRIES_REPEAT10_TOTAL_VOLUME_FLUSH_IFACE_FREE_SAMPLES	0
LIST_EXALL_40_ENTRIES_REPEAT10_TOTAL_VOLUME_FLUSH_IFACE_FREE_SAMPLE_TICKS	0
LIST_EXALL_40_ENTRIES_REPEAT10_TOTAL_VOLUME_FLUSH_SEAL_COMMIT_CALLS	0
LIST_EXALL_40_ENTRIES_REPEAT10_TOTAL_VOLUME_FLUSH_SEAL_COMMIT_SAMPLES	0
LIST_EXALL_40_ENTRIES_REPEAT10_TOTAL_VOLUME_FLUSH_SEAL_COMMIT_SAMPLE_TICKS	0
LIST_EXALL_40_ENTRIES_REPEAT10_TOTAL_VOLUME_FLUSH_INODE_READ_CALLS	0
LIST_EXALL_40_ENTRIES_REPEAT10_TOTAL_VOLUME_FLUSH_BTREE_SEARCH_CALLS	0
LIST_EXALL_40_ENTRIES_REPEAT10_TOTAL_VOLUME_FLUSH_BTREE_INDEX_HINT_HITS	0
LIST_EXALL_40_ENTRIES_REPEAT10_TOTAL_VOLUME_FLUSH_BTREE_LEAF_HINT_HITS	0
LIST_EXALL_40_ENTRIES_REPEAT10_TOTAL_VOLUME_FLUSH_CACHE_READ_CALLS	0
LIST_EXALL_40_ENTRIES_REPEAT10_TOTAL_VOLUME_FLUSH_CACHE_READ_HITS	0
LIST_EXALL_40_ENTRIES_REPEAT10_TOTAL_VOLUME_FLUSH_CACHE_READ_MISSES	0
LIST_EXALL_40_ENTRIES_REPEAT10_TOTAL_VOLUME_FLUSH_FREE_TREE_NODE_VIEWS	0
LIST_EXALL_40_ENTRIES_REPEAT10_TOTAL_VOLUME_FLUSH_FREE_TREE_RESIDENT_VIEWS	0
LIST_EXALL_40_ENTRIES_REPEAT10_TOTAL_VOLUME_FLUSH_DIR_TREE_NODE_VIEWS	0
LIST_EXALL_40_ENTRIES_REPEAT10_TOTAL_VOLUME_FLUSH_DIR_TREE_RESIDENT_VIEWS	0
LIST_EXALL_40_ENTRIES_REPEAT10_TOTAL_VOLUME_FLUSH_INODE_TREE_NODE_VIEWS	0
LIST_EXALL_40_ENTRIES_REPEAT10_TOTAL_VOLUME_FLUSH_INODE_TREE_RESIDENT_VIEWS	0
LIST_EXALL_40_ENTRIES_REPEAT10_TOTAL_VOLUME_FLUSH_REFCOUNT_TREE_NODE_VIEWS	0
LIST_EXALL_40_ENTRIES_REPEAT10_TOTAL_VOLUME_FLUSH_REFCOUNT_TREE_RESIDENT_VIEWS	0
LIST_EXALL_40_ENTRIES_REPEAT10_TOTAL_VOLUME_FLUSH_OTHER_TREE_NODE_VIEWS	0
LIST_EXALL_40_ENTRIES_REPEAT10_TOTAL_VOLUME_FLUSH_OTHER_TREE_RESIDENT_VIEWS	0
LIST_EXALL_40_ENTRIES_REPEAT10_TOTAL_VOLUME_FLUSH_WRITE_DETAIL_INODE_READ_CALLS	0
LIST_EXALL_40_ENTRIES_REPEAT10_TOTAL_VOLUME_FLUSH_WRITE_DETAIL_INODE_READ_SAMPLES	0
LIST_EXALL_40_ENTRIES_REPEAT10_TOTAL_VOLUME_FLUSH_WRITE_DETAIL_INODE_READ_SAMPLE_TICKS	0
LIST_EXALL_40_ENTRIES_REPEAT10_TOTAL_VOLUME_FLUSH_WRITE_DETAIL_INODE_WRITE_CALLS	0
LIST_EXALL_40_ENTRIES_REPEAT10_TOTAL_VOLUME_FLUSH_WRITE_DETAIL_INODE_WRITE_SAMPLES	0
LIST_EXALL_40_ENTRIES_REPEAT10_TOTAL_VOLUME_FLUSH_WRITE_DETAIL_INODE_WRITE_SAMPLE_TICKS	0
LIST_EXALL_40_ENTRIES_REPEAT10_TOTAL_VOLUME_FLUSH_WRITE_DETAIL_EXTENT_MAP_CALLS	0
LIST_EXALL_40_ENTRIES_REPEAT10_TOTAL_VOLUME_FLUSH_WRITE_DETAIL_EXTENT_MAP_SAMPLES	0
LIST_EXALL_40_ENTRIES_REPEAT10_TOTAL_VOLUME_FLUSH_WRITE_DETAIL_EXTENT_MAP_SAMPLE_TICKS	0
LIST_EXALL_40_ENTRIES_REPEAT10_TOTAL_VOLUME_FLUSH_WRITE_DETAIL_FREESPACE_GOAL_CALLS	0
LIST_EXALL_40_ENTRIES_REPEAT10_TOTAL_VOLUME_FLUSH_WRITE_DETAIL_FREESPACE_GOAL_SAMPLES	0
LIST_EXALL_40_ENTRIES_REPEAT10_TOTAL_VOLUME_FLUSH_WRITE_DETAIL_FREESPACE_GOAL_SAMPLE_TICKS	0
LIST_EXALL_40_ENTRIES_REPEAT10_TOTAL_VOLUME_FLUSH_BTREE_MALLOC_CALLS	0
LIST_EXALL_40_ENTRIES_REPEAT10_TOTAL_VOLUME_FLUSH_BTREE_MALLOC_SAMPLES	0
LIST_EXALL_40_ENTRIES_REPEAT10_TOTAL_VOLUME_FLUSH_BTREE_MALLOC_SAMPLE_TICKS	0
LIST_EXALL_40_ENTRIES_REPEAT10_TOTAL_VOLUME_FLUSH_BTREE_FREE_CALLS	0
LIST_EXALL_40_ENTRIES_REPEAT10_TOTAL_VOLUME_FLUSH_BTREE_FREE_SAMPLES	0
LIST_EXALL_40_ENTRIES_REPEAT10_TOTAL_VOLUME_FLUSH_BTREE_FREE_SAMPLE_TICKS	0
LIST_EXALL_40_ENTRIES_REPEAT10_TOTAL_VOLUME_FLUSH_IFACE_ALLOC_CALLS	0
LIST_EXALL_40_ENTRIES_REPEAT10_TOTAL_VOLUME_FLUSH_IFACE_ALLOC_SAMPLES	0
LIST_EXALL_40_ENTRIES_REPEAT10_TOTAL_VOLUME_FLUSH_IFACE_ALLOC_SAMPLE_TICKS	0
LIST_EXALL_40_ENTRIES_REPEAT10_TOTAL_VOLUME_FLUSH_FREESPACE_ALLOC_CALLS	0
LIST_EXALL_40_ENTRIES_REPEAT10_TOTAL_VOLUME_FLUSH_FREESPACE_ALLOC_SAMPLES	0
LIST_EXALL_40_ENTRIES_REPEAT10_TOTAL_VOLUME_FLUSH_FREESPACE_ALLOC_SAMPLE_TICKS	0
LIST_EXALL_40_ENTRIES_REPEAT10_TOTAL_VOLUME_FLUSH_DETAIL_INODE_READ_CALLS	0
LIST_EXALL_40_ENTRIES_REPEAT10_TOTAL_VOLUME_FLUSH_DETAIL_INODE_READ_SAMPLES	0
LIST_EXALL_40_ENTRIES_REPEAT10_TOTAL_VOLUME_FLUSH_DETAIL_INODE_READ_SAMPLE_TICKS	0
LIST_EXALL_40_ENTRIES_REPEAT10_TOTAL_VOLUME_FLUSH_DETAIL_INODE_VALIDATE_CALLS	0
LIST_EXALL_40_ENTRIES_REPEAT10_TOTAL_VOLUME_FLUSH_DETAIL_INODE_VALIDATE_SAMPLES	0
LIST_EXALL_40_ENTRIES_REPEAT10_TOTAL_VOLUME_FLUSH_DETAIL_INODE_VALIDATE_SAMPLE_TICKS	0
LIST_EXALL_40_ENTRIES_REPEAT10_TOTAL_VOLUME_FLUSH_DETAIL_INODE_SEARCH_CALLS	0
LIST_EXALL_40_ENTRIES_REPEAT10_TOTAL_VOLUME_FLUSH_DETAIL_INODE_SEARCH_SAMPLES	0
LIST_EXALL_40_ENTRIES_REPEAT10_TOTAL_VOLUME_FLUSH_DETAIL_INODE_SEARCH_SAMPLE_TICKS	0
LIST_EXALL_40_ENTRIES_REPEAT10_TOTAL_VOLUME_FLUSH_DETAIL_INODE_NODE_VIEW_CALLS	0
LIST_EXALL_40_ENTRIES_REPEAT10_TOTAL_VOLUME_FLUSH_DETAIL_INODE_NODE_VIEW_SAMPLES	0
LIST_EXALL_40_ENTRIES_REPEAT10_TOTAL_VOLUME_FLUSH_DETAIL_INODE_NODE_VIEW_SAMPLE_TICKS	0
LIST_EXALL_40_ENTRIES_REPEAT10_TOTAL_VOLUME_FLUSH_DETAIL_DIR_NODE_VIEW_CALLS	0
LIST_EXALL_40_ENTRIES_REPEAT10_TOTAL_VOLUME_FLUSH_DETAIL_DIR_NODE_VIEW_SAMPLES	0
LIST_EXALL_40_ENTRIES_REPEAT10_TOTAL_VOLUME_FLUSH_DETAIL_DIR_NODE_VIEW_SAMPLE_TICKS	0
LIST_EXALL_40_ENTRIES_REPEAT10_TOTAL_VOLUME_FLUSH_DETAIL_INODE_BINARY_SEARCH_CALLS	0
LIST_EXALL_40_ENTRIES_REPEAT10_TOTAL_VOLUME_FLUSH_DETAIL_INODE_BINARY_SEARCH_SAMPLES	0
LIST_EXALL_40_ENTRIES_REPEAT10_TOTAL_VOLUME_FLUSH_DETAIL_INODE_BINARY_SEARCH_SAMPLE_TICKS	0
LIST_EXALL_40_ENTRIES_REPEAT10_TOTAL_VOLUME_FLUSH_DETAIL_DIR_BINARY_SEARCH_CALLS	0
LIST_EXALL_40_ENTRIES_REPEAT10_TOTAL_VOLUME_FLUSH_DETAIL_DIR_BINARY_SEARCH_SAMPLES	0
LIST_EXALL_40_ENTRIES_REPEAT10_TOTAL_VOLUME_FLUSH_DETAIL_DIR_BINARY_SEARCH_SAMPLE_TICKS	0
LIST_EXALL_40_ENTRIES_REPEAT10_TOTAL_VOLUME_FLUSH_DETAIL_NODE_STRUCTURE_CALLS	0
LIST_EXALL_40_ENTRIES_REPEAT10_TOTAL_VOLUME_FLUSH_DETAIL_NODE_STRUCTURE_SAMPLES	0
LIST_EXALL_40_ENTRIES_REPEAT10_TOTAL_VOLUME_FLUSH_DETAIL_NODE_STRUCTURE_SAMPLE_TICKS	0
LIST_EXALL_40_ENTRIES_REPEAT10_TOTAL_VOLUME_FLUSH_DETAIL_CACHE_PEEK_CALLS	0
LIST_EXALL_40_ENTRIES_REPEAT10_TOTAL_VOLUME_FLUSH_DETAIL_CACHE_PEEK_SAMPLES	0
LIST_EXALL_40_ENTRIES_REPEAT10_TOTAL_VOLUME_FLUSH_DETAIL_CACHE_PEEK_SAMPLE_TICKS	0
LIST_EXALL_40_ENTRIES_REPEAT10_TOTAL_VOLUME_FLUSH_DETAIL_BUFFER_ALLOC_CALLS	0
LIST_EXALL_40_ENTRIES_REPEAT10_TOTAL_VOLUME_FLUSH_DETAIL_BUFFER_ALLOC_SAMPLES	0
LIST_EXALL_40_ENTRIES_REPEAT10_TOTAL_VOLUME_FLUSH_DETAIL_BUFFER_ALLOC_SAMPLE_TICKS	0
LIST_EXALL_40_ENTRIES_REPEAT10_TOTAL_VOLUME_FLUSH_DETAIL_BUFFER_FREE_CALLS	0
LIST_EXALL_40_ENTRIES_REPEAT10_TOTAL_VOLUME_FLUSH_DETAIL_BUFFER_FREE_SAMPLES	0
LIST_EXALL_40_ENTRIES_REPEAT10_TOTAL_VOLUME_FLUSH_DETAIL_BUFFER_FREE_SAMPLE_TICKS	0
LIST_EXALL_40_ENTRIES_REPEAT10_TOTAL_VOLUME_FLUSH_DETAIL_EXALL_FILL_CALLS	0
LIST_EXALL_40_ENTRIES_REPEAT10_TOTAL_VOLUME_FLUSH_DETAIL_EXALL_FILL_SAMPLES	0
LIST_EXALL_40_ENTRIES_REPEAT10_TOTAL_VOLUME_FLUSH_DETAIL_EXALL_FILL_SAMPLE_TICKS	0
LIST_EXALL_40_ENTRIES_REPEAT10_TOTAL_VOLUME_FLUSH_FREESPACE_ALLOCS	0
LIST_EXNEXT_400_ENTRIES_FIRST_PASS_US	74879
LIST_EXNEXT_400_ENTRIES_FIRST_PASS_WORK_US	74879
LIST_EXNEXT_400_ENTRIES_FIRST_PASS_VOLUME_FLUSH_US	0
LIST_EXNEXT_400_ENTRIES_FIRST_PASS_HAS_VOLUME_FLUSH	0
LIST_EXNEXT_400_ENTRIES_FIRST_PASS_GUEST_OPEN_CALLS	0
LIST_EXNEXT_400_ENTRIES_FIRST_PASS_GUEST_OPEN_US	0
LIST_EXNEXT_400_ENTRIES_FIRST_PASS_GUEST_READ_CALLS	0
LIST_EXNEXT_400_ENTRIES_FIRST_PASS_GUEST_READ_US	0
LIST_EXNEXT_400_ENTRIES_FIRST_PASS_GUEST_WRITE_CALLS	0
LIST_EXNEXT_400_ENTRIES_FIRST_PASS_GUEST_WRITE_US	0
LIST_EXNEXT_400_ENTRIES_FIRST_PASS_GUEST_HANDLE_FLUSH_CALLS	0
LIST_EXNEXT_400_ENTRIES_FIRST_PASS_GUEST_HANDLE_FLUSH_US	0
LIST_EXNEXT_400_ENTRIES_FIRST_PASS_GUEST_CLOSE_CALLS	0
LIST_EXNEXT_400_ENTRIES_FIRST_PASS_GUEST_CLOSE_US	0
LIST_EXNEXT_400_ENTRIES_FIRST_PASS_GUEST_VERIFY_CALLS	0
LIST_EXNEXT_400_ENTRIES_FIRST_PASS_GUEST_VERIFY_US	0
LIST_EXNEXT_400_ENTRIES_FIRST_PASS_WORK_BIO_READS	65
LIST_EXNEXT_400_ENTRIES_FIRST_PASS_WORK_BIO_WRITES	0
LIST_EXNEXT_400_ENTRIES_FIRST_PASS_WORK_BIO_UPDATES	0
LIST_EXNEXT_400_ENTRIES_FIRST_PASS_WORK_DATA_READS	0
LIST_EXNEXT_400_ENTRIES_FIRST_PASS_WORK_DATA_WRITES	0
LIST_EXNEXT_400_ENTRIES_FIRST_PASS_WORK_NODE_WRITES	0
LIST_EXNEXT_400_ENTRIES_FIRST_PASS_WORK_TXN_COMMITS	0
LIST_EXNEXT_400_ENTRIES_FIRST_PASS_WORK_EXTENT_MAPS	0
LIST_EXNEXT_400_ENTRIES_FIRST_PASS_WORK_READ_TICKS	4814
LIST_EXNEXT_400_ENTRIES_FIRST_PASS_WORK_WRITE_TICKS	0
LIST_EXNEXT_400_ENTRIES_FIRST_PASS_WORK_UPDATE_TICKS	0
LIST_EXNEXT_400_ENTRIES_FIRST_PASS_WORK_DATA_READ_TICKS	0
LIST_EXNEXT_400_ENTRIES_FIRST_PASS_WORK_DATA_WRITE_TICKS	0
LIST_EXNEXT_400_ENTRIES_FIRST_PASS_WORK_NODE_CRC_READ_CALLS	65
LIST_EXNEXT_400_ENTRIES_FIRST_PASS_WORK_NODE_CRC_READ_SAMPLES	65
LIST_EXNEXT_400_ENTRIES_FIRST_PASS_WORK_NODE_CRC_READ_SAMPLE_TICKS	7132
LIST_EXNEXT_400_ENTRIES_FIRST_PASS_WORK_NODE_CRC_WRITE_CALLS	0
LIST_EXNEXT_400_ENTRIES_FIRST_PASS_WORK_NODE_CRC_WRITE_SAMPLES	0
LIST_EXNEXT_400_ENTRIES_FIRST_PASS_WORK_NODE_CRC_WRITE_SAMPLE_TICKS	0
LIST_EXNEXT_400_ENTRIES_FIRST_PASS_WORK_CLOCK_PAIR_TICKS	1
LIST_EXNEXT_400_ENTRIES_FIRST_PASS_WORK_PACKET_CALLS	404
LIST_EXNEXT_400_ENTRIES_FIRST_PASS_WORK_PACKET_SAMPLES	404
LIST_EXNEXT_400_ENTRIES_FIRST_PASS_WORK_PACKET_SAMPLE_TICKS	44943
LIST_EXNEXT_400_ENTRIES_FIRST_PASS_WORK_PACKET_OPEN_CALLS	0
LIST_EXNEXT_400_ENTRIES_FIRST_PASS_WORK_PACKET_OPEN_SAMPLES	0
LIST_EXNEXT_400_ENTRIES_FIRST_PASS_WORK_PACKET_OPEN_SAMPLE_TICKS	0
LIST_EXNEXT_400_ENTRIES_FIRST_PASS_WORK_PACKET_READ_CALLS	0
LIST_EXNEXT_400_ENTRIES_FIRST_PASS_WORK_PACKET_READ_SAMPLES	0
LIST_EXNEXT_400_ENTRIES_FIRST_PASS_WORK_PACKET_READ_SAMPLE_TICKS	0
LIST_EXNEXT_400_ENTRIES_FIRST_PASS_WORK_PACKET_WRITE_CALLS	0
LIST_EXNEXT_400_ENTRIES_FIRST_PASS_WORK_PACKET_WRITE_SAMPLES	0
LIST_EXNEXT_400_ENTRIES_FIRST_PASS_WORK_PACKET_WRITE_SAMPLE_TICKS	0
LIST_EXNEXT_400_ENTRIES_FIRST_PASS_WORK_PACKET_END_CALLS	0
LIST_EXNEXT_400_ENTRIES_FIRST_PASS_WORK_PACKET_END_SAMPLES	0
LIST_EXNEXT_400_ENTRIES_FIRST_PASS_WORK_PACKET_END_SAMPLE_TICKS	0
LIST_EXNEXT_400_ENTRIES_FIRST_PASS_WORK_PACKET_DELETE_CALLS	0
LIST_EXNEXT_400_ENTRIES_FIRST_PASS_WORK_PACKET_DELETE_SAMPLES	0
LIST_EXNEXT_400_ENTRIES_FIRST_PASS_WORK_PACKET_DELETE_SAMPLE_TICKS	0
LIST_EXNEXT_400_ENTRIES_FIRST_PASS_WORK_PACKET_FLUSH_CALLS	0
LIST_EXNEXT_400_ENTRIES_FIRST_PASS_WORK_PACKET_FLUSH_SAMPLES	0
LIST_EXNEXT_400_ENTRIES_FIRST_PASS_WORK_PACKET_FLUSH_SAMPLE_TICKS	0
LIST_EXNEXT_400_ENTRIES_FIRST_PASS_WORK_PACKET_OTHER_CALLS	404
LIST_EXNEXT_400_ENTRIES_FIRST_PASS_WORK_PACKET_OTHER_SAMPLES	404
LIST_EXNEXT_400_ENTRIES_FIRST_PASS_WORK_PACKET_OTHER_SAMPLE_TICKS	44943
LIST_EXNEXT_400_ENTRIES_FIRST_PASS_WORK_CORE_CREATE_CALLS	0
LIST_EXNEXT_400_ENTRIES_FIRST_PASS_WORK_CORE_CREATE_SAMPLES	0
LIST_EXNEXT_400_ENTRIES_FIRST_PASS_WORK_CORE_CREATE_SAMPLE_TICKS	0
LIST_EXNEXT_400_ENTRIES_FIRST_PASS_WORK_CORE_DELETE_CALLS	0
LIST_EXNEXT_400_ENTRIES_FIRST_PASS_WORK_CORE_DELETE_SAMPLES	0
LIST_EXNEXT_400_ENTRIES_FIRST_PASS_WORK_CORE_DELETE_SAMPLE_TICKS	0
LIST_EXNEXT_400_ENTRIES_FIRST_PASS_WORK_CORE_FILE_WRITE_CALLS	0
LIST_EXNEXT_400_ENTRIES_FIRST_PASS_WORK_CORE_FILE_WRITE_SAMPLES	0
LIST_EXNEXT_400_ENTRIES_FIRST_PASS_WORK_CORE_FILE_WRITE_SAMPLE_TICKS	0
LIST_EXNEXT_400_ENTRIES_FIRST_PASS_WORK_CORE_SYNC_CALLS	0
LIST_EXNEXT_400_ENTRIES_FIRST_PASS_WORK_CORE_SYNC_SAMPLES	0
LIST_EXNEXT_400_ENTRIES_FIRST_PASS_WORK_CORE_SYNC_SAMPLE_TICKS	0
LIST_EXNEXT_400_ENTRIES_FIRST_PASS_WORK_IFACE_FREE_CALLS	0
LIST_EXNEXT_400_ENTRIES_FIRST_PASS_WORK_IFACE_FREE_SAMPLES	0
LIST_EXNEXT_400_ENTRIES_FIRST_PASS_WORK_IFACE_FREE_SAMPLE_TICKS	0
LIST_EXNEXT_400_ENTRIES_FIRST_PASS_WORK_SEAL_COMMIT_CALLS	0
LIST_EXNEXT_400_ENTRIES_FIRST_PASS_WORK_SEAL_COMMIT_SAMPLES	0
LIST_EXNEXT_400_ENTRIES_FIRST_PASS_WORK_SEAL_COMMIT_SAMPLE_TICKS	0
LIST_EXNEXT_400_ENTRIES_FIRST_PASS_WORK_INODE_READ_CALLS	401
LIST_EXNEXT_400_ENTRIES_FIRST_PASS_WORK_BTREE_SEARCH_CALLS	402
LIST_EXNEXT_400_ENTRIES_FIRST_PASS_WORK_BTREE_INDEX_HINT_HITS	0
LIST_EXNEXT_400_ENTRIES_FIRST_PASS_WORK_BTREE_LEAF_HINT_HITS	382
LIST_EXNEXT_400_ENTRIES_FIRST_PASS_WORK_CACHE_READ_CALLS	65
LIST_EXNEXT_400_ENTRIES_FIRST_PASS_WORK_CACHE_READ_HITS	0
LIST_EXNEXT_400_ENTRIES_FIRST_PASS_WORK_CACHE_READ_MISSES	65
LIST_EXNEXT_400_ENTRIES_FIRST_PASS_WORK_FREE_TREE_NODE_VIEWS	0
LIST_EXNEXT_400_ENTRIES_FIRST_PASS_WORK_FREE_TREE_RESIDENT_VIEWS	0
LIST_EXNEXT_400_ENTRIES_FIRST_PASS_WORK_DIR_TREE_NODE_VIEWS	264
LIST_EXNEXT_400_ENTRIES_FIRST_PASS_WORK_DIR_TREE_RESIDENT_VIEWS	219
LIST_EXNEXT_400_ENTRIES_FIRST_PASS_WORK_INODE_TREE_NODE_VIEWS	40
LIST_EXNEXT_400_ENTRIES_FIRST_PASS_WORK_INODE_TREE_RESIDENT_VIEWS	20
LIST_EXNEXT_400_ENTRIES_FIRST_PASS_WORK_REFCOUNT_TREE_NODE_VIEWS	0
LIST_EXNEXT_400_ENTRIES_FIRST_PASS_WORK_REFCOUNT_TREE_RESIDENT_VIEWS	0
LIST_EXNEXT_400_ENTRIES_FIRST_PASS_WORK_OTHER_TREE_NODE_VIEWS	0
LIST_EXNEXT_400_ENTRIES_FIRST_PASS_WORK_OTHER_TREE_RESIDENT_VIEWS	0
LIST_EXNEXT_400_ENTRIES_FIRST_PASS_WORK_WRITE_DETAIL_INODE_READ_CALLS	401
LIST_EXNEXT_400_ENTRIES_FIRST_PASS_WORK_WRITE_DETAIL_INODE_READ_SAMPLES	401
LIST_EXNEXT_400_ENTRIES_FIRST_PASS_WORK_WRITE_DETAIL_INODE_READ_SAMPLE_TICKS	13896
LIST_EXNEXT_400_ENTRIES_FIRST_PASS_WORK_WRITE_DETAIL_INODE_WRITE_CALLS	0
LIST_EXNEXT_400_ENTRIES_FIRST_PASS_WORK_WRITE_DETAIL_INODE_WRITE_SAMPLES	0
LIST_EXNEXT_400_ENTRIES_FIRST_PASS_WORK_WRITE_DETAIL_INODE_WRITE_SAMPLE_TICKS	0
LIST_EXNEXT_400_ENTRIES_FIRST_PASS_WORK_WRITE_DETAIL_EXTENT_MAP_CALLS	0
LIST_EXNEXT_400_ENTRIES_FIRST_PASS_WORK_WRITE_DETAIL_EXTENT_MAP_SAMPLES	0
LIST_EXNEXT_400_ENTRIES_FIRST_PASS_WORK_WRITE_DETAIL_EXTENT_MAP_SAMPLE_TICKS	0
LIST_EXNEXT_400_ENTRIES_FIRST_PASS_WORK_WRITE_DETAIL_FREESPACE_GOAL_CALLS	0
LIST_EXNEXT_400_ENTRIES_FIRST_PASS_WORK_WRITE_DETAIL_FREESPACE_GOAL_SAMPLES	0
LIST_EXNEXT_400_ENTRIES_FIRST_PASS_WORK_WRITE_DETAIL_FREESPACE_GOAL_SAMPLE_TICKS	0
LIST_EXNEXT_400_ENTRIES_FIRST_PASS_WORK_BTREE_MALLOC_CALLS	43
LIST_EXNEXT_400_ENTRIES_FIRST_PASS_WORK_BTREE_MALLOC_SAMPLES	43
LIST_EXNEXT_400_ENTRIES_FIRST_PASS_WORK_BTREE_MALLOC_SAMPLE_TICKS	319
LIST_EXNEXT_400_ENTRIES_FIRST_PASS_WORK_BTREE_FREE_CALLS	403
LIST_EXNEXT_400_ENTRIES_FIRST_PASS_WORK_BTREE_FREE_SAMPLES	403
LIST_EXNEXT_400_ENTRIES_FIRST_PASS_WORK_BTREE_FREE_SAMPLE_TICKS	922
LIST_EXNEXT_400_ENTRIES_FIRST_PASS_WORK_IFACE_ALLOC_CALLS	0
LIST_EXNEXT_400_ENTRIES_FIRST_PASS_WORK_IFACE_ALLOC_SAMPLES	0
LIST_EXNEXT_400_ENTRIES_FIRST_PASS_WORK_IFACE_ALLOC_SAMPLE_TICKS	0
LIST_EXNEXT_400_ENTRIES_FIRST_PASS_WORK_FREESPACE_ALLOC_CALLS	0
LIST_EXNEXT_400_ENTRIES_FIRST_PASS_WORK_FREESPACE_ALLOC_SAMPLES	0
LIST_EXNEXT_400_ENTRIES_FIRST_PASS_WORK_FREESPACE_ALLOC_SAMPLE_TICKS	0
LIST_EXNEXT_400_ENTRIES_FIRST_PASS_WORK_DETAIL_INODE_READ_CALLS	401
LIST_EXNEXT_400_ENTRIES_FIRST_PASS_WORK_DETAIL_INODE_READ_SAMPLES	23
LIST_EXNEXT_400_ENTRIES_FIRST_PASS_WORK_DETAIL_INODE_READ_SAMPLE_TICKS	1043
LIST_EXNEXT_400_ENTRIES_FIRST_PASS_WORK_DETAIL_INODE_VALIDATE_CALLS	401
LIST_EXNEXT_400_ENTRIES_FIRST_PASS_WORK_DETAIL_INODE_VALIDATE_SAMPLES	23
LIST_EXNEXT_400_ENTRIES_FIRST_PASS_WORK_DETAIL_INODE_VALIDATE_SAMPLE_TICKS	1
LIST_EXNEXT_400_ENTRIES_FIRST_PASS_WORK_DETAIL_INODE_SEARCH_CALLS	401
LIST_EXNEXT_400_ENTRIES_FIRST_PASS_WORK_DETAIL_INODE_SEARCH_SAMPLES	23
LIST_EXNEXT_400_ENTRIES_FIRST_PASS_WORK_DETAIL_INODE_SEARCH_SAMPLE_TICKS	909
LIST_EXNEXT_400_ENTRIES_FIRST_PASS_WORK_DETAIL_INODE_NODE_VIEW_CALLS	40
LIST_EXNEXT_400_ENTRIES_FIRST_PASS_WORK_DETAIL_INODE_NODE_VIEW_SAMPLES	2
LIST_EXNEXT_400_ENTRIES_FIRST_PASS_WORK_DETAIL_INODE_NODE_VIEW_SAMPLE_TICKS	273
LIST_EXNEXT_400_ENTRIES_FIRST_PASS_WORK_DETAIL_DIR_NODE_VIEW_CALLS	264
LIST_EXNEXT_400_ENTRIES_FIRST_PASS_WORK_DETAIL_DIR_NODE_VIEW_SAMPLES	15
LIST_EXNEXT_400_ENTRIES_FIRST_PASS_WORK_DETAIL_DIR_NODE_VIEW_SAMPLE_TICKS	955
LIST_EXNEXT_400_ENTRIES_FIRST_PASS_WORK_DETAIL_INODE_BINARY_SEARCH_CALLS	40
LIST_EXNEXT_400_ENTRIES_FIRST_PASS_WORK_DETAIL_INODE_BINARY_SEARCH_SAMPLES	2
LIST_EXNEXT_400_ENTRIES_FIRST_PASS_WORK_DETAIL_INODE_BINARY_SEARCH_SAMPLE_TICKS	0
LIST_EXNEXT_400_ENTRIES_FIRST_PASS_WORK_DETAIL_DIR_BINARY_SEARCH_CALLS	173
LIST_EXNEXT_400_ENTRIES_FIRST_PASS_WORK_DETAIL_DIR_BINARY_SEARCH_SAMPLES	10
LIST_EXNEXT_400_ENTRIES_FIRST_PASS_WORK_DETAIL_DIR_BINARY_SEARCH_SAMPLE_TICKS	40
LIST_EXNEXT_400_ENTRIES_FIRST_PASS_WORK_DETAIL_NODE_STRUCTURE_CALLS	65
LIST_EXNEXT_400_ENTRIES_FIRST_PASS_WORK_DETAIL_NODE_STRUCTURE_SAMPLES	3
LIST_EXNEXT_400_ENTRIES_FIRST_PASS_WORK_DETAIL_NODE_STRUCTURE_SAMPLE_TICKS	0
LIST_EXNEXT_400_ENTRIES_FIRST_PASS_WORK_DETAIL_CACHE_PEEK_CALLS	714
LIST_EXNEXT_400_ENTRIES_FIRST_PASS_WORK_DETAIL_CACHE_PEEK_SAMPLES	42
LIST_EXNEXT_400_ENTRIES_FIRST_PASS_WORK_DETAIL_CACHE_PEEK_SAMPLE_TICKS	171
LIST_EXNEXT_400_ENTRIES_FIRST_PASS_WORK_DETAIL_BUFFER_ALLOC_CALLS	422
LIST_EXNEXT_400_ENTRIES_FIRST_PASS_WORK_DETAIL_BUFFER_ALLOC_SAMPLES	24
LIST_EXNEXT_400_ENTRIES_FIRST_PASS_WORK_DETAIL_BUFFER_ALLOC_SAMPLE_TICKS	46
LIST_EXNEXT_400_ENTRIES_FIRST_PASS_WORK_DETAIL_BUFFER_FREE_CALLS	422
LIST_EXNEXT_400_ENTRIES_FIRST_PASS_WORK_DETAIL_BUFFER_FREE_SAMPLES	24
LIST_EXNEXT_400_ENTRIES_FIRST_PASS_WORK_DETAIL_BUFFER_FREE_SAMPLE_TICKS	47
LIST_EXNEXT_400_ENTRIES_FIRST_PASS_WORK_DETAIL_EXALL_FILL_CALLS	0
LIST_EXNEXT_400_ENTRIES_FIRST_PASS_WORK_DETAIL_EXALL_FILL_SAMPLES	0
LIST_EXNEXT_400_ENTRIES_FIRST_PASS_WORK_DETAIL_EXALL_FILL_SAMPLE_TICKS	0
LIST_EXNEXT_400_ENTRIES_FIRST_PASS_WORK_FREESPACE_ALLOCS	0
LIST_EXNEXT_400_ENTRIES_FIRST_PASS_VOLUME_FLUSH_BIO_READS	0
LIST_EXNEXT_400_ENTRIES_FIRST_PASS_VOLUME_FLUSH_BIO_WRITES	0
LIST_EXNEXT_400_ENTRIES_FIRST_PASS_VOLUME_FLUSH_BIO_UPDATES	0
LIST_EXNEXT_400_ENTRIES_FIRST_PASS_VOLUME_FLUSH_DATA_READS	0
LIST_EXNEXT_400_ENTRIES_FIRST_PASS_VOLUME_FLUSH_DATA_WRITES	0
LIST_EXNEXT_400_ENTRIES_FIRST_PASS_VOLUME_FLUSH_NODE_WRITES	0
LIST_EXNEXT_400_ENTRIES_FIRST_PASS_VOLUME_FLUSH_TXN_COMMITS	0
LIST_EXNEXT_400_ENTRIES_FIRST_PASS_VOLUME_FLUSH_EXTENT_MAPS	0
LIST_EXNEXT_400_ENTRIES_FIRST_PASS_VOLUME_FLUSH_READ_TICKS	0
LIST_EXNEXT_400_ENTRIES_FIRST_PASS_VOLUME_FLUSH_WRITE_TICKS	0
LIST_EXNEXT_400_ENTRIES_FIRST_PASS_VOLUME_FLUSH_UPDATE_TICKS	0
LIST_EXNEXT_400_ENTRIES_FIRST_PASS_VOLUME_FLUSH_DATA_READ_TICKS	0
LIST_EXNEXT_400_ENTRIES_FIRST_PASS_VOLUME_FLUSH_DATA_WRITE_TICKS	0
LIST_EXNEXT_400_ENTRIES_FIRST_PASS_VOLUME_FLUSH_NODE_CRC_READ_CALLS	0
LIST_EXNEXT_400_ENTRIES_FIRST_PASS_VOLUME_FLUSH_NODE_CRC_READ_SAMPLES	0
LIST_EXNEXT_400_ENTRIES_FIRST_PASS_VOLUME_FLUSH_NODE_CRC_READ_SAMPLE_TICKS	0
LIST_EXNEXT_400_ENTRIES_FIRST_PASS_VOLUME_FLUSH_NODE_CRC_WRITE_CALLS	0
LIST_EXNEXT_400_ENTRIES_FIRST_PASS_VOLUME_FLUSH_NODE_CRC_WRITE_SAMPLES	0
LIST_EXNEXT_400_ENTRIES_FIRST_PASS_VOLUME_FLUSH_NODE_CRC_WRITE_SAMPLE_TICKS	0
LIST_EXNEXT_400_ENTRIES_FIRST_PASS_VOLUME_FLUSH_CLOCK_PAIR_TICKS	0
LIST_EXNEXT_400_ENTRIES_FIRST_PASS_VOLUME_FLUSH_PACKET_CALLS	0
LIST_EXNEXT_400_ENTRIES_FIRST_PASS_VOLUME_FLUSH_PACKET_SAMPLES	0
LIST_EXNEXT_400_ENTRIES_FIRST_PASS_VOLUME_FLUSH_PACKET_SAMPLE_TICKS	0
LIST_EXNEXT_400_ENTRIES_FIRST_PASS_VOLUME_FLUSH_PACKET_OPEN_CALLS	0
LIST_EXNEXT_400_ENTRIES_FIRST_PASS_VOLUME_FLUSH_PACKET_OPEN_SAMPLES	0
LIST_EXNEXT_400_ENTRIES_FIRST_PASS_VOLUME_FLUSH_PACKET_OPEN_SAMPLE_TICKS	0
LIST_EXNEXT_400_ENTRIES_FIRST_PASS_VOLUME_FLUSH_PACKET_READ_CALLS	0
LIST_EXNEXT_400_ENTRIES_FIRST_PASS_VOLUME_FLUSH_PACKET_READ_SAMPLES	0
LIST_EXNEXT_400_ENTRIES_FIRST_PASS_VOLUME_FLUSH_PACKET_READ_SAMPLE_TICKS	0
LIST_EXNEXT_400_ENTRIES_FIRST_PASS_VOLUME_FLUSH_PACKET_WRITE_CALLS	0
LIST_EXNEXT_400_ENTRIES_FIRST_PASS_VOLUME_FLUSH_PACKET_WRITE_SAMPLES	0
LIST_EXNEXT_400_ENTRIES_FIRST_PASS_VOLUME_FLUSH_PACKET_WRITE_SAMPLE_TICKS	0
LIST_EXNEXT_400_ENTRIES_FIRST_PASS_VOLUME_FLUSH_PACKET_END_CALLS	0
LIST_EXNEXT_400_ENTRIES_FIRST_PASS_VOLUME_FLUSH_PACKET_END_SAMPLES	0
LIST_EXNEXT_400_ENTRIES_FIRST_PASS_VOLUME_FLUSH_PACKET_END_SAMPLE_TICKS	0
LIST_EXNEXT_400_ENTRIES_FIRST_PASS_VOLUME_FLUSH_PACKET_DELETE_CALLS	0
LIST_EXNEXT_400_ENTRIES_FIRST_PASS_VOLUME_FLUSH_PACKET_DELETE_SAMPLES	0
LIST_EXNEXT_400_ENTRIES_FIRST_PASS_VOLUME_FLUSH_PACKET_DELETE_SAMPLE_TICKS	0
LIST_EXNEXT_400_ENTRIES_FIRST_PASS_VOLUME_FLUSH_PACKET_FLUSH_CALLS	0
LIST_EXNEXT_400_ENTRIES_FIRST_PASS_VOLUME_FLUSH_PACKET_FLUSH_SAMPLES	0
LIST_EXNEXT_400_ENTRIES_FIRST_PASS_VOLUME_FLUSH_PACKET_FLUSH_SAMPLE_TICKS	0
LIST_EXNEXT_400_ENTRIES_FIRST_PASS_VOLUME_FLUSH_PACKET_OTHER_CALLS	0
LIST_EXNEXT_400_ENTRIES_FIRST_PASS_VOLUME_FLUSH_PACKET_OTHER_SAMPLES	0
LIST_EXNEXT_400_ENTRIES_FIRST_PASS_VOLUME_FLUSH_PACKET_OTHER_SAMPLE_TICKS	0
LIST_EXNEXT_400_ENTRIES_FIRST_PASS_VOLUME_FLUSH_CORE_CREATE_CALLS	0
LIST_EXNEXT_400_ENTRIES_FIRST_PASS_VOLUME_FLUSH_CORE_CREATE_SAMPLES	0
LIST_EXNEXT_400_ENTRIES_FIRST_PASS_VOLUME_FLUSH_CORE_CREATE_SAMPLE_TICKS	0
LIST_EXNEXT_400_ENTRIES_FIRST_PASS_VOLUME_FLUSH_CORE_DELETE_CALLS	0
LIST_EXNEXT_400_ENTRIES_FIRST_PASS_VOLUME_FLUSH_CORE_DELETE_SAMPLES	0
LIST_EXNEXT_400_ENTRIES_FIRST_PASS_VOLUME_FLUSH_CORE_DELETE_SAMPLE_TICKS	0
LIST_EXNEXT_400_ENTRIES_FIRST_PASS_VOLUME_FLUSH_CORE_FILE_WRITE_CALLS	0
LIST_EXNEXT_400_ENTRIES_FIRST_PASS_VOLUME_FLUSH_CORE_FILE_WRITE_SAMPLES	0
LIST_EXNEXT_400_ENTRIES_FIRST_PASS_VOLUME_FLUSH_CORE_FILE_WRITE_SAMPLE_TICKS	0
LIST_EXNEXT_400_ENTRIES_FIRST_PASS_VOLUME_FLUSH_CORE_SYNC_CALLS	0
LIST_EXNEXT_400_ENTRIES_FIRST_PASS_VOLUME_FLUSH_CORE_SYNC_SAMPLES	0
LIST_EXNEXT_400_ENTRIES_FIRST_PASS_VOLUME_FLUSH_CORE_SYNC_SAMPLE_TICKS	0
LIST_EXNEXT_400_ENTRIES_FIRST_PASS_VOLUME_FLUSH_IFACE_FREE_CALLS	0
LIST_EXNEXT_400_ENTRIES_FIRST_PASS_VOLUME_FLUSH_IFACE_FREE_SAMPLES	0
LIST_EXNEXT_400_ENTRIES_FIRST_PASS_VOLUME_FLUSH_IFACE_FREE_SAMPLE_TICKS	0
LIST_EXNEXT_400_ENTRIES_FIRST_PASS_VOLUME_FLUSH_SEAL_COMMIT_CALLS	0
LIST_EXNEXT_400_ENTRIES_FIRST_PASS_VOLUME_FLUSH_SEAL_COMMIT_SAMPLES	0
LIST_EXNEXT_400_ENTRIES_FIRST_PASS_VOLUME_FLUSH_SEAL_COMMIT_SAMPLE_TICKS	0
LIST_EXNEXT_400_ENTRIES_FIRST_PASS_VOLUME_FLUSH_INODE_READ_CALLS	0
LIST_EXNEXT_400_ENTRIES_FIRST_PASS_VOLUME_FLUSH_BTREE_SEARCH_CALLS	0
LIST_EXNEXT_400_ENTRIES_FIRST_PASS_VOLUME_FLUSH_BTREE_INDEX_HINT_HITS	0
LIST_EXNEXT_400_ENTRIES_FIRST_PASS_VOLUME_FLUSH_BTREE_LEAF_HINT_HITS	0
LIST_EXNEXT_400_ENTRIES_FIRST_PASS_VOLUME_FLUSH_CACHE_READ_CALLS	0
LIST_EXNEXT_400_ENTRIES_FIRST_PASS_VOLUME_FLUSH_CACHE_READ_HITS	0
LIST_EXNEXT_400_ENTRIES_FIRST_PASS_VOLUME_FLUSH_CACHE_READ_MISSES	0
LIST_EXNEXT_400_ENTRIES_FIRST_PASS_VOLUME_FLUSH_FREE_TREE_NODE_VIEWS	0
LIST_EXNEXT_400_ENTRIES_FIRST_PASS_VOLUME_FLUSH_FREE_TREE_RESIDENT_VIEWS	0
LIST_EXNEXT_400_ENTRIES_FIRST_PASS_VOLUME_FLUSH_DIR_TREE_NODE_VIEWS	0
LIST_EXNEXT_400_ENTRIES_FIRST_PASS_VOLUME_FLUSH_DIR_TREE_RESIDENT_VIEWS	0
LIST_EXNEXT_400_ENTRIES_FIRST_PASS_VOLUME_FLUSH_INODE_TREE_NODE_VIEWS	0
LIST_EXNEXT_400_ENTRIES_FIRST_PASS_VOLUME_FLUSH_INODE_TREE_RESIDENT_VIEWS	0
LIST_EXNEXT_400_ENTRIES_FIRST_PASS_VOLUME_FLUSH_REFCOUNT_TREE_NODE_VIEWS	0
LIST_EXNEXT_400_ENTRIES_FIRST_PASS_VOLUME_FLUSH_REFCOUNT_TREE_RESIDENT_VIEWS	0
LIST_EXNEXT_400_ENTRIES_FIRST_PASS_VOLUME_FLUSH_OTHER_TREE_NODE_VIEWS	0
LIST_EXNEXT_400_ENTRIES_FIRST_PASS_VOLUME_FLUSH_OTHER_TREE_RESIDENT_VIEWS	0
LIST_EXNEXT_400_ENTRIES_FIRST_PASS_VOLUME_FLUSH_WRITE_DETAIL_INODE_READ_CALLS	0
LIST_EXNEXT_400_ENTRIES_FIRST_PASS_VOLUME_FLUSH_WRITE_DETAIL_INODE_READ_SAMPLES	0
LIST_EXNEXT_400_ENTRIES_FIRST_PASS_VOLUME_FLUSH_WRITE_DETAIL_INODE_READ_SAMPLE_TICKS	0
LIST_EXNEXT_400_ENTRIES_FIRST_PASS_VOLUME_FLUSH_WRITE_DETAIL_INODE_WRITE_CALLS	0
LIST_EXNEXT_400_ENTRIES_FIRST_PASS_VOLUME_FLUSH_WRITE_DETAIL_INODE_WRITE_SAMPLES	0
LIST_EXNEXT_400_ENTRIES_FIRST_PASS_VOLUME_FLUSH_WRITE_DETAIL_INODE_WRITE_SAMPLE_TICKS	0
LIST_EXNEXT_400_ENTRIES_FIRST_PASS_VOLUME_FLUSH_WRITE_DETAIL_EXTENT_MAP_CALLS	0
LIST_EXNEXT_400_ENTRIES_FIRST_PASS_VOLUME_FLUSH_WRITE_DETAIL_EXTENT_MAP_SAMPLES	0
LIST_EXNEXT_400_ENTRIES_FIRST_PASS_VOLUME_FLUSH_WRITE_DETAIL_EXTENT_MAP_SAMPLE_TICKS	0
LIST_EXNEXT_400_ENTRIES_FIRST_PASS_VOLUME_FLUSH_WRITE_DETAIL_FREESPACE_GOAL_CALLS	0
LIST_EXNEXT_400_ENTRIES_FIRST_PASS_VOLUME_FLUSH_WRITE_DETAIL_FREESPACE_GOAL_SAMPLES	0
LIST_EXNEXT_400_ENTRIES_FIRST_PASS_VOLUME_FLUSH_WRITE_DETAIL_FREESPACE_GOAL_SAMPLE_TICKS	0
LIST_EXNEXT_400_ENTRIES_FIRST_PASS_VOLUME_FLUSH_BTREE_MALLOC_CALLS	0
LIST_EXNEXT_400_ENTRIES_FIRST_PASS_VOLUME_FLUSH_BTREE_MALLOC_SAMPLES	0
LIST_EXNEXT_400_ENTRIES_FIRST_PASS_VOLUME_FLUSH_BTREE_MALLOC_SAMPLE_TICKS	0
LIST_EXNEXT_400_ENTRIES_FIRST_PASS_VOLUME_FLUSH_BTREE_FREE_CALLS	0
LIST_EXNEXT_400_ENTRIES_FIRST_PASS_VOLUME_FLUSH_BTREE_FREE_SAMPLES	0
LIST_EXNEXT_400_ENTRIES_FIRST_PASS_VOLUME_FLUSH_BTREE_FREE_SAMPLE_TICKS	0
LIST_EXNEXT_400_ENTRIES_FIRST_PASS_VOLUME_FLUSH_IFACE_ALLOC_CALLS	0
LIST_EXNEXT_400_ENTRIES_FIRST_PASS_VOLUME_FLUSH_IFACE_ALLOC_SAMPLES	0
LIST_EXNEXT_400_ENTRIES_FIRST_PASS_VOLUME_FLUSH_IFACE_ALLOC_SAMPLE_TICKS	0
LIST_EXNEXT_400_ENTRIES_FIRST_PASS_VOLUME_FLUSH_FREESPACE_ALLOC_CALLS	0
LIST_EXNEXT_400_ENTRIES_FIRST_PASS_VOLUME_FLUSH_FREESPACE_ALLOC_SAMPLES	0
LIST_EXNEXT_400_ENTRIES_FIRST_PASS_VOLUME_FLUSH_FREESPACE_ALLOC_SAMPLE_TICKS	0
LIST_EXNEXT_400_ENTRIES_FIRST_PASS_VOLUME_FLUSH_DETAIL_INODE_READ_CALLS	0
LIST_EXNEXT_400_ENTRIES_FIRST_PASS_VOLUME_FLUSH_DETAIL_INODE_READ_SAMPLES	0
LIST_EXNEXT_400_ENTRIES_FIRST_PASS_VOLUME_FLUSH_DETAIL_INODE_READ_SAMPLE_TICKS	0
LIST_EXNEXT_400_ENTRIES_FIRST_PASS_VOLUME_FLUSH_DETAIL_INODE_VALIDATE_CALLS	0
LIST_EXNEXT_400_ENTRIES_FIRST_PASS_VOLUME_FLUSH_DETAIL_INODE_VALIDATE_SAMPLES	0
LIST_EXNEXT_400_ENTRIES_FIRST_PASS_VOLUME_FLUSH_DETAIL_INODE_VALIDATE_SAMPLE_TICKS	0
LIST_EXNEXT_400_ENTRIES_FIRST_PASS_VOLUME_FLUSH_DETAIL_INODE_SEARCH_CALLS	0
LIST_EXNEXT_400_ENTRIES_FIRST_PASS_VOLUME_FLUSH_DETAIL_INODE_SEARCH_SAMPLES	0
LIST_EXNEXT_400_ENTRIES_FIRST_PASS_VOLUME_FLUSH_DETAIL_INODE_SEARCH_SAMPLE_TICKS	0
LIST_EXNEXT_400_ENTRIES_FIRST_PASS_VOLUME_FLUSH_DETAIL_INODE_NODE_VIEW_CALLS	0
LIST_EXNEXT_400_ENTRIES_FIRST_PASS_VOLUME_FLUSH_DETAIL_INODE_NODE_VIEW_SAMPLES	0
LIST_EXNEXT_400_ENTRIES_FIRST_PASS_VOLUME_FLUSH_DETAIL_INODE_NODE_VIEW_SAMPLE_TICKS	0
LIST_EXNEXT_400_ENTRIES_FIRST_PASS_VOLUME_FLUSH_DETAIL_DIR_NODE_VIEW_CALLS	0
LIST_EXNEXT_400_ENTRIES_FIRST_PASS_VOLUME_FLUSH_DETAIL_DIR_NODE_VIEW_SAMPLES	0
LIST_EXNEXT_400_ENTRIES_FIRST_PASS_VOLUME_FLUSH_DETAIL_DIR_NODE_VIEW_SAMPLE_TICKS	0
LIST_EXNEXT_400_ENTRIES_FIRST_PASS_VOLUME_FLUSH_DETAIL_INODE_BINARY_SEARCH_CALLS	0
LIST_EXNEXT_400_ENTRIES_FIRST_PASS_VOLUME_FLUSH_DETAIL_INODE_BINARY_SEARCH_SAMPLES	0
LIST_EXNEXT_400_ENTRIES_FIRST_PASS_VOLUME_FLUSH_DETAIL_INODE_BINARY_SEARCH_SAMPLE_TICKS	0
LIST_EXNEXT_400_ENTRIES_FIRST_PASS_VOLUME_FLUSH_DETAIL_DIR_BINARY_SEARCH_CALLS	0
LIST_EXNEXT_400_ENTRIES_FIRST_PASS_VOLUME_FLUSH_DETAIL_DIR_BINARY_SEARCH_SAMPLES	0
LIST_EXNEXT_400_ENTRIES_FIRST_PASS_VOLUME_FLUSH_DETAIL_DIR_BINARY_SEARCH_SAMPLE_TICKS	0
LIST_EXNEXT_400_ENTRIES_FIRST_PASS_VOLUME_FLUSH_DETAIL_NODE_STRUCTURE_CALLS	0
LIST_EXNEXT_400_ENTRIES_FIRST_PASS_VOLUME_FLUSH_DETAIL_NODE_STRUCTURE_SAMPLES	0
LIST_EXNEXT_400_ENTRIES_FIRST_PASS_VOLUME_FLUSH_DETAIL_NODE_STRUCTURE_SAMPLE_TICKS	0
LIST_EXNEXT_400_ENTRIES_FIRST_PASS_VOLUME_FLUSH_DETAIL_CACHE_PEEK_CALLS	0
LIST_EXNEXT_400_ENTRIES_FIRST_PASS_VOLUME_FLUSH_DETAIL_CACHE_PEEK_SAMPLES	0
LIST_EXNEXT_400_ENTRIES_FIRST_PASS_VOLUME_FLUSH_DETAIL_CACHE_PEEK_SAMPLE_TICKS	0
LIST_EXNEXT_400_ENTRIES_FIRST_PASS_VOLUME_FLUSH_DETAIL_BUFFER_ALLOC_CALLS	0
LIST_EXNEXT_400_ENTRIES_FIRST_PASS_VOLUME_FLUSH_DETAIL_BUFFER_ALLOC_SAMPLES	0
LIST_EXNEXT_400_ENTRIES_FIRST_PASS_VOLUME_FLUSH_DETAIL_BUFFER_ALLOC_SAMPLE_TICKS	0
LIST_EXNEXT_400_ENTRIES_FIRST_PASS_VOLUME_FLUSH_DETAIL_BUFFER_FREE_CALLS	0
LIST_EXNEXT_400_ENTRIES_FIRST_PASS_VOLUME_FLUSH_DETAIL_BUFFER_FREE_SAMPLES	0
LIST_EXNEXT_400_ENTRIES_FIRST_PASS_VOLUME_FLUSH_DETAIL_BUFFER_FREE_SAMPLE_TICKS	0
LIST_EXNEXT_400_ENTRIES_FIRST_PASS_VOLUME_FLUSH_DETAIL_EXALL_FILL_CALLS	0
LIST_EXNEXT_400_ENTRIES_FIRST_PASS_VOLUME_FLUSH_DETAIL_EXALL_FILL_SAMPLES	0
LIST_EXNEXT_400_ENTRIES_FIRST_PASS_VOLUME_FLUSH_DETAIL_EXALL_FILL_SAMPLE_TICKS	0
LIST_EXNEXT_400_ENTRIES_FIRST_PASS_VOLUME_FLUSH_FREESPACE_ALLOCS	0
LIST_EXNEXT_400_ENTRIES_REPEAT10_TOTAL_US	741947
LIST_EXNEXT_400_ENTRIES_REPEAT10_TOTAL_WORK_US	741947
LIST_EXNEXT_400_ENTRIES_REPEAT10_TOTAL_VOLUME_FLUSH_US	0
LIST_EXNEXT_400_ENTRIES_REPEAT10_TOTAL_HAS_VOLUME_FLUSH	0
LIST_EXNEXT_400_ENTRIES_REPEAT10_TOTAL_GUEST_OPEN_CALLS	0
LIST_EXNEXT_400_ENTRIES_REPEAT10_TOTAL_GUEST_OPEN_US	0
LIST_EXNEXT_400_ENTRIES_REPEAT10_TOTAL_GUEST_READ_CALLS	0
LIST_EXNEXT_400_ENTRIES_REPEAT10_TOTAL_GUEST_READ_US	0
LIST_EXNEXT_400_ENTRIES_REPEAT10_TOTAL_GUEST_WRITE_CALLS	0
LIST_EXNEXT_400_ENTRIES_REPEAT10_TOTAL_GUEST_WRITE_US	0
LIST_EXNEXT_400_ENTRIES_REPEAT10_TOTAL_GUEST_HANDLE_FLUSH_CALLS	0
LIST_EXNEXT_400_ENTRIES_REPEAT10_TOTAL_GUEST_HANDLE_FLUSH_US	0
LIST_EXNEXT_400_ENTRIES_REPEAT10_TOTAL_GUEST_CLOSE_CALLS	0
LIST_EXNEXT_400_ENTRIES_REPEAT10_TOTAL_GUEST_CLOSE_US	0
LIST_EXNEXT_400_ENTRIES_REPEAT10_TOTAL_GUEST_VERIFY_CALLS	0
LIST_EXNEXT_400_ENTRIES_REPEAT10_TOTAL_GUEST_VERIFY_US	0
LIST_EXNEXT_400_ENTRIES_REPEAT10_TOTAL_WORK_BIO_READS	680
LIST_EXNEXT_400_ENTRIES_REPEAT10_TOTAL_WORK_BIO_WRITES	0
LIST_EXNEXT_400_ENTRIES_REPEAT10_TOTAL_WORK_BIO_UPDATES	0
LIST_EXNEXT_400_ENTRIES_REPEAT10_TOTAL_WORK_DATA_READS	0
LIST_EXNEXT_400_ENTRIES_REPEAT10_TOTAL_WORK_DATA_WRITES	0
LIST_EXNEXT_400_ENTRIES_REPEAT10_TOTAL_WORK_NODE_WRITES	0
LIST_EXNEXT_400_ENTRIES_REPEAT10_TOTAL_WORK_TXN_COMMITS	0
LIST_EXNEXT_400_ENTRIES_REPEAT10_TOTAL_WORK_EXTENT_MAPS	0
LIST_EXNEXT_400_ENTRIES_REPEAT10_TOTAL_WORK_READ_TICKS	55264
LIST_EXNEXT_400_ENTRIES_REPEAT10_TOTAL_WORK_WRITE_TICKS	0
LIST_EXNEXT_400_ENTRIES_REPEAT10_TOTAL_WORK_UPDATE_TICKS	0
LIST_EXNEXT_400_ENTRIES_REPEAT10_TOTAL_WORK_DATA_READ_TICKS	0
LIST_EXNEXT_400_ENTRIES_REPEAT10_TOTAL_WORK_DATA_WRITE_TICKS	0
LIST_EXNEXT_400_ENTRIES_REPEAT10_TOTAL_WORK_NODE_CRC_READ_CALLS	680
LIST_EXNEXT_400_ENTRIES_REPEAT10_TOTAL_WORK_NODE_CRC_READ_SAMPLES	680
LIST_EXNEXT_400_ENTRIES_REPEAT10_TOTAL_WORK_NODE_CRC_READ_SAMPLE_TICKS	72222
LIST_EXNEXT_400_ENTRIES_REPEAT10_TOTAL_WORK_NODE_CRC_WRITE_CALLS	0
LIST_EXNEXT_400_ENTRIES_REPEAT10_TOTAL_WORK_NODE_CRC_WRITE_SAMPLES	0
LIST_EXNEXT_400_ENTRIES_REPEAT10_TOTAL_WORK_NODE_CRC_WRITE_SAMPLE_TICKS	0
LIST_EXNEXT_400_ENTRIES_REPEAT10_TOTAL_WORK_CLOCK_PAIR_TICKS	0
LIST_EXNEXT_400_ENTRIES_REPEAT10_TOTAL_WORK_PACKET_CALLS	4022
LIST_EXNEXT_400_ENTRIES_REPEAT10_TOTAL_WORK_PACKET_SAMPLES	4022
LIST_EXNEXT_400_ENTRIES_REPEAT10_TOTAL_WORK_PACKET_SAMPLE_TICKS	445604
LIST_EXNEXT_400_ENTRIES_REPEAT10_TOTAL_WORK_PACKET_OPEN_CALLS	0
LIST_EXNEXT_400_ENTRIES_REPEAT10_TOTAL_WORK_PACKET_OPEN_SAMPLES	0
LIST_EXNEXT_400_ENTRIES_REPEAT10_TOTAL_WORK_PACKET_OPEN_SAMPLE_TICKS	0
LIST_EXNEXT_400_ENTRIES_REPEAT10_TOTAL_WORK_PACKET_READ_CALLS	0
LIST_EXNEXT_400_ENTRIES_REPEAT10_TOTAL_WORK_PACKET_READ_SAMPLES	0
LIST_EXNEXT_400_ENTRIES_REPEAT10_TOTAL_WORK_PACKET_READ_SAMPLE_TICKS	0
LIST_EXNEXT_400_ENTRIES_REPEAT10_TOTAL_WORK_PACKET_WRITE_CALLS	0
LIST_EXNEXT_400_ENTRIES_REPEAT10_TOTAL_WORK_PACKET_WRITE_SAMPLES	0
LIST_EXNEXT_400_ENTRIES_REPEAT10_TOTAL_WORK_PACKET_WRITE_SAMPLE_TICKS	0
LIST_EXNEXT_400_ENTRIES_REPEAT10_TOTAL_WORK_PACKET_END_CALLS	0
LIST_EXNEXT_400_ENTRIES_REPEAT10_TOTAL_WORK_PACKET_END_SAMPLES	0
LIST_EXNEXT_400_ENTRIES_REPEAT10_TOTAL_WORK_PACKET_END_SAMPLE_TICKS	0
LIST_EXNEXT_400_ENTRIES_REPEAT10_TOTAL_WORK_PACKET_DELETE_CALLS	0
LIST_EXNEXT_400_ENTRIES_REPEAT10_TOTAL_WORK_PACKET_DELETE_SAMPLES	0
LIST_EXNEXT_400_ENTRIES_REPEAT10_TOTAL_WORK_PACKET_DELETE_SAMPLE_TICKS	0
LIST_EXNEXT_400_ENTRIES_REPEAT10_TOTAL_WORK_PACKET_FLUSH_CALLS	0
LIST_EXNEXT_400_ENTRIES_REPEAT10_TOTAL_WORK_PACKET_FLUSH_SAMPLES	0
LIST_EXNEXT_400_ENTRIES_REPEAT10_TOTAL_WORK_PACKET_FLUSH_SAMPLE_TICKS	0
LIST_EXNEXT_400_ENTRIES_REPEAT10_TOTAL_WORK_PACKET_OTHER_CALLS	4022
LIST_EXNEXT_400_ENTRIES_REPEAT10_TOTAL_WORK_PACKET_OTHER_SAMPLES	4022
LIST_EXNEXT_400_ENTRIES_REPEAT10_TOTAL_WORK_PACKET_OTHER_SAMPLE_TICKS	445604
LIST_EXNEXT_400_ENTRIES_REPEAT10_TOTAL_WORK_CORE_CREATE_CALLS	0
LIST_EXNEXT_400_ENTRIES_REPEAT10_TOTAL_WORK_CORE_CREATE_SAMPLES	0
LIST_EXNEXT_400_ENTRIES_REPEAT10_TOTAL_WORK_CORE_CREATE_SAMPLE_TICKS	0
LIST_EXNEXT_400_ENTRIES_REPEAT10_TOTAL_WORK_CORE_DELETE_CALLS	0
LIST_EXNEXT_400_ENTRIES_REPEAT10_TOTAL_WORK_CORE_DELETE_SAMPLES	0
LIST_EXNEXT_400_ENTRIES_REPEAT10_TOTAL_WORK_CORE_DELETE_SAMPLE_TICKS	0
LIST_EXNEXT_400_ENTRIES_REPEAT10_TOTAL_WORK_CORE_FILE_WRITE_CALLS	0
LIST_EXNEXT_400_ENTRIES_REPEAT10_TOTAL_WORK_CORE_FILE_WRITE_SAMPLES	0
LIST_EXNEXT_400_ENTRIES_REPEAT10_TOTAL_WORK_CORE_FILE_WRITE_SAMPLE_TICKS	0
LIST_EXNEXT_400_ENTRIES_REPEAT10_TOTAL_WORK_CORE_SYNC_CALLS	0
LIST_EXNEXT_400_ENTRIES_REPEAT10_TOTAL_WORK_CORE_SYNC_SAMPLES	0
LIST_EXNEXT_400_ENTRIES_REPEAT10_TOTAL_WORK_CORE_SYNC_SAMPLE_TICKS	0
LIST_EXNEXT_400_ENTRIES_REPEAT10_TOTAL_WORK_IFACE_FREE_CALLS	0
LIST_EXNEXT_400_ENTRIES_REPEAT10_TOTAL_WORK_IFACE_FREE_SAMPLES	0
LIST_EXNEXT_400_ENTRIES_REPEAT10_TOTAL_WORK_IFACE_FREE_SAMPLE_TICKS	0
LIST_EXNEXT_400_ENTRIES_REPEAT10_TOTAL_WORK_SEAL_COMMIT_CALLS	0
LIST_EXNEXT_400_ENTRIES_REPEAT10_TOTAL_WORK_SEAL_COMMIT_SAMPLES	0
LIST_EXNEXT_400_ENTRIES_REPEAT10_TOTAL_WORK_SEAL_COMMIT_SAMPLE_TICKS	0
LIST_EXNEXT_400_ENTRIES_REPEAT10_TOTAL_WORK_INODE_READ_CALLS	4010
LIST_EXNEXT_400_ENTRIES_REPEAT10_TOTAL_WORK_BTREE_SEARCH_CALLS	4011
LIST_EXNEXT_400_ENTRIES_REPEAT10_TOTAL_WORK_BTREE_INDEX_HINT_HITS	0
LIST_EXNEXT_400_ENTRIES_REPEAT10_TOTAL_WORK_BTREE_LEAF_HINT_HITS	3830
LIST_EXNEXT_400_ENTRIES_REPEAT10_TOTAL_WORK_CACHE_READ_CALLS	680
LIST_EXNEXT_400_ENTRIES_REPEAT10_TOTAL_WORK_CACHE_READ_HITS	0
LIST_EXNEXT_400_ENTRIES_REPEAT10_TOTAL_WORK_CACHE_READ_MISSES	680
LIST_EXNEXT_400_ENTRIES_REPEAT10_TOTAL_WORK_FREE_TREE_NODE_VIEWS	0
LIST_EXNEXT_400_ENTRIES_REPEAT10_TOTAL_WORK_FREE_TREE_RESIDENT_VIEWS	0
LIST_EXNEXT_400_ENTRIES_REPEAT10_TOTAL_WORK_DIR_TREE_NODE_VIEWS	2644
LIST_EXNEXT_400_ENTRIES_REPEAT10_TOTAL_WORK_DIR_TREE_RESIDENT_VIEWS	2144
LIST_EXNEXT_400_ENTRIES_REPEAT10_TOTAL_WORK_INODE_TREE_NODE_VIEWS	360
LIST_EXNEXT_400_ENTRIES_REPEAT10_TOTAL_WORK_INODE_TREE_RESIDENT_VIEWS	180
LIST_EXNEXT_400_ENTRIES_REPEAT10_TOTAL_WORK_REFCOUNT_TREE_NODE_VIEWS	0
LIST_EXNEXT_400_ENTRIES_REPEAT10_TOTAL_WORK_REFCOUNT_TREE_RESIDENT_VIEWS	0
LIST_EXNEXT_400_ENTRIES_REPEAT10_TOTAL_WORK_OTHER_TREE_NODE_VIEWS	0
LIST_EXNEXT_400_ENTRIES_REPEAT10_TOTAL_WORK_OTHER_TREE_RESIDENT_VIEWS	0
LIST_EXNEXT_400_ENTRIES_REPEAT10_TOTAL_WORK_WRITE_DETAIL_INODE_READ_CALLS	4010
LIST_EXNEXT_400_ENTRIES_REPEAT10_TOTAL_WORK_WRITE_DETAIL_INODE_READ_SAMPLES	4010
LIST_EXNEXT_400_ENTRIES_REPEAT10_TOTAL_WORK_WRITE_DETAIL_INODE_READ_SAMPLE_TICKS	132672
LIST_EXNEXT_400_ENTRIES_REPEAT10_TOTAL_WORK_WRITE_DETAIL_INODE_WRITE_CALLS	0
LIST_EXNEXT_400_ENTRIES_REPEAT10_TOTAL_WORK_WRITE_DETAIL_INODE_WRITE_SAMPLES	0
LIST_EXNEXT_400_ENTRIES_REPEAT10_TOTAL_WORK_WRITE_DETAIL_INODE_WRITE_SAMPLE_TICKS	0
LIST_EXNEXT_400_ENTRIES_REPEAT10_TOTAL_WORK_WRITE_DETAIL_EXTENT_MAP_CALLS	0
LIST_EXNEXT_400_ENTRIES_REPEAT10_TOTAL_WORK_WRITE_DETAIL_EXTENT_MAP_SAMPLES	0
LIST_EXNEXT_400_ENTRIES_REPEAT10_TOTAL_WORK_WRITE_DETAIL_EXTENT_MAP_SAMPLE_TICKS	0
LIST_EXNEXT_400_ENTRIES_REPEAT10_TOTAL_WORK_WRITE_DETAIL_FREESPACE_GOAL_CALLS	0
LIST_EXNEXT_400_ENTRIES_REPEAT10_TOTAL_WORK_WRITE_DETAIL_FREESPACE_GOAL_SAMPLES	0
LIST_EXNEXT_400_ENTRIES_REPEAT10_TOTAL_WORK_WRITE_DETAIL_FREESPACE_GOAL_SAMPLE_TICKS	0
LIST_EXNEXT_400_ENTRIES_REPEAT10_TOTAL_WORK_BTREE_MALLOC_CALLS	421
LIST_EXNEXT_400_ENTRIES_REPEAT10_TOTAL_WORK_BTREE_MALLOC_SAMPLES	421
LIST_EXNEXT_400_ENTRIES_REPEAT10_TOTAL_WORK_BTREE_MALLOC_SAMPLE_TICKS	2563
LIST_EXNEXT_400_ENTRIES_REPEAT10_TOTAL_WORK_BTREE_FREE_CALLS	4021
LIST_EXNEXT_400_ENTRIES_REPEAT10_TOTAL_WORK_BTREE_FREE_SAMPLES	4021
LIST_EXNEXT_400_ENTRIES_REPEAT10_TOTAL_WORK_BTREE_FREE_SAMPLE_TICKS	8533
LIST_EXNEXT_400_ENTRIES_REPEAT10_TOTAL_WORK_IFACE_ALLOC_CALLS	0
LIST_EXNEXT_400_ENTRIES_REPEAT10_TOTAL_WORK_IFACE_ALLOC_SAMPLES	0
LIST_EXNEXT_400_ENTRIES_REPEAT10_TOTAL_WORK_IFACE_ALLOC_SAMPLE_TICKS	0
LIST_EXNEXT_400_ENTRIES_REPEAT10_TOTAL_WORK_FREESPACE_ALLOC_CALLS	0
LIST_EXNEXT_400_ENTRIES_REPEAT10_TOTAL_WORK_FREESPACE_ALLOC_SAMPLES	0
LIST_EXNEXT_400_ENTRIES_REPEAT10_TOTAL_WORK_FREESPACE_ALLOC_SAMPLE_TICKS	0
LIST_EXNEXT_400_ENTRIES_REPEAT10_TOTAL_WORK_DETAIL_INODE_READ_CALLS	4010
LIST_EXNEXT_400_ENTRIES_REPEAT10_TOTAL_WORK_DETAIL_INODE_READ_SAMPLES	235
LIST_EXNEXT_400_ENTRIES_REPEAT10_TOTAL_WORK_DETAIL_INODE_READ_SAMPLE_TICKS	8174
LIST_EXNEXT_400_ENTRIES_REPEAT10_TOTAL_WORK_DETAIL_INODE_VALIDATE_CALLS	4010
LIST_EXNEXT_400_ENTRIES_REPEAT10_TOTAL_WORK_DETAIL_INODE_VALIDATE_SAMPLES	235
LIST_EXNEXT_400_ENTRIES_REPEAT10_TOTAL_WORK_DETAIL_INODE_VALIDATE_SAMPLE_TICKS	695
LIST_EXNEXT_400_ENTRIES_REPEAT10_TOTAL_WORK_DETAIL_INODE_SEARCH_CALLS	4010
LIST_EXNEXT_400_ENTRIES_REPEAT10_TOTAL_WORK_DETAIL_INODE_SEARCH_SAMPLES	235
LIST_EXNEXT_400_ENTRIES_REPEAT10_TOTAL_WORK_DETAIL_INODE_SEARCH_SAMPLE_TICKS	5175
LIST_EXNEXT_400_ENTRIES_REPEAT10_TOTAL_WORK_DETAIL_INODE_NODE_VIEW_CALLS	360
LIST_EXNEXT_400_ENTRIES_REPEAT10_TOTAL_WORK_DETAIL_INODE_NODE_VIEW_SAMPLES	21
LIST_EXNEXT_400_ENTRIES_REPEAT10_TOTAL_WORK_DETAIL_INODE_NODE_VIEW_SAMPLE_TICKS	2268
LIST_EXNEXT_400_ENTRIES_REPEAT10_TOTAL_WORK_DETAIL_DIR_NODE_VIEW_CALLS	2644
LIST_EXNEXT_400_ENTRIES_REPEAT10_TOTAL_WORK_DETAIL_DIR_NODE_VIEW_SAMPLES	155
LIST_EXNEXT_400_ENTRIES_REPEAT10_TOTAL_WORK_DETAIL_DIR_NODE_VIEW_SAMPLE_TICKS	7547
LIST_EXNEXT_400_ENTRIES_REPEAT10_TOTAL_WORK_DETAIL_INODE_BINARY_SEARCH_CALLS	360
LIST_EXNEXT_400_ENTRIES_REPEAT10_TOTAL_WORK_DETAIL_INODE_BINARY_SEARCH_SAMPLES	21
LIST_EXNEXT_400_ENTRIES_REPEAT10_TOTAL_WORK_DETAIL_INODE_BINARY_SEARCH_SAMPLE_TICKS	46
LIST_EXNEXT_400_ENTRIES_REPEAT10_TOTAL_WORK_DETAIL_DIR_BINARY_SEARCH_CALLS	1724
LIST_EXNEXT_400_ENTRIES_REPEAT10_TOTAL_WORK_DETAIL_DIR_BINARY_SEARCH_SAMPLES	101
LIST_EXNEXT_400_ENTRIES_REPEAT10_TOTAL_WORK_DETAIL_DIR_BINARY_SEARCH_SAMPLE_TICKS	456
LIST_EXNEXT_400_ENTRIES_REPEAT10_TOTAL_WORK_DETAIL_NODE_STRUCTURE_CALLS	680
LIST_EXNEXT_400_ENTRIES_REPEAT10_TOTAL_WORK_DETAIL_NODE_STRUCTURE_SAMPLES	40
LIST_EXNEXT_400_ENTRIES_REPEAT10_TOTAL_WORK_DETAIL_NODE_STRUCTURE_SAMPLE_TICKS	723
LIST_EXNEXT_400_ENTRIES_REPEAT10_TOTAL_WORK_DETAIL_CACHE_PEEK_CALLS	7195
LIST_EXNEXT_400_ENTRIES_REPEAT10_TOTAL_WORK_DETAIL_CACHE_PEEK_SAMPLES	423
LIST_EXNEXT_400_ENTRIES_REPEAT10_TOTAL_WORK_DETAIL_CACHE_PEEK_SAMPLE_TICKS	887
LIST_EXNEXT_400_ENTRIES_REPEAT10_TOTAL_WORK_DETAIL_BUFFER_ALLOC_CALLS	4201
LIST_EXNEXT_400_ENTRIES_REPEAT10_TOTAL_WORK_DETAIL_BUFFER_ALLOC_SAMPLES	247
LIST_EXNEXT_400_ENTRIES_REPEAT10_TOTAL_WORK_DETAIL_BUFFER_ALLOC_SAMPLE_TICKS	628
LIST_EXNEXT_400_ENTRIES_REPEAT10_TOTAL_WORK_DETAIL_BUFFER_FREE_CALLS	4201
LIST_EXNEXT_400_ENTRIES_REPEAT10_TOTAL_WORK_DETAIL_BUFFER_FREE_SAMPLES	247
LIST_EXNEXT_400_ENTRIES_REPEAT10_TOTAL_WORK_DETAIL_BUFFER_FREE_SAMPLE_TICKS	730
LIST_EXNEXT_400_ENTRIES_REPEAT10_TOTAL_WORK_DETAIL_EXALL_FILL_CALLS	0
LIST_EXNEXT_400_ENTRIES_REPEAT10_TOTAL_WORK_DETAIL_EXALL_FILL_SAMPLES	0
LIST_EXNEXT_400_ENTRIES_REPEAT10_TOTAL_WORK_DETAIL_EXALL_FILL_SAMPLE_TICKS	0
LIST_EXNEXT_400_ENTRIES_REPEAT10_TOTAL_WORK_FREESPACE_ALLOCS	0
LIST_EXNEXT_400_ENTRIES_REPEAT10_TOTAL_VOLUME_FLUSH_BIO_READS	0
LIST_EXNEXT_400_ENTRIES_REPEAT10_TOTAL_VOLUME_FLUSH_BIO_WRITES	0
LIST_EXNEXT_400_ENTRIES_REPEAT10_TOTAL_VOLUME_FLUSH_BIO_UPDATES	0
LIST_EXNEXT_400_ENTRIES_REPEAT10_TOTAL_VOLUME_FLUSH_DATA_READS	0
LIST_EXNEXT_400_ENTRIES_REPEAT10_TOTAL_VOLUME_FLUSH_DATA_WRITES	0
LIST_EXNEXT_400_ENTRIES_REPEAT10_TOTAL_VOLUME_FLUSH_NODE_WRITES	0
LIST_EXNEXT_400_ENTRIES_REPEAT10_TOTAL_VOLUME_FLUSH_TXN_COMMITS	0
LIST_EXNEXT_400_ENTRIES_REPEAT10_TOTAL_VOLUME_FLUSH_EXTENT_MAPS	0
LIST_EXNEXT_400_ENTRIES_REPEAT10_TOTAL_VOLUME_FLUSH_READ_TICKS	0
LIST_EXNEXT_400_ENTRIES_REPEAT10_TOTAL_VOLUME_FLUSH_WRITE_TICKS	0
LIST_EXNEXT_400_ENTRIES_REPEAT10_TOTAL_VOLUME_FLUSH_UPDATE_TICKS	0
LIST_EXNEXT_400_ENTRIES_REPEAT10_TOTAL_VOLUME_FLUSH_DATA_READ_TICKS	0
LIST_EXNEXT_400_ENTRIES_REPEAT10_TOTAL_VOLUME_FLUSH_DATA_WRITE_TICKS	0
LIST_EXNEXT_400_ENTRIES_REPEAT10_TOTAL_VOLUME_FLUSH_NODE_CRC_READ_CALLS	0
LIST_EXNEXT_400_ENTRIES_REPEAT10_TOTAL_VOLUME_FLUSH_NODE_CRC_READ_SAMPLES	0
LIST_EXNEXT_400_ENTRIES_REPEAT10_TOTAL_VOLUME_FLUSH_NODE_CRC_READ_SAMPLE_TICKS	0
LIST_EXNEXT_400_ENTRIES_REPEAT10_TOTAL_VOLUME_FLUSH_NODE_CRC_WRITE_CALLS	0
LIST_EXNEXT_400_ENTRIES_REPEAT10_TOTAL_VOLUME_FLUSH_NODE_CRC_WRITE_SAMPLES	0
LIST_EXNEXT_400_ENTRIES_REPEAT10_TOTAL_VOLUME_FLUSH_NODE_CRC_WRITE_SAMPLE_TICKS	0
LIST_EXNEXT_400_ENTRIES_REPEAT10_TOTAL_VOLUME_FLUSH_CLOCK_PAIR_TICKS	0
LIST_EXNEXT_400_ENTRIES_REPEAT10_TOTAL_VOLUME_FLUSH_PACKET_CALLS	0
LIST_EXNEXT_400_ENTRIES_REPEAT10_TOTAL_VOLUME_FLUSH_PACKET_SAMPLES	0
LIST_EXNEXT_400_ENTRIES_REPEAT10_TOTAL_VOLUME_FLUSH_PACKET_SAMPLE_TICKS	0
LIST_EXNEXT_400_ENTRIES_REPEAT10_TOTAL_VOLUME_FLUSH_PACKET_OPEN_CALLS	0
LIST_EXNEXT_400_ENTRIES_REPEAT10_TOTAL_VOLUME_FLUSH_PACKET_OPEN_SAMPLES	0
LIST_EXNEXT_400_ENTRIES_REPEAT10_TOTAL_VOLUME_FLUSH_PACKET_OPEN_SAMPLE_TICKS	0
LIST_EXNEXT_400_ENTRIES_REPEAT10_TOTAL_VOLUME_FLUSH_PACKET_READ_CALLS	0
LIST_EXNEXT_400_ENTRIES_REPEAT10_TOTAL_VOLUME_FLUSH_PACKET_READ_SAMPLES	0
LIST_EXNEXT_400_ENTRIES_REPEAT10_TOTAL_VOLUME_FLUSH_PACKET_READ_SAMPLE_TICKS	0
LIST_EXNEXT_400_ENTRIES_REPEAT10_TOTAL_VOLUME_FLUSH_PACKET_WRITE_CALLS	0
LIST_EXNEXT_400_ENTRIES_REPEAT10_TOTAL_VOLUME_FLUSH_PACKET_WRITE_SAMPLES	0
LIST_EXNEXT_400_ENTRIES_REPEAT10_TOTAL_VOLUME_FLUSH_PACKET_WRITE_SAMPLE_TICKS	0
LIST_EXNEXT_400_ENTRIES_REPEAT10_TOTAL_VOLUME_FLUSH_PACKET_END_CALLS	0
LIST_EXNEXT_400_ENTRIES_REPEAT10_TOTAL_VOLUME_FLUSH_PACKET_END_SAMPLES	0
LIST_EXNEXT_400_ENTRIES_REPEAT10_TOTAL_VOLUME_FLUSH_PACKET_END_SAMPLE_TICKS	0
LIST_EXNEXT_400_ENTRIES_REPEAT10_TOTAL_VOLUME_FLUSH_PACKET_DELETE_CALLS	0
LIST_EXNEXT_400_ENTRIES_REPEAT10_TOTAL_VOLUME_FLUSH_PACKET_DELETE_SAMPLES	0
LIST_EXNEXT_400_ENTRIES_REPEAT10_TOTAL_VOLUME_FLUSH_PACKET_DELETE_SAMPLE_TICKS	0
LIST_EXNEXT_400_ENTRIES_REPEAT10_TOTAL_VOLUME_FLUSH_PACKET_FLUSH_CALLS	0
LIST_EXNEXT_400_ENTRIES_REPEAT10_TOTAL_VOLUME_FLUSH_PACKET_FLUSH_SAMPLES	0
LIST_EXNEXT_400_ENTRIES_REPEAT10_TOTAL_VOLUME_FLUSH_PACKET_FLUSH_SAMPLE_TICKS	0
LIST_EXNEXT_400_ENTRIES_REPEAT10_TOTAL_VOLUME_FLUSH_PACKET_OTHER_CALLS	0
LIST_EXNEXT_400_ENTRIES_REPEAT10_TOTAL_VOLUME_FLUSH_PACKET_OTHER_SAMPLES	0
LIST_EXNEXT_400_ENTRIES_REPEAT10_TOTAL_VOLUME_FLUSH_PACKET_OTHER_SAMPLE_TICKS	0
LIST_EXNEXT_400_ENTRIES_REPEAT10_TOTAL_VOLUME_FLUSH_CORE_CREATE_CALLS	0
LIST_EXNEXT_400_ENTRIES_REPEAT10_TOTAL_VOLUME_FLUSH_CORE_CREATE_SAMPLES	0
LIST_EXNEXT_400_ENTRIES_REPEAT10_TOTAL_VOLUME_FLUSH_CORE_CREATE_SAMPLE_TICKS	0
LIST_EXNEXT_400_ENTRIES_REPEAT10_TOTAL_VOLUME_FLUSH_CORE_DELETE_CALLS	0
LIST_EXNEXT_400_ENTRIES_REPEAT10_TOTAL_VOLUME_FLUSH_CORE_DELETE_SAMPLES	0
LIST_EXNEXT_400_ENTRIES_REPEAT10_TOTAL_VOLUME_FLUSH_CORE_DELETE_SAMPLE_TICKS	0
LIST_EXNEXT_400_ENTRIES_REPEAT10_TOTAL_VOLUME_FLUSH_CORE_FILE_WRITE_CALLS	0
LIST_EXNEXT_400_ENTRIES_REPEAT10_TOTAL_VOLUME_FLUSH_CORE_FILE_WRITE_SAMPLES	0
LIST_EXNEXT_400_ENTRIES_REPEAT10_TOTAL_VOLUME_FLUSH_CORE_FILE_WRITE_SAMPLE_TICKS	0
LIST_EXNEXT_400_ENTRIES_REPEAT10_TOTAL_VOLUME_FLUSH_CORE_SYNC_CALLS	0
LIST_EXNEXT_400_ENTRIES_REPEAT10_TOTAL_VOLUME_FLUSH_CORE_SYNC_SAMPLES	0
LIST_EXNEXT_400_ENTRIES_REPEAT10_TOTAL_VOLUME_FLUSH_CORE_SYNC_SAMPLE_TICKS	0
LIST_EXNEXT_400_ENTRIES_REPEAT10_TOTAL_VOLUME_FLUSH_IFACE_FREE_CALLS	0
LIST_EXNEXT_400_ENTRIES_REPEAT10_TOTAL_VOLUME_FLUSH_IFACE_FREE_SAMPLES	0
LIST_EXNEXT_400_ENTRIES_REPEAT10_TOTAL_VOLUME_FLUSH_IFACE_FREE_SAMPLE_TICKS	0
LIST_EXNEXT_400_ENTRIES_REPEAT10_TOTAL_VOLUME_FLUSH_SEAL_COMMIT_CALLS	0
LIST_EXNEXT_400_ENTRIES_REPEAT10_TOTAL_VOLUME_FLUSH_SEAL_COMMIT_SAMPLES	0
LIST_EXNEXT_400_ENTRIES_REPEAT10_TOTAL_VOLUME_FLUSH_SEAL_COMMIT_SAMPLE_TICKS	0
LIST_EXNEXT_400_ENTRIES_REPEAT10_TOTAL_VOLUME_FLUSH_INODE_READ_CALLS	0
LIST_EXNEXT_400_ENTRIES_REPEAT10_TOTAL_VOLUME_FLUSH_BTREE_SEARCH_CALLS	0
LIST_EXNEXT_400_ENTRIES_REPEAT10_TOTAL_VOLUME_FLUSH_BTREE_INDEX_HINT_HITS	0
LIST_EXNEXT_400_ENTRIES_REPEAT10_TOTAL_VOLUME_FLUSH_BTREE_LEAF_HINT_HITS	0
LIST_EXNEXT_400_ENTRIES_REPEAT10_TOTAL_VOLUME_FLUSH_CACHE_READ_CALLS	0
LIST_EXNEXT_400_ENTRIES_REPEAT10_TOTAL_VOLUME_FLUSH_CACHE_READ_HITS	0
LIST_EXNEXT_400_ENTRIES_REPEAT10_TOTAL_VOLUME_FLUSH_CACHE_READ_MISSES	0
LIST_EXNEXT_400_ENTRIES_REPEAT10_TOTAL_VOLUME_FLUSH_FREE_TREE_NODE_VIEWS	0
LIST_EXNEXT_400_ENTRIES_REPEAT10_TOTAL_VOLUME_FLUSH_FREE_TREE_RESIDENT_VIEWS	0
LIST_EXNEXT_400_ENTRIES_REPEAT10_TOTAL_VOLUME_FLUSH_DIR_TREE_NODE_VIEWS	0
LIST_EXNEXT_400_ENTRIES_REPEAT10_TOTAL_VOLUME_FLUSH_DIR_TREE_RESIDENT_VIEWS	0
LIST_EXNEXT_400_ENTRIES_REPEAT10_TOTAL_VOLUME_FLUSH_INODE_TREE_NODE_VIEWS	0
LIST_EXNEXT_400_ENTRIES_REPEAT10_TOTAL_VOLUME_FLUSH_INODE_TREE_RESIDENT_VIEWS	0
LIST_EXNEXT_400_ENTRIES_REPEAT10_TOTAL_VOLUME_FLUSH_REFCOUNT_TREE_NODE_VIEWS	0
LIST_EXNEXT_400_ENTRIES_REPEAT10_TOTAL_VOLUME_FLUSH_REFCOUNT_TREE_RESIDENT_VIEWS	0
LIST_EXNEXT_400_ENTRIES_REPEAT10_TOTAL_VOLUME_FLUSH_OTHER_TREE_NODE_VIEWS	0
LIST_EXNEXT_400_ENTRIES_REPEAT10_TOTAL_VOLUME_FLUSH_OTHER_TREE_RESIDENT_VIEWS	0
LIST_EXNEXT_400_ENTRIES_REPEAT10_TOTAL_VOLUME_FLUSH_WRITE_DETAIL_INODE_READ_CALLS	0
LIST_EXNEXT_400_ENTRIES_REPEAT10_TOTAL_VOLUME_FLUSH_WRITE_DETAIL_INODE_READ_SAMPLES	0
LIST_EXNEXT_400_ENTRIES_REPEAT10_TOTAL_VOLUME_FLUSH_WRITE_DETAIL_INODE_READ_SAMPLE_TICKS	0
LIST_EXNEXT_400_ENTRIES_REPEAT10_TOTAL_VOLUME_FLUSH_WRITE_DETAIL_INODE_WRITE_CALLS	0
LIST_EXNEXT_400_ENTRIES_REPEAT10_TOTAL_VOLUME_FLUSH_WRITE_DETAIL_INODE_WRITE_SAMPLES	0
LIST_EXNEXT_400_ENTRIES_REPEAT10_TOTAL_VOLUME_FLUSH_WRITE_DETAIL_INODE_WRITE_SAMPLE_TICKS	0
LIST_EXNEXT_400_ENTRIES_REPEAT10_TOTAL_VOLUME_FLUSH_WRITE_DETAIL_EXTENT_MAP_CALLS	0
LIST_EXNEXT_400_ENTRIES_REPEAT10_TOTAL_VOLUME_FLUSH_WRITE_DETAIL_EXTENT_MAP_SAMPLES	0
LIST_EXNEXT_400_ENTRIES_REPEAT10_TOTAL_VOLUME_FLUSH_WRITE_DETAIL_EXTENT_MAP_SAMPLE_TICKS	0
LIST_EXNEXT_400_ENTRIES_REPEAT10_TOTAL_VOLUME_FLUSH_WRITE_DETAIL_FREESPACE_GOAL_CALLS	0
LIST_EXNEXT_400_ENTRIES_REPEAT10_TOTAL_VOLUME_FLUSH_WRITE_DETAIL_FREESPACE_GOAL_SAMPLES	0
LIST_EXNEXT_400_ENTRIES_REPEAT10_TOTAL_VOLUME_FLUSH_WRITE_DETAIL_FREESPACE_GOAL_SAMPLE_TICKS	0
LIST_EXNEXT_400_ENTRIES_REPEAT10_TOTAL_VOLUME_FLUSH_BTREE_MALLOC_CALLS	0
LIST_EXNEXT_400_ENTRIES_REPEAT10_TOTAL_VOLUME_FLUSH_BTREE_MALLOC_SAMPLES	0
LIST_EXNEXT_400_ENTRIES_REPEAT10_TOTAL_VOLUME_FLUSH_BTREE_MALLOC_SAMPLE_TICKS	0
LIST_EXNEXT_400_ENTRIES_REPEAT10_TOTAL_VOLUME_FLUSH_BTREE_FREE_CALLS	0
LIST_EXNEXT_400_ENTRIES_REPEAT10_TOTAL_VOLUME_FLUSH_BTREE_FREE_SAMPLES	0
LIST_EXNEXT_400_ENTRIES_REPEAT10_TOTAL_VOLUME_FLUSH_BTREE_FREE_SAMPLE_TICKS	0
LIST_EXNEXT_400_ENTRIES_REPEAT10_TOTAL_VOLUME_FLUSH_IFACE_ALLOC_CALLS	0
LIST_EXNEXT_400_ENTRIES_REPEAT10_TOTAL_VOLUME_FLUSH_IFACE_ALLOC_SAMPLES	0
LIST_EXNEXT_400_ENTRIES_REPEAT10_TOTAL_VOLUME_FLUSH_IFACE_ALLOC_SAMPLE_TICKS	0
LIST_EXNEXT_400_ENTRIES_REPEAT10_TOTAL_VOLUME_FLUSH_FREESPACE_ALLOC_CALLS	0
LIST_EXNEXT_400_ENTRIES_REPEAT10_TOTAL_VOLUME_FLUSH_FREESPACE_ALLOC_SAMPLES	0
LIST_EXNEXT_400_ENTRIES_REPEAT10_TOTAL_VOLUME_FLUSH_FREESPACE_ALLOC_SAMPLE_TICKS	0
LIST_EXNEXT_400_ENTRIES_REPEAT10_TOTAL_VOLUME_FLUSH_DETAIL_INODE_READ_CALLS	0
LIST_EXNEXT_400_ENTRIES_REPEAT10_TOTAL_VOLUME_FLUSH_DETAIL_INODE_READ_SAMPLES	0
LIST_EXNEXT_400_ENTRIES_REPEAT10_TOTAL_VOLUME_FLUSH_DETAIL_INODE_READ_SAMPLE_TICKS	0
LIST_EXNEXT_400_ENTRIES_REPEAT10_TOTAL_VOLUME_FLUSH_DETAIL_INODE_VALIDATE_CALLS	0
LIST_EXNEXT_400_ENTRIES_REPEAT10_TOTAL_VOLUME_FLUSH_DETAIL_INODE_VALIDATE_SAMPLES	0
LIST_EXNEXT_400_ENTRIES_REPEAT10_TOTAL_VOLUME_FLUSH_DETAIL_INODE_VALIDATE_SAMPLE_TICKS	0
LIST_EXNEXT_400_ENTRIES_REPEAT10_TOTAL_VOLUME_FLUSH_DETAIL_INODE_SEARCH_CALLS	0
LIST_EXNEXT_400_ENTRIES_REPEAT10_TOTAL_VOLUME_FLUSH_DETAIL_INODE_SEARCH_SAMPLES	0
LIST_EXNEXT_400_ENTRIES_REPEAT10_TOTAL_VOLUME_FLUSH_DETAIL_INODE_SEARCH_SAMPLE_TICKS	0
LIST_EXNEXT_400_ENTRIES_REPEAT10_TOTAL_VOLUME_FLUSH_DETAIL_INODE_NODE_VIEW_CALLS	0
LIST_EXNEXT_400_ENTRIES_REPEAT10_TOTAL_VOLUME_FLUSH_DETAIL_INODE_NODE_VIEW_SAMPLES	0
LIST_EXNEXT_400_ENTRIES_REPEAT10_TOTAL_VOLUME_FLUSH_DETAIL_INODE_NODE_VIEW_SAMPLE_TICKS	0
LIST_EXNEXT_400_ENTRIES_REPEAT10_TOTAL_VOLUME_FLUSH_DETAIL_DIR_NODE_VIEW_CALLS	0
LIST_EXNEXT_400_ENTRIES_REPEAT10_TOTAL_VOLUME_FLUSH_DETAIL_DIR_NODE_VIEW_SAMPLES	0
LIST_EXNEXT_400_ENTRIES_REPEAT10_TOTAL_VOLUME_FLUSH_DETAIL_DIR_NODE_VIEW_SAMPLE_TICKS	0
LIST_EXNEXT_400_ENTRIES_REPEAT10_TOTAL_VOLUME_FLUSH_DETAIL_INODE_BINARY_SEARCH_CALLS	0
LIST_EXNEXT_400_ENTRIES_REPEAT10_TOTAL_VOLUME_FLUSH_DETAIL_INODE_BINARY_SEARCH_SAMPLES	0
LIST_EXNEXT_400_ENTRIES_REPEAT10_TOTAL_VOLUME_FLUSH_DETAIL_INODE_BINARY_SEARCH_SAMPLE_TICKS	0
LIST_EXNEXT_400_ENTRIES_REPEAT10_TOTAL_VOLUME_FLUSH_DETAIL_DIR_BINARY_SEARCH_CALLS	0
LIST_EXNEXT_400_ENTRIES_REPEAT10_TOTAL_VOLUME_FLUSH_DETAIL_DIR_BINARY_SEARCH_SAMPLES	0
LIST_EXNEXT_400_ENTRIES_REPEAT10_TOTAL_VOLUME_FLUSH_DETAIL_DIR_BINARY_SEARCH_SAMPLE_TICKS	0
LIST_EXNEXT_400_ENTRIES_REPEAT10_TOTAL_VOLUME_FLUSH_DETAIL_NODE_STRUCTURE_CALLS	0
LIST_EXNEXT_400_ENTRIES_REPEAT10_TOTAL_VOLUME_FLUSH_DETAIL_NODE_STRUCTURE_SAMPLES	0
LIST_EXNEXT_400_ENTRIES_REPEAT10_TOTAL_VOLUME_FLUSH_DETAIL_NODE_STRUCTURE_SAMPLE_TICKS	0
LIST_EXNEXT_400_ENTRIES_REPEAT10_TOTAL_VOLUME_FLUSH_DETAIL_CACHE_PEEK_CALLS	0
LIST_EXNEXT_400_ENTRIES_REPEAT10_TOTAL_VOLUME_FLUSH_DETAIL_CACHE_PEEK_SAMPLES	0
LIST_EXNEXT_400_ENTRIES_REPEAT10_TOTAL_VOLUME_FLUSH_DETAIL_CACHE_PEEK_SAMPLE_TICKS	0
LIST_EXNEXT_400_ENTRIES_REPEAT10_TOTAL_VOLUME_FLUSH_DETAIL_BUFFER_ALLOC_CALLS	0
LIST_EXNEXT_400_ENTRIES_REPEAT10_TOTAL_VOLUME_FLUSH_DETAIL_BUFFER_ALLOC_SAMPLES	0
LIST_EXNEXT_400_ENTRIES_REPEAT10_TOTAL_VOLUME_FLUSH_DETAIL_BUFFER_ALLOC_SAMPLE_TICKS	0
LIST_EXNEXT_400_ENTRIES_REPEAT10_TOTAL_VOLUME_FLUSH_DETAIL_BUFFER_FREE_CALLS	0
LIST_EXNEXT_400_ENTRIES_REPEAT10_TOTAL_VOLUME_FLUSH_DETAIL_BUFFER_FREE_SAMPLES	0
LIST_EXNEXT_400_ENTRIES_REPEAT10_TOTAL_VOLUME_FLUSH_DETAIL_BUFFER_FREE_SAMPLE_TICKS	0
LIST_EXNEXT_400_ENTRIES_REPEAT10_TOTAL_VOLUME_FLUSH_DETAIL_EXALL_FILL_CALLS	0
LIST_EXNEXT_400_ENTRIES_REPEAT10_TOTAL_VOLUME_FLUSH_DETAIL_EXALL_FILL_SAMPLES	0
LIST_EXNEXT_400_ENTRIES_REPEAT10_TOTAL_VOLUME_FLUSH_DETAIL_EXALL_FILL_SAMPLE_TICKS	0
LIST_EXNEXT_400_ENTRIES_REPEAT10_TOTAL_VOLUME_FLUSH_FREESPACE_ALLOCS	0
LIST_EXALL_400_ENTRIES_FIRST_PASS_US	40064
LIST_EXALL_400_ENTRIES_FIRST_PASS_WORK_US	40064
LIST_EXALL_400_ENTRIES_FIRST_PASS_VOLUME_FLUSH_US	0
LIST_EXALL_400_ENTRIES_FIRST_PASS_HAS_VOLUME_FLUSH	0
LIST_EXALL_400_ENTRIES_FIRST_PASS_GUEST_OPEN_CALLS	0
LIST_EXALL_400_ENTRIES_FIRST_PASS_GUEST_OPEN_US	0
LIST_EXALL_400_ENTRIES_FIRST_PASS_GUEST_READ_CALLS	0
LIST_EXALL_400_ENTRIES_FIRST_PASS_GUEST_READ_US	0
LIST_EXALL_400_ENTRIES_FIRST_PASS_GUEST_WRITE_CALLS	0
LIST_EXALL_400_ENTRIES_FIRST_PASS_GUEST_WRITE_US	0
LIST_EXALL_400_ENTRIES_FIRST_PASS_GUEST_HANDLE_FLUSH_CALLS	0
LIST_EXALL_400_ENTRIES_FIRST_PASS_GUEST_HANDLE_FLUSH_US	0
LIST_EXALL_400_ENTRIES_FIRST_PASS_GUEST_CLOSE_CALLS	0
LIST_EXALL_400_ENTRIES_FIRST_PASS_GUEST_CLOSE_US	0
LIST_EXALL_400_ENTRIES_FIRST_PASS_GUEST_VERIFY_CALLS	0
LIST_EXALL_400_ENTRIES_FIRST_PASS_GUEST_VERIFY_US	0
LIST_EXALL_400_ENTRIES_FIRST_PASS_WORK_BIO_READS	70
LIST_EXALL_400_ENTRIES_FIRST_PASS_WORK_BIO_WRITES	0
LIST_EXALL_400_ENTRIES_FIRST_PASS_WORK_BIO_UPDATES	0
LIST_EXALL_400_ENTRIES_FIRST_PASS_WORK_DATA_READS	0
LIST_EXALL_400_ENTRIES_FIRST_PASS_WORK_DATA_WRITES	0
LIST_EXALL_400_ENTRIES_FIRST_PASS_WORK_NODE_WRITES	0
LIST_EXALL_400_ENTRIES_FIRST_PASS_WORK_TXN_COMMITS	0
LIST_EXALL_400_ENTRIES_FIRST_PASS_WORK_EXTENT_MAPS	0
LIST_EXALL_400_ENTRIES_FIRST_PASS_WORK_READ_TICKS	3760
LIST_EXALL_400_ENTRIES_FIRST_PASS_WORK_WRITE_TICKS	0
LIST_EXALL_400_ENTRIES_FIRST_PASS_WORK_UPDATE_TICKS	0
LIST_EXALL_400_ENTRIES_FIRST_PASS_WORK_DATA_READ_TICKS	0
LIST_EXALL_400_ENTRIES_FIRST_PASS_WORK_DATA_WRITE_TICKS	0
LIST_EXALL_400_ENTRIES_FIRST_PASS_WORK_NODE_CRC_READ_CALLS	70
LIST_EXALL_400_ENTRIES_FIRST_PASS_WORK_NODE_CRC_READ_SAMPLES	70
LIST_EXALL_400_ENTRIES_FIRST_PASS_WORK_NODE_CRC_READ_SAMPLE_TICKS	6923
LIST_EXALL_400_ENTRIES_FIRST_PASS_WORK_NODE_CRC_WRITE_CALLS	0
LIST_EXALL_400_ENTRIES_FIRST_PASS_WORK_NODE_CRC_WRITE_SAMPLES	0
LIST_EXALL_400_ENTRIES_FIRST_PASS_WORK_NODE_CRC_WRITE_SAMPLE_TICKS	0
LIST_EXALL_400_ENTRIES_FIRST_PASS_WORK_CLOCK_PAIR_TICKS	0
LIST_EXALL_400_ENTRIES_FIRST_PASS_WORK_PACKET_CALLS	7
LIST_EXALL_400_ENTRIES_FIRST_PASS_WORK_PACKET_SAMPLES	7
LIST_EXALL_400_ENTRIES_FIRST_PASS_WORK_PACKET_SAMPLE_TICKS	27913
LIST_EXALL_400_ENTRIES_FIRST_PASS_WORK_PACKET_OPEN_CALLS	0
LIST_EXALL_400_ENTRIES_FIRST_PASS_WORK_PACKET_OPEN_SAMPLES	0
LIST_EXALL_400_ENTRIES_FIRST_PASS_WORK_PACKET_OPEN_SAMPLE_TICKS	0
LIST_EXALL_400_ENTRIES_FIRST_PASS_WORK_PACKET_READ_CALLS	0
LIST_EXALL_400_ENTRIES_FIRST_PASS_WORK_PACKET_READ_SAMPLES	0
LIST_EXALL_400_ENTRIES_FIRST_PASS_WORK_PACKET_READ_SAMPLE_TICKS	0
LIST_EXALL_400_ENTRIES_FIRST_PASS_WORK_PACKET_WRITE_CALLS	0
LIST_EXALL_400_ENTRIES_FIRST_PASS_WORK_PACKET_WRITE_SAMPLES	0
LIST_EXALL_400_ENTRIES_FIRST_PASS_WORK_PACKET_WRITE_SAMPLE_TICKS	0
LIST_EXALL_400_ENTRIES_FIRST_PASS_WORK_PACKET_END_CALLS	0
LIST_EXALL_400_ENTRIES_FIRST_PASS_WORK_PACKET_END_SAMPLES	0
LIST_EXALL_400_ENTRIES_FIRST_PASS_WORK_PACKET_END_SAMPLE_TICKS	0
LIST_EXALL_400_ENTRIES_FIRST_PASS_WORK_PACKET_DELETE_CALLS	0
LIST_EXALL_400_ENTRIES_FIRST_PASS_WORK_PACKET_DELETE_SAMPLES	0
LIST_EXALL_400_ENTRIES_FIRST_PASS_WORK_PACKET_DELETE_SAMPLE_TICKS	0
LIST_EXALL_400_ENTRIES_FIRST_PASS_WORK_PACKET_FLUSH_CALLS	0
LIST_EXALL_400_ENTRIES_FIRST_PASS_WORK_PACKET_FLUSH_SAMPLES	0
LIST_EXALL_400_ENTRIES_FIRST_PASS_WORK_PACKET_FLUSH_SAMPLE_TICKS	0
LIST_EXALL_400_ENTRIES_FIRST_PASS_WORK_PACKET_OTHER_CALLS	7
LIST_EXALL_400_ENTRIES_FIRST_PASS_WORK_PACKET_OTHER_SAMPLES	7
LIST_EXALL_400_ENTRIES_FIRST_PASS_WORK_PACKET_OTHER_SAMPLE_TICKS	27913
LIST_EXALL_400_ENTRIES_FIRST_PASS_WORK_CORE_CREATE_CALLS	0
LIST_EXALL_400_ENTRIES_FIRST_PASS_WORK_CORE_CREATE_SAMPLES	0
LIST_EXALL_400_ENTRIES_FIRST_PASS_WORK_CORE_CREATE_SAMPLE_TICKS	0
LIST_EXALL_400_ENTRIES_FIRST_PASS_WORK_CORE_DELETE_CALLS	0
LIST_EXALL_400_ENTRIES_FIRST_PASS_WORK_CORE_DELETE_SAMPLES	0
LIST_EXALL_400_ENTRIES_FIRST_PASS_WORK_CORE_DELETE_SAMPLE_TICKS	0
LIST_EXALL_400_ENTRIES_FIRST_PASS_WORK_CORE_FILE_WRITE_CALLS	0
LIST_EXALL_400_ENTRIES_FIRST_PASS_WORK_CORE_FILE_WRITE_SAMPLES	0
LIST_EXALL_400_ENTRIES_FIRST_PASS_WORK_CORE_FILE_WRITE_SAMPLE_TICKS	0
LIST_EXALL_400_ENTRIES_FIRST_PASS_WORK_CORE_SYNC_CALLS	0
LIST_EXALL_400_ENTRIES_FIRST_PASS_WORK_CORE_SYNC_SAMPLES	0
LIST_EXALL_400_ENTRIES_FIRST_PASS_WORK_CORE_SYNC_SAMPLE_TICKS	0
LIST_EXALL_400_ENTRIES_FIRST_PASS_WORK_IFACE_FREE_CALLS	0
LIST_EXALL_400_ENTRIES_FIRST_PASS_WORK_IFACE_FREE_SAMPLES	0
LIST_EXALL_400_ENTRIES_FIRST_PASS_WORK_IFACE_FREE_SAMPLE_TICKS	0
LIST_EXALL_400_ENTRIES_FIRST_PASS_WORK_SEAL_COMMIT_CALLS	0
LIST_EXALL_400_ENTRIES_FIRST_PASS_WORK_SEAL_COMMIT_SAMPLES	0
LIST_EXALL_400_ENTRIES_FIRST_PASS_WORK_SEAL_COMMIT_SAMPLE_TICKS	0
LIST_EXALL_400_ENTRIES_FIRST_PASS_WORK_INODE_READ_CALLS	404
LIST_EXALL_400_ENTRIES_FIRST_PASS_WORK_BTREE_SEARCH_CALLS	405
LIST_EXALL_400_ENTRIES_FIRST_PASS_WORK_BTREE_INDEX_HINT_HITS	4
LIST_EXALL_400_ENTRIES_FIRST_PASS_WORK_BTREE_LEAF_HINT_HITS	380
LIST_EXALL_400_ENTRIES_FIRST_PASS_WORK_CACHE_READ_CALLS	70
LIST_EXALL_400_ENTRIES_FIRST_PASS_WORK_CACHE_READ_HITS	0
LIST_EXALL_400_ENTRIES_FIRST_PASS_WORK_CACHE_READ_MISSES	70
LIST_EXALL_400_ENTRIES_FIRST_PASS_WORK_FREE_TREE_NODE_VIEWS	0
LIST_EXALL_400_ENTRIES_FIRST_PASS_WORK_FREE_TREE_RESIDENT_VIEWS	0
LIST_EXALL_400_ENTRIES_FIRST_PASS_WORK_DIR_TREE_NODE_VIEWS	122
LIST_EXALL_400_ENTRIES_FIRST_PASS_WORK_DIR_TREE_RESIDENT_VIEWS	72
LIST_EXALL_400_ENTRIES_FIRST_PASS_WORK_INODE_TREE_NODE_VIEWS	40
LIST_EXALL_400_ENTRIES_FIRST_PASS_WORK_INODE_TREE_RESIDENT_VIEWS	20
LIST_EXALL_400_ENTRIES_FIRST_PASS_WORK_REFCOUNT_TREE_NODE_VIEWS	0
LIST_EXALL_400_ENTRIES_FIRST_PASS_WORK_REFCOUNT_TREE_RESIDENT_VIEWS	0
LIST_EXALL_400_ENTRIES_FIRST_PASS_WORK_OTHER_TREE_NODE_VIEWS	0
LIST_EXALL_400_ENTRIES_FIRST_PASS_WORK_OTHER_TREE_RESIDENT_VIEWS	0
LIST_EXALL_400_ENTRIES_FIRST_PASS_WORK_WRITE_DETAIL_INODE_READ_CALLS	404
LIST_EXALL_400_ENTRIES_FIRST_PASS_WORK_WRITE_DETAIL_INODE_READ_SAMPLES	404
LIST_EXALL_400_ENTRIES_FIRST_PASS_WORK_WRITE_DETAIL_INODE_READ_SAMPLE_TICKS	11995
LIST_EXALL_400_ENTRIES_FIRST_PASS_WORK_WRITE_DETAIL_INODE_WRITE_CALLS	0
LIST_EXALL_400_ENTRIES_FIRST_PASS_WORK_WRITE_DETAIL_INODE_WRITE_SAMPLES	0
LIST_EXALL_400_ENTRIES_FIRST_PASS_WORK_WRITE_DETAIL_INODE_WRITE_SAMPLE_TICKS	0
LIST_EXALL_400_ENTRIES_FIRST_PASS_WORK_WRITE_DETAIL_EXTENT_MAP_CALLS	0
LIST_EXALL_400_ENTRIES_FIRST_PASS_WORK_WRITE_DETAIL_EXTENT_MAP_SAMPLES	0
LIST_EXALL_400_ENTRIES_FIRST_PASS_WORK_WRITE_DETAIL_EXTENT_MAP_SAMPLE_TICKS	0
LIST_EXALL_400_ENTRIES_FIRST_PASS_WORK_WRITE_DETAIL_FREESPACE_GOAL_CALLS	0
LIST_EXALL_400_ENTRIES_FIRST_PASS_WORK_WRITE_DETAIL_FREESPACE_GOAL_SAMPLES	0
LIST_EXALL_400_ENTRIES_FIRST_PASS_WORK_WRITE_DETAIL_FREESPACE_GOAL_SAMPLE_TICKS	0
LIST_EXALL_400_ENTRIES_FIRST_PASS_WORK_BTREE_MALLOC_CALLS	6
LIST_EXALL_400_ENTRIES_FIRST_PASS_WORK_BTREE_MALLOC_SAMPLES	6
LIST_EXALL_400_ENTRIES_FIRST_PASS_WORK_BTREE_MALLOC_SAMPLE_TICKS	127
LIST_EXALL_400_ENTRIES_FIRST_PASS_WORK_BTREE_FREE_CALLS	6
LIST_EXALL_400_ENTRIES_FIRST_PASS_WORK_BTREE_FREE_SAMPLES	6
LIST_EXALL_400_ENTRIES_FIRST_PASS_WORK_BTREE_FREE_SAMPLE_TICKS	35
LIST_EXALL_400_ENTRIES_FIRST_PASS_WORK_IFACE_ALLOC_CALLS	0
LIST_EXALL_400_ENTRIES_FIRST_PASS_WORK_IFACE_ALLOC_SAMPLES	0
LIST_EXALL_400_ENTRIES_FIRST_PASS_WORK_IFACE_ALLOC_SAMPLE_TICKS	0
LIST_EXALL_400_ENTRIES_FIRST_PASS_WORK_FREESPACE_ALLOC_CALLS	0
LIST_EXALL_400_ENTRIES_FIRST_PASS_WORK_FREESPACE_ALLOC_SAMPLES	0
LIST_EXALL_400_ENTRIES_FIRST_PASS_WORK_FREESPACE_ALLOC_SAMPLE_TICKS	0
LIST_EXALL_400_ENTRIES_FIRST_PASS_WORK_DETAIL_INODE_READ_CALLS	404
LIST_EXALL_400_ENTRIES_FIRST_PASS_WORK_DETAIL_INODE_READ_SAMPLES	23
LIST_EXALL_400_ENTRIES_FIRST_PASS_WORK_DETAIL_INODE_READ_SAMPLE_TICKS	691
LIST_EXALL_400_ENTRIES_FIRST_PASS_WORK_DETAIL_INODE_VALIDATE_CALLS	404
LIST_EXALL_400_ENTRIES_FIRST_PASS_WORK_DETAIL_INODE_VALIDATE_SAMPLES	23
LIST_EXALL_400_ENTRIES_FIRST_PASS_WORK_DETAIL_INODE_VALIDATE_SAMPLE_TICKS	114
LIST_EXALL_400_ENTRIES_FIRST_PASS_WORK_DETAIL_INODE_SEARCH_CALLS	404
LIST_EXALL_400_ENTRIES_FIRST_PASS_WORK_DETAIL_INODE_SEARCH_SAMPLES	23
LIST_EXALL_400_ENTRIES_FIRST_PASS_WORK_DETAIL_INODE_SEARCH_SAMPLE_TICKS	228
LIST_EXALL_400_ENTRIES_FIRST_PASS_WORK_DETAIL_INODE_NODE_VIEW_CALLS	40
LIST_EXALL_400_ENTRIES_FIRST_PASS_WORK_DETAIL_INODE_NODE_VIEW_SAMPLES	2
LIST_EXALL_400_ENTRIES_FIRST_PASS_WORK_DETAIL_INODE_NODE_VIEW_SAMPLE_TICKS	265
LIST_EXALL_400_ENTRIES_FIRST_PASS_WORK_DETAIL_DIR_NODE_VIEW_CALLS	122
LIST_EXALL_400_ENTRIES_FIRST_PASS_WORK_DETAIL_DIR_NODE_VIEW_SAMPLES	7
LIST_EXALL_400_ENTRIES_FIRST_PASS_WORK_DETAIL_DIR_NODE_VIEW_SAMPLE_TICKS	409
LIST_EXALL_400_ENTRIES_FIRST_PASS_WORK_DETAIL_INODE_BINARY_SEARCH_CALLS	40
LIST_EXALL_400_ENTRIES_FIRST_PASS_WORK_DETAIL_INODE_BINARY_SEARCH_SAMPLES	2
LIST_EXALL_400_ENTRIES_FIRST_PASS_WORK_DETAIL_INODE_BINARY_SEARCH_SAMPLE_TICKS	0
LIST_EXALL_400_ENTRIES_FIRST_PASS_WORK_DETAIL_DIR_BINARY_SEARCH_CALLS	27
LIST_EXALL_400_ENTRIES_FIRST_PASS_WORK_DETAIL_DIR_BINARY_SEARCH_SAMPLES	1
LIST_EXALL_400_ENTRIES_FIRST_PASS_WORK_DETAIL_DIR_BINARY_SEARCH_SAMPLE_TICKS	0
LIST_EXALL_400_ENTRIES_FIRST_PASS_WORK_DETAIL_NODE_STRUCTURE_CALLS	70
LIST_EXALL_400_ENTRIES_FIRST_PASS_WORK_DETAIL_NODE_STRUCTURE_SAMPLES	4
LIST_EXALL_400_ENTRIES_FIRST_PASS_WORK_DETAIL_NODE_STRUCTURE_SAMPLE_TICKS	45
LIST_EXALL_400_ENTRIES_FIRST_PASS_WORK_DETAIL_CACHE_PEEK_CALLS	575
LIST_EXALL_400_ENTRIES_FIRST_PASS_WORK_DETAIL_CACHE_PEEK_SAMPLES	33
LIST_EXALL_400_ENTRIES_FIRST_PASS_WORK_DETAIL_CACHE_PEEK_SAMPLE_TICKS	26
LIST_EXALL_400_ENTRIES_FIRST_PASS_WORK_DETAIL_BUFFER_ALLOC_CALLS	26
LIST_EXALL_400_ENTRIES_FIRST_PASS_WORK_DETAIL_BUFFER_ALLOC_SAMPLES	1
LIST_EXALL_400_ENTRIES_FIRST_PASS_WORK_DETAIL_BUFFER_ALLOC_SAMPLE_TICKS	0
LIST_EXALL_400_ENTRIES_FIRST_PASS_WORK_DETAIL_BUFFER_FREE_CALLS	26
LIST_EXALL_400_ENTRIES_FIRST_PASS_WORK_DETAIL_BUFFER_FREE_SAMPLES	1
LIST_EXALL_400_ENTRIES_FIRST_PASS_WORK_DETAIL_BUFFER_FREE_SAMPLE_TICKS	0
LIST_EXALL_400_ENTRIES_FIRST_PASS_WORK_DETAIL_EXALL_FILL_CALLS	405
LIST_EXALL_400_ENTRIES_FIRST_PASS_WORK_DETAIL_EXALL_FILL_SAMPLES	23
LIST_EXALL_400_ENTRIES_FIRST_PASS_WORK_DETAIL_EXALL_FILL_SAMPLE_TICKS	1066
LIST_EXALL_400_ENTRIES_FIRST_PASS_WORK_FREESPACE_ALLOCS	0
LIST_EXALL_400_ENTRIES_FIRST_PASS_VOLUME_FLUSH_BIO_READS	0
LIST_EXALL_400_ENTRIES_FIRST_PASS_VOLUME_FLUSH_BIO_WRITES	0
LIST_EXALL_400_ENTRIES_FIRST_PASS_VOLUME_FLUSH_BIO_UPDATES	0
LIST_EXALL_400_ENTRIES_FIRST_PASS_VOLUME_FLUSH_DATA_READS	0
LIST_EXALL_400_ENTRIES_FIRST_PASS_VOLUME_FLUSH_DATA_WRITES	0
LIST_EXALL_400_ENTRIES_FIRST_PASS_VOLUME_FLUSH_NODE_WRITES	0
LIST_EXALL_400_ENTRIES_FIRST_PASS_VOLUME_FLUSH_TXN_COMMITS	0
LIST_EXALL_400_ENTRIES_FIRST_PASS_VOLUME_FLUSH_EXTENT_MAPS	0
LIST_EXALL_400_ENTRIES_FIRST_PASS_VOLUME_FLUSH_READ_TICKS	0
LIST_EXALL_400_ENTRIES_FIRST_PASS_VOLUME_FLUSH_WRITE_TICKS	0
LIST_EXALL_400_ENTRIES_FIRST_PASS_VOLUME_FLUSH_UPDATE_TICKS	0
LIST_EXALL_400_ENTRIES_FIRST_PASS_VOLUME_FLUSH_DATA_READ_TICKS	0
LIST_EXALL_400_ENTRIES_FIRST_PASS_VOLUME_FLUSH_DATA_WRITE_TICKS	0
LIST_EXALL_400_ENTRIES_FIRST_PASS_VOLUME_FLUSH_NODE_CRC_READ_CALLS	0
LIST_EXALL_400_ENTRIES_FIRST_PASS_VOLUME_FLUSH_NODE_CRC_READ_SAMPLES	0
LIST_EXALL_400_ENTRIES_FIRST_PASS_VOLUME_FLUSH_NODE_CRC_READ_SAMPLE_TICKS	0
LIST_EXALL_400_ENTRIES_FIRST_PASS_VOLUME_FLUSH_NODE_CRC_WRITE_CALLS	0
LIST_EXALL_400_ENTRIES_FIRST_PASS_VOLUME_FLUSH_NODE_CRC_WRITE_SAMPLES	0
LIST_EXALL_400_ENTRIES_FIRST_PASS_VOLUME_FLUSH_NODE_CRC_WRITE_SAMPLE_TICKS	0
LIST_EXALL_400_ENTRIES_FIRST_PASS_VOLUME_FLUSH_CLOCK_PAIR_TICKS	0
LIST_EXALL_400_ENTRIES_FIRST_PASS_VOLUME_FLUSH_PACKET_CALLS	0
LIST_EXALL_400_ENTRIES_FIRST_PASS_VOLUME_FLUSH_PACKET_SAMPLES	0
LIST_EXALL_400_ENTRIES_FIRST_PASS_VOLUME_FLUSH_PACKET_SAMPLE_TICKS	0
LIST_EXALL_400_ENTRIES_FIRST_PASS_VOLUME_FLUSH_PACKET_OPEN_CALLS	0
LIST_EXALL_400_ENTRIES_FIRST_PASS_VOLUME_FLUSH_PACKET_OPEN_SAMPLES	0
LIST_EXALL_400_ENTRIES_FIRST_PASS_VOLUME_FLUSH_PACKET_OPEN_SAMPLE_TICKS	0
LIST_EXALL_400_ENTRIES_FIRST_PASS_VOLUME_FLUSH_PACKET_READ_CALLS	0
LIST_EXALL_400_ENTRIES_FIRST_PASS_VOLUME_FLUSH_PACKET_READ_SAMPLES	0
LIST_EXALL_400_ENTRIES_FIRST_PASS_VOLUME_FLUSH_PACKET_READ_SAMPLE_TICKS	0
LIST_EXALL_400_ENTRIES_FIRST_PASS_VOLUME_FLUSH_PACKET_WRITE_CALLS	0
LIST_EXALL_400_ENTRIES_FIRST_PASS_VOLUME_FLUSH_PACKET_WRITE_SAMPLES	0
LIST_EXALL_400_ENTRIES_FIRST_PASS_VOLUME_FLUSH_PACKET_WRITE_SAMPLE_TICKS	0
LIST_EXALL_400_ENTRIES_FIRST_PASS_VOLUME_FLUSH_PACKET_END_CALLS	0
LIST_EXALL_400_ENTRIES_FIRST_PASS_VOLUME_FLUSH_PACKET_END_SAMPLES	0
LIST_EXALL_400_ENTRIES_FIRST_PASS_VOLUME_FLUSH_PACKET_END_SAMPLE_TICKS	0
LIST_EXALL_400_ENTRIES_FIRST_PASS_VOLUME_FLUSH_PACKET_DELETE_CALLS	0
LIST_EXALL_400_ENTRIES_FIRST_PASS_VOLUME_FLUSH_PACKET_DELETE_SAMPLES	0
LIST_EXALL_400_ENTRIES_FIRST_PASS_VOLUME_FLUSH_PACKET_DELETE_SAMPLE_TICKS	0
LIST_EXALL_400_ENTRIES_FIRST_PASS_VOLUME_FLUSH_PACKET_FLUSH_CALLS	0
LIST_EXALL_400_ENTRIES_FIRST_PASS_VOLUME_FLUSH_PACKET_FLUSH_SAMPLES	0
LIST_EXALL_400_ENTRIES_FIRST_PASS_VOLUME_FLUSH_PACKET_FLUSH_SAMPLE_TICKS	0
LIST_EXALL_400_ENTRIES_FIRST_PASS_VOLUME_FLUSH_PACKET_OTHER_CALLS	0
LIST_EXALL_400_ENTRIES_FIRST_PASS_VOLUME_FLUSH_PACKET_OTHER_SAMPLES	0
LIST_EXALL_400_ENTRIES_FIRST_PASS_VOLUME_FLUSH_PACKET_OTHER_SAMPLE_TICKS	0
LIST_EXALL_400_ENTRIES_FIRST_PASS_VOLUME_FLUSH_CORE_CREATE_CALLS	0
LIST_EXALL_400_ENTRIES_FIRST_PASS_VOLUME_FLUSH_CORE_CREATE_SAMPLES	0
LIST_EXALL_400_ENTRIES_FIRST_PASS_VOLUME_FLUSH_CORE_CREATE_SAMPLE_TICKS	0
LIST_EXALL_400_ENTRIES_FIRST_PASS_VOLUME_FLUSH_CORE_DELETE_CALLS	0
LIST_EXALL_400_ENTRIES_FIRST_PASS_VOLUME_FLUSH_CORE_DELETE_SAMPLES	0
LIST_EXALL_400_ENTRIES_FIRST_PASS_VOLUME_FLUSH_CORE_DELETE_SAMPLE_TICKS	0
LIST_EXALL_400_ENTRIES_FIRST_PASS_VOLUME_FLUSH_CORE_FILE_WRITE_CALLS	0
LIST_EXALL_400_ENTRIES_FIRST_PASS_VOLUME_FLUSH_CORE_FILE_WRITE_SAMPLES	0
LIST_EXALL_400_ENTRIES_FIRST_PASS_VOLUME_FLUSH_CORE_FILE_WRITE_SAMPLE_TICKS	0
LIST_EXALL_400_ENTRIES_FIRST_PASS_VOLUME_FLUSH_CORE_SYNC_CALLS	0
LIST_EXALL_400_ENTRIES_FIRST_PASS_VOLUME_FLUSH_CORE_SYNC_SAMPLES	0
LIST_EXALL_400_ENTRIES_FIRST_PASS_VOLUME_FLUSH_CORE_SYNC_SAMPLE_TICKS	0
LIST_EXALL_400_ENTRIES_FIRST_PASS_VOLUME_FLUSH_IFACE_FREE_CALLS	0
LIST_EXALL_400_ENTRIES_FIRST_PASS_VOLUME_FLUSH_IFACE_FREE_SAMPLES	0
LIST_EXALL_400_ENTRIES_FIRST_PASS_VOLUME_FLUSH_IFACE_FREE_SAMPLE_TICKS	0
LIST_EXALL_400_ENTRIES_FIRST_PASS_VOLUME_FLUSH_SEAL_COMMIT_CALLS	0
LIST_EXALL_400_ENTRIES_FIRST_PASS_VOLUME_FLUSH_SEAL_COMMIT_SAMPLES	0
LIST_EXALL_400_ENTRIES_FIRST_PASS_VOLUME_FLUSH_SEAL_COMMIT_SAMPLE_TICKS	0
LIST_EXALL_400_ENTRIES_FIRST_PASS_VOLUME_FLUSH_INODE_READ_CALLS	0
LIST_EXALL_400_ENTRIES_FIRST_PASS_VOLUME_FLUSH_BTREE_SEARCH_CALLS	0
LIST_EXALL_400_ENTRIES_FIRST_PASS_VOLUME_FLUSH_BTREE_INDEX_HINT_HITS	0
LIST_EXALL_400_ENTRIES_FIRST_PASS_VOLUME_FLUSH_BTREE_LEAF_HINT_HITS	0
LIST_EXALL_400_ENTRIES_FIRST_PASS_VOLUME_FLUSH_CACHE_READ_CALLS	0
LIST_EXALL_400_ENTRIES_FIRST_PASS_VOLUME_FLUSH_CACHE_READ_HITS	0
LIST_EXALL_400_ENTRIES_FIRST_PASS_VOLUME_FLUSH_CACHE_READ_MISSES	0
LIST_EXALL_400_ENTRIES_FIRST_PASS_VOLUME_FLUSH_FREE_TREE_NODE_VIEWS	0
LIST_EXALL_400_ENTRIES_FIRST_PASS_VOLUME_FLUSH_FREE_TREE_RESIDENT_VIEWS	0
LIST_EXALL_400_ENTRIES_FIRST_PASS_VOLUME_FLUSH_DIR_TREE_NODE_VIEWS	0
LIST_EXALL_400_ENTRIES_FIRST_PASS_VOLUME_FLUSH_DIR_TREE_RESIDENT_VIEWS	0
LIST_EXALL_400_ENTRIES_FIRST_PASS_VOLUME_FLUSH_INODE_TREE_NODE_VIEWS	0
LIST_EXALL_400_ENTRIES_FIRST_PASS_VOLUME_FLUSH_INODE_TREE_RESIDENT_VIEWS	0
LIST_EXALL_400_ENTRIES_FIRST_PASS_VOLUME_FLUSH_REFCOUNT_TREE_NODE_VIEWS	0
LIST_EXALL_400_ENTRIES_FIRST_PASS_VOLUME_FLUSH_REFCOUNT_TREE_RESIDENT_VIEWS	0
LIST_EXALL_400_ENTRIES_FIRST_PASS_VOLUME_FLUSH_OTHER_TREE_NODE_VIEWS	0
LIST_EXALL_400_ENTRIES_FIRST_PASS_VOLUME_FLUSH_OTHER_TREE_RESIDENT_VIEWS	0
LIST_EXALL_400_ENTRIES_FIRST_PASS_VOLUME_FLUSH_WRITE_DETAIL_INODE_READ_CALLS	0
LIST_EXALL_400_ENTRIES_FIRST_PASS_VOLUME_FLUSH_WRITE_DETAIL_INODE_READ_SAMPLES	0
LIST_EXALL_400_ENTRIES_FIRST_PASS_VOLUME_FLUSH_WRITE_DETAIL_INODE_READ_SAMPLE_TICKS	0
LIST_EXALL_400_ENTRIES_FIRST_PASS_VOLUME_FLUSH_WRITE_DETAIL_INODE_WRITE_CALLS	0
LIST_EXALL_400_ENTRIES_FIRST_PASS_VOLUME_FLUSH_WRITE_DETAIL_INODE_WRITE_SAMPLES	0
LIST_EXALL_400_ENTRIES_FIRST_PASS_VOLUME_FLUSH_WRITE_DETAIL_INODE_WRITE_SAMPLE_TICKS	0
LIST_EXALL_400_ENTRIES_FIRST_PASS_VOLUME_FLUSH_WRITE_DETAIL_EXTENT_MAP_CALLS	0
LIST_EXALL_400_ENTRIES_FIRST_PASS_VOLUME_FLUSH_WRITE_DETAIL_EXTENT_MAP_SAMPLES	0
LIST_EXALL_400_ENTRIES_FIRST_PASS_VOLUME_FLUSH_WRITE_DETAIL_EXTENT_MAP_SAMPLE_TICKS	0
LIST_EXALL_400_ENTRIES_FIRST_PASS_VOLUME_FLUSH_WRITE_DETAIL_FREESPACE_GOAL_CALLS	0
LIST_EXALL_400_ENTRIES_FIRST_PASS_VOLUME_FLUSH_WRITE_DETAIL_FREESPACE_GOAL_SAMPLES	0
LIST_EXALL_400_ENTRIES_FIRST_PASS_VOLUME_FLUSH_WRITE_DETAIL_FREESPACE_GOAL_SAMPLE_TICKS	0
LIST_EXALL_400_ENTRIES_FIRST_PASS_VOLUME_FLUSH_BTREE_MALLOC_CALLS	0
LIST_EXALL_400_ENTRIES_FIRST_PASS_VOLUME_FLUSH_BTREE_MALLOC_SAMPLES	0
LIST_EXALL_400_ENTRIES_FIRST_PASS_VOLUME_FLUSH_BTREE_MALLOC_SAMPLE_TICKS	0
LIST_EXALL_400_ENTRIES_FIRST_PASS_VOLUME_FLUSH_BTREE_FREE_CALLS	0
LIST_EXALL_400_ENTRIES_FIRST_PASS_VOLUME_FLUSH_BTREE_FREE_SAMPLES	0
LIST_EXALL_400_ENTRIES_FIRST_PASS_VOLUME_FLUSH_BTREE_FREE_SAMPLE_TICKS	0
LIST_EXALL_400_ENTRIES_FIRST_PASS_VOLUME_FLUSH_IFACE_ALLOC_CALLS	0
LIST_EXALL_400_ENTRIES_FIRST_PASS_VOLUME_FLUSH_IFACE_ALLOC_SAMPLES	0
LIST_EXALL_400_ENTRIES_FIRST_PASS_VOLUME_FLUSH_IFACE_ALLOC_SAMPLE_TICKS	0
LIST_EXALL_400_ENTRIES_FIRST_PASS_VOLUME_FLUSH_FREESPACE_ALLOC_CALLS	0
LIST_EXALL_400_ENTRIES_FIRST_PASS_VOLUME_FLUSH_FREESPACE_ALLOC_SAMPLES	0
LIST_EXALL_400_ENTRIES_FIRST_PASS_VOLUME_FLUSH_FREESPACE_ALLOC_SAMPLE_TICKS	0
LIST_EXALL_400_ENTRIES_FIRST_PASS_VOLUME_FLUSH_DETAIL_INODE_READ_CALLS	0
LIST_EXALL_400_ENTRIES_FIRST_PASS_VOLUME_FLUSH_DETAIL_INODE_READ_SAMPLES	0
LIST_EXALL_400_ENTRIES_FIRST_PASS_VOLUME_FLUSH_DETAIL_INODE_READ_SAMPLE_TICKS	0
LIST_EXALL_400_ENTRIES_FIRST_PASS_VOLUME_FLUSH_DETAIL_INODE_VALIDATE_CALLS	0
LIST_EXALL_400_ENTRIES_FIRST_PASS_VOLUME_FLUSH_DETAIL_INODE_VALIDATE_SAMPLES	0
LIST_EXALL_400_ENTRIES_FIRST_PASS_VOLUME_FLUSH_DETAIL_INODE_VALIDATE_SAMPLE_TICKS	0
LIST_EXALL_400_ENTRIES_FIRST_PASS_VOLUME_FLUSH_DETAIL_INODE_SEARCH_CALLS	0
LIST_EXALL_400_ENTRIES_FIRST_PASS_VOLUME_FLUSH_DETAIL_INODE_SEARCH_SAMPLES	0
LIST_EXALL_400_ENTRIES_FIRST_PASS_VOLUME_FLUSH_DETAIL_INODE_SEARCH_SAMPLE_TICKS	0
LIST_EXALL_400_ENTRIES_FIRST_PASS_VOLUME_FLUSH_DETAIL_INODE_NODE_VIEW_CALLS	0
LIST_EXALL_400_ENTRIES_FIRST_PASS_VOLUME_FLUSH_DETAIL_INODE_NODE_VIEW_SAMPLES	0
LIST_EXALL_400_ENTRIES_FIRST_PASS_VOLUME_FLUSH_DETAIL_INODE_NODE_VIEW_SAMPLE_TICKS	0
LIST_EXALL_400_ENTRIES_FIRST_PASS_VOLUME_FLUSH_DETAIL_DIR_NODE_VIEW_CALLS	0
LIST_EXALL_400_ENTRIES_FIRST_PASS_VOLUME_FLUSH_DETAIL_DIR_NODE_VIEW_SAMPLES	0
LIST_EXALL_400_ENTRIES_FIRST_PASS_VOLUME_FLUSH_DETAIL_DIR_NODE_VIEW_SAMPLE_TICKS	0
LIST_EXALL_400_ENTRIES_FIRST_PASS_VOLUME_FLUSH_DETAIL_INODE_BINARY_SEARCH_CALLS	0
LIST_EXALL_400_ENTRIES_FIRST_PASS_VOLUME_FLUSH_DETAIL_INODE_BINARY_SEARCH_SAMPLES	0
LIST_EXALL_400_ENTRIES_FIRST_PASS_VOLUME_FLUSH_DETAIL_INODE_BINARY_SEARCH_SAMPLE_TICKS	0
LIST_EXALL_400_ENTRIES_FIRST_PASS_VOLUME_FLUSH_DETAIL_DIR_BINARY_SEARCH_CALLS	0
LIST_EXALL_400_ENTRIES_FIRST_PASS_VOLUME_FLUSH_DETAIL_DIR_BINARY_SEARCH_SAMPLES	0
LIST_EXALL_400_ENTRIES_FIRST_PASS_VOLUME_FLUSH_DETAIL_DIR_BINARY_SEARCH_SAMPLE_TICKS	0
LIST_EXALL_400_ENTRIES_FIRST_PASS_VOLUME_FLUSH_DETAIL_NODE_STRUCTURE_CALLS	0
LIST_EXALL_400_ENTRIES_FIRST_PASS_VOLUME_FLUSH_DETAIL_NODE_STRUCTURE_SAMPLES	0
LIST_EXALL_400_ENTRIES_FIRST_PASS_VOLUME_FLUSH_DETAIL_NODE_STRUCTURE_SAMPLE_TICKS	0
LIST_EXALL_400_ENTRIES_FIRST_PASS_VOLUME_FLUSH_DETAIL_CACHE_PEEK_CALLS	0
LIST_EXALL_400_ENTRIES_FIRST_PASS_VOLUME_FLUSH_DETAIL_CACHE_PEEK_SAMPLES	0
LIST_EXALL_400_ENTRIES_FIRST_PASS_VOLUME_FLUSH_DETAIL_CACHE_PEEK_SAMPLE_TICKS	0
LIST_EXALL_400_ENTRIES_FIRST_PASS_VOLUME_FLUSH_DETAIL_BUFFER_ALLOC_CALLS	0
LIST_EXALL_400_ENTRIES_FIRST_PASS_VOLUME_FLUSH_DETAIL_BUFFER_ALLOC_SAMPLES	0
LIST_EXALL_400_ENTRIES_FIRST_PASS_VOLUME_FLUSH_DETAIL_BUFFER_ALLOC_SAMPLE_TICKS	0
LIST_EXALL_400_ENTRIES_FIRST_PASS_VOLUME_FLUSH_DETAIL_BUFFER_FREE_CALLS	0
LIST_EXALL_400_ENTRIES_FIRST_PASS_VOLUME_FLUSH_DETAIL_BUFFER_FREE_SAMPLES	0
LIST_EXALL_400_ENTRIES_FIRST_PASS_VOLUME_FLUSH_DETAIL_BUFFER_FREE_SAMPLE_TICKS	0
LIST_EXALL_400_ENTRIES_FIRST_PASS_VOLUME_FLUSH_DETAIL_EXALL_FILL_CALLS	0
LIST_EXALL_400_ENTRIES_FIRST_PASS_VOLUME_FLUSH_DETAIL_EXALL_FILL_SAMPLES	0
LIST_EXALL_400_ENTRIES_FIRST_PASS_VOLUME_FLUSH_DETAIL_EXALL_FILL_SAMPLE_TICKS	0
LIST_EXALL_400_ENTRIES_FIRST_PASS_VOLUME_FLUSH_FREESPACE_ALLOCS	0
LIST_EXALL_400_ENTRIES_REPEAT10_TOTAL_US	423229
LIST_EXALL_400_ENTRIES_REPEAT10_TOTAL_WORK_US	423229
LIST_EXALL_400_ENTRIES_REPEAT10_TOTAL_VOLUME_FLUSH_US	0
LIST_EXALL_400_ENTRIES_REPEAT10_TOTAL_HAS_VOLUME_FLUSH	0
LIST_EXALL_400_ENTRIES_REPEAT10_TOTAL_GUEST_OPEN_CALLS	0
LIST_EXALL_400_ENTRIES_REPEAT10_TOTAL_GUEST_OPEN_US	0
LIST_EXALL_400_ENTRIES_REPEAT10_TOTAL_GUEST_READ_CALLS	0
LIST_EXALL_400_ENTRIES_REPEAT10_TOTAL_GUEST_READ_US	0
LIST_EXALL_400_ENTRIES_REPEAT10_TOTAL_GUEST_WRITE_CALLS	0
LIST_EXALL_400_ENTRIES_REPEAT10_TOTAL_GUEST_WRITE_US	0
LIST_EXALL_400_ENTRIES_REPEAT10_TOTAL_GUEST_HANDLE_FLUSH_CALLS	0
LIST_EXALL_400_ENTRIES_REPEAT10_TOTAL_GUEST_HANDLE_FLUSH_US	0
LIST_EXALL_400_ENTRIES_REPEAT10_TOTAL_GUEST_CLOSE_CALLS	0
LIST_EXALL_400_ENTRIES_REPEAT10_TOTAL_GUEST_CLOSE_US	0
LIST_EXALL_400_ENTRIES_REPEAT10_TOTAL_GUEST_VERIFY_CALLS	0
LIST_EXALL_400_ENTRIES_REPEAT10_TOTAL_GUEST_VERIFY_US	0
LIST_EXALL_400_ENTRIES_REPEAT10_TOTAL_WORK_BIO_READS	692
LIST_EXALL_400_ENTRIES_REPEAT10_TOTAL_WORK_BIO_WRITES	0
LIST_EXALL_400_ENTRIES_REPEAT10_TOTAL_WORK_BIO_UPDATES	0
LIST_EXALL_400_ENTRIES_REPEAT10_TOTAL_WORK_DATA_READS	0
LIST_EXALL_400_ENTRIES_REPEAT10_TOTAL_WORK_DATA_WRITES	0
LIST_EXALL_400_ENTRIES_REPEAT10_TOTAL_WORK_NODE_WRITES	0
LIST_EXALL_400_ENTRIES_REPEAT10_TOTAL_WORK_TXN_COMMITS	0
LIST_EXALL_400_ENTRIES_REPEAT10_TOTAL_WORK_EXTENT_MAPS	0
LIST_EXALL_400_ENTRIES_REPEAT10_TOTAL_WORK_READ_TICKS	46929
LIST_EXALL_400_ENTRIES_REPEAT10_TOTAL_WORK_WRITE_TICKS	0
LIST_EXALL_400_ENTRIES_REPEAT10_TOTAL_WORK_UPDATE_TICKS	0
LIST_EXALL_400_ENTRIES_REPEAT10_TOTAL_WORK_DATA_READ_TICKS	0
LIST_EXALL_400_ENTRIES_REPEAT10_TOTAL_WORK_DATA_WRITE_TICKS	0
LIST_EXALL_400_ENTRIES_REPEAT10_TOTAL_WORK_NODE_CRC_READ_CALLS	692
LIST_EXALL_400_ENTRIES_REPEAT10_TOTAL_WORK_NODE_CRC_READ_SAMPLES	692
LIST_EXALL_400_ENTRIES_REPEAT10_TOTAL_WORK_NODE_CRC_READ_SAMPLE_TICKS	69451
LIST_EXALL_400_ENTRIES_REPEAT10_TOTAL_WORK_NODE_CRC_WRITE_CALLS	0
LIST_EXALL_400_ENTRIES_REPEAT10_TOTAL_WORK_NODE_CRC_WRITE_SAMPLES	0
LIST_EXALL_400_ENTRIES_REPEAT10_TOTAL_WORK_NODE_CRC_WRITE_SAMPLE_TICKS	0
LIST_EXALL_400_ENTRIES_REPEAT10_TOTAL_WORK_CLOCK_PAIR_TICKS	1
LIST_EXALL_400_ENTRIES_REPEAT10_TOTAL_WORK_PACKET_CALLS	52
LIST_EXALL_400_ENTRIES_REPEAT10_TOTAL_WORK_PACKET_SAMPLES	52
LIST_EXALL_400_ENTRIES_REPEAT10_TOTAL_WORK_PACKET_SAMPLE_TICKS	296192
LIST_EXALL_400_ENTRIES_REPEAT10_TOTAL_WORK_PACKET_OPEN_CALLS	0
LIST_EXALL_400_ENTRIES_REPEAT10_TOTAL_WORK_PACKET_OPEN_SAMPLES	0
LIST_EXALL_400_ENTRIES_REPEAT10_TOTAL_WORK_PACKET_OPEN_SAMPLE_TICKS	0
LIST_EXALL_400_ENTRIES_REPEAT10_TOTAL_WORK_PACKET_READ_CALLS	0
LIST_EXALL_400_ENTRIES_REPEAT10_TOTAL_WORK_PACKET_READ_SAMPLES	0
LIST_EXALL_400_ENTRIES_REPEAT10_TOTAL_WORK_PACKET_READ_SAMPLE_TICKS	0
LIST_EXALL_400_ENTRIES_REPEAT10_TOTAL_WORK_PACKET_WRITE_CALLS	0
LIST_EXALL_400_ENTRIES_REPEAT10_TOTAL_WORK_PACKET_WRITE_SAMPLES	0
LIST_EXALL_400_ENTRIES_REPEAT10_TOTAL_WORK_PACKET_WRITE_SAMPLE_TICKS	0
LIST_EXALL_400_ENTRIES_REPEAT10_TOTAL_WORK_PACKET_END_CALLS	0
LIST_EXALL_400_ENTRIES_REPEAT10_TOTAL_WORK_PACKET_END_SAMPLES	0
LIST_EXALL_400_ENTRIES_REPEAT10_TOTAL_WORK_PACKET_END_SAMPLE_TICKS	0
LIST_EXALL_400_ENTRIES_REPEAT10_TOTAL_WORK_PACKET_DELETE_CALLS	0
LIST_EXALL_400_ENTRIES_REPEAT10_TOTAL_WORK_PACKET_DELETE_SAMPLES	0
LIST_EXALL_400_ENTRIES_REPEAT10_TOTAL_WORK_PACKET_DELETE_SAMPLE_TICKS	0
LIST_EXALL_400_ENTRIES_REPEAT10_TOTAL_WORK_PACKET_FLUSH_CALLS	0
LIST_EXALL_400_ENTRIES_REPEAT10_TOTAL_WORK_PACKET_FLUSH_SAMPLES	0
LIST_EXALL_400_ENTRIES_REPEAT10_TOTAL_WORK_PACKET_FLUSH_SAMPLE_TICKS	0
LIST_EXALL_400_ENTRIES_REPEAT10_TOTAL_WORK_PACKET_OTHER_CALLS	52
LIST_EXALL_400_ENTRIES_REPEAT10_TOTAL_WORK_PACKET_OTHER_SAMPLES	52
LIST_EXALL_400_ENTRIES_REPEAT10_TOTAL_WORK_PACKET_OTHER_SAMPLE_TICKS	296192
LIST_EXALL_400_ENTRIES_REPEAT10_TOTAL_WORK_CORE_CREATE_CALLS	0
LIST_EXALL_400_ENTRIES_REPEAT10_TOTAL_WORK_CORE_CREATE_SAMPLES	0
LIST_EXALL_400_ENTRIES_REPEAT10_TOTAL_WORK_CORE_CREATE_SAMPLE_TICKS	0
LIST_EXALL_400_ENTRIES_REPEAT10_TOTAL_WORK_CORE_DELETE_CALLS	0
LIST_EXALL_400_ENTRIES_REPEAT10_TOTAL_WORK_CORE_DELETE_SAMPLES	0
LIST_EXALL_400_ENTRIES_REPEAT10_TOTAL_WORK_CORE_DELETE_SAMPLE_TICKS	0
LIST_EXALL_400_ENTRIES_REPEAT10_TOTAL_WORK_CORE_FILE_WRITE_CALLS	0
LIST_EXALL_400_ENTRIES_REPEAT10_TOTAL_WORK_CORE_FILE_WRITE_SAMPLES	0
LIST_EXALL_400_ENTRIES_REPEAT10_TOTAL_WORK_CORE_FILE_WRITE_SAMPLE_TICKS	0
LIST_EXALL_400_ENTRIES_REPEAT10_TOTAL_WORK_CORE_SYNC_CALLS	0
LIST_EXALL_400_ENTRIES_REPEAT10_TOTAL_WORK_CORE_SYNC_SAMPLES	0
LIST_EXALL_400_ENTRIES_REPEAT10_TOTAL_WORK_CORE_SYNC_SAMPLE_TICKS	0
LIST_EXALL_400_ENTRIES_REPEAT10_TOTAL_WORK_IFACE_FREE_CALLS	0
LIST_EXALL_400_ENTRIES_REPEAT10_TOTAL_WORK_IFACE_FREE_SAMPLES	0
LIST_EXALL_400_ENTRIES_REPEAT10_TOTAL_WORK_IFACE_FREE_SAMPLE_TICKS	0
LIST_EXALL_400_ENTRIES_REPEAT10_TOTAL_WORK_SEAL_COMMIT_CALLS	0
LIST_EXALL_400_ENTRIES_REPEAT10_TOTAL_WORK_SEAL_COMMIT_SAMPLES	0
LIST_EXALL_400_ENTRIES_REPEAT10_TOTAL_WORK_SEAL_COMMIT_SAMPLE_TICKS	0
LIST_EXALL_400_ENTRIES_REPEAT10_TOTAL_WORK_INODE_READ_CALLS	4040
LIST_EXALL_400_ENTRIES_REPEAT10_TOTAL_WORK_BTREE_SEARCH_CALLS	4041
LIST_EXALL_400_ENTRIES_REPEAT10_TOTAL_WORK_BTREE_INDEX_HINT_HITS	40
LIST_EXALL_400_ENTRIES_REPEAT10_TOTAL_WORK_BTREE_LEAF_HINT_HITS	3810
LIST_EXALL_400_ENTRIES_REPEAT10_TOTAL_WORK_CACHE_READ_CALLS	692
LIST_EXALL_400_ENTRIES_REPEAT10_TOTAL_WORK_CACHE_READ_HITS	0
LIST_EXALL_400_ENTRIES_REPEAT10_TOTAL_WORK_CACHE_READ_MISSES	692
LIST_EXALL_400_ENTRIES_REPEAT10_TOTAL_WORK_FREE_TREE_NODE_VIEWS	0
LIST_EXALL_400_ENTRIES_REPEAT10_TOTAL_WORK_FREE_TREE_RESIDENT_VIEWS	0
LIST_EXALL_400_ENTRIES_REPEAT10_TOTAL_WORK_DIR_TREE_NODE_VIEWS	1184
LIST_EXALL_400_ENTRIES_REPEAT10_TOTAL_WORK_DIR_TREE_RESIDENT_VIEWS	682
LIST_EXALL_400_ENTRIES_REPEAT10_TOTAL_WORK_INODE_TREE_NODE_VIEWS	380
LIST_EXALL_400_ENTRIES_REPEAT10_TOTAL_WORK_INODE_TREE_RESIDENT_VIEWS	190
LIST_EXALL_400_ENTRIES_REPEAT10_TOTAL_WORK_REFCOUNT_TREE_NODE_VIEWS	0
LIST_EXALL_400_ENTRIES_REPEAT10_TOTAL_WORK_REFCOUNT_TREE_RESIDENT_VIEWS	0
LIST_EXALL_400_ENTRIES_REPEAT10_TOTAL_WORK_OTHER_TREE_NODE_VIEWS	0
LIST_EXALL_400_ENTRIES_REPEAT10_TOTAL_WORK_OTHER_TREE_RESIDENT_VIEWS	0
LIST_EXALL_400_ENTRIES_REPEAT10_TOTAL_WORK_WRITE_DETAIL_INODE_READ_CALLS	4040
LIST_EXALL_400_ENTRIES_REPEAT10_TOTAL_WORK_WRITE_DETAIL_INODE_READ_SAMPLES	4040
LIST_EXALL_400_ENTRIES_REPEAT10_TOTAL_WORK_WRITE_DETAIL_INODE_READ_SAMPLE_TICKS	126646
LIST_EXALL_400_ENTRIES_REPEAT10_TOTAL_WORK_WRITE_DETAIL_INODE_WRITE_CALLS	0
LIST_EXALL_400_ENTRIES_REPEAT10_TOTAL_WORK_WRITE_DETAIL_INODE_WRITE_SAMPLES	0
LIST_EXALL_400_ENTRIES_REPEAT10_TOTAL_WORK_WRITE_DETAIL_INODE_WRITE_SAMPLE_TICKS	0
LIST_EXALL_400_ENTRIES_REPEAT10_TOTAL_WORK_WRITE_DETAIL_EXTENT_MAP_CALLS	0
LIST_EXALL_400_ENTRIES_REPEAT10_TOTAL_WORK_WRITE_DETAIL_EXTENT_MAP_SAMPLES	0
LIST_EXALL_400_ENTRIES_REPEAT10_TOTAL_WORK_WRITE_DETAIL_EXTENT_MAP_SAMPLE_TICKS	0
LIST_EXALL_400_ENTRIES_REPEAT10_TOTAL_WORK_WRITE_DETAIL_FREESPACE_GOAL_CALLS	0
LIST_EXALL_400_ENTRIES_REPEAT10_TOTAL_WORK_WRITE_DETAIL_FREESPACE_GOAL_SAMPLES	0
LIST_EXALL_400_ENTRIES_REPEAT10_TOTAL_WORK_WRITE_DETAIL_FREESPACE_GOAL_SAMPLE_TICKS	0
LIST_EXALL_400_ENTRIES_REPEAT10_TOTAL_WORK_BTREE_MALLOC_CALLS	51
LIST_EXALL_400_ENTRIES_REPEAT10_TOTAL_WORK_BTREE_MALLOC_SAMPLES	51
LIST_EXALL_400_ENTRIES_REPEAT10_TOTAL_WORK_BTREE_MALLOC_SAMPLE_TICKS	535
LIST_EXALL_400_ENTRIES_REPEAT10_TOTAL_WORK_BTREE_FREE_CALLS	51
LIST_EXALL_400_ENTRIES_REPEAT10_TOTAL_WORK_BTREE_FREE_SAMPLES	51
LIST_EXALL_400_ENTRIES_REPEAT10_TOTAL_WORK_BTREE_FREE_SAMPLE_TICKS	181
LIST_EXALL_400_ENTRIES_REPEAT10_TOTAL_WORK_IFACE_ALLOC_CALLS	0
LIST_EXALL_400_ENTRIES_REPEAT10_TOTAL_WORK_IFACE_ALLOC_SAMPLES	0
LIST_EXALL_400_ENTRIES_REPEAT10_TOTAL_WORK_IFACE_ALLOC_SAMPLE_TICKS	0
LIST_EXALL_400_ENTRIES_REPEAT10_TOTAL_WORK_FREESPACE_ALLOC_CALLS	0
LIST_EXALL_400_ENTRIES_REPEAT10_TOTAL_WORK_FREESPACE_ALLOC_SAMPLES	0
LIST_EXALL_400_ENTRIES_REPEAT10_TOTAL_WORK_FREESPACE_ALLOC_SAMPLE_TICKS	0
LIST_EXALL_400_ENTRIES_REPEAT10_TOTAL_WORK_DETAIL_INODE_READ_CALLS	4040
LIST_EXALL_400_ENTRIES_REPEAT10_TOTAL_WORK_DETAIL_INODE_READ_SAMPLES	237
LIST_EXALL_400_ENTRIES_REPEAT10_TOTAL_WORK_DETAIL_INODE_READ_SAMPLE_TICKS	8917
LIST_EXALL_400_ENTRIES_REPEAT10_TOTAL_WORK_DETAIL_INODE_VALIDATE_CALLS	4040
LIST_EXALL_400_ENTRIES_REPEAT10_TOTAL_WORK_DETAIL_INODE_VALIDATE_SAMPLES	237
LIST_EXALL_400_ENTRIES_REPEAT10_TOTAL_WORK_DETAIL_INODE_VALIDATE_SAMPLE_TICKS	365
LIST_EXALL_400_ENTRIES_REPEAT10_TOTAL_WORK_DETAIL_INODE_SEARCH_CALLS	4040
LIST_EXALL_400_ENTRIES_REPEAT10_TOTAL_WORK_DETAIL_INODE_SEARCH_SAMPLES	237
LIST_EXALL_400_ENTRIES_REPEAT10_TOTAL_WORK_DETAIL_INODE_SEARCH_SAMPLE_TICKS	6651
LIST_EXALL_400_ENTRIES_REPEAT10_TOTAL_WORK_DETAIL_INODE_NODE_VIEW_CALLS	380
LIST_EXALL_400_ENTRIES_REPEAT10_TOTAL_WORK_DETAIL_INODE_NODE_VIEW_SAMPLES	22
LIST_EXALL_400_ENTRIES_REPEAT10_TOTAL_WORK_DETAIL_INODE_NODE_VIEW_SAMPLE_TICKS	2771
LIST_EXALL_400_ENTRIES_REPEAT10_TOTAL_WORK_DETAIL_DIR_NODE_VIEW_CALLS	1184
LIST_EXALL_400_ENTRIES_REPEAT10_TOTAL_WORK_DETAIL_DIR_NODE_VIEW_SAMPLES	69
LIST_EXALL_400_ENTRIES_REPEAT10_TOTAL_WORK_DETAIL_DIR_NODE_VIEW_SAMPLE_TICKS	6833
LIST_EXALL_400_ENTRIES_REPEAT10_TOTAL_WORK_DETAIL_INODE_BINARY_SEARCH_CALLS	380
LIST_EXALL_400_ENTRIES_REPEAT10_TOTAL_WORK_DETAIL_INODE_BINARY_SEARCH_SAMPLES	22
LIST_EXALL_400_ENTRIES_REPEAT10_TOTAL_WORK_DETAIL_INODE_BINARY_SEARCH_SAMPLE_TICKS	57
LIST_EXALL_400_ENTRIES_REPEAT10_TOTAL_WORK_DETAIL_DIR_BINARY_SEARCH_CALLS	234
LIST_EXALL_400_ENTRIES_REPEAT10_TOTAL_WORK_DETAIL_DIR_BINARY_SEARCH_SAMPLES	13
LIST_EXALL_400_ENTRIES_REPEAT10_TOTAL_WORK_DETAIL_DIR_BINARY_SEARCH_SAMPLE_TICKS	64
LIST_EXALL_400_ENTRIES_REPEAT10_TOTAL_WORK_DETAIL_NODE_STRUCTURE_CALLS	692
LIST_EXALL_400_ENTRIES_REPEAT10_TOTAL_WORK_DETAIL_NODE_STRUCTURE_SAMPLES	40
LIST_EXALL_400_ENTRIES_REPEAT10_TOTAL_WORK_DETAIL_NODE_STRUCTURE_SAMPLE_TICKS	815
LIST_EXALL_400_ENTRIES_REPEAT10_TOTAL_WORK_DETAIL_CACHE_PEEK_CALLS	5795
LIST_EXALL_400_ENTRIES_REPEAT10_TOTAL_WORK_DETAIL_CACHE_PEEK_SAMPLES	340
LIST_EXALL_400_ENTRIES_REPEAT10_TOTAL_WORK_DETAIL_CACHE_PEEK_SAMPLE_TICKS	908
LIST_EXALL_400_ENTRIES_REPEAT10_TOTAL_WORK_DETAIL_BUFFER_ALLOC_CALLS	241
LIST_EXALL_400_ENTRIES_REPEAT10_TOTAL_WORK_DETAIL_BUFFER_ALLOC_SAMPLES	14
LIST_EXALL_400_ENTRIES_REPEAT10_TOTAL_WORK_DETAIL_BUFFER_ALLOC_SAMPLE_TICKS	74
LIST_EXALL_400_ENTRIES_REPEAT10_TOTAL_WORK_DETAIL_BUFFER_FREE_CALLS	241
LIST_EXALL_400_ENTRIES_REPEAT10_TOTAL_WORK_DETAIL_BUFFER_FREE_SAMPLES	14
LIST_EXALL_400_ENTRIES_REPEAT10_TOTAL_WORK_DETAIL_BUFFER_FREE_SAMPLE_TICKS	0
LIST_EXALL_400_ENTRIES_REPEAT10_TOTAL_WORK_DETAIL_EXALL_FILL_CALLS	4050
LIST_EXALL_400_ENTRIES_REPEAT10_TOTAL_WORK_DETAIL_EXALL_FILL_SAMPLES	238
LIST_EXALL_400_ENTRIES_REPEAT10_TOTAL_WORK_DETAIL_EXALL_FILL_SAMPLE_TICKS	9384
LIST_EXALL_400_ENTRIES_REPEAT10_TOTAL_WORK_FREESPACE_ALLOCS	0
LIST_EXALL_400_ENTRIES_REPEAT10_TOTAL_VOLUME_FLUSH_BIO_READS	0
LIST_EXALL_400_ENTRIES_REPEAT10_TOTAL_VOLUME_FLUSH_BIO_WRITES	0
LIST_EXALL_400_ENTRIES_REPEAT10_TOTAL_VOLUME_FLUSH_BIO_UPDATES	0
LIST_EXALL_400_ENTRIES_REPEAT10_TOTAL_VOLUME_FLUSH_DATA_READS	0
LIST_EXALL_400_ENTRIES_REPEAT10_TOTAL_VOLUME_FLUSH_DATA_WRITES	0
LIST_EXALL_400_ENTRIES_REPEAT10_TOTAL_VOLUME_FLUSH_NODE_WRITES	0
LIST_EXALL_400_ENTRIES_REPEAT10_TOTAL_VOLUME_FLUSH_TXN_COMMITS	0
LIST_EXALL_400_ENTRIES_REPEAT10_TOTAL_VOLUME_FLUSH_EXTENT_MAPS	0
LIST_EXALL_400_ENTRIES_REPEAT10_TOTAL_VOLUME_FLUSH_READ_TICKS	0
LIST_EXALL_400_ENTRIES_REPEAT10_TOTAL_VOLUME_FLUSH_WRITE_TICKS	0
LIST_EXALL_400_ENTRIES_REPEAT10_TOTAL_VOLUME_FLUSH_UPDATE_TICKS	0
LIST_EXALL_400_ENTRIES_REPEAT10_TOTAL_VOLUME_FLUSH_DATA_READ_TICKS	0
LIST_EXALL_400_ENTRIES_REPEAT10_TOTAL_VOLUME_FLUSH_DATA_WRITE_TICKS	0
LIST_EXALL_400_ENTRIES_REPEAT10_TOTAL_VOLUME_FLUSH_NODE_CRC_READ_CALLS	0
LIST_EXALL_400_ENTRIES_REPEAT10_TOTAL_VOLUME_FLUSH_NODE_CRC_READ_SAMPLES	0
LIST_EXALL_400_ENTRIES_REPEAT10_TOTAL_VOLUME_FLUSH_NODE_CRC_READ_SAMPLE_TICKS	0
LIST_EXALL_400_ENTRIES_REPEAT10_TOTAL_VOLUME_FLUSH_NODE_CRC_WRITE_CALLS	0
LIST_EXALL_400_ENTRIES_REPEAT10_TOTAL_VOLUME_FLUSH_NODE_CRC_WRITE_SAMPLES	0
LIST_EXALL_400_ENTRIES_REPEAT10_TOTAL_VOLUME_FLUSH_NODE_CRC_WRITE_SAMPLE_TICKS	0
LIST_EXALL_400_ENTRIES_REPEAT10_TOTAL_VOLUME_FLUSH_CLOCK_PAIR_TICKS	0
LIST_EXALL_400_ENTRIES_REPEAT10_TOTAL_VOLUME_FLUSH_PACKET_CALLS	0
LIST_EXALL_400_ENTRIES_REPEAT10_TOTAL_VOLUME_FLUSH_PACKET_SAMPLES	0
LIST_EXALL_400_ENTRIES_REPEAT10_TOTAL_VOLUME_FLUSH_PACKET_SAMPLE_TICKS	0
LIST_EXALL_400_ENTRIES_REPEAT10_TOTAL_VOLUME_FLUSH_PACKET_OPEN_CALLS	0
LIST_EXALL_400_ENTRIES_REPEAT10_TOTAL_VOLUME_FLUSH_PACKET_OPEN_SAMPLES	0
LIST_EXALL_400_ENTRIES_REPEAT10_TOTAL_VOLUME_FLUSH_PACKET_OPEN_SAMPLE_TICKS	0
LIST_EXALL_400_ENTRIES_REPEAT10_TOTAL_VOLUME_FLUSH_PACKET_READ_CALLS	0
LIST_EXALL_400_ENTRIES_REPEAT10_TOTAL_VOLUME_FLUSH_PACKET_READ_SAMPLES	0
LIST_EXALL_400_ENTRIES_REPEAT10_TOTAL_VOLUME_FLUSH_PACKET_READ_SAMPLE_TICKS	0
LIST_EXALL_400_ENTRIES_REPEAT10_TOTAL_VOLUME_FLUSH_PACKET_WRITE_CALLS	0
LIST_EXALL_400_ENTRIES_REPEAT10_TOTAL_VOLUME_FLUSH_PACKET_WRITE_SAMPLES	0
LIST_EXALL_400_ENTRIES_REPEAT10_TOTAL_VOLUME_FLUSH_PACKET_WRITE_SAMPLE_TICKS	0
LIST_EXALL_400_ENTRIES_REPEAT10_TOTAL_VOLUME_FLUSH_PACKET_END_CALLS	0
LIST_EXALL_400_ENTRIES_REPEAT10_TOTAL_VOLUME_FLUSH_PACKET_END_SAMPLES	0
LIST_EXALL_400_ENTRIES_REPEAT10_TOTAL_VOLUME_FLUSH_PACKET_END_SAMPLE_TICKS	0
LIST_EXALL_400_ENTRIES_REPEAT10_TOTAL_VOLUME_FLUSH_PACKET_DELETE_CALLS	0
LIST_EXALL_400_ENTRIES_REPEAT10_TOTAL_VOLUME_FLUSH_PACKET_DELETE_SAMPLES	0
LIST_EXALL_400_ENTRIES_REPEAT10_TOTAL_VOLUME_FLUSH_PACKET_DELETE_SAMPLE_TICKS	0
LIST_EXALL_400_ENTRIES_REPEAT10_TOTAL_VOLUME_FLUSH_PACKET_FLUSH_CALLS	0
LIST_EXALL_400_ENTRIES_REPEAT10_TOTAL_VOLUME_FLUSH_PACKET_FLUSH_SAMPLES	0
LIST_EXALL_400_ENTRIES_REPEAT10_TOTAL_VOLUME_FLUSH_PACKET_FLUSH_SAMPLE_TICKS	0
LIST_EXALL_400_ENTRIES_REPEAT10_TOTAL_VOLUME_FLUSH_PACKET_OTHER_CALLS	0
LIST_EXALL_400_ENTRIES_REPEAT10_TOTAL_VOLUME_FLUSH_PACKET_OTHER_SAMPLES	0
LIST_EXALL_400_ENTRIES_REPEAT10_TOTAL_VOLUME_FLUSH_PACKET_OTHER_SAMPLE_TICKS	0
LIST_EXALL_400_ENTRIES_REPEAT10_TOTAL_VOLUME_FLUSH_CORE_CREATE_CALLS	0
LIST_EXALL_400_ENTRIES_REPEAT10_TOTAL_VOLUME_FLUSH_CORE_CREATE_SAMPLES	0
LIST_EXALL_400_ENTRIES_REPEAT10_TOTAL_VOLUME_FLUSH_CORE_CREATE_SAMPLE_TICKS	0
LIST_EXALL_400_ENTRIES_REPEAT10_TOTAL_VOLUME_FLUSH_CORE_DELETE_CALLS	0
LIST_EXALL_400_ENTRIES_REPEAT10_TOTAL_VOLUME_FLUSH_CORE_DELETE_SAMPLES	0
LIST_EXALL_400_ENTRIES_REPEAT10_TOTAL_VOLUME_FLUSH_CORE_DELETE_SAMPLE_TICKS	0
LIST_EXALL_400_ENTRIES_REPEAT10_TOTAL_VOLUME_FLUSH_CORE_FILE_WRITE_CALLS	0
LIST_EXALL_400_ENTRIES_REPEAT10_TOTAL_VOLUME_FLUSH_CORE_FILE_WRITE_SAMPLES	0
LIST_EXALL_400_ENTRIES_REPEAT10_TOTAL_VOLUME_FLUSH_CORE_FILE_WRITE_SAMPLE_TICKS	0
LIST_EXALL_400_ENTRIES_REPEAT10_TOTAL_VOLUME_FLUSH_CORE_SYNC_CALLS	0
LIST_EXALL_400_ENTRIES_REPEAT10_TOTAL_VOLUME_FLUSH_CORE_SYNC_SAMPLES	0
LIST_EXALL_400_ENTRIES_REPEAT10_TOTAL_VOLUME_FLUSH_CORE_SYNC_SAMPLE_TICKS	0
LIST_EXALL_400_ENTRIES_REPEAT10_TOTAL_VOLUME_FLUSH_IFACE_FREE_CALLS	0
LIST_EXALL_400_ENTRIES_REPEAT10_TOTAL_VOLUME_FLUSH_IFACE_FREE_SAMPLES	0
LIST_EXALL_400_ENTRIES_REPEAT10_TOTAL_VOLUME_FLUSH_IFACE_FREE_SAMPLE_TICKS	0
LIST_EXALL_400_ENTRIES_REPEAT10_TOTAL_VOLUME_FLUSH_SEAL_COMMIT_CALLS	0
LIST_EXALL_400_ENTRIES_REPEAT10_TOTAL_VOLUME_FLUSH_SEAL_COMMIT_SAMPLES	0
LIST_EXALL_400_ENTRIES_REPEAT10_TOTAL_VOLUME_FLUSH_SEAL_COMMIT_SAMPLE_TICKS	0
LIST_EXALL_400_ENTRIES_REPEAT10_TOTAL_VOLUME_FLUSH_INODE_READ_CALLS	0
LIST_EXALL_400_ENTRIES_REPEAT10_TOTAL_VOLUME_FLUSH_BTREE_SEARCH_CALLS	0
LIST_EXALL_400_ENTRIES_REPEAT10_TOTAL_VOLUME_FLUSH_BTREE_INDEX_HINT_HITS	0
LIST_EXALL_400_ENTRIES_REPEAT10_TOTAL_VOLUME_FLUSH_BTREE_LEAF_HINT_HITS	0
LIST_EXALL_400_ENTRIES_REPEAT10_TOTAL_VOLUME_FLUSH_CACHE_READ_CALLS	0
LIST_EXALL_400_ENTRIES_REPEAT10_TOTAL_VOLUME_FLUSH_CACHE_READ_HITS	0
LIST_EXALL_400_ENTRIES_REPEAT10_TOTAL_VOLUME_FLUSH_CACHE_READ_MISSES	0
LIST_EXALL_400_ENTRIES_REPEAT10_TOTAL_VOLUME_FLUSH_FREE_TREE_NODE_VIEWS	0
LIST_EXALL_400_ENTRIES_REPEAT10_TOTAL_VOLUME_FLUSH_FREE_TREE_RESIDENT_VIEWS	0
LIST_EXALL_400_ENTRIES_REPEAT10_TOTAL_VOLUME_FLUSH_DIR_TREE_NODE_VIEWS	0
LIST_EXALL_400_ENTRIES_REPEAT10_TOTAL_VOLUME_FLUSH_DIR_TREE_RESIDENT_VIEWS	0
LIST_EXALL_400_ENTRIES_REPEAT10_TOTAL_VOLUME_FLUSH_INODE_TREE_NODE_VIEWS	0
LIST_EXALL_400_ENTRIES_REPEAT10_TOTAL_VOLUME_FLUSH_INODE_TREE_RESIDENT_VIEWS	0
LIST_EXALL_400_ENTRIES_REPEAT10_TOTAL_VOLUME_FLUSH_REFCOUNT_TREE_NODE_VIEWS	0
LIST_EXALL_400_ENTRIES_REPEAT10_TOTAL_VOLUME_FLUSH_REFCOUNT_TREE_RESIDENT_VIEWS	0
LIST_EXALL_400_ENTRIES_REPEAT10_TOTAL_VOLUME_FLUSH_OTHER_TREE_NODE_VIEWS	0
LIST_EXALL_400_ENTRIES_REPEAT10_TOTAL_VOLUME_FLUSH_OTHER_TREE_RESIDENT_VIEWS	0
LIST_EXALL_400_ENTRIES_REPEAT10_TOTAL_VOLUME_FLUSH_WRITE_DETAIL_INODE_READ_CALLS	0
LIST_EXALL_400_ENTRIES_REPEAT10_TOTAL_VOLUME_FLUSH_WRITE_DETAIL_INODE_READ_SAMPLES	0
LIST_EXALL_400_ENTRIES_REPEAT10_TOTAL_VOLUME_FLUSH_WRITE_DETAIL_INODE_READ_SAMPLE_TICKS	0
LIST_EXALL_400_ENTRIES_REPEAT10_TOTAL_VOLUME_FLUSH_WRITE_DETAIL_INODE_WRITE_CALLS	0
LIST_EXALL_400_ENTRIES_REPEAT10_TOTAL_VOLUME_FLUSH_WRITE_DETAIL_INODE_WRITE_SAMPLES	0
LIST_EXALL_400_ENTRIES_REPEAT10_TOTAL_VOLUME_FLUSH_WRITE_DETAIL_INODE_WRITE_SAMPLE_TICKS	0
LIST_EXALL_400_ENTRIES_REPEAT10_TOTAL_VOLUME_FLUSH_WRITE_DETAIL_EXTENT_MAP_CALLS	0
LIST_EXALL_400_ENTRIES_REPEAT10_TOTAL_VOLUME_FLUSH_WRITE_DETAIL_EXTENT_MAP_SAMPLES	0
LIST_EXALL_400_ENTRIES_REPEAT10_TOTAL_VOLUME_FLUSH_WRITE_DETAIL_EXTENT_MAP_SAMPLE_TICKS	0
LIST_EXALL_400_ENTRIES_REPEAT10_TOTAL_VOLUME_FLUSH_WRITE_DETAIL_FREESPACE_GOAL_CALLS	0
LIST_EXALL_400_ENTRIES_REPEAT10_TOTAL_VOLUME_FLUSH_WRITE_DETAIL_FREESPACE_GOAL_SAMPLES	0
LIST_EXALL_400_ENTRIES_REPEAT10_TOTAL_VOLUME_FLUSH_WRITE_DETAIL_FREESPACE_GOAL_SAMPLE_TICKS	0
LIST_EXALL_400_ENTRIES_REPEAT10_TOTAL_VOLUME_FLUSH_BTREE_MALLOC_CALLS	0
LIST_EXALL_400_ENTRIES_REPEAT10_TOTAL_VOLUME_FLUSH_BTREE_MALLOC_SAMPLES	0
LIST_EXALL_400_ENTRIES_REPEAT10_TOTAL_VOLUME_FLUSH_BTREE_MALLOC_SAMPLE_TICKS	0
LIST_EXALL_400_ENTRIES_REPEAT10_TOTAL_VOLUME_FLUSH_BTREE_FREE_CALLS	0
LIST_EXALL_400_ENTRIES_REPEAT10_TOTAL_VOLUME_FLUSH_BTREE_FREE_SAMPLES	0
LIST_EXALL_400_ENTRIES_REPEAT10_TOTAL_VOLUME_FLUSH_BTREE_FREE_SAMPLE_TICKS	0
LIST_EXALL_400_ENTRIES_REPEAT10_TOTAL_VOLUME_FLUSH_IFACE_ALLOC_CALLS	0
LIST_EXALL_400_ENTRIES_REPEAT10_TOTAL_VOLUME_FLUSH_IFACE_ALLOC_SAMPLES	0
LIST_EXALL_400_ENTRIES_REPEAT10_TOTAL_VOLUME_FLUSH_IFACE_ALLOC_SAMPLE_TICKS	0
LIST_EXALL_400_ENTRIES_REPEAT10_TOTAL_VOLUME_FLUSH_FREESPACE_ALLOC_CALLS	0
LIST_EXALL_400_ENTRIES_REPEAT10_TOTAL_VOLUME_FLUSH_FREESPACE_ALLOC_SAMPLES	0
LIST_EXALL_400_ENTRIES_REPEAT10_TOTAL_VOLUME_FLUSH_FREESPACE_ALLOC_SAMPLE_TICKS	0
LIST_EXALL_400_ENTRIES_REPEAT10_TOTAL_VOLUME_FLUSH_DETAIL_INODE_READ_CALLS	0
LIST_EXALL_400_ENTRIES_REPEAT10_TOTAL_VOLUME_FLUSH_DETAIL_INODE_READ_SAMPLES	0
LIST_EXALL_400_ENTRIES_REPEAT10_TOTAL_VOLUME_FLUSH_DETAIL_INODE_READ_SAMPLE_TICKS	0
LIST_EXALL_400_ENTRIES_REPEAT10_TOTAL_VOLUME_FLUSH_DETAIL_INODE_VALIDATE_CALLS	0
LIST_EXALL_400_ENTRIES_REPEAT10_TOTAL_VOLUME_FLUSH_DETAIL_INODE_VALIDATE_SAMPLES	0
LIST_EXALL_400_ENTRIES_REPEAT10_TOTAL_VOLUME_FLUSH_DETAIL_INODE_VALIDATE_SAMPLE_TICKS	0
LIST_EXALL_400_ENTRIES_REPEAT10_TOTAL_VOLUME_FLUSH_DETAIL_INODE_SEARCH_CALLS	0
LIST_EXALL_400_ENTRIES_REPEAT10_TOTAL_VOLUME_FLUSH_DETAIL_INODE_SEARCH_SAMPLES	0
LIST_EXALL_400_ENTRIES_REPEAT10_TOTAL_VOLUME_FLUSH_DETAIL_INODE_SEARCH_SAMPLE_TICKS	0
LIST_EXALL_400_ENTRIES_REPEAT10_TOTAL_VOLUME_FLUSH_DETAIL_INODE_NODE_VIEW_CALLS	0
LIST_EXALL_400_ENTRIES_REPEAT10_TOTAL_VOLUME_FLUSH_DETAIL_INODE_NODE_VIEW_SAMPLES	0
LIST_EXALL_400_ENTRIES_REPEAT10_TOTAL_VOLUME_FLUSH_DETAIL_INODE_NODE_VIEW_SAMPLE_TICKS	0
LIST_EXALL_400_ENTRIES_REPEAT10_TOTAL_VOLUME_FLUSH_DETAIL_DIR_NODE_VIEW_CALLS	0
LIST_EXALL_400_ENTRIES_REPEAT10_TOTAL_VOLUME_FLUSH_DETAIL_DIR_NODE_VIEW_SAMPLES	0
LIST_EXALL_400_ENTRIES_REPEAT10_TOTAL_VOLUME_FLUSH_DETAIL_DIR_NODE_VIEW_SAMPLE_TICKS	0
LIST_EXALL_400_ENTRIES_REPEAT10_TOTAL_VOLUME_FLUSH_DETAIL_INODE_BINARY_SEARCH_CALLS	0
LIST_EXALL_400_ENTRIES_REPEAT10_TOTAL_VOLUME_FLUSH_DETAIL_INODE_BINARY_SEARCH_SAMPLES	0
LIST_EXALL_400_ENTRIES_REPEAT10_TOTAL_VOLUME_FLUSH_DETAIL_INODE_BINARY_SEARCH_SAMPLE_TICKS	0
LIST_EXALL_400_ENTRIES_REPEAT10_TOTAL_VOLUME_FLUSH_DETAIL_DIR_BINARY_SEARCH_CALLS	0
LIST_EXALL_400_ENTRIES_REPEAT10_TOTAL_VOLUME_FLUSH_DETAIL_DIR_BINARY_SEARCH_SAMPLES	0
LIST_EXALL_400_ENTRIES_REPEAT10_TOTAL_VOLUME_FLUSH_DETAIL_DIR_BINARY_SEARCH_SAMPLE_TICKS	0
LIST_EXALL_400_ENTRIES_REPEAT10_TOTAL_VOLUME_FLUSH_DETAIL_NODE_STRUCTURE_CALLS	0
LIST_EXALL_400_ENTRIES_REPEAT10_TOTAL_VOLUME_FLUSH_DETAIL_NODE_STRUCTURE_SAMPLES	0
LIST_EXALL_400_ENTRIES_REPEAT10_TOTAL_VOLUME_FLUSH_DETAIL_NODE_STRUCTURE_SAMPLE_TICKS	0
LIST_EXALL_400_ENTRIES_REPEAT10_TOTAL_VOLUME_FLUSH_DETAIL_CACHE_PEEK_CALLS	0
LIST_EXALL_400_ENTRIES_REPEAT10_TOTAL_VOLUME_FLUSH_DETAIL_CACHE_PEEK_SAMPLES	0
LIST_EXALL_400_ENTRIES_REPEAT10_TOTAL_VOLUME_FLUSH_DETAIL_CACHE_PEEK_SAMPLE_TICKS	0
LIST_EXALL_400_ENTRIES_REPEAT10_TOTAL_VOLUME_FLUSH_DETAIL_BUFFER_ALLOC_CALLS	0
LIST_EXALL_400_ENTRIES_REPEAT10_TOTAL_VOLUME_FLUSH_DETAIL_BUFFER_ALLOC_SAMPLES	0
LIST_EXALL_400_ENTRIES_REPEAT10_TOTAL_VOLUME_FLUSH_DETAIL_BUFFER_ALLOC_SAMPLE_TICKS	0
LIST_EXALL_400_ENTRIES_REPEAT10_TOTAL_VOLUME_FLUSH_DETAIL_BUFFER_FREE_CALLS	0
LIST_EXALL_400_ENTRIES_REPEAT10_TOTAL_VOLUME_FLUSH_DETAIL_BUFFER_FREE_SAMPLES	0
LIST_EXALL_400_ENTRIES_REPEAT10_TOTAL_VOLUME_FLUSH_DETAIL_BUFFER_FREE_SAMPLE_TICKS	0
LIST_EXALL_400_ENTRIES_REPEAT10_TOTAL_VOLUME_FLUSH_DETAIL_EXALL_FILL_CALLS	0
LIST_EXALL_400_ENTRIES_REPEAT10_TOTAL_VOLUME_FLUSH_DETAIL_EXALL_FILL_SAMPLES	0
LIST_EXALL_400_ENTRIES_REPEAT10_TOTAL_VOLUME_FLUSH_DETAIL_EXALL_FILL_SAMPLE_TICKS	0
LIST_EXALL_400_ENTRIES_REPEAT10_TOTAL_VOLUME_FLUSH_FREESPACE_ALLOCS	0
LIST_EXNEXT_1000_ENTRIES_FIRST_PASS_US	196222
LIST_EXNEXT_1000_ENTRIES_FIRST_PASS_WORK_US	196222
LIST_EXNEXT_1000_ENTRIES_FIRST_PASS_VOLUME_FLUSH_US	0
LIST_EXNEXT_1000_ENTRIES_FIRST_PASS_HAS_VOLUME_FLUSH	0
LIST_EXNEXT_1000_ENTRIES_FIRST_PASS_GUEST_OPEN_CALLS	0
LIST_EXNEXT_1000_ENTRIES_FIRST_PASS_GUEST_OPEN_US	0
LIST_EXNEXT_1000_ENTRIES_FIRST_PASS_GUEST_READ_CALLS	0
LIST_EXNEXT_1000_ENTRIES_FIRST_PASS_GUEST_READ_US	0
LIST_EXNEXT_1000_ENTRIES_FIRST_PASS_GUEST_WRITE_CALLS	0
LIST_EXNEXT_1000_ENTRIES_FIRST_PASS_GUEST_WRITE_US	0
LIST_EXNEXT_1000_ENTRIES_FIRST_PASS_GUEST_HANDLE_FLUSH_CALLS	0
LIST_EXNEXT_1000_ENTRIES_FIRST_PASS_GUEST_HANDLE_FLUSH_US	0
LIST_EXNEXT_1000_ENTRIES_FIRST_PASS_GUEST_CLOSE_CALLS	0
LIST_EXNEXT_1000_ENTRIES_FIRST_PASS_GUEST_CLOSE_US	0
LIST_EXNEXT_1000_ENTRIES_FIRST_PASS_GUEST_VERIFY_CALLS	0
LIST_EXNEXT_1000_ENTRIES_FIRST_PASS_GUEST_VERIFY_US	0
LIST_EXNEXT_1000_ENTRIES_FIRST_PASS_WORK_BIO_READS	182
LIST_EXNEXT_1000_ENTRIES_FIRST_PASS_WORK_BIO_WRITES	0
LIST_EXNEXT_1000_ENTRIES_FIRST_PASS_WORK_BIO_UPDATES	0
LIST_EXNEXT_1000_ENTRIES_FIRST_PASS_WORK_DATA_READS	0
LIST_EXNEXT_1000_ENTRIES_FIRST_PASS_WORK_DATA_WRITES	0
LIST_EXNEXT_1000_ENTRIES_FIRST_PASS_WORK_NODE_WRITES	0
LIST_EXNEXT_1000_ENTRIES_FIRST_PASS_WORK_TXN_COMMITS	0
LIST_EXNEXT_1000_ENTRIES_FIRST_PASS_WORK_EXTENT_MAPS	0
LIST_EXNEXT_1000_ENTRIES_FIRST_PASS_WORK_READ_TICKS	15855
LIST_EXNEXT_1000_ENTRIES_FIRST_PASS_WORK_WRITE_TICKS	0
LIST_EXNEXT_1000_ENTRIES_FIRST_PASS_WORK_UPDATE_TICKS	0
LIST_EXNEXT_1000_ENTRIES_FIRST_PASS_WORK_DATA_READ_TICKS	0
LIST_EXNEXT_1000_ENTRIES_FIRST_PASS_WORK_DATA_WRITE_TICKS	0
LIST_EXNEXT_1000_ENTRIES_FIRST_PASS_WORK_NODE_CRC_READ_CALLS	182
LIST_EXNEXT_1000_ENTRIES_FIRST_PASS_WORK_NODE_CRC_READ_SAMPLES	182
LIST_EXNEXT_1000_ENTRIES_FIRST_PASS_WORK_NODE_CRC_READ_SAMPLE_TICKS	20432
LIST_EXNEXT_1000_ENTRIES_FIRST_PASS_WORK_NODE_CRC_WRITE_CALLS	0
LIST_EXNEXT_1000_ENTRIES_FIRST_PASS_WORK_NODE_CRC_WRITE_SAMPLES	0
LIST_EXNEXT_1000_ENTRIES_FIRST_PASS_WORK_NODE_CRC_WRITE_SAMPLE_TICKS	0
LIST_EXNEXT_1000_ENTRIES_FIRST_PASS_WORK_CLOCK_PAIR_TICKS	3
LIST_EXNEXT_1000_ENTRIES_FIRST_PASS_WORK_PACKET_CALLS	1004
LIST_EXNEXT_1000_ENTRIES_FIRST_PASS_WORK_PACKET_SAMPLES	1004
LIST_EXNEXT_1000_ENTRIES_FIRST_PASS_WORK_PACKET_SAMPLE_TICKS	117797
LIST_EXNEXT_1000_ENTRIES_FIRST_PASS_WORK_PACKET_OPEN_CALLS	0
LIST_EXNEXT_1000_ENTRIES_FIRST_PASS_WORK_PACKET_OPEN_SAMPLES	0
LIST_EXNEXT_1000_ENTRIES_FIRST_PASS_WORK_PACKET_OPEN_SAMPLE_TICKS	0
LIST_EXNEXT_1000_ENTRIES_FIRST_PASS_WORK_PACKET_READ_CALLS	0
LIST_EXNEXT_1000_ENTRIES_FIRST_PASS_WORK_PACKET_READ_SAMPLES	0
LIST_EXNEXT_1000_ENTRIES_FIRST_PASS_WORK_PACKET_READ_SAMPLE_TICKS	0
LIST_EXNEXT_1000_ENTRIES_FIRST_PASS_WORK_PACKET_WRITE_CALLS	0
LIST_EXNEXT_1000_ENTRIES_FIRST_PASS_WORK_PACKET_WRITE_SAMPLES	0
LIST_EXNEXT_1000_ENTRIES_FIRST_PASS_WORK_PACKET_WRITE_SAMPLE_TICKS	0
LIST_EXNEXT_1000_ENTRIES_FIRST_PASS_WORK_PACKET_END_CALLS	0
LIST_EXNEXT_1000_ENTRIES_FIRST_PASS_WORK_PACKET_END_SAMPLES	0
LIST_EXNEXT_1000_ENTRIES_FIRST_PASS_WORK_PACKET_END_SAMPLE_TICKS	0
LIST_EXNEXT_1000_ENTRIES_FIRST_PASS_WORK_PACKET_DELETE_CALLS	0
LIST_EXNEXT_1000_ENTRIES_FIRST_PASS_WORK_PACKET_DELETE_SAMPLES	0
LIST_EXNEXT_1000_ENTRIES_FIRST_PASS_WORK_PACKET_DELETE_SAMPLE_TICKS	0
LIST_EXNEXT_1000_ENTRIES_FIRST_PASS_WORK_PACKET_FLUSH_CALLS	0
LIST_EXNEXT_1000_ENTRIES_FIRST_PASS_WORK_PACKET_FLUSH_SAMPLES	0
LIST_EXNEXT_1000_ENTRIES_FIRST_PASS_WORK_PACKET_FLUSH_SAMPLE_TICKS	0
LIST_EXNEXT_1000_ENTRIES_FIRST_PASS_WORK_PACKET_OTHER_CALLS	1004
LIST_EXNEXT_1000_ENTRIES_FIRST_PASS_WORK_PACKET_OTHER_SAMPLES	1004
LIST_EXNEXT_1000_ENTRIES_FIRST_PASS_WORK_PACKET_OTHER_SAMPLE_TICKS	117797
LIST_EXNEXT_1000_ENTRIES_FIRST_PASS_WORK_CORE_CREATE_CALLS	0
LIST_EXNEXT_1000_ENTRIES_FIRST_PASS_WORK_CORE_CREATE_SAMPLES	0
LIST_EXNEXT_1000_ENTRIES_FIRST_PASS_WORK_CORE_CREATE_SAMPLE_TICKS	0
LIST_EXNEXT_1000_ENTRIES_FIRST_PASS_WORK_CORE_DELETE_CALLS	0
LIST_EXNEXT_1000_ENTRIES_FIRST_PASS_WORK_CORE_DELETE_SAMPLES	0
LIST_EXNEXT_1000_ENTRIES_FIRST_PASS_WORK_CORE_DELETE_SAMPLE_TICKS	0
LIST_EXNEXT_1000_ENTRIES_FIRST_PASS_WORK_CORE_FILE_WRITE_CALLS	0
LIST_EXNEXT_1000_ENTRIES_FIRST_PASS_WORK_CORE_FILE_WRITE_SAMPLES	0
LIST_EXNEXT_1000_ENTRIES_FIRST_PASS_WORK_CORE_FILE_WRITE_SAMPLE_TICKS	0
LIST_EXNEXT_1000_ENTRIES_FIRST_PASS_WORK_CORE_SYNC_CALLS	0
LIST_EXNEXT_1000_ENTRIES_FIRST_PASS_WORK_CORE_SYNC_SAMPLES	0
LIST_EXNEXT_1000_ENTRIES_FIRST_PASS_WORK_CORE_SYNC_SAMPLE_TICKS	0
LIST_EXNEXT_1000_ENTRIES_FIRST_PASS_WORK_IFACE_FREE_CALLS	0
LIST_EXNEXT_1000_ENTRIES_FIRST_PASS_WORK_IFACE_FREE_SAMPLES	0
LIST_EXNEXT_1000_ENTRIES_FIRST_PASS_WORK_IFACE_FREE_SAMPLE_TICKS	0
LIST_EXNEXT_1000_ENTRIES_FIRST_PASS_WORK_SEAL_COMMIT_CALLS	0
LIST_EXNEXT_1000_ENTRIES_FIRST_PASS_WORK_SEAL_COMMIT_SAMPLES	0
LIST_EXNEXT_1000_ENTRIES_FIRST_PASS_WORK_SEAL_COMMIT_SAMPLE_TICKS	0
LIST_EXNEXT_1000_ENTRIES_FIRST_PASS_WORK_INODE_READ_CALLS	1001
LIST_EXNEXT_1000_ENTRIES_FIRST_PASS_WORK_BTREE_SEARCH_CALLS	1002
LIST_EXNEXT_1000_ENTRIES_FIRST_PASS_WORK_BTREE_INDEX_HINT_HITS	0
LIST_EXNEXT_1000_ENTRIES_FIRST_PASS_WORK_BTREE_LEAF_HINT_HITS	939
LIST_EXNEXT_1000_ENTRIES_FIRST_PASS_WORK_CACHE_READ_CALLS	182
LIST_EXNEXT_1000_ENTRIES_FIRST_PASS_WORK_CACHE_READ_HITS	0
LIST_EXNEXT_1000_ENTRIES_FIRST_PASS_WORK_CACHE_READ_MISSES	182
LIST_EXNEXT_1000_ENTRIES_FIRST_PASS_WORK_FREE_TREE_NODE_VIEWS	0
LIST_EXNEXT_1000_ENTRIES_FIRST_PASS_WORK_FREE_TREE_RESIDENT_VIEWS	0
LIST_EXNEXT_1000_ENTRIES_FIRST_PASS_WORK_DIR_TREE_NODE_VIEWS	672
LIST_EXNEXT_1000_ENTRIES_FIRST_PASS_WORK_DIR_TREE_RESIDENT_VIEWS	552
LIST_EXNEXT_1000_ENTRIES_FIRST_PASS_WORK_INODE_TREE_NODE_VIEWS	124
LIST_EXNEXT_1000_ENTRIES_FIRST_PASS_WORK_INODE_TREE_RESIDENT_VIEWS	62
LIST_EXNEXT_1000_ENTRIES_FIRST_PASS_WORK_REFCOUNT_TREE_NODE_VIEWS	0
LIST_EXNEXT_1000_ENTRIES_FIRST_PASS_WORK_REFCOUNT_TREE_RESIDENT_VIEWS	0
LIST_EXNEXT_1000_ENTRIES_FIRST_PASS_WORK_OTHER_TREE_NODE_VIEWS	0
LIST_EXNEXT_1000_ENTRIES_FIRST_PASS_WORK_OTHER_TREE_RESIDENT_VIEWS	0
LIST_EXNEXT_1000_ENTRIES_FIRST_PASS_WORK_WRITE_DETAIL_INODE_READ_CALLS	1001
LIST_EXNEXT_1000_ENTRIES_FIRST_PASS_WORK_WRITE_DETAIL_INODE_READ_SAMPLES	1001
LIST_EXNEXT_1000_ENTRIES_FIRST_PASS_WORK_WRITE_DETAIL_INODE_READ_SAMPLE_TICKS	38835
LIST_EXNEXT_1000_ENTRIES_FIRST_PASS_WORK_WRITE_DETAIL_INODE_WRITE_CALLS	0
LIST_EXNEXT_1000_ENTRIES_FIRST_PASS_WORK_WRITE_DETAIL_INODE_WRITE_SAMPLES	0
LIST_EXNEXT_1000_ENTRIES_FIRST_PASS_WORK_WRITE_DETAIL_INODE_WRITE_SAMPLE_TICKS	0
LIST_EXNEXT_1000_ENTRIES_FIRST_PASS_WORK_WRITE_DETAIL_EXTENT_MAP_CALLS	0
LIST_EXNEXT_1000_ENTRIES_FIRST_PASS_WORK_WRITE_DETAIL_EXTENT_MAP_SAMPLES	0
LIST_EXNEXT_1000_ENTRIES_FIRST_PASS_WORK_WRITE_DETAIL_EXTENT_MAP_SAMPLE_TICKS	0
LIST_EXNEXT_1000_ENTRIES_FIRST_PASS_WORK_WRITE_DETAIL_FREESPACE_GOAL_CALLS	0
LIST_EXNEXT_1000_ENTRIES_FIRST_PASS_WORK_WRITE_DETAIL_FREESPACE_GOAL_SAMPLES	0
LIST_EXNEXT_1000_ENTRIES_FIRST_PASS_WORK_WRITE_DETAIL_FREESPACE_GOAL_SAMPLE_TICKS	0
LIST_EXNEXT_1000_ENTRIES_FIRST_PASS_WORK_BTREE_MALLOC_CALLS	108
LIST_EXNEXT_1000_ENTRIES_FIRST_PASS_WORK_BTREE_MALLOC_SAMPLES	108
LIST_EXNEXT_1000_ENTRIES_FIRST_PASS_WORK_BTREE_MALLOC_SAMPLE_TICKS	507
LIST_EXNEXT_1000_ENTRIES_FIRST_PASS_WORK_BTREE_FREE_CALLS	1003
LIST_EXNEXT_1000_ENTRIES_FIRST_PASS_WORK_BTREE_FREE_SAMPLES	1003
LIST_EXNEXT_1000_ENTRIES_FIRST_PASS_WORK_BTREE_FREE_SAMPLE_TICKS	2107
LIST_EXNEXT_1000_ENTRIES_FIRST_PASS_WORK_IFACE_ALLOC_CALLS	0
LIST_EXNEXT_1000_ENTRIES_FIRST_PASS_WORK_IFACE_ALLOC_SAMPLES	0
LIST_EXNEXT_1000_ENTRIES_FIRST_PASS_WORK_IFACE_ALLOC_SAMPLE_TICKS	0
LIST_EXNEXT_1000_ENTRIES_FIRST_PASS_WORK_FREESPACE_ALLOC_CALLS	0
LIST_EXNEXT_1000_ENTRIES_FIRST_PASS_WORK_FREESPACE_ALLOC_SAMPLES	0
LIST_EXNEXT_1000_ENTRIES_FIRST_PASS_WORK_FREESPACE_ALLOC_SAMPLE_TICKS	0
LIST_EXNEXT_1000_ENTRIES_FIRST_PASS_WORK_DETAIL_INODE_READ_CALLS	1001
LIST_EXNEXT_1000_ENTRIES_FIRST_PASS_WORK_DETAIL_INODE_READ_SAMPLES	58
LIST_EXNEXT_1000_ENTRIES_FIRST_PASS_WORK_DETAIL_INODE_READ_SAMPLE_TICKS	2566
LIST_EXNEXT_1000_ENTRIES_FIRST_PASS_WORK_DETAIL_INODE_VALIDATE_CALLS	1001
LIST_EXNEXT_1000_ENTRIES_FIRST_PASS_WORK_DETAIL_INODE_VALIDATE_SAMPLES	58
LIST_EXNEXT_1000_ENTRIES_FIRST_PASS_WORK_DETAIL_INODE_VALIDATE_SAMPLE_TICKS	228
LIST_EXNEXT_1000_ENTRIES_FIRST_PASS_WORK_DETAIL_INODE_SEARCH_CALLS	1001
LIST_EXNEXT_1000_ENTRIES_FIRST_PASS_WORK_DETAIL_INODE_SEARCH_SAMPLES	58
LIST_EXNEXT_1000_ENTRIES_FIRST_PASS_WORK_DETAIL_INODE_SEARCH_SAMPLE_TICKS	1789
LIST_EXNEXT_1000_ENTRIES_FIRST_PASS_WORK_DETAIL_INODE_NODE_VIEW_CALLS	124
LIST_EXNEXT_1000_ENTRIES_FIRST_PASS_WORK_DETAIL_INODE_NODE_VIEW_SAMPLES	7
LIST_EXNEXT_1000_ENTRIES_FIRST_PASS_WORK_DETAIL_INODE_NODE_VIEW_SAMPLE_TICKS	726
LIST_EXNEXT_1000_ENTRIES_FIRST_PASS_WORK_DETAIL_DIR_NODE_VIEW_CALLS	672
LIST_EXNEXT_1000_ENTRIES_FIRST_PASS_WORK_DETAIL_DIR_NODE_VIEW_SAMPLES	39
LIST_EXNEXT_1000_ENTRIES_FIRST_PASS_WORK_DETAIL_DIR_NODE_VIEW_SAMPLE_TICKS	2127
LIST_EXNEXT_1000_ENTRIES_FIRST_PASS_WORK_DETAIL_INODE_BINARY_SEARCH_CALLS	124
LIST_EXNEXT_1000_ENTRIES_FIRST_PASS_WORK_DETAIL_INODE_BINARY_SEARCH_SAMPLES	7
LIST_EXNEXT_1000_ENTRIES_FIRST_PASS_WORK_DETAIL_INODE_BINARY_SEARCH_SAMPLE_TICKS	46
LIST_EXNEXT_1000_ENTRIES_FIRST_PASS_WORK_DETAIL_DIR_BINARY_SEARCH_CALLS	436
LIST_EXNEXT_1000_ENTRIES_FIRST_PASS_WORK_DETAIL_DIR_BINARY_SEARCH_SAMPLES	25
LIST_EXNEXT_1000_ENTRIES_FIRST_PASS_WORK_DETAIL_DIR_BINARY_SEARCH_SAMPLE_TICKS	155
LIST_EXNEXT_1000_ENTRIES_FIRST_PASS_WORK_DETAIL_NODE_STRUCTURE_CALLS	182
LIST_EXNEXT_1000_ENTRIES_FIRST_PASS_WORK_DETAIL_NODE_STRUCTURE_SAMPLES	10
LIST_EXNEXT_1000_ENTRIES_FIRST_PASS_WORK_DETAIL_NODE_STRUCTURE_SAMPLE_TICKS	317
LIST_EXNEXT_1000_ENTRIES_FIRST_PASS_WORK_DETAIL_CACHE_PEEK_CALLS	1829
LIST_EXNEXT_1000_ENTRIES_FIRST_PASS_WORK_DETAIL_CACHE_PEEK_SAMPLES	107
LIST_EXNEXT_1000_ENTRIES_FIRST_PASS_WORK_DETAIL_CACHE_PEEK_SAMPLE_TICKS	284
LIST_EXNEXT_1000_ENTRIES_FIRST_PASS_WORK_DETAIL_BUFFER_ALLOC_CALLS	1065
LIST_EXNEXT_1000_ENTRIES_FIRST_PASS_WORK_DETAIL_BUFFER_ALLOC_SAMPLES	62
LIST_EXNEXT_1000_ENTRIES_FIRST_PASS_WORK_DETAIL_BUFFER_ALLOC_SAMPLE_TICKS	363
LIST_EXNEXT_1000_ENTRIES_FIRST_PASS_WORK_DETAIL_BUFFER_FREE_CALLS	1065
LIST_EXNEXT_1000_ENTRIES_FIRST_PASS_WORK_DETAIL_BUFFER_FREE_SAMPLES	62
LIST_EXNEXT_1000_ENTRIES_FIRST_PASS_WORK_DETAIL_BUFFER_FREE_SAMPLE_TICKS	230
LIST_EXNEXT_1000_ENTRIES_FIRST_PASS_WORK_DETAIL_EXALL_FILL_CALLS	0
LIST_EXNEXT_1000_ENTRIES_FIRST_PASS_WORK_DETAIL_EXALL_FILL_SAMPLES	0
LIST_EXNEXT_1000_ENTRIES_FIRST_PASS_WORK_DETAIL_EXALL_FILL_SAMPLE_TICKS	0
LIST_EXNEXT_1000_ENTRIES_FIRST_PASS_WORK_FREESPACE_ALLOCS	0
LIST_EXNEXT_1000_ENTRIES_FIRST_PASS_VOLUME_FLUSH_BIO_READS	0
LIST_EXNEXT_1000_ENTRIES_FIRST_PASS_VOLUME_FLUSH_BIO_WRITES	0
LIST_EXNEXT_1000_ENTRIES_FIRST_PASS_VOLUME_FLUSH_BIO_UPDATES	0
LIST_EXNEXT_1000_ENTRIES_FIRST_PASS_VOLUME_FLUSH_DATA_READS	0
LIST_EXNEXT_1000_ENTRIES_FIRST_PASS_VOLUME_FLUSH_DATA_WRITES	0
LIST_EXNEXT_1000_ENTRIES_FIRST_PASS_VOLUME_FLUSH_NODE_WRITES	0
LIST_EXNEXT_1000_ENTRIES_FIRST_PASS_VOLUME_FLUSH_TXN_COMMITS	0
LIST_EXNEXT_1000_ENTRIES_FIRST_PASS_VOLUME_FLUSH_EXTENT_MAPS	0
LIST_EXNEXT_1000_ENTRIES_FIRST_PASS_VOLUME_FLUSH_READ_TICKS	0
LIST_EXNEXT_1000_ENTRIES_FIRST_PASS_VOLUME_FLUSH_WRITE_TICKS	0
LIST_EXNEXT_1000_ENTRIES_FIRST_PASS_VOLUME_FLUSH_UPDATE_TICKS	0
LIST_EXNEXT_1000_ENTRIES_FIRST_PASS_VOLUME_FLUSH_DATA_READ_TICKS	0
LIST_EXNEXT_1000_ENTRIES_FIRST_PASS_VOLUME_FLUSH_DATA_WRITE_TICKS	0
LIST_EXNEXT_1000_ENTRIES_FIRST_PASS_VOLUME_FLUSH_NODE_CRC_READ_CALLS	0
LIST_EXNEXT_1000_ENTRIES_FIRST_PASS_VOLUME_FLUSH_NODE_CRC_READ_SAMPLES	0
LIST_EXNEXT_1000_ENTRIES_FIRST_PASS_VOLUME_FLUSH_NODE_CRC_READ_SAMPLE_TICKS	0
LIST_EXNEXT_1000_ENTRIES_FIRST_PASS_VOLUME_FLUSH_NODE_CRC_WRITE_CALLS	0
LIST_EXNEXT_1000_ENTRIES_FIRST_PASS_VOLUME_FLUSH_NODE_CRC_WRITE_SAMPLES	0
LIST_EXNEXT_1000_ENTRIES_FIRST_PASS_VOLUME_FLUSH_NODE_CRC_WRITE_SAMPLE_TICKS	0
LIST_EXNEXT_1000_ENTRIES_FIRST_PASS_VOLUME_FLUSH_CLOCK_PAIR_TICKS	0
LIST_EXNEXT_1000_ENTRIES_FIRST_PASS_VOLUME_FLUSH_PACKET_CALLS	0
LIST_EXNEXT_1000_ENTRIES_FIRST_PASS_VOLUME_FLUSH_PACKET_SAMPLES	0
LIST_EXNEXT_1000_ENTRIES_FIRST_PASS_VOLUME_FLUSH_PACKET_SAMPLE_TICKS	0
LIST_EXNEXT_1000_ENTRIES_FIRST_PASS_VOLUME_FLUSH_PACKET_OPEN_CALLS	0
LIST_EXNEXT_1000_ENTRIES_FIRST_PASS_VOLUME_FLUSH_PACKET_OPEN_SAMPLES	0
LIST_EXNEXT_1000_ENTRIES_FIRST_PASS_VOLUME_FLUSH_PACKET_OPEN_SAMPLE_TICKS	0
LIST_EXNEXT_1000_ENTRIES_FIRST_PASS_VOLUME_FLUSH_PACKET_READ_CALLS	0
LIST_EXNEXT_1000_ENTRIES_FIRST_PASS_VOLUME_FLUSH_PACKET_READ_SAMPLES	0
LIST_EXNEXT_1000_ENTRIES_FIRST_PASS_VOLUME_FLUSH_PACKET_READ_SAMPLE_TICKS	0
LIST_EXNEXT_1000_ENTRIES_FIRST_PASS_VOLUME_FLUSH_PACKET_WRITE_CALLS	0
LIST_EXNEXT_1000_ENTRIES_FIRST_PASS_VOLUME_FLUSH_PACKET_WRITE_SAMPLES	0
LIST_EXNEXT_1000_ENTRIES_FIRST_PASS_VOLUME_FLUSH_PACKET_WRITE_SAMPLE_TICKS	0
LIST_EXNEXT_1000_ENTRIES_FIRST_PASS_VOLUME_FLUSH_PACKET_END_CALLS	0
LIST_EXNEXT_1000_ENTRIES_FIRST_PASS_VOLUME_FLUSH_PACKET_END_SAMPLES	0
LIST_EXNEXT_1000_ENTRIES_FIRST_PASS_VOLUME_FLUSH_PACKET_END_SAMPLE_TICKS	0
LIST_EXNEXT_1000_ENTRIES_FIRST_PASS_VOLUME_FLUSH_PACKET_DELETE_CALLS	0
LIST_EXNEXT_1000_ENTRIES_FIRST_PASS_VOLUME_FLUSH_PACKET_DELETE_SAMPLES	0
LIST_EXNEXT_1000_ENTRIES_FIRST_PASS_VOLUME_FLUSH_PACKET_DELETE_SAMPLE_TICKS	0
LIST_EXNEXT_1000_ENTRIES_FIRST_PASS_VOLUME_FLUSH_PACKET_FLUSH_CALLS	0
LIST_EXNEXT_1000_ENTRIES_FIRST_PASS_VOLUME_FLUSH_PACKET_FLUSH_SAMPLES	0
LIST_EXNEXT_1000_ENTRIES_FIRST_PASS_VOLUME_FLUSH_PACKET_FLUSH_SAMPLE_TICKS	0
LIST_EXNEXT_1000_ENTRIES_FIRST_PASS_VOLUME_FLUSH_PACKET_OTHER_CALLS	0
LIST_EXNEXT_1000_ENTRIES_FIRST_PASS_VOLUME_FLUSH_PACKET_OTHER_SAMPLES	0
LIST_EXNEXT_1000_ENTRIES_FIRST_PASS_VOLUME_FLUSH_PACKET_OTHER_SAMPLE_TICKS	0
LIST_EXNEXT_1000_ENTRIES_FIRST_PASS_VOLUME_FLUSH_CORE_CREATE_CALLS	0
LIST_EXNEXT_1000_ENTRIES_FIRST_PASS_VOLUME_FLUSH_CORE_CREATE_SAMPLES	0
LIST_EXNEXT_1000_ENTRIES_FIRST_PASS_VOLUME_FLUSH_CORE_CREATE_SAMPLE_TICKS	0
LIST_EXNEXT_1000_ENTRIES_FIRST_PASS_VOLUME_FLUSH_CORE_DELETE_CALLS	0
LIST_EXNEXT_1000_ENTRIES_FIRST_PASS_VOLUME_FLUSH_CORE_DELETE_SAMPLES	0
LIST_EXNEXT_1000_ENTRIES_FIRST_PASS_VOLUME_FLUSH_CORE_DELETE_SAMPLE_TICKS	0
LIST_EXNEXT_1000_ENTRIES_FIRST_PASS_VOLUME_FLUSH_CORE_FILE_WRITE_CALLS	0
LIST_EXNEXT_1000_ENTRIES_FIRST_PASS_VOLUME_FLUSH_CORE_FILE_WRITE_SAMPLES	0
LIST_EXNEXT_1000_ENTRIES_FIRST_PASS_VOLUME_FLUSH_CORE_FILE_WRITE_SAMPLE_TICKS	0
LIST_EXNEXT_1000_ENTRIES_FIRST_PASS_VOLUME_FLUSH_CORE_SYNC_CALLS	0
LIST_EXNEXT_1000_ENTRIES_FIRST_PASS_VOLUME_FLUSH_CORE_SYNC_SAMPLES	0
LIST_EXNEXT_1000_ENTRIES_FIRST_PASS_VOLUME_FLUSH_CORE_SYNC_SAMPLE_TICKS	0
LIST_EXNEXT_1000_ENTRIES_FIRST_PASS_VOLUME_FLUSH_IFACE_FREE_CALLS	0
LIST_EXNEXT_1000_ENTRIES_FIRST_PASS_VOLUME_FLUSH_IFACE_FREE_SAMPLES	0
LIST_EXNEXT_1000_ENTRIES_FIRST_PASS_VOLUME_FLUSH_IFACE_FREE_SAMPLE_TICKS	0
LIST_EXNEXT_1000_ENTRIES_FIRST_PASS_VOLUME_FLUSH_SEAL_COMMIT_CALLS	0
LIST_EXNEXT_1000_ENTRIES_FIRST_PASS_VOLUME_FLUSH_SEAL_COMMIT_SAMPLES	0
LIST_EXNEXT_1000_ENTRIES_FIRST_PASS_VOLUME_FLUSH_SEAL_COMMIT_SAMPLE_TICKS	0
LIST_EXNEXT_1000_ENTRIES_FIRST_PASS_VOLUME_FLUSH_INODE_READ_CALLS	0
LIST_EXNEXT_1000_ENTRIES_FIRST_PASS_VOLUME_FLUSH_BTREE_SEARCH_CALLS	0
LIST_EXNEXT_1000_ENTRIES_FIRST_PASS_VOLUME_FLUSH_BTREE_INDEX_HINT_HITS	0
LIST_EXNEXT_1000_ENTRIES_FIRST_PASS_VOLUME_FLUSH_BTREE_LEAF_HINT_HITS	0
LIST_EXNEXT_1000_ENTRIES_FIRST_PASS_VOLUME_FLUSH_CACHE_READ_CALLS	0
LIST_EXNEXT_1000_ENTRIES_FIRST_PASS_VOLUME_FLUSH_CACHE_READ_HITS	0
LIST_EXNEXT_1000_ENTRIES_FIRST_PASS_VOLUME_FLUSH_CACHE_READ_MISSES	0
LIST_EXNEXT_1000_ENTRIES_FIRST_PASS_VOLUME_FLUSH_FREE_TREE_NODE_VIEWS	0
LIST_EXNEXT_1000_ENTRIES_FIRST_PASS_VOLUME_FLUSH_FREE_TREE_RESIDENT_VIEWS	0
LIST_EXNEXT_1000_ENTRIES_FIRST_PASS_VOLUME_FLUSH_DIR_TREE_NODE_VIEWS	0
LIST_EXNEXT_1000_ENTRIES_FIRST_PASS_VOLUME_FLUSH_DIR_TREE_RESIDENT_VIEWS	0
LIST_EXNEXT_1000_ENTRIES_FIRST_PASS_VOLUME_FLUSH_INODE_TREE_NODE_VIEWS	0
LIST_EXNEXT_1000_ENTRIES_FIRST_PASS_VOLUME_FLUSH_INODE_TREE_RESIDENT_VIEWS	0
LIST_EXNEXT_1000_ENTRIES_FIRST_PASS_VOLUME_FLUSH_REFCOUNT_TREE_NODE_VIEWS	0
LIST_EXNEXT_1000_ENTRIES_FIRST_PASS_VOLUME_FLUSH_REFCOUNT_TREE_RESIDENT_VIEWS	0
LIST_EXNEXT_1000_ENTRIES_FIRST_PASS_VOLUME_FLUSH_OTHER_TREE_NODE_VIEWS	0
LIST_EXNEXT_1000_ENTRIES_FIRST_PASS_VOLUME_FLUSH_OTHER_TREE_RESIDENT_VIEWS	0
LIST_EXNEXT_1000_ENTRIES_FIRST_PASS_VOLUME_FLUSH_WRITE_DETAIL_INODE_READ_CALLS	0
LIST_EXNEXT_1000_ENTRIES_FIRST_PASS_VOLUME_FLUSH_WRITE_DETAIL_INODE_READ_SAMPLES	0
LIST_EXNEXT_1000_ENTRIES_FIRST_PASS_VOLUME_FLUSH_WRITE_DETAIL_INODE_READ_SAMPLE_TICKS	0
LIST_EXNEXT_1000_ENTRIES_FIRST_PASS_VOLUME_FLUSH_WRITE_DETAIL_INODE_WRITE_CALLS	0
LIST_EXNEXT_1000_ENTRIES_FIRST_PASS_VOLUME_FLUSH_WRITE_DETAIL_INODE_WRITE_SAMPLES	0
LIST_EXNEXT_1000_ENTRIES_FIRST_PASS_VOLUME_FLUSH_WRITE_DETAIL_INODE_WRITE_SAMPLE_TICKS	0
LIST_EXNEXT_1000_ENTRIES_FIRST_PASS_VOLUME_FLUSH_WRITE_DETAIL_EXTENT_MAP_CALLS	0
LIST_EXNEXT_1000_ENTRIES_FIRST_PASS_VOLUME_FLUSH_WRITE_DETAIL_EXTENT_MAP_SAMPLES	0
LIST_EXNEXT_1000_ENTRIES_FIRST_PASS_VOLUME_FLUSH_WRITE_DETAIL_EXTENT_MAP_SAMPLE_TICKS	0
LIST_EXNEXT_1000_ENTRIES_FIRST_PASS_VOLUME_FLUSH_WRITE_DETAIL_FREESPACE_GOAL_CALLS	0
LIST_EXNEXT_1000_ENTRIES_FIRST_PASS_VOLUME_FLUSH_WRITE_DETAIL_FREESPACE_GOAL_SAMPLES	0
LIST_EXNEXT_1000_ENTRIES_FIRST_PASS_VOLUME_FLUSH_WRITE_DETAIL_FREESPACE_GOAL_SAMPLE_TICKS	0
LIST_EXNEXT_1000_ENTRIES_FIRST_PASS_VOLUME_FLUSH_BTREE_MALLOC_CALLS	0
LIST_EXNEXT_1000_ENTRIES_FIRST_PASS_VOLUME_FLUSH_BTREE_MALLOC_SAMPLES	0
LIST_EXNEXT_1000_ENTRIES_FIRST_PASS_VOLUME_FLUSH_BTREE_MALLOC_SAMPLE_TICKS	0
LIST_EXNEXT_1000_ENTRIES_FIRST_PASS_VOLUME_FLUSH_BTREE_FREE_CALLS	0
LIST_EXNEXT_1000_ENTRIES_FIRST_PASS_VOLUME_FLUSH_BTREE_FREE_SAMPLES	0
LIST_EXNEXT_1000_ENTRIES_FIRST_PASS_VOLUME_FLUSH_BTREE_FREE_SAMPLE_TICKS	0
LIST_EXNEXT_1000_ENTRIES_FIRST_PASS_VOLUME_FLUSH_IFACE_ALLOC_CALLS	0
LIST_EXNEXT_1000_ENTRIES_FIRST_PASS_VOLUME_FLUSH_IFACE_ALLOC_SAMPLES	0
LIST_EXNEXT_1000_ENTRIES_FIRST_PASS_VOLUME_FLUSH_IFACE_ALLOC_SAMPLE_TICKS	0
LIST_EXNEXT_1000_ENTRIES_FIRST_PASS_VOLUME_FLUSH_FREESPACE_ALLOC_CALLS	0
LIST_EXNEXT_1000_ENTRIES_FIRST_PASS_VOLUME_FLUSH_FREESPACE_ALLOC_SAMPLES	0
LIST_EXNEXT_1000_ENTRIES_FIRST_PASS_VOLUME_FLUSH_FREESPACE_ALLOC_SAMPLE_TICKS	0
LIST_EXNEXT_1000_ENTRIES_FIRST_PASS_VOLUME_FLUSH_DETAIL_INODE_READ_CALLS	0
LIST_EXNEXT_1000_ENTRIES_FIRST_PASS_VOLUME_FLUSH_DETAIL_INODE_READ_SAMPLES	0
LIST_EXNEXT_1000_ENTRIES_FIRST_PASS_VOLUME_FLUSH_DETAIL_INODE_READ_SAMPLE_TICKS	0
LIST_EXNEXT_1000_ENTRIES_FIRST_PASS_VOLUME_FLUSH_DETAIL_INODE_VALIDATE_CALLS	0
LIST_EXNEXT_1000_ENTRIES_FIRST_PASS_VOLUME_FLUSH_DETAIL_INODE_VALIDATE_SAMPLES	0
LIST_EXNEXT_1000_ENTRIES_FIRST_PASS_VOLUME_FLUSH_DETAIL_INODE_VALIDATE_SAMPLE_TICKS	0
LIST_EXNEXT_1000_ENTRIES_FIRST_PASS_VOLUME_FLUSH_DETAIL_INODE_SEARCH_CALLS	0
LIST_EXNEXT_1000_ENTRIES_FIRST_PASS_VOLUME_FLUSH_DETAIL_INODE_SEARCH_SAMPLES	0
LIST_EXNEXT_1000_ENTRIES_FIRST_PASS_VOLUME_FLUSH_DETAIL_INODE_SEARCH_SAMPLE_TICKS	0
LIST_EXNEXT_1000_ENTRIES_FIRST_PASS_VOLUME_FLUSH_DETAIL_INODE_NODE_VIEW_CALLS	0
LIST_EXNEXT_1000_ENTRIES_FIRST_PASS_VOLUME_FLUSH_DETAIL_INODE_NODE_VIEW_SAMPLES	0
LIST_EXNEXT_1000_ENTRIES_FIRST_PASS_VOLUME_FLUSH_DETAIL_INODE_NODE_VIEW_SAMPLE_TICKS	0
LIST_EXNEXT_1000_ENTRIES_FIRST_PASS_VOLUME_FLUSH_DETAIL_DIR_NODE_VIEW_CALLS	0
LIST_EXNEXT_1000_ENTRIES_FIRST_PASS_VOLUME_FLUSH_DETAIL_DIR_NODE_VIEW_SAMPLES	0
LIST_EXNEXT_1000_ENTRIES_FIRST_PASS_VOLUME_FLUSH_DETAIL_DIR_NODE_VIEW_SAMPLE_TICKS	0
LIST_EXNEXT_1000_ENTRIES_FIRST_PASS_VOLUME_FLUSH_DETAIL_INODE_BINARY_SEARCH_CALLS	0
LIST_EXNEXT_1000_ENTRIES_FIRST_PASS_VOLUME_FLUSH_DETAIL_INODE_BINARY_SEARCH_SAMPLES	0
LIST_EXNEXT_1000_ENTRIES_FIRST_PASS_VOLUME_FLUSH_DETAIL_INODE_BINARY_SEARCH_SAMPLE_TICKS	0
LIST_EXNEXT_1000_ENTRIES_FIRST_PASS_VOLUME_FLUSH_DETAIL_DIR_BINARY_SEARCH_CALLS	0
LIST_EXNEXT_1000_ENTRIES_FIRST_PASS_VOLUME_FLUSH_DETAIL_DIR_BINARY_SEARCH_SAMPLES	0
LIST_EXNEXT_1000_ENTRIES_FIRST_PASS_VOLUME_FLUSH_DETAIL_DIR_BINARY_SEARCH_SAMPLE_TICKS	0
LIST_EXNEXT_1000_ENTRIES_FIRST_PASS_VOLUME_FLUSH_DETAIL_NODE_STRUCTURE_CALLS	0
LIST_EXNEXT_1000_ENTRIES_FIRST_PASS_VOLUME_FLUSH_DETAIL_NODE_STRUCTURE_SAMPLES	0
LIST_EXNEXT_1000_ENTRIES_FIRST_PASS_VOLUME_FLUSH_DETAIL_NODE_STRUCTURE_SAMPLE_TICKS	0
LIST_EXNEXT_1000_ENTRIES_FIRST_PASS_VOLUME_FLUSH_DETAIL_CACHE_PEEK_CALLS	0
LIST_EXNEXT_1000_ENTRIES_FIRST_PASS_VOLUME_FLUSH_DETAIL_CACHE_PEEK_SAMPLES	0
LIST_EXNEXT_1000_ENTRIES_FIRST_PASS_VOLUME_FLUSH_DETAIL_CACHE_PEEK_SAMPLE_TICKS	0
LIST_EXNEXT_1000_ENTRIES_FIRST_PASS_VOLUME_FLUSH_DETAIL_BUFFER_ALLOC_CALLS	0
LIST_EXNEXT_1000_ENTRIES_FIRST_PASS_VOLUME_FLUSH_DETAIL_BUFFER_ALLOC_SAMPLES	0
LIST_EXNEXT_1000_ENTRIES_FIRST_PASS_VOLUME_FLUSH_DETAIL_BUFFER_ALLOC_SAMPLE_TICKS	0
LIST_EXNEXT_1000_ENTRIES_FIRST_PASS_VOLUME_FLUSH_DETAIL_BUFFER_FREE_CALLS	0
LIST_EXNEXT_1000_ENTRIES_FIRST_PASS_VOLUME_FLUSH_DETAIL_BUFFER_FREE_SAMPLES	0
LIST_EXNEXT_1000_ENTRIES_FIRST_PASS_VOLUME_FLUSH_DETAIL_BUFFER_FREE_SAMPLE_TICKS	0
LIST_EXNEXT_1000_ENTRIES_FIRST_PASS_VOLUME_FLUSH_DETAIL_EXALL_FILL_CALLS	0
LIST_EXNEXT_1000_ENTRIES_FIRST_PASS_VOLUME_FLUSH_DETAIL_EXALL_FILL_SAMPLES	0
LIST_EXNEXT_1000_ENTRIES_FIRST_PASS_VOLUME_FLUSH_DETAIL_EXALL_FILL_SAMPLE_TICKS	0
LIST_EXNEXT_1000_ENTRIES_FIRST_PASS_VOLUME_FLUSH_FREESPACE_ALLOCS	0
LIST_EXNEXT_1000_ENTRIES_REPEAT10_TOTAL_US	1882806
LIST_EXNEXT_1000_ENTRIES_REPEAT10_TOTAL_WORK_US	1882806
LIST_EXNEXT_1000_ENTRIES_REPEAT10_TOTAL_VOLUME_FLUSH_US	0
LIST_EXNEXT_1000_ENTRIES_REPEAT10_TOTAL_HAS_VOLUME_FLUSH	0
LIST_EXNEXT_1000_ENTRIES_REPEAT10_TOTAL_GUEST_OPEN_CALLS	0
LIST_EXNEXT_1000_ENTRIES_REPEAT10_TOTAL_GUEST_OPEN_US	0
LIST_EXNEXT_1000_ENTRIES_REPEAT10_TOTAL_GUEST_READ_CALLS	0
LIST_EXNEXT_1000_ENTRIES_REPEAT10_TOTAL_GUEST_READ_US	0
LIST_EXNEXT_1000_ENTRIES_REPEAT10_TOTAL_GUEST_WRITE_CALLS	0
LIST_EXNEXT_1000_ENTRIES_REPEAT10_TOTAL_GUEST_WRITE_US	0
LIST_EXNEXT_1000_ENTRIES_REPEAT10_TOTAL_GUEST_HANDLE_FLUSH_CALLS	0
LIST_EXNEXT_1000_ENTRIES_REPEAT10_TOTAL_GUEST_HANDLE_FLUSH_US	0
LIST_EXNEXT_1000_ENTRIES_REPEAT10_TOTAL_GUEST_CLOSE_CALLS	0
LIST_EXNEXT_1000_ENTRIES_REPEAT10_TOTAL_GUEST_CLOSE_US	0
LIST_EXNEXT_1000_ENTRIES_REPEAT10_TOTAL_GUEST_VERIFY_CALLS	0
LIST_EXNEXT_1000_ENTRIES_REPEAT10_TOTAL_GUEST_VERIFY_US	0
LIST_EXNEXT_1000_ENTRIES_REPEAT10_TOTAL_WORK_BIO_READS	1840
LIST_EXNEXT_1000_ENTRIES_REPEAT10_TOTAL_WORK_BIO_WRITES	0
LIST_EXNEXT_1000_ENTRIES_REPEAT10_TOTAL_WORK_BIO_UPDATES	0
LIST_EXNEXT_1000_ENTRIES_REPEAT10_TOTAL_WORK_DATA_READS	0
LIST_EXNEXT_1000_ENTRIES_REPEAT10_TOTAL_WORK_DATA_WRITES	0
LIST_EXNEXT_1000_ENTRIES_REPEAT10_TOTAL_WORK_NODE_WRITES	0
LIST_EXNEXT_1000_ENTRIES_REPEAT10_TOTAL_WORK_TXN_COMMITS	0
LIST_EXNEXT_1000_ENTRIES_REPEAT10_TOTAL_WORK_EXTENT_MAPS	0
LIST_EXNEXT_1000_ENTRIES_REPEAT10_TOTAL_WORK_READ_TICKS	167790
LIST_EXNEXT_1000_ENTRIES_REPEAT10_TOTAL_WORK_WRITE_TICKS	0
LIST_EXNEXT_1000_ENTRIES_REPEAT10_TOTAL_WORK_UPDATE_TICKS	0
LIST_EXNEXT_1000_ENTRIES_REPEAT10_TOTAL_WORK_DATA_READ_TICKS	0
LIST_EXNEXT_1000_ENTRIES_REPEAT10_TOTAL_WORK_DATA_WRITE_TICKS	0
LIST_EXNEXT_1000_ENTRIES_REPEAT10_TOTAL_WORK_NODE_CRC_READ_CALLS	1840
LIST_EXNEXT_1000_ENTRIES_REPEAT10_TOTAL_WORK_NODE_CRC_READ_SAMPLES	1840
LIST_EXNEXT_1000_ENTRIES_REPEAT10_TOTAL_WORK_NODE_CRC_READ_SAMPLE_TICKS	189861
LIST_EXNEXT_1000_ENTRIES_REPEAT10_TOTAL_WORK_NODE_CRC_WRITE_CALLS	0
LIST_EXNEXT_1000_ENTRIES_REPEAT10_TOTAL_WORK_NODE_CRC_WRITE_SAMPLES	0
LIST_EXNEXT_1000_ENTRIES_REPEAT10_TOTAL_WORK_NODE_CRC_WRITE_SAMPLE_TICKS	0
LIST_EXNEXT_1000_ENTRIES_REPEAT10_TOTAL_WORK_CLOCK_PAIR_TICKS	2
LIST_EXNEXT_1000_ENTRIES_REPEAT10_TOTAL_WORK_PACKET_CALLS	10022
LIST_EXNEXT_1000_ENTRIES_REPEAT10_TOTAL_WORK_PACKET_SAMPLES	10022
LIST_EXNEXT_1000_ENTRIES_REPEAT10_TOTAL_WORK_PACKET_SAMPLE_TICKS	1134334
LIST_EXNEXT_1000_ENTRIES_REPEAT10_TOTAL_WORK_PACKET_OPEN_CALLS	0
LIST_EXNEXT_1000_ENTRIES_REPEAT10_TOTAL_WORK_PACKET_OPEN_SAMPLES	0
LIST_EXNEXT_1000_ENTRIES_REPEAT10_TOTAL_WORK_PACKET_OPEN_SAMPLE_TICKS	0
LIST_EXNEXT_1000_ENTRIES_REPEAT10_TOTAL_WORK_PACKET_READ_CALLS	0
LIST_EXNEXT_1000_ENTRIES_REPEAT10_TOTAL_WORK_PACKET_READ_SAMPLES	0
LIST_EXNEXT_1000_ENTRIES_REPEAT10_TOTAL_WORK_PACKET_READ_SAMPLE_TICKS	0
LIST_EXNEXT_1000_ENTRIES_REPEAT10_TOTAL_WORK_PACKET_WRITE_CALLS	0
LIST_EXNEXT_1000_ENTRIES_REPEAT10_TOTAL_WORK_PACKET_WRITE_SAMPLES	0
LIST_EXNEXT_1000_ENTRIES_REPEAT10_TOTAL_WORK_PACKET_WRITE_SAMPLE_TICKS	0
LIST_EXNEXT_1000_ENTRIES_REPEAT10_TOTAL_WORK_PACKET_END_CALLS	0
LIST_EXNEXT_1000_ENTRIES_REPEAT10_TOTAL_WORK_PACKET_END_SAMPLES	0
LIST_EXNEXT_1000_ENTRIES_REPEAT10_TOTAL_WORK_PACKET_END_SAMPLE_TICKS	0
LIST_EXNEXT_1000_ENTRIES_REPEAT10_TOTAL_WORK_PACKET_DELETE_CALLS	0
LIST_EXNEXT_1000_ENTRIES_REPEAT10_TOTAL_WORK_PACKET_DELETE_SAMPLES	0
LIST_EXNEXT_1000_ENTRIES_REPEAT10_TOTAL_WORK_PACKET_DELETE_SAMPLE_TICKS	0
LIST_EXNEXT_1000_ENTRIES_REPEAT10_TOTAL_WORK_PACKET_FLUSH_CALLS	0
LIST_EXNEXT_1000_ENTRIES_REPEAT10_TOTAL_WORK_PACKET_FLUSH_SAMPLES	0
LIST_EXNEXT_1000_ENTRIES_REPEAT10_TOTAL_WORK_PACKET_FLUSH_SAMPLE_TICKS	0
LIST_EXNEXT_1000_ENTRIES_REPEAT10_TOTAL_WORK_PACKET_OTHER_CALLS	10022
LIST_EXNEXT_1000_ENTRIES_REPEAT10_TOTAL_WORK_PACKET_OTHER_SAMPLES	10022
LIST_EXNEXT_1000_ENTRIES_REPEAT10_TOTAL_WORK_PACKET_OTHER_SAMPLE_TICKS	1134334
LIST_EXNEXT_1000_ENTRIES_REPEAT10_TOTAL_WORK_CORE_CREATE_CALLS	0
LIST_EXNEXT_1000_ENTRIES_REPEAT10_TOTAL_WORK_CORE_CREATE_SAMPLES	0
LIST_EXNEXT_1000_ENTRIES_REPEAT10_TOTAL_WORK_CORE_CREATE_SAMPLE_TICKS	0
LIST_EXNEXT_1000_ENTRIES_REPEAT10_TOTAL_WORK_CORE_DELETE_CALLS	0
LIST_EXNEXT_1000_ENTRIES_REPEAT10_TOTAL_WORK_CORE_DELETE_SAMPLES	0
LIST_EXNEXT_1000_ENTRIES_REPEAT10_TOTAL_WORK_CORE_DELETE_SAMPLE_TICKS	0
LIST_EXNEXT_1000_ENTRIES_REPEAT10_TOTAL_WORK_CORE_FILE_WRITE_CALLS	0
LIST_EXNEXT_1000_ENTRIES_REPEAT10_TOTAL_WORK_CORE_FILE_WRITE_SAMPLES	0
LIST_EXNEXT_1000_ENTRIES_REPEAT10_TOTAL_WORK_CORE_FILE_WRITE_SAMPLE_TICKS	0
LIST_EXNEXT_1000_ENTRIES_REPEAT10_TOTAL_WORK_CORE_SYNC_CALLS	0
LIST_EXNEXT_1000_ENTRIES_REPEAT10_TOTAL_WORK_CORE_SYNC_SAMPLES	0
LIST_EXNEXT_1000_ENTRIES_REPEAT10_TOTAL_WORK_CORE_SYNC_SAMPLE_TICKS	0
LIST_EXNEXT_1000_ENTRIES_REPEAT10_TOTAL_WORK_IFACE_FREE_CALLS	0
LIST_EXNEXT_1000_ENTRIES_REPEAT10_TOTAL_WORK_IFACE_FREE_SAMPLES	0
LIST_EXNEXT_1000_ENTRIES_REPEAT10_TOTAL_WORK_IFACE_FREE_SAMPLE_TICKS	0
LIST_EXNEXT_1000_ENTRIES_REPEAT10_TOTAL_WORK_SEAL_COMMIT_CALLS	0
LIST_EXNEXT_1000_ENTRIES_REPEAT10_TOTAL_WORK_SEAL_COMMIT_SAMPLES	0
LIST_EXNEXT_1000_ENTRIES_REPEAT10_TOTAL_WORK_SEAL_COMMIT_SAMPLE_TICKS	0
LIST_EXNEXT_1000_ENTRIES_REPEAT10_TOTAL_WORK_INODE_READ_CALLS	10010
LIST_EXNEXT_1000_ENTRIES_REPEAT10_TOTAL_WORK_BTREE_SEARCH_CALLS	10011
LIST_EXNEXT_1000_ENTRIES_REPEAT10_TOTAL_WORK_BTREE_INDEX_HINT_HITS	0
LIST_EXNEXT_1000_ENTRIES_REPEAT10_TOTAL_WORK_BTREE_LEAF_HINT_HITS	9410
LIST_EXNEXT_1000_ENTRIES_REPEAT10_TOTAL_WORK_CACHE_READ_CALLS	1840
LIST_EXNEXT_1000_ENTRIES_REPEAT10_TOTAL_WORK_CACHE_READ_HITS	0
LIST_EXNEXT_1000_ENTRIES_REPEAT10_TOTAL_WORK_CACHE_READ_MISSES	1840
LIST_EXNEXT_1000_ENTRIES_REPEAT10_TOTAL_WORK_FREE_TREE_NODE_VIEWS	0
LIST_EXNEXT_1000_ENTRIES_REPEAT10_TOTAL_WORK_FREE_TREE_RESIDENT_VIEWS	0
LIST_EXNEXT_1000_ENTRIES_REPEAT10_TOTAL_WORK_DIR_TREE_NODE_VIEWS	6684
LIST_EXNEXT_1000_ENTRIES_REPEAT10_TOTAL_WORK_DIR_TREE_RESIDENT_VIEWS	5444
LIST_EXNEXT_1000_ENTRIES_REPEAT10_TOTAL_WORK_INODE_TREE_NODE_VIEWS	1200
LIST_EXNEXT_1000_ENTRIES_REPEAT10_TOTAL_WORK_INODE_TREE_RESIDENT_VIEWS	600
LIST_EXNEXT_1000_ENTRIES_REPEAT10_TOTAL_WORK_REFCOUNT_TREE_NODE_VIEWS	0
LIST_EXNEXT_1000_ENTRIES_REPEAT10_TOTAL_WORK_REFCOUNT_TREE_RESIDENT_VIEWS	0
LIST_EXNEXT_1000_ENTRIES_REPEAT10_TOTAL_WORK_OTHER_TREE_NODE_VIEWS	0
LIST_EXNEXT_1000_ENTRIES_REPEAT10_TOTAL_WORK_OTHER_TREE_RESIDENT_VIEWS	0
LIST_EXNEXT_1000_ENTRIES_REPEAT10_TOTAL_WORK_WRITE_DETAIL_INODE_READ_CALLS	10010
LIST_EXNEXT_1000_ENTRIES_REPEAT10_TOTAL_WORK_WRITE_DETAIL_INODE_READ_SAMPLES	10010
LIST_EXNEXT_1000_ENTRIES_REPEAT10_TOTAL_WORK_WRITE_DETAIL_INODE_READ_SAMPLE_TICKS	370447
LIST_EXNEXT_1000_ENTRIES_REPEAT10_TOTAL_WORK_WRITE_DETAIL_INODE_WRITE_CALLS	0
LIST_EXNEXT_1000_ENTRIES_REPEAT10_TOTAL_WORK_WRITE_DETAIL_INODE_WRITE_SAMPLES	0
LIST_EXNEXT_1000_ENTRIES_REPEAT10_TOTAL_WORK_WRITE_DETAIL_INODE_WRITE_SAMPLE_TICKS	0
LIST_EXNEXT_1000_ENTRIES_REPEAT10_TOTAL_WORK_WRITE_DETAIL_EXTENT_MAP_CALLS	0
LIST_EXNEXT_1000_ENTRIES_REPEAT10_TOTAL_WORK_WRITE_DETAIL_EXTENT_MAP_SAMPLES	0
LIST_EXNEXT_1000_ENTRIES_REPEAT10_TOTAL_WORK_WRITE_DETAIL_EXTENT_MAP_SAMPLE_TICKS	0
LIST_EXNEXT_1000_ENTRIES_REPEAT10_TOTAL_WORK_WRITE_DETAIL_FREESPACE_GOAL_CALLS	0
LIST_EXNEXT_1000_ENTRIES_REPEAT10_TOTAL_WORK_WRITE_DETAIL_FREESPACE_GOAL_SAMPLES	0
LIST_EXNEXT_1000_ENTRIES_REPEAT10_TOTAL_WORK_WRITE_DETAIL_FREESPACE_GOAL_SAMPLE_TICKS	0
LIST_EXNEXT_1000_ENTRIES_REPEAT10_TOTAL_WORK_BTREE_MALLOC_CALLS	1071
LIST_EXNEXT_1000_ENTRIES_REPEAT10_TOTAL_WORK_BTREE_MALLOC_SAMPLES	1071
LIST_EXNEXT_1000_ENTRIES_REPEAT10_TOTAL_WORK_BTREE_MALLOC_SAMPLE_TICKS	6257
LIST_EXNEXT_1000_ENTRIES_REPEAT10_TOTAL_WORK_BTREE_FREE_CALLS	10021
LIST_EXNEXT_1000_ENTRIES_REPEAT10_TOTAL_WORK_BTREE_FREE_SAMPLES	10021
LIST_EXNEXT_1000_ENTRIES_REPEAT10_TOTAL_WORK_BTREE_FREE_SAMPLE_TICKS	18996
LIST_EXNEXT_1000_ENTRIES_REPEAT10_TOTAL_WORK_IFACE_ALLOC_CALLS	0
LIST_EXNEXT_1000_ENTRIES_REPEAT10_TOTAL_WORK_IFACE_ALLOC_SAMPLES	0
LIST_EXNEXT_1000_ENTRIES_REPEAT10_TOTAL_WORK_IFACE_ALLOC_SAMPLE_TICKS	0
LIST_EXNEXT_1000_ENTRIES_REPEAT10_TOTAL_WORK_FREESPACE_ALLOC_CALLS	0
LIST_EXNEXT_1000_ENTRIES_REPEAT10_TOTAL_WORK_FREESPACE_ALLOC_SAMPLES	0
LIST_EXNEXT_1000_ENTRIES_REPEAT10_TOTAL_WORK_FREESPACE_ALLOC_SAMPLE_TICKS	0
LIST_EXNEXT_1000_ENTRIES_REPEAT10_TOTAL_WORK_DETAIL_INODE_READ_CALLS	10010
LIST_EXNEXT_1000_ENTRIES_REPEAT10_TOTAL_WORK_DETAIL_INODE_READ_SAMPLES	588
LIST_EXNEXT_1000_ENTRIES_REPEAT10_TOTAL_WORK_DETAIL_INODE_READ_SAMPLE_TICKS	26108
LIST_EXNEXT_1000_ENTRIES_REPEAT10_TOTAL_WORK_DETAIL_INODE_VALIDATE_CALLS	10010
LIST_EXNEXT_1000_ENTRIES_REPEAT10_TOTAL_WORK_DETAIL_INODE_VALIDATE_SAMPLES	588
LIST_EXNEXT_1000_ENTRIES_REPEAT10_TOTAL_WORK_DETAIL_INODE_VALIDATE_SAMPLE_TICKS	1292
LIST_EXNEXT_1000_ENTRIES_REPEAT10_TOTAL_WORK_DETAIL_INODE_SEARCH_CALLS	10010
LIST_EXNEXT_1000_ENTRIES_REPEAT10_TOTAL_WORK_DETAIL_INODE_SEARCH_SAMPLES	588
LIST_EXNEXT_1000_ENTRIES_REPEAT10_TOTAL_WORK_DETAIL_INODE_SEARCH_SAMPLE_TICKS	20079
LIST_EXNEXT_1000_ENTRIES_REPEAT10_TOTAL_WORK_DETAIL_INODE_NODE_VIEW_CALLS	1200
LIST_EXNEXT_1000_ENTRIES_REPEAT10_TOTAL_WORK_DETAIL_INODE_NODE_VIEW_SAMPLES	70
LIST_EXNEXT_1000_ENTRIES_REPEAT10_TOTAL_WORK_DETAIL_INODE_NODE_VIEW_SAMPLE_TICKS	9662
LIST_EXNEXT_1000_ENTRIES_REPEAT10_TOTAL_WORK_DETAIL_DIR_NODE_VIEW_CALLS	6684
LIST_EXNEXT_1000_ENTRIES_REPEAT10_TOTAL_WORK_DETAIL_DIR_NODE_VIEW_SAMPLES	393
LIST_EXNEXT_1000_ENTRIES_REPEAT10_TOTAL_WORK_DETAIL_DIR_NODE_VIEW_SAMPLE_TICKS	19904
LIST_EXNEXT_1000_ENTRIES_REPEAT10_TOTAL_WORK_DETAIL_INODE_BINARY_SEARCH_CALLS	1200
LIST_EXNEXT_1000_ENTRIES_REPEAT10_TOTAL_WORK_DETAIL_INODE_BINARY_SEARCH_SAMPLES	70
LIST_EXNEXT_1000_ENTRIES_REPEAT10_TOTAL_WORK_DETAIL_INODE_BINARY_SEARCH_SAMPLE_TICKS	91
LIST_EXNEXT_1000_ENTRIES_REPEAT10_TOTAL_WORK_DETAIL_DIR_BINARY_SEARCH_CALLS	4324
LIST_EXNEXT_1000_ENTRIES_REPEAT10_TOTAL_WORK_DETAIL_DIR_BINARY_SEARCH_SAMPLES	254
LIST_EXNEXT_1000_ENTRIES_REPEAT10_TOTAL_WORK_DETAIL_DIR_BINARY_SEARCH_SAMPLE_TICKS	1132
LIST_EXNEXT_1000_ENTRIES_REPEAT10_TOTAL_WORK_DETAIL_NODE_STRUCTURE_CALLS	1840
LIST_EXNEXT_1000_ENTRIES_REPEAT10_TOTAL_WORK_DETAIL_NODE_STRUCTURE_SAMPLES	108
LIST_EXNEXT_1000_ENTRIES_REPEAT10_TOTAL_WORK_DETAIL_NODE_STRUCTURE_SAMPLE_TICKS	2125
LIST_EXNEXT_1000_ENTRIES_REPEAT10_TOTAL_WORK_DETAIL_CACHE_PEEK_CALLS	18495
LIST_EXNEXT_1000_ENTRIES_REPEAT10_TOTAL_WORK_DETAIL_CACHE_PEEK_SAMPLES	1087
LIST_EXNEXT_1000_ENTRIES_REPEAT10_TOTAL_WORK_DETAIL_CACHE_PEEK_SAMPLE_TICKS	2871
LIST_EXNEXT_1000_ENTRIES_REPEAT10_TOTAL_WORK_DETAIL_BUFFER_ALLOC_CALLS	10621
LIST_EXNEXT_1000_ENTRIES_REPEAT10_TOTAL_WORK_DETAIL_BUFFER_ALLOC_SAMPLES	624
LIST_EXNEXT_1000_ENTRIES_REPEAT10_TOTAL_WORK_DETAIL_BUFFER_ALLOC_SAMPLE_TICKS	1677
LIST_EXNEXT_1000_ENTRIES_REPEAT10_TOTAL_WORK_DETAIL_BUFFER_FREE_CALLS	10621
LIST_EXNEXT_1000_ENTRIES_REPEAT10_TOTAL_WORK_DETAIL_BUFFER_FREE_SAMPLES	624
LIST_EXNEXT_1000_ENTRIES_REPEAT10_TOTAL_WORK_DETAIL_BUFFER_FREE_SAMPLE_TICKS	1740
LIST_EXNEXT_1000_ENTRIES_REPEAT10_TOTAL_WORK_DETAIL_EXALL_FILL_CALLS	0
LIST_EXNEXT_1000_ENTRIES_REPEAT10_TOTAL_WORK_DETAIL_EXALL_FILL_SAMPLES	0
LIST_EXNEXT_1000_ENTRIES_REPEAT10_TOTAL_WORK_DETAIL_EXALL_FILL_SAMPLE_TICKS	0
LIST_EXNEXT_1000_ENTRIES_REPEAT10_TOTAL_WORK_FREESPACE_ALLOCS	0
LIST_EXNEXT_1000_ENTRIES_REPEAT10_TOTAL_VOLUME_FLUSH_BIO_READS	0
LIST_EXNEXT_1000_ENTRIES_REPEAT10_TOTAL_VOLUME_FLUSH_BIO_WRITES	0
LIST_EXNEXT_1000_ENTRIES_REPEAT10_TOTAL_VOLUME_FLUSH_BIO_UPDATES	0
LIST_EXNEXT_1000_ENTRIES_REPEAT10_TOTAL_VOLUME_FLUSH_DATA_READS	0
LIST_EXNEXT_1000_ENTRIES_REPEAT10_TOTAL_VOLUME_FLUSH_DATA_WRITES	0
LIST_EXNEXT_1000_ENTRIES_REPEAT10_TOTAL_VOLUME_FLUSH_NODE_WRITES	0
LIST_EXNEXT_1000_ENTRIES_REPEAT10_TOTAL_VOLUME_FLUSH_TXN_COMMITS	0
LIST_EXNEXT_1000_ENTRIES_REPEAT10_TOTAL_VOLUME_FLUSH_EXTENT_MAPS	0
LIST_EXNEXT_1000_ENTRIES_REPEAT10_TOTAL_VOLUME_FLUSH_READ_TICKS	0
LIST_EXNEXT_1000_ENTRIES_REPEAT10_TOTAL_VOLUME_FLUSH_WRITE_TICKS	0
LIST_EXNEXT_1000_ENTRIES_REPEAT10_TOTAL_VOLUME_FLUSH_UPDATE_TICKS	0
LIST_EXNEXT_1000_ENTRIES_REPEAT10_TOTAL_VOLUME_FLUSH_DATA_READ_TICKS	0
LIST_EXNEXT_1000_ENTRIES_REPEAT10_TOTAL_VOLUME_FLUSH_DATA_WRITE_TICKS	0
LIST_EXNEXT_1000_ENTRIES_REPEAT10_TOTAL_VOLUME_FLUSH_NODE_CRC_READ_CALLS	0
LIST_EXNEXT_1000_ENTRIES_REPEAT10_TOTAL_VOLUME_FLUSH_NODE_CRC_READ_SAMPLES	0
LIST_EXNEXT_1000_ENTRIES_REPEAT10_TOTAL_VOLUME_FLUSH_NODE_CRC_READ_SAMPLE_TICKS	0
LIST_EXNEXT_1000_ENTRIES_REPEAT10_TOTAL_VOLUME_FLUSH_NODE_CRC_WRITE_CALLS	0
LIST_EXNEXT_1000_ENTRIES_REPEAT10_TOTAL_VOLUME_FLUSH_NODE_CRC_WRITE_SAMPLES	0
LIST_EXNEXT_1000_ENTRIES_REPEAT10_TOTAL_VOLUME_FLUSH_NODE_CRC_WRITE_SAMPLE_TICKS	0
LIST_EXNEXT_1000_ENTRIES_REPEAT10_TOTAL_VOLUME_FLUSH_CLOCK_PAIR_TICKS	0
LIST_EXNEXT_1000_ENTRIES_REPEAT10_TOTAL_VOLUME_FLUSH_PACKET_CALLS	0
LIST_EXNEXT_1000_ENTRIES_REPEAT10_TOTAL_VOLUME_FLUSH_PACKET_SAMPLES	0
LIST_EXNEXT_1000_ENTRIES_REPEAT10_TOTAL_VOLUME_FLUSH_PACKET_SAMPLE_TICKS	0
LIST_EXNEXT_1000_ENTRIES_REPEAT10_TOTAL_VOLUME_FLUSH_PACKET_OPEN_CALLS	0
LIST_EXNEXT_1000_ENTRIES_REPEAT10_TOTAL_VOLUME_FLUSH_PACKET_OPEN_SAMPLES	0
LIST_EXNEXT_1000_ENTRIES_REPEAT10_TOTAL_VOLUME_FLUSH_PACKET_OPEN_SAMPLE_TICKS	0
LIST_EXNEXT_1000_ENTRIES_REPEAT10_TOTAL_VOLUME_FLUSH_PACKET_READ_CALLS	0
LIST_EXNEXT_1000_ENTRIES_REPEAT10_TOTAL_VOLUME_FLUSH_PACKET_READ_SAMPLES	0
LIST_EXNEXT_1000_ENTRIES_REPEAT10_TOTAL_VOLUME_FLUSH_PACKET_READ_SAMPLE_TICKS	0
LIST_EXNEXT_1000_ENTRIES_REPEAT10_TOTAL_VOLUME_FLUSH_PACKET_WRITE_CALLS	0
LIST_EXNEXT_1000_ENTRIES_REPEAT10_TOTAL_VOLUME_FLUSH_PACKET_WRITE_SAMPLES	0
LIST_EXNEXT_1000_ENTRIES_REPEAT10_TOTAL_VOLUME_FLUSH_PACKET_WRITE_SAMPLE_TICKS	0
LIST_EXNEXT_1000_ENTRIES_REPEAT10_TOTAL_VOLUME_FLUSH_PACKET_END_CALLS	0
LIST_EXNEXT_1000_ENTRIES_REPEAT10_TOTAL_VOLUME_FLUSH_PACKET_END_SAMPLES	0
LIST_EXNEXT_1000_ENTRIES_REPEAT10_TOTAL_VOLUME_FLUSH_PACKET_END_SAMPLE_TICKS	0
LIST_EXNEXT_1000_ENTRIES_REPEAT10_TOTAL_VOLUME_FLUSH_PACKET_DELETE_CALLS	0
LIST_EXNEXT_1000_ENTRIES_REPEAT10_TOTAL_VOLUME_FLUSH_PACKET_DELETE_SAMPLES	0
LIST_EXNEXT_1000_ENTRIES_REPEAT10_TOTAL_VOLUME_FLUSH_PACKET_DELETE_SAMPLE_TICKS	0
LIST_EXNEXT_1000_ENTRIES_REPEAT10_TOTAL_VOLUME_FLUSH_PACKET_FLUSH_CALLS	0
LIST_EXNEXT_1000_ENTRIES_REPEAT10_TOTAL_VOLUME_FLUSH_PACKET_FLUSH_SAMPLES	0
LIST_EXNEXT_1000_ENTRIES_REPEAT10_TOTAL_VOLUME_FLUSH_PACKET_FLUSH_SAMPLE_TICKS	0
LIST_EXNEXT_1000_ENTRIES_REPEAT10_TOTAL_VOLUME_FLUSH_PACKET_OTHER_CALLS	0
LIST_EXNEXT_1000_ENTRIES_REPEAT10_TOTAL_VOLUME_FLUSH_PACKET_OTHER_SAMPLES	0
LIST_EXNEXT_1000_ENTRIES_REPEAT10_TOTAL_VOLUME_FLUSH_PACKET_OTHER_SAMPLE_TICKS	0
LIST_EXNEXT_1000_ENTRIES_REPEAT10_TOTAL_VOLUME_FLUSH_CORE_CREATE_CALLS	0
LIST_EXNEXT_1000_ENTRIES_REPEAT10_TOTAL_VOLUME_FLUSH_CORE_CREATE_SAMPLES	0
LIST_EXNEXT_1000_ENTRIES_REPEAT10_TOTAL_VOLUME_FLUSH_CORE_CREATE_SAMPLE_TICKS	0
LIST_EXNEXT_1000_ENTRIES_REPEAT10_TOTAL_VOLUME_FLUSH_CORE_DELETE_CALLS	0
LIST_EXNEXT_1000_ENTRIES_REPEAT10_TOTAL_VOLUME_FLUSH_CORE_DELETE_SAMPLES	0
LIST_EXNEXT_1000_ENTRIES_REPEAT10_TOTAL_VOLUME_FLUSH_CORE_DELETE_SAMPLE_TICKS	0
LIST_EXNEXT_1000_ENTRIES_REPEAT10_TOTAL_VOLUME_FLUSH_CORE_FILE_WRITE_CALLS	0
LIST_EXNEXT_1000_ENTRIES_REPEAT10_TOTAL_VOLUME_FLUSH_CORE_FILE_WRITE_SAMPLES	0
LIST_EXNEXT_1000_ENTRIES_REPEAT10_TOTAL_VOLUME_FLUSH_CORE_FILE_WRITE_SAMPLE_TICKS	0
LIST_EXNEXT_1000_ENTRIES_REPEAT10_TOTAL_VOLUME_FLUSH_CORE_SYNC_CALLS	0
LIST_EXNEXT_1000_ENTRIES_REPEAT10_TOTAL_VOLUME_FLUSH_CORE_SYNC_SAMPLES	0
LIST_EXNEXT_1000_ENTRIES_REPEAT10_TOTAL_VOLUME_FLUSH_CORE_SYNC_SAMPLE_TICKS	0
LIST_EXNEXT_1000_ENTRIES_REPEAT10_TOTAL_VOLUME_FLUSH_IFACE_FREE_CALLS	0
LIST_EXNEXT_1000_ENTRIES_REPEAT10_TOTAL_VOLUME_FLUSH_IFACE_FREE_SAMPLES	0
LIST_EXNEXT_1000_ENTRIES_REPEAT10_TOTAL_VOLUME_FLUSH_IFACE_FREE_SAMPLE_TICKS	0
LIST_EXNEXT_1000_ENTRIES_REPEAT10_TOTAL_VOLUME_FLUSH_SEAL_COMMIT_CALLS	0
LIST_EXNEXT_1000_ENTRIES_REPEAT10_TOTAL_VOLUME_FLUSH_SEAL_COMMIT_SAMPLES	0
LIST_EXNEXT_1000_ENTRIES_REPEAT10_TOTAL_VOLUME_FLUSH_SEAL_COMMIT_SAMPLE_TICKS	0
LIST_EXNEXT_1000_ENTRIES_REPEAT10_TOTAL_VOLUME_FLUSH_INODE_READ_CALLS	0
LIST_EXNEXT_1000_ENTRIES_REPEAT10_TOTAL_VOLUME_FLUSH_BTREE_SEARCH_CALLS	0
LIST_EXNEXT_1000_ENTRIES_REPEAT10_TOTAL_VOLUME_FLUSH_BTREE_INDEX_HINT_HITS	0
LIST_EXNEXT_1000_ENTRIES_REPEAT10_TOTAL_VOLUME_FLUSH_BTREE_LEAF_HINT_HITS	0
LIST_EXNEXT_1000_ENTRIES_REPEAT10_TOTAL_VOLUME_FLUSH_CACHE_READ_CALLS	0
LIST_EXNEXT_1000_ENTRIES_REPEAT10_TOTAL_VOLUME_FLUSH_CACHE_READ_HITS	0
LIST_EXNEXT_1000_ENTRIES_REPEAT10_TOTAL_VOLUME_FLUSH_CACHE_READ_MISSES	0
LIST_EXNEXT_1000_ENTRIES_REPEAT10_TOTAL_VOLUME_FLUSH_FREE_TREE_NODE_VIEWS	0
LIST_EXNEXT_1000_ENTRIES_REPEAT10_TOTAL_VOLUME_FLUSH_FREE_TREE_RESIDENT_VIEWS	0
LIST_EXNEXT_1000_ENTRIES_REPEAT10_TOTAL_VOLUME_FLUSH_DIR_TREE_NODE_VIEWS	0
LIST_EXNEXT_1000_ENTRIES_REPEAT10_TOTAL_VOLUME_FLUSH_DIR_TREE_RESIDENT_VIEWS	0
LIST_EXNEXT_1000_ENTRIES_REPEAT10_TOTAL_VOLUME_FLUSH_INODE_TREE_NODE_VIEWS	0
LIST_EXNEXT_1000_ENTRIES_REPEAT10_TOTAL_VOLUME_FLUSH_INODE_TREE_RESIDENT_VIEWS	0
LIST_EXNEXT_1000_ENTRIES_REPEAT10_TOTAL_VOLUME_FLUSH_REFCOUNT_TREE_NODE_VIEWS	0
LIST_EXNEXT_1000_ENTRIES_REPEAT10_TOTAL_VOLUME_FLUSH_REFCOUNT_TREE_RESIDENT_VIEWS	0
LIST_EXNEXT_1000_ENTRIES_REPEAT10_TOTAL_VOLUME_FLUSH_OTHER_TREE_NODE_VIEWS	0
LIST_EXNEXT_1000_ENTRIES_REPEAT10_TOTAL_VOLUME_FLUSH_OTHER_TREE_RESIDENT_VIEWS	0
LIST_EXNEXT_1000_ENTRIES_REPEAT10_TOTAL_VOLUME_FLUSH_WRITE_DETAIL_INODE_READ_CALLS	0
LIST_EXNEXT_1000_ENTRIES_REPEAT10_TOTAL_VOLUME_FLUSH_WRITE_DETAIL_INODE_READ_SAMPLES	0
LIST_EXNEXT_1000_ENTRIES_REPEAT10_TOTAL_VOLUME_FLUSH_WRITE_DETAIL_INODE_READ_SAMPLE_TICKS	0
LIST_EXNEXT_1000_ENTRIES_REPEAT10_TOTAL_VOLUME_FLUSH_WRITE_DETAIL_INODE_WRITE_CALLS	0
LIST_EXNEXT_1000_ENTRIES_REPEAT10_TOTAL_VOLUME_FLUSH_WRITE_DETAIL_INODE_WRITE_SAMPLES	0
LIST_EXNEXT_1000_ENTRIES_REPEAT10_TOTAL_VOLUME_FLUSH_WRITE_DETAIL_INODE_WRITE_SAMPLE_TICKS	0
LIST_EXNEXT_1000_ENTRIES_REPEAT10_TOTAL_VOLUME_FLUSH_WRITE_DETAIL_EXTENT_MAP_CALLS	0
LIST_EXNEXT_1000_ENTRIES_REPEAT10_TOTAL_VOLUME_FLUSH_WRITE_DETAIL_EXTENT_MAP_SAMPLES	0
LIST_EXNEXT_1000_ENTRIES_REPEAT10_TOTAL_VOLUME_FLUSH_WRITE_DETAIL_EXTENT_MAP_SAMPLE_TICKS	0
LIST_EXNEXT_1000_ENTRIES_REPEAT10_TOTAL_VOLUME_FLUSH_WRITE_DETAIL_FREESPACE_GOAL_CALLS	0
LIST_EXNEXT_1000_ENTRIES_REPEAT10_TOTAL_VOLUME_FLUSH_WRITE_DETAIL_FREESPACE_GOAL_SAMPLES	0
LIST_EXNEXT_1000_ENTRIES_REPEAT10_TOTAL_VOLUME_FLUSH_WRITE_DETAIL_FREESPACE_GOAL_SAMPLE_TICKS	0
LIST_EXNEXT_1000_ENTRIES_REPEAT10_TOTAL_VOLUME_FLUSH_BTREE_MALLOC_CALLS	0
LIST_EXNEXT_1000_ENTRIES_REPEAT10_TOTAL_VOLUME_FLUSH_BTREE_MALLOC_SAMPLES	0
LIST_EXNEXT_1000_ENTRIES_REPEAT10_TOTAL_VOLUME_FLUSH_BTREE_MALLOC_SAMPLE_TICKS	0
LIST_EXNEXT_1000_ENTRIES_REPEAT10_TOTAL_VOLUME_FLUSH_BTREE_FREE_CALLS	0
LIST_EXNEXT_1000_ENTRIES_REPEAT10_TOTAL_VOLUME_FLUSH_BTREE_FREE_SAMPLES	0
LIST_EXNEXT_1000_ENTRIES_REPEAT10_TOTAL_VOLUME_FLUSH_BTREE_FREE_SAMPLE_TICKS	0
LIST_EXNEXT_1000_ENTRIES_REPEAT10_TOTAL_VOLUME_FLUSH_IFACE_ALLOC_CALLS	0
LIST_EXNEXT_1000_ENTRIES_REPEAT10_TOTAL_VOLUME_FLUSH_IFACE_ALLOC_SAMPLES	0
LIST_EXNEXT_1000_ENTRIES_REPEAT10_TOTAL_VOLUME_FLUSH_IFACE_ALLOC_SAMPLE_TICKS	0
LIST_EXNEXT_1000_ENTRIES_REPEAT10_TOTAL_VOLUME_FLUSH_FREESPACE_ALLOC_CALLS	0
LIST_EXNEXT_1000_ENTRIES_REPEAT10_TOTAL_VOLUME_FLUSH_FREESPACE_ALLOC_SAMPLES	0
LIST_EXNEXT_1000_ENTRIES_REPEAT10_TOTAL_VOLUME_FLUSH_FREESPACE_ALLOC_SAMPLE_TICKS	0
LIST_EXNEXT_1000_ENTRIES_REPEAT10_TOTAL_VOLUME_FLUSH_DETAIL_INODE_READ_CALLS	0
LIST_EXNEXT_1000_ENTRIES_REPEAT10_TOTAL_VOLUME_FLUSH_DETAIL_INODE_READ_SAMPLES	0
LIST_EXNEXT_1000_ENTRIES_REPEAT10_TOTAL_VOLUME_FLUSH_DETAIL_INODE_READ_SAMPLE_TICKS	0
LIST_EXNEXT_1000_ENTRIES_REPEAT10_TOTAL_VOLUME_FLUSH_DETAIL_INODE_VALIDATE_CALLS	0
LIST_EXNEXT_1000_ENTRIES_REPEAT10_TOTAL_VOLUME_FLUSH_DETAIL_INODE_VALIDATE_SAMPLES	0
LIST_EXNEXT_1000_ENTRIES_REPEAT10_TOTAL_VOLUME_FLUSH_DETAIL_INODE_VALIDATE_SAMPLE_TICKS	0
LIST_EXNEXT_1000_ENTRIES_REPEAT10_TOTAL_VOLUME_FLUSH_DETAIL_INODE_SEARCH_CALLS	0
LIST_EXNEXT_1000_ENTRIES_REPEAT10_TOTAL_VOLUME_FLUSH_DETAIL_INODE_SEARCH_SAMPLES	0
LIST_EXNEXT_1000_ENTRIES_REPEAT10_TOTAL_VOLUME_FLUSH_DETAIL_INODE_SEARCH_SAMPLE_TICKS	0
LIST_EXNEXT_1000_ENTRIES_REPEAT10_TOTAL_VOLUME_FLUSH_DETAIL_INODE_NODE_VIEW_CALLS	0
LIST_EXNEXT_1000_ENTRIES_REPEAT10_TOTAL_VOLUME_FLUSH_DETAIL_INODE_NODE_VIEW_SAMPLES	0
LIST_EXNEXT_1000_ENTRIES_REPEAT10_TOTAL_VOLUME_FLUSH_DETAIL_INODE_NODE_VIEW_SAMPLE_TICKS	0
LIST_EXNEXT_1000_ENTRIES_REPEAT10_TOTAL_VOLUME_FLUSH_DETAIL_DIR_NODE_VIEW_CALLS	0
LIST_EXNEXT_1000_ENTRIES_REPEAT10_TOTAL_VOLUME_FLUSH_DETAIL_DIR_NODE_VIEW_SAMPLES	0
LIST_EXNEXT_1000_ENTRIES_REPEAT10_TOTAL_VOLUME_FLUSH_DETAIL_DIR_NODE_VIEW_SAMPLE_TICKS	0
LIST_EXNEXT_1000_ENTRIES_REPEAT10_TOTAL_VOLUME_FLUSH_DETAIL_INODE_BINARY_SEARCH_CALLS	0
LIST_EXNEXT_1000_ENTRIES_REPEAT10_TOTAL_VOLUME_FLUSH_DETAIL_INODE_BINARY_SEARCH_SAMPLES	0
LIST_EXNEXT_1000_ENTRIES_REPEAT10_TOTAL_VOLUME_FLUSH_DETAIL_INODE_BINARY_SEARCH_SAMPLE_TICKS	0
LIST_EXNEXT_1000_ENTRIES_REPEAT10_TOTAL_VOLUME_FLUSH_DETAIL_DIR_BINARY_SEARCH_CALLS	0
LIST_EXNEXT_1000_ENTRIES_REPEAT10_TOTAL_VOLUME_FLUSH_DETAIL_DIR_BINARY_SEARCH_SAMPLES	0
LIST_EXNEXT_1000_ENTRIES_REPEAT10_TOTAL_VOLUME_FLUSH_DETAIL_DIR_BINARY_SEARCH_SAMPLE_TICKS	0
LIST_EXNEXT_1000_ENTRIES_REPEAT10_TOTAL_VOLUME_FLUSH_DETAIL_NODE_STRUCTURE_CALLS	0
LIST_EXNEXT_1000_ENTRIES_REPEAT10_TOTAL_VOLUME_FLUSH_DETAIL_NODE_STRUCTURE_SAMPLES	0
LIST_EXNEXT_1000_ENTRIES_REPEAT10_TOTAL_VOLUME_FLUSH_DETAIL_NODE_STRUCTURE_SAMPLE_TICKS	0
LIST_EXNEXT_1000_ENTRIES_REPEAT10_TOTAL_VOLUME_FLUSH_DETAIL_CACHE_PEEK_CALLS	0
LIST_EXNEXT_1000_ENTRIES_REPEAT10_TOTAL_VOLUME_FLUSH_DETAIL_CACHE_PEEK_SAMPLES	0
LIST_EXNEXT_1000_ENTRIES_REPEAT10_TOTAL_VOLUME_FLUSH_DETAIL_CACHE_PEEK_SAMPLE_TICKS	0
LIST_EXNEXT_1000_ENTRIES_REPEAT10_TOTAL_VOLUME_FLUSH_DETAIL_BUFFER_ALLOC_CALLS	0
LIST_EXNEXT_1000_ENTRIES_REPEAT10_TOTAL_VOLUME_FLUSH_DETAIL_BUFFER_ALLOC_SAMPLES	0
LIST_EXNEXT_1000_ENTRIES_REPEAT10_TOTAL_VOLUME_FLUSH_DETAIL_BUFFER_ALLOC_SAMPLE_TICKS	0
LIST_EXNEXT_1000_ENTRIES_REPEAT10_TOTAL_VOLUME_FLUSH_DETAIL_BUFFER_FREE_CALLS	0
LIST_EXNEXT_1000_ENTRIES_REPEAT10_TOTAL_VOLUME_FLUSH_DETAIL_BUFFER_FREE_SAMPLES	0
LIST_EXNEXT_1000_ENTRIES_REPEAT10_TOTAL_VOLUME_FLUSH_DETAIL_BUFFER_FREE_SAMPLE_TICKS	0
LIST_EXNEXT_1000_ENTRIES_REPEAT10_TOTAL_VOLUME_FLUSH_DETAIL_EXALL_FILL_CALLS	0
LIST_EXNEXT_1000_ENTRIES_REPEAT10_TOTAL_VOLUME_FLUSH_DETAIL_EXALL_FILL_SAMPLES	0
LIST_EXNEXT_1000_ENTRIES_REPEAT10_TOTAL_VOLUME_FLUSH_DETAIL_EXALL_FILL_SAMPLE_TICKS	0
LIST_EXNEXT_1000_ENTRIES_REPEAT10_TOTAL_VOLUME_FLUSH_FREESPACE_ALLOCS	0
LIST_EXALL_1000_ENTRIES_FIRST_PASS_US	97728
LIST_EXALL_1000_ENTRIES_FIRST_PASS_WORK_US	97728
LIST_EXALL_1000_ENTRIES_FIRST_PASS_VOLUME_FLUSH_US	0
LIST_EXALL_1000_ENTRIES_FIRST_PASS_HAS_VOLUME_FLUSH	0
LIST_EXALL_1000_ENTRIES_FIRST_PASS_GUEST_OPEN_CALLS	0
LIST_EXALL_1000_ENTRIES_FIRST_PASS_GUEST_OPEN_US	0
LIST_EXALL_1000_ENTRIES_FIRST_PASS_GUEST_READ_CALLS	0
LIST_EXALL_1000_ENTRIES_FIRST_PASS_GUEST_READ_US	0
LIST_EXALL_1000_ENTRIES_FIRST_PASS_GUEST_WRITE_CALLS	0
LIST_EXALL_1000_ENTRIES_FIRST_PASS_GUEST_WRITE_US	0
LIST_EXALL_1000_ENTRIES_FIRST_PASS_GUEST_HANDLE_FLUSH_CALLS	0
LIST_EXALL_1000_ENTRIES_FIRST_PASS_GUEST_HANDLE_FLUSH_US	0
LIST_EXALL_1000_ENTRIES_FIRST_PASS_GUEST_CLOSE_CALLS	0
LIST_EXALL_1000_ENTRIES_FIRST_PASS_GUEST_CLOSE_US	0
LIST_EXALL_1000_ENTRIES_FIRST_PASS_GUEST_VERIFY_CALLS	0
LIST_EXALL_1000_ENTRIES_FIRST_PASS_GUEST_VERIFY_US	0
LIST_EXALL_1000_ENTRIES_FIRST_PASS_WORK_BIO_READS	175
LIST_EXALL_1000_ENTRIES_FIRST_PASS_WORK_BIO_WRITES	0
LIST_EXALL_1000_ENTRIES_FIRST_PASS_WORK_BIO_UPDATES	0
LIST_EXALL_1000_ENTRIES_FIRST_PASS_WORK_DATA_READS	0
LIST_EXALL_1000_ENTRIES_FIRST_PASS_WORK_DATA_WRITES	0
LIST_EXALL_1000_ENTRIES_FIRST_PASS_WORK_NODE_WRITES	0
LIST_EXALL_1000_ENTRIES_FIRST_PASS_WORK_TXN_COMMITS	0
LIST_EXALL_1000_ENTRIES_FIRST_PASS_WORK_EXTENT_MAPS	0
LIST_EXALL_1000_ENTRIES_FIRST_PASS_WORK_READ_TICKS	6970
LIST_EXALL_1000_ENTRIES_FIRST_PASS_WORK_WRITE_TICKS	0
LIST_EXALL_1000_ENTRIES_FIRST_PASS_WORK_UPDATE_TICKS	0
LIST_EXALL_1000_ENTRIES_FIRST_PASS_WORK_DATA_READ_TICKS	0
LIST_EXALL_1000_ENTRIES_FIRST_PASS_WORK_DATA_WRITE_TICKS	0
LIST_EXALL_1000_ENTRIES_FIRST_PASS_WORK_NODE_CRC_READ_CALLS	175
LIST_EXALL_1000_ENTRIES_FIRST_PASS_WORK_NODE_CRC_READ_SAMPLES	175
LIST_EXALL_1000_ENTRIES_FIRST_PASS_WORK_NODE_CRC_READ_SAMPLE_TICKS	17990
LIST_EXALL_1000_ENTRIES_FIRST_PASS_WORK_NODE_CRC_WRITE_CALLS	0
LIST_EXALL_1000_ENTRIES_FIRST_PASS_WORK_NODE_CRC_WRITE_SAMPLES	0
LIST_EXALL_1000_ENTRIES_FIRST_PASS_WORK_NODE_CRC_WRITE_SAMPLE_TICKS	0
LIST_EXALL_1000_ENTRIES_FIRST_PASS_WORK_CLOCK_PAIR_TICKS	0
LIST_EXALL_1000_ENTRIES_FIRST_PASS_WORK_PACKET_CALLS	13
LIST_EXALL_1000_ENTRIES_FIRST_PASS_WORK_PACKET_SAMPLES	13
LIST_EXALL_1000_ENTRIES_FIRST_PASS_WORK_PACKET_SAMPLE_TICKS	68285
LIST_EXALL_1000_ENTRIES_FIRST_PASS_WORK_PACKET_OPEN_CALLS	0
LIST_EXALL_1000_ENTRIES_FIRST_PASS_WORK_PACKET_OPEN_SAMPLES	0
LIST_EXALL_1000_ENTRIES_FIRST_PASS_WORK_PACKET_OPEN_SAMPLE_TICKS	0
LIST_EXALL_1000_ENTRIES_FIRST_PASS_WORK_PACKET_READ_CALLS	0
LIST_EXALL_1000_ENTRIES_FIRST_PASS_WORK_PACKET_READ_SAMPLES	0
LIST_EXALL_1000_ENTRIES_FIRST_PASS_WORK_PACKET_READ_SAMPLE_TICKS	0
LIST_EXALL_1000_ENTRIES_FIRST_PASS_WORK_PACKET_WRITE_CALLS	0
LIST_EXALL_1000_ENTRIES_FIRST_PASS_WORK_PACKET_WRITE_SAMPLES	0
LIST_EXALL_1000_ENTRIES_FIRST_PASS_WORK_PACKET_WRITE_SAMPLE_TICKS	0
LIST_EXALL_1000_ENTRIES_FIRST_PASS_WORK_PACKET_END_CALLS	0
LIST_EXALL_1000_ENTRIES_FIRST_PASS_WORK_PACKET_END_SAMPLES	0
LIST_EXALL_1000_ENTRIES_FIRST_PASS_WORK_PACKET_END_SAMPLE_TICKS	0
LIST_EXALL_1000_ENTRIES_FIRST_PASS_WORK_PACKET_DELETE_CALLS	0
LIST_EXALL_1000_ENTRIES_FIRST_PASS_WORK_PACKET_DELETE_SAMPLES	0
LIST_EXALL_1000_ENTRIES_FIRST_PASS_WORK_PACKET_DELETE_SAMPLE_TICKS	0
LIST_EXALL_1000_ENTRIES_FIRST_PASS_WORK_PACKET_FLUSH_CALLS	0
LIST_EXALL_1000_ENTRIES_FIRST_PASS_WORK_PACKET_FLUSH_SAMPLES	0
LIST_EXALL_1000_ENTRIES_FIRST_PASS_WORK_PACKET_FLUSH_SAMPLE_TICKS	0
LIST_EXALL_1000_ENTRIES_FIRST_PASS_WORK_PACKET_OTHER_CALLS	13
LIST_EXALL_1000_ENTRIES_FIRST_PASS_WORK_PACKET_OTHER_SAMPLES	13
LIST_EXALL_1000_ENTRIES_FIRST_PASS_WORK_PACKET_OTHER_SAMPLE_TICKS	68285
LIST_EXALL_1000_ENTRIES_FIRST_PASS_WORK_CORE_CREATE_CALLS	0
LIST_EXALL_1000_ENTRIES_FIRST_PASS_WORK_CORE_CREATE_SAMPLES	0
LIST_EXALL_1000_ENTRIES_FIRST_PASS_WORK_CORE_CREATE_SAMPLE_TICKS	0
LIST_EXALL_1000_ENTRIES_FIRST_PASS_WORK_CORE_DELETE_CALLS	0
LIST_EXALL_1000_ENTRIES_FIRST_PASS_WORK_CORE_DELETE_SAMPLES	0
LIST_EXALL_1000_ENTRIES_FIRST_PASS_WORK_CORE_DELETE_SAMPLE_TICKS	0
LIST_EXALL_1000_ENTRIES_FIRST_PASS_WORK_CORE_FILE_WRITE_CALLS	0
LIST_EXALL_1000_ENTRIES_FIRST_PASS_WORK_CORE_FILE_WRITE_SAMPLES	0
LIST_EXALL_1000_ENTRIES_FIRST_PASS_WORK_CORE_FILE_WRITE_SAMPLE_TICKS	0
LIST_EXALL_1000_ENTRIES_FIRST_PASS_WORK_CORE_SYNC_CALLS	0
LIST_EXALL_1000_ENTRIES_FIRST_PASS_WORK_CORE_SYNC_SAMPLES	0
LIST_EXALL_1000_ENTRIES_FIRST_PASS_WORK_CORE_SYNC_SAMPLE_TICKS	0
LIST_EXALL_1000_ENTRIES_FIRST_PASS_WORK_IFACE_FREE_CALLS	0
LIST_EXALL_1000_ENTRIES_FIRST_PASS_WORK_IFACE_FREE_SAMPLES	0
LIST_EXALL_1000_ENTRIES_FIRST_PASS_WORK_IFACE_FREE_SAMPLE_TICKS	0
LIST_EXALL_1000_ENTRIES_FIRST_PASS_WORK_SEAL_COMMIT_CALLS	0
LIST_EXALL_1000_ENTRIES_FIRST_PASS_WORK_SEAL_COMMIT_SAMPLES	0
LIST_EXALL_1000_ENTRIES_FIRST_PASS_WORK_SEAL_COMMIT_SAMPLE_TICKS	0
LIST_EXALL_1000_ENTRIES_FIRST_PASS_WORK_INODE_READ_CALLS	1010
LIST_EXALL_1000_ENTRIES_FIRST_PASS_WORK_BTREE_SEARCH_CALLS	1011
LIST_EXALL_1000_ENTRIES_FIRST_PASS_WORK_BTREE_INDEX_HINT_HITS	10
LIST_EXALL_1000_ENTRIES_FIRST_PASS_WORK_BTREE_LEAF_HINT_HITS	941
LIST_EXALL_1000_ENTRIES_FIRST_PASS_WORK_CACHE_READ_CALLS	175
LIST_EXALL_1000_ENTRIES_FIRST_PASS_WORK_CACHE_READ_HITS	0
LIST_EXALL_1000_ENTRIES_FIRST_PASS_WORK_CACHE_READ_MISSES	175
LIST_EXALL_1000_ENTRIES_FIRST_PASS_WORK_FREE_TREE_NODE_VIEWS	0
LIST_EXALL_1000_ENTRIES_FIRST_PASS_WORK_FREE_TREE_RESIDENT_VIEWS	0
LIST_EXALL_1000_ENTRIES_FIRST_PASS_WORK_DIR_TREE_NODE_VIEWS	283
LIST_EXALL_1000_ENTRIES_FIRST_PASS_WORK_DIR_TREE_RESIDENT_VIEWS	167
LIST_EXALL_1000_ENTRIES_FIRST_PASS_WORK_INODE_TREE_NODE_VIEWS	118
LIST_EXALL_1000_ENTRIES_FIRST_PASS_WORK_INODE_TREE_RESIDENT_VIEWS	59
LIST_EXALL_1000_ENTRIES_FIRST_PASS_WORK_REFCOUNT_TREE_NODE_VIEWS	0
LIST_EXALL_1000_ENTRIES_FIRST_PASS_WORK_REFCOUNT_TREE_RESIDENT_VIEWS	0
LIST_EXALL_1000_ENTRIES_FIRST_PASS_WORK_OTHER_TREE_NODE_VIEWS	0
LIST_EXALL_1000_ENTRIES_FIRST_PASS_WORK_OTHER_TREE_RESIDENT_VIEWS	0
LIST_EXALL_1000_ENTRIES_FIRST_PASS_WORK_WRITE_DETAIL_INODE_READ_CALLS	1010
LIST_EXALL_1000_ENTRIES_FIRST_PASS_WORK_WRITE_DETAIL_INODE_READ_SAMPLES	1010
LIST_EXALL_1000_ENTRIES_FIRST_PASS_WORK_WRITE_DETAIL_INODE_READ_SAMPLE_TICKS	31065
LIST_EXALL_1000_ENTRIES_FIRST_PASS_WORK_WRITE_DETAIL_INODE_WRITE_CALLS	0
LIST_EXALL_1000_ENTRIES_FIRST_PASS_WORK_WRITE_DETAIL_INODE_WRITE_SAMPLES	0
LIST_EXALL_1000_ENTRIES_FIRST_PASS_WORK_WRITE_DETAIL_INODE_WRITE_SAMPLE_TICKS	0
LIST_EXALL_1000_ENTRIES_FIRST_PASS_WORK_WRITE_DETAIL_EXTENT_MAP_CALLS	0
LIST_EXALL_1000_ENTRIES_FIRST_PASS_WORK_WRITE_DETAIL_EXTENT_MAP_SAMPLES	0
LIST_EXALL_1000_ENTRIES_FIRST_PASS_WORK_WRITE_DETAIL_EXTENT_MAP_SAMPLE_TICKS	0
LIST_EXALL_1000_ENTRIES_FIRST_PASS_WORK_WRITE_DETAIL_FREESPACE_GOAL_CALLS	0
LIST_EXALL_1000_ENTRIES_FIRST_PASS_WORK_WRITE_DETAIL_FREESPACE_GOAL_SAMPLES	0
LIST_EXALL_1000_ENTRIES_FIRST_PASS_WORK_WRITE_DETAIL_FREESPACE_GOAL_SAMPLE_TICKS	0
LIST_EXALL_1000_ENTRIES_FIRST_PASS_WORK_BTREE_MALLOC_CALLS	12
LIST_EXALL_1000_ENTRIES_FIRST_PASS_WORK_BTREE_MALLOC_SAMPLES	12
LIST_EXALL_1000_ENTRIES_FIRST_PASS_WORK_BTREE_MALLOC_SAMPLE_TICKS	72
LIST_EXALL_1000_ENTRIES_FIRST_PASS_WORK_BTREE_FREE_CALLS	12
LIST_EXALL_1000_ENTRIES_FIRST_PASS_WORK_BTREE_FREE_SAMPLES	12
LIST_EXALL_1000_ENTRIES_FIRST_PASS_WORK_BTREE_FREE_SAMPLE_TICKS	84
LIST_EXALL_1000_ENTRIES_FIRST_PASS_WORK_IFACE_ALLOC_CALLS	0
LIST_EXALL_1000_ENTRIES_FIRST_PASS_WORK_IFACE_ALLOC_SAMPLES	0
LIST_EXALL_1000_ENTRIES_FIRST_PASS_WORK_IFACE_ALLOC_SAMPLE_TICKS	0
LIST_EXALL_1000_ENTRIES_FIRST_PASS_WORK_FREESPACE_ALLOC_CALLS	0
LIST_EXALL_1000_ENTRIES_FIRST_PASS_WORK_FREESPACE_ALLOC_SAMPLES	0
LIST_EXALL_1000_ENTRIES_FIRST_PASS_WORK_FREESPACE_ALLOC_SAMPLE_TICKS	0
LIST_EXALL_1000_ENTRIES_FIRST_PASS_WORK_DETAIL_INODE_READ_CALLS	1010
LIST_EXALL_1000_ENTRIES_FIRST_PASS_WORK_DETAIL_INODE_READ_SAMPLES	59
LIST_EXALL_1000_ENTRIES_FIRST_PASS_WORK_DETAIL_INODE_READ_SAMPLE_TICKS	2673
LIST_EXALL_1000_ENTRIES_FIRST_PASS_WORK_DETAIL_INODE_VALIDATE_CALLS	1010
LIST_EXALL_1000_ENTRIES_FIRST_PASS_WORK_DETAIL_INODE_VALIDATE_SAMPLES	59
LIST_EXALL_1000_ENTRIES_FIRST_PASS_WORK_DETAIL_INODE_VALIDATE_SAMPLE_TICKS	31
LIST_EXALL_1000_ENTRIES_FIRST_PASS_WORK_DETAIL_INODE_SEARCH_CALLS	1010
LIST_EXALL_1000_ENTRIES_FIRST_PASS_WORK_DETAIL_INODE_SEARCH_SAMPLES	59
LIST_EXALL_1000_ENTRIES_FIRST_PASS_WORK_DETAIL_INODE_SEARCH_SAMPLE_TICKS	2192
LIST_EXALL_1000_ENTRIES_FIRST_PASS_WORK_DETAIL_INODE_NODE_VIEW_CALLS	118
LIST_EXALL_1000_ENTRIES_FIRST_PASS_WORK_DETAIL_INODE_NODE_VIEW_SAMPLES	6
LIST_EXALL_1000_ENTRIES_FIRST_PASS_WORK_DETAIL_INODE_NODE_VIEW_SAMPLE_TICKS	501
LIST_EXALL_1000_ENTRIES_FIRST_PASS_WORK_DETAIL_DIR_NODE_VIEW_CALLS	283
LIST_EXALL_1000_ENTRIES_FIRST_PASS_WORK_DETAIL_DIR_NODE_VIEW_SAMPLES	16
LIST_EXALL_1000_ENTRIES_FIRST_PASS_WORK_DETAIL_DIR_NODE_VIEW_SAMPLE_TICKS	1862
LIST_EXALL_1000_ENTRIES_FIRST_PASS_WORK_DETAIL_INODE_BINARY_SEARCH_CALLS	118
LIST_EXALL_1000_ENTRIES_FIRST_PASS_WORK_DETAIL_INODE_BINARY_SEARCH_SAMPLES	6
LIST_EXALL_1000_ENTRIES_FIRST_PASS_WORK_DETAIL_INODE_BINARY_SEARCH_SAMPLE_TICKS	0
LIST_EXALL_1000_ENTRIES_FIRST_PASS_WORK_DETAIL_DIR_BINARY_SEARCH_CALLS	54
LIST_EXALL_1000_ENTRIES_FIRST_PASS_WORK_DETAIL_DIR_BINARY_SEARCH_SAMPLES	3
LIST_EXALL_1000_ENTRIES_FIRST_PASS_WORK_DETAIL_DIR_BINARY_SEARCH_SAMPLE_TICKS	7
LIST_EXALL_1000_ENTRIES_FIRST_PASS_WORK_DETAIL_NODE_STRUCTURE_CALLS	175
LIST_EXALL_1000_ENTRIES_FIRST_PASS_WORK_DETAIL_NODE_STRUCTURE_SAMPLES	10
LIST_EXALL_1000_ENTRIES_FIRST_PASS_WORK_DETAIL_NODE_STRUCTURE_SAMPLE_TICKS	228
LIST_EXALL_1000_ENTRIES_FIRST_PASS_WORK_DETAIL_CACHE_PEEK_CALLS	1442
LIST_EXALL_1000_ENTRIES_FIRST_PASS_WORK_DETAIL_CACHE_PEEK_SAMPLES	84
LIST_EXALL_1000_ENTRIES_FIRST_PASS_WORK_DETAIL_CACHE_PEEK_SAMPLE_TICKS	174
LIST_EXALL_1000_ENTRIES_FIRST_PASS_WORK_DETAIL_BUFFER_ALLOC_CALLS	71
LIST_EXALL_1000_ENTRIES_FIRST_PASS_WORK_DETAIL_BUFFER_ALLOC_SAMPLES	4
LIST_EXALL_1000_ENTRIES_FIRST_PASS_WORK_DETAIL_BUFFER_ALLOC_SAMPLE_TICKS	0
LIST_EXALL_1000_ENTRIES_FIRST_PASS_WORK_DETAIL_BUFFER_FREE_CALLS	71
LIST_EXALL_1000_ENTRIES_FIRST_PASS_WORK_DETAIL_BUFFER_FREE_SAMPLES	4
LIST_EXALL_1000_ENTRIES_FIRST_PASS_WORK_DETAIL_BUFFER_FREE_SAMPLE_TICKS	45
LIST_EXALL_1000_ENTRIES_FIRST_PASS_WORK_DETAIL_EXALL_FILL_CALLS	1011
LIST_EXALL_1000_ENTRIES_FIRST_PASS_WORK_DETAIL_EXALL_FILL_SAMPLES	59
LIST_EXALL_1000_ENTRIES_FIRST_PASS_WORK_DETAIL_EXALL_FILL_SAMPLE_TICKS	2843
LIST_EXALL_1000_ENTRIES_FIRST_PASS_WORK_FREESPACE_ALLOCS	0
LIST_EXALL_1000_ENTRIES_FIRST_PASS_VOLUME_FLUSH_BIO_READS	0
LIST_EXALL_1000_ENTRIES_FIRST_PASS_VOLUME_FLUSH_BIO_WRITES	0
LIST_EXALL_1000_ENTRIES_FIRST_PASS_VOLUME_FLUSH_BIO_UPDATES	0
LIST_EXALL_1000_ENTRIES_FIRST_PASS_VOLUME_FLUSH_DATA_READS	0
LIST_EXALL_1000_ENTRIES_FIRST_PASS_VOLUME_FLUSH_DATA_WRITES	0
LIST_EXALL_1000_ENTRIES_FIRST_PASS_VOLUME_FLUSH_NODE_WRITES	0
LIST_EXALL_1000_ENTRIES_FIRST_PASS_VOLUME_FLUSH_TXN_COMMITS	0
LIST_EXALL_1000_ENTRIES_FIRST_PASS_VOLUME_FLUSH_EXTENT_MAPS	0
LIST_EXALL_1000_ENTRIES_FIRST_PASS_VOLUME_FLUSH_READ_TICKS	0
LIST_EXALL_1000_ENTRIES_FIRST_PASS_VOLUME_FLUSH_WRITE_TICKS	0
LIST_EXALL_1000_ENTRIES_FIRST_PASS_VOLUME_FLUSH_UPDATE_TICKS	0
LIST_EXALL_1000_ENTRIES_FIRST_PASS_VOLUME_FLUSH_DATA_READ_TICKS	0
LIST_EXALL_1000_ENTRIES_FIRST_PASS_VOLUME_FLUSH_DATA_WRITE_TICKS	0
LIST_EXALL_1000_ENTRIES_FIRST_PASS_VOLUME_FLUSH_NODE_CRC_READ_CALLS	0
LIST_EXALL_1000_ENTRIES_FIRST_PASS_VOLUME_FLUSH_NODE_CRC_READ_SAMPLES	0
LIST_EXALL_1000_ENTRIES_FIRST_PASS_VOLUME_FLUSH_NODE_CRC_READ_SAMPLE_TICKS	0
LIST_EXALL_1000_ENTRIES_FIRST_PASS_VOLUME_FLUSH_NODE_CRC_WRITE_CALLS	0
LIST_EXALL_1000_ENTRIES_FIRST_PASS_VOLUME_FLUSH_NODE_CRC_WRITE_SAMPLES	0
LIST_EXALL_1000_ENTRIES_FIRST_PASS_VOLUME_FLUSH_NODE_CRC_WRITE_SAMPLE_TICKS	0
LIST_EXALL_1000_ENTRIES_FIRST_PASS_VOLUME_FLUSH_CLOCK_PAIR_TICKS	0
LIST_EXALL_1000_ENTRIES_FIRST_PASS_VOLUME_FLUSH_PACKET_CALLS	0
LIST_EXALL_1000_ENTRIES_FIRST_PASS_VOLUME_FLUSH_PACKET_SAMPLES	0
LIST_EXALL_1000_ENTRIES_FIRST_PASS_VOLUME_FLUSH_PACKET_SAMPLE_TICKS	0
LIST_EXALL_1000_ENTRIES_FIRST_PASS_VOLUME_FLUSH_PACKET_OPEN_CALLS	0
LIST_EXALL_1000_ENTRIES_FIRST_PASS_VOLUME_FLUSH_PACKET_OPEN_SAMPLES	0
LIST_EXALL_1000_ENTRIES_FIRST_PASS_VOLUME_FLUSH_PACKET_OPEN_SAMPLE_TICKS	0
LIST_EXALL_1000_ENTRIES_FIRST_PASS_VOLUME_FLUSH_PACKET_READ_CALLS	0
LIST_EXALL_1000_ENTRIES_FIRST_PASS_VOLUME_FLUSH_PACKET_READ_SAMPLES	0
LIST_EXALL_1000_ENTRIES_FIRST_PASS_VOLUME_FLUSH_PACKET_READ_SAMPLE_TICKS	0
LIST_EXALL_1000_ENTRIES_FIRST_PASS_VOLUME_FLUSH_PACKET_WRITE_CALLS	0
LIST_EXALL_1000_ENTRIES_FIRST_PASS_VOLUME_FLUSH_PACKET_WRITE_SAMPLES	0
LIST_EXALL_1000_ENTRIES_FIRST_PASS_VOLUME_FLUSH_PACKET_WRITE_SAMPLE_TICKS	0
LIST_EXALL_1000_ENTRIES_FIRST_PASS_VOLUME_FLUSH_PACKET_END_CALLS	0
LIST_EXALL_1000_ENTRIES_FIRST_PASS_VOLUME_FLUSH_PACKET_END_SAMPLES	0
LIST_EXALL_1000_ENTRIES_FIRST_PASS_VOLUME_FLUSH_PACKET_END_SAMPLE_TICKS	0
LIST_EXALL_1000_ENTRIES_FIRST_PASS_VOLUME_FLUSH_PACKET_DELETE_CALLS	0
LIST_EXALL_1000_ENTRIES_FIRST_PASS_VOLUME_FLUSH_PACKET_DELETE_SAMPLES	0
LIST_EXALL_1000_ENTRIES_FIRST_PASS_VOLUME_FLUSH_PACKET_DELETE_SAMPLE_TICKS	0
LIST_EXALL_1000_ENTRIES_FIRST_PASS_VOLUME_FLUSH_PACKET_FLUSH_CALLS	0
LIST_EXALL_1000_ENTRIES_FIRST_PASS_VOLUME_FLUSH_PACKET_FLUSH_SAMPLES	0
LIST_EXALL_1000_ENTRIES_FIRST_PASS_VOLUME_FLUSH_PACKET_FLUSH_SAMPLE_TICKS	0
LIST_EXALL_1000_ENTRIES_FIRST_PASS_VOLUME_FLUSH_PACKET_OTHER_CALLS	0
LIST_EXALL_1000_ENTRIES_FIRST_PASS_VOLUME_FLUSH_PACKET_OTHER_SAMPLES	0
LIST_EXALL_1000_ENTRIES_FIRST_PASS_VOLUME_FLUSH_PACKET_OTHER_SAMPLE_TICKS	0
LIST_EXALL_1000_ENTRIES_FIRST_PASS_VOLUME_FLUSH_CORE_CREATE_CALLS	0
LIST_EXALL_1000_ENTRIES_FIRST_PASS_VOLUME_FLUSH_CORE_CREATE_SAMPLES	0
LIST_EXALL_1000_ENTRIES_FIRST_PASS_VOLUME_FLUSH_CORE_CREATE_SAMPLE_TICKS	0
LIST_EXALL_1000_ENTRIES_FIRST_PASS_VOLUME_FLUSH_CORE_DELETE_CALLS	0
LIST_EXALL_1000_ENTRIES_FIRST_PASS_VOLUME_FLUSH_CORE_DELETE_SAMPLES	0
LIST_EXALL_1000_ENTRIES_FIRST_PASS_VOLUME_FLUSH_CORE_DELETE_SAMPLE_TICKS	0
LIST_EXALL_1000_ENTRIES_FIRST_PASS_VOLUME_FLUSH_CORE_FILE_WRITE_CALLS	0
LIST_EXALL_1000_ENTRIES_FIRST_PASS_VOLUME_FLUSH_CORE_FILE_WRITE_SAMPLES	0
LIST_EXALL_1000_ENTRIES_FIRST_PASS_VOLUME_FLUSH_CORE_FILE_WRITE_SAMPLE_TICKS	0
LIST_EXALL_1000_ENTRIES_FIRST_PASS_VOLUME_FLUSH_CORE_SYNC_CALLS	0
LIST_EXALL_1000_ENTRIES_FIRST_PASS_VOLUME_FLUSH_CORE_SYNC_SAMPLES	0
LIST_EXALL_1000_ENTRIES_FIRST_PASS_VOLUME_FLUSH_CORE_SYNC_SAMPLE_TICKS	0
LIST_EXALL_1000_ENTRIES_FIRST_PASS_VOLUME_FLUSH_IFACE_FREE_CALLS	0
LIST_EXALL_1000_ENTRIES_FIRST_PASS_VOLUME_FLUSH_IFACE_FREE_SAMPLES	0
LIST_EXALL_1000_ENTRIES_FIRST_PASS_VOLUME_FLUSH_IFACE_FREE_SAMPLE_TICKS	0
LIST_EXALL_1000_ENTRIES_FIRST_PASS_VOLUME_FLUSH_SEAL_COMMIT_CALLS	0
LIST_EXALL_1000_ENTRIES_FIRST_PASS_VOLUME_FLUSH_SEAL_COMMIT_SAMPLES	0
LIST_EXALL_1000_ENTRIES_FIRST_PASS_VOLUME_FLUSH_SEAL_COMMIT_SAMPLE_TICKS	0
LIST_EXALL_1000_ENTRIES_FIRST_PASS_VOLUME_FLUSH_INODE_READ_CALLS	0
LIST_EXALL_1000_ENTRIES_FIRST_PASS_VOLUME_FLUSH_BTREE_SEARCH_CALLS	0
LIST_EXALL_1000_ENTRIES_FIRST_PASS_VOLUME_FLUSH_BTREE_INDEX_HINT_HITS	0
LIST_EXALL_1000_ENTRIES_FIRST_PASS_VOLUME_FLUSH_BTREE_LEAF_HINT_HITS	0
LIST_EXALL_1000_ENTRIES_FIRST_PASS_VOLUME_FLUSH_CACHE_READ_CALLS	0
LIST_EXALL_1000_ENTRIES_FIRST_PASS_VOLUME_FLUSH_CACHE_READ_HITS	0
LIST_EXALL_1000_ENTRIES_FIRST_PASS_VOLUME_FLUSH_CACHE_READ_MISSES	0
LIST_EXALL_1000_ENTRIES_FIRST_PASS_VOLUME_FLUSH_FREE_TREE_NODE_VIEWS	0
LIST_EXALL_1000_ENTRIES_FIRST_PASS_VOLUME_FLUSH_FREE_TREE_RESIDENT_VIEWS	0
LIST_EXALL_1000_ENTRIES_FIRST_PASS_VOLUME_FLUSH_DIR_TREE_NODE_VIEWS	0
LIST_EXALL_1000_ENTRIES_FIRST_PASS_VOLUME_FLUSH_DIR_TREE_RESIDENT_VIEWS	0
LIST_EXALL_1000_ENTRIES_FIRST_PASS_VOLUME_FLUSH_INODE_TREE_NODE_VIEWS	0
LIST_EXALL_1000_ENTRIES_FIRST_PASS_VOLUME_FLUSH_INODE_TREE_RESIDENT_VIEWS	0
LIST_EXALL_1000_ENTRIES_FIRST_PASS_VOLUME_FLUSH_REFCOUNT_TREE_NODE_VIEWS	0
LIST_EXALL_1000_ENTRIES_FIRST_PASS_VOLUME_FLUSH_REFCOUNT_TREE_RESIDENT_VIEWS	0
LIST_EXALL_1000_ENTRIES_FIRST_PASS_VOLUME_FLUSH_OTHER_TREE_NODE_VIEWS	0
LIST_EXALL_1000_ENTRIES_FIRST_PASS_VOLUME_FLUSH_OTHER_TREE_RESIDENT_VIEWS	0
LIST_EXALL_1000_ENTRIES_FIRST_PASS_VOLUME_FLUSH_WRITE_DETAIL_INODE_READ_CALLS	0
LIST_EXALL_1000_ENTRIES_FIRST_PASS_VOLUME_FLUSH_WRITE_DETAIL_INODE_READ_SAMPLES	0
LIST_EXALL_1000_ENTRIES_FIRST_PASS_VOLUME_FLUSH_WRITE_DETAIL_INODE_READ_SAMPLE_TICKS	0
LIST_EXALL_1000_ENTRIES_FIRST_PASS_VOLUME_FLUSH_WRITE_DETAIL_INODE_WRITE_CALLS	0
LIST_EXALL_1000_ENTRIES_FIRST_PASS_VOLUME_FLUSH_WRITE_DETAIL_INODE_WRITE_SAMPLES	0
LIST_EXALL_1000_ENTRIES_FIRST_PASS_VOLUME_FLUSH_WRITE_DETAIL_INODE_WRITE_SAMPLE_TICKS	0
LIST_EXALL_1000_ENTRIES_FIRST_PASS_VOLUME_FLUSH_WRITE_DETAIL_EXTENT_MAP_CALLS	0
LIST_EXALL_1000_ENTRIES_FIRST_PASS_VOLUME_FLUSH_WRITE_DETAIL_EXTENT_MAP_SAMPLES	0
LIST_EXALL_1000_ENTRIES_FIRST_PASS_VOLUME_FLUSH_WRITE_DETAIL_EXTENT_MAP_SAMPLE_TICKS	0
LIST_EXALL_1000_ENTRIES_FIRST_PASS_VOLUME_FLUSH_WRITE_DETAIL_FREESPACE_GOAL_CALLS	0
LIST_EXALL_1000_ENTRIES_FIRST_PASS_VOLUME_FLUSH_WRITE_DETAIL_FREESPACE_GOAL_SAMPLES	0
LIST_EXALL_1000_ENTRIES_FIRST_PASS_VOLUME_FLUSH_WRITE_DETAIL_FREESPACE_GOAL_SAMPLE_TICKS	0
LIST_EXALL_1000_ENTRIES_FIRST_PASS_VOLUME_FLUSH_BTREE_MALLOC_CALLS	0
LIST_EXALL_1000_ENTRIES_FIRST_PASS_VOLUME_FLUSH_BTREE_MALLOC_SAMPLES	0
LIST_EXALL_1000_ENTRIES_FIRST_PASS_VOLUME_FLUSH_BTREE_MALLOC_SAMPLE_TICKS	0
LIST_EXALL_1000_ENTRIES_FIRST_PASS_VOLUME_FLUSH_BTREE_FREE_CALLS	0
LIST_EXALL_1000_ENTRIES_FIRST_PASS_VOLUME_FLUSH_BTREE_FREE_SAMPLES	0
LIST_EXALL_1000_ENTRIES_FIRST_PASS_VOLUME_FLUSH_BTREE_FREE_SAMPLE_TICKS	0
LIST_EXALL_1000_ENTRIES_FIRST_PASS_VOLUME_FLUSH_IFACE_ALLOC_CALLS	0
LIST_EXALL_1000_ENTRIES_FIRST_PASS_VOLUME_FLUSH_IFACE_ALLOC_SAMPLES	0
LIST_EXALL_1000_ENTRIES_FIRST_PASS_VOLUME_FLUSH_IFACE_ALLOC_SAMPLE_TICKS	0
LIST_EXALL_1000_ENTRIES_FIRST_PASS_VOLUME_FLUSH_FREESPACE_ALLOC_CALLS	0
LIST_EXALL_1000_ENTRIES_FIRST_PASS_VOLUME_FLUSH_FREESPACE_ALLOC_SAMPLES	0
LIST_EXALL_1000_ENTRIES_FIRST_PASS_VOLUME_FLUSH_FREESPACE_ALLOC_SAMPLE_TICKS	0
LIST_EXALL_1000_ENTRIES_FIRST_PASS_VOLUME_FLUSH_DETAIL_INODE_READ_CALLS	0
LIST_EXALL_1000_ENTRIES_FIRST_PASS_VOLUME_FLUSH_DETAIL_INODE_READ_SAMPLES	0
LIST_EXALL_1000_ENTRIES_FIRST_PASS_VOLUME_FLUSH_DETAIL_INODE_READ_SAMPLE_TICKS	0
LIST_EXALL_1000_ENTRIES_FIRST_PASS_VOLUME_FLUSH_DETAIL_INODE_VALIDATE_CALLS	0
LIST_EXALL_1000_ENTRIES_FIRST_PASS_VOLUME_FLUSH_DETAIL_INODE_VALIDATE_SAMPLES	0
LIST_EXALL_1000_ENTRIES_FIRST_PASS_VOLUME_FLUSH_DETAIL_INODE_VALIDATE_SAMPLE_TICKS	0
LIST_EXALL_1000_ENTRIES_FIRST_PASS_VOLUME_FLUSH_DETAIL_INODE_SEARCH_CALLS	0
LIST_EXALL_1000_ENTRIES_FIRST_PASS_VOLUME_FLUSH_DETAIL_INODE_SEARCH_SAMPLES	0
LIST_EXALL_1000_ENTRIES_FIRST_PASS_VOLUME_FLUSH_DETAIL_INODE_SEARCH_SAMPLE_TICKS	0
LIST_EXALL_1000_ENTRIES_FIRST_PASS_VOLUME_FLUSH_DETAIL_INODE_NODE_VIEW_CALLS	0
LIST_EXALL_1000_ENTRIES_FIRST_PASS_VOLUME_FLUSH_DETAIL_INODE_NODE_VIEW_SAMPLES	0
LIST_EXALL_1000_ENTRIES_FIRST_PASS_VOLUME_FLUSH_DETAIL_INODE_NODE_VIEW_SAMPLE_TICKS	0
LIST_EXALL_1000_ENTRIES_FIRST_PASS_VOLUME_FLUSH_DETAIL_DIR_NODE_VIEW_CALLS	0
LIST_EXALL_1000_ENTRIES_FIRST_PASS_VOLUME_FLUSH_DETAIL_DIR_NODE_VIEW_SAMPLES	0
LIST_EXALL_1000_ENTRIES_FIRST_PASS_VOLUME_FLUSH_DETAIL_DIR_NODE_VIEW_SAMPLE_TICKS	0
LIST_EXALL_1000_ENTRIES_FIRST_PASS_VOLUME_FLUSH_DETAIL_INODE_BINARY_SEARCH_CALLS	0
LIST_EXALL_1000_ENTRIES_FIRST_PASS_VOLUME_FLUSH_DETAIL_INODE_BINARY_SEARCH_SAMPLES	0
LIST_EXALL_1000_ENTRIES_FIRST_PASS_VOLUME_FLUSH_DETAIL_INODE_BINARY_SEARCH_SAMPLE_TICKS	0
LIST_EXALL_1000_ENTRIES_FIRST_PASS_VOLUME_FLUSH_DETAIL_DIR_BINARY_SEARCH_CALLS	0
LIST_EXALL_1000_ENTRIES_FIRST_PASS_VOLUME_FLUSH_DETAIL_DIR_BINARY_SEARCH_SAMPLES	0
LIST_EXALL_1000_ENTRIES_FIRST_PASS_VOLUME_FLUSH_DETAIL_DIR_BINARY_SEARCH_SAMPLE_TICKS	0
LIST_EXALL_1000_ENTRIES_FIRST_PASS_VOLUME_FLUSH_DETAIL_NODE_STRUCTURE_CALLS	0
LIST_EXALL_1000_ENTRIES_FIRST_PASS_VOLUME_FLUSH_DETAIL_NODE_STRUCTURE_SAMPLES	0
LIST_EXALL_1000_ENTRIES_FIRST_PASS_VOLUME_FLUSH_DETAIL_NODE_STRUCTURE_SAMPLE_TICKS	0
LIST_EXALL_1000_ENTRIES_FIRST_PASS_VOLUME_FLUSH_DETAIL_CACHE_PEEK_CALLS	0
LIST_EXALL_1000_ENTRIES_FIRST_PASS_VOLUME_FLUSH_DETAIL_CACHE_PEEK_SAMPLES	0
LIST_EXALL_1000_ENTRIES_FIRST_PASS_VOLUME_FLUSH_DETAIL_CACHE_PEEK_SAMPLE_TICKS	0
LIST_EXALL_1000_ENTRIES_FIRST_PASS_VOLUME_FLUSH_DETAIL_BUFFER_ALLOC_CALLS	0
LIST_EXALL_1000_ENTRIES_FIRST_PASS_VOLUME_FLUSH_DETAIL_BUFFER_ALLOC_SAMPLES	0
LIST_EXALL_1000_ENTRIES_FIRST_PASS_VOLUME_FLUSH_DETAIL_BUFFER_ALLOC_SAMPLE_TICKS	0
LIST_EXALL_1000_ENTRIES_FIRST_PASS_VOLUME_FLUSH_DETAIL_BUFFER_FREE_CALLS	0
LIST_EXALL_1000_ENTRIES_FIRST_PASS_VOLUME_FLUSH_DETAIL_BUFFER_FREE_SAMPLES	0
LIST_EXALL_1000_ENTRIES_FIRST_PASS_VOLUME_FLUSH_DETAIL_BUFFER_FREE_SAMPLE_TICKS	0
LIST_EXALL_1000_ENTRIES_FIRST_PASS_VOLUME_FLUSH_DETAIL_EXALL_FILL_CALLS	0
LIST_EXALL_1000_ENTRIES_FIRST_PASS_VOLUME_FLUSH_DETAIL_EXALL_FILL_SAMPLES	0
LIST_EXALL_1000_ENTRIES_FIRST_PASS_VOLUME_FLUSH_DETAIL_EXALL_FILL_SAMPLE_TICKS	0
LIST_EXALL_1000_ENTRIES_FIRST_PASS_VOLUME_FLUSH_FREESPACE_ALLOCS	0
LIST_EXALL_1000_ENTRIES_REPEAT10_TOTAL_US	1075386
LIST_EXALL_1000_ENTRIES_REPEAT10_TOTAL_WORK_US	1075386
LIST_EXALL_1000_ENTRIES_REPEAT10_TOTAL_VOLUME_FLUSH_US	0
LIST_EXALL_1000_ENTRIES_REPEAT10_TOTAL_HAS_VOLUME_FLUSH	0
LIST_EXALL_1000_ENTRIES_REPEAT10_TOTAL_GUEST_OPEN_CALLS	0
LIST_EXALL_1000_ENTRIES_REPEAT10_TOTAL_GUEST_OPEN_US	0
LIST_EXALL_1000_ENTRIES_REPEAT10_TOTAL_GUEST_READ_CALLS	0
LIST_EXALL_1000_ENTRIES_REPEAT10_TOTAL_GUEST_READ_US	0
LIST_EXALL_1000_ENTRIES_REPEAT10_TOTAL_GUEST_WRITE_CALLS	0
LIST_EXALL_1000_ENTRIES_REPEAT10_TOTAL_GUEST_WRITE_US	0
LIST_EXALL_1000_ENTRIES_REPEAT10_TOTAL_GUEST_HANDLE_FLUSH_CALLS	0
LIST_EXALL_1000_ENTRIES_REPEAT10_TOTAL_GUEST_HANDLE_FLUSH_US	0
LIST_EXALL_1000_ENTRIES_REPEAT10_TOTAL_GUEST_CLOSE_CALLS	0
LIST_EXALL_1000_ENTRIES_REPEAT10_TOTAL_GUEST_CLOSE_US	0
LIST_EXALL_1000_ENTRIES_REPEAT10_TOTAL_GUEST_VERIFY_CALLS	0
LIST_EXALL_1000_ENTRIES_REPEAT10_TOTAL_GUEST_VERIFY_US	0
LIST_EXALL_1000_ENTRIES_REPEAT10_TOTAL_WORK_BIO_READS	1713
LIST_EXALL_1000_ENTRIES_REPEAT10_TOTAL_WORK_BIO_WRITES	0
LIST_EXALL_1000_ENTRIES_REPEAT10_TOTAL_WORK_BIO_UPDATES	0
LIST_EXALL_1000_ENTRIES_REPEAT10_TOTAL_WORK_DATA_READS	0
LIST_EXALL_1000_ENTRIES_REPEAT10_TOTAL_WORK_DATA_WRITES	0
LIST_EXALL_1000_ENTRIES_REPEAT10_TOTAL_WORK_NODE_WRITES	0
LIST_EXALL_1000_ENTRIES_REPEAT10_TOTAL_WORK_TXN_COMMITS	0
LIST_EXALL_1000_ENTRIES_REPEAT10_TOTAL_WORK_EXTENT_MAPS	0
LIST_EXALL_1000_ENTRIES_REPEAT10_TOTAL_WORK_READ_TICKS	130275
LIST_EXALL_1000_ENTRIES_REPEAT10_TOTAL_WORK_WRITE_TICKS	0
LIST_EXALL_1000_ENTRIES_REPEAT10_TOTAL_WORK_UPDATE_TICKS	0
LIST_EXALL_1000_ENTRIES_REPEAT10_TOTAL_WORK_DATA_READ_TICKS	0
LIST_EXALL_1000_ENTRIES_REPEAT10_TOTAL_WORK_DATA_WRITE_TICKS	0
LIST_EXALL_1000_ENTRIES_REPEAT10_TOTAL_WORK_NODE_CRC_READ_CALLS	1713
LIST_EXALL_1000_ENTRIES_REPEAT10_TOTAL_WORK_NODE_CRC_READ_SAMPLES	1713
LIST_EXALL_1000_ENTRIES_REPEAT10_TOTAL_WORK_NODE_CRC_READ_SAMPLE_TICKS	176034
LIST_EXALL_1000_ENTRIES_REPEAT10_TOTAL_WORK_NODE_CRC_WRITE_CALLS	0
LIST_EXALL_1000_ENTRIES_REPEAT10_TOTAL_WORK_NODE_CRC_WRITE_SAMPLES	0
LIST_EXALL_1000_ENTRIES_REPEAT10_TOTAL_WORK_NODE_CRC_WRITE_SAMPLE_TICKS	0
LIST_EXALL_1000_ENTRIES_REPEAT10_TOTAL_WORK_CLOCK_PAIR_TICKS	0
LIST_EXALL_1000_ENTRIES_REPEAT10_TOTAL_WORK_PACKET_CALLS	112
LIST_EXALL_1000_ENTRIES_REPEAT10_TOTAL_WORK_PACKET_SAMPLES	112
LIST_EXALL_1000_ENTRIES_REPEAT10_TOTAL_WORK_PACKET_SAMPLE_TICKS	753139
LIST_EXALL_1000_ENTRIES_REPEAT10_TOTAL_WORK_PACKET_OPEN_CALLS	0
LIST_EXALL_1000_ENTRIES_REPEAT10_TOTAL_WORK_PACKET_OPEN_SAMPLES	0
LIST_EXALL_1000_ENTRIES_REPEAT10_TOTAL_WORK_PACKET_OPEN_SAMPLE_TICKS	0
LIST_EXALL_1000_ENTRIES_REPEAT10_TOTAL_WORK_PACKET_READ_CALLS	0
LIST_EXALL_1000_ENTRIES_REPEAT10_TOTAL_WORK_PACKET_READ_SAMPLES	0
LIST_EXALL_1000_ENTRIES_REPEAT10_TOTAL_WORK_PACKET_READ_SAMPLE_TICKS	0
LIST_EXALL_1000_ENTRIES_REPEAT10_TOTAL_WORK_PACKET_WRITE_CALLS	0
LIST_EXALL_1000_ENTRIES_REPEAT10_TOTAL_WORK_PACKET_WRITE_SAMPLES	0
LIST_EXALL_1000_ENTRIES_REPEAT10_TOTAL_WORK_PACKET_WRITE_SAMPLE_TICKS	0
LIST_EXALL_1000_ENTRIES_REPEAT10_TOTAL_WORK_PACKET_END_CALLS	0
LIST_EXALL_1000_ENTRIES_REPEAT10_TOTAL_WORK_PACKET_END_SAMPLES	0
LIST_EXALL_1000_ENTRIES_REPEAT10_TOTAL_WORK_PACKET_END_SAMPLE_TICKS	0
LIST_EXALL_1000_ENTRIES_REPEAT10_TOTAL_WORK_PACKET_DELETE_CALLS	0
LIST_EXALL_1000_ENTRIES_REPEAT10_TOTAL_WORK_PACKET_DELETE_SAMPLES	0
LIST_EXALL_1000_ENTRIES_REPEAT10_TOTAL_WORK_PACKET_DELETE_SAMPLE_TICKS	0
LIST_EXALL_1000_ENTRIES_REPEAT10_TOTAL_WORK_PACKET_FLUSH_CALLS	0
LIST_EXALL_1000_ENTRIES_REPEAT10_TOTAL_WORK_PACKET_FLUSH_SAMPLES	0
LIST_EXALL_1000_ENTRIES_REPEAT10_TOTAL_WORK_PACKET_FLUSH_SAMPLE_TICKS	0
LIST_EXALL_1000_ENTRIES_REPEAT10_TOTAL_WORK_PACKET_OTHER_CALLS	112
LIST_EXALL_1000_ENTRIES_REPEAT10_TOTAL_WORK_PACKET_OTHER_SAMPLES	112
LIST_EXALL_1000_ENTRIES_REPEAT10_TOTAL_WORK_PACKET_OTHER_SAMPLE_TICKS	753139
LIST_EXALL_1000_ENTRIES_REPEAT10_TOTAL_WORK_CORE_CREATE_CALLS	0
LIST_EXALL_1000_ENTRIES_REPEAT10_TOTAL_WORK_CORE_CREATE_SAMPLES	0
LIST_EXALL_1000_ENTRIES_REPEAT10_TOTAL_WORK_CORE_CREATE_SAMPLE_TICKS	0
LIST_EXALL_1000_ENTRIES_REPEAT10_TOTAL_WORK_CORE_DELETE_CALLS	0
LIST_EXALL_1000_ENTRIES_REPEAT10_TOTAL_WORK_CORE_DELETE_SAMPLES	0
LIST_EXALL_1000_ENTRIES_REPEAT10_TOTAL_WORK_CORE_DELETE_SAMPLE_TICKS	0
LIST_EXALL_1000_ENTRIES_REPEAT10_TOTAL_WORK_CORE_FILE_WRITE_CALLS	0
LIST_EXALL_1000_ENTRIES_REPEAT10_TOTAL_WORK_CORE_FILE_WRITE_SAMPLES	0
LIST_EXALL_1000_ENTRIES_REPEAT10_TOTAL_WORK_CORE_FILE_WRITE_SAMPLE_TICKS	0
LIST_EXALL_1000_ENTRIES_REPEAT10_TOTAL_WORK_CORE_SYNC_CALLS	0
LIST_EXALL_1000_ENTRIES_REPEAT10_TOTAL_WORK_CORE_SYNC_SAMPLES	0
LIST_EXALL_1000_ENTRIES_REPEAT10_TOTAL_WORK_CORE_SYNC_SAMPLE_TICKS	0
LIST_EXALL_1000_ENTRIES_REPEAT10_TOTAL_WORK_IFACE_FREE_CALLS	0
LIST_EXALL_1000_ENTRIES_REPEAT10_TOTAL_WORK_IFACE_FREE_SAMPLES	0
LIST_EXALL_1000_ENTRIES_REPEAT10_TOTAL_WORK_IFACE_FREE_SAMPLE_TICKS	0
LIST_EXALL_1000_ENTRIES_REPEAT10_TOTAL_WORK_SEAL_COMMIT_CALLS	0
LIST_EXALL_1000_ENTRIES_REPEAT10_TOTAL_WORK_SEAL_COMMIT_SAMPLES	0
LIST_EXALL_1000_ENTRIES_REPEAT10_TOTAL_WORK_SEAL_COMMIT_SAMPLE_TICKS	0
LIST_EXALL_1000_ENTRIES_REPEAT10_TOTAL_WORK_INODE_READ_CALLS	10100
LIST_EXALL_1000_ENTRIES_REPEAT10_TOTAL_WORK_BTREE_SEARCH_CALLS	10101
LIST_EXALL_1000_ENTRIES_REPEAT10_TOTAL_WORK_BTREE_INDEX_HINT_HITS	100
LIST_EXALL_1000_ENTRIES_REPEAT10_TOTAL_WORK_BTREE_LEAF_HINT_HITS	9440
LIST_EXALL_1000_ENTRIES_REPEAT10_TOTAL_WORK_CACHE_READ_CALLS	1713
LIST_EXALL_1000_ENTRIES_REPEAT10_TOTAL_WORK_CACHE_READ_HITS	0
LIST_EXALL_1000_ENTRIES_REPEAT10_TOTAL_WORK_CACHE_READ_MISSES	1713
LIST_EXALL_1000_ENTRIES_REPEAT10_TOTAL_WORK_FREE_TREE_NODE_VIEWS	0
LIST_EXALL_1000_ENTRIES_REPEAT10_TOTAL_WORK_FREE_TREE_RESIDENT_VIEWS	0
LIST_EXALL_1000_ENTRIES_REPEAT10_TOTAL_WORK_DIR_TREE_NODE_VIEWS	2794
LIST_EXALL_1000_ENTRIES_REPEAT10_TOTAL_WORK_DIR_TREE_RESIDENT_VIEWS	1641
LIST_EXALL_1000_ENTRIES_REPEAT10_TOTAL_WORK_INODE_TREE_NODE_VIEWS	1120
LIST_EXALL_1000_ENTRIES_REPEAT10_TOTAL_WORK_INODE_TREE_RESIDENT_VIEWS	560
LIST_EXALL_1000_ENTRIES_REPEAT10_TOTAL_WORK_REFCOUNT_TREE_NODE_VIEWS	0
LIST_EXALL_1000_ENTRIES_REPEAT10_TOTAL_WORK_REFCOUNT_TREE_RESIDENT_VIEWS	0
LIST_EXALL_1000_ENTRIES_REPEAT10_TOTAL_WORK_OTHER_TREE_NODE_VIEWS	0
LIST_EXALL_1000_ENTRIES_REPEAT10_TOTAL_WORK_OTHER_TREE_RESIDENT_VIEWS	0
LIST_EXALL_1000_ENTRIES_REPEAT10_TOTAL_WORK_WRITE_DETAIL_INODE_READ_CALLS	10100
LIST_EXALL_1000_ENTRIES_REPEAT10_TOTAL_WORK_WRITE_DETAIL_INODE_READ_SAMPLES	10100
LIST_EXALL_1000_ENTRIES_REPEAT10_TOTAL_WORK_WRITE_DETAIL_INODE_READ_SAMPLE_TICKS	335353
LIST_EXALL_1000_ENTRIES_REPEAT10_TOTAL_WORK_WRITE_DETAIL_INODE_WRITE_CALLS	0
LIST_EXALL_1000_ENTRIES_REPEAT10_TOTAL_WORK_WRITE_DETAIL_INODE_WRITE_SAMPLES	0
LIST_EXALL_1000_ENTRIES_REPEAT10_TOTAL_WORK_WRITE_DETAIL_INODE_WRITE_SAMPLE_TICKS	0
LIST_EXALL_1000_ENTRIES_REPEAT10_TOTAL_WORK_WRITE_DETAIL_EXTENT_MAP_CALLS	0
LIST_EXALL_1000_ENTRIES_REPEAT10_TOTAL_WORK_WRITE_DETAIL_EXTENT_MAP_SAMPLES	0
LIST_EXALL_1000_ENTRIES_REPEAT10_TOTAL_WORK_WRITE_DETAIL_EXTENT_MAP_SAMPLE_TICKS	0
LIST_EXALL_1000_ENTRIES_REPEAT10_TOTAL_WORK_WRITE_DETAIL_FREESPACE_GOAL_CALLS	0
LIST_EXALL_1000_ENTRIES_REPEAT10_TOTAL_WORK_WRITE_DETAIL_FREESPACE_GOAL_SAMPLES	0
LIST_EXALL_1000_ENTRIES_REPEAT10_TOTAL_WORK_WRITE_DETAIL_FREESPACE_GOAL_SAMPLE_TICKS	0
LIST_EXALL_1000_ENTRIES_REPEAT10_TOTAL_WORK_BTREE_MALLOC_CALLS	111
LIST_EXALL_1000_ENTRIES_REPEAT10_TOTAL_WORK_BTREE_MALLOC_SAMPLES	111
LIST_EXALL_1000_ENTRIES_REPEAT10_TOTAL_WORK_BTREE_MALLOC_SAMPLE_TICKS	671
LIST_EXALL_1000_ENTRIES_REPEAT10_TOTAL_WORK_BTREE_FREE_CALLS	111
LIST_EXALL_1000_ENTRIES_REPEAT10_TOTAL_WORK_BTREE_FREE_SAMPLES	111
LIST_EXALL_1000_ENTRIES_REPEAT10_TOTAL_WORK_BTREE_FREE_SAMPLE_TICKS	427
LIST_EXALL_1000_ENTRIES_REPEAT10_TOTAL_WORK_IFACE_ALLOC_CALLS	0
LIST_EXALL_1000_ENTRIES_REPEAT10_TOTAL_WORK_IFACE_ALLOC_SAMPLES	0
LIST_EXALL_1000_ENTRIES_REPEAT10_TOTAL_WORK_IFACE_ALLOC_SAMPLE_TICKS	0
LIST_EXALL_1000_ENTRIES_REPEAT10_TOTAL_WORK_FREESPACE_ALLOC_CALLS	0
LIST_EXALL_1000_ENTRIES_REPEAT10_TOTAL_WORK_FREESPACE_ALLOC_SAMPLES	0
LIST_EXALL_1000_ENTRIES_REPEAT10_TOTAL_WORK_FREESPACE_ALLOC_SAMPLE_TICKS	0
LIST_EXALL_1000_ENTRIES_REPEAT10_TOTAL_WORK_DETAIL_INODE_READ_CALLS	10100
LIST_EXALL_1000_ENTRIES_REPEAT10_TOTAL_WORK_DETAIL_INODE_READ_SAMPLES	594
LIST_EXALL_1000_ENTRIES_REPEAT10_TOTAL_WORK_DETAIL_INODE_READ_SAMPLE_TICKS	22151
LIST_EXALL_1000_ENTRIES_REPEAT10_TOTAL_WORK_DETAIL_INODE_VALIDATE_CALLS	10100
LIST_EXALL_1000_ENTRIES_REPEAT10_TOTAL_WORK_DETAIL_INODE_VALIDATE_SAMPLES	594
LIST_EXALL_1000_ENTRIES_REPEAT10_TOTAL_WORK_DETAIL_INODE_VALIDATE_SAMPLE_TICKS	1175
LIST_EXALL_1000_ENTRIES_REPEAT10_TOTAL_WORK_DETAIL_INODE_SEARCH_CALLS	10100
LIST_EXALL_1000_ENTRIES_REPEAT10_TOTAL_WORK_DETAIL_INODE_SEARCH_SAMPLES	594
LIST_EXALL_1000_ENTRIES_REPEAT10_TOTAL_WORK_DETAIL_INODE_SEARCH_SAMPLE_TICKS	16480
LIST_EXALL_1000_ENTRIES_REPEAT10_TOTAL_WORK_DETAIL_INODE_NODE_VIEW_CALLS	1120
LIST_EXALL_1000_ENTRIES_REPEAT10_TOTAL_WORK_DETAIL_INODE_NODE_VIEW_SAMPLES	65
LIST_EXALL_1000_ENTRIES_REPEAT10_TOTAL_WORK_DETAIL_INODE_NODE_VIEW_SAMPLE_TICKS	8033
LIST_EXALL_1000_ENTRIES_REPEAT10_TOTAL_WORK_DETAIL_DIR_NODE_VIEW_CALLS	2794
LIST_EXALL_1000_ENTRIES_REPEAT10_TOTAL_WORK_DETAIL_DIR_NODE_VIEW_SAMPLES	164
LIST_EXALL_1000_ENTRIES_REPEAT10_TOTAL_WORK_DETAIL_DIR_NODE_VIEW_SAMPLE_TICKS	17296
LIST_EXALL_1000_ENTRIES_REPEAT10_TOTAL_WORK_DETAIL_INODE_BINARY_SEARCH_CALLS	1120
LIST_EXALL_1000_ENTRIES_REPEAT10_TOTAL_WORK_DETAIL_INODE_BINARY_SEARCH_SAMPLES	65
LIST_EXALL_1000_ENTRIES_REPEAT10_TOTAL_WORK_DETAIL_INODE_BINARY_SEARCH_SAMPLE_TICKS	182
LIST_EXALL_1000_ENTRIES_REPEAT10_TOTAL_WORK_DETAIL_DIR_BINARY_SEARCH_CALLS	504
LIST_EXALL_1000_ENTRIES_REPEAT10_TOTAL_WORK_DETAIL_DIR_BINARY_SEARCH_SAMPLES	29
LIST_EXALL_1000_ENTRIES_REPEAT10_TOTAL_WORK_DETAIL_DIR_BINARY_SEARCH_SAMPLE_TICKS	241
LIST_EXALL_1000_ENTRIES_REPEAT10_TOTAL_WORK_DETAIL_NODE_STRUCTURE_CALLS	1713
LIST_EXALL_1000_ENTRIES_REPEAT10_TOTAL_WORK_DETAIL_NODE_STRUCTURE_SAMPLES	100
LIST_EXALL_1000_ENTRIES_REPEAT10_TOTAL_WORK_DETAIL_NODE_STRUCTURE_SAMPLE_TICKS	2001
LIST_EXALL_1000_ENTRIES_REPEAT10_TOTAL_WORK_DETAIL_CACHE_PEEK_CALLS	14575
LIST_EXALL_1000_ENTRIES_REPEAT10_TOTAL_WORK_DETAIL_CACHE_PEEK_SAMPLES	857
LIST_EXALL_1000_ENTRIES_REPEAT10_TOTAL_WORK_DETAIL_CACHE_PEEK_SAMPLE_TICKS	2045
LIST_EXALL_1000_ENTRIES_REPEAT10_TOTAL_WORK_DETAIL_BUFFER_ALLOC_CALLS	671
LIST_EXALL_1000_ENTRIES_REPEAT10_TOTAL_WORK_DETAIL_BUFFER_ALLOC_SAMPLES	39
LIST_EXALL_1000_ENTRIES_REPEAT10_TOTAL_WORK_DETAIL_BUFFER_ALLOC_SAMPLE_TICKS	178
LIST_EXALL_1000_ENTRIES_REPEAT10_TOTAL_WORK_DETAIL_BUFFER_FREE_CALLS	671
LIST_EXALL_1000_ENTRIES_REPEAT10_TOTAL_WORK_DETAIL_BUFFER_FREE_SAMPLES	39
LIST_EXALL_1000_ENTRIES_REPEAT10_TOTAL_WORK_DETAIL_BUFFER_FREE_SAMPLE_TICKS	94
LIST_EXALL_1000_ENTRIES_REPEAT10_TOTAL_WORK_DETAIL_EXALL_FILL_CALLS	10110
LIST_EXALL_1000_ENTRIES_REPEAT10_TOTAL_WORK_DETAIL_EXALL_FILL_SAMPLES	594
LIST_EXALL_1000_ENTRIES_REPEAT10_TOTAL_WORK_DETAIL_EXALL_FILL_SAMPLE_TICKS	26498
LIST_EXALL_1000_ENTRIES_REPEAT10_TOTAL_WORK_FREESPACE_ALLOCS	0
LIST_EXALL_1000_ENTRIES_REPEAT10_TOTAL_VOLUME_FLUSH_BIO_READS	0
LIST_EXALL_1000_ENTRIES_REPEAT10_TOTAL_VOLUME_FLUSH_BIO_WRITES	0
LIST_EXALL_1000_ENTRIES_REPEAT10_TOTAL_VOLUME_FLUSH_BIO_UPDATES	0
LIST_EXALL_1000_ENTRIES_REPEAT10_TOTAL_VOLUME_FLUSH_DATA_READS	0
LIST_EXALL_1000_ENTRIES_REPEAT10_TOTAL_VOLUME_FLUSH_DATA_WRITES	0
LIST_EXALL_1000_ENTRIES_REPEAT10_TOTAL_VOLUME_FLUSH_NODE_WRITES	0
LIST_EXALL_1000_ENTRIES_REPEAT10_TOTAL_VOLUME_FLUSH_TXN_COMMITS	0
LIST_EXALL_1000_ENTRIES_REPEAT10_TOTAL_VOLUME_FLUSH_EXTENT_MAPS	0
LIST_EXALL_1000_ENTRIES_REPEAT10_TOTAL_VOLUME_FLUSH_READ_TICKS	0
LIST_EXALL_1000_ENTRIES_REPEAT10_TOTAL_VOLUME_FLUSH_WRITE_TICKS	0
LIST_EXALL_1000_ENTRIES_REPEAT10_TOTAL_VOLUME_FLUSH_UPDATE_TICKS	0
LIST_EXALL_1000_ENTRIES_REPEAT10_TOTAL_VOLUME_FLUSH_DATA_READ_TICKS	0
LIST_EXALL_1000_ENTRIES_REPEAT10_TOTAL_VOLUME_FLUSH_DATA_WRITE_TICKS	0
LIST_EXALL_1000_ENTRIES_REPEAT10_TOTAL_VOLUME_FLUSH_NODE_CRC_READ_CALLS	0
LIST_EXALL_1000_ENTRIES_REPEAT10_TOTAL_VOLUME_FLUSH_NODE_CRC_READ_SAMPLES	0
LIST_EXALL_1000_ENTRIES_REPEAT10_TOTAL_VOLUME_FLUSH_NODE_CRC_READ_SAMPLE_TICKS	0
LIST_EXALL_1000_ENTRIES_REPEAT10_TOTAL_VOLUME_FLUSH_NODE_CRC_WRITE_CALLS	0
LIST_EXALL_1000_ENTRIES_REPEAT10_TOTAL_VOLUME_FLUSH_NODE_CRC_WRITE_SAMPLES	0
LIST_EXALL_1000_ENTRIES_REPEAT10_TOTAL_VOLUME_FLUSH_NODE_CRC_WRITE_SAMPLE_TICKS	0
LIST_EXALL_1000_ENTRIES_REPEAT10_TOTAL_VOLUME_FLUSH_CLOCK_PAIR_TICKS	0
LIST_EXALL_1000_ENTRIES_REPEAT10_TOTAL_VOLUME_FLUSH_PACKET_CALLS	0
LIST_EXALL_1000_ENTRIES_REPEAT10_TOTAL_VOLUME_FLUSH_PACKET_SAMPLES	0
LIST_EXALL_1000_ENTRIES_REPEAT10_TOTAL_VOLUME_FLUSH_PACKET_SAMPLE_TICKS	0
LIST_EXALL_1000_ENTRIES_REPEAT10_TOTAL_VOLUME_FLUSH_PACKET_OPEN_CALLS	0
LIST_EXALL_1000_ENTRIES_REPEAT10_TOTAL_VOLUME_FLUSH_PACKET_OPEN_SAMPLES	0
LIST_EXALL_1000_ENTRIES_REPEAT10_TOTAL_VOLUME_FLUSH_PACKET_OPEN_SAMPLE_TICKS	0
LIST_EXALL_1000_ENTRIES_REPEAT10_TOTAL_VOLUME_FLUSH_PACKET_READ_CALLS	0
LIST_EXALL_1000_ENTRIES_REPEAT10_TOTAL_VOLUME_FLUSH_PACKET_READ_SAMPLES	0
LIST_EXALL_1000_ENTRIES_REPEAT10_TOTAL_VOLUME_FLUSH_PACKET_READ_SAMPLE_TICKS	0
LIST_EXALL_1000_ENTRIES_REPEAT10_TOTAL_VOLUME_FLUSH_PACKET_WRITE_CALLS	0
LIST_EXALL_1000_ENTRIES_REPEAT10_TOTAL_VOLUME_FLUSH_PACKET_WRITE_SAMPLES	0
LIST_EXALL_1000_ENTRIES_REPEAT10_TOTAL_VOLUME_FLUSH_PACKET_WRITE_SAMPLE_TICKS	0
LIST_EXALL_1000_ENTRIES_REPEAT10_TOTAL_VOLUME_FLUSH_PACKET_END_CALLS	0
LIST_EXALL_1000_ENTRIES_REPEAT10_TOTAL_VOLUME_FLUSH_PACKET_END_SAMPLES	0
LIST_EXALL_1000_ENTRIES_REPEAT10_TOTAL_VOLUME_FLUSH_PACKET_END_SAMPLE_TICKS	0
LIST_EXALL_1000_ENTRIES_REPEAT10_TOTAL_VOLUME_FLUSH_PACKET_DELETE_CALLS	0
LIST_EXALL_1000_ENTRIES_REPEAT10_TOTAL_VOLUME_FLUSH_PACKET_DELETE_SAMPLES	0
LIST_EXALL_1000_ENTRIES_REPEAT10_TOTAL_VOLUME_FLUSH_PACKET_DELETE_SAMPLE_TICKS	0
LIST_EXALL_1000_ENTRIES_REPEAT10_TOTAL_VOLUME_FLUSH_PACKET_FLUSH_CALLS	0
LIST_EXALL_1000_ENTRIES_REPEAT10_TOTAL_VOLUME_FLUSH_PACKET_FLUSH_SAMPLES	0
LIST_EXALL_1000_ENTRIES_REPEAT10_TOTAL_VOLUME_FLUSH_PACKET_FLUSH_SAMPLE_TICKS	0
LIST_EXALL_1000_ENTRIES_REPEAT10_TOTAL_VOLUME_FLUSH_PACKET_OTHER_CALLS	0
LIST_EXALL_1000_ENTRIES_REPEAT10_TOTAL_VOLUME_FLUSH_PACKET_OTHER_SAMPLES	0
LIST_EXALL_1000_ENTRIES_REPEAT10_TOTAL_VOLUME_FLUSH_PACKET_OTHER_SAMPLE_TICKS	0
LIST_EXALL_1000_ENTRIES_REPEAT10_TOTAL_VOLUME_FLUSH_CORE_CREATE_CALLS	0
LIST_EXALL_1000_ENTRIES_REPEAT10_TOTAL_VOLUME_FLUSH_CORE_CREATE_SAMPLES	0
LIST_EXALL_1000_ENTRIES_REPEAT10_TOTAL_VOLUME_FLUSH_CORE_CREATE_SAMPLE_TICKS	0
LIST_EXALL_1000_ENTRIES_REPEAT10_TOTAL_VOLUME_FLUSH_CORE_DELETE_CALLS	0
LIST_EXALL_1000_ENTRIES_REPEAT10_TOTAL_VOLUME_FLUSH_CORE_DELETE_SAMPLES	0
LIST_EXALL_1000_ENTRIES_REPEAT10_TOTAL_VOLUME_FLUSH_CORE_DELETE_SAMPLE_TICKS	0
LIST_EXALL_1000_ENTRIES_REPEAT10_TOTAL_VOLUME_FLUSH_CORE_FILE_WRITE_CALLS	0
LIST_EXALL_1000_ENTRIES_REPEAT10_TOTAL_VOLUME_FLUSH_CORE_FILE_WRITE_SAMPLES	0
LIST_EXALL_1000_ENTRIES_REPEAT10_TOTAL_VOLUME_FLUSH_CORE_FILE_WRITE_SAMPLE_TICKS	0
LIST_EXALL_1000_ENTRIES_REPEAT10_TOTAL_VOLUME_FLUSH_CORE_SYNC_CALLS	0
LIST_EXALL_1000_ENTRIES_REPEAT10_TOTAL_VOLUME_FLUSH_CORE_SYNC_SAMPLES	0
LIST_EXALL_1000_ENTRIES_REPEAT10_TOTAL_VOLUME_FLUSH_CORE_SYNC_SAMPLE_TICKS	0
LIST_EXALL_1000_ENTRIES_REPEAT10_TOTAL_VOLUME_FLUSH_IFACE_FREE_CALLS	0
LIST_EXALL_1000_ENTRIES_REPEAT10_TOTAL_VOLUME_FLUSH_IFACE_FREE_SAMPLES	0
LIST_EXALL_1000_ENTRIES_REPEAT10_TOTAL_VOLUME_FLUSH_IFACE_FREE_SAMPLE_TICKS	0
LIST_EXALL_1000_ENTRIES_REPEAT10_TOTAL_VOLUME_FLUSH_SEAL_COMMIT_CALLS	0
LIST_EXALL_1000_ENTRIES_REPEAT10_TOTAL_VOLUME_FLUSH_SEAL_COMMIT_SAMPLES	0
LIST_EXALL_1000_ENTRIES_REPEAT10_TOTAL_VOLUME_FLUSH_SEAL_COMMIT_SAMPLE_TICKS	0
LIST_EXALL_1000_ENTRIES_REPEAT10_TOTAL_VOLUME_FLUSH_INODE_READ_CALLS	0
LIST_EXALL_1000_ENTRIES_REPEAT10_TOTAL_VOLUME_FLUSH_BTREE_SEARCH_CALLS	0
LIST_EXALL_1000_ENTRIES_REPEAT10_TOTAL_VOLUME_FLUSH_BTREE_INDEX_HINT_HITS	0
LIST_EXALL_1000_ENTRIES_REPEAT10_TOTAL_VOLUME_FLUSH_BTREE_LEAF_HINT_HITS	0
LIST_EXALL_1000_ENTRIES_REPEAT10_TOTAL_VOLUME_FLUSH_CACHE_READ_CALLS	0
LIST_EXALL_1000_ENTRIES_REPEAT10_TOTAL_VOLUME_FLUSH_CACHE_READ_HITS	0
LIST_EXALL_1000_ENTRIES_REPEAT10_TOTAL_VOLUME_FLUSH_CACHE_READ_MISSES	0
LIST_EXALL_1000_ENTRIES_REPEAT10_TOTAL_VOLUME_FLUSH_FREE_TREE_NODE_VIEWS	0
LIST_EXALL_1000_ENTRIES_REPEAT10_TOTAL_VOLUME_FLUSH_FREE_TREE_RESIDENT_VIEWS	0
LIST_EXALL_1000_ENTRIES_REPEAT10_TOTAL_VOLUME_FLUSH_DIR_TREE_NODE_VIEWS	0
LIST_EXALL_1000_ENTRIES_REPEAT10_TOTAL_VOLUME_FLUSH_DIR_TREE_RESIDENT_VIEWS	0
LIST_EXALL_1000_ENTRIES_REPEAT10_TOTAL_VOLUME_FLUSH_INODE_TREE_NODE_VIEWS	0
LIST_EXALL_1000_ENTRIES_REPEAT10_TOTAL_VOLUME_FLUSH_INODE_TREE_RESIDENT_VIEWS	0
LIST_EXALL_1000_ENTRIES_REPEAT10_TOTAL_VOLUME_FLUSH_REFCOUNT_TREE_NODE_VIEWS	0
LIST_EXALL_1000_ENTRIES_REPEAT10_TOTAL_VOLUME_FLUSH_REFCOUNT_TREE_RESIDENT_VIEWS	0
LIST_EXALL_1000_ENTRIES_REPEAT10_TOTAL_VOLUME_FLUSH_OTHER_TREE_NODE_VIEWS	0
LIST_EXALL_1000_ENTRIES_REPEAT10_TOTAL_VOLUME_FLUSH_OTHER_TREE_RESIDENT_VIEWS	0
LIST_EXALL_1000_ENTRIES_REPEAT10_TOTAL_VOLUME_FLUSH_WRITE_DETAIL_INODE_READ_CALLS	0
LIST_EXALL_1000_ENTRIES_REPEAT10_TOTAL_VOLUME_FLUSH_WRITE_DETAIL_INODE_READ_SAMPLES	0
LIST_EXALL_1000_ENTRIES_REPEAT10_TOTAL_VOLUME_FLUSH_WRITE_DETAIL_INODE_READ_SAMPLE_TICKS	0
LIST_EXALL_1000_ENTRIES_REPEAT10_TOTAL_VOLUME_FLUSH_WRITE_DETAIL_INODE_WRITE_CALLS	0
LIST_EXALL_1000_ENTRIES_REPEAT10_TOTAL_VOLUME_FLUSH_WRITE_DETAIL_INODE_WRITE_SAMPLES	0
LIST_EXALL_1000_ENTRIES_REPEAT10_TOTAL_VOLUME_FLUSH_WRITE_DETAIL_INODE_WRITE_SAMPLE_TICKS	0
LIST_EXALL_1000_ENTRIES_REPEAT10_TOTAL_VOLUME_FLUSH_WRITE_DETAIL_EXTENT_MAP_CALLS	0
LIST_EXALL_1000_ENTRIES_REPEAT10_TOTAL_VOLUME_FLUSH_WRITE_DETAIL_EXTENT_MAP_SAMPLES	0
LIST_EXALL_1000_ENTRIES_REPEAT10_TOTAL_VOLUME_FLUSH_WRITE_DETAIL_EXTENT_MAP_SAMPLE_TICKS	0
LIST_EXALL_1000_ENTRIES_REPEAT10_TOTAL_VOLUME_FLUSH_WRITE_DETAIL_FREESPACE_GOAL_CALLS	0
LIST_EXALL_1000_ENTRIES_REPEAT10_TOTAL_VOLUME_FLUSH_WRITE_DETAIL_FREESPACE_GOAL_SAMPLES	0
LIST_EXALL_1000_ENTRIES_REPEAT10_TOTAL_VOLUME_FLUSH_WRITE_DETAIL_FREESPACE_GOAL_SAMPLE_TICKS	0
LIST_EXALL_1000_ENTRIES_REPEAT10_TOTAL_VOLUME_FLUSH_BTREE_MALLOC_CALLS	0
LIST_EXALL_1000_ENTRIES_REPEAT10_TOTAL_VOLUME_FLUSH_BTREE_MALLOC_SAMPLES	0
LIST_EXALL_1000_ENTRIES_REPEAT10_TOTAL_VOLUME_FLUSH_BTREE_MALLOC_SAMPLE_TICKS	0
LIST_EXALL_1000_ENTRIES_REPEAT10_TOTAL_VOLUME_FLUSH_BTREE_FREE_CALLS	0
LIST_EXALL_1000_ENTRIES_REPEAT10_TOTAL_VOLUME_FLUSH_BTREE_FREE_SAMPLES	0
LIST_EXALL_1000_ENTRIES_REPEAT10_TOTAL_VOLUME_FLUSH_BTREE_FREE_SAMPLE_TICKS	0
LIST_EXALL_1000_ENTRIES_REPEAT10_TOTAL_VOLUME_FLUSH_IFACE_ALLOC_CALLS	0
LIST_EXALL_1000_ENTRIES_REPEAT10_TOTAL_VOLUME_FLUSH_IFACE_ALLOC_SAMPLES	0
LIST_EXALL_1000_ENTRIES_REPEAT10_TOTAL_VOLUME_FLUSH_IFACE_ALLOC_SAMPLE_TICKS	0
LIST_EXALL_1000_ENTRIES_REPEAT10_TOTAL_VOLUME_FLUSH_FREESPACE_ALLOC_CALLS	0
LIST_EXALL_1000_ENTRIES_REPEAT10_TOTAL_VOLUME_FLUSH_FREESPACE_ALLOC_SAMPLES	0
LIST_EXALL_1000_ENTRIES_REPEAT10_TOTAL_VOLUME_FLUSH_FREESPACE_ALLOC_SAMPLE_TICKS	0
LIST_EXALL_1000_ENTRIES_REPEAT10_TOTAL_VOLUME_FLUSH_DETAIL_INODE_READ_CALLS	0
LIST_EXALL_1000_ENTRIES_REPEAT10_TOTAL_VOLUME_FLUSH_DETAIL_INODE_READ_SAMPLES	0
LIST_EXALL_1000_ENTRIES_REPEAT10_TOTAL_VOLUME_FLUSH_DETAIL_INODE_READ_SAMPLE_TICKS	0
LIST_EXALL_1000_ENTRIES_REPEAT10_TOTAL_VOLUME_FLUSH_DETAIL_INODE_VALIDATE_CALLS	0
LIST_EXALL_1000_ENTRIES_REPEAT10_TOTAL_VOLUME_FLUSH_DETAIL_INODE_VALIDATE_SAMPLES	0
LIST_EXALL_1000_ENTRIES_REPEAT10_TOTAL_VOLUME_FLUSH_DETAIL_INODE_VALIDATE_SAMPLE_TICKS	0
LIST_EXALL_1000_ENTRIES_REPEAT10_TOTAL_VOLUME_FLUSH_DETAIL_INODE_SEARCH_CALLS	0
LIST_EXALL_1000_ENTRIES_REPEAT10_TOTAL_VOLUME_FLUSH_DETAIL_INODE_SEARCH_SAMPLES	0
LIST_EXALL_1000_ENTRIES_REPEAT10_TOTAL_VOLUME_FLUSH_DETAIL_INODE_SEARCH_SAMPLE_TICKS	0
LIST_EXALL_1000_ENTRIES_REPEAT10_TOTAL_VOLUME_FLUSH_DETAIL_INODE_NODE_VIEW_CALLS	0
LIST_EXALL_1000_ENTRIES_REPEAT10_TOTAL_VOLUME_FLUSH_DETAIL_INODE_NODE_VIEW_SAMPLES	0
LIST_EXALL_1000_ENTRIES_REPEAT10_TOTAL_VOLUME_FLUSH_DETAIL_INODE_NODE_VIEW_SAMPLE_TICKS	0
LIST_EXALL_1000_ENTRIES_REPEAT10_TOTAL_VOLUME_FLUSH_DETAIL_DIR_NODE_VIEW_CALLS	0
LIST_EXALL_1000_ENTRIES_REPEAT10_TOTAL_VOLUME_FLUSH_DETAIL_DIR_NODE_VIEW_SAMPLES	0
LIST_EXALL_1000_ENTRIES_REPEAT10_TOTAL_VOLUME_FLUSH_DETAIL_DIR_NODE_VIEW_SAMPLE_TICKS	0
LIST_EXALL_1000_ENTRIES_REPEAT10_TOTAL_VOLUME_FLUSH_DETAIL_INODE_BINARY_SEARCH_CALLS	0
LIST_EXALL_1000_ENTRIES_REPEAT10_TOTAL_VOLUME_FLUSH_DETAIL_INODE_BINARY_SEARCH_SAMPLES	0
LIST_EXALL_1000_ENTRIES_REPEAT10_TOTAL_VOLUME_FLUSH_DETAIL_INODE_BINARY_SEARCH_SAMPLE_TICKS	0
LIST_EXALL_1000_ENTRIES_REPEAT10_TOTAL_VOLUME_FLUSH_DETAIL_DIR_BINARY_SEARCH_CALLS	0
LIST_EXALL_1000_ENTRIES_REPEAT10_TOTAL_VOLUME_FLUSH_DETAIL_DIR_BINARY_SEARCH_SAMPLES	0
LIST_EXALL_1000_ENTRIES_REPEAT10_TOTAL_VOLUME_FLUSH_DETAIL_DIR_BINARY_SEARCH_SAMPLE_TICKS	0
LIST_EXALL_1000_ENTRIES_REPEAT10_TOTAL_VOLUME_FLUSH_DETAIL_NODE_STRUCTURE_CALLS	0
LIST_EXALL_1000_ENTRIES_REPEAT10_TOTAL_VOLUME_FLUSH_DETAIL_NODE_STRUCTURE_SAMPLES	0
LIST_EXALL_1000_ENTRIES_REPEAT10_TOTAL_VOLUME_FLUSH_DETAIL_NODE_STRUCTURE_SAMPLE_TICKS	0
LIST_EXALL_1000_ENTRIES_REPEAT10_TOTAL_VOLUME_FLUSH_DETAIL_CACHE_PEEK_CALLS	0
LIST_EXALL_1000_ENTRIES_REPEAT10_TOTAL_VOLUME_FLUSH_DETAIL_CACHE_PEEK_SAMPLES	0
LIST_EXALL_1000_ENTRIES_REPEAT10_TOTAL_VOLUME_FLUSH_DETAIL_CACHE_PEEK_SAMPLE_TICKS	0
LIST_EXALL_1000_ENTRIES_REPEAT10_TOTAL_VOLUME_FLUSH_DETAIL_BUFFER_ALLOC_CALLS	0
LIST_EXALL_1000_ENTRIES_REPEAT10_TOTAL_VOLUME_FLUSH_DETAIL_BUFFER_ALLOC_SAMPLES	0
LIST_EXALL_1000_ENTRIES_REPEAT10_TOTAL_VOLUME_FLUSH_DETAIL_BUFFER_ALLOC_SAMPLE_TICKS	0
LIST_EXALL_1000_ENTRIES_REPEAT10_TOTAL_VOLUME_FLUSH_DETAIL_BUFFER_FREE_CALLS	0
LIST_EXALL_1000_ENTRIES_REPEAT10_TOTAL_VOLUME_FLUSH_DETAIL_BUFFER_FREE_SAMPLES	0
LIST_EXALL_1000_ENTRIES_REPEAT10_TOTAL_VOLUME_FLUSH_DETAIL_BUFFER_FREE_SAMPLE_TICKS	0
LIST_EXALL_1000_ENTRIES_REPEAT10_TOTAL_VOLUME_FLUSH_DETAIL_EXALL_FILL_CALLS	0
LIST_EXALL_1000_ENTRIES_REPEAT10_TOTAL_VOLUME_FLUSH_DETAIL_EXALL_FILL_SAMPLES	0
LIST_EXALL_1000_ENTRIES_REPEAT10_TOTAL_VOLUME_FLUSH_DETAIL_EXALL_FILL_SAMPLE_TICKS	0
LIST_EXALL_1000_ENTRIES_REPEAT10_TOTAL_VOLUME_FLUSH_FREESPACE_ALLOCS	0
PROBE_VERSION	16
CLOCK_HZ	709379
CRC_SAMPLE_STRIDE	1
CPU_SAMPLE_STRIDE	1
WRITE_PROBE_VERSION	1
WRITE_SAMPLE_STRIDE	1
DETAIL_SAMPLE_STRIDE	17
PASS	1
