FS_DEEP_COMPARE	15
DRIVE	DH1:
SMALL_CREATE_40_US	40576
SMALL_CREATE_40_BIO_READS	0
SMALL_CREATE_40_BIO_WRITES	40
SMALL_CREATE_40_BIO_UPDATES	0
SMALL_CREATE_40_DATA_READS	0
SMALL_CREATE_40_DATA_WRITES	40
SMALL_CREATE_40_NODE_WRITES	0
SMALL_CREATE_40_TXN_COMMITS	0
SMALL_CREATE_40_FREESPACE_ALLOCS	45
SMALL_CREATE_40_EXTENT_MAPS	40
SMALL_CREATE_40_READ_TICKS	0
SMALL_CREATE_40_WRITE_TICKS	4253
SMALL_CREATE_40_UPDATE_TICKS	0
SMALL_CREATE_40_DATA_READ_TICKS	0
SMALL_CREATE_40_DATA_WRITE_TICKS	4253
SMALL_CREATE_40_FREE_TREE_NODE_WRITES	0
SMALL_CREATE_40_FREE_TREE_ALLOCATION_BODY_NODE_WRITES	0
SMALL_CREATE_40_FREE_TREE_RESERVE_REFILL_NODE_WRITES	0
SMALL_CREATE_40_FREE_TREE_RESERVE_RETURN_NODE_WRITES	0
SMALL_CREATE_40_FREE_TREE_POST_PUBLISH_PENDING_RECLAIM_NODE_WRITES	0
SMALL_CREATE_40_FREE_TREE_OTHER_NODE_WRITES	0
SMALL_CREATE_40_DIR_TREE_NODE_WRITES	0
SMALL_CREATE_40_INODE_TREE_NODE_WRITES	0
SMALL_CREATE_40_REFCOUNT_TREE_NODE_WRITES	0
SMALL_CREATE_40_OTHER_TREE_NODE_WRITES	0
SMALL_CREATE_40_NODE_CRC_READ_CALLS	0
SMALL_CREATE_40_NODE_CRC_READ_SAMPLES	0
SMALL_CREATE_40_NODE_CRC_READ_SAMPLE_TICKS	0
SMALL_CREATE_40_NODE_CRC_WRITE_CALLS	0
SMALL_CREATE_40_NODE_CRC_WRITE_SAMPLES	0
SMALL_CREATE_40_NODE_CRC_WRITE_SAMPLE_TICKS	0
SMALL_CREATE_40_CLOCK_PAIR_TICKS	0
SMALL_CREATE_40_FREE_TREE_RESERVE_RETURN_CALLS	0
SMALL_CREATE_40_FREE_TREE_RESERVE_RETURN_RUNS	0
SMALL_CREATE_40_FREE_TREE_RESERVE_RETURN_BLOCKS	0
SMALL_CREATE_40_FREE_TREE_RESERVE_RETURN_RUNS_1_BLOCK	0
SMALL_CREATE_40_FREE_TREE_RESERVE_RETURN_RUNS_2_3_BLOCKS	0
SMALL_CREATE_40_FREE_TREE_RESERVE_RETURN_RUNS_4_7_BLOCKS	0
SMALL_CREATE_40_FREE_TREE_RESERVE_RETURN_RUNS_8_PLUS_BLOCKS	0
SMALL_CREATE_40_FREE_TREE_RESERVE_RETURN_MAX_RUN_BLOCKS	0
SMALL_CREATE_40_FREE_TREE_RESERVE_RETURN_MAX_NODE_WRITES_PER_RUN	0
SMALL_CREATE_40_POST_PUBLISH_RECLAIM_PASSES	0
SMALL_CREATE_40_MAX_POST_PUBLISH_RECLAIM_PASSES_PER_COMMIT	0
SMALL_CREATE_40_SUPERBLOCK_PUBLICATIONS	0
SMALL_CREATE_40_FREE_TREE_RESERVE_RETURN_RUN_NODE_WRITES	0
SMALL_CREATE_40_FREE_TREE_RESERVE_RETURN_BATCH_CALLS	0
SMALL_CREATE_40_FREE_TREE_RESERVE_RETURN_BATCH_BLOCKS	0
SMALL_CREATE_40_FREE_TREE_RESERVE_RETURN_BATCH_NODE_WRITES	0
SMALL_CREATE_40_FREE_TREE_RESERVE_RETURN_SKIP_SHAPE	0
SMALL_CREATE_40_FREE_TREE_RESERVE_RETURN_SKIP_SMALL	0
SMALL_CREATE_40_FREE_TREE_RESERVE_RETURN_SKIP_EMERGENCY	0
SMALL_CREATE_40_FREE_TREE_RESERVE_RETURN_SKIP_CAPACITY	0
SMALL_CREATE_40_SEALED_COMMITS	0
SMALL_CREATE_40_SEALED_METADATA_FENCES	0
SMALL_CREATE_40_BTREE_MALLOC_CALLS	0
SMALL_CREATE_40_BTREE_MALLOC_SAMPLES	0
SMALL_CREATE_40_BTREE_MALLOC_SAMPLE_TICKS	0
SMALL_CREATE_40_BTREE_FREE_CALLS	40
SMALL_CREATE_40_BTREE_FREE_SAMPLES	40
SMALL_CREATE_40_BTREE_FREE_SAMPLE_TICKS	90
SMALL_CREATE_40_IFACE_ALLOC_CALLS	5
SMALL_CREATE_40_IFACE_ALLOC_SAMPLES	5
SMALL_CREATE_40_IFACE_ALLOC_SAMPLE_TICKS	273
SMALL_CREATE_40_FREESPACE_ALLOC_SAMPLES	45
SMALL_CREATE_40_FREESPACE_ALLOC_SAMPLE_TICKS	2467
SMALL_CREATE_40_PACKET_CALLS	120
SMALL_CREATE_40_PACKET_SAMPLES	120
SMALL_CREATE_40_PACKET_SAMPLE_TICKS	25077
SMALL_CREATE_40_PACKET_OPEN_CALLS	40
SMALL_CREATE_40_PACKET_OPEN_SAMPLES	40
SMALL_CREATE_40_PACKET_OPEN_SAMPLE_TICKS	13163
SMALL_CREATE_40_PACKET_READ_CALLS	0
SMALL_CREATE_40_PACKET_READ_SAMPLES	0
SMALL_CREATE_40_PACKET_READ_SAMPLE_TICKS	0
SMALL_CREATE_40_PACKET_WRITE_CALLS	40
SMALL_CREATE_40_PACKET_WRITE_SAMPLES	40
SMALL_CREATE_40_PACKET_WRITE_SAMPLE_TICKS	11424
SMALL_CREATE_40_PACKET_END_CALLS	40
SMALL_CREATE_40_PACKET_END_SAMPLES	40
SMALL_CREATE_40_PACKET_END_SAMPLE_TICKS	490
SMALL_CREATE_40_PACKET_DELETE_CALLS	0
SMALL_CREATE_40_PACKET_DELETE_SAMPLES	0
SMALL_CREATE_40_PACKET_DELETE_SAMPLE_TICKS	0
SMALL_CREATE_40_PACKET_FLUSH_CALLS	0
SMALL_CREATE_40_PACKET_FLUSH_SAMPLES	0
SMALL_CREATE_40_PACKET_FLUSH_SAMPLE_TICKS	0
SMALL_CREATE_40_PACKET_OTHER_CALLS	0
SMALL_CREATE_40_PACKET_OTHER_SAMPLES	0
SMALL_CREATE_40_PACKET_OTHER_SAMPLE_TICKS	0
SMALL_CREATE_40_CORE_CREATE_CALLS	40
SMALL_CREATE_40_CORE_CREATE_SAMPLES	40
SMALL_CREATE_40_CORE_CREATE_SAMPLE_TICKS	6972
SMALL_CREATE_40_CORE_DELETE_CALLS	0
SMALL_CREATE_40_CORE_DELETE_SAMPLES	0
SMALL_CREATE_40_CORE_DELETE_SAMPLE_TICKS	0
SMALL_CREATE_40_CORE_FILE_WRITE_CALLS	40
SMALL_CREATE_40_CORE_FILE_WRITE_SAMPLES	40
SMALL_CREATE_40_CORE_FILE_WRITE_SAMPLE_TICKS	10062
SMALL_CREATE_40_CORE_SYNC_CALLS	0
SMALL_CREATE_40_CORE_SYNC_SAMPLES	0
SMALL_CREATE_40_CORE_SYNC_SAMPLE_TICKS	0
SMALL_CREATE_40_IFACE_FREE_CALLS	0
SMALL_CREATE_40_IFACE_FREE_SAMPLES	0
SMALL_CREATE_40_IFACE_FREE_SAMPLE_TICKS	0
SMALL_CREATE_40_SEAL_COMMIT_CALLS	0
SMALL_CREATE_40_SEAL_COMMIT_SAMPLES	0
SMALL_CREATE_40_SEAL_COMMIT_SAMPLE_TICKS	0
SMALL_CREATE_40_INODE_READ_CALLS	200
SMALL_CREATE_40_BTREE_SEARCH_CALLS	280
SMALL_CREATE_40_BTREE_INDEX_HINT_HITS	120
SMALL_CREATE_40_BTREE_LEAF_HINT_HITS	0
SMALL_CREATE_40_CACHE_READ_CALLS	9
SMALL_CREATE_40_CACHE_READ_HITS	9
SMALL_CREATE_40_CACHE_READ_MISSES	0
SMALL_CREATE_40_FREE_TREE_NODE_VIEWS	45
SMALL_CREATE_40_FREE_TREE_RESIDENT_VIEWS	45
SMALL_CREATE_40_DIR_TREE_NODE_VIEWS	136
SMALL_CREATE_40_DIR_TREE_RESIDENT_VIEWS	136
SMALL_CREATE_40_INODE_TREE_NODE_VIEWS	80
SMALL_CREATE_40_INODE_TREE_RESIDENT_VIEWS	80
SMALL_CREATE_40_REFCOUNT_TREE_NODE_VIEWS	0
SMALL_CREATE_40_REFCOUNT_TREE_RESIDENT_VIEWS	0
SMALL_CREATE_40_OTHER_TREE_NODE_VIEWS	0
SMALL_CREATE_40_OTHER_TREE_RESIDENT_VIEWS	0
SMALL_CREATE_40_DIR_TREE_LEAF_NODE_VIEWS	80
SMALL_CREATE_40_DIR_TREE_LEAF_RESIDENT_VIEWS	80
SMALL_CREATE_40_DIR_TREE_INTERNAL_NODE_VIEWS	56
SMALL_CREATE_40_DIR_TREE_INTERNAL_RESIDENT_VIEWS	56
SMALL_CREATE_40_INODE_TREE_LEAF_NODE_VIEWS	80
SMALL_CREATE_40_INODE_TREE_LEAF_RESIDENT_VIEWS	80
SMALL_CREATE_40_INODE_TREE_INTERNAL_NODE_VIEWS	0
SMALL_CREATE_40_INODE_TREE_INTERNAL_RESIDENT_VIEWS	0
SMALL_CREATE_40_DETAIL_INODE_READ_CALLS	200
SMALL_CREATE_40_DETAIL_INODE_READ_SAMPLES	11
SMALL_CREATE_40_DETAIL_INODE_READ_SAMPLE_TICKS	406
SMALL_CREATE_40_DETAIL_INODE_VALIDATE_CALLS	280
SMALL_CREATE_40_DETAIL_INODE_VALIDATE_SAMPLES	16
SMALL_CREATE_40_DETAIL_INODE_VALIDATE_SAMPLE_TICKS	9
SMALL_CREATE_40_DETAIL_INODE_SEARCH_CALLS	200
SMALL_CREATE_40_DETAIL_INODE_SEARCH_SAMPLES	11
SMALL_CREATE_40_DETAIL_INODE_SEARCH_SAMPLE_TICKS	207
SMALL_CREATE_40_DETAIL_INODE_NODE_VIEW_CALLS	80
SMALL_CREATE_40_DETAIL_INODE_NODE_VIEW_SAMPLES	4
SMALL_CREATE_40_DETAIL_INODE_NODE_VIEW_SAMPLE_TICKS	45
SMALL_CREATE_40_DETAIL_DIR_NODE_VIEW_CALLS	136
SMALL_CREATE_40_DETAIL_DIR_NODE_VIEW_SAMPLES	8
SMALL_CREATE_40_DETAIL_DIR_NODE_VIEW_SAMPLE_TICKS	17
SMALL_CREATE_40_DETAIL_INODE_BINARY_SEARCH_CALLS	200
SMALL_CREATE_40_DETAIL_INODE_BINARY_SEARCH_SAMPLES	11
SMALL_CREATE_40_DETAIL_INODE_BINARY_SEARCH_SAMPLE_TICKS	0
SMALL_CREATE_40_DETAIL_DIR_BINARY_SEARCH_CALLS	246
SMALL_CREATE_40_DETAIL_DIR_BINARY_SEARCH_SAMPLES	14
SMALL_CREATE_40_DETAIL_DIR_BINARY_SEARCH_SAMPLE_TICKS	91
SMALL_CREATE_40_DETAIL_NODE_STRUCTURE_CALLS	14
SMALL_CREATE_40_DETAIL_NODE_STRUCTURE_SAMPLES	0
SMALL_CREATE_40_DETAIL_NODE_STRUCTURE_SAMPLE_TICKS	0
SMALL_CREATE_40_DETAIL_CACHE_PEEK_CALLS	449
SMALL_CREATE_40_DETAIL_CACHE_PEEK_SAMPLES	26
SMALL_CREATE_40_DETAIL_CACHE_PEEK_SAMPLE_TICKS	92
SMALL_CREATE_40_DETAIL_BUFFER_ALLOC_CALLS	219
SMALL_CREATE_40_DETAIL_BUFFER_ALLOC_SAMPLES	12
SMALL_CREATE_40_DETAIL_BUFFER_ALLOC_SAMPLE_TICKS	102
SMALL_CREATE_40_DETAIL_BUFFER_FREE_CALLS	223
SMALL_CREATE_40_DETAIL_BUFFER_FREE_SAMPLES	13
SMALL_CREATE_40_DETAIL_BUFFER_FREE_SAMPLE_TICKS	0
SMALL_CREATE_40_DETAIL_EXALL_FILL_CALLS	0
SMALL_CREATE_40_DETAIL_EXALL_FILL_SAMPLES	0
SMALL_CREATE_40_DETAIL_EXALL_FILL_SAMPLE_TICKS	0
SMALL_CREATE_40_DEFERRED_NODE_WRITES	0
LOOKUP_400_US	100288
LOOKUP_400_BIO_READS	0
LOOKUP_400_BIO_WRITES	0
LOOKUP_400_BIO_UPDATES	0
LOOKUP_400_DATA_READS	0
LOOKUP_400_DATA_WRITES	0
LOOKUP_400_NODE_WRITES	0
LOOKUP_400_TXN_COMMITS	0
LOOKUP_400_FREESPACE_ALLOCS	0
LOOKUP_400_EXTENT_MAPS	0
LOOKUP_400_READ_TICKS	0
LOOKUP_400_WRITE_TICKS	0
LOOKUP_400_UPDATE_TICKS	0
LOOKUP_400_DATA_READ_TICKS	0
LOOKUP_400_DATA_WRITE_TICKS	0
LOOKUP_400_FREE_TREE_NODE_WRITES	0
LOOKUP_400_FREE_TREE_ALLOCATION_BODY_NODE_WRITES	0
LOOKUP_400_FREE_TREE_RESERVE_REFILL_NODE_WRITES	0
LOOKUP_400_FREE_TREE_RESERVE_RETURN_NODE_WRITES	0
LOOKUP_400_FREE_TREE_POST_PUBLISH_PENDING_RECLAIM_NODE_WRITES	0
LOOKUP_400_FREE_TREE_OTHER_NODE_WRITES	0
LOOKUP_400_DIR_TREE_NODE_WRITES	0
LOOKUP_400_INODE_TREE_NODE_WRITES	0
LOOKUP_400_REFCOUNT_TREE_NODE_WRITES	0
LOOKUP_400_OTHER_TREE_NODE_WRITES	0
LOOKUP_400_NODE_CRC_READ_CALLS	0
LOOKUP_400_NODE_CRC_READ_SAMPLES	0
LOOKUP_400_NODE_CRC_READ_SAMPLE_TICKS	0
LOOKUP_400_NODE_CRC_WRITE_CALLS	0
LOOKUP_400_NODE_CRC_WRITE_SAMPLES	0
LOOKUP_400_NODE_CRC_WRITE_SAMPLE_TICKS	0
LOOKUP_400_CLOCK_PAIR_TICKS	1
LOOKUP_400_FREE_TREE_RESERVE_RETURN_CALLS	0
LOOKUP_400_FREE_TREE_RESERVE_RETURN_RUNS	0
LOOKUP_400_FREE_TREE_RESERVE_RETURN_BLOCKS	0
LOOKUP_400_FREE_TREE_RESERVE_RETURN_RUNS_1_BLOCK	0
LOOKUP_400_FREE_TREE_RESERVE_RETURN_RUNS_2_3_BLOCKS	0
LOOKUP_400_FREE_TREE_RESERVE_RETURN_RUNS_4_7_BLOCKS	0
LOOKUP_400_FREE_TREE_RESERVE_RETURN_RUNS_8_PLUS_BLOCKS	0
LOOKUP_400_FREE_TREE_RESERVE_RETURN_MAX_RUN_BLOCKS	0
LOOKUP_400_FREE_TREE_RESERVE_RETURN_MAX_NODE_WRITES_PER_RUN	0
LOOKUP_400_POST_PUBLISH_RECLAIM_PASSES	0
LOOKUP_400_MAX_POST_PUBLISH_RECLAIM_PASSES_PER_COMMIT	0
LOOKUP_400_SUPERBLOCK_PUBLICATIONS	0
LOOKUP_400_FREE_TREE_RESERVE_RETURN_RUN_NODE_WRITES	0
LOOKUP_400_FREE_TREE_RESERVE_RETURN_BATCH_CALLS	0
LOOKUP_400_FREE_TREE_RESERVE_RETURN_BATCH_BLOCKS	0
LOOKUP_400_FREE_TREE_RESERVE_RETURN_BATCH_NODE_WRITES	0
LOOKUP_400_FREE_TREE_RESERVE_RETURN_SKIP_SHAPE	0
LOOKUP_400_FREE_TREE_RESERVE_RETURN_SKIP_SMALL	0
LOOKUP_400_FREE_TREE_RESERVE_RETURN_SKIP_EMERGENCY	0
LOOKUP_400_FREE_TREE_RESERVE_RETURN_SKIP_CAPACITY	0
LOOKUP_400_SEALED_COMMITS	0
LOOKUP_400_SEALED_METADATA_FENCES	0
LOOKUP_400_BTREE_MALLOC_CALLS	0
LOOKUP_400_BTREE_MALLOC_SAMPLES	0
LOOKUP_400_BTREE_MALLOC_SAMPLE_TICKS	0
LOOKUP_400_BTREE_FREE_CALLS	0
LOOKUP_400_BTREE_FREE_SAMPLES	0
LOOKUP_400_BTREE_FREE_SAMPLE_TICKS	0
LOOKUP_400_IFACE_ALLOC_CALLS	0
LOOKUP_400_IFACE_ALLOC_SAMPLES	0
LOOKUP_400_IFACE_ALLOC_SAMPLE_TICKS	0
LOOKUP_400_FREESPACE_ALLOC_SAMPLES	0
LOOKUP_400_FREESPACE_ALLOC_SAMPLE_TICKS	0
LOOKUP_400_PACKET_CALLS	800
LOOKUP_400_PACKET_SAMPLES	800
LOOKUP_400_PACKET_SAMPLE_TICKS	42626
LOOKUP_400_PACKET_OPEN_CALLS	0
LOOKUP_400_PACKET_OPEN_SAMPLES	0
LOOKUP_400_PACKET_OPEN_SAMPLE_TICKS	0
LOOKUP_400_PACKET_READ_CALLS	0
LOOKUP_400_PACKET_READ_SAMPLES	0
LOOKUP_400_PACKET_READ_SAMPLE_TICKS	0
LOOKUP_400_PACKET_WRITE_CALLS	0
LOOKUP_400_PACKET_WRITE_SAMPLES	0
LOOKUP_400_PACKET_WRITE_SAMPLE_TICKS	0
LOOKUP_400_PACKET_END_CALLS	0
LOOKUP_400_PACKET_END_SAMPLES	0
LOOKUP_400_PACKET_END_SAMPLE_TICKS	0
LOOKUP_400_PACKET_DELETE_CALLS	0
LOOKUP_400_PACKET_DELETE_SAMPLES	0
LOOKUP_400_PACKET_DELETE_SAMPLE_TICKS	0
LOOKUP_400_PACKET_FLUSH_CALLS	0
LOOKUP_400_PACKET_FLUSH_SAMPLES	0
LOOKUP_400_PACKET_FLUSH_SAMPLE_TICKS	0
LOOKUP_400_PACKET_OTHER_CALLS	800
LOOKUP_400_PACKET_OTHER_SAMPLES	800
LOOKUP_400_PACKET_OTHER_SAMPLE_TICKS	42626
LOOKUP_400_CORE_CREATE_CALLS	0
LOOKUP_400_CORE_CREATE_SAMPLES	0
LOOKUP_400_CORE_CREATE_SAMPLE_TICKS	0
LOOKUP_400_CORE_DELETE_CALLS	0
LOOKUP_400_CORE_DELETE_SAMPLES	0
LOOKUP_400_CORE_DELETE_SAMPLE_TICKS	0
LOOKUP_400_CORE_FILE_WRITE_CALLS	0
LOOKUP_400_CORE_FILE_WRITE_SAMPLES	0
LOOKUP_400_CORE_FILE_WRITE_SAMPLE_TICKS	0
LOOKUP_400_CORE_SYNC_CALLS	0
LOOKUP_400_CORE_SYNC_SAMPLES	0
LOOKUP_400_CORE_SYNC_SAMPLE_TICKS	0
LOOKUP_400_IFACE_FREE_CALLS	0
LOOKUP_400_IFACE_FREE_SAMPLES	0
LOOKUP_400_IFACE_FREE_SAMPLE_TICKS	0
LOOKUP_400_SEAL_COMMIT_CALLS	0
LOOKUP_400_SEAL_COMMIT_SAMPLES	0
LOOKUP_400_SEAL_COMMIT_SAMPLE_TICKS	0
LOOKUP_400_INODE_READ_CALLS	0
LOOKUP_400_BTREE_SEARCH_CALLS	800
LOOKUP_400_BTREE_INDEX_HINT_HITS	0
LOOKUP_400_BTREE_LEAF_HINT_HITS	139
LOOKUP_400_CACHE_READ_CALLS	0
LOOKUP_400_CACHE_READ_HITS	0
LOOKUP_400_CACHE_READ_MISSES	0
LOOKUP_400_FREE_TREE_NODE_VIEWS	0
LOOKUP_400_FREE_TREE_RESIDENT_VIEWS	0
LOOKUP_400_DIR_TREE_NODE_VIEWS	1322
LOOKUP_400_DIR_TREE_RESIDENT_VIEWS	1322
LOOKUP_400_INODE_TREE_NODE_VIEWS	0
LOOKUP_400_INODE_TREE_RESIDENT_VIEWS	0
LOOKUP_400_REFCOUNT_TREE_NODE_VIEWS	0
LOOKUP_400_REFCOUNT_TREE_RESIDENT_VIEWS	0
LOOKUP_400_OTHER_TREE_NODE_VIEWS	0
LOOKUP_400_OTHER_TREE_RESIDENT_VIEWS	0
LOOKUP_400_DIR_TREE_LEAF_NODE_VIEWS	661
LOOKUP_400_DIR_TREE_LEAF_RESIDENT_VIEWS	661
LOOKUP_400_DIR_TREE_INTERNAL_NODE_VIEWS	661
LOOKUP_400_DIR_TREE_INTERNAL_RESIDENT_VIEWS	661
LOOKUP_400_INODE_TREE_LEAF_NODE_VIEWS	0
LOOKUP_400_INODE_TREE_LEAF_RESIDENT_VIEWS	0
LOOKUP_400_INODE_TREE_INTERNAL_NODE_VIEWS	0
LOOKUP_400_INODE_TREE_INTERNAL_RESIDENT_VIEWS	0
LOOKUP_400_DETAIL_INODE_READ_CALLS	0
LOOKUP_400_DETAIL_INODE_READ_SAMPLES	0
LOOKUP_400_DETAIL_INODE_READ_SAMPLE_TICKS	0
LOOKUP_400_DETAIL_INODE_VALIDATE_CALLS	0
LOOKUP_400_DETAIL_INODE_VALIDATE_SAMPLES	0
LOOKUP_400_DETAIL_INODE_VALIDATE_SAMPLE_TICKS	0
LOOKUP_400_DETAIL_INODE_SEARCH_CALLS	0
LOOKUP_400_DETAIL_INODE_SEARCH_SAMPLES	0
LOOKUP_400_DETAIL_INODE_SEARCH_SAMPLE_TICKS	0
LOOKUP_400_DETAIL_INODE_NODE_VIEW_CALLS	0
LOOKUP_400_DETAIL_INODE_NODE_VIEW_SAMPLES	0
LOOKUP_400_DETAIL_INODE_NODE_VIEW_SAMPLE_TICKS	0
LOOKUP_400_DETAIL_DIR_NODE_VIEW_CALLS	1322
LOOKUP_400_DETAIL_DIR_NODE_VIEW_SAMPLES	77
LOOKUP_400_DETAIL_DIR_NODE_VIEW_SAMPLE_TICKS	646
LOOKUP_400_DETAIL_INODE_BINARY_SEARCH_CALLS	0
LOOKUP_400_DETAIL_INODE_BINARY_SEARCH_SAMPLES	0
LOOKUP_400_DETAIL_INODE_BINARY_SEARCH_SAMPLE_TICKS	0
LOOKUP_400_DETAIL_DIR_BINARY_SEARCH_CALLS	1461
LOOKUP_400_DETAIL_DIR_BINARY_SEARCH_SAMPLES	85
LOOKUP_400_DETAIL_DIR_BINARY_SEARCH_SAMPLE_TICKS	569
LOOKUP_400_DETAIL_NODE_STRUCTURE_CALLS	0
LOOKUP_400_DETAIL_NODE_STRUCTURE_SAMPLES	0
LOOKUP_400_DETAIL_NODE_STRUCTURE_SAMPLE_TICKS	0
LOOKUP_400_DETAIL_CACHE_PEEK_CALLS	2121
LOOKUP_400_DETAIL_CACHE_PEEK_SAMPLES	124
LOOKUP_400_DETAIL_CACHE_PEEK_SAMPLE_TICKS	384
LOOKUP_400_DETAIL_BUFFER_ALLOC_CALLS	661
LOOKUP_400_DETAIL_BUFFER_ALLOC_SAMPLES	38
LOOKUP_400_DETAIL_BUFFER_ALLOC_SAMPLE_TICKS	59
LOOKUP_400_DETAIL_BUFFER_FREE_CALLS	661
LOOKUP_400_DETAIL_BUFFER_FREE_SAMPLES	38
LOOKUP_400_DETAIL_BUFFER_FREE_SAMPLE_TICKS	206
LOOKUP_400_DETAIL_EXALL_FILL_CALLS	0
LOOKUP_400_DETAIL_EXALL_FILL_SAMPLES	0
LOOKUP_400_DETAIL_EXALL_FILL_SAMPLE_TICKS	0
LOOKUP_400_DEFERRED_NODE_WRITES	0
SMALL_READ_40_US	26501
SMALL_READ_40_BIO_READS	40
SMALL_READ_40_BIO_WRITES	0
SMALL_READ_40_BIO_UPDATES	0
SMALL_READ_40_DATA_READS	40
SMALL_READ_40_DATA_WRITES	0
SMALL_READ_40_NODE_WRITES	0
SMALL_READ_40_TXN_COMMITS	0
SMALL_READ_40_FREESPACE_ALLOCS	0
SMALL_READ_40_EXTENT_MAPS	0
SMALL_READ_40_READ_TICKS	2923
SMALL_READ_40_WRITE_TICKS	0
SMALL_READ_40_UPDATE_TICKS	0
SMALL_READ_40_DATA_READ_TICKS	2923
SMALL_READ_40_DATA_WRITE_TICKS	0
SMALL_READ_40_FREE_TREE_NODE_WRITES	0
SMALL_READ_40_FREE_TREE_ALLOCATION_BODY_NODE_WRITES	0
SMALL_READ_40_FREE_TREE_RESERVE_REFILL_NODE_WRITES	0
SMALL_READ_40_FREE_TREE_RESERVE_RETURN_NODE_WRITES	0
SMALL_READ_40_FREE_TREE_POST_PUBLISH_PENDING_RECLAIM_NODE_WRITES	0
SMALL_READ_40_FREE_TREE_OTHER_NODE_WRITES	0
SMALL_READ_40_DIR_TREE_NODE_WRITES	0
SMALL_READ_40_INODE_TREE_NODE_WRITES	0
SMALL_READ_40_REFCOUNT_TREE_NODE_WRITES	0
SMALL_READ_40_OTHER_TREE_NODE_WRITES	0
SMALL_READ_40_NODE_CRC_READ_CALLS	0
SMALL_READ_40_NODE_CRC_READ_SAMPLES	0
SMALL_READ_40_NODE_CRC_READ_SAMPLE_TICKS	0
SMALL_READ_40_NODE_CRC_WRITE_CALLS	0
SMALL_READ_40_NODE_CRC_WRITE_SAMPLES	0
SMALL_READ_40_NODE_CRC_WRITE_SAMPLE_TICKS	0
SMALL_READ_40_CLOCK_PAIR_TICKS	0
SMALL_READ_40_FREE_TREE_RESERVE_RETURN_CALLS	0
SMALL_READ_40_FREE_TREE_RESERVE_RETURN_RUNS	0
SMALL_READ_40_FREE_TREE_RESERVE_RETURN_BLOCKS	0
SMALL_READ_40_FREE_TREE_RESERVE_RETURN_RUNS_1_BLOCK	0
SMALL_READ_40_FREE_TREE_RESERVE_RETURN_RUNS_2_3_BLOCKS	0
SMALL_READ_40_FREE_TREE_RESERVE_RETURN_RUNS_4_7_BLOCKS	0
SMALL_READ_40_FREE_TREE_RESERVE_RETURN_RUNS_8_PLUS_BLOCKS	0
SMALL_READ_40_FREE_TREE_RESERVE_RETURN_MAX_RUN_BLOCKS	0
SMALL_READ_40_FREE_TREE_RESERVE_RETURN_MAX_NODE_WRITES_PER_RUN	0
SMALL_READ_40_POST_PUBLISH_RECLAIM_PASSES	0
SMALL_READ_40_MAX_POST_PUBLISH_RECLAIM_PASSES_PER_COMMIT	0
SMALL_READ_40_SUPERBLOCK_PUBLICATIONS	0
SMALL_READ_40_FREE_TREE_RESERVE_RETURN_RUN_NODE_WRITES	0
SMALL_READ_40_FREE_TREE_RESERVE_RETURN_BATCH_CALLS	0
SMALL_READ_40_FREE_TREE_RESERVE_RETURN_BATCH_BLOCKS	0
SMALL_READ_40_FREE_TREE_RESERVE_RETURN_BATCH_NODE_WRITES	0
SMALL_READ_40_FREE_TREE_RESERVE_RETURN_SKIP_SHAPE	0
SMALL_READ_40_FREE_TREE_RESERVE_RETURN_SKIP_SMALL	0
SMALL_READ_40_FREE_TREE_RESERVE_RETURN_SKIP_EMERGENCY	0
SMALL_READ_40_FREE_TREE_RESERVE_RETURN_SKIP_CAPACITY	0
SMALL_READ_40_SEALED_COMMITS	0
SMALL_READ_40_SEALED_METADATA_FENCES	0
SMALL_READ_40_BTREE_MALLOC_CALLS	0
SMALL_READ_40_BTREE_MALLOC_SAMPLES	0
SMALL_READ_40_BTREE_MALLOC_SAMPLE_TICKS	0
SMALL_READ_40_BTREE_FREE_CALLS	0
SMALL_READ_40_BTREE_FREE_SAMPLES	0
SMALL_READ_40_BTREE_FREE_SAMPLE_TICKS	0
SMALL_READ_40_IFACE_ALLOC_CALLS	0
SMALL_READ_40_IFACE_ALLOC_SAMPLES	0
SMALL_READ_40_IFACE_ALLOC_SAMPLE_TICKS	0
SMALL_READ_40_FREESPACE_ALLOC_SAMPLES	0
SMALL_READ_40_FREESPACE_ALLOC_SAMPLE_TICKS	0
SMALL_READ_40_PACKET_CALLS	160
SMALL_READ_40_PACKET_SAMPLES	160
SMALL_READ_40_PACKET_SAMPLE_TICKS	13259
SMALL_READ_40_PACKET_OPEN_CALLS	40
SMALL_READ_40_PACKET_OPEN_SAMPLES	40
SMALL_READ_40_PACKET_OPEN_SAMPLE_TICKS	5544
SMALL_READ_40_PACKET_READ_CALLS	80
SMALL_READ_40_PACKET_READ_SAMPLES	80
SMALL_READ_40_PACKET_READ_SAMPLE_TICKS	7353
SMALL_READ_40_PACKET_WRITE_CALLS	0
SMALL_READ_40_PACKET_WRITE_SAMPLES	0
SMALL_READ_40_PACKET_WRITE_SAMPLE_TICKS	0
SMALL_READ_40_PACKET_END_CALLS	40
SMALL_READ_40_PACKET_END_SAMPLES	40
SMALL_READ_40_PACKET_END_SAMPLE_TICKS	362
SMALL_READ_40_PACKET_DELETE_CALLS	0
SMALL_READ_40_PACKET_DELETE_SAMPLES	0
SMALL_READ_40_PACKET_DELETE_SAMPLE_TICKS	0
SMALL_READ_40_PACKET_FLUSH_CALLS	0
SMALL_READ_40_PACKET_FLUSH_SAMPLES	0
SMALL_READ_40_PACKET_FLUSH_SAMPLE_TICKS	0
SMALL_READ_40_PACKET_OTHER_CALLS	0
SMALL_READ_40_PACKET_OTHER_SAMPLES	0
SMALL_READ_40_PACKET_OTHER_SAMPLE_TICKS	0
SMALL_READ_40_CORE_CREATE_CALLS	0
SMALL_READ_40_CORE_CREATE_SAMPLES	0
SMALL_READ_40_CORE_CREATE_SAMPLE_TICKS	0
SMALL_READ_40_CORE_DELETE_CALLS	0
SMALL_READ_40_CORE_DELETE_SAMPLES	0
SMALL_READ_40_CORE_DELETE_SAMPLE_TICKS	0
SMALL_READ_40_CORE_FILE_WRITE_CALLS	0
SMALL_READ_40_CORE_FILE_WRITE_SAMPLES	0
SMALL_READ_40_CORE_FILE_WRITE_SAMPLE_TICKS	0
SMALL_READ_40_CORE_SYNC_CALLS	0
SMALL_READ_40_CORE_SYNC_SAMPLES	0
SMALL_READ_40_CORE_SYNC_SAMPLE_TICKS	0
SMALL_READ_40_IFACE_FREE_CALLS	0
SMALL_READ_40_IFACE_FREE_SAMPLES	0
SMALL_READ_40_IFACE_FREE_SAMPLE_TICKS	0
SMALL_READ_40_SEAL_COMMIT_CALLS	0
SMALL_READ_40_SEAL_COMMIT_SAMPLES	0
SMALL_READ_40_SEAL_COMMIT_SAMPLE_TICKS	0
SMALL_READ_40_INODE_READ_CALLS	240
SMALL_READ_40_BTREE_SEARCH_CALLS	320
SMALL_READ_40_BTREE_INDEX_HINT_HITS	200
SMALL_READ_40_BTREE_LEAF_HINT_HITS	53
SMALL_READ_40_CACHE_READ_CALLS	40
SMALL_READ_40_CACHE_READ_HITS	0
SMALL_READ_40_CACHE_READ_MISSES	40
SMALL_READ_40_FREE_TREE_NODE_VIEWS	0
SMALL_READ_40_FREE_TREE_RESIDENT_VIEWS	0
SMALL_READ_40_DIR_TREE_NODE_VIEWS	132
SMALL_READ_40_DIR_TREE_RESIDENT_VIEWS	132
SMALL_READ_40_INODE_TREE_NODE_VIEWS	1
SMALL_READ_40_INODE_TREE_RESIDENT_VIEWS	1
SMALL_READ_40_REFCOUNT_TREE_NODE_VIEWS	0
SMALL_READ_40_REFCOUNT_TREE_RESIDENT_VIEWS	0
SMALL_READ_40_OTHER_TREE_NODE_VIEWS	0
SMALL_READ_40_OTHER_TREE_RESIDENT_VIEWS	0
SMALL_READ_40_DIR_TREE_LEAF_NODE_VIEWS	66
SMALL_READ_40_DIR_TREE_LEAF_RESIDENT_VIEWS	66
SMALL_READ_40_DIR_TREE_INTERNAL_NODE_VIEWS	66
SMALL_READ_40_DIR_TREE_INTERNAL_RESIDENT_VIEWS	66
SMALL_READ_40_INODE_TREE_LEAF_NODE_VIEWS	1
SMALL_READ_40_INODE_TREE_LEAF_RESIDENT_VIEWS	1
SMALL_READ_40_INODE_TREE_INTERNAL_NODE_VIEWS	0
SMALL_READ_40_INODE_TREE_INTERNAL_RESIDENT_VIEWS	0
SMALL_READ_40_DETAIL_INODE_READ_CALLS	240
SMALL_READ_40_DETAIL_INODE_READ_SAMPLES	14
SMALL_READ_40_DETAIL_INODE_READ_SAMPLE_TICKS	448
SMALL_READ_40_DETAIL_INODE_VALIDATE_CALLS	240
SMALL_READ_40_DETAIL_INODE_VALIDATE_SAMPLES	14
SMALL_READ_40_DETAIL_INODE_VALIDATE_SAMPLE_TICKS	35
SMALL_READ_40_DETAIL_INODE_SEARCH_CALLS	240
SMALL_READ_40_DETAIL_INODE_SEARCH_SAMPLES	14
SMALL_READ_40_DETAIL_INODE_SEARCH_SAMPLE_TICKS	252
SMALL_READ_40_DETAIL_INODE_NODE_VIEW_CALLS	1
SMALL_READ_40_DETAIL_INODE_NODE_VIEW_SAMPLES	0
SMALL_READ_40_DETAIL_INODE_NODE_VIEW_SAMPLE_TICKS	0
SMALL_READ_40_DETAIL_DIR_NODE_VIEW_CALLS	132
SMALL_READ_40_DETAIL_DIR_NODE_VIEW_SAMPLES	7
SMALL_READ_40_DETAIL_DIR_NODE_VIEW_SAMPLE_TICKS	46
SMALL_READ_40_DETAIL_INODE_BINARY_SEARCH_CALLS	1
SMALL_READ_40_DETAIL_INODE_BINARY_SEARCH_SAMPLES	0
SMALL_READ_40_DETAIL_INODE_BINARY_SEARCH_SAMPLE_TICKS	0
SMALL_READ_40_DETAIL_DIR_BINARY_SEARCH_CALLS	146
SMALL_READ_40_DETAIL_DIR_BINARY_SEARCH_SAMPLES	8
SMALL_READ_40_DETAIL_DIR_BINARY_SEARCH_SAMPLE_TICKS	179
SMALL_READ_40_DETAIL_NODE_STRUCTURE_CALLS	0
SMALL_READ_40_DETAIL_NODE_STRUCTURE_SAMPLES	0
SMALL_READ_40_DETAIL_NODE_STRUCTURE_SAMPLE_TICKS	0
SMALL_READ_40_DETAIL_CACHE_PEEK_CALLS	452
SMALL_READ_40_DETAIL_CACHE_PEEK_SAMPLES	26
SMALL_READ_40_DETAIL_CACHE_PEEK_SAMPLE_TICKS	45
SMALL_READ_40_DETAIL_BUFFER_ALLOC_CALLS	67
SMALL_READ_40_DETAIL_BUFFER_ALLOC_SAMPLES	3
SMALL_READ_40_DETAIL_BUFFER_ALLOC_SAMPLE_TICKS	0
SMALL_READ_40_DETAIL_BUFFER_FREE_CALLS	67
SMALL_READ_40_DETAIL_BUFFER_FREE_SAMPLES	3
SMALL_READ_40_DETAIL_BUFFER_FREE_SAMPLE_TICKS	0
SMALL_READ_40_DETAIL_EXALL_FILL_CALLS	0
SMALL_READ_40_DETAIL_EXALL_FILL_SAMPLES	0
SMALL_READ_40_DETAIL_EXALL_FILL_SAMPLE_TICKS	0
SMALL_READ_40_DEFERRED_NODE_WRITES	0
SEQ_WRITE_8M_US	50496
SEQ_WRITE_8M_BIO_READS	0
SEQ_WRITE_8M_BIO_WRITES	128
SEQ_WRITE_8M_BIO_UPDATES	0
SEQ_WRITE_8M_DATA_READS	0
SEQ_WRITE_8M_DATA_WRITES	128
SEQ_WRITE_8M_NODE_WRITES	0
SEQ_WRITE_8M_TXN_COMMITS	0
SEQ_WRITE_8M_FREESPACE_ALLOCS	128
SEQ_WRITE_8M_EXTENT_MAPS	128
SEQ_WRITE_8M_READ_TICKS	0
SEQ_WRITE_8M_WRITE_TICKS	9365
SEQ_WRITE_8M_UPDATE_TICKS	0
SEQ_WRITE_8M_DATA_READ_TICKS	0
SEQ_WRITE_8M_DATA_WRITE_TICKS	9365
SEQ_WRITE_8M_FREE_TREE_NODE_WRITES	0
SEQ_WRITE_8M_FREE_TREE_ALLOCATION_BODY_NODE_WRITES	0
SEQ_WRITE_8M_FREE_TREE_RESERVE_REFILL_NODE_WRITES	0
SEQ_WRITE_8M_FREE_TREE_RESERVE_RETURN_NODE_WRITES	0
SEQ_WRITE_8M_FREE_TREE_POST_PUBLISH_PENDING_RECLAIM_NODE_WRITES	0
SEQ_WRITE_8M_FREE_TREE_OTHER_NODE_WRITES	0
SEQ_WRITE_8M_DIR_TREE_NODE_WRITES	0
SEQ_WRITE_8M_INODE_TREE_NODE_WRITES	0
SEQ_WRITE_8M_REFCOUNT_TREE_NODE_WRITES	0
SEQ_WRITE_8M_OTHER_TREE_NODE_WRITES	0
SEQ_WRITE_8M_NODE_CRC_READ_CALLS	0
SEQ_WRITE_8M_NODE_CRC_READ_SAMPLES	0
SEQ_WRITE_8M_NODE_CRC_READ_SAMPLE_TICKS	0
SEQ_WRITE_8M_NODE_CRC_WRITE_CALLS	0
SEQ_WRITE_8M_NODE_CRC_WRITE_SAMPLES	0
SEQ_WRITE_8M_NODE_CRC_WRITE_SAMPLE_TICKS	0
SEQ_WRITE_8M_CLOCK_PAIR_TICKS	0
SEQ_WRITE_8M_FREE_TREE_RESERVE_RETURN_CALLS	0
SEQ_WRITE_8M_FREE_TREE_RESERVE_RETURN_RUNS	0
SEQ_WRITE_8M_FREE_TREE_RESERVE_RETURN_BLOCKS	0
SEQ_WRITE_8M_FREE_TREE_RESERVE_RETURN_RUNS_1_BLOCK	0
SEQ_WRITE_8M_FREE_TREE_RESERVE_RETURN_RUNS_2_3_BLOCKS	0
SEQ_WRITE_8M_FREE_TREE_RESERVE_RETURN_RUNS_4_7_BLOCKS	0
SEQ_WRITE_8M_FREE_TREE_RESERVE_RETURN_RUNS_8_PLUS_BLOCKS	0
SEQ_WRITE_8M_FREE_TREE_RESERVE_RETURN_MAX_RUN_BLOCKS	0
SEQ_WRITE_8M_FREE_TREE_RESERVE_RETURN_MAX_NODE_WRITES_PER_RUN	0
SEQ_WRITE_8M_POST_PUBLISH_RECLAIM_PASSES	0
SEQ_WRITE_8M_MAX_POST_PUBLISH_RECLAIM_PASSES_PER_COMMIT	0
SEQ_WRITE_8M_SUPERBLOCK_PUBLICATIONS	0
SEQ_WRITE_8M_FREE_TREE_RESERVE_RETURN_RUN_NODE_WRITES	0
SEQ_WRITE_8M_FREE_TREE_RESERVE_RETURN_BATCH_CALLS	0
SEQ_WRITE_8M_FREE_TREE_RESERVE_RETURN_BATCH_BLOCKS	0
SEQ_WRITE_8M_FREE_TREE_RESERVE_RETURN_BATCH_NODE_WRITES	0
SEQ_WRITE_8M_FREE_TREE_RESERVE_RETURN_SKIP_SHAPE	0
SEQ_WRITE_8M_FREE_TREE_RESERVE_RETURN_SKIP_SMALL	0
SEQ_WRITE_8M_FREE_TREE_RESERVE_RETURN_SKIP_EMERGENCY	0
SEQ_WRITE_8M_FREE_TREE_RESERVE_RETURN_SKIP_CAPACITY	0
SEQ_WRITE_8M_SEALED_COMMITS	0
SEQ_WRITE_8M_SEALED_METADATA_FENCES	0
SEQ_WRITE_8M_BTREE_MALLOC_CALLS	0
SEQ_WRITE_8M_BTREE_MALLOC_SAMPLES	0
SEQ_WRITE_8M_BTREE_MALLOC_SAMPLE_TICKS	0
SEQ_WRITE_8M_BTREE_FREE_CALLS	1
SEQ_WRITE_8M_BTREE_FREE_SAMPLES	1
SEQ_WRITE_8M_BTREE_FREE_SAMPLE_TICKS	0
SEQ_WRITE_8M_IFACE_ALLOC_CALLS	0
SEQ_WRITE_8M_IFACE_ALLOC_SAMPLES	0
SEQ_WRITE_8M_IFACE_ALLOC_SAMPLE_TICKS	0
SEQ_WRITE_8M_FREESPACE_ALLOC_SAMPLES	128
SEQ_WRITE_8M_FREESPACE_ALLOC_SAMPLE_TICKS	5445
SEQ_WRITE_8M_PACKET_CALLS	130
SEQ_WRITE_8M_PACKET_SAMPLES	130
SEQ_WRITE_8M_PACKET_SAMPLE_TICKS	33589
SEQ_WRITE_8M_PACKET_OPEN_CALLS	1
SEQ_WRITE_8M_PACKET_OPEN_SAMPLES	1
SEQ_WRITE_8M_PACKET_OPEN_SAMPLE_TICKS	273
SEQ_WRITE_8M_PACKET_READ_CALLS	0
SEQ_WRITE_8M_PACKET_READ_SAMPLES	0
SEQ_WRITE_8M_PACKET_READ_SAMPLE_TICKS	0
SEQ_WRITE_8M_PACKET_WRITE_CALLS	128
SEQ_WRITE_8M_PACKET_WRITE_SAMPLES	128
SEQ_WRITE_8M_PACKET_WRITE_SAMPLE_TICKS	33316
SEQ_WRITE_8M_PACKET_END_CALLS	1
SEQ_WRITE_8M_PACKET_END_SAMPLES	1
SEQ_WRITE_8M_PACKET_END_SAMPLE_TICKS	0
SEQ_WRITE_8M_PACKET_DELETE_CALLS	0
SEQ_WRITE_8M_PACKET_DELETE_SAMPLES	0
SEQ_WRITE_8M_PACKET_DELETE_SAMPLE_TICKS	0
SEQ_WRITE_8M_PACKET_FLUSH_CALLS	0
SEQ_WRITE_8M_PACKET_FLUSH_SAMPLES	0
SEQ_WRITE_8M_PACKET_FLUSH_SAMPLE_TICKS	0
SEQ_WRITE_8M_PACKET_OTHER_CALLS	0
SEQ_WRITE_8M_PACKET_OTHER_SAMPLES	0
SEQ_WRITE_8M_PACKET_OTHER_SAMPLE_TICKS	0
SEQ_WRITE_8M_CORE_CREATE_CALLS	1
SEQ_WRITE_8M_CORE_CREATE_SAMPLES	1
SEQ_WRITE_8M_CORE_CREATE_SAMPLE_TICKS	136
SEQ_WRITE_8M_CORE_DELETE_CALLS	0
SEQ_WRITE_8M_CORE_DELETE_SAMPLES	0
SEQ_WRITE_8M_CORE_DELETE_SAMPLE_TICKS	0
SEQ_WRITE_8M_CORE_FILE_WRITE_CALLS	128
SEQ_WRITE_8M_CORE_FILE_WRITE_SAMPLES	128
SEQ_WRITE_8M_CORE_FILE_WRITE_SAMPLE_TICKS	27972
SEQ_WRITE_8M_CORE_SYNC_CALLS	0
SEQ_WRITE_8M_CORE_SYNC_SAMPLES	0
SEQ_WRITE_8M_CORE_SYNC_SAMPLE_TICKS	0
SEQ_WRITE_8M_IFACE_FREE_CALLS	0
SEQ_WRITE_8M_IFACE_FREE_SAMPLES	0
SEQ_WRITE_8M_IFACE_FREE_SAMPLE_TICKS	0
SEQ_WRITE_8M_SEAL_COMMIT_CALLS	0
SEQ_WRITE_8M_SEAL_COMMIT_SAMPLES	0
SEQ_WRITE_8M_SEAL_COMMIT_SAMPLE_TICKS	0
SEQ_WRITE_8M_INODE_READ_CALLS	259
SEQ_WRITE_8M_BTREE_SEARCH_CALLS	260
SEQ_WRITE_8M_BTREE_INDEX_HINT_HITS	130
SEQ_WRITE_8M_BTREE_LEAF_HINT_HITS	1
SEQ_WRITE_8M_CACHE_READ_CALLS	0
SEQ_WRITE_8M_CACHE_READ_HITS	0
SEQ_WRITE_8M_CACHE_READ_MISSES	0
SEQ_WRITE_8M_FREE_TREE_NODE_VIEWS	128
SEQ_WRITE_8M_FREE_TREE_RESIDENT_VIEWS	128
SEQ_WRITE_8M_DIR_TREE_NODE_VIEWS	2
SEQ_WRITE_8M_DIR_TREE_RESIDENT_VIEWS	2
SEQ_WRITE_8M_INODE_TREE_NODE_VIEWS	128
SEQ_WRITE_8M_INODE_TREE_RESIDENT_VIEWS	128
SEQ_WRITE_8M_REFCOUNT_TREE_NODE_VIEWS	0
SEQ_WRITE_8M_REFCOUNT_TREE_RESIDENT_VIEWS	0
SEQ_WRITE_8M_OTHER_TREE_NODE_VIEWS	0
SEQ_WRITE_8M_OTHER_TREE_RESIDENT_VIEWS	0
SEQ_WRITE_8M_DIR_TREE_LEAF_NODE_VIEWS	1
SEQ_WRITE_8M_DIR_TREE_LEAF_RESIDENT_VIEWS	1
SEQ_WRITE_8M_DIR_TREE_INTERNAL_NODE_VIEWS	1
SEQ_WRITE_8M_DIR_TREE_INTERNAL_RESIDENT_VIEWS	1
SEQ_WRITE_8M_INODE_TREE_LEAF_NODE_VIEWS	128
SEQ_WRITE_8M_INODE_TREE_LEAF_RESIDENT_VIEWS	128
SEQ_WRITE_8M_INODE_TREE_INTERNAL_NODE_VIEWS	0
SEQ_WRITE_8M_INODE_TREE_INTERNAL_RESIDENT_VIEWS	0
SEQ_WRITE_8M_DETAIL_INODE_READ_CALLS	259
SEQ_WRITE_8M_DETAIL_INODE_READ_SAMPLES	15
SEQ_WRITE_8M_DETAIL_INODE_READ_SAMPLE_TICKS	408
SEQ_WRITE_8M_DETAIL_INODE_VALIDATE_CALLS	388
SEQ_WRITE_8M_DETAIL_INODE_VALIDATE_SAMPLES	22
SEQ_WRITE_8M_DETAIL_INODE_VALIDATE_SAMPLE_TICKS	83
SEQ_WRITE_8M_DETAIL_INODE_SEARCH_CALLS	259
SEQ_WRITE_8M_DETAIL_INODE_SEARCH_SAMPLES	15
SEQ_WRITE_8M_DETAIL_INODE_SEARCH_SAMPLE_TICKS	318
SEQ_WRITE_8M_DETAIL_INODE_NODE_VIEW_CALLS	128
SEQ_WRITE_8M_DETAIL_INODE_NODE_VIEW_SAMPLES	7
SEQ_WRITE_8M_DETAIL_INODE_NODE_VIEW_SAMPLE_TICKS	65
SEQ_WRITE_8M_DETAIL_DIR_NODE_VIEW_CALLS	2
SEQ_WRITE_8M_DETAIL_DIR_NODE_VIEW_SAMPLES	0
SEQ_WRITE_8M_DETAIL_DIR_NODE_VIEW_SAMPLE_TICKS	0
SEQ_WRITE_8M_DETAIL_INODE_BINARY_SEARCH_CALLS	258
SEQ_WRITE_8M_DETAIL_INODE_BINARY_SEARCH_SAMPLES	15
SEQ_WRITE_8M_DETAIL_INODE_BINARY_SEARCH_SAMPLE_TICKS	130
SEQ_WRITE_8M_DETAIL_DIR_BINARY_SEARCH_CALLS	5
SEQ_WRITE_8M_DETAIL_DIR_BINARY_SEARCH_SAMPLES	0
SEQ_WRITE_8M_DETAIL_DIR_BINARY_SEARCH_SAMPLE_TICKS	0
SEQ_WRITE_8M_DETAIL_NODE_STRUCTURE_CALLS	0
SEQ_WRITE_8M_DETAIL_NODE_STRUCTURE_SAMPLES	0
SEQ_WRITE_8M_DETAIL_NODE_STRUCTURE_SAMPLE_TICKS	0
SEQ_WRITE_8M_DETAIL_CACHE_PEEK_CALLS	391
SEQ_WRITE_8M_DETAIL_CACHE_PEEK_SAMPLES	23
SEQ_WRITE_8M_DETAIL_CACHE_PEEK_SAMPLE_TICKS	45
SEQ_WRITE_8M_DETAIL_BUFFER_ALLOC_CALLS	257
SEQ_WRITE_8M_DETAIL_BUFFER_ALLOC_SAMPLES	15
SEQ_WRITE_8M_DETAIL_BUFFER_ALLOC_SAMPLE_TICKS	45
SEQ_WRITE_8M_DETAIL_BUFFER_FREE_CALLS	257
SEQ_WRITE_8M_DETAIL_BUFFER_FREE_SAMPLES	15
SEQ_WRITE_8M_DETAIL_BUFFER_FREE_SAMPLE_TICKS	0
SEQ_WRITE_8M_DETAIL_EXALL_FILL_CALLS	0
SEQ_WRITE_8M_DETAIL_EXALL_FILL_SAMPLES	0
SEQ_WRITE_8M_DETAIL_EXALL_FILL_SAMPLE_TICKS	0
SEQ_WRITE_8M_DEFERRED_NODE_WRITES	0
SEQ_READ_8M_US	270334
SEQ_READ_8M_BIO_READS	128
SEQ_READ_8M_BIO_WRITES	0
SEQ_READ_8M_BIO_UPDATES	0
SEQ_READ_8M_DATA_READS	128
SEQ_READ_8M_DATA_WRITES	0
SEQ_READ_8M_NODE_WRITES	0
SEQ_READ_8M_TXN_COMMITS	0
SEQ_READ_8M_FREESPACE_ALLOCS	0
SEQ_READ_8M_EXTENT_MAPS	0
SEQ_READ_8M_READ_TICKS	12205
SEQ_READ_8M_WRITE_TICKS	0
SEQ_READ_8M_UPDATE_TICKS	0
SEQ_READ_8M_DATA_READ_TICKS	12205
SEQ_READ_8M_DATA_WRITE_TICKS	0
SEQ_READ_8M_FREE_TREE_NODE_WRITES	0
SEQ_READ_8M_FREE_TREE_ALLOCATION_BODY_NODE_WRITES	0
SEQ_READ_8M_FREE_TREE_RESERVE_REFILL_NODE_WRITES	0
SEQ_READ_8M_FREE_TREE_RESERVE_RETURN_NODE_WRITES	0
SEQ_READ_8M_FREE_TREE_POST_PUBLISH_PENDING_RECLAIM_NODE_WRITES	0
SEQ_READ_8M_FREE_TREE_OTHER_NODE_WRITES	0
SEQ_READ_8M_DIR_TREE_NODE_WRITES	0
SEQ_READ_8M_INODE_TREE_NODE_WRITES	0
SEQ_READ_8M_REFCOUNT_TREE_NODE_WRITES	0
SEQ_READ_8M_OTHER_TREE_NODE_WRITES	0
SEQ_READ_8M_NODE_CRC_READ_CALLS	0
SEQ_READ_8M_NODE_CRC_READ_SAMPLES	0
SEQ_READ_8M_NODE_CRC_READ_SAMPLE_TICKS	0
SEQ_READ_8M_NODE_CRC_WRITE_CALLS	0
SEQ_READ_8M_NODE_CRC_WRITE_SAMPLES	0
SEQ_READ_8M_NODE_CRC_WRITE_SAMPLE_TICKS	0
SEQ_READ_8M_CLOCK_PAIR_TICKS	0
SEQ_READ_8M_FREE_TREE_RESERVE_RETURN_CALLS	0
SEQ_READ_8M_FREE_TREE_RESERVE_RETURN_RUNS	0
SEQ_READ_8M_FREE_TREE_RESERVE_RETURN_BLOCKS	0
SEQ_READ_8M_FREE_TREE_RESERVE_RETURN_RUNS_1_BLOCK	0
SEQ_READ_8M_FREE_TREE_RESERVE_RETURN_RUNS_2_3_BLOCKS	0
SEQ_READ_8M_FREE_TREE_RESERVE_RETURN_RUNS_4_7_BLOCKS	0
SEQ_READ_8M_FREE_TREE_RESERVE_RETURN_RUNS_8_PLUS_BLOCKS	0
SEQ_READ_8M_FREE_TREE_RESERVE_RETURN_MAX_RUN_BLOCKS	0
SEQ_READ_8M_FREE_TREE_RESERVE_RETURN_MAX_NODE_WRITES_PER_RUN	0
SEQ_READ_8M_POST_PUBLISH_RECLAIM_PASSES	0
SEQ_READ_8M_MAX_POST_PUBLISH_RECLAIM_PASSES_PER_COMMIT	0
SEQ_READ_8M_SUPERBLOCK_PUBLICATIONS	0
SEQ_READ_8M_FREE_TREE_RESERVE_RETURN_RUN_NODE_WRITES	0
SEQ_READ_8M_FREE_TREE_RESERVE_RETURN_BATCH_CALLS	0
SEQ_READ_8M_FREE_TREE_RESERVE_RETURN_BATCH_BLOCKS	0
SEQ_READ_8M_FREE_TREE_RESERVE_RETURN_BATCH_NODE_WRITES	0
SEQ_READ_8M_FREE_TREE_RESERVE_RETURN_SKIP_SHAPE	0
SEQ_READ_8M_FREE_TREE_RESERVE_RETURN_SKIP_SMALL	0
SEQ_READ_8M_FREE_TREE_RESERVE_RETURN_SKIP_EMERGENCY	0
SEQ_READ_8M_FREE_TREE_RESERVE_RETURN_SKIP_CAPACITY	0
SEQ_READ_8M_SEALED_COMMITS	0
SEQ_READ_8M_SEALED_METADATA_FENCES	0
SEQ_READ_8M_BTREE_MALLOC_CALLS	0
SEQ_READ_8M_BTREE_MALLOC_SAMPLES	0
SEQ_READ_8M_BTREE_MALLOC_SAMPLE_TICKS	0
SEQ_READ_8M_BTREE_FREE_CALLS	0
SEQ_READ_8M_BTREE_FREE_SAMPLES	0
SEQ_READ_8M_BTREE_FREE_SAMPLE_TICKS	0
SEQ_READ_8M_IFACE_ALLOC_CALLS	0
SEQ_READ_8M_IFACE_ALLOC_SAMPLES	0
SEQ_READ_8M_IFACE_ALLOC_SAMPLE_TICKS	0
SEQ_READ_8M_FREESPACE_ALLOC_SAMPLES	0
SEQ_READ_8M_FREESPACE_ALLOC_SAMPLE_TICKS	0
SEQ_READ_8M_PACKET_CALLS	131
SEQ_READ_8M_PACKET_SAMPLES	131
SEQ_READ_8M_PACKET_SAMPLE_TICKS	20074
SEQ_READ_8M_PACKET_OPEN_CALLS	1
SEQ_READ_8M_PACKET_OPEN_SAMPLES	1
SEQ_READ_8M_PACKET_OPEN_SAMPLE_TICKS	136
SEQ_READ_8M_PACKET_READ_CALLS	129
SEQ_READ_8M_PACKET_READ_SAMPLES	129
SEQ_READ_8M_PACKET_READ_SAMPLE_TICKS	19893
SEQ_READ_8M_PACKET_WRITE_CALLS	0
SEQ_READ_8M_PACKET_WRITE_SAMPLES	0
SEQ_READ_8M_PACKET_WRITE_SAMPLE_TICKS	0
SEQ_READ_8M_PACKET_END_CALLS	1
SEQ_READ_8M_PACKET_END_SAMPLES	1
SEQ_READ_8M_PACKET_END_SAMPLE_TICKS	45
SEQ_READ_8M_PACKET_DELETE_CALLS	0
SEQ_READ_8M_PACKET_DELETE_SAMPLES	0
SEQ_READ_8M_PACKET_DELETE_SAMPLE_TICKS	0
SEQ_READ_8M_PACKET_FLUSH_CALLS	0
SEQ_READ_8M_PACKET_FLUSH_SAMPLES	0
SEQ_READ_8M_PACKET_FLUSH_SAMPLE_TICKS	0
SEQ_READ_8M_PACKET_OTHER_CALLS	0
SEQ_READ_8M_PACKET_OTHER_SAMPLES	0
SEQ_READ_8M_PACKET_OTHER_SAMPLE_TICKS	0
SEQ_READ_8M_CORE_CREATE_CALLS	0
SEQ_READ_8M_CORE_CREATE_SAMPLES	0
SEQ_READ_8M_CORE_CREATE_SAMPLE_TICKS	0
SEQ_READ_8M_CORE_DELETE_CALLS	0
SEQ_READ_8M_CORE_DELETE_SAMPLES	0
SEQ_READ_8M_CORE_DELETE_SAMPLE_TICKS	0
SEQ_READ_8M_CORE_FILE_WRITE_CALLS	0
SEQ_READ_8M_CORE_FILE_WRITE_SAMPLES	0
SEQ_READ_8M_CORE_FILE_WRITE_SAMPLE_TICKS	0
SEQ_READ_8M_CORE_SYNC_CALLS	0
SEQ_READ_8M_CORE_SYNC_SAMPLES	0
SEQ_READ_8M_CORE_SYNC_SAMPLE_TICKS	0
SEQ_READ_8M_IFACE_FREE_CALLS	0
SEQ_READ_8M_IFACE_FREE_SAMPLES	0
SEQ_READ_8M_IFACE_FREE_SAMPLE_TICKS	0
SEQ_READ_8M_SEAL_COMMIT_CALLS	0
SEQ_READ_8M_SEAL_COMMIT_SAMPLES	0
SEQ_READ_8M_SEAL_COMMIT_SAMPLE_TICKS	0
SEQ_READ_8M_INODE_READ_CALLS	260
SEQ_READ_8M_BTREE_SEARCH_CALLS	261
SEQ_READ_8M_BTREE_INDEX_HINT_HITS	259
SEQ_READ_8M_BTREE_LEAF_HINT_HITS	0
SEQ_READ_8M_CACHE_READ_CALLS	0
SEQ_READ_8M_CACHE_READ_HITS	0
SEQ_READ_8M_CACHE_READ_MISSES	0
SEQ_READ_8M_FREE_TREE_NODE_VIEWS	0
SEQ_READ_8M_FREE_TREE_RESIDENT_VIEWS	0
SEQ_READ_8M_DIR_TREE_NODE_VIEWS	2
SEQ_READ_8M_DIR_TREE_RESIDENT_VIEWS	2
SEQ_READ_8M_INODE_TREE_NODE_VIEWS	1
SEQ_READ_8M_INODE_TREE_RESIDENT_VIEWS	1
SEQ_READ_8M_REFCOUNT_TREE_NODE_VIEWS	0
SEQ_READ_8M_REFCOUNT_TREE_RESIDENT_VIEWS	0
SEQ_READ_8M_OTHER_TREE_NODE_VIEWS	0
SEQ_READ_8M_OTHER_TREE_RESIDENT_VIEWS	0
SEQ_READ_8M_DIR_TREE_LEAF_NODE_VIEWS	1
SEQ_READ_8M_DIR_TREE_LEAF_RESIDENT_VIEWS	1
SEQ_READ_8M_DIR_TREE_INTERNAL_NODE_VIEWS	1
SEQ_READ_8M_DIR_TREE_INTERNAL_RESIDENT_VIEWS	1
SEQ_READ_8M_INODE_TREE_LEAF_NODE_VIEWS	1
SEQ_READ_8M_INODE_TREE_LEAF_RESIDENT_VIEWS	1
SEQ_READ_8M_INODE_TREE_INTERNAL_NODE_VIEWS	0
SEQ_READ_8M_INODE_TREE_INTERNAL_RESIDENT_VIEWS	0
SEQ_READ_8M_DETAIL_INODE_READ_CALLS	260
SEQ_READ_8M_DETAIL_INODE_READ_SAMPLES	15
SEQ_READ_8M_DETAIL_INODE_READ_SAMPLE_TICKS	439
SEQ_READ_8M_DETAIL_INODE_VALIDATE_CALLS	260
SEQ_READ_8M_DETAIL_INODE_VALIDATE_SAMPLES	15
SEQ_READ_8M_DETAIL_INODE_VALIDATE_SAMPLE_TICKS	69
SEQ_READ_8M_DETAIL_INODE_SEARCH_CALLS	260
SEQ_READ_8M_DETAIL_INODE_SEARCH_SAMPLES	15
SEQ_READ_8M_DETAIL_INODE_SEARCH_SAMPLE_TICKS	226
SEQ_READ_8M_DETAIL_INODE_NODE_VIEW_CALLS	1
SEQ_READ_8M_DETAIL_INODE_NODE_VIEW_SAMPLES	0
SEQ_READ_8M_DETAIL_INODE_NODE_VIEW_SAMPLE_TICKS	0
SEQ_READ_8M_DETAIL_DIR_NODE_VIEW_CALLS	2
SEQ_READ_8M_DETAIL_DIR_NODE_VIEW_SAMPLES	0
SEQ_READ_8M_DETAIL_DIR_NODE_VIEW_SAMPLE_TICKS	0
SEQ_READ_8M_DETAIL_INODE_BINARY_SEARCH_CALLS	1
SEQ_READ_8M_DETAIL_INODE_BINARY_SEARCH_SAMPLES	0
SEQ_READ_8M_DETAIL_INODE_BINARY_SEARCH_SAMPLE_TICKS	0
SEQ_READ_8M_DETAIL_DIR_BINARY_SEARCH_CALLS	2
SEQ_READ_8M_DETAIL_DIR_BINARY_SEARCH_SAMPLES	0
SEQ_READ_8M_DETAIL_DIR_BINARY_SEARCH_SAMPLE_TICKS	0
SEQ_READ_8M_DETAIL_NODE_STRUCTURE_CALLS	0
SEQ_READ_8M_DETAIL_NODE_STRUCTURE_SAMPLES	0
SEQ_READ_8M_DETAIL_NODE_STRUCTURE_SAMPLE_TICKS	0
SEQ_READ_8M_DETAIL_CACHE_PEEK_CALLS	262
SEQ_READ_8M_DETAIL_CACHE_PEEK_SAMPLES	15
SEQ_READ_8M_DETAIL_CACHE_PEEK_SAMPLE_TICKS	17
SEQ_READ_8M_DETAIL_BUFFER_ALLOC_CALLS	2
SEQ_READ_8M_DETAIL_BUFFER_ALLOC_SAMPLES	0
SEQ_READ_8M_DETAIL_BUFFER_ALLOC_SAMPLE_TICKS	0
SEQ_READ_8M_DETAIL_BUFFER_FREE_CALLS	2
SEQ_READ_8M_DETAIL_BUFFER_FREE_SAMPLES	0
SEQ_READ_8M_DETAIL_BUFFER_FREE_SAMPLE_TICKS	0
SEQ_READ_8M_DETAIL_EXALL_FILL_CALLS	0
SEQ_READ_8M_DETAIL_EXALL_FILL_SAMPLES	0
SEQ_READ_8M_DETAIL_EXALL_FILL_SAMPLE_TICKS	0
SEQ_READ_8M_DEFERRED_NODE_WRITES	0
SMALL_DELETE_40_US	22080
SMALL_DELETE_40_BIO_READS	0
SMALL_DELETE_40_BIO_WRITES	0
SMALL_DELETE_40_BIO_UPDATES	0
SMALL_DELETE_40_DATA_READS	0
SMALL_DELETE_40_DATA_WRITES	0
SMALL_DELETE_40_NODE_WRITES	0
SMALL_DELETE_40_TXN_COMMITS	0
SMALL_DELETE_40_FREESPACE_ALLOCS	0
SMALL_DELETE_40_EXTENT_MAPS	0
SMALL_DELETE_40_READ_TICKS	0
SMALL_DELETE_40_WRITE_TICKS	0
SMALL_DELETE_40_UPDATE_TICKS	0
SMALL_DELETE_40_DATA_READ_TICKS	0
SMALL_DELETE_40_DATA_WRITE_TICKS	0
SMALL_DELETE_40_FREE_TREE_NODE_WRITES	0
SMALL_DELETE_40_FREE_TREE_ALLOCATION_BODY_NODE_WRITES	0
SMALL_DELETE_40_FREE_TREE_RESERVE_REFILL_NODE_WRITES	0
SMALL_DELETE_40_FREE_TREE_RESERVE_RETURN_NODE_WRITES	0
SMALL_DELETE_40_FREE_TREE_POST_PUBLISH_PENDING_RECLAIM_NODE_WRITES	0
SMALL_DELETE_40_FREE_TREE_OTHER_NODE_WRITES	0
SMALL_DELETE_40_DIR_TREE_NODE_WRITES	0
SMALL_DELETE_40_INODE_TREE_NODE_WRITES	0
SMALL_DELETE_40_REFCOUNT_TREE_NODE_WRITES	0
SMALL_DELETE_40_OTHER_TREE_NODE_WRITES	0
SMALL_DELETE_40_NODE_CRC_READ_CALLS	0
SMALL_DELETE_40_NODE_CRC_READ_SAMPLES	0
SMALL_DELETE_40_NODE_CRC_READ_SAMPLE_TICKS	0
SMALL_DELETE_40_NODE_CRC_WRITE_CALLS	0
SMALL_DELETE_40_NODE_CRC_WRITE_SAMPLES	0
SMALL_DELETE_40_NODE_CRC_WRITE_SAMPLE_TICKS	0
SMALL_DELETE_40_CLOCK_PAIR_TICKS	0
SMALL_DELETE_40_FREE_TREE_RESERVE_RETURN_CALLS	0
SMALL_DELETE_40_FREE_TREE_RESERVE_RETURN_RUNS	0
SMALL_DELETE_40_FREE_TREE_RESERVE_RETURN_BLOCKS	0
SMALL_DELETE_40_FREE_TREE_RESERVE_RETURN_RUNS_1_BLOCK	0
SMALL_DELETE_40_FREE_TREE_RESERVE_RETURN_RUNS_2_3_BLOCKS	0
SMALL_DELETE_40_FREE_TREE_RESERVE_RETURN_RUNS_4_7_BLOCKS	0
SMALL_DELETE_40_FREE_TREE_RESERVE_RETURN_RUNS_8_PLUS_BLOCKS	0
SMALL_DELETE_40_FREE_TREE_RESERVE_RETURN_MAX_RUN_BLOCKS	0
SMALL_DELETE_40_FREE_TREE_RESERVE_RETURN_MAX_NODE_WRITES_PER_RUN	0
SMALL_DELETE_40_POST_PUBLISH_RECLAIM_PASSES	0
SMALL_DELETE_40_MAX_POST_PUBLISH_RECLAIM_PASSES_PER_COMMIT	0
SMALL_DELETE_40_SUPERBLOCK_PUBLICATIONS	0
SMALL_DELETE_40_FREE_TREE_RESERVE_RETURN_RUN_NODE_WRITES	0
SMALL_DELETE_40_FREE_TREE_RESERVE_RETURN_BATCH_CALLS	0
SMALL_DELETE_40_FREE_TREE_RESERVE_RETURN_BATCH_BLOCKS	0
SMALL_DELETE_40_FREE_TREE_RESERVE_RETURN_BATCH_NODE_WRITES	0
SMALL_DELETE_40_FREE_TREE_RESERVE_RETURN_SKIP_SHAPE	0
SMALL_DELETE_40_FREE_TREE_RESERVE_RETURN_SKIP_SMALL	0
SMALL_DELETE_40_FREE_TREE_RESERVE_RETURN_SKIP_EMERGENCY	0
SMALL_DELETE_40_FREE_TREE_RESERVE_RETURN_SKIP_CAPACITY	0
SMALL_DELETE_40_SEALED_COMMITS	0
SMALL_DELETE_40_SEALED_METADATA_FENCES	0
SMALL_DELETE_40_BTREE_MALLOC_CALLS	0
SMALL_DELETE_40_BTREE_MALLOC_SAMPLES	0
SMALL_DELETE_40_BTREE_MALLOC_SAMPLE_TICKS	0
SMALL_DELETE_40_BTREE_FREE_CALLS	0
SMALL_DELETE_40_BTREE_FREE_SAMPLES	0
SMALL_DELETE_40_BTREE_FREE_SAMPLE_TICKS	0
SMALL_DELETE_40_IFACE_ALLOC_CALLS	0
SMALL_DELETE_40_IFACE_ALLOC_SAMPLES	0
SMALL_DELETE_40_IFACE_ALLOC_SAMPLE_TICKS	0
SMALL_DELETE_40_FREESPACE_ALLOC_SAMPLES	0
SMALL_DELETE_40_FREESPACE_ALLOC_SAMPLE_TICKS	0
SMALL_DELETE_40_PACKET_CALLS	40
SMALL_DELETE_40_PACKET_SAMPLES	40
SMALL_DELETE_40_PACKET_SAMPLE_TICKS	13252
SMALL_DELETE_40_PACKET_OPEN_CALLS	0
SMALL_DELETE_40_PACKET_OPEN_SAMPLES	0
SMALL_DELETE_40_PACKET_OPEN_SAMPLE_TICKS	0
SMALL_DELETE_40_PACKET_READ_CALLS	0
SMALL_DELETE_40_PACKET_READ_SAMPLES	0
SMALL_DELETE_40_PACKET_READ_SAMPLE_TICKS	0
SMALL_DELETE_40_PACKET_WRITE_CALLS	0
SMALL_DELETE_40_PACKET_WRITE_SAMPLES	0
SMALL_DELETE_40_PACKET_WRITE_SAMPLE_TICKS	0
SMALL_DELETE_40_PACKET_END_CALLS	0
SMALL_DELETE_40_PACKET_END_SAMPLES	0
SMALL_DELETE_40_PACKET_END_SAMPLE_TICKS	0
SMALL_DELETE_40_PACKET_DELETE_CALLS	40
SMALL_DELETE_40_PACKET_DELETE_SAMPLES	40
SMALL_DELETE_40_PACKET_DELETE_SAMPLE_TICKS	13252
SMALL_DELETE_40_PACKET_FLUSH_CALLS	0
SMALL_DELETE_40_PACKET_FLUSH_SAMPLES	0
SMALL_DELETE_40_PACKET_FLUSH_SAMPLE_TICKS	0
SMALL_DELETE_40_PACKET_OTHER_CALLS	0
SMALL_DELETE_40_PACKET_OTHER_SAMPLES	0
SMALL_DELETE_40_PACKET_OTHER_SAMPLE_TICKS	0
SMALL_DELETE_40_CORE_CREATE_CALLS	0
SMALL_DELETE_40_CORE_CREATE_SAMPLES	0
SMALL_DELETE_40_CORE_CREATE_SAMPLE_TICKS	0
SMALL_DELETE_40_CORE_DELETE_CALLS	40
SMALL_DELETE_40_CORE_DELETE_SAMPLES	40
SMALL_DELETE_40_CORE_DELETE_SAMPLE_TICKS	8175
SMALL_DELETE_40_CORE_FILE_WRITE_CALLS	0
SMALL_DELETE_40_CORE_FILE_WRITE_SAMPLES	0
SMALL_DELETE_40_CORE_FILE_WRITE_SAMPLE_TICKS	0
SMALL_DELETE_40_CORE_SYNC_CALLS	0
SMALL_DELETE_40_CORE_SYNC_SAMPLES	0
SMALL_DELETE_40_CORE_SYNC_SAMPLE_TICKS	0
SMALL_DELETE_40_IFACE_FREE_CALLS	5
SMALL_DELETE_40_IFACE_FREE_SAMPLES	5
SMALL_DELETE_40_IFACE_FREE_SAMPLE_TICKS	544
SMALL_DELETE_40_SEAL_COMMIT_CALLS	0
SMALL_DELETE_40_SEAL_COMMIT_SAMPLES	0
SMALL_DELETE_40_SEAL_COMMIT_SAMPLE_TICKS	0
SMALL_DELETE_40_INODE_READ_CALLS	80
SMALL_DELETE_40_BTREE_SEARCH_CALLS	205
SMALL_DELETE_40_BTREE_INDEX_HINT_HITS	40
SMALL_DELETE_40_BTREE_LEAF_HINT_HITS	54
SMALL_DELETE_40_CACHE_READ_CALLS	33
SMALL_DELETE_40_CACHE_READ_HITS	33
SMALL_DELETE_40_CACHE_READ_MISSES	0
SMALL_DELETE_40_FREE_TREE_NODE_VIEWS	15
SMALL_DELETE_40_FREE_TREE_RESIDENT_VIEWS	15
SMALL_DELETE_40_DIR_TREE_NODE_VIEWS	125
SMALL_DELETE_40_DIR_TREE_RESIDENT_VIEWS	125
SMALL_DELETE_40_INODE_TREE_NODE_VIEWS	39
SMALL_DELETE_40_INODE_TREE_RESIDENT_VIEWS	39
SMALL_DELETE_40_REFCOUNT_TREE_NODE_VIEWS	0
SMALL_DELETE_40_REFCOUNT_TREE_RESIDENT_VIEWS	0
SMALL_DELETE_40_OTHER_TREE_NODE_VIEWS	0
SMALL_DELETE_40_OTHER_TREE_RESIDENT_VIEWS	0
SMALL_DELETE_40_DIR_TREE_LEAF_NODE_VIEWS	67
SMALL_DELETE_40_DIR_TREE_LEAF_RESIDENT_VIEWS	67
SMALL_DELETE_40_DIR_TREE_INTERNAL_NODE_VIEWS	58
SMALL_DELETE_40_DIR_TREE_INTERNAL_RESIDENT_VIEWS	58
SMALL_DELETE_40_INODE_TREE_LEAF_NODE_VIEWS	39
SMALL_DELETE_40_INODE_TREE_LEAF_RESIDENT_VIEWS	39
SMALL_DELETE_40_INODE_TREE_INTERNAL_NODE_VIEWS	0
SMALL_DELETE_40_INODE_TREE_INTERNAL_RESIDENT_VIEWS	0
SMALL_DELETE_40_DETAIL_INODE_READ_CALLS	80
SMALL_DELETE_40_DETAIL_INODE_READ_SAMPLES	4
SMALL_DELETE_40_DETAIL_INODE_READ_SAMPLE_TICKS	91
SMALL_DELETE_40_DETAIL_INODE_VALIDATE_CALLS	80
SMALL_DELETE_40_DETAIL_INODE_VALIDATE_SAMPLES	4
SMALL_DELETE_40_DETAIL_INODE_VALIDATE_SAMPLE_TICKS	0
SMALL_DELETE_40_DETAIL_INODE_SEARCH_CALLS	80
SMALL_DELETE_40_DETAIL_INODE_SEARCH_SAMPLES	4
SMALL_DELETE_40_DETAIL_INODE_SEARCH_SAMPLE_TICKS	45
SMALL_DELETE_40_DETAIL_INODE_NODE_VIEW_CALLS	39
SMALL_DELETE_40_DETAIL_INODE_NODE_VIEW_SAMPLES	2
SMALL_DELETE_40_DETAIL_INODE_NODE_VIEW_SAMPLE_TICKS	0
SMALL_DELETE_40_DETAIL_DIR_NODE_VIEW_CALLS	125
SMALL_DELETE_40_DETAIL_DIR_NODE_VIEW_SAMPLES	7
SMALL_DELETE_40_DETAIL_DIR_NODE_VIEW_SAMPLE_TICKS	137
SMALL_DELETE_40_DETAIL_INODE_BINARY_SEARCH_CALLS	79
SMALL_DELETE_40_DETAIL_INODE_BINARY_SEARCH_SAMPLES	4
SMALL_DELETE_40_DETAIL_INODE_BINARY_SEARCH_SAMPLE_TICKS	45
SMALL_DELETE_40_DETAIL_DIR_BINARY_SEARCH_CALLS	267
SMALL_DELETE_40_DETAIL_DIR_BINARY_SEARCH_SAMPLES	15
SMALL_DELETE_40_DETAIL_DIR_BINARY_SEARCH_SAMPLE_TICKS	156
SMALL_DELETE_40_DETAIL_NODE_STRUCTURE_CALLS	22
SMALL_DELETE_40_DETAIL_NODE_STRUCTURE_SAMPLES	1
SMALL_DELETE_40_DETAIL_NODE_STRUCTURE_SAMPLE_TICKS	45
SMALL_DELETE_40_DETAIL_CACHE_PEEK_CALLS	332
SMALL_DELETE_40_DETAIL_CACHE_PEEK_SAMPLES	19
SMALL_DELETE_40_DETAIL_CACHE_PEEK_SAMPLE_TICKS	76
SMALL_DELETE_40_DETAIL_BUFFER_ALLOC_CALLS	153
SMALL_DELETE_40_DETAIL_BUFFER_ALLOC_SAMPLES	9
SMALL_DELETE_40_DETAIL_BUFFER_ALLOC_SAMPLE_TICKS	0
SMALL_DELETE_40_DETAIL_BUFFER_FREE_CALLS	162
SMALL_DELETE_40_DETAIL_BUFFER_FREE_SAMPLES	9
SMALL_DELETE_40_DETAIL_BUFFER_FREE_SAMPLE_TICKS	1
SMALL_DELETE_40_DETAIL_EXALL_FILL_CALLS	0
SMALL_DELETE_40_DETAIL_EXALL_FILL_SAMPLES	0
SMALL_DELETE_40_DETAIL_EXALL_FILL_SAMPLE_TICKS	0
SMALL_DELETE_40_DEFERRED_NODE_WRITES	0
APPEND_4K_1M_US	97473
APPEND_4K_1M_BIO_READS	0
APPEND_4K_1M_BIO_WRITES	256
APPEND_4K_1M_BIO_UPDATES	0
APPEND_4K_1M_DATA_READS	0
APPEND_4K_1M_DATA_WRITES	256
APPEND_4K_1M_NODE_WRITES	0
APPEND_4K_1M_TXN_COMMITS	0
APPEND_4K_1M_FREESPACE_ALLOCS	256
APPEND_4K_1M_EXTENT_MAPS	256
APPEND_4K_1M_READ_TICKS	0
APPEND_4K_1M_WRITE_TICKS	13802
APPEND_4K_1M_UPDATE_TICKS	0
APPEND_4K_1M_DATA_READ_TICKS	0
APPEND_4K_1M_DATA_WRITE_TICKS	13802
APPEND_4K_1M_FREE_TREE_NODE_WRITES	0
APPEND_4K_1M_FREE_TREE_ALLOCATION_BODY_NODE_WRITES	0
APPEND_4K_1M_FREE_TREE_RESERVE_REFILL_NODE_WRITES	0
APPEND_4K_1M_FREE_TREE_RESERVE_RETURN_NODE_WRITES	0
APPEND_4K_1M_FREE_TREE_POST_PUBLISH_PENDING_RECLAIM_NODE_WRITES	0
APPEND_4K_1M_FREE_TREE_OTHER_NODE_WRITES	0
APPEND_4K_1M_DIR_TREE_NODE_WRITES	0
APPEND_4K_1M_INODE_TREE_NODE_WRITES	0
APPEND_4K_1M_REFCOUNT_TREE_NODE_WRITES	0
APPEND_4K_1M_OTHER_TREE_NODE_WRITES	0
APPEND_4K_1M_NODE_CRC_READ_CALLS	0
APPEND_4K_1M_NODE_CRC_READ_SAMPLES	0
APPEND_4K_1M_NODE_CRC_READ_SAMPLE_TICKS	0
APPEND_4K_1M_NODE_CRC_WRITE_CALLS	0
APPEND_4K_1M_NODE_CRC_WRITE_SAMPLES	0
APPEND_4K_1M_NODE_CRC_WRITE_SAMPLE_TICKS	0
APPEND_4K_1M_CLOCK_PAIR_TICKS	1
APPEND_4K_1M_FREE_TREE_RESERVE_RETURN_CALLS	0
APPEND_4K_1M_FREE_TREE_RESERVE_RETURN_RUNS	0
APPEND_4K_1M_FREE_TREE_RESERVE_RETURN_BLOCKS	0
APPEND_4K_1M_FREE_TREE_RESERVE_RETURN_RUNS_1_BLOCK	0
APPEND_4K_1M_FREE_TREE_RESERVE_RETURN_RUNS_2_3_BLOCKS	0
APPEND_4K_1M_FREE_TREE_RESERVE_RETURN_RUNS_4_7_BLOCKS	0
APPEND_4K_1M_FREE_TREE_RESERVE_RETURN_RUNS_8_PLUS_BLOCKS	0
APPEND_4K_1M_FREE_TREE_RESERVE_RETURN_MAX_RUN_BLOCKS	0
APPEND_4K_1M_FREE_TREE_RESERVE_RETURN_MAX_NODE_WRITES_PER_RUN	0
APPEND_4K_1M_POST_PUBLISH_RECLAIM_PASSES	0
APPEND_4K_1M_MAX_POST_PUBLISH_RECLAIM_PASSES_PER_COMMIT	0
APPEND_4K_1M_SUPERBLOCK_PUBLICATIONS	0
APPEND_4K_1M_FREE_TREE_RESERVE_RETURN_RUN_NODE_WRITES	0
APPEND_4K_1M_FREE_TREE_RESERVE_RETURN_BATCH_CALLS	0
APPEND_4K_1M_FREE_TREE_RESERVE_RETURN_BATCH_BLOCKS	0
APPEND_4K_1M_FREE_TREE_RESERVE_RETURN_BATCH_NODE_WRITES	0
APPEND_4K_1M_FREE_TREE_RESERVE_RETURN_SKIP_SHAPE	0
APPEND_4K_1M_FREE_TREE_RESERVE_RETURN_SKIP_SMALL	0
APPEND_4K_1M_FREE_TREE_RESERVE_RETURN_SKIP_EMERGENCY	0
APPEND_4K_1M_FREE_TREE_RESERVE_RETURN_SKIP_CAPACITY	0
APPEND_4K_1M_SEALED_COMMITS	0
APPEND_4K_1M_SEALED_METADATA_FENCES	0
APPEND_4K_1M_BTREE_MALLOC_CALLS	0
APPEND_4K_1M_BTREE_MALLOC_SAMPLES	0
APPEND_4K_1M_BTREE_MALLOC_SAMPLE_TICKS	0
APPEND_4K_1M_BTREE_FREE_CALLS	1
APPEND_4K_1M_BTREE_FREE_SAMPLES	1
APPEND_4K_1M_BTREE_FREE_SAMPLE_TICKS	0
APPEND_4K_1M_IFACE_ALLOC_CALLS	0
APPEND_4K_1M_IFACE_ALLOC_SAMPLES	0
APPEND_4K_1M_IFACE_ALLOC_SAMPLE_TICKS	0
APPEND_4K_1M_FREESPACE_ALLOC_SAMPLES	256
APPEND_4K_1M_FREESPACE_ALLOC_SAMPLE_TICKS	10449
APPEND_4K_1M_PACKET_CALLS	258
APPEND_4K_1M_PACKET_SAMPLES	258
APPEND_4K_1M_PACKET_SAMPLE_TICKS	65877
APPEND_4K_1M_PACKET_OPEN_CALLS	1
APPEND_4K_1M_PACKET_OPEN_SAMPLES	1
APPEND_4K_1M_PACKET_OPEN_SAMPLE_TICKS	227
APPEND_4K_1M_PACKET_READ_CALLS	0
APPEND_4K_1M_PACKET_READ_SAMPLES	0
APPEND_4K_1M_PACKET_READ_SAMPLE_TICKS	0
APPEND_4K_1M_PACKET_WRITE_CALLS	256
APPEND_4K_1M_PACKET_WRITE_SAMPLES	256
APPEND_4K_1M_PACKET_WRITE_SAMPLE_TICKS	65650
APPEND_4K_1M_PACKET_END_CALLS	1
APPEND_4K_1M_PACKET_END_SAMPLES	1
APPEND_4K_1M_PACKET_END_SAMPLE_TICKS	0
APPEND_4K_1M_PACKET_DELETE_CALLS	0
APPEND_4K_1M_PACKET_DELETE_SAMPLES	0
APPEND_4K_1M_PACKET_DELETE_SAMPLE_TICKS	0
APPEND_4K_1M_PACKET_FLUSH_CALLS	0
APPEND_4K_1M_PACKET_FLUSH_SAMPLES	0
APPEND_4K_1M_PACKET_FLUSH_SAMPLE_TICKS	0
APPEND_4K_1M_PACKET_OTHER_CALLS	0
APPEND_4K_1M_PACKET_OTHER_SAMPLES	0
APPEND_4K_1M_PACKET_OTHER_SAMPLE_TICKS	0
APPEND_4K_1M_CORE_CREATE_CALLS	1
APPEND_4K_1M_CORE_CREATE_SAMPLES	1
APPEND_4K_1M_CORE_CREATE_SAMPLE_TICKS	136
APPEND_4K_1M_CORE_DELETE_CALLS	0
APPEND_4K_1M_CORE_DELETE_SAMPLES	0
APPEND_4K_1M_CORE_DELETE_SAMPLE_TICKS	0
APPEND_4K_1M_CORE_FILE_WRITE_CALLS	256
APPEND_4K_1M_CORE_FILE_WRITE_SAMPLES	256
APPEND_4K_1M_CORE_FILE_WRITE_SAMPLE_TICKS	54169
APPEND_4K_1M_CORE_SYNC_CALLS	0
APPEND_4K_1M_CORE_SYNC_SAMPLES	0
APPEND_4K_1M_CORE_SYNC_SAMPLE_TICKS	0
APPEND_4K_1M_IFACE_FREE_CALLS	0
APPEND_4K_1M_IFACE_FREE_SAMPLES	0
APPEND_4K_1M_IFACE_FREE_SAMPLE_TICKS	0
APPEND_4K_1M_SEAL_COMMIT_CALLS	0
APPEND_4K_1M_SEAL_COMMIT_SAMPLES	0
APPEND_4K_1M_SEAL_COMMIT_SAMPLE_TICKS	0
APPEND_4K_1M_INODE_READ_CALLS	515
APPEND_4K_1M_BTREE_SEARCH_CALLS	516
APPEND_4K_1M_BTREE_INDEX_HINT_HITS	258
APPEND_4K_1M_BTREE_LEAF_HINT_HITS	0
APPEND_4K_1M_CACHE_READ_CALLS	0
APPEND_4K_1M_CACHE_READ_HITS	0
APPEND_4K_1M_CACHE_READ_MISSES	0
APPEND_4K_1M_FREE_TREE_NODE_VIEWS	256
APPEND_4K_1M_FREE_TREE_RESIDENT_VIEWS	256
APPEND_4K_1M_DIR_TREE_NODE_VIEWS	1
APPEND_4K_1M_DIR_TREE_RESIDENT_VIEWS	1
APPEND_4K_1M_INODE_TREE_NODE_VIEWS	257
APPEND_4K_1M_INODE_TREE_RESIDENT_VIEWS	257
APPEND_4K_1M_REFCOUNT_TREE_NODE_VIEWS	0
APPEND_4K_1M_REFCOUNT_TREE_RESIDENT_VIEWS	0
APPEND_4K_1M_OTHER_TREE_NODE_VIEWS	0
APPEND_4K_1M_OTHER_TREE_RESIDENT_VIEWS	0
APPEND_4K_1M_DIR_TREE_LEAF_NODE_VIEWS	1
APPEND_4K_1M_DIR_TREE_LEAF_RESIDENT_VIEWS	1
APPEND_4K_1M_DIR_TREE_INTERNAL_NODE_VIEWS	0
APPEND_4K_1M_DIR_TREE_INTERNAL_RESIDENT_VIEWS	0
APPEND_4K_1M_INODE_TREE_LEAF_NODE_VIEWS	257
APPEND_4K_1M_INODE_TREE_LEAF_RESIDENT_VIEWS	257
APPEND_4K_1M_INODE_TREE_INTERNAL_NODE_VIEWS	0
APPEND_4K_1M_INODE_TREE_INTERNAL_RESIDENT_VIEWS	0
APPEND_4K_1M_DETAIL_INODE_READ_CALLS	515
APPEND_4K_1M_DETAIL_INODE_READ_SAMPLES	30
APPEND_4K_1M_DETAIL_INODE_READ_SAMPLE_TICKS	868
APPEND_4K_1M_DETAIL_INODE_VALIDATE_CALLS	772
APPEND_4K_1M_DETAIL_INODE_VALIDATE_SAMPLES	45
APPEND_4K_1M_DETAIL_INODE_VALIDATE_SAMPLE_TICKS	48
APPEND_4K_1M_DETAIL_INODE_SEARCH_CALLS	515
APPEND_4K_1M_DETAIL_INODE_SEARCH_SAMPLES	30
APPEND_4K_1M_DETAIL_INODE_SEARCH_SAMPLE_TICKS	570
APPEND_4K_1M_DETAIL_INODE_NODE_VIEW_CALLS	257
APPEND_4K_1M_DETAIL_INODE_NODE_VIEW_SAMPLES	15
APPEND_4K_1M_DETAIL_INODE_NODE_VIEW_SAMPLE_TICKS	2
APPEND_4K_1M_DETAIL_DIR_NODE_VIEW_CALLS	1
APPEND_4K_1M_DETAIL_DIR_NODE_VIEW_SAMPLES	0
APPEND_4K_1M_DETAIL_DIR_NODE_VIEW_SAMPLE_TICKS	0
APPEND_4K_1M_DETAIL_INODE_BINARY_SEARCH_CALLS	515
APPEND_4K_1M_DETAIL_INODE_BINARY_SEARCH_SAMPLES	30
APPEND_4K_1M_DETAIL_INODE_BINARY_SEARCH_SAMPLE_TICKS	45
APPEND_4K_1M_DETAIL_DIR_BINARY_SEARCH_CALLS	2
APPEND_4K_1M_DETAIL_DIR_BINARY_SEARCH_SAMPLES	0
APPEND_4K_1M_DETAIL_DIR_BINARY_SEARCH_SAMPLE_TICKS	0
APPEND_4K_1M_DETAIL_NODE_STRUCTURE_CALLS	0
APPEND_4K_1M_DETAIL_NODE_STRUCTURE_SAMPLES	0
APPEND_4K_1M_DETAIL_NODE_STRUCTURE_SAMPLE_TICKS	0
APPEND_4K_1M_DETAIL_CACHE_PEEK_CALLS	772
APPEND_4K_1M_DETAIL_CACHE_PEEK_SAMPLES	45
APPEND_4K_1M_DETAIL_CACHE_PEEK_SAMPLE_TICKS	90
APPEND_4K_1M_DETAIL_BUFFER_ALLOC_CALLS	514
APPEND_4K_1M_DETAIL_BUFFER_ALLOC_SAMPLES	30
APPEND_4K_1M_DETAIL_BUFFER_ALLOC_SAMPLE_TICKS	142
APPEND_4K_1M_DETAIL_BUFFER_FREE_CALLS	514
APPEND_4K_1M_DETAIL_BUFFER_FREE_SAMPLES	30
APPEND_4K_1M_DETAIL_BUFFER_FREE_SAMPLE_TICKS	135
APPEND_4K_1M_DETAIL_EXALL_FILL_CALLS	0
APPEND_4K_1M_DETAIL_EXALL_FILL_SAMPLES	0
APPEND_4K_1M_DETAIL_EXALL_FILL_SAMPLE_TICKS	0
APPEND_4K_1M_DEFERRED_NODE_WRITES	0
APPEND_1K_256K_US	82688
APPEND_1K_256K_BIO_READS	64
APPEND_1K_256K_BIO_WRITES	256
APPEND_1K_256K_BIO_UPDATES	0
APPEND_1K_256K_DATA_READS	64
APPEND_1K_256K_DATA_WRITES	256
APPEND_1K_256K_NODE_WRITES	0
APPEND_1K_256K_TXN_COMMITS	0
APPEND_1K_256K_FREESPACE_ALLOCS	64
APPEND_1K_256K_EXTENT_MAPS	64
APPEND_1K_256K_READ_TICKS	2384
APPEND_1K_256K_WRITE_TICKS	9397
APPEND_1K_256K_UPDATE_TICKS	0
APPEND_1K_256K_DATA_READ_TICKS	2384
APPEND_1K_256K_DATA_WRITE_TICKS	9397
APPEND_1K_256K_FREE_TREE_NODE_WRITES	0
APPEND_1K_256K_FREE_TREE_ALLOCATION_BODY_NODE_WRITES	0
APPEND_1K_256K_FREE_TREE_RESERVE_REFILL_NODE_WRITES	0
APPEND_1K_256K_FREE_TREE_RESERVE_RETURN_NODE_WRITES	0
APPEND_1K_256K_FREE_TREE_POST_PUBLISH_PENDING_RECLAIM_NODE_WRITES	0
APPEND_1K_256K_FREE_TREE_OTHER_NODE_WRITES	0
APPEND_1K_256K_DIR_TREE_NODE_WRITES	0
APPEND_1K_256K_INODE_TREE_NODE_WRITES	0
APPEND_1K_256K_REFCOUNT_TREE_NODE_WRITES	0
APPEND_1K_256K_OTHER_TREE_NODE_WRITES	0
APPEND_1K_256K_NODE_CRC_READ_CALLS	0
APPEND_1K_256K_NODE_CRC_READ_SAMPLES	0
APPEND_1K_256K_NODE_CRC_READ_SAMPLE_TICKS	0
APPEND_1K_256K_NODE_CRC_WRITE_CALLS	0
APPEND_1K_256K_NODE_CRC_WRITE_SAMPLES	0
APPEND_1K_256K_NODE_CRC_WRITE_SAMPLE_TICKS	0
APPEND_1K_256K_CLOCK_PAIR_TICKS	1
APPEND_1K_256K_FREE_TREE_RESERVE_RETURN_CALLS	0
APPEND_1K_256K_FREE_TREE_RESERVE_RETURN_RUNS	0
APPEND_1K_256K_FREE_TREE_RESERVE_RETURN_BLOCKS	0
APPEND_1K_256K_FREE_TREE_RESERVE_RETURN_RUNS_1_BLOCK	0
APPEND_1K_256K_FREE_TREE_RESERVE_RETURN_RUNS_2_3_BLOCKS	0
APPEND_1K_256K_FREE_TREE_RESERVE_RETURN_RUNS_4_7_BLOCKS	0
APPEND_1K_256K_FREE_TREE_RESERVE_RETURN_RUNS_8_PLUS_BLOCKS	0
APPEND_1K_256K_FREE_TREE_RESERVE_RETURN_MAX_RUN_BLOCKS	0
APPEND_1K_256K_FREE_TREE_RESERVE_RETURN_MAX_NODE_WRITES_PER_RUN	0
APPEND_1K_256K_POST_PUBLISH_RECLAIM_PASSES	0
APPEND_1K_256K_MAX_POST_PUBLISH_RECLAIM_PASSES_PER_COMMIT	0
APPEND_1K_256K_SUPERBLOCK_PUBLICATIONS	0
APPEND_1K_256K_FREE_TREE_RESERVE_RETURN_RUN_NODE_WRITES	0
APPEND_1K_256K_FREE_TREE_RESERVE_RETURN_BATCH_CALLS	0
APPEND_1K_256K_FREE_TREE_RESERVE_RETURN_BATCH_BLOCKS	0
APPEND_1K_256K_FREE_TREE_RESERVE_RETURN_BATCH_NODE_WRITES	0
APPEND_1K_256K_FREE_TREE_RESERVE_RETURN_SKIP_SHAPE	0
APPEND_1K_256K_FREE_TREE_RESERVE_RETURN_SKIP_SMALL	0
APPEND_1K_256K_FREE_TREE_RESERVE_RETURN_SKIP_EMERGENCY	0
APPEND_1K_256K_FREE_TREE_RESERVE_RETURN_SKIP_CAPACITY	0
APPEND_1K_256K_SEALED_COMMITS	0
APPEND_1K_256K_SEALED_METADATA_FENCES	0
APPEND_1K_256K_BTREE_MALLOC_CALLS	0
APPEND_1K_256K_BTREE_MALLOC_SAMPLES	0
APPEND_1K_256K_BTREE_MALLOC_SAMPLE_TICKS	0
APPEND_1K_256K_BTREE_FREE_CALLS	1
APPEND_1K_256K_BTREE_FREE_SAMPLES	1
APPEND_1K_256K_BTREE_FREE_SAMPLE_TICKS	0
APPEND_1K_256K_IFACE_ALLOC_CALLS	0
APPEND_1K_256K_IFACE_ALLOC_SAMPLES	0
APPEND_1K_256K_IFACE_ALLOC_SAMPLE_TICKS	0
APPEND_1K_256K_FREESPACE_ALLOC_SAMPLES	64
APPEND_1K_256K_FREESPACE_ALLOC_SAMPLE_TICKS	2639
APPEND_1K_256K_PACKET_CALLS	258
APPEND_1K_256K_PACKET_SAMPLES	258
APPEND_1K_256K_PACKET_SAMPLE_TICKS	55002
APPEND_1K_256K_PACKET_OPEN_CALLS	1
APPEND_1K_256K_PACKET_OPEN_SAMPLES	1
APPEND_1K_256K_PACKET_OPEN_SAMPLE_TICKS	227
APPEND_1K_256K_PACKET_READ_CALLS	0
APPEND_1K_256K_PACKET_READ_SAMPLES	0
APPEND_1K_256K_PACKET_READ_SAMPLE_TICKS	0
APPEND_1K_256K_PACKET_WRITE_CALLS	256
APPEND_1K_256K_PACKET_WRITE_SAMPLES	256
APPEND_1K_256K_PACKET_WRITE_SAMPLE_TICKS	54775
APPEND_1K_256K_PACKET_END_CALLS	1
APPEND_1K_256K_PACKET_END_SAMPLES	1
APPEND_1K_256K_PACKET_END_SAMPLE_TICKS	0
APPEND_1K_256K_PACKET_DELETE_CALLS	0
APPEND_1K_256K_PACKET_DELETE_SAMPLES	0
APPEND_1K_256K_PACKET_DELETE_SAMPLE_TICKS	0
APPEND_1K_256K_PACKET_FLUSH_CALLS	0
APPEND_1K_256K_PACKET_FLUSH_SAMPLES	0
APPEND_1K_256K_PACKET_FLUSH_SAMPLE_TICKS	0
APPEND_1K_256K_PACKET_OTHER_CALLS	0
APPEND_1K_256K_PACKET_OTHER_SAMPLES	0
APPEND_1K_256K_PACKET_OTHER_SAMPLE_TICKS	0
APPEND_1K_256K_CORE_CREATE_CALLS	1
APPEND_1K_256K_CORE_CREATE_SAMPLES	1
APPEND_1K_256K_CORE_CREATE_SAMPLE_TICKS	136
APPEND_1K_256K_CORE_DELETE_CALLS	0
APPEND_1K_256K_CORE_DELETE_SAMPLES	0
APPEND_1K_256K_CORE_DELETE_SAMPLE_TICKS	0
APPEND_1K_256K_CORE_FILE_WRITE_CALLS	256
APPEND_1K_256K_CORE_FILE_WRITE_SAMPLES	256
APPEND_1K_256K_CORE_FILE_WRITE_SAMPLE_TICKS	43032
APPEND_1K_256K_CORE_SYNC_CALLS	0
APPEND_1K_256K_CORE_SYNC_SAMPLES	0
APPEND_1K_256K_CORE_SYNC_SAMPLE_TICKS	0
APPEND_1K_256K_IFACE_FREE_CALLS	0
APPEND_1K_256K_IFACE_FREE_SAMPLES	0
APPEND_1K_256K_IFACE_FREE_SAMPLE_TICKS	0
APPEND_1K_256K_SEAL_COMMIT_CALLS	0
APPEND_1K_256K_SEAL_COMMIT_SAMPLES	0
APPEND_1K_256K_SEAL_COMMIT_SAMPLE_TICKS	0
APPEND_1K_256K_INODE_READ_CALLS	515
APPEND_1K_256K_BTREE_SEARCH_CALLS	516
APPEND_1K_256K_BTREE_INDEX_HINT_HITS	258
APPEND_1K_256K_BTREE_LEAF_HINT_HITS	0
APPEND_1K_256K_CACHE_READ_CALLS	192
APPEND_1K_256K_CACHE_READ_HITS	128
APPEND_1K_256K_CACHE_READ_MISSES	64
APPEND_1K_256K_FREE_TREE_NODE_VIEWS	64
APPEND_1K_256K_FREE_TREE_RESIDENT_VIEWS	64
APPEND_1K_256K_DIR_TREE_NODE_VIEWS	1
APPEND_1K_256K_DIR_TREE_RESIDENT_VIEWS	1
APPEND_1K_256K_INODE_TREE_NODE_VIEWS	257
APPEND_1K_256K_INODE_TREE_RESIDENT_VIEWS	257
APPEND_1K_256K_REFCOUNT_TREE_NODE_VIEWS	0
APPEND_1K_256K_REFCOUNT_TREE_RESIDENT_VIEWS	0
APPEND_1K_256K_OTHER_TREE_NODE_VIEWS	0
APPEND_1K_256K_OTHER_TREE_RESIDENT_VIEWS	0
APPEND_1K_256K_DIR_TREE_LEAF_NODE_VIEWS	1
APPEND_1K_256K_DIR_TREE_LEAF_RESIDENT_VIEWS	1
APPEND_1K_256K_DIR_TREE_INTERNAL_NODE_VIEWS	0
APPEND_1K_256K_DIR_TREE_INTERNAL_RESIDENT_VIEWS	0
APPEND_1K_256K_INODE_TREE_LEAF_NODE_VIEWS	257
APPEND_1K_256K_INODE_TREE_LEAF_RESIDENT_VIEWS	257
APPEND_1K_256K_INODE_TREE_INTERNAL_NODE_VIEWS	0
APPEND_1K_256K_INODE_TREE_INTERNAL_RESIDENT_VIEWS	0
APPEND_1K_256K_DETAIL_INODE_READ_CALLS	515
APPEND_1K_256K_DETAIL_INODE_READ_SAMPLES	30
APPEND_1K_256K_DETAIL_INODE_READ_SAMPLE_TICKS	731
APPEND_1K_256K_DETAIL_INODE_VALIDATE_CALLS	772
APPEND_1K_256K_DETAIL_INODE_VALIDATE_SAMPLES	45
APPEND_1K_256K_DETAIL_INODE_VALIDATE_SAMPLE_TICKS	92
APPEND_1K_256K_DETAIL_INODE_SEARCH_CALLS	515
APPEND_1K_256K_DETAIL_INODE_SEARCH_SAMPLES	30
APPEND_1K_256K_DETAIL_INODE_SEARCH_SAMPLE_TICKS	543
APPEND_1K_256K_DETAIL_INODE_NODE_VIEW_CALLS	257
APPEND_1K_256K_DETAIL_INODE_NODE_VIEW_SAMPLES	15
APPEND_1K_256K_DETAIL_INODE_NODE_VIEW_SAMPLE_TICKS	137
APPEND_1K_256K_DETAIL_DIR_NODE_VIEW_CALLS	1
APPEND_1K_256K_DETAIL_DIR_NODE_VIEW_SAMPLES	0
APPEND_1K_256K_DETAIL_DIR_NODE_VIEW_SAMPLE_TICKS	0
APPEND_1K_256K_DETAIL_INODE_BINARY_SEARCH_CALLS	515
APPEND_1K_256K_DETAIL_INODE_BINARY_SEARCH_SAMPLES	30
APPEND_1K_256K_DETAIL_INODE_BINARY_SEARCH_SAMPLE_TICKS	128
APPEND_1K_256K_DETAIL_DIR_BINARY_SEARCH_CALLS	2
APPEND_1K_256K_DETAIL_DIR_BINARY_SEARCH_SAMPLES	0
APPEND_1K_256K_DETAIL_DIR_BINARY_SEARCH_SAMPLE_TICKS	0
APPEND_1K_256K_DETAIL_NODE_STRUCTURE_CALLS	0
APPEND_1K_256K_DETAIL_NODE_STRUCTURE_SAMPLES	0
APPEND_1K_256K_DETAIL_NODE_STRUCTURE_SAMPLE_TICKS	0
APPEND_1K_256K_DETAIL_CACHE_PEEK_CALLS	580
APPEND_1K_256K_DETAIL_CACHE_PEEK_SAMPLES	34
APPEND_1K_256K_DETAIL_CACHE_PEEK_SAMPLE_TICKS	75
APPEND_1K_256K_DETAIL_BUFFER_ALLOC_CALLS	322
APPEND_1K_256K_DETAIL_BUFFER_ALLOC_SAMPLES	18
APPEND_1K_256K_DETAIL_BUFFER_ALLOC_SAMPLE_TICKS	45
APPEND_1K_256K_DETAIL_BUFFER_FREE_CALLS	322
APPEND_1K_256K_DETAIL_BUFFER_FREE_SAMPLES	18
APPEND_1K_256K_DETAIL_BUFFER_FREE_SAMPLE_TICKS	46
APPEND_1K_256K_DETAIL_EXALL_FILL_CALLS	0
APPEND_1K_256K_DETAIL_EXALL_FILL_SAMPLES	0
APPEND_1K_256K_DETAIL_EXALL_FILL_SAMPLE_TICKS	0
APPEND_1K_256K_DEFERRED_NODE_WRITES	0
APPEND_READ_1280K_US	44865
APPEND_READ_1280K_BIO_READS	50
APPEND_READ_1280K_BIO_WRITES	0
APPEND_READ_1280K_BIO_UPDATES	0
APPEND_READ_1280K_DATA_READS	50
APPEND_READ_1280K_DATA_WRITES	0
APPEND_READ_1280K_NODE_WRITES	0
APPEND_READ_1280K_TXN_COMMITS	0
APPEND_READ_1280K_FREESPACE_ALLOCS	0
APPEND_READ_1280K_EXTENT_MAPS	0
APPEND_READ_1280K_READ_TICKS	2725
APPEND_READ_1280K_WRITE_TICKS	0
APPEND_READ_1280K_UPDATE_TICKS	0
APPEND_READ_1280K_DATA_READ_TICKS	2725
APPEND_READ_1280K_DATA_WRITE_TICKS	0
APPEND_READ_1280K_FREE_TREE_NODE_WRITES	0
APPEND_READ_1280K_FREE_TREE_ALLOCATION_BODY_NODE_WRITES	0
APPEND_READ_1280K_FREE_TREE_RESERVE_REFILL_NODE_WRITES	0
APPEND_READ_1280K_FREE_TREE_RESERVE_RETURN_NODE_WRITES	0
APPEND_READ_1280K_FREE_TREE_POST_PUBLISH_PENDING_RECLAIM_NODE_WRITES	0
APPEND_READ_1280K_FREE_TREE_OTHER_NODE_WRITES	0
APPEND_READ_1280K_DIR_TREE_NODE_WRITES	0
APPEND_READ_1280K_INODE_TREE_NODE_WRITES	0
APPEND_READ_1280K_REFCOUNT_TREE_NODE_WRITES	0
APPEND_READ_1280K_OTHER_TREE_NODE_WRITES	0
APPEND_READ_1280K_NODE_CRC_READ_CALLS	0
APPEND_READ_1280K_NODE_CRC_READ_SAMPLES	0
APPEND_READ_1280K_NODE_CRC_READ_SAMPLE_TICKS	0
APPEND_READ_1280K_NODE_CRC_WRITE_CALLS	0
APPEND_READ_1280K_NODE_CRC_WRITE_SAMPLES	0
APPEND_READ_1280K_NODE_CRC_WRITE_SAMPLE_TICKS	0
APPEND_READ_1280K_CLOCK_PAIR_TICKS	1
APPEND_READ_1280K_FREE_TREE_RESERVE_RETURN_CALLS	0
APPEND_READ_1280K_FREE_TREE_RESERVE_RETURN_RUNS	0
APPEND_READ_1280K_FREE_TREE_RESERVE_RETURN_BLOCKS	0
APPEND_READ_1280K_FREE_TREE_RESERVE_RETURN_RUNS_1_BLOCK	0
APPEND_READ_1280K_FREE_TREE_RESERVE_RETURN_RUNS_2_3_BLOCKS	0
APPEND_READ_1280K_FREE_TREE_RESERVE_RETURN_RUNS_4_7_BLOCKS	0
APPEND_READ_1280K_FREE_TREE_RESERVE_RETURN_RUNS_8_PLUS_BLOCKS	0
APPEND_READ_1280K_FREE_TREE_RESERVE_RETURN_MAX_RUN_BLOCKS	0
APPEND_READ_1280K_FREE_TREE_RESERVE_RETURN_MAX_NODE_WRITES_PER_RUN	0
APPEND_READ_1280K_POST_PUBLISH_RECLAIM_PASSES	0
APPEND_READ_1280K_MAX_POST_PUBLISH_RECLAIM_PASSES_PER_COMMIT	0
APPEND_READ_1280K_SUPERBLOCK_PUBLICATIONS	0
APPEND_READ_1280K_FREE_TREE_RESERVE_RETURN_RUN_NODE_WRITES	0
APPEND_READ_1280K_FREE_TREE_RESERVE_RETURN_BATCH_CALLS	0
APPEND_READ_1280K_FREE_TREE_RESERVE_RETURN_BATCH_BLOCKS	0
APPEND_READ_1280K_FREE_TREE_RESERVE_RETURN_BATCH_NODE_WRITES	0
APPEND_READ_1280K_FREE_TREE_RESERVE_RETURN_SKIP_SHAPE	0
APPEND_READ_1280K_FREE_TREE_RESERVE_RETURN_SKIP_SMALL	0
APPEND_READ_1280K_FREE_TREE_RESERVE_RETURN_SKIP_EMERGENCY	0
APPEND_READ_1280K_FREE_TREE_RESERVE_RETURN_SKIP_CAPACITY	0
APPEND_READ_1280K_SEALED_COMMITS	0
APPEND_READ_1280K_SEALED_METADATA_FENCES	0
APPEND_READ_1280K_BTREE_MALLOC_CALLS	0
APPEND_READ_1280K_BTREE_MALLOC_SAMPLES	0
APPEND_READ_1280K_BTREE_MALLOC_SAMPLE_TICKS	0
APPEND_READ_1280K_BTREE_FREE_CALLS	0
APPEND_READ_1280K_BTREE_FREE_SAMPLES	0
APPEND_READ_1280K_BTREE_FREE_SAMPLE_TICKS	0
APPEND_READ_1280K_IFACE_ALLOC_CALLS	0
APPEND_READ_1280K_IFACE_ALLOC_SAMPLES	0
APPEND_READ_1280K_IFACE_ALLOC_SAMPLE_TICKS	0
APPEND_READ_1280K_FREESPACE_ALLOC_SAMPLES	0
APPEND_READ_1280K_FREESPACE_ALLOC_SAMPLE_TICKS	0
APPEND_READ_1280K_PACKET_CALLS	26
APPEND_READ_1280K_PACKET_SAMPLES	26
APPEND_READ_1280K_PACKET_SAMPLE_TICKS	5115
APPEND_READ_1280K_PACKET_OPEN_CALLS	2
APPEND_READ_1280K_PACKET_OPEN_SAMPLES	2
APPEND_READ_1280K_PACKET_OPEN_SAMPLE_TICKS	227
APPEND_READ_1280K_PACKET_READ_CALLS	22
APPEND_READ_1280K_PACKET_READ_SAMPLES	22
APPEND_READ_1280K_PACKET_READ_SAMPLE_TICKS	4849
APPEND_READ_1280K_PACKET_WRITE_CALLS	0
APPEND_READ_1280K_PACKET_WRITE_SAMPLES	0
APPEND_READ_1280K_PACKET_WRITE_SAMPLE_TICKS	0
APPEND_READ_1280K_PACKET_END_CALLS	2
APPEND_READ_1280K_PACKET_END_SAMPLES	2
APPEND_READ_1280K_PACKET_END_SAMPLE_TICKS	39
APPEND_READ_1280K_PACKET_DELETE_CALLS	0
APPEND_READ_1280K_PACKET_DELETE_SAMPLES	0
APPEND_READ_1280K_PACKET_DELETE_SAMPLE_TICKS	0
APPEND_READ_1280K_PACKET_FLUSH_CALLS	0
APPEND_READ_1280K_PACKET_FLUSH_SAMPLES	0
APPEND_READ_1280K_PACKET_FLUSH_SAMPLE_TICKS	0
APPEND_READ_1280K_PACKET_OTHER_CALLS	0
APPEND_READ_1280K_PACKET_OTHER_SAMPLES	0
APPEND_READ_1280K_PACKET_OTHER_SAMPLE_TICKS	0
APPEND_READ_1280K_CORE_CREATE_CALLS	0
APPEND_READ_1280K_CORE_CREATE_SAMPLES	0
APPEND_READ_1280K_CORE_CREATE_SAMPLE_TICKS	0
APPEND_READ_1280K_CORE_DELETE_CALLS	0
APPEND_READ_1280K_CORE_DELETE_SAMPLES	0
APPEND_READ_1280K_CORE_DELETE_SAMPLE_TICKS	0
APPEND_READ_1280K_CORE_FILE_WRITE_CALLS	0
APPEND_READ_1280K_CORE_FILE_WRITE_SAMPLES	0
APPEND_READ_1280K_CORE_FILE_WRITE_SAMPLE_TICKS	0
APPEND_READ_1280K_CORE_SYNC_CALLS	0
APPEND_READ_1280K_CORE_SYNC_SAMPLES	0
APPEND_READ_1280K_CORE_SYNC_SAMPLE_TICKS	0
APPEND_READ_1280K_IFACE_FREE_CALLS	0
APPEND_READ_1280K_IFACE_FREE_SAMPLES	0
APPEND_READ_1280K_IFACE_FREE_SAMPLE_TICKS	0
APPEND_READ_1280K_SEAL_COMMIT_CALLS	0
APPEND_READ_1280K_SEAL_COMMIT_SAMPLES	0
APPEND_READ_1280K_SEAL_COMMIT_SAMPLE_TICKS	0
APPEND_READ_1280K_INODE_READ_CALLS	48
APPEND_READ_1280K_BTREE_SEARCH_CALLS	50
APPEND_READ_1280K_BTREE_INDEX_HINT_HITS	46
APPEND_READ_1280K_BTREE_LEAF_HINT_HITS	2
APPEND_READ_1280K_CACHE_READ_CALLS	32
APPEND_READ_1280K_CACHE_READ_HITS	0
APPEND_READ_1280K_CACHE_READ_MISSES	32
APPEND_READ_1280K_FREE_TREE_NODE_VIEWS	0
APPEND_READ_1280K_FREE_TREE_RESIDENT_VIEWS	0
APPEND_READ_1280K_DIR_TREE_NODE_VIEWS	1
APPEND_READ_1280K_DIR_TREE_RESIDENT_VIEWS	1
APPEND_READ_1280K_INODE_TREE_NODE_VIEWS	1
APPEND_READ_1280K_INODE_TREE_RESIDENT_VIEWS	1
APPEND_READ_1280K_REFCOUNT_TREE_NODE_VIEWS	0
APPEND_READ_1280K_REFCOUNT_TREE_RESIDENT_VIEWS	0
APPEND_READ_1280K_OTHER_TREE_NODE_VIEWS	0
APPEND_READ_1280K_OTHER_TREE_RESIDENT_VIEWS	0
APPEND_READ_1280K_DIR_TREE_LEAF_NODE_VIEWS	1
APPEND_READ_1280K_DIR_TREE_LEAF_RESIDENT_VIEWS	1
APPEND_READ_1280K_DIR_TREE_INTERNAL_NODE_VIEWS	0
APPEND_READ_1280K_DIR_TREE_INTERNAL_RESIDENT_VIEWS	0
APPEND_READ_1280K_INODE_TREE_LEAF_NODE_VIEWS	1
APPEND_READ_1280K_INODE_TREE_LEAF_RESIDENT_VIEWS	1
APPEND_READ_1280K_INODE_TREE_INTERNAL_NODE_VIEWS	0
APPEND_READ_1280K_INODE_TREE_INTERNAL_RESIDENT_VIEWS	0
APPEND_READ_1280K_DETAIL_INODE_READ_CALLS	48
APPEND_READ_1280K_DETAIL_INODE_READ_SAMPLES	2
APPEND_READ_1280K_DETAIL_INODE_READ_SAMPLE_TICKS	1
APPEND_READ_1280K_DETAIL_INODE_VALIDATE_CALLS	48
APPEND_READ_1280K_DETAIL_INODE_VALIDATE_SAMPLES	2
APPEND_READ_1280K_DETAIL_INODE_VALIDATE_SAMPLE_TICKS	0
APPEND_READ_1280K_DETAIL_INODE_SEARCH_CALLS	48
APPEND_READ_1280K_DETAIL_INODE_SEARCH_SAMPLES	2
APPEND_READ_1280K_DETAIL_INODE_SEARCH_SAMPLE_TICKS	0
APPEND_READ_1280K_DETAIL_INODE_NODE_VIEW_CALLS	1
APPEND_READ_1280K_DETAIL_INODE_NODE_VIEW_SAMPLES	0
APPEND_READ_1280K_DETAIL_INODE_NODE_VIEW_SAMPLE_TICKS	0
APPEND_READ_1280K_DETAIL_DIR_NODE_VIEW_CALLS	1
APPEND_READ_1280K_DETAIL_DIR_NODE_VIEW_SAMPLES	0
APPEND_READ_1280K_DETAIL_DIR_NODE_VIEW_SAMPLE_TICKS	0
APPEND_READ_1280K_DETAIL_INODE_BINARY_SEARCH_CALLS	2
APPEND_READ_1280K_DETAIL_INODE_BINARY_SEARCH_SAMPLES	0
APPEND_READ_1280K_DETAIL_INODE_BINARY_SEARCH_SAMPLE_TICKS	0
APPEND_READ_1280K_DETAIL_DIR_BINARY_SEARCH_CALLS	2
APPEND_READ_1280K_DETAIL_DIR_BINARY_SEARCH_SAMPLES	0
APPEND_READ_1280K_DETAIL_DIR_BINARY_SEARCH_SAMPLE_TICKS	0
APPEND_READ_1280K_DETAIL_NODE_STRUCTURE_CALLS	0
APPEND_READ_1280K_DETAIL_NODE_STRUCTURE_SAMPLES	0
APPEND_READ_1280K_DETAIL_NODE_STRUCTURE_SAMPLE_TICKS	0
APPEND_READ_1280K_DETAIL_CACHE_PEEK_CALLS	50
APPEND_READ_1280K_DETAIL_CACHE_PEEK_SAMPLES	2
APPEND_READ_1280K_DETAIL_CACHE_PEEK_SAMPLE_TICKS	1
APPEND_READ_1280K_DETAIL_BUFFER_ALLOC_CALLS	2
APPEND_READ_1280K_DETAIL_BUFFER_ALLOC_SAMPLES	0
APPEND_READ_1280K_DETAIL_BUFFER_ALLOC_SAMPLE_TICKS	0
APPEND_READ_1280K_DETAIL_BUFFER_FREE_CALLS	2
APPEND_READ_1280K_DETAIL_BUFFER_FREE_SAMPLES	0
APPEND_READ_1280K_DETAIL_BUFFER_FREE_SAMPLE_TICKS	0
APPEND_READ_1280K_DETAIL_EXALL_FILL_CALLS	0
APPEND_READ_1280K_DETAIL_EXALL_FILL_SAMPLES	0
APPEND_READ_1280K_DETAIL_EXALL_FILL_SAMPLE_TICKS	0
APPEND_READ_1280K_DEFERRED_NODE_WRITES	0
LIST_EXNEXT_40_ENTRIES_FIRST_PASS_US	8129
LIST_EXNEXT_40_ENTRIES_FIRST_PASS_BIO_READS	7
LIST_EXNEXT_40_ENTRIES_FIRST_PASS_BIO_WRITES	0
LIST_EXNEXT_40_ENTRIES_FIRST_PASS_BIO_UPDATES	0
LIST_EXNEXT_40_ENTRIES_FIRST_PASS_DATA_READS	0
LIST_EXNEXT_40_ENTRIES_FIRST_PASS_DATA_WRITES	0
LIST_EXNEXT_40_ENTRIES_FIRST_PASS_NODE_WRITES	0
LIST_EXNEXT_40_ENTRIES_FIRST_PASS_TXN_COMMITS	0
LIST_EXNEXT_40_ENTRIES_FIRST_PASS_FREESPACE_ALLOCS	0
LIST_EXNEXT_40_ENTRIES_FIRST_PASS_EXTENT_MAPS	0
LIST_EXNEXT_40_ENTRIES_FIRST_PASS_READ_TICKS	407
LIST_EXNEXT_40_ENTRIES_FIRST_PASS_WRITE_TICKS	0
LIST_EXNEXT_40_ENTRIES_FIRST_PASS_UPDATE_TICKS	0
LIST_EXNEXT_40_ENTRIES_FIRST_PASS_DATA_READ_TICKS	0
LIST_EXNEXT_40_ENTRIES_FIRST_PASS_DATA_WRITE_TICKS	0
LIST_EXNEXT_40_ENTRIES_FIRST_PASS_FREE_TREE_NODE_WRITES	0
LIST_EXNEXT_40_ENTRIES_FIRST_PASS_FREE_TREE_ALLOCATION_BODY_NODE_WRITES	0
LIST_EXNEXT_40_ENTRIES_FIRST_PASS_FREE_TREE_RESERVE_REFILL_NODE_WRITES	0
LIST_EXNEXT_40_ENTRIES_FIRST_PASS_FREE_TREE_RESERVE_RETURN_NODE_WRITES	0
LIST_EXNEXT_40_ENTRIES_FIRST_PASS_FREE_TREE_POST_PUBLISH_PENDING_RECLAIM_NODE_WRITES	0
LIST_EXNEXT_40_ENTRIES_FIRST_PASS_FREE_TREE_OTHER_NODE_WRITES	0
LIST_EXNEXT_40_ENTRIES_FIRST_PASS_DIR_TREE_NODE_WRITES	0
LIST_EXNEXT_40_ENTRIES_FIRST_PASS_INODE_TREE_NODE_WRITES	0
LIST_EXNEXT_40_ENTRIES_FIRST_PASS_REFCOUNT_TREE_NODE_WRITES	0
LIST_EXNEXT_40_ENTRIES_FIRST_PASS_OTHER_TREE_NODE_WRITES	0
LIST_EXNEXT_40_ENTRIES_FIRST_PASS_NODE_CRC_READ_CALLS	7
LIST_EXNEXT_40_ENTRIES_FIRST_PASS_NODE_CRC_READ_SAMPLES	0
LIST_EXNEXT_40_ENTRIES_FIRST_PASS_NODE_CRC_READ_SAMPLE_TICKS	0
LIST_EXNEXT_40_ENTRIES_FIRST_PASS_NODE_CRC_WRITE_CALLS	0
LIST_EXNEXT_40_ENTRIES_FIRST_PASS_NODE_CRC_WRITE_SAMPLES	0
LIST_EXNEXT_40_ENTRIES_FIRST_PASS_NODE_CRC_WRITE_SAMPLE_TICKS	0
LIST_EXNEXT_40_ENTRIES_FIRST_PASS_CLOCK_PAIR_TICKS	1
LIST_EXNEXT_40_ENTRIES_FIRST_PASS_FREE_TREE_RESERVE_RETURN_CALLS	0
LIST_EXNEXT_40_ENTRIES_FIRST_PASS_FREE_TREE_RESERVE_RETURN_RUNS	0
LIST_EXNEXT_40_ENTRIES_FIRST_PASS_FREE_TREE_RESERVE_RETURN_BLOCKS	0
LIST_EXNEXT_40_ENTRIES_FIRST_PASS_FREE_TREE_RESERVE_RETURN_RUNS_1_BLOCK	0
LIST_EXNEXT_40_ENTRIES_FIRST_PASS_FREE_TREE_RESERVE_RETURN_RUNS_2_3_BLOCKS	0
LIST_EXNEXT_40_ENTRIES_FIRST_PASS_FREE_TREE_RESERVE_RETURN_RUNS_4_7_BLOCKS	0
LIST_EXNEXT_40_ENTRIES_FIRST_PASS_FREE_TREE_RESERVE_RETURN_RUNS_8_PLUS_BLOCKS	0
LIST_EXNEXT_40_ENTRIES_FIRST_PASS_FREE_TREE_RESERVE_RETURN_MAX_RUN_BLOCKS	0
LIST_EXNEXT_40_ENTRIES_FIRST_PASS_FREE_TREE_RESERVE_RETURN_MAX_NODE_WRITES_PER_RUN	0
LIST_EXNEXT_40_ENTRIES_FIRST_PASS_POST_PUBLISH_RECLAIM_PASSES	0
LIST_EXNEXT_40_ENTRIES_FIRST_PASS_MAX_POST_PUBLISH_RECLAIM_PASSES_PER_COMMIT	0
LIST_EXNEXT_40_ENTRIES_FIRST_PASS_SUPERBLOCK_PUBLICATIONS	0
LIST_EXNEXT_40_ENTRIES_FIRST_PASS_FREE_TREE_RESERVE_RETURN_RUN_NODE_WRITES	0
LIST_EXNEXT_40_ENTRIES_FIRST_PASS_FREE_TREE_RESERVE_RETURN_BATCH_CALLS	0
LIST_EXNEXT_40_ENTRIES_FIRST_PASS_FREE_TREE_RESERVE_RETURN_BATCH_BLOCKS	0
LIST_EXNEXT_40_ENTRIES_FIRST_PASS_FREE_TREE_RESERVE_RETURN_BATCH_NODE_WRITES	0
LIST_EXNEXT_40_ENTRIES_FIRST_PASS_FREE_TREE_RESERVE_RETURN_SKIP_SHAPE	0
LIST_EXNEXT_40_ENTRIES_FIRST_PASS_FREE_TREE_RESERVE_RETURN_SKIP_SMALL	0
LIST_EXNEXT_40_ENTRIES_FIRST_PASS_FREE_TREE_RESERVE_RETURN_SKIP_EMERGENCY	0
LIST_EXNEXT_40_ENTRIES_FIRST_PASS_FREE_TREE_RESERVE_RETURN_SKIP_CAPACITY	0
LIST_EXNEXT_40_ENTRIES_FIRST_PASS_SEALED_COMMITS	0
LIST_EXNEXT_40_ENTRIES_FIRST_PASS_SEALED_METADATA_FENCES	0
LIST_EXNEXT_40_ENTRIES_FIRST_PASS_BTREE_MALLOC_CALLS	5
LIST_EXNEXT_40_ENTRIES_FIRST_PASS_BTREE_MALLOC_SAMPLES	5
LIST_EXNEXT_40_ENTRIES_FIRST_PASS_BTREE_MALLOC_SAMPLE_TICKS	46
LIST_EXNEXT_40_ENTRIES_FIRST_PASS_BTREE_FREE_CALLS	43
LIST_EXNEXT_40_ENTRIES_FIRST_PASS_BTREE_FREE_SAMPLES	43
LIST_EXNEXT_40_ENTRIES_FIRST_PASS_BTREE_FREE_SAMPLE_TICKS	135
LIST_EXNEXT_40_ENTRIES_FIRST_PASS_IFACE_ALLOC_CALLS	0
LIST_EXNEXT_40_ENTRIES_FIRST_PASS_IFACE_ALLOC_SAMPLES	0
LIST_EXNEXT_40_ENTRIES_FIRST_PASS_IFACE_ALLOC_SAMPLE_TICKS	0
LIST_EXNEXT_40_ENTRIES_FIRST_PASS_FREESPACE_ALLOC_SAMPLES	0
LIST_EXNEXT_40_ENTRIES_FIRST_PASS_FREESPACE_ALLOC_SAMPLE_TICKS	0
LIST_EXNEXT_40_ENTRIES_FIRST_PASS_PACKET_CALLS	44
LIST_EXNEXT_40_ENTRIES_FIRST_PASS_PACKET_SAMPLES	44
LIST_EXNEXT_40_ENTRIES_FIRST_PASS_PACKET_SAMPLE_TICKS	4767
LIST_EXNEXT_40_ENTRIES_FIRST_PASS_PACKET_OPEN_CALLS	0
LIST_EXNEXT_40_ENTRIES_FIRST_PASS_PACKET_OPEN_SAMPLES	0
LIST_EXNEXT_40_ENTRIES_FIRST_PASS_PACKET_OPEN_SAMPLE_TICKS	0
LIST_EXNEXT_40_ENTRIES_FIRST_PASS_PACKET_READ_CALLS	0
LIST_EXNEXT_40_ENTRIES_FIRST_PASS_PACKET_READ_SAMPLES	0
LIST_EXNEXT_40_ENTRIES_FIRST_PASS_PACKET_READ_SAMPLE_TICKS	0
LIST_EXNEXT_40_ENTRIES_FIRST_PASS_PACKET_WRITE_CALLS	0
LIST_EXNEXT_40_ENTRIES_FIRST_PASS_PACKET_WRITE_SAMPLES	0
LIST_EXNEXT_40_ENTRIES_FIRST_PASS_PACKET_WRITE_SAMPLE_TICKS	0
LIST_EXNEXT_40_ENTRIES_FIRST_PASS_PACKET_END_CALLS	0
LIST_EXNEXT_40_ENTRIES_FIRST_PASS_PACKET_END_SAMPLES	0
LIST_EXNEXT_40_ENTRIES_FIRST_PASS_PACKET_END_SAMPLE_TICKS	0
LIST_EXNEXT_40_ENTRIES_FIRST_PASS_PACKET_DELETE_CALLS	0
LIST_EXNEXT_40_ENTRIES_FIRST_PASS_PACKET_DELETE_SAMPLES	0
LIST_EXNEXT_40_ENTRIES_FIRST_PASS_PACKET_DELETE_SAMPLE_TICKS	0
LIST_EXNEXT_40_ENTRIES_FIRST_PASS_PACKET_FLUSH_CALLS	0
LIST_EXNEXT_40_ENTRIES_FIRST_PASS_PACKET_FLUSH_SAMPLES	0
LIST_EXNEXT_40_ENTRIES_FIRST_PASS_PACKET_FLUSH_SAMPLE_TICKS	0
LIST_EXNEXT_40_ENTRIES_FIRST_PASS_PACKET_OTHER_CALLS	44
LIST_EXNEXT_40_ENTRIES_FIRST_PASS_PACKET_OTHER_SAMPLES	44
LIST_EXNEXT_40_ENTRIES_FIRST_PASS_PACKET_OTHER_SAMPLE_TICKS	4767
LIST_EXNEXT_40_ENTRIES_FIRST_PASS_CORE_CREATE_CALLS	0
LIST_EXNEXT_40_ENTRIES_FIRST_PASS_CORE_CREATE_SAMPLES	0
LIST_EXNEXT_40_ENTRIES_FIRST_PASS_CORE_CREATE_SAMPLE_TICKS	0
LIST_EXNEXT_40_ENTRIES_FIRST_PASS_CORE_DELETE_CALLS	0
LIST_EXNEXT_40_ENTRIES_FIRST_PASS_CORE_DELETE_SAMPLES	0
LIST_EXNEXT_40_ENTRIES_FIRST_PASS_CORE_DELETE_SAMPLE_TICKS	0
LIST_EXNEXT_40_ENTRIES_FIRST_PASS_CORE_FILE_WRITE_CALLS	0
LIST_EXNEXT_40_ENTRIES_FIRST_PASS_CORE_FILE_WRITE_SAMPLES	0
LIST_EXNEXT_40_ENTRIES_FIRST_PASS_CORE_FILE_WRITE_SAMPLE_TICKS	0
LIST_EXNEXT_40_ENTRIES_FIRST_PASS_CORE_SYNC_CALLS	0
LIST_EXNEXT_40_ENTRIES_FIRST_PASS_CORE_SYNC_SAMPLES	0
LIST_EXNEXT_40_ENTRIES_FIRST_PASS_CORE_SYNC_SAMPLE_TICKS	0
LIST_EXNEXT_40_ENTRIES_FIRST_PASS_IFACE_FREE_CALLS	0
LIST_EXNEXT_40_ENTRIES_FIRST_PASS_IFACE_FREE_SAMPLES	0
LIST_EXNEXT_40_ENTRIES_FIRST_PASS_IFACE_FREE_SAMPLE_TICKS	0
LIST_EXNEXT_40_ENTRIES_FIRST_PASS_SEAL_COMMIT_CALLS	0
LIST_EXNEXT_40_ENTRIES_FIRST_PASS_SEAL_COMMIT_SAMPLES	0
LIST_EXNEXT_40_ENTRIES_FIRST_PASS_SEAL_COMMIT_SAMPLE_TICKS	0
LIST_EXNEXT_40_ENTRIES_FIRST_PASS_INODE_READ_CALLS	41
LIST_EXNEXT_40_ENTRIES_FIRST_PASS_BTREE_SEARCH_CALLS	42
LIST_EXNEXT_40_ENTRIES_FIRST_PASS_BTREE_INDEX_HINT_HITS	0
LIST_EXNEXT_40_ENTRIES_FIRST_PASS_BTREE_LEAF_HINT_HITS	39
LIST_EXNEXT_40_ENTRIES_FIRST_PASS_CACHE_READ_CALLS	9
LIST_EXNEXT_40_ENTRIES_FIRST_PASS_CACHE_READ_HITS	2
LIST_EXNEXT_40_ENTRIES_FIRST_PASS_CACHE_READ_MISSES	7
LIST_EXNEXT_40_ENTRIES_FIRST_PASS_FREE_TREE_NODE_VIEWS	0
LIST_EXNEXT_40_ENTRIES_FIRST_PASS_FREE_TREE_RESIDENT_VIEWS	0
LIST_EXNEXT_40_ENTRIES_FIRST_PASS_DIR_TREE_NODE_VIEWS	36
LIST_EXNEXT_40_ENTRIES_FIRST_PASS_DIR_TREE_RESIDENT_VIEWS	30
LIST_EXNEXT_40_ENTRIES_FIRST_PASS_INODE_TREE_NODE_VIEWS	4
LIST_EXNEXT_40_ENTRIES_FIRST_PASS_INODE_TREE_RESIDENT_VIEWS	1
LIST_EXNEXT_40_ENTRIES_FIRST_PASS_REFCOUNT_TREE_NODE_VIEWS	0
LIST_EXNEXT_40_ENTRIES_FIRST_PASS_REFCOUNT_TREE_RESIDENT_VIEWS	0
LIST_EXNEXT_40_ENTRIES_FIRST_PASS_OTHER_TREE_NODE_VIEWS	0
LIST_EXNEXT_40_ENTRIES_FIRST_PASS_OTHER_TREE_RESIDENT_VIEWS	0
LIST_EXNEXT_40_ENTRIES_FIRST_PASS_DIR_TREE_LEAF_NODE_VIEWS	11
LIST_EXNEXT_40_ENTRIES_FIRST_PASS_DIR_TREE_LEAF_RESIDENT_VIEWS	6
LIST_EXNEXT_40_ENTRIES_FIRST_PASS_DIR_TREE_INTERNAL_NODE_VIEWS	25
LIST_EXNEXT_40_ENTRIES_FIRST_PASS_DIR_TREE_INTERNAL_RESIDENT_VIEWS	24
LIST_EXNEXT_40_ENTRIES_FIRST_PASS_INODE_TREE_LEAF_NODE_VIEWS	2
LIST_EXNEXT_40_ENTRIES_FIRST_PASS_INODE_TREE_LEAF_RESIDENT_VIEWS	0
LIST_EXNEXT_40_ENTRIES_FIRST_PASS_INODE_TREE_INTERNAL_NODE_VIEWS	2
LIST_EXNEXT_40_ENTRIES_FIRST_PASS_INODE_TREE_INTERNAL_RESIDENT_VIEWS	1
LIST_EXNEXT_40_ENTRIES_FIRST_PASS_DETAIL_INODE_READ_CALLS	41
LIST_EXNEXT_40_ENTRIES_FIRST_PASS_DETAIL_INODE_READ_SAMPLES	2
LIST_EXNEXT_40_ENTRIES_FIRST_PASS_DETAIL_INODE_READ_SAMPLE_TICKS	91
LIST_EXNEXT_40_ENTRIES_FIRST_PASS_DETAIL_INODE_VALIDATE_CALLS	41
LIST_EXNEXT_40_ENTRIES_FIRST_PASS_DETAIL_INODE_VALIDATE_SAMPLES	2
LIST_EXNEXT_40_ENTRIES_FIRST_PASS_DETAIL_INODE_VALIDATE_SAMPLE_TICKS	7
LIST_EXNEXT_40_ENTRIES_FIRST_PASS_DETAIL_INODE_SEARCH_CALLS	41
LIST_EXNEXT_40_ENTRIES_FIRST_PASS_DETAIL_INODE_SEARCH_SAMPLES	2
LIST_EXNEXT_40_ENTRIES_FIRST_PASS_DETAIL_INODE_SEARCH_SAMPLE_TICKS	45
LIST_EXNEXT_40_ENTRIES_FIRST_PASS_DETAIL_INODE_NODE_VIEW_CALLS	4
LIST_EXNEXT_40_ENTRIES_FIRST_PASS_DETAIL_INODE_NODE_VIEW_SAMPLES	0
LIST_EXNEXT_40_ENTRIES_FIRST_PASS_DETAIL_INODE_NODE_VIEW_SAMPLE_TICKS	0
LIST_EXNEXT_40_ENTRIES_FIRST_PASS_DETAIL_DIR_NODE_VIEW_CALLS	36
LIST_EXNEXT_40_ENTRIES_FIRST_PASS_DETAIL_DIR_NODE_VIEW_SAMPLES	2
LIST_EXNEXT_40_ENTRIES_FIRST_PASS_DETAIL_DIR_NODE_VIEW_SAMPLE_TICKS	44
LIST_EXNEXT_40_ENTRIES_FIRST_PASS_DETAIL_INODE_BINARY_SEARCH_CALLS	31
LIST_EXNEXT_40_ENTRIES_FIRST_PASS_DETAIL_INODE_BINARY_SEARCH_SAMPLES	1
LIST_EXNEXT_40_ENTRIES_FIRST_PASS_DETAIL_INODE_BINARY_SEARCH_SAMPLE_TICKS	0
LIST_EXNEXT_40_ENTRIES_FIRST_PASS_DETAIL_DIR_BINARY_SEARCH_CALLS	28
LIST_EXNEXT_40_ENTRIES_FIRST_PASS_DETAIL_DIR_BINARY_SEARCH_SAMPLES	1
LIST_EXNEXT_40_ENTRIES_FIRST_PASS_DETAIL_DIR_BINARY_SEARCH_SAMPLE_TICKS	0
LIST_EXNEXT_40_ENTRIES_FIRST_PASS_DETAIL_NODE_STRUCTURE_CALLS	9
LIST_EXNEXT_40_ENTRIES_FIRST_PASS_DETAIL_NODE_STRUCTURE_SAMPLES	0
LIST_EXNEXT_40_ENTRIES_FIRST_PASS_DETAIL_NODE_STRUCTURE_SAMPLE_TICKS	0
LIST_EXNEXT_40_ENTRIES_FIRST_PASS_DETAIL_CACHE_PEEK_CALLS	80
LIST_EXNEXT_40_ENTRIES_FIRST_PASS_DETAIL_CACHE_PEEK_SAMPLES	4
LIST_EXNEXT_40_ENTRIES_FIRST_PASS_DETAIL_CACHE_PEEK_SAMPLE_TICKS	0
LIST_EXNEXT_40_ENTRIES_FIRST_PASS_DETAIL_BUFFER_ALLOC_CALLS	45
LIST_EXNEXT_40_ENTRIES_FIRST_PASS_DETAIL_BUFFER_ALLOC_SAMPLES	2
LIST_EXNEXT_40_ENTRIES_FIRST_PASS_DETAIL_BUFFER_ALLOC_SAMPLE_TICKS	0
LIST_EXNEXT_40_ENTRIES_FIRST_PASS_DETAIL_BUFFER_FREE_CALLS	45
LIST_EXNEXT_40_ENTRIES_FIRST_PASS_DETAIL_BUFFER_FREE_SAMPLES	2
LIST_EXNEXT_40_ENTRIES_FIRST_PASS_DETAIL_BUFFER_FREE_SAMPLE_TICKS	1
LIST_EXNEXT_40_ENTRIES_FIRST_PASS_DETAIL_EXALL_FILL_CALLS	0
LIST_EXNEXT_40_ENTRIES_FIRST_PASS_DETAIL_EXALL_FILL_SAMPLES	0
LIST_EXNEXT_40_ENTRIES_FIRST_PASS_DETAIL_EXALL_FILL_SAMPLE_TICKS	0
LIST_EXNEXT_40_ENTRIES_FIRST_PASS_DEFERRED_NODE_WRITES	0
LIST_EXNEXT_40_ENTRIES_REPEAT10_TOTAL_US	45184
LIST_EXNEXT_40_ENTRIES_REPEAT10_TOTAL_BIO_READS	0
LIST_EXNEXT_40_ENTRIES_REPEAT10_TOTAL_BIO_WRITES	0
LIST_EXNEXT_40_ENTRIES_REPEAT10_TOTAL_BIO_UPDATES	0
LIST_EXNEXT_40_ENTRIES_REPEAT10_TOTAL_DATA_READS	0
LIST_EXNEXT_40_ENTRIES_REPEAT10_TOTAL_DATA_WRITES	0
LIST_EXNEXT_40_ENTRIES_REPEAT10_TOTAL_NODE_WRITES	0
LIST_EXNEXT_40_ENTRIES_REPEAT10_TOTAL_TXN_COMMITS	0
LIST_EXNEXT_40_ENTRIES_REPEAT10_TOTAL_FREESPACE_ALLOCS	0
LIST_EXNEXT_40_ENTRIES_REPEAT10_TOTAL_EXTENT_MAPS	0
LIST_EXNEXT_40_ENTRIES_REPEAT10_TOTAL_READ_TICKS	0
LIST_EXNEXT_40_ENTRIES_REPEAT10_TOTAL_WRITE_TICKS	0
LIST_EXNEXT_40_ENTRIES_REPEAT10_TOTAL_UPDATE_TICKS	0
LIST_EXNEXT_40_ENTRIES_REPEAT10_TOTAL_DATA_READ_TICKS	0
LIST_EXNEXT_40_ENTRIES_REPEAT10_TOTAL_DATA_WRITE_TICKS	0
LIST_EXNEXT_40_ENTRIES_REPEAT10_TOTAL_FREE_TREE_NODE_WRITES	0
LIST_EXNEXT_40_ENTRIES_REPEAT10_TOTAL_FREE_TREE_ALLOCATION_BODY_NODE_WRITES	0
LIST_EXNEXT_40_ENTRIES_REPEAT10_TOTAL_FREE_TREE_RESERVE_REFILL_NODE_WRITES	0
LIST_EXNEXT_40_ENTRIES_REPEAT10_TOTAL_FREE_TREE_RESERVE_RETURN_NODE_WRITES	0
LIST_EXNEXT_40_ENTRIES_REPEAT10_TOTAL_FREE_TREE_POST_PUBLISH_PENDING_RECLAIM_NODE_WRITES	0
LIST_EXNEXT_40_ENTRIES_REPEAT10_TOTAL_FREE_TREE_OTHER_NODE_WRITES	0
LIST_EXNEXT_40_ENTRIES_REPEAT10_TOTAL_DIR_TREE_NODE_WRITES	0
LIST_EXNEXT_40_ENTRIES_REPEAT10_TOTAL_INODE_TREE_NODE_WRITES	0
LIST_EXNEXT_40_ENTRIES_REPEAT10_TOTAL_REFCOUNT_TREE_NODE_WRITES	0
LIST_EXNEXT_40_ENTRIES_REPEAT10_TOTAL_OTHER_TREE_NODE_WRITES	0
LIST_EXNEXT_40_ENTRIES_REPEAT10_TOTAL_NODE_CRC_READ_CALLS	0
LIST_EXNEXT_40_ENTRIES_REPEAT10_TOTAL_NODE_CRC_READ_SAMPLES	0
LIST_EXNEXT_40_ENTRIES_REPEAT10_TOTAL_NODE_CRC_READ_SAMPLE_TICKS	0
LIST_EXNEXT_40_ENTRIES_REPEAT10_TOTAL_NODE_CRC_WRITE_CALLS	0
LIST_EXNEXT_40_ENTRIES_REPEAT10_TOTAL_NODE_CRC_WRITE_SAMPLES	0
LIST_EXNEXT_40_ENTRIES_REPEAT10_TOTAL_NODE_CRC_WRITE_SAMPLE_TICKS	0
LIST_EXNEXT_40_ENTRIES_REPEAT10_TOTAL_CLOCK_PAIR_TICKS	0
LIST_EXNEXT_40_ENTRIES_REPEAT10_TOTAL_FREE_TREE_RESERVE_RETURN_CALLS	0
LIST_EXNEXT_40_ENTRIES_REPEAT10_TOTAL_FREE_TREE_RESERVE_RETURN_RUNS	0
LIST_EXNEXT_40_ENTRIES_REPEAT10_TOTAL_FREE_TREE_RESERVE_RETURN_BLOCKS	0
LIST_EXNEXT_40_ENTRIES_REPEAT10_TOTAL_FREE_TREE_RESERVE_RETURN_RUNS_1_BLOCK	0
LIST_EXNEXT_40_ENTRIES_REPEAT10_TOTAL_FREE_TREE_RESERVE_RETURN_RUNS_2_3_BLOCKS	0
LIST_EXNEXT_40_ENTRIES_REPEAT10_TOTAL_FREE_TREE_RESERVE_RETURN_RUNS_4_7_BLOCKS	0
LIST_EXNEXT_40_ENTRIES_REPEAT10_TOTAL_FREE_TREE_RESERVE_RETURN_RUNS_8_PLUS_BLOCKS	0
LIST_EXNEXT_40_ENTRIES_REPEAT10_TOTAL_FREE_TREE_RESERVE_RETURN_MAX_RUN_BLOCKS	0
LIST_EXNEXT_40_ENTRIES_REPEAT10_TOTAL_FREE_TREE_RESERVE_RETURN_MAX_NODE_WRITES_PER_RUN	0
LIST_EXNEXT_40_ENTRIES_REPEAT10_TOTAL_POST_PUBLISH_RECLAIM_PASSES	0
LIST_EXNEXT_40_ENTRIES_REPEAT10_TOTAL_MAX_POST_PUBLISH_RECLAIM_PASSES_PER_COMMIT	0
LIST_EXNEXT_40_ENTRIES_REPEAT10_TOTAL_SUPERBLOCK_PUBLICATIONS	0
LIST_EXNEXT_40_ENTRIES_REPEAT10_TOTAL_FREE_TREE_RESERVE_RETURN_RUN_NODE_WRITES	0
LIST_EXNEXT_40_ENTRIES_REPEAT10_TOTAL_FREE_TREE_RESERVE_RETURN_BATCH_CALLS	0
LIST_EXNEXT_40_ENTRIES_REPEAT10_TOTAL_FREE_TREE_RESERVE_RETURN_BATCH_BLOCKS	0
LIST_EXNEXT_40_ENTRIES_REPEAT10_TOTAL_FREE_TREE_RESERVE_RETURN_BATCH_NODE_WRITES	0
LIST_EXNEXT_40_ENTRIES_REPEAT10_TOTAL_FREE_TREE_RESERVE_RETURN_SKIP_SHAPE	0
LIST_EXNEXT_40_ENTRIES_REPEAT10_TOTAL_FREE_TREE_RESERVE_RETURN_SKIP_SMALL	0
LIST_EXNEXT_40_ENTRIES_REPEAT10_TOTAL_FREE_TREE_RESERVE_RETURN_SKIP_EMERGENCY	0
LIST_EXNEXT_40_ENTRIES_REPEAT10_TOTAL_FREE_TREE_RESERVE_RETURN_SKIP_CAPACITY	0
LIST_EXNEXT_40_ENTRIES_REPEAT10_TOTAL_SEALED_COMMITS	0
LIST_EXNEXT_40_ENTRIES_REPEAT10_TOTAL_SEALED_METADATA_FENCES	0
LIST_EXNEXT_40_ENTRIES_REPEAT10_TOTAL_BTREE_MALLOC_CALLS	41
LIST_EXNEXT_40_ENTRIES_REPEAT10_TOTAL_BTREE_MALLOC_SAMPLES	41
LIST_EXNEXT_40_ENTRIES_REPEAT10_TOTAL_BTREE_MALLOC_SAMPLE_TICKS	77
LIST_EXNEXT_40_ENTRIES_REPEAT10_TOTAL_BTREE_FREE_CALLS	421
LIST_EXNEXT_40_ENTRIES_REPEAT10_TOTAL_BTREE_FREE_SAMPLES	421
LIST_EXNEXT_40_ENTRIES_REPEAT10_TOTAL_BTREE_FREE_SAMPLE_TICKS	603
LIST_EXNEXT_40_ENTRIES_REPEAT10_TOTAL_IFACE_ALLOC_CALLS	0
LIST_EXNEXT_40_ENTRIES_REPEAT10_TOTAL_IFACE_ALLOC_SAMPLES	0
LIST_EXNEXT_40_ENTRIES_REPEAT10_TOTAL_IFACE_ALLOC_SAMPLE_TICKS	0
LIST_EXNEXT_40_ENTRIES_REPEAT10_TOTAL_FREESPACE_ALLOC_SAMPLES	0
LIST_EXNEXT_40_ENTRIES_REPEAT10_TOTAL_FREESPACE_ALLOC_SAMPLE_TICKS	0
LIST_EXNEXT_40_ENTRIES_REPEAT10_TOTAL_PACKET_CALLS	422
LIST_EXNEXT_40_ENTRIES_REPEAT10_TOTAL_PACKET_SAMPLES	422
LIST_EXNEXT_40_ENTRIES_REPEAT10_TOTAL_PACKET_SAMPLE_TICKS	23914
LIST_EXNEXT_40_ENTRIES_REPEAT10_TOTAL_PACKET_OPEN_CALLS	0
LIST_EXNEXT_40_ENTRIES_REPEAT10_TOTAL_PACKET_OPEN_SAMPLES	0
LIST_EXNEXT_40_ENTRIES_REPEAT10_TOTAL_PACKET_OPEN_SAMPLE_TICKS	0
LIST_EXNEXT_40_ENTRIES_REPEAT10_TOTAL_PACKET_READ_CALLS	0
LIST_EXNEXT_40_ENTRIES_REPEAT10_TOTAL_PACKET_READ_SAMPLES	0
LIST_EXNEXT_40_ENTRIES_REPEAT10_TOTAL_PACKET_READ_SAMPLE_TICKS	0
LIST_EXNEXT_40_ENTRIES_REPEAT10_TOTAL_PACKET_WRITE_CALLS	0
LIST_EXNEXT_40_ENTRIES_REPEAT10_TOTAL_PACKET_WRITE_SAMPLES	0
LIST_EXNEXT_40_ENTRIES_REPEAT10_TOTAL_PACKET_WRITE_SAMPLE_TICKS	0
LIST_EXNEXT_40_ENTRIES_REPEAT10_TOTAL_PACKET_END_CALLS	0
LIST_EXNEXT_40_ENTRIES_REPEAT10_TOTAL_PACKET_END_SAMPLES	0
LIST_EXNEXT_40_ENTRIES_REPEAT10_TOTAL_PACKET_END_SAMPLE_TICKS	0
LIST_EXNEXT_40_ENTRIES_REPEAT10_TOTAL_PACKET_DELETE_CALLS	0
LIST_EXNEXT_40_ENTRIES_REPEAT10_TOTAL_PACKET_DELETE_SAMPLES	0
LIST_EXNEXT_40_ENTRIES_REPEAT10_TOTAL_PACKET_DELETE_SAMPLE_TICKS	0
LIST_EXNEXT_40_ENTRIES_REPEAT10_TOTAL_PACKET_FLUSH_CALLS	0
LIST_EXNEXT_40_ENTRIES_REPEAT10_TOTAL_PACKET_FLUSH_SAMPLES	0
LIST_EXNEXT_40_ENTRIES_REPEAT10_TOTAL_PACKET_FLUSH_SAMPLE_TICKS	0
LIST_EXNEXT_40_ENTRIES_REPEAT10_TOTAL_PACKET_OTHER_CALLS	422
LIST_EXNEXT_40_ENTRIES_REPEAT10_TOTAL_PACKET_OTHER_SAMPLES	422
LIST_EXNEXT_40_ENTRIES_REPEAT10_TOTAL_PACKET_OTHER_SAMPLE_TICKS	23914
LIST_EXNEXT_40_ENTRIES_REPEAT10_TOTAL_CORE_CREATE_CALLS	0
LIST_EXNEXT_40_ENTRIES_REPEAT10_TOTAL_CORE_CREATE_SAMPLES	0
LIST_EXNEXT_40_ENTRIES_REPEAT10_TOTAL_CORE_CREATE_SAMPLE_TICKS	0
LIST_EXNEXT_40_ENTRIES_REPEAT10_TOTAL_CORE_DELETE_CALLS	0
LIST_EXNEXT_40_ENTRIES_REPEAT10_TOTAL_CORE_DELETE_SAMPLES	0
LIST_EXNEXT_40_ENTRIES_REPEAT10_TOTAL_CORE_DELETE_SAMPLE_TICKS	0
LIST_EXNEXT_40_ENTRIES_REPEAT10_TOTAL_CORE_FILE_WRITE_CALLS	0
LIST_EXNEXT_40_ENTRIES_REPEAT10_TOTAL_CORE_FILE_WRITE_SAMPLES	0
LIST_EXNEXT_40_ENTRIES_REPEAT10_TOTAL_CORE_FILE_WRITE_SAMPLE_TICKS	0
LIST_EXNEXT_40_ENTRIES_REPEAT10_TOTAL_CORE_SYNC_CALLS	0
LIST_EXNEXT_40_ENTRIES_REPEAT10_TOTAL_CORE_SYNC_SAMPLES	0
LIST_EXNEXT_40_ENTRIES_REPEAT10_TOTAL_CORE_SYNC_SAMPLE_TICKS	0
LIST_EXNEXT_40_ENTRIES_REPEAT10_TOTAL_IFACE_FREE_CALLS	0
LIST_EXNEXT_40_ENTRIES_REPEAT10_TOTAL_IFACE_FREE_SAMPLES	0
LIST_EXNEXT_40_ENTRIES_REPEAT10_TOTAL_IFACE_FREE_SAMPLE_TICKS	0
LIST_EXNEXT_40_ENTRIES_REPEAT10_TOTAL_SEAL_COMMIT_CALLS	0
LIST_EXNEXT_40_ENTRIES_REPEAT10_TOTAL_SEAL_COMMIT_SAMPLES	0
LIST_EXNEXT_40_ENTRIES_REPEAT10_TOTAL_SEAL_COMMIT_SAMPLE_TICKS	0
LIST_EXNEXT_40_ENTRIES_REPEAT10_TOTAL_INODE_READ_CALLS	410
LIST_EXNEXT_40_ENTRIES_REPEAT10_TOTAL_BTREE_SEARCH_CALLS	411
LIST_EXNEXT_40_ENTRIES_REPEAT10_TOTAL_BTREE_INDEX_HINT_HITS	370
LIST_EXNEXT_40_ENTRIES_REPEAT10_TOTAL_BTREE_LEAF_HINT_HITS	41
LIST_EXNEXT_40_ENTRIES_REPEAT10_TOTAL_CACHE_READ_CALLS	0
LIST_EXNEXT_40_ENTRIES_REPEAT10_TOTAL_CACHE_READ_HITS	0
LIST_EXNEXT_40_ENTRIES_REPEAT10_TOTAL_CACHE_READ_MISSES	0
LIST_EXNEXT_40_ENTRIES_REPEAT10_TOTAL_FREE_TREE_NODE_VIEWS	0
LIST_EXNEXT_40_ENTRIES_REPEAT10_TOTAL_FREE_TREE_RESIDENT_VIEWS	0
LIST_EXNEXT_40_ENTRIES_REPEAT10_TOTAL_DIR_TREE_NODE_VIEWS	320
LIST_EXNEXT_40_ENTRIES_REPEAT10_TOTAL_DIR_TREE_RESIDENT_VIEWS	320
LIST_EXNEXT_40_ENTRIES_REPEAT10_TOTAL_INODE_TREE_NODE_VIEWS	0
LIST_EXNEXT_40_ENTRIES_REPEAT10_TOTAL_INODE_TREE_RESIDENT_VIEWS	0
LIST_EXNEXT_40_ENTRIES_REPEAT10_TOTAL_REFCOUNT_TREE_NODE_VIEWS	0
LIST_EXNEXT_40_ENTRIES_REPEAT10_TOTAL_REFCOUNT_TREE_RESIDENT_VIEWS	0
LIST_EXNEXT_40_ENTRIES_REPEAT10_TOTAL_OTHER_TREE_NODE_VIEWS	0
LIST_EXNEXT_40_ENTRIES_REPEAT10_TOTAL_OTHER_TREE_RESIDENT_VIEWS	0
LIST_EXNEXT_40_ENTRIES_REPEAT10_TOTAL_DIR_TREE_LEAF_NODE_VIEWS	100
LIST_EXNEXT_40_ENTRIES_REPEAT10_TOTAL_DIR_TREE_LEAF_RESIDENT_VIEWS	100
LIST_EXNEXT_40_ENTRIES_REPEAT10_TOTAL_DIR_TREE_INTERNAL_NODE_VIEWS	220
LIST_EXNEXT_40_ENTRIES_REPEAT10_TOTAL_DIR_TREE_INTERNAL_RESIDENT_VIEWS	220
LIST_EXNEXT_40_ENTRIES_REPEAT10_TOTAL_INODE_TREE_LEAF_NODE_VIEWS	0
LIST_EXNEXT_40_ENTRIES_REPEAT10_TOTAL_INODE_TREE_LEAF_RESIDENT_VIEWS	0
LIST_EXNEXT_40_ENTRIES_REPEAT10_TOTAL_INODE_TREE_INTERNAL_NODE_VIEWS	0
LIST_EXNEXT_40_ENTRIES_REPEAT10_TOTAL_INODE_TREE_INTERNAL_RESIDENT_VIEWS	0
LIST_EXNEXT_40_ENTRIES_REPEAT10_TOTAL_DETAIL_INODE_READ_CALLS	410
LIST_EXNEXT_40_ENTRIES_REPEAT10_TOTAL_DETAIL_INODE_READ_SAMPLES	24
LIST_EXNEXT_40_ENTRIES_REPEAT10_TOTAL_DETAIL_INODE_READ_SAMPLE_TICKS	466
LIST_EXNEXT_40_ENTRIES_REPEAT10_TOTAL_DETAIL_INODE_VALIDATE_CALLS	410
LIST_EXNEXT_40_ENTRIES_REPEAT10_TOTAL_DETAIL_INODE_VALIDATE_SAMPLES	24
LIST_EXNEXT_40_ENTRIES_REPEAT10_TOTAL_DETAIL_INODE_VALIDATE_SAMPLE_TICKS	18
LIST_EXNEXT_40_ENTRIES_REPEAT10_TOTAL_DETAIL_INODE_SEARCH_CALLS	410
LIST_EXNEXT_40_ENTRIES_REPEAT10_TOTAL_DETAIL_INODE_SEARCH_SAMPLES	24
LIST_EXNEXT_40_ENTRIES_REPEAT10_TOTAL_DETAIL_INODE_SEARCH_SAMPLE_TICKS	138
LIST_EXNEXT_40_ENTRIES_REPEAT10_TOTAL_DETAIL_INODE_NODE_VIEW_CALLS	0
LIST_EXNEXT_40_ENTRIES_REPEAT10_TOTAL_DETAIL_INODE_NODE_VIEW_SAMPLES	0
LIST_EXNEXT_40_ENTRIES_REPEAT10_TOTAL_DETAIL_INODE_NODE_VIEW_SAMPLE_TICKS	0
LIST_EXNEXT_40_ENTRIES_REPEAT10_TOTAL_DETAIL_DIR_NODE_VIEW_CALLS	320
LIST_EXNEXT_40_ENTRIES_REPEAT10_TOTAL_DETAIL_DIR_NODE_VIEW_SAMPLES	18
LIST_EXNEXT_40_ENTRIES_REPEAT10_TOTAL_DETAIL_DIR_NODE_VIEW_SAMPLE_TICKS	46
LIST_EXNEXT_40_ENTRIES_REPEAT10_TOTAL_DETAIL_INODE_BINARY_SEARCH_CALLS	20
LIST_EXNEXT_40_ENTRIES_REPEAT10_TOTAL_DETAIL_INODE_BINARY_SEARCH_SAMPLES	1
LIST_EXNEXT_40_ENTRIES_REPEAT10_TOTAL_DETAIL_INODE_BINARY_SEARCH_SAMPLE_TICKS	0
LIST_EXNEXT_40_ENTRIES_REPEAT10_TOTAL_DETAIL_DIR_BINARY_SEARCH_CALLS	241
LIST_EXNEXT_40_ENTRIES_REPEAT10_TOTAL_DETAIL_DIR_BINARY_SEARCH_SAMPLES	14
LIST_EXNEXT_40_ENTRIES_REPEAT10_TOTAL_DETAIL_DIR_BINARY_SEARCH_SAMPLE_TICKS	0
LIST_EXNEXT_40_ENTRIES_REPEAT10_TOTAL_DETAIL_NODE_STRUCTURE_CALLS	0
LIST_EXNEXT_40_ENTRIES_REPEAT10_TOTAL_DETAIL_NODE_STRUCTURE_SAMPLES	0
LIST_EXNEXT_40_ENTRIES_REPEAT10_TOTAL_DETAIL_NODE_STRUCTURE_SAMPLE_TICKS	0
LIST_EXNEXT_40_ENTRIES_REPEAT10_TOTAL_DETAIL_CACHE_PEEK_CALLS	731
LIST_EXNEXT_40_ENTRIES_REPEAT10_TOTAL_DETAIL_CACHE_PEEK_SAMPLES	43
LIST_EXNEXT_40_ENTRIES_REPEAT10_TOTAL_DETAIL_CACHE_PEEK_SAMPLE_TICKS	166
LIST_EXNEXT_40_ENTRIES_REPEAT10_TOTAL_DETAIL_BUFFER_ALLOC_CALLS	420
LIST_EXNEXT_40_ENTRIES_REPEAT10_TOTAL_DETAIL_BUFFER_ALLOC_SAMPLES	24
LIST_EXNEXT_40_ENTRIES_REPEAT10_TOTAL_DETAIL_BUFFER_ALLOC_SAMPLE_TICKS	52
LIST_EXNEXT_40_ENTRIES_REPEAT10_TOTAL_DETAIL_BUFFER_FREE_CALLS	420
LIST_EXNEXT_40_ENTRIES_REPEAT10_TOTAL_DETAIL_BUFFER_FREE_SAMPLES	24
LIST_EXNEXT_40_ENTRIES_REPEAT10_TOTAL_DETAIL_BUFFER_FREE_SAMPLE_TICKS	90
LIST_EXNEXT_40_ENTRIES_REPEAT10_TOTAL_DETAIL_EXALL_FILL_CALLS	0
LIST_EXNEXT_40_ENTRIES_REPEAT10_TOTAL_DETAIL_EXALL_FILL_SAMPLES	0
LIST_EXNEXT_40_ENTRIES_REPEAT10_TOTAL_DETAIL_EXALL_FILL_SAMPLE_TICKS	0
LIST_EXNEXT_40_ENTRIES_REPEAT10_TOTAL_DEFERRED_NODE_WRITES	0
LIST_EXALL_40_ENTRIES_FIRST_PASS_US	4736
LIST_EXALL_40_ENTRIES_FIRST_PASS_BIO_READS	7
LIST_EXALL_40_ENTRIES_FIRST_PASS_BIO_WRITES	0
LIST_EXALL_40_ENTRIES_FIRST_PASS_BIO_UPDATES	0
LIST_EXALL_40_ENTRIES_FIRST_PASS_DATA_READS	0
LIST_EXALL_40_ENTRIES_FIRST_PASS_DATA_WRITES	0
LIST_EXALL_40_ENTRIES_FIRST_PASS_NODE_WRITES	0
LIST_EXALL_40_ENTRIES_FIRST_PASS_TXN_COMMITS	0
LIST_EXALL_40_ENTRIES_FIRST_PASS_FREESPACE_ALLOCS	0
LIST_EXALL_40_ENTRIES_FIRST_PASS_EXTENT_MAPS	0
LIST_EXALL_40_ENTRIES_FIRST_PASS_READ_TICKS	589
LIST_EXALL_40_ENTRIES_FIRST_PASS_WRITE_TICKS	0
LIST_EXALL_40_ENTRIES_FIRST_PASS_UPDATE_TICKS	0
LIST_EXALL_40_ENTRIES_FIRST_PASS_DATA_READ_TICKS	0
LIST_EXALL_40_ENTRIES_FIRST_PASS_DATA_WRITE_TICKS	0
LIST_EXALL_40_ENTRIES_FIRST_PASS_FREE_TREE_NODE_WRITES	0
LIST_EXALL_40_ENTRIES_FIRST_PASS_FREE_TREE_ALLOCATION_BODY_NODE_WRITES	0
LIST_EXALL_40_ENTRIES_FIRST_PASS_FREE_TREE_RESERVE_REFILL_NODE_WRITES	0
LIST_EXALL_40_ENTRIES_FIRST_PASS_FREE_TREE_RESERVE_RETURN_NODE_WRITES	0
LIST_EXALL_40_ENTRIES_FIRST_PASS_FREE_TREE_POST_PUBLISH_PENDING_RECLAIM_NODE_WRITES	0
LIST_EXALL_40_ENTRIES_FIRST_PASS_FREE_TREE_OTHER_NODE_WRITES	0
LIST_EXALL_40_ENTRIES_FIRST_PASS_DIR_TREE_NODE_WRITES	0
LIST_EXALL_40_ENTRIES_FIRST_PASS_INODE_TREE_NODE_WRITES	0
LIST_EXALL_40_ENTRIES_FIRST_PASS_REFCOUNT_TREE_NODE_WRITES	0
LIST_EXALL_40_ENTRIES_FIRST_PASS_OTHER_TREE_NODE_WRITES	0
LIST_EXALL_40_ENTRIES_FIRST_PASS_NODE_CRC_READ_CALLS	7
LIST_EXALL_40_ENTRIES_FIRST_PASS_NODE_CRC_READ_SAMPLES	0
LIST_EXALL_40_ENTRIES_FIRST_PASS_NODE_CRC_READ_SAMPLE_TICKS	0
LIST_EXALL_40_ENTRIES_FIRST_PASS_NODE_CRC_WRITE_CALLS	0
LIST_EXALL_40_ENTRIES_FIRST_PASS_NODE_CRC_WRITE_SAMPLES	0
LIST_EXALL_40_ENTRIES_FIRST_PASS_NODE_CRC_WRITE_SAMPLE_TICKS	0
LIST_EXALL_40_ENTRIES_FIRST_PASS_CLOCK_PAIR_TICKS	0
LIST_EXALL_40_ENTRIES_FIRST_PASS_FREE_TREE_RESERVE_RETURN_CALLS	0
LIST_EXALL_40_ENTRIES_FIRST_PASS_FREE_TREE_RESERVE_RETURN_RUNS	0
LIST_EXALL_40_ENTRIES_FIRST_PASS_FREE_TREE_RESERVE_RETURN_BLOCKS	0
LIST_EXALL_40_ENTRIES_FIRST_PASS_FREE_TREE_RESERVE_RETURN_RUNS_1_BLOCK	0
LIST_EXALL_40_ENTRIES_FIRST_PASS_FREE_TREE_RESERVE_RETURN_RUNS_2_3_BLOCKS	0
LIST_EXALL_40_ENTRIES_FIRST_PASS_FREE_TREE_RESERVE_RETURN_RUNS_4_7_BLOCKS	0
LIST_EXALL_40_ENTRIES_FIRST_PASS_FREE_TREE_RESERVE_RETURN_RUNS_8_PLUS_BLOCKS	0
LIST_EXALL_40_ENTRIES_FIRST_PASS_FREE_TREE_RESERVE_RETURN_MAX_RUN_BLOCKS	0
LIST_EXALL_40_ENTRIES_FIRST_PASS_FREE_TREE_RESERVE_RETURN_MAX_NODE_WRITES_PER_RUN	0
LIST_EXALL_40_ENTRIES_FIRST_PASS_POST_PUBLISH_RECLAIM_PASSES	0
LIST_EXALL_40_ENTRIES_FIRST_PASS_MAX_POST_PUBLISH_RECLAIM_PASSES_PER_COMMIT	0
LIST_EXALL_40_ENTRIES_FIRST_PASS_SUPERBLOCK_PUBLICATIONS	0
LIST_EXALL_40_ENTRIES_FIRST_PASS_FREE_TREE_RESERVE_RETURN_RUN_NODE_WRITES	0
LIST_EXALL_40_ENTRIES_FIRST_PASS_FREE_TREE_RESERVE_RETURN_BATCH_CALLS	0
LIST_EXALL_40_ENTRIES_FIRST_PASS_FREE_TREE_RESERVE_RETURN_BATCH_BLOCKS	0
LIST_EXALL_40_ENTRIES_FIRST_PASS_FREE_TREE_RESERVE_RETURN_BATCH_NODE_WRITES	0
LIST_EXALL_40_ENTRIES_FIRST_PASS_FREE_TREE_RESERVE_RETURN_SKIP_SHAPE	0
LIST_EXALL_40_ENTRIES_FIRST_PASS_FREE_TREE_RESERVE_RETURN_SKIP_SMALL	0
LIST_EXALL_40_ENTRIES_FIRST_PASS_FREE_TREE_RESERVE_RETURN_SKIP_EMERGENCY	0
LIST_EXALL_40_ENTRIES_FIRST_PASS_FREE_TREE_RESERVE_RETURN_SKIP_CAPACITY	0
LIST_EXALL_40_ENTRIES_FIRST_PASS_SEALED_COMMITS	0
LIST_EXALL_40_ENTRIES_FIRST_PASS_SEALED_METADATA_FENCES	0
LIST_EXALL_40_ENTRIES_FIRST_PASS_BTREE_MALLOC_CALLS	2
LIST_EXALL_40_ENTRIES_FIRST_PASS_BTREE_MALLOC_SAMPLES	2
LIST_EXALL_40_ENTRIES_FIRST_PASS_BTREE_MALLOC_SAMPLE_TICKS	46
LIST_EXALL_40_ENTRIES_FIRST_PASS_BTREE_FREE_CALLS	2
LIST_EXALL_40_ENTRIES_FIRST_PASS_BTREE_FREE_SAMPLES	2
LIST_EXALL_40_ENTRIES_FIRST_PASS_BTREE_FREE_SAMPLE_TICKS	0
LIST_EXALL_40_ENTRIES_FIRST_PASS_IFACE_ALLOC_CALLS	0
LIST_EXALL_40_ENTRIES_FIRST_PASS_IFACE_ALLOC_SAMPLES	0
LIST_EXALL_40_ENTRIES_FIRST_PASS_IFACE_ALLOC_SAMPLE_TICKS	0
LIST_EXALL_40_ENTRIES_FIRST_PASS_FREESPACE_ALLOC_SAMPLES	0
LIST_EXALL_40_ENTRIES_FIRST_PASS_FREESPACE_ALLOC_SAMPLE_TICKS	0
LIST_EXALL_40_ENTRIES_FIRST_PASS_PACKET_CALLS	3
LIST_EXALL_40_ENTRIES_FIRST_PASS_PACKET_SAMPLES	3
LIST_EXALL_40_ENTRIES_FIRST_PASS_PACKET_SAMPLE_TICKS	3223
LIST_EXALL_40_ENTRIES_FIRST_PASS_PACKET_OPEN_CALLS	0
LIST_EXALL_40_ENTRIES_FIRST_PASS_PACKET_OPEN_SAMPLES	0
LIST_EXALL_40_ENTRIES_FIRST_PASS_PACKET_OPEN_SAMPLE_TICKS	0
LIST_EXALL_40_ENTRIES_FIRST_PASS_PACKET_READ_CALLS	0
LIST_EXALL_40_ENTRIES_FIRST_PASS_PACKET_READ_SAMPLES	0
LIST_EXALL_40_ENTRIES_FIRST_PASS_PACKET_READ_SAMPLE_TICKS	0
LIST_EXALL_40_ENTRIES_FIRST_PASS_PACKET_WRITE_CALLS	0
LIST_EXALL_40_ENTRIES_FIRST_PASS_PACKET_WRITE_SAMPLES	0
LIST_EXALL_40_ENTRIES_FIRST_PASS_PACKET_WRITE_SAMPLE_TICKS	0
LIST_EXALL_40_ENTRIES_FIRST_PASS_PACKET_END_CALLS	0
LIST_EXALL_40_ENTRIES_FIRST_PASS_PACKET_END_SAMPLES	0
LIST_EXALL_40_ENTRIES_FIRST_PASS_PACKET_END_SAMPLE_TICKS	0
LIST_EXALL_40_ENTRIES_FIRST_PASS_PACKET_DELETE_CALLS	0
LIST_EXALL_40_ENTRIES_FIRST_PASS_PACKET_DELETE_SAMPLES	0
LIST_EXALL_40_ENTRIES_FIRST_PASS_PACKET_DELETE_SAMPLE_TICKS	0
LIST_EXALL_40_ENTRIES_FIRST_PASS_PACKET_FLUSH_CALLS	0
LIST_EXALL_40_ENTRIES_FIRST_PASS_PACKET_FLUSH_SAMPLES	0
LIST_EXALL_40_ENTRIES_FIRST_PASS_PACKET_FLUSH_SAMPLE_TICKS	0
LIST_EXALL_40_ENTRIES_FIRST_PASS_PACKET_OTHER_CALLS	3
LIST_EXALL_40_ENTRIES_FIRST_PASS_PACKET_OTHER_SAMPLES	3
LIST_EXALL_40_ENTRIES_FIRST_PASS_PACKET_OTHER_SAMPLE_TICKS	3223
LIST_EXALL_40_ENTRIES_FIRST_PASS_CORE_CREATE_CALLS	0
LIST_EXALL_40_ENTRIES_FIRST_PASS_CORE_CREATE_SAMPLES	0
LIST_EXALL_40_ENTRIES_FIRST_PASS_CORE_CREATE_SAMPLE_TICKS	0
LIST_EXALL_40_ENTRIES_FIRST_PASS_CORE_DELETE_CALLS	0
LIST_EXALL_40_ENTRIES_FIRST_PASS_CORE_DELETE_SAMPLES	0
LIST_EXALL_40_ENTRIES_FIRST_PASS_CORE_DELETE_SAMPLE_TICKS	0
LIST_EXALL_40_ENTRIES_FIRST_PASS_CORE_FILE_WRITE_CALLS	0
LIST_EXALL_40_ENTRIES_FIRST_PASS_CORE_FILE_WRITE_SAMPLES	0
LIST_EXALL_40_ENTRIES_FIRST_PASS_CORE_FILE_WRITE_SAMPLE_TICKS	0
LIST_EXALL_40_ENTRIES_FIRST_PASS_CORE_SYNC_CALLS	0
LIST_EXALL_40_ENTRIES_FIRST_PASS_CORE_SYNC_SAMPLES	0
LIST_EXALL_40_ENTRIES_FIRST_PASS_CORE_SYNC_SAMPLE_TICKS	0
LIST_EXALL_40_ENTRIES_FIRST_PASS_IFACE_FREE_CALLS	0
LIST_EXALL_40_ENTRIES_FIRST_PASS_IFACE_FREE_SAMPLES	0
LIST_EXALL_40_ENTRIES_FIRST_PASS_IFACE_FREE_SAMPLE_TICKS	0
LIST_EXALL_40_ENTRIES_FIRST_PASS_SEAL_COMMIT_CALLS	0
LIST_EXALL_40_ENTRIES_FIRST_PASS_SEAL_COMMIT_SAMPLES	0
LIST_EXALL_40_ENTRIES_FIRST_PASS_SEAL_COMMIT_SAMPLE_TICKS	0
LIST_EXALL_40_ENTRIES_FIRST_PASS_INODE_READ_CALLS	40
LIST_EXALL_40_ENTRIES_FIRST_PASS_BTREE_SEARCH_CALLS	41
LIST_EXALL_40_ENTRIES_FIRST_PASS_BTREE_INDEX_HINT_HITS	0
LIST_EXALL_40_ENTRIES_FIRST_PASS_BTREE_LEAF_HINT_HITS	39
LIST_EXALL_40_ENTRIES_FIRST_PASS_CACHE_READ_CALLS	7
LIST_EXALL_40_ENTRIES_FIRST_PASS_CACHE_READ_HITS	0
LIST_EXALL_40_ENTRIES_FIRST_PASS_CACHE_READ_MISSES	7
LIST_EXALL_40_ENTRIES_FIRST_PASS_FREE_TREE_NODE_VIEWS	0
LIST_EXALL_40_ENTRIES_FIRST_PASS_FREE_TREE_RESIDENT_VIEWS	0
LIST_EXALL_40_ENTRIES_FIRST_PASS_DIR_TREE_NODE_VIEWS	20
LIST_EXALL_40_ENTRIES_FIRST_PASS_DIR_TREE_RESIDENT_VIEWS	14
LIST_EXALL_40_ENTRIES_FIRST_PASS_INODE_TREE_NODE_VIEWS	2
LIST_EXALL_40_ENTRIES_FIRST_PASS_INODE_TREE_RESIDENT_VIEWS	1
LIST_EXALL_40_ENTRIES_FIRST_PASS_REFCOUNT_TREE_NODE_VIEWS	0
LIST_EXALL_40_ENTRIES_FIRST_PASS_REFCOUNT_TREE_RESIDENT_VIEWS	0
LIST_EXALL_40_ENTRIES_FIRST_PASS_OTHER_TREE_NODE_VIEWS	0
LIST_EXALL_40_ENTRIES_FIRST_PASS_OTHER_TREE_RESIDENT_VIEWS	0
LIST_EXALL_40_ENTRIES_FIRST_PASS_DIR_TREE_LEAF_NODE_VIEWS	7
LIST_EXALL_40_ENTRIES_FIRST_PASS_DIR_TREE_LEAF_RESIDENT_VIEWS	2
LIST_EXALL_40_ENTRIES_FIRST_PASS_DIR_TREE_INTERNAL_NODE_VIEWS	13
LIST_EXALL_40_ENTRIES_FIRST_PASS_DIR_TREE_INTERNAL_RESIDENT_VIEWS	12
LIST_EXALL_40_ENTRIES_FIRST_PASS_INODE_TREE_LEAF_NODE_VIEWS	1
LIST_EXALL_40_ENTRIES_FIRST_PASS_INODE_TREE_LEAF_RESIDENT_VIEWS	0
LIST_EXALL_40_ENTRIES_FIRST_PASS_INODE_TREE_INTERNAL_NODE_VIEWS	1
LIST_EXALL_40_ENTRIES_FIRST_PASS_INODE_TREE_INTERNAL_RESIDENT_VIEWS	1
LIST_EXALL_40_ENTRIES_FIRST_PASS_DETAIL_INODE_READ_CALLS	40
LIST_EXALL_40_ENTRIES_FIRST_PASS_DETAIL_INODE_READ_SAMPLES	2
LIST_EXALL_40_ENTRIES_FIRST_PASS_DETAIL_INODE_READ_SAMPLE_TICKS	38
LIST_EXALL_40_ENTRIES_FIRST_PASS_DETAIL_INODE_VALIDATE_CALLS	40
LIST_EXALL_40_ENTRIES_FIRST_PASS_DETAIL_INODE_VALIDATE_SAMPLES	2
LIST_EXALL_40_ENTRIES_FIRST_PASS_DETAIL_INODE_VALIDATE_SAMPLE_TICKS	0
LIST_EXALL_40_ENTRIES_FIRST_PASS_DETAIL_INODE_SEARCH_CALLS	40
LIST_EXALL_40_ENTRIES_FIRST_PASS_DETAIL_INODE_SEARCH_SAMPLES	2
LIST_EXALL_40_ENTRIES_FIRST_PASS_DETAIL_INODE_SEARCH_SAMPLE_TICKS	0
LIST_EXALL_40_ENTRIES_FIRST_PASS_DETAIL_INODE_NODE_VIEW_CALLS	2
LIST_EXALL_40_ENTRIES_FIRST_PASS_DETAIL_INODE_NODE_VIEW_SAMPLES	0
LIST_EXALL_40_ENTRIES_FIRST_PASS_DETAIL_INODE_NODE_VIEW_SAMPLE_TICKS	0
LIST_EXALL_40_ENTRIES_FIRST_PASS_DETAIL_DIR_NODE_VIEW_CALLS	20
LIST_EXALL_40_ENTRIES_FIRST_PASS_DETAIL_DIR_NODE_VIEW_SAMPLES	1
LIST_EXALL_40_ENTRIES_FIRST_PASS_DETAIL_DIR_NODE_VIEW_SAMPLE_TICKS	273
LIST_EXALL_40_ENTRIES_FIRST_PASS_DETAIL_INODE_BINARY_SEARCH_CALLS	2
LIST_EXALL_40_ENTRIES_FIRST_PASS_DETAIL_INODE_BINARY_SEARCH_SAMPLES	0
LIST_EXALL_40_ENTRIES_FIRST_PASS_DETAIL_INODE_BINARY_SEARCH_SAMPLE_TICKS	0
LIST_EXALL_40_ENTRIES_FIRST_PASS_DETAIL_DIR_BINARY_SEARCH_CALLS	8
LIST_EXALL_40_ENTRIES_FIRST_PASS_DETAIL_DIR_BINARY_SEARCH_SAMPLES	0
LIST_EXALL_40_ENTRIES_FIRST_PASS_DETAIL_DIR_BINARY_SEARCH_SAMPLE_TICKS	0
LIST_EXALL_40_ENTRIES_FIRST_PASS_DETAIL_NODE_STRUCTURE_CALLS	7
LIST_EXALL_40_ENTRIES_FIRST_PASS_DETAIL_NODE_STRUCTURE_SAMPLES	0
LIST_EXALL_40_ENTRIES_FIRST_PASS_DETAIL_NODE_STRUCTURE_SAMPLE_TICKS	0
LIST_EXALL_40_ENTRIES_FIRST_PASS_DETAIL_CACHE_PEEK_CALLS	63
LIST_EXALL_40_ENTRIES_FIRST_PASS_DETAIL_CACHE_PEEK_SAMPLES	3
LIST_EXALL_40_ENTRIES_FIRST_PASS_DETAIL_CACHE_PEEK_SAMPLE_TICKS	0
LIST_EXALL_40_ENTRIES_FIRST_PASS_DETAIL_BUFFER_ALLOC_CALLS	3
LIST_EXALL_40_ENTRIES_FIRST_PASS_DETAIL_BUFFER_ALLOC_SAMPLES	0
LIST_EXALL_40_ENTRIES_FIRST_PASS_DETAIL_BUFFER_ALLOC_SAMPLE_TICKS	0
LIST_EXALL_40_ENTRIES_FIRST_PASS_DETAIL_BUFFER_FREE_CALLS	3
LIST_EXALL_40_ENTRIES_FIRST_PASS_DETAIL_BUFFER_FREE_SAMPLES	0
LIST_EXALL_40_ENTRIES_FIRST_PASS_DETAIL_BUFFER_FREE_SAMPLE_TICKS	0
LIST_EXALL_40_ENTRIES_FIRST_PASS_DETAIL_EXALL_FILL_CALLS	41
LIST_EXALL_40_ENTRIES_FIRST_PASS_DETAIL_EXALL_FILL_SAMPLES	2
LIST_EXALL_40_ENTRIES_FIRST_PASS_DETAIL_EXALL_FILL_SAMPLE_TICKS	46
LIST_EXALL_40_ENTRIES_FIRST_PASS_DEFERRED_NODE_WRITES	0
LIST_EXALL_40_ENTRIES_REPEAT10_TOTAL_US	15040
LIST_EXALL_40_ENTRIES_REPEAT10_TOTAL_BIO_READS	0
LIST_EXALL_40_ENTRIES_REPEAT10_TOTAL_BIO_WRITES	0
LIST_EXALL_40_ENTRIES_REPEAT10_TOTAL_BIO_UPDATES	0
LIST_EXALL_40_ENTRIES_REPEAT10_TOTAL_DATA_READS	0
LIST_EXALL_40_ENTRIES_REPEAT10_TOTAL_DATA_WRITES	0
LIST_EXALL_40_ENTRIES_REPEAT10_TOTAL_NODE_WRITES	0
LIST_EXALL_40_ENTRIES_REPEAT10_TOTAL_TXN_COMMITS	0
LIST_EXALL_40_ENTRIES_REPEAT10_TOTAL_FREESPACE_ALLOCS	0
LIST_EXALL_40_ENTRIES_REPEAT10_TOTAL_EXTENT_MAPS	0
LIST_EXALL_40_ENTRIES_REPEAT10_TOTAL_READ_TICKS	0
LIST_EXALL_40_ENTRIES_REPEAT10_TOTAL_WRITE_TICKS	0
LIST_EXALL_40_ENTRIES_REPEAT10_TOTAL_UPDATE_TICKS	0
LIST_EXALL_40_ENTRIES_REPEAT10_TOTAL_DATA_READ_TICKS	0
LIST_EXALL_40_ENTRIES_REPEAT10_TOTAL_DATA_WRITE_TICKS	0
LIST_EXALL_40_ENTRIES_REPEAT10_TOTAL_FREE_TREE_NODE_WRITES	0
LIST_EXALL_40_ENTRIES_REPEAT10_TOTAL_FREE_TREE_ALLOCATION_BODY_NODE_WRITES	0
LIST_EXALL_40_ENTRIES_REPEAT10_TOTAL_FREE_TREE_RESERVE_REFILL_NODE_WRITES	0
LIST_EXALL_40_ENTRIES_REPEAT10_TOTAL_FREE_TREE_RESERVE_RETURN_NODE_WRITES	0
LIST_EXALL_40_ENTRIES_REPEAT10_TOTAL_FREE_TREE_POST_PUBLISH_PENDING_RECLAIM_NODE_WRITES	0
LIST_EXALL_40_ENTRIES_REPEAT10_TOTAL_FREE_TREE_OTHER_NODE_WRITES	0
LIST_EXALL_40_ENTRIES_REPEAT10_TOTAL_DIR_TREE_NODE_WRITES	0
LIST_EXALL_40_ENTRIES_REPEAT10_TOTAL_INODE_TREE_NODE_WRITES	0
LIST_EXALL_40_ENTRIES_REPEAT10_TOTAL_REFCOUNT_TREE_NODE_WRITES	0
LIST_EXALL_40_ENTRIES_REPEAT10_TOTAL_OTHER_TREE_NODE_WRITES	0
LIST_EXALL_40_ENTRIES_REPEAT10_TOTAL_NODE_CRC_READ_CALLS	0
LIST_EXALL_40_ENTRIES_REPEAT10_TOTAL_NODE_CRC_READ_SAMPLES	0
LIST_EXALL_40_ENTRIES_REPEAT10_TOTAL_NODE_CRC_READ_SAMPLE_TICKS	0
LIST_EXALL_40_ENTRIES_REPEAT10_TOTAL_NODE_CRC_WRITE_CALLS	0
LIST_EXALL_40_ENTRIES_REPEAT10_TOTAL_NODE_CRC_WRITE_SAMPLES	0
LIST_EXALL_40_ENTRIES_REPEAT10_TOTAL_NODE_CRC_WRITE_SAMPLE_TICKS	0
LIST_EXALL_40_ENTRIES_REPEAT10_TOTAL_CLOCK_PAIR_TICKS	1
LIST_EXALL_40_ENTRIES_REPEAT10_TOTAL_FREE_TREE_RESERVE_RETURN_CALLS	0
LIST_EXALL_40_ENTRIES_REPEAT10_TOTAL_FREE_TREE_RESERVE_RETURN_RUNS	0
LIST_EXALL_40_ENTRIES_REPEAT10_TOTAL_FREE_TREE_RESERVE_RETURN_BLOCKS	0
LIST_EXALL_40_ENTRIES_REPEAT10_TOTAL_FREE_TREE_RESERVE_RETURN_RUNS_1_BLOCK	0
LIST_EXALL_40_ENTRIES_REPEAT10_TOTAL_FREE_TREE_RESERVE_RETURN_RUNS_2_3_BLOCKS	0
LIST_EXALL_40_ENTRIES_REPEAT10_TOTAL_FREE_TREE_RESERVE_RETURN_RUNS_4_7_BLOCKS	0
LIST_EXALL_40_ENTRIES_REPEAT10_TOTAL_FREE_TREE_RESERVE_RETURN_RUNS_8_PLUS_BLOCKS	0
LIST_EXALL_40_ENTRIES_REPEAT10_TOTAL_FREE_TREE_RESERVE_RETURN_MAX_RUN_BLOCKS	0
LIST_EXALL_40_ENTRIES_REPEAT10_TOTAL_FREE_TREE_RESERVE_RETURN_MAX_NODE_WRITES_PER_RUN	0
LIST_EXALL_40_ENTRIES_REPEAT10_TOTAL_POST_PUBLISH_RECLAIM_PASSES	0
LIST_EXALL_40_ENTRIES_REPEAT10_TOTAL_MAX_POST_PUBLISH_RECLAIM_PASSES_PER_COMMIT	0
LIST_EXALL_40_ENTRIES_REPEAT10_TOTAL_SUPERBLOCK_PUBLICATIONS	0
LIST_EXALL_40_ENTRIES_REPEAT10_TOTAL_FREE_TREE_RESERVE_RETURN_RUN_NODE_WRITES	0
LIST_EXALL_40_ENTRIES_REPEAT10_TOTAL_FREE_TREE_RESERVE_RETURN_BATCH_CALLS	0
LIST_EXALL_40_ENTRIES_REPEAT10_TOTAL_FREE_TREE_RESERVE_RETURN_BATCH_BLOCKS	0
LIST_EXALL_40_ENTRIES_REPEAT10_TOTAL_FREE_TREE_RESERVE_RETURN_BATCH_NODE_WRITES	0
LIST_EXALL_40_ENTRIES_REPEAT10_TOTAL_FREE_TREE_RESERVE_RETURN_SKIP_SHAPE	0
LIST_EXALL_40_ENTRIES_REPEAT10_TOTAL_FREE_TREE_RESERVE_RETURN_SKIP_SMALL	0
LIST_EXALL_40_ENTRIES_REPEAT10_TOTAL_FREE_TREE_RESERVE_RETURN_SKIP_EMERGENCY	0
LIST_EXALL_40_ENTRIES_REPEAT10_TOTAL_FREE_TREE_RESERVE_RETURN_SKIP_CAPACITY	0
LIST_EXALL_40_ENTRIES_REPEAT10_TOTAL_SEALED_COMMITS	0
LIST_EXALL_40_ENTRIES_REPEAT10_TOTAL_SEALED_METADATA_FENCES	0
LIST_EXALL_40_ENTRIES_REPEAT10_TOTAL_BTREE_MALLOC_CALLS	11
LIST_EXALL_40_ENTRIES_REPEAT10_TOTAL_BTREE_MALLOC_SAMPLES	11
LIST_EXALL_40_ENTRIES_REPEAT10_TOTAL_BTREE_MALLOC_SAMPLE_TICKS	100
LIST_EXALL_40_ENTRIES_REPEAT10_TOTAL_BTREE_FREE_CALLS	11
LIST_EXALL_40_ENTRIES_REPEAT10_TOTAL_BTREE_FREE_SAMPLES	11
LIST_EXALL_40_ENTRIES_REPEAT10_TOTAL_BTREE_FREE_SAMPLE_TICKS	45
LIST_EXALL_40_ENTRIES_REPEAT10_TOTAL_IFACE_ALLOC_CALLS	0
LIST_EXALL_40_ENTRIES_REPEAT10_TOTAL_IFACE_ALLOC_SAMPLES	0
LIST_EXALL_40_ENTRIES_REPEAT10_TOTAL_IFACE_ALLOC_SAMPLE_TICKS	0
LIST_EXALL_40_ENTRIES_REPEAT10_TOTAL_FREESPACE_ALLOC_SAMPLES	0
LIST_EXALL_40_ENTRIES_REPEAT10_TOTAL_FREESPACE_ALLOC_SAMPLE_TICKS	0
LIST_EXALL_40_ENTRIES_REPEAT10_TOTAL_PACKET_CALLS	12
LIST_EXALL_40_ENTRIES_REPEAT10_TOTAL_PACKET_SAMPLES	12
LIST_EXALL_40_ENTRIES_REPEAT10_TOTAL_PACKET_SAMPLE_TICKS	10122
LIST_EXALL_40_ENTRIES_REPEAT10_TOTAL_PACKET_OPEN_CALLS	0
LIST_EXALL_40_ENTRIES_REPEAT10_TOTAL_PACKET_OPEN_SAMPLES	0
LIST_EXALL_40_ENTRIES_REPEAT10_TOTAL_PACKET_OPEN_SAMPLE_TICKS	0
LIST_EXALL_40_ENTRIES_REPEAT10_TOTAL_PACKET_READ_CALLS	0
LIST_EXALL_40_ENTRIES_REPEAT10_TOTAL_PACKET_READ_SAMPLES	0
LIST_EXALL_40_ENTRIES_REPEAT10_TOTAL_PACKET_READ_SAMPLE_TICKS	0
LIST_EXALL_40_ENTRIES_REPEAT10_TOTAL_PACKET_WRITE_CALLS	0
LIST_EXALL_40_ENTRIES_REPEAT10_TOTAL_PACKET_WRITE_SAMPLES	0
LIST_EXALL_40_ENTRIES_REPEAT10_TOTAL_PACKET_WRITE_SAMPLE_TICKS	0
LIST_EXALL_40_ENTRIES_REPEAT10_TOTAL_PACKET_END_CALLS	0
LIST_EXALL_40_ENTRIES_REPEAT10_TOTAL_PACKET_END_SAMPLES	0
LIST_EXALL_40_ENTRIES_REPEAT10_TOTAL_PACKET_END_SAMPLE_TICKS	0
LIST_EXALL_40_ENTRIES_REPEAT10_TOTAL_PACKET_DELETE_CALLS	0
LIST_EXALL_40_ENTRIES_REPEAT10_TOTAL_PACKET_DELETE_SAMPLES	0
LIST_EXALL_40_ENTRIES_REPEAT10_TOTAL_PACKET_DELETE_SAMPLE_TICKS	0
LIST_EXALL_40_ENTRIES_REPEAT10_TOTAL_PACKET_FLUSH_CALLS	0
LIST_EXALL_40_ENTRIES_REPEAT10_TOTAL_PACKET_FLUSH_SAMPLES	0
LIST_EXALL_40_ENTRIES_REPEAT10_TOTAL_PACKET_FLUSH_SAMPLE_TICKS	0
LIST_EXALL_40_ENTRIES_REPEAT10_TOTAL_PACKET_OTHER_CALLS	12
LIST_EXALL_40_ENTRIES_REPEAT10_TOTAL_PACKET_OTHER_SAMPLES	12
LIST_EXALL_40_ENTRIES_REPEAT10_TOTAL_PACKET_OTHER_SAMPLE_TICKS	10122
LIST_EXALL_40_ENTRIES_REPEAT10_TOTAL_CORE_CREATE_CALLS	0
LIST_EXALL_40_ENTRIES_REPEAT10_TOTAL_CORE_CREATE_SAMPLES	0
LIST_EXALL_40_ENTRIES_REPEAT10_TOTAL_CORE_CREATE_SAMPLE_TICKS	0
LIST_EXALL_40_ENTRIES_REPEAT10_TOTAL_CORE_DELETE_CALLS	0
LIST_EXALL_40_ENTRIES_REPEAT10_TOTAL_CORE_DELETE_SAMPLES	0
LIST_EXALL_40_ENTRIES_REPEAT10_TOTAL_CORE_DELETE_SAMPLE_TICKS	0
LIST_EXALL_40_ENTRIES_REPEAT10_TOTAL_CORE_FILE_WRITE_CALLS	0
LIST_EXALL_40_ENTRIES_REPEAT10_TOTAL_CORE_FILE_WRITE_SAMPLES	0
LIST_EXALL_40_ENTRIES_REPEAT10_TOTAL_CORE_FILE_WRITE_SAMPLE_TICKS	0
LIST_EXALL_40_ENTRIES_REPEAT10_TOTAL_CORE_SYNC_CALLS	0
LIST_EXALL_40_ENTRIES_REPEAT10_TOTAL_CORE_SYNC_SAMPLES	0
LIST_EXALL_40_ENTRIES_REPEAT10_TOTAL_CORE_SYNC_SAMPLE_TICKS	0
LIST_EXALL_40_ENTRIES_REPEAT10_TOTAL_IFACE_FREE_CALLS	0
LIST_EXALL_40_ENTRIES_REPEAT10_TOTAL_IFACE_FREE_SAMPLES	0
LIST_EXALL_40_ENTRIES_REPEAT10_TOTAL_IFACE_FREE_SAMPLE_TICKS	0
LIST_EXALL_40_ENTRIES_REPEAT10_TOTAL_SEAL_COMMIT_CALLS	0
LIST_EXALL_40_ENTRIES_REPEAT10_TOTAL_SEAL_COMMIT_SAMPLES	0
LIST_EXALL_40_ENTRIES_REPEAT10_TOTAL_SEAL_COMMIT_SAMPLE_TICKS	0
LIST_EXALL_40_ENTRIES_REPEAT10_TOTAL_INODE_READ_CALLS	400
LIST_EXALL_40_ENTRIES_REPEAT10_TOTAL_BTREE_SEARCH_CALLS	401
LIST_EXALL_40_ENTRIES_REPEAT10_TOTAL_BTREE_INDEX_HINT_HITS	400
LIST_EXALL_40_ENTRIES_REPEAT10_TOTAL_BTREE_LEAF_HINT_HITS	1
LIST_EXALL_40_ENTRIES_REPEAT10_TOTAL_CACHE_READ_CALLS	0
LIST_EXALL_40_ENTRIES_REPEAT10_TOTAL_CACHE_READ_HITS	0
LIST_EXALL_40_ENTRIES_REPEAT10_TOTAL_CACHE_READ_MISSES	0
LIST_EXALL_40_ENTRIES_REPEAT10_TOTAL_FREE_TREE_NODE_VIEWS	0
LIST_EXALL_40_ENTRIES_REPEAT10_TOTAL_FREE_TREE_RESIDENT_VIEWS	0
LIST_EXALL_40_ENTRIES_REPEAT10_TOTAL_DIR_TREE_NODE_VIEWS	160
LIST_EXALL_40_ENTRIES_REPEAT10_TOTAL_DIR_TREE_RESIDENT_VIEWS	160
LIST_EXALL_40_ENTRIES_REPEAT10_TOTAL_INODE_TREE_NODE_VIEWS	0
LIST_EXALL_40_ENTRIES_REPEAT10_TOTAL_INODE_TREE_RESIDENT_VIEWS	0
LIST_EXALL_40_ENTRIES_REPEAT10_TOTAL_REFCOUNT_TREE_NODE_VIEWS	0
LIST_EXALL_40_ENTRIES_REPEAT10_TOTAL_REFCOUNT_TREE_RESIDENT_VIEWS	0
LIST_EXALL_40_ENTRIES_REPEAT10_TOTAL_OTHER_TREE_NODE_VIEWS	0
LIST_EXALL_40_ENTRIES_REPEAT10_TOTAL_OTHER_TREE_RESIDENT_VIEWS	0
LIST_EXALL_40_ENTRIES_REPEAT10_TOTAL_DIR_TREE_LEAF_NODE_VIEWS	60
LIST_EXALL_40_ENTRIES_REPEAT10_TOTAL_DIR_TREE_LEAF_RESIDENT_VIEWS	60
LIST_EXALL_40_ENTRIES_REPEAT10_TOTAL_DIR_TREE_INTERNAL_NODE_VIEWS	100
LIST_EXALL_40_ENTRIES_REPEAT10_TOTAL_DIR_TREE_INTERNAL_RESIDENT_VIEWS	100
LIST_EXALL_40_ENTRIES_REPEAT10_TOTAL_INODE_TREE_LEAF_NODE_VIEWS	0
LIST_EXALL_40_ENTRIES_REPEAT10_TOTAL_INODE_TREE_LEAF_RESIDENT_VIEWS	0
LIST_EXALL_40_ENTRIES_REPEAT10_TOTAL_INODE_TREE_INTERNAL_NODE_VIEWS	0
LIST_EXALL_40_ENTRIES_REPEAT10_TOTAL_INODE_TREE_INTERNAL_RESIDENT_VIEWS	0
LIST_EXALL_40_ENTRIES_REPEAT10_TOTAL_DETAIL_INODE_READ_CALLS	400
LIST_EXALL_40_ENTRIES_REPEAT10_TOTAL_DETAIL_INODE_READ_SAMPLES	23
LIST_EXALL_40_ENTRIES_REPEAT10_TOTAL_DETAIL_INODE_READ_SAMPLE_TICKS	337
LIST_EXALL_40_ENTRIES_REPEAT10_TOTAL_DETAIL_INODE_VALIDATE_CALLS	400
LIST_EXALL_40_ENTRIES_REPEAT10_TOTAL_DETAIL_INODE_VALIDATE_SAMPLES	23
LIST_EXALL_40_ENTRIES_REPEAT10_TOTAL_DETAIL_INODE_VALIDATE_SAMPLE_TICKS	22
LIST_EXALL_40_ENTRIES_REPEAT10_TOTAL_DETAIL_INODE_SEARCH_CALLS	400
LIST_EXALL_40_ENTRIES_REPEAT10_TOTAL_DETAIL_INODE_SEARCH_SAMPLES	23
LIST_EXALL_40_ENTRIES_REPEAT10_TOTAL_DETAIL_INODE_SEARCH_SAMPLE_TICKS	138
LIST_EXALL_40_ENTRIES_REPEAT10_TOTAL_DETAIL_INODE_NODE_VIEW_CALLS	0
LIST_EXALL_40_ENTRIES_REPEAT10_TOTAL_DETAIL_INODE_NODE_VIEW_SAMPLES	0
LIST_EXALL_40_ENTRIES_REPEAT10_TOTAL_DETAIL_INODE_NODE_VIEW_SAMPLE_TICKS	0
LIST_EXALL_40_ENTRIES_REPEAT10_TOTAL_DETAIL_DIR_NODE_VIEW_CALLS	160
LIST_EXALL_40_ENTRIES_REPEAT10_TOTAL_DETAIL_DIR_NODE_VIEW_SAMPLES	9
LIST_EXALL_40_ENTRIES_REPEAT10_TOTAL_DETAIL_DIR_NODE_VIEW_SAMPLE_TICKS	0
LIST_EXALL_40_ENTRIES_REPEAT10_TOTAL_DETAIL_INODE_BINARY_SEARCH_CALLS	0
LIST_EXALL_40_ENTRIES_REPEAT10_TOTAL_DETAIL_INODE_BINARY_SEARCH_SAMPLES	0
LIST_EXALL_40_ENTRIES_REPEAT10_TOTAL_DETAIL_INODE_BINARY_SEARCH_SAMPLE_TICKS	0
LIST_EXALL_40_ENTRIES_REPEAT10_TOTAL_DETAIL_DIR_BINARY_SEARCH_CALLS	41
LIST_EXALL_40_ENTRIES_REPEAT10_TOTAL_DETAIL_DIR_BINARY_SEARCH_SAMPLES	2
LIST_EXALL_40_ENTRIES_REPEAT10_TOTAL_DETAIL_DIR_BINARY_SEARCH_SAMPLE_TICKS	0
LIST_EXALL_40_ENTRIES_REPEAT10_TOTAL_DETAIL_NODE_STRUCTURE_CALLS	0
LIST_EXALL_40_ENTRIES_REPEAT10_TOTAL_DETAIL_NODE_STRUCTURE_SAMPLES	0
LIST_EXALL_40_ENTRIES_REPEAT10_TOTAL_DETAIL_NODE_STRUCTURE_SAMPLE_TICKS	0
LIST_EXALL_40_ENTRIES_REPEAT10_TOTAL_DETAIL_CACHE_PEEK_CALLS	561
LIST_EXALL_40_ENTRIES_REPEAT10_TOTAL_DETAIL_CACHE_PEEK_SAMPLES	33
LIST_EXALL_40_ENTRIES_REPEAT10_TOTAL_DETAIL_CACHE_PEEK_SAMPLE_TICKS	21
LIST_EXALL_40_ENTRIES_REPEAT10_TOTAL_DETAIL_BUFFER_ALLOC_CALLS	10
LIST_EXALL_40_ENTRIES_REPEAT10_TOTAL_DETAIL_BUFFER_ALLOC_SAMPLES	0
LIST_EXALL_40_ENTRIES_REPEAT10_TOTAL_DETAIL_BUFFER_ALLOC_SAMPLE_TICKS	0
LIST_EXALL_40_ENTRIES_REPEAT10_TOTAL_DETAIL_BUFFER_FREE_CALLS	10
LIST_EXALL_40_ENTRIES_REPEAT10_TOTAL_DETAIL_BUFFER_FREE_SAMPLES	0
LIST_EXALL_40_ENTRIES_REPEAT10_TOTAL_DETAIL_BUFFER_FREE_SAMPLE_TICKS	0
LIST_EXALL_40_ENTRIES_REPEAT10_TOTAL_DETAIL_EXALL_FILL_CALLS	410
LIST_EXALL_40_ENTRIES_REPEAT10_TOTAL_DETAIL_EXALL_FILL_SAMPLES	24
LIST_EXALL_40_ENTRIES_REPEAT10_TOTAL_DETAIL_EXALL_FILL_SAMPLE_TICKS	458
LIST_EXALL_40_ENTRIES_REPEAT10_TOTAL_DEFERRED_NODE_WRITES	0
LIST_EXNEXT_400_ENTRIES_FIRST_PASS_US	97984
LIST_EXNEXT_400_ENTRIES_FIRST_PASS_BIO_READS	65
LIST_EXNEXT_400_ENTRIES_FIRST_PASS_BIO_WRITES	0
LIST_EXNEXT_400_ENTRIES_FIRST_PASS_BIO_UPDATES	0
LIST_EXNEXT_400_ENTRIES_FIRST_PASS_DATA_READS	0
LIST_EXNEXT_400_ENTRIES_FIRST_PASS_DATA_WRITES	0
LIST_EXNEXT_400_ENTRIES_FIRST_PASS_NODE_WRITES	0
LIST_EXNEXT_400_ENTRIES_FIRST_PASS_TXN_COMMITS	0
LIST_EXNEXT_400_ENTRIES_FIRST_PASS_FREESPACE_ALLOCS	0
LIST_EXNEXT_400_ENTRIES_FIRST_PASS_EXTENT_MAPS	0
LIST_EXNEXT_400_ENTRIES_FIRST_PASS_READ_TICKS	5459
LIST_EXNEXT_400_ENTRIES_FIRST_PASS_WRITE_TICKS	0
LIST_EXNEXT_400_ENTRIES_FIRST_PASS_UPDATE_TICKS	0
LIST_EXNEXT_400_ENTRIES_FIRST_PASS_DATA_READ_TICKS	0
LIST_EXNEXT_400_ENTRIES_FIRST_PASS_DATA_WRITE_TICKS	0
LIST_EXNEXT_400_ENTRIES_FIRST_PASS_FREE_TREE_NODE_WRITES	0
LIST_EXNEXT_400_ENTRIES_FIRST_PASS_FREE_TREE_ALLOCATION_BODY_NODE_WRITES	0
LIST_EXNEXT_400_ENTRIES_FIRST_PASS_FREE_TREE_RESERVE_REFILL_NODE_WRITES	0
LIST_EXNEXT_400_ENTRIES_FIRST_PASS_FREE_TREE_RESERVE_RETURN_NODE_WRITES	0
LIST_EXNEXT_400_ENTRIES_FIRST_PASS_FREE_TREE_POST_PUBLISH_PENDING_RECLAIM_NODE_WRITES	0
LIST_EXNEXT_400_ENTRIES_FIRST_PASS_FREE_TREE_OTHER_NODE_WRITES	0
LIST_EXNEXT_400_ENTRIES_FIRST_PASS_DIR_TREE_NODE_WRITES	0
LIST_EXNEXT_400_ENTRIES_FIRST_PASS_INODE_TREE_NODE_WRITES	0
LIST_EXNEXT_400_ENTRIES_FIRST_PASS_REFCOUNT_TREE_NODE_WRITES	0
LIST_EXNEXT_400_ENTRIES_FIRST_PASS_OTHER_TREE_NODE_WRITES	0
LIST_EXNEXT_400_ENTRIES_FIRST_PASS_NODE_CRC_READ_CALLS	65
LIST_EXNEXT_400_ENTRIES_FIRST_PASS_NODE_CRC_READ_SAMPLES	1
LIST_EXNEXT_400_ENTRIES_FIRST_PASS_NODE_CRC_READ_SAMPLE_TICKS	273
LIST_EXNEXT_400_ENTRIES_FIRST_PASS_NODE_CRC_WRITE_CALLS	0
LIST_EXNEXT_400_ENTRIES_FIRST_PASS_NODE_CRC_WRITE_SAMPLES	0
LIST_EXNEXT_400_ENTRIES_FIRST_PASS_NODE_CRC_WRITE_SAMPLE_TICKS	0
LIST_EXNEXT_400_ENTRIES_FIRST_PASS_CLOCK_PAIR_TICKS	2
LIST_EXNEXT_400_ENTRIES_FIRST_PASS_FREE_TREE_RESERVE_RETURN_CALLS	0
LIST_EXNEXT_400_ENTRIES_FIRST_PASS_FREE_TREE_RESERVE_RETURN_RUNS	0
LIST_EXNEXT_400_ENTRIES_FIRST_PASS_FREE_TREE_RESERVE_RETURN_BLOCKS	0
LIST_EXNEXT_400_ENTRIES_FIRST_PASS_FREE_TREE_RESERVE_RETURN_RUNS_1_BLOCK	0
LIST_EXNEXT_400_ENTRIES_FIRST_PASS_FREE_TREE_RESERVE_RETURN_RUNS_2_3_BLOCKS	0
LIST_EXNEXT_400_ENTRIES_FIRST_PASS_FREE_TREE_RESERVE_RETURN_RUNS_4_7_BLOCKS	0
LIST_EXNEXT_400_ENTRIES_FIRST_PASS_FREE_TREE_RESERVE_RETURN_RUNS_8_PLUS_BLOCKS	0
LIST_EXNEXT_400_ENTRIES_FIRST_PASS_FREE_TREE_RESERVE_RETURN_MAX_RUN_BLOCKS	0
LIST_EXNEXT_400_ENTRIES_FIRST_PASS_FREE_TREE_RESERVE_RETURN_MAX_NODE_WRITES_PER_RUN	0
LIST_EXNEXT_400_ENTRIES_FIRST_PASS_POST_PUBLISH_RECLAIM_PASSES	0
LIST_EXNEXT_400_ENTRIES_FIRST_PASS_MAX_POST_PUBLISH_RECLAIM_PASSES_PER_COMMIT	0
LIST_EXNEXT_400_ENTRIES_FIRST_PASS_SUPERBLOCK_PUBLICATIONS	0
LIST_EXNEXT_400_ENTRIES_FIRST_PASS_FREE_TREE_RESERVE_RETURN_RUN_NODE_WRITES	0
LIST_EXNEXT_400_ENTRIES_FIRST_PASS_FREE_TREE_RESERVE_RETURN_BATCH_CALLS	0
LIST_EXNEXT_400_ENTRIES_FIRST_PASS_FREE_TREE_RESERVE_RETURN_BATCH_BLOCKS	0
LIST_EXNEXT_400_ENTRIES_FIRST_PASS_FREE_TREE_RESERVE_RETURN_BATCH_NODE_WRITES	0
LIST_EXNEXT_400_ENTRIES_FIRST_PASS_FREE_TREE_RESERVE_RETURN_SKIP_SHAPE	0
LIST_EXNEXT_400_ENTRIES_FIRST_PASS_FREE_TREE_RESERVE_RETURN_SKIP_SMALL	0
LIST_EXNEXT_400_ENTRIES_FIRST_PASS_FREE_TREE_RESERVE_RETURN_SKIP_EMERGENCY	0
LIST_EXNEXT_400_ENTRIES_FIRST_PASS_FREE_TREE_RESERVE_RETURN_SKIP_CAPACITY	0
LIST_EXNEXT_400_ENTRIES_FIRST_PASS_SEALED_COMMITS	0
LIST_EXNEXT_400_ENTRIES_FIRST_PASS_SEALED_METADATA_FENCES	0
LIST_EXNEXT_400_ENTRIES_FIRST_PASS_BTREE_MALLOC_CALLS	43
LIST_EXNEXT_400_ENTRIES_FIRST_PASS_BTREE_MALLOC_SAMPLES	43
LIST_EXNEXT_400_ENTRIES_FIRST_PASS_BTREE_MALLOC_SAMPLE_TICKS	303
LIST_EXNEXT_400_ENTRIES_FIRST_PASS_BTREE_FREE_CALLS	403
LIST_EXNEXT_400_ENTRIES_FIRST_PASS_BTREE_FREE_SAMPLES	403
LIST_EXNEXT_400_ENTRIES_FIRST_PASS_BTREE_FREE_SAMPLE_TICKS	1052
LIST_EXNEXT_400_ENTRIES_FIRST_PASS_IFACE_ALLOC_CALLS	0
LIST_EXNEXT_400_ENTRIES_FIRST_PASS_IFACE_ALLOC_SAMPLES	0
LIST_EXNEXT_400_ENTRIES_FIRST_PASS_IFACE_ALLOC_SAMPLE_TICKS	0
LIST_EXNEXT_400_ENTRIES_FIRST_PASS_FREESPACE_ALLOC_SAMPLES	0
LIST_EXNEXT_400_ENTRIES_FIRST_PASS_FREESPACE_ALLOC_SAMPLE_TICKS	0
LIST_EXNEXT_400_ENTRIES_FIRST_PASS_PACKET_CALLS	404
LIST_EXNEXT_400_ENTRIES_FIRST_PASS_PACKET_SAMPLES	404
LIST_EXNEXT_400_ENTRIES_FIRST_PASS_PACKET_SAMPLE_TICKS	57961
LIST_EXNEXT_400_ENTRIES_FIRST_PASS_PACKET_OPEN_CALLS	0
LIST_EXNEXT_400_ENTRIES_FIRST_PASS_PACKET_OPEN_SAMPLES	0
LIST_EXNEXT_400_ENTRIES_FIRST_PASS_PACKET_OPEN_SAMPLE_TICKS	0
LIST_EXNEXT_400_ENTRIES_FIRST_PASS_PACKET_READ_CALLS	0
LIST_EXNEXT_400_ENTRIES_FIRST_PASS_PACKET_READ_SAMPLES	0
LIST_EXNEXT_400_ENTRIES_FIRST_PASS_PACKET_READ_SAMPLE_TICKS	0
LIST_EXNEXT_400_ENTRIES_FIRST_PASS_PACKET_WRITE_CALLS	0
LIST_EXNEXT_400_ENTRIES_FIRST_PASS_PACKET_WRITE_SAMPLES	0
LIST_EXNEXT_400_ENTRIES_FIRST_PASS_PACKET_WRITE_SAMPLE_TICKS	0
LIST_EXNEXT_400_ENTRIES_FIRST_PASS_PACKET_END_CALLS	0
LIST_EXNEXT_400_ENTRIES_FIRST_PASS_PACKET_END_SAMPLES	0
LIST_EXNEXT_400_ENTRIES_FIRST_PASS_PACKET_END_SAMPLE_TICKS	0
LIST_EXNEXT_400_ENTRIES_FIRST_PASS_PACKET_DELETE_CALLS	0
LIST_EXNEXT_400_ENTRIES_FIRST_PASS_PACKET_DELETE_SAMPLES	0
LIST_EXNEXT_400_ENTRIES_FIRST_PASS_PACKET_DELETE_SAMPLE_TICKS	0
LIST_EXNEXT_400_ENTRIES_FIRST_PASS_PACKET_FLUSH_CALLS	0
LIST_EXNEXT_400_ENTRIES_FIRST_PASS_PACKET_FLUSH_SAMPLES	0
LIST_EXNEXT_400_ENTRIES_FIRST_PASS_PACKET_FLUSH_SAMPLE_TICKS	0
LIST_EXNEXT_400_ENTRIES_FIRST_PASS_PACKET_OTHER_CALLS	404
LIST_EXNEXT_400_ENTRIES_FIRST_PASS_PACKET_OTHER_SAMPLES	404
LIST_EXNEXT_400_ENTRIES_FIRST_PASS_PACKET_OTHER_SAMPLE_TICKS	57961
LIST_EXNEXT_400_ENTRIES_FIRST_PASS_CORE_CREATE_CALLS	0
LIST_EXNEXT_400_ENTRIES_FIRST_PASS_CORE_CREATE_SAMPLES	0
LIST_EXNEXT_400_ENTRIES_FIRST_PASS_CORE_CREATE_SAMPLE_TICKS	0
LIST_EXNEXT_400_ENTRIES_FIRST_PASS_CORE_DELETE_CALLS	0
LIST_EXNEXT_400_ENTRIES_FIRST_PASS_CORE_DELETE_SAMPLES	0
LIST_EXNEXT_400_ENTRIES_FIRST_PASS_CORE_DELETE_SAMPLE_TICKS	0
LIST_EXNEXT_400_ENTRIES_FIRST_PASS_CORE_FILE_WRITE_CALLS	0
LIST_EXNEXT_400_ENTRIES_FIRST_PASS_CORE_FILE_WRITE_SAMPLES	0
LIST_EXNEXT_400_ENTRIES_FIRST_PASS_CORE_FILE_WRITE_SAMPLE_TICKS	0
LIST_EXNEXT_400_ENTRIES_FIRST_PASS_CORE_SYNC_CALLS	0
LIST_EXNEXT_400_ENTRIES_FIRST_PASS_CORE_SYNC_SAMPLES	0
LIST_EXNEXT_400_ENTRIES_FIRST_PASS_CORE_SYNC_SAMPLE_TICKS	0
LIST_EXNEXT_400_ENTRIES_FIRST_PASS_IFACE_FREE_CALLS	0
LIST_EXNEXT_400_ENTRIES_FIRST_PASS_IFACE_FREE_SAMPLES	0
LIST_EXNEXT_400_ENTRIES_FIRST_PASS_IFACE_FREE_SAMPLE_TICKS	0
LIST_EXNEXT_400_ENTRIES_FIRST_PASS_SEAL_COMMIT_CALLS	0
LIST_EXNEXT_400_ENTRIES_FIRST_PASS_SEAL_COMMIT_SAMPLES	0
LIST_EXNEXT_400_ENTRIES_FIRST_PASS_SEAL_COMMIT_SAMPLE_TICKS	0
LIST_EXNEXT_400_ENTRIES_FIRST_PASS_INODE_READ_CALLS	401
LIST_EXNEXT_400_ENTRIES_FIRST_PASS_BTREE_SEARCH_CALLS	402
LIST_EXNEXT_400_ENTRIES_FIRST_PASS_BTREE_INDEX_HINT_HITS	0
LIST_EXNEXT_400_ENTRIES_FIRST_PASS_BTREE_LEAF_HINT_HITS	382
LIST_EXNEXT_400_ENTRIES_FIRST_PASS_CACHE_READ_CALLS	65
LIST_EXNEXT_400_ENTRIES_FIRST_PASS_CACHE_READ_HITS	0
LIST_EXNEXT_400_ENTRIES_FIRST_PASS_CACHE_READ_MISSES	65
LIST_EXNEXT_400_ENTRIES_FIRST_PASS_FREE_TREE_NODE_VIEWS	0
LIST_EXNEXT_400_ENTRIES_FIRST_PASS_FREE_TREE_RESIDENT_VIEWS	0
LIST_EXNEXT_400_ENTRIES_FIRST_PASS_DIR_TREE_NODE_VIEWS	264
LIST_EXNEXT_400_ENTRIES_FIRST_PASS_DIR_TREE_RESIDENT_VIEWS	219
LIST_EXNEXT_400_ENTRIES_FIRST_PASS_INODE_TREE_NODE_VIEWS	40
LIST_EXNEXT_400_ENTRIES_FIRST_PASS_INODE_TREE_RESIDENT_VIEWS	20
LIST_EXNEXT_400_ENTRIES_FIRST_PASS_REFCOUNT_TREE_NODE_VIEWS	0
LIST_EXNEXT_400_ENTRIES_FIRST_PASS_REFCOUNT_TREE_RESIDENT_VIEWS	0
LIST_EXNEXT_400_ENTRIES_FIRST_PASS_OTHER_TREE_NODE_VIEWS	0
LIST_EXNEXT_400_ENTRIES_FIRST_PASS_OTHER_TREE_RESIDENT_VIEWS	0
LIST_EXNEXT_400_ENTRIES_FIRST_PASS_DIR_TREE_LEAF_NODE_VIEWS	85
LIST_EXNEXT_400_ENTRIES_FIRST_PASS_DIR_TREE_LEAF_RESIDENT_VIEWS	44
LIST_EXNEXT_400_ENTRIES_FIRST_PASS_DIR_TREE_INTERNAL_NODE_VIEWS	179
LIST_EXNEXT_400_ENTRIES_FIRST_PASS_DIR_TREE_INTERNAL_RESIDENT_VIEWS	175
LIST_EXNEXT_400_ENTRIES_FIRST_PASS_INODE_TREE_LEAF_NODE_VIEWS	20
LIST_EXNEXT_400_ENTRIES_FIRST_PASS_INODE_TREE_LEAF_RESIDENT_VIEWS	0
LIST_EXNEXT_400_ENTRIES_FIRST_PASS_INODE_TREE_INTERNAL_NODE_VIEWS	20
LIST_EXNEXT_400_ENTRIES_FIRST_PASS_INODE_TREE_INTERNAL_RESIDENT_VIEWS	20
LIST_EXNEXT_400_ENTRIES_FIRST_PASS_DETAIL_INODE_READ_CALLS	401
LIST_EXNEXT_400_ENTRIES_FIRST_PASS_DETAIL_INODE_READ_SAMPLES	23
LIST_EXNEXT_400_ENTRIES_FIRST_PASS_DETAIL_INODE_READ_SAMPLE_TICKS	1330
LIST_EXNEXT_400_ENTRIES_FIRST_PASS_DETAIL_INODE_VALIDATE_CALLS	401
LIST_EXNEXT_400_ENTRIES_FIRST_PASS_DETAIL_INODE_VALIDATE_SAMPLES	23
LIST_EXNEXT_400_ENTRIES_FIRST_PASS_DETAIL_INODE_VALIDATE_SAMPLE_TICKS	58
LIST_EXNEXT_400_ENTRIES_FIRST_PASS_DETAIL_INODE_SEARCH_CALLS	401
LIST_EXNEXT_400_ENTRIES_FIRST_PASS_DETAIL_INODE_SEARCH_SAMPLES	23
LIST_EXNEXT_400_ENTRIES_FIRST_PASS_DETAIL_INODE_SEARCH_SAMPLE_TICKS	1069
LIST_EXNEXT_400_ENTRIES_FIRST_PASS_DETAIL_INODE_NODE_VIEW_CALLS	40
LIST_EXNEXT_400_ENTRIES_FIRST_PASS_DETAIL_INODE_NODE_VIEW_SAMPLES	2
LIST_EXNEXT_400_ENTRIES_FIRST_PASS_DETAIL_INODE_NODE_VIEW_SAMPLE_TICKS	227
LIST_EXNEXT_400_ENTRIES_FIRST_PASS_DETAIL_DIR_NODE_VIEW_CALLS	264
LIST_EXNEXT_400_ENTRIES_FIRST_PASS_DETAIL_DIR_NODE_VIEW_SAMPLES	15
LIST_EXNEXT_400_ENTRIES_FIRST_PASS_DETAIL_DIR_NODE_VIEW_SAMPLE_TICKS	1861
LIST_EXNEXT_400_ENTRIES_FIRST_PASS_DETAIL_INODE_BINARY_SEARCH_CALLS	40
LIST_EXNEXT_400_ENTRIES_FIRST_PASS_DETAIL_INODE_BINARY_SEARCH_SAMPLES	2
LIST_EXNEXT_400_ENTRIES_FIRST_PASS_DETAIL_INODE_BINARY_SEARCH_SAMPLE_TICKS	0
LIST_EXNEXT_400_ENTRIES_FIRST_PASS_DETAIL_DIR_BINARY_SEARCH_CALLS	173
LIST_EXNEXT_400_ENTRIES_FIRST_PASS_DETAIL_DIR_BINARY_SEARCH_SAMPLES	10
LIST_EXNEXT_400_ENTRIES_FIRST_PASS_DETAIL_DIR_BINARY_SEARCH_SAMPLE_TICKS	46
LIST_EXNEXT_400_ENTRIES_FIRST_PASS_DETAIL_NODE_STRUCTURE_CALLS	65
LIST_EXNEXT_400_ENTRIES_FIRST_PASS_DETAIL_NODE_STRUCTURE_SAMPLES	3
LIST_EXNEXT_400_ENTRIES_FIRST_PASS_DETAIL_NODE_STRUCTURE_SAMPLE_TICKS	0
LIST_EXNEXT_400_ENTRIES_FIRST_PASS_DETAIL_CACHE_PEEK_CALLS	714
LIST_EXNEXT_400_ENTRIES_FIRST_PASS_DETAIL_CACHE_PEEK_SAMPLES	42
LIST_EXNEXT_400_ENTRIES_FIRST_PASS_DETAIL_CACHE_PEEK_SAMPLE_TICKS	249
LIST_EXNEXT_400_ENTRIES_FIRST_PASS_DETAIL_BUFFER_ALLOC_CALLS	422
LIST_EXNEXT_400_ENTRIES_FIRST_PASS_DETAIL_BUFFER_ALLOC_SAMPLES	24
LIST_EXNEXT_400_ENTRIES_FIRST_PASS_DETAIL_BUFFER_ALLOC_SAMPLE_TICKS	181
LIST_EXNEXT_400_ENTRIES_FIRST_PASS_DETAIL_BUFFER_FREE_CALLS	422
LIST_EXNEXT_400_ENTRIES_FIRST_PASS_DETAIL_BUFFER_FREE_SAMPLES	24
LIST_EXNEXT_400_ENTRIES_FIRST_PASS_DETAIL_BUFFER_FREE_SAMPLE_TICKS	3
LIST_EXNEXT_400_ENTRIES_FIRST_PASS_DETAIL_EXALL_FILL_CALLS	0
LIST_EXNEXT_400_ENTRIES_FIRST_PASS_DETAIL_EXALL_FILL_SAMPLES	0
LIST_EXNEXT_400_ENTRIES_FIRST_PASS_DETAIL_EXALL_FILL_SAMPLE_TICKS	0
LIST_EXNEXT_400_ENTRIES_FIRST_PASS_DEFERRED_NODE_WRITES	0
LIST_EXNEXT_400_ENTRIES_REPEAT10_TOTAL_US	718779
LIST_EXNEXT_400_ENTRIES_REPEAT10_TOTAL_BIO_READS	680
LIST_EXNEXT_400_ENTRIES_REPEAT10_TOTAL_BIO_WRITES	0
LIST_EXNEXT_400_ENTRIES_REPEAT10_TOTAL_BIO_UPDATES	0
LIST_EXNEXT_400_ENTRIES_REPEAT10_TOTAL_DATA_READS	0
LIST_EXNEXT_400_ENTRIES_REPEAT10_TOTAL_DATA_WRITES	0
LIST_EXNEXT_400_ENTRIES_REPEAT10_TOTAL_NODE_WRITES	0
LIST_EXNEXT_400_ENTRIES_REPEAT10_TOTAL_TXN_COMMITS	0
LIST_EXNEXT_400_ENTRIES_REPEAT10_TOTAL_FREESPACE_ALLOCS	0
LIST_EXNEXT_400_ENTRIES_REPEAT10_TOTAL_EXTENT_MAPS	0
LIST_EXNEXT_400_ENTRIES_REPEAT10_TOTAL_READ_TICKS	44169
LIST_EXNEXT_400_ENTRIES_REPEAT10_TOTAL_WRITE_TICKS	0
LIST_EXNEXT_400_ENTRIES_REPEAT10_TOTAL_UPDATE_TICKS	0
LIST_EXNEXT_400_ENTRIES_REPEAT10_TOTAL_DATA_READ_TICKS	0
LIST_EXNEXT_400_ENTRIES_REPEAT10_TOTAL_DATA_WRITE_TICKS	0
LIST_EXNEXT_400_ENTRIES_REPEAT10_TOTAL_FREE_TREE_NODE_WRITES	0
LIST_EXNEXT_400_ENTRIES_REPEAT10_TOTAL_FREE_TREE_ALLOCATION_BODY_NODE_WRITES	0
LIST_EXNEXT_400_ENTRIES_REPEAT10_TOTAL_FREE_TREE_RESERVE_REFILL_NODE_WRITES	0
LIST_EXNEXT_400_ENTRIES_REPEAT10_TOTAL_FREE_TREE_RESERVE_RETURN_NODE_WRITES	0
LIST_EXNEXT_400_ENTRIES_REPEAT10_TOTAL_FREE_TREE_POST_PUBLISH_PENDING_RECLAIM_NODE_WRITES	0
LIST_EXNEXT_400_ENTRIES_REPEAT10_TOTAL_FREE_TREE_OTHER_NODE_WRITES	0
LIST_EXNEXT_400_ENTRIES_REPEAT10_TOTAL_DIR_TREE_NODE_WRITES	0
LIST_EXNEXT_400_ENTRIES_REPEAT10_TOTAL_INODE_TREE_NODE_WRITES	0
LIST_EXNEXT_400_ENTRIES_REPEAT10_TOTAL_REFCOUNT_TREE_NODE_WRITES	0
LIST_EXNEXT_400_ENTRIES_REPEAT10_TOTAL_OTHER_TREE_NODE_WRITES	0
LIST_EXNEXT_400_ENTRIES_REPEAT10_TOTAL_NODE_CRC_READ_CALLS	680
LIST_EXNEXT_400_ENTRIES_REPEAT10_TOTAL_NODE_CRC_READ_SAMPLES	10
LIST_EXNEXT_400_ENTRIES_REPEAT10_TOTAL_NODE_CRC_READ_SAMPLE_TICKS	1547
LIST_EXNEXT_400_ENTRIES_REPEAT10_TOTAL_NODE_CRC_WRITE_CALLS	0
LIST_EXNEXT_400_ENTRIES_REPEAT10_TOTAL_NODE_CRC_WRITE_SAMPLES	0
LIST_EXNEXT_400_ENTRIES_REPEAT10_TOTAL_NODE_CRC_WRITE_SAMPLE_TICKS	0
LIST_EXNEXT_400_ENTRIES_REPEAT10_TOTAL_CLOCK_PAIR_TICKS	1
LIST_EXNEXT_400_ENTRIES_REPEAT10_TOTAL_FREE_TREE_RESERVE_RETURN_CALLS	0
LIST_EXNEXT_400_ENTRIES_REPEAT10_TOTAL_FREE_TREE_RESERVE_RETURN_RUNS	0
LIST_EXNEXT_400_ENTRIES_REPEAT10_TOTAL_FREE_TREE_RESERVE_RETURN_BLOCKS	0
LIST_EXNEXT_400_ENTRIES_REPEAT10_TOTAL_FREE_TREE_RESERVE_RETURN_RUNS_1_BLOCK	0
LIST_EXNEXT_400_ENTRIES_REPEAT10_TOTAL_FREE_TREE_RESERVE_RETURN_RUNS_2_3_BLOCKS	0
LIST_EXNEXT_400_ENTRIES_REPEAT10_TOTAL_FREE_TREE_RESERVE_RETURN_RUNS_4_7_BLOCKS	0
LIST_EXNEXT_400_ENTRIES_REPEAT10_TOTAL_FREE_TREE_RESERVE_RETURN_RUNS_8_PLUS_BLOCKS	0
LIST_EXNEXT_400_ENTRIES_REPEAT10_TOTAL_FREE_TREE_RESERVE_RETURN_MAX_RUN_BLOCKS	0
LIST_EXNEXT_400_ENTRIES_REPEAT10_TOTAL_FREE_TREE_RESERVE_RETURN_MAX_NODE_WRITES_PER_RUN	0
LIST_EXNEXT_400_ENTRIES_REPEAT10_TOTAL_POST_PUBLISH_RECLAIM_PASSES	0
LIST_EXNEXT_400_ENTRIES_REPEAT10_TOTAL_MAX_POST_PUBLISH_RECLAIM_PASSES_PER_COMMIT	0
LIST_EXNEXT_400_ENTRIES_REPEAT10_TOTAL_SUPERBLOCK_PUBLICATIONS	0
LIST_EXNEXT_400_ENTRIES_REPEAT10_TOTAL_FREE_TREE_RESERVE_RETURN_RUN_NODE_WRITES	0
LIST_EXNEXT_400_ENTRIES_REPEAT10_TOTAL_FREE_TREE_RESERVE_RETURN_BATCH_CALLS	0
LIST_EXNEXT_400_ENTRIES_REPEAT10_TOTAL_FREE_TREE_RESERVE_RETURN_BATCH_BLOCKS	0
LIST_EXNEXT_400_ENTRIES_REPEAT10_TOTAL_FREE_TREE_RESERVE_RETURN_BATCH_NODE_WRITES	0
LIST_EXNEXT_400_ENTRIES_REPEAT10_TOTAL_FREE_TREE_RESERVE_RETURN_SKIP_SHAPE	0
LIST_EXNEXT_400_ENTRIES_REPEAT10_TOTAL_FREE_TREE_RESERVE_RETURN_SKIP_SMALL	0
LIST_EXNEXT_400_ENTRIES_REPEAT10_TOTAL_FREE_TREE_RESERVE_RETURN_SKIP_EMERGENCY	0
LIST_EXNEXT_400_ENTRIES_REPEAT10_TOTAL_FREE_TREE_RESERVE_RETURN_SKIP_CAPACITY	0
LIST_EXNEXT_400_ENTRIES_REPEAT10_TOTAL_SEALED_COMMITS	0
LIST_EXNEXT_400_ENTRIES_REPEAT10_TOTAL_SEALED_METADATA_FENCES	0
LIST_EXNEXT_400_ENTRIES_REPEAT10_TOTAL_BTREE_MALLOC_CALLS	421
LIST_EXNEXT_400_ENTRIES_REPEAT10_TOTAL_BTREE_MALLOC_SAMPLES	421
LIST_EXNEXT_400_ENTRIES_REPEAT10_TOTAL_BTREE_MALLOC_SAMPLE_TICKS	2696
LIST_EXNEXT_400_ENTRIES_REPEAT10_TOTAL_BTREE_FREE_CALLS	4021
LIST_EXNEXT_400_ENTRIES_REPEAT10_TOTAL_BTREE_FREE_SAMPLES	4021
LIST_EXNEXT_400_ENTRIES_REPEAT10_TOTAL_BTREE_FREE_SAMPLE_TICKS	6981
LIST_EXNEXT_400_ENTRIES_REPEAT10_TOTAL_IFACE_ALLOC_CALLS	0
LIST_EXNEXT_400_ENTRIES_REPEAT10_TOTAL_IFACE_ALLOC_SAMPLES	0
LIST_EXNEXT_400_ENTRIES_REPEAT10_TOTAL_IFACE_ALLOC_SAMPLE_TICKS	0
LIST_EXNEXT_400_ENTRIES_REPEAT10_TOTAL_FREESPACE_ALLOC_SAMPLES	0
LIST_EXNEXT_400_ENTRIES_REPEAT10_TOTAL_FREESPACE_ALLOC_SAMPLE_TICKS	0
LIST_EXNEXT_400_ENTRIES_REPEAT10_TOTAL_PACKET_CALLS	4022
LIST_EXNEXT_400_ENTRIES_REPEAT10_TOTAL_PACKET_SAMPLES	4022
LIST_EXNEXT_400_ENTRIES_REPEAT10_TOTAL_PACKET_SAMPLE_TICKS	429347
LIST_EXNEXT_400_ENTRIES_REPEAT10_TOTAL_PACKET_OPEN_CALLS	0
LIST_EXNEXT_400_ENTRIES_REPEAT10_TOTAL_PACKET_OPEN_SAMPLES	0
LIST_EXNEXT_400_ENTRIES_REPEAT10_TOTAL_PACKET_OPEN_SAMPLE_TICKS	0
LIST_EXNEXT_400_ENTRIES_REPEAT10_TOTAL_PACKET_READ_CALLS	0
LIST_EXNEXT_400_ENTRIES_REPEAT10_TOTAL_PACKET_READ_SAMPLES	0
LIST_EXNEXT_400_ENTRIES_REPEAT10_TOTAL_PACKET_READ_SAMPLE_TICKS	0
LIST_EXNEXT_400_ENTRIES_REPEAT10_TOTAL_PACKET_WRITE_CALLS	0
LIST_EXNEXT_400_ENTRIES_REPEAT10_TOTAL_PACKET_WRITE_SAMPLES	0
LIST_EXNEXT_400_ENTRIES_REPEAT10_TOTAL_PACKET_WRITE_SAMPLE_TICKS	0
LIST_EXNEXT_400_ENTRIES_REPEAT10_TOTAL_PACKET_END_CALLS	0
LIST_EXNEXT_400_ENTRIES_REPEAT10_TOTAL_PACKET_END_SAMPLES	0
LIST_EXNEXT_400_ENTRIES_REPEAT10_TOTAL_PACKET_END_SAMPLE_TICKS	0
LIST_EXNEXT_400_ENTRIES_REPEAT10_TOTAL_PACKET_DELETE_CALLS	0
LIST_EXNEXT_400_ENTRIES_REPEAT10_TOTAL_PACKET_DELETE_SAMPLES	0
LIST_EXNEXT_400_ENTRIES_REPEAT10_TOTAL_PACKET_DELETE_SAMPLE_TICKS	0
LIST_EXNEXT_400_ENTRIES_REPEAT10_TOTAL_PACKET_FLUSH_CALLS	0
LIST_EXNEXT_400_ENTRIES_REPEAT10_TOTAL_PACKET_FLUSH_SAMPLES	0
LIST_EXNEXT_400_ENTRIES_REPEAT10_TOTAL_PACKET_FLUSH_SAMPLE_TICKS	0
LIST_EXNEXT_400_ENTRIES_REPEAT10_TOTAL_PACKET_OTHER_CALLS	4022
LIST_EXNEXT_400_ENTRIES_REPEAT10_TOTAL_PACKET_OTHER_SAMPLES	4022
LIST_EXNEXT_400_ENTRIES_REPEAT10_TOTAL_PACKET_OTHER_SAMPLE_TICKS	429347
LIST_EXNEXT_400_ENTRIES_REPEAT10_TOTAL_CORE_CREATE_CALLS	0
LIST_EXNEXT_400_ENTRIES_REPEAT10_TOTAL_CORE_CREATE_SAMPLES	0
LIST_EXNEXT_400_ENTRIES_REPEAT10_TOTAL_CORE_CREATE_SAMPLE_TICKS	0
LIST_EXNEXT_400_ENTRIES_REPEAT10_TOTAL_CORE_DELETE_CALLS	0
LIST_EXNEXT_400_ENTRIES_REPEAT10_TOTAL_CORE_DELETE_SAMPLES	0
LIST_EXNEXT_400_ENTRIES_REPEAT10_TOTAL_CORE_DELETE_SAMPLE_TICKS	0
LIST_EXNEXT_400_ENTRIES_REPEAT10_TOTAL_CORE_FILE_WRITE_CALLS	0
LIST_EXNEXT_400_ENTRIES_REPEAT10_TOTAL_CORE_FILE_WRITE_SAMPLES	0
LIST_EXNEXT_400_ENTRIES_REPEAT10_TOTAL_CORE_FILE_WRITE_SAMPLE_TICKS	0
LIST_EXNEXT_400_ENTRIES_REPEAT10_TOTAL_CORE_SYNC_CALLS	0
LIST_EXNEXT_400_ENTRIES_REPEAT10_TOTAL_CORE_SYNC_SAMPLES	0
LIST_EXNEXT_400_ENTRIES_REPEAT10_TOTAL_CORE_SYNC_SAMPLE_TICKS	0
LIST_EXNEXT_400_ENTRIES_REPEAT10_TOTAL_IFACE_FREE_CALLS	0
LIST_EXNEXT_400_ENTRIES_REPEAT10_TOTAL_IFACE_FREE_SAMPLES	0
LIST_EXNEXT_400_ENTRIES_REPEAT10_TOTAL_IFACE_FREE_SAMPLE_TICKS	0
LIST_EXNEXT_400_ENTRIES_REPEAT10_TOTAL_SEAL_COMMIT_CALLS	0
LIST_EXNEXT_400_ENTRIES_REPEAT10_TOTAL_SEAL_COMMIT_SAMPLES	0
LIST_EXNEXT_400_ENTRIES_REPEAT10_TOTAL_SEAL_COMMIT_SAMPLE_TICKS	0
LIST_EXNEXT_400_ENTRIES_REPEAT10_TOTAL_INODE_READ_CALLS	4010
LIST_EXNEXT_400_ENTRIES_REPEAT10_TOTAL_BTREE_SEARCH_CALLS	4011
LIST_EXNEXT_400_ENTRIES_REPEAT10_TOTAL_BTREE_INDEX_HINT_HITS	0
LIST_EXNEXT_400_ENTRIES_REPEAT10_TOTAL_BTREE_LEAF_HINT_HITS	3830
LIST_EXNEXT_400_ENTRIES_REPEAT10_TOTAL_CACHE_READ_CALLS	680
LIST_EXNEXT_400_ENTRIES_REPEAT10_TOTAL_CACHE_READ_HITS	0
LIST_EXNEXT_400_ENTRIES_REPEAT10_TOTAL_CACHE_READ_MISSES	680
LIST_EXNEXT_400_ENTRIES_REPEAT10_TOTAL_FREE_TREE_NODE_VIEWS	0
LIST_EXNEXT_400_ENTRIES_REPEAT10_TOTAL_FREE_TREE_RESIDENT_VIEWS	0
LIST_EXNEXT_400_ENTRIES_REPEAT10_TOTAL_DIR_TREE_NODE_VIEWS	2644
LIST_EXNEXT_400_ENTRIES_REPEAT10_TOTAL_DIR_TREE_RESIDENT_VIEWS	2144
LIST_EXNEXT_400_ENTRIES_REPEAT10_TOTAL_INODE_TREE_NODE_VIEWS	360
LIST_EXNEXT_400_ENTRIES_REPEAT10_TOTAL_INODE_TREE_RESIDENT_VIEWS	180
LIST_EXNEXT_400_ENTRIES_REPEAT10_TOTAL_REFCOUNT_TREE_NODE_VIEWS	0
LIST_EXNEXT_400_ENTRIES_REPEAT10_TOTAL_REFCOUNT_TREE_RESIDENT_VIEWS	0
LIST_EXNEXT_400_ENTRIES_REPEAT10_TOTAL_OTHER_TREE_NODE_VIEWS	0
LIST_EXNEXT_400_ENTRIES_REPEAT10_TOTAL_OTHER_TREE_RESIDENT_VIEWS	0
LIST_EXNEXT_400_ENTRIES_REPEAT10_TOTAL_DIR_TREE_LEAF_NODE_VIEWS	851
LIST_EXNEXT_400_ENTRIES_REPEAT10_TOTAL_DIR_TREE_LEAF_RESIDENT_VIEWS	411
LIST_EXNEXT_400_ENTRIES_REPEAT10_TOTAL_DIR_TREE_INTERNAL_NODE_VIEWS	1793
LIST_EXNEXT_400_ENTRIES_REPEAT10_TOTAL_DIR_TREE_INTERNAL_RESIDENT_VIEWS	1733
LIST_EXNEXT_400_ENTRIES_REPEAT10_TOTAL_INODE_TREE_LEAF_NODE_VIEWS	180
LIST_EXNEXT_400_ENTRIES_REPEAT10_TOTAL_INODE_TREE_LEAF_RESIDENT_VIEWS	0
LIST_EXNEXT_400_ENTRIES_REPEAT10_TOTAL_INODE_TREE_INTERNAL_NODE_VIEWS	180
LIST_EXNEXT_400_ENTRIES_REPEAT10_TOTAL_INODE_TREE_INTERNAL_RESIDENT_VIEWS	180
LIST_EXNEXT_400_ENTRIES_REPEAT10_TOTAL_DETAIL_INODE_READ_CALLS	4010
LIST_EXNEXT_400_ENTRIES_REPEAT10_TOTAL_DETAIL_INODE_READ_SAMPLES	235
LIST_EXNEXT_400_ENTRIES_REPEAT10_TOTAL_DETAIL_INODE_READ_SAMPLE_TICKS	8649
LIST_EXNEXT_400_ENTRIES_REPEAT10_TOTAL_DETAIL_INODE_VALIDATE_CALLS	4010
LIST_EXNEXT_400_ENTRIES_REPEAT10_TOTAL_DETAIL_INODE_VALIDATE_SAMPLES	235
LIST_EXNEXT_400_ENTRIES_REPEAT10_TOTAL_DETAIL_INODE_VALIDATE_SAMPLE_TICKS	632
LIST_EXNEXT_400_ENTRIES_REPEAT10_TOTAL_DETAIL_INODE_SEARCH_CALLS	4010
LIST_EXNEXT_400_ENTRIES_REPEAT10_TOTAL_DETAIL_INODE_SEARCH_SAMPLES	235
LIST_EXNEXT_400_ENTRIES_REPEAT10_TOTAL_DETAIL_INODE_SEARCH_SAMPLE_TICKS	6186
LIST_EXNEXT_400_ENTRIES_REPEAT10_TOTAL_DETAIL_INODE_NODE_VIEW_CALLS	360
LIST_EXNEXT_400_ENTRIES_REPEAT10_TOTAL_DETAIL_INODE_NODE_VIEW_SAMPLES	21
LIST_EXNEXT_400_ENTRIES_REPEAT10_TOTAL_DETAIL_INODE_NODE_VIEW_SAMPLE_TICKS	2168
LIST_EXNEXT_400_ENTRIES_REPEAT10_TOTAL_DETAIL_DIR_NODE_VIEW_CALLS	2644
LIST_EXNEXT_400_ENTRIES_REPEAT10_TOTAL_DETAIL_DIR_NODE_VIEW_SAMPLES	155
LIST_EXNEXT_400_ENTRIES_REPEAT10_TOTAL_DETAIL_DIR_NODE_VIEW_SAMPLE_TICKS	9831
LIST_EXNEXT_400_ENTRIES_REPEAT10_TOTAL_DETAIL_INODE_BINARY_SEARCH_CALLS	360
LIST_EXNEXT_400_ENTRIES_REPEAT10_TOTAL_DETAIL_INODE_BINARY_SEARCH_SAMPLES	21
LIST_EXNEXT_400_ENTRIES_REPEAT10_TOTAL_DETAIL_INODE_BINARY_SEARCH_SAMPLE_TICKS	138
LIST_EXNEXT_400_ENTRIES_REPEAT10_TOTAL_DETAIL_DIR_BINARY_SEARCH_CALLS	1724
LIST_EXNEXT_400_ENTRIES_REPEAT10_TOTAL_DETAIL_DIR_BINARY_SEARCH_SAMPLES	101
LIST_EXNEXT_400_ENTRIES_REPEAT10_TOTAL_DETAIL_DIR_BINARY_SEARCH_SAMPLE_TICKS	300
LIST_EXNEXT_400_ENTRIES_REPEAT10_TOTAL_DETAIL_NODE_STRUCTURE_CALLS	680
LIST_EXNEXT_400_ENTRIES_REPEAT10_TOTAL_DETAIL_NODE_STRUCTURE_SAMPLES	40
LIST_EXNEXT_400_ENTRIES_REPEAT10_TOTAL_DETAIL_NODE_STRUCTURE_SAMPLE_TICKS	834
LIST_EXNEXT_400_ENTRIES_REPEAT10_TOTAL_DETAIL_CACHE_PEEK_CALLS	7195
LIST_EXNEXT_400_ENTRIES_REPEAT10_TOTAL_DETAIL_CACHE_PEEK_SAMPLES	423
LIST_EXNEXT_400_ENTRIES_REPEAT10_TOTAL_DETAIL_CACHE_PEEK_SAMPLE_TICKS	1252
LIST_EXNEXT_400_ENTRIES_REPEAT10_TOTAL_DETAIL_BUFFER_ALLOC_CALLS	4201
LIST_EXNEXT_400_ENTRIES_REPEAT10_TOTAL_DETAIL_BUFFER_ALLOC_SAMPLES	247
LIST_EXNEXT_400_ENTRIES_REPEAT10_TOTAL_DETAIL_BUFFER_ALLOC_SAMPLE_TICKS	780
LIST_EXNEXT_400_ENTRIES_REPEAT10_TOTAL_DETAIL_BUFFER_FREE_CALLS	4201
LIST_EXNEXT_400_ENTRIES_REPEAT10_TOTAL_DETAIL_BUFFER_FREE_SAMPLES	247
LIST_EXNEXT_400_ENTRIES_REPEAT10_TOTAL_DETAIL_BUFFER_FREE_SAMPLE_TICKS	775
LIST_EXNEXT_400_ENTRIES_REPEAT10_TOTAL_DETAIL_EXALL_FILL_CALLS	0
LIST_EXNEXT_400_ENTRIES_REPEAT10_TOTAL_DETAIL_EXALL_FILL_SAMPLES	0
LIST_EXNEXT_400_ENTRIES_REPEAT10_TOTAL_DETAIL_EXALL_FILL_SAMPLE_TICKS	0
LIST_EXNEXT_400_ENTRIES_REPEAT10_TOTAL_DEFERRED_NODE_WRITES	0
LIST_EXALL_400_ENTRIES_FIRST_PASS_US	43903
LIST_EXALL_400_ENTRIES_FIRST_PASS_BIO_READS	70
LIST_EXALL_400_ENTRIES_FIRST_PASS_BIO_WRITES	0
LIST_EXALL_400_ENTRIES_FIRST_PASS_BIO_UPDATES	0
LIST_EXALL_400_ENTRIES_FIRST_PASS_DATA_READS	0
LIST_EXALL_400_ENTRIES_FIRST_PASS_DATA_WRITES	0
LIST_EXALL_400_ENTRIES_FIRST_PASS_NODE_WRITES	0
LIST_EXALL_400_ENTRIES_FIRST_PASS_TXN_COMMITS	0
LIST_EXALL_400_ENTRIES_FIRST_PASS_FREESPACE_ALLOCS	0
LIST_EXALL_400_ENTRIES_FIRST_PASS_EXTENT_MAPS	0
LIST_EXALL_400_ENTRIES_FIRST_PASS_READ_TICKS	4638
LIST_EXALL_400_ENTRIES_FIRST_PASS_WRITE_TICKS	0
LIST_EXALL_400_ENTRIES_FIRST_PASS_UPDATE_TICKS	0
LIST_EXALL_400_ENTRIES_FIRST_PASS_DATA_READ_TICKS	0
LIST_EXALL_400_ENTRIES_FIRST_PASS_DATA_WRITE_TICKS	0
LIST_EXALL_400_ENTRIES_FIRST_PASS_FREE_TREE_NODE_WRITES	0
LIST_EXALL_400_ENTRIES_FIRST_PASS_FREE_TREE_ALLOCATION_BODY_NODE_WRITES	0
LIST_EXALL_400_ENTRIES_FIRST_PASS_FREE_TREE_RESERVE_REFILL_NODE_WRITES	0
LIST_EXALL_400_ENTRIES_FIRST_PASS_FREE_TREE_RESERVE_RETURN_NODE_WRITES	0
LIST_EXALL_400_ENTRIES_FIRST_PASS_FREE_TREE_POST_PUBLISH_PENDING_RECLAIM_NODE_WRITES	0
LIST_EXALL_400_ENTRIES_FIRST_PASS_FREE_TREE_OTHER_NODE_WRITES	0
LIST_EXALL_400_ENTRIES_FIRST_PASS_DIR_TREE_NODE_WRITES	0
LIST_EXALL_400_ENTRIES_FIRST_PASS_INODE_TREE_NODE_WRITES	0
LIST_EXALL_400_ENTRIES_FIRST_PASS_REFCOUNT_TREE_NODE_WRITES	0
LIST_EXALL_400_ENTRIES_FIRST_PASS_OTHER_TREE_NODE_WRITES	0
LIST_EXALL_400_ENTRIES_FIRST_PASS_NODE_CRC_READ_CALLS	70
LIST_EXALL_400_ENTRIES_FIRST_PASS_NODE_CRC_READ_SAMPLES	1
LIST_EXALL_400_ENTRIES_FIRST_PASS_NODE_CRC_READ_SAMPLE_TICKS	136
LIST_EXALL_400_ENTRIES_FIRST_PASS_NODE_CRC_WRITE_CALLS	0
LIST_EXALL_400_ENTRIES_FIRST_PASS_NODE_CRC_WRITE_SAMPLES	0
LIST_EXALL_400_ENTRIES_FIRST_PASS_NODE_CRC_WRITE_SAMPLE_TICKS	0
LIST_EXALL_400_ENTRIES_FIRST_PASS_CLOCK_PAIR_TICKS	1
LIST_EXALL_400_ENTRIES_FIRST_PASS_FREE_TREE_RESERVE_RETURN_CALLS	0
LIST_EXALL_400_ENTRIES_FIRST_PASS_FREE_TREE_RESERVE_RETURN_RUNS	0
LIST_EXALL_400_ENTRIES_FIRST_PASS_FREE_TREE_RESERVE_RETURN_BLOCKS	0
LIST_EXALL_400_ENTRIES_FIRST_PASS_FREE_TREE_RESERVE_RETURN_RUNS_1_BLOCK	0
LIST_EXALL_400_ENTRIES_FIRST_PASS_FREE_TREE_RESERVE_RETURN_RUNS_2_3_BLOCKS	0
LIST_EXALL_400_ENTRIES_FIRST_PASS_FREE_TREE_RESERVE_RETURN_RUNS_4_7_BLOCKS	0
LIST_EXALL_400_ENTRIES_FIRST_PASS_FREE_TREE_RESERVE_RETURN_RUNS_8_PLUS_BLOCKS	0
LIST_EXALL_400_ENTRIES_FIRST_PASS_FREE_TREE_RESERVE_RETURN_MAX_RUN_BLOCKS	0
LIST_EXALL_400_ENTRIES_FIRST_PASS_FREE_TREE_RESERVE_RETURN_MAX_NODE_WRITES_PER_RUN	0
LIST_EXALL_400_ENTRIES_FIRST_PASS_POST_PUBLISH_RECLAIM_PASSES	0
LIST_EXALL_400_ENTRIES_FIRST_PASS_MAX_POST_PUBLISH_RECLAIM_PASSES_PER_COMMIT	0
LIST_EXALL_400_ENTRIES_FIRST_PASS_SUPERBLOCK_PUBLICATIONS	0
LIST_EXALL_400_ENTRIES_FIRST_PASS_FREE_TREE_RESERVE_RETURN_RUN_NODE_WRITES	0
LIST_EXALL_400_ENTRIES_FIRST_PASS_FREE_TREE_RESERVE_RETURN_BATCH_CALLS	0
LIST_EXALL_400_ENTRIES_FIRST_PASS_FREE_TREE_RESERVE_RETURN_BATCH_BLOCKS	0
LIST_EXALL_400_ENTRIES_FIRST_PASS_FREE_TREE_RESERVE_RETURN_BATCH_NODE_WRITES	0
LIST_EXALL_400_ENTRIES_FIRST_PASS_FREE_TREE_RESERVE_RETURN_SKIP_SHAPE	0
LIST_EXALL_400_ENTRIES_FIRST_PASS_FREE_TREE_RESERVE_RETURN_SKIP_SMALL	0
LIST_EXALL_400_ENTRIES_FIRST_PASS_FREE_TREE_RESERVE_RETURN_SKIP_EMERGENCY	0
LIST_EXALL_400_ENTRIES_FIRST_PASS_FREE_TREE_RESERVE_RETURN_SKIP_CAPACITY	0
LIST_EXALL_400_ENTRIES_FIRST_PASS_SEALED_COMMITS	0
LIST_EXALL_400_ENTRIES_FIRST_PASS_SEALED_METADATA_FENCES	0
LIST_EXALL_400_ENTRIES_FIRST_PASS_BTREE_MALLOC_CALLS	6
LIST_EXALL_400_ENTRIES_FIRST_PASS_BTREE_MALLOC_SAMPLES	6
LIST_EXALL_400_ENTRIES_FIRST_PASS_BTREE_MALLOC_SAMPLE_TICKS	112
LIST_EXALL_400_ENTRIES_FIRST_PASS_BTREE_FREE_CALLS	6
LIST_EXALL_400_ENTRIES_FIRST_PASS_BTREE_FREE_SAMPLES	6
LIST_EXALL_400_ENTRIES_FIRST_PASS_BTREE_FREE_SAMPLE_TICKS	45
LIST_EXALL_400_ENTRIES_FIRST_PASS_IFACE_ALLOC_CALLS	0
LIST_EXALL_400_ENTRIES_FIRST_PASS_IFACE_ALLOC_SAMPLES	0
LIST_EXALL_400_ENTRIES_FIRST_PASS_IFACE_ALLOC_SAMPLE_TICKS	0
LIST_EXALL_400_ENTRIES_FIRST_PASS_FREESPACE_ALLOC_SAMPLES	0
LIST_EXALL_400_ENTRIES_FIRST_PASS_FREESPACE_ALLOC_SAMPLE_TICKS	0
LIST_EXALL_400_ENTRIES_FIRST_PASS_PACKET_CALLS	7
LIST_EXALL_400_ENTRIES_FIRST_PASS_PACKET_SAMPLES	7
LIST_EXALL_400_ENTRIES_FIRST_PASS_PACKET_SAMPLE_TICKS	30690
LIST_EXALL_400_ENTRIES_FIRST_PASS_PACKET_OPEN_CALLS	0
LIST_EXALL_400_ENTRIES_FIRST_PASS_PACKET_OPEN_SAMPLES	0
LIST_EXALL_400_ENTRIES_FIRST_PASS_PACKET_OPEN_SAMPLE_TICKS	0
LIST_EXALL_400_ENTRIES_FIRST_PASS_PACKET_READ_CALLS	0
LIST_EXALL_400_ENTRIES_FIRST_PASS_PACKET_READ_SAMPLES	0
LIST_EXALL_400_ENTRIES_FIRST_PASS_PACKET_READ_SAMPLE_TICKS	0
LIST_EXALL_400_ENTRIES_FIRST_PASS_PACKET_WRITE_CALLS	0
LIST_EXALL_400_ENTRIES_FIRST_PASS_PACKET_WRITE_SAMPLES	0
LIST_EXALL_400_ENTRIES_FIRST_PASS_PACKET_WRITE_SAMPLE_TICKS	0
LIST_EXALL_400_ENTRIES_FIRST_PASS_PACKET_END_CALLS	0
LIST_EXALL_400_ENTRIES_FIRST_PASS_PACKET_END_SAMPLES	0
LIST_EXALL_400_ENTRIES_FIRST_PASS_PACKET_END_SAMPLE_TICKS	0
LIST_EXALL_400_ENTRIES_FIRST_PASS_PACKET_DELETE_CALLS	0
LIST_EXALL_400_ENTRIES_FIRST_PASS_PACKET_DELETE_SAMPLES	0
LIST_EXALL_400_ENTRIES_FIRST_PASS_PACKET_DELETE_SAMPLE_TICKS	0
LIST_EXALL_400_ENTRIES_FIRST_PASS_PACKET_FLUSH_CALLS	0
LIST_EXALL_400_ENTRIES_FIRST_PASS_PACKET_FLUSH_SAMPLES	0
LIST_EXALL_400_ENTRIES_FIRST_PASS_PACKET_FLUSH_SAMPLE_TICKS	0
LIST_EXALL_400_ENTRIES_FIRST_PASS_PACKET_OTHER_CALLS	7
LIST_EXALL_400_ENTRIES_FIRST_PASS_PACKET_OTHER_SAMPLES	7
LIST_EXALL_400_ENTRIES_FIRST_PASS_PACKET_OTHER_SAMPLE_TICKS	30690
LIST_EXALL_400_ENTRIES_FIRST_PASS_CORE_CREATE_CALLS	0
LIST_EXALL_400_ENTRIES_FIRST_PASS_CORE_CREATE_SAMPLES	0
LIST_EXALL_400_ENTRIES_FIRST_PASS_CORE_CREATE_SAMPLE_TICKS	0
LIST_EXALL_400_ENTRIES_FIRST_PASS_CORE_DELETE_CALLS	0
LIST_EXALL_400_ENTRIES_FIRST_PASS_CORE_DELETE_SAMPLES	0
LIST_EXALL_400_ENTRIES_FIRST_PASS_CORE_DELETE_SAMPLE_TICKS	0
LIST_EXALL_400_ENTRIES_FIRST_PASS_CORE_FILE_WRITE_CALLS	0
LIST_EXALL_400_ENTRIES_FIRST_PASS_CORE_FILE_WRITE_SAMPLES	0
LIST_EXALL_400_ENTRIES_FIRST_PASS_CORE_FILE_WRITE_SAMPLE_TICKS	0
LIST_EXALL_400_ENTRIES_FIRST_PASS_CORE_SYNC_CALLS	0
LIST_EXALL_400_ENTRIES_FIRST_PASS_CORE_SYNC_SAMPLES	0
LIST_EXALL_400_ENTRIES_FIRST_PASS_CORE_SYNC_SAMPLE_TICKS	0
LIST_EXALL_400_ENTRIES_FIRST_PASS_IFACE_FREE_CALLS	0
LIST_EXALL_400_ENTRIES_FIRST_PASS_IFACE_FREE_SAMPLES	0
LIST_EXALL_400_ENTRIES_FIRST_PASS_IFACE_FREE_SAMPLE_TICKS	0
LIST_EXALL_400_ENTRIES_FIRST_PASS_SEAL_COMMIT_CALLS	0
LIST_EXALL_400_ENTRIES_FIRST_PASS_SEAL_COMMIT_SAMPLES	0
LIST_EXALL_400_ENTRIES_FIRST_PASS_SEAL_COMMIT_SAMPLE_TICKS	0
LIST_EXALL_400_ENTRIES_FIRST_PASS_INODE_READ_CALLS	404
LIST_EXALL_400_ENTRIES_FIRST_PASS_BTREE_SEARCH_CALLS	405
LIST_EXALL_400_ENTRIES_FIRST_PASS_BTREE_INDEX_HINT_HITS	4
LIST_EXALL_400_ENTRIES_FIRST_PASS_BTREE_LEAF_HINT_HITS	380
LIST_EXALL_400_ENTRIES_FIRST_PASS_CACHE_READ_CALLS	70
LIST_EXALL_400_ENTRIES_FIRST_PASS_CACHE_READ_HITS	0
LIST_EXALL_400_ENTRIES_FIRST_PASS_CACHE_READ_MISSES	70
LIST_EXALL_400_ENTRIES_FIRST_PASS_FREE_TREE_NODE_VIEWS	0
LIST_EXALL_400_ENTRIES_FIRST_PASS_FREE_TREE_RESIDENT_VIEWS	0
LIST_EXALL_400_ENTRIES_FIRST_PASS_DIR_TREE_NODE_VIEWS	122
LIST_EXALL_400_ENTRIES_FIRST_PASS_DIR_TREE_RESIDENT_VIEWS	72
LIST_EXALL_400_ENTRIES_FIRST_PASS_INODE_TREE_NODE_VIEWS	40
LIST_EXALL_400_ENTRIES_FIRST_PASS_INODE_TREE_RESIDENT_VIEWS	20
LIST_EXALL_400_ENTRIES_FIRST_PASS_REFCOUNT_TREE_NODE_VIEWS	0
LIST_EXALL_400_ENTRIES_FIRST_PASS_REFCOUNT_TREE_RESIDENT_VIEWS	0
LIST_EXALL_400_ENTRIES_FIRST_PASS_OTHER_TREE_NODE_VIEWS	0
LIST_EXALL_400_ENTRIES_FIRST_PASS_OTHER_TREE_RESIDENT_VIEWS	0
LIST_EXALL_400_ENTRIES_FIRST_PASS_DIR_TREE_LEAF_NODE_VIEWS	50
LIST_EXALL_400_ENTRIES_FIRST_PASS_DIR_TREE_LEAF_RESIDENT_VIEWS	6
LIST_EXALL_400_ENTRIES_FIRST_PASS_DIR_TREE_INTERNAL_NODE_VIEWS	72
LIST_EXALL_400_ENTRIES_FIRST_PASS_DIR_TREE_INTERNAL_RESIDENT_VIEWS	66
LIST_EXALL_400_ENTRIES_FIRST_PASS_INODE_TREE_LEAF_NODE_VIEWS	20
LIST_EXALL_400_ENTRIES_FIRST_PASS_INODE_TREE_LEAF_RESIDENT_VIEWS	0
LIST_EXALL_400_ENTRIES_FIRST_PASS_INODE_TREE_INTERNAL_NODE_VIEWS	20
LIST_EXALL_400_ENTRIES_FIRST_PASS_INODE_TREE_INTERNAL_RESIDENT_VIEWS	20
LIST_EXALL_400_ENTRIES_FIRST_PASS_DETAIL_INODE_READ_CALLS	404
LIST_EXALL_400_ENTRIES_FIRST_PASS_DETAIL_INODE_READ_SAMPLES	23
LIST_EXALL_400_ENTRIES_FIRST_PASS_DETAIL_INODE_READ_SAMPLE_TICKS	365
LIST_EXALL_400_ENTRIES_FIRST_PASS_DETAIL_INODE_VALIDATE_CALLS	404
LIST_EXALL_400_ENTRIES_FIRST_PASS_DETAIL_INODE_VALIDATE_SAMPLES	23
LIST_EXALL_400_ENTRIES_FIRST_PASS_DETAIL_INODE_VALIDATE_SAMPLE_TICKS	9
LIST_EXALL_400_ENTRIES_FIRST_PASS_DETAIL_INODE_SEARCH_CALLS	404
LIST_EXALL_400_ENTRIES_FIRST_PASS_DETAIL_INODE_SEARCH_SAMPLES	23
LIST_EXALL_400_ENTRIES_FIRST_PASS_DETAIL_INODE_SEARCH_SAMPLE_TICKS	159
LIST_EXALL_400_ENTRIES_FIRST_PASS_DETAIL_INODE_NODE_VIEW_CALLS	40
LIST_EXALL_400_ENTRIES_FIRST_PASS_DETAIL_INODE_NODE_VIEW_SAMPLES	2
LIST_EXALL_400_ENTRIES_FIRST_PASS_DETAIL_INODE_NODE_VIEW_SAMPLE_TICKS	200
LIST_EXALL_400_ENTRIES_FIRST_PASS_DETAIL_DIR_NODE_VIEW_CALLS	122
LIST_EXALL_400_ENTRIES_FIRST_PASS_DETAIL_DIR_NODE_VIEW_SAMPLES	7
LIST_EXALL_400_ENTRIES_FIRST_PASS_DETAIL_DIR_NODE_VIEW_SAMPLE_TICKS	591
LIST_EXALL_400_ENTRIES_FIRST_PASS_DETAIL_INODE_BINARY_SEARCH_CALLS	40
LIST_EXALL_400_ENTRIES_FIRST_PASS_DETAIL_INODE_BINARY_SEARCH_SAMPLES	2
LIST_EXALL_400_ENTRIES_FIRST_PASS_DETAIL_INODE_BINARY_SEARCH_SAMPLE_TICKS	0
LIST_EXALL_400_ENTRIES_FIRST_PASS_DETAIL_DIR_BINARY_SEARCH_CALLS	27
LIST_EXALL_400_ENTRIES_FIRST_PASS_DETAIL_DIR_BINARY_SEARCH_SAMPLES	1
LIST_EXALL_400_ENTRIES_FIRST_PASS_DETAIL_DIR_BINARY_SEARCH_SAMPLE_TICKS	0
LIST_EXALL_400_ENTRIES_FIRST_PASS_DETAIL_NODE_STRUCTURE_CALLS	70
LIST_EXALL_400_ENTRIES_FIRST_PASS_DETAIL_NODE_STRUCTURE_SAMPLES	4
LIST_EXALL_400_ENTRIES_FIRST_PASS_DETAIL_NODE_STRUCTURE_SAMPLE_TICKS	0
LIST_EXALL_400_ENTRIES_FIRST_PASS_DETAIL_CACHE_PEEK_CALLS	575
LIST_EXALL_400_ENTRIES_FIRST_PASS_DETAIL_CACHE_PEEK_SAMPLES	33
LIST_EXALL_400_ENTRIES_FIRST_PASS_DETAIL_CACHE_PEEK_SAMPLE_TICKS	75
LIST_EXALL_400_ENTRIES_FIRST_PASS_DETAIL_BUFFER_ALLOC_CALLS	26
LIST_EXALL_400_ENTRIES_FIRST_PASS_DETAIL_BUFFER_ALLOC_SAMPLES	1
LIST_EXALL_400_ENTRIES_FIRST_PASS_DETAIL_BUFFER_ALLOC_SAMPLE_TICKS	0
LIST_EXALL_400_ENTRIES_FIRST_PASS_DETAIL_BUFFER_FREE_CALLS	26
LIST_EXALL_400_ENTRIES_FIRST_PASS_DETAIL_BUFFER_FREE_SAMPLES	1
LIST_EXALL_400_ENTRIES_FIRST_PASS_DETAIL_BUFFER_FREE_SAMPLE_TICKS	44
LIST_EXALL_400_ENTRIES_FIRST_PASS_DETAIL_EXALL_FILL_CALLS	405
LIST_EXALL_400_ENTRIES_FIRST_PASS_DETAIL_EXALL_FILL_SAMPLES	23
LIST_EXALL_400_ENTRIES_FIRST_PASS_DETAIL_EXALL_FILL_SAMPLE_TICKS	931
LIST_EXALL_400_ENTRIES_FIRST_PASS_DEFERRED_NODE_WRITES	0
LIST_EXALL_400_ENTRIES_REPEAT10_TOTAL_US	420158
LIST_EXALL_400_ENTRIES_REPEAT10_TOTAL_BIO_READS	692
LIST_EXALL_400_ENTRIES_REPEAT10_TOTAL_BIO_WRITES	0
LIST_EXALL_400_ENTRIES_REPEAT10_TOTAL_BIO_UPDATES	0
LIST_EXALL_400_ENTRIES_REPEAT10_TOTAL_DATA_READS	0
LIST_EXALL_400_ENTRIES_REPEAT10_TOTAL_DATA_WRITES	0
LIST_EXALL_400_ENTRIES_REPEAT10_TOTAL_NODE_WRITES	0
LIST_EXALL_400_ENTRIES_REPEAT10_TOTAL_TXN_COMMITS	0
LIST_EXALL_400_ENTRIES_REPEAT10_TOTAL_FREESPACE_ALLOCS	0
LIST_EXALL_400_ENTRIES_REPEAT10_TOTAL_EXTENT_MAPS	0
LIST_EXALL_400_ENTRIES_REPEAT10_TOTAL_READ_TICKS	42443
LIST_EXALL_400_ENTRIES_REPEAT10_TOTAL_WRITE_TICKS	0
LIST_EXALL_400_ENTRIES_REPEAT10_TOTAL_UPDATE_TICKS	0
LIST_EXALL_400_ENTRIES_REPEAT10_TOTAL_DATA_READ_TICKS	0
LIST_EXALL_400_ENTRIES_REPEAT10_TOTAL_DATA_WRITE_TICKS	0
LIST_EXALL_400_ENTRIES_REPEAT10_TOTAL_FREE_TREE_NODE_WRITES	0
LIST_EXALL_400_ENTRIES_REPEAT10_TOTAL_FREE_TREE_ALLOCATION_BODY_NODE_WRITES	0
LIST_EXALL_400_ENTRIES_REPEAT10_TOTAL_FREE_TREE_RESERVE_REFILL_NODE_WRITES	0
LIST_EXALL_400_ENTRIES_REPEAT10_TOTAL_FREE_TREE_RESERVE_RETURN_NODE_WRITES	0
LIST_EXALL_400_ENTRIES_REPEAT10_TOTAL_FREE_TREE_POST_PUBLISH_PENDING_RECLAIM_NODE_WRITES	0
LIST_EXALL_400_ENTRIES_REPEAT10_TOTAL_FREE_TREE_OTHER_NODE_WRITES	0
LIST_EXALL_400_ENTRIES_REPEAT10_TOTAL_DIR_TREE_NODE_WRITES	0
LIST_EXALL_400_ENTRIES_REPEAT10_TOTAL_INODE_TREE_NODE_WRITES	0
LIST_EXALL_400_ENTRIES_REPEAT10_TOTAL_REFCOUNT_TREE_NODE_WRITES	0
LIST_EXALL_400_ENTRIES_REPEAT10_TOTAL_OTHER_TREE_NODE_WRITES	0
LIST_EXALL_400_ENTRIES_REPEAT10_TOTAL_NODE_CRC_READ_CALLS	692
LIST_EXALL_400_ENTRIES_REPEAT10_TOTAL_NODE_CRC_READ_SAMPLES	10
LIST_EXALL_400_ENTRIES_REPEAT10_TOTAL_NODE_CRC_READ_SAMPLE_TICKS	1543
LIST_EXALL_400_ENTRIES_REPEAT10_TOTAL_NODE_CRC_WRITE_CALLS	0
LIST_EXALL_400_ENTRIES_REPEAT10_TOTAL_NODE_CRC_WRITE_SAMPLES	0
LIST_EXALL_400_ENTRIES_REPEAT10_TOTAL_NODE_CRC_WRITE_SAMPLE_TICKS	0
LIST_EXALL_400_ENTRIES_REPEAT10_TOTAL_CLOCK_PAIR_TICKS	0
LIST_EXALL_400_ENTRIES_REPEAT10_TOTAL_FREE_TREE_RESERVE_RETURN_CALLS	0
LIST_EXALL_400_ENTRIES_REPEAT10_TOTAL_FREE_TREE_RESERVE_RETURN_RUNS	0
LIST_EXALL_400_ENTRIES_REPEAT10_TOTAL_FREE_TREE_RESERVE_RETURN_BLOCKS	0
LIST_EXALL_400_ENTRIES_REPEAT10_TOTAL_FREE_TREE_RESERVE_RETURN_RUNS_1_BLOCK	0
LIST_EXALL_400_ENTRIES_REPEAT10_TOTAL_FREE_TREE_RESERVE_RETURN_RUNS_2_3_BLOCKS	0
LIST_EXALL_400_ENTRIES_REPEAT10_TOTAL_FREE_TREE_RESERVE_RETURN_RUNS_4_7_BLOCKS	0
LIST_EXALL_400_ENTRIES_REPEAT10_TOTAL_FREE_TREE_RESERVE_RETURN_RUNS_8_PLUS_BLOCKS	0
LIST_EXALL_400_ENTRIES_REPEAT10_TOTAL_FREE_TREE_RESERVE_RETURN_MAX_RUN_BLOCKS	0
LIST_EXALL_400_ENTRIES_REPEAT10_TOTAL_FREE_TREE_RESERVE_RETURN_MAX_NODE_WRITES_PER_RUN	0
LIST_EXALL_400_ENTRIES_REPEAT10_TOTAL_POST_PUBLISH_RECLAIM_PASSES	0
LIST_EXALL_400_ENTRIES_REPEAT10_TOTAL_MAX_POST_PUBLISH_RECLAIM_PASSES_PER_COMMIT	0
LIST_EXALL_400_ENTRIES_REPEAT10_TOTAL_SUPERBLOCK_PUBLICATIONS	0
LIST_EXALL_400_ENTRIES_REPEAT10_TOTAL_FREE_TREE_RESERVE_RETURN_RUN_NODE_WRITES	0
LIST_EXALL_400_ENTRIES_REPEAT10_TOTAL_FREE_TREE_RESERVE_RETURN_BATCH_CALLS	0
LIST_EXALL_400_ENTRIES_REPEAT10_TOTAL_FREE_TREE_RESERVE_RETURN_BATCH_BLOCKS	0
LIST_EXALL_400_ENTRIES_REPEAT10_TOTAL_FREE_TREE_RESERVE_RETURN_BATCH_NODE_WRITES	0
LIST_EXALL_400_ENTRIES_REPEAT10_TOTAL_FREE_TREE_RESERVE_RETURN_SKIP_SHAPE	0
LIST_EXALL_400_ENTRIES_REPEAT10_TOTAL_FREE_TREE_RESERVE_RETURN_SKIP_SMALL	0
LIST_EXALL_400_ENTRIES_REPEAT10_TOTAL_FREE_TREE_RESERVE_RETURN_SKIP_EMERGENCY	0
LIST_EXALL_400_ENTRIES_REPEAT10_TOTAL_FREE_TREE_RESERVE_RETURN_SKIP_CAPACITY	0
LIST_EXALL_400_ENTRIES_REPEAT10_TOTAL_SEALED_COMMITS	0
LIST_EXALL_400_ENTRIES_REPEAT10_TOTAL_SEALED_METADATA_FENCES	0
LIST_EXALL_400_ENTRIES_REPEAT10_TOTAL_BTREE_MALLOC_CALLS	51
LIST_EXALL_400_ENTRIES_REPEAT10_TOTAL_BTREE_MALLOC_SAMPLES	51
LIST_EXALL_400_ENTRIES_REPEAT10_TOTAL_BTREE_MALLOC_SAMPLE_TICKS	412
LIST_EXALL_400_ENTRIES_REPEAT10_TOTAL_BTREE_FREE_CALLS	51
LIST_EXALL_400_ENTRIES_REPEAT10_TOTAL_BTREE_FREE_SAMPLES	51
LIST_EXALL_400_ENTRIES_REPEAT10_TOTAL_BTREE_FREE_SAMPLE_TICKS	224
LIST_EXALL_400_ENTRIES_REPEAT10_TOTAL_IFACE_ALLOC_CALLS	0
LIST_EXALL_400_ENTRIES_REPEAT10_TOTAL_IFACE_ALLOC_SAMPLES	0
LIST_EXALL_400_ENTRIES_REPEAT10_TOTAL_IFACE_ALLOC_SAMPLE_TICKS	0
LIST_EXALL_400_ENTRIES_REPEAT10_TOTAL_FREESPACE_ALLOC_SAMPLES	0
LIST_EXALL_400_ENTRIES_REPEAT10_TOTAL_FREESPACE_ALLOC_SAMPLE_TICKS	0
LIST_EXALL_400_ENTRIES_REPEAT10_TOTAL_PACKET_CALLS	52
LIST_EXALL_400_ENTRIES_REPEAT10_TOTAL_PACKET_SAMPLES	52
LIST_EXALL_400_ENTRIES_REPEAT10_TOTAL_PACKET_SAMPLE_TICKS	293976
LIST_EXALL_400_ENTRIES_REPEAT10_TOTAL_PACKET_OPEN_CALLS	0
LIST_EXALL_400_ENTRIES_REPEAT10_TOTAL_PACKET_OPEN_SAMPLES	0
LIST_EXALL_400_ENTRIES_REPEAT10_TOTAL_PACKET_OPEN_SAMPLE_TICKS	0
LIST_EXALL_400_ENTRIES_REPEAT10_TOTAL_PACKET_READ_CALLS	0
LIST_EXALL_400_ENTRIES_REPEAT10_TOTAL_PACKET_READ_SAMPLES	0
LIST_EXALL_400_ENTRIES_REPEAT10_TOTAL_PACKET_READ_SAMPLE_TICKS	0
LIST_EXALL_400_ENTRIES_REPEAT10_TOTAL_PACKET_WRITE_CALLS	0
LIST_EXALL_400_ENTRIES_REPEAT10_TOTAL_PACKET_WRITE_SAMPLES	0
LIST_EXALL_400_ENTRIES_REPEAT10_TOTAL_PACKET_WRITE_SAMPLE_TICKS	0
LIST_EXALL_400_ENTRIES_REPEAT10_TOTAL_PACKET_END_CALLS	0
LIST_EXALL_400_ENTRIES_REPEAT10_TOTAL_PACKET_END_SAMPLES	0
LIST_EXALL_400_ENTRIES_REPEAT10_TOTAL_PACKET_END_SAMPLE_TICKS	0
LIST_EXALL_400_ENTRIES_REPEAT10_TOTAL_PACKET_DELETE_CALLS	0
LIST_EXALL_400_ENTRIES_REPEAT10_TOTAL_PACKET_DELETE_SAMPLES	0
LIST_EXALL_400_ENTRIES_REPEAT10_TOTAL_PACKET_DELETE_SAMPLE_TICKS	0
LIST_EXALL_400_ENTRIES_REPEAT10_TOTAL_PACKET_FLUSH_CALLS	0
LIST_EXALL_400_ENTRIES_REPEAT10_TOTAL_PACKET_FLUSH_SAMPLES	0
LIST_EXALL_400_ENTRIES_REPEAT10_TOTAL_PACKET_FLUSH_SAMPLE_TICKS	0
LIST_EXALL_400_ENTRIES_REPEAT10_TOTAL_PACKET_OTHER_CALLS	52
LIST_EXALL_400_ENTRIES_REPEAT10_TOTAL_PACKET_OTHER_SAMPLES	52
LIST_EXALL_400_ENTRIES_REPEAT10_TOTAL_PACKET_OTHER_SAMPLE_TICKS	293976
LIST_EXALL_400_ENTRIES_REPEAT10_TOTAL_CORE_CREATE_CALLS	0
LIST_EXALL_400_ENTRIES_REPEAT10_TOTAL_CORE_CREATE_SAMPLES	0
LIST_EXALL_400_ENTRIES_REPEAT10_TOTAL_CORE_CREATE_SAMPLE_TICKS	0
LIST_EXALL_400_ENTRIES_REPEAT10_TOTAL_CORE_DELETE_CALLS	0
LIST_EXALL_400_ENTRIES_REPEAT10_TOTAL_CORE_DELETE_SAMPLES	0
LIST_EXALL_400_ENTRIES_REPEAT10_TOTAL_CORE_DELETE_SAMPLE_TICKS	0
LIST_EXALL_400_ENTRIES_REPEAT10_TOTAL_CORE_FILE_WRITE_CALLS	0
LIST_EXALL_400_ENTRIES_REPEAT10_TOTAL_CORE_FILE_WRITE_SAMPLES	0
LIST_EXALL_400_ENTRIES_REPEAT10_TOTAL_CORE_FILE_WRITE_SAMPLE_TICKS	0
LIST_EXALL_400_ENTRIES_REPEAT10_TOTAL_CORE_SYNC_CALLS	0
LIST_EXALL_400_ENTRIES_REPEAT10_TOTAL_CORE_SYNC_SAMPLES	0
LIST_EXALL_400_ENTRIES_REPEAT10_TOTAL_CORE_SYNC_SAMPLE_TICKS	0
LIST_EXALL_400_ENTRIES_REPEAT10_TOTAL_IFACE_FREE_CALLS	0
LIST_EXALL_400_ENTRIES_REPEAT10_TOTAL_IFACE_FREE_SAMPLES	0
LIST_EXALL_400_ENTRIES_REPEAT10_TOTAL_IFACE_FREE_SAMPLE_TICKS	0
LIST_EXALL_400_ENTRIES_REPEAT10_TOTAL_SEAL_COMMIT_CALLS	0
LIST_EXALL_400_ENTRIES_REPEAT10_TOTAL_SEAL_COMMIT_SAMPLES	0
LIST_EXALL_400_ENTRIES_REPEAT10_TOTAL_SEAL_COMMIT_SAMPLE_TICKS	0
LIST_EXALL_400_ENTRIES_REPEAT10_TOTAL_INODE_READ_CALLS	4040
LIST_EXALL_400_ENTRIES_REPEAT10_TOTAL_BTREE_SEARCH_CALLS	4041
LIST_EXALL_400_ENTRIES_REPEAT10_TOTAL_BTREE_INDEX_HINT_HITS	40
LIST_EXALL_400_ENTRIES_REPEAT10_TOTAL_BTREE_LEAF_HINT_HITS	3810
LIST_EXALL_400_ENTRIES_REPEAT10_TOTAL_CACHE_READ_CALLS	692
LIST_EXALL_400_ENTRIES_REPEAT10_TOTAL_CACHE_READ_HITS	0
LIST_EXALL_400_ENTRIES_REPEAT10_TOTAL_CACHE_READ_MISSES	692
LIST_EXALL_400_ENTRIES_REPEAT10_TOTAL_FREE_TREE_NODE_VIEWS	0
LIST_EXALL_400_ENTRIES_REPEAT10_TOTAL_FREE_TREE_RESIDENT_VIEWS	0
LIST_EXALL_400_ENTRIES_REPEAT10_TOTAL_DIR_TREE_NODE_VIEWS	1184
LIST_EXALL_400_ENTRIES_REPEAT10_TOTAL_DIR_TREE_RESIDENT_VIEWS	682
LIST_EXALL_400_ENTRIES_REPEAT10_TOTAL_INODE_TREE_NODE_VIEWS	380
LIST_EXALL_400_ENTRIES_REPEAT10_TOTAL_INODE_TREE_RESIDENT_VIEWS	190
LIST_EXALL_400_ENTRIES_REPEAT10_TOTAL_REFCOUNT_TREE_NODE_VIEWS	0
LIST_EXALL_400_ENTRIES_REPEAT10_TOTAL_REFCOUNT_TREE_RESIDENT_VIEWS	0
LIST_EXALL_400_ENTRIES_REPEAT10_TOTAL_OTHER_TREE_NODE_VIEWS	0
LIST_EXALL_400_ENTRIES_REPEAT10_TOTAL_OTHER_TREE_RESIDENT_VIEWS	0
LIST_EXALL_400_ENTRIES_REPEAT10_TOTAL_DIR_TREE_LEAF_NODE_VIEWS	491
LIST_EXALL_400_ENTRIES_REPEAT10_TOTAL_DIR_TREE_LEAF_RESIDENT_VIEWS	50
LIST_EXALL_400_ENTRIES_REPEAT10_TOTAL_DIR_TREE_INTERNAL_NODE_VIEWS	693
LIST_EXALL_400_ENTRIES_REPEAT10_TOTAL_DIR_TREE_INTERNAL_RESIDENT_VIEWS	632
LIST_EXALL_400_ENTRIES_REPEAT10_TOTAL_INODE_TREE_LEAF_NODE_VIEWS	190
LIST_EXALL_400_ENTRIES_REPEAT10_TOTAL_INODE_TREE_LEAF_RESIDENT_VIEWS	0
LIST_EXALL_400_ENTRIES_REPEAT10_TOTAL_INODE_TREE_INTERNAL_NODE_VIEWS	190
LIST_EXALL_400_ENTRIES_REPEAT10_TOTAL_INODE_TREE_INTERNAL_RESIDENT_VIEWS	190
LIST_EXALL_400_ENTRIES_REPEAT10_TOTAL_DETAIL_INODE_READ_CALLS	4040
LIST_EXALL_400_ENTRIES_REPEAT10_TOTAL_DETAIL_INODE_READ_SAMPLES	237
LIST_EXALL_400_ENTRIES_REPEAT10_TOTAL_DETAIL_INODE_READ_SAMPLE_TICKS	8692
LIST_EXALL_400_ENTRIES_REPEAT10_TOTAL_DETAIL_INODE_VALIDATE_CALLS	4040
LIST_EXALL_400_ENTRIES_REPEAT10_TOTAL_DETAIL_INODE_VALIDATE_SAMPLES	237
LIST_EXALL_400_ENTRIES_REPEAT10_TOTAL_DETAIL_INODE_VALIDATE_SAMPLE_TICKS	553
LIST_EXALL_400_ENTRIES_REPEAT10_TOTAL_DETAIL_INODE_SEARCH_CALLS	4040
LIST_EXALL_400_ENTRIES_REPEAT10_TOTAL_DETAIL_INODE_SEARCH_SAMPLES	237
LIST_EXALL_400_ENTRIES_REPEAT10_TOTAL_DETAIL_INODE_SEARCH_SAMPLE_TICKS	6399
LIST_EXALL_400_ENTRIES_REPEAT10_TOTAL_DETAIL_INODE_NODE_VIEW_CALLS	380
LIST_EXALL_400_ENTRIES_REPEAT10_TOTAL_DETAIL_INODE_NODE_VIEW_SAMPLES	22
LIST_EXALL_400_ENTRIES_REPEAT10_TOTAL_DETAIL_INODE_NODE_VIEW_SAMPLE_TICKS	3693
LIST_EXALL_400_ENTRIES_REPEAT10_TOTAL_DETAIL_DIR_NODE_VIEW_CALLS	1184
LIST_EXALL_400_ENTRIES_REPEAT10_TOTAL_DETAIL_DIR_NODE_VIEW_SAMPLES	69
LIST_EXALL_400_ENTRIES_REPEAT10_TOTAL_DETAIL_DIR_NODE_VIEW_SAMPLE_TICKS	8508
LIST_EXALL_400_ENTRIES_REPEAT10_TOTAL_DETAIL_INODE_BINARY_SEARCH_CALLS	380
LIST_EXALL_400_ENTRIES_REPEAT10_TOTAL_DETAIL_INODE_BINARY_SEARCH_SAMPLES	22
LIST_EXALL_400_ENTRIES_REPEAT10_TOTAL_DETAIL_INODE_BINARY_SEARCH_SAMPLE_TICKS	106
LIST_EXALL_400_ENTRIES_REPEAT10_TOTAL_DETAIL_DIR_BINARY_SEARCH_CALLS	234
LIST_EXALL_400_ENTRIES_REPEAT10_TOTAL_DETAIL_DIR_BINARY_SEARCH_SAMPLES	13
LIST_EXALL_400_ENTRIES_REPEAT10_TOTAL_DETAIL_DIR_BINARY_SEARCH_SAMPLE_TICKS	26
LIST_EXALL_400_ENTRIES_REPEAT10_TOTAL_DETAIL_NODE_STRUCTURE_CALLS	692
LIST_EXALL_400_ENTRIES_REPEAT10_TOTAL_DETAIL_NODE_STRUCTURE_SAMPLES	40
LIST_EXALL_400_ENTRIES_REPEAT10_TOTAL_DETAIL_NODE_STRUCTURE_SAMPLE_TICKS	743
LIST_EXALL_400_ENTRIES_REPEAT10_TOTAL_DETAIL_CACHE_PEEK_CALLS	5795
LIST_EXALL_400_ENTRIES_REPEAT10_TOTAL_DETAIL_CACHE_PEEK_SAMPLES	340
LIST_EXALL_400_ENTRIES_REPEAT10_TOTAL_DETAIL_CACHE_PEEK_SAMPLE_TICKS	1330
LIST_EXALL_400_ENTRIES_REPEAT10_TOTAL_DETAIL_BUFFER_ALLOC_CALLS	241
LIST_EXALL_400_ENTRIES_REPEAT10_TOTAL_DETAIL_BUFFER_ALLOC_SAMPLES	14
LIST_EXALL_400_ENTRIES_REPEAT10_TOTAL_DETAIL_BUFFER_ALLOC_SAMPLE_TICKS	1
LIST_EXALL_400_ENTRIES_REPEAT10_TOTAL_DETAIL_BUFFER_FREE_CALLS	241
LIST_EXALL_400_ENTRIES_REPEAT10_TOTAL_DETAIL_BUFFER_FREE_SAMPLES	14
LIST_EXALL_400_ENTRIES_REPEAT10_TOTAL_DETAIL_BUFFER_FREE_SAMPLE_TICKS	44
LIST_EXALL_400_ENTRIES_REPEAT10_TOTAL_DETAIL_EXALL_FILL_CALLS	4050
LIST_EXALL_400_ENTRIES_REPEAT10_TOTAL_DETAIL_EXALL_FILL_SAMPLES	238
LIST_EXALL_400_ENTRIES_REPEAT10_TOTAL_DETAIL_EXALL_FILL_SAMPLE_TICKS	8810
LIST_EXALL_400_ENTRIES_REPEAT10_TOTAL_DEFERRED_NODE_WRITES	0
LIST_EXNEXT_1000_ENTRIES_FIRST_PASS_US	183870
LIST_EXNEXT_1000_ENTRIES_FIRST_PASS_BIO_READS	182
LIST_EXNEXT_1000_ENTRIES_FIRST_PASS_BIO_WRITES	0
LIST_EXNEXT_1000_ENTRIES_FIRST_PASS_BIO_UPDATES	0
LIST_EXNEXT_1000_ENTRIES_FIRST_PASS_DATA_READS	0
LIST_EXNEXT_1000_ENTRIES_FIRST_PASS_DATA_WRITES	0
LIST_EXNEXT_1000_ENTRIES_FIRST_PASS_NODE_WRITES	0
LIST_EXNEXT_1000_ENTRIES_FIRST_PASS_TXN_COMMITS	0
LIST_EXNEXT_1000_ENTRIES_FIRST_PASS_FREESPACE_ALLOCS	0
LIST_EXNEXT_1000_ENTRIES_FIRST_PASS_EXTENT_MAPS	0
LIST_EXNEXT_1000_ENTRIES_FIRST_PASS_READ_TICKS	14154
LIST_EXNEXT_1000_ENTRIES_FIRST_PASS_WRITE_TICKS	0
LIST_EXNEXT_1000_ENTRIES_FIRST_PASS_UPDATE_TICKS	0
LIST_EXNEXT_1000_ENTRIES_FIRST_PASS_DATA_READ_TICKS	0
LIST_EXNEXT_1000_ENTRIES_FIRST_PASS_DATA_WRITE_TICKS	0
LIST_EXNEXT_1000_ENTRIES_FIRST_PASS_FREE_TREE_NODE_WRITES	0
LIST_EXNEXT_1000_ENTRIES_FIRST_PASS_FREE_TREE_ALLOCATION_BODY_NODE_WRITES	0
LIST_EXNEXT_1000_ENTRIES_FIRST_PASS_FREE_TREE_RESERVE_REFILL_NODE_WRITES	0
LIST_EXNEXT_1000_ENTRIES_FIRST_PASS_FREE_TREE_RESERVE_RETURN_NODE_WRITES	0
LIST_EXNEXT_1000_ENTRIES_FIRST_PASS_FREE_TREE_POST_PUBLISH_PENDING_RECLAIM_NODE_WRITES	0
LIST_EXNEXT_1000_ENTRIES_FIRST_PASS_FREE_TREE_OTHER_NODE_WRITES	0
LIST_EXNEXT_1000_ENTRIES_FIRST_PASS_DIR_TREE_NODE_WRITES	0
LIST_EXNEXT_1000_ENTRIES_FIRST_PASS_INODE_TREE_NODE_WRITES	0
LIST_EXNEXT_1000_ENTRIES_FIRST_PASS_REFCOUNT_TREE_NODE_WRITES	0
LIST_EXNEXT_1000_ENTRIES_FIRST_PASS_OTHER_TREE_NODE_WRITES	0
LIST_EXNEXT_1000_ENTRIES_FIRST_PASS_NODE_CRC_READ_CALLS	182
LIST_EXNEXT_1000_ENTRIES_FIRST_PASS_NODE_CRC_READ_SAMPLES	2
LIST_EXNEXT_1000_ENTRIES_FIRST_PASS_NODE_CRC_READ_SAMPLE_TICKS	317
LIST_EXNEXT_1000_ENTRIES_FIRST_PASS_NODE_CRC_WRITE_CALLS	0
LIST_EXNEXT_1000_ENTRIES_FIRST_PASS_NODE_CRC_WRITE_SAMPLES	0
LIST_EXNEXT_1000_ENTRIES_FIRST_PASS_NODE_CRC_WRITE_SAMPLE_TICKS	0
LIST_EXNEXT_1000_ENTRIES_FIRST_PASS_CLOCK_PAIR_TICKS	0
LIST_EXNEXT_1000_ENTRIES_FIRST_PASS_FREE_TREE_RESERVE_RETURN_CALLS	0
LIST_EXNEXT_1000_ENTRIES_FIRST_PASS_FREE_TREE_RESERVE_RETURN_RUNS	0
LIST_EXNEXT_1000_ENTRIES_FIRST_PASS_FREE_TREE_RESERVE_RETURN_BLOCKS	0
LIST_EXNEXT_1000_ENTRIES_FIRST_PASS_FREE_TREE_RESERVE_RETURN_RUNS_1_BLOCK	0
LIST_EXNEXT_1000_ENTRIES_FIRST_PASS_FREE_TREE_RESERVE_RETURN_RUNS_2_3_BLOCKS	0
LIST_EXNEXT_1000_ENTRIES_FIRST_PASS_FREE_TREE_RESERVE_RETURN_RUNS_4_7_BLOCKS	0
LIST_EXNEXT_1000_ENTRIES_FIRST_PASS_FREE_TREE_RESERVE_RETURN_RUNS_8_PLUS_BLOCKS	0
LIST_EXNEXT_1000_ENTRIES_FIRST_PASS_FREE_TREE_RESERVE_RETURN_MAX_RUN_BLOCKS	0
LIST_EXNEXT_1000_ENTRIES_FIRST_PASS_FREE_TREE_RESERVE_RETURN_MAX_NODE_WRITES_PER_RUN	0
LIST_EXNEXT_1000_ENTRIES_FIRST_PASS_POST_PUBLISH_RECLAIM_PASSES	0
LIST_EXNEXT_1000_ENTRIES_FIRST_PASS_MAX_POST_PUBLISH_RECLAIM_PASSES_PER_COMMIT	0
LIST_EXNEXT_1000_ENTRIES_FIRST_PASS_SUPERBLOCK_PUBLICATIONS	0
LIST_EXNEXT_1000_ENTRIES_FIRST_PASS_FREE_TREE_RESERVE_RETURN_RUN_NODE_WRITES	0
LIST_EXNEXT_1000_ENTRIES_FIRST_PASS_FREE_TREE_RESERVE_RETURN_BATCH_CALLS	0
LIST_EXNEXT_1000_ENTRIES_FIRST_PASS_FREE_TREE_RESERVE_RETURN_BATCH_BLOCKS	0
LIST_EXNEXT_1000_ENTRIES_FIRST_PASS_FREE_TREE_RESERVE_RETURN_BATCH_NODE_WRITES	0
LIST_EXNEXT_1000_ENTRIES_FIRST_PASS_FREE_TREE_RESERVE_RETURN_SKIP_SHAPE	0
LIST_EXNEXT_1000_ENTRIES_FIRST_PASS_FREE_TREE_RESERVE_RETURN_SKIP_SMALL	0
LIST_EXNEXT_1000_ENTRIES_FIRST_PASS_FREE_TREE_RESERVE_RETURN_SKIP_EMERGENCY	0
LIST_EXNEXT_1000_ENTRIES_FIRST_PASS_FREE_TREE_RESERVE_RETURN_SKIP_CAPACITY	0
LIST_EXNEXT_1000_ENTRIES_FIRST_PASS_SEALED_COMMITS	0
LIST_EXNEXT_1000_ENTRIES_FIRST_PASS_SEALED_METADATA_FENCES	0
LIST_EXNEXT_1000_ENTRIES_FIRST_PASS_BTREE_MALLOC_CALLS	108
LIST_EXNEXT_1000_ENTRIES_FIRST_PASS_BTREE_MALLOC_SAMPLES	108
LIST_EXNEXT_1000_ENTRIES_FIRST_PASS_BTREE_MALLOC_SAMPLE_TICKS	517
LIST_EXNEXT_1000_ENTRIES_FIRST_PASS_BTREE_FREE_CALLS	1003
LIST_EXNEXT_1000_ENTRIES_FIRST_PASS_BTREE_FREE_SAMPLES	1003
LIST_EXNEXT_1000_ENTRIES_FIRST_PASS_BTREE_FREE_SAMPLE_TICKS	2072
LIST_EXNEXT_1000_ENTRIES_FIRST_PASS_IFACE_ALLOC_CALLS	0
LIST_EXNEXT_1000_ENTRIES_FIRST_PASS_IFACE_ALLOC_SAMPLES	0
LIST_EXNEXT_1000_ENTRIES_FIRST_PASS_IFACE_ALLOC_SAMPLE_TICKS	0
LIST_EXNEXT_1000_ENTRIES_FIRST_PASS_FREESPACE_ALLOC_SAMPLES	0
LIST_EXNEXT_1000_ENTRIES_FIRST_PASS_FREESPACE_ALLOC_SAMPLE_TICKS	0
LIST_EXNEXT_1000_ENTRIES_FIRST_PASS_PACKET_CALLS	1004
LIST_EXNEXT_1000_ENTRIES_FIRST_PASS_PACKET_SAMPLES	1004
LIST_EXNEXT_1000_ENTRIES_FIRST_PASS_PACKET_SAMPLE_TICKS	110547
LIST_EXNEXT_1000_ENTRIES_FIRST_PASS_PACKET_OPEN_CALLS	0
LIST_EXNEXT_1000_ENTRIES_FIRST_PASS_PACKET_OPEN_SAMPLES	0
LIST_EXNEXT_1000_ENTRIES_FIRST_PASS_PACKET_OPEN_SAMPLE_TICKS	0
LIST_EXNEXT_1000_ENTRIES_FIRST_PASS_PACKET_READ_CALLS	0
LIST_EXNEXT_1000_ENTRIES_FIRST_PASS_PACKET_READ_SAMPLES	0
LIST_EXNEXT_1000_ENTRIES_FIRST_PASS_PACKET_READ_SAMPLE_TICKS	0
LIST_EXNEXT_1000_ENTRIES_FIRST_PASS_PACKET_WRITE_CALLS	0
LIST_EXNEXT_1000_ENTRIES_FIRST_PASS_PACKET_WRITE_SAMPLES	0
LIST_EXNEXT_1000_ENTRIES_FIRST_PASS_PACKET_WRITE_SAMPLE_TICKS	0
LIST_EXNEXT_1000_ENTRIES_FIRST_PASS_PACKET_END_CALLS	0
LIST_EXNEXT_1000_ENTRIES_FIRST_PASS_PACKET_END_SAMPLES	0
LIST_EXNEXT_1000_ENTRIES_FIRST_PASS_PACKET_END_SAMPLE_TICKS	0
LIST_EXNEXT_1000_ENTRIES_FIRST_PASS_PACKET_DELETE_CALLS	0
LIST_EXNEXT_1000_ENTRIES_FIRST_PASS_PACKET_DELETE_SAMPLES	0
LIST_EXNEXT_1000_ENTRIES_FIRST_PASS_PACKET_DELETE_SAMPLE_TICKS	0
LIST_EXNEXT_1000_ENTRIES_FIRST_PASS_PACKET_FLUSH_CALLS	0
LIST_EXNEXT_1000_ENTRIES_FIRST_PASS_PACKET_FLUSH_SAMPLES	0
LIST_EXNEXT_1000_ENTRIES_FIRST_PASS_PACKET_FLUSH_SAMPLE_TICKS	0
LIST_EXNEXT_1000_ENTRIES_FIRST_PASS_PACKET_OTHER_CALLS	1004
LIST_EXNEXT_1000_ENTRIES_FIRST_PASS_PACKET_OTHER_SAMPLES	1004
LIST_EXNEXT_1000_ENTRIES_FIRST_PASS_PACKET_OTHER_SAMPLE_TICKS	110547
LIST_EXNEXT_1000_ENTRIES_FIRST_PASS_CORE_CREATE_CALLS	0
LIST_EXNEXT_1000_ENTRIES_FIRST_PASS_CORE_CREATE_SAMPLES	0
LIST_EXNEXT_1000_ENTRIES_FIRST_PASS_CORE_CREATE_SAMPLE_TICKS	0
LIST_EXNEXT_1000_ENTRIES_FIRST_PASS_CORE_DELETE_CALLS	0
LIST_EXNEXT_1000_ENTRIES_FIRST_PASS_CORE_DELETE_SAMPLES	0
LIST_EXNEXT_1000_ENTRIES_FIRST_PASS_CORE_DELETE_SAMPLE_TICKS	0
LIST_EXNEXT_1000_ENTRIES_FIRST_PASS_CORE_FILE_WRITE_CALLS	0
LIST_EXNEXT_1000_ENTRIES_FIRST_PASS_CORE_FILE_WRITE_SAMPLES	0
LIST_EXNEXT_1000_ENTRIES_FIRST_PASS_CORE_FILE_WRITE_SAMPLE_TICKS	0
LIST_EXNEXT_1000_ENTRIES_FIRST_PASS_CORE_SYNC_CALLS	0
LIST_EXNEXT_1000_ENTRIES_FIRST_PASS_CORE_SYNC_SAMPLES	0
LIST_EXNEXT_1000_ENTRIES_FIRST_PASS_CORE_SYNC_SAMPLE_TICKS	0
LIST_EXNEXT_1000_ENTRIES_FIRST_PASS_IFACE_FREE_CALLS	0
LIST_EXNEXT_1000_ENTRIES_FIRST_PASS_IFACE_FREE_SAMPLES	0
LIST_EXNEXT_1000_ENTRIES_FIRST_PASS_IFACE_FREE_SAMPLE_TICKS	0
LIST_EXNEXT_1000_ENTRIES_FIRST_PASS_SEAL_COMMIT_CALLS	0
LIST_EXNEXT_1000_ENTRIES_FIRST_PASS_SEAL_COMMIT_SAMPLES	0
LIST_EXNEXT_1000_ENTRIES_FIRST_PASS_SEAL_COMMIT_SAMPLE_TICKS	0
LIST_EXNEXT_1000_ENTRIES_FIRST_PASS_INODE_READ_CALLS	1001
LIST_EXNEXT_1000_ENTRIES_FIRST_PASS_BTREE_SEARCH_CALLS	1002
LIST_EXNEXT_1000_ENTRIES_FIRST_PASS_BTREE_INDEX_HINT_HITS	0
LIST_EXNEXT_1000_ENTRIES_FIRST_PASS_BTREE_LEAF_HINT_HITS	939
LIST_EXNEXT_1000_ENTRIES_FIRST_PASS_CACHE_READ_CALLS	182
LIST_EXNEXT_1000_ENTRIES_FIRST_PASS_CACHE_READ_HITS	0
LIST_EXNEXT_1000_ENTRIES_FIRST_PASS_CACHE_READ_MISSES	182
LIST_EXNEXT_1000_ENTRIES_FIRST_PASS_FREE_TREE_NODE_VIEWS	0
LIST_EXNEXT_1000_ENTRIES_FIRST_PASS_FREE_TREE_RESIDENT_VIEWS	0
LIST_EXNEXT_1000_ENTRIES_FIRST_PASS_DIR_TREE_NODE_VIEWS	672
LIST_EXNEXT_1000_ENTRIES_FIRST_PASS_DIR_TREE_RESIDENT_VIEWS	552
LIST_EXNEXT_1000_ENTRIES_FIRST_PASS_INODE_TREE_NODE_VIEWS	124
LIST_EXNEXT_1000_ENTRIES_FIRST_PASS_INODE_TREE_RESIDENT_VIEWS	62
LIST_EXNEXT_1000_ENTRIES_FIRST_PASS_REFCOUNT_TREE_NODE_VIEWS	0
LIST_EXNEXT_1000_ENTRIES_FIRST_PASS_REFCOUNT_TREE_RESIDENT_VIEWS	0
LIST_EXNEXT_1000_ENTRIES_FIRST_PASS_OTHER_TREE_NODE_VIEWS	0
LIST_EXNEXT_1000_ENTRIES_FIRST_PASS_OTHER_TREE_RESIDENT_VIEWS	0
LIST_EXNEXT_1000_ENTRIES_FIRST_PASS_DIR_TREE_LEAF_NODE_VIEWS	216
LIST_EXNEXT_1000_ENTRIES_FIRST_PASS_DIR_TREE_LEAF_RESIDENT_VIEWS	108
LIST_EXNEXT_1000_ENTRIES_FIRST_PASS_DIR_TREE_INTERNAL_NODE_VIEWS	456
LIST_EXNEXT_1000_ENTRIES_FIRST_PASS_DIR_TREE_INTERNAL_RESIDENT_VIEWS	444
LIST_EXNEXT_1000_ENTRIES_FIRST_PASS_INODE_TREE_LEAF_NODE_VIEWS	62
LIST_EXNEXT_1000_ENTRIES_FIRST_PASS_INODE_TREE_LEAF_RESIDENT_VIEWS	0
LIST_EXNEXT_1000_ENTRIES_FIRST_PASS_INODE_TREE_INTERNAL_NODE_VIEWS	62
LIST_EXNEXT_1000_ENTRIES_FIRST_PASS_INODE_TREE_INTERNAL_RESIDENT_VIEWS	62
LIST_EXNEXT_1000_ENTRIES_FIRST_PASS_DETAIL_INODE_READ_CALLS	1001
LIST_EXNEXT_1000_ENTRIES_FIRST_PASS_DETAIL_INODE_READ_SAMPLES	58
LIST_EXNEXT_1000_ENTRIES_FIRST_PASS_DETAIL_INODE_READ_SAMPLE_TICKS	2860
LIST_EXNEXT_1000_ENTRIES_FIRST_PASS_DETAIL_INODE_VALIDATE_CALLS	1001
LIST_EXNEXT_1000_ENTRIES_FIRST_PASS_DETAIL_INODE_VALIDATE_SAMPLES	58
LIST_EXNEXT_1000_ENTRIES_FIRST_PASS_DETAIL_INODE_VALIDATE_SAMPLE_TICKS	224
LIST_EXNEXT_1000_ENTRIES_FIRST_PASS_DETAIL_INODE_SEARCH_CALLS	1001
LIST_EXNEXT_1000_ENTRIES_FIRST_PASS_DETAIL_INODE_SEARCH_SAMPLES	58
LIST_EXNEXT_1000_ENTRIES_FIRST_PASS_DETAIL_INODE_SEARCH_SAMPLE_TICKS	2253
LIST_EXNEXT_1000_ENTRIES_FIRST_PASS_DETAIL_INODE_NODE_VIEW_CALLS	124
LIST_EXNEXT_1000_ENTRIES_FIRST_PASS_DETAIL_INODE_NODE_VIEW_SAMPLES	7
LIST_EXNEXT_1000_ENTRIES_FIRST_PASS_DETAIL_INODE_NODE_VIEW_SAMPLE_TICKS	726
LIST_EXNEXT_1000_ENTRIES_FIRST_PASS_DETAIL_DIR_NODE_VIEW_CALLS	672
LIST_EXNEXT_1000_ENTRIES_FIRST_PASS_DETAIL_DIR_NODE_VIEW_SAMPLES	39
LIST_EXNEXT_1000_ENTRIES_FIRST_PASS_DETAIL_DIR_NODE_VIEW_SAMPLE_TICKS	2452
LIST_EXNEXT_1000_ENTRIES_FIRST_PASS_DETAIL_INODE_BINARY_SEARCH_CALLS	124
LIST_EXNEXT_1000_ENTRIES_FIRST_PASS_DETAIL_INODE_BINARY_SEARCH_SAMPLES	7
LIST_EXNEXT_1000_ENTRIES_FIRST_PASS_DETAIL_INODE_BINARY_SEARCH_SAMPLE_TICKS	45
LIST_EXNEXT_1000_ENTRIES_FIRST_PASS_DETAIL_DIR_BINARY_SEARCH_CALLS	436
LIST_EXNEXT_1000_ENTRIES_FIRST_PASS_DETAIL_DIR_BINARY_SEARCH_SAMPLES	25
LIST_EXNEXT_1000_ENTRIES_FIRST_PASS_DETAIL_DIR_BINARY_SEARCH_SAMPLE_TICKS	80
LIST_EXNEXT_1000_ENTRIES_FIRST_PASS_DETAIL_NODE_STRUCTURE_CALLS	182
LIST_EXNEXT_1000_ENTRIES_FIRST_PASS_DETAIL_NODE_STRUCTURE_SAMPLES	10
LIST_EXNEXT_1000_ENTRIES_FIRST_PASS_DETAIL_NODE_STRUCTURE_SAMPLE_TICKS	138
LIST_EXNEXT_1000_ENTRIES_FIRST_PASS_DETAIL_CACHE_PEEK_CALLS	1829
LIST_EXNEXT_1000_ENTRIES_FIRST_PASS_DETAIL_CACHE_PEEK_SAMPLES	107
LIST_EXNEXT_1000_ENTRIES_FIRST_PASS_DETAIL_CACHE_PEEK_SAMPLE_TICKS	428
LIST_EXNEXT_1000_ENTRIES_FIRST_PASS_DETAIL_BUFFER_ALLOC_CALLS	1065
LIST_EXNEXT_1000_ENTRIES_FIRST_PASS_DETAIL_BUFFER_ALLOC_SAMPLES	62
LIST_EXNEXT_1000_ENTRIES_FIRST_PASS_DETAIL_BUFFER_ALLOC_SAMPLE_TICKS	88
LIST_EXNEXT_1000_ENTRIES_FIRST_PASS_DETAIL_BUFFER_FREE_CALLS	1065
LIST_EXNEXT_1000_ENTRIES_FIRST_PASS_DETAIL_BUFFER_FREE_SAMPLES	62
LIST_EXNEXT_1000_ENTRIES_FIRST_PASS_DETAIL_BUFFER_FREE_SAMPLE_TICKS	407
LIST_EXNEXT_1000_ENTRIES_FIRST_PASS_DETAIL_EXALL_FILL_CALLS	0
LIST_EXNEXT_1000_ENTRIES_FIRST_PASS_DETAIL_EXALL_FILL_SAMPLES	0
LIST_EXNEXT_1000_ENTRIES_FIRST_PASS_DETAIL_EXALL_FILL_SAMPLE_TICKS	0
LIST_EXNEXT_1000_ENTRIES_FIRST_PASS_DEFERRED_NODE_WRITES	0
LIST_EXNEXT_1000_ENTRIES_REPEAT10_TOTAL_US	2225624
LIST_EXNEXT_1000_ENTRIES_REPEAT10_TOTAL_BIO_READS	1840
LIST_EXNEXT_1000_ENTRIES_REPEAT10_TOTAL_BIO_WRITES	0
LIST_EXNEXT_1000_ENTRIES_REPEAT10_TOTAL_BIO_UPDATES	0
LIST_EXNEXT_1000_ENTRIES_REPEAT10_TOTAL_DATA_READS	0
LIST_EXNEXT_1000_ENTRIES_REPEAT10_TOTAL_DATA_WRITES	0
LIST_EXNEXT_1000_ENTRIES_REPEAT10_TOTAL_NODE_WRITES	0
LIST_EXNEXT_1000_ENTRIES_REPEAT10_TOTAL_TXN_COMMITS	0
LIST_EXNEXT_1000_ENTRIES_REPEAT10_TOTAL_FREESPACE_ALLOCS	0
LIST_EXNEXT_1000_ENTRIES_REPEAT10_TOTAL_EXTENT_MAPS	0
LIST_EXNEXT_1000_ENTRIES_REPEAT10_TOTAL_READ_TICKS	162739
LIST_EXNEXT_1000_ENTRIES_REPEAT10_TOTAL_WRITE_TICKS	0
LIST_EXNEXT_1000_ENTRIES_REPEAT10_TOTAL_UPDATE_TICKS	0
LIST_EXNEXT_1000_ENTRIES_REPEAT10_TOTAL_DATA_READ_TICKS	0
LIST_EXNEXT_1000_ENTRIES_REPEAT10_TOTAL_DATA_WRITE_TICKS	0
LIST_EXNEXT_1000_ENTRIES_REPEAT10_TOTAL_FREE_TREE_NODE_WRITES	0
LIST_EXNEXT_1000_ENTRIES_REPEAT10_TOTAL_FREE_TREE_ALLOCATION_BODY_NODE_WRITES	0
LIST_EXNEXT_1000_ENTRIES_REPEAT10_TOTAL_FREE_TREE_RESERVE_REFILL_NODE_WRITES	0
LIST_EXNEXT_1000_ENTRIES_REPEAT10_TOTAL_FREE_TREE_RESERVE_RETURN_NODE_WRITES	0
LIST_EXNEXT_1000_ENTRIES_REPEAT10_TOTAL_FREE_TREE_POST_PUBLISH_PENDING_RECLAIM_NODE_WRITES	0
LIST_EXNEXT_1000_ENTRIES_REPEAT10_TOTAL_FREE_TREE_OTHER_NODE_WRITES	0
LIST_EXNEXT_1000_ENTRIES_REPEAT10_TOTAL_DIR_TREE_NODE_WRITES	0
LIST_EXNEXT_1000_ENTRIES_REPEAT10_TOTAL_INODE_TREE_NODE_WRITES	0
LIST_EXNEXT_1000_ENTRIES_REPEAT10_TOTAL_REFCOUNT_TREE_NODE_WRITES	0
LIST_EXNEXT_1000_ENTRIES_REPEAT10_TOTAL_OTHER_TREE_NODE_WRITES	0
LIST_EXNEXT_1000_ENTRIES_REPEAT10_TOTAL_NODE_CRC_READ_CALLS	1840
LIST_EXNEXT_1000_ENTRIES_REPEAT10_TOTAL_NODE_CRC_READ_SAMPLES	28
LIST_EXNEXT_1000_ENTRIES_REPEAT10_TOTAL_NODE_CRC_READ_SAMPLE_TICKS	5093
LIST_EXNEXT_1000_ENTRIES_REPEAT10_TOTAL_NODE_CRC_WRITE_CALLS	0
LIST_EXNEXT_1000_ENTRIES_REPEAT10_TOTAL_NODE_CRC_WRITE_SAMPLES	0
LIST_EXNEXT_1000_ENTRIES_REPEAT10_TOTAL_NODE_CRC_WRITE_SAMPLE_TICKS	0
LIST_EXNEXT_1000_ENTRIES_REPEAT10_TOTAL_CLOCK_PAIR_TICKS	0
LIST_EXNEXT_1000_ENTRIES_REPEAT10_TOTAL_FREE_TREE_RESERVE_RETURN_CALLS	0
LIST_EXNEXT_1000_ENTRIES_REPEAT10_TOTAL_FREE_TREE_RESERVE_RETURN_RUNS	0
LIST_EXNEXT_1000_ENTRIES_REPEAT10_TOTAL_FREE_TREE_RESERVE_RETURN_BLOCKS	0
LIST_EXNEXT_1000_ENTRIES_REPEAT10_TOTAL_FREE_TREE_RESERVE_RETURN_RUNS_1_BLOCK	0
LIST_EXNEXT_1000_ENTRIES_REPEAT10_TOTAL_FREE_TREE_RESERVE_RETURN_RUNS_2_3_BLOCKS	0
LIST_EXNEXT_1000_ENTRIES_REPEAT10_TOTAL_FREE_TREE_RESERVE_RETURN_RUNS_4_7_BLOCKS	0
LIST_EXNEXT_1000_ENTRIES_REPEAT10_TOTAL_FREE_TREE_RESERVE_RETURN_RUNS_8_PLUS_BLOCKS	0
LIST_EXNEXT_1000_ENTRIES_REPEAT10_TOTAL_FREE_TREE_RESERVE_RETURN_MAX_RUN_BLOCKS	0
LIST_EXNEXT_1000_ENTRIES_REPEAT10_TOTAL_FREE_TREE_RESERVE_RETURN_MAX_NODE_WRITES_PER_RUN	0
LIST_EXNEXT_1000_ENTRIES_REPEAT10_TOTAL_POST_PUBLISH_RECLAIM_PASSES	0
LIST_EXNEXT_1000_ENTRIES_REPEAT10_TOTAL_MAX_POST_PUBLISH_RECLAIM_PASSES_PER_COMMIT	0
LIST_EXNEXT_1000_ENTRIES_REPEAT10_TOTAL_SUPERBLOCK_PUBLICATIONS	0
LIST_EXNEXT_1000_ENTRIES_REPEAT10_TOTAL_FREE_TREE_RESERVE_RETURN_RUN_NODE_WRITES	0
LIST_EXNEXT_1000_ENTRIES_REPEAT10_TOTAL_FREE_TREE_RESERVE_RETURN_BATCH_CALLS	0
LIST_EXNEXT_1000_ENTRIES_REPEAT10_TOTAL_FREE_TREE_RESERVE_RETURN_BATCH_BLOCKS	0
LIST_EXNEXT_1000_ENTRIES_REPEAT10_TOTAL_FREE_TREE_RESERVE_RETURN_BATCH_NODE_WRITES	0
LIST_EXNEXT_1000_ENTRIES_REPEAT10_TOTAL_FREE_TREE_RESERVE_RETURN_SKIP_SHAPE	0
LIST_EXNEXT_1000_ENTRIES_REPEAT10_TOTAL_FREE_TREE_RESERVE_RETURN_SKIP_SMALL	0
LIST_EXNEXT_1000_ENTRIES_REPEAT10_TOTAL_FREE_TREE_RESERVE_RETURN_SKIP_EMERGENCY	0
LIST_EXNEXT_1000_ENTRIES_REPEAT10_TOTAL_FREE_TREE_RESERVE_RETURN_SKIP_CAPACITY	0
LIST_EXNEXT_1000_ENTRIES_REPEAT10_TOTAL_SEALED_COMMITS	0
LIST_EXNEXT_1000_ENTRIES_REPEAT10_TOTAL_SEALED_METADATA_FENCES	0
LIST_EXNEXT_1000_ENTRIES_REPEAT10_TOTAL_BTREE_MALLOC_CALLS	1071
LIST_EXNEXT_1000_ENTRIES_REPEAT10_TOTAL_BTREE_MALLOC_SAMPLES	1071
LIST_EXNEXT_1000_ENTRIES_REPEAT10_TOTAL_BTREE_MALLOC_SAMPLE_TICKS	7726
LIST_EXNEXT_1000_ENTRIES_REPEAT10_TOTAL_BTREE_FREE_CALLS	10021
LIST_EXNEXT_1000_ENTRIES_REPEAT10_TOTAL_BTREE_FREE_SAMPLES	10021
LIST_EXNEXT_1000_ENTRIES_REPEAT10_TOTAL_BTREE_FREE_SAMPLE_TICKS	23239
LIST_EXNEXT_1000_ENTRIES_REPEAT10_TOTAL_IFACE_ALLOC_CALLS	0
LIST_EXNEXT_1000_ENTRIES_REPEAT10_TOTAL_IFACE_ALLOC_SAMPLES	0
LIST_EXNEXT_1000_ENTRIES_REPEAT10_TOTAL_IFACE_ALLOC_SAMPLE_TICKS	0
LIST_EXNEXT_1000_ENTRIES_REPEAT10_TOTAL_FREESPACE_ALLOC_SAMPLES	0
LIST_EXNEXT_1000_ENTRIES_REPEAT10_TOTAL_FREESPACE_ALLOC_SAMPLE_TICKS	0
LIST_EXNEXT_1000_ENTRIES_REPEAT10_TOTAL_PACKET_CALLS	10022
LIST_EXNEXT_1000_ENTRIES_REPEAT10_TOTAL_PACKET_SAMPLES	10022
LIST_EXNEXT_1000_ENTRIES_REPEAT10_TOTAL_PACKET_SAMPLE_TICKS	1342972
LIST_EXNEXT_1000_ENTRIES_REPEAT10_TOTAL_PACKET_OPEN_CALLS	0
LIST_EXNEXT_1000_ENTRIES_REPEAT10_TOTAL_PACKET_OPEN_SAMPLES	0
LIST_EXNEXT_1000_ENTRIES_REPEAT10_TOTAL_PACKET_OPEN_SAMPLE_TICKS	0
LIST_EXNEXT_1000_ENTRIES_REPEAT10_TOTAL_PACKET_READ_CALLS	0
LIST_EXNEXT_1000_ENTRIES_REPEAT10_TOTAL_PACKET_READ_SAMPLES	0
LIST_EXNEXT_1000_ENTRIES_REPEAT10_TOTAL_PACKET_READ_SAMPLE_TICKS	0
LIST_EXNEXT_1000_ENTRIES_REPEAT10_TOTAL_PACKET_WRITE_CALLS	0
LIST_EXNEXT_1000_ENTRIES_REPEAT10_TOTAL_PACKET_WRITE_SAMPLES	0
LIST_EXNEXT_1000_ENTRIES_REPEAT10_TOTAL_PACKET_WRITE_SAMPLE_TICKS	0
LIST_EXNEXT_1000_ENTRIES_REPEAT10_TOTAL_PACKET_END_CALLS	0
LIST_EXNEXT_1000_ENTRIES_REPEAT10_TOTAL_PACKET_END_SAMPLES	0
LIST_EXNEXT_1000_ENTRIES_REPEAT10_TOTAL_PACKET_END_SAMPLE_TICKS	0
LIST_EXNEXT_1000_ENTRIES_REPEAT10_TOTAL_PACKET_DELETE_CALLS	0
LIST_EXNEXT_1000_ENTRIES_REPEAT10_TOTAL_PACKET_DELETE_SAMPLES	0
LIST_EXNEXT_1000_ENTRIES_REPEAT10_TOTAL_PACKET_DELETE_SAMPLE_TICKS	0
LIST_EXNEXT_1000_ENTRIES_REPEAT10_TOTAL_PACKET_FLUSH_CALLS	0
LIST_EXNEXT_1000_ENTRIES_REPEAT10_TOTAL_PACKET_FLUSH_SAMPLES	0
LIST_EXNEXT_1000_ENTRIES_REPEAT10_TOTAL_PACKET_FLUSH_SAMPLE_TICKS	0
LIST_EXNEXT_1000_ENTRIES_REPEAT10_TOTAL_PACKET_OTHER_CALLS	10022
LIST_EXNEXT_1000_ENTRIES_REPEAT10_TOTAL_PACKET_OTHER_SAMPLES	10022
LIST_EXNEXT_1000_ENTRIES_REPEAT10_TOTAL_PACKET_OTHER_SAMPLE_TICKS	1342972
LIST_EXNEXT_1000_ENTRIES_REPEAT10_TOTAL_CORE_CREATE_CALLS	0
LIST_EXNEXT_1000_ENTRIES_REPEAT10_TOTAL_CORE_CREATE_SAMPLES	0
LIST_EXNEXT_1000_ENTRIES_REPEAT10_TOTAL_CORE_CREATE_SAMPLE_TICKS	0
LIST_EXNEXT_1000_ENTRIES_REPEAT10_TOTAL_CORE_DELETE_CALLS	0
LIST_EXNEXT_1000_ENTRIES_REPEAT10_TOTAL_CORE_DELETE_SAMPLES	0
LIST_EXNEXT_1000_ENTRIES_REPEAT10_TOTAL_CORE_DELETE_SAMPLE_TICKS	0
LIST_EXNEXT_1000_ENTRIES_REPEAT10_TOTAL_CORE_FILE_WRITE_CALLS	0
LIST_EXNEXT_1000_ENTRIES_REPEAT10_TOTAL_CORE_FILE_WRITE_SAMPLES	0
LIST_EXNEXT_1000_ENTRIES_REPEAT10_TOTAL_CORE_FILE_WRITE_SAMPLE_TICKS	0
LIST_EXNEXT_1000_ENTRIES_REPEAT10_TOTAL_CORE_SYNC_CALLS	0
LIST_EXNEXT_1000_ENTRIES_REPEAT10_TOTAL_CORE_SYNC_SAMPLES	0
LIST_EXNEXT_1000_ENTRIES_REPEAT10_TOTAL_CORE_SYNC_SAMPLE_TICKS	0
LIST_EXNEXT_1000_ENTRIES_REPEAT10_TOTAL_IFACE_FREE_CALLS	0
LIST_EXNEXT_1000_ENTRIES_REPEAT10_TOTAL_IFACE_FREE_SAMPLES	0
LIST_EXNEXT_1000_ENTRIES_REPEAT10_TOTAL_IFACE_FREE_SAMPLE_TICKS	0
LIST_EXNEXT_1000_ENTRIES_REPEAT10_TOTAL_SEAL_COMMIT_CALLS	0
LIST_EXNEXT_1000_ENTRIES_REPEAT10_TOTAL_SEAL_COMMIT_SAMPLES	0
LIST_EXNEXT_1000_ENTRIES_REPEAT10_TOTAL_SEAL_COMMIT_SAMPLE_TICKS	0
LIST_EXNEXT_1000_ENTRIES_REPEAT10_TOTAL_INODE_READ_CALLS	10010
LIST_EXNEXT_1000_ENTRIES_REPEAT10_TOTAL_BTREE_SEARCH_CALLS	10011
LIST_EXNEXT_1000_ENTRIES_REPEAT10_TOTAL_BTREE_INDEX_HINT_HITS	0
LIST_EXNEXT_1000_ENTRIES_REPEAT10_TOTAL_BTREE_LEAF_HINT_HITS	9410
LIST_EXNEXT_1000_ENTRIES_REPEAT10_TOTAL_CACHE_READ_CALLS	1840
LIST_EXNEXT_1000_ENTRIES_REPEAT10_TOTAL_CACHE_READ_HITS	0
LIST_EXNEXT_1000_ENTRIES_REPEAT10_TOTAL_CACHE_READ_MISSES	1840
LIST_EXNEXT_1000_ENTRIES_REPEAT10_TOTAL_FREE_TREE_NODE_VIEWS	0
LIST_EXNEXT_1000_ENTRIES_REPEAT10_TOTAL_FREE_TREE_RESIDENT_VIEWS	0
LIST_EXNEXT_1000_ENTRIES_REPEAT10_TOTAL_DIR_TREE_NODE_VIEWS	6684
LIST_EXNEXT_1000_ENTRIES_REPEAT10_TOTAL_DIR_TREE_RESIDENT_VIEWS	5444
LIST_EXNEXT_1000_ENTRIES_REPEAT10_TOTAL_INODE_TREE_NODE_VIEWS	1200
LIST_EXNEXT_1000_ENTRIES_REPEAT10_TOTAL_INODE_TREE_RESIDENT_VIEWS	600
LIST_EXNEXT_1000_ENTRIES_REPEAT10_TOTAL_REFCOUNT_TREE_NODE_VIEWS	0
LIST_EXNEXT_1000_ENTRIES_REPEAT10_TOTAL_REFCOUNT_TREE_RESIDENT_VIEWS	0
LIST_EXNEXT_1000_ENTRIES_REPEAT10_TOTAL_OTHER_TREE_NODE_VIEWS	0
LIST_EXNEXT_1000_ENTRIES_REPEAT10_TOTAL_OTHER_TREE_RESIDENT_VIEWS	0
LIST_EXNEXT_1000_ENTRIES_REPEAT10_TOTAL_DIR_TREE_LEAF_NODE_VIEWS	2151
LIST_EXNEXT_1000_ENTRIES_REPEAT10_TOTAL_DIR_TREE_LEAF_RESIDENT_VIEWS	1061
LIST_EXNEXT_1000_ENTRIES_REPEAT10_TOTAL_DIR_TREE_INTERNAL_NODE_VIEWS	4533
LIST_EXNEXT_1000_ENTRIES_REPEAT10_TOTAL_DIR_TREE_INTERNAL_RESIDENT_VIEWS	4383
LIST_EXNEXT_1000_ENTRIES_REPEAT10_TOTAL_INODE_TREE_LEAF_NODE_VIEWS	600
LIST_EXNEXT_1000_ENTRIES_REPEAT10_TOTAL_INODE_TREE_LEAF_RESIDENT_VIEWS	0
LIST_EXNEXT_1000_ENTRIES_REPEAT10_TOTAL_INODE_TREE_INTERNAL_NODE_VIEWS	600
LIST_EXNEXT_1000_ENTRIES_REPEAT10_TOTAL_INODE_TREE_INTERNAL_RESIDENT_VIEWS	600
LIST_EXNEXT_1000_ENTRIES_REPEAT10_TOTAL_DETAIL_INODE_READ_CALLS	10010
LIST_EXNEXT_1000_ENTRIES_REPEAT10_TOTAL_DETAIL_INODE_READ_SAMPLES	588
LIST_EXNEXT_1000_ENTRIES_REPEAT10_TOTAL_DETAIL_INODE_READ_SAMPLE_TICKS	32439
LIST_EXNEXT_1000_ENTRIES_REPEAT10_TOTAL_DETAIL_INODE_VALIDATE_CALLS	10010
LIST_EXNEXT_1000_ENTRIES_REPEAT10_TOTAL_DETAIL_INODE_VALIDATE_SAMPLES	588
LIST_EXNEXT_1000_ENTRIES_REPEAT10_TOTAL_DETAIL_INODE_VALIDATE_SAMPLE_TICKS	2355
LIST_EXNEXT_1000_ENTRIES_REPEAT10_TOTAL_DETAIL_INODE_SEARCH_CALLS	10010
LIST_EXNEXT_1000_ENTRIES_REPEAT10_TOTAL_DETAIL_INODE_SEARCH_SAMPLES	588
LIST_EXNEXT_1000_ENTRIES_REPEAT10_TOTAL_DETAIL_INODE_SEARCH_SAMPLE_TICKS	24672
LIST_EXNEXT_1000_ENTRIES_REPEAT10_TOTAL_DETAIL_INODE_NODE_VIEW_CALLS	1200
LIST_EXNEXT_1000_ENTRIES_REPEAT10_TOTAL_DETAIL_INODE_NODE_VIEW_SAMPLES	70
LIST_EXNEXT_1000_ENTRIES_REPEAT10_TOTAL_DETAIL_INODE_NODE_VIEW_SAMPLE_TICKS	10293
LIST_EXNEXT_1000_ENTRIES_REPEAT10_TOTAL_DETAIL_DIR_NODE_VIEW_CALLS	6684
LIST_EXNEXT_1000_ENTRIES_REPEAT10_TOTAL_DETAIL_DIR_NODE_VIEW_SAMPLES	393
LIST_EXNEXT_1000_ENTRIES_REPEAT10_TOTAL_DETAIL_DIR_NODE_VIEW_SAMPLE_TICKS	29643
LIST_EXNEXT_1000_ENTRIES_REPEAT10_TOTAL_DETAIL_INODE_BINARY_SEARCH_CALLS	1200
LIST_EXNEXT_1000_ENTRIES_REPEAT10_TOTAL_DETAIL_INODE_BINARY_SEARCH_SAMPLES	70
LIST_EXNEXT_1000_ENTRIES_REPEAT10_TOTAL_DETAIL_INODE_BINARY_SEARCH_SAMPLE_TICKS	308
LIST_EXNEXT_1000_ENTRIES_REPEAT10_TOTAL_DETAIL_DIR_BINARY_SEARCH_CALLS	4324
LIST_EXNEXT_1000_ENTRIES_REPEAT10_TOTAL_DETAIL_DIR_BINARY_SEARCH_SAMPLES	254
LIST_EXNEXT_1000_ENTRIES_REPEAT10_TOTAL_DETAIL_DIR_BINARY_SEARCH_SAMPLE_TICKS	1503
LIST_EXNEXT_1000_ENTRIES_REPEAT10_TOTAL_DETAIL_NODE_STRUCTURE_CALLS	1840
LIST_EXNEXT_1000_ENTRIES_REPEAT10_TOTAL_DETAIL_NODE_STRUCTURE_SAMPLES	108
LIST_EXNEXT_1000_ENTRIES_REPEAT10_TOTAL_DETAIL_NODE_STRUCTURE_SAMPLE_TICKS	3260
LIST_EXNEXT_1000_ENTRIES_REPEAT10_TOTAL_DETAIL_CACHE_PEEK_CALLS	18495
LIST_EXNEXT_1000_ENTRIES_REPEAT10_TOTAL_DETAIL_CACHE_PEEK_SAMPLES	1087
LIST_EXNEXT_1000_ENTRIES_REPEAT10_TOTAL_DETAIL_CACHE_PEEK_SAMPLE_TICKS	4250
LIST_EXNEXT_1000_ENTRIES_REPEAT10_TOTAL_DETAIL_BUFFER_ALLOC_CALLS	10621
LIST_EXNEXT_1000_ENTRIES_REPEAT10_TOTAL_DETAIL_BUFFER_ALLOC_SAMPLES	624
LIST_EXNEXT_1000_ENTRIES_REPEAT10_TOTAL_DETAIL_BUFFER_ALLOC_SAMPLE_TICKS	2239
LIST_EXNEXT_1000_ENTRIES_REPEAT10_TOTAL_DETAIL_BUFFER_FREE_CALLS	10621
LIST_EXNEXT_1000_ENTRIES_REPEAT10_TOTAL_DETAIL_BUFFER_FREE_SAMPLES	624
LIST_EXNEXT_1000_ENTRIES_REPEAT10_TOTAL_DETAIL_BUFFER_FREE_SAMPLE_TICKS	2146
LIST_EXNEXT_1000_ENTRIES_REPEAT10_TOTAL_DETAIL_EXALL_FILL_CALLS	0
LIST_EXNEXT_1000_ENTRIES_REPEAT10_TOTAL_DETAIL_EXALL_FILL_SAMPLES	0
LIST_EXNEXT_1000_ENTRIES_REPEAT10_TOTAL_DETAIL_EXALL_FILL_SAMPLE_TICKS	0
LIST_EXNEXT_1000_ENTRIES_REPEAT10_TOTAL_DEFERRED_NODE_WRITES	0
LIST_EXALL_1000_ENTRIES_FIRST_PASS_US	166463
LIST_EXALL_1000_ENTRIES_FIRST_PASS_BIO_READS	175
LIST_EXALL_1000_ENTRIES_FIRST_PASS_BIO_WRITES	0
LIST_EXALL_1000_ENTRIES_FIRST_PASS_BIO_UPDATES	0
LIST_EXALL_1000_ENTRIES_FIRST_PASS_DATA_READS	0
LIST_EXALL_1000_ENTRIES_FIRST_PASS_DATA_WRITES	0
LIST_EXALL_1000_ENTRIES_FIRST_PASS_NODE_WRITES	0
LIST_EXALL_1000_ENTRIES_FIRST_PASS_TXN_COMMITS	0
LIST_EXALL_1000_ENTRIES_FIRST_PASS_FREESPACE_ALLOCS	0
LIST_EXALL_1000_ENTRIES_FIRST_PASS_EXTENT_MAPS	0
LIST_EXALL_1000_ENTRIES_FIRST_PASS_READ_TICKS	16280
LIST_EXALL_1000_ENTRIES_FIRST_PASS_WRITE_TICKS	0
LIST_EXALL_1000_ENTRIES_FIRST_PASS_UPDATE_TICKS	0
LIST_EXALL_1000_ENTRIES_FIRST_PASS_DATA_READ_TICKS	0
LIST_EXALL_1000_ENTRIES_FIRST_PASS_DATA_WRITE_TICKS	0
LIST_EXALL_1000_ENTRIES_FIRST_PASS_FREE_TREE_NODE_WRITES	0
LIST_EXALL_1000_ENTRIES_FIRST_PASS_FREE_TREE_ALLOCATION_BODY_NODE_WRITES	0
LIST_EXALL_1000_ENTRIES_FIRST_PASS_FREE_TREE_RESERVE_REFILL_NODE_WRITES	0
LIST_EXALL_1000_ENTRIES_FIRST_PASS_FREE_TREE_RESERVE_RETURN_NODE_WRITES	0
LIST_EXALL_1000_ENTRIES_FIRST_PASS_FREE_TREE_POST_PUBLISH_PENDING_RECLAIM_NODE_WRITES	0
LIST_EXALL_1000_ENTRIES_FIRST_PASS_FREE_TREE_OTHER_NODE_WRITES	0
LIST_EXALL_1000_ENTRIES_FIRST_PASS_DIR_TREE_NODE_WRITES	0
LIST_EXALL_1000_ENTRIES_FIRST_PASS_INODE_TREE_NODE_WRITES	0
LIST_EXALL_1000_ENTRIES_FIRST_PASS_REFCOUNT_TREE_NODE_WRITES	0
LIST_EXALL_1000_ENTRIES_FIRST_PASS_OTHER_TREE_NODE_WRITES	0
LIST_EXALL_1000_ENTRIES_FIRST_PASS_NODE_CRC_READ_CALLS	175
LIST_EXALL_1000_ENTRIES_FIRST_PASS_NODE_CRC_READ_SAMPLES	2
LIST_EXALL_1000_ENTRIES_FIRST_PASS_NODE_CRC_READ_SAMPLE_TICKS	227
LIST_EXALL_1000_ENTRIES_FIRST_PASS_NODE_CRC_WRITE_CALLS	0
LIST_EXALL_1000_ENTRIES_FIRST_PASS_NODE_CRC_WRITE_SAMPLES	0
LIST_EXALL_1000_ENTRIES_FIRST_PASS_NODE_CRC_WRITE_SAMPLE_TICKS	0
LIST_EXALL_1000_ENTRIES_FIRST_PASS_CLOCK_PAIR_TICKS	0
LIST_EXALL_1000_ENTRIES_FIRST_PASS_FREE_TREE_RESERVE_RETURN_CALLS	0
LIST_EXALL_1000_ENTRIES_FIRST_PASS_FREE_TREE_RESERVE_RETURN_RUNS	0
LIST_EXALL_1000_ENTRIES_FIRST_PASS_FREE_TREE_RESERVE_RETURN_BLOCKS	0
LIST_EXALL_1000_ENTRIES_FIRST_PASS_FREE_TREE_RESERVE_RETURN_RUNS_1_BLOCK	0
LIST_EXALL_1000_ENTRIES_FIRST_PASS_FREE_TREE_RESERVE_RETURN_RUNS_2_3_BLOCKS	0
LIST_EXALL_1000_ENTRIES_FIRST_PASS_FREE_TREE_RESERVE_RETURN_RUNS_4_7_BLOCKS	0
LIST_EXALL_1000_ENTRIES_FIRST_PASS_FREE_TREE_RESERVE_RETURN_RUNS_8_PLUS_BLOCKS	0
LIST_EXALL_1000_ENTRIES_FIRST_PASS_FREE_TREE_RESERVE_RETURN_MAX_RUN_BLOCKS	0
LIST_EXALL_1000_ENTRIES_FIRST_PASS_FREE_TREE_RESERVE_RETURN_MAX_NODE_WRITES_PER_RUN	0
LIST_EXALL_1000_ENTRIES_FIRST_PASS_POST_PUBLISH_RECLAIM_PASSES	0
LIST_EXALL_1000_ENTRIES_FIRST_PASS_MAX_POST_PUBLISH_RECLAIM_PASSES_PER_COMMIT	0
LIST_EXALL_1000_ENTRIES_FIRST_PASS_SUPERBLOCK_PUBLICATIONS	0
LIST_EXALL_1000_ENTRIES_FIRST_PASS_FREE_TREE_RESERVE_RETURN_RUN_NODE_WRITES	0
LIST_EXALL_1000_ENTRIES_FIRST_PASS_FREE_TREE_RESERVE_RETURN_BATCH_CALLS	0
LIST_EXALL_1000_ENTRIES_FIRST_PASS_FREE_TREE_RESERVE_RETURN_BATCH_BLOCKS	0
LIST_EXALL_1000_ENTRIES_FIRST_PASS_FREE_TREE_RESERVE_RETURN_BATCH_NODE_WRITES	0
LIST_EXALL_1000_ENTRIES_FIRST_PASS_FREE_TREE_RESERVE_RETURN_SKIP_SHAPE	0
LIST_EXALL_1000_ENTRIES_FIRST_PASS_FREE_TREE_RESERVE_RETURN_SKIP_SMALL	0
LIST_EXALL_1000_ENTRIES_FIRST_PASS_FREE_TREE_RESERVE_RETURN_SKIP_EMERGENCY	0
LIST_EXALL_1000_ENTRIES_FIRST_PASS_FREE_TREE_RESERVE_RETURN_SKIP_CAPACITY	0
LIST_EXALL_1000_ENTRIES_FIRST_PASS_SEALED_COMMITS	0
LIST_EXALL_1000_ENTRIES_FIRST_PASS_SEALED_METADATA_FENCES	0
LIST_EXALL_1000_ENTRIES_FIRST_PASS_BTREE_MALLOC_CALLS	12
LIST_EXALL_1000_ENTRIES_FIRST_PASS_BTREE_MALLOC_SAMPLES	12
LIST_EXALL_1000_ENTRIES_FIRST_PASS_BTREE_MALLOC_SAMPLE_TICKS	149
LIST_EXALL_1000_ENTRIES_FIRST_PASS_BTREE_FREE_CALLS	12
LIST_EXALL_1000_ENTRIES_FIRST_PASS_BTREE_FREE_SAMPLES	12
LIST_EXALL_1000_ENTRIES_FIRST_PASS_BTREE_FREE_SAMPLE_TICKS	105
LIST_EXALL_1000_ENTRIES_FIRST_PASS_IFACE_ALLOC_CALLS	0
LIST_EXALL_1000_ENTRIES_FIRST_PASS_IFACE_ALLOC_SAMPLES	0
LIST_EXALL_1000_ENTRIES_FIRST_PASS_IFACE_ALLOC_SAMPLE_TICKS	0
LIST_EXALL_1000_ENTRIES_FIRST_PASS_FREESPACE_ALLOC_SAMPLES	0
LIST_EXALL_1000_ENTRIES_FIRST_PASS_FREESPACE_ALLOC_SAMPLE_TICKS	0
LIST_EXALL_1000_ENTRIES_FIRST_PASS_PACKET_CALLS	13
LIST_EXALL_1000_ENTRIES_FIRST_PASS_PACKET_SAMPLES	13
LIST_EXALL_1000_ENTRIES_FIRST_PASS_PACKET_SAMPLE_TICKS	116344
LIST_EXALL_1000_ENTRIES_FIRST_PASS_PACKET_OPEN_CALLS	0
LIST_EXALL_1000_ENTRIES_FIRST_PASS_PACKET_OPEN_SAMPLES	0
LIST_EXALL_1000_ENTRIES_FIRST_PASS_PACKET_OPEN_SAMPLE_TICKS	0
LIST_EXALL_1000_ENTRIES_FIRST_PASS_PACKET_READ_CALLS	0
LIST_EXALL_1000_ENTRIES_FIRST_PASS_PACKET_READ_SAMPLES	0
LIST_EXALL_1000_ENTRIES_FIRST_PASS_PACKET_READ_SAMPLE_TICKS	0
LIST_EXALL_1000_ENTRIES_FIRST_PASS_PACKET_WRITE_CALLS	0
LIST_EXALL_1000_ENTRIES_FIRST_PASS_PACKET_WRITE_SAMPLES	0
LIST_EXALL_1000_ENTRIES_FIRST_PASS_PACKET_WRITE_SAMPLE_TICKS	0
LIST_EXALL_1000_ENTRIES_FIRST_PASS_PACKET_END_CALLS	0
LIST_EXALL_1000_ENTRIES_FIRST_PASS_PACKET_END_SAMPLES	0
LIST_EXALL_1000_ENTRIES_FIRST_PASS_PACKET_END_SAMPLE_TICKS	0
LIST_EXALL_1000_ENTRIES_FIRST_PASS_PACKET_DELETE_CALLS	0
LIST_EXALL_1000_ENTRIES_FIRST_PASS_PACKET_DELETE_SAMPLES	0
LIST_EXALL_1000_ENTRIES_FIRST_PASS_PACKET_DELETE_SAMPLE_TICKS	0
LIST_EXALL_1000_ENTRIES_FIRST_PASS_PACKET_FLUSH_CALLS	0
LIST_EXALL_1000_ENTRIES_FIRST_PASS_PACKET_FLUSH_SAMPLES	0
LIST_EXALL_1000_ENTRIES_FIRST_PASS_PACKET_FLUSH_SAMPLE_TICKS	0
LIST_EXALL_1000_ENTRIES_FIRST_PASS_PACKET_OTHER_CALLS	13
LIST_EXALL_1000_ENTRIES_FIRST_PASS_PACKET_OTHER_SAMPLES	13
LIST_EXALL_1000_ENTRIES_FIRST_PASS_PACKET_OTHER_SAMPLE_TICKS	116344
LIST_EXALL_1000_ENTRIES_FIRST_PASS_CORE_CREATE_CALLS	0
LIST_EXALL_1000_ENTRIES_FIRST_PASS_CORE_CREATE_SAMPLES	0
LIST_EXALL_1000_ENTRIES_FIRST_PASS_CORE_CREATE_SAMPLE_TICKS	0
LIST_EXALL_1000_ENTRIES_FIRST_PASS_CORE_DELETE_CALLS	0
LIST_EXALL_1000_ENTRIES_FIRST_PASS_CORE_DELETE_SAMPLES	0
LIST_EXALL_1000_ENTRIES_FIRST_PASS_CORE_DELETE_SAMPLE_TICKS	0
LIST_EXALL_1000_ENTRIES_FIRST_PASS_CORE_FILE_WRITE_CALLS	0
LIST_EXALL_1000_ENTRIES_FIRST_PASS_CORE_FILE_WRITE_SAMPLES	0
LIST_EXALL_1000_ENTRIES_FIRST_PASS_CORE_FILE_WRITE_SAMPLE_TICKS	0
LIST_EXALL_1000_ENTRIES_FIRST_PASS_CORE_SYNC_CALLS	0
LIST_EXALL_1000_ENTRIES_FIRST_PASS_CORE_SYNC_SAMPLES	0
LIST_EXALL_1000_ENTRIES_FIRST_PASS_CORE_SYNC_SAMPLE_TICKS	0
LIST_EXALL_1000_ENTRIES_FIRST_PASS_IFACE_FREE_CALLS	0
LIST_EXALL_1000_ENTRIES_FIRST_PASS_IFACE_FREE_SAMPLES	0
LIST_EXALL_1000_ENTRIES_FIRST_PASS_IFACE_FREE_SAMPLE_TICKS	0
LIST_EXALL_1000_ENTRIES_FIRST_PASS_SEAL_COMMIT_CALLS	0
LIST_EXALL_1000_ENTRIES_FIRST_PASS_SEAL_COMMIT_SAMPLES	0
LIST_EXALL_1000_ENTRIES_FIRST_PASS_SEAL_COMMIT_SAMPLE_TICKS	0
LIST_EXALL_1000_ENTRIES_FIRST_PASS_INODE_READ_CALLS	1010
LIST_EXALL_1000_ENTRIES_FIRST_PASS_BTREE_SEARCH_CALLS	1011
LIST_EXALL_1000_ENTRIES_FIRST_PASS_BTREE_INDEX_HINT_HITS	10
LIST_EXALL_1000_ENTRIES_FIRST_PASS_BTREE_LEAF_HINT_HITS	941
LIST_EXALL_1000_ENTRIES_FIRST_PASS_CACHE_READ_CALLS	175
LIST_EXALL_1000_ENTRIES_FIRST_PASS_CACHE_READ_HITS	0
LIST_EXALL_1000_ENTRIES_FIRST_PASS_CACHE_READ_MISSES	175
LIST_EXALL_1000_ENTRIES_FIRST_PASS_FREE_TREE_NODE_VIEWS	0
LIST_EXALL_1000_ENTRIES_FIRST_PASS_FREE_TREE_RESIDENT_VIEWS	0
LIST_EXALL_1000_ENTRIES_FIRST_PASS_DIR_TREE_NODE_VIEWS	283
LIST_EXALL_1000_ENTRIES_FIRST_PASS_DIR_TREE_RESIDENT_VIEWS	167
LIST_EXALL_1000_ENTRIES_FIRST_PASS_INODE_TREE_NODE_VIEWS	118
LIST_EXALL_1000_ENTRIES_FIRST_PASS_INODE_TREE_RESIDENT_VIEWS	59
LIST_EXALL_1000_ENTRIES_FIRST_PASS_REFCOUNT_TREE_NODE_VIEWS	0
LIST_EXALL_1000_ENTRIES_FIRST_PASS_REFCOUNT_TREE_RESIDENT_VIEWS	0
LIST_EXALL_1000_ENTRIES_FIRST_PASS_OTHER_TREE_NODE_VIEWS	0
LIST_EXALL_1000_ENTRIES_FIRST_PASS_OTHER_TREE_RESIDENT_VIEWS	0
LIST_EXALL_1000_ENTRIES_FIRST_PASS_DIR_TREE_LEAF_NODE_VIEWS	118
LIST_EXALL_1000_ENTRIES_FIRST_PASS_DIR_TREE_LEAF_RESIDENT_VIEWS	15
LIST_EXALL_1000_ENTRIES_FIRST_PASS_DIR_TREE_INTERNAL_NODE_VIEWS	165
LIST_EXALL_1000_ENTRIES_FIRST_PASS_DIR_TREE_INTERNAL_RESIDENT_VIEWS	152
LIST_EXALL_1000_ENTRIES_FIRST_PASS_INODE_TREE_LEAF_NODE_VIEWS	59
LIST_EXALL_1000_ENTRIES_FIRST_PASS_INODE_TREE_LEAF_RESIDENT_VIEWS	0
LIST_EXALL_1000_ENTRIES_FIRST_PASS_INODE_TREE_INTERNAL_NODE_VIEWS	59
LIST_EXALL_1000_ENTRIES_FIRST_PASS_INODE_TREE_INTERNAL_RESIDENT_VIEWS	59
LIST_EXALL_1000_ENTRIES_FIRST_PASS_DETAIL_INODE_READ_CALLS	1010
LIST_EXALL_1000_ENTRIES_FIRST_PASS_DETAIL_INODE_READ_SAMPLES	59
LIST_EXALL_1000_ENTRIES_FIRST_PASS_DETAIL_INODE_READ_SAMPLE_TICKS	4850
LIST_EXALL_1000_ENTRIES_FIRST_PASS_DETAIL_INODE_VALIDATE_CALLS	1010
LIST_EXALL_1000_ENTRIES_FIRST_PASS_DETAIL_INODE_VALIDATE_SAMPLES	59
LIST_EXALL_1000_ENTRIES_FIRST_PASS_DETAIL_INODE_VALIDATE_SAMPLE_TICKS	242
LIST_EXALL_1000_ENTRIES_FIRST_PASS_DETAIL_INODE_SEARCH_CALLS	1010
LIST_EXALL_1000_ENTRIES_FIRST_PASS_DETAIL_INODE_SEARCH_SAMPLES	59
LIST_EXALL_1000_ENTRIES_FIRST_PASS_DETAIL_INODE_SEARCH_SAMPLE_TICKS	3895
LIST_EXALL_1000_ENTRIES_FIRST_PASS_DETAIL_INODE_NODE_VIEW_CALLS	118
LIST_EXALL_1000_ENTRIES_FIRST_PASS_DETAIL_INODE_NODE_VIEW_SAMPLES	6
LIST_EXALL_1000_ENTRIES_FIRST_PASS_DETAIL_INODE_NODE_VIEW_SAMPLE_TICKS	1225
LIST_EXALL_1000_ENTRIES_FIRST_PASS_DETAIL_DIR_NODE_VIEW_CALLS	283
LIST_EXALL_1000_ENTRIES_FIRST_PASS_DETAIL_DIR_NODE_VIEW_SAMPLES	16
LIST_EXALL_1000_ENTRIES_FIRST_PASS_DETAIL_DIR_NODE_VIEW_SAMPLE_TICKS	3395
LIST_EXALL_1000_ENTRIES_FIRST_PASS_DETAIL_INODE_BINARY_SEARCH_CALLS	118
LIST_EXALL_1000_ENTRIES_FIRST_PASS_DETAIL_INODE_BINARY_SEARCH_SAMPLES	6
LIST_EXALL_1000_ENTRIES_FIRST_PASS_DETAIL_INODE_BINARY_SEARCH_SAMPLE_TICKS	46
LIST_EXALL_1000_ENTRIES_FIRST_PASS_DETAIL_DIR_BINARY_SEARCH_CALLS	54
LIST_EXALL_1000_ENTRIES_FIRST_PASS_DETAIL_DIR_BINARY_SEARCH_SAMPLES	3
LIST_EXALL_1000_ENTRIES_FIRST_PASS_DETAIL_DIR_BINARY_SEARCH_SAMPLE_TICKS	45
LIST_EXALL_1000_ENTRIES_FIRST_PASS_DETAIL_NODE_STRUCTURE_CALLS	175
LIST_EXALL_1000_ENTRIES_FIRST_PASS_DETAIL_NODE_STRUCTURE_SAMPLES	10
LIST_EXALL_1000_ENTRIES_FIRST_PASS_DETAIL_NODE_STRUCTURE_SAMPLE_TICKS	226
LIST_EXALL_1000_ENTRIES_FIRST_PASS_DETAIL_CACHE_PEEK_CALLS	1442
LIST_EXALL_1000_ENTRIES_FIRST_PASS_DETAIL_CACHE_PEEK_SAMPLES	84
LIST_EXALL_1000_ENTRIES_FIRST_PASS_DETAIL_CACHE_PEEK_SAMPLE_TICKS	383
LIST_EXALL_1000_ENTRIES_FIRST_PASS_DETAIL_BUFFER_ALLOC_CALLS	71
LIST_EXALL_1000_ENTRIES_FIRST_PASS_DETAIL_BUFFER_ALLOC_SAMPLES	4
LIST_EXALL_1000_ENTRIES_FIRST_PASS_DETAIL_BUFFER_ALLOC_SAMPLE_TICKS	89
LIST_EXALL_1000_ENTRIES_FIRST_PASS_DETAIL_BUFFER_FREE_CALLS	71
LIST_EXALL_1000_ENTRIES_FIRST_PASS_DETAIL_BUFFER_FREE_SAMPLES	4
LIST_EXALL_1000_ENTRIES_FIRST_PASS_DETAIL_BUFFER_FREE_SAMPLE_TICKS	0
LIST_EXALL_1000_ENTRIES_FIRST_PASS_DETAIL_EXALL_FILL_CALLS	1011
LIST_EXALL_1000_ENTRIES_FIRST_PASS_DETAIL_EXALL_FILL_SAMPLES	59
LIST_EXALL_1000_ENTRIES_FIRST_PASS_DETAIL_EXALL_FILL_SAMPLE_TICKS	4943
LIST_EXALL_1000_ENTRIES_FIRST_PASS_DEFERRED_NODE_WRITES	0
LIST_EXALL_1000_ENTRIES_REPEAT10_TOTAL_US	1099194
LIST_EXALL_1000_ENTRIES_REPEAT10_TOTAL_BIO_READS	1713
LIST_EXALL_1000_ENTRIES_REPEAT10_TOTAL_BIO_WRITES	0
LIST_EXALL_1000_ENTRIES_REPEAT10_TOTAL_BIO_UPDATES	0
LIST_EXALL_1000_ENTRIES_REPEAT10_TOTAL_DATA_READS	0
LIST_EXALL_1000_ENTRIES_REPEAT10_TOTAL_DATA_WRITES	0
LIST_EXALL_1000_ENTRIES_REPEAT10_TOTAL_NODE_WRITES	0
LIST_EXALL_1000_ENTRIES_REPEAT10_TOTAL_TXN_COMMITS	0
LIST_EXALL_1000_ENTRIES_REPEAT10_TOTAL_FREESPACE_ALLOCS	0
LIST_EXALL_1000_ENTRIES_REPEAT10_TOTAL_EXTENT_MAPS	0
LIST_EXALL_1000_ENTRIES_REPEAT10_TOTAL_READ_TICKS	113826
LIST_EXALL_1000_ENTRIES_REPEAT10_TOTAL_WRITE_TICKS	0
LIST_EXALL_1000_ENTRIES_REPEAT10_TOTAL_UPDATE_TICKS	0
LIST_EXALL_1000_ENTRIES_REPEAT10_TOTAL_DATA_READ_TICKS	0
LIST_EXALL_1000_ENTRIES_REPEAT10_TOTAL_DATA_WRITE_TICKS	0
LIST_EXALL_1000_ENTRIES_REPEAT10_TOTAL_FREE_TREE_NODE_WRITES	0
LIST_EXALL_1000_ENTRIES_REPEAT10_TOTAL_FREE_TREE_ALLOCATION_BODY_NODE_WRITES	0
LIST_EXALL_1000_ENTRIES_REPEAT10_TOTAL_FREE_TREE_RESERVE_REFILL_NODE_WRITES	0
LIST_EXALL_1000_ENTRIES_REPEAT10_TOTAL_FREE_TREE_RESERVE_RETURN_NODE_WRITES	0
LIST_EXALL_1000_ENTRIES_REPEAT10_TOTAL_FREE_TREE_POST_PUBLISH_PENDING_RECLAIM_NODE_WRITES	0
LIST_EXALL_1000_ENTRIES_REPEAT10_TOTAL_FREE_TREE_OTHER_NODE_WRITES	0
LIST_EXALL_1000_ENTRIES_REPEAT10_TOTAL_DIR_TREE_NODE_WRITES	0
LIST_EXALL_1000_ENTRIES_REPEAT10_TOTAL_INODE_TREE_NODE_WRITES	0
LIST_EXALL_1000_ENTRIES_REPEAT10_TOTAL_REFCOUNT_TREE_NODE_WRITES	0
LIST_EXALL_1000_ENTRIES_REPEAT10_TOTAL_OTHER_TREE_NODE_WRITES	0
LIST_EXALL_1000_ENTRIES_REPEAT10_TOTAL_NODE_CRC_READ_CALLS	1713
LIST_EXALL_1000_ENTRIES_REPEAT10_TOTAL_NODE_CRC_READ_SAMPLES	26
LIST_EXALL_1000_ENTRIES_REPEAT10_TOTAL_NODE_CRC_READ_SAMPLE_TICKS	4191
LIST_EXALL_1000_ENTRIES_REPEAT10_TOTAL_NODE_CRC_WRITE_CALLS	0
LIST_EXALL_1000_ENTRIES_REPEAT10_TOTAL_NODE_CRC_WRITE_SAMPLES	0
LIST_EXALL_1000_ENTRIES_REPEAT10_TOTAL_NODE_CRC_WRITE_SAMPLE_TICKS	0
LIST_EXALL_1000_ENTRIES_REPEAT10_TOTAL_CLOCK_PAIR_TICKS	0
LIST_EXALL_1000_ENTRIES_REPEAT10_TOTAL_FREE_TREE_RESERVE_RETURN_CALLS	0
LIST_EXALL_1000_ENTRIES_REPEAT10_TOTAL_FREE_TREE_RESERVE_RETURN_RUNS	0
LIST_EXALL_1000_ENTRIES_REPEAT10_TOTAL_FREE_TREE_RESERVE_RETURN_BLOCKS	0
LIST_EXALL_1000_ENTRIES_REPEAT10_TOTAL_FREE_TREE_RESERVE_RETURN_RUNS_1_BLOCK	0
LIST_EXALL_1000_ENTRIES_REPEAT10_TOTAL_FREE_TREE_RESERVE_RETURN_RUNS_2_3_BLOCKS	0
LIST_EXALL_1000_ENTRIES_REPEAT10_TOTAL_FREE_TREE_RESERVE_RETURN_RUNS_4_7_BLOCKS	0
LIST_EXALL_1000_ENTRIES_REPEAT10_TOTAL_FREE_TREE_RESERVE_RETURN_RUNS_8_PLUS_BLOCKS	0
LIST_EXALL_1000_ENTRIES_REPEAT10_TOTAL_FREE_TREE_RESERVE_RETURN_MAX_RUN_BLOCKS	0
LIST_EXALL_1000_ENTRIES_REPEAT10_TOTAL_FREE_TREE_RESERVE_RETURN_MAX_NODE_WRITES_PER_RUN	0
LIST_EXALL_1000_ENTRIES_REPEAT10_TOTAL_POST_PUBLISH_RECLAIM_PASSES	0
LIST_EXALL_1000_ENTRIES_REPEAT10_TOTAL_MAX_POST_PUBLISH_RECLAIM_PASSES_PER_COMMIT	0
LIST_EXALL_1000_ENTRIES_REPEAT10_TOTAL_SUPERBLOCK_PUBLICATIONS	0
LIST_EXALL_1000_ENTRIES_REPEAT10_TOTAL_FREE_TREE_RESERVE_RETURN_RUN_NODE_WRITES	0
LIST_EXALL_1000_ENTRIES_REPEAT10_TOTAL_FREE_TREE_RESERVE_RETURN_BATCH_CALLS	0
LIST_EXALL_1000_ENTRIES_REPEAT10_TOTAL_FREE_TREE_RESERVE_RETURN_BATCH_BLOCKS	0
LIST_EXALL_1000_ENTRIES_REPEAT10_TOTAL_FREE_TREE_RESERVE_RETURN_BATCH_NODE_WRITES	0
LIST_EXALL_1000_ENTRIES_REPEAT10_TOTAL_FREE_TREE_RESERVE_RETURN_SKIP_SHAPE	0
LIST_EXALL_1000_ENTRIES_REPEAT10_TOTAL_FREE_TREE_RESERVE_RETURN_SKIP_SMALL	0
LIST_EXALL_1000_ENTRIES_REPEAT10_TOTAL_FREE_TREE_RESERVE_RETURN_SKIP_EMERGENCY	0
LIST_EXALL_1000_ENTRIES_REPEAT10_TOTAL_FREE_TREE_RESERVE_RETURN_SKIP_CAPACITY	0
LIST_EXALL_1000_ENTRIES_REPEAT10_TOTAL_SEALED_COMMITS	0
LIST_EXALL_1000_ENTRIES_REPEAT10_TOTAL_SEALED_METADATA_FENCES	0
LIST_EXALL_1000_ENTRIES_REPEAT10_TOTAL_BTREE_MALLOC_CALLS	111
LIST_EXALL_1000_ENTRIES_REPEAT10_TOTAL_BTREE_MALLOC_SAMPLES	111
LIST_EXALL_1000_ENTRIES_REPEAT10_TOTAL_BTREE_MALLOC_SAMPLE_TICKS	1091
LIST_EXALL_1000_ENTRIES_REPEAT10_TOTAL_BTREE_FREE_CALLS	111
LIST_EXALL_1000_ENTRIES_REPEAT10_TOTAL_BTREE_FREE_SAMPLES	111
LIST_EXALL_1000_ENTRIES_REPEAT10_TOTAL_BTREE_FREE_SAMPLE_TICKS	639
LIST_EXALL_1000_ENTRIES_REPEAT10_TOTAL_IFACE_ALLOC_CALLS	0
LIST_EXALL_1000_ENTRIES_REPEAT10_TOTAL_IFACE_ALLOC_SAMPLES	0
LIST_EXALL_1000_ENTRIES_REPEAT10_TOTAL_IFACE_ALLOC_SAMPLE_TICKS	0
LIST_EXALL_1000_ENTRIES_REPEAT10_TOTAL_FREESPACE_ALLOC_SAMPLES	0
LIST_EXALL_1000_ENTRIES_REPEAT10_TOTAL_FREESPACE_ALLOC_SAMPLE_TICKS	0
LIST_EXALL_1000_ENTRIES_REPEAT10_TOTAL_PACKET_CALLS	112
LIST_EXALL_1000_ENTRIES_REPEAT10_TOTAL_PACKET_SAMPLES	112
LIST_EXALL_1000_ENTRIES_REPEAT10_TOTAL_PACKET_SAMPLE_TICKS	769792
LIST_EXALL_1000_ENTRIES_REPEAT10_TOTAL_PACKET_OPEN_CALLS	0
LIST_EXALL_1000_ENTRIES_REPEAT10_TOTAL_PACKET_OPEN_SAMPLES	0
LIST_EXALL_1000_ENTRIES_REPEAT10_TOTAL_PACKET_OPEN_SAMPLE_TICKS	0
LIST_EXALL_1000_ENTRIES_REPEAT10_TOTAL_PACKET_READ_CALLS	0
LIST_EXALL_1000_ENTRIES_REPEAT10_TOTAL_PACKET_READ_SAMPLES	0
LIST_EXALL_1000_ENTRIES_REPEAT10_TOTAL_PACKET_READ_SAMPLE_TICKS	0
LIST_EXALL_1000_ENTRIES_REPEAT10_TOTAL_PACKET_WRITE_CALLS	0
LIST_EXALL_1000_ENTRIES_REPEAT10_TOTAL_PACKET_WRITE_SAMPLES	0
LIST_EXALL_1000_ENTRIES_REPEAT10_TOTAL_PACKET_WRITE_SAMPLE_TICKS	0
LIST_EXALL_1000_ENTRIES_REPEAT10_TOTAL_PACKET_END_CALLS	0
LIST_EXALL_1000_ENTRIES_REPEAT10_TOTAL_PACKET_END_SAMPLES	0
LIST_EXALL_1000_ENTRIES_REPEAT10_TOTAL_PACKET_END_SAMPLE_TICKS	0
LIST_EXALL_1000_ENTRIES_REPEAT10_TOTAL_PACKET_DELETE_CALLS	0
LIST_EXALL_1000_ENTRIES_REPEAT10_TOTAL_PACKET_DELETE_SAMPLES	0
LIST_EXALL_1000_ENTRIES_REPEAT10_TOTAL_PACKET_DELETE_SAMPLE_TICKS	0
LIST_EXALL_1000_ENTRIES_REPEAT10_TOTAL_PACKET_FLUSH_CALLS	0
LIST_EXALL_1000_ENTRIES_REPEAT10_TOTAL_PACKET_FLUSH_SAMPLES	0
LIST_EXALL_1000_ENTRIES_REPEAT10_TOTAL_PACKET_FLUSH_SAMPLE_TICKS	0
LIST_EXALL_1000_ENTRIES_REPEAT10_TOTAL_PACKET_OTHER_CALLS	112
LIST_EXALL_1000_ENTRIES_REPEAT10_TOTAL_PACKET_OTHER_SAMPLES	112
LIST_EXALL_1000_ENTRIES_REPEAT10_TOTAL_PACKET_OTHER_SAMPLE_TICKS	769792
LIST_EXALL_1000_ENTRIES_REPEAT10_TOTAL_CORE_CREATE_CALLS	0
LIST_EXALL_1000_ENTRIES_REPEAT10_TOTAL_CORE_CREATE_SAMPLES	0
LIST_EXALL_1000_ENTRIES_REPEAT10_TOTAL_CORE_CREATE_SAMPLE_TICKS	0
LIST_EXALL_1000_ENTRIES_REPEAT10_TOTAL_CORE_DELETE_CALLS	0
LIST_EXALL_1000_ENTRIES_REPEAT10_TOTAL_CORE_DELETE_SAMPLES	0
LIST_EXALL_1000_ENTRIES_REPEAT10_TOTAL_CORE_DELETE_SAMPLE_TICKS	0
LIST_EXALL_1000_ENTRIES_REPEAT10_TOTAL_CORE_FILE_WRITE_CALLS	0
LIST_EXALL_1000_ENTRIES_REPEAT10_TOTAL_CORE_FILE_WRITE_SAMPLES	0
LIST_EXALL_1000_ENTRIES_REPEAT10_TOTAL_CORE_FILE_WRITE_SAMPLE_TICKS	0
LIST_EXALL_1000_ENTRIES_REPEAT10_TOTAL_CORE_SYNC_CALLS	0
LIST_EXALL_1000_ENTRIES_REPEAT10_TOTAL_CORE_SYNC_SAMPLES	0
LIST_EXALL_1000_ENTRIES_REPEAT10_TOTAL_CORE_SYNC_SAMPLE_TICKS	0
LIST_EXALL_1000_ENTRIES_REPEAT10_TOTAL_IFACE_FREE_CALLS	0
LIST_EXALL_1000_ENTRIES_REPEAT10_TOTAL_IFACE_FREE_SAMPLES	0
LIST_EXALL_1000_ENTRIES_REPEAT10_TOTAL_IFACE_FREE_SAMPLE_TICKS	0
LIST_EXALL_1000_ENTRIES_REPEAT10_TOTAL_SEAL_COMMIT_CALLS	0
LIST_EXALL_1000_ENTRIES_REPEAT10_TOTAL_SEAL_COMMIT_SAMPLES	0
LIST_EXALL_1000_ENTRIES_REPEAT10_TOTAL_SEAL_COMMIT_SAMPLE_TICKS	0
LIST_EXALL_1000_ENTRIES_REPEAT10_TOTAL_INODE_READ_CALLS	10100
LIST_EXALL_1000_ENTRIES_REPEAT10_TOTAL_BTREE_SEARCH_CALLS	10101
LIST_EXALL_1000_ENTRIES_REPEAT10_TOTAL_BTREE_INDEX_HINT_HITS	100
LIST_EXALL_1000_ENTRIES_REPEAT10_TOTAL_BTREE_LEAF_HINT_HITS	9440
LIST_EXALL_1000_ENTRIES_REPEAT10_TOTAL_CACHE_READ_CALLS	1713
LIST_EXALL_1000_ENTRIES_REPEAT10_TOTAL_CACHE_READ_HITS	0
LIST_EXALL_1000_ENTRIES_REPEAT10_TOTAL_CACHE_READ_MISSES	1713
LIST_EXALL_1000_ENTRIES_REPEAT10_TOTAL_FREE_TREE_NODE_VIEWS	0
LIST_EXALL_1000_ENTRIES_REPEAT10_TOTAL_FREE_TREE_RESIDENT_VIEWS	0
LIST_EXALL_1000_ENTRIES_REPEAT10_TOTAL_DIR_TREE_NODE_VIEWS	2794
LIST_EXALL_1000_ENTRIES_REPEAT10_TOTAL_DIR_TREE_RESIDENT_VIEWS	1641
LIST_EXALL_1000_ENTRIES_REPEAT10_TOTAL_INODE_TREE_NODE_VIEWS	1120
LIST_EXALL_1000_ENTRIES_REPEAT10_TOTAL_INODE_TREE_RESIDENT_VIEWS	560
LIST_EXALL_1000_ENTRIES_REPEAT10_TOTAL_REFCOUNT_TREE_NODE_VIEWS	0
LIST_EXALL_1000_ENTRIES_REPEAT10_TOTAL_REFCOUNT_TREE_RESIDENT_VIEWS	0
LIST_EXALL_1000_ENTRIES_REPEAT10_TOTAL_OTHER_TREE_NODE_VIEWS	0
LIST_EXALL_1000_ENTRIES_REPEAT10_TOTAL_OTHER_TREE_RESIDENT_VIEWS	0
LIST_EXALL_1000_ENTRIES_REPEAT10_TOTAL_DIR_TREE_LEAF_NODE_VIEWS	1171
LIST_EXALL_1000_ENTRIES_REPEAT10_TOTAL_DIR_TREE_LEAF_RESIDENT_VIEWS	140
LIST_EXALL_1000_ENTRIES_REPEAT10_TOTAL_DIR_TREE_INTERNAL_NODE_VIEWS	1623
LIST_EXALL_1000_ENTRIES_REPEAT10_TOTAL_DIR_TREE_INTERNAL_RESIDENT_VIEWS	1501
LIST_EXALL_1000_ENTRIES_REPEAT10_TOTAL_INODE_TREE_LEAF_NODE_VIEWS	560
LIST_EXALL_1000_ENTRIES_REPEAT10_TOTAL_INODE_TREE_LEAF_RESIDENT_VIEWS	0
LIST_EXALL_1000_ENTRIES_REPEAT10_TOTAL_INODE_TREE_INTERNAL_NODE_VIEWS	560
LIST_EXALL_1000_ENTRIES_REPEAT10_TOTAL_INODE_TREE_INTERNAL_RESIDENT_VIEWS	560
LIST_EXALL_1000_ENTRIES_REPEAT10_TOTAL_DETAIL_INODE_READ_CALLS	10100
LIST_EXALL_1000_ENTRIES_REPEAT10_TOTAL_DETAIL_INODE_READ_SAMPLES	594
LIST_EXALL_1000_ENTRIES_REPEAT10_TOTAL_DETAIL_INODE_READ_SAMPLE_TICKS	24019
LIST_EXALL_1000_ENTRIES_REPEAT10_TOTAL_DETAIL_INODE_VALIDATE_CALLS	10100
LIST_EXALL_1000_ENTRIES_REPEAT10_TOTAL_DETAIL_INODE_VALIDATE_SAMPLES	594
LIST_EXALL_1000_ENTRIES_REPEAT10_TOTAL_DETAIL_INODE_VALIDATE_SAMPLE_TICKS	1876
LIST_EXALL_1000_ENTRIES_REPEAT10_TOTAL_DETAIL_INODE_SEARCH_CALLS	10100
LIST_EXALL_1000_ENTRIES_REPEAT10_TOTAL_DETAIL_INODE_SEARCH_SAMPLES	594
LIST_EXALL_1000_ENTRIES_REPEAT10_TOTAL_DETAIL_INODE_SEARCH_SAMPLE_TICKS	16204
LIST_EXALL_1000_ENTRIES_REPEAT10_TOTAL_DETAIL_INODE_NODE_VIEW_CALLS	1120
LIST_EXALL_1000_ENTRIES_REPEAT10_TOTAL_DETAIL_INODE_NODE_VIEW_SAMPLES	65
LIST_EXALL_1000_ENTRIES_REPEAT10_TOTAL_DETAIL_INODE_NODE_VIEW_SAMPLE_TICKS	8022
LIST_EXALL_1000_ENTRIES_REPEAT10_TOTAL_DETAIL_DIR_NODE_VIEW_CALLS	2794
LIST_EXALL_1000_ENTRIES_REPEAT10_TOTAL_DETAIL_DIR_NODE_VIEW_SAMPLES	164
LIST_EXALL_1000_ENTRIES_REPEAT10_TOTAL_DETAIL_DIR_NODE_VIEW_SAMPLE_TICKS	20583
LIST_EXALL_1000_ENTRIES_REPEAT10_TOTAL_DETAIL_INODE_BINARY_SEARCH_CALLS	1120
LIST_EXALL_1000_ENTRIES_REPEAT10_TOTAL_DETAIL_INODE_BINARY_SEARCH_SAMPLES	65
LIST_EXALL_1000_ENTRIES_REPEAT10_TOTAL_DETAIL_INODE_BINARY_SEARCH_SAMPLE_TICKS	213
LIST_EXALL_1000_ENTRIES_REPEAT10_TOTAL_DETAIL_DIR_BINARY_SEARCH_CALLS	504
LIST_EXALL_1000_ENTRIES_REPEAT10_TOTAL_DETAIL_DIR_BINARY_SEARCH_SAMPLES	29
LIST_EXALL_1000_ENTRIES_REPEAT10_TOTAL_DETAIL_DIR_BINARY_SEARCH_SAMPLE_TICKS	45
LIST_EXALL_1000_ENTRIES_REPEAT10_TOTAL_DETAIL_NODE_STRUCTURE_CALLS	1713
LIST_EXALL_1000_ENTRIES_REPEAT10_TOTAL_DETAIL_NODE_STRUCTURE_SAMPLES	100
LIST_EXALL_1000_ENTRIES_REPEAT10_TOTAL_DETAIL_NODE_STRUCTURE_SAMPLE_TICKS	1661
LIST_EXALL_1000_ENTRIES_REPEAT10_TOTAL_DETAIL_CACHE_PEEK_CALLS	14575
LIST_EXALL_1000_ENTRIES_REPEAT10_TOTAL_DETAIL_CACHE_PEEK_SAMPLES	857
LIST_EXALL_1000_ENTRIES_REPEAT10_TOTAL_DETAIL_CACHE_PEEK_SAMPLE_TICKS	3407
LIST_EXALL_1000_ENTRIES_REPEAT10_TOTAL_DETAIL_BUFFER_ALLOC_CALLS	671
LIST_EXALL_1000_ENTRIES_REPEAT10_TOTAL_DETAIL_BUFFER_ALLOC_SAMPLES	39
LIST_EXALL_1000_ENTRIES_REPEAT10_TOTAL_DETAIL_BUFFER_ALLOC_SAMPLE_TICKS	33
LIST_EXALL_1000_ENTRIES_REPEAT10_TOTAL_DETAIL_BUFFER_FREE_CALLS	671
LIST_EXALL_1000_ENTRIES_REPEAT10_TOTAL_DETAIL_BUFFER_FREE_SAMPLES	39
LIST_EXALL_1000_ENTRIES_REPEAT10_TOTAL_DETAIL_BUFFER_FREE_SAMPLE_TICKS	139
LIST_EXALL_1000_ENTRIES_REPEAT10_TOTAL_DETAIL_EXALL_FILL_CALLS	10110
LIST_EXALL_1000_ENTRIES_REPEAT10_TOTAL_DETAIL_EXALL_FILL_SAMPLES	594
LIST_EXALL_1000_ENTRIES_REPEAT10_TOTAL_DETAIL_EXALL_FILL_SAMPLE_TICKS	25580
LIST_EXALL_1000_ENTRIES_REPEAT10_TOTAL_DEFERRED_NODE_WRITES	0
CLOCK_HZ	709379
CRC_SAMPLE_STRIDE	64
CPU_SAMPLE_STRIDE	1
DETAIL_SAMPLE_STRIDE	17
PASS	1
