FS_SPLIT_COMPARE	1
DRIVE	DH1:
DURABLE_MODE	1
PROBE_ENABLED	1
SMALL_CREATE_40_US	68226
SMALL_CREATE_40_WORK_US	61185
SMALL_CREATE_40_VOLUME_FLUSH_US	7041
SMALL_CREATE_40_HAS_VOLUME_FLUSH	1
SMALL_CREATE_40_GUEST_OPEN_CALLS	40
SMALL_CREATE_40_GUEST_OPEN_US	33995
SMALL_CREATE_40_GUEST_READ_CALLS	0
SMALL_CREATE_40_GUEST_READ_US	0
SMALL_CREATE_40_GUEST_WRITE_CALLS	40
SMALL_CREATE_40_GUEST_WRITE_US	22353
SMALL_CREATE_40_GUEST_HANDLE_FLUSH_CALLS	40
SMALL_CREATE_40_GUEST_HANDLE_FLUSH_US	243
SMALL_CREATE_40_GUEST_CLOSE_CALLS	40
SMALL_CREATE_40_GUEST_CLOSE_US	2751
SMALL_CREATE_40_GUEST_VERIFY_CALLS	0
SMALL_CREATE_40_GUEST_VERIFY_US	0
SMALL_CREATE_40_WORK_BIO_READS	0
SMALL_CREATE_40_WORK_BIO_WRITES	40
SMALL_CREATE_40_WORK_BIO_UPDATES	0
SMALL_CREATE_40_WORK_DATA_READS	0
SMALL_CREATE_40_WORK_DATA_WRITES	40
SMALL_CREATE_40_WORK_NODE_WRITES	0
SMALL_CREATE_40_WORK_TXN_COMMITS	0
SMALL_CREATE_40_WORK_EXTENT_MAPS	40
SMALL_CREATE_40_WORK_READ_TICKS	0
SMALL_CREATE_40_WORK_WRITE_TICKS	4246
SMALL_CREATE_40_WORK_UPDATE_TICKS	0
SMALL_CREATE_40_WORK_DATA_READ_TICKS	0
SMALL_CREATE_40_WORK_DATA_WRITE_TICKS	4246
SMALL_CREATE_40_WORK_NODE_CRC_READ_CALLS	0
SMALL_CREATE_40_WORK_NODE_CRC_READ_SAMPLES	0
SMALL_CREATE_40_WORK_NODE_CRC_READ_SAMPLE_TICKS	0
SMALL_CREATE_40_WORK_NODE_CRC_WRITE_CALLS	0
SMALL_CREATE_40_WORK_NODE_CRC_WRITE_SAMPLES	0
SMALL_CREATE_40_WORK_NODE_CRC_WRITE_SAMPLE_TICKS	0
SMALL_CREATE_40_WORK_CLOCK_PAIR_TICKS	0
SMALL_CREATE_40_WORK_PACKET_CALLS	120
SMALL_CREATE_40_WORK_PACKET_SAMPLES	120
SMALL_CREATE_40_WORK_PACKET_SAMPLE_TICKS	34567
SMALL_CREATE_40_WORK_PACKET_OPEN_CALLS	40
SMALL_CREATE_40_WORK_PACKET_OPEN_SAMPLES	40
SMALL_CREATE_40_WORK_PACKET_OPEN_SAMPLE_TICKS	19881
SMALL_CREATE_40_WORK_PACKET_READ_CALLS	0
SMALL_CREATE_40_WORK_PACKET_READ_SAMPLES	0
SMALL_CREATE_40_WORK_PACKET_READ_SAMPLE_TICKS	0
SMALL_CREATE_40_WORK_PACKET_WRITE_CALLS	40
SMALL_CREATE_40_WORK_PACKET_WRITE_SAMPLES	40
SMALL_CREATE_40_WORK_PACKET_WRITE_SAMPLE_TICKS	14301
SMALL_CREATE_40_WORK_PACKET_END_CALLS	40
SMALL_CREATE_40_WORK_PACKET_END_SAMPLES	40
SMALL_CREATE_40_WORK_PACKET_END_SAMPLE_TICKS	385
SMALL_CREATE_40_WORK_PACKET_DELETE_CALLS	0
SMALL_CREATE_40_WORK_PACKET_DELETE_SAMPLES	0
SMALL_CREATE_40_WORK_PACKET_DELETE_SAMPLE_TICKS	0
SMALL_CREATE_40_WORK_PACKET_FLUSH_CALLS	0
SMALL_CREATE_40_WORK_PACKET_FLUSH_SAMPLES	0
SMALL_CREATE_40_WORK_PACKET_FLUSH_SAMPLE_TICKS	0
SMALL_CREATE_40_WORK_PACKET_OTHER_CALLS	0
SMALL_CREATE_40_WORK_PACKET_OTHER_SAMPLES	0
SMALL_CREATE_40_WORK_PACKET_OTHER_SAMPLE_TICKS	0
SMALL_CREATE_40_WORK_CORE_CREATE_CALLS	40
SMALL_CREATE_40_WORK_CORE_CREATE_SAMPLES	40
SMALL_CREATE_40_WORK_CORE_CREATE_SAMPLE_TICKS	10534
SMALL_CREATE_40_WORK_CORE_DELETE_CALLS	0
SMALL_CREATE_40_WORK_CORE_DELETE_SAMPLES	0
SMALL_CREATE_40_WORK_CORE_DELETE_SAMPLE_TICKS	0
SMALL_CREATE_40_WORK_CORE_FILE_WRITE_CALLS	40
SMALL_CREATE_40_WORK_CORE_FILE_WRITE_SAMPLES	40
SMALL_CREATE_40_WORK_CORE_FILE_WRITE_SAMPLE_TICKS	13060
SMALL_CREATE_40_WORK_CORE_SYNC_CALLS	0
SMALL_CREATE_40_WORK_CORE_SYNC_SAMPLES	0
SMALL_CREATE_40_WORK_CORE_SYNC_SAMPLE_TICKS	0
SMALL_CREATE_40_WORK_IFACE_FREE_CALLS	0
SMALL_CREATE_40_WORK_IFACE_FREE_SAMPLES	0
SMALL_CREATE_40_WORK_IFACE_FREE_SAMPLE_TICKS	0
SMALL_CREATE_40_WORK_SEAL_COMMIT_CALLS	0
SMALL_CREATE_40_WORK_SEAL_COMMIT_SAMPLES	0
SMALL_CREATE_40_WORK_SEAL_COMMIT_SAMPLE_TICKS	0
SMALL_CREATE_40_WORK_INODE_READ_CALLS	200
SMALL_CREATE_40_WORK_BTREE_SEARCH_CALLS	280
SMALL_CREATE_40_WORK_BTREE_INDEX_HINT_HITS	120
SMALL_CREATE_40_WORK_BTREE_LEAF_HINT_HITS	0
SMALL_CREATE_40_WORK_CACHE_READ_CALLS	9
SMALL_CREATE_40_WORK_CACHE_READ_HITS	9
SMALL_CREATE_40_WORK_CACHE_READ_MISSES	0
SMALL_CREATE_40_WORK_FREE_TREE_NODE_VIEWS	45
SMALL_CREATE_40_WORK_FREE_TREE_RESIDENT_VIEWS	45
SMALL_CREATE_40_WORK_DIR_TREE_NODE_VIEWS	136
SMALL_CREATE_40_WORK_DIR_TREE_RESIDENT_VIEWS	136
SMALL_CREATE_40_WORK_INODE_TREE_NODE_VIEWS	80
SMALL_CREATE_40_WORK_INODE_TREE_RESIDENT_VIEWS	80
SMALL_CREATE_40_WORK_REFCOUNT_TREE_NODE_VIEWS	0
SMALL_CREATE_40_WORK_REFCOUNT_TREE_RESIDENT_VIEWS	0
SMALL_CREATE_40_WORK_OTHER_TREE_NODE_VIEWS	0
SMALL_CREATE_40_WORK_OTHER_TREE_RESIDENT_VIEWS	0
SMALL_CREATE_40_VOLUME_FLUSH_BIO_READS	0
SMALL_CREATE_40_VOLUME_FLUSH_BIO_WRITES	10
SMALL_CREATE_40_VOLUME_FLUSH_BIO_UPDATES	3
SMALL_CREATE_40_VOLUME_FLUSH_DATA_READS	0
SMALL_CREATE_40_VOLUME_FLUSH_DATA_WRITES	0
SMALL_CREATE_40_VOLUME_FLUSH_NODE_WRITES	9
SMALL_CREATE_40_VOLUME_FLUSH_TXN_COMMITS	1
SMALL_CREATE_40_VOLUME_FLUSH_EXTENT_MAPS	0
SMALL_CREATE_40_VOLUME_FLUSH_READ_TICKS	0
SMALL_CREATE_40_VOLUME_FLUSH_WRITE_TICKS	578
SMALL_CREATE_40_VOLUME_FLUSH_UPDATE_TICKS	135
SMALL_CREATE_40_VOLUME_FLUSH_DATA_READ_TICKS	0
SMALL_CREATE_40_VOLUME_FLUSH_DATA_WRITE_TICKS	0
SMALL_CREATE_40_VOLUME_FLUSH_NODE_CRC_READ_CALLS	0
SMALL_CREATE_40_VOLUME_FLUSH_NODE_CRC_READ_SAMPLES	0
SMALL_CREATE_40_VOLUME_FLUSH_NODE_CRC_READ_SAMPLE_TICKS	0
SMALL_CREATE_40_VOLUME_FLUSH_NODE_CRC_WRITE_CALLS	9
SMALL_CREATE_40_VOLUME_FLUSH_NODE_CRC_WRITE_SAMPLES	9
SMALL_CREATE_40_VOLUME_FLUSH_NODE_CRC_WRITE_SAMPLE_TICKS	2250
SMALL_CREATE_40_VOLUME_FLUSH_CLOCK_PAIR_TICKS	0
SMALL_CREATE_40_VOLUME_FLUSH_PACKET_CALLS	1
SMALL_CREATE_40_VOLUME_FLUSH_PACKET_SAMPLES	1
SMALL_CREATE_40_VOLUME_FLUSH_PACKET_SAMPLE_TICKS	4903
SMALL_CREATE_40_VOLUME_FLUSH_PACKET_OPEN_CALLS	0
SMALL_CREATE_40_VOLUME_FLUSH_PACKET_OPEN_SAMPLES	0
SMALL_CREATE_40_VOLUME_FLUSH_PACKET_OPEN_SAMPLE_TICKS	0
SMALL_CREATE_40_VOLUME_FLUSH_PACKET_READ_CALLS	0
SMALL_CREATE_40_VOLUME_FLUSH_PACKET_READ_SAMPLES	0
SMALL_CREATE_40_VOLUME_FLUSH_PACKET_READ_SAMPLE_TICKS	0
SMALL_CREATE_40_VOLUME_FLUSH_PACKET_WRITE_CALLS	0
SMALL_CREATE_40_VOLUME_FLUSH_PACKET_WRITE_SAMPLES	0
SMALL_CREATE_40_VOLUME_FLUSH_PACKET_WRITE_SAMPLE_TICKS	0
SMALL_CREATE_40_VOLUME_FLUSH_PACKET_END_CALLS	0
SMALL_CREATE_40_VOLUME_FLUSH_PACKET_END_SAMPLES	0
SMALL_CREATE_40_VOLUME_FLUSH_PACKET_END_SAMPLE_TICKS	0
SMALL_CREATE_40_VOLUME_FLUSH_PACKET_DELETE_CALLS	0
SMALL_CREATE_40_VOLUME_FLUSH_PACKET_DELETE_SAMPLES	0
SMALL_CREATE_40_VOLUME_FLUSH_PACKET_DELETE_SAMPLE_TICKS	0
SMALL_CREATE_40_VOLUME_FLUSH_PACKET_FLUSH_CALLS	1
SMALL_CREATE_40_VOLUME_FLUSH_PACKET_FLUSH_SAMPLES	1
SMALL_CREATE_40_VOLUME_FLUSH_PACKET_FLUSH_SAMPLE_TICKS	4903
SMALL_CREATE_40_VOLUME_FLUSH_PACKET_OTHER_CALLS	0
SMALL_CREATE_40_VOLUME_FLUSH_PACKET_OTHER_SAMPLES	0
SMALL_CREATE_40_VOLUME_FLUSH_PACKET_OTHER_SAMPLE_TICKS	0
SMALL_CREATE_40_VOLUME_FLUSH_CORE_CREATE_CALLS	0
SMALL_CREATE_40_VOLUME_FLUSH_CORE_CREATE_SAMPLES	0
SMALL_CREATE_40_VOLUME_FLUSH_CORE_CREATE_SAMPLE_TICKS	0
SMALL_CREATE_40_VOLUME_FLUSH_CORE_DELETE_CALLS	0
SMALL_CREATE_40_VOLUME_FLUSH_CORE_DELETE_SAMPLES	0
SMALL_CREATE_40_VOLUME_FLUSH_CORE_DELETE_SAMPLE_TICKS	0
SMALL_CREATE_40_VOLUME_FLUSH_CORE_FILE_WRITE_CALLS	0
SMALL_CREATE_40_VOLUME_FLUSH_CORE_FILE_WRITE_SAMPLES	0
SMALL_CREATE_40_VOLUME_FLUSH_CORE_FILE_WRITE_SAMPLE_TICKS	0
SMALL_CREATE_40_VOLUME_FLUSH_CORE_SYNC_CALLS	1
SMALL_CREATE_40_VOLUME_FLUSH_CORE_SYNC_SAMPLES	1
SMALL_CREATE_40_VOLUME_FLUSH_CORE_SYNC_SAMPLE_TICKS	4903
SMALL_CREATE_40_VOLUME_FLUSH_IFACE_FREE_CALLS	0
SMALL_CREATE_40_VOLUME_FLUSH_IFACE_FREE_SAMPLES	0
SMALL_CREATE_40_VOLUME_FLUSH_IFACE_FREE_SAMPLE_TICKS	0
SMALL_CREATE_40_VOLUME_FLUSH_SEAL_COMMIT_CALLS	1
SMALL_CREATE_40_VOLUME_FLUSH_SEAL_COMMIT_SAMPLES	1
SMALL_CREATE_40_VOLUME_FLUSH_SEAL_COMMIT_SAMPLE_TICKS	817
SMALL_CREATE_40_VOLUME_FLUSH_INODE_READ_CALLS	0
SMALL_CREATE_40_VOLUME_FLUSH_BTREE_SEARCH_CALLS	0
SMALL_CREATE_40_VOLUME_FLUSH_BTREE_INDEX_HINT_HITS	0
SMALL_CREATE_40_VOLUME_FLUSH_BTREE_LEAF_HINT_HITS	0
SMALL_CREATE_40_VOLUME_FLUSH_CACHE_READ_CALLS	5
SMALL_CREATE_40_VOLUME_FLUSH_CACHE_READ_HITS	5
SMALL_CREATE_40_VOLUME_FLUSH_CACHE_READ_MISSES	0
SMALL_CREATE_40_VOLUME_FLUSH_FREE_TREE_NODE_VIEWS	1
SMALL_CREATE_40_VOLUME_FLUSH_FREE_TREE_RESIDENT_VIEWS	1
SMALL_CREATE_40_VOLUME_FLUSH_DIR_TREE_NODE_VIEWS	0
SMALL_CREATE_40_VOLUME_FLUSH_DIR_TREE_RESIDENT_VIEWS	0
SMALL_CREATE_40_VOLUME_FLUSH_INODE_TREE_NODE_VIEWS	0
SMALL_CREATE_40_VOLUME_FLUSH_INODE_TREE_RESIDENT_VIEWS	0
SMALL_CREATE_40_VOLUME_FLUSH_REFCOUNT_TREE_NODE_VIEWS	0
SMALL_CREATE_40_VOLUME_FLUSH_REFCOUNT_TREE_RESIDENT_VIEWS	0
SMALL_CREATE_40_VOLUME_FLUSH_OTHER_TREE_NODE_VIEWS	0
SMALL_CREATE_40_VOLUME_FLUSH_OTHER_TREE_RESIDENT_VIEWS	0
LOOKUP_400_US	98751
LOOKUP_400_WORK_US	98751
LOOKUP_400_VOLUME_FLUSH_US	0
LOOKUP_400_HAS_VOLUME_FLUSH	0
LOOKUP_400_GUEST_OPEN_CALLS	0
LOOKUP_400_GUEST_OPEN_US	0
LOOKUP_400_GUEST_READ_CALLS	0
LOOKUP_400_GUEST_READ_US	0
LOOKUP_400_GUEST_WRITE_CALLS	0
LOOKUP_400_GUEST_WRITE_US	0
LOOKUP_400_GUEST_HANDLE_FLUSH_CALLS	0
LOOKUP_400_GUEST_HANDLE_FLUSH_US	0
LOOKUP_400_GUEST_CLOSE_CALLS	0
LOOKUP_400_GUEST_CLOSE_US	0
LOOKUP_400_GUEST_VERIFY_CALLS	0
LOOKUP_400_GUEST_VERIFY_US	0
LOOKUP_400_WORK_BIO_READS	0
LOOKUP_400_WORK_BIO_WRITES	0
LOOKUP_400_WORK_BIO_UPDATES	0
LOOKUP_400_WORK_DATA_READS	0
LOOKUP_400_WORK_DATA_WRITES	0
LOOKUP_400_WORK_NODE_WRITES	0
LOOKUP_400_WORK_TXN_COMMITS	0
LOOKUP_400_WORK_EXTENT_MAPS	0
LOOKUP_400_WORK_READ_TICKS	0
LOOKUP_400_WORK_WRITE_TICKS	0
LOOKUP_400_WORK_UPDATE_TICKS	0
LOOKUP_400_WORK_DATA_READ_TICKS	0
LOOKUP_400_WORK_DATA_WRITE_TICKS	0
LOOKUP_400_WORK_NODE_CRC_READ_CALLS	0
LOOKUP_400_WORK_NODE_CRC_READ_SAMPLES	0
LOOKUP_400_WORK_NODE_CRC_READ_SAMPLE_TICKS	0
LOOKUP_400_WORK_NODE_CRC_WRITE_CALLS	0
LOOKUP_400_WORK_NODE_CRC_WRITE_SAMPLES	0
LOOKUP_400_WORK_NODE_CRC_WRITE_SAMPLE_TICKS	0
LOOKUP_400_WORK_CLOCK_PAIR_TICKS	1
LOOKUP_400_WORK_PACKET_CALLS	800
LOOKUP_400_WORK_PACKET_SAMPLES	800
LOOKUP_400_WORK_PACKET_SAMPLE_TICKS	41322
LOOKUP_400_WORK_PACKET_OPEN_CALLS	0
LOOKUP_400_WORK_PACKET_OPEN_SAMPLES	0
LOOKUP_400_WORK_PACKET_OPEN_SAMPLE_TICKS	0
LOOKUP_400_WORK_PACKET_READ_CALLS	0
LOOKUP_400_WORK_PACKET_READ_SAMPLES	0
LOOKUP_400_WORK_PACKET_READ_SAMPLE_TICKS	0
LOOKUP_400_WORK_PACKET_WRITE_CALLS	0
LOOKUP_400_WORK_PACKET_WRITE_SAMPLES	0
LOOKUP_400_WORK_PACKET_WRITE_SAMPLE_TICKS	0
LOOKUP_400_WORK_PACKET_END_CALLS	0
LOOKUP_400_WORK_PACKET_END_SAMPLES	0
LOOKUP_400_WORK_PACKET_END_SAMPLE_TICKS	0
LOOKUP_400_WORK_PACKET_DELETE_CALLS	0
LOOKUP_400_WORK_PACKET_DELETE_SAMPLES	0
LOOKUP_400_WORK_PACKET_DELETE_SAMPLE_TICKS	0
LOOKUP_400_WORK_PACKET_FLUSH_CALLS	0
LOOKUP_400_WORK_PACKET_FLUSH_SAMPLES	0
LOOKUP_400_WORK_PACKET_FLUSH_SAMPLE_TICKS	0
LOOKUP_400_WORK_PACKET_OTHER_CALLS	800
LOOKUP_400_WORK_PACKET_OTHER_SAMPLES	800
LOOKUP_400_WORK_PACKET_OTHER_SAMPLE_TICKS	41322
LOOKUP_400_WORK_CORE_CREATE_CALLS	0
LOOKUP_400_WORK_CORE_CREATE_SAMPLES	0
LOOKUP_400_WORK_CORE_CREATE_SAMPLE_TICKS	0
LOOKUP_400_WORK_CORE_DELETE_CALLS	0
LOOKUP_400_WORK_CORE_DELETE_SAMPLES	0
LOOKUP_400_WORK_CORE_DELETE_SAMPLE_TICKS	0
LOOKUP_400_WORK_CORE_FILE_WRITE_CALLS	0
LOOKUP_400_WORK_CORE_FILE_WRITE_SAMPLES	0
LOOKUP_400_WORK_CORE_FILE_WRITE_SAMPLE_TICKS	0
LOOKUP_400_WORK_CORE_SYNC_CALLS	0
LOOKUP_400_WORK_CORE_SYNC_SAMPLES	0
LOOKUP_400_WORK_CORE_SYNC_SAMPLE_TICKS	0
LOOKUP_400_WORK_IFACE_FREE_CALLS	0
LOOKUP_400_WORK_IFACE_FREE_SAMPLES	0
LOOKUP_400_WORK_IFACE_FREE_SAMPLE_TICKS	0
LOOKUP_400_WORK_SEAL_COMMIT_CALLS	0
LOOKUP_400_WORK_SEAL_COMMIT_SAMPLES	0
LOOKUP_400_WORK_SEAL_COMMIT_SAMPLE_TICKS	0
LOOKUP_400_WORK_INODE_READ_CALLS	0
LOOKUP_400_WORK_BTREE_SEARCH_CALLS	800
LOOKUP_400_WORK_BTREE_INDEX_HINT_HITS	0
LOOKUP_400_WORK_BTREE_LEAF_HINT_HITS	139
LOOKUP_400_WORK_CACHE_READ_CALLS	6
LOOKUP_400_WORK_CACHE_READ_HITS	6
LOOKUP_400_WORK_CACHE_READ_MISSES	0
LOOKUP_400_WORK_FREE_TREE_NODE_VIEWS	0
LOOKUP_400_WORK_FREE_TREE_RESIDENT_VIEWS	0
LOOKUP_400_WORK_DIR_TREE_NODE_VIEWS	1322
LOOKUP_400_WORK_DIR_TREE_RESIDENT_VIEWS	1316
LOOKUP_400_WORK_INODE_TREE_NODE_VIEWS	0
LOOKUP_400_WORK_INODE_TREE_RESIDENT_VIEWS	0
LOOKUP_400_WORK_REFCOUNT_TREE_NODE_VIEWS	0
LOOKUP_400_WORK_REFCOUNT_TREE_RESIDENT_VIEWS	0
LOOKUP_400_WORK_OTHER_TREE_NODE_VIEWS	0
LOOKUP_400_WORK_OTHER_TREE_RESIDENT_VIEWS	0
LOOKUP_400_VOLUME_FLUSH_BIO_READS	0
LOOKUP_400_VOLUME_FLUSH_BIO_WRITES	0
LOOKUP_400_VOLUME_FLUSH_BIO_UPDATES	0
LOOKUP_400_VOLUME_FLUSH_DATA_READS	0
LOOKUP_400_VOLUME_FLUSH_DATA_WRITES	0
LOOKUP_400_VOLUME_FLUSH_NODE_WRITES	0
LOOKUP_400_VOLUME_FLUSH_TXN_COMMITS	0
LOOKUP_400_VOLUME_FLUSH_EXTENT_MAPS	0
LOOKUP_400_VOLUME_FLUSH_READ_TICKS	0
LOOKUP_400_VOLUME_FLUSH_WRITE_TICKS	0
LOOKUP_400_VOLUME_FLUSH_UPDATE_TICKS	0
LOOKUP_400_VOLUME_FLUSH_DATA_READ_TICKS	0
LOOKUP_400_VOLUME_FLUSH_DATA_WRITE_TICKS	0
LOOKUP_400_VOLUME_FLUSH_NODE_CRC_READ_CALLS	0
LOOKUP_400_VOLUME_FLUSH_NODE_CRC_READ_SAMPLES	0
LOOKUP_400_VOLUME_FLUSH_NODE_CRC_READ_SAMPLE_TICKS	0
LOOKUP_400_VOLUME_FLUSH_NODE_CRC_WRITE_CALLS	0
LOOKUP_400_VOLUME_FLUSH_NODE_CRC_WRITE_SAMPLES	0
LOOKUP_400_VOLUME_FLUSH_NODE_CRC_WRITE_SAMPLE_TICKS	0
LOOKUP_400_VOLUME_FLUSH_CLOCK_PAIR_TICKS	0
LOOKUP_400_VOLUME_FLUSH_PACKET_CALLS	0
LOOKUP_400_VOLUME_FLUSH_PACKET_SAMPLES	0
LOOKUP_400_VOLUME_FLUSH_PACKET_SAMPLE_TICKS	0
LOOKUP_400_VOLUME_FLUSH_PACKET_OPEN_CALLS	0
LOOKUP_400_VOLUME_FLUSH_PACKET_OPEN_SAMPLES	0
LOOKUP_400_VOLUME_FLUSH_PACKET_OPEN_SAMPLE_TICKS	0
LOOKUP_400_VOLUME_FLUSH_PACKET_READ_CALLS	0
LOOKUP_400_VOLUME_FLUSH_PACKET_READ_SAMPLES	0
LOOKUP_400_VOLUME_FLUSH_PACKET_READ_SAMPLE_TICKS	0
LOOKUP_400_VOLUME_FLUSH_PACKET_WRITE_CALLS	0
LOOKUP_400_VOLUME_FLUSH_PACKET_WRITE_SAMPLES	0
LOOKUP_400_VOLUME_FLUSH_PACKET_WRITE_SAMPLE_TICKS	0
LOOKUP_400_VOLUME_FLUSH_PACKET_END_CALLS	0
LOOKUP_400_VOLUME_FLUSH_PACKET_END_SAMPLES	0
LOOKUP_400_VOLUME_FLUSH_PACKET_END_SAMPLE_TICKS	0
LOOKUP_400_VOLUME_FLUSH_PACKET_DELETE_CALLS	0
LOOKUP_400_VOLUME_FLUSH_PACKET_DELETE_SAMPLES	0
LOOKUP_400_VOLUME_FLUSH_PACKET_DELETE_SAMPLE_TICKS	0
LOOKUP_400_VOLUME_FLUSH_PACKET_FLUSH_CALLS	0
LOOKUP_400_VOLUME_FLUSH_PACKET_FLUSH_SAMPLES	0
LOOKUP_400_VOLUME_FLUSH_PACKET_FLUSH_SAMPLE_TICKS	0
LOOKUP_400_VOLUME_FLUSH_PACKET_OTHER_CALLS	0
LOOKUP_400_VOLUME_FLUSH_PACKET_OTHER_SAMPLES	0
LOOKUP_400_VOLUME_FLUSH_PACKET_OTHER_SAMPLE_TICKS	0
LOOKUP_400_VOLUME_FLUSH_CORE_CREATE_CALLS	0
LOOKUP_400_VOLUME_FLUSH_CORE_CREATE_SAMPLES	0
LOOKUP_400_VOLUME_FLUSH_CORE_CREATE_SAMPLE_TICKS	0
LOOKUP_400_VOLUME_FLUSH_CORE_DELETE_CALLS	0
LOOKUP_400_VOLUME_FLUSH_CORE_DELETE_SAMPLES	0
LOOKUP_400_VOLUME_FLUSH_CORE_DELETE_SAMPLE_TICKS	0
LOOKUP_400_VOLUME_FLUSH_CORE_FILE_WRITE_CALLS	0
LOOKUP_400_VOLUME_FLUSH_CORE_FILE_WRITE_SAMPLES	0
LOOKUP_400_VOLUME_FLUSH_CORE_FILE_WRITE_SAMPLE_TICKS	0
LOOKUP_400_VOLUME_FLUSH_CORE_SYNC_CALLS	0
LOOKUP_400_VOLUME_FLUSH_CORE_SYNC_SAMPLES	0
LOOKUP_400_VOLUME_FLUSH_CORE_SYNC_SAMPLE_TICKS	0
LOOKUP_400_VOLUME_FLUSH_IFACE_FREE_CALLS	0
LOOKUP_400_VOLUME_FLUSH_IFACE_FREE_SAMPLES	0
LOOKUP_400_VOLUME_FLUSH_IFACE_FREE_SAMPLE_TICKS	0
LOOKUP_400_VOLUME_FLUSH_SEAL_COMMIT_CALLS	0
LOOKUP_400_VOLUME_FLUSH_SEAL_COMMIT_SAMPLES	0
LOOKUP_400_VOLUME_FLUSH_SEAL_COMMIT_SAMPLE_TICKS	0
LOOKUP_400_VOLUME_FLUSH_INODE_READ_CALLS	0
LOOKUP_400_VOLUME_FLUSH_BTREE_SEARCH_CALLS	0
LOOKUP_400_VOLUME_FLUSH_BTREE_INDEX_HINT_HITS	0
LOOKUP_400_VOLUME_FLUSH_BTREE_LEAF_HINT_HITS	0
LOOKUP_400_VOLUME_FLUSH_CACHE_READ_CALLS	0
LOOKUP_400_VOLUME_FLUSH_CACHE_READ_HITS	0
LOOKUP_400_VOLUME_FLUSH_CACHE_READ_MISSES	0
LOOKUP_400_VOLUME_FLUSH_FREE_TREE_NODE_VIEWS	0
LOOKUP_400_VOLUME_FLUSH_FREE_TREE_RESIDENT_VIEWS	0
LOOKUP_400_VOLUME_FLUSH_DIR_TREE_NODE_VIEWS	0
LOOKUP_400_VOLUME_FLUSH_DIR_TREE_RESIDENT_VIEWS	0
LOOKUP_400_VOLUME_FLUSH_INODE_TREE_NODE_VIEWS	0
LOOKUP_400_VOLUME_FLUSH_INODE_TREE_RESIDENT_VIEWS	0
LOOKUP_400_VOLUME_FLUSH_REFCOUNT_TREE_NODE_VIEWS	0
LOOKUP_400_VOLUME_FLUSH_REFCOUNT_TREE_RESIDENT_VIEWS	0
LOOKUP_400_VOLUME_FLUSH_OTHER_TREE_NODE_VIEWS	0
LOOKUP_400_VOLUME_FLUSH_OTHER_TREE_RESIDENT_VIEWS	0
SMALL_READ_40_US	27713
SMALL_READ_40_WORK_US	27713
SMALL_READ_40_VOLUME_FLUSH_US	0
SMALL_READ_40_HAS_VOLUME_FLUSH	0
SMALL_READ_40_GUEST_OPEN_CALLS	40
SMALL_READ_40_GUEST_OPEN_US	11523
SMALL_READ_40_GUEST_READ_CALLS	80
SMALL_READ_40_GUEST_READ_US	12002
SMALL_READ_40_GUEST_WRITE_CALLS	0
SMALL_READ_40_GUEST_WRITE_US	0
SMALL_READ_40_GUEST_HANDLE_FLUSH_CALLS	0
SMALL_READ_40_GUEST_HANDLE_FLUSH_US	0
SMALL_READ_40_GUEST_CLOSE_CALLS	40
SMALL_READ_40_GUEST_CLOSE_US	1627
SMALL_READ_40_GUEST_VERIFY_CALLS	40
SMALL_READ_40_GUEST_VERIFY_US	1189
SMALL_READ_40_WORK_BIO_READS	40
SMALL_READ_40_WORK_BIO_WRITES	0
SMALL_READ_40_WORK_BIO_UPDATES	0
SMALL_READ_40_WORK_DATA_READS	40
SMALL_READ_40_WORK_DATA_WRITES	0
SMALL_READ_40_WORK_NODE_WRITES	0
SMALL_READ_40_WORK_TXN_COMMITS	0
SMALL_READ_40_WORK_EXTENT_MAPS	0
SMALL_READ_40_WORK_READ_TICKS	3006
SMALL_READ_40_WORK_WRITE_TICKS	0
SMALL_READ_40_WORK_UPDATE_TICKS	0
SMALL_READ_40_WORK_DATA_READ_TICKS	3006
SMALL_READ_40_WORK_DATA_WRITE_TICKS	0
SMALL_READ_40_WORK_NODE_CRC_READ_CALLS	0
SMALL_READ_40_WORK_NODE_CRC_READ_SAMPLES	0
SMALL_READ_40_WORK_NODE_CRC_READ_SAMPLE_TICKS	0
SMALL_READ_40_WORK_NODE_CRC_WRITE_CALLS	0
SMALL_READ_40_WORK_NODE_CRC_WRITE_SAMPLES	0
SMALL_READ_40_WORK_NODE_CRC_WRITE_SAMPLE_TICKS	0
SMALL_READ_40_WORK_CLOCK_PAIR_TICKS	0
SMALL_READ_40_WORK_PACKET_CALLS	160
SMALL_READ_40_WORK_PACKET_SAMPLES	160
SMALL_READ_40_WORK_PACKET_SAMPLE_TICKS	12955
SMALL_READ_40_WORK_PACKET_OPEN_CALLS	40
SMALL_READ_40_WORK_PACKET_OPEN_SAMPLES	40
SMALL_READ_40_WORK_PACKET_OPEN_SAMPLE_TICKS	5713
SMALL_READ_40_WORK_PACKET_READ_CALLS	80
SMALL_READ_40_WORK_PACKET_READ_SAMPLES	80
SMALL_READ_40_WORK_PACKET_READ_SAMPLE_TICKS	6975
SMALL_READ_40_WORK_PACKET_WRITE_CALLS	0
SMALL_READ_40_WORK_PACKET_WRITE_SAMPLES	0
SMALL_READ_40_WORK_PACKET_WRITE_SAMPLE_TICKS	0
SMALL_READ_40_WORK_PACKET_END_CALLS	40
SMALL_READ_40_WORK_PACKET_END_SAMPLES	40
SMALL_READ_40_WORK_PACKET_END_SAMPLE_TICKS	267
SMALL_READ_40_WORK_PACKET_DELETE_CALLS	0
SMALL_READ_40_WORK_PACKET_DELETE_SAMPLES	0
SMALL_READ_40_WORK_PACKET_DELETE_SAMPLE_TICKS	0
SMALL_READ_40_WORK_PACKET_FLUSH_CALLS	0
SMALL_READ_40_WORK_PACKET_FLUSH_SAMPLES	0
SMALL_READ_40_WORK_PACKET_FLUSH_SAMPLE_TICKS	0
SMALL_READ_40_WORK_PACKET_OTHER_CALLS	0
SMALL_READ_40_WORK_PACKET_OTHER_SAMPLES	0
SMALL_READ_40_WORK_PACKET_OTHER_SAMPLE_TICKS	0
SMALL_READ_40_WORK_CORE_CREATE_CALLS	0
SMALL_READ_40_WORK_CORE_CREATE_SAMPLES	0
SMALL_READ_40_WORK_CORE_CREATE_SAMPLE_TICKS	0
SMALL_READ_40_WORK_CORE_DELETE_CALLS	0
SMALL_READ_40_WORK_CORE_DELETE_SAMPLES	0
SMALL_READ_40_WORK_CORE_DELETE_SAMPLE_TICKS	0
SMALL_READ_40_WORK_CORE_FILE_WRITE_CALLS	0
SMALL_READ_40_WORK_CORE_FILE_WRITE_SAMPLES	0
SMALL_READ_40_WORK_CORE_FILE_WRITE_SAMPLE_TICKS	0
SMALL_READ_40_WORK_CORE_SYNC_CALLS	0
SMALL_READ_40_WORK_CORE_SYNC_SAMPLES	0
SMALL_READ_40_WORK_CORE_SYNC_SAMPLE_TICKS	0
SMALL_READ_40_WORK_IFACE_FREE_CALLS	0
SMALL_READ_40_WORK_IFACE_FREE_SAMPLES	0
SMALL_READ_40_WORK_IFACE_FREE_SAMPLE_TICKS	0
SMALL_READ_40_WORK_SEAL_COMMIT_CALLS	0
SMALL_READ_40_WORK_SEAL_COMMIT_SAMPLES	0
SMALL_READ_40_WORK_SEAL_COMMIT_SAMPLE_TICKS	0
SMALL_READ_40_WORK_INODE_READ_CALLS	240
SMALL_READ_40_WORK_BTREE_SEARCH_CALLS	320
SMALL_READ_40_WORK_BTREE_INDEX_HINT_HITS	200
SMALL_READ_40_WORK_BTREE_LEAF_HINT_HITS	53
SMALL_READ_40_WORK_CACHE_READ_CALLS	41
SMALL_READ_40_WORK_CACHE_READ_HITS	1
SMALL_READ_40_WORK_CACHE_READ_MISSES	40
SMALL_READ_40_WORK_FREE_TREE_NODE_VIEWS	0
SMALL_READ_40_WORK_FREE_TREE_RESIDENT_VIEWS	0
SMALL_READ_40_WORK_DIR_TREE_NODE_VIEWS	132
SMALL_READ_40_WORK_DIR_TREE_RESIDENT_VIEWS	132
SMALL_READ_40_WORK_INODE_TREE_NODE_VIEWS	1
SMALL_READ_40_WORK_INODE_TREE_RESIDENT_VIEWS	0
SMALL_READ_40_WORK_REFCOUNT_TREE_NODE_VIEWS	0
SMALL_READ_40_WORK_REFCOUNT_TREE_RESIDENT_VIEWS	0
SMALL_READ_40_WORK_OTHER_TREE_NODE_VIEWS	0
SMALL_READ_40_WORK_OTHER_TREE_RESIDENT_VIEWS	0
SMALL_READ_40_VOLUME_FLUSH_BIO_READS	0
SMALL_READ_40_VOLUME_FLUSH_BIO_WRITES	0
SMALL_READ_40_VOLUME_FLUSH_BIO_UPDATES	0
SMALL_READ_40_VOLUME_FLUSH_DATA_READS	0
SMALL_READ_40_VOLUME_FLUSH_DATA_WRITES	0
SMALL_READ_40_VOLUME_FLUSH_NODE_WRITES	0
SMALL_READ_40_VOLUME_FLUSH_TXN_COMMITS	0
SMALL_READ_40_VOLUME_FLUSH_EXTENT_MAPS	0
SMALL_READ_40_VOLUME_FLUSH_READ_TICKS	0
SMALL_READ_40_VOLUME_FLUSH_WRITE_TICKS	0
SMALL_READ_40_VOLUME_FLUSH_UPDATE_TICKS	0
SMALL_READ_40_VOLUME_FLUSH_DATA_READ_TICKS	0
SMALL_READ_40_VOLUME_FLUSH_DATA_WRITE_TICKS	0
SMALL_READ_40_VOLUME_FLUSH_NODE_CRC_READ_CALLS	0
SMALL_READ_40_VOLUME_FLUSH_NODE_CRC_READ_SAMPLES	0
SMALL_READ_40_VOLUME_FLUSH_NODE_CRC_READ_SAMPLE_TICKS	0
SMALL_READ_40_VOLUME_FLUSH_NODE_CRC_WRITE_CALLS	0
SMALL_READ_40_VOLUME_FLUSH_NODE_CRC_WRITE_SAMPLES	0
SMALL_READ_40_VOLUME_FLUSH_NODE_CRC_WRITE_SAMPLE_TICKS	0
SMALL_READ_40_VOLUME_FLUSH_CLOCK_PAIR_TICKS	0
SMALL_READ_40_VOLUME_FLUSH_PACKET_CALLS	0
SMALL_READ_40_VOLUME_FLUSH_PACKET_SAMPLES	0
SMALL_READ_40_VOLUME_FLUSH_PACKET_SAMPLE_TICKS	0
SMALL_READ_40_VOLUME_FLUSH_PACKET_OPEN_CALLS	0
SMALL_READ_40_VOLUME_FLUSH_PACKET_OPEN_SAMPLES	0
SMALL_READ_40_VOLUME_FLUSH_PACKET_OPEN_SAMPLE_TICKS	0
SMALL_READ_40_VOLUME_FLUSH_PACKET_READ_CALLS	0
SMALL_READ_40_VOLUME_FLUSH_PACKET_READ_SAMPLES	0
SMALL_READ_40_VOLUME_FLUSH_PACKET_READ_SAMPLE_TICKS	0
SMALL_READ_40_VOLUME_FLUSH_PACKET_WRITE_CALLS	0
SMALL_READ_40_VOLUME_FLUSH_PACKET_WRITE_SAMPLES	0
SMALL_READ_40_VOLUME_FLUSH_PACKET_WRITE_SAMPLE_TICKS	0
SMALL_READ_40_VOLUME_FLUSH_PACKET_END_CALLS	0
SMALL_READ_40_VOLUME_FLUSH_PACKET_END_SAMPLES	0
SMALL_READ_40_VOLUME_FLUSH_PACKET_END_SAMPLE_TICKS	0
SMALL_READ_40_VOLUME_FLUSH_PACKET_DELETE_CALLS	0
SMALL_READ_40_VOLUME_FLUSH_PACKET_DELETE_SAMPLES	0
SMALL_READ_40_VOLUME_FLUSH_PACKET_DELETE_SAMPLE_TICKS	0
SMALL_READ_40_VOLUME_FLUSH_PACKET_FLUSH_CALLS	0
SMALL_READ_40_VOLUME_FLUSH_PACKET_FLUSH_SAMPLES	0
SMALL_READ_40_VOLUME_FLUSH_PACKET_FLUSH_SAMPLE_TICKS	0
SMALL_READ_40_VOLUME_FLUSH_PACKET_OTHER_CALLS	0
SMALL_READ_40_VOLUME_FLUSH_PACKET_OTHER_SAMPLES	0
SMALL_READ_40_VOLUME_FLUSH_PACKET_OTHER_SAMPLE_TICKS	0
SMALL_READ_40_VOLUME_FLUSH_CORE_CREATE_CALLS	0
SMALL_READ_40_VOLUME_FLUSH_CORE_CREATE_SAMPLES	0
SMALL_READ_40_VOLUME_FLUSH_CORE_CREATE_SAMPLE_TICKS	0
SMALL_READ_40_VOLUME_FLUSH_CORE_DELETE_CALLS	0
SMALL_READ_40_VOLUME_FLUSH_CORE_DELETE_SAMPLES	0
SMALL_READ_40_VOLUME_FLUSH_CORE_DELETE_SAMPLE_TICKS	0
SMALL_READ_40_VOLUME_FLUSH_CORE_FILE_WRITE_CALLS	0
SMALL_READ_40_VOLUME_FLUSH_CORE_FILE_WRITE_SAMPLES	0
SMALL_READ_40_VOLUME_FLUSH_CORE_FILE_WRITE_SAMPLE_TICKS	0
SMALL_READ_40_VOLUME_FLUSH_CORE_SYNC_CALLS	0
SMALL_READ_40_VOLUME_FLUSH_CORE_SYNC_SAMPLES	0
SMALL_READ_40_VOLUME_FLUSH_CORE_SYNC_SAMPLE_TICKS	0
SMALL_READ_40_VOLUME_FLUSH_IFACE_FREE_CALLS	0
SMALL_READ_40_VOLUME_FLUSH_IFACE_FREE_SAMPLES	0
SMALL_READ_40_VOLUME_FLUSH_IFACE_FREE_SAMPLE_TICKS	0
SMALL_READ_40_VOLUME_FLUSH_SEAL_COMMIT_CALLS	0
SMALL_READ_40_VOLUME_FLUSH_SEAL_COMMIT_SAMPLES	0
SMALL_READ_40_VOLUME_FLUSH_SEAL_COMMIT_SAMPLE_TICKS	0
SMALL_READ_40_VOLUME_FLUSH_INODE_READ_CALLS	0
SMALL_READ_40_VOLUME_FLUSH_BTREE_SEARCH_CALLS	0
SMALL_READ_40_VOLUME_FLUSH_BTREE_INDEX_HINT_HITS	0
SMALL_READ_40_VOLUME_FLUSH_BTREE_LEAF_HINT_HITS	0
SMALL_READ_40_VOLUME_FLUSH_CACHE_READ_CALLS	0
SMALL_READ_40_VOLUME_FLUSH_CACHE_READ_HITS	0
SMALL_READ_40_VOLUME_FLUSH_CACHE_READ_MISSES	0
SMALL_READ_40_VOLUME_FLUSH_FREE_TREE_NODE_VIEWS	0
SMALL_READ_40_VOLUME_FLUSH_FREE_TREE_RESIDENT_VIEWS	0
SMALL_READ_40_VOLUME_FLUSH_DIR_TREE_NODE_VIEWS	0
SMALL_READ_40_VOLUME_FLUSH_DIR_TREE_RESIDENT_VIEWS	0
SMALL_READ_40_VOLUME_FLUSH_INODE_TREE_NODE_VIEWS	0
SMALL_READ_40_VOLUME_FLUSH_INODE_TREE_RESIDENT_VIEWS	0
SMALL_READ_40_VOLUME_FLUSH_REFCOUNT_TREE_NODE_VIEWS	0
SMALL_READ_40_VOLUME_FLUSH_REFCOUNT_TREE_RESIDENT_VIEWS	0
SMALL_READ_40_VOLUME_FLUSH_OTHER_TREE_NODE_VIEWS	0
SMALL_READ_40_VOLUME_FLUSH_OTHER_TREE_RESIDENT_VIEWS	0
LIST_EXNEXT_400_US	43136
LIST_EXNEXT_400_WORK_US	43136
LIST_EXNEXT_400_VOLUME_FLUSH_US	0
LIST_EXNEXT_400_HAS_VOLUME_FLUSH	0
LIST_EXNEXT_400_GUEST_OPEN_CALLS	0
LIST_EXNEXT_400_GUEST_OPEN_US	0
LIST_EXNEXT_400_GUEST_READ_CALLS	0
LIST_EXNEXT_400_GUEST_READ_US	0
LIST_EXNEXT_400_GUEST_WRITE_CALLS	0
LIST_EXNEXT_400_GUEST_WRITE_US	0
LIST_EXNEXT_400_GUEST_HANDLE_FLUSH_CALLS	0
LIST_EXNEXT_400_GUEST_HANDLE_FLUSH_US	0
LIST_EXNEXT_400_GUEST_CLOSE_CALLS	0
LIST_EXNEXT_400_GUEST_CLOSE_US	0
LIST_EXNEXT_400_GUEST_VERIFY_CALLS	0
LIST_EXNEXT_400_GUEST_VERIFY_US	0
LIST_EXNEXT_400_WORK_BIO_READS	2
LIST_EXNEXT_400_WORK_BIO_WRITES	0
LIST_EXNEXT_400_WORK_BIO_UPDATES	0
LIST_EXNEXT_400_WORK_DATA_READS	0
LIST_EXNEXT_400_WORK_DATA_WRITES	0
LIST_EXNEXT_400_WORK_NODE_WRITES	0
LIST_EXNEXT_400_WORK_TXN_COMMITS	0
LIST_EXNEXT_400_WORK_EXTENT_MAPS	0
LIST_EXNEXT_400_WORK_READ_TICKS	137
LIST_EXNEXT_400_WORK_WRITE_TICKS	0
LIST_EXNEXT_400_WORK_UPDATE_TICKS	0
LIST_EXNEXT_400_WORK_DATA_READ_TICKS	0
LIST_EXNEXT_400_WORK_DATA_WRITE_TICKS	0
LIST_EXNEXT_400_WORK_NODE_CRC_READ_CALLS	2
LIST_EXNEXT_400_WORK_NODE_CRC_READ_SAMPLES	2
LIST_EXNEXT_400_WORK_NODE_CRC_READ_SAMPLE_TICKS	272
LIST_EXNEXT_400_WORK_NODE_CRC_WRITE_CALLS	0
LIST_EXNEXT_400_WORK_NODE_CRC_WRITE_SAMPLES	0
LIST_EXNEXT_400_WORK_NODE_CRC_WRITE_SAMPLE_TICKS	0
LIST_EXNEXT_400_WORK_CLOCK_PAIR_TICKS	0
LIST_EXNEXT_400_WORK_PACKET_CALLS	422
LIST_EXNEXT_400_WORK_PACKET_SAMPLES	422
LIST_EXNEXT_400_WORK_PACKET_SAMPLE_TICKS	22701
LIST_EXNEXT_400_WORK_PACKET_OPEN_CALLS	0
LIST_EXNEXT_400_WORK_PACKET_OPEN_SAMPLES	0
LIST_EXNEXT_400_WORK_PACKET_OPEN_SAMPLE_TICKS	0
LIST_EXNEXT_400_WORK_PACKET_READ_CALLS	0
LIST_EXNEXT_400_WORK_PACKET_READ_SAMPLES	0
LIST_EXNEXT_400_WORK_PACKET_READ_SAMPLE_TICKS	0
LIST_EXNEXT_400_WORK_PACKET_WRITE_CALLS	0
LIST_EXNEXT_400_WORK_PACKET_WRITE_SAMPLES	0
LIST_EXNEXT_400_WORK_PACKET_WRITE_SAMPLE_TICKS	0
LIST_EXNEXT_400_WORK_PACKET_END_CALLS	0
LIST_EXNEXT_400_WORK_PACKET_END_SAMPLES	0
LIST_EXNEXT_400_WORK_PACKET_END_SAMPLE_TICKS	0
LIST_EXNEXT_400_WORK_PACKET_DELETE_CALLS	0
LIST_EXNEXT_400_WORK_PACKET_DELETE_SAMPLES	0
LIST_EXNEXT_400_WORK_PACKET_DELETE_SAMPLE_TICKS	0
LIST_EXNEXT_400_WORK_PACKET_FLUSH_CALLS	0
LIST_EXNEXT_400_WORK_PACKET_FLUSH_SAMPLES	0
LIST_EXNEXT_400_WORK_PACKET_FLUSH_SAMPLE_TICKS	0
LIST_EXNEXT_400_WORK_PACKET_OTHER_CALLS	422
LIST_EXNEXT_400_WORK_PACKET_OTHER_SAMPLES	422
LIST_EXNEXT_400_WORK_PACKET_OTHER_SAMPLE_TICKS	22701
LIST_EXNEXT_400_WORK_CORE_CREATE_CALLS	0
LIST_EXNEXT_400_WORK_CORE_CREATE_SAMPLES	0
LIST_EXNEXT_400_WORK_CORE_CREATE_SAMPLE_TICKS	0
LIST_EXNEXT_400_WORK_CORE_DELETE_CALLS	0
LIST_EXNEXT_400_WORK_CORE_DELETE_SAMPLES	0
LIST_EXNEXT_400_WORK_CORE_DELETE_SAMPLE_TICKS	0
LIST_EXNEXT_400_WORK_CORE_FILE_WRITE_CALLS	0
LIST_EXNEXT_400_WORK_CORE_FILE_WRITE_SAMPLES	0
LIST_EXNEXT_400_WORK_CORE_FILE_WRITE_SAMPLE_TICKS	0
LIST_EXNEXT_400_WORK_CORE_SYNC_CALLS	0
LIST_EXNEXT_400_WORK_CORE_SYNC_SAMPLES	0
LIST_EXNEXT_400_WORK_CORE_SYNC_SAMPLE_TICKS	0
LIST_EXNEXT_400_WORK_IFACE_FREE_CALLS	0
LIST_EXNEXT_400_WORK_IFACE_FREE_SAMPLES	0
LIST_EXNEXT_400_WORK_IFACE_FREE_SAMPLE_TICKS	0
LIST_EXNEXT_400_WORK_SEAL_COMMIT_CALLS	0
LIST_EXNEXT_400_WORK_SEAL_COMMIT_SAMPLES	0
LIST_EXNEXT_400_WORK_SEAL_COMMIT_SAMPLE_TICKS	0
LIST_EXNEXT_400_WORK_INODE_READ_CALLS	410
LIST_EXNEXT_400_WORK_BTREE_SEARCH_CALLS	411
LIST_EXNEXT_400_WORK_BTREE_INDEX_HINT_HITS	390
LIST_EXNEXT_400_WORK_BTREE_LEAF_HINT_HITS	21
LIST_EXNEXT_400_WORK_CACHE_READ_CALLS	2
LIST_EXNEXT_400_WORK_CACHE_READ_HITS	0
LIST_EXNEXT_400_WORK_CACHE_READ_MISSES	2
LIST_EXNEXT_400_WORK_FREE_TREE_NODE_VIEWS	0
LIST_EXNEXT_400_WORK_FREE_TREE_RESIDENT_VIEWS	0
LIST_EXNEXT_400_WORK_DIR_TREE_NODE_VIEWS	230
LIST_EXNEXT_400_WORK_DIR_TREE_RESIDENT_VIEWS	228
LIST_EXNEXT_400_WORK_INODE_TREE_NODE_VIEWS	0
LIST_EXNEXT_400_WORK_INODE_TREE_RESIDENT_VIEWS	0
LIST_EXNEXT_400_WORK_REFCOUNT_TREE_NODE_VIEWS	0
LIST_EXNEXT_400_WORK_REFCOUNT_TREE_RESIDENT_VIEWS	0
LIST_EXNEXT_400_WORK_OTHER_TREE_NODE_VIEWS	0
LIST_EXNEXT_400_WORK_OTHER_TREE_RESIDENT_VIEWS	0
LIST_EXNEXT_400_VOLUME_FLUSH_BIO_READS	0
LIST_EXNEXT_400_VOLUME_FLUSH_BIO_WRITES	0
LIST_EXNEXT_400_VOLUME_FLUSH_BIO_UPDATES	0
LIST_EXNEXT_400_VOLUME_FLUSH_DATA_READS	0
LIST_EXNEXT_400_VOLUME_FLUSH_DATA_WRITES	0
LIST_EXNEXT_400_VOLUME_FLUSH_NODE_WRITES	0
LIST_EXNEXT_400_VOLUME_FLUSH_TXN_COMMITS	0
LIST_EXNEXT_400_VOLUME_FLUSH_EXTENT_MAPS	0
LIST_EXNEXT_400_VOLUME_FLUSH_READ_TICKS	0
LIST_EXNEXT_400_VOLUME_FLUSH_WRITE_TICKS	0
LIST_EXNEXT_400_VOLUME_FLUSH_UPDATE_TICKS	0
LIST_EXNEXT_400_VOLUME_FLUSH_DATA_READ_TICKS	0
LIST_EXNEXT_400_VOLUME_FLUSH_DATA_WRITE_TICKS	0
LIST_EXNEXT_400_VOLUME_FLUSH_NODE_CRC_READ_CALLS	0
LIST_EXNEXT_400_VOLUME_FLUSH_NODE_CRC_READ_SAMPLES	0
LIST_EXNEXT_400_VOLUME_FLUSH_NODE_CRC_READ_SAMPLE_TICKS	0
LIST_EXNEXT_400_VOLUME_FLUSH_NODE_CRC_WRITE_CALLS	0
LIST_EXNEXT_400_VOLUME_FLUSH_NODE_CRC_WRITE_SAMPLES	0
LIST_EXNEXT_400_VOLUME_FLUSH_NODE_CRC_WRITE_SAMPLE_TICKS	0
LIST_EXNEXT_400_VOLUME_FLUSH_CLOCK_PAIR_TICKS	0
LIST_EXNEXT_400_VOLUME_FLUSH_PACKET_CALLS	0
LIST_EXNEXT_400_VOLUME_FLUSH_PACKET_SAMPLES	0
LIST_EXNEXT_400_VOLUME_FLUSH_PACKET_SAMPLE_TICKS	0
LIST_EXNEXT_400_VOLUME_FLUSH_PACKET_OPEN_CALLS	0
LIST_EXNEXT_400_VOLUME_FLUSH_PACKET_OPEN_SAMPLES	0
LIST_EXNEXT_400_VOLUME_FLUSH_PACKET_OPEN_SAMPLE_TICKS	0
LIST_EXNEXT_400_VOLUME_FLUSH_PACKET_READ_CALLS	0
LIST_EXNEXT_400_VOLUME_FLUSH_PACKET_READ_SAMPLES	0
LIST_EXNEXT_400_VOLUME_FLUSH_PACKET_READ_SAMPLE_TICKS	0
LIST_EXNEXT_400_VOLUME_FLUSH_PACKET_WRITE_CALLS	0
LIST_EXNEXT_400_VOLUME_FLUSH_PACKET_WRITE_SAMPLES	0
LIST_EXNEXT_400_VOLUME_FLUSH_PACKET_WRITE_SAMPLE_TICKS	0
LIST_EXNEXT_400_VOLUME_FLUSH_PACKET_END_CALLS	0
LIST_EXNEXT_400_VOLUME_FLUSH_PACKET_END_SAMPLES	0
LIST_EXNEXT_400_VOLUME_FLUSH_PACKET_END_SAMPLE_TICKS	0
LIST_EXNEXT_400_VOLUME_FLUSH_PACKET_DELETE_CALLS	0
LIST_EXNEXT_400_VOLUME_FLUSH_PACKET_DELETE_SAMPLES	0
LIST_EXNEXT_400_VOLUME_FLUSH_PACKET_DELETE_SAMPLE_TICKS	0
LIST_EXNEXT_400_VOLUME_FLUSH_PACKET_FLUSH_CALLS	0
LIST_EXNEXT_400_VOLUME_FLUSH_PACKET_FLUSH_SAMPLES	0
LIST_EXNEXT_400_VOLUME_FLUSH_PACKET_FLUSH_SAMPLE_TICKS	0
LIST_EXNEXT_400_VOLUME_FLUSH_PACKET_OTHER_CALLS	0
LIST_EXNEXT_400_VOLUME_FLUSH_PACKET_OTHER_SAMPLES	0
LIST_EXNEXT_400_VOLUME_FLUSH_PACKET_OTHER_SAMPLE_TICKS	0
LIST_EXNEXT_400_VOLUME_FLUSH_CORE_CREATE_CALLS	0
LIST_EXNEXT_400_VOLUME_FLUSH_CORE_CREATE_SAMPLES	0
LIST_EXNEXT_400_VOLUME_FLUSH_CORE_CREATE_SAMPLE_TICKS	0
LIST_EXNEXT_400_VOLUME_FLUSH_CORE_DELETE_CALLS	0
LIST_EXNEXT_400_VOLUME_FLUSH_CORE_DELETE_SAMPLES	0
LIST_EXNEXT_400_VOLUME_FLUSH_CORE_DELETE_SAMPLE_TICKS	0
LIST_EXNEXT_400_VOLUME_FLUSH_CORE_FILE_WRITE_CALLS	0
LIST_EXNEXT_400_VOLUME_FLUSH_CORE_FILE_WRITE_SAMPLES	0
LIST_EXNEXT_400_VOLUME_FLUSH_CORE_FILE_WRITE_SAMPLE_TICKS	0
LIST_EXNEXT_400_VOLUME_FLUSH_CORE_SYNC_CALLS	0
LIST_EXNEXT_400_VOLUME_FLUSH_CORE_SYNC_SAMPLES	0
LIST_EXNEXT_400_VOLUME_FLUSH_CORE_SYNC_SAMPLE_TICKS	0
LIST_EXNEXT_400_VOLUME_FLUSH_IFACE_FREE_CALLS	0
LIST_EXNEXT_400_VOLUME_FLUSH_IFACE_FREE_SAMPLES	0
LIST_EXNEXT_400_VOLUME_FLUSH_IFACE_FREE_SAMPLE_TICKS	0
LIST_EXNEXT_400_VOLUME_FLUSH_SEAL_COMMIT_CALLS	0
LIST_EXNEXT_400_VOLUME_FLUSH_SEAL_COMMIT_SAMPLES	0
LIST_EXNEXT_400_VOLUME_FLUSH_SEAL_COMMIT_SAMPLE_TICKS	0
LIST_EXNEXT_400_VOLUME_FLUSH_INODE_READ_CALLS	0
LIST_EXNEXT_400_VOLUME_FLUSH_BTREE_SEARCH_CALLS	0
LIST_EXNEXT_400_VOLUME_FLUSH_BTREE_INDEX_HINT_HITS	0
LIST_EXNEXT_400_VOLUME_FLUSH_BTREE_LEAF_HINT_HITS	0
LIST_EXNEXT_400_VOLUME_FLUSH_CACHE_READ_CALLS	0
LIST_EXNEXT_400_VOLUME_FLUSH_CACHE_READ_HITS	0
LIST_EXNEXT_400_VOLUME_FLUSH_CACHE_READ_MISSES	0
LIST_EXNEXT_400_VOLUME_FLUSH_FREE_TREE_NODE_VIEWS	0
LIST_EXNEXT_400_VOLUME_FLUSH_FREE_TREE_RESIDENT_VIEWS	0
LIST_EXNEXT_400_VOLUME_FLUSH_DIR_TREE_NODE_VIEWS	0
LIST_EXNEXT_400_VOLUME_FLUSH_DIR_TREE_RESIDENT_VIEWS	0
LIST_EXNEXT_400_VOLUME_FLUSH_INODE_TREE_NODE_VIEWS	0
LIST_EXNEXT_400_VOLUME_FLUSH_INODE_TREE_RESIDENT_VIEWS	0
LIST_EXNEXT_400_VOLUME_FLUSH_REFCOUNT_TREE_NODE_VIEWS	0
LIST_EXNEXT_400_VOLUME_FLUSH_REFCOUNT_TREE_RESIDENT_VIEWS	0
LIST_EXNEXT_400_VOLUME_FLUSH_OTHER_TREE_NODE_VIEWS	0
LIST_EXNEXT_400_VOLUME_FLUSH_OTHER_TREE_RESIDENT_VIEWS	0
LIST_EXALL_400_US	13952
LIST_EXALL_400_WORK_US	13952
LIST_EXALL_400_VOLUME_FLUSH_US	0
LIST_EXALL_400_HAS_VOLUME_FLUSH	0
LIST_EXALL_400_GUEST_OPEN_CALLS	0
LIST_EXALL_400_GUEST_OPEN_US	0
LIST_EXALL_400_GUEST_READ_CALLS	0
LIST_EXALL_400_GUEST_READ_US	0
LIST_EXALL_400_GUEST_WRITE_CALLS	0
LIST_EXALL_400_GUEST_WRITE_US	0
LIST_EXALL_400_GUEST_HANDLE_FLUSH_CALLS	0
LIST_EXALL_400_GUEST_HANDLE_FLUSH_US	0
LIST_EXALL_400_GUEST_CLOSE_CALLS	0
LIST_EXALL_400_GUEST_CLOSE_US	0
LIST_EXALL_400_GUEST_VERIFY_CALLS	0
LIST_EXALL_400_GUEST_VERIFY_US	0
LIST_EXALL_400_WORK_BIO_READS	0
LIST_EXALL_400_WORK_BIO_WRITES	0
LIST_EXALL_400_WORK_BIO_UPDATES	0
LIST_EXALL_400_WORK_DATA_READS	0
LIST_EXALL_400_WORK_DATA_WRITES	0
LIST_EXALL_400_WORK_NODE_WRITES	0
LIST_EXALL_400_WORK_TXN_COMMITS	0
LIST_EXALL_400_WORK_EXTENT_MAPS	0
LIST_EXALL_400_WORK_READ_TICKS	0
LIST_EXALL_400_WORK_WRITE_TICKS	0
LIST_EXALL_400_WORK_UPDATE_TICKS	0
LIST_EXALL_400_WORK_DATA_READ_TICKS	0
LIST_EXALL_400_WORK_DATA_WRITE_TICKS	0
LIST_EXALL_400_WORK_NODE_CRC_READ_CALLS	0
LIST_EXALL_400_WORK_NODE_CRC_READ_SAMPLES	0
LIST_EXALL_400_WORK_NODE_CRC_READ_SAMPLE_TICKS	0
LIST_EXALL_400_WORK_NODE_CRC_WRITE_CALLS	0
LIST_EXALL_400_WORK_NODE_CRC_WRITE_SAMPLES	0
LIST_EXALL_400_WORK_NODE_CRC_WRITE_SAMPLE_TICKS	0
LIST_EXALL_400_WORK_CLOCK_PAIR_TICKS	1
LIST_EXALL_400_WORK_PACKET_CALLS	12
LIST_EXALL_400_WORK_PACKET_SAMPLES	12
LIST_EXALL_400_WORK_PACKET_SAMPLE_TICKS	9352
LIST_EXALL_400_WORK_PACKET_OPEN_CALLS	0
LIST_EXALL_400_WORK_PACKET_OPEN_SAMPLES	0
LIST_EXALL_400_WORK_PACKET_OPEN_SAMPLE_TICKS	0
LIST_EXALL_400_WORK_PACKET_READ_CALLS	0
LIST_EXALL_400_WORK_PACKET_READ_SAMPLES	0
LIST_EXALL_400_WORK_PACKET_READ_SAMPLE_TICKS	0
LIST_EXALL_400_WORK_PACKET_WRITE_CALLS	0
LIST_EXALL_400_WORK_PACKET_WRITE_SAMPLES	0
LIST_EXALL_400_WORK_PACKET_WRITE_SAMPLE_TICKS	0
LIST_EXALL_400_WORK_PACKET_END_CALLS	0
LIST_EXALL_400_WORK_PACKET_END_SAMPLES	0
LIST_EXALL_400_WORK_PACKET_END_SAMPLE_TICKS	0
LIST_EXALL_400_WORK_PACKET_DELETE_CALLS	0
LIST_EXALL_400_WORK_PACKET_DELETE_SAMPLES	0
LIST_EXALL_400_WORK_PACKET_DELETE_SAMPLE_TICKS	0
LIST_EXALL_400_WORK_PACKET_FLUSH_CALLS	0
LIST_EXALL_400_WORK_PACKET_FLUSH_SAMPLES	0
LIST_EXALL_400_WORK_PACKET_FLUSH_SAMPLE_TICKS	0
LIST_EXALL_400_WORK_PACKET_OTHER_CALLS	12
LIST_EXALL_400_WORK_PACKET_OTHER_SAMPLES	12
LIST_EXALL_400_WORK_PACKET_OTHER_SAMPLE_TICKS	9352
LIST_EXALL_400_WORK_CORE_CREATE_CALLS	0
LIST_EXALL_400_WORK_CORE_CREATE_SAMPLES	0
LIST_EXALL_400_WORK_CORE_CREATE_SAMPLE_TICKS	0
LIST_EXALL_400_WORK_CORE_DELETE_CALLS	0
LIST_EXALL_400_WORK_CORE_DELETE_SAMPLES	0
LIST_EXALL_400_WORK_CORE_DELETE_SAMPLE_TICKS	0
LIST_EXALL_400_WORK_CORE_FILE_WRITE_CALLS	0
LIST_EXALL_400_WORK_CORE_FILE_WRITE_SAMPLES	0
LIST_EXALL_400_WORK_CORE_FILE_WRITE_SAMPLE_TICKS	0
LIST_EXALL_400_WORK_CORE_SYNC_CALLS	0
LIST_EXALL_400_WORK_CORE_SYNC_SAMPLES	0
LIST_EXALL_400_WORK_CORE_SYNC_SAMPLE_TICKS	0
LIST_EXALL_400_WORK_IFACE_FREE_CALLS	0
LIST_EXALL_400_WORK_IFACE_FREE_SAMPLES	0
LIST_EXALL_400_WORK_IFACE_FREE_SAMPLE_TICKS	0
LIST_EXALL_400_WORK_SEAL_COMMIT_CALLS	0
LIST_EXALL_400_WORK_SEAL_COMMIT_SAMPLES	0
LIST_EXALL_400_WORK_SEAL_COMMIT_SAMPLE_TICKS	0
LIST_EXALL_400_WORK_INODE_READ_CALLS	400
LIST_EXALL_400_WORK_BTREE_SEARCH_CALLS	401
LIST_EXALL_400_WORK_BTREE_INDEX_HINT_HITS	400
LIST_EXALL_400_WORK_BTREE_LEAF_HINT_HITS	1
LIST_EXALL_400_WORK_CACHE_READ_CALLS	0
LIST_EXALL_400_WORK_CACHE_READ_HITS	0
LIST_EXALL_400_WORK_CACHE_READ_MISSES	0
LIST_EXALL_400_WORK_FREE_TREE_NODE_VIEWS	0
LIST_EXALL_400_WORK_FREE_TREE_RESIDENT_VIEWS	0
LIST_EXALL_400_WORK_DIR_TREE_NODE_VIEWS	110
LIST_EXALL_400_WORK_DIR_TREE_RESIDENT_VIEWS	110
LIST_EXALL_400_WORK_INODE_TREE_NODE_VIEWS	0
LIST_EXALL_400_WORK_INODE_TREE_RESIDENT_VIEWS	0
LIST_EXALL_400_WORK_REFCOUNT_TREE_NODE_VIEWS	0
LIST_EXALL_400_WORK_REFCOUNT_TREE_RESIDENT_VIEWS	0
LIST_EXALL_400_WORK_OTHER_TREE_NODE_VIEWS	0
LIST_EXALL_400_WORK_OTHER_TREE_RESIDENT_VIEWS	0
LIST_EXALL_400_VOLUME_FLUSH_BIO_READS	0
LIST_EXALL_400_VOLUME_FLUSH_BIO_WRITES	0
LIST_EXALL_400_VOLUME_FLUSH_BIO_UPDATES	0
LIST_EXALL_400_VOLUME_FLUSH_DATA_READS	0
LIST_EXALL_400_VOLUME_FLUSH_DATA_WRITES	0
LIST_EXALL_400_VOLUME_FLUSH_NODE_WRITES	0
LIST_EXALL_400_VOLUME_FLUSH_TXN_COMMITS	0
LIST_EXALL_400_VOLUME_FLUSH_EXTENT_MAPS	0
LIST_EXALL_400_VOLUME_FLUSH_READ_TICKS	0
LIST_EXALL_400_VOLUME_FLUSH_WRITE_TICKS	0
LIST_EXALL_400_VOLUME_FLUSH_UPDATE_TICKS	0
LIST_EXALL_400_VOLUME_FLUSH_DATA_READ_TICKS	0
LIST_EXALL_400_VOLUME_FLUSH_DATA_WRITE_TICKS	0
LIST_EXALL_400_VOLUME_FLUSH_NODE_CRC_READ_CALLS	0
LIST_EXALL_400_VOLUME_FLUSH_NODE_CRC_READ_SAMPLES	0
LIST_EXALL_400_VOLUME_FLUSH_NODE_CRC_READ_SAMPLE_TICKS	0
LIST_EXALL_400_VOLUME_FLUSH_NODE_CRC_WRITE_CALLS	0
LIST_EXALL_400_VOLUME_FLUSH_NODE_CRC_WRITE_SAMPLES	0
LIST_EXALL_400_VOLUME_FLUSH_NODE_CRC_WRITE_SAMPLE_TICKS	0
LIST_EXALL_400_VOLUME_FLUSH_CLOCK_PAIR_TICKS	0
LIST_EXALL_400_VOLUME_FLUSH_PACKET_CALLS	0
LIST_EXALL_400_VOLUME_FLUSH_PACKET_SAMPLES	0
LIST_EXALL_400_VOLUME_FLUSH_PACKET_SAMPLE_TICKS	0
LIST_EXALL_400_VOLUME_FLUSH_PACKET_OPEN_CALLS	0
LIST_EXALL_400_VOLUME_FLUSH_PACKET_OPEN_SAMPLES	0
LIST_EXALL_400_VOLUME_FLUSH_PACKET_OPEN_SAMPLE_TICKS	0
LIST_EXALL_400_VOLUME_FLUSH_PACKET_READ_CALLS	0
LIST_EXALL_400_VOLUME_FLUSH_PACKET_READ_SAMPLES	0
LIST_EXALL_400_VOLUME_FLUSH_PACKET_READ_SAMPLE_TICKS	0
LIST_EXALL_400_VOLUME_FLUSH_PACKET_WRITE_CALLS	0
LIST_EXALL_400_VOLUME_FLUSH_PACKET_WRITE_SAMPLES	0
LIST_EXALL_400_VOLUME_FLUSH_PACKET_WRITE_SAMPLE_TICKS	0
LIST_EXALL_400_VOLUME_FLUSH_PACKET_END_CALLS	0
LIST_EXALL_400_VOLUME_FLUSH_PACKET_END_SAMPLES	0
LIST_EXALL_400_VOLUME_FLUSH_PACKET_END_SAMPLE_TICKS	0
LIST_EXALL_400_VOLUME_FLUSH_PACKET_DELETE_CALLS	0
LIST_EXALL_400_VOLUME_FLUSH_PACKET_DELETE_SAMPLES	0
LIST_EXALL_400_VOLUME_FLUSH_PACKET_DELETE_SAMPLE_TICKS	0
LIST_EXALL_400_VOLUME_FLUSH_PACKET_FLUSH_CALLS	0
LIST_EXALL_400_VOLUME_FLUSH_PACKET_FLUSH_SAMPLES	0
LIST_EXALL_400_VOLUME_FLUSH_PACKET_FLUSH_SAMPLE_TICKS	0
LIST_EXALL_400_VOLUME_FLUSH_PACKET_OTHER_CALLS	0
LIST_EXALL_400_VOLUME_FLUSH_PACKET_OTHER_SAMPLES	0
LIST_EXALL_400_VOLUME_FLUSH_PACKET_OTHER_SAMPLE_TICKS	0
LIST_EXALL_400_VOLUME_FLUSH_CORE_CREATE_CALLS	0
LIST_EXALL_400_VOLUME_FLUSH_CORE_CREATE_SAMPLES	0
LIST_EXALL_400_VOLUME_FLUSH_CORE_CREATE_SAMPLE_TICKS	0
LIST_EXALL_400_VOLUME_FLUSH_CORE_DELETE_CALLS	0
LIST_EXALL_400_VOLUME_FLUSH_CORE_DELETE_SAMPLES	0
LIST_EXALL_400_VOLUME_FLUSH_CORE_DELETE_SAMPLE_TICKS	0
LIST_EXALL_400_VOLUME_FLUSH_CORE_FILE_WRITE_CALLS	0
LIST_EXALL_400_VOLUME_FLUSH_CORE_FILE_WRITE_SAMPLES	0
LIST_EXALL_400_VOLUME_FLUSH_CORE_FILE_WRITE_SAMPLE_TICKS	0
LIST_EXALL_400_VOLUME_FLUSH_CORE_SYNC_CALLS	0
LIST_EXALL_400_VOLUME_FLUSH_CORE_SYNC_SAMPLES	0
LIST_EXALL_400_VOLUME_FLUSH_CORE_SYNC_SAMPLE_TICKS	0
LIST_EXALL_400_VOLUME_FLUSH_IFACE_FREE_CALLS	0
LIST_EXALL_400_VOLUME_FLUSH_IFACE_FREE_SAMPLES	0
LIST_EXALL_400_VOLUME_FLUSH_IFACE_FREE_SAMPLE_TICKS	0
LIST_EXALL_400_VOLUME_FLUSH_SEAL_COMMIT_CALLS	0
LIST_EXALL_400_VOLUME_FLUSH_SEAL_COMMIT_SAMPLES	0
LIST_EXALL_400_VOLUME_FLUSH_SEAL_COMMIT_SAMPLE_TICKS	0
LIST_EXALL_400_VOLUME_FLUSH_INODE_READ_CALLS	0
LIST_EXALL_400_VOLUME_FLUSH_BTREE_SEARCH_CALLS	0
LIST_EXALL_400_VOLUME_FLUSH_BTREE_INDEX_HINT_HITS	0
LIST_EXALL_400_VOLUME_FLUSH_BTREE_LEAF_HINT_HITS	0
LIST_EXALL_400_VOLUME_FLUSH_CACHE_READ_CALLS	0
LIST_EXALL_400_VOLUME_FLUSH_CACHE_READ_HITS	0
LIST_EXALL_400_VOLUME_FLUSH_CACHE_READ_MISSES	0
LIST_EXALL_400_VOLUME_FLUSH_FREE_TREE_NODE_VIEWS	0
LIST_EXALL_400_VOLUME_FLUSH_FREE_TREE_RESIDENT_VIEWS	0
LIST_EXALL_400_VOLUME_FLUSH_DIR_TREE_NODE_VIEWS	0
LIST_EXALL_400_VOLUME_FLUSH_DIR_TREE_RESIDENT_VIEWS	0
LIST_EXALL_400_VOLUME_FLUSH_INODE_TREE_NODE_VIEWS	0
LIST_EXALL_400_VOLUME_FLUSH_INODE_TREE_RESIDENT_VIEWS	0
LIST_EXALL_400_VOLUME_FLUSH_REFCOUNT_TREE_NODE_VIEWS	0
LIST_EXALL_400_VOLUME_FLUSH_REFCOUNT_TREE_RESIDENT_VIEWS	0
LIST_EXALL_400_VOLUME_FLUSH_OTHER_TREE_NODE_VIEWS	0
LIST_EXALL_400_VOLUME_FLUSH_OTHER_TREE_RESIDENT_VIEWS	0
SEQ_WRITE_8M_US	66625
SEQ_WRITE_8M_WORK_US	64256
SEQ_WRITE_8M_VOLUME_FLUSH_US	2369
SEQ_WRITE_8M_HAS_VOLUME_FLUSH	1
SEQ_WRITE_8M_GUEST_OPEN_CALLS	1
SEQ_WRITE_8M_GUEST_OPEN_US	2433
SEQ_WRITE_8M_GUEST_READ_CALLS	0
SEQ_WRITE_8M_GUEST_READ_US	0
SEQ_WRITE_8M_GUEST_WRITE_CALLS	128
SEQ_WRITE_8M_GUEST_WRITE_US	60450
SEQ_WRITE_8M_GUEST_HANDLE_FLUSH_CALLS	1
SEQ_WRITE_8M_GUEST_HANDLE_FLUSH_US	0
SEQ_WRITE_8M_GUEST_CLOSE_CALLS	1
SEQ_WRITE_8M_GUEST_CLOSE_US	64
SEQ_WRITE_8M_GUEST_VERIFY_CALLS	0
SEQ_WRITE_8M_GUEST_VERIFY_US	0
SEQ_WRITE_8M_WORK_BIO_READS	1
SEQ_WRITE_8M_WORK_BIO_WRITES	128
SEQ_WRITE_8M_WORK_BIO_UPDATES	0
SEQ_WRITE_8M_WORK_DATA_READS	0
SEQ_WRITE_8M_WORK_DATA_WRITES	128
SEQ_WRITE_8M_WORK_NODE_WRITES	0
SEQ_WRITE_8M_WORK_TXN_COMMITS	0
SEQ_WRITE_8M_WORK_EXTENT_MAPS	128
SEQ_WRITE_8M_WORK_READ_TICKS	45
SEQ_WRITE_8M_WORK_WRITE_TICKS	10978
SEQ_WRITE_8M_WORK_UPDATE_TICKS	0
SEQ_WRITE_8M_WORK_DATA_READ_TICKS	0
SEQ_WRITE_8M_WORK_DATA_WRITE_TICKS	10978
SEQ_WRITE_8M_WORK_NODE_CRC_READ_CALLS	1
SEQ_WRITE_8M_WORK_NODE_CRC_READ_SAMPLES	1
SEQ_WRITE_8M_WORK_NODE_CRC_READ_SAMPLE_TICKS	90
SEQ_WRITE_8M_WORK_NODE_CRC_WRITE_CALLS	0
SEQ_WRITE_8M_WORK_NODE_CRC_WRITE_SAMPLES	0
SEQ_WRITE_8M_WORK_NODE_CRC_WRITE_SAMPLE_TICKS	0
SEQ_WRITE_8M_WORK_CLOCK_PAIR_TICKS	1
SEQ_WRITE_8M_WORK_PACKET_CALLS	130
SEQ_WRITE_8M_WORK_PACKET_SAMPLES	130
SEQ_WRITE_8M_WORK_PACKET_SAMPLE_TICKS	41235
SEQ_WRITE_8M_WORK_PACKET_OPEN_CALLS	1
SEQ_WRITE_8M_WORK_PACKET_OPEN_SAMPLES	1
SEQ_WRITE_8M_WORK_PACKET_OPEN_SAMPLE_TICKS	1543
SEQ_WRITE_8M_WORK_PACKET_READ_CALLS	0
SEQ_WRITE_8M_WORK_PACKET_READ_SAMPLES	0
SEQ_WRITE_8M_WORK_PACKET_READ_SAMPLE_TICKS	0
SEQ_WRITE_8M_WORK_PACKET_WRITE_CALLS	128
SEQ_WRITE_8M_WORK_PACKET_WRITE_SAMPLES	128
SEQ_WRITE_8M_WORK_PACKET_WRITE_SAMPLE_TICKS	39691
SEQ_WRITE_8M_WORK_PACKET_END_CALLS	1
SEQ_WRITE_8M_WORK_PACKET_END_SAMPLES	1
SEQ_WRITE_8M_WORK_PACKET_END_SAMPLE_TICKS	1
SEQ_WRITE_8M_WORK_PACKET_DELETE_CALLS	0
SEQ_WRITE_8M_WORK_PACKET_DELETE_SAMPLES	0
SEQ_WRITE_8M_WORK_PACKET_DELETE_SAMPLE_TICKS	0
SEQ_WRITE_8M_WORK_PACKET_FLUSH_CALLS	0
SEQ_WRITE_8M_WORK_PACKET_FLUSH_SAMPLES	0
SEQ_WRITE_8M_WORK_PACKET_FLUSH_SAMPLE_TICKS	0
SEQ_WRITE_8M_WORK_PACKET_OTHER_CALLS	0
SEQ_WRITE_8M_WORK_PACKET_OTHER_SAMPLES	0
SEQ_WRITE_8M_WORK_PACKET_OTHER_SAMPLE_TICKS	0
SEQ_WRITE_8M_WORK_CORE_CREATE_CALLS	1
SEQ_WRITE_8M_WORK_CORE_CREATE_SAMPLES	1
SEQ_WRITE_8M_WORK_CORE_CREATE_SAMPLE_TICKS	1408
SEQ_WRITE_8M_WORK_CORE_DELETE_CALLS	0
SEQ_WRITE_8M_WORK_CORE_DELETE_SAMPLES	0
SEQ_WRITE_8M_WORK_CORE_DELETE_SAMPLE_TICKS	0
SEQ_WRITE_8M_WORK_CORE_FILE_WRITE_CALLS	128
SEQ_WRITE_8M_WORK_CORE_FILE_WRITE_SAMPLES	128
SEQ_WRITE_8M_WORK_CORE_FILE_WRITE_SAMPLE_TICKS	33098
SEQ_WRITE_8M_WORK_CORE_SYNC_CALLS	0
SEQ_WRITE_8M_WORK_CORE_SYNC_SAMPLES	0
SEQ_WRITE_8M_WORK_CORE_SYNC_SAMPLE_TICKS	0
SEQ_WRITE_8M_WORK_IFACE_FREE_CALLS	0
SEQ_WRITE_8M_WORK_IFACE_FREE_SAMPLES	0
SEQ_WRITE_8M_WORK_IFACE_FREE_SAMPLE_TICKS	0
SEQ_WRITE_8M_WORK_SEAL_COMMIT_CALLS	0
SEQ_WRITE_8M_WORK_SEAL_COMMIT_SAMPLES	0
SEQ_WRITE_8M_WORK_SEAL_COMMIT_SAMPLE_TICKS	0
SEQ_WRITE_8M_WORK_INODE_READ_CALLS	259
SEQ_WRITE_8M_WORK_BTREE_SEARCH_CALLS	260
SEQ_WRITE_8M_WORK_BTREE_INDEX_HINT_HITS	130
SEQ_WRITE_8M_WORK_BTREE_LEAF_HINT_HITS	1
SEQ_WRITE_8M_WORK_CACHE_READ_CALLS	6
SEQ_WRITE_8M_WORK_CACHE_READ_HITS	5
SEQ_WRITE_8M_WORK_CACHE_READ_MISSES	1
SEQ_WRITE_8M_WORK_FREE_TREE_NODE_VIEWS	132
SEQ_WRITE_8M_WORK_FREE_TREE_RESIDENT_VIEWS	131
SEQ_WRITE_8M_WORK_DIR_TREE_NODE_VIEWS	2
SEQ_WRITE_8M_WORK_DIR_TREE_RESIDENT_VIEWS	2
SEQ_WRITE_8M_WORK_INODE_TREE_NODE_VIEWS	128
SEQ_WRITE_8M_WORK_INODE_TREE_RESIDENT_VIEWS	128
SEQ_WRITE_8M_WORK_REFCOUNT_TREE_NODE_VIEWS	0
SEQ_WRITE_8M_WORK_REFCOUNT_TREE_RESIDENT_VIEWS	0
SEQ_WRITE_8M_WORK_OTHER_TREE_NODE_VIEWS	0
SEQ_WRITE_8M_WORK_OTHER_TREE_RESIDENT_VIEWS	0
SEQ_WRITE_8M_VOLUME_FLUSH_BIO_READS	2
SEQ_WRITE_8M_VOLUME_FLUSH_BIO_WRITES	6
SEQ_WRITE_8M_VOLUME_FLUSH_BIO_UPDATES	3
SEQ_WRITE_8M_VOLUME_FLUSH_DATA_READS	0
SEQ_WRITE_8M_VOLUME_FLUSH_DATA_WRITES	0
SEQ_WRITE_8M_VOLUME_FLUSH_NODE_WRITES	5
SEQ_WRITE_8M_VOLUME_FLUSH_TXN_COMMITS	1
SEQ_WRITE_8M_VOLUME_FLUSH_EXTENT_MAPS	0
SEQ_WRITE_8M_VOLUME_FLUSH_READ_TICKS	45
SEQ_WRITE_8M_VOLUME_FLUSH_WRITE_TICKS	317
SEQ_WRITE_8M_VOLUME_FLUSH_UPDATE_TICKS	45
SEQ_WRITE_8M_VOLUME_FLUSH_DATA_READ_TICKS	0
SEQ_WRITE_8M_VOLUME_FLUSH_DATA_WRITE_TICKS	0
SEQ_WRITE_8M_VOLUME_FLUSH_NODE_CRC_READ_CALLS	0
SEQ_WRITE_8M_VOLUME_FLUSH_NODE_CRC_READ_SAMPLES	0
SEQ_WRITE_8M_VOLUME_FLUSH_NODE_CRC_READ_SAMPLE_TICKS	0
SEQ_WRITE_8M_VOLUME_FLUSH_NODE_CRC_WRITE_CALLS	5
SEQ_WRITE_8M_VOLUME_FLUSH_NODE_CRC_WRITE_SAMPLES	5
SEQ_WRITE_8M_VOLUME_FLUSH_NODE_CRC_WRITE_SAMPLE_TICKS	454
SEQ_WRITE_8M_VOLUME_FLUSH_CLOCK_PAIR_TICKS	0
SEQ_WRITE_8M_VOLUME_FLUSH_PACKET_CALLS	1
SEQ_WRITE_8M_VOLUME_FLUSH_PACKET_SAMPLES	1
SEQ_WRITE_8M_VOLUME_FLUSH_PACKET_SAMPLE_TICKS	1634
SEQ_WRITE_8M_VOLUME_FLUSH_PACKET_OPEN_CALLS	0
SEQ_WRITE_8M_VOLUME_FLUSH_PACKET_OPEN_SAMPLES	0
SEQ_WRITE_8M_VOLUME_FLUSH_PACKET_OPEN_SAMPLE_TICKS	0
SEQ_WRITE_8M_VOLUME_FLUSH_PACKET_READ_CALLS	0
SEQ_WRITE_8M_VOLUME_FLUSH_PACKET_READ_SAMPLES	0
SEQ_WRITE_8M_VOLUME_FLUSH_PACKET_READ_SAMPLE_TICKS	0
SEQ_WRITE_8M_VOLUME_FLUSH_PACKET_WRITE_CALLS	0
SEQ_WRITE_8M_VOLUME_FLUSH_PACKET_WRITE_SAMPLES	0
SEQ_WRITE_8M_VOLUME_FLUSH_PACKET_WRITE_SAMPLE_TICKS	0
SEQ_WRITE_8M_VOLUME_FLUSH_PACKET_END_CALLS	0
SEQ_WRITE_8M_VOLUME_FLUSH_PACKET_END_SAMPLES	0
SEQ_WRITE_8M_VOLUME_FLUSH_PACKET_END_SAMPLE_TICKS	0
SEQ_WRITE_8M_VOLUME_FLUSH_PACKET_DELETE_CALLS	0
SEQ_WRITE_8M_VOLUME_FLUSH_PACKET_DELETE_SAMPLES	0
SEQ_WRITE_8M_VOLUME_FLUSH_PACKET_DELETE_SAMPLE_TICKS	0
SEQ_WRITE_8M_VOLUME_FLUSH_PACKET_FLUSH_CALLS	1
SEQ_WRITE_8M_VOLUME_FLUSH_PACKET_FLUSH_SAMPLES	1
SEQ_WRITE_8M_VOLUME_FLUSH_PACKET_FLUSH_SAMPLE_TICKS	1634
SEQ_WRITE_8M_VOLUME_FLUSH_PACKET_OTHER_CALLS	0
SEQ_WRITE_8M_VOLUME_FLUSH_PACKET_OTHER_SAMPLES	0
SEQ_WRITE_8M_VOLUME_FLUSH_PACKET_OTHER_SAMPLE_TICKS	0
SEQ_WRITE_8M_VOLUME_FLUSH_CORE_CREATE_CALLS	0
SEQ_WRITE_8M_VOLUME_FLUSH_CORE_CREATE_SAMPLES	0
SEQ_WRITE_8M_VOLUME_FLUSH_CORE_CREATE_SAMPLE_TICKS	0
SEQ_WRITE_8M_VOLUME_FLUSH_CORE_DELETE_CALLS	0
SEQ_WRITE_8M_VOLUME_FLUSH_CORE_DELETE_SAMPLES	0
SEQ_WRITE_8M_VOLUME_FLUSH_CORE_DELETE_SAMPLE_TICKS	0
SEQ_WRITE_8M_VOLUME_FLUSH_CORE_FILE_WRITE_CALLS	0
SEQ_WRITE_8M_VOLUME_FLUSH_CORE_FILE_WRITE_SAMPLES	0
SEQ_WRITE_8M_VOLUME_FLUSH_CORE_FILE_WRITE_SAMPLE_TICKS	0
SEQ_WRITE_8M_VOLUME_FLUSH_CORE_SYNC_CALLS	1
SEQ_WRITE_8M_VOLUME_FLUSH_CORE_SYNC_SAMPLES	1
SEQ_WRITE_8M_VOLUME_FLUSH_CORE_SYNC_SAMPLE_TICKS	1634
SEQ_WRITE_8M_VOLUME_FLUSH_IFACE_FREE_CALLS	0
SEQ_WRITE_8M_VOLUME_FLUSH_IFACE_FREE_SAMPLES	0
SEQ_WRITE_8M_VOLUME_FLUSH_IFACE_FREE_SAMPLE_TICKS	0
SEQ_WRITE_8M_VOLUME_FLUSH_SEAL_COMMIT_CALLS	1
SEQ_WRITE_8M_VOLUME_FLUSH_SEAL_COMMIT_SAMPLES	1
SEQ_WRITE_8M_VOLUME_FLUSH_SEAL_COMMIT_SAMPLE_TICKS	499
SEQ_WRITE_8M_VOLUME_FLUSH_INODE_READ_CALLS	0
SEQ_WRITE_8M_VOLUME_FLUSH_BTREE_SEARCH_CALLS	0
SEQ_WRITE_8M_VOLUME_FLUSH_BTREE_INDEX_HINT_HITS	0
SEQ_WRITE_8M_VOLUME_FLUSH_BTREE_LEAF_HINT_HITS	0
SEQ_WRITE_8M_VOLUME_FLUSH_CACHE_READ_CALLS	5
SEQ_WRITE_8M_VOLUME_FLUSH_CACHE_READ_HITS	3
SEQ_WRITE_8M_VOLUME_FLUSH_CACHE_READ_MISSES	2
SEQ_WRITE_8M_VOLUME_FLUSH_FREE_TREE_NODE_VIEWS	1
SEQ_WRITE_8M_VOLUME_FLUSH_FREE_TREE_RESIDENT_VIEWS	1
SEQ_WRITE_8M_VOLUME_FLUSH_DIR_TREE_NODE_VIEWS	0
SEQ_WRITE_8M_VOLUME_FLUSH_DIR_TREE_RESIDENT_VIEWS	0
SEQ_WRITE_8M_VOLUME_FLUSH_INODE_TREE_NODE_VIEWS	0
SEQ_WRITE_8M_VOLUME_FLUSH_INODE_TREE_RESIDENT_VIEWS	0
SEQ_WRITE_8M_VOLUME_FLUSH_REFCOUNT_TREE_NODE_VIEWS	0
SEQ_WRITE_8M_VOLUME_FLUSH_REFCOUNT_TREE_RESIDENT_VIEWS	0
SEQ_WRITE_8M_VOLUME_FLUSH_OTHER_TREE_NODE_VIEWS	0
SEQ_WRITE_8M_VOLUME_FLUSH_OTHER_TREE_RESIDENT_VIEWS	0
SEQ_READ_8M_US	288063
SEQ_READ_8M_WORK_US	288063
SEQ_READ_8M_VOLUME_FLUSH_US	0
SEQ_READ_8M_HAS_VOLUME_FLUSH	0
SEQ_READ_8M_GUEST_OPEN_CALLS	1
SEQ_READ_8M_GUEST_OPEN_US	383
SEQ_READ_8M_GUEST_READ_CALLS	129
SEQ_READ_8M_GUEST_READ_US	34858
SEQ_READ_8M_GUEST_WRITE_CALLS	0
SEQ_READ_8M_GUEST_WRITE_US	0
SEQ_READ_8M_GUEST_HANDLE_FLUSH_CALLS	0
SEQ_READ_8M_GUEST_HANDLE_FLUSH_US	0
SEQ_READ_8M_GUEST_CLOSE_CALLS	1
SEQ_READ_8M_GUEST_CLOSE_US	63
SEQ_READ_8M_GUEST_VERIFY_CALLS	128
SEQ_READ_8M_GUEST_VERIFY_US	250035
SEQ_READ_8M_WORK_BIO_READS	128
SEQ_READ_8M_WORK_BIO_WRITES	0
SEQ_READ_8M_WORK_BIO_UPDATES	0
SEQ_READ_8M_WORK_DATA_READS	128
SEQ_READ_8M_WORK_DATA_WRITES	0
SEQ_READ_8M_WORK_NODE_WRITES	0
SEQ_READ_8M_WORK_TXN_COMMITS	0
SEQ_READ_8M_WORK_EXTENT_MAPS	0
SEQ_READ_8M_WORK_READ_TICKS	14326
SEQ_READ_8M_WORK_WRITE_TICKS	0
SEQ_READ_8M_WORK_UPDATE_TICKS	0
SEQ_READ_8M_WORK_DATA_READ_TICKS	14326
SEQ_READ_8M_WORK_DATA_WRITE_TICKS	0
SEQ_READ_8M_WORK_NODE_CRC_READ_CALLS	0
SEQ_READ_8M_WORK_NODE_CRC_READ_SAMPLES	0
SEQ_READ_8M_WORK_NODE_CRC_READ_SAMPLE_TICKS	0
SEQ_READ_8M_WORK_NODE_CRC_WRITE_CALLS	0
SEQ_READ_8M_WORK_NODE_CRC_WRITE_SAMPLES	0
SEQ_READ_8M_WORK_NODE_CRC_WRITE_SAMPLE_TICKS	0
SEQ_READ_8M_WORK_CLOCK_PAIR_TICKS	0
SEQ_READ_8M_WORK_PACKET_CALLS	131
SEQ_READ_8M_WORK_PACKET_SAMPLES	131
SEQ_READ_8M_WORK_PACKET_SAMPLE_TICKS	22319
SEQ_READ_8M_WORK_PACKET_OPEN_CALLS	1
SEQ_READ_8M_WORK_PACKET_OPEN_SAMPLES	1
SEQ_READ_8M_WORK_PACKET_OPEN_SAMPLE_TICKS	227
SEQ_READ_8M_WORK_PACKET_READ_CALLS	129
SEQ_READ_8M_WORK_PACKET_READ_SAMPLES	129
SEQ_READ_8M_WORK_PACKET_READ_SAMPLE_TICKS	22047
SEQ_READ_8M_WORK_PACKET_WRITE_CALLS	0
SEQ_READ_8M_WORK_PACKET_WRITE_SAMPLES	0
SEQ_READ_8M_WORK_PACKET_WRITE_SAMPLE_TICKS	0
SEQ_READ_8M_WORK_PACKET_END_CALLS	1
SEQ_READ_8M_WORK_PACKET_END_SAMPLES	1
SEQ_READ_8M_WORK_PACKET_END_SAMPLE_TICKS	45
SEQ_READ_8M_WORK_PACKET_DELETE_CALLS	0
SEQ_READ_8M_WORK_PACKET_DELETE_SAMPLES	0
SEQ_READ_8M_WORK_PACKET_DELETE_SAMPLE_TICKS	0
SEQ_READ_8M_WORK_PACKET_FLUSH_CALLS	0
SEQ_READ_8M_WORK_PACKET_FLUSH_SAMPLES	0
SEQ_READ_8M_WORK_PACKET_FLUSH_SAMPLE_TICKS	0
SEQ_READ_8M_WORK_PACKET_OTHER_CALLS	0
SEQ_READ_8M_WORK_PACKET_OTHER_SAMPLES	0
SEQ_READ_8M_WORK_PACKET_OTHER_SAMPLE_TICKS	0
SEQ_READ_8M_WORK_CORE_CREATE_CALLS	0
SEQ_READ_8M_WORK_CORE_CREATE_SAMPLES	0
SEQ_READ_8M_WORK_CORE_CREATE_SAMPLE_TICKS	0
SEQ_READ_8M_WORK_CORE_DELETE_CALLS	0
SEQ_READ_8M_WORK_CORE_DELETE_SAMPLES	0
SEQ_READ_8M_WORK_CORE_DELETE_SAMPLE_TICKS	0
SEQ_READ_8M_WORK_CORE_FILE_WRITE_CALLS	0
SEQ_READ_8M_WORK_CORE_FILE_WRITE_SAMPLES	0
SEQ_READ_8M_WORK_CORE_FILE_WRITE_SAMPLE_TICKS	0
SEQ_READ_8M_WORK_CORE_SYNC_CALLS	0
SEQ_READ_8M_WORK_CORE_SYNC_SAMPLES	0
SEQ_READ_8M_WORK_CORE_SYNC_SAMPLE_TICKS	0
SEQ_READ_8M_WORK_IFACE_FREE_CALLS	0
SEQ_READ_8M_WORK_IFACE_FREE_SAMPLES	0
SEQ_READ_8M_WORK_IFACE_FREE_SAMPLE_TICKS	0
SEQ_READ_8M_WORK_SEAL_COMMIT_CALLS	0
SEQ_READ_8M_WORK_SEAL_COMMIT_SAMPLES	0
SEQ_READ_8M_WORK_SEAL_COMMIT_SAMPLE_TICKS	0
SEQ_READ_8M_WORK_INODE_READ_CALLS	260
SEQ_READ_8M_WORK_BTREE_SEARCH_CALLS	261
SEQ_READ_8M_WORK_BTREE_INDEX_HINT_HITS	259
SEQ_READ_8M_WORK_BTREE_LEAF_HINT_HITS	0
SEQ_READ_8M_WORK_CACHE_READ_CALLS	3
SEQ_READ_8M_WORK_CACHE_READ_HITS	3
SEQ_READ_8M_WORK_CACHE_READ_MISSES	0
SEQ_READ_8M_WORK_FREE_TREE_NODE_VIEWS	0
SEQ_READ_8M_WORK_FREE_TREE_RESIDENT_VIEWS	0
SEQ_READ_8M_WORK_DIR_TREE_NODE_VIEWS	2
SEQ_READ_8M_WORK_DIR_TREE_RESIDENT_VIEWS	0
SEQ_READ_8M_WORK_INODE_TREE_NODE_VIEWS	1
SEQ_READ_8M_WORK_INODE_TREE_RESIDENT_VIEWS	0
SEQ_READ_8M_WORK_REFCOUNT_TREE_NODE_VIEWS	0
SEQ_READ_8M_WORK_REFCOUNT_TREE_RESIDENT_VIEWS	0
SEQ_READ_8M_WORK_OTHER_TREE_NODE_VIEWS	0
SEQ_READ_8M_WORK_OTHER_TREE_RESIDENT_VIEWS	0
SEQ_READ_8M_VOLUME_FLUSH_BIO_READS	0
SEQ_READ_8M_VOLUME_FLUSH_BIO_WRITES	0
SEQ_READ_8M_VOLUME_FLUSH_BIO_UPDATES	0
SEQ_READ_8M_VOLUME_FLUSH_DATA_READS	0
SEQ_READ_8M_VOLUME_FLUSH_DATA_WRITES	0
SEQ_READ_8M_VOLUME_FLUSH_NODE_WRITES	0
SEQ_READ_8M_VOLUME_FLUSH_TXN_COMMITS	0
SEQ_READ_8M_VOLUME_FLUSH_EXTENT_MAPS	0
SEQ_READ_8M_VOLUME_FLUSH_READ_TICKS	0
SEQ_READ_8M_VOLUME_FLUSH_WRITE_TICKS	0
SEQ_READ_8M_VOLUME_FLUSH_UPDATE_TICKS	0
SEQ_READ_8M_VOLUME_FLUSH_DATA_READ_TICKS	0
SEQ_READ_8M_VOLUME_FLUSH_DATA_WRITE_TICKS	0
SEQ_READ_8M_VOLUME_FLUSH_NODE_CRC_READ_CALLS	0
SEQ_READ_8M_VOLUME_FLUSH_NODE_CRC_READ_SAMPLES	0
SEQ_READ_8M_VOLUME_FLUSH_NODE_CRC_READ_SAMPLE_TICKS	0
SEQ_READ_8M_VOLUME_FLUSH_NODE_CRC_WRITE_CALLS	0
SEQ_READ_8M_VOLUME_FLUSH_NODE_CRC_WRITE_SAMPLES	0
SEQ_READ_8M_VOLUME_FLUSH_NODE_CRC_WRITE_SAMPLE_TICKS	0
SEQ_READ_8M_VOLUME_FLUSH_CLOCK_PAIR_TICKS	0
SEQ_READ_8M_VOLUME_FLUSH_PACKET_CALLS	0
SEQ_READ_8M_VOLUME_FLUSH_PACKET_SAMPLES	0
SEQ_READ_8M_VOLUME_FLUSH_PACKET_SAMPLE_TICKS	0
SEQ_READ_8M_VOLUME_FLUSH_PACKET_OPEN_CALLS	0
SEQ_READ_8M_VOLUME_FLUSH_PACKET_OPEN_SAMPLES	0
SEQ_READ_8M_VOLUME_FLUSH_PACKET_OPEN_SAMPLE_TICKS	0
SEQ_READ_8M_VOLUME_FLUSH_PACKET_READ_CALLS	0
SEQ_READ_8M_VOLUME_FLUSH_PACKET_READ_SAMPLES	0
SEQ_READ_8M_VOLUME_FLUSH_PACKET_READ_SAMPLE_TICKS	0
SEQ_READ_8M_VOLUME_FLUSH_PACKET_WRITE_CALLS	0
SEQ_READ_8M_VOLUME_FLUSH_PACKET_WRITE_SAMPLES	0
SEQ_READ_8M_VOLUME_FLUSH_PACKET_WRITE_SAMPLE_TICKS	0
SEQ_READ_8M_VOLUME_FLUSH_PACKET_END_CALLS	0
SEQ_READ_8M_VOLUME_FLUSH_PACKET_END_SAMPLES	0
SEQ_READ_8M_VOLUME_FLUSH_PACKET_END_SAMPLE_TICKS	0
SEQ_READ_8M_VOLUME_FLUSH_PACKET_DELETE_CALLS	0
SEQ_READ_8M_VOLUME_FLUSH_PACKET_DELETE_SAMPLES	0
SEQ_READ_8M_VOLUME_FLUSH_PACKET_DELETE_SAMPLE_TICKS	0
SEQ_READ_8M_VOLUME_FLUSH_PACKET_FLUSH_CALLS	0
SEQ_READ_8M_VOLUME_FLUSH_PACKET_FLUSH_SAMPLES	0
SEQ_READ_8M_VOLUME_FLUSH_PACKET_FLUSH_SAMPLE_TICKS	0
SEQ_READ_8M_VOLUME_FLUSH_PACKET_OTHER_CALLS	0
SEQ_READ_8M_VOLUME_FLUSH_PACKET_OTHER_SAMPLES	0
SEQ_READ_8M_VOLUME_FLUSH_PACKET_OTHER_SAMPLE_TICKS	0
SEQ_READ_8M_VOLUME_FLUSH_CORE_CREATE_CALLS	0
SEQ_READ_8M_VOLUME_FLUSH_CORE_CREATE_SAMPLES	0
SEQ_READ_8M_VOLUME_FLUSH_CORE_CREATE_SAMPLE_TICKS	0
SEQ_READ_8M_VOLUME_FLUSH_CORE_DELETE_CALLS	0
SEQ_READ_8M_VOLUME_FLUSH_CORE_DELETE_SAMPLES	0
SEQ_READ_8M_VOLUME_FLUSH_CORE_DELETE_SAMPLE_TICKS	0
SEQ_READ_8M_VOLUME_FLUSH_CORE_FILE_WRITE_CALLS	0
SEQ_READ_8M_VOLUME_FLUSH_CORE_FILE_WRITE_SAMPLES	0
SEQ_READ_8M_VOLUME_FLUSH_CORE_FILE_WRITE_SAMPLE_TICKS	0
SEQ_READ_8M_VOLUME_FLUSH_CORE_SYNC_CALLS	0
SEQ_READ_8M_VOLUME_FLUSH_CORE_SYNC_SAMPLES	0
SEQ_READ_8M_VOLUME_FLUSH_CORE_SYNC_SAMPLE_TICKS	0
SEQ_READ_8M_VOLUME_FLUSH_IFACE_FREE_CALLS	0
SEQ_READ_8M_VOLUME_FLUSH_IFACE_FREE_SAMPLES	0
SEQ_READ_8M_VOLUME_FLUSH_IFACE_FREE_SAMPLE_TICKS	0
SEQ_READ_8M_VOLUME_FLUSH_SEAL_COMMIT_CALLS	0
SEQ_READ_8M_VOLUME_FLUSH_SEAL_COMMIT_SAMPLES	0
SEQ_READ_8M_VOLUME_FLUSH_SEAL_COMMIT_SAMPLE_TICKS	0
SEQ_READ_8M_VOLUME_FLUSH_INODE_READ_CALLS	0
SEQ_READ_8M_VOLUME_FLUSH_BTREE_SEARCH_CALLS	0
SEQ_READ_8M_VOLUME_FLUSH_BTREE_INDEX_HINT_HITS	0
SEQ_READ_8M_VOLUME_FLUSH_BTREE_LEAF_HINT_HITS	0
SEQ_READ_8M_VOLUME_FLUSH_CACHE_READ_CALLS	0
SEQ_READ_8M_VOLUME_FLUSH_CACHE_READ_HITS	0
SEQ_READ_8M_VOLUME_FLUSH_CACHE_READ_MISSES	0
SEQ_READ_8M_VOLUME_FLUSH_FREE_TREE_NODE_VIEWS	0
SEQ_READ_8M_VOLUME_FLUSH_FREE_TREE_RESIDENT_VIEWS	0
SEQ_READ_8M_VOLUME_FLUSH_DIR_TREE_NODE_VIEWS	0
SEQ_READ_8M_VOLUME_FLUSH_DIR_TREE_RESIDENT_VIEWS	0
SEQ_READ_8M_VOLUME_FLUSH_INODE_TREE_NODE_VIEWS	0
SEQ_READ_8M_VOLUME_FLUSH_INODE_TREE_RESIDENT_VIEWS	0
SEQ_READ_8M_VOLUME_FLUSH_REFCOUNT_TREE_NODE_VIEWS	0
SEQ_READ_8M_VOLUME_FLUSH_REFCOUNT_TREE_RESIDENT_VIEWS	0
SEQ_READ_8M_VOLUME_FLUSH_OTHER_TREE_NODE_VIEWS	0
SEQ_READ_8M_VOLUME_FLUSH_OTHER_TREE_RESIDENT_VIEWS	0
SMALL_DELETE_40_US	24194
SMALL_DELETE_40_WORK_US	21889
SMALL_DELETE_40_VOLUME_FLUSH_US	2305
SMALL_DELETE_40_HAS_VOLUME_FLUSH	1
SMALL_DELETE_40_GUEST_OPEN_CALLS	0
SMALL_DELETE_40_GUEST_OPEN_US	0
SMALL_DELETE_40_GUEST_READ_CALLS	0
SMALL_DELETE_40_GUEST_READ_US	0
SMALL_DELETE_40_GUEST_WRITE_CALLS	0
SMALL_DELETE_40_GUEST_WRITE_US	0
SMALL_DELETE_40_GUEST_HANDLE_FLUSH_CALLS	0
SMALL_DELETE_40_GUEST_HANDLE_FLUSH_US	0
SMALL_DELETE_40_GUEST_CLOSE_CALLS	0
SMALL_DELETE_40_GUEST_CLOSE_US	0
SMALL_DELETE_40_GUEST_VERIFY_CALLS	0
SMALL_DELETE_40_GUEST_VERIFY_US	0
SMALL_DELETE_40_WORK_BIO_READS	0
SMALL_DELETE_40_WORK_BIO_WRITES	0
SMALL_DELETE_40_WORK_BIO_UPDATES	0
SMALL_DELETE_40_WORK_DATA_READS	0
SMALL_DELETE_40_WORK_DATA_WRITES	0
SMALL_DELETE_40_WORK_NODE_WRITES	0
SMALL_DELETE_40_WORK_TXN_COMMITS	0
SMALL_DELETE_40_WORK_EXTENT_MAPS	0
SMALL_DELETE_40_WORK_READ_TICKS	0
SMALL_DELETE_40_WORK_WRITE_TICKS	0
SMALL_DELETE_40_WORK_UPDATE_TICKS	0
SMALL_DELETE_40_WORK_DATA_READ_TICKS	0
SMALL_DELETE_40_WORK_DATA_WRITE_TICKS	0
SMALL_DELETE_40_WORK_NODE_CRC_READ_CALLS	0
SMALL_DELETE_40_WORK_NODE_CRC_READ_SAMPLES	0
SMALL_DELETE_40_WORK_NODE_CRC_READ_SAMPLE_TICKS	0
SMALL_DELETE_40_WORK_NODE_CRC_WRITE_CALLS	0
SMALL_DELETE_40_WORK_NODE_CRC_WRITE_SAMPLES	0
SMALL_DELETE_40_WORK_NODE_CRC_WRITE_SAMPLE_TICKS	0
SMALL_DELETE_40_WORK_CLOCK_PAIR_TICKS	0
SMALL_DELETE_40_WORK_PACKET_CALLS	40
SMALL_DELETE_40_WORK_PACKET_SAMPLES	40
SMALL_DELETE_40_WORK_PACKET_SAMPLE_TICKS	13304
SMALL_DELETE_40_WORK_PACKET_OPEN_CALLS	0
SMALL_DELETE_40_WORK_PACKET_OPEN_SAMPLES	0
SMALL_DELETE_40_WORK_PACKET_OPEN_SAMPLE_TICKS	0
SMALL_DELETE_40_WORK_PACKET_READ_CALLS	0
SMALL_DELETE_40_WORK_PACKET_READ_SAMPLES	0
SMALL_DELETE_40_WORK_PACKET_READ_SAMPLE_TICKS	0
SMALL_DELETE_40_WORK_PACKET_WRITE_CALLS	0
SMALL_DELETE_40_WORK_PACKET_WRITE_SAMPLES	0
SMALL_DELETE_40_WORK_PACKET_WRITE_SAMPLE_TICKS	0
SMALL_DELETE_40_WORK_PACKET_END_CALLS	0
SMALL_DELETE_40_WORK_PACKET_END_SAMPLES	0
SMALL_DELETE_40_WORK_PACKET_END_SAMPLE_TICKS	0
SMALL_DELETE_40_WORK_PACKET_DELETE_CALLS	40
SMALL_DELETE_40_WORK_PACKET_DELETE_SAMPLES	40
SMALL_DELETE_40_WORK_PACKET_DELETE_SAMPLE_TICKS	13304
SMALL_DELETE_40_WORK_PACKET_FLUSH_CALLS	0
SMALL_DELETE_40_WORK_PACKET_FLUSH_SAMPLES	0
SMALL_DELETE_40_WORK_PACKET_FLUSH_SAMPLE_TICKS	0
SMALL_DELETE_40_WORK_PACKET_OTHER_CALLS	0
SMALL_DELETE_40_WORK_PACKET_OTHER_SAMPLES	0
SMALL_DELETE_40_WORK_PACKET_OTHER_SAMPLE_TICKS	0
SMALL_DELETE_40_WORK_CORE_CREATE_CALLS	0
SMALL_DELETE_40_WORK_CORE_CREATE_SAMPLES	0
SMALL_DELETE_40_WORK_CORE_CREATE_SAMPLE_TICKS	0
SMALL_DELETE_40_WORK_CORE_DELETE_CALLS	40
SMALL_DELETE_40_WORK_CORE_DELETE_SAMPLES	40
SMALL_DELETE_40_WORK_CORE_DELETE_SAMPLE_TICKS	8562
SMALL_DELETE_40_WORK_CORE_FILE_WRITE_CALLS	0
SMALL_DELETE_40_WORK_CORE_FILE_WRITE_SAMPLES	0
SMALL_DELETE_40_WORK_CORE_FILE_WRITE_SAMPLE_TICKS	0
SMALL_DELETE_40_WORK_CORE_SYNC_CALLS	0
SMALL_DELETE_40_WORK_CORE_SYNC_SAMPLES	0
SMALL_DELETE_40_WORK_CORE_SYNC_SAMPLE_TICKS	0
SMALL_DELETE_40_WORK_IFACE_FREE_CALLS	4
SMALL_DELETE_40_WORK_IFACE_FREE_SAMPLES	4
SMALL_DELETE_40_WORK_IFACE_FREE_SAMPLE_TICKS	227
SMALL_DELETE_40_WORK_SEAL_COMMIT_CALLS	0
SMALL_DELETE_40_WORK_SEAL_COMMIT_SAMPLES	0
SMALL_DELETE_40_WORK_SEAL_COMMIT_SAMPLE_TICKS	0
SMALL_DELETE_40_WORK_INODE_READ_CALLS	80
SMALL_DELETE_40_WORK_BTREE_SEARCH_CALLS	204
SMALL_DELETE_40_WORK_BTREE_INDEX_HINT_HITS	40
SMALL_DELETE_40_WORK_BTREE_LEAF_HINT_HITS	54
SMALL_DELETE_40_WORK_CACHE_READ_CALLS	38
SMALL_DELETE_40_WORK_CACHE_READ_HITS	38
SMALL_DELETE_40_WORK_CACHE_READ_MISSES	0
SMALL_DELETE_40_WORK_FREE_TREE_NODE_VIEWS	19
SMALL_DELETE_40_WORK_FREE_TREE_RESIDENT_VIEWS	18
SMALL_DELETE_40_WORK_DIR_TREE_NODE_VIEWS	125
SMALL_DELETE_40_WORK_DIR_TREE_RESIDENT_VIEWS	125
SMALL_DELETE_40_WORK_INODE_TREE_NODE_VIEWS	39
SMALL_DELETE_40_WORK_INODE_TREE_RESIDENT_VIEWS	39
SMALL_DELETE_40_WORK_REFCOUNT_TREE_NODE_VIEWS	0
SMALL_DELETE_40_WORK_REFCOUNT_TREE_RESIDENT_VIEWS	0
SMALL_DELETE_40_WORK_OTHER_TREE_NODE_VIEWS	0
SMALL_DELETE_40_WORK_OTHER_TREE_RESIDENT_VIEWS	0
SMALL_DELETE_40_VOLUME_FLUSH_BIO_READS	0
SMALL_DELETE_40_VOLUME_FLUSH_BIO_WRITES	5
SMALL_DELETE_40_VOLUME_FLUSH_BIO_UPDATES	3
SMALL_DELETE_40_VOLUME_FLUSH_DATA_READS	0
SMALL_DELETE_40_VOLUME_FLUSH_DATA_WRITES	0
SMALL_DELETE_40_VOLUME_FLUSH_NODE_WRITES	4
SMALL_DELETE_40_VOLUME_FLUSH_TXN_COMMITS	1
SMALL_DELETE_40_VOLUME_FLUSH_EXTENT_MAPS	0
SMALL_DELETE_40_VOLUME_FLUSH_READ_TICKS	0
SMALL_DELETE_40_VOLUME_FLUSH_WRITE_TICKS	272
SMALL_DELETE_40_VOLUME_FLUSH_UPDATE_TICKS	0
SMALL_DELETE_40_VOLUME_FLUSH_DATA_READ_TICKS	0
SMALL_DELETE_40_VOLUME_FLUSH_DATA_WRITE_TICKS	0
SMALL_DELETE_40_VOLUME_FLUSH_NODE_CRC_READ_CALLS	0
SMALL_DELETE_40_VOLUME_FLUSH_NODE_CRC_READ_SAMPLES	0
SMALL_DELETE_40_VOLUME_FLUSH_NODE_CRC_READ_SAMPLE_TICKS	0
SMALL_DELETE_40_VOLUME_FLUSH_NODE_CRC_WRITE_CALLS	4
SMALL_DELETE_40_VOLUME_FLUSH_NODE_CRC_WRITE_SAMPLES	4
SMALL_DELETE_40_VOLUME_FLUSH_NODE_CRC_WRITE_SAMPLE_TICKS	118
SMALL_DELETE_40_VOLUME_FLUSH_CLOCK_PAIR_TICKS	0
SMALL_DELETE_40_VOLUME_FLUSH_PACKET_CALLS	1
SMALL_DELETE_40_VOLUME_FLUSH_PACKET_SAMPLES	1
SMALL_DELETE_40_VOLUME_FLUSH_PACKET_SAMPLE_TICKS	1588
SMALL_DELETE_40_VOLUME_FLUSH_PACKET_OPEN_CALLS	0
SMALL_DELETE_40_VOLUME_FLUSH_PACKET_OPEN_SAMPLES	0
SMALL_DELETE_40_VOLUME_FLUSH_PACKET_OPEN_SAMPLE_TICKS	0
SMALL_DELETE_40_VOLUME_FLUSH_PACKET_READ_CALLS	0
SMALL_DELETE_40_VOLUME_FLUSH_PACKET_READ_SAMPLES	0
SMALL_DELETE_40_VOLUME_FLUSH_PACKET_READ_SAMPLE_TICKS	0
SMALL_DELETE_40_VOLUME_FLUSH_PACKET_WRITE_CALLS	0
SMALL_DELETE_40_VOLUME_FLUSH_PACKET_WRITE_SAMPLES	0
SMALL_DELETE_40_VOLUME_FLUSH_PACKET_WRITE_SAMPLE_TICKS	0
SMALL_DELETE_40_VOLUME_FLUSH_PACKET_END_CALLS	0
SMALL_DELETE_40_VOLUME_FLUSH_PACKET_END_SAMPLES	0
SMALL_DELETE_40_VOLUME_FLUSH_PACKET_END_SAMPLE_TICKS	0
SMALL_DELETE_40_VOLUME_FLUSH_PACKET_DELETE_CALLS	0
SMALL_DELETE_40_VOLUME_FLUSH_PACKET_DELETE_SAMPLES	0
SMALL_DELETE_40_VOLUME_FLUSH_PACKET_DELETE_SAMPLE_TICKS	0
SMALL_DELETE_40_VOLUME_FLUSH_PACKET_FLUSH_CALLS	1
SMALL_DELETE_40_VOLUME_FLUSH_PACKET_FLUSH_SAMPLES	1
SMALL_DELETE_40_VOLUME_FLUSH_PACKET_FLUSH_SAMPLE_TICKS	1588
SMALL_DELETE_40_VOLUME_FLUSH_PACKET_OTHER_CALLS	0
SMALL_DELETE_40_VOLUME_FLUSH_PACKET_OTHER_SAMPLES	0
SMALL_DELETE_40_VOLUME_FLUSH_PACKET_OTHER_SAMPLE_TICKS	0
SMALL_DELETE_40_VOLUME_FLUSH_CORE_CREATE_CALLS	0
SMALL_DELETE_40_VOLUME_FLUSH_CORE_CREATE_SAMPLES	0
SMALL_DELETE_40_VOLUME_FLUSH_CORE_CREATE_SAMPLE_TICKS	0
SMALL_DELETE_40_VOLUME_FLUSH_CORE_DELETE_CALLS	0
SMALL_DELETE_40_VOLUME_FLUSH_CORE_DELETE_SAMPLES	0
SMALL_DELETE_40_VOLUME_FLUSH_CORE_DELETE_SAMPLE_TICKS	0
SMALL_DELETE_40_VOLUME_FLUSH_CORE_FILE_WRITE_CALLS	0
SMALL_DELETE_40_VOLUME_FLUSH_CORE_FILE_WRITE_SAMPLES	0
SMALL_DELETE_40_VOLUME_FLUSH_CORE_FILE_WRITE_SAMPLE_TICKS	0
SMALL_DELETE_40_VOLUME_FLUSH_CORE_SYNC_CALLS	1
SMALL_DELETE_40_VOLUME_FLUSH_CORE_SYNC_SAMPLES	1
SMALL_DELETE_40_VOLUME_FLUSH_CORE_SYNC_SAMPLE_TICKS	1543
SMALL_DELETE_40_VOLUME_FLUSH_IFACE_FREE_CALLS	0
SMALL_DELETE_40_VOLUME_FLUSH_IFACE_FREE_SAMPLES	0
SMALL_DELETE_40_VOLUME_FLUSH_IFACE_FREE_SAMPLE_TICKS	0
SMALL_DELETE_40_VOLUME_FLUSH_SEAL_COMMIT_CALLS	1
SMALL_DELETE_40_VOLUME_FLUSH_SEAL_COMMIT_SAMPLES	1
SMALL_DELETE_40_VOLUME_FLUSH_SEAL_COMMIT_SAMPLE_TICKS	816
SMALL_DELETE_40_VOLUME_FLUSH_INODE_READ_CALLS	0
SMALL_DELETE_40_VOLUME_FLUSH_BTREE_SEARCH_CALLS	0
SMALL_DELETE_40_VOLUME_FLUSH_BTREE_INDEX_HINT_HITS	0
SMALL_DELETE_40_VOLUME_FLUSH_BTREE_LEAF_HINT_HITS	0
SMALL_DELETE_40_VOLUME_FLUSH_CACHE_READ_CALLS	5
SMALL_DELETE_40_VOLUME_FLUSH_CACHE_READ_HITS	5
SMALL_DELETE_40_VOLUME_FLUSH_CACHE_READ_MISSES	0
SMALL_DELETE_40_VOLUME_FLUSH_FREE_TREE_NODE_VIEWS	1
SMALL_DELETE_40_VOLUME_FLUSH_FREE_TREE_RESIDENT_VIEWS	1
SMALL_DELETE_40_VOLUME_FLUSH_DIR_TREE_NODE_VIEWS	0
SMALL_DELETE_40_VOLUME_FLUSH_DIR_TREE_RESIDENT_VIEWS	0
SMALL_DELETE_40_VOLUME_FLUSH_INODE_TREE_NODE_VIEWS	0
SMALL_DELETE_40_VOLUME_FLUSH_INODE_TREE_RESIDENT_VIEWS	0
SMALL_DELETE_40_VOLUME_FLUSH_REFCOUNT_TREE_NODE_VIEWS	0
SMALL_DELETE_40_VOLUME_FLUSH_REFCOUNT_TREE_RESIDENT_VIEWS	0
SMALL_DELETE_40_VOLUME_FLUSH_OTHER_TREE_NODE_VIEWS	0
SMALL_DELETE_40_VOLUME_FLUSH_OTHER_TREE_RESIDENT_VIEWS	0
APPEND_4K_1M_US	101982
APPEND_4K_1M_WORK_US	100127
APPEND_4K_1M_VOLUME_FLUSH_US	1855
APPEND_4K_1M_HAS_VOLUME_FLUSH	1
APPEND_4K_1M_GUEST_OPEN_CALLS	1
APPEND_4K_1M_GUEST_OPEN_US	895
APPEND_4K_1M_GUEST_READ_CALLS	0
APPEND_4K_1M_GUEST_READ_US	0
APPEND_4K_1M_GUEST_WRITE_CALLS	256
APPEND_4K_1M_GUEST_WRITE_US	96939
APPEND_4K_1M_GUEST_HANDLE_FLUSH_CALLS	1
APPEND_4K_1M_GUEST_HANDLE_FLUSH_US	0
APPEND_4K_1M_GUEST_CLOSE_CALLS	1
APPEND_4K_1M_GUEST_CLOSE_US	63
APPEND_4K_1M_GUEST_VERIFY_CALLS	0
APPEND_4K_1M_GUEST_VERIFY_US	0
APPEND_4K_1M_WORK_BIO_READS	0
APPEND_4K_1M_WORK_BIO_WRITES	256
APPEND_4K_1M_WORK_BIO_UPDATES	0
APPEND_4K_1M_WORK_DATA_READS	0
APPEND_4K_1M_WORK_DATA_WRITES	256
APPEND_4K_1M_WORK_NODE_WRITES	0
APPEND_4K_1M_WORK_TXN_COMMITS	0
APPEND_4K_1M_WORK_EXTENT_MAPS	256
APPEND_4K_1M_WORK_READ_TICKS	0
APPEND_4K_1M_WORK_WRITE_TICKS	12511
APPEND_4K_1M_WORK_UPDATE_TICKS	0
APPEND_4K_1M_WORK_DATA_READ_TICKS	0
APPEND_4K_1M_WORK_DATA_WRITE_TICKS	12511
APPEND_4K_1M_WORK_NODE_CRC_READ_CALLS	0
APPEND_4K_1M_WORK_NODE_CRC_READ_SAMPLES	0
APPEND_4K_1M_WORK_NODE_CRC_READ_SAMPLE_TICKS	0
APPEND_4K_1M_WORK_NODE_CRC_WRITE_CALLS	0
APPEND_4K_1M_WORK_NODE_CRC_WRITE_SAMPLES	0
APPEND_4K_1M_WORK_NODE_CRC_WRITE_SAMPLE_TICKS	0
APPEND_4K_1M_WORK_CLOCK_PAIR_TICKS	1
APPEND_4K_1M_WORK_PACKET_CALLS	258
APPEND_4K_1M_WORK_PACKET_SAMPLES	258
APPEND_4K_1M_WORK_PACKET_SAMPLE_TICKS	64741
APPEND_4K_1M_WORK_PACKET_OPEN_CALLS	1
APPEND_4K_1M_WORK_PACKET_OPEN_SAMPLES	1
APPEND_4K_1M_WORK_PACKET_OPEN_SAMPLE_TICKS	590
APPEND_4K_1M_WORK_PACKET_READ_CALLS	0
APPEND_4K_1M_WORK_PACKET_READ_SAMPLES	0
APPEND_4K_1M_WORK_PACKET_READ_SAMPLE_TICKS	0
APPEND_4K_1M_WORK_PACKET_WRITE_CALLS	256
APPEND_4K_1M_WORK_PACKET_WRITE_SAMPLES	256
APPEND_4K_1M_WORK_PACKET_WRITE_SAMPLE_TICKS	64151
APPEND_4K_1M_WORK_PACKET_END_CALLS	1
APPEND_4K_1M_WORK_PACKET_END_SAMPLES	1
APPEND_4K_1M_WORK_PACKET_END_SAMPLE_TICKS	0
APPEND_4K_1M_WORK_PACKET_DELETE_CALLS	0
APPEND_4K_1M_WORK_PACKET_DELETE_SAMPLES	0
APPEND_4K_1M_WORK_PACKET_DELETE_SAMPLE_TICKS	0
APPEND_4K_1M_WORK_PACKET_FLUSH_CALLS	0
APPEND_4K_1M_WORK_PACKET_FLUSH_SAMPLES	0
APPEND_4K_1M_WORK_PACKET_FLUSH_SAMPLE_TICKS	0
APPEND_4K_1M_WORK_PACKET_OTHER_CALLS	0
APPEND_4K_1M_WORK_PACKET_OTHER_SAMPLES	0
APPEND_4K_1M_WORK_PACKET_OTHER_SAMPLE_TICKS	0
APPEND_4K_1M_WORK_CORE_CREATE_CALLS	1
APPEND_4K_1M_WORK_CORE_CREATE_SAMPLES	1
APPEND_4K_1M_WORK_CORE_CREATE_SAMPLE_TICKS	455
APPEND_4K_1M_WORK_CORE_DELETE_CALLS	0
APPEND_4K_1M_WORK_CORE_DELETE_SAMPLES	0
APPEND_4K_1M_WORK_CORE_DELETE_SAMPLE_TICKS	0
APPEND_4K_1M_WORK_CORE_FILE_WRITE_CALLS	256
APPEND_4K_1M_WORK_CORE_FILE_WRITE_SAMPLES	256
APPEND_4K_1M_WORK_CORE_FILE_WRITE_SAMPLE_TICKS	53471
APPEND_4K_1M_WORK_CORE_SYNC_CALLS	0
APPEND_4K_1M_WORK_CORE_SYNC_SAMPLES	0
APPEND_4K_1M_WORK_CORE_SYNC_SAMPLE_TICKS	0
APPEND_4K_1M_WORK_IFACE_FREE_CALLS	0
APPEND_4K_1M_WORK_IFACE_FREE_SAMPLES	0
APPEND_4K_1M_WORK_IFACE_FREE_SAMPLE_TICKS	0
APPEND_4K_1M_WORK_SEAL_COMMIT_CALLS	0
APPEND_4K_1M_WORK_SEAL_COMMIT_SAMPLES	0
APPEND_4K_1M_WORK_SEAL_COMMIT_SAMPLE_TICKS	0
APPEND_4K_1M_WORK_INODE_READ_CALLS	515
APPEND_4K_1M_WORK_BTREE_SEARCH_CALLS	516
APPEND_4K_1M_WORK_BTREE_INDEX_HINT_HITS	258
APPEND_4K_1M_WORK_BTREE_LEAF_HINT_HITS	0
APPEND_4K_1M_WORK_CACHE_READ_CALLS	7
APPEND_4K_1M_WORK_CACHE_READ_HITS	7
APPEND_4K_1M_WORK_CACHE_READ_MISSES	0
APPEND_4K_1M_WORK_FREE_TREE_NODE_VIEWS	259
APPEND_4K_1M_WORK_FREE_TREE_RESIDENT_VIEWS	258
APPEND_4K_1M_WORK_DIR_TREE_NODE_VIEWS	1
APPEND_4K_1M_WORK_DIR_TREE_RESIDENT_VIEWS	0
APPEND_4K_1M_WORK_INODE_TREE_NODE_VIEWS	257
APPEND_4K_1M_WORK_INODE_TREE_RESIDENT_VIEWS	256
APPEND_4K_1M_WORK_REFCOUNT_TREE_NODE_VIEWS	0
APPEND_4K_1M_WORK_REFCOUNT_TREE_RESIDENT_VIEWS	0
APPEND_4K_1M_WORK_OTHER_TREE_NODE_VIEWS	0
APPEND_4K_1M_WORK_OTHER_TREE_RESIDENT_VIEWS	0
APPEND_4K_1M_VOLUME_FLUSH_BIO_READS	0
APPEND_4K_1M_VOLUME_FLUSH_BIO_WRITES	5
APPEND_4K_1M_VOLUME_FLUSH_BIO_UPDATES	3
APPEND_4K_1M_VOLUME_FLUSH_DATA_READS	0
APPEND_4K_1M_VOLUME_FLUSH_DATA_WRITES	0
APPEND_4K_1M_VOLUME_FLUSH_NODE_WRITES	4
APPEND_4K_1M_VOLUME_FLUSH_TXN_COMMITS	1
APPEND_4K_1M_VOLUME_FLUSH_EXTENT_MAPS	0
APPEND_4K_1M_VOLUME_FLUSH_READ_TICKS	0
APPEND_4K_1M_VOLUME_FLUSH_WRITE_TICKS	227
APPEND_4K_1M_VOLUME_FLUSH_UPDATE_TICKS	45
APPEND_4K_1M_VOLUME_FLUSH_DATA_READ_TICKS	0
APPEND_4K_1M_VOLUME_FLUSH_DATA_WRITE_TICKS	0
APPEND_4K_1M_VOLUME_FLUSH_NODE_CRC_READ_CALLS	0
APPEND_4K_1M_VOLUME_FLUSH_NODE_CRC_READ_SAMPLES	0
APPEND_4K_1M_VOLUME_FLUSH_NODE_CRC_READ_SAMPLE_TICKS	0
APPEND_4K_1M_VOLUME_FLUSH_NODE_CRC_WRITE_CALLS	4
APPEND_4K_1M_VOLUME_FLUSH_NODE_CRC_WRITE_SAMPLES	4
APPEND_4K_1M_VOLUME_FLUSH_NODE_CRC_WRITE_SAMPLE_TICKS	228
APPEND_4K_1M_VOLUME_FLUSH_CLOCK_PAIR_TICKS	0
APPEND_4K_1M_VOLUME_FLUSH_PACKET_CALLS	1
APPEND_4K_1M_VOLUME_FLUSH_PACKET_SAMPLES	1
APPEND_4K_1M_VOLUME_FLUSH_PACKET_SAMPLE_TICKS	1271
APPEND_4K_1M_VOLUME_FLUSH_PACKET_OPEN_CALLS	0
APPEND_4K_1M_VOLUME_FLUSH_PACKET_OPEN_SAMPLES	0
APPEND_4K_1M_VOLUME_FLUSH_PACKET_OPEN_SAMPLE_TICKS	0
APPEND_4K_1M_VOLUME_FLUSH_PACKET_READ_CALLS	0
APPEND_4K_1M_VOLUME_FLUSH_PACKET_READ_SAMPLES	0
APPEND_4K_1M_VOLUME_FLUSH_PACKET_READ_SAMPLE_TICKS	0
APPEND_4K_1M_VOLUME_FLUSH_PACKET_WRITE_CALLS	0
APPEND_4K_1M_VOLUME_FLUSH_PACKET_WRITE_SAMPLES	0
APPEND_4K_1M_VOLUME_FLUSH_PACKET_WRITE_SAMPLE_TICKS	0
APPEND_4K_1M_VOLUME_FLUSH_PACKET_END_CALLS	0
APPEND_4K_1M_VOLUME_FLUSH_PACKET_END_SAMPLES	0
APPEND_4K_1M_VOLUME_FLUSH_PACKET_END_SAMPLE_TICKS	0
APPEND_4K_1M_VOLUME_FLUSH_PACKET_DELETE_CALLS	0
APPEND_4K_1M_VOLUME_FLUSH_PACKET_DELETE_SAMPLES	0
APPEND_4K_1M_VOLUME_FLUSH_PACKET_DELETE_SAMPLE_TICKS	0
APPEND_4K_1M_VOLUME_FLUSH_PACKET_FLUSH_CALLS	1
APPEND_4K_1M_VOLUME_FLUSH_PACKET_FLUSH_SAMPLES	1
APPEND_4K_1M_VOLUME_FLUSH_PACKET_FLUSH_SAMPLE_TICKS	1271
APPEND_4K_1M_VOLUME_FLUSH_PACKET_OTHER_CALLS	0
APPEND_4K_1M_VOLUME_FLUSH_PACKET_OTHER_SAMPLES	0
APPEND_4K_1M_VOLUME_FLUSH_PACKET_OTHER_SAMPLE_TICKS	0
APPEND_4K_1M_VOLUME_FLUSH_CORE_CREATE_CALLS	0
APPEND_4K_1M_VOLUME_FLUSH_CORE_CREATE_SAMPLES	0
APPEND_4K_1M_VOLUME_FLUSH_CORE_CREATE_SAMPLE_TICKS	0
APPEND_4K_1M_VOLUME_FLUSH_CORE_DELETE_CALLS	0
APPEND_4K_1M_VOLUME_FLUSH_CORE_DELETE_SAMPLES	0
APPEND_4K_1M_VOLUME_FLUSH_CORE_DELETE_SAMPLE_TICKS	0
APPEND_4K_1M_VOLUME_FLUSH_CORE_FILE_WRITE_CALLS	0
APPEND_4K_1M_VOLUME_FLUSH_CORE_FILE_WRITE_SAMPLES	0
APPEND_4K_1M_VOLUME_FLUSH_CORE_FILE_WRITE_SAMPLE_TICKS	0
APPEND_4K_1M_VOLUME_FLUSH_CORE_SYNC_CALLS	1
APPEND_4K_1M_VOLUME_FLUSH_CORE_SYNC_SAMPLES	1
APPEND_4K_1M_VOLUME_FLUSH_CORE_SYNC_SAMPLE_TICKS	1271
APPEND_4K_1M_VOLUME_FLUSH_IFACE_FREE_CALLS	0
APPEND_4K_1M_VOLUME_FLUSH_IFACE_FREE_SAMPLES	0
APPEND_4K_1M_VOLUME_FLUSH_IFACE_FREE_SAMPLE_TICKS	0
APPEND_4K_1M_VOLUME_FLUSH_SEAL_COMMIT_CALLS	1
APPEND_4K_1M_VOLUME_FLUSH_SEAL_COMMIT_SAMPLES	1
APPEND_4K_1M_VOLUME_FLUSH_SEAL_COMMIT_SAMPLE_TICKS	499
APPEND_4K_1M_VOLUME_FLUSH_INODE_READ_CALLS	0
APPEND_4K_1M_VOLUME_FLUSH_BTREE_SEARCH_CALLS	0
APPEND_4K_1M_VOLUME_FLUSH_BTREE_INDEX_HINT_HITS	0
APPEND_4K_1M_VOLUME_FLUSH_BTREE_LEAF_HINT_HITS	0
APPEND_4K_1M_VOLUME_FLUSH_CACHE_READ_CALLS	5
APPEND_4K_1M_VOLUME_FLUSH_CACHE_READ_HITS	5
APPEND_4K_1M_VOLUME_FLUSH_CACHE_READ_MISSES	0
APPEND_4K_1M_VOLUME_FLUSH_FREE_TREE_NODE_VIEWS	1
APPEND_4K_1M_VOLUME_FLUSH_FREE_TREE_RESIDENT_VIEWS	1
APPEND_4K_1M_VOLUME_FLUSH_DIR_TREE_NODE_VIEWS	0
APPEND_4K_1M_VOLUME_FLUSH_DIR_TREE_RESIDENT_VIEWS	0
APPEND_4K_1M_VOLUME_FLUSH_INODE_TREE_NODE_VIEWS	0
APPEND_4K_1M_VOLUME_FLUSH_INODE_TREE_RESIDENT_VIEWS	0
APPEND_4K_1M_VOLUME_FLUSH_REFCOUNT_TREE_NODE_VIEWS	0
APPEND_4K_1M_VOLUME_FLUSH_REFCOUNT_TREE_RESIDENT_VIEWS	0
APPEND_4K_1M_VOLUME_FLUSH_OTHER_TREE_NODE_VIEWS	0
APPEND_4K_1M_VOLUME_FLUSH_OTHER_TREE_RESIDENT_VIEWS	0
APPEND_1K_256K_US	99008
APPEND_1K_256K_WORK_US	97088
APPEND_1K_256K_VOLUME_FLUSH_US	1920
APPEND_1K_256K_HAS_VOLUME_FLUSH	1
APPEND_1K_256K_GUEST_OPEN_CALLS	1
APPEND_1K_256K_GUEST_OPEN_US	960
APPEND_1K_256K_GUEST_READ_CALLS	0
APPEND_1K_256K_GUEST_READ_US	0
APPEND_1K_256K_GUEST_WRITE_CALLS	256
APPEND_1K_256K_GUEST_WRITE_US	93180
APPEND_1K_256K_GUEST_HANDLE_FLUSH_CALLS	1
APPEND_1K_256K_GUEST_HANDLE_FLUSH_US	0
APPEND_1K_256K_GUEST_CLOSE_CALLS	1
APPEND_1K_256K_GUEST_CLOSE_US	51
APPEND_1K_256K_GUEST_VERIFY_CALLS	0
APPEND_1K_256K_GUEST_VERIFY_US	0
APPEND_1K_256K_WORK_BIO_READS	64
APPEND_1K_256K_WORK_BIO_WRITES	256
APPEND_1K_256K_WORK_BIO_UPDATES	0
APPEND_1K_256K_WORK_DATA_READS	64
APPEND_1K_256K_WORK_DATA_WRITES	256
APPEND_1K_256K_WORK_NODE_WRITES	0
APPEND_1K_256K_WORK_TXN_COMMITS	0
APPEND_1K_256K_WORK_EXTENT_MAPS	64
APPEND_1K_256K_WORK_READ_TICKS	1659
APPEND_1K_256K_WORK_WRITE_TICKS	13150
APPEND_1K_256K_WORK_UPDATE_TICKS	0
APPEND_1K_256K_WORK_DATA_READ_TICKS	1659
APPEND_1K_256K_WORK_DATA_WRITE_TICKS	13150
APPEND_1K_256K_WORK_NODE_CRC_READ_CALLS	0
APPEND_1K_256K_WORK_NODE_CRC_READ_SAMPLES	0
APPEND_1K_256K_WORK_NODE_CRC_READ_SAMPLE_TICKS	0
APPEND_1K_256K_WORK_NODE_CRC_WRITE_CALLS	0
APPEND_1K_256K_WORK_NODE_CRC_WRITE_SAMPLES	0
APPEND_1K_256K_WORK_NODE_CRC_WRITE_SAMPLE_TICKS	0
APPEND_1K_256K_WORK_CLOCK_PAIR_TICKS	0
APPEND_1K_256K_WORK_PACKET_CALLS	258
APPEND_1K_256K_WORK_PACKET_SAMPLES	258
APPEND_1K_256K_WORK_PACKET_SAMPLE_TICKS	61441
APPEND_1K_256K_WORK_PACKET_OPEN_CALLS	1
APPEND_1K_256K_WORK_PACKET_OPEN_SAMPLES	1
APPEND_1K_256K_WORK_PACKET_OPEN_SAMPLE_TICKS	635
APPEND_1K_256K_WORK_PACKET_READ_CALLS	0
APPEND_1K_256K_WORK_PACKET_READ_SAMPLES	0
APPEND_1K_256K_WORK_PACKET_READ_SAMPLE_TICKS	0
APPEND_1K_256K_WORK_PACKET_WRITE_CALLS	256
APPEND_1K_256K_WORK_PACKET_WRITE_SAMPLES	256
APPEND_1K_256K_WORK_PACKET_WRITE_SAMPLE_TICKS	60805
APPEND_1K_256K_WORK_PACKET_END_CALLS	1
APPEND_1K_256K_WORK_PACKET_END_SAMPLES	1
APPEND_1K_256K_WORK_PACKET_END_SAMPLE_TICKS	1
APPEND_1K_256K_WORK_PACKET_DELETE_CALLS	0
APPEND_1K_256K_WORK_PACKET_DELETE_SAMPLES	0
APPEND_1K_256K_WORK_PACKET_DELETE_SAMPLE_TICKS	0
APPEND_1K_256K_WORK_PACKET_FLUSH_CALLS	0
APPEND_1K_256K_WORK_PACKET_FLUSH_SAMPLES	0
APPEND_1K_256K_WORK_PACKET_FLUSH_SAMPLE_TICKS	0
APPEND_1K_256K_WORK_PACKET_OTHER_CALLS	0
APPEND_1K_256K_WORK_PACKET_OTHER_SAMPLES	0
APPEND_1K_256K_WORK_PACKET_OTHER_SAMPLE_TICKS	0
APPEND_1K_256K_WORK_CORE_CREATE_CALLS	1
APPEND_1K_256K_WORK_CORE_CREATE_SAMPLES	1
APPEND_1K_256K_WORK_CORE_CREATE_SAMPLE_TICKS	499
APPEND_1K_256K_WORK_CORE_DELETE_CALLS	0
APPEND_1K_256K_WORK_CORE_DELETE_SAMPLES	0
APPEND_1K_256K_WORK_CORE_DELETE_SAMPLE_TICKS	0
APPEND_1K_256K_WORK_CORE_FILE_WRITE_CALLS	256
APPEND_1K_256K_WORK_CORE_FILE_WRITE_SAMPLES	256
APPEND_1K_256K_WORK_CORE_FILE_WRITE_SAMPLE_TICKS	48689
APPEND_1K_256K_WORK_CORE_SYNC_CALLS	0
APPEND_1K_256K_WORK_CORE_SYNC_SAMPLES	0
APPEND_1K_256K_WORK_CORE_SYNC_SAMPLE_TICKS	0
APPEND_1K_256K_WORK_IFACE_FREE_CALLS	0
APPEND_1K_256K_WORK_IFACE_FREE_SAMPLES	0
APPEND_1K_256K_WORK_IFACE_FREE_SAMPLE_TICKS	0
APPEND_1K_256K_WORK_SEAL_COMMIT_CALLS	0
APPEND_1K_256K_WORK_SEAL_COMMIT_SAMPLES	0
APPEND_1K_256K_WORK_SEAL_COMMIT_SAMPLE_TICKS	0
APPEND_1K_256K_WORK_INODE_READ_CALLS	515
APPEND_1K_256K_WORK_BTREE_SEARCH_CALLS	516
APPEND_1K_256K_WORK_BTREE_INDEX_HINT_HITS	258
APPEND_1K_256K_WORK_BTREE_LEAF_HINT_HITS	0
APPEND_1K_256K_WORK_CACHE_READ_CALLS	199
APPEND_1K_256K_WORK_CACHE_READ_HITS	135
APPEND_1K_256K_WORK_CACHE_READ_MISSES	64
APPEND_1K_256K_WORK_FREE_TREE_NODE_VIEWS	67
APPEND_1K_256K_WORK_FREE_TREE_RESIDENT_VIEWS	66
APPEND_1K_256K_WORK_DIR_TREE_NODE_VIEWS	1
APPEND_1K_256K_WORK_DIR_TREE_RESIDENT_VIEWS	0
APPEND_1K_256K_WORK_INODE_TREE_NODE_VIEWS	257
APPEND_1K_256K_WORK_INODE_TREE_RESIDENT_VIEWS	256
APPEND_1K_256K_WORK_REFCOUNT_TREE_NODE_VIEWS	0
APPEND_1K_256K_WORK_REFCOUNT_TREE_RESIDENT_VIEWS	0
APPEND_1K_256K_WORK_OTHER_TREE_NODE_VIEWS	0
APPEND_1K_256K_WORK_OTHER_TREE_RESIDENT_VIEWS	0
APPEND_1K_256K_VOLUME_FLUSH_BIO_READS	2
APPEND_1K_256K_VOLUME_FLUSH_BIO_WRITES	5
APPEND_1K_256K_VOLUME_FLUSH_BIO_UPDATES	3
APPEND_1K_256K_VOLUME_FLUSH_DATA_READS	0
APPEND_1K_256K_VOLUME_FLUSH_DATA_WRITES	0
APPEND_1K_256K_VOLUME_FLUSH_NODE_WRITES	4
APPEND_1K_256K_VOLUME_FLUSH_TXN_COMMITS	1
APPEND_1K_256K_VOLUME_FLUSH_EXTENT_MAPS	0
APPEND_1K_256K_VOLUME_FLUSH_READ_TICKS	45
APPEND_1K_256K_VOLUME_FLUSH_WRITE_TICKS	119
APPEND_1K_256K_VOLUME_FLUSH_UPDATE_TICKS	0
APPEND_1K_256K_VOLUME_FLUSH_DATA_READ_TICKS	0
APPEND_1K_256K_VOLUME_FLUSH_DATA_WRITE_TICKS	0
APPEND_1K_256K_VOLUME_FLUSH_NODE_CRC_READ_CALLS	0
APPEND_1K_256K_VOLUME_FLUSH_NODE_CRC_READ_SAMPLES	0
APPEND_1K_256K_VOLUME_FLUSH_NODE_CRC_READ_SAMPLE_TICKS	0
APPEND_1K_256K_VOLUME_FLUSH_NODE_CRC_WRITE_CALLS	4
APPEND_1K_256K_VOLUME_FLUSH_NODE_CRC_WRITE_SAMPLES	4
APPEND_1K_256K_VOLUME_FLUSH_NODE_CRC_WRITE_SAMPLE_TICKS	181
APPEND_1K_256K_VOLUME_FLUSH_CLOCK_PAIR_TICKS	0
APPEND_1K_256K_VOLUME_FLUSH_PACKET_CALLS	1
APPEND_1K_256K_VOLUME_FLUSH_PACKET_SAMPLES	1
APPEND_1K_256K_VOLUME_FLUSH_PACKET_SAMPLE_TICKS	1272
APPEND_1K_256K_VOLUME_FLUSH_PACKET_OPEN_CALLS	0
APPEND_1K_256K_VOLUME_FLUSH_PACKET_OPEN_SAMPLES	0
APPEND_1K_256K_VOLUME_FLUSH_PACKET_OPEN_SAMPLE_TICKS	0
APPEND_1K_256K_VOLUME_FLUSH_PACKET_READ_CALLS	0
APPEND_1K_256K_VOLUME_FLUSH_PACKET_READ_SAMPLES	0
APPEND_1K_256K_VOLUME_FLUSH_PACKET_READ_SAMPLE_TICKS	0
APPEND_1K_256K_VOLUME_FLUSH_PACKET_WRITE_CALLS	0
APPEND_1K_256K_VOLUME_FLUSH_PACKET_WRITE_SAMPLES	0
APPEND_1K_256K_VOLUME_FLUSH_PACKET_WRITE_SAMPLE_TICKS	0
APPEND_1K_256K_VOLUME_FLUSH_PACKET_END_CALLS	0
APPEND_1K_256K_VOLUME_FLUSH_PACKET_END_SAMPLES	0
APPEND_1K_256K_VOLUME_FLUSH_PACKET_END_SAMPLE_TICKS	0
APPEND_1K_256K_VOLUME_FLUSH_PACKET_DELETE_CALLS	0
APPEND_1K_256K_VOLUME_FLUSH_PACKET_DELETE_SAMPLES	0
APPEND_1K_256K_VOLUME_FLUSH_PACKET_DELETE_SAMPLE_TICKS	0
APPEND_1K_256K_VOLUME_FLUSH_PACKET_FLUSH_CALLS	1
APPEND_1K_256K_VOLUME_FLUSH_PACKET_FLUSH_SAMPLES	1
APPEND_1K_256K_VOLUME_FLUSH_PACKET_FLUSH_SAMPLE_TICKS	1272
APPEND_1K_256K_VOLUME_FLUSH_PACKET_OTHER_CALLS	0
APPEND_1K_256K_VOLUME_FLUSH_PACKET_OTHER_SAMPLES	0
APPEND_1K_256K_VOLUME_FLUSH_PACKET_OTHER_SAMPLE_TICKS	0
APPEND_1K_256K_VOLUME_FLUSH_CORE_CREATE_CALLS	0
APPEND_1K_256K_VOLUME_FLUSH_CORE_CREATE_SAMPLES	0
APPEND_1K_256K_VOLUME_FLUSH_CORE_CREATE_SAMPLE_TICKS	0
APPEND_1K_256K_VOLUME_FLUSH_CORE_DELETE_CALLS	0
APPEND_1K_256K_VOLUME_FLUSH_CORE_DELETE_SAMPLES	0
APPEND_1K_256K_VOLUME_FLUSH_CORE_DELETE_SAMPLE_TICKS	0
APPEND_1K_256K_VOLUME_FLUSH_CORE_FILE_WRITE_CALLS	0
APPEND_1K_256K_VOLUME_FLUSH_CORE_FILE_WRITE_SAMPLES	0
APPEND_1K_256K_VOLUME_FLUSH_CORE_FILE_WRITE_SAMPLE_TICKS	0
APPEND_1K_256K_VOLUME_FLUSH_CORE_SYNC_CALLS	1
APPEND_1K_256K_VOLUME_FLUSH_CORE_SYNC_SAMPLES	1
APPEND_1K_256K_VOLUME_FLUSH_CORE_SYNC_SAMPLE_TICKS	1272
APPEND_1K_256K_VOLUME_FLUSH_IFACE_FREE_CALLS	0
APPEND_1K_256K_VOLUME_FLUSH_IFACE_FREE_SAMPLES	0
APPEND_1K_256K_VOLUME_FLUSH_IFACE_FREE_SAMPLE_TICKS	0
APPEND_1K_256K_VOLUME_FLUSH_SEAL_COMMIT_CALLS	1
APPEND_1K_256K_VOLUME_FLUSH_SEAL_COMMIT_SAMPLES	1
APPEND_1K_256K_VOLUME_FLUSH_SEAL_COMMIT_SAMPLE_TICKS	454
APPEND_1K_256K_VOLUME_FLUSH_INODE_READ_CALLS	0
APPEND_1K_256K_VOLUME_FLUSH_BTREE_SEARCH_CALLS	0
APPEND_1K_256K_VOLUME_FLUSH_BTREE_INDEX_HINT_HITS	0
APPEND_1K_256K_VOLUME_FLUSH_BTREE_LEAF_HINT_HITS	0
APPEND_1K_256K_VOLUME_FLUSH_CACHE_READ_CALLS	5
APPEND_1K_256K_VOLUME_FLUSH_CACHE_READ_HITS	3
APPEND_1K_256K_VOLUME_FLUSH_CACHE_READ_MISSES	2
APPEND_1K_256K_VOLUME_FLUSH_FREE_TREE_NODE_VIEWS	1
APPEND_1K_256K_VOLUME_FLUSH_FREE_TREE_RESIDENT_VIEWS	1
APPEND_1K_256K_VOLUME_FLUSH_DIR_TREE_NODE_VIEWS	0
APPEND_1K_256K_VOLUME_FLUSH_DIR_TREE_RESIDENT_VIEWS	0
APPEND_1K_256K_VOLUME_FLUSH_INODE_TREE_NODE_VIEWS	0
APPEND_1K_256K_VOLUME_FLUSH_INODE_TREE_RESIDENT_VIEWS	0
APPEND_1K_256K_VOLUME_FLUSH_REFCOUNT_TREE_NODE_VIEWS	0
APPEND_1K_256K_VOLUME_FLUSH_REFCOUNT_TREE_RESIDENT_VIEWS	0
APPEND_1K_256K_VOLUME_FLUSH_OTHER_TREE_NODE_VIEWS	0
APPEND_1K_256K_VOLUME_FLUSH_OTHER_TREE_RESIDENT_VIEWS	0
APPEND_READ_1280K_US	45376
APPEND_READ_1280K_WORK_US	45376
APPEND_READ_1280K_VOLUME_FLUSH_US	0
APPEND_READ_1280K_HAS_VOLUME_FLUSH	0
APPEND_READ_1280K_GUEST_OPEN_CALLS	2
APPEND_READ_1280K_GUEST_OPEN_US	767
APPEND_READ_1280K_GUEST_READ_CALLS	22
APPEND_READ_1280K_GUEST_READ_US	6717
APPEND_READ_1280K_GUEST_WRITE_CALLS	0
APPEND_READ_1280K_GUEST_WRITE_US	0
APPEND_READ_1280K_GUEST_HANDLE_FLUSH_CALLS	0
APPEND_READ_1280K_GUEST_HANDLE_FLUSH_US	0
APPEND_READ_1280K_GUEST_CLOSE_CALLS	2
APPEND_READ_1280K_GUEST_CLOSE_US	65
APPEND_READ_1280K_GUEST_VERIFY_CALLS	20
APPEND_READ_1280K_GUEST_VERIFY_US	37504
APPEND_READ_1280K_WORK_BIO_READS	51
APPEND_READ_1280K_WORK_BIO_WRITES	0
APPEND_READ_1280K_WORK_BIO_UPDATES	0
APPEND_READ_1280K_WORK_DATA_READS	50
APPEND_READ_1280K_WORK_DATA_WRITES	0
APPEND_READ_1280K_WORK_NODE_WRITES	0
APPEND_READ_1280K_WORK_TXN_COMMITS	0
APPEND_READ_1280K_WORK_EXTENT_MAPS	0
APPEND_READ_1280K_WORK_READ_TICKS	2445
APPEND_READ_1280K_WORK_WRITE_TICKS	0
APPEND_READ_1280K_WORK_UPDATE_TICKS	0
APPEND_READ_1280K_WORK_DATA_READ_TICKS	2399
APPEND_READ_1280K_WORK_DATA_WRITE_TICKS	0
APPEND_READ_1280K_WORK_NODE_CRC_READ_CALLS	1
APPEND_READ_1280K_WORK_NODE_CRC_READ_SAMPLES	1
APPEND_READ_1280K_WORK_NODE_CRC_READ_SAMPLE_TICKS	136
APPEND_READ_1280K_WORK_NODE_CRC_WRITE_CALLS	0
APPEND_READ_1280K_WORK_NODE_CRC_WRITE_SAMPLES	0
APPEND_READ_1280K_WORK_NODE_CRC_WRITE_SAMPLE_TICKS	0
APPEND_READ_1280K_WORK_CLOCK_PAIR_TICKS	1
APPEND_READ_1280K_WORK_PACKET_CALLS	26
APPEND_READ_1280K_WORK_PACKET_SAMPLES	26
APPEND_READ_1280K_WORK_PACKET_SAMPLE_TICKS	4809
APPEND_READ_1280K_WORK_PACKET_OPEN_CALLS	2
APPEND_READ_1280K_WORK_PACKET_OPEN_SAMPLES	2
APPEND_READ_1280K_WORK_PACKET_OPEN_SAMPLE_TICKS	408
APPEND_READ_1280K_WORK_PACKET_READ_CALLS	22
APPEND_READ_1280K_WORK_PACKET_READ_SAMPLES	22
APPEND_READ_1280K_WORK_PACKET_READ_SAMPLE_TICKS	4401
APPEND_READ_1280K_WORK_PACKET_WRITE_CALLS	0
APPEND_READ_1280K_WORK_PACKET_WRITE_SAMPLES	0
APPEND_READ_1280K_WORK_PACKET_WRITE_SAMPLE_TICKS	0
APPEND_READ_1280K_WORK_PACKET_END_CALLS	2
APPEND_READ_1280K_WORK_PACKET_END_SAMPLES	2
APPEND_READ_1280K_WORK_PACKET_END_SAMPLE_TICKS	0
APPEND_READ_1280K_WORK_PACKET_DELETE_CALLS	0
APPEND_READ_1280K_WORK_PACKET_DELETE_SAMPLES	0
APPEND_READ_1280K_WORK_PACKET_DELETE_SAMPLE_TICKS	0
APPEND_READ_1280K_WORK_PACKET_FLUSH_CALLS	0
APPEND_READ_1280K_WORK_PACKET_FLUSH_SAMPLES	0
APPEND_READ_1280K_WORK_PACKET_FLUSH_SAMPLE_TICKS	0
APPEND_READ_1280K_WORK_PACKET_OTHER_CALLS	0
APPEND_READ_1280K_WORK_PACKET_OTHER_SAMPLES	0
APPEND_READ_1280K_WORK_PACKET_OTHER_SAMPLE_TICKS	0
APPEND_READ_1280K_WORK_CORE_CREATE_CALLS	0
APPEND_READ_1280K_WORK_CORE_CREATE_SAMPLES	0
APPEND_READ_1280K_WORK_CORE_CREATE_SAMPLE_TICKS	0
APPEND_READ_1280K_WORK_CORE_DELETE_CALLS	0
APPEND_READ_1280K_WORK_CORE_DELETE_SAMPLES	0
APPEND_READ_1280K_WORK_CORE_DELETE_SAMPLE_TICKS	0
APPEND_READ_1280K_WORK_CORE_FILE_WRITE_CALLS	0
APPEND_READ_1280K_WORK_CORE_FILE_WRITE_SAMPLES	0
APPEND_READ_1280K_WORK_CORE_FILE_WRITE_SAMPLE_TICKS	0
APPEND_READ_1280K_WORK_CORE_SYNC_CALLS	0
APPEND_READ_1280K_WORK_CORE_SYNC_SAMPLES	0
APPEND_READ_1280K_WORK_CORE_SYNC_SAMPLE_TICKS	0
APPEND_READ_1280K_WORK_IFACE_FREE_CALLS	0
APPEND_READ_1280K_WORK_IFACE_FREE_SAMPLES	0
APPEND_READ_1280K_WORK_IFACE_FREE_SAMPLE_TICKS	0
APPEND_READ_1280K_WORK_SEAL_COMMIT_CALLS	0
APPEND_READ_1280K_WORK_SEAL_COMMIT_SAMPLES	0
APPEND_READ_1280K_WORK_SEAL_COMMIT_SAMPLE_TICKS	0
APPEND_READ_1280K_WORK_INODE_READ_CALLS	48
APPEND_READ_1280K_WORK_BTREE_SEARCH_CALLS	50
APPEND_READ_1280K_WORK_BTREE_INDEX_HINT_HITS	46
APPEND_READ_1280K_WORK_BTREE_LEAF_HINT_HITS	2
APPEND_READ_1280K_WORK_CACHE_READ_CALLS	34
APPEND_READ_1280K_WORK_CACHE_READ_HITS	1
APPEND_READ_1280K_WORK_CACHE_READ_MISSES	33
APPEND_READ_1280K_WORK_FREE_TREE_NODE_VIEWS	0
APPEND_READ_1280K_WORK_FREE_TREE_RESIDENT_VIEWS	0
APPEND_READ_1280K_WORK_DIR_TREE_NODE_VIEWS	1
APPEND_READ_1280K_WORK_DIR_TREE_RESIDENT_VIEWS	0
APPEND_READ_1280K_WORK_INODE_TREE_NODE_VIEWS	1
APPEND_READ_1280K_WORK_INODE_TREE_RESIDENT_VIEWS	0
APPEND_READ_1280K_WORK_REFCOUNT_TREE_NODE_VIEWS	0
APPEND_READ_1280K_WORK_REFCOUNT_TREE_RESIDENT_VIEWS	0
APPEND_READ_1280K_WORK_OTHER_TREE_NODE_VIEWS	0
APPEND_READ_1280K_WORK_OTHER_TREE_RESIDENT_VIEWS	0
APPEND_READ_1280K_VOLUME_FLUSH_BIO_READS	0
APPEND_READ_1280K_VOLUME_FLUSH_BIO_WRITES	0
APPEND_READ_1280K_VOLUME_FLUSH_BIO_UPDATES	0
APPEND_READ_1280K_VOLUME_FLUSH_DATA_READS	0
APPEND_READ_1280K_VOLUME_FLUSH_DATA_WRITES	0
APPEND_READ_1280K_VOLUME_FLUSH_NODE_WRITES	0
APPEND_READ_1280K_VOLUME_FLUSH_TXN_COMMITS	0
APPEND_READ_1280K_VOLUME_FLUSH_EXTENT_MAPS	0
APPEND_READ_1280K_VOLUME_FLUSH_READ_TICKS	0
APPEND_READ_1280K_VOLUME_FLUSH_WRITE_TICKS	0
APPEND_READ_1280K_VOLUME_FLUSH_UPDATE_TICKS	0
APPEND_READ_1280K_VOLUME_FLUSH_DATA_READ_TICKS	0
APPEND_READ_1280K_VOLUME_FLUSH_DATA_WRITE_TICKS	0
APPEND_READ_1280K_VOLUME_FLUSH_NODE_CRC_READ_CALLS	0
APPEND_READ_1280K_VOLUME_FLUSH_NODE_CRC_READ_SAMPLES	0
APPEND_READ_1280K_VOLUME_FLUSH_NODE_CRC_READ_SAMPLE_TICKS	0
APPEND_READ_1280K_VOLUME_FLUSH_NODE_CRC_WRITE_CALLS	0
APPEND_READ_1280K_VOLUME_FLUSH_NODE_CRC_WRITE_SAMPLES	0
APPEND_READ_1280K_VOLUME_FLUSH_NODE_CRC_WRITE_SAMPLE_TICKS	0
APPEND_READ_1280K_VOLUME_FLUSH_CLOCK_PAIR_TICKS	0
APPEND_READ_1280K_VOLUME_FLUSH_PACKET_CALLS	0
APPEND_READ_1280K_VOLUME_FLUSH_PACKET_SAMPLES	0
APPEND_READ_1280K_VOLUME_FLUSH_PACKET_SAMPLE_TICKS	0
APPEND_READ_1280K_VOLUME_FLUSH_PACKET_OPEN_CALLS	0
APPEND_READ_1280K_VOLUME_FLUSH_PACKET_OPEN_SAMPLES	0
APPEND_READ_1280K_VOLUME_FLUSH_PACKET_OPEN_SAMPLE_TICKS	0
APPEND_READ_1280K_VOLUME_FLUSH_PACKET_READ_CALLS	0
APPEND_READ_1280K_VOLUME_FLUSH_PACKET_READ_SAMPLES	0
APPEND_READ_1280K_VOLUME_FLUSH_PACKET_READ_SAMPLE_TICKS	0
APPEND_READ_1280K_VOLUME_FLUSH_PACKET_WRITE_CALLS	0
APPEND_READ_1280K_VOLUME_FLUSH_PACKET_WRITE_SAMPLES	0
APPEND_READ_1280K_VOLUME_FLUSH_PACKET_WRITE_SAMPLE_TICKS	0
APPEND_READ_1280K_VOLUME_FLUSH_PACKET_END_CALLS	0
APPEND_READ_1280K_VOLUME_FLUSH_PACKET_END_SAMPLES	0
APPEND_READ_1280K_VOLUME_FLUSH_PACKET_END_SAMPLE_TICKS	0
APPEND_READ_1280K_VOLUME_FLUSH_PACKET_DELETE_CALLS	0
APPEND_READ_1280K_VOLUME_FLUSH_PACKET_DELETE_SAMPLES	0
APPEND_READ_1280K_VOLUME_FLUSH_PACKET_DELETE_SAMPLE_TICKS	0
APPEND_READ_1280K_VOLUME_FLUSH_PACKET_FLUSH_CALLS	0
APPEND_READ_1280K_VOLUME_FLUSH_PACKET_FLUSH_SAMPLES	0
APPEND_READ_1280K_VOLUME_FLUSH_PACKET_FLUSH_SAMPLE_TICKS	0
APPEND_READ_1280K_VOLUME_FLUSH_PACKET_OTHER_CALLS	0
APPEND_READ_1280K_VOLUME_FLUSH_PACKET_OTHER_SAMPLES	0
APPEND_READ_1280K_VOLUME_FLUSH_PACKET_OTHER_SAMPLE_TICKS	0
APPEND_READ_1280K_VOLUME_FLUSH_CORE_CREATE_CALLS	0
APPEND_READ_1280K_VOLUME_FLUSH_CORE_CREATE_SAMPLES	0
APPEND_READ_1280K_VOLUME_FLUSH_CORE_CREATE_SAMPLE_TICKS	0
APPEND_READ_1280K_VOLUME_FLUSH_CORE_DELETE_CALLS	0
APPEND_READ_1280K_VOLUME_FLUSH_CORE_DELETE_SAMPLES	0
APPEND_READ_1280K_VOLUME_FLUSH_CORE_DELETE_SAMPLE_TICKS	0
APPEND_READ_1280K_VOLUME_FLUSH_CORE_FILE_WRITE_CALLS	0
APPEND_READ_1280K_VOLUME_FLUSH_CORE_FILE_WRITE_SAMPLES	0
APPEND_READ_1280K_VOLUME_FLUSH_CORE_FILE_WRITE_SAMPLE_TICKS	0
APPEND_READ_1280K_VOLUME_FLUSH_CORE_SYNC_CALLS	0
APPEND_READ_1280K_VOLUME_FLUSH_CORE_SYNC_SAMPLES	0
APPEND_READ_1280K_VOLUME_FLUSH_CORE_SYNC_SAMPLE_TICKS	0
APPEND_READ_1280K_VOLUME_FLUSH_IFACE_FREE_CALLS	0
APPEND_READ_1280K_VOLUME_FLUSH_IFACE_FREE_SAMPLES	0
APPEND_READ_1280K_VOLUME_FLUSH_IFACE_FREE_SAMPLE_TICKS	0
APPEND_READ_1280K_VOLUME_FLUSH_SEAL_COMMIT_CALLS	0
APPEND_READ_1280K_VOLUME_FLUSH_SEAL_COMMIT_SAMPLES	0
APPEND_READ_1280K_VOLUME_FLUSH_SEAL_COMMIT_SAMPLE_TICKS	0
APPEND_READ_1280K_VOLUME_FLUSH_INODE_READ_CALLS	0
APPEND_READ_1280K_VOLUME_FLUSH_BTREE_SEARCH_CALLS	0
APPEND_READ_1280K_VOLUME_FLUSH_BTREE_INDEX_HINT_HITS	0
APPEND_READ_1280K_VOLUME_FLUSH_BTREE_LEAF_HINT_HITS	0
APPEND_READ_1280K_VOLUME_FLUSH_CACHE_READ_CALLS	0
APPEND_READ_1280K_VOLUME_FLUSH_CACHE_READ_HITS	0
APPEND_READ_1280K_VOLUME_FLUSH_CACHE_READ_MISSES	0
APPEND_READ_1280K_VOLUME_FLUSH_FREE_TREE_NODE_VIEWS	0
APPEND_READ_1280K_VOLUME_FLUSH_FREE_TREE_RESIDENT_VIEWS	0
APPEND_READ_1280K_VOLUME_FLUSH_DIR_TREE_NODE_VIEWS	0
APPEND_READ_1280K_VOLUME_FLUSH_DIR_TREE_RESIDENT_VIEWS	0
APPEND_READ_1280K_VOLUME_FLUSH_INODE_TREE_NODE_VIEWS	0
APPEND_READ_1280K_VOLUME_FLUSH_INODE_TREE_RESIDENT_VIEWS	0
APPEND_READ_1280K_VOLUME_FLUSH_REFCOUNT_TREE_NODE_VIEWS	0
APPEND_READ_1280K_VOLUME_FLUSH_REFCOUNT_TREE_RESIDENT_VIEWS	0
APPEND_READ_1280K_VOLUME_FLUSH_OTHER_TREE_NODE_VIEWS	0
APPEND_READ_1280K_VOLUME_FLUSH_OTHER_TREE_RESIDENT_VIEWS	0
LIST_EXNEXT_40_ENTRIES_FIRST_PASS_US	8065
LIST_EXNEXT_40_ENTRIES_FIRST_PASS_WORK_US	8065
LIST_EXNEXT_40_ENTRIES_FIRST_PASS_VOLUME_FLUSH_US	0
LIST_EXNEXT_40_ENTRIES_FIRST_PASS_HAS_VOLUME_FLUSH	0
LIST_EXNEXT_40_ENTRIES_FIRST_PASS_GUEST_OPEN_CALLS	0
LIST_EXNEXT_40_ENTRIES_FIRST_PASS_GUEST_OPEN_US	0
LIST_EXNEXT_40_ENTRIES_FIRST_PASS_GUEST_READ_CALLS	0
LIST_EXNEXT_40_ENTRIES_FIRST_PASS_GUEST_READ_US	0
LIST_EXNEXT_40_ENTRIES_FIRST_PASS_GUEST_WRITE_CALLS	0
LIST_EXNEXT_40_ENTRIES_FIRST_PASS_GUEST_WRITE_US	0
LIST_EXNEXT_40_ENTRIES_FIRST_PASS_GUEST_HANDLE_FLUSH_CALLS	0
LIST_EXNEXT_40_ENTRIES_FIRST_PASS_GUEST_HANDLE_FLUSH_US	0
LIST_EXNEXT_40_ENTRIES_FIRST_PASS_GUEST_CLOSE_CALLS	0
LIST_EXNEXT_40_ENTRIES_FIRST_PASS_GUEST_CLOSE_US	0
LIST_EXNEXT_40_ENTRIES_FIRST_PASS_GUEST_VERIFY_CALLS	0
LIST_EXNEXT_40_ENTRIES_FIRST_PASS_GUEST_VERIFY_US	0
LIST_EXNEXT_40_ENTRIES_FIRST_PASS_WORK_BIO_READS	7
LIST_EXNEXT_40_ENTRIES_FIRST_PASS_WORK_BIO_WRITES	0
LIST_EXNEXT_40_ENTRIES_FIRST_PASS_WORK_BIO_UPDATES	0
LIST_EXNEXT_40_ENTRIES_FIRST_PASS_WORK_DATA_READS	0
LIST_EXNEXT_40_ENTRIES_FIRST_PASS_WORK_DATA_WRITES	0
LIST_EXNEXT_40_ENTRIES_FIRST_PASS_WORK_NODE_WRITES	0
LIST_EXNEXT_40_ENTRIES_FIRST_PASS_WORK_TXN_COMMITS	0
LIST_EXNEXT_40_ENTRIES_FIRST_PASS_WORK_EXTENT_MAPS	0
LIST_EXNEXT_40_ENTRIES_FIRST_PASS_WORK_READ_TICKS	542
LIST_EXNEXT_40_ENTRIES_FIRST_PASS_WORK_WRITE_TICKS	0
LIST_EXNEXT_40_ENTRIES_FIRST_PASS_WORK_UPDATE_TICKS	0
LIST_EXNEXT_40_ENTRIES_FIRST_PASS_WORK_DATA_READ_TICKS	0
LIST_EXNEXT_40_ENTRIES_FIRST_PASS_WORK_DATA_WRITE_TICKS	0
LIST_EXNEXT_40_ENTRIES_FIRST_PASS_WORK_NODE_CRC_READ_CALLS	7
LIST_EXNEXT_40_ENTRIES_FIRST_PASS_WORK_NODE_CRC_READ_SAMPLES	7
LIST_EXNEXT_40_ENTRIES_FIRST_PASS_WORK_NODE_CRC_READ_SAMPLE_TICKS	999
LIST_EXNEXT_40_ENTRIES_FIRST_PASS_WORK_NODE_CRC_WRITE_CALLS	0
LIST_EXNEXT_40_ENTRIES_FIRST_PASS_WORK_NODE_CRC_WRITE_SAMPLES	0
LIST_EXNEXT_40_ENTRIES_FIRST_PASS_WORK_NODE_CRC_WRITE_SAMPLE_TICKS	0
LIST_EXNEXT_40_ENTRIES_FIRST_PASS_WORK_CLOCK_PAIR_TICKS	0
LIST_EXNEXT_40_ENTRIES_FIRST_PASS_WORK_PACKET_CALLS	44
LIST_EXNEXT_40_ENTRIES_FIRST_PASS_WORK_PACKET_SAMPLES	44
LIST_EXNEXT_40_ENTRIES_FIRST_PASS_WORK_PACKET_SAMPLE_TICKS	4944
LIST_EXNEXT_40_ENTRIES_FIRST_PASS_WORK_PACKET_OPEN_CALLS	0
LIST_EXNEXT_40_ENTRIES_FIRST_PASS_WORK_PACKET_OPEN_SAMPLES	0
LIST_EXNEXT_40_ENTRIES_FIRST_PASS_WORK_PACKET_OPEN_SAMPLE_TICKS	0
LIST_EXNEXT_40_ENTRIES_FIRST_PASS_WORK_PACKET_READ_CALLS	0
LIST_EXNEXT_40_ENTRIES_FIRST_PASS_WORK_PACKET_READ_SAMPLES	0
LIST_EXNEXT_40_ENTRIES_FIRST_PASS_WORK_PACKET_READ_SAMPLE_TICKS	0
LIST_EXNEXT_40_ENTRIES_FIRST_PASS_WORK_PACKET_WRITE_CALLS	0
LIST_EXNEXT_40_ENTRIES_FIRST_PASS_WORK_PACKET_WRITE_SAMPLES	0
LIST_EXNEXT_40_ENTRIES_FIRST_PASS_WORK_PACKET_WRITE_SAMPLE_TICKS	0
LIST_EXNEXT_40_ENTRIES_FIRST_PASS_WORK_PACKET_END_CALLS	0
LIST_EXNEXT_40_ENTRIES_FIRST_PASS_WORK_PACKET_END_SAMPLES	0
LIST_EXNEXT_40_ENTRIES_FIRST_PASS_WORK_PACKET_END_SAMPLE_TICKS	0
LIST_EXNEXT_40_ENTRIES_FIRST_PASS_WORK_PACKET_DELETE_CALLS	0
LIST_EXNEXT_40_ENTRIES_FIRST_PASS_WORK_PACKET_DELETE_SAMPLES	0
LIST_EXNEXT_40_ENTRIES_FIRST_PASS_WORK_PACKET_DELETE_SAMPLE_TICKS	0
LIST_EXNEXT_40_ENTRIES_FIRST_PASS_WORK_PACKET_FLUSH_CALLS	0
LIST_EXNEXT_40_ENTRIES_FIRST_PASS_WORK_PACKET_FLUSH_SAMPLES	0
LIST_EXNEXT_40_ENTRIES_FIRST_PASS_WORK_PACKET_FLUSH_SAMPLE_TICKS	0
LIST_EXNEXT_40_ENTRIES_FIRST_PASS_WORK_PACKET_OTHER_CALLS	44
LIST_EXNEXT_40_ENTRIES_FIRST_PASS_WORK_PACKET_OTHER_SAMPLES	44
LIST_EXNEXT_40_ENTRIES_FIRST_PASS_WORK_PACKET_OTHER_SAMPLE_TICKS	4944
LIST_EXNEXT_40_ENTRIES_FIRST_PASS_WORK_CORE_CREATE_CALLS	0
LIST_EXNEXT_40_ENTRIES_FIRST_PASS_WORK_CORE_CREATE_SAMPLES	0
LIST_EXNEXT_40_ENTRIES_FIRST_PASS_WORK_CORE_CREATE_SAMPLE_TICKS	0
LIST_EXNEXT_40_ENTRIES_FIRST_PASS_WORK_CORE_DELETE_CALLS	0
LIST_EXNEXT_40_ENTRIES_FIRST_PASS_WORK_CORE_DELETE_SAMPLES	0
LIST_EXNEXT_40_ENTRIES_FIRST_PASS_WORK_CORE_DELETE_SAMPLE_TICKS	0
LIST_EXNEXT_40_ENTRIES_FIRST_PASS_WORK_CORE_FILE_WRITE_CALLS	0
LIST_EXNEXT_40_ENTRIES_FIRST_PASS_WORK_CORE_FILE_WRITE_SAMPLES	0
LIST_EXNEXT_40_ENTRIES_FIRST_PASS_WORK_CORE_FILE_WRITE_SAMPLE_TICKS	0
LIST_EXNEXT_40_ENTRIES_FIRST_PASS_WORK_CORE_SYNC_CALLS	0
LIST_EXNEXT_40_ENTRIES_FIRST_PASS_WORK_CORE_SYNC_SAMPLES	0
LIST_EXNEXT_40_ENTRIES_FIRST_PASS_WORK_CORE_SYNC_SAMPLE_TICKS	0
LIST_EXNEXT_40_ENTRIES_FIRST_PASS_WORK_IFACE_FREE_CALLS	0
LIST_EXNEXT_40_ENTRIES_FIRST_PASS_WORK_IFACE_FREE_SAMPLES	0
LIST_EXNEXT_40_ENTRIES_FIRST_PASS_WORK_IFACE_FREE_SAMPLE_TICKS	0
LIST_EXNEXT_40_ENTRIES_FIRST_PASS_WORK_SEAL_COMMIT_CALLS	0
LIST_EXNEXT_40_ENTRIES_FIRST_PASS_WORK_SEAL_COMMIT_SAMPLES	0
LIST_EXNEXT_40_ENTRIES_FIRST_PASS_WORK_SEAL_COMMIT_SAMPLE_TICKS	0
LIST_EXNEXT_40_ENTRIES_FIRST_PASS_WORK_INODE_READ_CALLS	41
LIST_EXNEXT_40_ENTRIES_FIRST_PASS_WORK_BTREE_SEARCH_CALLS	42
LIST_EXNEXT_40_ENTRIES_FIRST_PASS_WORK_BTREE_INDEX_HINT_HITS	0
LIST_EXNEXT_40_ENTRIES_FIRST_PASS_WORK_BTREE_LEAF_HINT_HITS	39
LIST_EXNEXT_40_ENTRIES_FIRST_PASS_WORK_CACHE_READ_CALLS	9
LIST_EXNEXT_40_ENTRIES_FIRST_PASS_WORK_CACHE_READ_HITS	2
LIST_EXNEXT_40_ENTRIES_FIRST_PASS_WORK_CACHE_READ_MISSES	7
LIST_EXNEXT_40_ENTRIES_FIRST_PASS_WORK_FREE_TREE_NODE_VIEWS	0
LIST_EXNEXT_40_ENTRIES_FIRST_PASS_WORK_FREE_TREE_RESIDENT_VIEWS	0
LIST_EXNEXT_40_ENTRIES_FIRST_PASS_WORK_DIR_TREE_NODE_VIEWS	36
LIST_EXNEXT_40_ENTRIES_FIRST_PASS_WORK_DIR_TREE_RESIDENT_VIEWS	30
LIST_EXNEXT_40_ENTRIES_FIRST_PASS_WORK_INODE_TREE_NODE_VIEWS	4
LIST_EXNEXT_40_ENTRIES_FIRST_PASS_WORK_INODE_TREE_RESIDENT_VIEWS	1
LIST_EXNEXT_40_ENTRIES_FIRST_PASS_WORK_REFCOUNT_TREE_NODE_VIEWS	0
LIST_EXNEXT_40_ENTRIES_FIRST_PASS_WORK_REFCOUNT_TREE_RESIDENT_VIEWS	0
LIST_EXNEXT_40_ENTRIES_FIRST_PASS_WORK_OTHER_TREE_NODE_VIEWS	0
LIST_EXNEXT_40_ENTRIES_FIRST_PASS_WORK_OTHER_TREE_RESIDENT_VIEWS	0
LIST_EXNEXT_40_ENTRIES_FIRST_PASS_VOLUME_FLUSH_BIO_READS	0
LIST_EXNEXT_40_ENTRIES_FIRST_PASS_VOLUME_FLUSH_BIO_WRITES	0
LIST_EXNEXT_40_ENTRIES_FIRST_PASS_VOLUME_FLUSH_BIO_UPDATES	0
LIST_EXNEXT_40_ENTRIES_FIRST_PASS_VOLUME_FLUSH_DATA_READS	0
LIST_EXNEXT_40_ENTRIES_FIRST_PASS_VOLUME_FLUSH_DATA_WRITES	0
LIST_EXNEXT_40_ENTRIES_FIRST_PASS_VOLUME_FLUSH_NODE_WRITES	0
LIST_EXNEXT_40_ENTRIES_FIRST_PASS_VOLUME_FLUSH_TXN_COMMITS	0
LIST_EXNEXT_40_ENTRIES_FIRST_PASS_VOLUME_FLUSH_EXTENT_MAPS	0
LIST_EXNEXT_40_ENTRIES_FIRST_PASS_VOLUME_FLUSH_READ_TICKS	0
LIST_EXNEXT_40_ENTRIES_FIRST_PASS_VOLUME_FLUSH_WRITE_TICKS	0
LIST_EXNEXT_40_ENTRIES_FIRST_PASS_VOLUME_FLUSH_UPDATE_TICKS	0
LIST_EXNEXT_40_ENTRIES_FIRST_PASS_VOLUME_FLUSH_DATA_READ_TICKS	0
LIST_EXNEXT_40_ENTRIES_FIRST_PASS_VOLUME_FLUSH_DATA_WRITE_TICKS	0
LIST_EXNEXT_40_ENTRIES_FIRST_PASS_VOLUME_FLUSH_NODE_CRC_READ_CALLS	0
LIST_EXNEXT_40_ENTRIES_FIRST_PASS_VOLUME_FLUSH_NODE_CRC_READ_SAMPLES	0
LIST_EXNEXT_40_ENTRIES_FIRST_PASS_VOLUME_FLUSH_NODE_CRC_READ_SAMPLE_TICKS	0
LIST_EXNEXT_40_ENTRIES_FIRST_PASS_VOLUME_FLUSH_NODE_CRC_WRITE_CALLS	0
LIST_EXNEXT_40_ENTRIES_FIRST_PASS_VOLUME_FLUSH_NODE_CRC_WRITE_SAMPLES	0
LIST_EXNEXT_40_ENTRIES_FIRST_PASS_VOLUME_FLUSH_NODE_CRC_WRITE_SAMPLE_TICKS	0
LIST_EXNEXT_40_ENTRIES_FIRST_PASS_VOLUME_FLUSH_CLOCK_PAIR_TICKS	0
LIST_EXNEXT_40_ENTRIES_FIRST_PASS_VOLUME_FLUSH_PACKET_CALLS	0
LIST_EXNEXT_40_ENTRIES_FIRST_PASS_VOLUME_FLUSH_PACKET_SAMPLES	0
LIST_EXNEXT_40_ENTRIES_FIRST_PASS_VOLUME_FLUSH_PACKET_SAMPLE_TICKS	0
LIST_EXNEXT_40_ENTRIES_FIRST_PASS_VOLUME_FLUSH_PACKET_OPEN_CALLS	0
LIST_EXNEXT_40_ENTRIES_FIRST_PASS_VOLUME_FLUSH_PACKET_OPEN_SAMPLES	0
LIST_EXNEXT_40_ENTRIES_FIRST_PASS_VOLUME_FLUSH_PACKET_OPEN_SAMPLE_TICKS	0
LIST_EXNEXT_40_ENTRIES_FIRST_PASS_VOLUME_FLUSH_PACKET_READ_CALLS	0
LIST_EXNEXT_40_ENTRIES_FIRST_PASS_VOLUME_FLUSH_PACKET_READ_SAMPLES	0
LIST_EXNEXT_40_ENTRIES_FIRST_PASS_VOLUME_FLUSH_PACKET_READ_SAMPLE_TICKS	0
LIST_EXNEXT_40_ENTRIES_FIRST_PASS_VOLUME_FLUSH_PACKET_WRITE_CALLS	0
LIST_EXNEXT_40_ENTRIES_FIRST_PASS_VOLUME_FLUSH_PACKET_WRITE_SAMPLES	0
LIST_EXNEXT_40_ENTRIES_FIRST_PASS_VOLUME_FLUSH_PACKET_WRITE_SAMPLE_TICKS	0
LIST_EXNEXT_40_ENTRIES_FIRST_PASS_VOLUME_FLUSH_PACKET_END_CALLS	0
LIST_EXNEXT_40_ENTRIES_FIRST_PASS_VOLUME_FLUSH_PACKET_END_SAMPLES	0
LIST_EXNEXT_40_ENTRIES_FIRST_PASS_VOLUME_FLUSH_PACKET_END_SAMPLE_TICKS	0
LIST_EXNEXT_40_ENTRIES_FIRST_PASS_VOLUME_FLUSH_PACKET_DELETE_CALLS	0
LIST_EXNEXT_40_ENTRIES_FIRST_PASS_VOLUME_FLUSH_PACKET_DELETE_SAMPLES	0
LIST_EXNEXT_40_ENTRIES_FIRST_PASS_VOLUME_FLUSH_PACKET_DELETE_SAMPLE_TICKS	0
LIST_EXNEXT_40_ENTRIES_FIRST_PASS_VOLUME_FLUSH_PACKET_FLUSH_CALLS	0
LIST_EXNEXT_40_ENTRIES_FIRST_PASS_VOLUME_FLUSH_PACKET_FLUSH_SAMPLES	0
LIST_EXNEXT_40_ENTRIES_FIRST_PASS_VOLUME_FLUSH_PACKET_FLUSH_SAMPLE_TICKS	0
LIST_EXNEXT_40_ENTRIES_FIRST_PASS_VOLUME_FLUSH_PACKET_OTHER_CALLS	0
LIST_EXNEXT_40_ENTRIES_FIRST_PASS_VOLUME_FLUSH_PACKET_OTHER_SAMPLES	0
LIST_EXNEXT_40_ENTRIES_FIRST_PASS_VOLUME_FLUSH_PACKET_OTHER_SAMPLE_TICKS	0
LIST_EXNEXT_40_ENTRIES_FIRST_PASS_VOLUME_FLUSH_CORE_CREATE_CALLS	0
LIST_EXNEXT_40_ENTRIES_FIRST_PASS_VOLUME_FLUSH_CORE_CREATE_SAMPLES	0
LIST_EXNEXT_40_ENTRIES_FIRST_PASS_VOLUME_FLUSH_CORE_CREATE_SAMPLE_TICKS	0
LIST_EXNEXT_40_ENTRIES_FIRST_PASS_VOLUME_FLUSH_CORE_DELETE_CALLS	0
LIST_EXNEXT_40_ENTRIES_FIRST_PASS_VOLUME_FLUSH_CORE_DELETE_SAMPLES	0
LIST_EXNEXT_40_ENTRIES_FIRST_PASS_VOLUME_FLUSH_CORE_DELETE_SAMPLE_TICKS	0
LIST_EXNEXT_40_ENTRIES_FIRST_PASS_VOLUME_FLUSH_CORE_FILE_WRITE_CALLS	0
LIST_EXNEXT_40_ENTRIES_FIRST_PASS_VOLUME_FLUSH_CORE_FILE_WRITE_SAMPLES	0
LIST_EXNEXT_40_ENTRIES_FIRST_PASS_VOLUME_FLUSH_CORE_FILE_WRITE_SAMPLE_TICKS	0
LIST_EXNEXT_40_ENTRIES_FIRST_PASS_VOLUME_FLUSH_CORE_SYNC_CALLS	0
LIST_EXNEXT_40_ENTRIES_FIRST_PASS_VOLUME_FLUSH_CORE_SYNC_SAMPLES	0
LIST_EXNEXT_40_ENTRIES_FIRST_PASS_VOLUME_FLUSH_CORE_SYNC_SAMPLE_TICKS	0
LIST_EXNEXT_40_ENTRIES_FIRST_PASS_VOLUME_FLUSH_IFACE_FREE_CALLS	0
LIST_EXNEXT_40_ENTRIES_FIRST_PASS_VOLUME_FLUSH_IFACE_FREE_SAMPLES	0
LIST_EXNEXT_40_ENTRIES_FIRST_PASS_VOLUME_FLUSH_IFACE_FREE_SAMPLE_TICKS	0
LIST_EXNEXT_40_ENTRIES_FIRST_PASS_VOLUME_FLUSH_SEAL_COMMIT_CALLS	0
LIST_EXNEXT_40_ENTRIES_FIRST_PASS_VOLUME_FLUSH_SEAL_COMMIT_SAMPLES	0
LIST_EXNEXT_40_ENTRIES_FIRST_PASS_VOLUME_FLUSH_SEAL_COMMIT_SAMPLE_TICKS	0
LIST_EXNEXT_40_ENTRIES_FIRST_PASS_VOLUME_FLUSH_INODE_READ_CALLS	0
LIST_EXNEXT_40_ENTRIES_FIRST_PASS_VOLUME_FLUSH_BTREE_SEARCH_CALLS	0
LIST_EXNEXT_40_ENTRIES_FIRST_PASS_VOLUME_FLUSH_BTREE_INDEX_HINT_HITS	0
LIST_EXNEXT_40_ENTRIES_FIRST_PASS_VOLUME_FLUSH_BTREE_LEAF_HINT_HITS	0
LIST_EXNEXT_40_ENTRIES_FIRST_PASS_VOLUME_FLUSH_CACHE_READ_CALLS	0
LIST_EXNEXT_40_ENTRIES_FIRST_PASS_VOLUME_FLUSH_CACHE_READ_HITS	0
LIST_EXNEXT_40_ENTRIES_FIRST_PASS_VOLUME_FLUSH_CACHE_READ_MISSES	0
LIST_EXNEXT_40_ENTRIES_FIRST_PASS_VOLUME_FLUSH_FREE_TREE_NODE_VIEWS	0
LIST_EXNEXT_40_ENTRIES_FIRST_PASS_VOLUME_FLUSH_FREE_TREE_RESIDENT_VIEWS	0
LIST_EXNEXT_40_ENTRIES_FIRST_PASS_VOLUME_FLUSH_DIR_TREE_NODE_VIEWS	0
LIST_EXNEXT_40_ENTRIES_FIRST_PASS_VOLUME_FLUSH_DIR_TREE_RESIDENT_VIEWS	0
LIST_EXNEXT_40_ENTRIES_FIRST_PASS_VOLUME_FLUSH_INODE_TREE_NODE_VIEWS	0
LIST_EXNEXT_40_ENTRIES_FIRST_PASS_VOLUME_FLUSH_INODE_TREE_RESIDENT_VIEWS	0
LIST_EXNEXT_40_ENTRIES_FIRST_PASS_VOLUME_FLUSH_REFCOUNT_TREE_NODE_VIEWS	0
LIST_EXNEXT_40_ENTRIES_FIRST_PASS_VOLUME_FLUSH_REFCOUNT_TREE_RESIDENT_VIEWS	0
LIST_EXNEXT_40_ENTRIES_FIRST_PASS_VOLUME_FLUSH_OTHER_TREE_NODE_VIEWS	0
LIST_EXNEXT_40_ENTRIES_FIRST_PASS_VOLUME_FLUSH_OTHER_TREE_RESIDENT_VIEWS	0
LIST_EXNEXT_40_ENTRIES_REPEAT10_TOTAL_US	44417
LIST_EXNEXT_40_ENTRIES_REPEAT10_TOTAL_WORK_US	44417
LIST_EXNEXT_40_ENTRIES_REPEAT10_TOTAL_VOLUME_FLUSH_US	0
LIST_EXNEXT_40_ENTRIES_REPEAT10_TOTAL_HAS_VOLUME_FLUSH	0
LIST_EXNEXT_40_ENTRIES_REPEAT10_TOTAL_GUEST_OPEN_CALLS	0
LIST_EXNEXT_40_ENTRIES_REPEAT10_TOTAL_GUEST_OPEN_US	0
LIST_EXNEXT_40_ENTRIES_REPEAT10_TOTAL_GUEST_READ_CALLS	0
LIST_EXNEXT_40_ENTRIES_REPEAT10_TOTAL_GUEST_READ_US	0
LIST_EXNEXT_40_ENTRIES_REPEAT10_TOTAL_GUEST_WRITE_CALLS	0
LIST_EXNEXT_40_ENTRIES_REPEAT10_TOTAL_GUEST_WRITE_US	0
LIST_EXNEXT_40_ENTRIES_REPEAT10_TOTAL_GUEST_HANDLE_FLUSH_CALLS	0
LIST_EXNEXT_40_ENTRIES_REPEAT10_TOTAL_GUEST_HANDLE_FLUSH_US	0
LIST_EXNEXT_40_ENTRIES_REPEAT10_TOTAL_GUEST_CLOSE_CALLS	0
LIST_EXNEXT_40_ENTRIES_REPEAT10_TOTAL_GUEST_CLOSE_US	0
LIST_EXNEXT_40_ENTRIES_REPEAT10_TOTAL_GUEST_VERIFY_CALLS	0
LIST_EXNEXT_40_ENTRIES_REPEAT10_TOTAL_GUEST_VERIFY_US	0
LIST_EXNEXT_40_ENTRIES_REPEAT10_TOTAL_WORK_BIO_READS	0
LIST_EXNEXT_40_ENTRIES_REPEAT10_TOTAL_WORK_BIO_WRITES	0
LIST_EXNEXT_40_ENTRIES_REPEAT10_TOTAL_WORK_BIO_UPDATES	0
LIST_EXNEXT_40_ENTRIES_REPEAT10_TOTAL_WORK_DATA_READS	0
LIST_EXNEXT_40_ENTRIES_REPEAT10_TOTAL_WORK_DATA_WRITES	0
LIST_EXNEXT_40_ENTRIES_REPEAT10_TOTAL_WORK_NODE_WRITES	0
LIST_EXNEXT_40_ENTRIES_REPEAT10_TOTAL_WORK_TXN_COMMITS	0
LIST_EXNEXT_40_ENTRIES_REPEAT10_TOTAL_WORK_EXTENT_MAPS	0
LIST_EXNEXT_40_ENTRIES_REPEAT10_TOTAL_WORK_READ_TICKS	0
LIST_EXNEXT_40_ENTRIES_REPEAT10_TOTAL_WORK_WRITE_TICKS	0
LIST_EXNEXT_40_ENTRIES_REPEAT10_TOTAL_WORK_UPDATE_TICKS	0
LIST_EXNEXT_40_ENTRIES_REPEAT10_TOTAL_WORK_DATA_READ_TICKS	0
LIST_EXNEXT_40_ENTRIES_REPEAT10_TOTAL_WORK_DATA_WRITE_TICKS	0
LIST_EXNEXT_40_ENTRIES_REPEAT10_TOTAL_WORK_NODE_CRC_READ_CALLS	0
LIST_EXNEXT_40_ENTRIES_REPEAT10_TOTAL_WORK_NODE_CRC_READ_SAMPLES	0
LIST_EXNEXT_40_ENTRIES_REPEAT10_TOTAL_WORK_NODE_CRC_READ_SAMPLE_TICKS	0
LIST_EXNEXT_40_ENTRIES_REPEAT10_TOTAL_WORK_NODE_CRC_WRITE_CALLS	0
LIST_EXNEXT_40_ENTRIES_REPEAT10_TOTAL_WORK_NODE_CRC_WRITE_SAMPLES	0
LIST_EXNEXT_40_ENTRIES_REPEAT10_TOTAL_WORK_NODE_CRC_WRITE_SAMPLE_TICKS	0
LIST_EXNEXT_40_ENTRIES_REPEAT10_TOTAL_WORK_CLOCK_PAIR_TICKS	1
LIST_EXNEXT_40_ENTRIES_REPEAT10_TOTAL_WORK_PACKET_CALLS	422
LIST_EXNEXT_40_ENTRIES_REPEAT10_TOTAL_WORK_PACKET_SAMPLES	422
LIST_EXNEXT_40_ENTRIES_REPEAT10_TOTAL_WORK_PACKET_SAMPLE_TICKS	23109
LIST_EXNEXT_40_ENTRIES_REPEAT10_TOTAL_WORK_PACKET_OPEN_CALLS	0
LIST_EXNEXT_40_ENTRIES_REPEAT10_TOTAL_WORK_PACKET_OPEN_SAMPLES	0
LIST_EXNEXT_40_ENTRIES_REPEAT10_TOTAL_WORK_PACKET_OPEN_SAMPLE_TICKS	0
LIST_EXNEXT_40_ENTRIES_REPEAT10_TOTAL_WORK_PACKET_READ_CALLS	0
LIST_EXNEXT_40_ENTRIES_REPEAT10_TOTAL_WORK_PACKET_READ_SAMPLES	0
LIST_EXNEXT_40_ENTRIES_REPEAT10_TOTAL_WORK_PACKET_READ_SAMPLE_TICKS	0
LIST_EXNEXT_40_ENTRIES_REPEAT10_TOTAL_WORK_PACKET_WRITE_CALLS	0
LIST_EXNEXT_40_ENTRIES_REPEAT10_TOTAL_WORK_PACKET_WRITE_SAMPLES	0
LIST_EXNEXT_40_ENTRIES_REPEAT10_TOTAL_WORK_PACKET_WRITE_SAMPLE_TICKS	0
LIST_EXNEXT_40_ENTRIES_REPEAT10_TOTAL_WORK_PACKET_END_CALLS	0
LIST_EXNEXT_40_ENTRIES_REPEAT10_TOTAL_WORK_PACKET_END_SAMPLES	0
LIST_EXNEXT_40_ENTRIES_REPEAT10_TOTAL_WORK_PACKET_END_SAMPLE_TICKS	0
LIST_EXNEXT_40_ENTRIES_REPEAT10_TOTAL_WORK_PACKET_DELETE_CALLS	0
LIST_EXNEXT_40_ENTRIES_REPEAT10_TOTAL_WORK_PACKET_DELETE_SAMPLES	0
LIST_EXNEXT_40_ENTRIES_REPEAT10_TOTAL_WORK_PACKET_DELETE_SAMPLE_TICKS	0
LIST_EXNEXT_40_ENTRIES_REPEAT10_TOTAL_WORK_PACKET_FLUSH_CALLS	0
LIST_EXNEXT_40_ENTRIES_REPEAT10_TOTAL_WORK_PACKET_FLUSH_SAMPLES	0
LIST_EXNEXT_40_ENTRIES_REPEAT10_TOTAL_WORK_PACKET_FLUSH_SAMPLE_TICKS	0
LIST_EXNEXT_40_ENTRIES_REPEAT10_TOTAL_WORK_PACKET_OTHER_CALLS	422
LIST_EXNEXT_40_ENTRIES_REPEAT10_TOTAL_WORK_PACKET_OTHER_SAMPLES	422
LIST_EXNEXT_40_ENTRIES_REPEAT10_TOTAL_WORK_PACKET_OTHER_SAMPLE_TICKS	23109
LIST_EXNEXT_40_ENTRIES_REPEAT10_TOTAL_WORK_CORE_CREATE_CALLS	0
LIST_EXNEXT_40_ENTRIES_REPEAT10_TOTAL_WORK_CORE_CREATE_SAMPLES	0
LIST_EXNEXT_40_ENTRIES_REPEAT10_TOTAL_WORK_CORE_CREATE_SAMPLE_TICKS	0
LIST_EXNEXT_40_ENTRIES_REPEAT10_TOTAL_WORK_CORE_DELETE_CALLS	0
LIST_EXNEXT_40_ENTRIES_REPEAT10_TOTAL_WORK_CORE_DELETE_SAMPLES	0
LIST_EXNEXT_40_ENTRIES_REPEAT10_TOTAL_WORK_CORE_DELETE_SAMPLE_TICKS	0
LIST_EXNEXT_40_ENTRIES_REPEAT10_TOTAL_WORK_CORE_FILE_WRITE_CALLS	0
LIST_EXNEXT_40_ENTRIES_REPEAT10_TOTAL_WORK_CORE_FILE_WRITE_SAMPLES	0
LIST_EXNEXT_40_ENTRIES_REPEAT10_TOTAL_WORK_CORE_FILE_WRITE_SAMPLE_TICKS	0
LIST_EXNEXT_40_ENTRIES_REPEAT10_TOTAL_WORK_CORE_SYNC_CALLS	0
LIST_EXNEXT_40_ENTRIES_REPEAT10_TOTAL_WORK_CORE_SYNC_SAMPLES	0
LIST_EXNEXT_40_ENTRIES_REPEAT10_TOTAL_WORK_CORE_SYNC_SAMPLE_TICKS	0
LIST_EXNEXT_40_ENTRIES_REPEAT10_TOTAL_WORK_IFACE_FREE_CALLS	0
LIST_EXNEXT_40_ENTRIES_REPEAT10_TOTAL_WORK_IFACE_FREE_SAMPLES	0
LIST_EXNEXT_40_ENTRIES_REPEAT10_TOTAL_WORK_IFACE_FREE_SAMPLE_TICKS	0
LIST_EXNEXT_40_ENTRIES_REPEAT10_TOTAL_WORK_SEAL_COMMIT_CALLS	0
LIST_EXNEXT_40_ENTRIES_REPEAT10_TOTAL_WORK_SEAL_COMMIT_SAMPLES	0
LIST_EXNEXT_40_ENTRIES_REPEAT10_TOTAL_WORK_SEAL_COMMIT_SAMPLE_TICKS	0
LIST_EXNEXT_40_ENTRIES_REPEAT10_TOTAL_WORK_INODE_READ_CALLS	410
LIST_EXNEXT_40_ENTRIES_REPEAT10_TOTAL_WORK_BTREE_SEARCH_CALLS	411
LIST_EXNEXT_40_ENTRIES_REPEAT10_TOTAL_WORK_BTREE_INDEX_HINT_HITS	370
LIST_EXNEXT_40_ENTRIES_REPEAT10_TOTAL_WORK_BTREE_LEAF_HINT_HITS	41
LIST_EXNEXT_40_ENTRIES_REPEAT10_TOTAL_WORK_CACHE_READ_CALLS	0
LIST_EXNEXT_40_ENTRIES_REPEAT10_TOTAL_WORK_CACHE_READ_HITS	0
LIST_EXNEXT_40_ENTRIES_REPEAT10_TOTAL_WORK_CACHE_READ_MISSES	0
LIST_EXNEXT_40_ENTRIES_REPEAT10_TOTAL_WORK_FREE_TREE_NODE_VIEWS	0
LIST_EXNEXT_40_ENTRIES_REPEAT10_TOTAL_WORK_FREE_TREE_RESIDENT_VIEWS	0
LIST_EXNEXT_40_ENTRIES_REPEAT10_TOTAL_WORK_DIR_TREE_NODE_VIEWS	320
LIST_EXNEXT_40_ENTRIES_REPEAT10_TOTAL_WORK_DIR_TREE_RESIDENT_VIEWS	320
LIST_EXNEXT_40_ENTRIES_REPEAT10_TOTAL_WORK_INODE_TREE_NODE_VIEWS	0
LIST_EXNEXT_40_ENTRIES_REPEAT10_TOTAL_WORK_INODE_TREE_RESIDENT_VIEWS	0
LIST_EXNEXT_40_ENTRIES_REPEAT10_TOTAL_WORK_REFCOUNT_TREE_NODE_VIEWS	0
LIST_EXNEXT_40_ENTRIES_REPEAT10_TOTAL_WORK_REFCOUNT_TREE_RESIDENT_VIEWS	0
LIST_EXNEXT_40_ENTRIES_REPEAT10_TOTAL_WORK_OTHER_TREE_NODE_VIEWS	0
LIST_EXNEXT_40_ENTRIES_REPEAT10_TOTAL_WORK_OTHER_TREE_RESIDENT_VIEWS	0
LIST_EXNEXT_40_ENTRIES_REPEAT10_TOTAL_VOLUME_FLUSH_BIO_READS	0
LIST_EXNEXT_40_ENTRIES_REPEAT10_TOTAL_VOLUME_FLUSH_BIO_WRITES	0
LIST_EXNEXT_40_ENTRIES_REPEAT10_TOTAL_VOLUME_FLUSH_BIO_UPDATES	0
LIST_EXNEXT_40_ENTRIES_REPEAT10_TOTAL_VOLUME_FLUSH_DATA_READS	0
LIST_EXNEXT_40_ENTRIES_REPEAT10_TOTAL_VOLUME_FLUSH_DATA_WRITES	0
LIST_EXNEXT_40_ENTRIES_REPEAT10_TOTAL_VOLUME_FLUSH_NODE_WRITES	0
LIST_EXNEXT_40_ENTRIES_REPEAT10_TOTAL_VOLUME_FLUSH_TXN_COMMITS	0
LIST_EXNEXT_40_ENTRIES_REPEAT10_TOTAL_VOLUME_FLUSH_EXTENT_MAPS	0
LIST_EXNEXT_40_ENTRIES_REPEAT10_TOTAL_VOLUME_FLUSH_READ_TICKS	0
LIST_EXNEXT_40_ENTRIES_REPEAT10_TOTAL_VOLUME_FLUSH_WRITE_TICKS	0
LIST_EXNEXT_40_ENTRIES_REPEAT10_TOTAL_VOLUME_FLUSH_UPDATE_TICKS	0
LIST_EXNEXT_40_ENTRIES_REPEAT10_TOTAL_VOLUME_FLUSH_DATA_READ_TICKS	0
LIST_EXNEXT_40_ENTRIES_REPEAT10_TOTAL_VOLUME_FLUSH_DATA_WRITE_TICKS	0
LIST_EXNEXT_40_ENTRIES_REPEAT10_TOTAL_VOLUME_FLUSH_NODE_CRC_READ_CALLS	0
LIST_EXNEXT_40_ENTRIES_REPEAT10_TOTAL_VOLUME_FLUSH_NODE_CRC_READ_SAMPLES	0
LIST_EXNEXT_40_ENTRIES_REPEAT10_TOTAL_VOLUME_FLUSH_NODE_CRC_READ_SAMPLE_TICKS	0
LIST_EXNEXT_40_ENTRIES_REPEAT10_TOTAL_VOLUME_FLUSH_NODE_CRC_WRITE_CALLS	0
LIST_EXNEXT_40_ENTRIES_REPEAT10_TOTAL_VOLUME_FLUSH_NODE_CRC_WRITE_SAMPLES	0
LIST_EXNEXT_40_ENTRIES_REPEAT10_TOTAL_VOLUME_FLUSH_NODE_CRC_WRITE_SAMPLE_TICKS	0
LIST_EXNEXT_40_ENTRIES_REPEAT10_TOTAL_VOLUME_FLUSH_CLOCK_PAIR_TICKS	0
LIST_EXNEXT_40_ENTRIES_REPEAT10_TOTAL_VOLUME_FLUSH_PACKET_CALLS	0
LIST_EXNEXT_40_ENTRIES_REPEAT10_TOTAL_VOLUME_FLUSH_PACKET_SAMPLES	0
LIST_EXNEXT_40_ENTRIES_REPEAT10_TOTAL_VOLUME_FLUSH_PACKET_SAMPLE_TICKS	0
LIST_EXNEXT_40_ENTRIES_REPEAT10_TOTAL_VOLUME_FLUSH_PACKET_OPEN_CALLS	0
LIST_EXNEXT_40_ENTRIES_REPEAT10_TOTAL_VOLUME_FLUSH_PACKET_OPEN_SAMPLES	0
LIST_EXNEXT_40_ENTRIES_REPEAT10_TOTAL_VOLUME_FLUSH_PACKET_OPEN_SAMPLE_TICKS	0
LIST_EXNEXT_40_ENTRIES_REPEAT10_TOTAL_VOLUME_FLUSH_PACKET_READ_CALLS	0
LIST_EXNEXT_40_ENTRIES_REPEAT10_TOTAL_VOLUME_FLUSH_PACKET_READ_SAMPLES	0
LIST_EXNEXT_40_ENTRIES_REPEAT10_TOTAL_VOLUME_FLUSH_PACKET_READ_SAMPLE_TICKS	0
LIST_EXNEXT_40_ENTRIES_REPEAT10_TOTAL_VOLUME_FLUSH_PACKET_WRITE_CALLS	0
LIST_EXNEXT_40_ENTRIES_REPEAT10_TOTAL_VOLUME_FLUSH_PACKET_WRITE_SAMPLES	0
LIST_EXNEXT_40_ENTRIES_REPEAT10_TOTAL_VOLUME_FLUSH_PACKET_WRITE_SAMPLE_TICKS	0
LIST_EXNEXT_40_ENTRIES_REPEAT10_TOTAL_VOLUME_FLUSH_PACKET_END_CALLS	0
LIST_EXNEXT_40_ENTRIES_REPEAT10_TOTAL_VOLUME_FLUSH_PACKET_END_SAMPLES	0
LIST_EXNEXT_40_ENTRIES_REPEAT10_TOTAL_VOLUME_FLUSH_PACKET_END_SAMPLE_TICKS	0
LIST_EXNEXT_40_ENTRIES_REPEAT10_TOTAL_VOLUME_FLUSH_PACKET_DELETE_CALLS	0
LIST_EXNEXT_40_ENTRIES_REPEAT10_TOTAL_VOLUME_FLUSH_PACKET_DELETE_SAMPLES	0
LIST_EXNEXT_40_ENTRIES_REPEAT10_TOTAL_VOLUME_FLUSH_PACKET_DELETE_SAMPLE_TICKS	0
LIST_EXNEXT_40_ENTRIES_REPEAT10_TOTAL_VOLUME_FLUSH_PACKET_FLUSH_CALLS	0
LIST_EXNEXT_40_ENTRIES_REPEAT10_TOTAL_VOLUME_FLUSH_PACKET_FLUSH_SAMPLES	0
LIST_EXNEXT_40_ENTRIES_REPEAT10_TOTAL_VOLUME_FLUSH_PACKET_FLUSH_SAMPLE_TICKS	0
LIST_EXNEXT_40_ENTRIES_REPEAT10_TOTAL_VOLUME_FLUSH_PACKET_OTHER_CALLS	0
LIST_EXNEXT_40_ENTRIES_REPEAT10_TOTAL_VOLUME_FLUSH_PACKET_OTHER_SAMPLES	0
LIST_EXNEXT_40_ENTRIES_REPEAT10_TOTAL_VOLUME_FLUSH_PACKET_OTHER_SAMPLE_TICKS	0
LIST_EXNEXT_40_ENTRIES_REPEAT10_TOTAL_VOLUME_FLUSH_CORE_CREATE_CALLS	0
LIST_EXNEXT_40_ENTRIES_REPEAT10_TOTAL_VOLUME_FLUSH_CORE_CREATE_SAMPLES	0
LIST_EXNEXT_40_ENTRIES_REPEAT10_TOTAL_VOLUME_FLUSH_CORE_CREATE_SAMPLE_TICKS	0
LIST_EXNEXT_40_ENTRIES_REPEAT10_TOTAL_VOLUME_FLUSH_CORE_DELETE_CALLS	0
LIST_EXNEXT_40_ENTRIES_REPEAT10_TOTAL_VOLUME_FLUSH_CORE_DELETE_SAMPLES	0
LIST_EXNEXT_40_ENTRIES_REPEAT10_TOTAL_VOLUME_FLUSH_CORE_DELETE_SAMPLE_TICKS	0
LIST_EXNEXT_40_ENTRIES_REPEAT10_TOTAL_VOLUME_FLUSH_CORE_FILE_WRITE_CALLS	0
LIST_EXNEXT_40_ENTRIES_REPEAT10_TOTAL_VOLUME_FLUSH_CORE_FILE_WRITE_SAMPLES	0
LIST_EXNEXT_40_ENTRIES_REPEAT10_TOTAL_VOLUME_FLUSH_CORE_FILE_WRITE_SAMPLE_TICKS	0
LIST_EXNEXT_40_ENTRIES_REPEAT10_TOTAL_VOLUME_FLUSH_CORE_SYNC_CALLS	0
LIST_EXNEXT_40_ENTRIES_REPEAT10_TOTAL_VOLUME_FLUSH_CORE_SYNC_SAMPLES	0
LIST_EXNEXT_40_ENTRIES_REPEAT10_TOTAL_VOLUME_FLUSH_CORE_SYNC_SAMPLE_TICKS	0
LIST_EXNEXT_40_ENTRIES_REPEAT10_TOTAL_VOLUME_FLUSH_IFACE_FREE_CALLS	0
LIST_EXNEXT_40_ENTRIES_REPEAT10_TOTAL_VOLUME_FLUSH_IFACE_FREE_SAMPLES	0
LIST_EXNEXT_40_ENTRIES_REPEAT10_TOTAL_VOLUME_FLUSH_IFACE_FREE_SAMPLE_TICKS	0
LIST_EXNEXT_40_ENTRIES_REPEAT10_TOTAL_VOLUME_FLUSH_SEAL_COMMIT_CALLS	0
LIST_EXNEXT_40_ENTRIES_REPEAT10_TOTAL_VOLUME_FLUSH_SEAL_COMMIT_SAMPLES	0
LIST_EXNEXT_40_ENTRIES_REPEAT10_TOTAL_VOLUME_FLUSH_SEAL_COMMIT_SAMPLE_TICKS	0
LIST_EXNEXT_40_ENTRIES_REPEAT10_TOTAL_VOLUME_FLUSH_INODE_READ_CALLS	0
LIST_EXNEXT_40_ENTRIES_REPEAT10_TOTAL_VOLUME_FLUSH_BTREE_SEARCH_CALLS	0
LIST_EXNEXT_40_ENTRIES_REPEAT10_TOTAL_VOLUME_FLUSH_BTREE_INDEX_HINT_HITS	0
LIST_EXNEXT_40_ENTRIES_REPEAT10_TOTAL_VOLUME_FLUSH_BTREE_LEAF_HINT_HITS	0
LIST_EXNEXT_40_ENTRIES_REPEAT10_TOTAL_VOLUME_FLUSH_CACHE_READ_CALLS	0
LIST_EXNEXT_40_ENTRIES_REPEAT10_TOTAL_VOLUME_FLUSH_CACHE_READ_HITS	0
LIST_EXNEXT_40_ENTRIES_REPEAT10_TOTAL_VOLUME_FLUSH_CACHE_READ_MISSES	0
LIST_EXNEXT_40_ENTRIES_REPEAT10_TOTAL_VOLUME_FLUSH_FREE_TREE_NODE_VIEWS	0
LIST_EXNEXT_40_ENTRIES_REPEAT10_TOTAL_VOLUME_FLUSH_FREE_TREE_RESIDENT_VIEWS	0
LIST_EXNEXT_40_ENTRIES_REPEAT10_TOTAL_VOLUME_FLUSH_DIR_TREE_NODE_VIEWS	0
LIST_EXNEXT_40_ENTRIES_REPEAT10_TOTAL_VOLUME_FLUSH_DIR_TREE_RESIDENT_VIEWS	0
LIST_EXNEXT_40_ENTRIES_REPEAT10_TOTAL_VOLUME_FLUSH_INODE_TREE_NODE_VIEWS	0
LIST_EXNEXT_40_ENTRIES_REPEAT10_TOTAL_VOLUME_FLUSH_INODE_TREE_RESIDENT_VIEWS	0
LIST_EXNEXT_40_ENTRIES_REPEAT10_TOTAL_VOLUME_FLUSH_REFCOUNT_TREE_NODE_VIEWS	0
LIST_EXNEXT_40_ENTRIES_REPEAT10_TOTAL_VOLUME_FLUSH_REFCOUNT_TREE_RESIDENT_VIEWS	0
LIST_EXNEXT_40_ENTRIES_REPEAT10_TOTAL_VOLUME_FLUSH_OTHER_TREE_NODE_VIEWS	0
LIST_EXNEXT_40_ENTRIES_REPEAT10_TOTAL_VOLUME_FLUSH_OTHER_TREE_RESIDENT_VIEWS	0
LIST_EXALL_40_ENTRIES_FIRST_PASS_US	4480
LIST_EXALL_40_ENTRIES_FIRST_PASS_WORK_US	4480
LIST_EXALL_40_ENTRIES_FIRST_PASS_VOLUME_FLUSH_US	0
LIST_EXALL_40_ENTRIES_FIRST_PASS_HAS_VOLUME_FLUSH	0
LIST_EXALL_40_ENTRIES_FIRST_PASS_GUEST_OPEN_CALLS	0
LIST_EXALL_40_ENTRIES_FIRST_PASS_GUEST_OPEN_US	0
LIST_EXALL_40_ENTRIES_FIRST_PASS_GUEST_READ_CALLS	0
LIST_EXALL_40_ENTRIES_FIRST_PASS_GUEST_READ_US	0
LIST_EXALL_40_ENTRIES_FIRST_PASS_GUEST_WRITE_CALLS	0
LIST_EXALL_40_ENTRIES_FIRST_PASS_GUEST_WRITE_US	0
LIST_EXALL_40_ENTRIES_FIRST_PASS_GUEST_HANDLE_FLUSH_CALLS	0
LIST_EXALL_40_ENTRIES_FIRST_PASS_GUEST_HANDLE_FLUSH_US	0
LIST_EXALL_40_ENTRIES_FIRST_PASS_GUEST_CLOSE_CALLS	0
LIST_EXALL_40_ENTRIES_FIRST_PASS_GUEST_CLOSE_US	0
LIST_EXALL_40_ENTRIES_FIRST_PASS_GUEST_VERIFY_CALLS	0
LIST_EXALL_40_ENTRIES_FIRST_PASS_GUEST_VERIFY_US	0
LIST_EXALL_40_ENTRIES_FIRST_PASS_WORK_BIO_READS	7
LIST_EXALL_40_ENTRIES_FIRST_PASS_WORK_BIO_WRITES	0
LIST_EXALL_40_ENTRIES_FIRST_PASS_WORK_BIO_UPDATES	0
LIST_EXALL_40_ENTRIES_FIRST_PASS_WORK_DATA_READS	0
LIST_EXALL_40_ENTRIES_FIRST_PASS_WORK_DATA_WRITES	0
LIST_EXALL_40_ENTRIES_FIRST_PASS_WORK_NODE_WRITES	0
LIST_EXALL_40_ENTRIES_FIRST_PASS_WORK_TXN_COMMITS	0
LIST_EXALL_40_ENTRIES_FIRST_PASS_WORK_EXTENT_MAPS	0
LIST_EXALL_40_ENTRIES_FIRST_PASS_WORK_READ_TICKS	455
LIST_EXALL_40_ENTRIES_FIRST_PASS_WORK_WRITE_TICKS	0
LIST_EXALL_40_ENTRIES_FIRST_PASS_WORK_UPDATE_TICKS	0
LIST_EXALL_40_ENTRIES_FIRST_PASS_WORK_DATA_READ_TICKS	0
LIST_EXALL_40_ENTRIES_FIRST_PASS_WORK_DATA_WRITE_TICKS	0
LIST_EXALL_40_ENTRIES_FIRST_PASS_WORK_NODE_CRC_READ_CALLS	7
LIST_EXALL_40_ENTRIES_FIRST_PASS_WORK_NODE_CRC_READ_SAMPLES	7
LIST_EXALL_40_ENTRIES_FIRST_PASS_WORK_NODE_CRC_READ_SAMPLE_TICKS	908
LIST_EXALL_40_ENTRIES_FIRST_PASS_WORK_NODE_CRC_WRITE_CALLS	0
LIST_EXALL_40_ENTRIES_FIRST_PASS_WORK_NODE_CRC_WRITE_SAMPLES	0
LIST_EXALL_40_ENTRIES_FIRST_PASS_WORK_NODE_CRC_WRITE_SAMPLE_TICKS	0
LIST_EXALL_40_ENTRIES_FIRST_PASS_WORK_CLOCK_PAIR_TICKS	0
LIST_EXALL_40_ENTRIES_FIRST_PASS_WORK_PACKET_CALLS	3
LIST_EXALL_40_ENTRIES_FIRST_PASS_WORK_PACKET_SAMPLES	3
LIST_EXALL_40_ENTRIES_FIRST_PASS_WORK_PACKET_SAMPLE_TICKS	3088
LIST_EXALL_40_ENTRIES_FIRST_PASS_WORK_PACKET_OPEN_CALLS	0
LIST_EXALL_40_ENTRIES_FIRST_PASS_WORK_PACKET_OPEN_SAMPLES	0
LIST_EXALL_40_ENTRIES_FIRST_PASS_WORK_PACKET_OPEN_SAMPLE_TICKS	0
LIST_EXALL_40_ENTRIES_FIRST_PASS_WORK_PACKET_READ_CALLS	0
LIST_EXALL_40_ENTRIES_FIRST_PASS_WORK_PACKET_READ_SAMPLES	0
LIST_EXALL_40_ENTRIES_FIRST_PASS_WORK_PACKET_READ_SAMPLE_TICKS	0
LIST_EXALL_40_ENTRIES_FIRST_PASS_WORK_PACKET_WRITE_CALLS	0
LIST_EXALL_40_ENTRIES_FIRST_PASS_WORK_PACKET_WRITE_SAMPLES	0
LIST_EXALL_40_ENTRIES_FIRST_PASS_WORK_PACKET_WRITE_SAMPLE_TICKS	0
LIST_EXALL_40_ENTRIES_FIRST_PASS_WORK_PACKET_END_CALLS	0
LIST_EXALL_40_ENTRIES_FIRST_PASS_WORK_PACKET_END_SAMPLES	0
LIST_EXALL_40_ENTRIES_FIRST_PASS_WORK_PACKET_END_SAMPLE_TICKS	0
LIST_EXALL_40_ENTRIES_FIRST_PASS_WORK_PACKET_DELETE_CALLS	0
LIST_EXALL_40_ENTRIES_FIRST_PASS_WORK_PACKET_DELETE_SAMPLES	0
LIST_EXALL_40_ENTRIES_FIRST_PASS_WORK_PACKET_DELETE_SAMPLE_TICKS	0
LIST_EXALL_40_ENTRIES_FIRST_PASS_WORK_PACKET_FLUSH_CALLS	0
LIST_EXALL_40_ENTRIES_FIRST_PASS_WORK_PACKET_FLUSH_SAMPLES	0
LIST_EXALL_40_ENTRIES_FIRST_PASS_WORK_PACKET_FLUSH_SAMPLE_TICKS	0
LIST_EXALL_40_ENTRIES_FIRST_PASS_WORK_PACKET_OTHER_CALLS	3
LIST_EXALL_40_ENTRIES_FIRST_PASS_WORK_PACKET_OTHER_SAMPLES	3
LIST_EXALL_40_ENTRIES_FIRST_PASS_WORK_PACKET_OTHER_SAMPLE_TICKS	3088
LIST_EXALL_40_ENTRIES_FIRST_PASS_WORK_CORE_CREATE_CALLS	0
LIST_EXALL_40_ENTRIES_FIRST_PASS_WORK_CORE_CREATE_SAMPLES	0
LIST_EXALL_40_ENTRIES_FIRST_PASS_WORK_CORE_CREATE_SAMPLE_TICKS	0
LIST_EXALL_40_ENTRIES_FIRST_PASS_WORK_CORE_DELETE_CALLS	0
LIST_EXALL_40_ENTRIES_FIRST_PASS_WORK_CORE_DELETE_SAMPLES	0
LIST_EXALL_40_ENTRIES_FIRST_PASS_WORK_CORE_DELETE_SAMPLE_TICKS	0
LIST_EXALL_40_ENTRIES_FIRST_PASS_WORK_CORE_FILE_WRITE_CALLS	0
LIST_EXALL_40_ENTRIES_FIRST_PASS_WORK_CORE_FILE_WRITE_SAMPLES	0
LIST_EXALL_40_ENTRIES_FIRST_PASS_WORK_CORE_FILE_WRITE_SAMPLE_TICKS	0
LIST_EXALL_40_ENTRIES_FIRST_PASS_WORK_CORE_SYNC_CALLS	0
LIST_EXALL_40_ENTRIES_FIRST_PASS_WORK_CORE_SYNC_SAMPLES	0
LIST_EXALL_40_ENTRIES_FIRST_PASS_WORK_CORE_SYNC_SAMPLE_TICKS	0
LIST_EXALL_40_ENTRIES_FIRST_PASS_WORK_IFACE_FREE_CALLS	0
LIST_EXALL_40_ENTRIES_FIRST_PASS_WORK_IFACE_FREE_SAMPLES	0
LIST_EXALL_40_ENTRIES_FIRST_PASS_WORK_IFACE_FREE_SAMPLE_TICKS	0
LIST_EXALL_40_ENTRIES_FIRST_PASS_WORK_SEAL_COMMIT_CALLS	0
LIST_EXALL_40_ENTRIES_FIRST_PASS_WORK_SEAL_COMMIT_SAMPLES	0
LIST_EXALL_40_ENTRIES_FIRST_PASS_WORK_SEAL_COMMIT_SAMPLE_TICKS	0
LIST_EXALL_40_ENTRIES_FIRST_PASS_WORK_INODE_READ_CALLS	40
LIST_EXALL_40_ENTRIES_FIRST_PASS_WORK_BTREE_SEARCH_CALLS	41
LIST_EXALL_40_ENTRIES_FIRST_PASS_WORK_BTREE_INDEX_HINT_HITS	0
LIST_EXALL_40_ENTRIES_FIRST_PASS_WORK_BTREE_LEAF_HINT_HITS	39
LIST_EXALL_40_ENTRIES_FIRST_PASS_WORK_CACHE_READ_CALLS	7
LIST_EXALL_40_ENTRIES_FIRST_PASS_WORK_CACHE_READ_HITS	0
LIST_EXALL_40_ENTRIES_FIRST_PASS_WORK_CACHE_READ_MISSES	7
LIST_EXALL_40_ENTRIES_FIRST_PASS_WORK_FREE_TREE_NODE_VIEWS	0
LIST_EXALL_40_ENTRIES_FIRST_PASS_WORK_FREE_TREE_RESIDENT_VIEWS	0
LIST_EXALL_40_ENTRIES_FIRST_PASS_WORK_DIR_TREE_NODE_VIEWS	20
LIST_EXALL_40_ENTRIES_FIRST_PASS_WORK_DIR_TREE_RESIDENT_VIEWS	14
LIST_EXALL_40_ENTRIES_FIRST_PASS_WORK_INODE_TREE_NODE_VIEWS	2
LIST_EXALL_40_ENTRIES_FIRST_PASS_WORK_INODE_TREE_RESIDENT_VIEWS	1
LIST_EXALL_40_ENTRIES_FIRST_PASS_WORK_REFCOUNT_TREE_NODE_VIEWS	0
LIST_EXALL_40_ENTRIES_FIRST_PASS_WORK_REFCOUNT_TREE_RESIDENT_VIEWS	0
LIST_EXALL_40_ENTRIES_FIRST_PASS_WORK_OTHER_TREE_NODE_VIEWS	0
LIST_EXALL_40_ENTRIES_FIRST_PASS_WORK_OTHER_TREE_RESIDENT_VIEWS	0
LIST_EXALL_40_ENTRIES_FIRST_PASS_VOLUME_FLUSH_BIO_READS	0
LIST_EXALL_40_ENTRIES_FIRST_PASS_VOLUME_FLUSH_BIO_WRITES	0
LIST_EXALL_40_ENTRIES_FIRST_PASS_VOLUME_FLUSH_BIO_UPDATES	0
LIST_EXALL_40_ENTRIES_FIRST_PASS_VOLUME_FLUSH_DATA_READS	0
LIST_EXALL_40_ENTRIES_FIRST_PASS_VOLUME_FLUSH_DATA_WRITES	0
LIST_EXALL_40_ENTRIES_FIRST_PASS_VOLUME_FLUSH_NODE_WRITES	0
LIST_EXALL_40_ENTRIES_FIRST_PASS_VOLUME_FLUSH_TXN_COMMITS	0
LIST_EXALL_40_ENTRIES_FIRST_PASS_VOLUME_FLUSH_EXTENT_MAPS	0
LIST_EXALL_40_ENTRIES_FIRST_PASS_VOLUME_FLUSH_READ_TICKS	0
LIST_EXALL_40_ENTRIES_FIRST_PASS_VOLUME_FLUSH_WRITE_TICKS	0
LIST_EXALL_40_ENTRIES_FIRST_PASS_VOLUME_FLUSH_UPDATE_TICKS	0
LIST_EXALL_40_ENTRIES_FIRST_PASS_VOLUME_FLUSH_DATA_READ_TICKS	0
LIST_EXALL_40_ENTRIES_FIRST_PASS_VOLUME_FLUSH_DATA_WRITE_TICKS	0
LIST_EXALL_40_ENTRIES_FIRST_PASS_VOLUME_FLUSH_NODE_CRC_READ_CALLS	0
LIST_EXALL_40_ENTRIES_FIRST_PASS_VOLUME_FLUSH_NODE_CRC_READ_SAMPLES	0
LIST_EXALL_40_ENTRIES_FIRST_PASS_VOLUME_FLUSH_NODE_CRC_READ_SAMPLE_TICKS	0
LIST_EXALL_40_ENTRIES_FIRST_PASS_VOLUME_FLUSH_NODE_CRC_WRITE_CALLS	0
LIST_EXALL_40_ENTRIES_FIRST_PASS_VOLUME_FLUSH_NODE_CRC_WRITE_SAMPLES	0
LIST_EXALL_40_ENTRIES_FIRST_PASS_VOLUME_FLUSH_NODE_CRC_WRITE_SAMPLE_TICKS	0
LIST_EXALL_40_ENTRIES_FIRST_PASS_VOLUME_FLUSH_CLOCK_PAIR_TICKS	0
LIST_EXALL_40_ENTRIES_FIRST_PASS_VOLUME_FLUSH_PACKET_CALLS	0
LIST_EXALL_40_ENTRIES_FIRST_PASS_VOLUME_FLUSH_PACKET_SAMPLES	0
LIST_EXALL_40_ENTRIES_FIRST_PASS_VOLUME_FLUSH_PACKET_SAMPLE_TICKS	0
LIST_EXALL_40_ENTRIES_FIRST_PASS_VOLUME_FLUSH_PACKET_OPEN_CALLS	0
LIST_EXALL_40_ENTRIES_FIRST_PASS_VOLUME_FLUSH_PACKET_OPEN_SAMPLES	0
LIST_EXALL_40_ENTRIES_FIRST_PASS_VOLUME_FLUSH_PACKET_OPEN_SAMPLE_TICKS	0
LIST_EXALL_40_ENTRIES_FIRST_PASS_VOLUME_FLUSH_PACKET_READ_CALLS	0
LIST_EXALL_40_ENTRIES_FIRST_PASS_VOLUME_FLUSH_PACKET_READ_SAMPLES	0
LIST_EXALL_40_ENTRIES_FIRST_PASS_VOLUME_FLUSH_PACKET_READ_SAMPLE_TICKS	0
LIST_EXALL_40_ENTRIES_FIRST_PASS_VOLUME_FLUSH_PACKET_WRITE_CALLS	0
LIST_EXALL_40_ENTRIES_FIRST_PASS_VOLUME_FLUSH_PACKET_WRITE_SAMPLES	0
LIST_EXALL_40_ENTRIES_FIRST_PASS_VOLUME_FLUSH_PACKET_WRITE_SAMPLE_TICKS	0
LIST_EXALL_40_ENTRIES_FIRST_PASS_VOLUME_FLUSH_PACKET_END_CALLS	0
LIST_EXALL_40_ENTRIES_FIRST_PASS_VOLUME_FLUSH_PACKET_END_SAMPLES	0
LIST_EXALL_40_ENTRIES_FIRST_PASS_VOLUME_FLUSH_PACKET_END_SAMPLE_TICKS	0
LIST_EXALL_40_ENTRIES_FIRST_PASS_VOLUME_FLUSH_PACKET_DELETE_CALLS	0
LIST_EXALL_40_ENTRIES_FIRST_PASS_VOLUME_FLUSH_PACKET_DELETE_SAMPLES	0
LIST_EXALL_40_ENTRIES_FIRST_PASS_VOLUME_FLUSH_PACKET_DELETE_SAMPLE_TICKS	0
LIST_EXALL_40_ENTRIES_FIRST_PASS_VOLUME_FLUSH_PACKET_FLUSH_CALLS	0
LIST_EXALL_40_ENTRIES_FIRST_PASS_VOLUME_FLUSH_PACKET_FLUSH_SAMPLES	0
LIST_EXALL_40_ENTRIES_FIRST_PASS_VOLUME_FLUSH_PACKET_FLUSH_SAMPLE_TICKS	0
LIST_EXALL_40_ENTRIES_FIRST_PASS_VOLUME_FLUSH_PACKET_OTHER_CALLS	0
LIST_EXALL_40_ENTRIES_FIRST_PASS_VOLUME_FLUSH_PACKET_OTHER_SAMPLES	0
LIST_EXALL_40_ENTRIES_FIRST_PASS_VOLUME_FLUSH_PACKET_OTHER_SAMPLE_TICKS	0
LIST_EXALL_40_ENTRIES_FIRST_PASS_VOLUME_FLUSH_CORE_CREATE_CALLS	0
LIST_EXALL_40_ENTRIES_FIRST_PASS_VOLUME_FLUSH_CORE_CREATE_SAMPLES	0
LIST_EXALL_40_ENTRIES_FIRST_PASS_VOLUME_FLUSH_CORE_CREATE_SAMPLE_TICKS	0
LIST_EXALL_40_ENTRIES_FIRST_PASS_VOLUME_FLUSH_CORE_DELETE_CALLS	0
LIST_EXALL_40_ENTRIES_FIRST_PASS_VOLUME_FLUSH_CORE_DELETE_SAMPLES	0
LIST_EXALL_40_ENTRIES_FIRST_PASS_VOLUME_FLUSH_CORE_DELETE_SAMPLE_TICKS	0
LIST_EXALL_40_ENTRIES_FIRST_PASS_VOLUME_FLUSH_CORE_FILE_WRITE_CALLS	0
LIST_EXALL_40_ENTRIES_FIRST_PASS_VOLUME_FLUSH_CORE_FILE_WRITE_SAMPLES	0
LIST_EXALL_40_ENTRIES_FIRST_PASS_VOLUME_FLUSH_CORE_FILE_WRITE_SAMPLE_TICKS	0
LIST_EXALL_40_ENTRIES_FIRST_PASS_VOLUME_FLUSH_CORE_SYNC_CALLS	0
LIST_EXALL_40_ENTRIES_FIRST_PASS_VOLUME_FLUSH_CORE_SYNC_SAMPLES	0
LIST_EXALL_40_ENTRIES_FIRST_PASS_VOLUME_FLUSH_CORE_SYNC_SAMPLE_TICKS	0
LIST_EXALL_40_ENTRIES_FIRST_PASS_VOLUME_FLUSH_IFACE_FREE_CALLS	0
LIST_EXALL_40_ENTRIES_FIRST_PASS_VOLUME_FLUSH_IFACE_FREE_SAMPLES	0
LIST_EXALL_40_ENTRIES_FIRST_PASS_VOLUME_FLUSH_IFACE_FREE_SAMPLE_TICKS	0
LIST_EXALL_40_ENTRIES_FIRST_PASS_VOLUME_FLUSH_SEAL_COMMIT_CALLS	0
LIST_EXALL_40_ENTRIES_FIRST_PASS_VOLUME_FLUSH_SEAL_COMMIT_SAMPLES	0
LIST_EXALL_40_ENTRIES_FIRST_PASS_VOLUME_FLUSH_SEAL_COMMIT_SAMPLE_TICKS	0
LIST_EXALL_40_ENTRIES_FIRST_PASS_VOLUME_FLUSH_INODE_READ_CALLS	0
LIST_EXALL_40_ENTRIES_FIRST_PASS_VOLUME_FLUSH_BTREE_SEARCH_CALLS	0
LIST_EXALL_40_ENTRIES_FIRST_PASS_VOLUME_FLUSH_BTREE_INDEX_HINT_HITS	0
LIST_EXALL_40_ENTRIES_FIRST_PASS_VOLUME_FLUSH_BTREE_LEAF_HINT_HITS	0
LIST_EXALL_40_ENTRIES_FIRST_PASS_VOLUME_FLUSH_CACHE_READ_CALLS	0
LIST_EXALL_40_ENTRIES_FIRST_PASS_VOLUME_FLUSH_CACHE_READ_HITS	0
LIST_EXALL_40_ENTRIES_FIRST_PASS_VOLUME_FLUSH_CACHE_READ_MISSES	0
LIST_EXALL_40_ENTRIES_FIRST_PASS_VOLUME_FLUSH_FREE_TREE_NODE_VIEWS	0
LIST_EXALL_40_ENTRIES_FIRST_PASS_VOLUME_FLUSH_FREE_TREE_RESIDENT_VIEWS	0
LIST_EXALL_40_ENTRIES_FIRST_PASS_VOLUME_FLUSH_DIR_TREE_NODE_VIEWS	0
LIST_EXALL_40_ENTRIES_FIRST_PASS_VOLUME_FLUSH_DIR_TREE_RESIDENT_VIEWS	0
LIST_EXALL_40_ENTRIES_FIRST_PASS_VOLUME_FLUSH_INODE_TREE_NODE_VIEWS	0
LIST_EXALL_40_ENTRIES_FIRST_PASS_VOLUME_FLUSH_INODE_TREE_RESIDENT_VIEWS	0
LIST_EXALL_40_ENTRIES_FIRST_PASS_VOLUME_FLUSH_REFCOUNT_TREE_NODE_VIEWS	0
LIST_EXALL_40_ENTRIES_FIRST_PASS_VOLUME_FLUSH_REFCOUNT_TREE_RESIDENT_VIEWS	0
LIST_EXALL_40_ENTRIES_FIRST_PASS_VOLUME_FLUSH_OTHER_TREE_NODE_VIEWS	0
LIST_EXALL_40_ENTRIES_FIRST_PASS_VOLUME_FLUSH_OTHER_TREE_RESIDENT_VIEWS	0
LIST_EXALL_40_ENTRIES_REPEAT10_TOTAL_US	14975
LIST_EXALL_40_ENTRIES_REPEAT10_TOTAL_WORK_US	14975
LIST_EXALL_40_ENTRIES_REPEAT10_TOTAL_VOLUME_FLUSH_US	0
LIST_EXALL_40_ENTRIES_REPEAT10_TOTAL_HAS_VOLUME_FLUSH	0
LIST_EXALL_40_ENTRIES_REPEAT10_TOTAL_GUEST_OPEN_CALLS	0
LIST_EXALL_40_ENTRIES_REPEAT10_TOTAL_GUEST_OPEN_US	0
LIST_EXALL_40_ENTRIES_REPEAT10_TOTAL_GUEST_READ_CALLS	0
LIST_EXALL_40_ENTRIES_REPEAT10_TOTAL_GUEST_READ_US	0
LIST_EXALL_40_ENTRIES_REPEAT10_TOTAL_GUEST_WRITE_CALLS	0
LIST_EXALL_40_ENTRIES_REPEAT10_TOTAL_GUEST_WRITE_US	0
LIST_EXALL_40_ENTRIES_REPEAT10_TOTAL_GUEST_HANDLE_FLUSH_CALLS	0
LIST_EXALL_40_ENTRIES_REPEAT10_TOTAL_GUEST_HANDLE_FLUSH_US	0
LIST_EXALL_40_ENTRIES_REPEAT10_TOTAL_GUEST_CLOSE_CALLS	0
LIST_EXALL_40_ENTRIES_REPEAT10_TOTAL_GUEST_CLOSE_US	0
LIST_EXALL_40_ENTRIES_REPEAT10_TOTAL_GUEST_VERIFY_CALLS	0
LIST_EXALL_40_ENTRIES_REPEAT10_TOTAL_GUEST_VERIFY_US	0
LIST_EXALL_40_ENTRIES_REPEAT10_TOTAL_WORK_BIO_READS	0
LIST_EXALL_40_ENTRIES_REPEAT10_TOTAL_WORK_BIO_WRITES	0
LIST_EXALL_40_ENTRIES_REPEAT10_TOTAL_WORK_BIO_UPDATES	0
LIST_EXALL_40_ENTRIES_REPEAT10_TOTAL_WORK_DATA_READS	0
LIST_EXALL_40_ENTRIES_REPEAT10_TOTAL_WORK_DATA_WRITES	0
LIST_EXALL_40_ENTRIES_REPEAT10_TOTAL_WORK_NODE_WRITES	0
LIST_EXALL_40_ENTRIES_REPEAT10_TOTAL_WORK_TXN_COMMITS	0
LIST_EXALL_40_ENTRIES_REPEAT10_TOTAL_WORK_EXTENT_MAPS	0
LIST_EXALL_40_ENTRIES_REPEAT10_TOTAL_WORK_READ_TICKS	0
LIST_EXALL_40_ENTRIES_REPEAT10_TOTAL_WORK_WRITE_TICKS	0
LIST_EXALL_40_ENTRIES_REPEAT10_TOTAL_WORK_UPDATE_TICKS	0
LIST_EXALL_40_ENTRIES_REPEAT10_TOTAL_WORK_DATA_READ_TICKS	0
LIST_EXALL_40_ENTRIES_REPEAT10_TOTAL_WORK_DATA_WRITE_TICKS	0
LIST_EXALL_40_ENTRIES_REPEAT10_TOTAL_WORK_NODE_CRC_READ_CALLS	0
LIST_EXALL_40_ENTRIES_REPEAT10_TOTAL_WORK_NODE_CRC_READ_SAMPLES	0
LIST_EXALL_40_ENTRIES_REPEAT10_TOTAL_WORK_NODE_CRC_READ_SAMPLE_TICKS	0
LIST_EXALL_40_ENTRIES_REPEAT10_TOTAL_WORK_NODE_CRC_WRITE_CALLS	0
LIST_EXALL_40_ENTRIES_REPEAT10_TOTAL_WORK_NODE_CRC_WRITE_SAMPLES	0
LIST_EXALL_40_ENTRIES_REPEAT10_TOTAL_WORK_NODE_CRC_WRITE_SAMPLE_TICKS	0
LIST_EXALL_40_ENTRIES_REPEAT10_TOTAL_WORK_CLOCK_PAIR_TICKS	1
LIST_EXALL_40_ENTRIES_REPEAT10_TOTAL_WORK_PACKET_CALLS	12
LIST_EXALL_40_ENTRIES_REPEAT10_TOTAL_WORK_PACKET_SAMPLES	12
LIST_EXALL_40_ENTRIES_REPEAT10_TOTAL_WORK_PACKET_SAMPLE_TICKS	10028
LIST_EXALL_40_ENTRIES_REPEAT10_TOTAL_WORK_PACKET_OPEN_CALLS	0
LIST_EXALL_40_ENTRIES_REPEAT10_TOTAL_WORK_PACKET_OPEN_SAMPLES	0
LIST_EXALL_40_ENTRIES_REPEAT10_TOTAL_WORK_PACKET_OPEN_SAMPLE_TICKS	0
LIST_EXALL_40_ENTRIES_REPEAT10_TOTAL_WORK_PACKET_READ_CALLS	0
LIST_EXALL_40_ENTRIES_REPEAT10_TOTAL_WORK_PACKET_READ_SAMPLES	0
LIST_EXALL_40_ENTRIES_REPEAT10_TOTAL_WORK_PACKET_READ_SAMPLE_TICKS	0
LIST_EXALL_40_ENTRIES_REPEAT10_TOTAL_WORK_PACKET_WRITE_CALLS	0
LIST_EXALL_40_ENTRIES_REPEAT10_TOTAL_WORK_PACKET_WRITE_SAMPLES	0
LIST_EXALL_40_ENTRIES_REPEAT10_TOTAL_WORK_PACKET_WRITE_SAMPLE_TICKS	0
LIST_EXALL_40_ENTRIES_REPEAT10_TOTAL_WORK_PACKET_END_CALLS	0
LIST_EXALL_40_ENTRIES_REPEAT10_TOTAL_WORK_PACKET_END_SAMPLES	0
LIST_EXALL_40_ENTRIES_REPEAT10_TOTAL_WORK_PACKET_END_SAMPLE_TICKS	0
LIST_EXALL_40_ENTRIES_REPEAT10_TOTAL_WORK_PACKET_DELETE_CALLS	0
LIST_EXALL_40_ENTRIES_REPEAT10_TOTAL_WORK_PACKET_DELETE_SAMPLES	0
LIST_EXALL_40_ENTRIES_REPEAT10_TOTAL_WORK_PACKET_DELETE_SAMPLE_TICKS	0
LIST_EXALL_40_ENTRIES_REPEAT10_TOTAL_WORK_PACKET_FLUSH_CALLS	0
LIST_EXALL_40_ENTRIES_REPEAT10_TOTAL_WORK_PACKET_FLUSH_SAMPLES	0
LIST_EXALL_40_ENTRIES_REPEAT10_TOTAL_WORK_PACKET_FLUSH_SAMPLE_TICKS	0
LIST_EXALL_40_ENTRIES_REPEAT10_TOTAL_WORK_PACKET_OTHER_CALLS	12
LIST_EXALL_40_ENTRIES_REPEAT10_TOTAL_WORK_PACKET_OTHER_SAMPLES	12
LIST_EXALL_40_ENTRIES_REPEAT10_TOTAL_WORK_PACKET_OTHER_SAMPLE_TICKS	10028
LIST_EXALL_40_ENTRIES_REPEAT10_TOTAL_WORK_CORE_CREATE_CALLS	0
LIST_EXALL_40_ENTRIES_REPEAT10_TOTAL_WORK_CORE_CREATE_SAMPLES	0
LIST_EXALL_40_ENTRIES_REPEAT10_TOTAL_WORK_CORE_CREATE_SAMPLE_TICKS	0
LIST_EXALL_40_ENTRIES_REPEAT10_TOTAL_WORK_CORE_DELETE_CALLS	0
LIST_EXALL_40_ENTRIES_REPEAT10_TOTAL_WORK_CORE_DELETE_SAMPLES	0
LIST_EXALL_40_ENTRIES_REPEAT10_TOTAL_WORK_CORE_DELETE_SAMPLE_TICKS	0
LIST_EXALL_40_ENTRIES_REPEAT10_TOTAL_WORK_CORE_FILE_WRITE_CALLS	0
LIST_EXALL_40_ENTRIES_REPEAT10_TOTAL_WORK_CORE_FILE_WRITE_SAMPLES	0
LIST_EXALL_40_ENTRIES_REPEAT10_TOTAL_WORK_CORE_FILE_WRITE_SAMPLE_TICKS	0
LIST_EXALL_40_ENTRIES_REPEAT10_TOTAL_WORK_CORE_SYNC_CALLS	0
LIST_EXALL_40_ENTRIES_REPEAT10_TOTAL_WORK_CORE_SYNC_SAMPLES	0
LIST_EXALL_40_ENTRIES_REPEAT10_TOTAL_WORK_CORE_SYNC_SAMPLE_TICKS	0
LIST_EXALL_40_ENTRIES_REPEAT10_TOTAL_WORK_IFACE_FREE_CALLS	0
LIST_EXALL_40_ENTRIES_REPEAT10_TOTAL_WORK_IFACE_FREE_SAMPLES	0
LIST_EXALL_40_ENTRIES_REPEAT10_TOTAL_WORK_IFACE_FREE_SAMPLE_TICKS	0
LIST_EXALL_40_ENTRIES_REPEAT10_TOTAL_WORK_SEAL_COMMIT_CALLS	0
LIST_EXALL_40_ENTRIES_REPEAT10_TOTAL_WORK_SEAL_COMMIT_SAMPLES	0
LIST_EXALL_40_ENTRIES_REPEAT10_TOTAL_WORK_SEAL_COMMIT_SAMPLE_TICKS	0
LIST_EXALL_40_ENTRIES_REPEAT10_TOTAL_WORK_INODE_READ_CALLS	400
LIST_EXALL_40_ENTRIES_REPEAT10_TOTAL_WORK_BTREE_SEARCH_CALLS	401
LIST_EXALL_40_ENTRIES_REPEAT10_TOTAL_WORK_BTREE_INDEX_HINT_HITS	400
LIST_EXALL_40_ENTRIES_REPEAT10_TOTAL_WORK_BTREE_LEAF_HINT_HITS	1
LIST_EXALL_40_ENTRIES_REPEAT10_TOTAL_WORK_CACHE_READ_CALLS	0
LIST_EXALL_40_ENTRIES_REPEAT10_TOTAL_WORK_CACHE_READ_HITS	0
LIST_EXALL_40_ENTRIES_REPEAT10_TOTAL_WORK_CACHE_READ_MISSES	0
LIST_EXALL_40_ENTRIES_REPEAT10_TOTAL_WORK_FREE_TREE_NODE_VIEWS	0
LIST_EXALL_40_ENTRIES_REPEAT10_TOTAL_WORK_FREE_TREE_RESIDENT_VIEWS	0
LIST_EXALL_40_ENTRIES_REPEAT10_TOTAL_WORK_DIR_TREE_NODE_VIEWS	160
LIST_EXALL_40_ENTRIES_REPEAT10_TOTAL_WORK_DIR_TREE_RESIDENT_VIEWS	160
LIST_EXALL_40_ENTRIES_REPEAT10_TOTAL_WORK_INODE_TREE_NODE_VIEWS	0
LIST_EXALL_40_ENTRIES_REPEAT10_TOTAL_WORK_INODE_TREE_RESIDENT_VIEWS	0
LIST_EXALL_40_ENTRIES_REPEAT10_TOTAL_WORK_REFCOUNT_TREE_NODE_VIEWS	0
LIST_EXALL_40_ENTRIES_REPEAT10_TOTAL_WORK_REFCOUNT_TREE_RESIDENT_VIEWS	0
LIST_EXALL_40_ENTRIES_REPEAT10_TOTAL_WORK_OTHER_TREE_NODE_VIEWS	0
LIST_EXALL_40_ENTRIES_REPEAT10_TOTAL_WORK_OTHER_TREE_RESIDENT_VIEWS	0
LIST_EXALL_40_ENTRIES_REPEAT10_TOTAL_VOLUME_FLUSH_BIO_READS	0
LIST_EXALL_40_ENTRIES_REPEAT10_TOTAL_VOLUME_FLUSH_BIO_WRITES	0
LIST_EXALL_40_ENTRIES_REPEAT10_TOTAL_VOLUME_FLUSH_BIO_UPDATES	0
LIST_EXALL_40_ENTRIES_REPEAT10_TOTAL_VOLUME_FLUSH_DATA_READS	0
LIST_EXALL_40_ENTRIES_REPEAT10_TOTAL_VOLUME_FLUSH_DATA_WRITES	0
LIST_EXALL_40_ENTRIES_REPEAT10_TOTAL_VOLUME_FLUSH_NODE_WRITES	0
LIST_EXALL_40_ENTRIES_REPEAT10_TOTAL_VOLUME_FLUSH_TXN_COMMITS	0
LIST_EXALL_40_ENTRIES_REPEAT10_TOTAL_VOLUME_FLUSH_EXTENT_MAPS	0
LIST_EXALL_40_ENTRIES_REPEAT10_TOTAL_VOLUME_FLUSH_READ_TICKS	0
LIST_EXALL_40_ENTRIES_REPEAT10_TOTAL_VOLUME_FLUSH_WRITE_TICKS	0
LIST_EXALL_40_ENTRIES_REPEAT10_TOTAL_VOLUME_FLUSH_UPDATE_TICKS	0
LIST_EXALL_40_ENTRIES_REPEAT10_TOTAL_VOLUME_FLUSH_DATA_READ_TICKS	0
LIST_EXALL_40_ENTRIES_REPEAT10_TOTAL_VOLUME_FLUSH_DATA_WRITE_TICKS	0
LIST_EXALL_40_ENTRIES_REPEAT10_TOTAL_VOLUME_FLUSH_NODE_CRC_READ_CALLS	0
LIST_EXALL_40_ENTRIES_REPEAT10_TOTAL_VOLUME_FLUSH_NODE_CRC_READ_SAMPLES	0
LIST_EXALL_40_ENTRIES_REPEAT10_TOTAL_VOLUME_FLUSH_NODE_CRC_READ_SAMPLE_TICKS	0
LIST_EXALL_40_ENTRIES_REPEAT10_TOTAL_VOLUME_FLUSH_NODE_CRC_WRITE_CALLS	0
LIST_EXALL_40_ENTRIES_REPEAT10_TOTAL_VOLUME_FLUSH_NODE_CRC_WRITE_SAMPLES	0
LIST_EXALL_40_ENTRIES_REPEAT10_TOTAL_VOLUME_FLUSH_NODE_CRC_WRITE_SAMPLE_TICKS	0
LIST_EXALL_40_ENTRIES_REPEAT10_TOTAL_VOLUME_FLUSH_CLOCK_PAIR_TICKS	0
LIST_EXALL_40_ENTRIES_REPEAT10_TOTAL_VOLUME_FLUSH_PACKET_CALLS	0
LIST_EXALL_40_ENTRIES_REPEAT10_TOTAL_VOLUME_FLUSH_PACKET_SAMPLES	0
LIST_EXALL_40_ENTRIES_REPEAT10_TOTAL_VOLUME_FLUSH_PACKET_SAMPLE_TICKS	0
LIST_EXALL_40_ENTRIES_REPEAT10_TOTAL_VOLUME_FLUSH_PACKET_OPEN_CALLS	0
LIST_EXALL_40_ENTRIES_REPEAT10_TOTAL_VOLUME_FLUSH_PACKET_OPEN_SAMPLES	0
LIST_EXALL_40_ENTRIES_REPEAT10_TOTAL_VOLUME_FLUSH_PACKET_OPEN_SAMPLE_TICKS	0
LIST_EXALL_40_ENTRIES_REPEAT10_TOTAL_VOLUME_FLUSH_PACKET_READ_CALLS	0
LIST_EXALL_40_ENTRIES_REPEAT10_TOTAL_VOLUME_FLUSH_PACKET_READ_SAMPLES	0
LIST_EXALL_40_ENTRIES_REPEAT10_TOTAL_VOLUME_FLUSH_PACKET_READ_SAMPLE_TICKS	0
LIST_EXALL_40_ENTRIES_REPEAT10_TOTAL_VOLUME_FLUSH_PACKET_WRITE_CALLS	0
LIST_EXALL_40_ENTRIES_REPEAT10_TOTAL_VOLUME_FLUSH_PACKET_WRITE_SAMPLES	0
LIST_EXALL_40_ENTRIES_REPEAT10_TOTAL_VOLUME_FLUSH_PACKET_WRITE_SAMPLE_TICKS	0
LIST_EXALL_40_ENTRIES_REPEAT10_TOTAL_VOLUME_FLUSH_PACKET_END_CALLS	0
LIST_EXALL_40_ENTRIES_REPEAT10_TOTAL_VOLUME_FLUSH_PACKET_END_SAMPLES	0
LIST_EXALL_40_ENTRIES_REPEAT10_TOTAL_VOLUME_FLUSH_PACKET_END_SAMPLE_TICKS	0
LIST_EXALL_40_ENTRIES_REPEAT10_TOTAL_VOLUME_FLUSH_PACKET_DELETE_CALLS	0
LIST_EXALL_40_ENTRIES_REPEAT10_TOTAL_VOLUME_FLUSH_PACKET_DELETE_SAMPLES	0
LIST_EXALL_40_ENTRIES_REPEAT10_TOTAL_VOLUME_FLUSH_PACKET_DELETE_SAMPLE_TICKS	0
LIST_EXALL_40_ENTRIES_REPEAT10_TOTAL_VOLUME_FLUSH_PACKET_FLUSH_CALLS	0
LIST_EXALL_40_ENTRIES_REPEAT10_TOTAL_VOLUME_FLUSH_PACKET_FLUSH_SAMPLES	0
LIST_EXALL_40_ENTRIES_REPEAT10_TOTAL_VOLUME_FLUSH_PACKET_FLUSH_SAMPLE_TICKS	0
LIST_EXALL_40_ENTRIES_REPEAT10_TOTAL_VOLUME_FLUSH_PACKET_OTHER_CALLS	0
LIST_EXALL_40_ENTRIES_REPEAT10_TOTAL_VOLUME_FLUSH_PACKET_OTHER_SAMPLES	0
LIST_EXALL_40_ENTRIES_REPEAT10_TOTAL_VOLUME_FLUSH_PACKET_OTHER_SAMPLE_TICKS	0
LIST_EXALL_40_ENTRIES_REPEAT10_TOTAL_VOLUME_FLUSH_CORE_CREATE_CALLS	0
LIST_EXALL_40_ENTRIES_REPEAT10_TOTAL_VOLUME_FLUSH_CORE_CREATE_SAMPLES	0
LIST_EXALL_40_ENTRIES_REPEAT10_TOTAL_VOLUME_FLUSH_CORE_CREATE_SAMPLE_TICKS	0
LIST_EXALL_40_ENTRIES_REPEAT10_TOTAL_VOLUME_FLUSH_CORE_DELETE_CALLS	0
LIST_EXALL_40_ENTRIES_REPEAT10_TOTAL_VOLUME_FLUSH_CORE_DELETE_SAMPLES	0
LIST_EXALL_40_ENTRIES_REPEAT10_TOTAL_VOLUME_FLUSH_CORE_DELETE_SAMPLE_TICKS	0
LIST_EXALL_40_ENTRIES_REPEAT10_TOTAL_VOLUME_FLUSH_CORE_FILE_WRITE_CALLS	0
LIST_EXALL_40_ENTRIES_REPEAT10_TOTAL_VOLUME_FLUSH_CORE_FILE_WRITE_SAMPLES	0
LIST_EXALL_40_ENTRIES_REPEAT10_TOTAL_VOLUME_FLUSH_CORE_FILE_WRITE_SAMPLE_TICKS	0
LIST_EXALL_40_ENTRIES_REPEAT10_TOTAL_VOLUME_FLUSH_CORE_SYNC_CALLS	0
LIST_EXALL_40_ENTRIES_REPEAT10_TOTAL_VOLUME_FLUSH_CORE_SYNC_SAMPLES	0
LIST_EXALL_40_ENTRIES_REPEAT10_TOTAL_VOLUME_FLUSH_CORE_SYNC_SAMPLE_TICKS	0
LIST_EXALL_40_ENTRIES_REPEAT10_TOTAL_VOLUME_FLUSH_IFACE_FREE_CALLS	0
LIST_EXALL_40_ENTRIES_REPEAT10_TOTAL_VOLUME_FLUSH_IFACE_FREE_SAMPLES	0
LIST_EXALL_40_ENTRIES_REPEAT10_TOTAL_VOLUME_FLUSH_IFACE_FREE_SAMPLE_TICKS	0
LIST_EXALL_40_ENTRIES_REPEAT10_TOTAL_VOLUME_FLUSH_SEAL_COMMIT_CALLS	0
LIST_EXALL_40_ENTRIES_REPEAT10_TOTAL_VOLUME_FLUSH_SEAL_COMMIT_SAMPLES	0
LIST_EXALL_40_ENTRIES_REPEAT10_TOTAL_VOLUME_FLUSH_SEAL_COMMIT_SAMPLE_TICKS	0
LIST_EXALL_40_ENTRIES_REPEAT10_TOTAL_VOLUME_FLUSH_INODE_READ_CALLS	0
LIST_EXALL_40_ENTRIES_REPEAT10_TOTAL_VOLUME_FLUSH_BTREE_SEARCH_CALLS	0
LIST_EXALL_40_ENTRIES_REPEAT10_TOTAL_VOLUME_FLUSH_BTREE_INDEX_HINT_HITS	0
LIST_EXALL_40_ENTRIES_REPEAT10_TOTAL_VOLUME_FLUSH_BTREE_LEAF_HINT_HITS	0
LIST_EXALL_40_ENTRIES_REPEAT10_TOTAL_VOLUME_FLUSH_CACHE_READ_CALLS	0
LIST_EXALL_40_ENTRIES_REPEAT10_TOTAL_VOLUME_FLUSH_CACHE_READ_HITS	0
LIST_EXALL_40_ENTRIES_REPEAT10_TOTAL_VOLUME_FLUSH_CACHE_READ_MISSES	0
LIST_EXALL_40_ENTRIES_REPEAT10_TOTAL_VOLUME_FLUSH_FREE_TREE_NODE_VIEWS	0
LIST_EXALL_40_ENTRIES_REPEAT10_TOTAL_VOLUME_FLUSH_FREE_TREE_RESIDENT_VIEWS	0
LIST_EXALL_40_ENTRIES_REPEAT10_TOTAL_VOLUME_FLUSH_DIR_TREE_NODE_VIEWS	0
LIST_EXALL_40_ENTRIES_REPEAT10_TOTAL_VOLUME_FLUSH_DIR_TREE_RESIDENT_VIEWS	0
LIST_EXALL_40_ENTRIES_REPEAT10_TOTAL_VOLUME_FLUSH_INODE_TREE_NODE_VIEWS	0
LIST_EXALL_40_ENTRIES_REPEAT10_TOTAL_VOLUME_FLUSH_INODE_TREE_RESIDENT_VIEWS	0
LIST_EXALL_40_ENTRIES_REPEAT10_TOTAL_VOLUME_FLUSH_REFCOUNT_TREE_NODE_VIEWS	0
LIST_EXALL_40_ENTRIES_REPEAT10_TOTAL_VOLUME_FLUSH_REFCOUNT_TREE_RESIDENT_VIEWS	0
LIST_EXALL_40_ENTRIES_REPEAT10_TOTAL_VOLUME_FLUSH_OTHER_TREE_NODE_VIEWS	0
LIST_EXALL_40_ENTRIES_REPEAT10_TOTAL_VOLUME_FLUSH_OTHER_TREE_RESIDENT_VIEWS	0
LIST_EXNEXT_400_ENTRIES_FIRST_PASS_US	70400
LIST_EXNEXT_400_ENTRIES_FIRST_PASS_WORK_US	70400
LIST_EXNEXT_400_ENTRIES_FIRST_PASS_VOLUME_FLUSH_US	0
LIST_EXNEXT_400_ENTRIES_FIRST_PASS_HAS_VOLUME_FLUSH	0
LIST_EXNEXT_400_ENTRIES_FIRST_PASS_GUEST_OPEN_CALLS	0
LIST_EXNEXT_400_ENTRIES_FIRST_PASS_GUEST_OPEN_US	0
LIST_EXNEXT_400_ENTRIES_FIRST_PASS_GUEST_READ_CALLS	0
LIST_EXNEXT_400_ENTRIES_FIRST_PASS_GUEST_READ_US	0
LIST_EXNEXT_400_ENTRIES_FIRST_PASS_GUEST_WRITE_CALLS	0
LIST_EXNEXT_400_ENTRIES_FIRST_PASS_GUEST_WRITE_US	0
LIST_EXNEXT_400_ENTRIES_FIRST_PASS_GUEST_HANDLE_FLUSH_CALLS	0
LIST_EXNEXT_400_ENTRIES_FIRST_PASS_GUEST_HANDLE_FLUSH_US	0
LIST_EXNEXT_400_ENTRIES_FIRST_PASS_GUEST_CLOSE_CALLS	0
LIST_EXNEXT_400_ENTRIES_FIRST_PASS_GUEST_CLOSE_US	0
LIST_EXNEXT_400_ENTRIES_FIRST_PASS_GUEST_VERIFY_CALLS	0
LIST_EXNEXT_400_ENTRIES_FIRST_PASS_GUEST_VERIFY_US	0
LIST_EXNEXT_400_ENTRIES_FIRST_PASS_WORK_BIO_READS	65
LIST_EXNEXT_400_ENTRIES_FIRST_PASS_WORK_BIO_WRITES	0
LIST_EXNEXT_400_ENTRIES_FIRST_PASS_WORK_BIO_UPDATES	0
LIST_EXNEXT_400_ENTRIES_FIRST_PASS_WORK_DATA_READS	0
LIST_EXNEXT_400_ENTRIES_FIRST_PASS_WORK_DATA_WRITES	0
LIST_EXNEXT_400_ENTRIES_FIRST_PASS_WORK_NODE_WRITES	0
LIST_EXNEXT_400_ENTRIES_FIRST_PASS_WORK_TXN_COMMITS	0
LIST_EXNEXT_400_ENTRIES_FIRST_PASS_WORK_EXTENT_MAPS	0
LIST_EXNEXT_400_ENTRIES_FIRST_PASS_WORK_READ_TICKS	5340
LIST_EXNEXT_400_ENTRIES_FIRST_PASS_WORK_WRITE_TICKS	0
LIST_EXNEXT_400_ENTRIES_FIRST_PASS_WORK_UPDATE_TICKS	0
LIST_EXNEXT_400_ENTRIES_FIRST_PASS_WORK_DATA_READ_TICKS	0
LIST_EXNEXT_400_ENTRIES_FIRST_PASS_WORK_DATA_WRITE_TICKS	0
LIST_EXNEXT_400_ENTRIES_FIRST_PASS_WORK_NODE_CRC_READ_CALLS	65
LIST_EXNEXT_400_ENTRIES_FIRST_PASS_WORK_NODE_CRC_READ_SAMPLES	65
LIST_EXNEXT_400_ENTRIES_FIRST_PASS_WORK_NODE_CRC_READ_SAMPLE_TICKS	9196
LIST_EXNEXT_400_ENTRIES_FIRST_PASS_WORK_NODE_CRC_WRITE_CALLS	0
LIST_EXNEXT_400_ENTRIES_FIRST_PASS_WORK_NODE_CRC_WRITE_SAMPLES	0
LIST_EXNEXT_400_ENTRIES_FIRST_PASS_WORK_NODE_CRC_WRITE_SAMPLE_TICKS	0
LIST_EXNEXT_400_ENTRIES_FIRST_PASS_WORK_CLOCK_PAIR_TICKS	0
LIST_EXNEXT_400_ENTRIES_FIRST_PASS_WORK_PACKET_CALLS	404
LIST_EXNEXT_400_ENTRIES_FIRST_PASS_WORK_PACKET_SAMPLES	404
LIST_EXNEXT_400_ENTRIES_FIRST_PASS_WORK_PACKET_SAMPLE_TICKS	41954
LIST_EXNEXT_400_ENTRIES_FIRST_PASS_WORK_PACKET_OPEN_CALLS	0
LIST_EXNEXT_400_ENTRIES_FIRST_PASS_WORK_PACKET_OPEN_SAMPLES	0
LIST_EXNEXT_400_ENTRIES_FIRST_PASS_WORK_PACKET_OPEN_SAMPLE_TICKS	0
LIST_EXNEXT_400_ENTRIES_FIRST_PASS_WORK_PACKET_READ_CALLS	0
LIST_EXNEXT_400_ENTRIES_FIRST_PASS_WORK_PACKET_READ_SAMPLES	0
LIST_EXNEXT_400_ENTRIES_FIRST_PASS_WORK_PACKET_READ_SAMPLE_TICKS	0
LIST_EXNEXT_400_ENTRIES_FIRST_PASS_WORK_PACKET_WRITE_CALLS	0
LIST_EXNEXT_400_ENTRIES_FIRST_PASS_WORK_PACKET_WRITE_SAMPLES	0
LIST_EXNEXT_400_ENTRIES_FIRST_PASS_WORK_PACKET_WRITE_SAMPLE_TICKS	0
LIST_EXNEXT_400_ENTRIES_FIRST_PASS_WORK_PACKET_END_CALLS	0
LIST_EXNEXT_400_ENTRIES_FIRST_PASS_WORK_PACKET_END_SAMPLES	0
LIST_EXNEXT_400_ENTRIES_FIRST_PASS_WORK_PACKET_END_SAMPLE_TICKS	0
LIST_EXNEXT_400_ENTRIES_FIRST_PASS_WORK_PACKET_DELETE_CALLS	0
LIST_EXNEXT_400_ENTRIES_FIRST_PASS_WORK_PACKET_DELETE_SAMPLES	0
LIST_EXNEXT_400_ENTRIES_FIRST_PASS_WORK_PACKET_DELETE_SAMPLE_TICKS	0
LIST_EXNEXT_400_ENTRIES_FIRST_PASS_WORK_PACKET_FLUSH_CALLS	0
LIST_EXNEXT_400_ENTRIES_FIRST_PASS_WORK_PACKET_FLUSH_SAMPLES	0
LIST_EXNEXT_400_ENTRIES_FIRST_PASS_WORK_PACKET_FLUSH_SAMPLE_TICKS	0
LIST_EXNEXT_400_ENTRIES_FIRST_PASS_WORK_PACKET_OTHER_CALLS	404
LIST_EXNEXT_400_ENTRIES_FIRST_PASS_WORK_PACKET_OTHER_SAMPLES	404
LIST_EXNEXT_400_ENTRIES_FIRST_PASS_WORK_PACKET_OTHER_SAMPLE_TICKS	41954
LIST_EXNEXT_400_ENTRIES_FIRST_PASS_WORK_CORE_CREATE_CALLS	0
LIST_EXNEXT_400_ENTRIES_FIRST_PASS_WORK_CORE_CREATE_SAMPLES	0
LIST_EXNEXT_400_ENTRIES_FIRST_PASS_WORK_CORE_CREATE_SAMPLE_TICKS	0
LIST_EXNEXT_400_ENTRIES_FIRST_PASS_WORK_CORE_DELETE_CALLS	0
LIST_EXNEXT_400_ENTRIES_FIRST_PASS_WORK_CORE_DELETE_SAMPLES	0
LIST_EXNEXT_400_ENTRIES_FIRST_PASS_WORK_CORE_DELETE_SAMPLE_TICKS	0
LIST_EXNEXT_400_ENTRIES_FIRST_PASS_WORK_CORE_FILE_WRITE_CALLS	0
LIST_EXNEXT_400_ENTRIES_FIRST_PASS_WORK_CORE_FILE_WRITE_SAMPLES	0
LIST_EXNEXT_400_ENTRIES_FIRST_PASS_WORK_CORE_FILE_WRITE_SAMPLE_TICKS	0
LIST_EXNEXT_400_ENTRIES_FIRST_PASS_WORK_CORE_SYNC_CALLS	0
LIST_EXNEXT_400_ENTRIES_FIRST_PASS_WORK_CORE_SYNC_SAMPLES	0
LIST_EXNEXT_400_ENTRIES_FIRST_PASS_WORK_CORE_SYNC_SAMPLE_TICKS	0
LIST_EXNEXT_400_ENTRIES_FIRST_PASS_WORK_IFACE_FREE_CALLS	0
LIST_EXNEXT_400_ENTRIES_FIRST_PASS_WORK_IFACE_FREE_SAMPLES	0
LIST_EXNEXT_400_ENTRIES_FIRST_PASS_WORK_IFACE_FREE_SAMPLE_TICKS	0
LIST_EXNEXT_400_ENTRIES_FIRST_PASS_WORK_SEAL_COMMIT_CALLS	0
LIST_EXNEXT_400_ENTRIES_FIRST_PASS_WORK_SEAL_COMMIT_SAMPLES	0
LIST_EXNEXT_400_ENTRIES_FIRST_PASS_WORK_SEAL_COMMIT_SAMPLE_TICKS	0
LIST_EXNEXT_400_ENTRIES_FIRST_PASS_WORK_INODE_READ_CALLS	401
LIST_EXNEXT_400_ENTRIES_FIRST_PASS_WORK_BTREE_SEARCH_CALLS	402
LIST_EXNEXT_400_ENTRIES_FIRST_PASS_WORK_BTREE_INDEX_HINT_HITS	0
LIST_EXNEXT_400_ENTRIES_FIRST_PASS_WORK_BTREE_LEAF_HINT_HITS	382
LIST_EXNEXT_400_ENTRIES_FIRST_PASS_WORK_CACHE_READ_CALLS	65
LIST_EXNEXT_400_ENTRIES_FIRST_PASS_WORK_CACHE_READ_HITS	0
LIST_EXNEXT_400_ENTRIES_FIRST_PASS_WORK_CACHE_READ_MISSES	65
LIST_EXNEXT_400_ENTRIES_FIRST_PASS_WORK_FREE_TREE_NODE_VIEWS	0
LIST_EXNEXT_400_ENTRIES_FIRST_PASS_WORK_FREE_TREE_RESIDENT_VIEWS	0
LIST_EXNEXT_400_ENTRIES_FIRST_PASS_WORK_DIR_TREE_NODE_VIEWS	264
LIST_EXNEXT_400_ENTRIES_FIRST_PASS_WORK_DIR_TREE_RESIDENT_VIEWS	219
LIST_EXNEXT_400_ENTRIES_FIRST_PASS_WORK_INODE_TREE_NODE_VIEWS	40
LIST_EXNEXT_400_ENTRIES_FIRST_PASS_WORK_INODE_TREE_RESIDENT_VIEWS	20
LIST_EXNEXT_400_ENTRIES_FIRST_PASS_WORK_REFCOUNT_TREE_NODE_VIEWS	0
LIST_EXNEXT_400_ENTRIES_FIRST_PASS_WORK_REFCOUNT_TREE_RESIDENT_VIEWS	0
LIST_EXNEXT_400_ENTRIES_FIRST_PASS_WORK_OTHER_TREE_NODE_VIEWS	0
LIST_EXNEXT_400_ENTRIES_FIRST_PASS_WORK_OTHER_TREE_RESIDENT_VIEWS	0
LIST_EXNEXT_400_ENTRIES_FIRST_PASS_VOLUME_FLUSH_BIO_READS	0
LIST_EXNEXT_400_ENTRIES_FIRST_PASS_VOLUME_FLUSH_BIO_WRITES	0
LIST_EXNEXT_400_ENTRIES_FIRST_PASS_VOLUME_FLUSH_BIO_UPDATES	0
LIST_EXNEXT_400_ENTRIES_FIRST_PASS_VOLUME_FLUSH_DATA_READS	0
LIST_EXNEXT_400_ENTRIES_FIRST_PASS_VOLUME_FLUSH_DATA_WRITES	0
LIST_EXNEXT_400_ENTRIES_FIRST_PASS_VOLUME_FLUSH_NODE_WRITES	0
LIST_EXNEXT_400_ENTRIES_FIRST_PASS_VOLUME_FLUSH_TXN_COMMITS	0
LIST_EXNEXT_400_ENTRIES_FIRST_PASS_VOLUME_FLUSH_EXTENT_MAPS	0
LIST_EXNEXT_400_ENTRIES_FIRST_PASS_VOLUME_FLUSH_READ_TICKS	0
LIST_EXNEXT_400_ENTRIES_FIRST_PASS_VOLUME_FLUSH_WRITE_TICKS	0
LIST_EXNEXT_400_ENTRIES_FIRST_PASS_VOLUME_FLUSH_UPDATE_TICKS	0
LIST_EXNEXT_400_ENTRIES_FIRST_PASS_VOLUME_FLUSH_DATA_READ_TICKS	0
LIST_EXNEXT_400_ENTRIES_FIRST_PASS_VOLUME_FLUSH_DATA_WRITE_TICKS	0
LIST_EXNEXT_400_ENTRIES_FIRST_PASS_VOLUME_FLUSH_NODE_CRC_READ_CALLS	0
LIST_EXNEXT_400_ENTRIES_FIRST_PASS_VOLUME_FLUSH_NODE_CRC_READ_SAMPLES	0
LIST_EXNEXT_400_ENTRIES_FIRST_PASS_VOLUME_FLUSH_NODE_CRC_READ_SAMPLE_TICKS	0
LIST_EXNEXT_400_ENTRIES_FIRST_PASS_VOLUME_FLUSH_NODE_CRC_WRITE_CALLS	0
LIST_EXNEXT_400_ENTRIES_FIRST_PASS_VOLUME_FLUSH_NODE_CRC_WRITE_SAMPLES	0
LIST_EXNEXT_400_ENTRIES_FIRST_PASS_VOLUME_FLUSH_NODE_CRC_WRITE_SAMPLE_TICKS	0
LIST_EXNEXT_400_ENTRIES_FIRST_PASS_VOLUME_FLUSH_CLOCK_PAIR_TICKS	0
LIST_EXNEXT_400_ENTRIES_FIRST_PASS_VOLUME_FLUSH_PACKET_CALLS	0
LIST_EXNEXT_400_ENTRIES_FIRST_PASS_VOLUME_FLUSH_PACKET_SAMPLES	0
LIST_EXNEXT_400_ENTRIES_FIRST_PASS_VOLUME_FLUSH_PACKET_SAMPLE_TICKS	0
LIST_EXNEXT_400_ENTRIES_FIRST_PASS_VOLUME_FLUSH_PACKET_OPEN_CALLS	0
LIST_EXNEXT_400_ENTRIES_FIRST_PASS_VOLUME_FLUSH_PACKET_OPEN_SAMPLES	0
LIST_EXNEXT_400_ENTRIES_FIRST_PASS_VOLUME_FLUSH_PACKET_OPEN_SAMPLE_TICKS	0
LIST_EXNEXT_400_ENTRIES_FIRST_PASS_VOLUME_FLUSH_PACKET_READ_CALLS	0
LIST_EXNEXT_400_ENTRIES_FIRST_PASS_VOLUME_FLUSH_PACKET_READ_SAMPLES	0
LIST_EXNEXT_400_ENTRIES_FIRST_PASS_VOLUME_FLUSH_PACKET_READ_SAMPLE_TICKS	0
LIST_EXNEXT_400_ENTRIES_FIRST_PASS_VOLUME_FLUSH_PACKET_WRITE_CALLS	0
LIST_EXNEXT_400_ENTRIES_FIRST_PASS_VOLUME_FLUSH_PACKET_WRITE_SAMPLES	0
LIST_EXNEXT_400_ENTRIES_FIRST_PASS_VOLUME_FLUSH_PACKET_WRITE_SAMPLE_TICKS	0
LIST_EXNEXT_400_ENTRIES_FIRST_PASS_VOLUME_FLUSH_PACKET_END_CALLS	0
LIST_EXNEXT_400_ENTRIES_FIRST_PASS_VOLUME_FLUSH_PACKET_END_SAMPLES	0
LIST_EXNEXT_400_ENTRIES_FIRST_PASS_VOLUME_FLUSH_PACKET_END_SAMPLE_TICKS	0
LIST_EXNEXT_400_ENTRIES_FIRST_PASS_VOLUME_FLUSH_PACKET_DELETE_CALLS	0
LIST_EXNEXT_400_ENTRIES_FIRST_PASS_VOLUME_FLUSH_PACKET_DELETE_SAMPLES	0
LIST_EXNEXT_400_ENTRIES_FIRST_PASS_VOLUME_FLUSH_PACKET_DELETE_SAMPLE_TICKS	0
LIST_EXNEXT_400_ENTRIES_FIRST_PASS_VOLUME_FLUSH_PACKET_FLUSH_CALLS	0
LIST_EXNEXT_400_ENTRIES_FIRST_PASS_VOLUME_FLUSH_PACKET_FLUSH_SAMPLES	0
LIST_EXNEXT_400_ENTRIES_FIRST_PASS_VOLUME_FLUSH_PACKET_FLUSH_SAMPLE_TICKS	0
LIST_EXNEXT_400_ENTRIES_FIRST_PASS_VOLUME_FLUSH_PACKET_OTHER_CALLS	0
LIST_EXNEXT_400_ENTRIES_FIRST_PASS_VOLUME_FLUSH_PACKET_OTHER_SAMPLES	0
LIST_EXNEXT_400_ENTRIES_FIRST_PASS_VOLUME_FLUSH_PACKET_OTHER_SAMPLE_TICKS	0
LIST_EXNEXT_400_ENTRIES_FIRST_PASS_VOLUME_FLUSH_CORE_CREATE_CALLS	0
LIST_EXNEXT_400_ENTRIES_FIRST_PASS_VOLUME_FLUSH_CORE_CREATE_SAMPLES	0
LIST_EXNEXT_400_ENTRIES_FIRST_PASS_VOLUME_FLUSH_CORE_CREATE_SAMPLE_TICKS	0
LIST_EXNEXT_400_ENTRIES_FIRST_PASS_VOLUME_FLUSH_CORE_DELETE_CALLS	0
LIST_EXNEXT_400_ENTRIES_FIRST_PASS_VOLUME_FLUSH_CORE_DELETE_SAMPLES	0
LIST_EXNEXT_400_ENTRIES_FIRST_PASS_VOLUME_FLUSH_CORE_DELETE_SAMPLE_TICKS	0
LIST_EXNEXT_400_ENTRIES_FIRST_PASS_VOLUME_FLUSH_CORE_FILE_WRITE_CALLS	0
LIST_EXNEXT_400_ENTRIES_FIRST_PASS_VOLUME_FLUSH_CORE_FILE_WRITE_SAMPLES	0
LIST_EXNEXT_400_ENTRIES_FIRST_PASS_VOLUME_FLUSH_CORE_FILE_WRITE_SAMPLE_TICKS	0
LIST_EXNEXT_400_ENTRIES_FIRST_PASS_VOLUME_FLUSH_CORE_SYNC_CALLS	0
LIST_EXNEXT_400_ENTRIES_FIRST_PASS_VOLUME_FLUSH_CORE_SYNC_SAMPLES	0
LIST_EXNEXT_400_ENTRIES_FIRST_PASS_VOLUME_FLUSH_CORE_SYNC_SAMPLE_TICKS	0
LIST_EXNEXT_400_ENTRIES_FIRST_PASS_VOLUME_FLUSH_IFACE_FREE_CALLS	0
LIST_EXNEXT_400_ENTRIES_FIRST_PASS_VOLUME_FLUSH_IFACE_FREE_SAMPLES	0
LIST_EXNEXT_400_ENTRIES_FIRST_PASS_VOLUME_FLUSH_IFACE_FREE_SAMPLE_TICKS	0
LIST_EXNEXT_400_ENTRIES_FIRST_PASS_VOLUME_FLUSH_SEAL_COMMIT_CALLS	0
LIST_EXNEXT_400_ENTRIES_FIRST_PASS_VOLUME_FLUSH_SEAL_COMMIT_SAMPLES	0
LIST_EXNEXT_400_ENTRIES_FIRST_PASS_VOLUME_FLUSH_SEAL_COMMIT_SAMPLE_TICKS	0
LIST_EXNEXT_400_ENTRIES_FIRST_PASS_VOLUME_FLUSH_INODE_READ_CALLS	0
LIST_EXNEXT_400_ENTRIES_FIRST_PASS_VOLUME_FLUSH_BTREE_SEARCH_CALLS	0
LIST_EXNEXT_400_ENTRIES_FIRST_PASS_VOLUME_FLUSH_BTREE_INDEX_HINT_HITS	0
LIST_EXNEXT_400_ENTRIES_FIRST_PASS_VOLUME_FLUSH_BTREE_LEAF_HINT_HITS	0
LIST_EXNEXT_400_ENTRIES_FIRST_PASS_VOLUME_FLUSH_CACHE_READ_CALLS	0
LIST_EXNEXT_400_ENTRIES_FIRST_PASS_VOLUME_FLUSH_CACHE_READ_HITS	0
LIST_EXNEXT_400_ENTRIES_FIRST_PASS_VOLUME_FLUSH_CACHE_READ_MISSES	0
LIST_EXNEXT_400_ENTRIES_FIRST_PASS_VOLUME_FLUSH_FREE_TREE_NODE_VIEWS	0
LIST_EXNEXT_400_ENTRIES_FIRST_PASS_VOLUME_FLUSH_FREE_TREE_RESIDENT_VIEWS	0
LIST_EXNEXT_400_ENTRIES_FIRST_PASS_VOLUME_FLUSH_DIR_TREE_NODE_VIEWS	0
LIST_EXNEXT_400_ENTRIES_FIRST_PASS_VOLUME_FLUSH_DIR_TREE_RESIDENT_VIEWS	0
LIST_EXNEXT_400_ENTRIES_FIRST_PASS_VOLUME_FLUSH_INODE_TREE_NODE_VIEWS	0
LIST_EXNEXT_400_ENTRIES_FIRST_PASS_VOLUME_FLUSH_INODE_TREE_RESIDENT_VIEWS	0
LIST_EXNEXT_400_ENTRIES_FIRST_PASS_VOLUME_FLUSH_REFCOUNT_TREE_NODE_VIEWS	0
LIST_EXNEXT_400_ENTRIES_FIRST_PASS_VOLUME_FLUSH_REFCOUNT_TREE_RESIDENT_VIEWS	0
LIST_EXNEXT_400_ENTRIES_FIRST_PASS_VOLUME_FLUSH_OTHER_TREE_NODE_VIEWS	0
LIST_EXNEXT_400_ENTRIES_FIRST_PASS_VOLUME_FLUSH_OTHER_TREE_RESIDENT_VIEWS	0
LIST_EXNEXT_400_ENTRIES_REPEAT10_TOTAL_US	718268
LIST_EXNEXT_400_ENTRIES_REPEAT10_TOTAL_WORK_US	718268
LIST_EXNEXT_400_ENTRIES_REPEAT10_TOTAL_VOLUME_FLUSH_US	0
LIST_EXNEXT_400_ENTRIES_REPEAT10_TOTAL_HAS_VOLUME_FLUSH	0
LIST_EXNEXT_400_ENTRIES_REPEAT10_TOTAL_GUEST_OPEN_CALLS	0
LIST_EXNEXT_400_ENTRIES_REPEAT10_TOTAL_GUEST_OPEN_US	0
LIST_EXNEXT_400_ENTRIES_REPEAT10_TOTAL_GUEST_READ_CALLS	0
LIST_EXNEXT_400_ENTRIES_REPEAT10_TOTAL_GUEST_READ_US	0
LIST_EXNEXT_400_ENTRIES_REPEAT10_TOTAL_GUEST_WRITE_CALLS	0
LIST_EXNEXT_400_ENTRIES_REPEAT10_TOTAL_GUEST_WRITE_US	0
LIST_EXNEXT_400_ENTRIES_REPEAT10_TOTAL_GUEST_HANDLE_FLUSH_CALLS	0
LIST_EXNEXT_400_ENTRIES_REPEAT10_TOTAL_GUEST_HANDLE_FLUSH_US	0
LIST_EXNEXT_400_ENTRIES_REPEAT10_TOTAL_GUEST_CLOSE_CALLS	0
LIST_EXNEXT_400_ENTRIES_REPEAT10_TOTAL_GUEST_CLOSE_US	0
LIST_EXNEXT_400_ENTRIES_REPEAT10_TOTAL_GUEST_VERIFY_CALLS	0
LIST_EXNEXT_400_ENTRIES_REPEAT10_TOTAL_GUEST_VERIFY_US	0
LIST_EXNEXT_400_ENTRIES_REPEAT10_TOTAL_WORK_BIO_READS	680
LIST_EXNEXT_400_ENTRIES_REPEAT10_TOTAL_WORK_BIO_WRITES	0
LIST_EXNEXT_400_ENTRIES_REPEAT10_TOTAL_WORK_BIO_UPDATES	0
LIST_EXNEXT_400_ENTRIES_REPEAT10_TOTAL_WORK_DATA_READS	0
LIST_EXNEXT_400_ENTRIES_REPEAT10_TOTAL_WORK_DATA_WRITES	0
LIST_EXNEXT_400_ENTRIES_REPEAT10_TOTAL_WORK_NODE_WRITES	0
LIST_EXNEXT_400_ENTRIES_REPEAT10_TOTAL_WORK_TXN_COMMITS	0
LIST_EXNEXT_400_ENTRIES_REPEAT10_TOTAL_WORK_EXTENT_MAPS	0
LIST_EXNEXT_400_ENTRIES_REPEAT10_TOTAL_WORK_READ_TICKS	44479
LIST_EXNEXT_400_ENTRIES_REPEAT10_TOTAL_WORK_WRITE_TICKS	0
LIST_EXNEXT_400_ENTRIES_REPEAT10_TOTAL_WORK_UPDATE_TICKS	0
LIST_EXNEXT_400_ENTRIES_REPEAT10_TOTAL_WORK_DATA_READ_TICKS	0
LIST_EXNEXT_400_ENTRIES_REPEAT10_TOTAL_WORK_DATA_WRITE_TICKS	0
LIST_EXNEXT_400_ENTRIES_REPEAT10_TOTAL_WORK_NODE_CRC_READ_CALLS	680
LIST_EXNEXT_400_ENTRIES_REPEAT10_TOTAL_WORK_NODE_CRC_READ_SAMPLES	680
LIST_EXNEXT_400_ENTRIES_REPEAT10_TOTAL_WORK_NODE_CRC_READ_SAMPLE_TICKS	100356
LIST_EXNEXT_400_ENTRIES_REPEAT10_TOTAL_WORK_NODE_CRC_WRITE_CALLS	0
LIST_EXNEXT_400_ENTRIES_REPEAT10_TOTAL_WORK_NODE_CRC_WRITE_SAMPLES	0
LIST_EXNEXT_400_ENTRIES_REPEAT10_TOTAL_WORK_NODE_CRC_WRITE_SAMPLE_TICKS	0
LIST_EXNEXT_400_ENTRIES_REPEAT10_TOTAL_WORK_CLOCK_PAIR_TICKS	0
LIST_EXNEXT_400_ENTRIES_REPEAT10_TOTAL_WORK_PACKET_CALLS	4022
LIST_EXNEXT_400_ENTRIES_REPEAT10_TOTAL_WORK_PACKET_SAMPLES	4022
LIST_EXNEXT_400_ENTRIES_REPEAT10_TOTAL_WORK_PACKET_SAMPLE_TICKS	429291
LIST_EXNEXT_400_ENTRIES_REPEAT10_TOTAL_WORK_PACKET_OPEN_CALLS	0
LIST_EXNEXT_400_ENTRIES_REPEAT10_TOTAL_WORK_PACKET_OPEN_SAMPLES	0
LIST_EXNEXT_400_ENTRIES_REPEAT10_TOTAL_WORK_PACKET_OPEN_SAMPLE_TICKS	0
LIST_EXNEXT_400_ENTRIES_REPEAT10_TOTAL_WORK_PACKET_READ_CALLS	0
LIST_EXNEXT_400_ENTRIES_REPEAT10_TOTAL_WORK_PACKET_READ_SAMPLES	0
LIST_EXNEXT_400_ENTRIES_REPEAT10_TOTAL_WORK_PACKET_READ_SAMPLE_TICKS	0
LIST_EXNEXT_400_ENTRIES_REPEAT10_TOTAL_WORK_PACKET_WRITE_CALLS	0
LIST_EXNEXT_400_ENTRIES_REPEAT10_TOTAL_WORK_PACKET_WRITE_SAMPLES	0
LIST_EXNEXT_400_ENTRIES_REPEAT10_TOTAL_WORK_PACKET_WRITE_SAMPLE_TICKS	0
LIST_EXNEXT_400_ENTRIES_REPEAT10_TOTAL_WORK_PACKET_END_CALLS	0
LIST_EXNEXT_400_ENTRIES_REPEAT10_TOTAL_WORK_PACKET_END_SAMPLES	0
LIST_EXNEXT_400_ENTRIES_REPEAT10_TOTAL_WORK_PACKET_END_SAMPLE_TICKS	0
LIST_EXNEXT_400_ENTRIES_REPEAT10_TOTAL_WORK_PACKET_DELETE_CALLS	0
LIST_EXNEXT_400_ENTRIES_REPEAT10_TOTAL_WORK_PACKET_DELETE_SAMPLES	0
LIST_EXNEXT_400_ENTRIES_REPEAT10_TOTAL_WORK_PACKET_DELETE_SAMPLE_TICKS	0
LIST_EXNEXT_400_ENTRIES_REPEAT10_TOTAL_WORK_PACKET_FLUSH_CALLS	0
LIST_EXNEXT_400_ENTRIES_REPEAT10_TOTAL_WORK_PACKET_FLUSH_SAMPLES	0
LIST_EXNEXT_400_ENTRIES_REPEAT10_TOTAL_WORK_PACKET_FLUSH_SAMPLE_TICKS	0
LIST_EXNEXT_400_ENTRIES_REPEAT10_TOTAL_WORK_PACKET_OTHER_CALLS	4022
LIST_EXNEXT_400_ENTRIES_REPEAT10_TOTAL_WORK_PACKET_OTHER_SAMPLES	4022
LIST_EXNEXT_400_ENTRIES_REPEAT10_TOTAL_WORK_PACKET_OTHER_SAMPLE_TICKS	429291
LIST_EXNEXT_400_ENTRIES_REPEAT10_TOTAL_WORK_CORE_CREATE_CALLS	0
LIST_EXNEXT_400_ENTRIES_REPEAT10_TOTAL_WORK_CORE_CREATE_SAMPLES	0
LIST_EXNEXT_400_ENTRIES_REPEAT10_TOTAL_WORK_CORE_CREATE_SAMPLE_TICKS	0
LIST_EXNEXT_400_ENTRIES_REPEAT10_TOTAL_WORK_CORE_DELETE_CALLS	0
LIST_EXNEXT_400_ENTRIES_REPEAT10_TOTAL_WORK_CORE_DELETE_SAMPLES	0
LIST_EXNEXT_400_ENTRIES_REPEAT10_TOTAL_WORK_CORE_DELETE_SAMPLE_TICKS	0
LIST_EXNEXT_400_ENTRIES_REPEAT10_TOTAL_WORK_CORE_FILE_WRITE_CALLS	0
LIST_EXNEXT_400_ENTRIES_REPEAT10_TOTAL_WORK_CORE_FILE_WRITE_SAMPLES	0
LIST_EXNEXT_400_ENTRIES_REPEAT10_TOTAL_WORK_CORE_FILE_WRITE_SAMPLE_TICKS	0
LIST_EXNEXT_400_ENTRIES_REPEAT10_TOTAL_WORK_CORE_SYNC_CALLS	0
LIST_EXNEXT_400_ENTRIES_REPEAT10_TOTAL_WORK_CORE_SYNC_SAMPLES	0
LIST_EXNEXT_400_ENTRIES_REPEAT10_TOTAL_WORK_CORE_SYNC_SAMPLE_TICKS	0
LIST_EXNEXT_400_ENTRIES_REPEAT10_TOTAL_WORK_IFACE_FREE_CALLS	0
LIST_EXNEXT_400_ENTRIES_REPEAT10_TOTAL_WORK_IFACE_FREE_SAMPLES	0
LIST_EXNEXT_400_ENTRIES_REPEAT10_TOTAL_WORK_IFACE_FREE_SAMPLE_TICKS	0
LIST_EXNEXT_400_ENTRIES_REPEAT10_TOTAL_WORK_SEAL_COMMIT_CALLS	0
LIST_EXNEXT_400_ENTRIES_REPEAT10_TOTAL_WORK_SEAL_COMMIT_SAMPLES	0
LIST_EXNEXT_400_ENTRIES_REPEAT10_TOTAL_WORK_SEAL_COMMIT_SAMPLE_TICKS	0
LIST_EXNEXT_400_ENTRIES_REPEAT10_TOTAL_WORK_INODE_READ_CALLS	4010
LIST_EXNEXT_400_ENTRIES_REPEAT10_TOTAL_WORK_BTREE_SEARCH_CALLS	4011
LIST_EXNEXT_400_ENTRIES_REPEAT10_TOTAL_WORK_BTREE_INDEX_HINT_HITS	0
LIST_EXNEXT_400_ENTRIES_REPEAT10_TOTAL_WORK_BTREE_LEAF_HINT_HITS	3830
LIST_EXNEXT_400_ENTRIES_REPEAT10_TOTAL_WORK_CACHE_READ_CALLS	680
LIST_EXNEXT_400_ENTRIES_REPEAT10_TOTAL_WORK_CACHE_READ_HITS	0
LIST_EXNEXT_400_ENTRIES_REPEAT10_TOTAL_WORK_CACHE_READ_MISSES	680
LIST_EXNEXT_400_ENTRIES_REPEAT10_TOTAL_WORK_FREE_TREE_NODE_VIEWS	0
LIST_EXNEXT_400_ENTRIES_REPEAT10_TOTAL_WORK_FREE_TREE_RESIDENT_VIEWS	0
LIST_EXNEXT_400_ENTRIES_REPEAT10_TOTAL_WORK_DIR_TREE_NODE_VIEWS	2644
LIST_EXNEXT_400_ENTRIES_REPEAT10_TOTAL_WORK_DIR_TREE_RESIDENT_VIEWS	2144
LIST_EXNEXT_400_ENTRIES_REPEAT10_TOTAL_WORK_INODE_TREE_NODE_VIEWS	360
LIST_EXNEXT_400_ENTRIES_REPEAT10_TOTAL_WORK_INODE_TREE_RESIDENT_VIEWS	180
LIST_EXNEXT_400_ENTRIES_REPEAT10_TOTAL_WORK_REFCOUNT_TREE_NODE_VIEWS	0
LIST_EXNEXT_400_ENTRIES_REPEAT10_TOTAL_WORK_REFCOUNT_TREE_RESIDENT_VIEWS	0
LIST_EXNEXT_400_ENTRIES_REPEAT10_TOTAL_WORK_OTHER_TREE_NODE_VIEWS	0
LIST_EXNEXT_400_ENTRIES_REPEAT10_TOTAL_WORK_OTHER_TREE_RESIDENT_VIEWS	0
LIST_EXNEXT_400_ENTRIES_REPEAT10_TOTAL_VOLUME_FLUSH_BIO_READS	0
LIST_EXNEXT_400_ENTRIES_REPEAT10_TOTAL_VOLUME_FLUSH_BIO_WRITES	0
LIST_EXNEXT_400_ENTRIES_REPEAT10_TOTAL_VOLUME_FLUSH_BIO_UPDATES	0
LIST_EXNEXT_400_ENTRIES_REPEAT10_TOTAL_VOLUME_FLUSH_DATA_READS	0
LIST_EXNEXT_400_ENTRIES_REPEAT10_TOTAL_VOLUME_FLUSH_DATA_WRITES	0
LIST_EXNEXT_400_ENTRIES_REPEAT10_TOTAL_VOLUME_FLUSH_NODE_WRITES	0
LIST_EXNEXT_400_ENTRIES_REPEAT10_TOTAL_VOLUME_FLUSH_TXN_COMMITS	0
LIST_EXNEXT_400_ENTRIES_REPEAT10_TOTAL_VOLUME_FLUSH_EXTENT_MAPS	0
LIST_EXNEXT_400_ENTRIES_REPEAT10_TOTAL_VOLUME_FLUSH_READ_TICKS	0
LIST_EXNEXT_400_ENTRIES_REPEAT10_TOTAL_VOLUME_FLUSH_WRITE_TICKS	0
LIST_EXNEXT_400_ENTRIES_REPEAT10_TOTAL_VOLUME_FLUSH_UPDATE_TICKS	0
LIST_EXNEXT_400_ENTRIES_REPEAT10_TOTAL_VOLUME_FLUSH_DATA_READ_TICKS	0
LIST_EXNEXT_400_ENTRIES_REPEAT10_TOTAL_VOLUME_FLUSH_DATA_WRITE_TICKS	0
LIST_EXNEXT_400_ENTRIES_REPEAT10_TOTAL_VOLUME_FLUSH_NODE_CRC_READ_CALLS	0
LIST_EXNEXT_400_ENTRIES_REPEAT10_TOTAL_VOLUME_FLUSH_NODE_CRC_READ_SAMPLES	0
LIST_EXNEXT_400_ENTRIES_REPEAT10_TOTAL_VOLUME_FLUSH_NODE_CRC_READ_SAMPLE_TICKS	0
LIST_EXNEXT_400_ENTRIES_REPEAT10_TOTAL_VOLUME_FLUSH_NODE_CRC_WRITE_CALLS	0
LIST_EXNEXT_400_ENTRIES_REPEAT10_TOTAL_VOLUME_FLUSH_NODE_CRC_WRITE_SAMPLES	0
LIST_EXNEXT_400_ENTRIES_REPEAT10_TOTAL_VOLUME_FLUSH_NODE_CRC_WRITE_SAMPLE_TICKS	0
LIST_EXNEXT_400_ENTRIES_REPEAT10_TOTAL_VOLUME_FLUSH_CLOCK_PAIR_TICKS	0
LIST_EXNEXT_400_ENTRIES_REPEAT10_TOTAL_VOLUME_FLUSH_PACKET_CALLS	0
LIST_EXNEXT_400_ENTRIES_REPEAT10_TOTAL_VOLUME_FLUSH_PACKET_SAMPLES	0
LIST_EXNEXT_400_ENTRIES_REPEAT10_TOTAL_VOLUME_FLUSH_PACKET_SAMPLE_TICKS	0
LIST_EXNEXT_400_ENTRIES_REPEAT10_TOTAL_VOLUME_FLUSH_PACKET_OPEN_CALLS	0
LIST_EXNEXT_400_ENTRIES_REPEAT10_TOTAL_VOLUME_FLUSH_PACKET_OPEN_SAMPLES	0
LIST_EXNEXT_400_ENTRIES_REPEAT10_TOTAL_VOLUME_FLUSH_PACKET_OPEN_SAMPLE_TICKS	0
LIST_EXNEXT_400_ENTRIES_REPEAT10_TOTAL_VOLUME_FLUSH_PACKET_READ_CALLS	0
LIST_EXNEXT_400_ENTRIES_REPEAT10_TOTAL_VOLUME_FLUSH_PACKET_READ_SAMPLES	0
LIST_EXNEXT_400_ENTRIES_REPEAT10_TOTAL_VOLUME_FLUSH_PACKET_READ_SAMPLE_TICKS	0
LIST_EXNEXT_400_ENTRIES_REPEAT10_TOTAL_VOLUME_FLUSH_PACKET_WRITE_CALLS	0
LIST_EXNEXT_400_ENTRIES_REPEAT10_TOTAL_VOLUME_FLUSH_PACKET_WRITE_SAMPLES	0
LIST_EXNEXT_400_ENTRIES_REPEAT10_TOTAL_VOLUME_FLUSH_PACKET_WRITE_SAMPLE_TICKS	0
LIST_EXNEXT_400_ENTRIES_REPEAT10_TOTAL_VOLUME_FLUSH_PACKET_END_CALLS	0
LIST_EXNEXT_400_ENTRIES_REPEAT10_TOTAL_VOLUME_FLUSH_PACKET_END_SAMPLES	0
LIST_EXNEXT_400_ENTRIES_REPEAT10_TOTAL_VOLUME_FLUSH_PACKET_END_SAMPLE_TICKS	0
LIST_EXNEXT_400_ENTRIES_REPEAT10_TOTAL_VOLUME_FLUSH_PACKET_DELETE_CALLS	0
LIST_EXNEXT_400_ENTRIES_REPEAT10_TOTAL_VOLUME_FLUSH_PACKET_DELETE_SAMPLES	0
LIST_EXNEXT_400_ENTRIES_REPEAT10_TOTAL_VOLUME_FLUSH_PACKET_DELETE_SAMPLE_TICKS	0
LIST_EXNEXT_400_ENTRIES_REPEAT10_TOTAL_VOLUME_FLUSH_PACKET_FLUSH_CALLS	0
LIST_EXNEXT_400_ENTRIES_REPEAT10_TOTAL_VOLUME_FLUSH_PACKET_FLUSH_SAMPLES	0
LIST_EXNEXT_400_ENTRIES_REPEAT10_TOTAL_VOLUME_FLUSH_PACKET_FLUSH_SAMPLE_TICKS	0
LIST_EXNEXT_400_ENTRIES_REPEAT10_TOTAL_VOLUME_FLUSH_PACKET_OTHER_CALLS	0
LIST_EXNEXT_400_ENTRIES_REPEAT10_TOTAL_VOLUME_FLUSH_PACKET_OTHER_SAMPLES	0
LIST_EXNEXT_400_ENTRIES_REPEAT10_TOTAL_VOLUME_FLUSH_PACKET_OTHER_SAMPLE_TICKS	0
LIST_EXNEXT_400_ENTRIES_REPEAT10_TOTAL_VOLUME_FLUSH_CORE_CREATE_CALLS	0
LIST_EXNEXT_400_ENTRIES_REPEAT10_TOTAL_VOLUME_FLUSH_CORE_CREATE_SAMPLES	0
LIST_EXNEXT_400_ENTRIES_REPEAT10_TOTAL_VOLUME_FLUSH_CORE_CREATE_SAMPLE_TICKS	0
LIST_EXNEXT_400_ENTRIES_REPEAT10_TOTAL_VOLUME_FLUSH_CORE_DELETE_CALLS	0
LIST_EXNEXT_400_ENTRIES_REPEAT10_TOTAL_VOLUME_FLUSH_CORE_DELETE_SAMPLES	0
LIST_EXNEXT_400_ENTRIES_REPEAT10_TOTAL_VOLUME_FLUSH_CORE_DELETE_SAMPLE_TICKS	0
LIST_EXNEXT_400_ENTRIES_REPEAT10_TOTAL_VOLUME_FLUSH_CORE_FILE_WRITE_CALLS	0
LIST_EXNEXT_400_ENTRIES_REPEAT10_TOTAL_VOLUME_FLUSH_CORE_FILE_WRITE_SAMPLES	0
LIST_EXNEXT_400_ENTRIES_REPEAT10_TOTAL_VOLUME_FLUSH_CORE_FILE_WRITE_SAMPLE_TICKS	0
LIST_EXNEXT_400_ENTRIES_REPEAT10_TOTAL_VOLUME_FLUSH_CORE_SYNC_CALLS	0
LIST_EXNEXT_400_ENTRIES_REPEAT10_TOTAL_VOLUME_FLUSH_CORE_SYNC_SAMPLES	0
LIST_EXNEXT_400_ENTRIES_REPEAT10_TOTAL_VOLUME_FLUSH_CORE_SYNC_SAMPLE_TICKS	0
LIST_EXNEXT_400_ENTRIES_REPEAT10_TOTAL_VOLUME_FLUSH_IFACE_FREE_CALLS	0
LIST_EXNEXT_400_ENTRIES_REPEAT10_TOTAL_VOLUME_FLUSH_IFACE_FREE_SAMPLES	0
LIST_EXNEXT_400_ENTRIES_REPEAT10_TOTAL_VOLUME_FLUSH_IFACE_FREE_SAMPLE_TICKS	0
LIST_EXNEXT_400_ENTRIES_REPEAT10_TOTAL_VOLUME_FLUSH_SEAL_COMMIT_CALLS	0
LIST_EXNEXT_400_ENTRIES_REPEAT10_TOTAL_VOLUME_FLUSH_SEAL_COMMIT_SAMPLES	0
LIST_EXNEXT_400_ENTRIES_REPEAT10_TOTAL_VOLUME_FLUSH_SEAL_COMMIT_SAMPLE_TICKS	0
LIST_EXNEXT_400_ENTRIES_REPEAT10_TOTAL_VOLUME_FLUSH_INODE_READ_CALLS	0
LIST_EXNEXT_400_ENTRIES_REPEAT10_TOTAL_VOLUME_FLUSH_BTREE_SEARCH_CALLS	0
LIST_EXNEXT_400_ENTRIES_REPEAT10_TOTAL_VOLUME_FLUSH_BTREE_INDEX_HINT_HITS	0
LIST_EXNEXT_400_ENTRIES_REPEAT10_TOTAL_VOLUME_FLUSH_BTREE_LEAF_HINT_HITS	0
LIST_EXNEXT_400_ENTRIES_REPEAT10_TOTAL_VOLUME_FLUSH_CACHE_READ_CALLS	0
LIST_EXNEXT_400_ENTRIES_REPEAT10_TOTAL_VOLUME_FLUSH_CACHE_READ_HITS	0
LIST_EXNEXT_400_ENTRIES_REPEAT10_TOTAL_VOLUME_FLUSH_CACHE_READ_MISSES	0
LIST_EXNEXT_400_ENTRIES_REPEAT10_TOTAL_VOLUME_FLUSH_FREE_TREE_NODE_VIEWS	0
LIST_EXNEXT_400_ENTRIES_REPEAT10_TOTAL_VOLUME_FLUSH_FREE_TREE_RESIDENT_VIEWS	0
LIST_EXNEXT_400_ENTRIES_REPEAT10_TOTAL_VOLUME_FLUSH_DIR_TREE_NODE_VIEWS	0
LIST_EXNEXT_400_ENTRIES_REPEAT10_TOTAL_VOLUME_FLUSH_DIR_TREE_RESIDENT_VIEWS	0
LIST_EXNEXT_400_ENTRIES_REPEAT10_TOTAL_VOLUME_FLUSH_INODE_TREE_NODE_VIEWS	0
LIST_EXNEXT_400_ENTRIES_REPEAT10_TOTAL_VOLUME_FLUSH_INODE_TREE_RESIDENT_VIEWS	0
LIST_EXNEXT_400_ENTRIES_REPEAT10_TOTAL_VOLUME_FLUSH_REFCOUNT_TREE_NODE_VIEWS	0
LIST_EXNEXT_400_ENTRIES_REPEAT10_TOTAL_VOLUME_FLUSH_REFCOUNT_TREE_RESIDENT_VIEWS	0
LIST_EXNEXT_400_ENTRIES_REPEAT10_TOTAL_VOLUME_FLUSH_OTHER_TREE_NODE_VIEWS	0
LIST_EXNEXT_400_ENTRIES_REPEAT10_TOTAL_VOLUME_FLUSH_OTHER_TREE_RESIDENT_VIEWS	0
LIST_EXALL_400_ENTRIES_FIRST_PASS_US	40064
LIST_EXALL_400_ENTRIES_FIRST_PASS_WORK_US	40064
LIST_EXALL_400_ENTRIES_FIRST_PASS_VOLUME_FLUSH_US	0
LIST_EXALL_400_ENTRIES_FIRST_PASS_HAS_VOLUME_FLUSH	0
LIST_EXALL_400_ENTRIES_FIRST_PASS_GUEST_OPEN_CALLS	0
LIST_EXALL_400_ENTRIES_FIRST_PASS_GUEST_OPEN_US	0
LIST_EXALL_400_ENTRIES_FIRST_PASS_GUEST_READ_CALLS	0
LIST_EXALL_400_ENTRIES_FIRST_PASS_GUEST_READ_US	0
LIST_EXALL_400_ENTRIES_FIRST_PASS_GUEST_WRITE_CALLS	0
LIST_EXALL_400_ENTRIES_FIRST_PASS_GUEST_WRITE_US	0
LIST_EXALL_400_ENTRIES_FIRST_PASS_GUEST_HANDLE_FLUSH_CALLS	0
LIST_EXALL_400_ENTRIES_FIRST_PASS_GUEST_HANDLE_FLUSH_US	0
LIST_EXALL_400_ENTRIES_FIRST_PASS_GUEST_CLOSE_CALLS	0
LIST_EXALL_400_ENTRIES_FIRST_PASS_GUEST_CLOSE_US	0
LIST_EXALL_400_ENTRIES_FIRST_PASS_GUEST_VERIFY_CALLS	0
LIST_EXALL_400_ENTRIES_FIRST_PASS_GUEST_VERIFY_US	0
LIST_EXALL_400_ENTRIES_FIRST_PASS_WORK_BIO_READS	70
LIST_EXALL_400_ENTRIES_FIRST_PASS_WORK_BIO_WRITES	0
LIST_EXALL_400_ENTRIES_FIRST_PASS_WORK_BIO_UPDATES	0
LIST_EXALL_400_ENTRIES_FIRST_PASS_WORK_DATA_READS	0
LIST_EXALL_400_ENTRIES_FIRST_PASS_WORK_DATA_WRITES	0
LIST_EXALL_400_ENTRIES_FIRST_PASS_WORK_NODE_WRITES	0
LIST_EXALL_400_ENTRIES_FIRST_PASS_WORK_TXN_COMMITS	0
LIST_EXALL_400_ENTRIES_FIRST_PASS_WORK_EXTENT_MAPS	0
LIST_EXALL_400_ENTRIES_FIRST_PASS_WORK_READ_TICKS	2697
LIST_EXALL_400_ENTRIES_FIRST_PASS_WORK_WRITE_TICKS	0
LIST_EXALL_400_ENTRIES_FIRST_PASS_WORK_UPDATE_TICKS	0
LIST_EXALL_400_ENTRIES_FIRST_PASS_WORK_DATA_READ_TICKS	0
LIST_EXALL_400_ENTRIES_FIRST_PASS_WORK_DATA_WRITE_TICKS	0
LIST_EXALL_400_ENTRIES_FIRST_PASS_WORK_NODE_CRC_READ_CALLS	70
LIST_EXALL_400_ENTRIES_FIRST_PASS_WORK_NODE_CRC_READ_SAMPLES	70
LIST_EXALL_400_ENTRIES_FIRST_PASS_WORK_NODE_CRC_READ_SAMPLE_TICKS	9448
LIST_EXALL_400_ENTRIES_FIRST_PASS_WORK_NODE_CRC_WRITE_CALLS	0
LIST_EXALL_400_ENTRIES_FIRST_PASS_WORK_NODE_CRC_WRITE_SAMPLES	0
LIST_EXALL_400_ENTRIES_FIRST_PASS_WORK_NODE_CRC_WRITE_SAMPLE_TICKS	0
LIST_EXALL_400_ENTRIES_FIRST_PASS_WORK_CLOCK_PAIR_TICKS	0
LIST_EXALL_400_ENTRIES_FIRST_PASS_WORK_PACKET_CALLS	7
LIST_EXALL_400_ENTRIES_FIRST_PASS_WORK_PACKET_SAMPLES	7
LIST_EXALL_400_ENTRIES_FIRST_PASS_WORK_PACKET_SAMPLE_TICKS	27920
LIST_EXALL_400_ENTRIES_FIRST_PASS_WORK_PACKET_OPEN_CALLS	0
LIST_EXALL_400_ENTRIES_FIRST_PASS_WORK_PACKET_OPEN_SAMPLES	0
LIST_EXALL_400_ENTRIES_FIRST_PASS_WORK_PACKET_OPEN_SAMPLE_TICKS	0
LIST_EXALL_400_ENTRIES_FIRST_PASS_WORK_PACKET_READ_CALLS	0
LIST_EXALL_400_ENTRIES_FIRST_PASS_WORK_PACKET_READ_SAMPLES	0
LIST_EXALL_400_ENTRIES_FIRST_PASS_WORK_PACKET_READ_SAMPLE_TICKS	0
LIST_EXALL_400_ENTRIES_FIRST_PASS_WORK_PACKET_WRITE_CALLS	0
LIST_EXALL_400_ENTRIES_FIRST_PASS_WORK_PACKET_WRITE_SAMPLES	0
LIST_EXALL_400_ENTRIES_FIRST_PASS_WORK_PACKET_WRITE_SAMPLE_TICKS	0
LIST_EXALL_400_ENTRIES_FIRST_PASS_WORK_PACKET_END_CALLS	0
LIST_EXALL_400_ENTRIES_FIRST_PASS_WORK_PACKET_END_SAMPLES	0
LIST_EXALL_400_ENTRIES_FIRST_PASS_WORK_PACKET_END_SAMPLE_TICKS	0
LIST_EXALL_400_ENTRIES_FIRST_PASS_WORK_PACKET_DELETE_CALLS	0
LIST_EXALL_400_ENTRIES_FIRST_PASS_WORK_PACKET_DELETE_SAMPLES	0
LIST_EXALL_400_ENTRIES_FIRST_PASS_WORK_PACKET_DELETE_SAMPLE_TICKS	0
LIST_EXALL_400_ENTRIES_FIRST_PASS_WORK_PACKET_FLUSH_CALLS	0
LIST_EXALL_400_ENTRIES_FIRST_PASS_WORK_PACKET_FLUSH_SAMPLES	0
LIST_EXALL_400_ENTRIES_FIRST_PASS_WORK_PACKET_FLUSH_SAMPLE_TICKS	0
LIST_EXALL_400_ENTRIES_FIRST_PASS_WORK_PACKET_OTHER_CALLS	7
LIST_EXALL_400_ENTRIES_FIRST_PASS_WORK_PACKET_OTHER_SAMPLES	7
LIST_EXALL_400_ENTRIES_FIRST_PASS_WORK_PACKET_OTHER_SAMPLE_TICKS	27920
LIST_EXALL_400_ENTRIES_FIRST_PASS_WORK_CORE_CREATE_CALLS	0
LIST_EXALL_400_ENTRIES_FIRST_PASS_WORK_CORE_CREATE_SAMPLES	0
LIST_EXALL_400_ENTRIES_FIRST_PASS_WORK_CORE_CREATE_SAMPLE_TICKS	0
LIST_EXALL_400_ENTRIES_FIRST_PASS_WORK_CORE_DELETE_CALLS	0
LIST_EXALL_400_ENTRIES_FIRST_PASS_WORK_CORE_DELETE_SAMPLES	0
LIST_EXALL_400_ENTRIES_FIRST_PASS_WORK_CORE_DELETE_SAMPLE_TICKS	0
LIST_EXALL_400_ENTRIES_FIRST_PASS_WORK_CORE_FILE_WRITE_CALLS	0
LIST_EXALL_400_ENTRIES_FIRST_PASS_WORK_CORE_FILE_WRITE_SAMPLES	0
LIST_EXALL_400_ENTRIES_FIRST_PASS_WORK_CORE_FILE_WRITE_SAMPLE_TICKS	0
LIST_EXALL_400_ENTRIES_FIRST_PASS_WORK_CORE_SYNC_CALLS	0
LIST_EXALL_400_ENTRIES_FIRST_PASS_WORK_CORE_SYNC_SAMPLES	0
LIST_EXALL_400_ENTRIES_FIRST_PASS_WORK_CORE_SYNC_SAMPLE_TICKS	0
LIST_EXALL_400_ENTRIES_FIRST_PASS_WORK_IFACE_FREE_CALLS	0
LIST_EXALL_400_ENTRIES_FIRST_PASS_WORK_IFACE_FREE_SAMPLES	0
LIST_EXALL_400_ENTRIES_FIRST_PASS_WORK_IFACE_FREE_SAMPLE_TICKS	0
LIST_EXALL_400_ENTRIES_FIRST_PASS_WORK_SEAL_COMMIT_CALLS	0
LIST_EXALL_400_ENTRIES_FIRST_PASS_WORK_SEAL_COMMIT_SAMPLES	0
LIST_EXALL_400_ENTRIES_FIRST_PASS_WORK_SEAL_COMMIT_SAMPLE_TICKS	0
LIST_EXALL_400_ENTRIES_FIRST_PASS_WORK_INODE_READ_CALLS	404
LIST_EXALL_400_ENTRIES_FIRST_PASS_WORK_BTREE_SEARCH_CALLS	405
LIST_EXALL_400_ENTRIES_FIRST_PASS_WORK_BTREE_INDEX_HINT_HITS	4
LIST_EXALL_400_ENTRIES_FIRST_PASS_WORK_BTREE_LEAF_HINT_HITS	380
LIST_EXALL_400_ENTRIES_FIRST_PASS_WORK_CACHE_READ_CALLS	70
LIST_EXALL_400_ENTRIES_FIRST_PASS_WORK_CACHE_READ_HITS	0
LIST_EXALL_400_ENTRIES_FIRST_PASS_WORK_CACHE_READ_MISSES	70
LIST_EXALL_400_ENTRIES_FIRST_PASS_WORK_FREE_TREE_NODE_VIEWS	0
LIST_EXALL_400_ENTRIES_FIRST_PASS_WORK_FREE_TREE_RESIDENT_VIEWS	0
LIST_EXALL_400_ENTRIES_FIRST_PASS_WORK_DIR_TREE_NODE_VIEWS	122
LIST_EXALL_400_ENTRIES_FIRST_PASS_WORK_DIR_TREE_RESIDENT_VIEWS	72
LIST_EXALL_400_ENTRIES_FIRST_PASS_WORK_INODE_TREE_NODE_VIEWS	40
LIST_EXALL_400_ENTRIES_FIRST_PASS_WORK_INODE_TREE_RESIDENT_VIEWS	20
LIST_EXALL_400_ENTRIES_FIRST_PASS_WORK_REFCOUNT_TREE_NODE_VIEWS	0
LIST_EXALL_400_ENTRIES_FIRST_PASS_WORK_REFCOUNT_TREE_RESIDENT_VIEWS	0
LIST_EXALL_400_ENTRIES_FIRST_PASS_WORK_OTHER_TREE_NODE_VIEWS	0
LIST_EXALL_400_ENTRIES_FIRST_PASS_WORK_OTHER_TREE_RESIDENT_VIEWS	0
LIST_EXALL_400_ENTRIES_FIRST_PASS_VOLUME_FLUSH_BIO_READS	0
LIST_EXALL_400_ENTRIES_FIRST_PASS_VOLUME_FLUSH_BIO_WRITES	0
LIST_EXALL_400_ENTRIES_FIRST_PASS_VOLUME_FLUSH_BIO_UPDATES	0
LIST_EXALL_400_ENTRIES_FIRST_PASS_VOLUME_FLUSH_DATA_READS	0
LIST_EXALL_400_ENTRIES_FIRST_PASS_VOLUME_FLUSH_DATA_WRITES	0
LIST_EXALL_400_ENTRIES_FIRST_PASS_VOLUME_FLUSH_NODE_WRITES	0
LIST_EXALL_400_ENTRIES_FIRST_PASS_VOLUME_FLUSH_TXN_COMMITS	0
LIST_EXALL_400_ENTRIES_FIRST_PASS_VOLUME_FLUSH_EXTENT_MAPS	0
LIST_EXALL_400_ENTRIES_FIRST_PASS_VOLUME_FLUSH_READ_TICKS	0
LIST_EXALL_400_ENTRIES_FIRST_PASS_VOLUME_FLUSH_WRITE_TICKS	0
LIST_EXALL_400_ENTRIES_FIRST_PASS_VOLUME_FLUSH_UPDATE_TICKS	0
LIST_EXALL_400_ENTRIES_FIRST_PASS_VOLUME_FLUSH_DATA_READ_TICKS	0
LIST_EXALL_400_ENTRIES_FIRST_PASS_VOLUME_FLUSH_DATA_WRITE_TICKS	0
LIST_EXALL_400_ENTRIES_FIRST_PASS_VOLUME_FLUSH_NODE_CRC_READ_CALLS	0
LIST_EXALL_400_ENTRIES_FIRST_PASS_VOLUME_FLUSH_NODE_CRC_READ_SAMPLES	0
LIST_EXALL_400_ENTRIES_FIRST_PASS_VOLUME_FLUSH_NODE_CRC_READ_SAMPLE_TICKS	0
LIST_EXALL_400_ENTRIES_FIRST_PASS_VOLUME_FLUSH_NODE_CRC_WRITE_CALLS	0
LIST_EXALL_400_ENTRIES_FIRST_PASS_VOLUME_FLUSH_NODE_CRC_WRITE_SAMPLES	0
LIST_EXALL_400_ENTRIES_FIRST_PASS_VOLUME_FLUSH_NODE_CRC_WRITE_SAMPLE_TICKS	0
LIST_EXALL_400_ENTRIES_FIRST_PASS_VOLUME_FLUSH_CLOCK_PAIR_TICKS	0
LIST_EXALL_400_ENTRIES_FIRST_PASS_VOLUME_FLUSH_PACKET_CALLS	0
LIST_EXALL_400_ENTRIES_FIRST_PASS_VOLUME_FLUSH_PACKET_SAMPLES	0
LIST_EXALL_400_ENTRIES_FIRST_PASS_VOLUME_FLUSH_PACKET_SAMPLE_TICKS	0
LIST_EXALL_400_ENTRIES_FIRST_PASS_VOLUME_FLUSH_PACKET_OPEN_CALLS	0
LIST_EXALL_400_ENTRIES_FIRST_PASS_VOLUME_FLUSH_PACKET_OPEN_SAMPLES	0
LIST_EXALL_400_ENTRIES_FIRST_PASS_VOLUME_FLUSH_PACKET_OPEN_SAMPLE_TICKS	0
LIST_EXALL_400_ENTRIES_FIRST_PASS_VOLUME_FLUSH_PACKET_READ_CALLS	0
LIST_EXALL_400_ENTRIES_FIRST_PASS_VOLUME_FLUSH_PACKET_READ_SAMPLES	0
LIST_EXALL_400_ENTRIES_FIRST_PASS_VOLUME_FLUSH_PACKET_READ_SAMPLE_TICKS	0
LIST_EXALL_400_ENTRIES_FIRST_PASS_VOLUME_FLUSH_PACKET_WRITE_CALLS	0
LIST_EXALL_400_ENTRIES_FIRST_PASS_VOLUME_FLUSH_PACKET_WRITE_SAMPLES	0
LIST_EXALL_400_ENTRIES_FIRST_PASS_VOLUME_FLUSH_PACKET_WRITE_SAMPLE_TICKS	0
LIST_EXALL_400_ENTRIES_FIRST_PASS_VOLUME_FLUSH_PACKET_END_CALLS	0
LIST_EXALL_400_ENTRIES_FIRST_PASS_VOLUME_FLUSH_PACKET_END_SAMPLES	0
LIST_EXALL_400_ENTRIES_FIRST_PASS_VOLUME_FLUSH_PACKET_END_SAMPLE_TICKS	0
LIST_EXALL_400_ENTRIES_FIRST_PASS_VOLUME_FLUSH_PACKET_DELETE_CALLS	0
LIST_EXALL_400_ENTRIES_FIRST_PASS_VOLUME_FLUSH_PACKET_DELETE_SAMPLES	0
LIST_EXALL_400_ENTRIES_FIRST_PASS_VOLUME_FLUSH_PACKET_DELETE_SAMPLE_TICKS	0
LIST_EXALL_400_ENTRIES_FIRST_PASS_VOLUME_FLUSH_PACKET_FLUSH_CALLS	0
LIST_EXALL_400_ENTRIES_FIRST_PASS_VOLUME_FLUSH_PACKET_FLUSH_SAMPLES	0
LIST_EXALL_400_ENTRIES_FIRST_PASS_VOLUME_FLUSH_PACKET_FLUSH_SAMPLE_TICKS	0
LIST_EXALL_400_ENTRIES_FIRST_PASS_VOLUME_FLUSH_PACKET_OTHER_CALLS	0
LIST_EXALL_400_ENTRIES_FIRST_PASS_VOLUME_FLUSH_PACKET_OTHER_SAMPLES	0
LIST_EXALL_400_ENTRIES_FIRST_PASS_VOLUME_FLUSH_PACKET_OTHER_SAMPLE_TICKS	0
LIST_EXALL_400_ENTRIES_FIRST_PASS_VOLUME_FLUSH_CORE_CREATE_CALLS	0
LIST_EXALL_400_ENTRIES_FIRST_PASS_VOLUME_FLUSH_CORE_CREATE_SAMPLES	0
LIST_EXALL_400_ENTRIES_FIRST_PASS_VOLUME_FLUSH_CORE_CREATE_SAMPLE_TICKS	0
LIST_EXALL_400_ENTRIES_FIRST_PASS_VOLUME_FLUSH_CORE_DELETE_CALLS	0
LIST_EXALL_400_ENTRIES_FIRST_PASS_VOLUME_FLUSH_CORE_DELETE_SAMPLES	0
LIST_EXALL_400_ENTRIES_FIRST_PASS_VOLUME_FLUSH_CORE_DELETE_SAMPLE_TICKS	0
LIST_EXALL_400_ENTRIES_FIRST_PASS_VOLUME_FLUSH_CORE_FILE_WRITE_CALLS	0
LIST_EXALL_400_ENTRIES_FIRST_PASS_VOLUME_FLUSH_CORE_FILE_WRITE_SAMPLES	0
LIST_EXALL_400_ENTRIES_FIRST_PASS_VOLUME_FLUSH_CORE_FILE_WRITE_SAMPLE_TICKS	0
LIST_EXALL_400_ENTRIES_FIRST_PASS_VOLUME_FLUSH_CORE_SYNC_CALLS	0
LIST_EXALL_400_ENTRIES_FIRST_PASS_VOLUME_FLUSH_CORE_SYNC_SAMPLES	0
LIST_EXALL_400_ENTRIES_FIRST_PASS_VOLUME_FLUSH_CORE_SYNC_SAMPLE_TICKS	0
LIST_EXALL_400_ENTRIES_FIRST_PASS_VOLUME_FLUSH_IFACE_FREE_CALLS	0
LIST_EXALL_400_ENTRIES_FIRST_PASS_VOLUME_FLUSH_IFACE_FREE_SAMPLES	0
LIST_EXALL_400_ENTRIES_FIRST_PASS_VOLUME_FLUSH_IFACE_FREE_SAMPLE_TICKS	0
LIST_EXALL_400_ENTRIES_FIRST_PASS_VOLUME_FLUSH_SEAL_COMMIT_CALLS	0
LIST_EXALL_400_ENTRIES_FIRST_PASS_VOLUME_FLUSH_SEAL_COMMIT_SAMPLES	0
LIST_EXALL_400_ENTRIES_FIRST_PASS_VOLUME_FLUSH_SEAL_COMMIT_SAMPLE_TICKS	0
LIST_EXALL_400_ENTRIES_FIRST_PASS_VOLUME_FLUSH_INODE_READ_CALLS	0
LIST_EXALL_400_ENTRIES_FIRST_PASS_VOLUME_FLUSH_BTREE_SEARCH_CALLS	0
LIST_EXALL_400_ENTRIES_FIRST_PASS_VOLUME_FLUSH_BTREE_INDEX_HINT_HITS	0
LIST_EXALL_400_ENTRIES_FIRST_PASS_VOLUME_FLUSH_BTREE_LEAF_HINT_HITS	0
LIST_EXALL_400_ENTRIES_FIRST_PASS_VOLUME_FLUSH_CACHE_READ_CALLS	0
LIST_EXALL_400_ENTRIES_FIRST_PASS_VOLUME_FLUSH_CACHE_READ_HITS	0
LIST_EXALL_400_ENTRIES_FIRST_PASS_VOLUME_FLUSH_CACHE_READ_MISSES	0
LIST_EXALL_400_ENTRIES_FIRST_PASS_VOLUME_FLUSH_FREE_TREE_NODE_VIEWS	0
LIST_EXALL_400_ENTRIES_FIRST_PASS_VOLUME_FLUSH_FREE_TREE_RESIDENT_VIEWS	0
LIST_EXALL_400_ENTRIES_FIRST_PASS_VOLUME_FLUSH_DIR_TREE_NODE_VIEWS	0
LIST_EXALL_400_ENTRIES_FIRST_PASS_VOLUME_FLUSH_DIR_TREE_RESIDENT_VIEWS	0
LIST_EXALL_400_ENTRIES_FIRST_PASS_VOLUME_FLUSH_INODE_TREE_NODE_VIEWS	0
LIST_EXALL_400_ENTRIES_FIRST_PASS_VOLUME_FLUSH_INODE_TREE_RESIDENT_VIEWS	0
LIST_EXALL_400_ENTRIES_FIRST_PASS_VOLUME_FLUSH_REFCOUNT_TREE_NODE_VIEWS	0
LIST_EXALL_400_ENTRIES_FIRST_PASS_VOLUME_FLUSH_REFCOUNT_TREE_RESIDENT_VIEWS	0
LIST_EXALL_400_ENTRIES_FIRST_PASS_VOLUME_FLUSH_OTHER_TREE_NODE_VIEWS	0
LIST_EXALL_400_ENTRIES_FIRST_PASS_VOLUME_FLUSH_OTHER_TREE_RESIDENT_VIEWS	0
LIST_EXALL_400_ENTRIES_REPEAT10_TOTAL_US	436351
LIST_EXALL_400_ENTRIES_REPEAT10_TOTAL_WORK_US	436351
LIST_EXALL_400_ENTRIES_REPEAT10_TOTAL_VOLUME_FLUSH_US	0
LIST_EXALL_400_ENTRIES_REPEAT10_TOTAL_HAS_VOLUME_FLUSH	0
LIST_EXALL_400_ENTRIES_REPEAT10_TOTAL_GUEST_OPEN_CALLS	0
LIST_EXALL_400_ENTRIES_REPEAT10_TOTAL_GUEST_OPEN_US	0
LIST_EXALL_400_ENTRIES_REPEAT10_TOTAL_GUEST_READ_CALLS	0
LIST_EXALL_400_ENTRIES_REPEAT10_TOTAL_GUEST_READ_US	0
LIST_EXALL_400_ENTRIES_REPEAT10_TOTAL_GUEST_WRITE_CALLS	0
LIST_EXALL_400_ENTRIES_REPEAT10_TOTAL_GUEST_WRITE_US	0
LIST_EXALL_400_ENTRIES_REPEAT10_TOTAL_GUEST_HANDLE_FLUSH_CALLS	0
LIST_EXALL_400_ENTRIES_REPEAT10_TOTAL_GUEST_HANDLE_FLUSH_US	0
LIST_EXALL_400_ENTRIES_REPEAT10_TOTAL_GUEST_CLOSE_CALLS	0
LIST_EXALL_400_ENTRIES_REPEAT10_TOTAL_GUEST_CLOSE_US	0
LIST_EXALL_400_ENTRIES_REPEAT10_TOTAL_GUEST_VERIFY_CALLS	0
LIST_EXALL_400_ENTRIES_REPEAT10_TOTAL_GUEST_VERIFY_US	0
LIST_EXALL_400_ENTRIES_REPEAT10_TOTAL_WORK_BIO_READS	692
LIST_EXALL_400_ENTRIES_REPEAT10_TOTAL_WORK_BIO_WRITES	0
LIST_EXALL_400_ENTRIES_REPEAT10_TOTAL_WORK_BIO_UPDATES	0
LIST_EXALL_400_ENTRIES_REPEAT10_TOTAL_WORK_DATA_READS	0
LIST_EXALL_400_ENTRIES_REPEAT10_TOTAL_WORK_DATA_WRITES	0
LIST_EXALL_400_ENTRIES_REPEAT10_TOTAL_WORK_NODE_WRITES	0
LIST_EXALL_400_ENTRIES_REPEAT10_TOTAL_WORK_TXN_COMMITS	0
LIST_EXALL_400_ENTRIES_REPEAT10_TOTAL_WORK_EXTENT_MAPS	0
LIST_EXALL_400_ENTRIES_REPEAT10_TOTAL_WORK_READ_TICKS	45346
LIST_EXALL_400_ENTRIES_REPEAT10_TOTAL_WORK_WRITE_TICKS	0
LIST_EXALL_400_ENTRIES_REPEAT10_TOTAL_WORK_UPDATE_TICKS	0
LIST_EXALL_400_ENTRIES_REPEAT10_TOTAL_WORK_DATA_READ_TICKS	0
LIST_EXALL_400_ENTRIES_REPEAT10_TOTAL_WORK_DATA_WRITE_TICKS	0
LIST_EXALL_400_ENTRIES_REPEAT10_TOTAL_WORK_NODE_CRC_READ_CALLS	692
LIST_EXALL_400_ENTRIES_REPEAT10_TOTAL_WORK_NODE_CRC_READ_SAMPLES	692
LIST_EXALL_400_ENTRIES_REPEAT10_TOTAL_WORK_NODE_CRC_READ_SAMPLE_TICKS	100194
LIST_EXALL_400_ENTRIES_REPEAT10_TOTAL_WORK_NODE_CRC_WRITE_CALLS	0
LIST_EXALL_400_ENTRIES_REPEAT10_TOTAL_WORK_NODE_CRC_WRITE_SAMPLES	0
LIST_EXALL_400_ENTRIES_REPEAT10_TOTAL_WORK_NODE_CRC_WRITE_SAMPLE_TICKS	0
LIST_EXALL_400_ENTRIES_REPEAT10_TOTAL_WORK_CLOCK_PAIR_TICKS	1
LIST_EXALL_400_ENTRIES_REPEAT10_TOTAL_WORK_PACKET_CALLS	52
LIST_EXALL_400_ENTRIES_REPEAT10_TOTAL_WORK_PACKET_SAMPLES	52
LIST_EXALL_400_ENTRIES_REPEAT10_TOTAL_WORK_PACKET_SAMPLE_TICKS	305485
LIST_EXALL_400_ENTRIES_REPEAT10_TOTAL_WORK_PACKET_OPEN_CALLS	0
LIST_EXALL_400_ENTRIES_REPEAT10_TOTAL_WORK_PACKET_OPEN_SAMPLES	0
LIST_EXALL_400_ENTRIES_REPEAT10_TOTAL_WORK_PACKET_OPEN_SAMPLE_TICKS	0
LIST_EXALL_400_ENTRIES_REPEAT10_TOTAL_WORK_PACKET_READ_CALLS	0
LIST_EXALL_400_ENTRIES_REPEAT10_TOTAL_WORK_PACKET_READ_SAMPLES	0
LIST_EXALL_400_ENTRIES_REPEAT10_TOTAL_WORK_PACKET_READ_SAMPLE_TICKS	0
LIST_EXALL_400_ENTRIES_REPEAT10_TOTAL_WORK_PACKET_WRITE_CALLS	0
LIST_EXALL_400_ENTRIES_REPEAT10_TOTAL_WORK_PACKET_WRITE_SAMPLES	0
LIST_EXALL_400_ENTRIES_REPEAT10_TOTAL_WORK_PACKET_WRITE_SAMPLE_TICKS	0
LIST_EXALL_400_ENTRIES_REPEAT10_TOTAL_WORK_PACKET_END_CALLS	0
LIST_EXALL_400_ENTRIES_REPEAT10_TOTAL_WORK_PACKET_END_SAMPLES	0
LIST_EXALL_400_ENTRIES_REPEAT10_TOTAL_WORK_PACKET_END_SAMPLE_TICKS	0
LIST_EXALL_400_ENTRIES_REPEAT10_TOTAL_WORK_PACKET_DELETE_CALLS	0
LIST_EXALL_400_ENTRIES_REPEAT10_TOTAL_WORK_PACKET_DELETE_SAMPLES	0
LIST_EXALL_400_ENTRIES_REPEAT10_TOTAL_WORK_PACKET_DELETE_SAMPLE_TICKS	0
LIST_EXALL_400_ENTRIES_REPEAT10_TOTAL_WORK_PACKET_FLUSH_CALLS	0
LIST_EXALL_400_ENTRIES_REPEAT10_TOTAL_WORK_PACKET_FLUSH_SAMPLES	0
LIST_EXALL_400_ENTRIES_REPEAT10_TOTAL_WORK_PACKET_FLUSH_SAMPLE_TICKS	0
LIST_EXALL_400_ENTRIES_REPEAT10_TOTAL_WORK_PACKET_OTHER_CALLS	52
LIST_EXALL_400_ENTRIES_REPEAT10_TOTAL_WORK_PACKET_OTHER_SAMPLES	52
LIST_EXALL_400_ENTRIES_REPEAT10_TOTAL_WORK_PACKET_OTHER_SAMPLE_TICKS	305485
LIST_EXALL_400_ENTRIES_REPEAT10_TOTAL_WORK_CORE_CREATE_CALLS	0
LIST_EXALL_400_ENTRIES_REPEAT10_TOTAL_WORK_CORE_CREATE_SAMPLES	0
LIST_EXALL_400_ENTRIES_REPEAT10_TOTAL_WORK_CORE_CREATE_SAMPLE_TICKS	0
LIST_EXALL_400_ENTRIES_REPEAT10_TOTAL_WORK_CORE_DELETE_CALLS	0
LIST_EXALL_400_ENTRIES_REPEAT10_TOTAL_WORK_CORE_DELETE_SAMPLES	0
LIST_EXALL_400_ENTRIES_REPEAT10_TOTAL_WORK_CORE_DELETE_SAMPLE_TICKS	0
LIST_EXALL_400_ENTRIES_REPEAT10_TOTAL_WORK_CORE_FILE_WRITE_CALLS	0
LIST_EXALL_400_ENTRIES_REPEAT10_TOTAL_WORK_CORE_FILE_WRITE_SAMPLES	0
LIST_EXALL_400_ENTRIES_REPEAT10_TOTAL_WORK_CORE_FILE_WRITE_SAMPLE_TICKS	0
LIST_EXALL_400_ENTRIES_REPEAT10_TOTAL_WORK_CORE_SYNC_CALLS	0
LIST_EXALL_400_ENTRIES_REPEAT10_TOTAL_WORK_CORE_SYNC_SAMPLES	0
LIST_EXALL_400_ENTRIES_REPEAT10_TOTAL_WORK_CORE_SYNC_SAMPLE_TICKS	0
LIST_EXALL_400_ENTRIES_REPEAT10_TOTAL_WORK_IFACE_FREE_CALLS	0
LIST_EXALL_400_ENTRIES_REPEAT10_TOTAL_WORK_IFACE_FREE_SAMPLES	0
LIST_EXALL_400_ENTRIES_REPEAT10_TOTAL_WORK_IFACE_FREE_SAMPLE_TICKS	0
LIST_EXALL_400_ENTRIES_REPEAT10_TOTAL_WORK_SEAL_COMMIT_CALLS	0
LIST_EXALL_400_ENTRIES_REPEAT10_TOTAL_WORK_SEAL_COMMIT_SAMPLES	0
LIST_EXALL_400_ENTRIES_REPEAT10_TOTAL_WORK_SEAL_COMMIT_SAMPLE_TICKS	0
LIST_EXALL_400_ENTRIES_REPEAT10_TOTAL_WORK_INODE_READ_CALLS	4040
LIST_EXALL_400_ENTRIES_REPEAT10_TOTAL_WORK_BTREE_SEARCH_CALLS	4041
LIST_EXALL_400_ENTRIES_REPEAT10_TOTAL_WORK_BTREE_INDEX_HINT_HITS	40
LIST_EXALL_400_ENTRIES_REPEAT10_TOTAL_WORK_BTREE_LEAF_HINT_HITS	3810
LIST_EXALL_400_ENTRIES_REPEAT10_TOTAL_WORK_CACHE_READ_CALLS	692
LIST_EXALL_400_ENTRIES_REPEAT10_TOTAL_WORK_CACHE_READ_HITS	0
LIST_EXALL_400_ENTRIES_REPEAT10_TOTAL_WORK_CACHE_READ_MISSES	692
LIST_EXALL_400_ENTRIES_REPEAT10_TOTAL_WORK_FREE_TREE_NODE_VIEWS	0
LIST_EXALL_400_ENTRIES_REPEAT10_TOTAL_WORK_FREE_TREE_RESIDENT_VIEWS	0
LIST_EXALL_400_ENTRIES_REPEAT10_TOTAL_WORK_DIR_TREE_NODE_VIEWS	1184
LIST_EXALL_400_ENTRIES_REPEAT10_TOTAL_WORK_DIR_TREE_RESIDENT_VIEWS	682
LIST_EXALL_400_ENTRIES_REPEAT10_TOTAL_WORK_INODE_TREE_NODE_VIEWS	380
LIST_EXALL_400_ENTRIES_REPEAT10_TOTAL_WORK_INODE_TREE_RESIDENT_VIEWS	190
LIST_EXALL_400_ENTRIES_REPEAT10_TOTAL_WORK_REFCOUNT_TREE_NODE_VIEWS	0
LIST_EXALL_400_ENTRIES_REPEAT10_TOTAL_WORK_REFCOUNT_TREE_RESIDENT_VIEWS	0
LIST_EXALL_400_ENTRIES_REPEAT10_TOTAL_WORK_OTHER_TREE_NODE_VIEWS	0
LIST_EXALL_400_ENTRIES_REPEAT10_TOTAL_WORK_OTHER_TREE_RESIDENT_VIEWS	0
LIST_EXALL_400_ENTRIES_REPEAT10_TOTAL_VOLUME_FLUSH_BIO_READS	0
LIST_EXALL_400_ENTRIES_REPEAT10_TOTAL_VOLUME_FLUSH_BIO_WRITES	0
LIST_EXALL_400_ENTRIES_REPEAT10_TOTAL_VOLUME_FLUSH_BIO_UPDATES	0
LIST_EXALL_400_ENTRIES_REPEAT10_TOTAL_VOLUME_FLUSH_DATA_READS	0
LIST_EXALL_400_ENTRIES_REPEAT10_TOTAL_VOLUME_FLUSH_DATA_WRITES	0
LIST_EXALL_400_ENTRIES_REPEAT10_TOTAL_VOLUME_FLUSH_NODE_WRITES	0
LIST_EXALL_400_ENTRIES_REPEAT10_TOTAL_VOLUME_FLUSH_TXN_COMMITS	0
LIST_EXALL_400_ENTRIES_REPEAT10_TOTAL_VOLUME_FLUSH_EXTENT_MAPS	0
LIST_EXALL_400_ENTRIES_REPEAT10_TOTAL_VOLUME_FLUSH_READ_TICKS	0
LIST_EXALL_400_ENTRIES_REPEAT10_TOTAL_VOLUME_FLUSH_WRITE_TICKS	0
LIST_EXALL_400_ENTRIES_REPEAT10_TOTAL_VOLUME_FLUSH_UPDATE_TICKS	0
LIST_EXALL_400_ENTRIES_REPEAT10_TOTAL_VOLUME_FLUSH_DATA_READ_TICKS	0
LIST_EXALL_400_ENTRIES_REPEAT10_TOTAL_VOLUME_FLUSH_DATA_WRITE_TICKS	0
LIST_EXALL_400_ENTRIES_REPEAT10_TOTAL_VOLUME_FLUSH_NODE_CRC_READ_CALLS	0
LIST_EXALL_400_ENTRIES_REPEAT10_TOTAL_VOLUME_FLUSH_NODE_CRC_READ_SAMPLES	0
LIST_EXALL_400_ENTRIES_REPEAT10_TOTAL_VOLUME_FLUSH_NODE_CRC_READ_SAMPLE_TICKS	0
LIST_EXALL_400_ENTRIES_REPEAT10_TOTAL_VOLUME_FLUSH_NODE_CRC_WRITE_CALLS	0
LIST_EXALL_400_ENTRIES_REPEAT10_TOTAL_VOLUME_FLUSH_NODE_CRC_WRITE_SAMPLES	0
LIST_EXALL_400_ENTRIES_REPEAT10_TOTAL_VOLUME_FLUSH_NODE_CRC_WRITE_SAMPLE_TICKS	0
LIST_EXALL_400_ENTRIES_REPEAT10_TOTAL_VOLUME_FLUSH_CLOCK_PAIR_TICKS	0
LIST_EXALL_400_ENTRIES_REPEAT10_TOTAL_VOLUME_FLUSH_PACKET_CALLS	0
LIST_EXALL_400_ENTRIES_REPEAT10_TOTAL_VOLUME_FLUSH_PACKET_SAMPLES	0
LIST_EXALL_400_ENTRIES_REPEAT10_TOTAL_VOLUME_FLUSH_PACKET_SAMPLE_TICKS	0
LIST_EXALL_400_ENTRIES_REPEAT10_TOTAL_VOLUME_FLUSH_PACKET_OPEN_CALLS	0
LIST_EXALL_400_ENTRIES_REPEAT10_TOTAL_VOLUME_FLUSH_PACKET_OPEN_SAMPLES	0
LIST_EXALL_400_ENTRIES_REPEAT10_TOTAL_VOLUME_FLUSH_PACKET_OPEN_SAMPLE_TICKS	0
LIST_EXALL_400_ENTRIES_REPEAT10_TOTAL_VOLUME_FLUSH_PACKET_READ_CALLS	0
LIST_EXALL_400_ENTRIES_REPEAT10_TOTAL_VOLUME_FLUSH_PACKET_READ_SAMPLES	0
LIST_EXALL_400_ENTRIES_REPEAT10_TOTAL_VOLUME_FLUSH_PACKET_READ_SAMPLE_TICKS	0
LIST_EXALL_400_ENTRIES_REPEAT10_TOTAL_VOLUME_FLUSH_PACKET_WRITE_CALLS	0
LIST_EXALL_400_ENTRIES_REPEAT10_TOTAL_VOLUME_FLUSH_PACKET_WRITE_SAMPLES	0
LIST_EXALL_400_ENTRIES_REPEAT10_TOTAL_VOLUME_FLUSH_PACKET_WRITE_SAMPLE_TICKS	0
LIST_EXALL_400_ENTRIES_REPEAT10_TOTAL_VOLUME_FLUSH_PACKET_END_CALLS	0
LIST_EXALL_400_ENTRIES_REPEAT10_TOTAL_VOLUME_FLUSH_PACKET_END_SAMPLES	0
LIST_EXALL_400_ENTRIES_REPEAT10_TOTAL_VOLUME_FLUSH_PACKET_END_SAMPLE_TICKS	0
LIST_EXALL_400_ENTRIES_REPEAT10_TOTAL_VOLUME_FLUSH_PACKET_DELETE_CALLS	0
LIST_EXALL_400_ENTRIES_REPEAT10_TOTAL_VOLUME_FLUSH_PACKET_DELETE_SAMPLES	0
LIST_EXALL_400_ENTRIES_REPEAT10_TOTAL_VOLUME_FLUSH_PACKET_DELETE_SAMPLE_TICKS	0
LIST_EXALL_400_ENTRIES_REPEAT10_TOTAL_VOLUME_FLUSH_PACKET_FLUSH_CALLS	0
LIST_EXALL_400_ENTRIES_REPEAT10_TOTAL_VOLUME_FLUSH_PACKET_FLUSH_SAMPLES	0
LIST_EXALL_400_ENTRIES_REPEAT10_TOTAL_VOLUME_FLUSH_PACKET_FLUSH_SAMPLE_TICKS	0
LIST_EXALL_400_ENTRIES_REPEAT10_TOTAL_VOLUME_FLUSH_PACKET_OTHER_CALLS	0
LIST_EXALL_400_ENTRIES_REPEAT10_TOTAL_VOLUME_FLUSH_PACKET_OTHER_SAMPLES	0
LIST_EXALL_400_ENTRIES_REPEAT10_TOTAL_VOLUME_FLUSH_PACKET_OTHER_SAMPLE_TICKS	0
LIST_EXALL_400_ENTRIES_REPEAT10_TOTAL_VOLUME_FLUSH_CORE_CREATE_CALLS	0
LIST_EXALL_400_ENTRIES_REPEAT10_TOTAL_VOLUME_FLUSH_CORE_CREATE_SAMPLES	0
LIST_EXALL_400_ENTRIES_REPEAT10_TOTAL_VOLUME_FLUSH_CORE_CREATE_SAMPLE_TICKS	0
LIST_EXALL_400_ENTRIES_REPEAT10_TOTAL_VOLUME_FLUSH_CORE_DELETE_CALLS	0
LIST_EXALL_400_ENTRIES_REPEAT10_TOTAL_VOLUME_FLUSH_CORE_DELETE_SAMPLES	0
LIST_EXALL_400_ENTRIES_REPEAT10_TOTAL_VOLUME_FLUSH_CORE_DELETE_SAMPLE_TICKS	0
LIST_EXALL_400_ENTRIES_REPEAT10_TOTAL_VOLUME_FLUSH_CORE_FILE_WRITE_CALLS	0
LIST_EXALL_400_ENTRIES_REPEAT10_TOTAL_VOLUME_FLUSH_CORE_FILE_WRITE_SAMPLES	0
LIST_EXALL_400_ENTRIES_REPEAT10_TOTAL_VOLUME_FLUSH_CORE_FILE_WRITE_SAMPLE_TICKS	0
LIST_EXALL_400_ENTRIES_REPEAT10_TOTAL_VOLUME_FLUSH_CORE_SYNC_CALLS	0
LIST_EXALL_400_ENTRIES_REPEAT10_TOTAL_VOLUME_FLUSH_CORE_SYNC_SAMPLES	0
LIST_EXALL_400_ENTRIES_REPEAT10_TOTAL_VOLUME_FLUSH_CORE_SYNC_SAMPLE_TICKS	0
LIST_EXALL_400_ENTRIES_REPEAT10_TOTAL_VOLUME_FLUSH_IFACE_FREE_CALLS	0
LIST_EXALL_400_ENTRIES_REPEAT10_TOTAL_VOLUME_FLUSH_IFACE_FREE_SAMPLES	0
LIST_EXALL_400_ENTRIES_REPEAT10_TOTAL_VOLUME_FLUSH_IFACE_FREE_SAMPLE_TICKS	0
LIST_EXALL_400_ENTRIES_REPEAT10_TOTAL_VOLUME_FLUSH_SEAL_COMMIT_CALLS	0
LIST_EXALL_400_ENTRIES_REPEAT10_TOTAL_VOLUME_FLUSH_SEAL_COMMIT_SAMPLES	0
LIST_EXALL_400_ENTRIES_REPEAT10_TOTAL_VOLUME_FLUSH_SEAL_COMMIT_SAMPLE_TICKS	0
LIST_EXALL_400_ENTRIES_REPEAT10_TOTAL_VOLUME_FLUSH_INODE_READ_CALLS	0
LIST_EXALL_400_ENTRIES_REPEAT10_TOTAL_VOLUME_FLUSH_BTREE_SEARCH_CALLS	0
LIST_EXALL_400_ENTRIES_REPEAT10_TOTAL_VOLUME_FLUSH_BTREE_INDEX_HINT_HITS	0
LIST_EXALL_400_ENTRIES_REPEAT10_TOTAL_VOLUME_FLUSH_BTREE_LEAF_HINT_HITS	0
LIST_EXALL_400_ENTRIES_REPEAT10_TOTAL_VOLUME_FLUSH_CACHE_READ_CALLS	0
LIST_EXALL_400_ENTRIES_REPEAT10_TOTAL_VOLUME_FLUSH_CACHE_READ_HITS	0
LIST_EXALL_400_ENTRIES_REPEAT10_TOTAL_VOLUME_FLUSH_CACHE_READ_MISSES	0
LIST_EXALL_400_ENTRIES_REPEAT10_TOTAL_VOLUME_FLUSH_FREE_TREE_NODE_VIEWS	0
LIST_EXALL_400_ENTRIES_REPEAT10_TOTAL_VOLUME_FLUSH_FREE_TREE_RESIDENT_VIEWS	0
LIST_EXALL_400_ENTRIES_REPEAT10_TOTAL_VOLUME_FLUSH_DIR_TREE_NODE_VIEWS	0
LIST_EXALL_400_ENTRIES_REPEAT10_TOTAL_VOLUME_FLUSH_DIR_TREE_RESIDENT_VIEWS	0
LIST_EXALL_400_ENTRIES_REPEAT10_TOTAL_VOLUME_FLUSH_INODE_TREE_NODE_VIEWS	0
LIST_EXALL_400_ENTRIES_REPEAT10_TOTAL_VOLUME_FLUSH_INODE_TREE_RESIDENT_VIEWS	0
LIST_EXALL_400_ENTRIES_REPEAT10_TOTAL_VOLUME_FLUSH_REFCOUNT_TREE_NODE_VIEWS	0
LIST_EXALL_400_ENTRIES_REPEAT10_TOTAL_VOLUME_FLUSH_REFCOUNT_TREE_RESIDENT_VIEWS	0
LIST_EXALL_400_ENTRIES_REPEAT10_TOTAL_VOLUME_FLUSH_OTHER_TREE_NODE_VIEWS	0
LIST_EXALL_400_ENTRIES_REPEAT10_TOTAL_VOLUME_FLUSH_OTHER_TREE_RESIDENT_VIEWS	0
LIST_EXNEXT_1000_ENTRIES_FIRST_PASS_US	183615
LIST_EXNEXT_1000_ENTRIES_FIRST_PASS_WORK_US	183615
LIST_EXNEXT_1000_ENTRIES_FIRST_PASS_VOLUME_FLUSH_US	0
LIST_EXNEXT_1000_ENTRIES_FIRST_PASS_HAS_VOLUME_FLUSH	0
LIST_EXNEXT_1000_ENTRIES_FIRST_PASS_GUEST_OPEN_CALLS	0
LIST_EXNEXT_1000_ENTRIES_FIRST_PASS_GUEST_OPEN_US	0
LIST_EXNEXT_1000_ENTRIES_FIRST_PASS_GUEST_READ_CALLS	0
LIST_EXNEXT_1000_ENTRIES_FIRST_PASS_GUEST_READ_US	0
LIST_EXNEXT_1000_ENTRIES_FIRST_PASS_GUEST_WRITE_CALLS	0
LIST_EXNEXT_1000_ENTRIES_FIRST_PASS_GUEST_WRITE_US	0
LIST_EXNEXT_1000_ENTRIES_FIRST_PASS_GUEST_HANDLE_FLUSH_CALLS	0
LIST_EXNEXT_1000_ENTRIES_FIRST_PASS_GUEST_HANDLE_FLUSH_US	0
LIST_EXNEXT_1000_ENTRIES_FIRST_PASS_GUEST_CLOSE_CALLS	0
LIST_EXNEXT_1000_ENTRIES_FIRST_PASS_GUEST_CLOSE_US	0
LIST_EXNEXT_1000_ENTRIES_FIRST_PASS_GUEST_VERIFY_CALLS	0
LIST_EXNEXT_1000_ENTRIES_FIRST_PASS_GUEST_VERIFY_US	0
LIST_EXNEXT_1000_ENTRIES_FIRST_PASS_WORK_BIO_READS	182
LIST_EXNEXT_1000_ENTRIES_FIRST_PASS_WORK_BIO_WRITES	0
LIST_EXNEXT_1000_ENTRIES_FIRST_PASS_WORK_BIO_UPDATES	0
LIST_EXNEXT_1000_ENTRIES_FIRST_PASS_WORK_DATA_READS	0
LIST_EXNEXT_1000_ENTRIES_FIRST_PASS_WORK_DATA_WRITES	0
LIST_EXNEXT_1000_ENTRIES_FIRST_PASS_WORK_NODE_WRITES	0
LIST_EXNEXT_1000_ENTRIES_FIRST_PASS_WORK_TXN_COMMITS	0
LIST_EXNEXT_1000_ENTRIES_FIRST_PASS_WORK_EXTENT_MAPS	0
LIST_EXNEXT_1000_ENTRIES_FIRST_PASS_WORK_READ_TICKS	13881
LIST_EXNEXT_1000_ENTRIES_FIRST_PASS_WORK_WRITE_TICKS	0
LIST_EXNEXT_1000_ENTRIES_FIRST_PASS_WORK_UPDATE_TICKS	0
LIST_EXNEXT_1000_ENTRIES_FIRST_PASS_WORK_DATA_READ_TICKS	0
LIST_EXNEXT_1000_ENTRIES_FIRST_PASS_WORK_DATA_WRITE_TICKS	0
LIST_EXNEXT_1000_ENTRIES_FIRST_PASS_WORK_NODE_CRC_READ_CALLS	182
LIST_EXNEXT_1000_ENTRIES_FIRST_PASS_WORK_NODE_CRC_READ_SAMPLES	182
LIST_EXNEXT_1000_ENTRIES_FIRST_PASS_WORK_NODE_CRC_READ_SAMPLE_TICKS	25365
LIST_EXNEXT_1000_ENTRIES_FIRST_PASS_WORK_NODE_CRC_WRITE_CALLS	0
LIST_EXNEXT_1000_ENTRIES_FIRST_PASS_WORK_NODE_CRC_WRITE_SAMPLES	0
LIST_EXNEXT_1000_ENTRIES_FIRST_PASS_WORK_NODE_CRC_WRITE_SAMPLE_TICKS	0
LIST_EXNEXT_1000_ENTRIES_FIRST_PASS_WORK_CLOCK_PAIR_TICKS	1
LIST_EXNEXT_1000_ENTRIES_FIRST_PASS_WORK_PACKET_CALLS	1004
LIST_EXNEXT_1000_ENTRIES_FIRST_PASS_WORK_PACKET_SAMPLES	1004
LIST_EXNEXT_1000_ENTRIES_FIRST_PASS_WORK_PACKET_SAMPLE_TICKS	110975
LIST_EXNEXT_1000_ENTRIES_FIRST_PASS_WORK_PACKET_OPEN_CALLS	0
LIST_EXNEXT_1000_ENTRIES_FIRST_PASS_WORK_PACKET_OPEN_SAMPLES	0
LIST_EXNEXT_1000_ENTRIES_FIRST_PASS_WORK_PACKET_OPEN_SAMPLE_TICKS	0
LIST_EXNEXT_1000_ENTRIES_FIRST_PASS_WORK_PACKET_READ_CALLS	0
LIST_EXNEXT_1000_ENTRIES_FIRST_PASS_WORK_PACKET_READ_SAMPLES	0
LIST_EXNEXT_1000_ENTRIES_FIRST_PASS_WORK_PACKET_READ_SAMPLE_TICKS	0
LIST_EXNEXT_1000_ENTRIES_FIRST_PASS_WORK_PACKET_WRITE_CALLS	0
LIST_EXNEXT_1000_ENTRIES_FIRST_PASS_WORK_PACKET_WRITE_SAMPLES	0
LIST_EXNEXT_1000_ENTRIES_FIRST_PASS_WORK_PACKET_WRITE_SAMPLE_TICKS	0
LIST_EXNEXT_1000_ENTRIES_FIRST_PASS_WORK_PACKET_END_CALLS	0
LIST_EXNEXT_1000_ENTRIES_FIRST_PASS_WORK_PACKET_END_SAMPLES	0
LIST_EXNEXT_1000_ENTRIES_FIRST_PASS_WORK_PACKET_END_SAMPLE_TICKS	0
LIST_EXNEXT_1000_ENTRIES_FIRST_PASS_WORK_PACKET_DELETE_CALLS	0
LIST_EXNEXT_1000_ENTRIES_FIRST_PASS_WORK_PACKET_DELETE_SAMPLES	0
LIST_EXNEXT_1000_ENTRIES_FIRST_PASS_WORK_PACKET_DELETE_SAMPLE_TICKS	0
LIST_EXNEXT_1000_ENTRIES_FIRST_PASS_WORK_PACKET_FLUSH_CALLS	0
LIST_EXNEXT_1000_ENTRIES_FIRST_PASS_WORK_PACKET_FLUSH_SAMPLES	0
LIST_EXNEXT_1000_ENTRIES_FIRST_PASS_WORK_PACKET_FLUSH_SAMPLE_TICKS	0
LIST_EXNEXT_1000_ENTRIES_FIRST_PASS_WORK_PACKET_OTHER_CALLS	1004
LIST_EXNEXT_1000_ENTRIES_FIRST_PASS_WORK_PACKET_OTHER_SAMPLES	1004
LIST_EXNEXT_1000_ENTRIES_FIRST_PASS_WORK_PACKET_OTHER_SAMPLE_TICKS	110975
LIST_EXNEXT_1000_ENTRIES_FIRST_PASS_WORK_CORE_CREATE_CALLS	0
LIST_EXNEXT_1000_ENTRIES_FIRST_PASS_WORK_CORE_CREATE_SAMPLES	0
LIST_EXNEXT_1000_ENTRIES_FIRST_PASS_WORK_CORE_CREATE_SAMPLE_TICKS	0
LIST_EXNEXT_1000_ENTRIES_FIRST_PASS_WORK_CORE_DELETE_CALLS	0
LIST_EXNEXT_1000_ENTRIES_FIRST_PASS_WORK_CORE_DELETE_SAMPLES	0
LIST_EXNEXT_1000_ENTRIES_FIRST_PASS_WORK_CORE_DELETE_SAMPLE_TICKS	0
LIST_EXNEXT_1000_ENTRIES_FIRST_PASS_WORK_CORE_FILE_WRITE_CALLS	0
LIST_EXNEXT_1000_ENTRIES_FIRST_PASS_WORK_CORE_FILE_WRITE_SAMPLES	0
LIST_EXNEXT_1000_ENTRIES_FIRST_PASS_WORK_CORE_FILE_WRITE_SAMPLE_TICKS	0
LIST_EXNEXT_1000_ENTRIES_FIRST_PASS_WORK_CORE_SYNC_CALLS	0
LIST_EXNEXT_1000_ENTRIES_FIRST_PASS_WORK_CORE_SYNC_SAMPLES	0
LIST_EXNEXT_1000_ENTRIES_FIRST_PASS_WORK_CORE_SYNC_SAMPLE_TICKS	0
LIST_EXNEXT_1000_ENTRIES_FIRST_PASS_WORK_IFACE_FREE_CALLS	0
LIST_EXNEXT_1000_ENTRIES_FIRST_PASS_WORK_IFACE_FREE_SAMPLES	0
LIST_EXNEXT_1000_ENTRIES_FIRST_PASS_WORK_IFACE_FREE_SAMPLE_TICKS	0
LIST_EXNEXT_1000_ENTRIES_FIRST_PASS_WORK_SEAL_COMMIT_CALLS	0
LIST_EXNEXT_1000_ENTRIES_FIRST_PASS_WORK_SEAL_COMMIT_SAMPLES	0
LIST_EXNEXT_1000_ENTRIES_FIRST_PASS_WORK_SEAL_COMMIT_SAMPLE_TICKS	0
LIST_EXNEXT_1000_ENTRIES_FIRST_PASS_WORK_INODE_READ_CALLS	1001
LIST_EXNEXT_1000_ENTRIES_FIRST_PASS_WORK_BTREE_SEARCH_CALLS	1002
LIST_EXNEXT_1000_ENTRIES_FIRST_PASS_WORK_BTREE_INDEX_HINT_HITS	0
LIST_EXNEXT_1000_ENTRIES_FIRST_PASS_WORK_BTREE_LEAF_HINT_HITS	939
LIST_EXNEXT_1000_ENTRIES_FIRST_PASS_WORK_CACHE_READ_CALLS	182
LIST_EXNEXT_1000_ENTRIES_FIRST_PASS_WORK_CACHE_READ_HITS	0
LIST_EXNEXT_1000_ENTRIES_FIRST_PASS_WORK_CACHE_READ_MISSES	182
LIST_EXNEXT_1000_ENTRIES_FIRST_PASS_WORK_FREE_TREE_NODE_VIEWS	0
LIST_EXNEXT_1000_ENTRIES_FIRST_PASS_WORK_FREE_TREE_RESIDENT_VIEWS	0
LIST_EXNEXT_1000_ENTRIES_FIRST_PASS_WORK_DIR_TREE_NODE_VIEWS	672
LIST_EXNEXT_1000_ENTRIES_FIRST_PASS_WORK_DIR_TREE_RESIDENT_VIEWS	552
LIST_EXNEXT_1000_ENTRIES_FIRST_PASS_WORK_INODE_TREE_NODE_VIEWS	124
LIST_EXNEXT_1000_ENTRIES_FIRST_PASS_WORK_INODE_TREE_RESIDENT_VIEWS	62
LIST_EXNEXT_1000_ENTRIES_FIRST_PASS_WORK_REFCOUNT_TREE_NODE_VIEWS	0
LIST_EXNEXT_1000_ENTRIES_FIRST_PASS_WORK_REFCOUNT_TREE_RESIDENT_VIEWS	0
LIST_EXNEXT_1000_ENTRIES_FIRST_PASS_WORK_OTHER_TREE_NODE_VIEWS	0
LIST_EXNEXT_1000_ENTRIES_FIRST_PASS_WORK_OTHER_TREE_RESIDENT_VIEWS	0
LIST_EXNEXT_1000_ENTRIES_FIRST_PASS_VOLUME_FLUSH_BIO_READS	0
LIST_EXNEXT_1000_ENTRIES_FIRST_PASS_VOLUME_FLUSH_BIO_WRITES	0
LIST_EXNEXT_1000_ENTRIES_FIRST_PASS_VOLUME_FLUSH_BIO_UPDATES	0
LIST_EXNEXT_1000_ENTRIES_FIRST_PASS_VOLUME_FLUSH_DATA_READS	0
LIST_EXNEXT_1000_ENTRIES_FIRST_PASS_VOLUME_FLUSH_DATA_WRITES	0
LIST_EXNEXT_1000_ENTRIES_FIRST_PASS_VOLUME_FLUSH_NODE_WRITES	0
LIST_EXNEXT_1000_ENTRIES_FIRST_PASS_VOLUME_FLUSH_TXN_COMMITS	0
LIST_EXNEXT_1000_ENTRIES_FIRST_PASS_VOLUME_FLUSH_EXTENT_MAPS	0
LIST_EXNEXT_1000_ENTRIES_FIRST_PASS_VOLUME_FLUSH_READ_TICKS	0
LIST_EXNEXT_1000_ENTRIES_FIRST_PASS_VOLUME_FLUSH_WRITE_TICKS	0
LIST_EXNEXT_1000_ENTRIES_FIRST_PASS_VOLUME_FLUSH_UPDATE_TICKS	0
LIST_EXNEXT_1000_ENTRIES_FIRST_PASS_VOLUME_FLUSH_DATA_READ_TICKS	0
LIST_EXNEXT_1000_ENTRIES_FIRST_PASS_VOLUME_FLUSH_DATA_WRITE_TICKS	0
LIST_EXNEXT_1000_ENTRIES_FIRST_PASS_VOLUME_FLUSH_NODE_CRC_READ_CALLS	0
LIST_EXNEXT_1000_ENTRIES_FIRST_PASS_VOLUME_FLUSH_NODE_CRC_READ_SAMPLES	0
LIST_EXNEXT_1000_ENTRIES_FIRST_PASS_VOLUME_FLUSH_NODE_CRC_READ_SAMPLE_TICKS	0
LIST_EXNEXT_1000_ENTRIES_FIRST_PASS_VOLUME_FLUSH_NODE_CRC_WRITE_CALLS	0
LIST_EXNEXT_1000_ENTRIES_FIRST_PASS_VOLUME_FLUSH_NODE_CRC_WRITE_SAMPLES	0
LIST_EXNEXT_1000_ENTRIES_FIRST_PASS_VOLUME_FLUSH_NODE_CRC_WRITE_SAMPLE_TICKS	0
LIST_EXNEXT_1000_ENTRIES_FIRST_PASS_VOLUME_FLUSH_CLOCK_PAIR_TICKS	0
LIST_EXNEXT_1000_ENTRIES_FIRST_PASS_VOLUME_FLUSH_PACKET_CALLS	0
LIST_EXNEXT_1000_ENTRIES_FIRST_PASS_VOLUME_FLUSH_PACKET_SAMPLES	0
LIST_EXNEXT_1000_ENTRIES_FIRST_PASS_VOLUME_FLUSH_PACKET_SAMPLE_TICKS	0
LIST_EXNEXT_1000_ENTRIES_FIRST_PASS_VOLUME_FLUSH_PACKET_OPEN_CALLS	0
LIST_EXNEXT_1000_ENTRIES_FIRST_PASS_VOLUME_FLUSH_PACKET_OPEN_SAMPLES	0
LIST_EXNEXT_1000_ENTRIES_FIRST_PASS_VOLUME_FLUSH_PACKET_OPEN_SAMPLE_TICKS	0
LIST_EXNEXT_1000_ENTRIES_FIRST_PASS_VOLUME_FLUSH_PACKET_READ_CALLS	0
LIST_EXNEXT_1000_ENTRIES_FIRST_PASS_VOLUME_FLUSH_PACKET_READ_SAMPLES	0
LIST_EXNEXT_1000_ENTRIES_FIRST_PASS_VOLUME_FLUSH_PACKET_READ_SAMPLE_TICKS	0
LIST_EXNEXT_1000_ENTRIES_FIRST_PASS_VOLUME_FLUSH_PACKET_WRITE_CALLS	0
LIST_EXNEXT_1000_ENTRIES_FIRST_PASS_VOLUME_FLUSH_PACKET_WRITE_SAMPLES	0
LIST_EXNEXT_1000_ENTRIES_FIRST_PASS_VOLUME_FLUSH_PACKET_WRITE_SAMPLE_TICKS	0
LIST_EXNEXT_1000_ENTRIES_FIRST_PASS_VOLUME_FLUSH_PACKET_END_CALLS	0
LIST_EXNEXT_1000_ENTRIES_FIRST_PASS_VOLUME_FLUSH_PACKET_END_SAMPLES	0
LIST_EXNEXT_1000_ENTRIES_FIRST_PASS_VOLUME_FLUSH_PACKET_END_SAMPLE_TICKS	0
LIST_EXNEXT_1000_ENTRIES_FIRST_PASS_VOLUME_FLUSH_PACKET_DELETE_CALLS	0
LIST_EXNEXT_1000_ENTRIES_FIRST_PASS_VOLUME_FLUSH_PACKET_DELETE_SAMPLES	0
LIST_EXNEXT_1000_ENTRIES_FIRST_PASS_VOLUME_FLUSH_PACKET_DELETE_SAMPLE_TICKS	0
LIST_EXNEXT_1000_ENTRIES_FIRST_PASS_VOLUME_FLUSH_PACKET_FLUSH_CALLS	0
LIST_EXNEXT_1000_ENTRIES_FIRST_PASS_VOLUME_FLUSH_PACKET_FLUSH_SAMPLES	0
LIST_EXNEXT_1000_ENTRIES_FIRST_PASS_VOLUME_FLUSH_PACKET_FLUSH_SAMPLE_TICKS	0
LIST_EXNEXT_1000_ENTRIES_FIRST_PASS_VOLUME_FLUSH_PACKET_OTHER_CALLS	0
LIST_EXNEXT_1000_ENTRIES_FIRST_PASS_VOLUME_FLUSH_PACKET_OTHER_SAMPLES	0
LIST_EXNEXT_1000_ENTRIES_FIRST_PASS_VOLUME_FLUSH_PACKET_OTHER_SAMPLE_TICKS	0
LIST_EXNEXT_1000_ENTRIES_FIRST_PASS_VOLUME_FLUSH_CORE_CREATE_CALLS	0
LIST_EXNEXT_1000_ENTRIES_FIRST_PASS_VOLUME_FLUSH_CORE_CREATE_SAMPLES	0
LIST_EXNEXT_1000_ENTRIES_FIRST_PASS_VOLUME_FLUSH_CORE_CREATE_SAMPLE_TICKS	0
LIST_EXNEXT_1000_ENTRIES_FIRST_PASS_VOLUME_FLUSH_CORE_DELETE_CALLS	0
LIST_EXNEXT_1000_ENTRIES_FIRST_PASS_VOLUME_FLUSH_CORE_DELETE_SAMPLES	0
LIST_EXNEXT_1000_ENTRIES_FIRST_PASS_VOLUME_FLUSH_CORE_DELETE_SAMPLE_TICKS	0
LIST_EXNEXT_1000_ENTRIES_FIRST_PASS_VOLUME_FLUSH_CORE_FILE_WRITE_CALLS	0
LIST_EXNEXT_1000_ENTRIES_FIRST_PASS_VOLUME_FLUSH_CORE_FILE_WRITE_SAMPLES	0
LIST_EXNEXT_1000_ENTRIES_FIRST_PASS_VOLUME_FLUSH_CORE_FILE_WRITE_SAMPLE_TICKS	0
LIST_EXNEXT_1000_ENTRIES_FIRST_PASS_VOLUME_FLUSH_CORE_SYNC_CALLS	0
LIST_EXNEXT_1000_ENTRIES_FIRST_PASS_VOLUME_FLUSH_CORE_SYNC_SAMPLES	0
LIST_EXNEXT_1000_ENTRIES_FIRST_PASS_VOLUME_FLUSH_CORE_SYNC_SAMPLE_TICKS	0
LIST_EXNEXT_1000_ENTRIES_FIRST_PASS_VOLUME_FLUSH_IFACE_FREE_CALLS	0
LIST_EXNEXT_1000_ENTRIES_FIRST_PASS_VOLUME_FLUSH_IFACE_FREE_SAMPLES	0
LIST_EXNEXT_1000_ENTRIES_FIRST_PASS_VOLUME_FLUSH_IFACE_FREE_SAMPLE_TICKS	0
LIST_EXNEXT_1000_ENTRIES_FIRST_PASS_VOLUME_FLUSH_SEAL_COMMIT_CALLS	0
LIST_EXNEXT_1000_ENTRIES_FIRST_PASS_VOLUME_FLUSH_SEAL_COMMIT_SAMPLES	0
LIST_EXNEXT_1000_ENTRIES_FIRST_PASS_VOLUME_FLUSH_SEAL_COMMIT_SAMPLE_TICKS	0
LIST_EXNEXT_1000_ENTRIES_FIRST_PASS_VOLUME_FLUSH_INODE_READ_CALLS	0
LIST_EXNEXT_1000_ENTRIES_FIRST_PASS_VOLUME_FLUSH_BTREE_SEARCH_CALLS	0
LIST_EXNEXT_1000_ENTRIES_FIRST_PASS_VOLUME_FLUSH_BTREE_INDEX_HINT_HITS	0
LIST_EXNEXT_1000_ENTRIES_FIRST_PASS_VOLUME_FLUSH_BTREE_LEAF_HINT_HITS	0
LIST_EXNEXT_1000_ENTRIES_FIRST_PASS_VOLUME_FLUSH_CACHE_READ_CALLS	0
LIST_EXNEXT_1000_ENTRIES_FIRST_PASS_VOLUME_FLUSH_CACHE_READ_HITS	0
LIST_EXNEXT_1000_ENTRIES_FIRST_PASS_VOLUME_FLUSH_CACHE_READ_MISSES	0
LIST_EXNEXT_1000_ENTRIES_FIRST_PASS_VOLUME_FLUSH_FREE_TREE_NODE_VIEWS	0
LIST_EXNEXT_1000_ENTRIES_FIRST_PASS_VOLUME_FLUSH_FREE_TREE_RESIDENT_VIEWS	0
LIST_EXNEXT_1000_ENTRIES_FIRST_PASS_VOLUME_FLUSH_DIR_TREE_NODE_VIEWS	0
LIST_EXNEXT_1000_ENTRIES_FIRST_PASS_VOLUME_FLUSH_DIR_TREE_RESIDENT_VIEWS	0
LIST_EXNEXT_1000_ENTRIES_FIRST_PASS_VOLUME_FLUSH_INODE_TREE_NODE_VIEWS	0
LIST_EXNEXT_1000_ENTRIES_FIRST_PASS_VOLUME_FLUSH_INODE_TREE_RESIDENT_VIEWS	0
LIST_EXNEXT_1000_ENTRIES_FIRST_PASS_VOLUME_FLUSH_REFCOUNT_TREE_NODE_VIEWS	0
LIST_EXNEXT_1000_ENTRIES_FIRST_PASS_VOLUME_FLUSH_REFCOUNT_TREE_RESIDENT_VIEWS	0
LIST_EXNEXT_1000_ENTRIES_FIRST_PASS_VOLUME_FLUSH_OTHER_TREE_NODE_VIEWS	0
LIST_EXNEXT_1000_ENTRIES_FIRST_PASS_VOLUME_FLUSH_OTHER_TREE_RESIDENT_VIEWS	0
LIST_EXNEXT_1000_ENTRIES_REPEAT10_TOTAL_US	1876149
LIST_EXNEXT_1000_ENTRIES_REPEAT10_TOTAL_WORK_US	1876149
LIST_EXNEXT_1000_ENTRIES_REPEAT10_TOTAL_VOLUME_FLUSH_US	0
LIST_EXNEXT_1000_ENTRIES_REPEAT10_TOTAL_HAS_VOLUME_FLUSH	0
LIST_EXNEXT_1000_ENTRIES_REPEAT10_TOTAL_GUEST_OPEN_CALLS	0
LIST_EXNEXT_1000_ENTRIES_REPEAT10_TOTAL_GUEST_OPEN_US	0
LIST_EXNEXT_1000_ENTRIES_REPEAT10_TOTAL_GUEST_READ_CALLS	0
LIST_EXNEXT_1000_ENTRIES_REPEAT10_TOTAL_GUEST_READ_US	0
LIST_EXNEXT_1000_ENTRIES_REPEAT10_TOTAL_GUEST_WRITE_CALLS	0
LIST_EXNEXT_1000_ENTRIES_REPEAT10_TOTAL_GUEST_WRITE_US	0
LIST_EXNEXT_1000_ENTRIES_REPEAT10_TOTAL_GUEST_HANDLE_FLUSH_CALLS	0
LIST_EXNEXT_1000_ENTRIES_REPEAT10_TOTAL_GUEST_HANDLE_FLUSH_US	0
LIST_EXNEXT_1000_ENTRIES_REPEAT10_TOTAL_GUEST_CLOSE_CALLS	0
LIST_EXNEXT_1000_ENTRIES_REPEAT10_TOTAL_GUEST_CLOSE_US	0
LIST_EXNEXT_1000_ENTRIES_REPEAT10_TOTAL_GUEST_VERIFY_CALLS	0
LIST_EXNEXT_1000_ENTRIES_REPEAT10_TOTAL_GUEST_VERIFY_US	0
LIST_EXNEXT_1000_ENTRIES_REPEAT10_TOTAL_WORK_BIO_READS	1840
LIST_EXNEXT_1000_ENTRIES_REPEAT10_TOTAL_WORK_BIO_WRITES	0
LIST_EXNEXT_1000_ENTRIES_REPEAT10_TOTAL_WORK_BIO_UPDATES	0
LIST_EXNEXT_1000_ENTRIES_REPEAT10_TOTAL_WORK_DATA_READS	0
LIST_EXNEXT_1000_ENTRIES_REPEAT10_TOTAL_WORK_DATA_WRITES	0
LIST_EXNEXT_1000_ENTRIES_REPEAT10_TOTAL_WORK_NODE_WRITES	0
LIST_EXNEXT_1000_ENTRIES_REPEAT10_TOTAL_WORK_TXN_COMMITS	0
LIST_EXNEXT_1000_ENTRIES_REPEAT10_TOTAL_WORK_EXTENT_MAPS	0
LIST_EXNEXT_1000_ENTRIES_REPEAT10_TOTAL_WORK_READ_TICKS	132277
LIST_EXNEXT_1000_ENTRIES_REPEAT10_TOTAL_WORK_WRITE_TICKS	0
LIST_EXNEXT_1000_ENTRIES_REPEAT10_TOTAL_WORK_UPDATE_TICKS	0
LIST_EXNEXT_1000_ENTRIES_REPEAT10_TOTAL_WORK_DATA_READ_TICKS	0
LIST_EXNEXT_1000_ENTRIES_REPEAT10_TOTAL_WORK_DATA_WRITE_TICKS	0
LIST_EXNEXT_1000_ENTRIES_REPEAT10_TOTAL_WORK_NODE_CRC_READ_CALLS	1840
LIST_EXNEXT_1000_ENTRIES_REPEAT10_TOTAL_WORK_NODE_CRC_READ_SAMPLES	1840
LIST_EXNEXT_1000_ENTRIES_REPEAT10_TOTAL_WORK_NODE_CRC_READ_SAMPLE_TICKS	265706
LIST_EXNEXT_1000_ENTRIES_REPEAT10_TOTAL_WORK_NODE_CRC_WRITE_CALLS	0
LIST_EXNEXT_1000_ENTRIES_REPEAT10_TOTAL_WORK_NODE_CRC_WRITE_SAMPLES	0
LIST_EXNEXT_1000_ENTRIES_REPEAT10_TOTAL_WORK_NODE_CRC_WRITE_SAMPLE_TICKS	0
LIST_EXNEXT_1000_ENTRIES_REPEAT10_TOTAL_WORK_CLOCK_PAIR_TICKS	0
LIST_EXNEXT_1000_ENTRIES_REPEAT10_TOTAL_WORK_PACKET_CALLS	10022
LIST_EXNEXT_1000_ENTRIES_REPEAT10_TOTAL_WORK_PACKET_SAMPLES	10022
LIST_EXNEXT_1000_ENTRIES_REPEAT10_TOTAL_WORK_PACKET_SAMPLE_TICKS	1130476
LIST_EXNEXT_1000_ENTRIES_REPEAT10_TOTAL_WORK_PACKET_OPEN_CALLS	0
LIST_EXNEXT_1000_ENTRIES_REPEAT10_TOTAL_WORK_PACKET_OPEN_SAMPLES	0
LIST_EXNEXT_1000_ENTRIES_REPEAT10_TOTAL_WORK_PACKET_OPEN_SAMPLE_TICKS	0
LIST_EXNEXT_1000_ENTRIES_REPEAT10_TOTAL_WORK_PACKET_READ_CALLS	0
LIST_EXNEXT_1000_ENTRIES_REPEAT10_TOTAL_WORK_PACKET_READ_SAMPLES	0
LIST_EXNEXT_1000_ENTRIES_REPEAT10_TOTAL_WORK_PACKET_READ_SAMPLE_TICKS	0
LIST_EXNEXT_1000_ENTRIES_REPEAT10_TOTAL_WORK_PACKET_WRITE_CALLS	0
LIST_EXNEXT_1000_ENTRIES_REPEAT10_TOTAL_WORK_PACKET_WRITE_SAMPLES	0
LIST_EXNEXT_1000_ENTRIES_REPEAT10_TOTAL_WORK_PACKET_WRITE_SAMPLE_TICKS	0
LIST_EXNEXT_1000_ENTRIES_REPEAT10_TOTAL_WORK_PACKET_END_CALLS	0
LIST_EXNEXT_1000_ENTRIES_REPEAT10_TOTAL_WORK_PACKET_END_SAMPLES	0
LIST_EXNEXT_1000_ENTRIES_REPEAT10_TOTAL_WORK_PACKET_END_SAMPLE_TICKS	0
LIST_EXNEXT_1000_ENTRIES_REPEAT10_TOTAL_WORK_PACKET_DELETE_CALLS	0
LIST_EXNEXT_1000_ENTRIES_REPEAT10_TOTAL_WORK_PACKET_DELETE_SAMPLES	0
LIST_EXNEXT_1000_ENTRIES_REPEAT10_TOTAL_WORK_PACKET_DELETE_SAMPLE_TICKS	0
LIST_EXNEXT_1000_ENTRIES_REPEAT10_TOTAL_WORK_PACKET_FLUSH_CALLS	0
LIST_EXNEXT_1000_ENTRIES_REPEAT10_TOTAL_WORK_PACKET_FLUSH_SAMPLES	0
LIST_EXNEXT_1000_ENTRIES_REPEAT10_TOTAL_WORK_PACKET_FLUSH_SAMPLE_TICKS	0
LIST_EXNEXT_1000_ENTRIES_REPEAT10_TOTAL_WORK_PACKET_OTHER_CALLS	10022
LIST_EXNEXT_1000_ENTRIES_REPEAT10_TOTAL_WORK_PACKET_OTHER_SAMPLES	10022
LIST_EXNEXT_1000_ENTRIES_REPEAT10_TOTAL_WORK_PACKET_OTHER_SAMPLE_TICKS	1130476
LIST_EXNEXT_1000_ENTRIES_REPEAT10_TOTAL_WORK_CORE_CREATE_CALLS	0
LIST_EXNEXT_1000_ENTRIES_REPEAT10_TOTAL_WORK_CORE_CREATE_SAMPLES	0
LIST_EXNEXT_1000_ENTRIES_REPEAT10_TOTAL_WORK_CORE_CREATE_SAMPLE_TICKS	0
LIST_EXNEXT_1000_ENTRIES_REPEAT10_TOTAL_WORK_CORE_DELETE_CALLS	0
LIST_EXNEXT_1000_ENTRIES_REPEAT10_TOTAL_WORK_CORE_DELETE_SAMPLES	0
LIST_EXNEXT_1000_ENTRIES_REPEAT10_TOTAL_WORK_CORE_DELETE_SAMPLE_TICKS	0
LIST_EXNEXT_1000_ENTRIES_REPEAT10_TOTAL_WORK_CORE_FILE_WRITE_CALLS	0
LIST_EXNEXT_1000_ENTRIES_REPEAT10_TOTAL_WORK_CORE_FILE_WRITE_SAMPLES	0
LIST_EXNEXT_1000_ENTRIES_REPEAT10_TOTAL_WORK_CORE_FILE_WRITE_SAMPLE_TICKS	0
LIST_EXNEXT_1000_ENTRIES_REPEAT10_TOTAL_WORK_CORE_SYNC_CALLS	0
LIST_EXNEXT_1000_ENTRIES_REPEAT10_TOTAL_WORK_CORE_SYNC_SAMPLES	0
LIST_EXNEXT_1000_ENTRIES_REPEAT10_TOTAL_WORK_CORE_SYNC_SAMPLE_TICKS	0
LIST_EXNEXT_1000_ENTRIES_REPEAT10_TOTAL_WORK_IFACE_FREE_CALLS	0
LIST_EXNEXT_1000_ENTRIES_REPEAT10_TOTAL_WORK_IFACE_FREE_SAMPLES	0
LIST_EXNEXT_1000_ENTRIES_REPEAT10_TOTAL_WORK_IFACE_FREE_SAMPLE_TICKS	0
LIST_EXNEXT_1000_ENTRIES_REPEAT10_TOTAL_WORK_SEAL_COMMIT_CALLS	0
LIST_EXNEXT_1000_ENTRIES_REPEAT10_TOTAL_WORK_SEAL_COMMIT_SAMPLES	0
LIST_EXNEXT_1000_ENTRIES_REPEAT10_TOTAL_WORK_SEAL_COMMIT_SAMPLE_TICKS	0
LIST_EXNEXT_1000_ENTRIES_REPEAT10_TOTAL_WORK_INODE_READ_CALLS	10010
LIST_EXNEXT_1000_ENTRIES_REPEAT10_TOTAL_WORK_BTREE_SEARCH_CALLS	10011
LIST_EXNEXT_1000_ENTRIES_REPEAT10_TOTAL_WORK_BTREE_INDEX_HINT_HITS	0
LIST_EXNEXT_1000_ENTRIES_REPEAT10_TOTAL_WORK_BTREE_LEAF_HINT_HITS	9410
LIST_EXNEXT_1000_ENTRIES_REPEAT10_TOTAL_WORK_CACHE_READ_CALLS	1840
LIST_EXNEXT_1000_ENTRIES_REPEAT10_TOTAL_WORK_CACHE_READ_HITS	0
LIST_EXNEXT_1000_ENTRIES_REPEAT10_TOTAL_WORK_CACHE_READ_MISSES	1840
LIST_EXNEXT_1000_ENTRIES_REPEAT10_TOTAL_WORK_FREE_TREE_NODE_VIEWS	0
LIST_EXNEXT_1000_ENTRIES_REPEAT10_TOTAL_WORK_FREE_TREE_RESIDENT_VIEWS	0
LIST_EXNEXT_1000_ENTRIES_REPEAT10_TOTAL_WORK_DIR_TREE_NODE_VIEWS	6684
LIST_EXNEXT_1000_ENTRIES_REPEAT10_TOTAL_WORK_DIR_TREE_RESIDENT_VIEWS	5444
LIST_EXNEXT_1000_ENTRIES_REPEAT10_TOTAL_WORK_INODE_TREE_NODE_VIEWS	1200
LIST_EXNEXT_1000_ENTRIES_REPEAT10_TOTAL_WORK_INODE_TREE_RESIDENT_VIEWS	600
LIST_EXNEXT_1000_ENTRIES_REPEAT10_TOTAL_WORK_REFCOUNT_TREE_NODE_VIEWS	0
LIST_EXNEXT_1000_ENTRIES_REPEAT10_TOTAL_WORK_REFCOUNT_TREE_RESIDENT_VIEWS	0
LIST_EXNEXT_1000_ENTRIES_REPEAT10_TOTAL_WORK_OTHER_TREE_NODE_VIEWS	0
LIST_EXNEXT_1000_ENTRIES_REPEAT10_TOTAL_WORK_OTHER_TREE_RESIDENT_VIEWS	0
LIST_EXNEXT_1000_ENTRIES_REPEAT10_TOTAL_VOLUME_FLUSH_BIO_READS	0
LIST_EXNEXT_1000_ENTRIES_REPEAT10_TOTAL_VOLUME_FLUSH_BIO_WRITES	0
LIST_EXNEXT_1000_ENTRIES_REPEAT10_TOTAL_VOLUME_FLUSH_BIO_UPDATES	0
LIST_EXNEXT_1000_ENTRIES_REPEAT10_TOTAL_VOLUME_FLUSH_DATA_READS	0
LIST_EXNEXT_1000_ENTRIES_REPEAT10_TOTAL_VOLUME_FLUSH_DATA_WRITES	0
LIST_EXNEXT_1000_ENTRIES_REPEAT10_TOTAL_VOLUME_FLUSH_NODE_WRITES	0
LIST_EXNEXT_1000_ENTRIES_REPEAT10_TOTAL_VOLUME_FLUSH_TXN_COMMITS	0
LIST_EXNEXT_1000_ENTRIES_REPEAT10_TOTAL_VOLUME_FLUSH_EXTENT_MAPS	0
LIST_EXNEXT_1000_ENTRIES_REPEAT10_TOTAL_VOLUME_FLUSH_READ_TICKS	0
LIST_EXNEXT_1000_ENTRIES_REPEAT10_TOTAL_VOLUME_FLUSH_WRITE_TICKS	0
LIST_EXNEXT_1000_ENTRIES_REPEAT10_TOTAL_VOLUME_FLUSH_UPDATE_TICKS	0
LIST_EXNEXT_1000_ENTRIES_REPEAT10_TOTAL_VOLUME_FLUSH_DATA_READ_TICKS	0
LIST_EXNEXT_1000_ENTRIES_REPEAT10_TOTAL_VOLUME_FLUSH_DATA_WRITE_TICKS	0
LIST_EXNEXT_1000_ENTRIES_REPEAT10_TOTAL_VOLUME_FLUSH_NODE_CRC_READ_CALLS	0
LIST_EXNEXT_1000_ENTRIES_REPEAT10_TOTAL_VOLUME_FLUSH_NODE_CRC_READ_SAMPLES	0
LIST_EXNEXT_1000_ENTRIES_REPEAT10_TOTAL_VOLUME_FLUSH_NODE_CRC_READ_SAMPLE_TICKS	0
LIST_EXNEXT_1000_ENTRIES_REPEAT10_TOTAL_VOLUME_FLUSH_NODE_CRC_WRITE_CALLS	0
LIST_EXNEXT_1000_ENTRIES_REPEAT10_TOTAL_VOLUME_FLUSH_NODE_CRC_WRITE_SAMPLES	0
LIST_EXNEXT_1000_ENTRIES_REPEAT10_TOTAL_VOLUME_FLUSH_NODE_CRC_WRITE_SAMPLE_TICKS	0
LIST_EXNEXT_1000_ENTRIES_REPEAT10_TOTAL_VOLUME_FLUSH_CLOCK_PAIR_TICKS	0
LIST_EXNEXT_1000_ENTRIES_REPEAT10_TOTAL_VOLUME_FLUSH_PACKET_CALLS	0
LIST_EXNEXT_1000_ENTRIES_REPEAT10_TOTAL_VOLUME_FLUSH_PACKET_SAMPLES	0
LIST_EXNEXT_1000_ENTRIES_REPEAT10_TOTAL_VOLUME_FLUSH_PACKET_SAMPLE_TICKS	0
LIST_EXNEXT_1000_ENTRIES_REPEAT10_TOTAL_VOLUME_FLUSH_PACKET_OPEN_CALLS	0
LIST_EXNEXT_1000_ENTRIES_REPEAT10_TOTAL_VOLUME_FLUSH_PACKET_OPEN_SAMPLES	0
LIST_EXNEXT_1000_ENTRIES_REPEAT10_TOTAL_VOLUME_FLUSH_PACKET_OPEN_SAMPLE_TICKS	0
LIST_EXNEXT_1000_ENTRIES_REPEAT10_TOTAL_VOLUME_FLUSH_PACKET_READ_CALLS	0
LIST_EXNEXT_1000_ENTRIES_REPEAT10_TOTAL_VOLUME_FLUSH_PACKET_READ_SAMPLES	0
LIST_EXNEXT_1000_ENTRIES_REPEAT10_TOTAL_VOLUME_FLUSH_PACKET_READ_SAMPLE_TICKS	0
LIST_EXNEXT_1000_ENTRIES_REPEAT10_TOTAL_VOLUME_FLUSH_PACKET_WRITE_CALLS	0
LIST_EXNEXT_1000_ENTRIES_REPEAT10_TOTAL_VOLUME_FLUSH_PACKET_WRITE_SAMPLES	0
LIST_EXNEXT_1000_ENTRIES_REPEAT10_TOTAL_VOLUME_FLUSH_PACKET_WRITE_SAMPLE_TICKS	0
LIST_EXNEXT_1000_ENTRIES_REPEAT10_TOTAL_VOLUME_FLUSH_PACKET_END_CALLS	0
LIST_EXNEXT_1000_ENTRIES_REPEAT10_TOTAL_VOLUME_FLUSH_PACKET_END_SAMPLES	0
LIST_EXNEXT_1000_ENTRIES_REPEAT10_TOTAL_VOLUME_FLUSH_PACKET_END_SAMPLE_TICKS	0
LIST_EXNEXT_1000_ENTRIES_REPEAT10_TOTAL_VOLUME_FLUSH_PACKET_DELETE_CALLS	0
LIST_EXNEXT_1000_ENTRIES_REPEAT10_TOTAL_VOLUME_FLUSH_PACKET_DELETE_SAMPLES	0
LIST_EXNEXT_1000_ENTRIES_REPEAT10_TOTAL_VOLUME_FLUSH_PACKET_DELETE_SAMPLE_TICKS	0
LIST_EXNEXT_1000_ENTRIES_REPEAT10_TOTAL_VOLUME_FLUSH_PACKET_FLUSH_CALLS	0
LIST_EXNEXT_1000_ENTRIES_REPEAT10_TOTAL_VOLUME_FLUSH_PACKET_FLUSH_SAMPLES	0
LIST_EXNEXT_1000_ENTRIES_REPEAT10_TOTAL_VOLUME_FLUSH_PACKET_FLUSH_SAMPLE_TICKS	0
LIST_EXNEXT_1000_ENTRIES_REPEAT10_TOTAL_VOLUME_FLUSH_PACKET_OTHER_CALLS	0
LIST_EXNEXT_1000_ENTRIES_REPEAT10_TOTAL_VOLUME_FLUSH_PACKET_OTHER_SAMPLES	0
LIST_EXNEXT_1000_ENTRIES_REPEAT10_TOTAL_VOLUME_FLUSH_PACKET_OTHER_SAMPLE_TICKS	0
LIST_EXNEXT_1000_ENTRIES_REPEAT10_TOTAL_VOLUME_FLUSH_CORE_CREATE_CALLS	0
LIST_EXNEXT_1000_ENTRIES_REPEAT10_TOTAL_VOLUME_FLUSH_CORE_CREATE_SAMPLES	0
LIST_EXNEXT_1000_ENTRIES_REPEAT10_TOTAL_VOLUME_FLUSH_CORE_CREATE_SAMPLE_TICKS	0
LIST_EXNEXT_1000_ENTRIES_REPEAT10_TOTAL_VOLUME_FLUSH_CORE_DELETE_CALLS	0
LIST_EXNEXT_1000_ENTRIES_REPEAT10_TOTAL_VOLUME_FLUSH_CORE_DELETE_SAMPLES	0
LIST_EXNEXT_1000_ENTRIES_REPEAT10_TOTAL_VOLUME_FLUSH_CORE_DELETE_SAMPLE_TICKS	0
LIST_EXNEXT_1000_ENTRIES_REPEAT10_TOTAL_VOLUME_FLUSH_CORE_FILE_WRITE_CALLS	0
LIST_EXNEXT_1000_ENTRIES_REPEAT10_TOTAL_VOLUME_FLUSH_CORE_FILE_WRITE_SAMPLES	0
LIST_EXNEXT_1000_ENTRIES_REPEAT10_TOTAL_VOLUME_FLUSH_CORE_FILE_WRITE_SAMPLE_TICKS	0
LIST_EXNEXT_1000_ENTRIES_REPEAT10_TOTAL_VOLUME_FLUSH_CORE_SYNC_CALLS	0
LIST_EXNEXT_1000_ENTRIES_REPEAT10_TOTAL_VOLUME_FLUSH_CORE_SYNC_SAMPLES	0
LIST_EXNEXT_1000_ENTRIES_REPEAT10_TOTAL_VOLUME_FLUSH_CORE_SYNC_SAMPLE_TICKS	0
LIST_EXNEXT_1000_ENTRIES_REPEAT10_TOTAL_VOLUME_FLUSH_IFACE_FREE_CALLS	0
LIST_EXNEXT_1000_ENTRIES_REPEAT10_TOTAL_VOLUME_FLUSH_IFACE_FREE_SAMPLES	0
LIST_EXNEXT_1000_ENTRIES_REPEAT10_TOTAL_VOLUME_FLUSH_IFACE_FREE_SAMPLE_TICKS	0
LIST_EXNEXT_1000_ENTRIES_REPEAT10_TOTAL_VOLUME_FLUSH_SEAL_COMMIT_CALLS	0
LIST_EXNEXT_1000_ENTRIES_REPEAT10_TOTAL_VOLUME_FLUSH_SEAL_COMMIT_SAMPLES	0
LIST_EXNEXT_1000_ENTRIES_REPEAT10_TOTAL_VOLUME_FLUSH_SEAL_COMMIT_SAMPLE_TICKS	0
LIST_EXNEXT_1000_ENTRIES_REPEAT10_TOTAL_VOLUME_FLUSH_INODE_READ_CALLS	0
LIST_EXNEXT_1000_ENTRIES_REPEAT10_TOTAL_VOLUME_FLUSH_BTREE_SEARCH_CALLS	0
LIST_EXNEXT_1000_ENTRIES_REPEAT10_TOTAL_VOLUME_FLUSH_BTREE_INDEX_HINT_HITS	0
LIST_EXNEXT_1000_ENTRIES_REPEAT10_TOTAL_VOLUME_FLUSH_BTREE_LEAF_HINT_HITS	0
LIST_EXNEXT_1000_ENTRIES_REPEAT10_TOTAL_VOLUME_FLUSH_CACHE_READ_CALLS	0
LIST_EXNEXT_1000_ENTRIES_REPEAT10_TOTAL_VOLUME_FLUSH_CACHE_READ_HITS	0
LIST_EXNEXT_1000_ENTRIES_REPEAT10_TOTAL_VOLUME_FLUSH_CACHE_READ_MISSES	0
LIST_EXNEXT_1000_ENTRIES_REPEAT10_TOTAL_VOLUME_FLUSH_FREE_TREE_NODE_VIEWS	0
LIST_EXNEXT_1000_ENTRIES_REPEAT10_TOTAL_VOLUME_FLUSH_FREE_TREE_RESIDENT_VIEWS	0
LIST_EXNEXT_1000_ENTRIES_REPEAT10_TOTAL_VOLUME_FLUSH_DIR_TREE_NODE_VIEWS	0
LIST_EXNEXT_1000_ENTRIES_REPEAT10_TOTAL_VOLUME_FLUSH_DIR_TREE_RESIDENT_VIEWS	0
LIST_EXNEXT_1000_ENTRIES_REPEAT10_TOTAL_VOLUME_FLUSH_INODE_TREE_NODE_VIEWS	0
LIST_EXNEXT_1000_ENTRIES_REPEAT10_TOTAL_VOLUME_FLUSH_INODE_TREE_RESIDENT_VIEWS	0
LIST_EXNEXT_1000_ENTRIES_REPEAT10_TOTAL_VOLUME_FLUSH_REFCOUNT_TREE_NODE_VIEWS	0
LIST_EXNEXT_1000_ENTRIES_REPEAT10_TOTAL_VOLUME_FLUSH_REFCOUNT_TREE_RESIDENT_VIEWS	0
LIST_EXNEXT_1000_ENTRIES_REPEAT10_TOTAL_VOLUME_FLUSH_OTHER_TREE_NODE_VIEWS	0
LIST_EXNEXT_1000_ENTRIES_REPEAT10_TOTAL_VOLUME_FLUSH_OTHER_TREE_RESIDENT_VIEWS	0
LIST_EXALL_1000_ENTRIES_FIRST_PASS_US	108671
LIST_EXALL_1000_ENTRIES_FIRST_PASS_WORK_US	108671
LIST_EXALL_1000_ENTRIES_FIRST_PASS_VOLUME_FLUSH_US	0
LIST_EXALL_1000_ENTRIES_FIRST_PASS_HAS_VOLUME_FLUSH	0
LIST_EXALL_1000_ENTRIES_FIRST_PASS_GUEST_OPEN_CALLS	0
LIST_EXALL_1000_ENTRIES_FIRST_PASS_GUEST_OPEN_US	0
LIST_EXALL_1000_ENTRIES_FIRST_PASS_GUEST_READ_CALLS	0
LIST_EXALL_1000_ENTRIES_FIRST_PASS_GUEST_READ_US	0
LIST_EXALL_1000_ENTRIES_FIRST_PASS_GUEST_WRITE_CALLS	0
LIST_EXALL_1000_ENTRIES_FIRST_PASS_GUEST_WRITE_US	0
LIST_EXALL_1000_ENTRIES_FIRST_PASS_GUEST_HANDLE_FLUSH_CALLS	0
LIST_EXALL_1000_ENTRIES_FIRST_PASS_GUEST_HANDLE_FLUSH_US	0
LIST_EXALL_1000_ENTRIES_FIRST_PASS_GUEST_CLOSE_CALLS	0
LIST_EXALL_1000_ENTRIES_FIRST_PASS_GUEST_CLOSE_US	0
LIST_EXALL_1000_ENTRIES_FIRST_PASS_GUEST_VERIFY_CALLS	0
LIST_EXALL_1000_ENTRIES_FIRST_PASS_GUEST_VERIFY_US	0
LIST_EXALL_1000_ENTRIES_FIRST_PASS_WORK_BIO_READS	175
LIST_EXALL_1000_ENTRIES_FIRST_PASS_WORK_BIO_WRITES	0
LIST_EXALL_1000_ENTRIES_FIRST_PASS_WORK_BIO_UPDATES	0
LIST_EXALL_1000_ENTRIES_FIRST_PASS_WORK_DATA_READS	0
LIST_EXALL_1000_ENTRIES_FIRST_PASS_WORK_DATA_WRITES	0
LIST_EXALL_1000_ENTRIES_FIRST_PASS_WORK_NODE_WRITES	0
LIST_EXALL_1000_ENTRIES_FIRST_PASS_WORK_TXN_COMMITS	0
LIST_EXALL_1000_ENTRIES_FIRST_PASS_WORK_EXTENT_MAPS	0
LIST_EXALL_1000_ENTRIES_FIRST_PASS_WORK_READ_TICKS	11577
LIST_EXALL_1000_ENTRIES_FIRST_PASS_WORK_WRITE_TICKS	0
LIST_EXALL_1000_ENTRIES_FIRST_PASS_WORK_UPDATE_TICKS	0
LIST_EXALL_1000_ENTRIES_FIRST_PASS_WORK_DATA_READ_TICKS	0
LIST_EXALL_1000_ENTRIES_FIRST_PASS_WORK_DATA_WRITE_TICKS	0
LIST_EXALL_1000_ENTRIES_FIRST_PASS_WORK_NODE_CRC_READ_CALLS	175
LIST_EXALL_1000_ENTRIES_FIRST_PASS_WORK_NODE_CRC_READ_SAMPLES	175
LIST_EXALL_1000_ENTRIES_FIRST_PASS_WORK_NODE_CRC_READ_SAMPLE_TICKS	25109
LIST_EXALL_1000_ENTRIES_FIRST_PASS_WORK_NODE_CRC_WRITE_CALLS	0
LIST_EXALL_1000_ENTRIES_FIRST_PASS_WORK_NODE_CRC_WRITE_SAMPLES	0
LIST_EXALL_1000_ENTRIES_FIRST_PASS_WORK_NODE_CRC_WRITE_SAMPLE_TICKS	0
LIST_EXALL_1000_ENTRIES_FIRST_PASS_WORK_CLOCK_PAIR_TICKS	0
LIST_EXALL_1000_ENTRIES_FIRST_PASS_WORK_PACKET_CALLS	13
LIST_EXALL_1000_ENTRIES_FIRST_PASS_WORK_PACKET_SAMPLES	13
LIST_EXALL_1000_ENTRIES_FIRST_PASS_WORK_PACKET_SAMPLE_TICKS	75998
LIST_EXALL_1000_ENTRIES_FIRST_PASS_WORK_PACKET_OPEN_CALLS	0
LIST_EXALL_1000_ENTRIES_FIRST_PASS_WORK_PACKET_OPEN_SAMPLES	0
LIST_EXALL_1000_ENTRIES_FIRST_PASS_WORK_PACKET_OPEN_SAMPLE_TICKS	0
LIST_EXALL_1000_ENTRIES_FIRST_PASS_WORK_PACKET_READ_CALLS	0
LIST_EXALL_1000_ENTRIES_FIRST_PASS_WORK_PACKET_READ_SAMPLES	0
LIST_EXALL_1000_ENTRIES_FIRST_PASS_WORK_PACKET_READ_SAMPLE_TICKS	0
LIST_EXALL_1000_ENTRIES_FIRST_PASS_WORK_PACKET_WRITE_CALLS	0
LIST_EXALL_1000_ENTRIES_FIRST_PASS_WORK_PACKET_WRITE_SAMPLES	0
LIST_EXALL_1000_ENTRIES_FIRST_PASS_WORK_PACKET_WRITE_SAMPLE_TICKS	0
LIST_EXALL_1000_ENTRIES_FIRST_PASS_WORK_PACKET_END_CALLS	0
LIST_EXALL_1000_ENTRIES_FIRST_PASS_WORK_PACKET_END_SAMPLES	0
LIST_EXALL_1000_ENTRIES_FIRST_PASS_WORK_PACKET_END_SAMPLE_TICKS	0
LIST_EXALL_1000_ENTRIES_FIRST_PASS_WORK_PACKET_DELETE_CALLS	0
LIST_EXALL_1000_ENTRIES_FIRST_PASS_WORK_PACKET_DELETE_SAMPLES	0
LIST_EXALL_1000_ENTRIES_FIRST_PASS_WORK_PACKET_DELETE_SAMPLE_TICKS	0
LIST_EXALL_1000_ENTRIES_FIRST_PASS_WORK_PACKET_FLUSH_CALLS	0
LIST_EXALL_1000_ENTRIES_FIRST_PASS_WORK_PACKET_FLUSH_SAMPLES	0
LIST_EXALL_1000_ENTRIES_FIRST_PASS_WORK_PACKET_FLUSH_SAMPLE_TICKS	0
LIST_EXALL_1000_ENTRIES_FIRST_PASS_WORK_PACKET_OTHER_CALLS	13
LIST_EXALL_1000_ENTRIES_FIRST_PASS_WORK_PACKET_OTHER_SAMPLES	13
LIST_EXALL_1000_ENTRIES_FIRST_PASS_WORK_PACKET_OTHER_SAMPLE_TICKS	75998
LIST_EXALL_1000_ENTRIES_FIRST_PASS_WORK_CORE_CREATE_CALLS	0
LIST_EXALL_1000_ENTRIES_FIRST_PASS_WORK_CORE_CREATE_SAMPLES	0
LIST_EXALL_1000_ENTRIES_FIRST_PASS_WORK_CORE_CREATE_SAMPLE_TICKS	0
LIST_EXALL_1000_ENTRIES_FIRST_PASS_WORK_CORE_DELETE_CALLS	0
LIST_EXALL_1000_ENTRIES_FIRST_PASS_WORK_CORE_DELETE_SAMPLES	0
LIST_EXALL_1000_ENTRIES_FIRST_PASS_WORK_CORE_DELETE_SAMPLE_TICKS	0
LIST_EXALL_1000_ENTRIES_FIRST_PASS_WORK_CORE_FILE_WRITE_CALLS	0
LIST_EXALL_1000_ENTRIES_FIRST_PASS_WORK_CORE_FILE_WRITE_SAMPLES	0
LIST_EXALL_1000_ENTRIES_FIRST_PASS_WORK_CORE_FILE_WRITE_SAMPLE_TICKS	0
LIST_EXALL_1000_ENTRIES_FIRST_PASS_WORK_CORE_SYNC_CALLS	0
LIST_EXALL_1000_ENTRIES_FIRST_PASS_WORK_CORE_SYNC_SAMPLES	0
LIST_EXALL_1000_ENTRIES_FIRST_PASS_WORK_CORE_SYNC_SAMPLE_TICKS	0
LIST_EXALL_1000_ENTRIES_FIRST_PASS_WORK_IFACE_FREE_CALLS	0
LIST_EXALL_1000_ENTRIES_FIRST_PASS_WORK_IFACE_FREE_SAMPLES	0
LIST_EXALL_1000_ENTRIES_FIRST_PASS_WORK_IFACE_FREE_SAMPLE_TICKS	0
LIST_EXALL_1000_ENTRIES_FIRST_PASS_WORK_SEAL_COMMIT_CALLS	0
LIST_EXALL_1000_ENTRIES_FIRST_PASS_WORK_SEAL_COMMIT_SAMPLES	0
LIST_EXALL_1000_ENTRIES_FIRST_PASS_WORK_SEAL_COMMIT_SAMPLE_TICKS	0
LIST_EXALL_1000_ENTRIES_FIRST_PASS_WORK_INODE_READ_CALLS	1010
LIST_EXALL_1000_ENTRIES_FIRST_PASS_WORK_BTREE_SEARCH_CALLS	1011
LIST_EXALL_1000_ENTRIES_FIRST_PASS_WORK_BTREE_INDEX_HINT_HITS	10
LIST_EXALL_1000_ENTRIES_FIRST_PASS_WORK_BTREE_LEAF_HINT_HITS	941
LIST_EXALL_1000_ENTRIES_FIRST_PASS_WORK_CACHE_READ_CALLS	175
LIST_EXALL_1000_ENTRIES_FIRST_PASS_WORK_CACHE_READ_HITS	0
LIST_EXALL_1000_ENTRIES_FIRST_PASS_WORK_CACHE_READ_MISSES	175
LIST_EXALL_1000_ENTRIES_FIRST_PASS_WORK_FREE_TREE_NODE_VIEWS	0
LIST_EXALL_1000_ENTRIES_FIRST_PASS_WORK_FREE_TREE_RESIDENT_VIEWS	0
LIST_EXALL_1000_ENTRIES_FIRST_PASS_WORK_DIR_TREE_NODE_VIEWS	283
LIST_EXALL_1000_ENTRIES_FIRST_PASS_WORK_DIR_TREE_RESIDENT_VIEWS	167
LIST_EXALL_1000_ENTRIES_FIRST_PASS_WORK_INODE_TREE_NODE_VIEWS	118
LIST_EXALL_1000_ENTRIES_FIRST_PASS_WORK_INODE_TREE_RESIDENT_VIEWS	59
LIST_EXALL_1000_ENTRIES_FIRST_PASS_WORK_REFCOUNT_TREE_NODE_VIEWS	0
LIST_EXALL_1000_ENTRIES_FIRST_PASS_WORK_REFCOUNT_TREE_RESIDENT_VIEWS	0
LIST_EXALL_1000_ENTRIES_FIRST_PASS_WORK_OTHER_TREE_NODE_VIEWS	0
LIST_EXALL_1000_ENTRIES_FIRST_PASS_WORK_OTHER_TREE_RESIDENT_VIEWS	0
LIST_EXALL_1000_ENTRIES_FIRST_PASS_VOLUME_FLUSH_BIO_READS	0
LIST_EXALL_1000_ENTRIES_FIRST_PASS_VOLUME_FLUSH_BIO_WRITES	0
LIST_EXALL_1000_ENTRIES_FIRST_PASS_VOLUME_FLUSH_BIO_UPDATES	0
LIST_EXALL_1000_ENTRIES_FIRST_PASS_VOLUME_FLUSH_DATA_READS	0
LIST_EXALL_1000_ENTRIES_FIRST_PASS_VOLUME_FLUSH_DATA_WRITES	0
LIST_EXALL_1000_ENTRIES_FIRST_PASS_VOLUME_FLUSH_NODE_WRITES	0
LIST_EXALL_1000_ENTRIES_FIRST_PASS_VOLUME_FLUSH_TXN_COMMITS	0
LIST_EXALL_1000_ENTRIES_FIRST_PASS_VOLUME_FLUSH_EXTENT_MAPS	0
LIST_EXALL_1000_ENTRIES_FIRST_PASS_VOLUME_FLUSH_READ_TICKS	0
LIST_EXALL_1000_ENTRIES_FIRST_PASS_VOLUME_FLUSH_WRITE_TICKS	0
LIST_EXALL_1000_ENTRIES_FIRST_PASS_VOLUME_FLUSH_UPDATE_TICKS	0
LIST_EXALL_1000_ENTRIES_FIRST_PASS_VOLUME_FLUSH_DATA_READ_TICKS	0
LIST_EXALL_1000_ENTRIES_FIRST_PASS_VOLUME_FLUSH_DATA_WRITE_TICKS	0
LIST_EXALL_1000_ENTRIES_FIRST_PASS_VOLUME_FLUSH_NODE_CRC_READ_CALLS	0
LIST_EXALL_1000_ENTRIES_FIRST_PASS_VOLUME_FLUSH_NODE_CRC_READ_SAMPLES	0
LIST_EXALL_1000_ENTRIES_FIRST_PASS_VOLUME_FLUSH_NODE_CRC_READ_SAMPLE_TICKS	0
LIST_EXALL_1000_ENTRIES_FIRST_PASS_VOLUME_FLUSH_NODE_CRC_WRITE_CALLS	0
LIST_EXALL_1000_ENTRIES_FIRST_PASS_VOLUME_FLUSH_NODE_CRC_WRITE_SAMPLES	0
LIST_EXALL_1000_ENTRIES_FIRST_PASS_VOLUME_FLUSH_NODE_CRC_WRITE_SAMPLE_TICKS	0
LIST_EXALL_1000_ENTRIES_FIRST_PASS_VOLUME_FLUSH_CLOCK_PAIR_TICKS	0
LIST_EXALL_1000_ENTRIES_FIRST_PASS_VOLUME_FLUSH_PACKET_CALLS	0
LIST_EXALL_1000_ENTRIES_FIRST_PASS_VOLUME_FLUSH_PACKET_SAMPLES	0
LIST_EXALL_1000_ENTRIES_FIRST_PASS_VOLUME_FLUSH_PACKET_SAMPLE_TICKS	0
LIST_EXALL_1000_ENTRIES_FIRST_PASS_VOLUME_FLUSH_PACKET_OPEN_CALLS	0
LIST_EXALL_1000_ENTRIES_FIRST_PASS_VOLUME_FLUSH_PACKET_OPEN_SAMPLES	0
LIST_EXALL_1000_ENTRIES_FIRST_PASS_VOLUME_FLUSH_PACKET_OPEN_SAMPLE_TICKS	0
LIST_EXALL_1000_ENTRIES_FIRST_PASS_VOLUME_FLUSH_PACKET_READ_CALLS	0
LIST_EXALL_1000_ENTRIES_FIRST_PASS_VOLUME_FLUSH_PACKET_READ_SAMPLES	0
LIST_EXALL_1000_ENTRIES_FIRST_PASS_VOLUME_FLUSH_PACKET_READ_SAMPLE_TICKS	0
LIST_EXALL_1000_ENTRIES_FIRST_PASS_VOLUME_FLUSH_PACKET_WRITE_CALLS	0
LIST_EXALL_1000_ENTRIES_FIRST_PASS_VOLUME_FLUSH_PACKET_WRITE_SAMPLES	0
LIST_EXALL_1000_ENTRIES_FIRST_PASS_VOLUME_FLUSH_PACKET_WRITE_SAMPLE_TICKS	0
LIST_EXALL_1000_ENTRIES_FIRST_PASS_VOLUME_FLUSH_PACKET_END_CALLS	0
LIST_EXALL_1000_ENTRIES_FIRST_PASS_VOLUME_FLUSH_PACKET_END_SAMPLES	0
LIST_EXALL_1000_ENTRIES_FIRST_PASS_VOLUME_FLUSH_PACKET_END_SAMPLE_TICKS	0
LIST_EXALL_1000_ENTRIES_FIRST_PASS_VOLUME_FLUSH_PACKET_DELETE_CALLS	0
LIST_EXALL_1000_ENTRIES_FIRST_PASS_VOLUME_FLUSH_PACKET_DELETE_SAMPLES	0
LIST_EXALL_1000_ENTRIES_FIRST_PASS_VOLUME_FLUSH_PACKET_DELETE_SAMPLE_TICKS	0
LIST_EXALL_1000_ENTRIES_FIRST_PASS_VOLUME_FLUSH_PACKET_FLUSH_CALLS	0
LIST_EXALL_1000_ENTRIES_FIRST_PASS_VOLUME_FLUSH_PACKET_FLUSH_SAMPLES	0
LIST_EXALL_1000_ENTRIES_FIRST_PASS_VOLUME_FLUSH_PACKET_FLUSH_SAMPLE_TICKS	0
LIST_EXALL_1000_ENTRIES_FIRST_PASS_VOLUME_FLUSH_PACKET_OTHER_CALLS	0
LIST_EXALL_1000_ENTRIES_FIRST_PASS_VOLUME_FLUSH_PACKET_OTHER_SAMPLES	0
LIST_EXALL_1000_ENTRIES_FIRST_PASS_VOLUME_FLUSH_PACKET_OTHER_SAMPLE_TICKS	0
LIST_EXALL_1000_ENTRIES_FIRST_PASS_VOLUME_FLUSH_CORE_CREATE_CALLS	0
LIST_EXALL_1000_ENTRIES_FIRST_PASS_VOLUME_FLUSH_CORE_CREATE_SAMPLES	0
LIST_EXALL_1000_ENTRIES_FIRST_PASS_VOLUME_FLUSH_CORE_CREATE_SAMPLE_TICKS	0
LIST_EXALL_1000_ENTRIES_FIRST_PASS_VOLUME_FLUSH_CORE_DELETE_CALLS	0
LIST_EXALL_1000_ENTRIES_FIRST_PASS_VOLUME_FLUSH_CORE_DELETE_SAMPLES	0
LIST_EXALL_1000_ENTRIES_FIRST_PASS_VOLUME_FLUSH_CORE_DELETE_SAMPLE_TICKS	0
LIST_EXALL_1000_ENTRIES_FIRST_PASS_VOLUME_FLUSH_CORE_FILE_WRITE_CALLS	0
LIST_EXALL_1000_ENTRIES_FIRST_PASS_VOLUME_FLUSH_CORE_FILE_WRITE_SAMPLES	0
LIST_EXALL_1000_ENTRIES_FIRST_PASS_VOLUME_FLUSH_CORE_FILE_WRITE_SAMPLE_TICKS	0
LIST_EXALL_1000_ENTRIES_FIRST_PASS_VOLUME_FLUSH_CORE_SYNC_CALLS	0
LIST_EXALL_1000_ENTRIES_FIRST_PASS_VOLUME_FLUSH_CORE_SYNC_SAMPLES	0
LIST_EXALL_1000_ENTRIES_FIRST_PASS_VOLUME_FLUSH_CORE_SYNC_SAMPLE_TICKS	0
LIST_EXALL_1000_ENTRIES_FIRST_PASS_VOLUME_FLUSH_IFACE_FREE_CALLS	0
LIST_EXALL_1000_ENTRIES_FIRST_PASS_VOLUME_FLUSH_IFACE_FREE_SAMPLES	0
LIST_EXALL_1000_ENTRIES_FIRST_PASS_VOLUME_FLUSH_IFACE_FREE_SAMPLE_TICKS	0
LIST_EXALL_1000_ENTRIES_FIRST_PASS_VOLUME_FLUSH_SEAL_COMMIT_CALLS	0
LIST_EXALL_1000_ENTRIES_FIRST_PASS_VOLUME_FLUSH_SEAL_COMMIT_SAMPLES	0
LIST_EXALL_1000_ENTRIES_FIRST_PASS_VOLUME_FLUSH_SEAL_COMMIT_SAMPLE_TICKS	0
LIST_EXALL_1000_ENTRIES_FIRST_PASS_VOLUME_FLUSH_INODE_READ_CALLS	0
LIST_EXALL_1000_ENTRIES_FIRST_PASS_VOLUME_FLUSH_BTREE_SEARCH_CALLS	0
LIST_EXALL_1000_ENTRIES_FIRST_PASS_VOLUME_FLUSH_BTREE_INDEX_HINT_HITS	0
LIST_EXALL_1000_ENTRIES_FIRST_PASS_VOLUME_FLUSH_BTREE_LEAF_HINT_HITS	0
LIST_EXALL_1000_ENTRIES_FIRST_PASS_VOLUME_FLUSH_CACHE_READ_CALLS	0
LIST_EXALL_1000_ENTRIES_FIRST_PASS_VOLUME_FLUSH_CACHE_READ_HITS	0
LIST_EXALL_1000_ENTRIES_FIRST_PASS_VOLUME_FLUSH_CACHE_READ_MISSES	0
LIST_EXALL_1000_ENTRIES_FIRST_PASS_VOLUME_FLUSH_FREE_TREE_NODE_VIEWS	0
LIST_EXALL_1000_ENTRIES_FIRST_PASS_VOLUME_FLUSH_FREE_TREE_RESIDENT_VIEWS	0
LIST_EXALL_1000_ENTRIES_FIRST_PASS_VOLUME_FLUSH_DIR_TREE_NODE_VIEWS	0
LIST_EXALL_1000_ENTRIES_FIRST_PASS_VOLUME_FLUSH_DIR_TREE_RESIDENT_VIEWS	0
LIST_EXALL_1000_ENTRIES_FIRST_PASS_VOLUME_FLUSH_INODE_TREE_NODE_VIEWS	0
LIST_EXALL_1000_ENTRIES_FIRST_PASS_VOLUME_FLUSH_INODE_TREE_RESIDENT_VIEWS	0
LIST_EXALL_1000_ENTRIES_FIRST_PASS_VOLUME_FLUSH_REFCOUNT_TREE_NODE_VIEWS	0
LIST_EXALL_1000_ENTRIES_FIRST_PASS_VOLUME_FLUSH_REFCOUNT_TREE_RESIDENT_VIEWS	0
LIST_EXALL_1000_ENTRIES_FIRST_PASS_VOLUME_FLUSH_OTHER_TREE_NODE_VIEWS	0
LIST_EXALL_1000_ENTRIES_FIRST_PASS_VOLUME_FLUSH_OTHER_TREE_RESIDENT_VIEWS	0
LIST_EXALL_1000_ENTRIES_REPEAT10_TOTAL_US	1155577
LIST_EXALL_1000_ENTRIES_REPEAT10_TOTAL_WORK_US	1155577
LIST_EXALL_1000_ENTRIES_REPEAT10_TOTAL_VOLUME_FLUSH_US	0
LIST_EXALL_1000_ENTRIES_REPEAT10_TOTAL_HAS_VOLUME_FLUSH	0
LIST_EXALL_1000_ENTRIES_REPEAT10_TOTAL_GUEST_OPEN_CALLS	0
LIST_EXALL_1000_ENTRIES_REPEAT10_TOTAL_GUEST_OPEN_US	0
LIST_EXALL_1000_ENTRIES_REPEAT10_TOTAL_GUEST_READ_CALLS	0
LIST_EXALL_1000_ENTRIES_REPEAT10_TOTAL_GUEST_READ_US	0
LIST_EXALL_1000_ENTRIES_REPEAT10_TOTAL_GUEST_WRITE_CALLS	0
LIST_EXALL_1000_ENTRIES_REPEAT10_TOTAL_GUEST_WRITE_US	0
LIST_EXALL_1000_ENTRIES_REPEAT10_TOTAL_GUEST_HANDLE_FLUSH_CALLS	0
LIST_EXALL_1000_ENTRIES_REPEAT10_TOTAL_GUEST_HANDLE_FLUSH_US	0
LIST_EXALL_1000_ENTRIES_REPEAT10_TOTAL_GUEST_CLOSE_CALLS	0
LIST_EXALL_1000_ENTRIES_REPEAT10_TOTAL_GUEST_CLOSE_US	0
LIST_EXALL_1000_ENTRIES_REPEAT10_TOTAL_GUEST_VERIFY_CALLS	0
LIST_EXALL_1000_ENTRIES_REPEAT10_TOTAL_GUEST_VERIFY_US	0
LIST_EXALL_1000_ENTRIES_REPEAT10_TOTAL_WORK_BIO_READS	1713
LIST_EXALL_1000_ENTRIES_REPEAT10_TOTAL_WORK_BIO_WRITES	0
LIST_EXALL_1000_ENTRIES_REPEAT10_TOTAL_WORK_BIO_UPDATES	0
LIST_EXALL_1000_ENTRIES_REPEAT10_TOTAL_WORK_DATA_READS	0
LIST_EXALL_1000_ENTRIES_REPEAT10_TOTAL_WORK_DATA_WRITES	0
LIST_EXALL_1000_ENTRIES_REPEAT10_TOTAL_WORK_NODE_WRITES	0
LIST_EXALL_1000_ENTRIES_REPEAT10_TOTAL_WORK_TXN_COMMITS	0
LIST_EXALL_1000_ENTRIES_REPEAT10_TOTAL_WORK_EXTENT_MAPS	0
LIST_EXALL_1000_ENTRIES_REPEAT10_TOTAL_WORK_READ_TICKS	121899
LIST_EXALL_1000_ENTRIES_REPEAT10_TOTAL_WORK_WRITE_TICKS	0
LIST_EXALL_1000_ENTRIES_REPEAT10_TOTAL_WORK_UPDATE_TICKS	0
LIST_EXALL_1000_ENTRIES_REPEAT10_TOTAL_WORK_DATA_READ_TICKS	0
LIST_EXALL_1000_ENTRIES_REPEAT10_TOTAL_WORK_DATA_WRITE_TICKS	0
LIST_EXALL_1000_ENTRIES_REPEAT10_TOTAL_WORK_NODE_CRC_READ_CALLS	1713
LIST_EXALL_1000_ENTRIES_REPEAT10_TOTAL_WORK_NODE_CRC_READ_SAMPLES	1713
LIST_EXALL_1000_ENTRIES_REPEAT10_TOTAL_WORK_NODE_CRC_READ_SAMPLE_TICKS	267268
LIST_EXALL_1000_ENTRIES_REPEAT10_TOTAL_WORK_NODE_CRC_WRITE_CALLS	0
LIST_EXALL_1000_ENTRIES_REPEAT10_TOTAL_WORK_NODE_CRC_WRITE_SAMPLES	0
LIST_EXALL_1000_ENTRIES_REPEAT10_TOTAL_WORK_NODE_CRC_WRITE_SAMPLE_TICKS	0
LIST_EXALL_1000_ENTRIES_REPEAT10_TOTAL_WORK_CLOCK_PAIR_TICKS	1
LIST_EXALL_1000_ENTRIES_REPEAT10_TOTAL_WORK_PACKET_CALLS	112
LIST_EXALL_1000_ENTRIES_REPEAT10_TOTAL_WORK_PACKET_SAMPLES	112
LIST_EXALL_1000_ENTRIES_REPEAT10_TOTAL_WORK_PACKET_SAMPLE_TICKS	809305
LIST_EXALL_1000_ENTRIES_REPEAT10_TOTAL_WORK_PACKET_OPEN_CALLS	0
LIST_EXALL_1000_ENTRIES_REPEAT10_TOTAL_WORK_PACKET_OPEN_SAMPLES	0
LIST_EXALL_1000_ENTRIES_REPEAT10_TOTAL_WORK_PACKET_OPEN_SAMPLE_TICKS	0
LIST_EXALL_1000_ENTRIES_REPEAT10_TOTAL_WORK_PACKET_READ_CALLS	0
LIST_EXALL_1000_ENTRIES_REPEAT10_TOTAL_WORK_PACKET_READ_SAMPLES	0
LIST_EXALL_1000_ENTRIES_REPEAT10_TOTAL_WORK_PACKET_READ_SAMPLE_TICKS	0
LIST_EXALL_1000_ENTRIES_REPEAT10_TOTAL_WORK_PACKET_WRITE_CALLS	0
LIST_EXALL_1000_ENTRIES_REPEAT10_TOTAL_WORK_PACKET_WRITE_SAMPLES	0
LIST_EXALL_1000_ENTRIES_REPEAT10_TOTAL_WORK_PACKET_WRITE_SAMPLE_TICKS	0
LIST_EXALL_1000_ENTRIES_REPEAT10_TOTAL_WORK_PACKET_END_CALLS	0
LIST_EXALL_1000_ENTRIES_REPEAT10_TOTAL_WORK_PACKET_END_SAMPLES	0
LIST_EXALL_1000_ENTRIES_REPEAT10_TOTAL_WORK_PACKET_END_SAMPLE_TICKS	0
LIST_EXALL_1000_ENTRIES_REPEAT10_TOTAL_WORK_PACKET_DELETE_CALLS	0
LIST_EXALL_1000_ENTRIES_REPEAT10_TOTAL_WORK_PACKET_DELETE_SAMPLES	0
LIST_EXALL_1000_ENTRIES_REPEAT10_TOTAL_WORK_PACKET_DELETE_SAMPLE_TICKS	0
LIST_EXALL_1000_ENTRIES_REPEAT10_TOTAL_WORK_PACKET_FLUSH_CALLS	0
LIST_EXALL_1000_ENTRIES_REPEAT10_TOTAL_WORK_PACKET_FLUSH_SAMPLES	0
LIST_EXALL_1000_ENTRIES_REPEAT10_TOTAL_WORK_PACKET_FLUSH_SAMPLE_TICKS	0
LIST_EXALL_1000_ENTRIES_REPEAT10_TOTAL_WORK_PACKET_OTHER_CALLS	112
LIST_EXALL_1000_ENTRIES_REPEAT10_TOTAL_WORK_PACKET_OTHER_SAMPLES	112
LIST_EXALL_1000_ENTRIES_REPEAT10_TOTAL_WORK_PACKET_OTHER_SAMPLE_TICKS	809305
LIST_EXALL_1000_ENTRIES_REPEAT10_TOTAL_WORK_CORE_CREATE_CALLS	0
LIST_EXALL_1000_ENTRIES_REPEAT10_TOTAL_WORK_CORE_CREATE_SAMPLES	0
LIST_EXALL_1000_ENTRIES_REPEAT10_TOTAL_WORK_CORE_CREATE_SAMPLE_TICKS	0
LIST_EXALL_1000_ENTRIES_REPEAT10_TOTAL_WORK_CORE_DELETE_CALLS	0
LIST_EXALL_1000_ENTRIES_REPEAT10_TOTAL_WORK_CORE_DELETE_SAMPLES	0
LIST_EXALL_1000_ENTRIES_REPEAT10_TOTAL_WORK_CORE_DELETE_SAMPLE_TICKS	0
LIST_EXALL_1000_ENTRIES_REPEAT10_TOTAL_WORK_CORE_FILE_WRITE_CALLS	0
LIST_EXALL_1000_ENTRIES_REPEAT10_TOTAL_WORK_CORE_FILE_WRITE_SAMPLES	0
LIST_EXALL_1000_ENTRIES_REPEAT10_TOTAL_WORK_CORE_FILE_WRITE_SAMPLE_TICKS	0
LIST_EXALL_1000_ENTRIES_REPEAT10_TOTAL_WORK_CORE_SYNC_CALLS	0
LIST_EXALL_1000_ENTRIES_REPEAT10_TOTAL_WORK_CORE_SYNC_SAMPLES	0
LIST_EXALL_1000_ENTRIES_REPEAT10_TOTAL_WORK_CORE_SYNC_SAMPLE_TICKS	0
LIST_EXALL_1000_ENTRIES_REPEAT10_TOTAL_WORK_IFACE_FREE_CALLS	0
LIST_EXALL_1000_ENTRIES_REPEAT10_TOTAL_WORK_IFACE_FREE_SAMPLES	0
LIST_EXALL_1000_ENTRIES_REPEAT10_TOTAL_WORK_IFACE_FREE_SAMPLE_TICKS	0
LIST_EXALL_1000_ENTRIES_REPEAT10_TOTAL_WORK_SEAL_COMMIT_CALLS	0
LIST_EXALL_1000_ENTRIES_REPEAT10_TOTAL_WORK_SEAL_COMMIT_SAMPLES	0
LIST_EXALL_1000_ENTRIES_REPEAT10_TOTAL_WORK_SEAL_COMMIT_SAMPLE_TICKS	0
LIST_EXALL_1000_ENTRIES_REPEAT10_TOTAL_WORK_INODE_READ_CALLS	10100
LIST_EXALL_1000_ENTRIES_REPEAT10_TOTAL_WORK_BTREE_SEARCH_CALLS	10101
LIST_EXALL_1000_ENTRIES_REPEAT10_TOTAL_WORK_BTREE_INDEX_HINT_HITS	100
LIST_EXALL_1000_ENTRIES_REPEAT10_TOTAL_WORK_BTREE_LEAF_HINT_HITS	9440
LIST_EXALL_1000_ENTRIES_REPEAT10_TOTAL_WORK_CACHE_READ_CALLS	1713
LIST_EXALL_1000_ENTRIES_REPEAT10_TOTAL_WORK_CACHE_READ_HITS	0
LIST_EXALL_1000_ENTRIES_REPEAT10_TOTAL_WORK_CACHE_READ_MISSES	1713
LIST_EXALL_1000_ENTRIES_REPEAT10_TOTAL_WORK_FREE_TREE_NODE_VIEWS	0
LIST_EXALL_1000_ENTRIES_REPEAT10_TOTAL_WORK_FREE_TREE_RESIDENT_VIEWS	0
LIST_EXALL_1000_ENTRIES_REPEAT10_TOTAL_WORK_DIR_TREE_NODE_VIEWS	2794
LIST_EXALL_1000_ENTRIES_REPEAT10_TOTAL_WORK_DIR_TREE_RESIDENT_VIEWS	1641
LIST_EXALL_1000_ENTRIES_REPEAT10_TOTAL_WORK_INODE_TREE_NODE_VIEWS	1120
LIST_EXALL_1000_ENTRIES_REPEAT10_TOTAL_WORK_INODE_TREE_RESIDENT_VIEWS	560
LIST_EXALL_1000_ENTRIES_REPEAT10_TOTAL_WORK_REFCOUNT_TREE_NODE_VIEWS	0
LIST_EXALL_1000_ENTRIES_REPEAT10_TOTAL_WORK_REFCOUNT_TREE_RESIDENT_VIEWS	0
LIST_EXALL_1000_ENTRIES_REPEAT10_TOTAL_WORK_OTHER_TREE_NODE_VIEWS	0
LIST_EXALL_1000_ENTRIES_REPEAT10_TOTAL_WORK_OTHER_TREE_RESIDENT_VIEWS	0
LIST_EXALL_1000_ENTRIES_REPEAT10_TOTAL_VOLUME_FLUSH_BIO_READS	0
LIST_EXALL_1000_ENTRIES_REPEAT10_TOTAL_VOLUME_FLUSH_BIO_WRITES	0
LIST_EXALL_1000_ENTRIES_REPEAT10_TOTAL_VOLUME_FLUSH_BIO_UPDATES	0
LIST_EXALL_1000_ENTRIES_REPEAT10_TOTAL_VOLUME_FLUSH_DATA_READS	0
LIST_EXALL_1000_ENTRIES_REPEAT10_TOTAL_VOLUME_FLUSH_DATA_WRITES	0
LIST_EXALL_1000_ENTRIES_REPEAT10_TOTAL_VOLUME_FLUSH_NODE_WRITES	0
LIST_EXALL_1000_ENTRIES_REPEAT10_TOTAL_VOLUME_FLUSH_TXN_COMMITS	0
LIST_EXALL_1000_ENTRIES_REPEAT10_TOTAL_VOLUME_FLUSH_EXTENT_MAPS	0
LIST_EXALL_1000_ENTRIES_REPEAT10_TOTAL_VOLUME_FLUSH_READ_TICKS	0
LIST_EXALL_1000_ENTRIES_REPEAT10_TOTAL_VOLUME_FLUSH_WRITE_TICKS	0
LIST_EXALL_1000_ENTRIES_REPEAT10_TOTAL_VOLUME_FLUSH_UPDATE_TICKS	0
LIST_EXALL_1000_ENTRIES_REPEAT10_TOTAL_VOLUME_FLUSH_DATA_READ_TICKS	0
LIST_EXALL_1000_ENTRIES_REPEAT10_TOTAL_VOLUME_FLUSH_DATA_WRITE_TICKS	0
LIST_EXALL_1000_ENTRIES_REPEAT10_TOTAL_VOLUME_FLUSH_NODE_CRC_READ_CALLS	0
LIST_EXALL_1000_ENTRIES_REPEAT10_TOTAL_VOLUME_FLUSH_NODE_CRC_READ_SAMPLES	0
LIST_EXALL_1000_ENTRIES_REPEAT10_TOTAL_VOLUME_FLUSH_NODE_CRC_READ_SAMPLE_TICKS	0
LIST_EXALL_1000_ENTRIES_REPEAT10_TOTAL_VOLUME_FLUSH_NODE_CRC_WRITE_CALLS	0
LIST_EXALL_1000_ENTRIES_REPEAT10_TOTAL_VOLUME_FLUSH_NODE_CRC_WRITE_SAMPLES	0
LIST_EXALL_1000_ENTRIES_REPEAT10_TOTAL_VOLUME_FLUSH_NODE_CRC_WRITE_SAMPLE_TICKS	0
LIST_EXALL_1000_ENTRIES_REPEAT10_TOTAL_VOLUME_FLUSH_CLOCK_PAIR_TICKS	0
LIST_EXALL_1000_ENTRIES_REPEAT10_TOTAL_VOLUME_FLUSH_PACKET_CALLS	0
LIST_EXALL_1000_ENTRIES_REPEAT10_TOTAL_VOLUME_FLUSH_PACKET_SAMPLES	0
LIST_EXALL_1000_ENTRIES_REPEAT10_TOTAL_VOLUME_FLUSH_PACKET_SAMPLE_TICKS	0
LIST_EXALL_1000_ENTRIES_REPEAT10_TOTAL_VOLUME_FLUSH_PACKET_OPEN_CALLS	0
LIST_EXALL_1000_ENTRIES_REPEAT10_TOTAL_VOLUME_FLUSH_PACKET_OPEN_SAMPLES	0
LIST_EXALL_1000_ENTRIES_REPEAT10_TOTAL_VOLUME_FLUSH_PACKET_OPEN_SAMPLE_TICKS	0
LIST_EXALL_1000_ENTRIES_REPEAT10_TOTAL_VOLUME_FLUSH_PACKET_READ_CALLS	0
LIST_EXALL_1000_ENTRIES_REPEAT10_TOTAL_VOLUME_FLUSH_PACKET_READ_SAMPLES	0
LIST_EXALL_1000_ENTRIES_REPEAT10_TOTAL_VOLUME_FLUSH_PACKET_READ_SAMPLE_TICKS	0
LIST_EXALL_1000_ENTRIES_REPEAT10_TOTAL_VOLUME_FLUSH_PACKET_WRITE_CALLS	0
LIST_EXALL_1000_ENTRIES_REPEAT10_TOTAL_VOLUME_FLUSH_PACKET_WRITE_SAMPLES	0
LIST_EXALL_1000_ENTRIES_REPEAT10_TOTAL_VOLUME_FLUSH_PACKET_WRITE_SAMPLE_TICKS	0
LIST_EXALL_1000_ENTRIES_REPEAT10_TOTAL_VOLUME_FLUSH_PACKET_END_CALLS	0
LIST_EXALL_1000_ENTRIES_REPEAT10_TOTAL_VOLUME_FLUSH_PACKET_END_SAMPLES	0
LIST_EXALL_1000_ENTRIES_REPEAT10_TOTAL_VOLUME_FLUSH_PACKET_END_SAMPLE_TICKS	0
LIST_EXALL_1000_ENTRIES_REPEAT10_TOTAL_VOLUME_FLUSH_PACKET_DELETE_CALLS	0
LIST_EXALL_1000_ENTRIES_REPEAT10_TOTAL_VOLUME_FLUSH_PACKET_DELETE_SAMPLES	0
LIST_EXALL_1000_ENTRIES_REPEAT10_TOTAL_VOLUME_FLUSH_PACKET_DELETE_SAMPLE_TICKS	0
LIST_EXALL_1000_ENTRIES_REPEAT10_TOTAL_VOLUME_FLUSH_PACKET_FLUSH_CALLS	0
LIST_EXALL_1000_ENTRIES_REPEAT10_TOTAL_VOLUME_FLUSH_PACKET_FLUSH_SAMPLES	0
LIST_EXALL_1000_ENTRIES_REPEAT10_TOTAL_VOLUME_FLUSH_PACKET_FLUSH_SAMPLE_TICKS	0
LIST_EXALL_1000_ENTRIES_REPEAT10_TOTAL_VOLUME_FLUSH_PACKET_OTHER_CALLS	0
LIST_EXALL_1000_ENTRIES_REPEAT10_TOTAL_VOLUME_FLUSH_PACKET_OTHER_SAMPLES	0
LIST_EXALL_1000_ENTRIES_REPEAT10_TOTAL_VOLUME_FLUSH_PACKET_OTHER_SAMPLE_TICKS	0
LIST_EXALL_1000_ENTRIES_REPEAT10_TOTAL_VOLUME_FLUSH_CORE_CREATE_CALLS	0
LIST_EXALL_1000_ENTRIES_REPEAT10_TOTAL_VOLUME_FLUSH_CORE_CREATE_SAMPLES	0
LIST_EXALL_1000_ENTRIES_REPEAT10_TOTAL_VOLUME_FLUSH_CORE_CREATE_SAMPLE_TICKS	0
LIST_EXALL_1000_ENTRIES_REPEAT10_TOTAL_VOLUME_FLUSH_CORE_DELETE_CALLS	0
LIST_EXALL_1000_ENTRIES_REPEAT10_TOTAL_VOLUME_FLUSH_CORE_DELETE_SAMPLES	0
LIST_EXALL_1000_ENTRIES_REPEAT10_TOTAL_VOLUME_FLUSH_CORE_DELETE_SAMPLE_TICKS	0
LIST_EXALL_1000_ENTRIES_REPEAT10_TOTAL_VOLUME_FLUSH_CORE_FILE_WRITE_CALLS	0
LIST_EXALL_1000_ENTRIES_REPEAT10_TOTAL_VOLUME_FLUSH_CORE_FILE_WRITE_SAMPLES	0
LIST_EXALL_1000_ENTRIES_REPEAT10_TOTAL_VOLUME_FLUSH_CORE_FILE_WRITE_SAMPLE_TICKS	0
LIST_EXALL_1000_ENTRIES_REPEAT10_TOTAL_VOLUME_FLUSH_CORE_SYNC_CALLS	0
LIST_EXALL_1000_ENTRIES_REPEAT10_TOTAL_VOLUME_FLUSH_CORE_SYNC_SAMPLES	0
LIST_EXALL_1000_ENTRIES_REPEAT10_TOTAL_VOLUME_FLUSH_CORE_SYNC_SAMPLE_TICKS	0
LIST_EXALL_1000_ENTRIES_REPEAT10_TOTAL_VOLUME_FLUSH_IFACE_FREE_CALLS	0
LIST_EXALL_1000_ENTRIES_REPEAT10_TOTAL_VOLUME_FLUSH_IFACE_FREE_SAMPLES	0
LIST_EXALL_1000_ENTRIES_REPEAT10_TOTAL_VOLUME_FLUSH_IFACE_FREE_SAMPLE_TICKS	0
LIST_EXALL_1000_ENTRIES_REPEAT10_TOTAL_VOLUME_FLUSH_SEAL_COMMIT_CALLS	0
LIST_EXALL_1000_ENTRIES_REPEAT10_TOTAL_VOLUME_FLUSH_SEAL_COMMIT_SAMPLES	0
LIST_EXALL_1000_ENTRIES_REPEAT10_TOTAL_VOLUME_FLUSH_SEAL_COMMIT_SAMPLE_TICKS	0
LIST_EXALL_1000_ENTRIES_REPEAT10_TOTAL_VOLUME_FLUSH_INODE_READ_CALLS	0
LIST_EXALL_1000_ENTRIES_REPEAT10_TOTAL_VOLUME_FLUSH_BTREE_SEARCH_CALLS	0
LIST_EXALL_1000_ENTRIES_REPEAT10_TOTAL_VOLUME_FLUSH_BTREE_INDEX_HINT_HITS	0
LIST_EXALL_1000_ENTRIES_REPEAT10_TOTAL_VOLUME_FLUSH_BTREE_LEAF_HINT_HITS	0
LIST_EXALL_1000_ENTRIES_REPEAT10_TOTAL_VOLUME_FLUSH_CACHE_READ_CALLS	0
LIST_EXALL_1000_ENTRIES_REPEAT10_TOTAL_VOLUME_FLUSH_CACHE_READ_HITS	0
LIST_EXALL_1000_ENTRIES_REPEAT10_TOTAL_VOLUME_FLUSH_CACHE_READ_MISSES	0
LIST_EXALL_1000_ENTRIES_REPEAT10_TOTAL_VOLUME_FLUSH_FREE_TREE_NODE_VIEWS	0
LIST_EXALL_1000_ENTRIES_REPEAT10_TOTAL_VOLUME_FLUSH_FREE_TREE_RESIDENT_VIEWS	0
LIST_EXALL_1000_ENTRIES_REPEAT10_TOTAL_VOLUME_FLUSH_DIR_TREE_NODE_VIEWS	0
LIST_EXALL_1000_ENTRIES_REPEAT10_TOTAL_VOLUME_FLUSH_DIR_TREE_RESIDENT_VIEWS	0
LIST_EXALL_1000_ENTRIES_REPEAT10_TOTAL_VOLUME_FLUSH_INODE_TREE_NODE_VIEWS	0
LIST_EXALL_1000_ENTRIES_REPEAT10_TOTAL_VOLUME_FLUSH_INODE_TREE_RESIDENT_VIEWS	0
LIST_EXALL_1000_ENTRIES_REPEAT10_TOTAL_VOLUME_FLUSH_REFCOUNT_TREE_NODE_VIEWS	0
LIST_EXALL_1000_ENTRIES_REPEAT10_TOTAL_VOLUME_FLUSH_REFCOUNT_TREE_RESIDENT_VIEWS	0
LIST_EXALL_1000_ENTRIES_REPEAT10_TOTAL_VOLUME_FLUSH_OTHER_TREE_NODE_VIEWS	0
LIST_EXALL_1000_ENTRIES_REPEAT10_TOTAL_VOLUME_FLUSH_OTHER_TREE_RESIDENT_VIEWS	0
PROBE_VERSION	16
CLOCK_HZ	709379
CRC_SAMPLE_STRIDE	1
CPU_SAMPLE_STRIDE	1
PASS	1
