=== BFS vs PFS3 Benchmark (FS-UAE 68040) ===
Evidence directory: /home/fabian/.cache/bfs-performance/append-attr2-2026-10-10.xibtLq/results/append2-probe-2-pfs3-first-cand
Mode: split-write-compare
Timeout: 600s


=== Machine Info ===
# Machine Info
Kickstart 47.102, Workbench 47.2
System: 68040 68040/060-FPU   (INST: Cache Burst) (DATA: NoCache NoBurst)
Type  Available    In-Use   Maximum   Largest
chip    2028040     52728   2080768   2027968
fast    7521640    866968   8388608   7516584
total   9549680    919696  10469376   7516584


Mounted disks:
Unit      Size       Used       Free Full Errs   Status   Name
DF0       No disk present
DH0      4095M    4194304    4194303  50%   0  Read/Write System
DH1       255M         36      65372   0%   0  Read/Write BFSTest
DH2       Not a DOS disk

Volumes available:
BFSTest [Mounted]
System [Mounted]

=== BFS Results ===
FS_SPLIT_COMPARE	2
DRIVE	DH1:
DURABLE_MODE	0
PROBE_ENABLED	1
SMALL_CREATE_40_US	43583
SMALL_CREATE_40_WORK_US	43583
SMALL_CREATE_40_VOLUME_FLUSH_US	0
SMALL_CREATE_40_HAS_VOLUME_FLUSH	0
SMALL_CREATE_40_GUEST_OPEN_CALLS	40
SMALL_CREATE_40_GUEST_OPEN_US	23289
SMALL_CREATE_40_GUEST_READ_CALLS	0
SMALL_CREATE_40_GUEST_READ_US	0
SMALL_CREATE_40_GUEST_WRITE_CALLS	40
SMALL_CREATE_40_GUEST_WRITE_US	17382
SMALL_CREATE_40_GUEST_HANDLE_FLUSH_CALLS	40
SMALL_CREATE_40_GUEST_HANDLE_FLUSH_US	0
SMALL_CREATE_40_GUEST_CLOSE_CALLS	40
SMALL_CREATE_40_GUEST_CLOSE_US	2050
SMALL_CREATE_40_GUEST_VERIFY_CALLS	0
SMALL_CREATE_40_GUEST_VERIFY_US	0
SMALL_CREATE_40_WORK_BIO_READS	0
SMALL_CREATE_40_WORK_BIO_WRITES	40
SMALL_CREATE_40_WORK_BIO_UPDATES	0
SMALL_CREATE_40_WORK_DATA_READS	0
SMALL_CREATE_40_WORK_DATA_WRITES	40
SMALL_CREATE_40_WORK_NODE_WRITES	0
SMALL_CREATE_40_WORK_TXN_COMMITS	0
SMALL_CREATE_40_WORK_EXTENT_MAPS	40
SMALL_CREATE_40_WORK_READ_TICKS	0
SMALL_CREATE_40_WORK_WRITE_TICKS	3762
SMALL_CREATE_40_WORK_UPDATE_TICKS	0
SMALL_CREATE_40_WORK_DATA_READ_TICKS	0
SMALL_CREATE_40_WORK_DATA_WRITE_TICKS	3762
SMALL_CREATE_40_WORK_NODE_CRC_READ_CALLS	0
SMALL_CREATE_40_WORK_NODE_CRC_READ_SAMPLES	0
SMALL_CREATE_40_WORK_NODE_CRC_READ_SAMPLE_TICKS	0
SMALL_CREATE_40_WORK_NODE_CRC_WRITE_CALLS	0
SMALL_CREATE_40_WORK_NODE_CRC_WRITE_SAMPLES	0
SMALL_CREATE_40_WORK_NODE_CRC_WRITE_SAMPLE_TICKS	0
SMALL_CREATE_40_WORK_CLOCK_PAIR_TICKS	0
SMALL_CREATE_40_WORK_PACKET_CALLS	120
SMALL_CREATE_40_WORK_PACKET_SAMPLES	120
SMALL_CREATE_40_WORK_PACKET_SAMPLE_TICKS	26146
SMALL_CREATE_40_WORK_PACKET_OPEN_CALLS	40
SMALL_CREATE_40_WORK_PACKET_OPEN_SAMPLES	40
SMALL_CREATE_40_WORK_PACKET_OPEN_SAMPLE_TICKS	14029
SMALL_CREATE_40_WORK_PACKET_READ_CALLS	0
SMALL_CREATE_40_WORK_PACKET_READ_SAMPLES	0
SMALL_CREATE_40_WORK_PACKET_READ_SAMPLE_TICKS	0
SMALL_CREATE_40_WORK_PACKET_WRITE_CALLS	40
SMALL_CREATE_40_WORK_PACKET_WRITE_SAMPLES	40
SMALL_CREATE_40_WORK_PACKET_WRITE_SAMPLE_TICKS	11571
SMALL_CREATE_40_WORK_PACKET_END_CALLS	40
SMALL_CREATE_40_WORK_PACKET_END_SAMPLES	40
SMALL_CREATE_40_WORK_PACKET_END_SAMPLE_TICKS	546
SMALL_CREATE_40_WORK_PACKET_DELETE_CALLS	0
SMALL_CREATE_40_WORK_PACKET_DELETE_SAMPLES	0
SMALL_CREATE_40_WORK_PACKET_DELETE_SAMPLE_TICKS	0
SMALL_CREATE_40_WORK_PACKET_FLUSH_CALLS	0
SMALL_CREATE_40_WORK_PACKET_FLUSH_SAMPLES	0
SMALL_CREATE_40_WORK_PACKET_FLUSH_SAMPLE_TICKS	0
SMALL_CREATE_40_WORK_PACKET_OTHER_CALLS	0
SMALL_CREATE_40_WORK_PACKET_OTHER_SAMPLES	0
SMALL_CREATE_40_WORK_PACKET_OTHER_SAMPLE_TICKS	0
SMALL_CREATE_40_WORK_CORE_CREATE_CALLS	40
SMALL_CREATE_40_WORK_CORE_CREATE_SAMPLES	40
SMALL_CREATE_40_WORK_CORE_CREATE_SAMPLE_TICKS	7367
SMALL_CREATE_40_WORK_CORE_DELETE_CALLS	0
SMALL_CREATE_40_WORK_CORE_DELETE_SAMPLES	0
SMALL_CREATE_40_WORK_CORE_DELETE_SAMPLE_TICKS	0
SMALL_CREATE_40_WORK_CORE_FILE_WRITE_CALLS	40
SMALL_CREATE_40_WORK_CORE_FILE_WRITE_SAMPLES	40
SMALL_CREATE_40_WORK_CORE_FILE_WRITE_SAMPLE_TICKS	11059
SMALL_CREATE_40_WORK_CORE_SYNC_CALLS	0
SMALL_CREATE_40_WORK_CORE_SYNC_SAMPLES	0
SMALL_CREATE_40_WORK_CORE_SYNC_SAMPLE_TICKS	0
SMALL_CREATE_40_WORK_IFACE_FREE_CALLS	0
SMALL_CREATE_40_WORK_IFACE_FREE_SAMPLES	0
SMALL_CREATE_40_WORK_IFACE_FREE_SAMPLE_TICKS	0
SMALL_CREATE_40_WORK_SEAL_COMMIT_CALLS	0
SMALL_CREATE_40_WORK_SEAL_COMMIT_SAMPLES	0
SMALL_CREATE_40_WORK_SEAL_COMMIT_SAMPLE_TICKS	0
SMALL_CREATE_40_WORK_INODE_READ_CALLS	160
SMALL_CREATE_40_WORK_BTREE_SEARCH_CALLS	240
SMALL_CREATE_40_WORK_BTREE_INDEX_HINT_HITS	80
SMALL_CREATE_40_WORK_BTREE_LEAF_HINT_HITS	0
SMALL_CREATE_40_WORK_CACHE_READ_CALLS	0
SMALL_CREATE_40_WORK_CACHE_READ_HITS	0
SMALL_CREATE_40_WORK_CACHE_READ_MISSES	0
SMALL_CREATE_40_WORK_FREE_TREE_NODE_VIEWS	40
SMALL_CREATE_40_WORK_FREE_TREE_RESIDENT_VIEWS	40
SMALL_CREATE_40_WORK_DIR_TREE_NODE_VIEWS	160
SMALL_CREATE_40_WORK_DIR_TREE_RESIDENT_VIEWS	160
SMALL_CREATE_40_WORK_INODE_TREE_NODE_VIEWS	80
SMALL_CREATE_40_WORK_INODE_TREE_RESIDENT_VIEWS	80
SMALL_CREATE_40_WORK_REFCOUNT_TREE_NODE_VIEWS	0
SMALL_CREATE_40_WORK_REFCOUNT_TREE_RESIDENT_VIEWS	0
SMALL_CREATE_40_WORK_OTHER_TREE_NODE_VIEWS	0
SMALL_CREATE_40_WORK_OTHER_TREE_RESIDENT_VIEWS	0
SMALL_CREATE_40_WORK_WRITE_DETAIL_INODE_READ_CALLS	160
SMALL_CREATE_40_WORK_WRITE_DETAIL_INODE_READ_SAMPLES	160
SMALL_CREATE_40_WORK_WRITE_DETAIL_INODE_READ_SAMPLE_TICKS	4134
SMALL_CREATE_40_WORK_WRITE_DETAIL_INODE_WRITE_CALLS	80
SMALL_CREATE_40_WORK_WRITE_DETAIL_INODE_WRITE_SAMPLES	80
SMALL_CREATE_40_WORK_WRITE_DETAIL_INODE_WRITE_SAMPLE_TICKS	3143
SMALL_CREATE_40_WORK_WRITE_DETAIL_EXTENT_MAP_CALLS	40
SMALL_CREATE_40_WORK_WRITE_DETAIL_EXTENT_MAP_SAMPLES	40
SMALL_CREATE_40_WORK_WRITE_DETAIL_EXTENT_MAP_SAMPLE_TICKS	364
SMALL_CREATE_40_WORK_WRITE_DETAIL_FREESPACE_GOAL_CALLS	40
SMALL_CREATE_40_WORK_WRITE_DETAIL_FREESPACE_GOAL_SAMPLES	40
SMALL_CREATE_40_WORK_WRITE_DETAIL_FREESPACE_GOAL_SAMPLE_TICKS	169
SMALL_CREATE_40_WORK_BTREE_MALLOC_CALLS	0
SMALL_CREATE_40_WORK_BTREE_MALLOC_SAMPLES	0
SMALL_CREATE_40_WORK_BTREE_MALLOC_SAMPLE_TICKS	0
SMALL_CREATE_40_WORK_BTREE_FREE_CALLS	80
SMALL_CREATE_40_WORK_BTREE_FREE_SAMPLES	80
SMALL_CREATE_40_WORK_BTREE_FREE_SAMPLE_TICKS	144
SMALL_CREATE_40_WORK_IFACE_ALLOC_CALLS	0
SMALL_CREATE_40_WORK_IFACE_ALLOC_SAMPLES	0
SMALL_CREATE_40_WORK_IFACE_ALLOC_SAMPLE_TICKS	0
SMALL_CREATE_40_WORK_FREESPACE_ALLOC_CALLS	40
SMALL_CREATE_40_WORK_FREESPACE_ALLOC_SAMPLES	40
SMALL_CREATE_40_WORK_FREESPACE_ALLOC_SAMPLE_TICKS	2324
SMALL_CREATE_40_WORK_DETAIL_INODE_READ_CALLS	160
SMALL_CREATE_40_WORK_DETAIL_INODE_READ_SAMPLES	9
SMALL_CREATE_40_WORK_DETAIL_INODE_READ_SAMPLE_TICKS	272
SMALL_CREATE_40_WORK_DETAIL_INODE_VALIDATE_CALLS	280
SMALL_CREATE_40_WORK_DETAIL_INODE_VALIDATE_SAMPLES	16
SMALL_CREATE_40_WORK_DETAIL_INODE_VALIDATE_SAMPLE_TICKS	54
SMALL_CREATE_40_WORK_DETAIL_INODE_SEARCH_CALLS	160
SMALL_CREATE_40_WORK_DETAIL_INODE_SEARCH_SAMPLES	9
SMALL_CREATE_40_WORK_DETAIL_INODE_SEARCH_SAMPLE_TICKS	226
SMALL_CREATE_40_WORK_DETAIL_INODE_NODE_VIEW_CALLS	80
SMALL_CREATE_40_WORK_DETAIL_INODE_NODE_VIEW_SAMPLES	4
SMALL_CREATE_40_WORK_DETAIL_INODE_NODE_VIEW_SAMPLE_TICKS	45
SMALL_CREATE_40_WORK_DETAIL_DIR_NODE_VIEW_CALLS	160
SMALL_CREATE_40_WORK_DETAIL_DIR_NODE_VIEW_SAMPLES	9
SMALL_CREATE_40_WORK_DETAIL_DIR_NODE_VIEW_SAMPLE_TICKS	75
SMALL_CREATE_40_WORK_DETAIL_INODE_BINARY_SEARCH_CALLS	200
SMALL_CREATE_40_WORK_DETAIL_INODE_BINARY_SEARCH_SAMPLES	11
SMALL_CREATE_40_WORK_DETAIL_INODE_BINARY_SEARCH_SAMPLE_TICKS	45
SMALL_CREATE_40_WORK_DETAIL_DIR_BINARY_SEARCH_CALLS	240
SMALL_CREATE_40_WORK_DETAIL_DIR_BINARY_SEARCH_SAMPLES	14
SMALL_CREATE_40_WORK_DETAIL_DIR_BINARY_SEARCH_SAMPLE_TICKS	54
SMALL_CREATE_40_WORK_DETAIL_NODE_STRUCTURE_CALLS	0
SMALL_CREATE_40_WORK_DETAIL_NODE_STRUCTURE_SAMPLES	0
SMALL_CREATE_40_WORK_DETAIL_NODE_STRUCTURE_SAMPLE_TICKS	0
SMALL_CREATE_40_WORK_DETAIL_CACHE_PEEK_CALLS	400
SMALL_CREATE_40_WORK_DETAIL_CACHE_PEEK_SAMPLES	23
SMALL_CREATE_40_WORK_DETAIL_CACHE_PEEK_SAMPLE_TICKS	90
SMALL_CREATE_40_WORK_DETAIL_BUFFER_ALLOC_CALLS	280
SMALL_CREATE_40_WORK_DETAIL_BUFFER_ALLOC_SAMPLES	16
SMALL_CREATE_40_WORK_DETAIL_BUFFER_ALLOC_SAMPLE_TICKS	135
SMALL_CREATE_40_WORK_DETAIL_BUFFER_FREE_CALLS	280
SMALL_CREATE_40_WORK_DETAIL_BUFFER_FREE_SAMPLES	16
SMALL_CREATE_40_WORK_DETAIL_BUFFER_FREE_SAMPLE_TICKS	47
SMALL_CREATE_40_WORK_DETAIL_EXALL_FILL_CALLS	0
SMALL_CREATE_40_WORK_DETAIL_EXALL_FILL_SAMPLES	0
SMALL_CREATE_40_WORK_DETAIL_EXALL_FILL_SAMPLE_TICKS	0
SMALL_CREATE_40_WORK_FREESPACE_ALLOCS	40
SMALL_CREATE_40_VOLUME_FLUSH_BIO_READS	0
SMALL_CREATE_40_VOLUME_FLUSH_BIO_WRITES	0
SMALL_CREATE_40_VOLUME_FLUSH_BIO_UPDATES	0
SMALL_CREATE_40_VOLUME_FLUSH_DATA_READS	0
SMALL_CREATE_40_VOLUME_FLUSH_DATA_WRITES	0
SMALL_CREATE_40_VOLUME_FLUSH_NODE_WRITES	0
SMALL_CREATE_40_VOLUME_FLUSH_TXN_COMMITS	0
SMALL_CREATE_40_VOLUME_FLUSH_EXTENT_MAPS	0
SMALL_CREATE_40_VOLUME_FLUSH_READ_TICKS	0
SMALL_CREATE_40_VOLUME_FLUSH_WRITE_TICKS	0
SMALL_CREATE_40_VOLUME_FLUSH_UPDATE_TICKS	0
SMALL_CREATE_40_VOLUME_FLUSH_DATA_READ_TICKS	0
SMALL_CREATE_40_VOLUME_FLUSH_DATA_WRITE_TICKS	0
SMALL_CREATE_40_VOLUME_FLUSH_NODE_CRC_READ_CALLS	0
SMALL_CREATE_40_VOLUME_FLUSH_NODE_CRC_READ_SAMPLES	0
SMALL_CREATE_40_VOLUME_FLUSH_NODE_CRC_READ_SAMPLE_TICKS	0
SMALL_CREATE_40_VOLUME_FLUSH_NODE_CRC_WRITE_CALLS	0
SMALL_CREATE_40_VOLUME_FLUSH_NODE_CRC_WRITE_SAMPLES	0
SMALL_CREATE_40_VOLUME_FLUSH_NODE_CRC_WRITE_SAMPLE_TICKS	0
SMALL_CREATE_40_VOLUME_FLUSH_CLOCK_PAIR_TICKS	0
SMALL_CREATE_40_VOLUME_FLUSH_PACKET_CALLS	0
SMALL_CREATE_40_VOLUME_FLUSH_PACKET_SAMPLES	0
SMALL_CREATE_40_VOLUME_FLUSH_PACKET_SAMPLE_TICKS	0
SMALL_CREATE_40_VOLUME_FLUSH_PACKET_OPEN_CALLS	0
SMALL_CREATE_40_VOLUME_FLUSH_PACKET_OPEN_SAMPLES	0
SMALL_CREATE_40_VOLUME_FLUSH_PACKET_OPEN_SAMPLE_TICKS	0
SMALL_CREATE_40_VOLUME_FLUSH_PACKET_READ_CALLS	0
SMALL_CREATE_40_VOLUME_FLUSH_PACKET_READ_SAMPLES	0
SMALL_CREATE_40_VOLUME_FLUSH_PACKET_READ_SAMPLE_TICKS	0
SMALL_CREATE_40_VOLUME_FLUSH_PACKET_WRITE_CALLS	0
SMALL_CREATE_40_VOLUME_FLUSH_PACKET_WRITE_SAMPLES	0
SMALL_CREATE_40_VOLUME_FLUSH_PACKET_WRITE_SAMPLE_TICKS	0
SMALL_CREATE_40_VOLUME_FLUSH_PACKET_END_CALLS	0
SMALL_CREATE_40_VOLUME_FLUSH_PACKET_END_SAMPLES	0
SMALL_CREATE_40_VOLUME_FLUSH_PACKET_END_SAMPLE_TICKS	0
SMALL_CREATE_40_VOLUME_FLUSH_PACKET_DELETE_CALLS	0
SMALL_CREATE_40_VOLUME_FLUSH_PACKET_DELETE_SAMPLES	0
SMALL_CREATE_40_VOLUME_FLUSH_PACKET_DELETE_SAMPLE_TICKS	0
SMALL_CREATE_40_VOLUME_FLUSH_PACKET_FLUSH_CALLS	0
SMALL_CREATE_40_VOLUME_FLUSH_PACKET_FLUSH_SAMPLES	0
SMALL_CREATE_40_VOLUME_FLUSH_PACKET_FLUSH_SAMPLE_TICKS	0
SMALL_CREATE_40_VOLUME_FLUSH_PACKET_OTHER_CALLS	0
SMALL_CREATE_40_VOLUME_FLUSH_PACKET_OTHER_SAMPLES	0
SMALL_CREATE_40_VOLUME_FLUSH_PACKET_OTHER_SAMPLE_TICKS	0
SMALL_CREATE_40_VOLUME_FLUSH_CORE_CREATE_CALLS	0
SMALL_CREATE_40_VOLUME_FLUSH_CORE_CREATE_SAMPLES	0
SMALL_CREATE_40_VOLUME_FLUSH_CORE_CREATE_SAMPLE_TICKS	0
SMALL_CREATE_40_VOLUME_FLUSH_CORE_DELETE_CALLS	0
SMALL_CREATE_40_VOLUME_FLUSH_CORE_DELETE_SAMPLES	0
SMALL_CREATE_40_VOLUME_FLUSH_CORE_DELETE_SAMPLE_TICKS	0
SMALL_CREATE_40_VOLUME_FLUSH_CORE_FILE_WRITE_CALLS	0
SMALL_CREATE_40_VOLUME_FLUSH_CORE_FILE_WRITE_SAMPLES	0
SMALL_CREATE_40_VOLUME_FLUSH_CORE_FILE_WRITE_SAMPLE_TICKS	0
SMALL_CREATE_40_VOLUME_FLUSH_CORE_SYNC_CALLS	0
SMALL_CREATE_40_VOLUME_FLUSH_CORE_SYNC_SAMPLES	0
SMALL_CREATE_40_VOLUME_FLUSH_CORE_SYNC_SAMPLE_TICKS	0
SMALL_CREATE_40_VOLUME_FLUSH_IFACE_FREE_CALLS	0
SMALL_CREATE_40_VOLUME_FLUSH_IFACE_FREE_SAMPLES	0
SMALL_CREATE_40_VOLUME_FLUSH_IFACE_FREE_SAMPLE_TICKS	0
SMALL_CREATE_40_VOLUME_FLUSH_SEAL_COMMIT_CALLS	0
SMALL_CREATE_40_VOLUME_FLUSH_SEAL_COMMIT_SAMPLES	0
SMALL_CREATE_40_VOLUME_FLUSH_SEAL_COMMIT_SAMPLE_TICKS	0
SMALL_CREATE_40_VOLUME_FLUSH_INODE_READ_CALLS	0
SMALL_CREATE_40_VOLUME_FLUSH_BTREE_SEARCH_CALLS	0
SMALL_CREATE_40_VOLUME_FLUSH_BTREE_INDEX_HINT_HITS	0
SMALL_CREATE_40_VOLUME_FLUSH_BTREE_LEAF_HINT_HITS	0
SMALL_CREATE_40_VOLUME_FLUSH_CACHE_READ_CALLS	0
SMALL_CREATE_40_VOLUME_FLUSH_CACHE_READ_HITS	0
SMALL_CREATE_40_VOLUME_FLUSH_CACHE_READ_MISSES	0
SMALL_CREATE_40_VOLUME_FLUSH_FREE_TREE_NODE_VIEWS	0
SMALL_CREATE_40_VOLUME_FLUSH_FREE_TREE_RESIDENT_VIEWS	0
SMALL_CREATE_40_VOLUME_FLUSH_DIR_TREE_NODE_VIEWS	0
SMALL_CREATE_40_VOLUME_FLUSH_DIR_TREE_RESIDENT_VIEWS	0
SMALL_CREATE_40_VOLUME_FLUSH_INODE_TREE_NODE_VIEWS	0
SMALL_CREATE_40_VOLUME_FLUSH_INODE_TREE_RESIDENT_VIEWS	0
SMALL_CREATE_40_VOLUME_FLUSH_REFCOUNT_TREE_NODE_VIEWS	0
SMALL_CREATE_40_VOLUME_FLUSH_REFCOUNT_TREE_RESIDENT_VIEWS	0
SMALL_CREATE_40_VOLUME_FLUSH_OTHER_TREE_NODE_VIEWS	0
SMALL_CREATE_40_VOLUME_FLUSH_OTHER_TREE_RESIDENT_VIEWS	0
SMALL_CREATE_40_VOLUME_FLUSH_WRITE_DETAIL_INODE_READ_CALLS	0
SMALL_CREATE_40_VOLUME_FLUSH_WRITE_DETAIL_INODE_READ_SAMPLES	0
SMALL_CREATE_40_VOLUME_FLUSH_WRITE_DETAIL_INODE_READ_SAMPLE_TICKS	0
SMALL_CREATE_40_VOLUME_FLUSH_WRITE_DETAIL_INODE_WRITE_CALLS	0
SMALL_CREATE_40_VOLUME_FLUSH_WRITE_DETAIL_INODE_WRITE_SAMPLES	0
SMALL_CREATE_40_VOLUME_FLUSH_WRITE_DETAIL_INODE_WRITE_SAMPLE_TICKS	0
SMALL_CREATE_40_VOLUME_FLUSH_WRITE_DETAIL_EXTENT_MAP_CALLS	0
SMALL_CREATE_40_VOLUME_FLUSH_WRITE_DETAIL_EXTENT_MAP_SAMPLES	0
SMALL_CREATE_40_VOLUME_FLUSH_WRITE_DETAIL_EXTENT_MAP_SAMPLE_TICKS	0
SMALL_CREATE_40_VOLUME_FLUSH_WRITE_DETAIL_FREESPACE_GOAL_CALLS	0
SMALL_CREATE_40_VOLUME_FLUSH_WRITE_DETAIL_FREESPACE_GOAL_SAMPLES	0
SMALL_CREATE_40_VOLUME_FLUSH_WRITE_DETAIL_FREESPACE_GOAL_SAMPLE_TICKS	0
SMALL_CREATE_40_VOLUME_FLUSH_BTREE_MALLOC_CALLS	0
SMALL_CREATE_40_VOLUME_FLUSH_BTREE_MALLOC_SAMPLES	0
SMALL_CREATE_40_VOLUME_FLUSH_BTREE_MALLOC_SAMPLE_TICKS	0
SMALL_CREATE_40_VOLUME_FLUSH_BTREE_FREE_CALLS	0
SMALL_CREATE_40_VOLUME_FLUSH_BTREE_FREE_SAMPLES	0
SMALL_CREATE_40_VOLUME_FLUSH_BTREE_FREE_SAMPLE_TICKS	0
SMALL_CREATE_40_VOLUME_FLUSH_IFACE_ALLOC_CALLS	0
SMALL_CREATE_40_VOLUME_FLUSH_IFACE_ALLOC_SAMPLES	0
SMALL_CREATE_40_VOLUME_FLUSH_IFACE_ALLOC_SAMPLE_TICKS	0
SMALL_CREATE_40_VOLUME_FLUSH_FREESPACE_ALLOC_CALLS	0
SMALL_CREATE_40_VOLUME_FLUSH_FREESPACE_ALLOC_SAMPLES	0
SMALL_CREATE_40_VOLUME_FLUSH_FREESPACE_ALLOC_SAMPLE_TICKS	0
SMALL_CREATE_40_VOLUME_FLUSH_DETAIL_INODE_READ_CALLS	0
SMALL_CREATE_40_VOLUME_FLUSH_DETAIL_INODE_READ_SAMPLES	0
SMALL_CREATE_40_VOLUME_FLUSH_DETAIL_INODE_READ_SAMPLE_TICKS	0
SMALL_CREATE_40_VOLUME_FLUSH_DETAIL_INODE_VALIDATE_CALLS	0
SMALL_CREATE_40_VOLUME_FLUSH_DETAIL_INODE_VALIDATE_SAMPLES	0
SMALL_CREATE_40_VOLUME_FLUSH_DETAIL_INODE_VALIDATE_SAMPLE_TICKS	0
SMALL_CREATE_40_VOLUME_FLUSH_DETAIL_INODE_SEARCH_CALLS	0
SMALL_CREATE_40_VOLUME_FLUSH_DETAIL_INODE_SEARCH_SAMPLES	0
SMALL_CREATE_40_VOLUME_FLUSH_DETAIL_INODE_SEARCH_SAMPLE_TICKS	0
SMALL_CREATE_40_VOLUME_FLUSH_DETAIL_INODE_NODE_VIEW_CALLS	0
SMALL_CREATE_40_VOLUME_FLUSH_DETAIL_INODE_NODE_VIEW_SAMPLES	0
SMALL_CREATE_40_VOLUME_FLUSH_DETAIL_INODE_NODE_VIEW_SAMPLE_TICKS	0
SMALL_CREATE_40_VOLUME_FLUSH_DETAIL_DIR_NODE_VIEW_CALLS	0
SMALL_CREATE_40_VOLUME_FLUSH_DETAIL_DIR_NODE_VIEW_SAMPLES	0
SMALL_CREATE_40_VOLUME_FLUSH_DETAIL_DIR_NODE_VIEW_SAMPLE_TICKS	0
SMALL_CREATE_40_VOLUME_FLUSH_DETAIL_INODE_BINARY_SEARCH_CALLS	0
SMALL_CREATE_40_VOLUME_FLUSH_DETAIL_INODE_BINARY_SEARCH_SAMPLES	0
SMALL_CREATE_40_VOLUME_FLUSH_DETAIL_INODE_BINARY_SEARCH_SAMPLE_TICKS	0
SMALL_CREATE_40_VOLUME_FLUSH_DETAIL_DIR_BINARY_SEARCH_CALLS	0
SMALL_CREATE_40_VOLUME_FLUSH_DETAIL_DIR_BINARY_SEARCH_SAMPLES	0
SMALL_CREATE_40_VOLUME_FLUSH_DETAIL_DIR_BINARY_SEARCH_SAMPLE_TICKS	0
SMALL_CREATE_40_VOLUME_FLUSH_DETAIL_NODE_STRUCTURE_CALLS	0
SMALL_CREATE_40_VOLUME_FLUSH_DETAIL_NODE_STRUCTURE_SAMPLES	0
SMALL_CREATE_40_VOLUME_FLUSH_DETAIL_NODE_STRUCTURE_SAMPLE_TICKS	0
SMALL_CREATE_40_VOLUME_FLUSH_DETAIL_CACHE_PEEK_CALLS	0
SMALL_CREATE_40_VOLUME_FLUSH_DETAIL_CACHE_PEEK_SAMPLES	0
SMALL_CREATE_40_VOLUME_FLUSH_DETAIL_CACHE_PEEK_SAMPLE_TICKS	0
SMALL_CREATE_40_VOLUME_FLUSH_DETAIL_BUFFER_ALLOC_CALLS	0
SMALL_CREATE_40_VOLUME_FLUSH_DETAIL_BUFFER_ALLOC_SAMPLES	0
SMALL_CREATE_40_VOLUME_FLUSH_DETAIL_BUFFER_ALLOC_SAMPLE_TICKS	0
SMALL_CREATE_40_VOLUME_FLUSH_DETAIL_BUFFER_FREE_CALLS	0
SMALL_CREATE_40_VOLUME_FLUSH_DETAIL_BUFFER_FREE_SAMPLES	0
SMALL_CREATE_40_VOLUME_FLUSH_DETAIL_BUFFER_FREE_SAMPLE_TICKS	0
SMALL_CREATE_40_VOLUME_FLUSH_DETAIL_EXALL_FILL_CALLS	0
SMALL_CREATE_40_VOLUME_FLUSH_DETAIL_EXALL_FILL_SAMPLES	0
SMALL_CREATE_40_VOLUME_FLUSH_DETAIL_EXALL_FILL_SAMPLE_TICKS	0
SMALL_CREATE_40_VOLUME_FLUSH_FREESPACE_ALLOCS	0
LOOKUP_400_US	72319
LOOKUP_400_WORK_US	72319
LOOKUP_400_VOLUME_FLUSH_US	0
LOOKUP_400_HAS_VOLUME_FLUSH	0
LOOKUP_400_GUEST_OPEN_CALLS	0
LOOKUP_400_GUEST_OPEN_US	0
LOOKUP_400_GUEST_READ_CALLS	0
LOOKUP_400_GUEST_READ_US	0
LOOKUP_400_GUEST_WRITE_CALLS	0
LOOKUP_400_GUEST_WRITE_US	0
LOOKUP_400_GUEST_HANDLE_FLUSH_CALLS	0
LOOKUP_400_GUEST_HANDLE_FLUSH_US	0
LOOKUP_400_GUEST_CLOSE_CALLS	0
LOOKUP_400_GUEST_CLOSE_US	0
LOOKUP_400_GUEST_VERIFY_CALLS	0
LOOKUP_400_GUEST_VERIFY_US	0
LOOKUP_400_WORK_BIO_READS	0
LOOKUP_400_WORK_BIO_WRITES	0
LOOKUP_400_WORK_BIO_UPDATES	0
LOOKUP_400_WORK_DATA_READS	0
LOOKUP_400_WORK_DATA_WRITES	0
LOOKUP_400_WORK_NODE_WRITES	0
LOOKUP_400_WORK_TXN_COMMITS	0
LOOKUP_400_WORK_EXTENT_MAPS	0
LOOKUP_400_WORK_READ_TICKS	0
LOOKUP_400_WORK_WRITE_TICKS	0
LOOKUP_400_WORK_UPDATE_TICKS	0
LOOKUP_400_WORK_DATA_READ_TICKS	0
LOOKUP_400_WORK_DATA_WRITE_TICKS	0
LOOKUP_400_WORK_NODE_CRC_READ_CALLS	0
LOOKUP_400_WORK_NODE_CRC_READ_SAMPLES	0
LOOKUP_400_WORK_NODE_CRC_READ_SAMPLE_TICKS	0
LOOKUP_400_WORK_NODE_CRC_WRITE_CALLS	0
LOOKUP_400_WORK_NODE_CRC_WRITE_SAMPLES	0
LOOKUP_400_WORK_NODE_CRC_WRITE_SAMPLE_TICKS	0
LOOKUP_400_WORK_CLOCK_PAIR_TICKS	0
LOOKUP_400_WORK_PACKET_CALLS	800
LOOKUP_400_WORK_PACKET_SAMPLES	800
LOOKUP_400_WORK_PACKET_SAMPLE_TICKS	22942
LOOKUP_400_WORK_PACKET_OPEN_CALLS	0
LOOKUP_400_WORK_PACKET_OPEN_SAMPLES	0
LOOKUP_400_WORK_PACKET_OPEN_SAMPLE_TICKS	0
LOOKUP_400_WORK_PACKET_READ_CALLS	0
LOOKUP_400_WORK_PACKET_READ_SAMPLES	0
LOOKUP_400_WORK_PACKET_READ_SAMPLE_TICKS	0
LOOKUP_400_WORK_PACKET_WRITE_CALLS	0
LOOKUP_400_WORK_PACKET_WRITE_SAMPLES	0
LOOKUP_400_WORK_PACKET_WRITE_SAMPLE_TICKS	0
LOOKUP_400_WORK_PACKET_END_CALLS	0
LOOKUP_400_WORK_PACKET_END_SAMPLES	0
LOOKUP_400_WORK_PACKET_END_SAMPLE_TICKS	0
LOOKUP_400_WORK_PACKET_DELETE_CALLS	0
LOOKUP_400_WORK_PACKET_DELETE_SAMPLES	0
LOOKUP_400_WORK_PACKET_DELETE_SAMPLE_TICKS	0
LOOKUP_400_WORK_PACKET_FLUSH_CALLS	0
LOOKUP_400_WORK_PACKET_FLUSH_SAMPLES	0
LOOKUP_400_WORK_PACKET_FLUSH_SAMPLE_TICKS	0
LOOKUP_400_WORK_PACKET_OTHER_CALLS	800
LOOKUP_400_WORK_PACKET_OTHER_SAMPLES	800
LOOKUP_400_WORK_PACKET_OTHER_SAMPLE_TICKS	22942
LOOKUP_400_WORK_CORE_CREATE_CALLS	0
LOOKUP_400_WORK_CORE_CREATE_SAMPLES	0
LOOKUP_400_WORK_CORE_CREATE_SAMPLE_TICKS	0
LOOKUP_400_WORK_CORE_DELETE_CALLS	0
LOOKUP_400_WORK_CORE_DELETE_SAMPLES	0
LOOKUP_400_WORK_CORE_DELETE_SAMPLE_TICKS	0
LOOKUP_400_WORK_CORE_FILE_WRITE_CALLS	0
LOOKUP_400_WORK_CORE_FILE_WRITE_SAMPLES	0
LOOKUP_400_WORK_CORE_FILE_WRITE_SAMPLE_TICKS	0
LOOKUP_400_WORK_CORE_SYNC_CALLS	0
LOOKUP_400_WORK_CORE_SYNC_SAMPLES	0
LOOKUP_400_WORK_CORE_SYNC_SAMPLE_TICKS	0
LOOKUP_400_WORK_IFACE_FREE_CALLS	0
LOOKUP_400_WORK_IFACE_FREE_SAMPLES	0
LOOKUP_400_WORK_IFACE_FREE_SAMPLE_TICKS	0
LOOKUP_400_WORK_SEAL_COMMIT_CALLS	0
LOOKUP_400_WORK_SEAL_COMMIT_SAMPLES	0
LOOKUP_400_WORK_SEAL_COMMIT_SAMPLE_TICKS	0
LOOKUP_400_WORK_INODE_READ_CALLS	0
LOOKUP_400_WORK_BTREE_SEARCH_CALLS	800
LOOKUP_400_WORK_BTREE_INDEX_HINT_HITS	0
LOOKUP_400_WORK_BTREE_LEAF_HINT_HITS	799
LOOKUP_400_WORK_CACHE_READ_CALLS	0
LOOKUP_400_WORK_CACHE_READ_HITS	0
LOOKUP_400_WORK_CACHE_READ_MISSES	0
LOOKUP_400_WORK_FREE_TREE_NODE_VIEWS	0
LOOKUP_400_WORK_FREE_TREE_RESIDENT_VIEWS	0
LOOKUP_400_WORK_DIR_TREE_NODE_VIEWS	1
LOOKUP_400_WORK_DIR_TREE_RESIDENT_VIEWS	1
LOOKUP_400_WORK_INODE_TREE_NODE_VIEWS	0
LOOKUP_400_WORK_INODE_TREE_RESIDENT_VIEWS	0
LOOKUP_400_WORK_REFCOUNT_TREE_NODE_VIEWS	0
LOOKUP_400_WORK_REFCOUNT_TREE_RESIDENT_VIEWS	0
LOOKUP_400_WORK_OTHER_TREE_NODE_VIEWS	0
LOOKUP_400_WORK_OTHER_TREE_RESIDENT_VIEWS	0
LOOKUP_400_WORK_WRITE_DETAIL_INODE_READ_CALLS	0
LOOKUP_400_WORK_WRITE_DETAIL_INODE_READ_SAMPLES	0
LOOKUP_400_WORK_WRITE_DETAIL_INODE_READ_SAMPLE_TICKS	0
LOOKUP_400_WORK_WRITE_DETAIL_INODE_WRITE_CALLS	0
LOOKUP_400_WORK_WRITE_DETAIL_INODE_WRITE_SAMPLES	0
LOOKUP_400_WORK_WRITE_DETAIL_INODE_WRITE_SAMPLE_TICKS	0
LOOKUP_400_WORK_WRITE_DETAIL_EXTENT_MAP_CALLS	0
LOOKUP_400_WORK_WRITE_DETAIL_EXTENT_MAP_SAMPLES	0
LOOKUP_400_WORK_WRITE_DETAIL_EXTENT_MAP_SAMPLE_TICKS	0
LOOKUP_400_WORK_WRITE_DETAIL_FREESPACE_GOAL_CALLS	0
LOOKUP_400_WORK_WRITE_DETAIL_FREESPACE_GOAL_SAMPLES	0
LOOKUP_400_WORK_WRITE_DETAIL_FREESPACE_GOAL_SAMPLE_TICKS	0
LOOKUP_400_WORK_BTREE_MALLOC_CALLS	0
LOOKUP_400_WORK_BTREE_MALLOC_SAMPLES	0
LOOKUP_400_WORK_BTREE_MALLOC_SAMPLE_TICKS	0
LOOKUP_400_WORK_BTREE_FREE_CALLS	0
LOOKUP_400_WORK_BTREE_FREE_SAMPLES	0
LOOKUP_400_WORK_BTREE_FREE_SAMPLE_TICKS	0
LOOKUP_400_WORK_IFACE_ALLOC_CALLS	0
LOOKUP_400_WORK_IFACE_ALLOC_SAMPLES	0
LOOKUP_400_WORK_IFACE_ALLOC_SAMPLE_TICKS	0
LOOKUP_400_WORK_FREESPACE_ALLOC_CALLS	0
LOOKUP_400_WORK_FREESPACE_ALLOC_SAMPLES	0
LOOKUP_400_WORK_FREESPACE_ALLOC_SAMPLE_TICKS	0
LOOKUP_400_WORK_DETAIL_INODE_READ_CALLS	0
LOOKUP_400_WORK_DETAIL_INODE_READ_SAMPLES	0
LOOKUP_400_WORK_DETAIL_INODE_READ_SAMPLE_TICKS	0
LOOKUP_400_WORK_DETAIL_INODE_VALIDATE_CALLS	0
LOOKUP_400_WORK_DETAIL_INODE_VALIDATE_SAMPLES	0
LOOKUP_400_WORK_DETAIL_INODE_VALIDATE_SAMPLE_TICKS	0
LOOKUP_400_WORK_DETAIL_INODE_SEARCH_CALLS	0
LOOKUP_400_WORK_DETAIL_INODE_SEARCH_SAMPLES	0
LOOKUP_400_WORK_DETAIL_INODE_SEARCH_SAMPLE_TICKS	0
LOOKUP_400_WORK_DETAIL_INODE_NODE_VIEW_CALLS	0
LOOKUP_400_WORK_DETAIL_INODE_NODE_VIEW_SAMPLES	0
LOOKUP_400_WORK_DETAIL_INODE_NODE_VIEW_SAMPLE_TICKS	0
LOOKUP_400_WORK_DETAIL_DIR_NODE_VIEW_CALLS	1
LOOKUP_400_WORK_DETAIL_DIR_NODE_VIEW_SAMPLES	0
LOOKUP_400_WORK_DETAIL_DIR_NODE_VIEW_SAMPLE_TICKS	0
LOOKUP_400_WORK_DETAIL_INODE_BINARY_SEARCH_CALLS	0
LOOKUP_400_WORK_DETAIL_INODE_BINARY_SEARCH_SAMPLES	0
LOOKUP_400_WORK_DETAIL_INODE_BINARY_SEARCH_SAMPLE_TICKS	0
LOOKUP_400_WORK_DETAIL_DIR_BINARY_SEARCH_CALLS	800
LOOKUP_400_WORK_DETAIL_DIR_BINARY_SEARCH_SAMPLES	47
LOOKUP_400_WORK_DETAIL_DIR_BINARY_SEARCH_SAMPLE_TICKS	94
LOOKUP_400_WORK_DETAIL_NODE_STRUCTURE_CALLS	0
LOOKUP_400_WORK_DETAIL_NODE_STRUCTURE_SAMPLES	0
LOOKUP_400_WORK_DETAIL_NODE_STRUCTURE_SAMPLE_TICKS	0
LOOKUP_400_WORK_DETAIL_CACHE_PEEK_CALLS	800
LOOKUP_400_WORK_DETAIL_CACHE_PEEK_SAMPLES	47
LOOKUP_400_WORK_DETAIL_CACHE_PEEK_SAMPLE_TICKS	223
LOOKUP_400_WORK_DETAIL_BUFFER_ALLOC_CALLS	1
LOOKUP_400_WORK_DETAIL_BUFFER_ALLOC_SAMPLES	0
LOOKUP_400_WORK_DETAIL_BUFFER_ALLOC_SAMPLE_TICKS	0
LOOKUP_400_WORK_DETAIL_BUFFER_FREE_CALLS	1
LOOKUP_400_WORK_DETAIL_BUFFER_FREE_SAMPLES	0
LOOKUP_400_WORK_DETAIL_BUFFER_FREE_SAMPLE_TICKS	0
LOOKUP_400_WORK_DETAIL_EXALL_FILL_CALLS	0
LOOKUP_400_WORK_DETAIL_EXALL_FILL_SAMPLES	0
LOOKUP_400_WORK_DETAIL_EXALL_FILL_SAMPLE_TICKS	0
LOOKUP_400_WORK_FREESPACE_ALLOCS	0
LOOKUP_400_VOLUME_FLUSH_BIO_READS	0
LOOKUP_400_VOLUME_FLUSH_BIO_WRITES	0
LOOKUP_400_VOLUME_FLUSH_BIO_UPDATES	0
LOOKUP_400_VOLUME_FLUSH_DATA_READS	0
LOOKUP_400_VOLUME_FLUSH_DATA_WRITES	0
LOOKUP_400_VOLUME_FLUSH_NODE_WRITES	0
LOOKUP_400_VOLUME_FLUSH_TXN_COMMITS	0
LOOKUP_400_VOLUME_FLUSH_EXTENT_MAPS	0
LOOKUP_400_VOLUME_FLUSH_READ_TICKS	0
LOOKUP_400_VOLUME_FLUSH_WRITE_TICKS	0
LOOKUP_400_VOLUME_FLUSH_UPDATE_TICKS	0
LOOKUP_400_VOLUME_FLUSH_DATA_READ_TICKS	0
LOOKUP_400_VOLUME_FLUSH_DATA_WRITE_TICKS	0
LOOKUP_400_VOLUME_FLUSH_NODE_CRC_READ_CALLS	0
LOOKUP_400_VOLUME_FLUSH_NODE_CRC_READ_SAMPLES	0
LOOKUP_400_VOLUME_FLUSH_NODE_CRC_READ_SAMPLE_TICKS	0
LOOKUP_400_VOLUME_FLUSH_NODE_CRC_WRITE_CALLS	0
LOOKUP_400_VOLUME_FLUSH_NODE_CRC_WRITE_SAMPLES	0
LOOKUP_400_VOLUME_FLUSH_NODE_CRC_WRITE_SAMPLE_TICKS	0
LOOKUP_400_VOLUME_FLUSH_CLOCK_PAIR_TICKS	0
LOOKUP_400_VOLUME_FLUSH_PACKET_CALLS	0
LOOKUP_400_VOLUME_FLUSH_PACKET_SAMPLES	0
LOOKUP_400_VOLUME_FLUSH_PACKET_SAMPLE_TICKS	0
LOOKUP_400_VOLUME_FLUSH_PACKET_OPEN_CALLS	0
LOOKUP_400_VOLUME_FLUSH_PACKET_OPEN_SAMPLES	0
LOOKUP_400_VOLUME_FLUSH_PACKET_OPEN_SAMPLE_TICKS	0
LOOKUP_400_VOLUME_FLUSH_PACKET_READ_CALLS	0
LOOKUP_400_VOLUME_FLUSH_PACKET_READ_SAMPLES	0
LOOKUP_400_VOLUME_FLUSH_PACKET_READ_SAMPLE_TICKS	0
LOOKUP_400_VOLUME_FLUSH_PACKET_WRITE_CALLS	0
LOOKUP_400_VOLUME_FLUSH_PACKET_WRITE_SAMPLES	0
LOOKUP_400_VOLUME_FLUSH_PACKET_WRITE_SAMPLE_TICKS	0
LOOKUP_400_VOLUME_FLUSH_PACKET_END_CALLS	0
LOOKUP_400_VOLUME_FLUSH_PACKET_END_SAMPLES	0
LOOKUP_400_VOLUME_FLUSH_PACKET_END_SAMPLE_TICKS	0
LOOKUP_400_VOLUME_FLUSH_PACKET_DELETE_CALLS	0
LOOKUP_400_VOLUME_FLUSH_PACKET_DELETE_SAMPLES	0
LOOKUP_400_VOLUME_FLUSH_PACKET_DELETE_SAMPLE_TICKS	0
LOOKUP_400_VOLUME_FLUSH_PACKET_FLUSH_CALLS	0
LOOKUP_400_VOLUME_FLUSH_PACKET_FLUSH_SAMPLES	0
LOOKUP_400_VOLUME_FLUSH_PACKET_FLUSH_SAMPLE_TICKS	0
LOOKUP_400_VOLUME_FLUSH_PACKET_OTHER_CALLS	0
LOOKUP_400_VOLUME_FLUSH_PACKET_OTHER_SAMPLES	0
LOOKUP_400_VOLUME_FLUSH_PACKET_OTHER_SAMPLE_TICKS	0
LOOKUP_400_VOLUME_FLUSH_CORE_CREATE_CALLS	0
LOOKUP_400_VOLUME_FLUSH_CORE_CREATE_SAMPLES	0
LOOKUP_400_VOLUME_FLUSH_CORE_CREATE_SAMPLE_TICKS	0
LOOKUP_400_VOLUME_FLUSH_CORE_DELETE_CALLS	0
LOOKUP_400_VOLUME_FLUSH_CORE_DELETE_SAMPLES	0
LOOKUP_400_VOLUME_FLUSH_CORE_DELETE_SAMPLE_TICKS	0
LOOKUP_400_VOLUME_FLUSH_CORE_FILE_WRITE_CALLS	0
LOOKUP_400_VOLUME_FLUSH_CORE_FILE_WRITE_SAMPLES	0
LOOKUP_400_VOLUME_FLUSH_CORE_FILE_WRITE_SAMPLE_TICKS	0
LOOKUP_400_VOLUME_FLUSH_CORE_SYNC_CALLS	0
LOOKUP_400_VOLUME_FLUSH_CORE_SYNC_SAMPLES	0
LOOKUP_400_VOLUME_FLUSH_CORE_SYNC_SAMPLE_TICKS	0
LOOKUP_400_VOLUME_FLUSH_IFACE_FREE_CALLS	0
LOOKUP_400_VOLUME_FLUSH_IFACE_FREE_SAMPLES	0
LOOKUP_400_VOLUME_FLUSH_IFACE_FREE_SAMPLE_TICKS	0
LOOKUP_400_VOLUME_FLUSH_SEAL_COMMIT_CALLS	0
LOOKUP_400_VOLUME_FLUSH_SEAL_COMMIT_SAMPLES	0
LOOKUP_400_VOLUME_FLUSH_SEAL_COMMIT_SAMPLE_TICKS	0
LOOKUP_400_VOLUME_FLUSH_INODE_READ_CALLS	0
LOOKUP_400_VOLUME_FLUSH_BTREE_SEARCH_CALLS	0
LOOKUP_400_VOLUME_FLUSH_BTREE_INDEX_HINT_HITS	0
LOOKUP_400_VOLUME_FLUSH_BTREE_LEAF_HINT_HITS	0
LOOKUP_400_VOLUME_FLUSH_CACHE_READ_CALLS	0
LOOKUP_400_VOLUME_FLUSH_CACHE_READ_HITS	0
LOOKUP_400_VOLUME_FLUSH_CACHE_READ_MISSES	0
LOOKUP_400_VOLUME_FLUSH_FREE_TREE_NODE_VIEWS	0
LOOKUP_400_VOLUME_FLUSH_FREE_TREE_RESIDENT_VIEWS	0
LOOKUP_400_VOLUME_FLUSH_DIR_TREE_NODE_VIEWS	0
LOOKUP_400_VOLUME_FLUSH_DIR_TREE_RESIDENT_VIEWS	0
LOOKUP_400_VOLUME_FLUSH_INODE_TREE_NODE_VIEWS	0
LOOKUP_400_VOLUME_FLUSH_INODE_TREE_RESIDENT_VIEWS	0
LOOKUP_400_VOLUME_FLUSH_REFCOUNT_TREE_NODE_VIEWS	0
LOOKUP_400_VOLUME_FLUSH_REFCOUNT_TREE_RESIDENT_VIEWS	0
LOOKUP_400_VOLUME_FLUSH_OTHER_TREE_NODE_VIEWS	0
LOOKUP_400_VOLUME_FLUSH_OTHER_TREE_RESIDENT_VIEWS	0
LOOKUP_400_VOLUME_FLUSH_WRITE_DETAIL_INODE_READ_CALLS	0
LOOKUP_400_VOLUME_FLUSH_WRITE_DETAIL_INODE_READ_SAMPLES	0
LOOKUP_400_VOLUME_FLUSH_WRITE_DETAIL_INODE_READ_SAMPLE_TICKS	0
LOOKUP_400_VOLUME_FLUSH_WRITE_DETAIL_INODE_WRITE_CALLS	0
LOOKUP_400_VOLUME_FLUSH_WRITE_DETAIL_INODE_WRITE_SAMPLES	0
LOOKUP_400_VOLUME_FLUSH_WRITE_DETAIL_INODE_WRITE_SAMPLE_TICKS	0
LOOKUP_400_VOLUME_FLUSH_WRITE_DETAIL_EXTENT_MAP_CALLS	0
LOOKUP_400_VOLUME_FLUSH_WRITE_DETAIL_EXTENT_MAP_SAMPLES	0
LOOKUP_400_VOLUME_FLUSH_WRITE_DETAIL_EXTENT_MAP_SAMPLE_TICKS	0
LOOKUP_400_VOLUME_FLUSH_WRITE_DETAIL_FREESPACE_GOAL_CALLS	0
LOOKUP_400_VOLUME_FLUSH_WRITE_DETAIL_FREESPACE_GOAL_SAMPLES	0
LOOKUP_400_VOLUME_FLUSH_WRITE_DETAIL_FREESPACE_GOAL_SAMPLE_TICKS	0
LOOKUP_400_VOLUME_FLUSH_BTREE_MALLOC_CALLS	0
LOOKUP_400_VOLUME_FLUSH_BTREE_MALLOC_SAMPLES	0
LOOKUP_400_VOLUME_FLUSH_BTREE_MALLOC_SAMPLE_TICKS	0
LOOKUP_400_VOLUME_FLUSH_BTREE_FREE_CALLS	0
LOOKUP_400_VOLUME_FLUSH_BTREE_FREE_SAMPLES	0
LOOKUP_400_VOLUME_FLUSH_BTREE_FREE_SAMPLE_TICKS	0
LOOKUP_400_VOLUME_FLUSH_IFACE_ALLOC_CALLS	0
LOOKUP_400_VOLUME_FLUSH_IFACE_ALLOC_SAMPLES	0
LOOKUP_400_VOLUME_FLUSH_IFACE_ALLOC_SAMPLE_TICKS	0
LOOKUP_400_VOLUME_FLUSH_FREESPACE_ALLOC_CALLS	0
LOOKUP_400_VOLUME_FLUSH_FREESPACE_ALLOC_SAMPLES	0
LOOKUP_400_VOLUME_FLUSH_FREESPACE_ALLOC_SAMPLE_TICKS	0
LOOKUP_400_VOLUME_FLUSH_DETAIL_INODE_READ_CALLS	0
LOOKUP_400_VOLUME_FLUSH_DETAIL_INODE_READ_SAMPLES	0
LOOKUP_400_VOLUME_FLUSH_DETAIL_INODE_READ_SAMPLE_TICKS	0
LOOKUP_400_VOLUME_FLUSH_DETAIL_INODE_VALIDATE_CALLS	0
LOOKUP_400_VOLUME_FLUSH_DETAIL_INODE_VALIDATE_SAMPLES	0
LOOKUP_400_VOLUME_FLUSH_DETAIL_INODE_VALIDATE_SAMPLE_TICKS	0
LOOKUP_400_VOLUME_FLUSH_DETAIL_INODE_SEARCH_CALLS	0
LOOKUP_400_VOLUME_FLUSH_DETAIL_INODE_SEARCH_SAMPLES	0
LOOKUP_400_VOLUME_FLUSH_DETAIL_INODE_SEARCH_SAMPLE_TICKS	0
LOOKUP_400_VOLUME_FLUSH_DETAIL_INODE_NODE_VIEW_CALLS	0
LOOKUP_400_VOLUME_FLUSH_DETAIL_INODE_NODE_VIEW_SAMPLES	0
LOOKUP_400_VOLUME_FLUSH_DETAIL_INODE_NODE_VIEW_SAMPLE_TICKS	0
LOOKUP_400_VOLUME_FLUSH_DETAIL_DIR_NODE_VIEW_CALLS	0
LOOKUP_400_VOLUME_FLUSH_DETAIL_DIR_NODE_VIEW_SAMPLES	0
LOOKUP_400_VOLUME_FLUSH_DETAIL_DIR_NODE_VIEW_SAMPLE_TICKS	0
LOOKUP_400_VOLUME_FLUSH_DETAIL_INODE_BINARY_SEARCH_CALLS	0
LOOKUP_400_VOLUME_FLUSH_DETAIL_INODE_BINARY_SEARCH_SAMPLES	0
LOOKUP_400_VOLUME_FLUSH_DETAIL_INODE_BINARY_SEARCH_SAMPLE_TICKS	0
LOOKUP_400_VOLUME_FLUSH_DETAIL_DIR_BINARY_SEARCH_CALLS	0
LOOKUP_400_VOLUME_FLUSH_DETAIL_DIR_BINARY_SEARCH_SAMPLES	0
LOOKUP_400_VOLUME_FLUSH_DETAIL_DIR_BINARY_SEARCH_SAMPLE_TICKS	0
LOOKUP_400_VOLUME_FLUSH_DETAIL_NODE_STRUCTURE_CALLS	0
LOOKUP_400_VOLUME_FLUSH_DETAIL_NODE_STRUCTURE_SAMPLES	0
LOOKUP_400_VOLUME_FLUSH_DETAIL_NODE_STRUCTURE_SAMPLE_TICKS	0
LOOKUP_400_VOLUME_FLUSH_DETAIL_CACHE_PEEK_CALLS	0
LOOKUP_400_VOLUME_FLUSH_DETAIL_CACHE_PEEK_SAMPLES	0
LOOKUP_400_VOLUME_FLUSH_DETAIL_CACHE_PEEK_SAMPLE_TICKS	0
LOOKUP_400_VOLUME_FLUSH_DETAIL_BUFFER_ALLOC_CALLS	0
LOOKUP_400_VOLUME_FLUSH_DETAIL_BUFFER_ALLOC_SAMPLES	0
LOOKUP_400_VOLUME_FLUSH_DETAIL_BUFFER_ALLOC_SAMPLE_TICKS	0
LOOKUP_400_VOLUME_FLUSH_DETAIL_BUFFER_FREE_CALLS	0
LOOKUP_400_VOLUME_FLUSH_DETAIL_BUFFER_FREE_SAMPLES	0
LOOKUP_400_VOLUME_FLUSH_DETAIL_BUFFER_FREE_SAMPLE_TICKS	0
LOOKUP_400_VOLUME_FLUSH_DETAIL_EXALL_FILL_CALLS	0
LOOKUP_400_VOLUME_FLUSH_DETAIL_EXALL_FILL_SAMPLES	0
LOOKUP_400_VOLUME_FLUSH_DETAIL_EXALL_FILL_SAMPLE_TICKS	0
LOOKUP_400_VOLUME_FLUSH_FREESPACE_ALLOCS	0
SMALL_READ_40_US	28608
SMALL_READ_40_WORK_US	28608
SMALL_READ_40_VOLUME_FLUSH_US	0
SMALL_READ_40_HAS_VOLUME_FLUSH	0
SMALL_READ_40_GUEST_OPEN_CALLS	40
SMALL_READ_40_GUEST_OPEN_US	10503
SMALL_READ_40_GUEST_READ_CALLS	80
SMALL_READ_40_GUEST_READ_US	13733
SMALL_READ_40_GUEST_WRITE_CALLS	0
SMALL_READ_40_GUEST_WRITE_US	0
SMALL_READ_40_GUEST_HANDLE_FLUSH_CALLS	0
SMALL_READ_40_GUEST_HANDLE_FLUSH_US	0
SMALL_READ_40_GUEST_CLOSE_CALLS	40
SMALL_READ_40_GUEST_CLOSE_US	1435
SMALL_READ_40_GUEST_VERIFY_CALLS	40
SMALL_READ_40_GUEST_VERIFY_US	1667
SMALL_READ_40_WORK_BIO_READS	40
SMALL_READ_40_WORK_BIO_WRITES	0
SMALL_READ_40_WORK_BIO_UPDATES	0
SMALL_READ_40_WORK_DATA_READS	40
SMALL_READ_40_WORK_DATA_WRITES	0
SMALL_READ_40_WORK_NODE_WRITES	0
SMALL_READ_40_WORK_TXN_COMMITS	0
SMALL_READ_40_WORK_EXTENT_MAPS	0
SMALL_READ_40_WORK_READ_TICKS	2984
SMALL_READ_40_WORK_WRITE_TICKS	0
SMALL_READ_40_WORK_UPDATE_TICKS	0
SMALL_READ_40_WORK_DATA_READ_TICKS	2984
SMALL_READ_40_WORK_DATA_WRITE_TICKS	0
SMALL_READ_40_WORK_NODE_CRC_READ_CALLS	0
SMALL_READ_40_WORK_NODE_CRC_READ_SAMPLES	0
SMALL_READ_40_WORK_NODE_CRC_READ_SAMPLE_TICKS	0
SMALL_READ_40_WORK_NODE_CRC_WRITE_CALLS	0
SMALL_READ_40_WORK_NODE_CRC_WRITE_SAMPLES	0
SMALL_READ_40_WORK_NODE_CRC_WRITE_SAMPLE_TICKS	0
SMALL_READ_40_WORK_CLOCK_PAIR_TICKS	0
SMALL_READ_40_WORK_PACKET_CALLS	160
SMALL_READ_40_WORK_PACKET_SAMPLES	160
SMALL_READ_40_WORK_PACKET_SAMPLE_TICKS	13112
SMALL_READ_40_WORK_PACKET_OPEN_CALLS	40
SMALL_READ_40_WORK_PACKET_OPEN_SAMPLES	40
SMALL_READ_40_WORK_PACKET_OPEN_SAMPLE_TICKS	4221
SMALL_READ_40_WORK_PACKET_READ_CALLS	80
SMALL_READ_40_WORK_PACKET_READ_SAMPLES	80
SMALL_READ_40_WORK_PACKET_READ_SAMPLE_TICKS	8404
SMALL_READ_40_WORK_PACKET_WRITE_CALLS	0
SMALL_READ_40_WORK_PACKET_WRITE_SAMPLES	0
SMALL_READ_40_WORK_PACKET_WRITE_SAMPLE_TICKS	0
SMALL_READ_40_WORK_PACKET_END_CALLS	40
SMALL_READ_40_WORK_PACKET_END_SAMPLES	40
SMALL_READ_40_WORK_PACKET_END_SAMPLE_TICKS	487
SMALL_READ_40_WORK_PACKET_DELETE_CALLS	0
SMALL_READ_40_WORK_PACKET_DELETE_SAMPLES	0
SMALL_READ_40_WORK_PACKET_DELETE_SAMPLE_TICKS	0
SMALL_READ_40_WORK_PACKET_FLUSH_CALLS	0
SMALL_READ_40_WORK_PACKET_FLUSH_SAMPLES	0
SMALL_READ_40_WORK_PACKET_FLUSH_SAMPLE_TICKS	0
SMALL_READ_40_WORK_PACKET_OTHER_CALLS	0
SMALL_READ_40_WORK_PACKET_OTHER_SAMPLES	0
SMALL_READ_40_WORK_PACKET_OTHER_SAMPLE_TICKS	0
SMALL_READ_40_WORK_CORE_CREATE_CALLS	0
SMALL_READ_40_WORK_CORE_CREATE_SAMPLES	0
SMALL_READ_40_WORK_CORE_CREATE_SAMPLE_TICKS	0
SMALL_READ_40_WORK_CORE_DELETE_CALLS	0
SMALL_READ_40_WORK_CORE_DELETE_SAMPLES	0
SMALL_READ_40_WORK_CORE_DELETE_SAMPLE_TICKS	0
SMALL_READ_40_WORK_CORE_FILE_WRITE_CALLS	0
SMALL_READ_40_WORK_CORE_FILE_WRITE_SAMPLES	0
SMALL_READ_40_WORK_CORE_FILE_WRITE_SAMPLE_TICKS	0
SMALL_READ_40_WORK_CORE_SYNC_CALLS	0
SMALL_READ_40_WORK_CORE_SYNC_SAMPLES	0
SMALL_READ_40_WORK_CORE_SYNC_SAMPLE_TICKS	0
SMALL_READ_40_WORK_IFACE_FREE_CALLS	0
SMALL_READ_40_WORK_IFACE_FREE_SAMPLES	0
SMALL_READ_40_WORK_IFACE_FREE_SAMPLE_TICKS	0
SMALL_READ_40_WORK_SEAL_COMMIT_CALLS	0
SMALL_READ_40_WORK_SEAL_COMMIT_SAMPLES	0
SMALL_READ_40_WORK_SEAL_COMMIT_SAMPLE_TICKS	0
SMALL_READ_40_WORK_INODE_READ_CALLS	240
SMALL_READ_40_WORK_BTREE_SEARCH_CALLS	272
SMALL_READ_40_WORK_BTREE_INDEX_HINT_HITS	160
SMALL_READ_40_WORK_BTREE_LEAF_HINT_HITS	111
SMALL_READ_40_WORK_CACHE_READ_CALLS	40
SMALL_READ_40_WORK_CACHE_READ_HITS	0
SMALL_READ_40_WORK_CACHE_READ_MISSES	40
SMALL_READ_40_WORK_FREE_TREE_NODE_VIEWS	0
SMALL_READ_40_WORK_FREE_TREE_RESIDENT_VIEWS	0
SMALL_READ_40_WORK_DIR_TREE_NODE_VIEWS	0
SMALL_READ_40_WORK_DIR_TREE_RESIDENT_VIEWS	0
SMALL_READ_40_WORK_INODE_TREE_NODE_VIEWS	1
SMALL_READ_40_WORK_INODE_TREE_RESIDENT_VIEWS	1
SMALL_READ_40_WORK_REFCOUNT_TREE_NODE_VIEWS	0
SMALL_READ_40_WORK_REFCOUNT_TREE_RESIDENT_VIEWS	0
SMALL_READ_40_WORK_OTHER_TREE_NODE_VIEWS	0
SMALL_READ_40_WORK_OTHER_TREE_RESIDENT_VIEWS	0
SMALL_READ_40_WORK_WRITE_DETAIL_INODE_READ_CALLS	240
SMALL_READ_40_WORK_WRITE_DETAIL_INODE_READ_SAMPLES	240
SMALL_READ_40_WORK_WRITE_DETAIL_INODE_READ_SAMPLE_TICKS	3543
SMALL_READ_40_WORK_WRITE_DETAIL_INODE_WRITE_CALLS	0
SMALL_READ_40_WORK_WRITE_DETAIL_INODE_WRITE_SAMPLES	0
SMALL_READ_40_WORK_WRITE_DETAIL_INODE_WRITE_SAMPLE_TICKS	0
SMALL_READ_40_WORK_WRITE_DETAIL_EXTENT_MAP_CALLS	0
SMALL_READ_40_WORK_WRITE_DETAIL_EXTENT_MAP_SAMPLES	0
SMALL_READ_40_WORK_WRITE_DETAIL_EXTENT_MAP_SAMPLE_TICKS	0
SMALL_READ_40_WORK_WRITE_DETAIL_FREESPACE_GOAL_CALLS	0
SMALL_READ_40_WORK_WRITE_DETAIL_FREESPACE_GOAL_SAMPLES	0
SMALL_READ_40_WORK_WRITE_DETAIL_FREESPACE_GOAL_SAMPLE_TICKS	0
SMALL_READ_40_WORK_BTREE_MALLOC_CALLS	0
SMALL_READ_40_WORK_BTREE_MALLOC_SAMPLES	0
SMALL_READ_40_WORK_BTREE_MALLOC_SAMPLE_TICKS	0
SMALL_READ_40_WORK_BTREE_FREE_CALLS	0
SMALL_READ_40_WORK_BTREE_FREE_SAMPLES	0
SMALL_READ_40_WORK_BTREE_FREE_SAMPLE_TICKS	0
SMALL_READ_40_WORK_IFACE_ALLOC_CALLS	0
SMALL_READ_40_WORK_IFACE_ALLOC_SAMPLES	0
SMALL_READ_40_WORK_IFACE_ALLOC_SAMPLE_TICKS	0
SMALL_READ_40_WORK_FREESPACE_ALLOC_CALLS	0
SMALL_READ_40_WORK_FREESPACE_ALLOC_SAMPLES	0
SMALL_READ_40_WORK_FREESPACE_ALLOC_SAMPLE_TICKS	0
SMALL_READ_40_WORK_DETAIL_INODE_READ_CALLS	240
SMALL_READ_40_WORK_DETAIL_INODE_READ_SAMPLES	14
SMALL_READ_40_WORK_DETAIL_INODE_READ_SAMPLE_TICKS	225
SMALL_READ_40_WORK_DETAIL_INODE_VALIDATE_CALLS	240
SMALL_READ_40_WORK_DETAIL_INODE_VALIDATE_SAMPLES	14
SMALL_READ_40_WORK_DETAIL_INODE_VALIDATE_SAMPLE_TICKS	90
SMALL_READ_40_WORK_DETAIL_INODE_SEARCH_CALLS	192
SMALL_READ_40_WORK_DETAIL_INODE_SEARCH_SAMPLES	11
SMALL_READ_40_WORK_DETAIL_INODE_SEARCH_SAMPLE_TICKS	47
SMALL_READ_40_WORK_DETAIL_INODE_NODE_VIEW_CALLS	1
SMALL_READ_40_WORK_DETAIL_INODE_NODE_VIEW_SAMPLES	0
SMALL_READ_40_WORK_DETAIL_INODE_NODE_VIEW_SAMPLE_TICKS	0
SMALL_READ_40_WORK_DETAIL_DIR_NODE_VIEW_CALLS	0
SMALL_READ_40_WORK_DETAIL_DIR_NODE_VIEW_SAMPLES	0
SMALL_READ_40_WORK_DETAIL_DIR_NODE_VIEW_SAMPLE_TICKS	0
SMALL_READ_40_WORK_DETAIL_INODE_BINARY_SEARCH_CALLS	1
SMALL_READ_40_WORK_DETAIL_INODE_BINARY_SEARCH_SAMPLES	0
SMALL_READ_40_WORK_DETAIL_INODE_BINARY_SEARCH_SAMPLE_TICKS	0
SMALL_READ_40_WORK_DETAIL_DIR_BINARY_SEARCH_CALLS	80
SMALL_READ_40_WORK_DETAIL_DIR_BINARY_SEARCH_SAMPLES	4
SMALL_READ_40_WORK_DETAIL_DIR_BINARY_SEARCH_SAMPLE_TICKS	1
SMALL_READ_40_WORK_DETAIL_NODE_STRUCTURE_CALLS	0
SMALL_READ_40_WORK_DETAIL_NODE_STRUCTURE_SAMPLES	0
SMALL_READ_40_WORK_DETAIL_NODE_STRUCTURE_SAMPLE_TICKS	0
SMALL_READ_40_WORK_DETAIL_CACHE_PEEK_CALLS	272
SMALL_READ_40_WORK_DETAIL_CACHE_PEEK_SAMPLES	16
SMALL_READ_40_WORK_DETAIL_CACHE_PEEK_SAMPLE_TICKS	0
SMALL_READ_40_WORK_DETAIL_BUFFER_ALLOC_CALLS	1
SMALL_READ_40_WORK_DETAIL_BUFFER_ALLOC_SAMPLES	0
SMALL_READ_40_WORK_DETAIL_BUFFER_ALLOC_SAMPLE_TICKS	0
SMALL_READ_40_WORK_DETAIL_BUFFER_FREE_CALLS	1
SMALL_READ_40_WORK_DETAIL_BUFFER_FREE_SAMPLES	0
SMALL_READ_40_WORK_DETAIL_BUFFER_FREE_SAMPLE_TICKS	0
SMALL_READ_40_WORK_DETAIL_EXALL_FILL_CALLS	0
SMALL_READ_40_WORK_DETAIL_EXALL_FILL_SAMPLES	0
SMALL_READ_40_WORK_DETAIL_EXALL_FILL_SAMPLE_TICKS	0
SMALL_READ_40_WORK_FREESPACE_ALLOCS	0
SMALL_READ_40_VOLUME_FLUSH_BIO_READS	0
SMALL_READ_40_VOLUME_FLUSH_BIO_WRITES	0
SMALL_READ_40_VOLUME_FLUSH_BIO_UPDATES	0
SMALL_READ_40_VOLUME_FLUSH_DATA_READS	0
SMALL_READ_40_VOLUME_FLUSH_DATA_WRITES	0
SMALL_READ_40_VOLUME_FLUSH_NODE_WRITES	0
SMALL_READ_40_VOLUME_FLUSH_TXN_COMMITS	0
SMALL_READ_40_VOLUME_FLUSH_EXTENT_MAPS	0
SMALL_READ_40_VOLUME_FLUSH_READ_TICKS	0
SMALL_READ_40_VOLUME_FLUSH_WRITE_TICKS	0
SMALL_READ_40_VOLUME_FLUSH_UPDATE_TICKS	0
SMALL_READ_40_VOLUME_FLUSH_DATA_READ_TICKS	0
SMALL_READ_40_VOLUME_FLUSH_DATA_WRITE_TICKS	0
SMALL_READ_40_VOLUME_FLUSH_NODE_CRC_READ_CALLS	0
SMALL_READ_40_VOLUME_FLUSH_NODE_CRC_READ_SAMPLES	0
SMALL_READ_40_VOLUME_FLUSH_NODE_CRC_READ_SAMPLE_TICKS	0
SMALL_READ_40_VOLUME_FLUSH_NODE_CRC_WRITE_CALLS	0
SMALL_READ_40_VOLUME_FLUSH_NODE_CRC_WRITE_SAMPLES	0
SMALL_READ_40_VOLUME_FLUSH_NODE_CRC_WRITE_SAMPLE_TICKS	0
SMALL_READ_40_VOLUME_FLUSH_CLOCK_PAIR_TICKS	0
SMALL_READ_40_VOLUME_FLUSH_PACKET_CALLS	0
SMALL_READ_40_VOLUME_FLUSH_PACKET_SAMPLES	0
SMALL_READ_40_VOLUME_FLUSH_PACKET_SAMPLE_TICKS	0
SMALL_READ_40_VOLUME_FLUSH_PACKET_OPEN_CALLS	0
SMALL_READ_40_VOLUME_FLUSH_PACKET_OPEN_SAMPLES	0
SMALL_READ_40_VOLUME_FLUSH_PACKET_OPEN_SAMPLE_TICKS	0
SMALL_READ_40_VOLUME_FLUSH_PACKET_READ_CALLS	0
SMALL_READ_40_VOLUME_FLUSH_PACKET_READ_SAMPLES	0
SMALL_READ_40_VOLUME_FLUSH_PACKET_READ_SAMPLE_TICKS	0
SMALL_READ_40_VOLUME_FLUSH_PACKET_WRITE_CALLS	0
SMALL_READ_40_VOLUME_FLUSH_PACKET_WRITE_SAMPLES	0
SMALL_READ_40_VOLUME_FLUSH_PACKET_WRITE_SAMPLE_TICKS	0
SMALL_READ_40_VOLUME_FLUSH_PACKET_END_CALLS	0
SMALL_READ_40_VOLUME_FLUSH_PACKET_END_SAMPLES	0
SMALL_READ_40_VOLUME_FLUSH_PACKET_END_SAMPLE_TICKS	0
SMALL_READ_40_VOLUME_FLUSH_PACKET_DELETE_CALLS	0
SMALL_READ_40_VOLUME_FLUSH_PACKET_DELETE_SAMPLES	0
SMALL_READ_40_VOLUME_FLUSH_PACKET_DELETE_SAMPLE_TICKS	0
SMALL_READ_40_VOLUME_FLUSH_PACKET_FLUSH_CALLS	0
SMALL_READ_40_VOLUME_FLUSH_PACKET_FLUSH_SAMPLES	0
SMALL_READ_40_VOLUME_FLUSH_PACKET_FLUSH_SAMPLE_TICKS	0
SMALL_READ_40_VOLUME_FLUSH_PACKET_OTHER_CALLS	0
SMALL_READ_40_VOLUME_FLUSH_PACKET_OTHER_SAMPLES	0
SMALL_READ_40_VOLUME_FLUSH_PACKET_OTHER_SAMPLE_TICKS	0
SMALL_READ_40_VOLUME_FLUSH_CORE_CREATE_CALLS	0
SMALL_READ_40_VOLUME_FLUSH_CORE_CREATE_SAMPLES	0
SMALL_READ_40_VOLUME_FLUSH_CORE_CREATE_SAMPLE_TICKS	0
SMALL_READ_40_VOLUME_FLUSH_CORE_DELETE_CALLS	0
SMALL_READ_40_VOLUME_FLUSH_CORE_DELETE_SAMPLES	0
SMALL_READ_40_VOLUME_FLUSH_CORE_DELETE_SAMPLE_TICKS	0
SMALL_READ_40_VOLUME_FLUSH_CORE_FILE_WRITE_CALLS	0
SMALL_READ_40_VOLUME_FLUSH_CORE_FILE_WRITE_SAMPLES	0
SMALL_READ_40_VOLUME_FLUSH_CORE_FILE_WRITE_SAMPLE_TICKS	0
SMALL_READ_40_VOLUME_FLUSH_CORE_SYNC_CALLS	0
SMALL_READ_40_VOLUME_FLUSH_CORE_SYNC_SAMPLES	0
SMALL_READ_40_VOLUME_FLUSH_CORE_SYNC_SAMPLE_TICKS	0
SMALL_READ_40_VOLUME_FLUSH_IFACE_FREE_CALLS	0
SMALL_READ_40_VOLUME_FLUSH_IFACE_FREE_SAMPLES	0
SMALL_READ_40_VOLUME_FLUSH_IFACE_FREE_SAMPLE_TICKS	0
SMALL_READ_40_VOLUME_FLUSH_SEAL_COMMIT_CALLS	0
SMALL_READ_40_VOLUME_FLUSH_SEAL_COMMIT_SAMPLES	0
SMALL_READ_40_VOLUME_FLUSH_SEAL_COMMIT_SAMPLE_TICKS	0
SMALL_READ_40_VOLUME_FLUSH_INODE_READ_CALLS	0
SMALL_READ_40_VOLUME_FLUSH_BTREE_SEARCH_CALLS	0
SMALL_READ_40_VOLUME_FLUSH_BTREE_INDEX_HINT_HITS	0
SMALL_READ_40_VOLUME_FLUSH_BTREE_LEAF_HINT_HITS	0
SMALL_READ_40_VOLUME_FLUSH_CACHE_READ_CALLS	0
SMALL_READ_40_VOLUME_FLUSH_CACHE_READ_HITS	0
SMALL_READ_40_VOLUME_FLUSH_CACHE_READ_MISSES	0
SMALL_READ_40_VOLUME_FLUSH_FREE_TREE_NODE_VIEWS	0
SMALL_READ_40_VOLUME_FLUSH_FREE_TREE_RESIDENT_VIEWS	0
SMALL_READ_40_VOLUME_FLUSH_DIR_TREE_NODE_VIEWS	0
SMALL_READ_40_VOLUME_FLUSH_DIR_TREE_RESIDENT_VIEWS	0
SMALL_READ_40_VOLUME_FLUSH_INODE_TREE_NODE_VIEWS	0
SMALL_READ_40_VOLUME_FLUSH_INODE_TREE_RESIDENT_VIEWS	0
SMALL_READ_40_VOLUME_FLUSH_REFCOUNT_TREE_NODE_VIEWS	0
SMALL_READ_40_VOLUME_FLUSH_REFCOUNT_TREE_RESIDENT_VIEWS	0
SMALL_READ_40_VOLUME_FLUSH_OTHER_TREE_NODE_VIEWS	0
SMALL_READ_40_VOLUME_FLUSH_OTHER_TREE_RESIDENT_VIEWS	0
SMALL_READ_40_VOLUME_FLUSH_WRITE_DETAIL_INODE_READ_CALLS	0
SMALL_READ_40_VOLUME_FLUSH_WRITE_DETAIL_INODE_READ_SAMPLES	0
SMALL_READ_40_VOLUME_FLUSH_WRITE_DETAIL_INODE_READ_SAMPLE_TICKS	0
SMALL_READ_40_VOLUME_FLUSH_WRITE_DETAIL_INODE_WRITE_CALLS	0
SMALL_READ_40_VOLUME_FLUSH_WRITE_DETAIL_INODE_WRITE_SAMPLES	0
SMALL_READ_40_VOLUME_FLUSH_WRITE_DETAIL_INODE_WRITE_SAMPLE_TICKS	0
SMALL_READ_40_VOLUME_FLUSH_WRITE_DETAIL_EXTENT_MAP_CALLS	0
SMALL_READ_40_VOLUME_FLUSH_WRITE_DETAIL_EXTENT_MAP_SAMPLES	0
SMALL_READ_40_VOLUME_FLUSH_WRITE_DETAIL_EXTENT_MAP_SAMPLE_TICKS	0
SMALL_READ_40_VOLUME_FLUSH_WRITE_DETAIL_FREESPACE_GOAL_CALLS	0
SMALL_READ_40_VOLUME_FLUSH_WRITE_DETAIL_FREESPACE_GOAL_SAMPLES	0
SMALL_READ_40_VOLUME_FLUSH_WRITE_DETAIL_FREESPACE_GOAL_SAMPLE_TICKS	0
SMALL_READ_40_VOLUME_FLUSH_BTREE_MALLOC_CALLS	0
SMALL_READ_40_VOLUME_FLUSH_BTREE_MALLOC_SAMPLES	0
SMALL_READ_40_VOLUME_FLUSH_BTREE_MALLOC_SAMPLE_TICKS	0
SMALL_READ_40_VOLUME_FLUSH_BTREE_FREE_CALLS	0
SMALL_READ_40_VOLUME_FLUSH_BTREE_FREE_SAMPLES	0
SMALL_READ_40_VOLUME_FLUSH_BTREE_FREE_SAMPLE_TICKS	0
SMALL_READ_40_VOLUME_FLUSH_IFACE_ALLOC_CALLS	0
SMALL_READ_40_VOLUME_FLUSH_IFACE_ALLOC_SAMPLES	0
SMALL_READ_40_VOLUME_FLUSH_IFACE_ALLOC_SAMPLE_TICKS	0
SMALL_READ_40_VOLUME_FLUSH_FREESPACE_ALLOC_CALLS	0
SMALL_READ_40_VOLUME_FLUSH_FREESPACE_ALLOC_SAMPLES	0
SMALL_READ_40_VOLUME_FLUSH_FREESPACE_ALLOC_SAMPLE_TICKS	0
SMALL_READ_40_VOLUME_FLUSH_DETAIL_INODE_READ_CALLS	0
SMALL_READ_40_VOLUME_FLUSH_DETAIL_INODE_READ_SAMPLES	0
SMALL_READ_40_VOLUME_FLUSH_DETAIL_INODE_READ_SAMPLE_TICKS	0
SMALL_READ_40_VOLUME_FLUSH_DETAIL_INODE_VALIDATE_CALLS	0
SMALL_READ_40_VOLUME_FLUSH_DETAIL_INODE_VALIDATE_SAMPLES	0
SMALL_READ_40_VOLUME_FLUSH_DETAIL_INODE_VALIDATE_SAMPLE_TICKS	0
SMALL_READ_40_VOLUME_FLUSH_DETAIL_INODE_SEARCH_CALLS	0
SMALL_READ_40_VOLUME_FLUSH_DETAIL_INODE_SEARCH_SAMPLES	0
SMALL_READ_40_VOLUME_FLUSH_DETAIL_INODE_SEARCH_SAMPLE_TICKS	0
SMALL_READ_40_VOLUME_FLUSH_DETAIL_INODE_NODE_VIEW_CALLS	0
SMALL_READ_40_VOLUME_FLUSH_DETAIL_INODE_NODE_VIEW_SAMPLES	0
SMALL_READ_40_VOLUME_FLUSH_DETAIL_INODE_NODE_VIEW_SAMPLE_TICKS	0
SMALL_READ_40_VOLUME_FLUSH_DETAIL_DIR_NODE_VIEW_CALLS	0
SMALL_READ_40_VOLUME_FLUSH_DETAIL_DIR_NODE_VIEW_SAMPLES	0
SMALL_READ_40_VOLUME_FLUSH_DETAIL_DIR_NODE_VIEW_SAMPLE_TICKS	0
SMALL_READ_40_VOLUME_FLUSH_DETAIL_INODE_BINARY_SEARCH_CALLS	0
SMALL_READ_40_VOLUME_FLUSH_DETAIL_INODE_BINARY_SEARCH_SAMPLES	0
SMALL_READ_40_VOLUME_FLUSH_DETAIL_INODE_BINARY_SEARCH_SAMPLE_TICKS	0
SMALL_READ_40_VOLUME_FLUSH_DETAIL_DIR_BINARY_SEARCH_CALLS	0
SMALL_READ_40_VOLUME_FLUSH_DETAIL_DIR_BINARY_SEARCH_SAMPLES	0
SMALL_READ_40_VOLUME_FLUSH_DETAIL_DIR_BINARY_SEARCH_SAMPLE_TICKS	0
SMALL_READ_40_VOLUME_FLUSH_DETAIL_NODE_STRUCTURE_CALLS	0
SMALL_READ_40_VOLUME_FLUSH_DETAIL_NODE_STRUCTURE_SAMPLES	0
SMALL_READ_40_VOLUME_FLUSH_DETAIL_NODE_STRUCTURE_SAMPLE_TICKS	0
SMALL_READ_40_VOLUME_FLUSH_DETAIL_CACHE_PEEK_CALLS	0
SMALL_READ_40_VOLUME_FLUSH_DETAIL_CACHE_PEEK_SAMPLES	0
SMALL_READ_40_VOLUME_FLUSH_DETAIL_CACHE_PEEK_SAMPLE_TICKS	0
SMALL_READ_40_VOLUME_FLUSH_DETAIL_BUFFER_ALLOC_CALLS	0
SMALL_READ_40_VOLUME_FLUSH_DETAIL_BUFFER_ALLOC_SAMPLES	0
SMALL_READ_40_VOLUME_FLUSH_DETAIL_BUFFER_ALLOC_SAMPLE_TICKS	0
SMALL_READ_40_VOLUME_FLUSH_DETAIL_BUFFER_FREE_CALLS	0
SMALL_READ_40_VOLUME_FLUSH_DETAIL_BUFFER_FREE_SAMPLES	0
SMALL_READ_40_VOLUME_FLUSH_DETAIL_BUFFER_FREE_SAMPLE_TICKS	0
SMALL_READ_40_VOLUME_FLUSH_DETAIL_EXALL_FILL_CALLS	0
SMALL_READ_40_VOLUME_FLUSH_DETAIL_EXALL_FILL_SAMPLES	0
SMALL_READ_40_VOLUME_FLUSH_DETAIL_EXALL_FILL_SAMPLE_TICKS	0
SMALL_READ_40_VOLUME_FLUSH_FREESPACE_ALLOCS	0
LIST_EXNEXT_400_US	30848
LIST_EXNEXT_400_WORK_US	30848
LIST_EXNEXT_400_VOLUME_FLUSH_US	0
LIST_EXNEXT_400_HAS_VOLUME_FLUSH	0
LIST_EXNEXT_400_GUEST_OPEN_CALLS	0
LIST_EXNEXT_400_GUEST_OPEN_US	0
LIST_EXNEXT_400_GUEST_READ_CALLS	0
LIST_EXNEXT_400_GUEST_READ_US	0
LIST_EXNEXT_400_GUEST_WRITE_CALLS	0
LIST_EXNEXT_400_GUEST_WRITE_US	0
LIST_EXNEXT_400_GUEST_HANDLE_FLUSH_CALLS	0
LIST_EXNEXT_400_GUEST_HANDLE_FLUSH_US	0
LIST_EXNEXT_400_GUEST_CLOSE_CALLS	0
LIST_EXNEXT_400_GUEST_CLOSE_US	0
LIST_EXNEXT_400_GUEST_VERIFY_CALLS	0
LIST_EXNEXT_400_GUEST_VERIFY_US	0
LIST_EXNEXT_400_WORK_BIO_READS	0
LIST_EXNEXT_400_WORK_BIO_WRITES	0
LIST_EXNEXT_400_WORK_BIO_UPDATES	0
LIST_EXNEXT_400_WORK_DATA_READS	0
LIST_EXNEXT_400_WORK_DATA_WRITES	0
LIST_EXNEXT_400_WORK_NODE_WRITES	0
LIST_EXNEXT_400_WORK_TXN_COMMITS	0
LIST_EXNEXT_400_WORK_EXTENT_MAPS	0
LIST_EXNEXT_400_WORK_READ_TICKS	0
LIST_EXNEXT_400_WORK_WRITE_TICKS	0
LIST_EXNEXT_400_WORK_UPDATE_TICKS	0
LIST_EXNEXT_400_WORK_DATA_READ_TICKS	0
LIST_EXNEXT_400_WORK_DATA_WRITE_TICKS	0
LIST_EXNEXT_400_WORK_NODE_CRC_READ_CALLS	0
LIST_EXNEXT_400_WORK_NODE_CRC_READ_SAMPLES	0
LIST_EXNEXT_400_WORK_NODE_CRC_READ_SAMPLE_TICKS	0
LIST_EXNEXT_400_WORK_NODE_CRC_WRITE_CALLS	0
LIST_EXNEXT_400_WORK_NODE_CRC_WRITE_SAMPLES	0
LIST_EXNEXT_400_WORK_NODE_CRC_WRITE_SAMPLE_TICKS	0
LIST_EXNEXT_400_WORK_CLOCK_PAIR_TICKS	0
LIST_EXNEXT_400_WORK_PACKET_CALLS	422
LIST_EXNEXT_400_WORK_PACKET_SAMPLES	422
LIST_EXNEXT_400_WORK_PACKET_SAMPLE_TICKS	12811
LIST_EXNEXT_400_WORK_PACKET_OPEN_CALLS	0
LIST_EXNEXT_400_WORK_PACKET_OPEN_SAMPLES	0
LIST_EXNEXT_400_WORK_PACKET_OPEN_SAMPLE_TICKS	0
LIST_EXNEXT_400_WORK_PACKET_READ_CALLS	0
LIST_EXNEXT_400_WORK_PACKET_READ_SAMPLES	0
LIST_EXNEXT_400_WORK_PACKET_READ_SAMPLE_TICKS	0
LIST_EXNEXT_400_WORK_PACKET_WRITE_CALLS	0
LIST_EXNEXT_400_WORK_PACKET_WRITE_SAMPLES	0
LIST_EXNEXT_400_WORK_PACKET_WRITE_SAMPLE_TICKS	0
LIST_EXNEXT_400_WORK_PACKET_END_CALLS	0
LIST_EXNEXT_400_WORK_PACKET_END_SAMPLES	0
LIST_EXNEXT_400_WORK_PACKET_END_SAMPLE_TICKS	0
LIST_EXNEXT_400_WORK_PACKET_DELETE_CALLS	0
LIST_EXNEXT_400_WORK_PACKET_DELETE_SAMPLES	0
LIST_EXNEXT_400_WORK_PACKET_DELETE_SAMPLE_TICKS	0
LIST_EXNEXT_400_WORK_PACKET_FLUSH_CALLS	0
LIST_EXNEXT_400_WORK_PACKET_FLUSH_SAMPLES	0
LIST_EXNEXT_400_WORK_PACKET_FLUSH_SAMPLE_TICKS	0
LIST_EXNEXT_400_WORK_PACKET_OTHER_CALLS	422
LIST_EXNEXT_400_WORK_PACKET_OTHER_SAMPLES	422
LIST_EXNEXT_400_WORK_PACKET_OTHER_SAMPLE_TICKS	12811
LIST_EXNEXT_400_WORK_CORE_CREATE_CALLS	0
LIST_EXNEXT_400_WORK_CORE_CREATE_SAMPLES	0
LIST_EXNEXT_400_WORK_CORE_CREATE_SAMPLE_TICKS	0
LIST_EXNEXT_400_WORK_CORE_DELETE_CALLS	0
LIST_EXNEXT_400_WORK_CORE_DELETE_SAMPLES	0
LIST_EXNEXT_400_WORK_CORE_DELETE_SAMPLE_TICKS	0
LIST_EXNEXT_400_WORK_CORE_FILE_WRITE_CALLS	0
LIST_EXNEXT_400_WORK_CORE_FILE_WRITE_SAMPLES	0
LIST_EXNEXT_400_WORK_CORE_FILE_WRITE_SAMPLE_TICKS	0
LIST_EXNEXT_400_WORK_CORE_SYNC_CALLS	0
LIST_EXNEXT_400_WORK_CORE_SYNC_SAMPLES	0
LIST_EXNEXT_400_WORK_CORE_SYNC_SAMPLE_TICKS	0
LIST_EXNEXT_400_WORK_IFACE_FREE_CALLS	0
LIST_EXNEXT_400_WORK_IFACE_FREE_SAMPLES	0
LIST_EXNEXT_400_WORK_IFACE_FREE_SAMPLE_TICKS	0
LIST_EXNEXT_400_WORK_SEAL_COMMIT_CALLS	0
LIST_EXNEXT_400_WORK_SEAL_COMMIT_SAMPLES	0
LIST_EXNEXT_400_WORK_SEAL_COMMIT_SAMPLE_TICKS	0
LIST_EXNEXT_400_WORK_INODE_READ_CALLS	410
LIST_EXNEXT_400_WORK_BTREE_SEARCH_CALLS	331
LIST_EXNEXT_400_WORK_BTREE_INDEX_HINT_HITS	310
LIST_EXNEXT_400_WORK_BTREE_LEAF_HINT_HITS	21
LIST_EXNEXT_400_WORK_CACHE_READ_CALLS	0
LIST_EXNEXT_400_WORK_CACHE_READ_HITS	0
LIST_EXNEXT_400_WORK_CACHE_READ_MISSES	0
LIST_EXNEXT_400_WORK_FREE_TREE_NODE_VIEWS	0
LIST_EXNEXT_400_WORK_FREE_TREE_RESIDENT_VIEWS	0
LIST_EXNEXT_400_WORK_DIR_TREE_NODE_VIEWS	11
LIST_EXNEXT_400_WORK_DIR_TREE_RESIDENT_VIEWS	11
LIST_EXNEXT_400_WORK_INODE_TREE_NODE_VIEWS	0
LIST_EXNEXT_400_WORK_INODE_TREE_RESIDENT_VIEWS	0
LIST_EXNEXT_400_WORK_REFCOUNT_TREE_NODE_VIEWS	0
LIST_EXNEXT_400_WORK_REFCOUNT_TREE_RESIDENT_VIEWS	0
LIST_EXNEXT_400_WORK_OTHER_TREE_NODE_VIEWS	0
LIST_EXNEXT_400_WORK_OTHER_TREE_RESIDENT_VIEWS	0
LIST_EXNEXT_400_WORK_WRITE_DETAIL_INODE_READ_CALLS	410
LIST_EXNEXT_400_WORK_WRITE_DETAIL_INODE_READ_SAMPLES	410
LIST_EXNEXT_400_WORK_WRITE_DETAIL_INODE_READ_SAMPLE_TICKS	4610
LIST_EXNEXT_400_WORK_WRITE_DETAIL_INODE_WRITE_CALLS	0
LIST_EXNEXT_400_WORK_WRITE_DETAIL_INODE_WRITE_SAMPLES	0
LIST_EXNEXT_400_WORK_WRITE_DETAIL_INODE_WRITE_SAMPLE_TICKS	0
LIST_EXNEXT_400_WORK_WRITE_DETAIL_EXTENT_MAP_CALLS	0
LIST_EXNEXT_400_WORK_WRITE_DETAIL_EXTENT_MAP_SAMPLES	0
LIST_EXNEXT_400_WORK_WRITE_DETAIL_EXTENT_MAP_SAMPLE_TICKS	0
LIST_EXNEXT_400_WORK_WRITE_DETAIL_FREESPACE_GOAL_CALLS	0
LIST_EXNEXT_400_WORK_WRITE_DETAIL_FREESPACE_GOAL_SAMPLES	0
LIST_EXNEXT_400_WORK_WRITE_DETAIL_FREESPACE_GOAL_SAMPLE_TICKS	0
LIST_EXNEXT_400_WORK_BTREE_MALLOC_CALLS	1
LIST_EXNEXT_400_WORK_BTREE_MALLOC_SAMPLES	1
LIST_EXNEXT_400_WORK_BTREE_MALLOC_SAMPLE_TICKS	0
LIST_EXNEXT_400_WORK_BTREE_FREE_CALLS	42
LIST_EXNEXT_400_WORK_BTREE_FREE_SAMPLES	42
LIST_EXNEXT_400_WORK_BTREE_FREE_SAMPLE_TICKS	0
LIST_EXNEXT_400_WORK_IFACE_ALLOC_CALLS	0
LIST_EXNEXT_400_WORK_IFACE_ALLOC_SAMPLES	0
LIST_EXNEXT_400_WORK_IFACE_ALLOC_SAMPLE_TICKS	0
LIST_EXNEXT_400_WORK_FREESPACE_ALLOC_CALLS	0
LIST_EXNEXT_400_WORK_FREESPACE_ALLOC_SAMPLES	0
LIST_EXNEXT_400_WORK_FREESPACE_ALLOC_SAMPLE_TICKS	0
LIST_EXNEXT_400_WORK_DETAIL_INODE_READ_CALLS	410
LIST_EXNEXT_400_WORK_DETAIL_INODE_READ_SAMPLES	24
LIST_EXNEXT_400_WORK_DETAIL_INODE_READ_SAMPLE_TICKS	317
LIST_EXNEXT_400_WORK_DETAIL_INODE_VALIDATE_CALLS	410
LIST_EXNEXT_400_WORK_DETAIL_INODE_VALIDATE_SAMPLES	24
LIST_EXNEXT_400_WORK_DETAIL_INODE_VALIDATE_SAMPLE_TICKS	12
LIST_EXNEXT_400_WORK_DETAIL_INODE_SEARCH_CALLS	330
LIST_EXNEXT_400_WORK_DETAIL_INODE_SEARCH_SAMPLES	19
LIST_EXNEXT_400_WORK_DETAIL_INODE_SEARCH_SAMPLE_TICKS	135
LIST_EXNEXT_400_WORK_DETAIL_INODE_NODE_VIEW_CALLS	0
LIST_EXNEXT_400_WORK_DETAIL_INODE_NODE_VIEW_SAMPLES	0
LIST_EXNEXT_400_WORK_DETAIL_INODE_NODE_VIEW_SAMPLE_TICKS	0
LIST_EXNEXT_400_WORK_DETAIL_DIR_NODE_VIEW_CALLS	11
LIST_EXNEXT_400_WORK_DETAIL_DIR_NODE_VIEW_SAMPLES	0
LIST_EXNEXT_400_WORK_DETAIL_DIR_NODE_VIEW_SAMPLE_TICKS	0
LIST_EXNEXT_400_WORK_DETAIL_INODE_BINARY_SEARCH_CALLS	0
LIST_EXNEXT_400_WORK_DETAIL_INODE_BINARY_SEARCH_SAMPLES	0
LIST_EXNEXT_400_WORK_DETAIL_INODE_BINARY_SEARCH_SAMPLE_TICKS	0
LIST_EXNEXT_400_WORK_DETAIL_DIR_BINARY_SEARCH_CALLS	31
LIST_EXNEXT_400_WORK_DETAIL_DIR_BINARY_SEARCH_SAMPLES	1
LIST_EXNEXT_400_WORK_DETAIL_DIR_BINARY_SEARCH_SAMPLE_TICKS	0
LIST_EXNEXT_400_WORK_DETAIL_NODE_STRUCTURE_CALLS	0
LIST_EXNEXT_400_WORK_DETAIL_NODE_STRUCTURE_SAMPLES	0
LIST_EXNEXT_400_WORK_DETAIL_NODE_STRUCTURE_SAMPLE_TICKS	0
LIST_EXNEXT_400_WORK_DETAIL_CACHE_PEEK_CALLS	342
LIST_EXNEXT_400_WORK_DETAIL_CACHE_PEEK_SAMPLES	20
LIST_EXNEXT_400_WORK_DETAIL_CACHE_PEEK_SAMPLE_TICKS	3
LIST_EXNEXT_400_WORK_DETAIL_BUFFER_ALLOC_CALLS	41
LIST_EXNEXT_400_WORK_DETAIL_BUFFER_ALLOC_SAMPLES	2
LIST_EXNEXT_400_WORK_DETAIL_BUFFER_ALLOC_SAMPLE_TICKS	0
LIST_EXNEXT_400_WORK_DETAIL_BUFFER_FREE_CALLS	41
LIST_EXNEXT_400_WORK_DETAIL_BUFFER_FREE_SAMPLES	2
LIST_EXNEXT_400_WORK_DETAIL_BUFFER_FREE_SAMPLE_TICKS	0
LIST_EXNEXT_400_WORK_DETAIL_EXALL_FILL_CALLS	0
LIST_EXNEXT_400_WORK_DETAIL_EXALL_FILL_SAMPLES	0
LIST_EXNEXT_400_WORK_DETAIL_EXALL_FILL_SAMPLE_TICKS	0
LIST_EXNEXT_400_WORK_FREESPACE_ALLOCS	0
LIST_EXNEXT_400_VOLUME_FLUSH_BIO_READS	0
LIST_EXNEXT_400_VOLUME_FLUSH_BIO_WRITES	0
LIST_EXNEXT_400_VOLUME_FLUSH_BIO_UPDATES	0
LIST_EXNEXT_400_VOLUME_FLUSH_DATA_READS	0
LIST_EXNEXT_400_VOLUME_FLUSH_DATA_WRITES	0
LIST_EXNEXT_400_VOLUME_FLUSH_NODE_WRITES	0
LIST_EXNEXT_400_VOLUME_FLUSH_TXN_COMMITS	0
LIST_EXNEXT_400_VOLUME_FLUSH_EXTENT_MAPS	0
LIST_EXNEXT_400_VOLUME_FLUSH_READ_TICKS	0
LIST_EXNEXT_400_VOLUME_FLUSH_WRITE_TICKS	0
LIST_EXNEXT_400_VOLUME_FLUSH_UPDATE_TICKS	0
LIST_EXNEXT_400_VOLUME_FLUSH_DATA_READ_TICKS	0
LIST_EXNEXT_400_VOLUME_FLUSH_DATA_WRITE_TICKS	0
LIST_EXNEXT_400_VOLUME_FLUSH_NODE_CRC_READ_CALLS	0
LIST_EXNEXT_400_VOLUME_FLUSH_NODE_CRC_READ_SAMPLES	0
LIST_EXNEXT_400_VOLUME_FLUSH_NODE_CRC_READ_SAMPLE_TICKS	0
LIST_EXNEXT_400_VOLUME_FLUSH_NODE_CRC_WRITE_CALLS	0
LIST_EXNEXT_400_VOLUME_FLUSH_NODE_CRC_WRITE_SAMPLES	0
LIST_EXNEXT_400_VOLUME_FLUSH_NODE_CRC_WRITE_SAMPLE_TICKS	0
LIST_EXNEXT_400_VOLUME_FLUSH_CLOCK_PAIR_TICKS	0
LIST_EXNEXT_400_VOLUME_FLUSH_PACKET_CALLS	0
LIST_EXNEXT_400_VOLUME_FLUSH_PACKET_SAMPLES	0
LIST_EXNEXT_400_VOLUME_FLUSH_PACKET_SAMPLE_TICKS	0
LIST_EXNEXT_400_VOLUME_FLUSH_PACKET_OPEN_CALLS	0
LIST_EXNEXT_400_VOLUME_FLUSH_PACKET_OPEN_SAMPLES	0
LIST_EXNEXT_400_VOLUME_FLUSH_PACKET_OPEN_SAMPLE_TICKS	0
LIST_EXNEXT_400_VOLUME_FLUSH_PACKET_READ_CALLS	0
LIST_EXNEXT_400_VOLUME_FLUSH_PACKET_READ_SAMPLES	0
LIST_EXNEXT_400_VOLUME_FLUSH_PACKET_READ_SAMPLE_TICKS	0
LIST_EXNEXT_400_VOLUME_FLUSH_PACKET_WRITE_CALLS	0
LIST_EXNEXT_400_VOLUME_FLUSH_PACKET_WRITE_SAMPLES	0
LIST_EXNEXT_400_VOLUME_FLUSH_PACKET_WRITE_SAMPLE_TICKS	0
LIST_EXNEXT_400_VOLUME_FLUSH_PACKET_END_CALLS	0
LIST_EXNEXT_400_VOLUME_FLUSH_PACKET_END_SAMPLES	0
LIST_EXNEXT_400_VOLUME_FLUSH_PACKET_END_SAMPLE_TICKS	0
LIST_EXNEXT_400_VOLUME_FLUSH_PACKET_DELETE_CALLS	0
LIST_EXNEXT_400_VOLUME_FLUSH_PACKET_DELETE_SAMPLES	0
LIST_EXNEXT_400_VOLUME_FLUSH_PACKET_DELETE_SAMPLE_TICKS	0
LIST_EXNEXT_400_VOLUME_FLUSH_PACKET_FLUSH_CALLS	0
LIST_EXNEXT_400_VOLUME_FLUSH_PACKET_FLUSH_SAMPLES	0
LIST_EXNEXT_400_VOLUME_FLUSH_PACKET_FLUSH_SAMPLE_TICKS	0
LIST_EXNEXT_400_VOLUME_FLUSH_PACKET_OTHER_CALLS	0
LIST_EXNEXT_400_VOLUME_FLUSH_PACKET_OTHER_SAMPLES	0
LIST_EXNEXT_400_VOLUME_FLUSH_PACKET_OTHER_SAMPLE_TICKS	0
LIST_EXNEXT_400_VOLUME_FLUSH_CORE_CREATE_CALLS	0
LIST_EXNEXT_400_VOLUME_FLUSH_CORE_CREATE_SAMPLES	0
LIST_EXNEXT_400_VOLUME_FLUSH_CORE_CREATE_SAMPLE_TICKS	0
LIST_EXNEXT_400_VOLUME_FLUSH_CORE_DELETE_CALLS	0
LIST_EXNEXT_400_VOLUME_FLUSH_CORE_DELETE_SAMPLES	0
LIST_EXNEXT_400_VOLUME_FLUSH_CORE_DELETE_SAMPLE_TICKS	0
LIST_EXNEXT_400_VOLUME_FLUSH_CORE_FILE_WRITE_CALLS	0
LIST_EXNEXT_400_VOLUME_FLUSH_CORE_FILE_WRITE_SAMPLES	0
LIST_EXNEXT_400_VOLUME_FLUSH_CORE_FILE_WRITE_SAMPLE_TICKS	0
LIST_EXNEXT_400_VOLUME_FLUSH_CORE_SYNC_CALLS	0
LIST_EXNEXT_400_VOLUME_FLUSH_CORE_SYNC_SAMPLES	0
LIST_EXNEXT_400_VOLUME_FLUSH_CORE_SYNC_SAMPLE_TICKS	0
LIST_EXNEXT_400_VOLUME_FLUSH_IFACE_FREE_CALLS	0
LIST_EXNEXT_400_VOLUME_FLUSH_IFACE_FREE_SAMPLES	0
LIST_EXNEXT_400_VOLUME_FLUSH_IFACE_FREE_SAMPLE_TICKS	0
LIST_EXNEXT_400_VOLUME_FLUSH_SEAL_COMMIT_CALLS	0
LIST_EXNEXT_400_VOLUME_FLUSH_SEAL_COMMIT_SAMPLES	0
LIST_EXNEXT_400_VOLUME_FLUSH_SEAL_COMMIT_SAMPLE_TICKS	0
LIST_EXNEXT_400_VOLUME_FLUSH_INODE_READ_CALLS	0
LIST_EXNEXT_400_VOLUME_FLUSH_BTREE_SEARCH_CALLS	0
LIST_EXNEXT_400_VOLUME_FLUSH_BTREE_INDEX_HINT_HITS	0
LIST_EXNEXT_400_VOLUME_FLUSH_BTREE_LEAF_HINT_HITS	0
LIST_EXNEXT_400_VOLUME_FLUSH_CACHE_READ_CALLS	0
LIST_EXNEXT_400_VOLUME_FLUSH_CACHE_READ_HITS	0
LIST_EXNEXT_400_VOLUME_FLUSH_CACHE_READ_MISSES	0
LIST_EXNEXT_400_VOLUME_FLUSH_FREE_TREE_NODE_VIEWS	0
LIST_EXNEXT_400_VOLUME_FLUSH_FREE_TREE_RESIDENT_VIEWS	0
LIST_EXNEXT_400_VOLUME_FLUSH_DIR_TREE_NODE_VIEWS	0
LIST_EXNEXT_400_VOLUME_FLUSH_DIR_TREE_RESIDENT_VIEWS	0
LIST_EXNEXT_400_VOLUME_FLUSH_INODE_TREE_NODE_VIEWS	0
LIST_EXNEXT_400_VOLUME_FLUSH_INODE_TREE_RESIDENT_VIEWS	0
LIST_EXNEXT_400_VOLUME_FLUSH_REFCOUNT_TREE_NODE_VIEWS	0
LIST_EXNEXT_400_VOLUME_FLUSH_REFCOUNT_TREE_RESIDENT_VIEWS	0
LIST_EXNEXT_400_VOLUME_FLUSH_OTHER_TREE_NODE_VIEWS	0
LIST_EXNEXT_400_VOLUME_FLUSH_OTHER_TREE_RESIDENT_VIEWS	0
LIST_EXNEXT_400_VOLUME_FLUSH_WRITE_DETAIL_INODE_READ_CALLS	0
LIST_EXNEXT_400_VOLUME_FLUSH_WRITE_DETAIL_INODE_READ_SAMPLES	0
LIST_EXNEXT_400_VOLUME_FLUSH_WRITE_DETAIL_INODE_READ_SAMPLE_TICKS	0
LIST_EXNEXT_400_VOLUME_FLUSH_WRITE_DETAIL_INODE_WRITE_CALLS	0
LIST_EXNEXT_400_VOLUME_FLUSH_WRITE_DETAIL_INODE_WRITE_SAMPLES	0
LIST_EXNEXT_400_VOLUME_FLUSH_WRITE_DETAIL_INODE_WRITE_SAMPLE_TICKS	0
LIST_EXNEXT_400_VOLUME_FLUSH_WRITE_DETAIL_EXTENT_MAP_CALLS	0
LIST_EXNEXT_400_VOLUME_FLUSH_WRITE_DETAIL_EXTENT_MAP_SAMPLES	0
LIST_EXNEXT_400_VOLUME_FLUSH_WRITE_DETAIL_EXTENT_MAP_SAMPLE_TICKS	0
LIST_EXNEXT_400_VOLUME_FLUSH_WRITE_DETAIL_FREESPACE_GOAL_CALLS	0
LIST_EXNEXT_400_VOLUME_FLUSH_WRITE_DETAIL_FREESPACE_GOAL_SAMPLES	0
LIST_EXNEXT_400_VOLUME_FLUSH_WRITE_DETAIL_FREESPACE_GOAL_SAMPLE_TICKS	0
LIST_EXNEXT_400_VOLUME_FLUSH_BTREE_MALLOC_CALLS	0
LIST_EXNEXT_400_VOLUME_FLUSH_BTREE_MALLOC_SAMPLES	0
LIST_EXNEXT_400_VOLUME_FLUSH_BTREE_MALLOC_SAMPLE_TICKS	0
LIST_EXNEXT_400_VOLUME_FLUSH_BTREE_FREE_CALLS	0
LIST_EXNEXT_400_VOLUME_FLUSH_BTREE_FREE_SAMPLES	0
LIST_EXNEXT_400_VOLUME_FLUSH_BTREE_FREE_SAMPLE_TICKS	0
LIST_EXNEXT_400_VOLUME_FLUSH_IFACE_ALLOC_CALLS	0
LIST_EXNEXT_400_VOLUME_FLUSH_IFACE_ALLOC_SAMPLES	0
LIST_EXNEXT_400_VOLUME_FLUSH_IFACE_ALLOC_SAMPLE_TICKS	0
LIST_EXNEXT_400_VOLUME_FLUSH_FREESPACE_ALLOC_CALLS	0
LIST_EXNEXT_400_VOLUME_FLUSH_FREESPACE_ALLOC_SAMPLES	0
LIST_EXNEXT_400_VOLUME_FLUSH_FREESPACE_ALLOC_SAMPLE_TICKS	0
LIST_EXNEXT_400_VOLUME_FLUSH_DETAIL_INODE_READ_CALLS	0
LIST_EXNEXT_400_VOLUME_FLUSH_DETAIL_INODE_READ_SAMPLES	0
LIST_EXNEXT_400_VOLUME_FLUSH_DETAIL_INODE_READ_SAMPLE_TICKS	0
LIST_EXNEXT_400_VOLUME_FLUSH_DETAIL_INODE_VALIDATE_CALLS	0
LIST_EXNEXT_400_VOLUME_FLUSH_DETAIL_INODE_VALIDATE_SAMPLES	0
LIST_EXNEXT_400_VOLUME_FLUSH_DETAIL_INODE_VALIDATE_SAMPLE_TICKS	0
LIST_EXNEXT_400_VOLUME_FLUSH_DETAIL_INODE_SEARCH_CALLS	0
LIST_EXNEXT_400_VOLUME_FLUSH_DETAIL_INODE_SEARCH_SAMPLES	0
LIST_EXNEXT_400_VOLUME_FLUSH_DETAIL_INODE_SEARCH_SAMPLE_TICKS	0
LIST_EXNEXT_400_VOLUME_FLUSH_DETAIL_INODE_NODE_VIEW_CALLS	0
LIST_EXNEXT_400_VOLUME_FLUSH_DETAIL_INODE_NODE_VIEW_SAMPLES	0
LIST_EXNEXT_400_VOLUME_FLUSH_DETAIL_INODE_NODE_VIEW_SAMPLE_TICKS	0
LIST_EXNEXT_400_VOLUME_FLUSH_DETAIL_DIR_NODE_VIEW_CALLS	0
LIST_EXNEXT_400_VOLUME_FLUSH_DETAIL_DIR_NODE_VIEW_SAMPLES	0
LIST_EXNEXT_400_VOLUME_FLUSH_DETAIL_DIR_NODE_VIEW_SAMPLE_TICKS	0
LIST_EXNEXT_400_VOLUME_FLUSH_DETAIL_INODE_BINARY_SEARCH_CALLS	0
LIST_EXNEXT_400_VOLUME_FLUSH_DETAIL_INODE_BINARY_SEARCH_SAMPLES	0
LIST_EXNEXT_400_VOLUME_FLUSH_DETAIL_INODE_BINARY_SEARCH_SAMPLE_TICKS	0
LIST_EXNEXT_400_VOLUME_FLUSH_DETAIL_DIR_BINARY_SEARCH_CALLS	0
LIST_EXNEXT_400_VOLUME_FLUSH_DETAIL_DIR_BINARY_SEARCH_SAMPLES	0
LIST_EXNEXT_400_VOLUME_FLUSH_DETAIL_DIR_BINARY_SEARCH_SAMPLE_TICKS	0
LIST_EXNEXT_400_VOLUME_FLUSH_DETAIL_NODE_STRUCTURE_CALLS	0
LIST_EXNEXT_400_VOLUME_FLUSH_DETAIL_NODE_STRUCTURE_SAMPLES	0
LIST_EXNEXT_400_VOLUME_FLUSH_DETAIL_NODE_STRUCTURE_SAMPLE_TICKS	0
LIST_EXNEXT_400_VOLUME_FLUSH_DETAIL_CACHE_PEEK_CALLS	0
LIST_EXNEXT_400_VOLUME_FLUSH_DETAIL_CACHE_PEEK_SAMPLES	0
LIST_EXNEXT_400_VOLUME_FLUSH_DETAIL_CACHE_PEEK_SAMPLE_TICKS	0
LIST_EXNEXT_400_VOLUME_FLUSH_DETAIL_BUFFER_ALLOC_CALLS	0
LIST_EXNEXT_400_VOLUME_FLUSH_DETAIL_BUFFER_ALLOC_SAMPLES	0
LIST_EXNEXT_400_VOLUME_FLUSH_DETAIL_BUFFER_ALLOC_SAMPLE_TICKS	0
LIST_EXNEXT_400_VOLUME_FLUSH_DETAIL_BUFFER_FREE_CALLS	0
LIST_EXNEXT_400_VOLUME_FLUSH_DETAIL_BUFFER_FREE_SAMPLES	0
LIST_EXNEXT_400_VOLUME_FLUSH_DETAIL_BUFFER_FREE_SAMPLE_TICKS	0
LIST_EXNEXT_400_VOLUME_FLUSH_DETAIL_EXALL_FILL_CALLS	0
LIST_EXNEXT_400_VOLUME_FLUSH_DETAIL_EXALL_FILL_SAMPLES	0
LIST_EXNEXT_400_VOLUME_FLUSH_DETAIL_EXALL_FILL_SAMPLE_TICKS	0
LIST_EXNEXT_400_VOLUME_FLUSH_FREESPACE_ALLOCS	0
LIST_EXALL_400_US	12000
LIST_EXALL_400_WORK_US	12000
LIST_EXALL_400_VOLUME_FLUSH_US	0
LIST_EXALL_400_HAS_VOLUME_FLUSH	0
LIST_EXALL_400_GUEST_OPEN_CALLS	0
LIST_EXALL_400_GUEST_OPEN_US	0
LIST_EXALL_400_GUEST_READ_CALLS	0
LIST_EXALL_400_GUEST_READ_US	0
LIST_EXALL_400_GUEST_WRITE_CALLS	0
LIST_EXALL_400_GUEST_WRITE_US	0
LIST_EXALL_400_GUEST_HANDLE_FLUSH_CALLS	0
LIST_EXALL_400_GUEST_HANDLE_FLUSH_US	0
LIST_EXALL_400_GUEST_CLOSE_CALLS	0
LIST_EXALL_400_GUEST_CLOSE_US	0
LIST_EXALL_400_GUEST_VERIFY_CALLS	0
LIST_EXALL_400_GUEST_VERIFY_US	0
LIST_EXALL_400_WORK_BIO_READS	0
LIST_EXALL_400_WORK_BIO_WRITES	0
LIST_EXALL_400_WORK_BIO_UPDATES	0
LIST_EXALL_400_WORK_DATA_READS	0
LIST_EXALL_400_WORK_DATA_WRITES	0
LIST_EXALL_400_WORK_NODE_WRITES	0
LIST_EXALL_400_WORK_TXN_COMMITS	0
LIST_EXALL_400_WORK_EXTENT_MAPS	0
LIST_EXALL_400_WORK_READ_TICKS	0
LIST_EXALL_400_WORK_WRITE_TICKS	0
LIST_EXALL_400_WORK_UPDATE_TICKS	0
LIST_EXALL_400_WORK_DATA_READ_TICKS	0
LIST_EXALL_400_WORK_DATA_WRITE_TICKS	0
LIST_EXALL_400_WORK_NODE_CRC_READ_CALLS	0
LIST_EXALL_400_WORK_NODE_CRC_READ_SAMPLES	0
LIST_EXALL_400_WORK_NODE_CRC_READ_SAMPLE_TICKS	0
LIST_EXALL_400_WORK_NODE_CRC_WRITE_CALLS	0
LIST_EXALL_400_WORK_NODE_CRC_WRITE_SAMPLES	0
LIST_EXALL_400_WORK_NODE_CRC_WRITE_SAMPLE_TICKS	0
LIST_EXALL_400_WORK_CLOCK_PAIR_TICKS	0
LIST_EXALL_400_WORK_PACKET_CALLS	12
LIST_EXALL_400_WORK_PACKET_SAMPLES	12
LIST_EXALL_400_WORK_PACKET_SAMPLE_TICKS	7945
LIST_EXALL_400_WORK_PACKET_OPEN_CALLS	0
LIST_EXALL_400_WORK_PACKET_OPEN_SAMPLES	0
LIST_EXALL_400_WORK_PACKET_OPEN_SAMPLE_TICKS	0
LIST_EXALL_400_WORK_PACKET_READ_CALLS	0
LIST_EXALL_400_WORK_PACKET_READ_SAMPLES	0
LIST_EXALL_400_WORK_PACKET_READ_SAMPLE_TICKS	0
LIST_EXALL_400_WORK_PACKET_WRITE_CALLS	0
LIST_EXALL_400_WORK_PACKET_WRITE_SAMPLES	0
LIST_EXALL_400_WORK_PACKET_WRITE_SAMPLE_TICKS	0
LIST_EXALL_400_WORK_PACKET_END_CALLS	0
LIST_EXALL_400_WORK_PACKET_END_SAMPLES	0
LIST_EXALL_400_WORK_PACKET_END_SAMPLE_TICKS	0
LIST_EXALL_400_WORK_PACKET_DELETE_CALLS	0
LIST_EXALL_400_WORK_PACKET_DELETE_SAMPLES	0
LIST_EXALL_400_WORK_PACKET_DELETE_SAMPLE_TICKS	0
LIST_EXALL_400_WORK_PACKET_FLUSH_CALLS	0
LIST_EXALL_400_WORK_PACKET_FLUSH_SAMPLES	0
LIST_EXALL_400_WORK_PACKET_FLUSH_SAMPLE_TICKS	0
LIST_EXALL_400_WORK_PACKET_OTHER_CALLS	12
LIST_EXALL_400_WORK_PACKET_OTHER_SAMPLES	12
LIST_EXALL_400_WORK_PACKET_OTHER_SAMPLE_TICKS	7945
LIST_EXALL_400_WORK_CORE_CREATE_CALLS	0
LIST_EXALL_400_WORK_CORE_CREATE_SAMPLES	0
LIST_EXALL_400_WORK_CORE_CREATE_SAMPLE_TICKS	0
LIST_EXALL_400_WORK_CORE_DELETE_CALLS	0
LIST_EXALL_400_WORK_CORE_DELETE_SAMPLES	0
LIST_EXALL_400_WORK_CORE_DELETE_SAMPLE_TICKS	0
LIST_EXALL_400_WORK_CORE_FILE_WRITE_CALLS	0
LIST_EXALL_400_WORK_CORE_FILE_WRITE_SAMPLES	0
LIST_EXALL_400_WORK_CORE_FILE_WRITE_SAMPLE_TICKS	0
LIST_EXALL_400_WORK_CORE_SYNC_CALLS	0
LIST_EXALL_400_WORK_CORE_SYNC_SAMPLES	0
LIST_EXALL_400_WORK_CORE_SYNC_SAMPLE_TICKS	0
LIST_EXALL_400_WORK_IFACE_FREE_CALLS	0
LIST_EXALL_400_WORK_IFACE_FREE_SAMPLES	0
LIST_EXALL_400_WORK_IFACE_FREE_SAMPLE_TICKS	0
LIST_EXALL_400_WORK_SEAL_COMMIT_CALLS	0
LIST_EXALL_400_WORK_SEAL_COMMIT_SAMPLES	0
LIST_EXALL_400_WORK_SEAL_COMMIT_SAMPLE_TICKS	0
LIST_EXALL_400_WORK_INODE_READ_CALLS	400
LIST_EXALL_400_WORK_BTREE_SEARCH_CALLS	321
LIST_EXALL_400_WORK_BTREE_INDEX_HINT_HITS	0
LIST_EXALL_400_WORK_BTREE_LEAF_HINT_HITS	11
LIST_EXALL_400_WORK_CACHE_READ_CALLS	0
LIST_EXALL_400_WORK_CACHE_READ_HITS	0
LIST_EXALL_400_WORK_CACHE_READ_MISSES	0
LIST_EXALL_400_WORK_FREE_TREE_NODE_VIEWS	0
LIST_EXALL_400_WORK_FREE_TREE_RESIDENT_VIEWS	0
LIST_EXALL_400_WORK_DIR_TREE_NODE_VIEWS	1
LIST_EXALL_400_WORK_DIR_TREE_RESIDENT_VIEWS	1
LIST_EXALL_400_WORK_INODE_TREE_NODE_VIEWS	0
LIST_EXALL_400_WORK_INODE_TREE_RESIDENT_VIEWS	0
LIST_EXALL_400_WORK_REFCOUNT_TREE_NODE_VIEWS	0
LIST_EXALL_400_WORK_REFCOUNT_TREE_RESIDENT_VIEWS	0
LIST_EXALL_400_WORK_OTHER_TREE_NODE_VIEWS	0
LIST_EXALL_400_WORK_OTHER_TREE_RESIDENT_VIEWS	0
LIST_EXALL_400_WORK_WRITE_DETAIL_INODE_READ_CALLS	400
LIST_EXALL_400_WORK_WRITE_DETAIL_INODE_READ_SAMPLES	400
LIST_EXALL_400_WORK_WRITE_DETAIL_INODE_READ_SAMPLE_TICKS	2412
LIST_EXALL_400_WORK_WRITE_DETAIL_INODE_WRITE_CALLS	0
LIST_EXALL_400_WORK_WRITE_DETAIL_INODE_WRITE_SAMPLES	0
LIST_EXALL_400_WORK_WRITE_DETAIL_INODE_WRITE_SAMPLE_TICKS	0
LIST_EXALL_400_WORK_WRITE_DETAIL_EXTENT_MAP_CALLS	0
LIST_EXALL_400_WORK_WRITE_DETAIL_EXTENT_MAP_SAMPLES	0
LIST_EXALL_400_WORK_WRITE_DETAIL_EXTENT_MAP_SAMPLE_TICKS	0
LIST_EXALL_400_WORK_WRITE_DETAIL_FREESPACE_GOAL_CALLS	0
LIST_EXALL_400_WORK_WRITE_DETAIL_FREESPACE_GOAL_SAMPLES	0
LIST_EXALL_400_WORK_WRITE_DETAIL_FREESPACE_GOAL_SAMPLE_TICKS	0
LIST_EXALL_400_WORK_BTREE_MALLOC_CALLS	1
LIST_EXALL_400_WORK_BTREE_MALLOC_SAMPLES	1
LIST_EXALL_400_WORK_BTREE_MALLOC_SAMPLE_TICKS	1
LIST_EXALL_400_WORK_BTREE_FREE_CALLS	11
LIST_EXALL_400_WORK_BTREE_FREE_SAMPLES	11
LIST_EXALL_400_WORK_BTREE_FREE_SAMPLE_TICKS	76
LIST_EXALL_400_WORK_IFACE_ALLOC_CALLS	0
LIST_EXALL_400_WORK_IFACE_ALLOC_SAMPLES	0
LIST_EXALL_400_WORK_IFACE_ALLOC_SAMPLE_TICKS	0
LIST_EXALL_400_WORK_FREESPACE_ALLOC_CALLS	0
LIST_EXALL_400_WORK_FREESPACE_ALLOC_SAMPLES	0
LIST_EXALL_400_WORK_FREESPACE_ALLOC_SAMPLE_TICKS	0
LIST_EXALL_400_WORK_DETAIL_INODE_READ_CALLS	400
LIST_EXALL_400_WORK_DETAIL_INODE_READ_SAMPLES	23
LIST_EXALL_400_WORK_DETAIL_INODE_READ_SAMPLE_TICKS	435
LIST_EXALL_400_WORK_DETAIL_INODE_VALIDATE_CALLS	400
LIST_EXALL_400_WORK_DETAIL_INODE_VALIDATE_SAMPLES	23
LIST_EXALL_400_WORK_DETAIL_INODE_VALIDATE_SAMPLE_TICKS	147
LIST_EXALL_400_WORK_DETAIL_INODE_SEARCH_CALLS	320
LIST_EXALL_400_WORK_DETAIL_INODE_SEARCH_SAMPLES	18
LIST_EXALL_400_WORK_DETAIL_INODE_SEARCH_SAMPLE_TICKS	103
LIST_EXALL_400_WORK_DETAIL_INODE_NODE_VIEW_CALLS	0
LIST_EXALL_400_WORK_DETAIL_INODE_NODE_VIEW_SAMPLES	0
LIST_EXALL_400_WORK_DETAIL_INODE_NODE_VIEW_SAMPLE_TICKS	0
LIST_EXALL_400_WORK_DETAIL_DIR_NODE_VIEW_CALLS	1
LIST_EXALL_400_WORK_DETAIL_DIR_NODE_VIEW_SAMPLES	0
LIST_EXALL_400_WORK_DETAIL_DIR_NODE_VIEW_SAMPLE_TICKS	0
LIST_EXALL_400_WORK_DETAIL_INODE_BINARY_SEARCH_CALLS	0
LIST_EXALL_400_WORK_DETAIL_INODE_BINARY_SEARCH_SAMPLES	0
LIST_EXALL_400_WORK_DETAIL_INODE_BINARY_SEARCH_SAMPLE_TICKS	0
LIST_EXALL_400_WORK_DETAIL_DIR_BINARY_SEARCH_CALLS	11
LIST_EXALL_400_WORK_DETAIL_DIR_BINARY_SEARCH_SAMPLES	0
LIST_EXALL_400_WORK_DETAIL_DIR_BINARY_SEARCH_SAMPLE_TICKS	0
LIST_EXALL_400_WORK_DETAIL_NODE_STRUCTURE_CALLS	0
LIST_EXALL_400_WORK_DETAIL_NODE_STRUCTURE_SAMPLES	0
LIST_EXALL_400_WORK_DETAIL_NODE_STRUCTURE_SAMPLE_TICKS	0
LIST_EXALL_400_WORK_DETAIL_CACHE_PEEK_CALLS	12
LIST_EXALL_400_WORK_DETAIL_CACHE_PEEK_SAMPLES	0
LIST_EXALL_400_WORK_DETAIL_CACHE_PEEK_SAMPLE_TICKS	0
LIST_EXALL_400_WORK_DETAIL_BUFFER_ALLOC_CALLS	20
LIST_EXALL_400_WORK_DETAIL_BUFFER_ALLOC_SAMPLES	1
LIST_EXALL_400_WORK_DETAIL_BUFFER_ALLOC_SAMPLE_TICKS	0
LIST_EXALL_400_WORK_DETAIL_BUFFER_FREE_CALLS	20
LIST_EXALL_400_WORK_DETAIL_BUFFER_FREE_SAMPLES	1
LIST_EXALL_400_WORK_DETAIL_BUFFER_FREE_SAMPLE_TICKS	0
LIST_EXALL_400_WORK_DETAIL_EXALL_FILL_CALLS	400
LIST_EXALL_400_WORK_DETAIL_EXALL_FILL_SAMPLES	23
LIST_EXALL_400_WORK_DETAIL_EXALL_FILL_SAMPLE_TICKS	44
LIST_EXALL_400_WORK_FREESPACE_ALLOCS	0
LIST_EXALL_400_VOLUME_FLUSH_BIO_READS	0
LIST_EXALL_400_VOLUME_FLUSH_BIO_WRITES	0
LIST_EXALL_400_VOLUME_FLUSH_BIO_UPDATES	0
LIST_EXALL_400_VOLUME_FLUSH_DATA_READS	0
LIST_EXALL_400_VOLUME_FLUSH_DATA_WRITES	0
LIST_EXALL_400_VOLUME_FLUSH_NODE_WRITES	0
LIST_EXALL_400_VOLUME_FLUSH_TXN_COMMITS	0
LIST_EXALL_400_VOLUME_FLUSH_EXTENT_MAPS	0
LIST_EXALL_400_VOLUME_FLUSH_READ_TICKS	0
LIST_EXALL_400_VOLUME_FLUSH_WRITE_TICKS	0
LIST_EXALL_400_VOLUME_FLUSH_UPDATE_TICKS	0
LIST_EXALL_400_VOLUME_FLUSH_DATA_READ_TICKS	0
LIST_EXALL_400_VOLUME_FLUSH_DATA_WRITE_TICKS	0
LIST_EXALL_400_VOLUME_FLUSH_NODE_CRC_READ_CALLS	0
LIST_EXALL_400_VOLUME_FLUSH_NODE_CRC_READ_SAMPLES	0
LIST_EXALL_400_VOLUME_FLUSH_NODE_CRC_READ_SAMPLE_TICKS	0
LIST_EXALL_400_VOLUME_FLUSH_NODE_CRC_WRITE_CALLS	0
LIST_EXALL_400_VOLUME_FLUSH_NODE_CRC_WRITE_SAMPLES	0
LIST_EXALL_400_VOLUME_FLUSH_NODE_CRC_WRITE_SAMPLE_TICKS	0
LIST_EXALL_400_VOLUME_FLUSH_CLOCK_PAIR_TICKS	0
LIST_EXALL_400_VOLUME_FLUSH_PACKET_CALLS	0
LIST_EXALL_400_VOLUME_FLUSH_PACKET_SAMPLES	0
LIST_EXALL_400_VOLUME_FLUSH_PACKET_SAMPLE_TICKS	0
LIST_EXALL_400_VOLUME_FLUSH_PACKET_OPEN_CALLS	0
LIST_EXALL_400_VOLUME_FLUSH_PACKET_OPEN_SAMPLES	0
LIST_EXALL_400_VOLUME_FLUSH_PACKET_OPEN_SAMPLE_TICKS	0
LIST_EXALL_400_VOLUME_FLUSH_PACKET_READ_CALLS	0
LIST_EXALL_400_VOLUME_FLUSH_PACKET_READ_SAMPLES	0
LIST_EXALL_400_VOLUME_FLUSH_PACKET_READ_SAMPLE_TICKS	0
LIST_EXALL_400_VOLUME_FLUSH_PACKET_WRITE_CALLS	0
LIST_EXALL_400_VOLUME_FLUSH_PACKET_WRITE_SAMPLES	0
LIST_EXALL_400_VOLUME_FLUSH_PACKET_WRITE_SAMPLE_TICKS	0
LIST_EXALL_400_VOLUME_FLUSH_PACKET_END_CALLS	0
LIST_EXALL_400_VOLUME_FLUSH_PACKET_END_SAMPLES	0
LIST_EXALL_400_VOLUME_FLUSH_PACKET_END_SAMPLE_TICKS	0
LIST_EXALL_400_VOLUME_FLUSH_PACKET_DELETE_CALLS	0
LIST_EXALL_400_VOLUME_FLUSH_PACKET_DELETE_SAMPLES	0
LIST_EXALL_400_VOLUME_FLUSH_PACKET_DELETE_SAMPLE_TICKS	0
LIST_EXALL_400_VOLUME_FLUSH_PACKET_FLUSH_CALLS	0
LIST_EXALL_400_VOLUME_FLUSH_PACKET_FLUSH_SAMPLES	0
LIST_EXALL_400_VOLUME_FLUSH_PACKET_FLUSH_SAMPLE_TICKS	0
LIST_EXALL_400_VOLUME_FLUSH_PACKET_OTHER_CALLS	0
LIST_EXALL_400_VOLUME_FLUSH_PACKET_OTHER_SAMPLES	0
LIST_EXALL_400_VOLUME_FLUSH_PACKET_OTHER_SAMPLE_TICKS	0
LIST_EXALL_400_VOLUME_FLUSH_CORE_CREATE_CALLS	0
LIST_EXALL_400_VOLUME_FLUSH_CORE_CREATE_SAMPLES	0
LIST_EXALL_400_VOLUME_FLUSH_CORE_CREATE_SAMPLE_TICKS	0
LIST_EXALL_400_VOLUME_FLUSH_CORE_DELETE_CALLS	0
LIST_EXALL_400_VOLUME_FLUSH_CORE_DELETE_SAMPLES	0
LIST_EXALL_400_VOLUME_FLUSH_CORE_DELETE_SAMPLE_TICKS	0
LIST_EXALL_400_VOLUME_FLUSH_CORE_FILE_WRITE_CALLS	0
LIST_EXALL_400_VOLUME_FLUSH_CORE_FILE_WRITE_SAMPLES	0
LIST_EXALL_400_VOLUME_FLUSH_CORE_FILE_WRITE_SAMPLE_TICKS	0
LIST_EXALL_400_VOLUME_FLUSH_CORE_SYNC_CALLS	0
LIST_EXALL_400_VOLUME_FLUSH_CORE_SYNC_SAMPLES	0
LIST_EXALL_400_VOLUME_FLUSH_CORE_SYNC_SAMPLE_TICKS	0
LIST_EXALL_400_VOLUME_FLUSH_IFACE_FREE_CALLS	0
LIST_EXALL_400_VOLUME_FLUSH_IFACE_FREE_SAMPLES	0
LIST_EXALL_400_VOLUME_FLUSH_IFACE_FREE_SAMPLE_TICKS	0
LIST_EXALL_400_VOLUME_FLUSH_SEAL_COMMIT_CALLS	0
LIST_EXALL_400_VOLUME_FLUSH_SEAL_COMMIT_SAMPLES	0
LIST_EXALL_400_VOLUME_FLUSH_SEAL_COMMIT_SAMPLE_TICKS	0
LIST_EXALL_400_VOLUME_FLUSH_INODE_READ_CALLS	0
LIST_EXALL_400_VOLUME_FLUSH_BTREE_SEARCH_CALLS	0
LIST_EXALL_400_VOLUME_FLUSH_BTREE_INDEX_HINT_HITS	0
LIST_EXALL_400_VOLUME_FLUSH_BTREE_LEAF_HINT_HITS	0
LIST_EXALL_400_VOLUME_FLUSH_CACHE_READ_CALLS	0
LIST_EXALL_400_VOLUME_FLUSH_CACHE_READ_HITS	0
LIST_EXALL_400_VOLUME_FLUSH_CACHE_READ_MISSES	0
LIST_EXALL_400_VOLUME_FLUSH_FREE_TREE_NODE_VIEWS	0
LIST_EXALL_400_VOLUME_FLUSH_FREE_TREE_RESIDENT_VIEWS	0
LIST_EXALL_400_VOLUME_FLUSH_DIR_TREE_NODE_VIEWS	0
LIST_EXALL_400_VOLUME_FLUSH_DIR_TREE_RESIDENT_VIEWS	0
LIST_EXALL_400_VOLUME_FLUSH_INODE_TREE_NODE_VIEWS	0
LIST_EXALL_400_VOLUME_FLUSH_INODE_TREE_RESIDENT_VIEWS	0
LIST_EXALL_400_VOLUME_FLUSH_REFCOUNT_TREE_NODE_VIEWS	0
LIST_EXALL_400_VOLUME_FLUSH_REFCOUNT_TREE_RESIDENT_VIEWS	0
LIST_EXALL_400_VOLUME_FLUSH_OTHER_TREE_NODE_VIEWS	0
LIST_EXALL_400_VOLUME_FLUSH_OTHER_TREE_RESIDENT_VIEWS	0
LIST_EXALL_400_VOLUME_FLUSH_WRITE_DETAIL_INODE_READ_CALLS	0
LIST_EXALL_400_VOLUME_FLUSH_WRITE_DETAIL_INODE_READ_SAMPLES	0
LIST_EXALL_400_VOLUME_FLUSH_WRITE_DETAIL_INODE_READ_SAMPLE_TICKS	0
LIST_EXALL_400_VOLUME_FLUSH_WRITE_DETAIL_INODE_WRITE_CALLS	0
LIST_EXALL_400_VOLUME_FLUSH_WRITE_DETAIL_INODE_WRITE_SAMPLES	0
LIST_EXALL_400_VOLUME_FLUSH_WRITE_DETAIL_INODE_WRITE_SAMPLE_TICKS	0
LIST_EXALL_400_VOLUME_FLUSH_WRITE_DETAIL_EXTENT_MAP_CALLS	0
LIST_EXALL_400_VOLUME_FLUSH_WRITE_DETAIL_EXTENT_MAP_SAMPLES	0
LIST_EXALL_400_VOLUME_FLUSH_WRITE_DETAIL_EXTENT_MAP_SAMPLE_TICKS	0
LIST_EXALL_400_VOLUME_FLUSH_WRITE_DETAIL_FREESPACE_GOAL_CALLS	0
LIST_EXALL_400_VOLUME_FLUSH_WRITE_DETAIL_FREESPACE_GOAL_SAMPLES	0
LIST_EXALL_400_VOLUME_FLUSH_WRITE_DETAIL_FREESPACE_GOAL_SAMPLE_TICKS	0
LIST_EXALL_400_VOLUME_FLUSH_BTREE_MALLOC_CALLS	0
LIST_EXALL_400_VOLUME_FLUSH_BTREE_MALLOC_SAMPLES	0
LIST_EXALL_400_VOLUME_FLUSH_BTREE_MALLOC_SAMPLE_TICKS	0
LIST_EXALL_400_VOLUME_FLUSH_BTREE_FREE_CALLS	0
LIST_EXALL_400_VOLUME_FLUSH_BTREE_FREE_SAMPLES	0
LIST_EXALL_400_VOLUME_FLUSH_BTREE_FREE_SAMPLE_TICKS	0
LIST_EXALL_400_VOLUME_FLUSH_IFACE_ALLOC_CALLS	0
LIST_EXALL_400_VOLUME_FLUSH_IFACE_ALLOC_SAMPLES	0
LIST_EXALL_400_VOLUME_FLUSH_IFACE_ALLOC_SAMPLE_TICKS	0
LIST_EXALL_400_VOLUME_FLUSH_FREESPACE_ALLOC_CALLS	0
LIST_EXALL_400_VOLUME_FLUSH_FREESPACE_ALLOC_SAMPLES	0
LIST_EXALL_400_VOLUME_FLUSH_FREESPACE_ALLOC_SAMPLE_TICKS	0
LIST_EXALL_400_VOLUME_FLUSH_DETAIL_INODE_READ_CALLS	0
LIST_EXALL_400_VOLUME_FLUSH_DETAIL_INODE_READ_SAMPLES	0
LIST_EXALL_400_VOLUME_FLUSH_DETAIL_INODE_READ_SAMPLE_TICKS	0
LIST_EXALL_400_VOLUME_FLUSH_DETAIL_INODE_VALIDATE_CALLS	0
LIST_EXALL_400_VOLUME_FLUSH_DETAIL_INODE_VALIDATE_SAMPLES	0
LIST_EXALL_400_VOLUME_FLUSH_DETAIL_INODE_VALIDATE_SAMPLE_TICKS	0
LIST_EXALL_400_VOLUME_FLUSH_DETAIL_INODE_SEARCH_CALLS	0
LIST_EXALL_400_VOLUME_FLUSH_DETAIL_INODE_SEARCH_SAMPLES	0
LIST_EXALL_400_VOLUME_FLUSH_DETAIL_INODE_SEARCH_SAMPLE_TICKS	0
LIST_EXALL_400_VOLUME_FLUSH_DETAIL_INODE_NODE_VIEW_CALLS	0
LIST_EXALL_400_VOLUME_FLUSH_DETAIL_INODE_NODE_VIEW_SAMPLES	0
LIST_EXALL_400_VOLUME_FLUSH_DETAIL_INODE_NODE_VIEW_SAMPLE_TICKS	0
LIST_EXALL_400_VOLUME_FLUSH_DETAIL_DIR_NODE_VIEW_CALLS	0
LIST_EXALL_400_VOLUME_FLUSH_DETAIL_DIR_NODE_VIEW_SAMPLES	0
LIST_EXALL_400_VOLUME_FLUSH_DETAIL_DIR_NODE_VIEW_SAMPLE_TICKS	0
LIST_EXALL_400_VOLUME_FLUSH_DETAIL_INODE_BINARY_SEARCH_CALLS	0
LIST_EXALL_400_VOLUME_FLUSH_DETAIL_INODE_BINARY_SEARCH_SAMPLES	0
LIST_EXALL_400_VOLUME_FLUSH_DETAIL_INODE_BINARY_SEARCH_SAMPLE_TICKS	0
LIST_EXALL_400_VOLUME_FLUSH_DETAIL_DIR_BINARY_SEARCH_CALLS	0
LIST_EXALL_400_VOLUME_FLUSH_DETAIL_DIR_BINARY_SEARCH_SAMPLES	0
LIST_EXALL_400_VOLUME_FLUSH_DETAIL_DIR_BINARY_SEARCH_SAMPLE_TICKS	0
LIST_EXALL_400_VOLUME_FLUSH_DETAIL_NODE_STRUCTURE_CALLS	0
LIST_EXALL_400_VOLUME_FLUSH_DETAIL_NODE_STRUCTURE_SAMPLES	0
LIST_EXALL_400_VOLUME_FLUSH_DETAIL_NODE_STRUCTURE_SAMPLE_TICKS	0
LIST_EXALL_400_VOLUME_FLUSH_DETAIL_CACHE_PEEK_CALLS	0
LIST_EXALL_400_VOLUME_FLUSH_DETAIL_CACHE_PEEK_SAMPLES	0
LIST_EXALL_400_VOLUME_FLUSH_DETAIL_CACHE_PEEK_SAMPLE_TICKS	0
LIST_EXALL_400_VOLUME_FLUSH_DETAIL_BUFFER_ALLOC_CALLS	0
LIST_EXALL_400_VOLUME_FLUSH_DETAIL_BUFFER_ALLOC_SAMPLES	0
LIST_EXALL_400_VOLUME_FLUSH_DETAIL_BUFFER_ALLOC_SAMPLE_TICKS	0
LIST_EXALL_400_VOLUME_FLUSH_DETAIL_BUFFER_FREE_CALLS	0
LIST_EXALL_400_VOLUME_FLUSH_DETAIL_BUFFER_FREE_SAMPLES	0
LIST_EXALL_400_VOLUME_FLUSH_DETAIL_BUFFER_FREE_SAMPLE_TICKS	0
LIST_EXALL_400_VOLUME_FLUSH_DETAIL_EXALL_FILL_CALLS	0
LIST_EXALL_400_VOLUME_FLUSH_DETAIL_EXALL_FILL_SAMPLES	0
LIST_EXALL_400_VOLUME_FLUSH_DETAIL_EXALL_FILL_SAMPLE_TICKS	0
LIST_EXALL_400_VOLUME_FLUSH_FREESPACE_ALLOCS	0
SEQ_WRITE_8M_US	44096
SEQ_WRITE_8M_WORK_US	44096
SEQ_WRITE_8M_VOLUME_FLUSH_US	0
SEQ_WRITE_8M_HAS_VOLUME_FLUSH	0
SEQ_WRITE_8M_GUEST_OPEN_CALLS	1
SEQ_WRITE_8M_GUEST_OPEN_US	576
SEQ_WRITE_8M_GUEST_READ_CALLS	0
SEQ_WRITE_8M_GUEST_READ_US	0
SEQ_WRITE_8M_GUEST_WRITE_CALLS	128
SEQ_WRITE_8M_GUEST_WRITE_US	42583
SEQ_WRITE_8M_GUEST_HANDLE_FLUSH_CALLS	1
SEQ_WRITE_8M_GUEST_HANDLE_FLUSH_US	0
SEQ_WRITE_8M_GUEST_CLOSE_CALLS	1
SEQ_WRITE_8M_GUEST_CLOSE_US	65
SEQ_WRITE_8M_GUEST_VERIFY_CALLS	0
SEQ_WRITE_8M_GUEST_VERIFY_US	0
SEQ_WRITE_8M_WORK_BIO_READS	0
SEQ_WRITE_8M_WORK_BIO_WRITES	128
SEQ_WRITE_8M_WORK_BIO_UPDATES	0
SEQ_WRITE_8M_WORK_DATA_READS	0
SEQ_WRITE_8M_WORK_DATA_WRITES	128
SEQ_WRITE_8M_WORK_NODE_WRITES	0
SEQ_WRITE_8M_WORK_TXN_COMMITS	0
SEQ_WRITE_8M_WORK_EXTENT_MAPS	128
SEQ_WRITE_8M_WORK_READ_TICKS	0
SEQ_WRITE_8M_WORK_WRITE_TICKS	8341
SEQ_WRITE_8M_WORK_UPDATE_TICKS	0
SEQ_WRITE_8M_WORK_DATA_READ_TICKS	0
SEQ_WRITE_8M_WORK_DATA_WRITE_TICKS	8341
SEQ_WRITE_8M_WORK_NODE_CRC_READ_CALLS	0
SEQ_WRITE_8M_WORK_NODE_CRC_READ_SAMPLES	0
SEQ_WRITE_8M_WORK_NODE_CRC_READ_SAMPLE_TICKS	0
SEQ_WRITE_8M_WORK_NODE_CRC_WRITE_CALLS	0
SEQ_WRITE_8M_WORK_NODE_CRC_WRITE_SAMPLES	0
SEQ_WRITE_8M_WORK_NODE_CRC_WRITE_SAMPLE_TICKS	0
SEQ_WRITE_8M_WORK_CLOCK_PAIR_TICKS	0
SEQ_WRITE_8M_WORK_PACKET_CALLS	130
SEQ_WRITE_8M_WORK_PACKET_SAMPLES	130
SEQ_WRITE_8M_WORK_PACKET_SAMPLE_TICKS	27849
SEQ_WRITE_8M_WORK_PACKET_OPEN_CALLS	1
SEQ_WRITE_8M_WORK_PACKET_OPEN_SAMPLES	1
SEQ_WRITE_8M_WORK_PACKET_OPEN_SAMPLE_TICKS	364
SEQ_WRITE_8M_WORK_PACKET_READ_CALLS	0
SEQ_WRITE_8M_WORK_PACKET_READ_SAMPLES	0
SEQ_WRITE_8M_WORK_PACKET_READ_SAMPLE_TICKS	0
SEQ_WRITE_8M_WORK_PACKET_WRITE_CALLS	128
SEQ_WRITE_8M_WORK_PACKET_WRITE_SAMPLES	128
SEQ_WRITE_8M_WORK_PACKET_WRITE_SAMPLE_TICKS	27439
SEQ_WRITE_8M_WORK_PACKET_END_CALLS	1
SEQ_WRITE_8M_WORK_PACKET_END_SAMPLES	1
SEQ_WRITE_8M_WORK_PACKET_END_SAMPLE_TICKS	46
SEQ_WRITE_8M_WORK_PACKET_DELETE_CALLS	0
SEQ_WRITE_8M_WORK_PACKET_DELETE_SAMPLES	0
SEQ_WRITE_8M_WORK_PACKET_DELETE_SAMPLE_TICKS	0
SEQ_WRITE_8M_WORK_PACKET_FLUSH_CALLS	0
SEQ_WRITE_8M_WORK_PACKET_FLUSH_SAMPLES	0
SEQ_WRITE_8M_WORK_PACKET_FLUSH_SAMPLE_TICKS	0
SEQ_WRITE_8M_WORK_PACKET_OTHER_CALLS	0
SEQ_WRITE_8M_WORK_PACKET_OTHER_SAMPLES	0
SEQ_WRITE_8M_WORK_PACKET_OTHER_SAMPLE_TICKS	0
SEQ_WRITE_8M_WORK_CORE_CREATE_CALLS	1
SEQ_WRITE_8M_WORK_CORE_CREATE_SAMPLES	1
SEQ_WRITE_8M_WORK_CORE_CREATE_SAMPLE_TICKS	182
SEQ_WRITE_8M_WORK_CORE_DELETE_CALLS	0
SEQ_WRITE_8M_WORK_CORE_DELETE_SAMPLES	0
SEQ_WRITE_8M_WORK_CORE_DELETE_SAMPLE_TICKS	0
SEQ_WRITE_8M_WORK_CORE_FILE_WRITE_CALLS	128
SEQ_WRITE_8M_WORK_CORE_FILE_WRITE_SAMPLES	128
SEQ_WRITE_8M_WORK_CORE_FILE_WRITE_SAMPLE_TICKS	26255
SEQ_WRITE_8M_WORK_CORE_SYNC_CALLS	0
SEQ_WRITE_8M_WORK_CORE_SYNC_SAMPLES	0
SEQ_WRITE_8M_WORK_CORE_SYNC_SAMPLE_TICKS	0
SEQ_WRITE_8M_WORK_IFACE_FREE_CALLS	0
SEQ_WRITE_8M_WORK_IFACE_FREE_SAMPLES	0
SEQ_WRITE_8M_WORK_IFACE_FREE_SAMPLE_TICKS	0
SEQ_WRITE_8M_WORK_SEAL_COMMIT_CALLS	0
SEQ_WRITE_8M_WORK_SEAL_COMMIT_SAMPLES	0
SEQ_WRITE_8M_WORK_SEAL_COMMIT_SAMPLE_TICKS	0
SEQ_WRITE_8M_WORK_INODE_READ_CALLS	131
SEQ_WRITE_8M_WORK_BTREE_SEARCH_CALLS	5
SEQ_WRITE_8M_WORK_BTREE_INDEX_HINT_HITS	2
SEQ_WRITE_8M_WORK_BTREE_LEAF_HINT_HITS	1
SEQ_WRITE_8M_WORK_CACHE_READ_CALLS	0
SEQ_WRITE_8M_WORK_CACHE_READ_HITS	0
SEQ_WRITE_8M_WORK_CACHE_READ_MISSES	0
SEQ_WRITE_8M_WORK_FREE_TREE_NODE_VIEWS	128
SEQ_WRITE_8M_WORK_FREE_TREE_RESIDENT_VIEWS	128
SEQ_WRITE_8M_WORK_DIR_TREE_NODE_VIEWS	3
SEQ_WRITE_8M_WORK_DIR_TREE_RESIDENT_VIEWS	3
SEQ_WRITE_8M_WORK_INODE_TREE_NODE_VIEWS	1
SEQ_WRITE_8M_WORK_INODE_TREE_RESIDENT_VIEWS	1
SEQ_WRITE_8M_WORK_REFCOUNT_TREE_NODE_VIEWS	0
SEQ_WRITE_8M_WORK_REFCOUNT_TREE_RESIDENT_VIEWS	0
SEQ_WRITE_8M_WORK_OTHER_TREE_NODE_VIEWS	0
SEQ_WRITE_8M_WORK_OTHER_TREE_RESIDENT_VIEWS	0
SEQ_WRITE_8M_WORK_WRITE_DETAIL_INODE_READ_CALLS	131
SEQ_WRITE_8M_WORK_WRITE_DETAIL_INODE_READ_SAMPLES	131
SEQ_WRITE_8M_WORK_WRITE_DETAIL_INODE_READ_SAMPLE_TICKS	1262
SEQ_WRITE_8M_WORK_WRITE_DETAIL_INODE_WRITE_CALLS	2
SEQ_WRITE_8M_WORK_WRITE_DETAIL_INODE_WRITE_SAMPLES	2
SEQ_WRITE_8M_WORK_WRITE_DETAIL_INODE_WRITE_SAMPLE_TICKS	90
SEQ_WRITE_8M_WORK_WRITE_DETAIL_EXTENT_MAP_CALLS	128
SEQ_WRITE_8M_WORK_WRITE_DETAIL_EXTENT_MAP_SAMPLES	128
SEQ_WRITE_8M_WORK_WRITE_DETAIL_EXTENT_MAP_SAMPLE_TICKS	1538
SEQ_WRITE_8M_WORK_WRITE_DETAIL_FREESPACE_GOAL_CALLS	128
SEQ_WRITE_8M_WORK_WRITE_DETAIL_FREESPACE_GOAL_SAMPLES	128
SEQ_WRITE_8M_WORK_WRITE_DETAIL_FREESPACE_GOAL_SAMPLE_TICKS	5334
SEQ_WRITE_8M_WORK_BTREE_MALLOC_CALLS	0
SEQ_WRITE_8M_WORK_BTREE_MALLOC_SAMPLES	0
SEQ_WRITE_8M_WORK_BTREE_MALLOC_SAMPLE_TICKS	0
SEQ_WRITE_8M_WORK_BTREE_FREE_CALLS	2
SEQ_WRITE_8M_WORK_BTREE_FREE_SAMPLES	2
SEQ_WRITE_8M_WORK_BTREE_FREE_SAMPLE_TICKS	45
SEQ_WRITE_8M_WORK_IFACE_ALLOC_CALLS	0
SEQ_WRITE_8M_WORK_IFACE_ALLOC_SAMPLES	0
SEQ_WRITE_8M_WORK_IFACE_ALLOC_SAMPLE_TICKS	0
SEQ_WRITE_8M_WORK_FREESPACE_ALLOC_CALLS	128
SEQ_WRITE_8M_WORK_FREESPACE_ALLOC_SAMPLES	128
SEQ_WRITE_8M_WORK_FREESPACE_ALLOC_SAMPLE_TICKS	6181
SEQ_WRITE_8M_WORK_DETAIL_INODE_READ_CALLS	131
SEQ_WRITE_8M_WORK_DETAIL_INODE_READ_SAMPLES	7
SEQ_WRITE_8M_WORK_DETAIL_INODE_READ_SAMPLE_TICKS	0
SEQ_WRITE_8M_WORK_DETAIL_INODE_VALIDATE_CALLS	261
SEQ_WRITE_8M_WORK_DETAIL_INODE_VALIDATE_SAMPLES	15
SEQ_WRITE_8M_WORK_DETAIL_INODE_VALIDATE_SAMPLE_TICKS	91
SEQ_WRITE_8M_WORK_DETAIL_INODE_SEARCH_CALLS	4
SEQ_WRITE_8M_WORK_DETAIL_INODE_SEARCH_SAMPLES	0
SEQ_WRITE_8M_WORK_DETAIL_INODE_SEARCH_SAMPLE_TICKS	0
SEQ_WRITE_8M_WORK_DETAIL_INODE_NODE_VIEW_CALLS	1
SEQ_WRITE_8M_WORK_DETAIL_INODE_NODE_VIEW_SAMPLES	0
SEQ_WRITE_8M_WORK_DETAIL_INODE_NODE_VIEW_SAMPLE_TICKS	0
SEQ_WRITE_8M_WORK_DETAIL_DIR_NODE_VIEW_CALLS	3
SEQ_WRITE_8M_WORK_DETAIL_DIR_NODE_VIEW_SAMPLES	0
SEQ_WRITE_8M_WORK_DETAIL_DIR_NODE_VIEW_SAMPLE_TICKS	0
SEQ_WRITE_8M_WORK_DETAIL_INODE_BINARY_SEARCH_CALLS	4
SEQ_WRITE_8M_WORK_DETAIL_INODE_BINARY_SEARCH_SAMPLES	0
SEQ_WRITE_8M_WORK_DETAIL_INODE_BINARY_SEARCH_SAMPLE_TICKS	0
SEQ_WRITE_8M_WORK_DETAIL_DIR_BINARY_SEARCH_CALLS	5
SEQ_WRITE_8M_WORK_DETAIL_DIR_BINARY_SEARCH_SAMPLES	0
SEQ_WRITE_8M_WORK_DETAIL_DIR_BINARY_SEARCH_SAMPLE_TICKS	0
SEQ_WRITE_8M_WORK_DETAIL_NODE_STRUCTURE_CALLS	0
SEQ_WRITE_8M_WORK_DETAIL_NODE_STRUCTURE_SAMPLES	0
SEQ_WRITE_8M_WORK_DETAIL_NODE_STRUCTURE_SAMPLE_TICKS	0
SEQ_WRITE_8M_WORK_DETAIL_CACHE_PEEK_CALLS	136
SEQ_WRITE_8M_WORK_DETAIL_CACHE_PEEK_SAMPLES	8
SEQ_WRITE_8M_WORK_DETAIL_CACHE_PEEK_SAMPLE_TICKS	20
SEQ_WRITE_8M_WORK_DETAIL_BUFFER_ALLOC_CALLS	132
SEQ_WRITE_8M_WORK_DETAIL_BUFFER_ALLOC_SAMPLES	7
SEQ_WRITE_8M_WORK_DETAIL_BUFFER_ALLOC_SAMPLE_TICKS	45
SEQ_WRITE_8M_WORK_DETAIL_BUFFER_FREE_CALLS	132
SEQ_WRITE_8M_WORK_DETAIL_BUFFER_FREE_SAMPLES	7
SEQ_WRITE_8M_WORK_DETAIL_BUFFER_FREE_SAMPLE_TICKS	0
SEQ_WRITE_8M_WORK_DETAIL_EXALL_FILL_CALLS	0
SEQ_WRITE_8M_WORK_DETAIL_EXALL_FILL_SAMPLES	0
SEQ_WRITE_8M_WORK_DETAIL_EXALL_FILL_SAMPLE_TICKS	0
SEQ_WRITE_8M_WORK_FREESPACE_ALLOCS	128
SEQ_WRITE_8M_VOLUME_FLUSH_BIO_READS	0
SEQ_WRITE_8M_VOLUME_FLUSH_BIO_WRITES	0
SEQ_WRITE_8M_VOLUME_FLUSH_BIO_UPDATES	0
SEQ_WRITE_8M_VOLUME_FLUSH_DATA_READS	0
SEQ_WRITE_8M_VOLUME_FLUSH_DATA_WRITES	0
SEQ_WRITE_8M_VOLUME_FLUSH_NODE_WRITES	0
SEQ_WRITE_8M_VOLUME_FLUSH_TXN_COMMITS	0
SEQ_WRITE_8M_VOLUME_FLUSH_EXTENT_MAPS	0
SEQ_WRITE_8M_VOLUME_FLUSH_READ_TICKS	0
SEQ_WRITE_8M_VOLUME_FLUSH_WRITE_TICKS	0
SEQ_WRITE_8M_VOLUME_FLUSH_UPDATE_TICKS	0
SEQ_WRITE_8M_VOLUME_FLUSH_DATA_READ_TICKS	0
SEQ_WRITE_8M_VOLUME_FLUSH_DATA_WRITE_TICKS	0
SEQ_WRITE_8M_VOLUME_FLUSH_NODE_CRC_READ_CALLS	0
SEQ_WRITE_8M_VOLUME_FLUSH_NODE_CRC_READ_SAMPLES	0
SEQ_WRITE_8M_VOLUME_FLUSH_NODE_CRC_READ_SAMPLE_TICKS	0
SEQ_WRITE_8M_VOLUME_FLUSH_NODE_CRC_WRITE_CALLS	0
SEQ_WRITE_8M_VOLUME_FLUSH_NODE_CRC_WRITE_SAMPLES	0
SEQ_WRITE_8M_VOLUME_FLUSH_NODE_CRC_WRITE_SAMPLE_TICKS	0
SEQ_WRITE_8M_VOLUME_FLUSH_CLOCK_PAIR_TICKS	0
SEQ_WRITE_8M_VOLUME_FLUSH_PACKET_CALLS	0
SEQ_WRITE_8M_VOLUME_FLUSH_PACKET_SAMPLES	0
SEQ_WRITE_8M_VOLUME_FLUSH_PACKET_SAMPLE_TICKS	0
SEQ_WRITE_8M_VOLUME_FLUSH_PACKET_OPEN_CALLS	0
SEQ_WRITE_8M_VOLUME_FLUSH_PACKET_OPEN_SAMPLES	0
SEQ_WRITE_8M_VOLUME_FLUSH_PACKET_OPEN_SAMPLE_TICKS	0
SEQ_WRITE_8M_VOLUME_FLUSH_PACKET_READ_CALLS	0
SEQ_WRITE_8M_VOLUME_FLUSH_PACKET_READ_SAMPLES	0
SEQ_WRITE_8M_VOLUME_FLUSH_PACKET_READ_SAMPLE_TICKS	0
SEQ_WRITE_8M_VOLUME_FLUSH_PACKET_WRITE_CALLS	0
SEQ_WRITE_8M_VOLUME_FLUSH_PACKET_WRITE_SAMPLES	0
SEQ_WRITE_8M_VOLUME_FLUSH_PACKET_WRITE_SAMPLE_TICKS	0
SEQ_WRITE_8M_VOLUME_FLUSH_PACKET_END_CALLS	0
SEQ_WRITE_8M_VOLUME_FLUSH_PACKET_END_SAMPLES	0
SEQ_WRITE_8M_VOLUME_FLUSH_PACKET_END_SAMPLE_TICKS	0
SEQ_WRITE_8M_VOLUME_FLUSH_PACKET_DELETE_CALLS	0
SEQ_WRITE_8M_VOLUME_FLUSH_PACKET_DELETE_SAMPLES	0
SEQ_WRITE_8M_VOLUME_FLUSH_PACKET_DELETE_SAMPLE_TICKS	0
SEQ_WRITE_8M_VOLUME_FLUSH_PACKET_FLUSH_CALLS	0
SEQ_WRITE_8M_VOLUME_FLUSH_PACKET_FLUSH_SAMPLES	0
SEQ_WRITE_8M_VOLUME_FLUSH_PACKET_FLUSH_SAMPLE_TICKS	0
SEQ_WRITE_8M_VOLUME_FLUSH_PACKET_OTHER_CALLS	0
SEQ_WRITE_8M_VOLUME_FLUSH_PACKET_OTHER_SAMPLES	0
SEQ_WRITE_8M_VOLUME_FLUSH_PACKET_OTHER_SAMPLE_TICKS	0
SEQ_WRITE_8M_VOLUME_FLUSH_CORE_CREATE_CALLS	0
SEQ_WRITE_8M_VOLUME_FLUSH_CORE_CREATE_SAMPLES	0
SEQ_WRITE_8M_VOLUME_FLUSH_CORE_CREATE_SAMPLE_TICKS	0
SEQ_WRITE_8M_VOLUME_FLUSH_CORE_DELETE_CALLS	0
SEQ_WRITE_8M_VOLUME_FLUSH_CORE_DELETE_SAMPLES	0
SEQ_WRITE_8M_VOLUME_FLUSH_CORE_DELETE_SAMPLE_TICKS	0
SEQ_WRITE_8M_VOLUME_FLUSH_CORE_FILE_WRITE_CALLS	0
SEQ_WRITE_8M_VOLUME_FLUSH_CORE_FILE_WRITE_SAMPLES	0
SEQ_WRITE_8M_VOLUME_FLUSH_CORE_FILE_WRITE_SAMPLE_TICKS	0
SEQ_WRITE_8M_VOLUME_FLUSH_CORE_SYNC_CALLS	0
SEQ_WRITE_8M_VOLUME_FLUSH_CORE_SYNC_SAMPLES	0
SEQ_WRITE_8M_VOLUME_FLUSH_CORE_SYNC_SAMPLE_TICKS	0
SEQ_WRITE_8M_VOLUME_FLUSH_IFACE_FREE_CALLS	0
SEQ_WRITE_8M_VOLUME_FLUSH_IFACE_FREE_SAMPLES	0
SEQ_WRITE_8M_VOLUME_FLUSH_IFACE_FREE_SAMPLE_TICKS	0
SEQ_WRITE_8M_VOLUME_FLUSH_SEAL_COMMIT_CALLS	0
SEQ_WRITE_8M_VOLUME_FLUSH_SEAL_COMMIT_SAMPLES	0
SEQ_WRITE_8M_VOLUME_FLUSH_SEAL_COMMIT_SAMPLE_TICKS	0
SEQ_WRITE_8M_VOLUME_FLUSH_INODE_READ_CALLS	0
SEQ_WRITE_8M_VOLUME_FLUSH_BTREE_SEARCH_CALLS	0
SEQ_WRITE_8M_VOLUME_FLUSH_BTREE_INDEX_HINT_HITS	0
SEQ_WRITE_8M_VOLUME_FLUSH_BTREE_LEAF_HINT_HITS	0
SEQ_WRITE_8M_VOLUME_FLUSH_CACHE_READ_CALLS	0
SEQ_WRITE_8M_VOLUME_FLUSH_CACHE_READ_HITS	0
SEQ_WRITE_8M_VOLUME_FLUSH_CACHE_READ_MISSES	0
SEQ_WRITE_8M_VOLUME_FLUSH_FREE_TREE_NODE_VIEWS	0
SEQ_WRITE_8M_VOLUME_FLUSH_FREE_TREE_RESIDENT_VIEWS	0
SEQ_WRITE_8M_VOLUME_FLUSH_DIR_TREE_NODE_VIEWS	0
SEQ_WRITE_8M_VOLUME_FLUSH_DIR_TREE_RESIDENT_VIEWS	0
SEQ_WRITE_8M_VOLUME_FLUSH_INODE_TREE_NODE_VIEWS	0
SEQ_WRITE_8M_VOLUME_FLUSH_INODE_TREE_RESIDENT_VIEWS	0
SEQ_WRITE_8M_VOLUME_FLUSH_REFCOUNT_TREE_NODE_VIEWS	0
SEQ_WRITE_8M_VOLUME_FLUSH_REFCOUNT_TREE_RESIDENT_VIEWS	0
SEQ_WRITE_8M_VOLUME_FLUSH_OTHER_TREE_NODE_VIEWS	0
SEQ_WRITE_8M_VOLUME_FLUSH_OTHER_TREE_RESIDENT_VIEWS	0
SEQ_WRITE_8M_VOLUME_FLUSH_WRITE_DETAIL_INODE_READ_CALLS	0
SEQ_WRITE_8M_VOLUME_FLUSH_WRITE_DETAIL_INODE_READ_SAMPLES	0
SEQ_WRITE_8M_VOLUME_FLUSH_WRITE_DETAIL_INODE_READ_SAMPLE_TICKS	0
SEQ_WRITE_8M_VOLUME_FLUSH_WRITE_DETAIL_INODE_WRITE_CALLS	0
SEQ_WRITE_8M_VOLUME_FLUSH_WRITE_DETAIL_INODE_WRITE_SAMPLES	0
SEQ_WRITE_8M_VOLUME_FLUSH_WRITE_DETAIL_INODE_WRITE_SAMPLE_TICKS	0
SEQ_WRITE_8M_VOLUME_FLUSH_WRITE_DETAIL_EXTENT_MAP_CALLS	0
SEQ_WRITE_8M_VOLUME_FLUSH_WRITE_DETAIL_EXTENT_MAP_SAMPLES	0
SEQ_WRITE_8M_VOLUME_FLUSH_WRITE_DETAIL_EXTENT_MAP_SAMPLE_TICKS	0
SEQ_WRITE_8M_VOLUME_FLUSH_WRITE_DETAIL_FREESPACE_GOAL_CALLS	0
SEQ_WRITE_8M_VOLUME_FLUSH_WRITE_DETAIL_FREESPACE_GOAL_SAMPLES	0
SEQ_WRITE_8M_VOLUME_FLUSH_WRITE_DETAIL_FREESPACE_GOAL_SAMPLE_TICKS	0
SEQ_WRITE_8M_VOLUME_FLUSH_BTREE_MALLOC_CALLS	0
SEQ_WRITE_8M_VOLUME_FLUSH_BTREE_MALLOC_SAMPLES	0
SEQ_WRITE_8M_VOLUME_FLUSH_BTREE_MALLOC_SAMPLE_TICKS	0
SEQ_WRITE_8M_VOLUME_FLUSH_BTREE_FREE_CALLS	0
SEQ_WRITE_8M_VOLUME_FLUSH_BTREE_FREE_SAMPLES	0
SEQ_WRITE_8M_VOLUME_FLUSH_BTREE_FREE_SAMPLE_TICKS	0
SEQ_WRITE_8M_VOLUME_FLUSH_IFACE_ALLOC_CALLS	0
SEQ_WRITE_8M_VOLUME_FLUSH_IFACE_ALLOC_SAMPLES	0
SEQ_WRITE_8M_VOLUME_FLUSH_IFACE_ALLOC_SAMPLE_TICKS	0
SEQ_WRITE_8M_VOLUME_FLUSH_FREESPACE_ALLOC_CALLS	0
SEQ_WRITE_8M_VOLUME_FLUSH_FREESPACE_ALLOC_SAMPLES	0
SEQ_WRITE_8M_VOLUME_FLUSH_FREESPACE_ALLOC_SAMPLE_TICKS	0
SEQ_WRITE_8M_VOLUME_FLUSH_DETAIL_INODE_READ_CALLS	0
SEQ_WRITE_8M_VOLUME_FLUSH_DETAIL_INODE_READ_SAMPLES	0
SEQ_WRITE_8M_VOLUME_FLUSH_DETAIL_INODE_READ_SAMPLE_TICKS	0
SEQ_WRITE_8M_VOLUME_FLUSH_DETAIL_INODE_VALIDATE_CALLS	0
SEQ_WRITE_8M_VOLUME_FLUSH_DETAIL_INODE_VALIDATE_SAMPLES	0
SEQ_WRITE_8M_VOLUME_FLUSH_DETAIL_INODE_VALIDATE_SAMPLE_TICKS	0
SEQ_WRITE_8M_VOLUME_FLUSH_DETAIL_INODE_SEARCH_CALLS	0
SEQ_WRITE_8M_VOLUME_FLUSH_DETAIL_INODE_SEARCH_SAMPLES	0
SEQ_WRITE_8M_VOLUME_FLUSH_DETAIL_INODE_SEARCH_SAMPLE_TICKS	0
SEQ_WRITE_8M_VOLUME_FLUSH_DETAIL_INODE_NODE_VIEW_CALLS	0
SEQ_WRITE_8M_VOLUME_FLUSH_DETAIL_INODE_NODE_VIEW_SAMPLES	0
SEQ_WRITE_8M_VOLUME_FLUSH_DETAIL_INODE_NODE_VIEW_SAMPLE_TICKS	0
SEQ_WRITE_8M_VOLUME_FLUSH_DETAIL_DIR_NODE_VIEW_CALLS	0
SEQ_WRITE_8M_VOLUME_FLUSH_DETAIL_DIR_NODE_VIEW_SAMPLES	0
SEQ_WRITE_8M_VOLUME_FLUSH_DETAIL_DIR_NODE_VIEW_SAMPLE_TICKS	0
SEQ_WRITE_8M_VOLUME_FLUSH_DETAIL_INODE_BINARY_SEARCH_CALLS	0
SEQ_WRITE_8M_VOLUME_FLUSH_DETAIL_INODE_BINARY_SEARCH_SAMPLES	0
SEQ_WRITE_8M_VOLUME_FLUSH_DETAIL_INODE_BINARY_SEARCH_SAMPLE_TICKS	0
SEQ_WRITE_8M_VOLUME_FLUSH_DETAIL_DIR_BINARY_SEARCH_CALLS	0
SEQ_WRITE_8M_VOLUME_FLUSH_DETAIL_DIR_BINARY_SEARCH_SAMPLES	0
SEQ_WRITE_8M_VOLUME_FLUSH_DETAIL_DIR_BINARY_SEARCH_SAMPLE_TICKS	0
SEQ_WRITE_8M_VOLUME_FLUSH_DETAIL_NODE_STRUCTURE_CALLS	0
SEQ_WRITE_8M_VOLUME_FLUSH_DETAIL_NODE_STRUCTURE_SAMPLES	0
SEQ_WRITE_8M_VOLUME_FLUSH_DETAIL_NODE_STRUCTURE_SAMPLE_TICKS	0
SEQ_WRITE_8M_VOLUME_FLUSH_DETAIL_CACHE_PEEK_CALLS	0
SEQ_WRITE_8M_VOLUME_FLUSH_DETAIL_CACHE_PEEK_SAMPLES	0
SEQ_WRITE_8M_VOLUME_FLUSH_DETAIL_CACHE_PEEK_SAMPLE_TICKS	0
SEQ_WRITE_8M_VOLUME_FLUSH_DETAIL_BUFFER_ALLOC_CALLS	0
SEQ_WRITE_8M_VOLUME_FLUSH_DETAIL_BUFFER_ALLOC_SAMPLES	0
SEQ_WRITE_8M_VOLUME_FLUSH_DETAIL_BUFFER_ALLOC_SAMPLE_TICKS	0
SEQ_WRITE_8M_VOLUME_FLUSH_DETAIL_BUFFER_FREE_CALLS	0
SEQ_WRITE_8M_VOLUME_FLUSH_DETAIL_BUFFER_FREE_SAMPLES	0
SEQ_WRITE_8M_VOLUME_FLUSH_DETAIL_BUFFER_FREE_SAMPLE_TICKS	0
SEQ_WRITE_8M_VOLUME_FLUSH_DETAIL_EXALL_FILL_CALLS	0
SEQ_WRITE_8M_VOLUME_FLUSH_DETAIL_EXALL_FILL_SAMPLES	0
SEQ_WRITE_8M_VOLUME_FLUSH_DETAIL_EXALL_FILL_SAMPLE_TICKS	0
SEQ_WRITE_8M_VOLUME_FLUSH_FREESPACE_ALLOCS	0
SEQ_READ_8M_US	265790
SEQ_READ_8M_WORK_US	265790
SEQ_READ_8M_VOLUME_FLUSH_US	0
SEQ_READ_8M_HAS_VOLUME_FLUSH	0
SEQ_READ_8M_GUEST_OPEN_CALLS	1
SEQ_READ_8M_GUEST_OPEN_US	195
SEQ_READ_8M_GUEST_READ_CALLS	129
SEQ_READ_8M_GUEST_READ_US	31840
SEQ_READ_8M_GUEST_WRITE_CALLS	0
SEQ_READ_8M_GUEST_WRITE_US	0
SEQ_READ_8M_GUEST_HANDLE_FLUSH_CALLS	0
SEQ_READ_8M_GUEST_HANDLE_FLUSH_US	0
SEQ_READ_8M_GUEST_CLOSE_CALLS	1
SEQ_READ_8M_GUEST_CLOSE_US	65
SEQ_READ_8M_GUEST_VERIFY_CALLS	128
SEQ_READ_8M_GUEST_VERIFY_US	232158
SEQ_READ_8M_WORK_BIO_READS	128
SEQ_READ_8M_WORK_BIO_WRITES	0
SEQ_READ_8M_WORK_BIO_UPDATES	0
SEQ_READ_8M_WORK_DATA_READS	128
SEQ_READ_8M_WORK_DATA_WRITES	0
SEQ_READ_8M_WORK_NODE_WRITES	0
SEQ_READ_8M_WORK_TXN_COMMITS	0
SEQ_READ_8M_WORK_EXTENT_MAPS	0
SEQ_READ_8M_WORK_READ_TICKS	14101
SEQ_READ_8M_WORK_WRITE_TICKS	0
SEQ_READ_8M_WORK_UPDATE_TICKS	0
SEQ_READ_8M_WORK_DATA_READ_TICKS	14101
SEQ_READ_8M_WORK_DATA_WRITE_TICKS	0
SEQ_READ_8M_WORK_NODE_CRC_READ_CALLS	0
SEQ_READ_8M_WORK_NODE_CRC_READ_SAMPLES	0
SEQ_READ_8M_WORK_NODE_CRC_READ_SAMPLE_TICKS	0
SEQ_READ_8M_WORK_NODE_CRC_WRITE_CALLS	0
SEQ_READ_8M_WORK_NODE_CRC_WRITE_SAMPLES	0
SEQ_READ_8M_WORK_NODE_CRC_WRITE_SAMPLE_TICKS	0
SEQ_READ_8M_WORK_CLOCK_PAIR_TICKS	0
SEQ_READ_8M_WORK_PACKET_CALLS	131
SEQ_READ_8M_WORK_PACKET_SAMPLES	131
SEQ_READ_8M_WORK_PACKET_SAMPLE_TICKS	20425
SEQ_READ_8M_WORK_PACKET_OPEN_CALLS	1
SEQ_READ_8M_WORK_PACKET_OPEN_SAMPLES	1
SEQ_READ_8M_WORK_PACKET_OPEN_SAMPLE_TICKS	91
SEQ_READ_8M_WORK_PACKET_READ_CALLS	129
SEQ_READ_8M_WORK_PACKET_READ_SAMPLES	129
SEQ_READ_8M_WORK_PACKET_READ_SAMPLE_TICKS	20297
SEQ_READ_8M_WORK_PACKET_WRITE_CALLS	0
SEQ_READ_8M_WORK_PACKET_WRITE_SAMPLES	0
SEQ_READ_8M_WORK_PACKET_WRITE_SAMPLE_TICKS	0
SEQ_READ_8M_WORK_PACKET_END_CALLS	1
SEQ_READ_8M_WORK_PACKET_END_SAMPLES	1
SEQ_READ_8M_WORK_PACKET_END_SAMPLE_TICKS	37
SEQ_READ_8M_WORK_PACKET_DELETE_CALLS	0
SEQ_READ_8M_WORK_PACKET_DELETE_SAMPLES	0
SEQ_READ_8M_WORK_PACKET_DELETE_SAMPLE_TICKS	0
SEQ_READ_8M_WORK_PACKET_FLUSH_CALLS	0
SEQ_READ_8M_WORK_PACKET_FLUSH_SAMPLES	0
SEQ_READ_8M_WORK_PACKET_FLUSH_SAMPLE_TICKS	0
SEQ_READ_8M_WORK_PACKET_OTHER_CALLS	0
SEQ_READ_8M_WORK_PACKET_OTHER_SAMPLES	0
SEQ_READ_8M_WORK_PACKET_OTHER_SAMPLE_TICKS	0
SEQ_READ_8M_WORK_CORE_CREATE_CALLS	0
SEQ_READ_8M_WORK_CORE_CREATE_SAMPLES	0
SEQ_READ_8M_WORK_CORE_CREATE_SAMPLE_TICKS	0
SEQ_READ_8M_WORK_CORE_DELETE_CALLS	0
SEQ_READ_8M_WORK_CORE_DELETE_SAMPLES	0
SEQ_READ_8M_WORK_CORE_DELETE_SAMPLE_TICKS	0
SEQ_READ_8M_WORK_CORE_FILE_WRITE_CALLS	0
SEQ_READ_8M_WORK_CORE_FILE_WRITE_SAMPLES	0
SEQ_READ_8M_WORK_CORE_FILE_WRITE_SAMPLE_TICKS	0
SEQ_READ_8M_WORK_CORE_SYNC_CALLS	0
SEQ_READ_8M_WORK_CORE_SYNC_SAMPLES	0
SEQ_READ_8M_WORK_CORE_SYNC_SAMPLE_TICKS	0
SEQ_READ_8M_WORK_IFACE_FREE_CALLS	0
SEQ_READ_8M_WORK_IFACE_FREE_SAMPLES	0
SEQ_READ_8M_WORK_IFACE_FREE_SAMPLE_TICKS	0
SEQ_READ_8M_WORK_SEAL_COMMIT_CALLS	0
SEQ_READ_8M_WORK_SEAL_COMMIT_SAMPLES	0
SEQ_READ_8M_WORK_SEAL_COMMIT_SAMPLE_TICKS	0
SEQ_READ_8M_WORK_INODE_READ_CALLS	260
SEQ_READ_8M_WORK_BTREE_SEARCH_CALLS	1
SEQ_READ_8M_WORK_BTREE_INDEX_HINT_HITS	0
SEQ_READ_8M_WORK_BTREE_LEAF_HINT_HITS	0
SEQ_READ_8M_WORK_CACHE_READ_CALLS	0
SEQ_READ_8M_WORK_CACHE_READ_HITS	0
SEQ_READ_8M_WORK_CACHE_READ_MISSES	0
SEQ_READ_8M_WORK_FREE_TREE_NODE_VIEWS	0
SEQ_READ_8M_WORK_FREE_TREE_RESIDENT_VIEWS	0
SEQ_READ_8M_WORK_DIR_TREE_NODE_VIEWS	1
SEQ_READ_8M_WORK_DIR_TREE_RESIDENT_VIEWS	1
SEQ_READ_8M_WORK_INODE_TREE_NODE_VIEWS	0
SEQ_READ_8M_WORK_INODE_TREE_RESIDENT_VIEWS	0
SEQ_READ_8M_WORK_REFCOUNT_TREE_NODE_VIEWS	0
SEQ_READ_8M_WORK_REFCOUNT_TREE_RESIDENT_VIEWS	0
SEQ_READ_8M_WORK_OTHER_TREE_NODE_VIEWS	0
SEQ_READ_8M_WORK_OTHER_TREE_RESIDENT_VIEWS	0
SEQ_READ_8M_WORK_WRITE_DETAIL_INODE_READ_CALLS	260
SEQ_READ_8M_WORK_WRITE_DETAIL_INODE_READ_SAMPLES	260
SEQ_READ_8M_WORK_WRITE_DETAIL_INODE_READ_SAMPLE_TICKS	1563
SEQ_READ_8M_WORK_WRITE_DETAIL_INODE_WRITE_CALLS	0
SEQ_READ_8M_WORK_WRITE_DETAIL_INODE_WRITE_SAMPLES	0
SEQ_READ_8M_WORK_WRITE_DETAIL_INODE_WRITE_SAMPLE_TICKS	0
SEQ_READ_8M_WORK_WRITE_DETAIL_EXTENT_MAP_CALLS	0
SEQ_READ_8M_WORK_WRITE_DETAIL_EXTENT_MAP_SAMPLES	0
SEQ_READ_8M_WORK_WRITE_DETAIL_EXTENT_MAP_SAMPLE_TICKS	0
SEQ_READ_8M_WORK_WRITE_DETAIL_FREESPACE_GOAL_CALLS	0
SEQ_READ_8M_WORK_WRITE_DETAIL_FREESPACE_GOAL_SAMPLES	0
SEQ_READ_8M_WORK_WRITE_DETAIL_FREESPACE_GOAL_SAMPLE_TICKS	0
SEQ_READ_8M_WORK_BTREE_MALLOC_CALLS	0
SEQ_READ_8M_WORK_BTREE_MALLOC_SAMPLES	0
SEQ_READ_8M_WORK_BTREE_MALLOC_SAMPLE_TICKS	0
SEQ_READ_8M_WORK_BTREE_FREE_CALLS	0
SEQ_READ_8M_WORK_BTREE_FREE_SAMPLES	0
SEQ_READ_8M_WORK_BTREE_FREE_SAMPLE_TICKS	0
SEQ_READ_8M_WORK_IFACE_ALLOC_CALLS	0
SEQ_READ_8M_WORK_IFACE_ALLOC_SAMPLES	0
SEQ_READ_8M_WORK_IFACE_ALLOC_SAMPLE_TICKS	0
SEQ_READ_8M_WORK_FREESPACE_ALLOC_CALLS	0
SEQ_READ_8M_WORK_FREESPACE_ALLOC_SAMPLES	0
SEQ_READ_8M_WORK_FREESPACE_ALLOC_SAMPLE_TICKS	0
SEQ_READ_8M_WORK_DETAIL_INODE_READ_CALLS	260
SEQ_READ_8M_WORK_DETAIL_INODE_READ_SAMPLES	15
SEQ_READ_8M_WORK_DETAIL_INODE_READ_SAMPLE_TICKS	99
SEQ_READ_8M_WORK_DETAIL_INODE_VALIDATE_CALLS	260
SEQ_READ_8M_WORK_DETAIL_INODE_VALIDATE_SAMPLES	15
SEQ_READ_8M_WORK_DETAIL_INODE_VALIDATE_SAMPLE_TICKS	57
SEQ_READ_8M_WORK_DETAIL_INODE_SEARCH_CALLS	0
SEQ_READ_8M_WORK_DETAIL_INODE_SEARCH_SAMPLES	0
SEQ_READ_8M_WORK_DETAIL_INODE_SEARCH_SAMPLE_TICKS	0
SEQ_READ_8M_WORK_DETAIL_INODE_NODE_VIEW_CALLS	0
SEQ_READ_8M_WORK_DETAIL_INODE_NODE_VIEW_SAMPLES	0
SEQ_READ_8M_WORK_DETAIL_INODE_NODE_VIEW_SAMPLE_TICKS	0
SEQ_READ_8M_WORK_DETAIL_DIR_NODE_VIEW_CALLS	1
SEQ_READ_8M_WORK_DETAIL_DIR_NODE_VIEW_SAMPLES	0
SEQ_READ_8M_WORK_DETAIL_DIR_NODE_VIEW_SAMPLE_TICKS	0
SEQ_READ_8M_WORK_DETAIL_INODE_BINARY_SEARCH_CALLS	0
SEQ_READ_8M_WORK_DETAIL_INODE_BINARY_SEARCH_SAMPLES	0
SEQ_READ_8M_WORK_DETAIL_INODE_BINARY_SEARCH_SAMPLE_TICKS	0
SEQ_READ_8M_WORK_DETAIL_DIR_BINARY_SEARCH_CALLS	1
SEQ_READ_8M_WORK_DETAIL_DIR_BINARY_SEARCH_SAMPLES	0
SEQ_READ_8M_WORK_DETAIL_DIR_BINARY_SEARCH_SAMPLE_TICKS	0
SEQ_READ_8M_WORK_DETAIL_NODE_STRUCTURE_CALLS	0
SEQ_READ_8M_WORK_DETAIL_NODE_STRUCTURE_SAMPLES	0
SEQ_READ_8M_WORK_DETAIL_NODE_STRUCTURE_SAMPLE_TICKS	0
SEQ_READ_8M_WORK_DETAIL_CACHE_PEEK_CALLS	1
SEQ_READ_8M_WORK_DETAIL_CACHE_PEEK_SAMPLES	0
SEQ_READ_8M_WORK_DETAIL_CACHE_PEEK_SAMPLE_TICKS	0
SEQ_READ_8M_WORK_DETAIL_BUFFER_ALLOC_CALLS	1
SEQ_READ_8M_WORK_DETAIL_BUFFER_ALLOC_SAMPLES	0
SEQ_READ_8M_WORK_DETAIL_BUFFER_ALLOC_SAMPLE_TICKS	0
SEQ_READ_8M_WORK_DETAIL_BUFFER_FREE_CALLS	1
SEQ_READ_8M_WORK_DETAIL_BUFFER_FREE_SAMPLES	0
SEQ_READ_8M_WORK_DETAIL_BUFFER_FREE_SAMPLE_TICKS	0
SEQ_READ_8M_WORK_DETAIL_EXALL_FILL_CALLS	0
SEQ_READ_8M_WORK_DETAIL_EXALL_FILL_SAMPLES	0
SEQ_READ_8M_WORK_DETAIL_EXALL_FILL_SAMPLE_TICKS	0
SEQ_READ_8M_WORK_FREESPACE_ALLOCS	0
SEQ_READ_8M_VOLUME_FLUSH_BIO_READS	0
SEQ_READ_8M_VOLUME_FLUSH_BIO_WRITES	0
SEQ_READ_8M_VOLUME_FLUSH_BIO_UPDATES	0
SEQ_READ_8M_VOLUME_FLUSH_DATA_READS	0
SEQ_READ_8M_VOLUME_FLUSH_DATA_WRITES	0
SEQ_READ_8M_VOLUME_FLUSH_NODE_WRITES	0
SEQ_READ_8M_VOLUME_FLUSH_TXN_COMMITS	0
SEQ_READ_8M_VOLUME_FLUSH_EXTENT_MAPS	0
SEQ_READ_8M_VOLUME_FLUSH_READ_TICKS	0
SEQ_READ_8M_VOLUME_FLUSH_WRITE_TICKS	0
SEQ_READ_8M_VOLUME_FLUSH_UPDATE_TICKS	0
SEQ_READ_8M_VOLUME_FLUSH_DATA_READ_TICKS	0
SEQ_READ_8M_VOLUME_FLUSH_DATA_WRITE_TICKS	0
SEQ_READ_8M_VOLUME_FLUSH_NODE_CRC_READ_CALLS	0
SEQ_READ_8M_VOLUME_FLUSH_NODE_CRC_READ_SAMPLES	0
SEQ_READ_8M_VOLUME_FLUSH_NODE_CRC_READ_SAMPLE_TICKS	0
SEQ_READ_8M_VOLUME_FLUSH_NODE_CRC_WRITE_CALLS	0
SEQ_READ_8M_VOLUME_FLUSH_NODE_CRC_WRITE_SAMPLES	0
SEQ_READ_8M_VOLUME_FLUSH_NODE_CRC_WRITE_SAMPLE_TICKS	0
SEQ_READ_8M_VOLUME_FLUSH_CLOCK_PAIR_TICKS	0
SEQ_READ_8M_VOLUME_FLUSH_PACKET_CALLS	0
SEQ_READ_8M_VOLUME_FLUSH_PACKET_SAMPLES	0
SEQ_READ_8M_VOLUME_FLUSH_PACKET_SAMPLE_TICKS	0
SEQ_READ_8M_VOLUME_FLUSH_PACKET_OPEN_CALLS	0
SEQ_READ_8M_VOLUME_FLUSH_PACKET_OPEN_SAMPLES	0
SEQ_READ_8M_VOLUME_FLUSH_PACKET_OPEN_SAMPLE_TICKS	0
SEQ_READ_8M_VOLUME_FLUSH_PACKET_READ_CALLS	0
SEQ_READ_8M_VOLUME_FLUSH_PACKET_READ_SAMPLES	0
SEQ_READ_8M_VOLUME_FLUSH_PACKET_READ_SAMPLE_TICKS	0
SEQ_READ_8M_VOLUME_FLUSH_PACKET_WRITE_CALLS	0
SEQ_READ_8M_VOLUME_FLUSH_PACKET_WRITE_SAMPLES	0
SEQ_READ_8M_VOLUME_FLUSH_PACKET_WRITE_SAMPLE_TICKS	0
SEQ_READ_8M_VOLUME_FLUSH_PACKET_END_CALLS	0
SEQ_READ_8M_VOLUME_FLUSH_PACKET_END_SAMPLES	0
SEQ_READ_8M_VOLUME_FLUSH_PACKET_END_SAMPLE_TICKS	0
SEQ_READ_8M_VOLUME_FLUSH_PACKET_DELETE_CALLS	0
SEQ_READ_8M_VOLUME_FLUSH_PACKET_DELETE_SAMPLES	0
SEQ_READ_8M_VOLUME_FLUSH_PACKET_DELETE_SAMPLE_TICKS	0
SEQ_READ_8M_VOLUME_FLUSH_PACKET_FLUSH_CALLS	0
SEQ_READ_8M_VOLUME_FLUSH_PACKET_FLUSH_SAMPLES	0
SEQ_READ_8M_VOLUME_FLUSH_PACKET_FLUSH_SAMPLE_TICKS	0
SEQ_READ_8M_VOLUME_FLUSH_PACKET_OTHER_CALLS	0
SEQ_READ_8M_VOLUME_FLUSH_PACKET_OTHER_SAMPLES	0
SEQ_READ_8M_VOLUME_FLUSH_PACKET_OTHER_SAMPLE_TICKS	0
SEQ_READ_8M_VOLUME_FLUSH_CORE_CREATE_CALLS	0
SEQ_READ_8M_VOLUME_FLUSH_CORE_CREATE_SAMPLES	0
SEQ_READ_8M_VOLUME_FLUSH_CORE_CREATE_SAMPLE_TICKS	0
SEQ_READ_8M_VOLUME_FLUSH_CORE_DELETE_CALLS	0
SEQ_READ_8M_VOLUME_FLUSH_CORE_DELETE_SAMPLES	0
SEQ_READ_8M_VOLUME_FLUSH_CORE_DELETE_SAMPLE_TICKS	0
SEQ_READ_8M_VOLUME_FLUSH_CORE_FILE_WRITE_CALLS	0
SEQ_READ_8M_VOLUME_FLUSH_CORE_FILE_WRITE_SAMPLES	0
SEQ_READ_8M_VOLUME_FLUSH_CORE_FILE_WRITE_SAMPLE_TICKS	0
SEQ_READ_8M_VOLUME_FLUSH_CORE_SYNC_CALLS	0
SEQ_READ_8M_VOLUME_FLUSH_CORE_SYNC_SAMPLES	0
SEQ_READ_8M_VOLUME_FLUSH_CORE_SYNC_SAMPLE_TICKS	0
SEQ_READ_8M_VOLUME_FLUSH_IFACE_FREE_CALLS	0
SEQ_READ_8M_VOLUME_FLUSH_IFACE_FREE_SAMPLES	0
SEQ_READ_8M_VOLUME_FLUSH_IFACE_FREE_SAMPLE_TICKS	0
SEQ_READ_8M_VOLUME_FLUSH_SEAL_COMMIT_CALLS	0
SEQ_READ_8M_VOLUME_FLUSH_SEAL_COMMIT_SAMPLES	0
SEQ_READ_8M_VOLUME_FLUSH_SEAL_COMMIT_SAMPLE_TICKS	0
SEQ_READ_8M_VOLUME_FLUSH_INODE_READ_CALLS	0
SEQ_READ_8M_VOLUME_FLUSH_BTREE_SEARCH_CALLS	0
SEQ_READ_8M_VOLUME_FLUSH_BTREE_INDEX_HINT_HITS	0
SEQ_READ_8M_VOLUME_FLUSH_BTREE_LEAF_HINT_HITS	0
SEQ_READ_8M_VOLUME_FLUSH_CACHE_READ_CALLS	0
SEQ_READ_8M_VOLUME_FLUSH_CACHE_READ_HITS	0
SEQ_READ_8M_VOLUME_FLUSH_CACHE_READ_MISSES	0
SEQ_READ_8M_VOLUME_FLUSH_FREE_TREE_NODE_VIEWS	0
SEQ_READ_8M_VOLUME_FLUSH_FREE_TREE_RESIDENT_VIEWS	0
SEQ_READ_8M_VOLUME_FLUSH_DIR_TREE_NODE_VIEWS	0
SEQ_READ_8M_VOLUME_FLUSH_DIR_TREE_RESIDENT_VIEWS	0
SEQ_READ_8M_VOLUME_FLUSH_INODE_TREE_NODE_VIEWS	0
SEQ_READ_8M_VOLUME_FLUSH_INODE_TREE_RESIDENT_VIEWS	0
SEQ_READ_8M_VOLUME_FLUSH_REFCOUNT_TREE_NODE_VIEWS	0
SEQ_READ_8M_VOLUME_FLUSH_REFCOUNT_TREE_RESIDENT_VIEWS	0
SEQ_READ_8M_VOLUME_FLUSH_OTHER_TREE_NODE_VIEWS	0
SEQ_READ_8M_VOLUME_FLUSH_OTHER_TREE_RESIDENT_VIEWS	0
SEQ_READ_8M_VOLUME_FLUSH_WRITE_DETAIL_INODE_READ_CALLS	0
SEQ_READ_8M_VOLUME_FLUSH_WRITE_DETAIL_INODE_READ_SAMPLES	0
SEQ_READ_8M_VOLUME_FLUSH_WRITE_DETAIL_INODE_READ_SAMPLE_TICKS	0
SEQ_READ_8M_VOLUME_FLUSH_WRITE_DETAIL_INODE_WRITE_CALLS	0
SEQ_READ_8M_VOLUME_FLUSH_WRITE_DETAIL_INODE_WRITE_SAMPLES	0
SEQ_READ_8M_VOLUME_FLUSH_WRITE_DETAIL_INODE_WRITE_SAMPLE_TICKS	0
SEQ_READ_8M_VOLUME_FLUSH_WRITE_DETAIL_EXTENT_MAP_CALLS	0
SEQ_READ_8M_VOLUME_FLUSH_WRITE_DETAIL_EXTENT_MAP_SAMPLES	0
SEQ_READ_8M_VOLUME_FLUSH_WRITE_DETAIL_EXTENT_MAP_SAMPLE_TICKS	0
SEQ_READ_8M_VOLUME_FLUSH_WRITE_DETAIL_FREESPACE_GOAL_CALLS	0
SEQ_READ_8M_VOLUME_FLUSH_WRITE_DETAIL_FREESPACE_GOAL_SAMPLES	0
SEQ_READ_8M_VOLUME_FLUSH_WRITE_DETAIL_FREESPACE_GOAL_SAMPLE_TICKS	0
SEQ_READ_8M_VOLUME_FLUSH_BTREE_MALLOC_CALLS	0
SEQ_READ_8M_VOLUME_FLUSH_BTREE_MALLOC_SAMPLES	0
SEQ_READ_8M_VOLUME_FLUSH_BTREE_MALLOC_SAMPLE_TICKS	0
SEQ_READ_8M_VOLUME_FLUSH_BTREE_FREE_CALLS	0
SEQ_READ_8M_VOLUME_FLUSH_BTREE_FREE_SAMPLES	0
SEQ_READ_8M_VOLUME_FLUSH_BTREE_FREE_SAMPLE_TICKS	0
SEQ_READ_8M_VOLUME_FLUSH_IFACE_ALLOC_CALLS	0
SEQ_READ_8M_VOLUME_FLUSH_IFACE_ALLOC_SAMPLES	0
SEQ_READ_8M_VOLUME_FLUSH_IFACE_ALLOC_SAMPLE_TICKS	0
SEQ_READ_8M_VOLUME_FLUSH_FREESPACE_ALLOC_CALLS	0
SEQ_READ_8M_VOLUME_FLUSH_FREESPACE_ALLOC_SAMPLES	0
SEQ_READ_8M_VOLUME_FLUSH_FREESPACE_ALLOC_SAMPLE_TICKS	0
SEQ_READ_8M_VOLUME_FLUSH_DETAIL_INODE_READ_CALLS	0
SEQ_READ_8M_VOLUME_FLUSH_DETAIL_INODE_READ_SAMPLES	0
SEQ_READ_8M_VOLUME_FLUSH_DETAIL_INODE_READ_SAMPLE_TICKS	0
SEQ_READ_8M_VOLUME_FLUSH_DETAIL_INODE_VALIDATE_CALLS	0
SEQ_READ_8M_VOLUME_FLUSH_DETAIL_INODE_VALIDATE_SAMPLES	0
SEQ_READ_8M_VOLUME_FLUSH_DETAIL_INODE_VALIDATE_SAMPLE_TICKS	0
SEQ_READ_8M_VOLUME_FLUSH_DETAIL_INODE_SEARCH_CALLS	0
SEQ_READ_8M_VOLUME_FLUSH_DETAIL_INODE_SEARCH_SAMPLES	0
SEQ_READ_8M_VOLUME_FLUSH_DETAIL_INODE_SEARCH_SAMPLE_TICKS	0
SEQ_READ_8M_VOLUME_FLUSH_DETAIL_INODE_NODE_VIEW_CALLS	0
SEQ_READ_8M_VOLUME_FLUSH_DETAIL_INODE_NODE_VIEW_SAMPLES	0
SEQ_READ_8M_VOLUME_FLUSH_DETAIL_INODE_NODE_VIEW_SAMPLE_TICKS	0
SEQ_READ_8M_VOLUME_FLUSH_DETAIL_DIR_NODE_VIEW_CALLS	0
SEQ_READ_8M_VOLUME_FLUSH_DETAIL_DIR_NODE_VIEW_SAMPLES	0
SEQ_READ_8M_VOLUME_FLUSH_DETAIL_DIR_NODE_VIEW_SAMPLE_TICKS	0
SEQ_READ_8M_VOLUME_FLUSH_DETAIL_INODE_BINARY_SEARCH_CALLS	0
SEQ_READ_8M_VOLUME_FLUSH_DETAIL_INODE_BINARY_SEARCH_SAMPLES	0
SEQ_READ_8M_VOLUME_FLUSH_DETAIL_INODE_BINARY_SEARCH_SAMPLE_TICKS	0
SEQ_READ_8M_VOLUME_FLUSH_DETAIL_DIR_BINARY_SEARCH_CALLS	0
SEQ_READ_8M_VOLUME_FLUSH_DETAIL_DIR_BINARY_SEARCH_SAMPLES	0
SEQ_READ_8M_VOLUME_FLUSH_DETAIL_DIR_BINARY_SEARCH_SAMPLE_TICKS	0
SEQ_READ_8M_VOLUME_FLUSH_DETAIL_NODE_STRUCTURE_CALLS	0
SEQ_READ_8M_VOLUME_FLUSH_DETAIL_NODE_STRUCTURE_SAMPLES	0
SEQ_READ_8M_VOLUME_FLUSH_DETAIL_NODE_STRUCTURE_SAMPLE_TICKS	0
SEQ_READ_8M_VOLUME_FLUSH_DETAIL_CACHE_PEEK_CALLS	0
SEQ_READ_8M_VOLUME_FLUSH_DETAIL_CACHE_PEEK_SAMPLES	0
SEQ_READ_8M_VOLUME_FLUSH_DETAIL_CACHE_PEEK_SAMPLE_TICKS	0
SEQ_READ_8M_VOLUME_FLUSH_DETAIL_BUFFER_ALLOC_CALLS	0
SEQ_READ_8M_VOLUME_FLUSH_DETAIL_BUFFER_ALLOC_SAMPLES	0
SEQ_READ_8M_VOLUME_FLUSH_DETAIL_BUFFER_ALLOC_SAMPLE_TICKS	0
SEQ_READ_8M_VOLUME_FLUSH_DETAIL_BUFFER_FREE_CALLS	0
SEQ_READ_8M_VOLUME_FLUSH_DETAIL_BUFFER_FREE_SAMPLES	0
SEQ_READ_8M_VOLUME_FLUSH_DETAIL_BUFFER_FREE_SAMPLE_TICKS	0
SEQ_READ_8M_VOLUME_FLUSH_DETAIL_EXALL_FILL_CALLS	0
SEQ_READ_8M_VOLUME_FLUSH_DETAIL_EXALL_FILL_SAMPLES	0
SEQ_READ_8M_VOLUME_FLUSH_DETAIL_EXALL_FILL_SAMPLE_TICKS	0
SEQ_READ_8M_VOLUME_FLUSH_FREESPACE_ALLOCS	0
SMALL_DELETE_40_US	17215
SMALL_DELETE_40_WORK_US	17215
SMALL_DELETE_40_VOLUME_FLUSH_US	0
SMALL_DELETE_40_HAS_VOLUME_FLUSH	0
SMALL_DELETE_40_GUEST_OPEN_CALLS	0
SMALL_DELETE_40_GUEST_OPEN_US	0
SMALL_DELETE_40_GUEST_READ_CALLS	0
SMALL_DELETE_40_GUEST_READ_US	0
SMALL_DELETE_40_GUEST_WRITE_CALLS	0
SMALL_DELETE_40_GUEST_WRITE_US	0
SMALL_DELETE_40_GUEST_HANDLE_FLUSH_CALLS	0
SMALL_DELETE_40_GUEST_HANDLE_FLUSH_US	0
SMALL_DELETE_40_GUEST_CLOSE_CALLS	0
SMALL_DELETE_40_GUEST_CLOSE_US	0
SMALL_DELETE_40_GUEST_VERIFY_CALLS	0
SMALL_DELETE_40_GUEST_VERIFY_US	0
SMALL_DELETE_40_WORK_BIO_READS	0
SMALL_DELETE_40_WORK_BIO_WRITES	0
SMALL_DELETE_40_WORK_BIO_UPDATES	0
SMALL_DELETE_40_WORK_DATA_READS	0
SMALL_DELETE_40_WORK_DATA_WRITES	0
SMALL_DELETE_40_WORK_NODE_WRITES	0
SMALL_DELETE_40_WORK_TXN_COMMITS	0
SMALL_DELETE_40_WORK_EXTENT_MAPS	0
SMALL_DELETE_40_WORK_READ_TICKS	0
SMALL_DELETE_40_WORK_WRITE_TICKS	0
SMALL_DELETE_40_WORK_UPDATE_TICKS	0
SMALL_DELETE_40_WORK_DATA_READ_TICKS	0
SMALL_DELETE_40_WORK_DATA_WRITE_TICKS	0
SMALL_DELETE_40_WORK_NODE_CRC_READ_CALLS	0
SMALL_DELETE_40_WORK_NODE_CRC_READ_SAMPLES	0
SMALL_DELETE_40_WORK_NODE_CRC_READ_SAMPLE_TICKS	0
SMALL_DELETE_40_WORK_NODE_CRC_WRITE_CALLS	0
SMALL_DELETE_40_WORK_NODE_CRC_WRITE_SAMPLES	0
SMALL_DELETE_40_WORK_NODE_CRC_WRITE_SAMPLE_TICKS	0
SMALL_DELETE_40_WORK_CLOCK_PAIR_TICKS	1
SMALL_DELETE_40_WORK_PACKET_CALLS	40
SMALL_DELETE_40_WORK_PACKET_SAMPLES	40
SMALL_DELETE_40_WORK_PACKET_SAMPLE_TICKS	9985
SMALL_DELETE_40_WORK_PACKET_OPEN_CALLS	0
SMALL_DELETE_40_WORK_PACKET_OPEN_SAMPLES	0
SMALL_DELETE_40_WORK_PACKET_OPEN_SAMPLE_TICKS	0
SMALL_DELETE_40_WORK_PACKET_READ_CALLS	0
SMALL_DELETE_40_WORK_PACKET_READ_SAMPLES	0
SMALL_DELETE_40_WORK_PACKET_READ_SAMPLE_TICKS	0
SMALL_DELETE_40_WORK_PACKET_WRITE_CALLS	0
SMALL_DELETE_40_WORK_PACKET_WRITE_SAMPLES	0
SMALL_DELETE_40_WORK_PACKET_WRITE_SAMPLE_TICKS	0
SMALL_DELETE_40_WORK_PACKET_END_CALLS	0
SMALL_DELETE_40_WORK_PACKET_END_SAMPLES	0
SMALL_DELETE_40_WORK_PACKET_END_SAMPLE_TICKS	0
SMALL_DELETE_40_WORK_PACKET_DELETE_CALLS	40
SMALL_DELETE_40_WORK_PACKET_DELETE_SAMPLES	40
SMALL_DELETE_40_WORK_PACKET_DELETE_SAMPLE_TICKS	9985
SMALL_DELETE_40_WORK_PACKET_FLUSH_CALLS	0
SMALL_DELETE_40_WORK_PACKET_FLUSH_SAMPLES	0
SMALL_DELETE_40_WORK_PACKET_FLUSH_SAMPLE_TICKS	0
SMALL_DELETE_40_WORK_PACKET_OTHER_CALLS	0
SMALL_DELETE_40_WORK_PACKET_OTHER_SAMPLES	0
SMALL_DELETE_40_WORK_PACKET_OTHER_SAMPLE_TICKS	0
SMALL_DELETE_40_WORK_CORE_CREATE_CALLS	0
SMALL_DELETE_40_WORK_CORE_CREATE_SAMPLES	0
SMALL_DELETE_40_WORK_CORE_CREATE_SAMPLE_TICKS	0
SMALL_DELETE_40_WORK_CORE_DELETE_CALLS	40
SMALL_DELETE_40_WORK_CORE_DELETE_SAMPLES	40
SMALL_DELETE_40_WORK_CORE_DELETE_SAMPLE_TICKS	6326
SMALL_DELETE_40_WORK_CORE_FILE_WRITE_CALLS	0
SMALL_DELETE_40_WORK_CORE_FILE_WRITE_SAMPLES	0
SMALL_DELETE_40_WORK_CORE_FILE_WRITE_SAMPLE_TICKS	0
SMALL_DELETE_40_WORK_CORE_SYNC_CALLS	0
SMALL_DELETE_40_WORK_CORE_SYNC_SAMPLES	0
SMALL_DELETE_40_WORK_CORE_SYNC_SAMPLE_TICKS	0
SMALL_DELETE_40_WORK_IFACE_FREE_CALLS	0
SMALL_DELETE_40_WORK_IFACE_FREE_SAMPLES	0
SMALL_DELETE_40_WORK_IFACE_FREE_SAMPLE_TICKS	0
SMALL_DELETE_40_WORK_SEAL_COMMIT_CALLS	0
SMALL_DELETE_40_WORK_SEAL_COMMIT_SAMPLES	0
SMALL_DELETE_40_WORK_SEAL_COMMIT_SAMPLE_TICKS	0
SMALL_DELETE_40_WORK_INODE_READ_CALLS	80
SMALL_DELETE_40_WORK_BTREE_SEARCH_CALLS	266
SMALL_DELETE_40_WORK_BTREE_INDEX_HINT_HITS	33
SMALL_DELETE_40_WORK_BTREE_LEAF_HINT_HITS	161
SMALL_DELETE_40_WORK_CACHE_READ_CALLS	0
SMALL_DELETE_40_WORK_CACHE_READ_HITS	0
SMALL_DELETE_40_WORK_CACHE_READ_MISSES	0
SMALL_DELETE_40_WORK_FREE_TREE_NODE_VIEWS	0
SMALL_DELETE_40_WORK_FREE_TREE_RESIDENT_VIEWS	0
SMALL_DELETE_40_WORK_DIR_TREE_NODE_VIEWS	39
SMALL_DELETE_40_WORK_DIR_TREE_RESIDENT_VIEWS	39
SMALL_DELETE_40_WORK_INODE_TREE_NODE_VIEWS	33
SMALL_DELETE_40_WORK_INODE_TREE_RESIDENT_VIEWS	33
SMALL_DELETE_40_WORK_REFCOUNT_TREE_NODE_VIEWS	0
SMALL_DELETE_40_WORK_REFCOUNT_TREE_RESIDENT_VIEWS	0
SMALL_DELETE_40_WORK_OTHER_TREE_NODE_VIEWS	0
SMALL_DELETE_40_WORK_OTHER_TREE_RESIDENT_VIEWS	0
SMALL_DELETE_40_WORK_WRITE_DETAIL_INODE_READ_CALLS	80
SMALL_DELETE_40_WORK_WRITE_DETAIL_INODE_READ_SAMPLES	80
SMALL_DELETE_40_WORK_WRITE_DETAIL_INODE_READ_SAMPLE_TICKS	1719
SMALL_DELETE_40_WORK_WRITE_DETAIL_INODE_WRITE_CALLS	0
SMALL_DELETE_40_WORK_WRITE_DETAIL_INODE_WRITE_SAMPLES	0
SMALL_DELETE_40_WORK_WRITE_DETAIL_INODE_WRITE_SAMPLE_TICKS	0
SMALL_DELETE_40_WORK_WRITE_DETAIL_EXTENT_MAP_CALLS	0
SMALL_DELETE_40_WORK_WRITE_DETAIL_EXTENT_MAP_SAMPLES	0
SMALL_DELETE_40_WORK_WRITE_DETAIL_EXTENT_MAP_SAMPLE_TICKS	0
SMALL_DELETE_40_WORK_WRITE_DETAIL_FREESPACE_GOAL_CALLS	0
SMALL_DELETE_40_WORK_WRITE_DETAIL_FREESPACE_GOAL_SAMPLES	0
SMALL_DELETE_40_WORK_WRITE_DETAIL_FREESPACE_GOAL_SAMPLE_TICKS	0
SMALL_DELETE_40_WORK_BTREE_MALLOC_CALLS	0
SMALL_DELETE_40_WORK_BTREE_MALLOC_SAMPLES	0
SMALL_DELETE_40_WORK_BTREE_MALLOC_SAMPLE_TICKS	0
SMALL_DELETE_40_WORK_BTREE_FREE_CALLS	0
SMALL_DELETE_40_WORK_BTREE_FREE_SAMPLES	0
SMALL_DELETE_40_WORK_BTREE_FREE_SAMPLE_TICKS	0
SMALL_DELETE_40_WORK_IFACE_ALLOC_CALLS	0
SMALL_DELETE_40_WORK_IFACE_ALLOC_SAMPLES	0
SMALL_DELETE_40_WORK_IFACE_ALLOC_SAMPLE_TICKS	0
SMALL_DELETE_40_WORK_FREESPACE_ALLOC_CALLS	0
SMALL_DELETE_40_WORK_FREESPACE_ALLOC_SAMPLES	0
SMALL_DELETE_40_WORK_FREESPACE_ALLOC_SAMPLE_TICKS	0
SMALL_DELETE_40_WORK_DETAIL_INODE_READ_CALLS	80
SMALL_DELETE_40_WORK_DETAIL_INODE_READ_SAMPLES	4
SMALL_DELETE_40_WORK_DETAIL_INODE_READ_SAMPLE_TICKS	90
SMALL_DELETE_40_WORK_DETAIL_INODE_VALIDATE_CALLS	80
SMALL_DELETE_40_WORK_DETAIL_INODE_VALIDATE_SAMPLES	4
SMALL_DELETE_40_WORK_DETAIL_INODE_VALIDATE_SAMPLE_TICKS	11
SMALL_DELETE_40_WORK_DETAIL_INODE_SEARCH_CALLS	66
SMALL_DELETE_40_WORK_DETAIL_INODE_SEARCH_SAMPLES	3
SMALL_DELETE_40_WORK_DETAIL_INODE_SEARCH_SAMPLE_TICKS	91
SMALL_DELETE_40_WORK_DETAIL_INODE_NODE_VIEW_CALLS	33
SMALL_DELETE_40_WORK_DETAIL_INODE_NODE_VIEW_SAMPLES	1
SMALL_DELETE_40_WORK_DETAIL_INODE_NODE_VIEW_SAMPLE_TICKS	0
SMALL_DELETE_40_WORK_DETAIL_DIR_NODE_VIEW_CALLS	39
SMALL_DELETE_40_WORK_DETAIL_DIR_NODE_VIEW_SAMPLES	2
SMALL_DELETE_40_WORK_DETAIL_DIR_NODE_VIEW_SAMPLE_TICKS	0
SMALL_DELETE_40_WORK_DETAIL_INODE_BINARY_SEARCH_CALLS	73
SMALL_DELETE_40_WORK_DETAIL_INODE_BINARY_SEARCH_SAMPLES	4
SMALL_DELETE_40_WORK_DETAIL_INODE_BINARY_SEARCH_SAMPLE_TICKS	0
SMALL_DELETE_40_WORK_DETAIL_DIR_BINARY_SEARCH_CALLS	240
SMALL_DELETE_40_WORK_DETAIL_DIR_BINARY_SEARCH_SAMPLES	14
SMALL_DELETE_40_WORK_DETAIL_DIR_BINARY_SEARCH_SAMPLE_TICKS	45
SMALL_DELETE_40_WORK_DETAIL_NODE_STRUCTURE_CALLS	0
SMALL_DELETE_40_WORK_DETAIL_NODE_STRUCTURE_SAMPLES	0
SMALL_DELETE_40_WORK_DETAIL_NODE_STRUCTURE_SAMPLE_TICKS	0
SMALL_DELETE_40_WORK_DETAIL_CACHE_PEEK_CALLS	266
SMALL_DELETE_40_WORK_DETAIL_CACHE_PEEK_SAMPLES	15
SMALL_DELETE_40_WORK_DETAIL_CACHE_PEEK_SAMPLE_TICKS	90
SMALL_DELETE_40_WORK_DETAIL_BUFFER_ALLOC_CALLS	72
SMALL_DELETE_40_WORK_DETAIL_BUFFER_ALLOC_SAMPLES	4
SMALL_DELETE_40_WORK_DETAIL_BUFFER_ALLOC_SAMPLE_TICKS	45
SMALL_DELETE_40_WORK_DETAIL_BUFFER_FREE_CALLS	72
SMALL_DELETE_40_WORK_DETAIL_BUFFER_FREE_SAMPLES	4
SMALL_DELETE_40_WORK_DETAIL_BUFFER_FREE_SAMPLE_TICKS	0
SMALL_DELETE_40_WORK_DETAIL_EXALL_FILL_CALLS	0
SMALL_DELETE_40_WORK_DETAIL_EXALL_FILL_SAMPLES	0
SMALL_DELETE_40_WORK_DETAIL_EXALL_FILL_SAMPLE_TICKS	0
SMALL_DELETE_40_WORK_FREESPACE_ALLOCS	0
SMALL_DELETE_40_VOLUME_FLUSH_BIO_READS	0
SMALL_DELETE_40_VOLUME_FLUSH_BIO_WRITES	0
SMALL_DELETE_40_VOLUME_FLUSH_BIO_UPDATES	0
SMALL_DELETE_40_VOLUME_FLUSH_DATA_READS	0
SMALL_DELETE_40_VOLUME_FLUSH_DATA_WRITES	0
SMALL_DELETE_40_VOLUME_FLUSH_NODE_WRITES	0
SMALL_DELETE_40_VOLUME_FLUSH_TXN_COMMITS	0
SMALL_DELETE_40_VOLUME_FLUSH_EXTENT_MAPS	0
SMALL_DELETE_40_VOLUME_FLUSH_READ_TICKS	0
SMALL_DELETE_40_VOLUME_FLUSH_WRITE_TICKS	0
SMALL_DELETE_40_VOLUME_FLUSH_UPDATE_TICKS	0
SMALL_DELETE_40_VOLUME_FLUSH_DATA_READ_TICKS	0
SMALL_DELETE_40_VOLUME_FLUSH_DATA_WRITE_TICKS	0
SMALL_DELETE_40_VOLUME_FLUSH_NODE_CRC_READ_CALLS	0
SMALL_DELETE_40_VOLUME_FLUSH_NODE_CRC_READ_SAMPLES	0
SMALL_DELETE_40_VOLUME_FLUSH_NODE_CRC_READ_SAMPLE_TICKS	0
SMALL_DELETE_40_VOLUME_FLUSH_NODE_CRC_WRITE_CALLS	0
SMALL_DELETE_40_VOLUME_FLUSH_NODE_CRC_WRITE_SAMPLES	0
SMALL_DELETE_40_VOLUME_FLUSH_NODE_CRC_WRITE_SAMPLE_TICKS	0
SMALL_DELETE_40_VOLUME_FLUSH_CLOCK_PAIR_TICKS	0
SMALL_DELETE_40_VOLUME_FLUSH_PACKET_CALLS	0
SMALL_DELETE_40_VOLUME_FLUSH_PACKET_SAMPLES	0
SMALL_DELETE_40_VOLUME_FLUSH_PACKET_SAMPLE_TICKS	0
SMALL_DELETE_40_VOLUME_FLUSH_PACKET_OPEN_CALLS	0
SMALL_DELETE_40_VOLUME_FLUSH_PACKET_OPEN_SAMPLES	0
SMALL_DELETE_40_VOLUME_FLUSH_PACKET_OPEN_SAMPLE_TICKS	0
SMALL_DELETE_40_VOLUME_FLUSH_PACKET_READ_CALLS	0
SMALL_DELETE_40_VOLUME_FLUSH_PACKET_READ_SAMPLES	0
SMALL_DELETE_40_VOLUME_FLUSH_PACKET_READ_SAMPLE_TICKS	0
SMALL_DELETE_40_VOLUME_FLUSH_PACKET_WRITE_CALLS	0
SMALL_DELETE_40_VOLUME_FLUSH_PACKET_WRITE_SAMPLES	0
SMALL_DELETE_40_VOLUME_FLUSH_PACKET_WRITE_SAMPLE_TICKS	0
SMALL_DELETE_40_VOLUME_FLUSH_PACKET_END_CALLS	0
SMALL_DELETE_40_VOLUME_FLUSH_PACKET_END_SAMPLES	0
SMALL_DELETE_40_VOLUME_FLUSH_PACKET_END_SAMPLE_TICKS	0
SMALL_DELETE_40_VOLUME_FLUSH_PACKET_DELETE_CALLS	0
SMALL_DELETE_40_VOLUME_FLUSH_PACKET_DELETE_SAMPLES	0
SMALL_DELETE_40_VOLUME_FLUSH_PACKET_DELETE_SAMPLE_TICKS	0
SMALL_DELETE_40_VOLUME_FLUSH_PACKET_FLUSH_CALLS	0
SMALL_DELETE_40_VOLUME_FLUSH_PACKET_FLUSH_SAMPLES	0
SMALL_DELETE_40_VOLUME_FLUSH_PACKET_FLUSH_SAMPLE_TICKS	0
SMALL_DELETE_40_VOLUME_FLUSH_PACKET_OTHER_CALLS	0
SMALL_DELETE_40_VOLUME_FLUSH_PACKET_OTHER_SAMPLES	0
SMALL_DELETE_40_VOLUME_FLUSH_PACKET_OTHER_SAMPLE_TICKS	0
SMALL_DELETE_40_VOLUME_FLUSH_CORE_CREATE_CALLS	0
SMALL_DELETE_40_VOLUME_FLUSH_CORE_CREATE_SAMPLES	0
SMALL_DELETE_40_VOLUME_FLUSH_CORE_CREATE_SAMPLE_TICKS	0
SMALL_DELETE_40_VOLUME_FLUSH_CORE_DELETE_CALLS	0
SMALL_DELETE_40_VOLUME_FLUSH_CORE_DELETE_SAMPLES	0
SMALL_DELETE_40_VOLUME_FLUSH_CORE_DELETE_SAMPLE_TICKS	0
SMALL_DELETE_40_VOLUME_FLUSH_CORE_FILE_WRITE_CALLS	0
SMALL_DELETE_40_VOLUME_FLUSH_CORE_FILE_WRITE_SAMPLES	0
SMALL_DELETE_40_VOLUME_FLUSH_CORE_FILE_WRITE_SAMPLE_TICKS	0
SMALL_DELETE_40_VOLUME_FLUSH_CORE_SYNC_CALLS	0
SMALL_DELETE_40_VOLUME_FLUSH_CORE_SYNC_SAMPLES	0
SMALL_DELETE_40_VOLUME_FLUSH_CORE_SYNC_SAMPLE_TICKS	0
SMALL_DELETE_40_VOLUME_FLUSH_IFACE_FREE_CALLS	0
SMALL_DELETE_40_VOLUME_FLUSH_IFACE_FREE_SAMPLES	0
SMALL_DELETE_40_VOLUME_FLUSH_IFACE_FREE_SAMPLE_TICKS	0
SMALL_DELETE_40_VOLUME_FLUSH_SEAL_COMMIT_CALLS	0
SMALL_DELETE_40_VOLUME_FLUSH_SEAL_COMMIT_SAMPLES	0
SMALL_DELETE_40_VOLUME_FLUSH_SEAL_COMMIT_SAMPLE_TICKS	0
SMALL_DELETE_40_VOLUME_FLUSH_INODE_READ_CALLS	0
SMALL_DELETE_40_VOLUME_FLUSH_BTREE_SEARCH_CALLS	0
SMALL_DELETE_40_VOLUME_FLUSH_BTREE_INDEX_HINT_HITS	0
SMALL_DELETE_40_VOLUME_FLUSH_BTREE_LEAF_HINT_HITS	0
SMALL_DELETE_40_VOLUME_FLUSH_CACHE_READ_CALLS	0
SMALL_DELETE_40_VOLUME_FLUSH_CACHE_READ_HITS	0
SMALL_DELETE_40_VOLUME_FLUSH_CACHE_READ_MISSES	0
SMALL_DELETE_40_VOLUME_FLUSH_FREE_TREE_NODE_VIEWS	0
SMALL_DELETE_40_VOLUME_FLUSH_FREE_TREE_RESIDENT_VIEWS	0
SMALL_DELETE_40_VOLUME_FLUSH_DIR_TREE_NODE_VIEWS	0
SMALL_DELETE_40_VOLUME_FLUSH_DIR_TREE_RESIDENT_VIEWS	0
SMALL_DELETE_40_VOLUME_FLUSH_INODE_TREE_NODE_VIEWS	0
SMALL_DELETE_40_VOLUME_FLUSH_INODE_TREE_RESIDENT_VIEWS	0
SMALL_DELETE_40_VOLUME_FLUSH_REFCOUNT_TREE_NODE_VIEWS	0
SMALL_DELETE_40_VOLUME_FLUSH_REFCOUNT_TREE_RESIDENT_VIEWS	0
SMALL_DELETE_40_VOLUME_FLUSH_OTHER_TREE_NODE_VIEWS	0
SMALL_DELETE_40_VOLUME_FLUSH_OTHER_TREE_RESIDENT_VIEWS	0
SMALL_DELETE_40_VOLUME_FLUSH_WRITE_DETAIL_INODE_READ_CALLS	0
SMALL_DELETE_40_VOLUME_FLUSH_WRITE_DETAIL_INODE_READ_SAMPLES	0
SMALL_DELETE_40_VOLUME_FLUSH_WRITE_DETAIL_INODE_READ_SAMPLE_TICKS	0
SMALL_DELETE_40_VOLUME_FLUSH_WRITE_DETAIL_INODE_WRITE_CALLS	0
SMALL_DELETE_40_VOLUME_FLUSH_WRITE_DETAIL_INODE_WRITE_SAMPLES	0
SMALL_DELETE_40_VOLUME_FLUSH_WRITE_DETAIL_INODE_WRITE_SAMPLE_TICKS	0
SMALL_DELETE_40_VOLUME_FLUSH_WRITE_DETAIL_EXTENT_MAP_CALLS	0
SMALL_DELETE_40_VOLUME_FLUSH_WRITE_DETAIL_EXTENT_MAP_SAMPLES	0
SMALL_DELETE_40_VOLUME_FLUSH_WRITE_DETAIL_EXTENT_MAP_SAMPLE_TICKS	0
SMALL_DELETE_40_VOLUME_FLUSH_WRITE_DETAIL_FREESPACE_GOAL_CALLS	0
SMALL_DELETE_40_VOLUME_FLUSH_WRITE_DETAIL_FREESPACE_GOAL_SAMPLES	0
SMALL_DELETE_40_VOLUME_FLUSH_WRITE_DETAIL_FREESPACE_GOAL_SAMPLE_TICKS	0
SMALL_DELETE_40_VOLUME_FLUSH_BTREE_MALLOC_CALLS	0
SMALL_DELETE_40_VOLUME_FLUSH_BTREE_MALLOC_SAMPLES	0
SMALL_DELETE_40_VOLUME_FLUSH_BTREE_MALLOC_SAMPLE_TICKS	0
SMALL_DELETE_40_VOLUME_FLUSH_BTREE_FREE_CALLS	0
SMALL_DELETE_40_VOLUME_FLUSH_BTREE_FREE_SAMPLES	0
SMALL_DELETE_40_VOLUME_FLUSH_BTREE_FREE_SAMPLE_TICKS	0
SMALL_DELETE_40_VOLUME_FLUSH_IFACE_ALLOC_CALLS	0
SMALL_DELETE_40_VOLUME_FLUSH_IFACE_ALLOC_SAMPLES	0
SMALL_DELETE_40_VOLUME_FLUSH_IFACE_ALLOC_SAMPLE_TICKS	0
SMALL_DELETE_40_VOLUME_FLUSH_FREESPACE_ALLOC_CALLS	0
SMALL_DELETE_40_VOLUME_FLUSH_FREESPACE_ALLOC_SAMPLES	0
SMALL_DELETE_40_VOLUME_FLUSH_FREESPACE_ALLOC_SAMPLE_TICKS	0
SMALL_DELETE_40_VOLUME_FLUSH_DETAIL_INODE_READ_CALLS	0
SMALL_DELETE_40_VOLUME_FLUSH_DETAIL_INODE_READ_SAMPLES	0
SMALL_DELETE_40_VOLUME_FLUSH_DETAIL_INODE_READ_SAMPLE_TICKS	0
SMALL_DELETE_40_VOLUME_FLUSH_DETAIL_INODE_VALIDATE_CALLS	0
SMALL_DELETE_40_VOLUME_FLUSH_DETAIL_INODE_VALIDATE_SAMPLES	0
SMALL_DELETE_40_VOLUME_FLUSH_DETAIL_INODE_VALIDATE_SAMPLE_TICKS	0
SMALL_DELETE_40_VOLUME_FLUSH_DETAIL_INODE_SEARCH_CALLS	0
SMALL_DELETE_40_VOLUME_FLUSH_DETAIL_INODE_SEARCH_SAMPLES	0
SMALL_DELETE_40_VOLUME_FLUSH_DETAIL_INODE_SEARCH_SAMPLE_TICKS	0
SMALL_DELETE_40_VOLUME_FLUSH_DETAIL_INODE_NODE_VIEW_CALLS	0
SMALL_DELETE_40_VOLUME_FLUSH_DETAIL_INODE_NODE_VIEW_SAMPLES	0
SMALL_DELETE_40_VOLUME_FLUSH_DETAIL_INODE_NODE_VIEW_SAMPLE_TICKS	0
SMALL_DELETE_40_VOLUME_FLUSH_DETAIL_DIR_NODE_VIEW_CALLS	0
SMALL_DELETE_40_VOLUME_FLUSH_DETAIL_DIR_NODE_VIEW_SAMPLES	0
SMALL_DELETE_40_VOLUME_FLUSH_DETAIL_DIR_NODE_VIEW_SAMPLE_TICKS	0
SMALL_DELETE_40_VOLUME_FLUSH_DETAIL_INODE_BINARY_SEARCH_CALLS	0
SMALL_DELETE_40_VOLUME_FLUSH_DETAIL_INODE_BINARY_SEARCH_SAMPLES	0
SMALL_DELETE_40_VOLUME_FLUSH_DETAIL_INODE_BINARY_SEARCH_SAMPLE_TICKS	0
SMALL_DELETE_40_VOLUME_FLUSH_DETAIL_DIR_BINARY_SEARCH_CALLS	0
SMALL_DELETE_40_VOLUME_FLUSH_DETAIL_DIR_BINARY_SEARCH_SAMPLES	0
SMALL_DELETE_40_VOLUME_FLUSH_DETAIL_DIR_BINARY_SEARCH_SAMPLE_TICKS	0
SMALL_DELETE_40_VOLUME_FLUSH_DETAIL_NODE_STRUCTURE_CALLS	0
SMALL_DELETE_40_VOLUME_FLUSH_DETAIL_NODE_STRUCTURE_SAMPLES	0
SMALL_DELETE_40_VOLUME_FLUSH_DETAIL_NODE_STRUCTURE_SAMPLE_TICKS	0
SMALL_DELETE_40_VOLUME_FLUSH_DETAIL_CACHE_PEEK_CALLS	0
SMALL_DELETE_40_VOLUME_FLUSH_DETAIL_CACHE_PEEK_SAMPLES	0
SMALL_DELETE_40_VOLUME_FLUSH_DETAIL_CACHE_PEEK_SAMPLE_TICKS	0
SMALL_DELETE_40_VOLUME_FLUSH_DETAIL_BUFFER_ALLOC_CALLS	0
SMALL_DELETE_40_VOLUME_FLUSH_DETAIL_BUFFER_ALLOC_SAMPLES	0
SMALL_DELETE_40_VOLUME_FLUSH_DETAIL_BUFFER_ALLOC_SAMPLE_TICKS	0
SMALL_DELETE_40_VOLUME_FLUSH_DETAIL_BUFFER_FREE_CALLS	0
SMALL_DELETE_40_VOLUME_FLUSH_DETAIL_BUFFER_FREE_SAMPLES	0
SMALL_DELETE_40_VOLUME_FLUSH_DETAIL_BUFFER_FREE_SAMPLE_TICKS	0
SMALL_DELETE_40_VOLUME_FLUSH_DETAIL_EXALL_FILL_CALLS	0
SMALL_DELETE_40_VOLUME_FLUSH_DETAIL_EXALL_FILL_SAMPLES	0
SMALL_DELETE_40_VOLUME_FLUSH_DETAIL_EXALL_FILL_SAMPLE_TICKS	0
SMALL_DELETE_40_VOLUME_FLUSH_FREESPACE_ALLOCS	0
APPEND_4K_1M_US	76736
APPEND_4K_1M_WORK_US	76736
APPEND_4K_1M_VOLUME_FLUSH_US	0
APPEND_4K_1M_HAS_VOLUME_FLUSH	0
APPEND_4K_1M_GUEST_OPEN_CALLS	1
APPEND_4K_1M_GUEST_OPEN_US	576
APPEND_4K_1M_GUEST_READ_CALLS	0
APPEND_4K_1M_GUEST_READ_US	0
APPEND_4K_1M_GUEST_WRITE_CALLS	256
APPEND_4K_1M_GUEST_WRITE_US	74155
APPEND_4K_1M_GUEST_HANDLE_FLUSH_CALLS	1
APPEND_4K_1M_GUEST_HANDLE_FLUSH_US	0
APPEND_4K_1M_GUEST_CLOSE_CALLS	1
APPEND_4K_1M_GUEST_CLOSE_US	65
APPEND_4K_1M_GUEST_VERIFY_CALLS	0
APPEND_4K_1M_GUEST_VERIFY_US	0
APPEND_4K_1M_WORK_BIO_READS	0
APPEND_4K_1M_WORK_BIO_WRITES	256
APPEND_4K_1M_WORK_BIO_UPDATES	0
APPEND_4K_1M_WORK_DATA_READS	0
APPEND_4K_1M_WORK_DATA_WRITES	256
APPEND_4K_1M_WORK_NODE_WRITES	0
APPEND_4K_1M_WORK_TXN_COMMITS	0
APPEND_4K_1M_WORK_EXTENT_MAPS	256
APPEND_4K_1M_WORK_READ_TICKS	0
APPEND_4K_1M_WORK_WRITE_TICKS	9414
APPEND_4K_1M_WORK_UPDATE_TICKS	0
APPEND_4K_1M_WORK_DATA_READ_TICKS	0
APPEND_4K_1M_WORK_DATA_WRITE_TICKS	9414
APPEND_4K_1M_WORK_NODE_CRC_READ_CALLS	0
APPEND_4K_1M_WORK_NODE_CRC_READ_SAMPLES	0
APPEND_4K_1M_WORK_NODE_CRC_READ_SAMPLE_TICKS	0
APPEND_4K_1M_WORK_NODE_CRC_WRITE_CALLS	0
APPEND_4K_1M_WORK_NODE_CRC_WRITE_SAMPLES	0
APPEND_4K_1M_WORK_NODE_CRC_WRITE_SAMPLE_TICKS	0
APPEND_4K_1M_WORK_CLOCK_PAIR_TICKS	0
APPEND_4K_1M_WORK_PACKET_CALLS	258
APPEND_4K_1M_WORK_PACKET_SAMPLES	258
APPEND_4K_1M_WORK_PACKET_SAMPLE_TICKS	48325
APPEND_4K_1M_WORK_PACKET_OPEN_CALLS	1
APPEND_4K_1M_WORK_PACKET_OPEN_SAMPLES	1
APPEND_4K_1M_WORK_PACKET_OPEN_SAMPLE_TICKS	317
APPEND_4K_1M_WORK_PACKET_READ_CALLS	0
APPEND_4K_1M_WORK_PACKET_READ_SAMPLES	0
APPEND_4K_1M_WORK_PACKET_READ_SAMPLE_TICKS	0
APPEND_4K_1M_WORK_PACKET_WRITE_CALLS	256
APPEND_4K_1M_WORK_PACKET_WRITE_SAMPLES	256
APPEND_4K_1M_WORK_PACKET_WRITE_SAMPLE_TICKS	48007
APPEND_4K_1M_WORK_PACKET_END_CALLS	1
APPEND_4K_1M_WORK_PACKET_END_SAMPLES	1
APPEND_4K_1M_WORK_PACKET_END_SAMPLE_TICKS	1
APPEND_4K_1M_WORK_PACKET_DELETE_CALLS	0
APPEND_4K_1M_WORK_PACKET_DELETE_SAMPLES	0
APPEND_4K_1M_WORK_PACKET_DELETE_SAMPLE_TICKS	0
APPEND_4K_1M_WORK_PACKET_FLUSH_CALLS	0
APPEND_4K_1M_WORK_PACKET_FLUSH_SAMPLES	0
APPEND_4K_1M_WORK_PACKET_FLUSH_SAMPLE_TICKS	0
APPEND_4K_1M_WORK_PACKET_OTHER_CALLS	0
APPEND_4K_1M_WORK_PACKET_OTHER_SAMPLES	0
APPEND_4K_1M_WORK_PACKET_OTHER_SAMPLE_TICKS	0
APPEND_4K_1M_WORK_CORE_CREATE_CALLS	1
APPEND_4K_1M_WORK_CORE_CREATE_SAMPLES	1
APPEND_4K_1M_WORK_CORE_CREATE_SAMPLE_TICKS	187
APPEND_4K_1M_WORK_CORE_DELETE_CALLS	0
APPEND_4K_1M_WORK_CORE_DELETE_SAMPLES	0
APPEND_4K_1M_WORK_CORE_DELETE_SAMPLE_TICKS	0
APPEND_4K_1M_WORK_CORE_FILE_WRITE_CALLS	256
APPEND_4K_1M_WORK_CORE_FILE_WRITE_SAMPLES	256
APPEND_4K_1M_WORK_CORE_FILE_WRITE_SAMPLE_TICKS	45508
APPEND_4K_1M_WORK_CORE_SYNC_CALLS	0
APPEND_4K_1M_WORK_CORE_SYNC_SAMPLES	0
APPEND_4K_1M_WORK_CORE_SYNC_SAMPLE_TICKS	0
APPEND_4K_1M_WORK_IFACE_FREE_CALLS	0
APPEND_4K_1M_WORK_IFACE_FREE_SAMPLES	0
APPEND_4K_1M_WORK_IFACE_FREE_SAMPLE_TICKS	0
APPEND_4K_1M_WORK_SEAL_COMMIT_CALLS	0
APPEND_4K_1M_WORK_SEAL_COMMIT_SAMPLES	0
APPEND_4K_1M_WORK_SEAL_COMMIT_SAMPLE_TICKS	0
APPEND_4K_1M_WORK_INODE_READ_CALLS	259
APPEND_4K_1M_WORK_BTREE_SEARCH_CALLS	5
APPEND_4K_1M_WORK_BTREE_INDEX_HINT_HITS	2
APPEND_4K_1M_WORK_BTREE_LEAF_HINT_HITS	0
APPEND_4K_1M_WORK_CACHE_READ_CALLS	0
APPEND_4K_1M_WORK_CACHE_READ_HITS	0
APPEND_4K_1M_WORK_CACHE_READ_MISSES	0
APPEND_4K_1M_WORK_FREE_TREE_NODE_VIEWS	256
APPEND_4K_1M_WORK_FREE_TREE_RESIDENT_VIEWS	256
APPEND_4K_1M_WORK_DIR_TREE_NODE_VIEWS	3
APPEND_4K_1M_WORK_DIR_TREE_RESIDENT_VIEWS	3
APPEND_4K_1M_WORK_INODE_TREE_NODE_VIEWS	2
APPEND_4K_1M_WORK_INODE_TREE_RESIDENT_VIEWS	2
APPEND_4K_1M_WORK_REFCOUNT_TREE_NODE_VIEWS	0
APPEND_4K_1M_WORK_REFCOUNT_TREE_RESIDENT_VIEWS	0
APPEND_4K_1M_WORK_OTHER_TREE_NODE_VIEWS	0
APPEND_4K_1M_WORK_OTHER_TREE_RESIDENT_VIEWS	0
APPEND_4K_1M_WORK_WRITE_DETAIL_INODE_READ_CALLS	259
APPEND_4K_1M_WORK_WRITE_DETAIL_INODE_READ_SAMPLES	259
APPEND_4K_1M_WORK_WRITE_DETAIL_INODE_READ_SAMPLE_TICKS	1690
APPEND_4K_1M_WORK_WRITE_DETAIL_INODE_WRITE_CALLS	2
APPEND_4K_1M_WORK_WRITE_DETAIL_INODE_WRITE_SAMPLES	2
APPEND_4K_1M_WORK_WRITE_DETAIL_INODE_WRITE_SAMPLE_TICKS	91
APPEND_4K_1M_WORK_WRITE_DETAIL_EXTENT_MAP_CALLS	256
APPEND_4K_1M_WORK_WRITE_DETAIL_EXTENT_MAP_SAMPLES	256
APPEND_4K_1M_WORK_WRITE_DETAIL_EXTENT_MAP_SAMPLE_TICKS	2646
APPEND_4K_1M_WORK_WRITE_DETAIL_FREESPACE_GOAL_CALLS	256
APPEND_4K_1M_WORK_WRITE_DETAIL_FREESPACE_GOAL_SAMPLES	256
APPEND_4K_1M_WORK_WRITE_DETAIL_FREESPACE_GOAL_SAMPLE_TICKS	10281
APPEND_4K_1M_WORK_BTREE_MALLOC_CALLS	0
APPEND_4K_1M_WORK_BTREE_MALLOC_SAMPLES	0
APPEND_4K_1M_WORK_BTREE_MALLOC_SAMPLE_TICKS	0
APPEND_4K_1M_WORK_BTREE_FREE_CALLS	2
APPEND_4K_1M_WORK_BTREE_FREE_SAMPLES	2
APPEND_4K_1M_WORK_BTREE_FREE_SAMPLE_TICKS	0
APPEND_4K_1M_WORK_IFACE_ALLOC_CALLS	0
APPEND_4K_1M_WORK_IFACE_ALLOC_SAMPLES	0
APPEND_4K_1M_WORK_IFACE_ALLOC_SAMPLE_TICKS	0
APPEND_4K_1M_WORK_FREESPACE_ALLOC_CALLS	256
APPEND_4K_1M_WORK_FREESPACE_ALLOC_SAMPLES	256
APPEND_4K_1M_WORK_FREESPACE_ALLOC_SAMPLE_TICKS	12078
APPEND_4K_1M_WORK_DETAIL_INODE_READ_CALLS	259
APPEND_4K_1M_WORK_DETAIL_INODE_READ_SAMPLES	15
APPEND_4K_1M_WORK_DETAIL_INODE_READ_SAMPLE_TICKS	216
APPEND_4K_1M_WORK_DETAIL_INODE_VALIDATE_CALLS	517
APPEND_4K_1M_WORK_DETAIL_INODE_VALIDATE_SAMPLES	30
APPEND_4K_1M_WORK_DETAIL_INODE_VALIDATE_SAMPLE_TICKS	69
APPEND_4K_1M_WORK_DETAIL_INODE_SEARCH_CALLS	4
APPEND_4K_1M_WORK_DETAIL_INODE_SEARCH_SAMPLES	0
APPEND_4K_1M_WORK_DETAIL_INODE_SEARCH_SAMPLE_TICKS	0
APPEND_4K_1M_WORK_DETAIL_INODE_NODE_VIEW_CALLS	2
APPEND_4K_1M_WORK_DETAIL_INODE_NODE_VIEW_SAMPLES	0
APPEND_4K_1M_WORK_DETAIL_INODE_NODE_VIEW_SAMPLE_TICKS	0
APPEND_4K_1M_WORK_DETAIL_DIR_NODE_VIEW_CALLS	3
APPEND_4K_1M_WORK_DETAIL_DIR_NODE_VIEW_SAMPLES	0
APPEND_4K_1M_WORK_DETAIL_DIR_NODE_VIEW_SAMPLE_TICKS	0
APPEND_4K_1M_WORK_DETAIL_INODE_BINARY_SEARCH_CALLS	5
APPEND_4K_1M_WORK_DETAIL_INODE_BINARY_SEARCH_SAMPLES	0
APPEND_4K_1M_WORK_DETAIL_INODE_BINARY_SEARCH_SAMPLE_TICKS	0
APPEND_4K_1M_WORK_DETAIL_DIR_BINARY_SEARCH_CALLS	4
APPEND_4K_1M_WORK_DETAIL_DIR_BINARY_SEARCH_SAMPLES	0
APPEND_4K_1M_WORK_DETAIL_DIR_BINARY_SEARCH_SAMPLE_TICKS	0
APPEND_4K_1M_WORK_DETAIL_NODE_STRUCTURE_CALLS	0
APPEND_4K_1M_WORK_DETAIL_NODE_STRUCTURE_SAMPLES	0
APPEND_4K_1M_WORK_DETAIL_NODE_STRUCTURE_SAMPLE_TICKS	0
APPEND_4K_1M_WORK_DETAIL_CACHE_PEEK_CALLS	263
APPEND_4K_1M_WORK_DETAIL_CACHE_PEEK_SAMPLES	15
APPEND_4K_1M_WORK_DETAIL_CACHE_PEEK_SAMPLE_TICKS	34
APPEND_4K_1M_WORK_DETAIL_BUFFER_ALLOC_CALLS	261
APPEND_4K_1M_WORK_DETAIL_BUFFER_ALLOC_SAMPLES	15
APPEND_4K_1M_WORK_DETAIL_BUFFER_ALLOC_SAMPLE_TICKS	0
APPEND_4K_1M_WORK_DETAIL_BUFFER_FREE_CALLS	261
APPEND_4K_1M_WORK_DETAIL_BUFFER_FREE_SAMPLES	15
APPEND_4K_1M_WORK_DETAIL_BUFFER_FREE_SAMPLE_TICKS	1
APPEND_4K_1M_WORK_DETAIL_EXALL_FILL_CALLS	0
APPEND_4K_1M_WORK_DETAIL_EXALL_FILL_SAMPLES	0
APPEND_4K_1M_WORK_DETAIL_EXALL_FILL_SAMPLE_TICKS	0
APPEND_4K_1M_WORK_FREESPACE_ALLOCS	256
APPEND_4K_1M_VOLUME_FLUSH_BIO_READS	0
APPEND_4K_1M_VOLUME_FLUSH_BIO_WRITES	0
APPEND_4K_1M_VOLUME_FLUSH_BIO_UPDATES	0
APPEND_4K_1M_VOLUME_FLUSH_DATA_READS	0
APPEND_4K_1M_VOLUME_FLUSH_DATA_WRITES	0
APPEND_4K_1M_VOLUME_FLUSH_NODE_WRITES	0
APPEND_4K_1M_VOLUME_FLUSH_TXN_COMMITS	0
APPEND_4K_1M_VOLUME_FLUSH_EXTENT_MAPS	0
APPEND_4K_1M_VOLUME_FLUSH_READ_TICKS	0
APPEND_4K_1M_VOLUME_FLUSH_WRITE_TICKS	0
APPEND_4K_1M_VOLUME_FLUSH_UPDATE_TICKS	0
APPEND_4K_1M_VOLUME_FLUSH_DATA_READ_TICKS	0
APPEND_4K_1M_VOLUME_FLUSH_DATA_WRITE_TICKS	0
APPEND_4K_1M_VOLUME_FLUSH_NODE_CRC_READ_CALLS	0
APPEND_4K_1M_VOLUME_FLUSH_NODE_CRC_READ_SAMPLES	0
APPEND_4K_1M_VOLUME_FLUSH_NODE_CRC_READ_SAMPLE_TICKS	0
APPEND_4K_1M_VOLUME_FLUSH_NODE_CRC_WRITE_CALLS	0
APPEND_4K_1M_VOLUME_FLUSH_NODE_CRC_WRITE_SAMPLES	0
APPEND_4K_1M_VOLUME_FLUSH_NODE_CRC_WRITE_SAMPLE_TICKS	0
APPEND_4K_1M_VOLUME_FLUSH_CLOCK_PAIR_TICKS	0
APPEND_4K_1M_VOLUME_FLUSH_PACKET_CALLS	0
APPEND_4K_1M_VOLUME_FLUSH_PACKET_SAMPLES	0
APPEND_4K_1M_VOLUME_FLUSH_PACKET_SAMPLE_TICKS	0
APPEND_4K_1M_VOLUME_FLUSH_PACKET_OPEN_CALLS	0
APPEND_4K_1M_VOLUME_FLUSH_PACKET_OPEN_SAMPLES	0
APPEND_4K_1M_VOLUME_FLUSH_PACKET_OPEN_SAMPLE_TICKS	0
APPEND_4K_1M_VOLUME_FLUSH_PACKET_READ_CALLS	0
APPEND_4K_1M_VOLUME_FLUSH_PACKET_READ_SAMPLES	0
APPEND_4K_1M_VOLUME_FLUSH_PACKET_READ_SAMPLE_TICKS	0
APPEND_4K_1M_VOLUME_FLUSH_PACKET_WRITE_CALLS	0
APPEND_4K_1M_VOLUME_FLUSH_PACKET_WRITE_SAMPLES	0
APPEND_4K_1M_VOLUME_FLUSH_PACKET_WRITE_SAMPLE_TICKS	0
APPEND_4K_1M_VOLUME_FLUSH_PACKET_END_CALLS	0
APPEND_4K_1M_VOLUME_FLUSH_PACKET_END_SAMPLES	0
APPEND_4K_1M_VOLUME_FLUSH_PACKET_END_SAMPLE_TICKS	0
APPEND_4K_1M_VOLUME_FLUSH_PACKET_DELETE_CALLS	0
APPEND_4K_1M_VOLUME_FLUSH_PACKET_DELETE_SAMPLES	0
APPEND_4K_1M_VOLUME_FLUSH_PACKET_DELETE_SAMPLE_TICKS	0
APPEND_4K_1M_VOLUME_FLUSH_PACKET_FLUSH_CALLS	0
APPEND_4K_1M_VOLUME_FLUSH_PACKET_FLUSH_SAMPLES	0
APPEND_4K_1M_VOLUME_FLUSH_PACKET_FLUSH_SAMPLE_TICKS	0
APPEND_4K_1M_VOLUME_FLUSH_PACKET_OTHER_CALLS	0
APPEND_4K_1M_VOLUME_FLUSH_PACKET_OTHER_SAMPLES	0
APPEND_4K_1M_VOLUME_FLUSH_PACKET_OTHER_SAMPLE_TICKS	0
APPEND_4K_1M_VOLUME_FLUSH_CORE_CREATE_CALLS	0
APPEND_4K_1M_VOLUME_FLUSH_CORE_CREATE_SAMPLES	0
APPEND_4K_1M_VOLUME_FLUSH_CORE_CREATE_SAMPLE_TICKS	0
APPEND_4K_1M_VOLUME_FLUSH_CORE_DELETE_CALLS	0
APPEND_4K_1M_VOLUME_FLUSH_CORE_DELETE_SAMPLES	0
APPEND_4K_1M_VOLUME_FLUSH_CORE_DELETE_SAMPLE_TICKS	0
APPEND_4K_1M_VOLUME_FLUSH_CORE_FILE_WRITE_CALLS	0
APPEND_4K_1M_VOLUME_FLUSH_CORE_FILE_WRITE_SAMPLES	0
APPEND_4K_1M_VOLUME_FLUSH_CORE_FILE_WRITE_SAMPLE_TICKS	0
APPEND_4K_1M_VOLUME_FLUSH_CORE_SYNC_CALLS	0
APPEND_4K_1M_VOLUME_FLUSH_CORE_SYNC_SAMPLES	0
APPEND_4K_1M_VOLUME_FLUSH_CORE_SYNC_SAMPLE_TICKS	0
APPEND_4K_1M_VOLUME_FLUSH_IFACE_FREE_CALLS	0
APPEND_4K_1M_VOLUME_FLUSH_IFACE_FREE_SAMPLES	0
APPEND_4K_1M_VOLUME_FLUSH_IFACE_FREE_SAMPLE_TICKS	0
APPEND_4K_1M_VOLUME_FLUSH_SEAL_COMMIT_CALLS	0
APPEND_4K_1M_VOLUME_FLUSH_SEAL_COMMIT_SAMPLES	0
APPEND_4K_1M_VOLUME_FLUSH_SEAL_COMMIT_SAMPLE_TICKS	0
APPEND_4K_1M_VOLUME_FLUSH_INODE_READ_CALLS	0
APPEND_4K_1M_VOLUME_FLUSH_BTREE_SEARCH_CALLS	0
APPEND_4K_1M_VOLUME_FLUSH_BTREE_INDEX_HINT_HITS	0
APPEND_4K_1M_VOLUME_FLUSH_BTREE_LEAF_HINT_HITS	0
APPEND_4K_1M_VOLUME_FLUSH_CACHE_READ_CALLS	0
APPEND_4K_1M_VOLUME_FLUSH_CACHE_READ_HITS	0
APPEND_4K_1M_VOLUME_FLUSH_CACHE_READ_MISSES	0
APPEND_4K_1M_VOLUME_FLUSH_FREE_TREE_NODE_VIEWS	0
APPEND_4K_1M_VOLUME_FLUSH_FREE_TREE_RESIDENT_VIEWS	0
APPEND_4K_1M_VOLUME_FLUSH_DIR_TREE_NODE_VIEWS	0
APPEND_4K_1M_VOLUME_FLUSH_DIR_TREE_RESIDENT_VIEWS	0
APPEND_4K_1M_VOLUME_FLUSH_INODE_TREE_NODE_VIEWS	0
APPEND_4K_1M_VOLUME_FLUSH_INODE_TREE_RESIDENT_VIEWS	0
APPEND_4K_1M_VOLUME_FLUSH_REFCOUNT_TREE_NODE_VIEWS	0
APPEND_4K_1M_VOLUME_FLUSH_REFCOUNT_TREE_RESIDENT_VIEWS	0
APPEND_4K_1M_VOLUME_FLUSH_OTHER_TREE_NODE_VIEWS	0
APPEND_4K_1M_VOLUME_FLUSH_OTHER_TREE_RESIDENT_VIEWS	0
APPEND_4K_1M_VOLUME_FLUSH_WRITE_DETAIL_INODE_READ_CALLS	0
APPEND_4K_1M_VOLUME_FLUSH_WRITE_DETAIL_INODE_READ_SAMPLES	0
APPEND_4K_1M_VOLUME_FLUSH_WRITE_DETAIL_INODE_READ_SAMPLE_TICKS	0
APPEND_4K_1M_VOLUME_FLUSH_WRITE_DETAIL_INODE_WRITE_CALLS	0
APPEND_4K_1M_VOLUME_FLUSH_WRITE_DETAIL_INODE_WRITE_SAMPLES	0
APPEND_4K_1M_VOLUME_FLUSH_WRITE_DETAIL_INODE_WRITE_SAMPLE_TICKS	0
APPEND_4K_1M_VOLUME_FLUSH_WRITE_DETAIL_EXTENT_MAP_CALLS	0
APPEND_4K_1M_VOLUME_FLUSH_WRITE_DETAIL_EXTENT_MAP_SAMPLES	0
APPEND_4K_1M_VOLUME_FLUSH_WRITE_DETAIL_EXTENT_MAP_SAMPLE_TICKS	0
APPEND_4K_1M_VOLUME_FLUSH_WRITE_DETAIL_FREESPACE_GOAL_CALLS	0
APPEND_4K_1M_VOLUME_FLUSH_WRITE_DETAIL_FREESPACE_GOAL_SAMPLES	0
APPEND_4K_1M_VOLUME_FLUSH_WRITE_DETAIL_FREESPACE_GOAL_SAMPLE_TICKS	0
APPEND_4K_1M_VOLUME_FLUSH_BTREE_MALLOC_CALLS	0
APPEND_4K_1M_VOLUME_FLUSH_BTREE_MALLOC_SAMPLES	0
APPEND_4K_1M_VOLUME_FLUSH_BTREE_MALLOC_SAMPLE_TICKS	0
APPEND_4K_1M_VOLUME_FLUSH_BTREE_FREE_CALLS	0
APPEND_4K_1M_VOLUME_FLUSH_BTREE_FREE_SAMPLES	0
APPEND_4K_1M_VOLUME_FLUSH_BTREE_FREE_SAMPLE_TICKS	0
APPEND_4K_1M_VOLUME_FLUSH_IFACE_ALLOC_CALLS	0
APPEND_4K_1M_VOLUME_FLUSH_IFACE_ALLOC_SAMPLES	0
APPEND_4K_1M_VOLUME_FLUSH_IFACE_ALLOC_SAMPLE_TICKS	0
APPEND_4K_1M_VOLUME_FLUSH_FREESPACE_ALLOC_CALLS	0
APPEND_4K_1M_VOLUME_FLUSH_FREESPACE_ALLOC_SAMPLES	0
APPEND_4K_1M_VOLUME_FLUSH_FREESPACE_ALLOC_SAMPLE_TICKS	0
APPEND_4K_1M_VOLUME_FLUSH_DETAIL_INODE_READ_CALLS	0
APPEND_4K_1M_VOLUME_FLUSH_DETAIL_INODE_READ_SAMPLES	0
APPEND_4K_1M_VOLUME_FLUSH_DETAIL_INODE_READ_SAMPLE_TICKS	0
APPEND_4K_1M_VOLUME_FLUSH_DETAIL_INODE_VALIDATE_CALLS	0
APPEND_4K_1M_VOLUME_FLUSH_DETAIL_INODE_VALIDATE_SAMPLES	0
APPEND_4K_1M_VOLUME_FLUSH_DETAIL_INODE_VALIDATE_SAMPLE_TICKS	0
APPEND_4K_1M_VOLUME_FLUSH_DETAIL_INODE_SEARCH_CALLS	0
APPEND_4K_1M_VOLUME_FLUSH_DETAIL_INODE_SEARCH_SAMPLES	0
APPEND_4K_1M_VOLUME_FLUSH_DETAIL_INODE_SEARCH_SAMPLE_TICKS	0
APPEND_4K_1M_VOLUME_FLUSH_DETAIL_INODE_NODE_VIEW_CALLS	0
APPEND_4K_1M_VOLUME_FLUSH_DETAIL_INODE_NODE_VIEW_SAMPLES	0
APPEND_4K_1M_VOLUME_FLUSH_DETAIL_INODE_NODE_VIEW_SAMPLE_TICKS	0
APPEND_4K_1M_VOLUME_FLUSH_DETAIL_DIR_NODE_VIEW_CALLS	0
APPEND_4K_1M_VOLUME_FLUSH_DETAIL_DIR_NODE_VIEW_SAMPLES	0
APPEND_4K_1M_VOLUME_FLUSH_DETAIL_DIR_NODE_VIEW_SAMPLE_TICKS	0
APPEND_4K_1M_VOLUME_FLUSH_DETAIL_INODE_BINARY_SEARCH_CALLS	0
APPEND_4K_1M_VOLUME_FLUSH_DETAIL_INODE_BINARY_SEARCH_SAMPLES	0
APPEND_4K_1M_VOLUME_FLUSH_DETAIL_INODE_BINARY_SEARCH_SAMPLE_TICKS	0
APPEND_4K_1M_VOLUME_FLUSH_DETAIL_DIR_BINARY_SEARCH_CALLS	0
APPEND_4K_1M_VOLUME_FLUSH_DETAIL_DIR_BINARY_SEARCH_SAMPLES	0
APPEND_4K_1M_VOLUME_FLUSH_DETAIL_DIR_BINARY_SEARCH_SAMPLE_TICKS	0
APPEND_4K_1M_VOLUME_FLUSH_DETAIL_NODE_STRUCTURE_CALLS	0
APPEND_4K_1M_VOLUME_FLUSH_DETAIL_NODE_STRUCTURE_SAMPLES	0
APPEND_4K_1M_VOLUME_FLUSH_DETAIL_NODE_STRUCTURE_SAMPLE_TICKS	0
APPEND_4K_1M_VOLUME_FLUSH_DETAIL_CACHE_PEEK_CALLS	0
APPEND_4K_1M_VOLUME_FLUSH_DETAIL_CACHE_PEEK_SAMPLES	0
APPEND_4K_1M_VOLUME_FLUSH_DETAIL_CACHE_PEEK_SAMPLE_TICKS	0
APPEND_4K_1M_VOLUME_FLUSH_DETAIL_BUFFER_ALLOC_CALLS	0
APPEND_4K_1M_VOLUME_FLUSH_DETAIL_BUFFER_ALLOC_SAMPLES	0
APPEND_4K_1M_VOLUME_FLUSH_DETAIL_BUFFER_ALLOC_SAMPLE_TICKS	0
APPEND_4K_1M_VOLUME_FLUSH_DETAIL_BUFFER_FREE_CALLS	0
APPEND_4K_1M_VOLUME_FLUSH_DETAIL_BUFFER_FREE_SAMPLES	0
APPEND_4K_1M_VOLUME_FLUSH_DETAIL_BUFFER_FREE_SAMPLE_TICKS	0
APPEND_4K_1M_VOLUME_FLUSH_DETAIL_EXALL_FILL_CALLS	0
APPEND_4K_1M_VOLUME_FLUSH_DETAIL_EXALL_FILL_SAMPLES	0
APPEND_4K_1M_VOLUME_FLUSH_DETAIL_EXALL_FILL_SAMPLE_TICKS	0
APPEND_4K_1M_VOLUME_FLUSH_FREESPACE_ALLOCS	0
APPEND_1K_256K_US	61823
APPEND_1K_256K_WORK_US	61823
APPEND_1K_256K_VOLUME_FLUSH_US	0
APPEND_1K_256K_HAS_VOLUME_FLUSH	0
APPEND_1K_256K_GUEST_OPEN_CALLS	1
APPEND_1K_256K_GUEST_OPEN_US	1088
APPEND_1K_256K_GUEST_READ_CALLS	0
APPEND_1K_256K_GUEST_READ_US	0
APPEND_1K_256K_GUEST_WRITE_CALLS	256
APPEND_1K_256K_GUEST_WRITE_US	58952
APPEND_1K_256K_GUEST_HANDLE_FLUSH_CALLS	1
APPEND_1K_256K_GUEST_HANDLE_FLUSH_US	0
APPEND_1K_256K_GUEST_CLOSE_CALLS	1
APPEND_1K_256K_GUEST_CLOSE_US	63
APPEND_1K_256K_GUEST_VERIFY_CALLS	0
APPEND_1K_256K_GUEST_VERIFY_US	0
APPEND_1K_256K_WORK_BIO_READS	64
APPEND_1K_256K_WORK_BIO_WRITES	256
APPEND_1K_256K_WORK_BIO_UPDATES	0
APPEND_1K_256K_WORK_DATA_READS	64
APPEND_1K_256K_WORK_DATA_WRITES	256
APPEND_1K_256K_WORK_NODE_WRITES	0
APPEND_1K_256K_WORK_TXN_COMMITS	0
APPEND_1K_256K_WORK_EXTENT_MAPS	64
APPEND_1K_256K_WORK_READ_TICKS	1513
APPEND_1K_256K_WORK_WRITE_TICKS	6981
APPEND_1K_256K_WORK_UPDATE_TICKS	0
APPEND_1K_256K_WORK_DATA_READ_TICKS	1513
APPEND_1K_256K_WORK_DATA_WRITE_TICKS	6981
APPEND_1K_256K_WORK_NODE_CRC_READ_CALLS	0
APPEND_1K_256K_WORK_NODE_CRC_READ_SAMPLES	0
APPEND_1K_256K_WORK_NODE_CRC_READ_SAMPLE_TICKS	0
APPEND_1K_256K_WORK_NODE_CRC_WRITE_CALLS	0
APPEND_1K_256K_WORK_NODE_CRC_WRITE_SAMPLES	0
APPEND_1K_256K_WORK_NODE_CRC_WRITE_SAMPLE_TICKS	0
APPEND_1K_256K_WORK_CLOCK_PAIR_TICKS	0
APPEND_1K_256K_WORK_PACKET_CALLS	258
APPEND_1K_256K_WORK_PACKET_SAMPLES	258
APPEND_1K_256K_WORK_PACKET_SAMPLE_TICKS	37930
APPEND_1K_256K_WORK_PACKET_OPEN_CALLS	1
APPEND_1K_256K_WORK_PACKET_OPEN_SAMPLES	1
APPEND_1K_256K_WORK_PACKET_OPEN_SAMPLE_TICKS	727
APPEND_1K_256K_WORK_PACKET_READ_CALLS	0
APPEND_1K_256K_WORK_PACKET_READ_SAMPLES	0
APPEND_1K_256K_WORK_PACKET_READ_SAMPLE_TICKS	0
APPEND_1K_256K_WORK_PACKET_WRITE_CALLS	256
APPEND_1K_256K_WORK_PACKET_WRITE_SAMPLES	256
APPEND_1K_256K_WORK_PACKET_WRITE_SAMPLE_TICKS	37203
APPEND_1K_256K_WORK_PACKET_END_CALLS	1
APPEND_1K_256K_WORK_PACKET_END_SAMPLES	1
APPEND_1K_256K_WORK_PACKET_END_SAMPLE_TICKS	0
APPEND_1K_256K_WORK_PACKET_DELETE_CALLS	0
APPEND_1K_256K_WORK_PACKET_DELETE_SAMPLES	0
APPEND_1K_256K_WORK_PACKET_DELETE_SAMPLE_TICKS	0
APPEND_1K_256K_WORK_PACKET_FLUSH_CALLS	0
APPEND_1K_256K_WORK_PACKET_FLUSH_SAMPLES	0
APPEND_1K_256K_WORK_PACKET_FLUSH_SAMPLE_TICKS	0
APPEND_1K_256K_WORK_PACKET_OTHER_CALLS	0
APPEND_1K_256K_WORK_PACKET_OTHER_SAMPLES	0
APPEND_1K_256K_WORK_PACKET_OTHER_SAMPLE_TICKS	0
APPEND_1K_256K_WORK_CORE_CREATE_CALLS	1
APPEND_1K_256K_WORK_CORE_CREATE_SAMPLES	1
APPEND_1K_256K_WORK_CORE_CREATE_SAMPLE_TICKS	545
APPEND_1K_256K_WORK_CORE_DELETE_CALLS	0
APPEND_1K_256K_WORK_CORE_DELETE_SAMPLES	0
APPEND_1K_256K_WORK_CORE_DELETE_SAMPLE_TICKS	0
APPEND_1K_256K_WORK_CORE_FILE_WRITE_CALLS	256
APPEND_1K_256K_WORK_CORE_FILE_WRITE_SAMPLES	256
APPEND_1K_256K_WORK_CORE_FILE_WRITE_SAMPLE_TICKS	34155
APPEND_1K_256K_WORK_CORE_SYNC_CALLS	0
APPEND_1K_256K_WORK_CORE_SYNC_SAMPLES	0
APPEND_1K_256K_WORK_CORE_SYNC_SAMPLE_TICKS	0
APPEND_1K_256K_WORK_IFACE_FREE_CALLS	0
APPEND_1K_256K_WORK_IFACE_FREE_SAMPLES	0
APPEND_1K_256K_WORK_IFACE_FREE_SAMPLE_TICKS	0
APPEND_1K_256K_WORK_SEAL_COMMIT_CALLS	0
APPEND_1K_256K_WORK_SEAL_COMMIT_SAMPLES	0
APPEND_1K_256K_WORK_SEAL_COMMIT_SAMPLE_TICKS	0
APPEND_1K_256K_WORK_INODE_READ_CALLS	259
APPEND_1K_256K_WORK_BTREE_SEARCH_CALLS	5
APPEND_1K_256K_WORK_BTREE_INDEX_HINT_HITS	2
APPEND_1K_256K_WORK_BTREE_LEAF_HINT_HITS	0
APPEND_1K_256K_WORK_CACHE_READ_CALLS	199
APPEND_1K_256K_WORK_CACHE_READ_HITS	135
APPEND_1K_256K_WORK_CACHE_READ_MISSES	64
APPEND_1K_256K_WORK_FREE_TREE_NODE_VIEWS	67
APPEND_1K_256K_WORK_FREE_TREE_RESIDENT_VIEWS	66
APPEND_1K_256K_WORK_DIR_TREE_NODE_VIEWS	3
APPEND_1K_256K_WORK_DIR_TREE_RESIDENT_VIEWS	2
APPEND_1K_256K_WORK_INODE_TREE_NODE_VIEWS	2
APPEND_1K_256K_WORK_INODE_TREE_RESIDENT_VIEWS	1
APPEND_1K_256K_WORK_REFCOUNT_TREE_NODE_VIEWS	0
APPEND_1K_256K_WORK_REFCOUNT_TREE_RESIDENT_VIEWS	0
APPEND_1K_256K_WORK_OTHER_TREE_NODE_VIEWS	0
APPEND_1K_256K_WORK_OTHER_TREE_RESIDENT_VIEWS	0
APPEND_1K_256K_WORK_WRITE_DETAIL_INODE_READ_CALLS	259
APPEND_1K_256K_WORK_WRITE_DETAIL_INODE_READ_SAMPLES	259
APPEND_1K_256K_WORK_WRITE_DETAIL_INODE_READ_SAMPLE_TICKS	1719
APPEND_1K_256K_WORK_WRITE_DETAIL_INODE_WRITE_CALLS	2
APPEND_1K_256K_WORK_WRITE_DETAIL_INODE_WRITE_SAMPLES	2
APPEND_1K_256K_WORK_WRITE_DETAIL_INODE_WRITE_SAMPLE_TICKS	318
APPEND_1K_256K_WORK_WRITE_DETAIL_EXTENT_MAP_CALLS	64
APPEND_1K_256K_WORK_WRITE_DETAIL_EXTENT_MAP_SAMPLES	64
APPEND_1K_256K_WORK_WRITE_DETAIL_EXTENT_MAP_SAMPLE_TICKS	611
APPEND_1K_256K_WORK_WRITE_DETAIL_FREESPACE_GOAL_CALLS	64
APPEND_1K_256K_WORK_WRITE_DETAIL_FREESPACE_GOAL_SAMPLES	64
APPEND_1K_256K_WORK_WRITE_DETAIL_FREESPACE_GOAL_SAMPLE_TICKS	2764
APPEND_1K_256K_WORK_BTREE_MALLOC_CALLS	0
APPEND_1K_256K_WORK_BTREE_MALLOC_SAMPLES	0
APPEND_1K_256K_WORK_BTREE_MALLOC_SAMPLE_TICKS	0
APPEND_1K_256K_WORK_BTREE_FREE_CALLS	2
APPEND_1K_256K_WORK_BTREE_FREE_SAMPLES	2
APPEND_1K_256K_WORK_BTREE_FREE_SAMPLE_TICKS	45
APPEND_1K_256K_WORK_IFACE_ALLOC_CALLS	2
APPEND_1K_256K_WORK_IFACE_ALLOC_SAMPLES	2
APPEND_1K_256K_WORK_IFACE_ALLOC_SAMPLE_TICKS	227
APPEND_1K_256K_WORK_FREESPACE_ALLOC_CALLS	66
APPEND_1K_256K_WORK_FREESPACE_ALLOC_SAMPLES	66
APPEND_1K_256K_WORK_FREESPACE_ALLOC_SAMPLE_TICKS	3366
APPEND_1K_256K_WORK_DETAIL_INODE_READ_CALLS	259
APPEND_1K_256K_WORK_DETAIL_INODE_READ_SAMPLES	15
APPEND_1K_256K_WORK_DETAIL_INODE_READ_SAMPLE_TICKS	1
APPEND_1K_256K_WORK_DETAIL_INODE_VALIDATE_CALLS	517
APPEND_1K_256K_WORK_DETAIL_INODE_VALIDATE_SAMPLES	30
APPEND_1K_256K_WORK_DETAIL_INODE_VALIDATE_SAMPLE_TICKS	27
APPEND_1K_256K_WORK_DETAIL_INODE_SEARCH_CALLS	4
APPEND_1K_256K_WORK_DETAIL_INODE_SEARCH_SAMPLES	0
APPEND_1K_256K_WORK_DETAIL_INODE_SEARCH_SAMPLE_TICKS	0
APPEND_1K_256K_WORK_DETAIL_INODE_NODE_VIEW_CALLS	2
APPEND_1K_256K_WORK_DETAIL_INODE_NODE_VIEW_SAMPLES	0
APPEND_1K_256K_WORK_DETAIL_INODE_NODE_VIEW_SAMPLE_TICKS	0
APPEND_1K_256K_WORK_DETAIL_DIR_NODE_VIEW_CALLS	3
APPEND_1K_256K_WORK_DETAIL_DIR_NODE_VIEW_SAMPLES	0
APPEND_1K_256K_WORK_DETAIL_DIR_NODE_VIEW_SAMPLE_TICKS	0
APPEND_1K_256K_WORK_DETAIL_INODE_BINARY_SEARCH_CALLS	5
APPEND_1K_256K_WORK_DETAIL_INODE_BINARY_SEARCH_SAMPLES	0
APPEND_1K_256K_WORK_DETAIL_INODE_BINARY_SEARCH_SAMPLE_TICKS	0
APPEND_1K_256K_WORK_DETAIL_DIR_BINARY_SEARCH_CALLS	4
APPEND_1K_256K_WORK_DETAIL_DIR_BINARY_SEARCH_SAMPLES	0
APPEND_1K_256K_WORK_DETAIL_DIR_BINARY_SEARCH_SAMPLE_TICKS	0
APPEND_1K_256K_WORK_DETAIL_NODE_STRUCTURE_CALLS	6
APPEND_1K_256K_WORK_DETAIL_NODE_STRUCTURE_SAMPLES	0
APPEND_1K_256K_WORK_DETAIL_NODE_STRUCTURE_SAMPLE_TICKS	0
APPEND_1K_256K_WORK_DETAIL_CACHE_PEEK_CALLS	74
APPEND_1K_256K_WORK_DETAIL_CACHE_PEEK_SAMPLES	4
APPEND_1K_256K_WORK_DETAIL_CACHE_PEEK_SAMPLE_TICKS	0
APPEND_1K_256K_WORK_DETAIL_BUFFER_ALLOC_CALLS	72
APPEND_1K_256K_WORK_DETAIL_BUFFER_ALLOC_SAMPLES	4
APPEND_1K_256K_WORK_DETAIL_BUFFER_ALLOC_SAMPLE_TICKS	0
APPEND_1K_256K_WORK_DETAIL_BUFFER_FREE_CALLS	76
APPEND_1K_256K_WORK_DETAIL_BUFFER_FREE_SAMPLES	4
APPEND_1K_256K_WORK_DETAIL_BUFFER_FREE_SAMPLE_TICKS	0
APPEND_1K_256K_WORK_DETAIL_EXALL_FILL_CALLS	0
APPEND_1K_256K_WORK_DETAIL_EXALL_FILL_SAMPLES	0
APPEND_1K_256K_WORK_DETAIL_EXALL_FILL_SAMPLE_TICKS	0
APPEND_1K_256K_WORK_FREESPACE_ALLOCS	66
APPEND_1K_256K_VOLUME_FLUSH_BIO_READS	0
APPEND_1K_256K_VOLUME_FLUSH_BIO_WRITES	0
APPEND_1K_256K_VOLUME_FLUSH_BIO_UPDATES	0
APPEND_1K_256K_VOLUME_FLUSH_DATA_READS	0
APPEND_1K_256K_VOLUME_FLUSH_DATA_WRITES	0
APPEND_1K_256K_VOLUME_FLUSH_NODE_WRITES	0
APPEND_1K_256K_VOLUME_FLUSH_TXN_COMMITS	0
APPEND_1K_256K_VOLUME_FLUSH_EXTENT_MAPS	0
APPEND_1K_256K_VOLUME_FLUSH_READ_TICKS	0
APPEND_1K_256K_VOLUME_FLUSH_WRITE_TICKS	0
APPEND_1K_256K_VOLUME_FLUSH_UPDATE_TICKS	0
APPEND_1K_256K_VOLUME_FLUSH_DATA_READ_TICKS	0
APPEND_1K_256K_VOLUME_FLUSH_DATA_WRITE_TICKS	0
APPEND_1K_256K_VOLUME_FLUSH_NODE_CRC_READ_CALLS	0
APPEND_1K_256K_VOLUME_FLUSH_NODE_CRC_READ_SAMPLES	0
APPEND_1K_256K_VOLUME_FLUSH_NODE_CRC_READ_SAMPLE_TICKS	0
APPEND_1K_256K_VOLUME_FLUSH_NODE_CRC_WRITE_CALLS	0
APPEND_1K_256K_VOLUME_FLUSH_NODE_CRC_WRITE_SAMPLES	0
APPEND_1K_256K_VOLUME_FLUSH_NODE_CRC_WRITE_SAMPLE_TICKS	0
APPEND_1K_256K_VOLUME_FLUSH_CLOCK_PAIR_TICKS	0
APPEND_1K_256K_VOLUME_FLUSH_PACKET_CALLS	0
APPEND_1K_256K_VOLUME_FLUSH_PACKET_SAMPLES	0
APPEND_1K_256K_VOLUME_FLUSH_PACKET_SAMPLE_TICKS	0
APPEND_1K_256K_VOLUME_FLUSH_PACKET_OPEN_CALLS	0
APPEND_1K_256K_VOLUME_FLUSH_PACKET_OPEN_SAMPLES	0
APPEND_1K_256K_VOLUME_FLUSH_PACKET_OPEN_SAMPLE_TICKS	0
APPEND_1K_256K_VOLUME_FLUSH_PACKET_READ_CALLS	0
APPEND_1K_256K_VOLUME_FLUSH_PACKET_READ_SAMPLES	0
APPEND_1K_256K_VOLUME_FLUSH_PACKET_READ_SAMPLE_TICKS	0
APPEND_1K_256K_VOLUME_FLUSH_PACKET_WRITE_CALLS	0
APPEND_1K_256K_VOLUME_FLUSH_PACKET_WRITE_SAMPLES	0
APPEND_1K_256K_VOLUME_FLUSH_PACKET_WRITE_SAMPLE_TICKS	0
APPEND_1K_256K_VOLUME_FLUSH_PACKET_END_CALLS	0
APPEND_1K_256K_VOLUME_FLUSH_PACKET_END_SAMPLES	0
APPEND_1K_256K_VOLUME_FLUSH_PACKET_END_SAMPLE_TICKS	0
APPEND_1K_256K_VOLUME_FLUSH_PACKET_DELETE_CALLS	0
APPEND_1K_256K_VOLUME_FLUSH_PACKET_DELETE_SAMPLES	0
APPEND_1K_256K_VOLUME_FLUSH_PACKET_DELETE_SAMPLE_TICKS	0
APPEND_1K_256K_VOLUME_FLUSH_PACKET_FLUSH_CALLS	0
APPEND_1K_256K_VOLUME_FLUSH_PACKET_FLUSH_SAMPLES	0
APPEND_1K_256K_VOLUME_FLUSH_PACKET_FLUSH_SAMPLE_TICKS	0
APPEND_1K_256K_VOLUME_FLUSH_PACKET_OTHER_CALLS	0
APPEND_1K_256K_VOLUME_FLUSH_PACKET_OTHER_SAMPLES	0
APPEND_1K_256K_VOLUME_FLUSH_PACKET_OTHER_SAMPLE_TICKS	0
APPEND_1K_256K_VOLUME_FLUSH_CORE_CREATE_CALLS	0
APPEND_1K_256K_VOLUME_FLUSH_CORE_CREATE_SAMPLES	0
APPEND_1K_256K_VOLUME_FLUSH_CORE_CREATE_SAMPLE_TICKS	0
APPEND_1K_256K_VOLUME_FLUSH_CORE_DELETE_CALLS	0
APPEND_1K_256K_VOLUME_FLUSH_CORE_DELETE_SAMPLES	0
APPEND_1K_256K_VOLUME_FLUSH_CORE_DELETE_SAMPLE_TICKS	0
APPEND_1K_256K_VOLUME_FLUSH_CORE_FILE_WRITE_CALLS	0
APPEND_1K_256K_VOLUME_FLUSH_CORE_FILE_WRITE_SAMPLES	0
APPEND_1K_256K_VOLUME_FLUSH_CORE_FILE_WRITE_SAMPLE_TICKS	0
APPEND_1K_256K_VOLUME_FLUSH_CORE_SYNC_CALLS	0
APPEND_1K_256K_VOLUME_FLUSH_CORE_SYNC_SAMPLES	0
APPEND_1K_256K_VOLUME_FLUSH_CORE_SYNC_SAMPLE_TICKS	0
APPEND_1K_256K_VOLUME_FLUSH_IFACE_FREE_CALLS	0
APPEND_1K_256K_VOLUME_FLUSH_IFACE_FREE_SAMPLES	0
APPEND_1K_256K_VOLUME_FLUSH_IFACE_FREE_SAMPLE_TICKS	0
APPEND_1K_256K_VOLUME_FLUSH_SEAL_COMMIT_CALLS	0
APPEND_1K_256K_VOLUME_FLUSH_SEAL_COMMIT_SAMPLES	0
APPEND_1K_256K_VOLUME_FLUSH_SEAL_COMMIT_SAMPLE_TICKS	0
APPEND_1K_256K_VOLUME_FLUSH_INODE_READ_CALLS	0
APPEND_1K_256K_VOLUME_FLUSH_BTREE_SEARCH_CALLS	0
APPEND_1K_256K_VOLUME_FLUSH_BTREE_INDEX_HINT_HITS	0
APPEND_1K_256K_VOLUME_FLUSH_BTREE_LEAF_HINT_HITS	0
APPEND_1K_256K_VOLUME_FLUSH_CACHE_READ_CALLS	0
APPEND_1K_256K_VOLUME_FLUSH_CACHE_READ_HITS	0
APPEND_1K_256K_VOLUME_FLUSH_CACHE_READ_MISSES	0
APPEND_1K_256K_VOLUME_FLUSH_FREE_TREE_NODE_VIEWS	0
APPEND_1K_256K_VOLUME_FLUSH_FREE_TREE_RESIDENT_VIEWS	0
APPEND_1K_256K_VOLUME_FLUSH_DIR_TREE_NODE_VIEWS	0
APPEND_1K_256K_VOLUME_FLUSH_DIR_TREE_RESIDENT_VIEWS	0
APPEND_1K_256K_VOLUME_FLUSH_INODE_TREE_NODE_VIEWS	0
APPEND_1K_256K_VOLUME_FLUSH_INODE_TREE_RESIDENT_VIEWS	0
APPEND_1K_256K_VOLUME_FLUSH_REFCOUNT_TREE_NODE_VIEWS	0
APPEND_1K_256K_VOLUME_FLUSH_REFCOUNT_TREE_RESIDENT_VIEWS	0
APPEND_1K_256K_VOLUME_FLUSH_OTHER_TREE_NODE_VIEWS	0
APPEND_1K_256K_VOLUME_FLUSH_OTHER_TREE_RESIDENT_VIEWS	0
APPEND_1K_256K_VOLUME_FLUSH_WRITE_DETAIL_INODE_READ_CALLS	0
APPEND_1K_256K_VOLUME_FLUSH_WRITE_DETAIL_INODE_READ_SAMPLES	0
APPEND_1K_256K_VOLUME_FLUSH_WRITE_DETAIL_INODE_READ_SAMPLE_TICKS	0
APPEND_1K_256K_VOLUME_FLUSH_WRITE_DETAIL_INODE_WRITE_CALLS	0
APPEND_1K_256K_VOLUME_FLUSH_WRITE_DETAIL_INODE_WRITE_SAMPLES	0
APPEND_1K_256K_VOLUME_FLUSH_WRITE_DETAIL_INODE_WRITE_SAMPLE_TICKS	0
APPEND_1K_256K_VOLUME_FLUSH_WRITE_DETAIL_EXTENT_MAP_CALLS	0
APPEND_1K_256K_VOLUME_FLUSH_WRITE_DETAIL_EXTENT_MAP_SAMPLES	0
APPEND_1K_256K_VOLUME_FLUSH_WRITE_DETAIL_EXTENT_MAP_SAMPLE_TICKS	0
APPEND_1K_256K_VOLUME_FLUSH_WRITE_DETAIL_FREESPACE_GOAL_CALLS	0
APPEND_1K_256K_VOLUME_FLUSH_WRITE_DETAIL_FREESPACE_GOAL_SAMPLES	0
APPEND_1K_256K_VOLUME_FLUSH_WRITE_DETAIL_FREESPACE_GOAL_SAMPLE_TICKS	0
APPEND_1K_256K_VOLUME_FLUSH_BTREE_MALLOC_CALLS	0
APPEND_1K_256K_VOLUME_FLUSH_BTREE_MALLOC_SAMPLES	0
APPEND_1K_256K_VOLUME_FLUSH_BTREE_MALLOC_SAMPLE_TICKS	0
APPEND_1K_256K_VOLUME_FLUSH_BTREE_FREE_CALLS	0
APPEND_1K_256K_VOLUME_FLUSH_BTREE_FREE_SAMPLES	0
APPEND_1K_256K_VOLUME_FLUSH_BTREE_FREE_SAMPLE_TICKS	0
APPEND_1K_256K_VOLUME_FLUSH_IFACE_ALLOC_CALLS	0
APPEND_1K_256K_VOLUME_FLUSH_IFACE_ALLOC_SAMPLES	0
APPEND_1K_256K_VOLUME_FLUSH_IFACE_ALLOC_SAMPLE_TICKS	0
APPEND_1K_256K_VOLUME_FLUSH_FREESPACE_ALLOC_CALLS	0
APPEND_1K_256K_VOLUME_FLUSH_FREESPACE_ALLOC_SAMPLES	0
APPEND_1K_256K_VOLUME_FLUSH_FREESPACE_ALLOC_SAMPLE_TICKS	0
APPEND_1K_256K_VOLUME_FLUSH_DETAIL_INODE_READ_CALLS	0
APPEND_1K_256K_VOLUME_FLUSH_DETAIL_INODE_READ_SAMPLES	0
APPEND_1K_256K_VOLUME_FLUSH_DETAIL_INODE_READ_SAMPLE_TICKS	0
APPEND_1K_256K_VOLUME_FLUSH_DETAIL_INODE_VALIDATE_CALLS	0
APPEND_1K_256K_VOLUME_FLUSH_DETAIL_INODE_VALIDATE_SAMPLES	0
APPEND_1K_256K_VOLUME_FLUSH_DETAIL_INODE_VALIDATE_SAMPLE_TICKS	0
APPEND_1K_256K_VOLUME_FLUSH_DETAIL_INODE_SEARCH_CALLS	0
APPEND_1K_256K_VOLUME_FLUSH_DETAIL_INODE_SEARCH_SAMPLES	0
APPEND_1K_256K_VOLUME_FLUSH_DETAIL_INODE_SEARCH_SAMPLE_TICKS	0
APPEND_1K_256K_VOLUME_FLUSH_DETAIL_INODE_NODE_VIEW_CALLS	0
APPEND_1K_256K_VOLUME_FLUSH_DETAIL_INODE_NODE_VIEW_SAMPLES	0
APPEND_1K_256K_VOLUME_FLUSH_DETAIL_INODE_NODE_VIEW_SAMPLE_TICKS	0
APPEND_1K_256K_VOLUME_FLUSH_DETAIL_DIR_NODE_VIEW_CALLS	0
APPEND_1K_256K_VOLUME_FLUSH_DETAIL_DIR_NODE_VIEW_SAMPLES	0
APPEND_1K_256K_VOLUME_FLUSH_DETAIL_DIR_NODE_VIEW_SAMPLE_TICKS	0
APPEND_1K_256K_VOLUME_FLUSH_DETAIL_INODE_BINARY_SEARCH_CALLS	0
APPEND_1K_256K_VOLUME_FLUSH_DETAIL_INODE_BINARY_SEARCH_SAMPLES	0
APPEND_1K_256K_VOLUME_FLUSH_DETAIL_INODE_BINARY_SEARCH_SAMPLE_TICKS	0
APPEND_1K_256K_VOLUME_FLUSH_DETAIL_DIR_BINARY_SEARCH_CALLS	0
APPEND_1K_256K_VOLUME_FLUSH_DETAIL_DIR_BINARY_SEARCH_SAMPLES	0
APPEND_1K_256K_VOLUME_FLUSH_DETAIL_DIR_BINARY_SEARCH_SAMPLE_TICKS	0
APPEND_1K_256K_VOLUME_FLUSH_DETAIL_NODE_STRUCTURE_CALLS	0
APPEND_1K_256K_VOLUME_FLUSH_DETAIL_NODE_STRUCTURE_SAMPLES	0
APPEND_1K_256K_VOLUME_FLUSH_DETAIL_NODE_STRUCTURE_SAMPLE_TICKS	0
APPEND_1K_256K_VOLUME_FLUSH_DETAIL_CACHE_PEEK_CALLS	0
APPEND_1K_256K_VOLUME_FLUSH_DETAIL_CACHE_PEEK_SAMPLES	0
APPEND_1K_256K_VOLUME_FLUSH_DETAIL_CACHE_PEEK_SAMPLE_TICKS	0
APPEND_1K_256K_VOLUME_FLUSH_DETAIL_BUFFER_ALLOC_CALLS	0
APPEND_1K_256K_VOLUME_FLUSH_DETAIL_BUFFER_ALLOC_SAMPLES	0
APPEND_1K_256K_VOLUME_FLUSH_DETAIL_BUFFER_ALLOC_SAMPLE_TICKS	0
APPEND_1K_256K_VOLUME_FLUSH_DETAIL_BUFFER_FREE_CALLS	0
APPEND_1K_256K_VOLUME_FLUSH_DETAIL_BUFFER_FREE_SAMPLES	0
APPEND_1K_256K_VOLUME_FLUSH_DETAIL_BUFFER_FREE_SAMPLE_TICKS	0
APPEND_1K_256K_VOLUME_FLUSH_DETAIL_EXALL_FILL_CALLS	0
APPEND_1K_256K_VOLUME_FLUSH_DETAIL_EXALL_FILL_SAMPLES	0
APPEND_1K_256K_VOLUME_FLUSH_DETAIL_EXALL_FILL_SAMPLE_TICKS	0
APPEND_1K_256K_VOLUME_FLUSH_FREESPACE_ALLOCS	0
APPEND_READ_1280K_US	55295
APPEND_READ_1280K_WORK_US	55295
APPEND_READ_1280K_VOLUME_FLUSH_US	0
APPEND_READ_1280K_HAS_VOLUME_FLUSH	0
APPEND_READ_1280K_GUEST_OPEN_CALLS	2
APPEND_READ_1280K_GUEST_OPEN_US	512
APPEND_READ_1280K_GUEST_READ_CALLS	22
APPEND_READ_1280K_GUEST_READ_US	11968
APPEND_READ_1280K_GUEST_WRITE_CALLS	0
APPEND_READ_1280K_GUEST_WRITE_US	0
APPEND_READ_1280K_GUEST_HANDLE_FLUSH_CALLS	0
APPEND_READ_1280K_GUEST_HANDLE_FLUSH_US	0
APPEND_READ_1280K_GUEST_CLOSE_CALLS	2
APPEND_READ_1280K_GUEST_CLOSE_US	128
APPEND_READ_1280K_GUEST_VERIFY_CALLS	20
APPEND_READ_1280K_GUEST_VERIFY_US	41989
APPEND_READ_1280K_WORK_BIO_READS	80
APPEND_READ_1280K_WORK_BIO_WRITES	0
APPEND_READ_1280K_WORK_BIO_UPDATES	0
APPEND_READ_1280K_WORK_DATA_READS	80
APPEND_READ_1280K_WORK_DATA_WRITES	0
APPEND_READ_1280K_WORK_NODE_WRITES	0
APPEND_READ_1280K_WORK_TXN_COMMITS	0
APPEND_READ_1280K_WORK_EXTENT_MAPS	0
APPEND_READ_1280K_WORK_READ_TICKS	4159
APPEND_READ_1280K_WORK_WRITE_TICKS	0
APPEND_READ_1280K_WORK_UPDATE_TICKS	0
APPEND_READ_1280K_WORK_DATA_READ_TICKS	4159
APPEND_READ_1280K_WORK_DATA_WRITE_TICKS	0
APPEND_READ_1280K_WORK_NODE_CRC_READ_CALLS	0
APPEND_READ_1280K_WORK_NODE_CRC_READ_SAMPLES	0
APPEND_READ_1280K_WORK_NODE_CRC_READ_SAMPLE_TICKS	0
APPEND_READ_1280K_WORK_NODE_CRC_WRITE_CALLS	0
APPEND_READ_1280K_WORK_NODE_CRC_WRITE_SAMPLES	0
APPEND_READ_1280K_WORK_NODE_CRC_WRITE_SAMPLE_TICKS	0
APPEND_READ_1280K_WORK_CLOCK_PAIR_TICKS	0
APPEND_READ_1280K_WORK_PACKET_CALLS	26
APPEND_READ_1280K_WORK_PACKET_SAMPLES	26
APPEND_READ_1280K_WORK_PACKET_SAMPLE_TICKS	8220
APPEND_READ_1280K_WORK_PACKET_OPEN_CALLS	2
APPEND_READ_1280K_WORK_PACKET_OPEN_SAMPLES	2
APPEND_READ_1280K_WORK_PACKET_OPEN_SAMPLE_TICKS	182
APPEND_READ_1280K_WORK_PACKET_READ_CALLS	22
APPEND_READ_1280K_WORK_PACKET_READ_SAMPLES	22
APPEND_READ_1280K_WORK_PACKET_READ_SAMPLE_TICKS	7992
APPEND_READ_1280K_WORK_PACKET_WRITE_CALLS	0
APPEND_READ_1280K_WORK_PACKET_WRITE_SAMPLES	0
APPEND_READ_1280K_WORK_PACKET_WRITE_SAMPLE_TICKS	0
APPEND_READ_1280K_WORK_PACKET_END_CALLS	2
APPEND_READ_1280K_WORK_PACKET_END_SAMPLES	2
APPEND_READ_1280K_WORK_PACKET_END_SAMPLE_TICKS	46
APPEND_READ_1280K_WORK_PACKET_DELETE_CALLS	0
APPEND_READ_1280K_WORK_PACKET_DELETE_SAMPLES	0
APPEND_READ_1280K_WORK_PACKET_DELETE_SAMPLE_TICKS	0
APPEND_READ_1280K_WORK_PACKET_FLUSH_CALLS	0
APPEND_READ_1280K_WORK_PACKET_FLUSH_SAMPLES	0
APPEND_READ_1280K_WORK_PACKET_FLUSH_SAMPLE_TICKS	0
APPEND_READ_1280K_WORK_PACKET_OTHER_CALLS	0
APPEND_READ_1280K_WORK_PACKET_OTHER_SAMPLES	0
APPEND_READ_1280K_WORK_PACKET_OTHER_SAMPLE_TICKS	0
APPEND_READ_1280K_WORK_CORE_CREATE_CALLS	0
APPEND_READ_1280K_WORK_CORE_CREATE_SAMPLES	0
APPEND_READ_1280K_WORK_CORE_CREATE_SAMPLE_TICKS	0
APPEND_READ_1280K_WORK_CORE_DELETE_CALLS	0
APPEND_READ_1280K_WORK_CORE_DELETE_SAMPLES	0
APPEND_READ_1280K_WORK_CORE_DELETE_SAMPLE_TICKS	0
APPEND_READ_1280K_WORK_CORE_FILE_WRITE_CALLS	0
APPEND_READ_1280K_WORK_CORE_FILE_WRITE_SAMPLES	0
APPEND_READ_1280K_WORK_CORE_FILE_WRITE_SAMPLE_TICKS	0
APPEND_READ_1280K_WORK_CORE_SYNC_CALLS	0
APPEND_READ_1280K_WORK_CORE_SYNC_SAMPLES	0
APPEND_READ_1280K_WORK_CORE_SYNC_SAMPLE_TICKS	0
APPEND_READ_1280K_WORK_IFACE_FREE_CALLS	0
APPEND_READ_1280K_WORK_IFACE_FREE_SAMPLES	0
APPEND_READ_1280K_WORK_IFACE_FREE_SAMPLE_TICKS	0
APPEND_READ_1280K_WORK_SEAL_COMMIT_CALLS	0
APPEND_READ_1280K_WORK_SEAL_COMMIT_SAMPLES	0
APPEND_READ_1280K_WORK_SEAL_COMMIT_SAMPLE_TICKS	0
APPEND_READ_1280K_WORK_INODE_READ_CALLS	48
APPEND_READ_1280K_WORK_BTREE_SEARCH_CALLS	38
APPEND_READ_1280K_WORK_BTREE_INDEX_HINT_HITS	35
APPEND_READ_1280K_WORK_BTREE_LEAF_HINT_HITS	1
APPEND_READ_1280K_WORK_CACHE_READ_CALLS	64
APPEND_READ_1280K_WORK_CACHE_READ_HITS	0
APPEND_READ_1280K_WORK_CACHE_READ_MISSES	64
APPEND_READ_1280K_WORK_FREE_TREE_NODE_VIEWS	0
APPEND_READ_1280K_WORK_FREE_TREE_RESIDENT_VIEWS	0
APPEND_READ_1280K_WORK_DIR_TREE_NODE_VIEWS	1
APPEND_READ_1280K_WORK_DIR_TREE_RESIDENT_VIEWS	1
APPEND_READ_1280K_WORK_INODE_TREE_NODE_VIEWS	1
APPEND_READ_1280K_WORK_INODE_TREE_RESIDENT_VIEWS	1
APPEND_READ_1280K_WORK_REFCOUNT_TREE_NODE_VIEWS	0
APPEND_READ_1280K_WORK_REFCOUNT_TREE_RESIDENT_VIEWS	0
APPEND_READ_1280K_WORK_OTHER_TREE_NODE_VIEWS	0
APPEND_READ_1280K_WORK_OTHER_TREE_RESIDENT_VIEWS	0
APPEND_READ_1280K_WORK_WRITE_DETAIL_INODE_READ_CALLS	48
APPEND_READ_1280K_WORK_WRITE_DETAIL_INODE_READ_SAMPLES	48
APPEND_READ_1280K_WORK_WRITE_DETAIL_INODE_READ_SAMPLE_TICKS	804
APPEND_READ_1280K_WORK_WRITE_DETAIL_INODE_WRITE_CALLS	0
APPEND_READ_1280K_WORK_WRITE_DETAIL_INODE_WRITE_SAMPLES	0
APPEND_READ_1280K_WORK_WRITE_DETAIL_INODE_WRITE_SAMPLE_TICKS	0
APPEND_READ_1280K_WORK_WRITE_DETAIL_EXTENT_MAP_CALLS	0
APPEND_READ_1280K_WORK_WRITE_DETAIL_EXTENT_MAP_SAMPLES	0
APPEND_READ_1280K_WORK_WRITE_DETAIL_EXTENT_MAP_SAMPLE_TICKS	0
APPEND_READ_1280K_WORK_WRITE_DETAIL_FREESPACE_GOAL_CALLS	0
APPEND_READ_1280K_WORK_WRITE_DETAIL_FREESPACE_GOAL_SAMPLES	0
APPEND_READ_1280K_WORK_WRITE_DETAIL_FREESPACE_GOAL_SAMPLE_TICKS	0
APPEND_READ_1280K_WORK_BTREE_MALLOC_CALLS	0
APPEND_READ_1280K_WORK_BTREE_MALLOC_SAMPLES	0
APPEND_READ_1280K_WORK_BTREE_MALLOC_SAMPLE_TICKS	0
APPEND_READ_1280K_WORK_BTREE_FREE_CALLS	0
APPEND_READ_1280K_WORK_BTREE_FREE_SAMPLES	0
APPEND_READ_1280K_WORK_BTREE_FREE_SAMPLE_TICKS	0
APPEND_READ_1280K_WORK_IFACE_ALLOC_CALLS	0
APPEND_READ_1280K_WORK_IFACE_ALLOC_SAMPLES	0
APPEND_READ_1280K_WORK_IFACE_ALLOC_SAMPLE_TICKS	0
APPEND_READ_1280K_WORK_FREESPACE_ALLOC_CALLS	0
APPEND_READ_1280K_WORK_FREESPACE_ALLOC_SAMPLES	0
APPEND_READ_1280K_WORK_FREESPACE_ALLOC_SAMPLE_TICKS	0
APPEND_READ_1280K_WORK_DETAIL_INODE_READ_CALLS	48
APPEND_READ_1280K_WORK_DETAIL_INODE_READ_SAMPLES	2
APPEND_READ_1280K_WORK_DETAIL_INODE_READ_SAMPLE_TICKS	45
APPEND_READ_1280K_WORK_DETAIL_INODE_VALIDATE_CALLS	48
APPEND_READ_1280K_WORK_DETAIL_INODE_VALIDATE_SAMPLES	2
APPEND_READ_1280K_WORK_DETAIL_INODE_VALIDATE_SAMPLE_TICKS	12
APPEND_READ_1280K_WORK_DETAIL_INODE_SEARCH_CALLS	36
APPEND_READ_1280K_WORK_DETAIL_INODE_SEARCH_SAMPLES	2
APPEND_READ_1280K_WORK_DETAIL_INODE_SEARCH_SAMPLE_TICKS	0
APPEND_READ_1280K_WORK_DETAIL_INODE_NODE_VIEW_CALLS	1
APPEND_READ_1280K_WORK_DETAIL_INODE_NODE_VIEW_SAMPLES	0
APPEND_READ_1280K_WORK_DETAIL_INODE_NODE_VIEW_SAMPLE_TICKS	0
APPEND_READ_1280K_WORK_DETAIL_DIR_NODE_VIEW_CALLS	1
APPEND_READ_1280K_WORK_DETAIL_DIR_NODE_VIEW_SAMPLES	0
APPEND_READ_1280K_WORK_DETAIL_DIR_NODE_VIEW_SAMPLE_TICKS	0
APPEND_READ_1280K_WORK_DETAIL_INODE_BINARY_SEARCH_CALLS	1
APPEND_READ_1280K_WORK_DETAIL_INODE_BINARY_SEARCH_SAMPLES	0
APPEND_READ_1280K_WORK_DETAIL_INODE_BINARY_SEARCH_SAMPLE_TICKS	0
APPEND_READ_1280K_WORK_DETAIL_DIR_BINARY_SEARCH_CALLS	2
APPEND_READ_1280K_WORK_DETAIL_DIR_BINARY_SEARCH_SAMPLES	0
APPEND_READ_1280K_WORK_DETAIL_DIR_BINARY_SEARCH_SAMPLE_TICKS	0
APPEND_READ_1280K_WORK_DETAIL_NODE_STRUCTURE_CALLS	0
APPEND_READ_1280K_WORK_DETAIL_NODE_STRUCTURE_SAMPLES	0
APPEND_READ_1280K_WORK_DETAIL_NODE_STRUCTURE_SAMPLE_TICKS	0
APPEND_READ_1280K_WORK_DETAIL_CACHE_PEEK_CALLS	38
APPEND_READ_1280K_WORK_DETAIL_CACHE_PEEK_SAMPLES	2
APPEND_READ_1280K_WORK_DETAIL_CACHE_PEEK_SAMPLE_TICKS	45
APPEND_READ_1280K_WORK_DETAIL_BUFFER_ALLOC_CALLS	2
APPEND_READ_1280K_WORK_DETAIL_BUFFER_ALLOC_SAMPLES	0
APPEND_READ_1280K_WORK_DETAIL_BUFFER_ALLOC_SAMPLE_TICKS	0
APPEND_READ_1280K_WORK_DETAIL_BUFFER_FREE_CALLS	2
APPEND_READ_1280K_WORK_DETAIL_BUFFER_FREE_SAMPLES	0
APPEND_READ_1280K_WORK_DETAIL_BUFFER_FREE_SAMPLE_TICKS	0
APPEND_READ_1280K_WORK_DETAIL_EXALL_FILL_CALLS	0
APPEND_READ_1280K_WORK_DETAIL_EXALL_FILL_SAMPLES	0
APPEND_READ_1280K_WORK_DETAIL_EXALL_FILL_SAMPLE_TICKS	0
APPEND_READ_1280K_WORK_FREESPACE_ALLOCS	0
APPEND_READ_1280K_VOLUME_FLUSH_BIO_READS	0
APPEND_READ_1280K_VOLUME_FLUSH_BIO_WRITES	0
APPEND_READ_1280K_VOLUME_FLUSH_BIO_UPDATES	0
APPEND_READ_1280K_VOLUME_FLUSH_DATA_READS	0
APPEND_READ_1280K_VOLUME_FLUSH_DATA_WRITES	0
APPEND_READ_1280K_VOLUME_FLUSH_NODE_WRITES	0
APPEND_READ_1280K_VOLUME_FLUSH_TXN_COMMITS	0
APPEND_READ_1280K_VOLUME_FLUSH_EXTENT_MAPS	0
APPEND_READ_1280K_VOLUME_FLUSH_READ_TICKS	0
APPEND_READ_1280K_VOLUME_FLUSH_WRITE_TICKS	0
APPEND_READ_1280K_VOLUME_FLUSH_UPDATE_TICKS	0
APPEND_READ_1280K_VOLUME_FLUSH_DATA_READ_TICKS	0
APPEND_READ_1280K_VOLUME_FLUSH_DATA_WRITE_TICKS	0
APPEND_READ_1280K_VOLUME_FLUSH_NODE_CRC_READ_CALLS	0
APPEND_READ_1280K_VOLUME_FLUSH_NODE_CRC_READ_SAMPLES	0
APPEND_READ_1280K_VOLUME_FLUSH_NODE_CRC_READ_SAMPLE_TICKS	0
APPEND_READ_1280K_VOLUME_FLUSH_NODE_CRC_WRITE_CALLS	0
APPEND_READ_1280K_VOLUME_FLUSH_NODE_CRC_WRITE_SAMPLES	0
APPEND_READ_1280K_VOLUME_FLUSH_NODE_CRC_WRITE_SAMPLE_TICKS	0
APPEND_READ_1280K_VOLUME_FLUSH_CLOCK_PAIR_TICKS	0
APPEND_READ_1280K_VOLUME_FLUSH_PACKET_CALLS	0
APPEND_READ_1280K_VOLUME_FLUSH_PACKET_SAMPLES	0
APPEND_READ_1280K_VOLUME_FLUSH_PACKET_SAMPLE_TICKS	0
APPEND_READ_1280K_VOLUME_FLUSH_PACKET_OPEN_CALLS	0
APPEND_READ_1280K_VOLUME_FLUSH_PACKET_OPEN_SAMPLES	0
APPEND_READ_1280K_VOLUME_FLUSH_PACKET_OPEN_SAMPLE_TICKS	0
APPEND_READ_1280K_VOLUME_FLUSH_PACKET_READ_CALLS	0
APPEND_READ_1280K_VOLUME_FLUSH_PACKET_READ_SAMPLES	0
APPEND_READ_1280K_VOLUME_FLUSH_PACKET_READ_SAMPLE_TICKS	0
APPEND_READ_1280K_VOLUME_FLUSH_PACKET_WRITE_CALLS	0
APPEND_READ_1280K_VOLUME_FLUSH_PACKET_WRITE_SAMPLES	0
APPEND_READ_1280K_VOLUME_FLUSH_PACKET_WRITE_SAMPLE_TICKS	0
APPEND_READ_1280K_VOLUME_FLUSH_PACKET_END_CALLS	0
APPEND_READ_1280K_VOLUME_FLUSH_PACKET_END_SAMPLES	0
APPEND_READ_1280K_VOLUME_FLUSH_PACKET_END_SAMPLE_TICKS	0
APPEND_READ_1280K_VOLUME_FLUSH_PACKET_DELETE_CALLS	0
APPEND_READ_1280K_VOLUME_FLUSH_PACKET_DELETE_SAMPLES	0
APPEND_READ_1280K_VOLUME_FLUSH_PACKET_DELETE_SAMPLE_TICKS	0
APPEND_READ_1280K_VOLUME_FLUSH_PACKET_FLUSH_CALLS	0
APPEND_READ_1280K_VOLUME_FLUSH_PACKET_FLUSH_SAMPLES	0
APPEND_READ_1280K_VOLUME_FLUSH_PACKET_FLUSH_SAMPLE_TICKS	0
APPEND_READ_1280K_VOLUME_FLUSH_PACKET_OTHER_CALLS	0
APPEND_READ_1280K_VOLUME_FLUSH_PACKET_OTHER_SAMPLES	0
APPEND_READ_1280K_VOLUME_FLUSH_PACKET_OTHER_SAMPLE_TICKS	0
APPEND_READ_1280K_VOLUME_FLUSH_CORE_CREATE_CALLS	0
APPEND_READ_1280K_VOLUME_FLUSH_CORE_CREATE_SAMPLES	0
APPEND_READ_1280K_VOLUME_FLUSH_CORE_CREATE_SAMPLE_TICKS	0
APPEND_READ_1280K_VOLUME_FLUSH_CORE_DELETE_CALLS	0
APPEND_READ_1280K_VOLUME_FLUSH_CORE_DELETE_SAMPLES	0
APPEND_READ_1280K_VOLUME_FLUSH_CORE_DELETE_SAMPLE_TICKS	0
APPEND_READ_1280K_VOLUME_FLUSH_CORE_FILE_WRITE_CALLS	0
APPEND_READ_1280K_VOLUME_FLUSH_CORE_FILE_WRITE_SAMPLES	0
APPEND_READ_1280K_VOLUME_FLUSH_CORE_FILE_WRITE_SAMPLE_TICKS	0
APPEND_READ_1280K_VOLUME_FLUSH_CORE_SYNC_CALLS	0
APPEND_READ_1280K_VOLUME_FLUSH_CORE_SYNC_SAMPLES	0
APPEND_READ_1280K_VOLUME_FLUSH_CORE_SYNC_SAMPLE_TICKS	0
APPEND_READ_1280K_VOLUME_FLUSH_IFACE_FREE_CALLS	0
APPEND_READ_1280K_VOLUME_FLUSH_IFACE_FREE_SAMPLES	0
APPEND_READ_1280K_VOLUME_FLUSH_IFACE_FREE_SAMPLE_TICKS	0
APPEND_READ_1280K_VOLUME_FLUSH_SEAL_COMMIT_CALLS	0
APPEND_READ_1280K_VOLUME_FLUSH_SEAL_COMMIT_SAMPLES	0
APPEND_READ_1280K_VOLUME_FLUSH_SEAL_COMMIT_SAMPLE_TICKS	0
APPEND_READ_1280K_VOLUME_FLUSH_INODE_READ_CALLS	0
APPEND_READ_1280K_VOLUME_FLUSH_BTREE_SEARCH_CALLS	0
APPEND_READ_1280K_VOLUME_FLUSH_BTREE_INDEX_HINT_HITS	0
APPEND_READ_1280K_VOLUME_FLUSH_BTREE_LEAF_HINT_HITS	0
APPEND_READ_1280K_VOLUME_FLUSH_CACHE_READ_CALLS	0
APPEND_READ_1280K_VOLUME_FLUSH_CACHE_READ_HITS	0
APPEND_READ_1280K_VOLUME_FLUSH_CACHE_READ_MISSES	0
APPEND_READ_1280K_VOLUME_FLUSH_FREE_TREE_NODE_VIEWS	0
APPEND_READ_1280K_VOLUME_FLUSH_FREE_TREE_RESIDENT_VIEWS	0
APPEND_READ_1280K_VOLUME_FLUSH_DIR_TREE_NODE_VIEWS	0
APPEND_READ_1280K_VOLUME_FLUSH_DIR_TREE_RESIDENT_VIEWS	0
APPEND_READ_1280K_VOLUME_FLUSH_INODE_TREE_NODE_VIEWS	0
APPEND_READ_1280K_VOLUME_FLUSH_INODE_TREE_RESIDENT_VIEWS	0
APPEND_READ_1280K_VOLUME_FLUSH_REFCOUNT_TREE_NODE_VIEWS	0
APPEND_READ_1280K_VOLUME_FLUSH_REFCOUNT_TREE_RESIDENT_VIEWS	0
APPEND_READ_1280K_VOLUME_FLUSH_OTHER_TREE_NODE_VIEWS	0
APPEND_READ_1280K_VOLUME_FLUSH_OTHER_TREE_RESIDENT_VIEWS	0
APPEND_READ_1280K_VOLUME_FLUSH_WRITE_DETAIL_INODE_READ_CALLS	0
APPEND_READ_1280K_VOLUME_FLUSH_WRITE_DETAIL_INODE_READ_SAMPLES	0
APPEND_READ_1280K_VOLUME_FLUSH_WRITE_DETAIL_INODE_READ_SAMPLE_TICKS	0
APPEND_READ_1280K_VOLUME_FLUSH_WRITE_DETAIL_INODE_WRITE_CALLS	0
APPEND_READ_1280K_VOLUME_FLUSH_WRITE_DETAIL_INODE_WRITE_SAMPLES	0
APPEND_READ_1280K_VOLUME_FLUSH_WRITE_DETAIL_INODE_WRITE_SAMPLE_TICKS	0
APPEND_READ_1280K_VOLUME_FLUSH_WRITE_DETAIL_EXTENT_MAP_CALLS	0
APPEND_READ_1280K_VOLUME_FLUSH_WRITE_DETAIL_EXTENT_MAP_SAMPLES	0
APPEND_READ_1280K_VOLUME_FLUSH_WRITE_DETAIL_EXTENT_MAP_SAMPLE_TICKS	0
APPEND_READ_1280K_VOLUME_FLUSH_WRITE_DETAIL_FREESPACE_GOAL_CALLS	0
APPEND_READ_1280K_VOLUME_FLUSH_WRITE_DETAIL_FREESPACE_GOAL_SAMPLES	0
APPEND_READ_1280K_VOLUME_FLUSH_WRITE_DETAIL_FREESPACE_GOAL_SAMPLE_TICKS	0
APPEND_READ_1280K_VOLUME_FLUSH_BTREE_MALLOC_CALLS	0
APPEND_READ_1280K_VOLUME_FLUSH_BTREE_MALLOC_SAMPLES	0
APPEND_READ_1280K_VOLUME_FLUSH_BTREE_MALLOC_SAMPLE_TICKS	0
APPEND_READ_1280K_VOLUME_FLUSH_BTREE_FREE_CALLS	0
APPEND_READ_1280K_VOLUME_FLUSH_BTREE_FREE_SAMPLES	0
APPEND_READ_1280K_VOLUME_FLUSH_BTREE_FREE_SAMPLE_TICKS	0
APPEND_READ_1280K_VOLUME_FLUSH_IFACE_ALLOC_CALLS	0
APPEND_READ_1280K_VOLUME_FLUSH_IFACE_ALLOC_SAMPLES	0
APPEND_READ_1280K_VOLUME_FLUSH_IFACE_ALLOC_SAMPLE_TICKS	0
APPEND_READ_1280K_VOLUME_FLUSH_FREESPACE_ALLOC_CALLS	0
APPEND_READ_1280K_VOLUME_FLUSH_FREESPACE_ALLOC_SAMPLES	0
APPEND_READ_1280K_VOLUME_FLUSH_FREESPACE_ALLOC_SAMPLE_TICKS	0
APPEND_READ_1280K_VOLUME_FLUSH_DETAIL_INODE_READ_CALLS	0
APPEND_READ_1280K_VOLUME_FLUSH_DETAIL_INODE_READ_SAMPLES	0
APPEND_READ_1280K_VOLUME_FLUSH_DETAIL_INODE_READ_SAMPLE_TICKS	0
APPEND_READ_1280K_VOLUME_FLUSH_DETAIL_INODE_VALIDATE_CALLS	0
APPEND_READ_1280K_VOLUME_FLUSH_DETAIL_INODE_VALIDATE_SAMPLES	0
APPEND_READ_1280K_VOLUME_FLUSH_DETAIL_INODE_VALIDATE_SAMPLE_TICKS	0
APPEND_READ_1280K_VOLUME_FLUSH_DETAIL_INODE_SEARCH_CALLS	0
APPEND_READ_1280K_VOLUME_FLUSH_DETAIL_INODE_SEARCH_SAMPLES	0
APPEND_READ_1280K_VOLUME_FLUSH_DETAIL_INODE_SEARCH_SAMPLE_TICKS	0
APPEND_READ_1280K_VOLUME_FLUSH_DETAIL_INODE_NODE_VIEW_CALLS	0
APPEND_READ_1280K_VOLUME_FLUSH_DETAIL_INODE_NODE_VIEW_SAMPLES	0
APPEND_READ_1280K_VOLUME_FLUSH_DETAIL_INODE_NODE_VIEW_SAMPLE_TICKS	0
APPEND_READ_1280K_VOLUME_FLUSH_DETAIL_DIR_NODE_VIEW_CALLS	0
APPEND_READ_1280K_VOLUME_FLUSH_DETAIL_DIR_NODE_VIEW_SAMPLES	0
APPEND_READ_1280K_VOLUME_FLUSH_DETAIL_DIR_NODE_VIEW_SAMPLE_TICKS	0
APPEND_READ_1280K_VOLUME_FLUSH_DETAIL_INODE_BINARY_SEARCH_CALLS	0
APPEND_READ_1280K_VOLUME_FLUSH_DETAIL_INODE_BINARY_SEARCH_SAMPLES	0
APPEND_READ_1280K_VOLUME_FLUSH_DETAIL_INODE_BINARY_SEARCH_SAMPLE_TICKS	0
APPEND_READ_1280K_VOLUME_FLUSH_DETAIL_DIR_BINARY_SEARCH_CALLS	0
APPEND_READ_1280K_VOLUME_FLUSH_DETAIL_DIR_BINARY_SEARCH_SAMPLES	0
APPEND_READ_1280K_VOLUME_FLUSH_DETAIL_DIR_BINARY_SEARCH_SAMPLE_TICKS	0
APPEND_READ_1280K_VOLUME_FLUSH_DETAIL_NODE_STRUCTURE_CALLS	0
APPEND_READ_1280K_VOLUME_FLUSH_DETAIL_NODE_STRUCTURE_SAMPLES	0
APPEND_READ_1280K_VOLUME_FLUSH_DETAIL_NODE_STRUCTURE_SAMPLE_TICKS	0
APPEND_READ_1280K_VOLUME_FLUSH_DETAIL_CACHE_PEEK_CALLS	0
APPEND_READ_1280K_VOLUME_FLUSH_DETAIL_CACHE_PEEK_SAMPLES	0
APPEND_READ_1280K_VOLUME_FLUSH_DETAIL_CACHE_PEEK_SAMPLE_TICKS	0
APPEND_READ_1280K_VOLUME_FLUSH_DETAIL_BUFFER_ALLOC_CALLS	0
APPEND_READ_1280K_VOLUME_FLUSH_DETAIL_BUFFER_ALLOC_SAMPLES	0
APPEND_READ_1280K_VOLUME_FLUSH_DETAIL_BUFFER_ALLOC_SAMPLE_TICKS	0
APPEND_READ_1280K_VOLUME_FLUSH_DETAIL_BUFFER_FREE_CALLS	0
APPEND_READ_1280K_VOLUME_FLUSH_DETAIL_BUFFER_FREE_SAMPLES	0
APPEND_READ_1280K_VOLUME_FLUSH_DETAIL_BUFFER_FREE_SAMPLE_TICKS	0
APPEND_READ_1280K_VOLUME_FLUSH_DETAIL_EXALL_FILL_CALLS	0
APPEND_READ_1280K_VOLUME_FLUSH_DETAIL_EXALL_FILL_SAMPLES	0
APPEND_READ_1280K_VOLUME_FLUSH_DETAIL_EXALL_FILL_SAMPLE_TICKS	0
APPEND_READ_1280K_VOLUME_FLUSH_FREESPACE_ALLOCS	0
LIST_EXNEXT_40_ENTRIES_FIRST_PASS_US	5055
LIST_EXNEXT_40_ENTRIES_FIRST_PASS_WORK_US	5055
LIST_EXNEXT_40_ENTRIES_FIRST_PASS_VOLUME_FLUSH_US	0
LIST_EXNEXT_40_ENTRIES_FIRST_PASS_HAS_VOLUME_FLUSH	0
LIST_EXNEXT_40_ENTRIES_FIRST_PASS_GUEST_OPEN_CALLS	0
LIST_EXNEXT_40_ENTRIES_FIRST_PASS_GUEST_OPEN_US	0
LIST_EXNEXT_40_ENTRIES_FIRST_PASS_GUEST_READ_CALLS	0
LIST_EXNEXT_40_ENTRIES_FIRST_PASS_GUEST_READ_US	0
LIST_EXNEXT_40_ENTRIES_FIRST_PASS_GUEST_WRITE_CALLS	0
LIST_EXNEXT_40_ENTRIES_FIRST_PASS_GUEST_WRITE_US	0
LIST_EXNEXT_40_ENTRIES_FIRST_PASS_GUEST_HANDLE_FLUSH_CALLS	0
LIST_EXNEXT_40_ENTRIES_FIRST_PASS_GUEST_HANDLE_FLUSH_US	0
LIST_EXNEXT_40_ENTRIES_FIRST_PASS_GUEST_CLOSE_CALLS	0
LIST_EXNEXT_40_ENTRIES_FIRST_PASS_GUEST_CLOSE_US	0
LIST_EXNEXT_40_ENTRIES_FIRST_PASS_GUEST_VERIFY_CALLS	0
LIST_EXNEXT_40_ENTRIES_FIRST_PASS_GUEST_VERIFY_US	0
LIST_EXNEXT_40_ENTRIES_FIRST_PASS_WORK_BIO_READS	3
LIST_EXNEXT_40_ENTRIES_FIRST_PASS_WORK_BIO_WRITES	0
LIST_EXNEXT_40_ENTRIES_FIRST_PASS_WORK_BIO_UPDATES	0
LIST_EXNEXT_40_ENTRIES_FIRST_PASS_WORK_DATA_READS	0
LIST_EXNEXT_40_ENTRIES_FIRST_PASS_WORK_DATA_WRITES	0
LIST_EXNEXT_40_ENTRIES_FIRST_PASS_WORK_NODE_WRITES	0
LIST_EXNEXT_40_ENTRIES_FIRST_PASS_WORK_TXN_COMMITS	0
LIST_EXNEXT_40_ENTRIES_FIRST_PASS_WORK_EXTENT_MAPS	0
LIST_EXNEXT_40_ENTRIES_FIRST_PASS_WORK_READ_TICKS	226
LIST_EXNEXT_40_ENTRIES_FIRST_PASS_WORK_WRITE_TICKS	0
LIST_EXNEXT_40_ENTRIES_FIRST_PASS_WORK_UPDATE_TICKS	0
LIST_EXNEXT_40_ENTRIES_FIRST_PASS_WORK_DATA_READ_TICKS	0
LIST_EXNEXT_40_ENTRIES_FIRST_PASS_WORK_DATA_WRITE_TICKS	0
LIST_EXNEXT_40_ENTRIES_FIRST_PASS_WORK_NODE_CRC_READ_CALLS	3
LIST_EXNEXT_40_ENTRIES_FIRST_PASS_WORK_NODE_CRC_READ_SAMPLES	3
LIST_EXNEXT_40_ENTRIES_FIRST_PASS_WORK_NODE_CRC_READ_SAMPLE_TICKS	407
LIST_EXNEXT_40_ENTRIES_FIRST_PASS_WORK_NODE_CRC_WRITE_CALLS	0
LIST_EXNEXT_40_ENTRIES_FIRST_PASS_WORK_NODE_CRC_WRITE_SAMPLES	0
LIST_EXNEXT_40_ENTRIES_FIRST_PASS_WORK_NODE_CRC_WRITE_SAMPLE_TICKS	0
LIST_EXNEXT_40_ENTRIES_FIRST_PASS_WORK_CLOCK_PAIR_TICKS	0
LIST_EXNEXT_40_ENTRIES_FIRST_PASS_WORK_PACKET_CALLS	44
LIST_EXNEXT_40_ENTRIES_FIRST_PASS_WORK_PACKET_SAMPLES	44
LIST_EXNEXT_40_ENTRIES_FIRST_PASS_WORK_PACKET_SAMPLE_TICKS	2814
LIST_EXNEXT_40_ENTRIES_FIRST_PASS_WORK_PACKET_OPEN_CALLS	0
LIST_EXNEXT_40_ENTRIES_FIRST_PASS_WORK_PACKET_OPEN_SAMPLES	0
LIST_EXNEXT_40_ENTRIES_FIRST_PASS_WORK_PACKET_OPEN_SAMPLE_TICKS	0
LIST_EXNEXT_40_ENTRIES_FIRST_PASS_WORK_PACKET_READ_CALLS	0
LIST_EXNEXT_40_ENTRIES_FIRST_PASS_WORK_PACKET_READ_SAMPLES	0
LIST_EXNEXT_40_ENTRIES_FIRST_PASS_WORK_PACKET_READ_SAMPLE_TICKS	0
LIST_EXNEXT_40_ENTRIES_FIRST_PASS_WORK_PACKET_WRITE_CALLS	0
LIST_EXNEXT_40_ENTRIES_FIRST_PASS_WORK_PACKET_WRITE_SAMPLES	0
LIST_EXNEXT_40_ENTRIES_FIRST_PASS_WORK_PACKET_WRITE_SAMPLE_TICKS	0
LIST_EXNEXT_40_ENTRIES_FIRST_PASS_WORK_PACKET_END_CALLS	0
LIST_EXNEXT_40_ENTRIES_FIRST_PASS_WORK_PACKET_END_SAMPLES	0
LIST_EXNEXT_40_ENTRIES_FIRST_PASS_WORK_PACKET_END_SAMPLE_TICKS	0
LIST_EXNEXT_40_ENTRIES_FIRST_PASS_WORK_PACKET_DELETE_CALLS	0
LIST_EXNEXT_40_ENTRIES_FIRST_PASS_WORK_PACKET_DELETE_SAMPLES	0
LIST_EXNEXT_40_ENTRIES_FIRST_PASS_WORK_PACKET_DELETE_SAMPLE_TICKS	0
LIST_EXNEXT_40_ENTRIES_FIRST_PASS_WORK_PACKET_FLUSH_CALLS	0
LIST_EXNEXT_40_ENTRIES_FIRST_PASS_WORK_PACKET_FLUSH_SAMPLES	0
LIST_EXNEXT_40_ENTRIES_FIRST_PASS_WORK_PACKET_FLUSH_SAMPLE_TICKS	0
LIST_EXNEXT_40_ENTRIES_FIRST_PASS_WORK_PACKET_OTHER_CALLS	44
LIST_EXNEXT_40_ENTRIES_FIRST_PASS_WORK_PACKET_OTHER_SAMPLES	44
LIST_EXNEXT_40_ENTRIES_FIRST_PASS_WORK_PACKET_OTHER_SAMPLE_TICKS	2814
LIST_EXNEXT_40_ENTRIES_FIRST_PASS_WORK_CORE_CREATE_CALLS	0
LIST_EXNEXT_40_ENTRIES_FIRST_PASS_WORK_CORE_CREATE_SAMPLES	0
LIST_EXNEXT_40_ENTRIES_FIRST_PASS_WORK_CORE_CREATE_SAMPLE_TICKS	0
LIST_EXNEXT_40_ENTRIES_FIRST_PASS_WORK_CORE_DELETE_CALLS	0
LIST_EXNEXT_40_ENTRIES_FIRST_PASS_WORK_CORE_DELETE_SAMPLES	0
LIST_EXNEXT_40_ENTRIES_FIRST_PASS_WORK_CORE_DELETE_SAMPLE_TICKS	0
LIST_EXNEXT_40_ENTRIES_FIRST_PASS_WORK_CORE_FILE_WRITE_CALLS	0
LIST_EXNEXT_40_ENTRIES_FIRST_PASS_WORK_CORE_FILE_WRITE_SAMPLES	0
LIST_EXNEXT_40_ENTRIES_FIRST_PASS_WORK_CORE_FILE_WRITE_SAMPLE_TICKS	0
LIST_EXNEXT_40_ENTRIES_FIRST_PASS_WORK_CORE_SYNC_CALLS	0
LIST_EXNEXT_40_ENTRIES_FIRST_PASS_WORK_CORE_SYNC_SAMPLES	0
LIST_EXNEXT_40_ENTRIES_FIRST_PASS_WORK_CORE_SYNC_SAMPLE_TICKS	0
LIST_EXNEXT_40_ENTRIES_FIRST_PASS_WORK_IFACE_FREE_CALLS	0
LIST_EXNEXT_40_ENTRIES_FIRST_PASS_WORK_IFACE_FREE_SAMPLES	0
LIST_EXNEXT_40_ENTRIES_FIRST_PASS_WORK_IFACE_FREE_SAMPLE_TICKS	0
LIST_EXNEXT_40_ENTRIES_FIRST_PASS_WORK_SEAL_COMMIT_CALLS	0
LIST_EXNEXT_40_ENTRIES_FIRST_PASS_WORK_SEAL_COMMIT_SAMPLES	0
LIST_EXNEXT_40_ENTRIES_FIRST_PASS_WORK_SEAL_COMMIT_SAMPLE_TICKS	0
LIST_EXNEXT_40_ENTRIES_FIRST_PASS_WORK_INODE_READ_CALLS	41
LIST_EXNEXT_40_ENTRIES_FIRST_PASS_WORK_BTREE_SEARCH_CALLS	42
LIST_EXNEXT_40_ENTRIES_FIRST_PASS_WORK_BTREE_INDEX_HINT_HITS	0
LIST_EXNEXT_40_ENTRIES_FIRST_PASS_WORK_BTREE_LEAF_HINT_HITS	39
LIST_EXNEXT_40_ENTRIES_FIRST_PASS_WORK_CACHE_READ_CALLS	5
LIST_EXNEXT_40_ENTRIES_FIRST_PASS_WORK_CACHE_READ_HITS	2
LIST_EXNEXT_40_ENTRIES_FIRST_PASS_WORK_CACHE_READ_MISSES	3
LIST_EXNEXT_40_ENTRIES_FIRST_PASS_WORK_FREE_TREE_NODE_VIEWS	0
LIST_EXNEXT_40_ENTRIES_FIRST_PASS_WORK_FREE_TREE_RESIDENT_VIEWS	0
LIST_EXNEXT_40_ENTRIES_FIRST_PASS_WORK_DIR_TREE_NODE_VIEWS	10
LIST_EXNEXT_40_ENTRIES_FIRST_PASS_WORK_DIR_TREE_RESIDENT_VIEWS	8
LIST_EXNEXT_40_ENTRIES_FIRST_PASS_WORK_INODE_TREE_NODE_VIEWS	4
LIST_EXNEXT_40_ENTRIES_FIRST_PASS_WORK_INODE_TREE_RESIDENT_VIEWS	1
LIST_EXNEXT_40_ENTRIES_FIRST_PASS_WORK_REFCOUNT_TREE_NODE_VIEWS	0
LIST_EXNEXT_40_ENTRIES_FIRST_PASS_WORK_REFCOUNT_TREE_RESIDENT_VIEWS	0
LIST_EXNEXT_40_ENTRIES_FIRST_PASS_WORK_OTHER_TREE_NODE_VIEWS	0
LIST_EXNEXT_40_ENTRIES_FIRST_PASS_WORK_OTHER_TREE_RESIDENT_VIEWS	0
LIST_EXNEXT_40_ENTRIES_FIRST_PASS_WORK_WRITE_DETAIL_INODE_READ_CALLS	41
LIST_EXNEXT_40_ENTRIES_FIRST_PASS_WORK_WRITE_DETAIL_INODE_READ_SAMPLES	41
LIST_EXNEXT_40_ENTRIES_FIRST_PASS_WORK_WRITE_DETAIL_INODE_READ_SAMPLE_TICKS	1286
LIST_EXNEXT_40_ENTRIES_FIRST_PASS_WORK_WRITE_DETAIL_INODE_WRITE_CALLS	0
LIST_EXNEXT_40_ENTRIES_FIRST_PASS_WORK_WRITE_DETAIL_INODE_WRITE_SAMPLES	0
LIST_EXNEXT_40_ENTRIES_FIRST_PASS_WORK_WRITE_DETAIL_INODE_WRITE_SAMPLE_TICKS	0
LIST_EXNEXT_40_ENTRIES_FIRST_PASS_WORK_WRITE_DETAIL_EXTENT_MAP_CALLS	0
LIST_EXNEXT_40_ENTRIES_FIRST_PASS_WORK_WRITE_DETAIL_EXTENT_MAP_SAMPLES	0
LIST_EXNEXT_40_ENTRIES_FIRST_PASS_WORK_WRITE_DETAIL_EXTENT_MAP_SAMPLE_TICKS	0
LIST_EXNEXT_40_ENTRIES_FIRST_PASS_WORK_WRITE_DETAIL_FREESPACE_GOAL_CALLS	0
LIST_EXNEXT_40_ENTRIES_FIRST_PASS_WORK_WRITE_DETAIL_FREESPACE_GOAL_SAMPLES	0
LIST_EXNEXT_40_ENTRIES_FIRST_PASS_WORK_WRITE_DETAIL_FREESPACE_GOAL_SAMPLE_TICKS	0
LIST_EXNEXT_40_ENTRIES_FIRST_PASS_WORK_BTREE_MALLOC_CALLS	2
LIST_EXNEXT_40_ENTRIES_FIRST_PASS_WORK_BTREE_MALLOC_SAMPLES	2
LIST_EXNEXT_40_ENTRIES_FIRST_PASS_WORK_BTREE_MALLOC_SAMPLE_TICKS	0
LIST_EXNEXT_40_ENTRIES_FIRST_PASS_WORK_BTREE_FREE_CALLS	6
LIST_EXNEXT_40_ENTRIES_FIRST_PASS_WORK_BTREE_FREE_SAMPLES	6
LIST_EXNEXT_40_ENTRIES_FIRST_PASS_WORK_BTREE_FREE_SAMPLE_TICKS	46
LIST_EXNEXT_40_ENTRIES_FIRST_PASS_WORK_IFACE_ALLOC_CALLS	0
LIST_EXNEXT_40_ENTRIES_FIRST_PASS_WORK_IFACE_ALLOC_SAMPLES	0
LIST_EXNEXT_40_ENTRIES_FIRST_PASS_WORK_IFACE_ALLOC_SAMPLE_TICKS	0
LIST_EXNEXT_40_ENTRIES_FIRST_PASS_WORK_FREESPACE_ALLOC_CALLS	0
LIST_EXNEXT_40_ENTRIES_FIRST_PASS_WORK_FREESPACE_ALLOC_SAMPLES	0
LIST_EXNEXT_40_ENTRIES_FIRST_PASS_WORK_FREESPACE_ALLOC_SAMPLE_TICKS	0
LIST_EXNEXT_40_ENTRIES_FIRST_PASS_WORK_DETAIL_INODE_READ_CALLS	41
LIST_EXNEXT_40_ENTRIES_FIRST_PASS_WORK_DETAIL_INODE_READ_SAMPLES	2
LIST_EXNEXT_40_ENTRIES_FIRST_PASS_WORK_DETAIL_INODE_READ_SAMPLE_TICKS	52
LIST_EXNEXT_40_ENTRIES_FIRST_PASS_WORK_DETAIL_INODE_VALIDATE_CALLS	41
LIST_EXNEXT_40_ENTRIES_FIRST_PASS_WORK_DETAIL_INODE_VALIDATE_SAMPLES	2
LIST_EXNEXT_40_ENTRIES_FIRST_PASS_WORK_DETAIL_INODE_VALIDATE_SAMPLE_TICKS	0
LIST_EXNEXT_40_ENTRIES_FIRST_PASS_WORK_DETAIL_INODE_SEARCH_CALLS	41
LIST_EXNEXT_40_ENTRIES_FIRST_PASS_WORK_DETAIL_INODE_SEARCH_SAMPLES	2
LIST_EXNEXT_40_ENTRIES_FIRST_PASS_WORK_DETAIL_INODE_SEARCH_SAMPLE_TICKS	43
LIST_EXNEXT_40_ENTRIES_FIRST_PASS_WORK_DETAIL_INODE_NODE_VIEW_CALLS	4
LIST_EXNEXT_40_ENTRIES_FIRST_PASS_WORK_DETAIL_INODE_NODE_VIEW_SAMPLES	0
LIST_EXNEXT_40_ENTRIES_FIRST_PASS_WORK_DETAIL_INODE_NODE_VIEW_SAMPLE_TICKS	0
LIST_EXNEXT_40_ENTRIES_FIRST_PASS_WORK_DETAIL_DIR_NODE_VIEW_CALLS	10
LIST_EXNEXT_40_ENTRIES_FIRST_PASS_WORK_DETAIL_DIR_NODE_VIEW_SAMPLES	0
LIST_EXNEXT_40_ENTRIES_FIRST_PASS_WORK_DETAIL_DIR_NODE_VIEW_SAMPLE_TICKS	0
LIST_EXNEXT_40_ENTRIES_FIRST_PASS_WORK_DETAIL_INODE_BINARY_SEARCH_CALLS	31
LIST_EXNEXT_40_ENTRIES_FIRST_PASS_WORK_DETAIL_INODE_BINARY_SEARCH_SAMPLES	1
LIST_EXNEXT_40_ENTRIES_FIRST_PASS_WORK_DETAIL_INODE_BINARY_SEARCH_SAMPLE_TICKS	0
LIST_EXNEXT_40_ENTRIES_FIRST_PASS_WORK_DETAIL_DIR_BINARY_SEARCH_CALLS	9
LIST_EXNEXT_40_ENTRIES_FIRST_PASS_WORK_DETAIL_DIR_BINARY_SEARCH_SAMPLES	0
LIST_EXNEXT_40_ENTRIES_FIRST_PASS_WORK_DETAIL_DIR_BINARY_SEARCH_SAMPLE_TICKS	0
LIST_EXNEXT_40_ENTRIES_FIRST_PASS_WORK_DETAIL_NODE_STRUCTURE_CALLS	5
LIST_EXNEXT_40_ENTRIES_FIRST_PASS_WORK_DETAIL_NODE_STRUCTURE_SAMPLES	0
LIST_EXNEXT_40_ENTRIES_FIRST_PASS_WORK_DETAIL_NODE_STRUCTURE_SAMPLE_TICKS	0
LIST_EXNEXT_40_ENTRIES_FIRST_PASS_WORK_DETAIL_CACHE_PEEK_CALLS	54
LIST_EXNEXT_40_ENTRIES_FIRST_PASS_WORK_DETAIL_CACHE_PEEK_SAMPLES	3
LIST_EXNEXT_40_ENTRIES_FIRST_PASS_WORK_DETAIL_CACHE_PEEK_SAMPLE_TICKS	0
LIST_EXNEXT_40_ENTRIES_FIRST_PASS_WORK_DETAIL_BUFFER_ALLOC_CALLS	8
LIST_EXNEXT_40_ENTRIES_FIRST_PASS_WORK_DETAIL_BUFFER_ALLOC_SAMPLES	0
LIST_EXNEXT_40_ENTRIES_FIRST_PASS_WORK_DETAIL_BUFFER_ALLOC_SAMPLE_TICKS	0
LIST_EXNEXT_40_ENTRIES_FIRST_PASS_WORK_DETAIL_BUFFER_FREE_CALLS	8
LIST_EXNEXT_40_ENTRIES_FIRST_PASS_WORK_DETAIL_BUFFER_FREE_SAMPLES	0
LIST_EXNEXT_40_ENTRIES_FIRST_PASS_WORK_DETAIL_BUFFER_FREE_SAMPLE_TICKS	0
LIST_EXNEXT_40_ENTRIES_FIRST_PASS_WORK_DETAIL_EXALL_FILL_CALLS	0
LIST_EXNEXT_40_ENTRIES_FIRST_PASS_WORK_DETAIL_EXALL_FILL_SAMPLES	0
LIST_EXNEXT_40_ENTRIES_FIRST_PASS_WORK_DETAIL_EXALL_FILL_SAMPLE_TICKS	0
LIST_EXNEXT_40_ENTRIES_FIRST_PASS_WORK_FREESPACE_ALLOCS	0
LIST_EXNEXT_40_ENTRIES_FIRST_PASS_VOLUME_FLUSH_BIO_READS	0
LIST_EXNEXT_40_ENTRIES_FIRST_PASS_VOLUME_FLUSH_BIO_WRITES	0
LIST_EXNEXT_40_ENTRIES_FIRST_PASS_VOLUME_FLUSH_BIO_UPDATES	0
LIST_EXNEXT_40_ENTRIES_FIRST_PASS_VOLUME_FLUSH_DATA_READS	0
LIST_EXNEXT_40_ENTRIES_FIRST_PASS_VOLUME_FLUSH_DATA_WRITES	0
LIST_EXNEXT_40_ENTRIES_FIRST_PASS_VOLUME_FLUSH_NODE_WRITES	0
LIST_EXNEXT_40_ENTRIES_FIRST_PASS_VOLUME_FLUSH_TXN_COMMITS	0
LIST_EXNEXT_40_ENTRIES_FIRST_PASS_VOLUME_FLUSH_EXTENT_MAPS	0
LIST_EXNEXT_40_ENTRIES_FIRST_PASS_VOLUME_FLUSH_READ_TICKS	0
LIST_EXNEXT_40_ENTRIES_FIRST_PASS_VOLUME_FLUSH_WRITE_TICKS	0
LIST_EXNEXT_40_ENTRIES_FIRST_PASS_VOLUME_FLUSH_UPDATE_TICKS	0
LIST_EXNEXT_40_ENTRIES_FIRST_PASS_VOLUME_FLUSH_DATA_READ_TICKS	0
LIST_EXNEXT_40_ENTRIES_FIRST_PASS_VOLUME_FLUSH_DATA_WRITE_TICKS	0
LIST_EXNEXT_40_ENTRIES_FIRST_PASS_VOLUME_FLUSH_NODE_CRC_READ_CALLS	0
LIST_EXNEXT_40_ENTRIES_FIRST_PASS_VOLUME_FLUSH_NODE_CRC_READ_SAMPLES	0
LIST_EXNEXT_40_ENTRIES_FIRST_PASS_VOLUME_FLUSH_NODE_CRC_READ_SAMPLE_TICKS	0
LIST_EXNEXT_40_ENTRIES_FIRST_PASS_VOLUME_FLUSH_NODE_CRC_WRITE_CALLS	0
LIST_EXNEXT_40_ENTRIES_FIRST_PASS_VOLUME_FLUSH_NODE_CRC_WRITE_SAMPLES	0
LIST_EXNEXT_40_ENTRIES_FIRST_PASS_VOLUME_FLUSH_NODE_CRC_WRITE_SAMPLE_TICKS	0
LIST_EXNEXT_40_ENTRIES_FIRST_PASS_VOLUME_FLUSH_CLOCK_PAIR_TICKS	0
LIST_EXNEXT_40_ENTRIES_FIRST_PASS_VOLUME_FLUSH_PACKET_CALLS	0
LIST_EXNEXT_40_ENTRIES_FIRST_PASS_VOLUME_FLUSH_PACKET_SAMPLES	0
LIST_EXNEXT_40_ENTRIES_FIRST_PASS_VOLUME_FLUSH_PACKET_SAMPLE_TICKS	0
LIST_EXNEXT_40_ENTRIES_FIRST_PASS_VOLUME_FLUSH_PACKET_OPEN_CALLS	0
LIST_EXNEXT_40_ENTRIES_FIRST_PASS_VOLUME_FLUSH_PACKET_OPEN_SAMPLES	0
LIST_EXNEXT_40_ENTRIES_FIRST_PASS_VOLUME_FLUSH_PACKET_OPEN_SAMPLE_TICKS	0
LIST_EXNEXT_40_ENTRIES_FIRST_PASS_VOLUME_FLUSH_PACKET_READ_CALLS	0
LIST_EXNEXT_40_ENTRIES_FIRST_PASS_VOLUME_FLUSH_PACKET_READ_SAMPLES	0
LIST_EXNEXT_40_ENTRIES_FIRST_PASS_VOLUME_FLUSH_PACKET_READ_SAMPLE_TICKS	0
LIST_EXNEXT_40_ENTRIES_FIRST_PASS_VOLUME_FLUSH_PACKET_WRITE_CALLS	0
LIST_EXNEXT_40_ENTRIES_FIRST_PASS_VOLUME_FLUSH_PACKET_WRITE_SAMPLES	0
LIST_EXNEXT_40_ENTRIES_FIRST_PASS_VOLUME_FLUSH_PACKET_WRITE_SAMPLE_TICKS	0
LIST_EXNEXT_40_ENTRIES_FIRST_PASS_VOLUME_FLUSH_PACKET_END_CALLS	0
LIST_EXNEXT_40_ENTRIES_FIRST_PASS_VOLUME_FLUSH_PACKET_END_SAMPLES	0
LIST_EXNEXT_40_ENTRIES_FIRST_PASS_VOLUME_FLUSH_PACKET_END_SAMPLE_TICKS	0
LIST_EXNEXT_40_ENTRIES_FIRST_PASS_VOLUME_FLUSH_PACKET_DELETE_CALLS	0
LIST_EXNEXT_40_ENTRIES_FIRST_PASS_VOLUME_FLUSH_PACKET_DELETE_SAMPLES	0
LIST_EXNEXT_40_ENTRIES_FIRST_PASS_VOLUME_FLUSH_PACKET_DELETE_SAMPLE_TICKS	0
LIST_EXNEXT_40_ENTRIES_FIRST_PASS_VOLUME_FLUSH_PACKET_FLUSH_CALLS	0
LIST_EXNEXT_40_ENTRIES_FIRST_PASS_VOLUME_FLUSH_PACKET_FLUSH_SAMPLES	0
LIST_EXNEXT_40_ENTRIES_FIRST_PASS_VOLUME_FLUSH_PACKET_FLUSH_SAMPLE_TICKS	0
LIST_EXNEXT_40_ENTRIES_FIRST_PASS_VOLUME_FLUSH_PACKET_OTHER_CALLS	0
LIST_EXNEXT_40_ENTRIES_FIRST_PASS_VOLUME_FLUSH_PACKET_OTHER_SAMPLES	0
LIST_EXNEXT_40_ENTRIES_FIRST_PASS_VOLUME_FLUSH_PACKET_OTHER_SAMPLE_TICKS	0
LIST_EXNEXT_40_ENTRIES_FIRST_PASS_VOLUME_FLUSH_CORE_CREATE_CALLS	0
LIST_EXNEXT_40_ENTRIES_FIRST_PASS_VOLUME_FLUSH_CORE_CREATE_SAMPLES	0
LIST_EXNEXT_40_ENTRIES_FIRST_PASS_VOLUME_FLUSH_CORE_CREATE_SAMPLE_TICKS	0
LIST_EXNEXT_40_ENTRIES_FIRST_PASS_VOLUME_FLUSH_CORE_DELETE_CALLS	0
LIST_EXNEXT_40_ENTRIES_FIRST_PASS_VOLUME_FLUSH_CORE_DELETE_SAMPLES	0
LIST_EXNEXT_40_ENTRIES_FIRST_PASS_VOLUME_FLUSH_CORE_DELETE_SAMPLE_TICKS	0
LIST_EXNEXT_40_ENTRIES_FIRST_PASS_VOLUME_FLUSH_CORE_FILE_WRITE_CALLS	0
LIST_EXNEXT_40_ENTRIES_FIRST_PASS_VOLUME_FLUSH_CORE_FILE_WRITE_SAMPLES	0
LIST_EXNEXT_40_ENTRIES_FIRST_PASS_VOLUME_FLUSH_CORE_FILE_WRITE_SAMPLE_TICKS	0
LIST_EXNEXT_40_ENTRIES_FIRST_PASS_VOLUME_FLUSH_CORE_SYNC_CALLS	0
LIST_EXNEXT_40_ENTRIES_FIRST_PASS_VOLUME_FLUSH_CORE_SYNC_SAMPLES	0
LIST_EXNEXT_40_ENTRIES_FIRST_PASS_VOLUME_FLUSH_CORE_SYNC_SAMPLE_TICKS	0
LIST_EXNEXT_40_ENTRIES_FIRST_PASS_VOLUME_FLUSH_IFACE_FREE_CALLS	0
LIST_EXNEXT_40_ENTRIES_FIRST_PASS_VOLUME_FLUSH_IFACE_FREE_SAMPLES	0
LIST_EXNEXT_40_ENTRIES_FIRST_PASS_VOLUME_FLUSH_IFACE_FREE_SAMPLE_TICKS	0
LIST_EXNEXT_40_ENTRIES_FIRST_PASS_VOLUME_FLUSH_SEAL_COMMIT_CALLS	0
LIST_EXNEXT_40_ENTRIES_FIRST_PASS_VOLUME_FLUSH_SEAL_COMMIT_SAMPLES	0
LIST_EXNEXT_40_ENTRIES_FIRST_PASS_VOLUME_FLUSH_SEAL_COMMIT_SAMPLE_TICKS	0
LIST_EXNEXT_40_ENTRIES_FIRST_PASS_VOLUME_FLUSH_INODE_READ_CALLS	0
LIST_EXNEXT_40_ENTRIES_FIRST_PASS_VOLUME_FLUSH_BTREE_SEARCH_CALLS	0
LIST_EXNEXT_40_ENTRIES_FIRST_PASS_VOLUME_FLUSH_BTREE_INDEX_HINT_HITS	0
LIST_EXNEXT_40_ENTRIES_FIRST_PASS_VOLUME_FLUSH_BTREE_LEAF_HINT_HITS	0
LIST_EXNEXT_40_ENTRIES_FIRST_PASS_VOLUME_FLUSH_CACHE_READ_CALLS	0
LIST_EXNEXT_40_ENTRIES_FIRST_PASS_VOLUME_FLUSH_CACHE_READ_HITS	0
LIST_EXNEXT_40_ENTRIES_FIRST_PASS_VOLUME_FLUSH_CACHE_READ_MISSES	0
LIST_EXNEXT_40_ENTRIES_FIRST_PASS_VOLUME_FLUSH_FREE_TREE_NODE_VIEWS	0
LIST_EXNEXT_40_ENTRIES_FIRST_PASS_VOLUME_FLUSH_FREE_TREE_RESIDENT_VIEWS	0
LIST_EXNEXT_40_ENTRIES_FIRST_PASS_VOLUME_FLUSH_DIR_TREE_NODE_VIEWS	0
LIST_EXNEXT_40_ENTRIES_FIRST_PASS_VOLUME_FLUSH_DIR_TREE_RESIDENT_VIEWS	0
LIST_EXNEXT_40_ENTRIES_FIRST_PASS_VOLUME_FLUSH_INODE_TREE_NODE_VIEWS	0
LIST_EXNEXT_40_ENTRIES_FIRST_PASS_VOLUME_FLUSH_INODE_TREE_RESIDENT_VIEWS	0
LIST_EXNEXT_40_ENTRIES_FIRST_PASS_VOLUME_FLUSH_REFCOUNT_TREE_NODE_VIEWS	0
LIST_EXNEXT_40_ENTRIES_FIRST_PASS_VOLUME_FLUSH_REFCOUNT_TREE_RESIDENT_VIEWS	0
LIST_EXNEXT_40_ENTRIES_FIRST_PASS_VOLUME_FLUSH_OTHER_TREE_NODE_VIEWS	0
LIST_EXNEXT_40_ENTRIES_FIRST_PASS_VOLUME_FLUSH_OTHER_TREE_RESIDENT_VIEWS	0
LIST_EXNEXT_40_ENTRIES_FIRST_PASS_VOLUME_FLUSH_WRITE_DETAIL_INODE_READ_CALLS	0
LIST_EXNEXT_40_ENTRIES_FIRST_PASS_VOLUME_FLUSH_WRITE_DETAIL_INODE_READ_SAMPLES	0
LIST_EXNEXT_40_ENTRIES_FIRST_PASS_VOLUME_FLUSH_WRITE_DETAIL_INODE_READ_SAMPLE_TICKS	0
LIST_EXNEXT_40_ENTRIES_FIRST_PASS_VOLUME_FLUSH_WRITE_DETAIL_INODE_WRITE_CALLS	0
LIST_EXNEXT_40_ENTRIES_FIRST_PASS_VOLUME_FLUSH_WRITE_DETAIL_INODE_WRITE_SAMPLES	0
LIST_EXNEXT_40_ENTRIES_FIRST_PASS_VOLUME_FLUSH_WRITE_DETAIL_INODE_WRITE_SAMPLE_TICKS	0
LIST_EXNEXT_40_ENTRIES_FIRST_PASS_VOLUME_FLUSH_WRITE_DETAIL_EXTENT_MAP_CALLS	0
LIST_EXNEXT_40_ENTRIES_FIRST_PASS_VOLUME_FLUSH_WRITE_DETAIL_EXTENT_MAP_SAMPLES	0
LIST_EXNEXT_40_ENTRIES_FIRST_PASS_VOLUME_FLUSH_WRITE_DETAIL_EXTENT_MAP_SAMPLE_TICKS	0
LIST_EXNEXT_40_ENTRIES_FIRST_PASS_VOLUME_FLUSH_WRITE_DETAIL_FREESPACE_GOAL_CALLS	0
LIST_EXNEXT_40_ENTRIES_FIRST_PASS_VOLUME_FLUSH_WRITE_DETAIL_FREESPACE_GOAL_SAMPLES	0
LIST_EXNEXT_40_ENTRIES_FIRST_PASS_VOLUME_FLUSH_WRITE_DETAIL_FREESPACE_GOAL_SAMPLE_TICKS	0
LIST_EXNEXT_40_ENTRIES_FIRST_PASS_VOLUME_FLUSH_BTREE_MALLOC_CALLS	0
LIST_EXNEXT_40_ENTRIES_FIRST_PASS_VOLUME_FLUSH_BTREE_MALLOC_SAMPLES	0
LIST_EXNEXT_40_ENTRIES_FIRST_PASS_VOLUME_FLUSH_BTREE_MALLOC_SAMPLE_TICKS	0
LIST_EXNEXT_40_ENTRIES_FIRST_PASS_VOLUME_FLUSH_BTREE_FREE_CALLS	0
LIST_EXNEXT_40_ENTRIES_FIRST_PASS_VOLUME_FLUSH_BTREE_FREE_SAMPLES	0
LIST_EXNEXT_40_ENTRIES_FIRST_PASS_VOLUME_FLUSH_BTREE_FREE_SAMPLE_TICKS	0
LIST_EXNEXT_40_ENTRIES_FIRST_PASS_VOLUME_FLUSH_IFACE_ALLOC_CALLS	0
LIST_EXNEXT_40_ENTRIES_FIRST_PASS_VOLUME_FLUSH_IFACE_ALLOC_SAMPLES	0
LIST_EXNEXT_40_ENTRIES_FIRST_PASS_VOLUME_FLUSH_IFACE_ALLOC_SAMPLE_TICKS	0
LIST_EXNEXT_40_ENTRIES_FIRST_PASS_VOLUME_FLUSH_FREESPACE_ALLOC_CALLS	0
LIST_EXNEXT_40_ENTRIES_FIRST_PASS_VOLUME_FLUSH_FREESPACE_ALLOC_SAMPLES	0
LIST_EXNEXT_40_ENTRIES_FIRST_PASS_VOLUME_FLUSH_FREESPACE_ALLOC_SAMPLE_TICKS	0
LIST_EXNEXT_40_ENTRIES_FIRST_PASS_VOLUME_FLUSH_DETAIL_INODE_READ_CALLS	0
LIST_EXNEXT_40_ENTRIES_FIRST_PASS_VOLUME_FLUSH_DETAIL_INODE_READ_SAMPLES	0
LIST_EXNEXT_40_ENTRIES_FIRST_PASS_VOLUME_FLUSH_DETAIL_INODE_READ_SAMPLE_TICKS	0
LIST_EXNEXT_40_ENTRIES_FIRST_PASS_VOLUME_FLUSH_DETAIL_INODE_VALIDATE_CALLS	0
LIST_EXNEXT_40_ENTRIES_FIRST_PASS_VOLUME_FLUSH_DETAIL_INODE_VALIDATE_SAMPLES	0
LIST_EXNEXT_40_ENTRIES_FIRST_PASS_VOLUME_FLUSH_DETAIL_INODE_VALIDATE_SAMPLE_TICKS	0
LIST_EXNEXT_40_ENTRIES_FIRST_PASS_VOLUME_FLUSH_DETAIL_INODE_SEARCH_CALLS	0
LIST_EXNEXT_40_ENTRIES_FIRST_PASS_VOLUME_FLUSH_DETAIL_INODE_SEARCH_SAMPLES	0
LIST_EXNEXT_40_ENTRIES_FIRST_PASS_VOLUME_FLUSH_DETAIL_INODE_SEARCH_SAMPLE_TICKS	0
LIST_EXNEXT_40_ENTRIES_FIRST_PASS_VOLUME_FLUSH_DETAIL_INODE_NODE_VIEW_CALLS	0
LIST_EXNEXT_40_ENTRIES_FIRST_PASS_VOLUME_FLUSH_DETAIL_INODE_NODE_VIEW_SAMPLES	0
LIST_EXNEXT_40_ENTRIES_FIRST_PASS_VOLUME_FLUSH_DETAIL_INODE_NODE_VIEW_SAMPLE_TICKS	0
LIST_EXNEXT_40_ENTRIES_FIRST_PASS_VOLUME_FLUSH_DETAIL_DIR_NODE_VIEW_CALLS	0
LIST_EXNEXT_40_ENTRIES_FIRST_PASS_VOLUME_FLUSH_DETAIL_DIR_NODE_VIEW_SAMPLES	0
LIST_EXNEXT_40_ENTRIES_FIRST_PASS_VOLUME_FLUSH_DETAIL_DIR_NODE_VIEW_SAMPLE_TICKS	0
LIST_EXNEXT_40_ENTRIES_FIRST_PASS_VOLUME_FLUSH_DETAIL_INODE_BINARY_SEARCH_CALLS	0
LIST_EXNEXT_40_ENTRIES_FIRST_PASS_VOLUME_FLUSH_DETAIL_INODE_BINARY_SEARCH_SAMPLES	0
LIST_EXNEXT_40_ENTRIES_FIRST_PASS_VOLUME_FLUSH_DETAIL_INODE_BINARY_SEARCH_SAMPLE_TICKS	0
LIST_EXNEXT_40_ENTRIES_FIRST_PASS_VOLUME_FLUSH_DETAIL_DIR_BINARY_SEARCH_CALLS	0
LIST_EXNEXT_40_ENTRIES_FIRST_PASS_VOLUME_FLUSH_DETAIL_DIR_BINARY_SEARCH_SAMPLES	0
LIST_EXNEXT_40_ENTRIES_FIRST_PASS_VOLUME_FLUSH_DETAIL_DIR_BINARY_SEARCH_SAMPLE_TICKS	0
LIST_EXNEXT_40_ENTRIES_FIRST_PASS_VOLUME_FLUSH_DETAIL_NODE_STRUCTURE_CALLS	0
LIST_EXNEXT_40_ENTRIES_FIRST_PASS_VOLUME_FLUSH_DETAIL_NODE_STRUCTURE_SAMPLES	0
LIST_EXNEXT_40_ENTRIES_FIRST_PASS_VOLUME_FLUSH_DETAIL_NODE_STRUCTURE_SAMPLE_TICKS	0
LIST_EXNEXT_40_ENTRIES_FIRST_PASS_VOLUME_FLUSH_DETAIL_CACHE_PEEK_CALLS	0
LIST_EXNEXT_40_ENTRIES_FIRST_PASS_VOLUME_FLUSH_DETAIL_CACHE_PEEK_SAMPLES	0
LIST_EXNEXT_40_ENTRIES_FIRST_PASS_VOLUME_FLUSH_DETAIL_CACHE_PEEK_SAMPLE_TICKS	0
LIST_EXNEXT_40_ENTRIES_FIRST_PASS_VOLUME_FLUSH_DETAIL_BUFFER_ALLOC_CALLS	0
LIST_EXNEXT_40_ENTRIES_FIRST_PASS_VOLUME_FLUSH_DETAIL_BUFFER_ALLOC_SAMPLES	0
LIST_EXNEXT_40_ENTRIES_FIRST_PASS_VOLUME_FLUSH_DETAIL_BUFFER_ALLOC_SAMPLE_TICKS	0
LIST_EXNEXT_40_ENTRIES_FIRST_PASS_VOLUME_FLUSH_DETAIL_BUFFER_FREE_CALLS	0
LIST_EXNEXT_40_ENTRIES_FIRST_PASS_VOLUME_FLUSH_DETAIL_BUFFER_FREE_SAMPLES	0
LIST_EXNEXT_40_ENTRIES_FIRST_PASS_VOLUME_FLUSH_DETAIL_BUFFER_FREE_SAMPLE_TICKS	0
LIST_EXNEXT_40_ENTRIES_FIRST_PASS_VOLUME_FLUSH_DETAIL_EXALL_FILL_CALLS	0
LIST_EXNEXT_40_ENTRIES_FIRST_PASS_VOLUME_FLUSH_DETAIL_EXALL_FILL_SAMPLES	0
LIST_EXNEXT_40_ENTRIES_FIRST_PASS_VOLUME_FLUSH_DETAIL_EXALL_FILL_SAMPLE_TICKS	0
LIST_EXNEXT_40_ENTRIES_FIRST_PASS_VOLUME_FLUSH_FREESPACE_ALLOCS	0
LIST_EXNEXT_40_ENTRIES_REPEAT10_TOTAL_US	31807
LIST_EXNEXT_40_ENTRIES_REPEAT10_TOTAL_WORK_US	31807
LIST_EXNEXT_40_ENTRIES_REPEAT10_TOTAL_VOLUME_FLUSH_US	0
LIST_EXNEXT_40_ENTRIES_REPEAT10_TOTAL_HAS_VOLUME_FLUSH	0
LIST_EXNEXT_40_ENTRIES_REPEAT10_TOTAL_GUEST_OPEN_CALLS	0
LIST_EXNEXT_40_ENTRIES_REPEAT10_TOTAL_GUEST_OPEN_US	0
LIST_EXNEXT_40_ENTRIES_REPEAT10_TOTAL_GUEST_READ_CALLS	0
LIST_EXNEXT_40_ENTRIES_REPEAT10_TOTAL_GUEST_READ_US	0
LIST_EXNEXT_40_ENTRIES_REPEAT10_TOTAL_GUEST_WRITE_CALLS	0
LIST_EXNEXT_40_ENTRIES_REPEAT10_TOTAL_GUEST_WRITE_US	0
LIST_EXNEXT_40_ENTRIES_REPEAT10_TOTAL_GUEST_HANDLE_FLUSH_CALLS	0
LIST_EXNEXT_40_ENTRIES_REPEAT10_TOTAL_GUEST_HANDLE_FLUSH_US	0
LIST_EXNEXT_40_ENTRIES_REPEAT10_TOTAL_GUEST_CLOSE_CALLS	0
LIST_EXNEXT_40_ENTRIES_REPEAT10_TOTAL_GUEST_CLOSE_US	0
LIST_EXNEXT_40_ENTRIES_REPEAT10_TOTAL_GUEST_VERIFY_CALLS	0
LIST_EXNEXT_40_ENTRIES_REPEAT10_TOTAL_GUEST_VERIFY_US	0
LIST_EXNEXT_40_ENTRIES_REPEAT10_TOTAL_WORK_BIO_READS	0
LIST_EXNEXT_40_ENTRIES_REPEAT10_TOTAL_WORK_BIO_WRITES	0
LIST_EXNEXT_40_ENTRIES_REPEAT10_TOTAL_WORK_BIO_UPDATES	0
LIST_EXNEXT_40_ENTRIES_REPEAT10_TOTAL_WORK_DATA_READS	0
LIST_EXNEXT_40_ENTRIES_REPEAT10_TOTAL_WORK_DATA_WRITES	0
LIST_EXNEXT_40_ENTRIES_REPEAT10_TOTAL_WORK_NODE_WRITES	0
LIST_EXNEXT_40_ENTRIES_REPEAT10_TOTAL_WORK_TXN_COMMITS	0
LIST_EXNEXT_40_ENTRIES_REPEAT10_TOTAL_WORK_EXTENT_MAPS	0
LIST_EXNEXT_40_ENTRIES_REPEAT10_TOTAL_WORK_READ_TICKS	0
LIST_EXNEXT_40_ENTRIES_REPEAT10_TOTAL_WORK_WRITE_TICKS	0
LIST_EXNEXT_40_ENTRIES_REPEAT10_TOTAL_WORK_UPDATE_TICKS	0
LIST_EXNEXT_40_ENTRIES_REPEAT10_TOTAL_WORK_DATA_READ_TICKS	0
LIST_EXNEXT_40_ENTRIES_REPEAT10_TOTAL_WORK_DATA_WRITE_TICKS	0
LIST_EXNEXT_40_ENTRIES_REPEAT10_TOTAL_WORK_NODE_CRC_READ_CALLS	0
LIST_EXNEXT_40_ENTRIES_REPEAT10_TOTAL_WORK_NODE_CRC_READ_SAMPLES	0
LIST_EXNEXT_40_ENTRIES_REPEAT10_TOTAL_WORK_NODE_CRC_READ_SAMPLE_TICKS	0
LIST_EXNEXT_40_ENTRIES_REPEAT10_TOTAL_WORK_NODE_CRC_WRITE_CALLS	0
LIST_EXNEXT_40_ENTRIES_REPEAT10_TOTAL_WORK_NODE_CRC_WRITE_SAMPLES	0
LIST_EXNEXT_40_ENTRIES_REPEAT10_TOTAL_WORK_NODE_CRC_WRITE_SAMPLE_TICKS	0
LIST_EXNEXT_40_ENTRIES_REPEAT10_TOTAL_WORK_CLOCK_PAIR_TICKS	0
LIST_EXNEXT_40_ENTRIES_REPEAT10_TOTAL_WORK_PACKET_CALLS	422
LIST_EXNEXT_40_ENTRIES_REPEAT10_TOTAL_WORK_PACKET_SAMPLES	422
LIST_EXNEXT_40_ENTRIES_REPEAT10_TOTAL_WORK_PACKET_SAMPLE_TICKS	15623
LIST_EXNEXT_40_ENTRIES_REPEAT10_TOTAL_WORK_PACKET_OPEN_CALLS	0
LIST_EXNEXT_40_ENTRIES_REPEAT10_TOTAL_WORK_PACKET_OPEN_SAMPLES	0
LIST_EXNEXT_40_ENTRIES_REPEAT10_TOTAL_WORK_PACKET_OPEN_SAMPLE_TICKS	0
LIST_EXNEXT_40_ENTRIES_REPEAT10_TOTAL_WORK_PACKET_READ_CALLS	0
LIST_EXNEXT_40_ENTRIES_REPEAT10_TOTAL_WORK_PACKET_READ_SAMPLES	0
LIST_EXNEXT_40_ENTRIES_REPEAT10_TOTAL_WORK_PACKET_READ_SAMPLE_TICKS	0
LIST_EXNEXT_40_ENTRIES_REPEAT10_TOTAL_WORK_PACKET_WRITE_CALLS	0
LIST_EXNEXT_40_ENTRIES_REPEAT10_TOTAL_WORK_PACKET_WRITE_SAMPLES	0
LIST_EXNEXT_40_ENTRIES_REPEAT10_TOTAL_WORK_PACKET_WRITE_SAMPLE_TICKS	0
LIST_EXNEXT_40_ENTRIES_REPEAT10_TOTAL_WORK_PACKET_END_CALLS	0
LIST_EXNEXT_40_ENTRIES_REPEAT10_TOTAL_WORK_PACKET_END_SAMPLES	0
LIST_EXNEXT_40_ENTRIES_REPEAT10_TOTAL_WORK_PACKET_END_SAMPLE_TICKS	0
LIST_EXNEXT_40_ENTRIES_REPEAT10_TOTAL_WORK_PACKET_DELETE_CALLS	0
LIST_EXNEXT_40_ENTRIES_REPEAT10_TOTAL_WORK_PACKET_DELETE_SAMPLES	0
LIST_EXNEXT_40_ENTRIES_REPEAT10_TOTAL_WORK_PACKET_DELETE_SAMPLE_TICKS	0
LIST_EXNEXT_40_ENTRIES_REPEAT10_TOTAL_WORK_PACKET_FLUSH_CALLS	0
LIST_EXNEXT_40_ENTRIES_REPEAT10_TOTAL_WORK_PACKET_FLUSH_SAMPLES	0
LIST_EXNEXT_40_ENTRIES_REPEAT10_TOTAL_WORK_PACKET_FLUSH_SAMPLE_TICKS	0
LIST_EXNEXT_40_ENTRIES_REPEAT10_TOTAL_WORK_PACKET_OTHER_CALLS	422
LIST_EXNEXT_40_ENTRIES_REPEAT10_TOTAL_WORK_PACKET_OTHER_SAMPLES	422
LIST_EXNEXT_40_ENTRIES_REPEAT10_TOTAL_WORK_PACKET_OTHER_SAMPLE_TICKS	15623
LIST_EXNEXT_40_ENTRIES_REPEAT10_TOTAL_WORK_CORE_CREATE_CALLS	0
LIST_EXNEXT_40_ENTRIES_REPEAT10_TOTAL_WORK_CORE_CREATE_SAMPLES	0
LIST_EXNEXT_40_ENTRIES_REPEAT10_TOTAL_WORK_CORE_CREATE_SAMPLE_TICKS	0
LIST_EXNEXT_40_ENTRIES_REPEAT10_TOTAL_WORK_CORE_DELETE_CALLS	0
LIST_EXNEXT_40_ENTRIES_REPEAT10_TOTAL_WORK_CORE_DELETE_SAMPLES	0
LIST_EXNEXT_40_ENTRIES_REPEAT10_TOTAL_WORK_CORE_DELETE_SAMPLE_TICKS	0
LIST_EXNEXT_40_ENTRIES_REPEAT10_TOTAL_WORK_CORE_FILE_WRITE_CALLS	0
LIST_EXNEXT_40_ENTRIES_REPEAT10_TOTAL_WORK_CORE_FILE_WRITE_SAMPLES	0
LIST_EXNEXT_40_ENTRIES_REPEAT10_TOTAL_WORK_CORE_FILE_WRITE_SAMPLE_TICKS	0
LIST_EXNEXT_40_ENTRIES_REPEAT10_TOTAL_WORK_CORE_SYNC_CALLS	0
LIST_EXNEXT_40_ENTRIES_REPEAT10_TOTAL_WORK_CORE_SYNC_SAMPLES	0
LIST_EXNEXT_40_ENTRIES_REPEAT10_TOTAL_WORK_CORE_SYNC_SAMPLE_TICKS	0
LIST_EXNEXT_40_ENTRIES_REPEAT10_TOTAL_WORK_IFACE_FREE_CALLS	0
LIST_EXNEXT_40_ENTRIES_REPEAT10_TOTAL_WORK_IFACE_FREE_SAMPLES	0
LIST_EXNEXT_40_ENTRIES_REPEAT10_TOTAL_WORK_IFACE_FREE_SAMPLE_TICKS	0
LIST_EXNEXT_40_ENTRIES_REPEAT10_TOTAL_WORK_SEAL_COMMIT_CALLS	0
LIST_EXNEXT_40_ENTRIES_REPEAT10_TOTAL_WORK_SEAL_COMMIT_SAMPLES	0
LIST_EXNEXT_40_ENTRIES_REPEAT10_TOTAL_WORK_SEAL_COMMIT_SAMPLE_TICKS	0
LIST_EXNEXT_40_ENTRIES_REPEAT10_TOTAL_WORK_INODE_READ_CALLS	410
LIST_EXNEXT_40_ENTRIES_REPEAT10_TOTAL_WORK_BTREE_SEARCH_CALLS	411
LIST_EXNEXT_40_ENTRIES_REPEAT10_TOTAL_WORK_BTREE_INDEX_HINT_HITS	370
LIST_EXNEXT_40_ENTRIES_REPEAT10_TOTAL_WORK_BTREE_LEAF_HINT_HITS	41
LIST_EXNEXT_40_ENTRIES_REPEAT10_TOTAL_WORK_CACHE_READ_CALLS	0
LIST_EXNEXT_40_ENTRIES_REPEAT10_TOTAL_WORK_CACHE_READ_HITS	0
LIST_EXNEXT_40_ENTRIES_REPEAT10_TOTAL_WORK_CACHE_READ_MISSES	0
LIST_EXNEXT_40_ENTRIES_REPEAT10_TOTAL_WORK_FREE_TREE_NODE_VIEWS	0
LIST_EXNEXT_40_ENTRIES_REPEAT10_TOTAL_WORK_FREE_TREE_RESIDENT_VIEWS	0
LIST_EXNEXT_40_ENTRIES_REPEAT10_TOTAL_WORK_DIR_TREE_NODE_VIEWS	62
LIST_EXNEXT_40_ENTRIES_REPEAT10_TOTAL_WORK_DIR_TREE_RESIDENT_VIEWS	62
LIST_EXNEXT_40_ENTRIES_REPEAT10_TOTAL_WORK_INODE_TREE_NODE_VIEWS	0
LIST_EXNEXT_40_ENTRIES_REPEAT10_TOTAL_WORK_INODE_TREE_RESIDENT_VIEWS	0
LIST_EXNEXT_40_ENTRIES_REPEAT10_TOTAL_WORK_REFCOUNT_TREE_NODE_VIEWS	0
LIST_EXNEXT_40_ENTRIES_REPEAT10_TOTAL_WORK_REFCOUNT_TREE_RESIDENT_VIEWS	0
LIST_EXNEXT_40_ENTRIES_REPEAT10_TOTAL_WORK_OTHER_TREE_NODE_VIEWS	0
LIST_EXNEXT_40_ENTRIES_REPEAT10_TOTAL_WORK_OTHER_TREE_RESIDENT_VIEWS	0
LIST_EXNEXT_40_ENTRIES_REPEAT10_TOTAL_WORK_WRITE_DETAIL_INODE_READ_CALLS	410
LIST_EXNEXT_40_ENTRIES_REPEAT10_TOTAL_WORK_WRITE_DETAIL_INODE_READ_SAMPLES	410
LIST_EXNEXT_40_ENTRIES_REPEAT10_TOTAL_WORK_WRITE_DETAIL_INODE_READ_SAMPLE_TICKS	6876
LIST_EXNEXT_40_ENTRIES_REPEAT10_TOTAL_WORK_WRITE_DETAIL_INODE_WRITE_CALLS	0
LIST_EXNEXT_40_ENTRIES_REPEAT10_TOTAL_WORK_WRITE_DETAIL_INODE_WRITE_SAMPLES	0
LIST_EXNEXT_40_ENTRIES_REPEAT10_TOTAL_WORK_WRITE_DETAIL_INODE_WRITE_SAMPLE_TICKS	0
LIST_EXNEXT_40_ENTRIES_REPEAT10_TOTAL_WORK_WRITE_DETAIL_EXTENT_MAP_CALLS	0
LIST_EXNEXT_40_ENTRIES_REPEAT10_TOTAL_WORK_WRITE_DETAIL_EXTENT_MAP_SAMPLES	0
LIST_EXNEXT_40_ENTRIES_REPEAT10_TOTAL_WORK_WRITE_DETAIL_EXTENT_MAP_SAMPLE_TICKS	0
LIST_EXNEXT_40_ENTRIES_REPEAT10_TOTAL_WORK_WRITE_DETAIL_FREESPACE_GOAL_CALLS	0
LIST_EXNEXT_40_ENTRIES_REPEAT10_TOTAL_WORK_WRITE_DETAIL_FREESPACE_GOAL_SAMPLES	0
LIST_EXNEXT_40_ENTRIES_REPEAT10_TOTAL_WORK_WRITE_DETAIL_FREESPACE_GOAL_SAMPLE_TICKS	0
LIST_EXNEXT_40_ENTRIES_REPEAT10_TOTAL_WORK_BTREE_MALLOC_CALLS	11
LIST_EXNEXT_40_ENTRIES_REPEAT10_TOTAL_WORK_BTREE_MALLOC_SAMPLES	11
LIST_EXNEXT_40_ENTRIES_REPEAT10_TOTAL_WORK_BTREE_MALLOC_SAMPLE_TICKS	46
LIST_EXNEXT_40_ENTRIES_REPEAT10_TOTAL_WORK_BTREE_FREE_CALLS	42
LIST_EXNEXT_40_ENTRIES_REPEAT10_TOTAL_WORK_BTREE_FREE_SAMPLES	42
LIST_EXNEXT_40_ENTRIES_REPEAT10_TOTAL_WORK_BTREE_FREE_SAMPLE_TICKS	44
LIST_EXNEXT_40_ENTRIES_REPEAT10_TOTAL_WORK_IFACE_ALLOC_CALLS	0
LIST_EXNEXT_40_ENTRIES_REPEAT10_TOTAL_WORK_IFACE_ALLOC_SAMPLES	0
LIST_EXNEXT_40_ENTRIES_REPEAT10_TOTAL_WORK_IFACE_ALLOC_SAMPLE_TICKS	0
LIST_EXNEXT_40_ENTRIES_REPEAT10_TOTAL_WORK_FREESPACE_ALLOC_CALLS	0
LIST_EXNEXT_40_ENTRIES_REPEAT10_TOTAL_WORK_FREESPACE_ALLOC_SAMPLES	0
LIST_EXNEXT_40_ENTRIES_REPEAT10_TOTAL_WORK_FREESPACE_ALLOC_SAMPLE_TICKS	0
LIST_EXNEXT_40_ENTRIES_REPEAT10_TOTAL_WORK_DETAIL_INODE_READ_CALLS	410
LIST_EXNEXT_40_ENTRIES_REPEAT10_TOTAL_WORK_DETAIL_INODE_READ_SAMPLES	24
LIST_EXNEXT_40_ENTRIES_REPEAT10_TOTAL_WORK_DETAIL_INODE_READ_SAMPLE_TICKS	493
LIST_EXNEXT_40_ENTRIES_REPEAT10_TOTAL_WORK_DETAIL_INODE_VALIDATE_CALLS	410
LIST_EXNEXT_40_ENTRIES_REPEAT10_TOTAL_WORK_DETAIL_INODE_VALIDATE_SAMPLES	24
LIST_EXNEXT_40_ENTRIES_REPEAT10_TOTAL_WORK_DETAIL_INODE_VALIDATE_SAMPLE_TICKS	97
LIST_EXNEXT_40_ENTRIES_REPEAT10_TOTAL_WORK_DETAIL_INODE_SEARCH_CALLS	410
LIST_EXNEXT_40_ENTRIES_REPEAT10_TOTAL_WORK_DETAIL_INODE_SEARCH_SAMPLES	24
LIST_EXNEXT_40_ENTRIES_REPEAT10_TOTAL_WORK_DETAIL_INODE_SEARCH_SAMPLE_TICKS	225
LIST_EXNEXT_40_ENTRIES_REPEAT10_TOTAL_WORK_DETAIL_INODE_NODE_VIEW_CALLS	0
LIST_EXNEXT_40_ENTRIES_REPEAT10_TOTAL_WORK_DETAIL_INODE_NODE_VIEW_SAMPLES	0
LIST_EXNEXT_40_ENTRIES_REPEAT10_TOTAL_WORK_DETAIL_INODE_NODE_VIEW_SAMPLE_TICKS	0
LIST_EXNEXT_40_ENTRIES_REPEAT10_TOTAL_WORK_DETAIL_DIR_NODE_VIEW_CALLS	62
LIST_EXNEXT_40_ENTRIES_REPEAT10_TOTAL_WORK_DETAIL_DIR_NODE_VIEW_SAMPLES	3
LIST_EXNEXT_40_ENTRIES_REPEAT10_TOTAL_WORK_DETAIL_DIR_NODE_VIEW_SAMPLE_TICKS	45
LIST_EXNEXT_40_ENTRIES_REPEAT10_TOTAL_WORK_DETAIL_INODE_BINARY_SEARCH_CALLS	20
LIST_EXNEXT_40_ENTRIES_REPEAT10_TOTAL_WORK_DETAIL_INODE_BINARY_SEARCH_SAMPLES	1
LIST_EXNEXT_40_ENTRIES_REPEAT10_TOTAL_WORK_DETAIL_INODE_BINARY_SEARCH_SAMPLE_TICKS	0
LIST_EXNEXT_40_ENTRIES_REPEAT10_TOTAL_WORK_DETAIL_DIR_BINARY_SEARCH_CALLS	53
LIST_EXNEXT_40_ENTRIES_REPEAT10_TOTAL_WORK_DETAIL_DIR_BINARY_SEARCH_SAMPLES	3
LIST_EXNEXT_40_ENTRIES_REPEAT10_TOTAL_WORK_DETAIL_DIR_BINARY_SEARCH_SAMPLE_TICKS	46
LIST_EXNEXT_40_ENTRIES_REPEAT10_TOTAL_WORK_DETAIL_NODE_STRUCTURE_CALLS	0
LIST_EXNEXT_40_ENTRIES_REPEAT10_TOTAL_WORK_DETAIL_NODE_STRUCTURE_SAMPLES	0
LIST_EXNEXT_40_ENTRIES_REPEAT10_TOTAL_WORK_DETAIL_NODE_STRUCTURE_SAMPLE_TICKS	0
LIST_EXNEXT_40_ENTRIES_REPEAT10_TOTAL_WORK_DETAIL_CACHE_PEEK_CALLS	473
LIST_EXNEXT_40_ENTRIES_REPEAT10_TOTAL_WORK_DETAIL_CACHE_PEEK_SAMPLES	27
LIST_EXNEXT_40_ENTRIES_REPEAT10_TOTAL_WORK_DETAIL_CACHE_PEEK_SAMPLE_TICKS	27
LIST_EXNEXT_40_ENTRIES_REPEAT10_TOTAL_WORK_DETAIL_BUFFER_ALLOC_CALLS	41
LIST_EXNEXT_40_ENTRIES_REPEAT10_TOTAL_WORK_DETAIL_BUFFER_ALLOC_SAMPLES	2
LIST_EXNEXT_40_ENTRIES_REPEAT10_TOTAL_WORK_DETAIL_BUFFER_ALLOC_SAMPLE_TICKS	0
LIST_EXNEXT_40_ENTRIES_REPEAT10_TOTAL_WORK_DETAIL_BUFFER_FREE_CALLS	41
LIST_EXNEXT_40_ENTRIES_REPEAT10_TOTAL_WORK_DETAIL_BUFFER_FREE_SAMPLES	2
LIST_EXNEXT_40_ENTRIES_REPEAT10_TOTAL_WORK_DETAIL_BUFFER_FREE_SAMPLE_TICKS	0
LIST_EXNEXT_40_ENTRIES_REPEAT10_TOTAL_WORK_DETAIL_EXALL_FILL_CALLS	0
LIST_EXNEXT_40_ENTRIES_REPEAT10_TOTAL_WORK_DETAIL_EXALL_FILL_SAMPLES	0
LIST_EXNEXT_40_ENTRIES_REPEAT10_TOTAL_WORK_DETAIL_EXALL_FILL_SAMPLE_TICKS	0
LIST_EXNEXT_40_ENTRIES_REPEAT10_TOTAL_WORK_FREESPACE_ALLOCS	0
LIST_EXNEXT_40_ENTRIES_REPEAT10_TOTAL_VOLUME_FLUSH_BIO_READS	0
LIST_EXNEXT_40_ENTRIES_REPEAT10_TOTAL_VOLUME_FLUSH_BIO_WRITES	0
LIST_EXNEXT_40_ENTRIES_REPEAT10_TOTAL_VOLUME_FLUSH_BIO_UPDATES	0
LIST_EXNEXT_40_ENTRIES_REPEAT10_TOTAL_VOLUME_FLUSH_DATA_READS	0
LIST_EXNEXT_40_ENTRIES_REPEAT10_TOTAL_VOLUME_FLUSH_DATA_WRITES	0
LIST_EXNEXT_40_ENTRIES_REPEAT10_TOTAL_VOLUME_FLUSH_NODE_WRITES	0
LIST_EXNEXT_40_ENTRIES_REPEAT10_TOTAL_VOLUME_FLUSH_TXN_COMMITS	0
LIST_EXNEXT_40_ENTRIES_REPEAT10_TOTAL_VOLUME_FLUSH_EXTENT_MAPS	0
LIST_EXNEXT_40_ENTRIES_REPEAT10_TOTAL_VOLUME_FLUSH_READ_TICKS	0
LIST_EXNEXT_40_ENTRIES_REPEAT10_TOTAL_VOLUME_FLUSH_WRITE_TICKS	0
LIST_EXNEXT_40_ENTRIES_REPEAT10_TOTAL_VOLUME_FLUSH_UPDATE_TICKS	0
LIST_EXNEXT_40_ENTRIES_REPEAT10_TOTAL_VOLUME_FLUSH_DATA_READ_TICKS	0
LIST_EXNEXT_40_ENTRIES_REPEAT10_TOTAL_VOLUME_FLUSH_DATA_WRITE_TICKS	0
LIST_EXNEXT_40_ENTRIES_REPEAT10_TOTAL_VOLUME_FLUSH_NODE_CRC_READ_CALLS	0
LIST_EXNEXT_40_ENTRIES_REPEAT10_TOTAL_VOLUME_FLUSH_NODE_CRC_READ_SAMPLES	0
LIST_EXNEXT_40_ENTRIES_REPEAT10_TOTAL_VOLUME_FLUSH_NODE_CRC_READ_SAMPLE_TICKS	0
LIST_EXNEXT_40_ENTRIES_REPEAT10_TOTAL_VOLUME_FLUSH_NODE_CRC_WRITE_CALLS	0
LIST_EXNEXT_40_ENTRIES_REPEAT10_TOTAL_VOLUME_FLUSH_NODE_CRC_WRITE_SAMPLES	0
LIST_EXNEXT_40_ENTRIES_REPEAT10_TOTAL_VOLUME_FLUSH_NODE_CRC_WRITE_SAMPLE_TICKS	0
LIST_EXNEXT_40_ENTRIES_REPEAT10_TOTAL_VOLUME_FLUSH_CLOCK_PAIR_TICKS	0
LIST_EXNEXT_40_ENTRIES_REPEAT10_TOTAL_VOLUME_FLUSH_PACKET_CALLS	0
LIST_EXNEXT_40_ENTRIES_REPEAT10_TOTAL_VOLUME_FLUSH_PACKET_SAMPLES	0
LIST_EXNEXT_40_ENTRIES_REPEAT10_TOTAL_VOLUME_FLUSH_PACKET_SAMPLE_TICKS	0
LIST_EXNEXT_40_ENTRIES_REPEAT10_TOTAL_VOLUME_FLUSH_PACKET_OPEN_CALLS	0
LIST_EXNEXT_40_ENTRIES_REPEAT10_TOTAL_VOLUME_FLUSH_PACKET_OPEN_SAMPLES	0
LIST_EXNEXT_40_ENTRIES_REPEAT10_TOTAL_VOLUME_FLUSH_PACKET_OPEN_SAMPLE_TICKS	0
LIST_EXNEXT_40_ENTRIES_REPEAT10_TOTAL_VOLUME_FLUSH_PACKET_READ_CALLS	0
LIST_EXNEXT_40_ENTRIES_REPEAT10_TOTAL_VOLUME_FLUSH_PACKET_READ_SAMPLES	0
LIST_EXNEXT_40_ENTRIES_REPEAT10_TOTAL_VOLUME_FLUSH_PACKET_READ_SAMPLE_TICKS	0
LIST_EXNEXT_40_ENTRIES_REPEAT10_TOTAL_VOLUME_FLUSH_PACKET_WRITE_CALLS	0
LIST_EXNEXT_40_ENTRIES_REPEAT10_TOTAL_VOLUME_FLUSH_PACKET_WRITE_SAMPLES	0
LIST_EXNEXT_40_ENTRIES_REPEAT10_TOTAL_VOLUME_FLUSH_PACKET_WRITE_SAMPLE_TICKS	0
LIST_EXNEXT_40_ENTRIES_REPEAT10_TOTAL_VOLUME_FLUSH_PACKET_END_CALLS	0
LIST_EXNEXT_40_ENTRIES_REPEAT10_TOTAL_VOLUME_FLUSH_PACKET_END_SAMPLES	0
LIST_EXNEXT_40_ENTRIES_REPEAT10_TOTAL_VOLUME_FLUSH_PACKET_END_SAMPLE_TICKS	0
LIST_EXNEXT_40_ENTRIES_REPEAT10_TOTAL_VOLUME_FLUSH_PACKET_DELETE_CALLS	0
LIST_EXNEXT_40_ENTRIES_REPEAT10_TOTAL_VOLUME_FLUSH_PACKET_DELETE_SAMPLES	0
LIST_EXNEXT_40_ENTRIES_REPEAT10_TOTAL_VOLUME_FLUSH_PACKET_DELETE_SAMPLE_TICKS	0
LIST_EXNEXT_40_ENTRIES_REPEAT10_TOTAL_VOLUME_FLUSH_PACKET_FLUSH_CALLS	0
LIST_EXNEXT_40_ENTRIES_REPEAT10_TOTAL_VOLUME_FLUSH_PACKET_FLUSH_SAMPLES	0
LIST_EXNEXT_40_ENTRIES_REPEAT10_TOTAL_VOLUME_FLUSH_PACKET_FLUSH_SAMPLE_TICKS	0
LIST_EXNEXT_40_ENTRIES_REPEAT10_TOTAL_VOLUME_FLUSH_PACKET_OTHER_CALLS	0
LIST_EXNEXT_40_ENTRIES_REPEAT10_TOTAL_VOLUME_FLUSH_PACKET_OTHER_SAMPLES	0
LIST_EXNEXT_40_ENTRIES_REPEAT10_TOTAL_VOLUME_FLUSH_PACKET_OTHER_SAMPLE_TICKS	0
LIST_EXNEXT_40_ENTRIES_REPEAT10_TOTAL_VOLUME_FLUSH_CORE_CREATE_CALLS	0
LIST_EXNEXT_40_ENTRIES_REPEAT10_TOTAL_VOLUME_FLUSH_CORE_CREATE_SAMPLES	0
LIST_EXNEXT_40_ENTRIES_REPEAT10_TOTAL_VOLUME_FLUSH_CORE_CREATE_SAMPLE_TICKS	0
LIST_EXNEXT_40_ENTRIES_REPEAT10_TOTAL_VOLUME_FLUSH_CORE_DELETE_CALLS	0
LIST_EXNEXT_40_ENTRIES_REPEAT10_TOTAL_VOLUME_FLUSH_CORE_DELETE_SAMPLES	0
LIST_EXNEXT_40_ENTRIES_REPEAT10_TOTAL_VOLUME_FLUSH_CORE_DELETE_SAMPLE_TICKS	0
LIST_EXNEXT_40_ENTRIES_REPEAT10_TOTAL_VOLUME_FLUSH_CORE_FILE_WRITE_CALLS	0
LIST_EXNEXT_40_ENTRIES_REPEAT10_TOTAL_VOLUME_FLUSH_CORE_FILE_WRITE_SAMPLES	0
LIST_EXNEXT_40_ENTRIES_REPEAT10_TOTAL_VOLUME_FLUSH_CORE_FILE_WRITE_SAMPLE_TICKS	0
LIST_EXNEXT_40_ENTRIES_REPEAT10_TOTAL_VOLUME_FLUSH_CORE_SYNC_CALLS	0
LIST_EXNEXT_40_ENTRIES_REPEAT10_TOTAL_VOLUME_FLUSH_CORE_SYNC_SAMPLES	0
LIST_EXNEXT_40_ENTRIES_REPEAT10_TOTAL_VOLUME_FLUSH_CORE_SYNC_SAMPLE_TICKS	0
LIST_EXNEXT_40_ENTRIES_REPEAT10_TOTAL_VOLUME_FLUSH_IFACE_FREE_CALLS	0
LIST_EXNEXT_40_ENTRIES_REPEAT10_TOTAL_VOLUME_FLUSH_IFACE_FREE_SAMPLES	0
LIST_EXNEXT_40_ENTRIES_REPEAT10_TOTAL_VOLUME_FLUSH_IFACE_FREE_SAMPLE_TICKS	0
LIST_EXNEXT_40_ENTRIES_REPEAT10_TOTAL_VOLUME_FLUSH_SEAL_COMMIT_CALLS	0
LIST_EXNEXT_40_ENTRIES_REPEAT10_TOTAL_VOLUME_FLUSH_SEAL_COMMIT_SAMPLES	0
LIST_EXNEXT_40_ENTRIES_REPEAT10_TOTAL_VOLUME_FLUSH_SEAL_COMMIT_SAMPLE_TICKS	0
LIST_EXNEXT_40_ENTRIES_REPEAT10_TOTAL_VOLUME_FLUSH_INODE_READ_CALLS	0
LIST_EXNEXT_40_ENTRIES_REPEAT10_TOTAL_VOLUME_FLUSH_BTREE_SEARCH_CALLS	0
LIST_EXNEXT_40_ENTRIES_REPEAT10_TOTAL_VOLUME_FLUSH_BTREE_INDEX_HINT_HITS	0
LIST_EXNEXT_40_ENTRIES_REPEAT10_TOTAL_VOLUME_FLUSH_BTREE_LEAF_HINT_HITS	0
LIST_EXNEXT_40_ENTRIES_REPEAT10_TOTAL_VOLUME_FLUSH_CACHE_READ_CALLS	0
LIST_EXNEXT_40_ENTRIES_REPEAT10_TOTAL_VOLUME_FLUSH_CACHE_READ_HITS	0
LIST_EXNEXT_40_ENTRIES_REPEAT10_TOTAL_VOLUME_FLUSH_CACHE_READ_MISSES	0
LIST_EXNEXT_40_ENTRIES_REPEAT10_TOTAL_VOLUME_FLUSH_FREE_TREE_NODE_VIEWS	0
LIST_EXNEXT_40_ENTRIES_REPEAT10_TOTAL_VOLUME_FLUSH_FREE_TREE_RESIDENT_VIEWS	0
LIST_EXNEXT_40_ENTRIES_REPEAT10_TOTAL_VOLUME_FLUSH_DIR_TREE_NODE_VIEWS	0
LIST_EXNEXT_40_ENTRIES_REPEAT10_TOTAL_VOLUME_FLUSH_DIR_TREE_RESIDENT_VIEWS	0
LIST_EXNEXT_40_ENTRIES_REPEAT10_TOTAL_VOLUME_FLUSH_INODE_TREE_NODE_VIEWS	0
LIST_EXNEXT_40_ENTRIES_REPEAT10_TOTAL_VOLUME_FLUSH_INODE_TREE_RESIDENT_VIEWS	0
LIST_EXNEXT_40_ENTRIES_REPEAT10_TOTAL_VOLUME_FLUSH_REFCOUNT_TREE_NODE_VIEWS	0
LIST_EXNEXT_40_ENTRIES_REPEAT10_TOTAL_VOLUME_FLUSH_REFCOUNT_TREE_RESIDENT_VIEWS	0
LIST_EXNEXT_40_ENTRIES_REPEAT10_TOTAL_VOLUME_FLUSH_OTHER_TREE_NODE_VIEWS	0
LIST_EXNEXT_40_ENTRIES_REPEAT10_TOTAL_VOLUME_FLUSH_OTHER_TREE_RESIDENT_VIEWS	0
LIST_EXNEXT_40_ENTRIES_REPEAT10_TOTAL_VOLUME_FLUSH_WRITE_DETAIL_INODE_READ_CALLS	0
LIST_EXNEXT_40_ENTRIES_REPEAT10_TOTAL_VOLUME_FLUSH_WRITE_DETAIL_INODE_READ_SAMPLES	0
LIST_EXNEXT_40_ENTRIES_REPEAT10_TOTAL_VOLUME_FLUSH_WRITE_DETAIL_INODE_READ_SAMPLE_TICKS	0
LIST_EXNEXT_40_ENTRIES_REPEAT10_TOTAL_VOLUME_FLUSH_WRITE_DETAIL_INODE_WRITE_CALLS	0
LIST_EXNEXT_40_ENTRIES_REPEAT10_TOTAL_VOLUME_FLUSH_WRITE_DETAIL_INODE_WRITE_SAMPLES	0
LIST_EXNEXT_40_ENTRIES_REPEAT10_TOTAL_VOLUME_FLUSH_WRITE_DETAIL_INODE_WRITE_SAMPLE_TICKS	0
LIST_EXNEXT_40_ENTRIES_REPEAT10_TOTAL_VOLUME_FLUSH_WRITE_DETAIL_EXTENT_MAP_CALLS	0
LIST_EXNEXT_40_ENTRIES_REPEAT10_TOTAL_VOLUME_FLUSH_WRITE_DETAIL_EXTENT_MAP_SAMPLES	0
LIST_EXNEXT_40_ENTRIES_REPEAT10_TOTAL_VOLUME_FLUSH_WRITE_DETAIL_EXTENT_MAP_SAMPLE_TICKS	0
LIST_EXNEXT_40_ENTRIES_REPEAT10_TOTAL_VOLUME_FLUSH_WRITE_DETAIL_FREESPACE_GOAL_CALLS	0
LIST_EXNEXT_40_ENTRIES_REPEAT10_TOTAL_VOLUME_FLUSH_WRITE_DETAIL_FREESPACE_GOAL_SAMPLES	0
LIST_EXNEXT_40_ENTRIES_REPEAT10_TOTAL_VOLUME_FLUSH_WRITE_DETAIL_FREESPACE_GOAL_SAMPLE_TICKS	0
LIST_EXNEXT_40_ENTRIES_REPEAT10_TOTAL_VOLUME_FLUSH_BTREE_MALLOC_CALLS	0
LIST_EXNEXT_40_ENTRIES_REPEAT10_TOTAL_VOLUME_FLUSH_BTREE_MALLOC_SAMPLES	0
LIST_EXNEXT_40_ENTRIES_REPEAT10_TOTAL_VOLUME_FLUSH_BTREE_MALLOC_SAMPLE_TICKS	0
LIST_EXNEXT_40_ENTRIES_REPEAT10_TOTAL_VOLUME_FLUSH_BTREE_FREE_CALLS	0
LIST_EXNEXT_40_ENTRIES_REPEAT10_TOTAL_VOLUME_FLUSH_BTREE_FREE_SAMPLES	0
LIST_EXNEXT_40_ENTRIES_REPEAT10_TOTAL_VOLUME_FLUSH_BTREE_FREE_SAMPLE_TICKS	0
LIST_EXNEXT_40_ENTRIES_REPEAT10_TOTAL_VOLUME_FLUSH_IFACE_ALLOC_CALLS	0
LIST_EXNEXT_40_ENTRIES_REPEAT10_TOTAL_VOLUME_FLUSH_IFACE_ALLOC_SAMPLES	0
LIST_EXNEXT_40_ENTRIES_REPEAT10_TOTAL_VOLUME_FLUSH_IFACE_ALLOC_SAMPLE_TICKS	0
LIST_EXNEXT_40_ENTRIES_REPEAT10_TOTAL_VOLUME_FLUSH_FREESPACE_ALLOC_CALLS	0
LIST_EXNEXT_40_ENTRIES_REPEAT10_TOTAL_VOLUME_FLUSH_FREESPACE_ALLOC_SAMPLES	0
LIST_EXNEXT_40_ENTRIES_REPEAT10_TOTAL_VOLUME_FLUSH_FREESPACE_ALLOC_SAMPLE_TICKS	0
LIST_EXNEXT_40_ENTRIES_REPEAT10_TOTAL_VOLUME_FLUSH_DETAIL_INODE_READ_CALLS	0
LIST_EXNEXT_40_ENTRIES_REPEAT10_TOTAL_VOLUME_FLUSH_DETAIL_INODE_READ_SAMPLES	0
LIST_EXNEXT_40_ENTRIES_REPEAT10_TOTAL_VOLUME_FLUSH_DETAIL_INODE_READ_SAMPLE_TICKS	0
LIST_EXNEXT_40_ENTRIES_REPEAT10_TOTAL_VOLUME_FLUSH_DETAIL_INODE_VALIDATE_CALLS	0
LIST_EXNEXT_40_ENTRIES_REPEAT10_TOTAL_VOLUME_FLUSH_DETAIL_INODE_VALIDATE_SAMPLES	0
LIST_EXNEXT_40_ENTRIES_REPEAT10_TOTAL_VOLUME_FLUSH_DETAIL_INODE_VALIDATE_SAMPLE_TICKS	0
LIST_EXNEXT_40_ENTRIES_REPEAT10_TOTAL_VOLUME_FLUSH_DETAIL_INODE_SEARCH_CALLS	0
LIST_EXNEXT_40_ENTRIES_REPEAT10_TOTAL_VOLUME_FLUSH_DETAIL_INODE_SEARCH_SAMPLES	0
LIST_EXNEXT_40_ENTRIES_REPEAT10_TOTAL_VOLUME_FLUSH_DETAIL_INODE_SEARCH_SAMPLE_TICKS	0
LIST_EXNEXT_40_ENTRIES_REPEAT10_TOTAL_VOLUME_FLUSH_DETAIL_INODE_NODE_VIEW_CALLS	0
LIST_EXNEXT_40_ENTRIES_REPEAT10_TOTAL_VOLUME_FLUSH_DETAIL_INODE_NODE_VIEW_SAMPLES	0
LIST_EXNEXT_40_ENTRIES_REPEAT10_TOTAL_VOLUME_FLUSH_DETAIL_INODE_NODE_VIEW_SAMPLE_TICKS	0
LIST_EXNEXT_40_ENTRIES_REPEAT10_TOTAL_VOLUME_FLUSH_DETAIL_DIR_NODE_VIEW_CALLS	0
LIST_EXNEXT_40_ENTRIES_REPEAT10_TOTAL_VOLUME_FLUSH_DETAIL_DIR_NODE_VIEW_SAMPLES	0
LIST_EXNEXT_40_ENTRIES_REPEAT10_TOTAL_VOLUME_FLUSH_DETAIL_DIR_NODE_VIEW_SAMPLE_TICKS	0
LIST_EXNEXT_40_ENTRIES_REPEAT10_TOTAL_VOLUME_FLUSH_DETAIL_INODE_BINARY_SEARCH_CALLS	0
LIST_EXNEXT_40_ENTRIES_REPEAT10_TOTAL_VOLUME_FLUSH_DETAIL_INODE_BINARY_SEARCH_SAMPLES	0
LIST_EXNEXT_40_ENTRIES_REPEAT10_TOTAL_VOLUME_FLUSH_DETAIL_INODE_BINARY_SEARCH_SAMPLE_TICKS	0
LIST_EXNEXT_40_ENTRIES_REPEAT10_TOTAL_VOLUME_FLUSH_DETAIL_DIR_BINARY_SEARCH_CALLS	0
LIST_EXNEXT_40_ENTRIES_REPEAT10_TOTAL_VOLUME_FLUSH_DETAIL_DIR_BINARY_SEARCH_SAMPLES	0
LIST_EXNEXT_40_ENTRIES_REPEAT10_TOTAL_VOLUME_FLUSH_DETAIL_DIR_BINARY_SEARCH_SAMPLE_TICKS	0
LIST_EXNEXT_40_ENTRIES_REPEAT10_TOTAL_VOLUME_FLUSH_DETAIL_NODE_STRUCTURE_CALLS	0
LIST_EXNEXT_40_ENTRIES_REPEAT10_TOTAL_VOLUME_FLUSH_DETAIL_NODE_STRUCTURE_SAMPLES	0
LIST_EXNEXT_40_ENTRIES_REPEAT10_TOTAL_VOLUME_FLUSH_DETAIL_NODE_STRUCTURE_SAMPLE_TICKS	0
LIST_EXNEXT_40_ENTRIES_REPEAT10_TOTAL_VOLUME_FLUSH_DETAIL_CACHE_PEEK_CALLS	0
LIST_EXNEXT_40_ENTRIES_REPEAT10_TOTAL_VOLUME_FLUSH_DETAIL_CACHE_PEEK_SAMPLES	0
LIST_EXNEXT_40_ENTRIES_REPEAT10_TOTAL_VOLUME_FLUSH_DETAIL_CACHE_PEEK_SAMPLE_TICKS	0
LIST_EXNEXT_40_ENTRIES_REPEAT10_TOTAL_VOLUME_FLUSH_DETAIL_BUFFER_ALLOC_CALLS	0
LIST_EXNEXT_40_ENTRIES_REPEAT10_TOTAL_VOLUME_FLUSH_DETAIL_BUFFER_ALLOC_SAMPLES	0
LIST_EXNEXT_40_ENTRIES_REPEAT10_TOTAL_VOLUME_FLUSH_DETAIL_BUFFER_ALLOC_SAMPLE_TICKS	0
LIST_EXNEXT_40_ENTRIES_REPEAT10_TOTAL_VOLUME_FLUSH_DETAIL_BUFFER_FREE_CALLS	0
LIST_EXNEXT_40_ENTRIES_REPEAT10_TOTAL_VOLUME_FLUSH_DETAIL_BUFFER_FREE_SAMPLES	0
LIST_EXNEXT_40_ENTRIES_REPEAT10_TOTAL_VOLUME_FLUSH_DETAIL_BUFFER_FREE_SAMPLE_TICKS	0
LIST_EXNEXT_40_ENTRIES_REPEAT10_TOTAL_VOLUME_FLUSH_DETAIL_EXALL_FILL_CALLS	0
LIST_EXNEXT_40_ENTRIES_REPEAT10_TOTAL_VOLUME_FLUSH_DETAIL_EXALL_FILL_SAMPLES	0
LIST_EXNEXT_40_ENTRIES_REPEAT10_TOTAL_VOLUME_FLUSH_DETAIL_EXALL_FILL_SAMPLE_TICKS	0
LIST_EXNEXT_40_ENTRIES_REPEAT10_TOTAL_VOLUME_FLUSH_FREESPACE_ALLOCS	0
LIST_EXALL_40_ENTRIES_FIRST_PASS_US	2368
LIST_EXALL_40_ENTRIES_FIRST_PASS_WORK_US	2368
LIST_EXALL_40_ENTRIES_FIRST_PASS_VOLUME_FLUSH_US	0
LIST_EXALL_40_ENTRIES_FIRST_PASS_HAS_VOLUME_FLUSH	0
LIST_EXALL_40_ENTRIES_FIRST_PASS_GUEST_OPEN_CALLS	0
LIST_EXALL_40_ENTRIES_FIRST_PASS_GUEST_OPEN_US	0
LIST_EXALL_40_ENTRIES_FIRST_PASS_GUEST_READ_CALLS	0
LIST_EXALL_40_ENTRIES_FIRST_PASS_GUEST_READ_US	0
LIST_EXALL_40_ENTRIES_FIRST_PASS_GUEST_WRITE_CALLS	0
LIST_EXALL_40_ENTRIES_FIRST_PASS_GUEST_WRITE_US	0
LIST_EXALL_40_ENTRIES_FIRST_PASS_GUEST_HANDLE_FLUSH_CALLS	0
LIST_EXALL_40_ENTRIES_FIRST_PASS_GUEST_HANDLE_FLUSH_US	0
LIST_EXALL_40_ENTRIES_FIRST_PASS_GUEST_CLOSE_CALLS	0
LIST_EXALL_40_ENTRIES_FIRST_PASS_GUEST_CLOSE_US	0
LIST_EXALL_40_ENTRIES_FIRST_PASS_GUEST_VERIFY_CALLS	0
LIST_EXALL_40_ENTRIES_FIRST_PASS_GUEST_VERIFY_US	0
LIST_EXALL_40_ENTRIES_FIRST_PASS_WORK_BIO_READS	2
LIST_EXALL_40_ENTRIES_FIRST_PASS_WORK_BIO_WRITES	0
LIST_EXALL_40_ENTRIES_FIRST_PASS_WORK_BIO_UPDATES	0
LIST_EXALL_40_ENTRIES_FIRST_PASS_WORK_DATA_READS	0
LIST_EXALL_40_ENTRIES_FIRST_PASS_WORK_DATA_WRITES	0
LIST_EXALL_40_ENTRIES_FIRST_PASS_WORK_NODE_WRITES	0
LIST_EXALL_40_ENTRIES_FIRST_PASS_WORK_TXN_COMMITS	0
LIST_EXALL_40_ENTRIES_FIRST_PASS_WORK_EXTENT_MAPS	0
LIST_EXALL_40_ENTRIES_FIRST_PASS_WORK_READ_TICKS	135
LIST_EXALL_40_ENTRIES_FIRST_PASS_WORK_WRITE_TICKS	0
LIST_EXALL_40_ENTRIES_FIRST_PASS_WORK_UPDATE_TICKS	0
LIST_EXALL_40_ENTRIES_FIRST_PASS_WORK_DATA_READ_TICKS	0
LIST_EXALL_40_ENTRIES_FIRST_PASS_WORK_DATA_WRITE_TICKS	0
LIST_EXALL_40_ENTRIES_FIRST_PASS_WORK_NODE_CRC_READ_CALLS	2
LIST_EXALL_40_ENTRIES_FIRST_PASS_WORK_NODE_CRC_READ_SAMPLES	2
LIST_EXALL_40_ENTRIES_FIRST_PASS_WORK_NODE_CRC_READ_SAMPLE_TICKS	273
LIST_EXALL_40_ENTRIES_FIRST_PASS_WORK_NODE_CRC_WRITE_CALLS	0
LIST_EXALL_40_ENTRIES_FIRST_PASS_WORK_NODE_CRC_WRITE_SAMPLES	0
LIST_EXALL_40_ENTRIES_FIRST_PASS_WORK_NODE_CRC_WRITE_SAMPLE_TICKS	0
LIST_EXALL_40_ENTRIES_FIRST_PASS_WORK_CLOCK_PAIR_TICKS	0
LIST_EXALL_40_ENTRIES_FIRST_PASS_WORK_PACKET_CALLS	3
LIST_EXALL_40_ENTRIES_FIRST_PASS_WORK_PACKET_SAMPLES	3
LIST_EXALL_40_ENTRIES_FIRST_PASS_WORK_PACKET_SAMPLE_TICKS	1546
LIST_EXALL_40_ENTRIES_FIRST_PASS_WORK_PACKET_OPEN_CALLS	0
LIST_EXALL_40_ENTRIES_FIRST_PASS_WORK_PACKET_OPEN_SAMPLES	0
LIST_EXALL_40_ENTRIES_FIRST_PASS_WORK_PACKET_OPEN_SAMPLE_TICKS	0
LIST_EXALL_40_ENTRIES_FIRST_PASS_WORK_PACKET_READ_CALLS	0
LIST_EXALL_40_ENTRIES_FIRST_PASS_WORK_PACKET_READ_SAMPLES	0
LIST_EXALL_40_ENTRIES_FIRST_PASS_WORK_PACKET_READ_SAMPLE_TICKS	0
LIST_EXALL_40_ENTRIES_FIRST_PASS_WORK_PACKET_WRITE_CALLS	0
LIST_EXALL_40_ENTRIES_FIRST_PASS_WORK_PACKET_WRITE_SAMPLES	0
LIST_EXALL_40_ENTRIES_FIRST_PASS_WORK_PACKET_WRITE_SAMPLE_TICKS	0
LIST_EXALL_40_ENTRIES_FIRST_PASS_WORK_PACKET_END_CALLS	0
LIST_EXALL_40_ENTRIES_FIRST_PASS_WORK_PACKET_END_SAMPLES	0
LIST_EXALL_40_ENTRIES_FIRST_PASS_WORK_PACKET_END_SAMPLE_TICKS	0
LIST_EXALL_40_ENTRIES_FIRST_PASS_WORK_PACKET_DELETE_CALLS	0
LIST_EXALL_40_ENTRIES_FIRST_PASS_WORK_PACKET_DELETE_SAMPLES	0
LIST_EXALL_40_ENTRIES_FIRST_PASS_WORK_PACKET_DELETE_SAMPLE_TICKS	0
LIST_EXALL_40_ENTRIES_FIRST_PASS_WORK_PACKET_FLUSH_CALLS	0
LIST_EXALL_40_ENTRIES_FIRST_PASS_WORK_PACKET_FLUSH_SAMPLES	0
LIST_EXALL_40_ENTRIES_FIRST_PASS_WORK_PACKET_FLUSH_SAMPLE_TICKS	0
LIST_EXALL_40_ENTRIES_FIRST_PASS_WORK_PACKET_OTHER_CALLS	3
LIST_EXALL_40_ENTRIES_FIRST_PASS_WORK_PACKET_OTHER_SAMPLES	3
LIST_EXALL_40_ENTRIES_FIRST_PASS_WORK_PACKET_OTHER_SAMPLE_TICKS	1546
LIST_EXALL_40_ENTRIES_FIRST_PASS_WORK_CORE_CREATE_CALLS	0
LIST_EXALL_40_ENTRIES_FIRST_PASS_WORK_CORE_CREATE_SAMPLES	0
LIST_EXALL_40_ENTRIES_FIRST_PASS_WORK_CORE_CREATE_SAMPLE_TICKS	0
LIST_EXALL_40_ENTRIES_FIRST_PASS_WORK_CORE_DELETE_CALLS	0
LIST_EXALL_40_ENTRIES_FIRST_PASS_WORK_CORE_DELETE_SAMPLES	0
LIST_EXALL_40_ENTRIES_FIRST_PASS_WORK_CORE_DELETE_SAMPLE_TICKS	0
LIST_EXALL_40_ENTRIES_FIRST_PASS_WORK_CORE_FILE_WRITE_CALLS	0
LIST_EXALL_40_ENTRIES_FIRST_PASS_WORK_CORE_FILE_WRITE_SAMPLES	0
LIST_EXALL_40_ENTRIES_FIRST_PASS_WORK_CORE_FILE_WRITE_SAMPLE_TICKS	0
LIST_EXALL_40_ENTRIES_FIRST_PASS_WORK_CORE_SYNC_CALLS	0
LIST_EXALL_40_ENTRIES_FIRST_PASS_WORK_CORE_SYNC_SAMPLES	0
LIST_EXALL_40_ENTRIES_FIRST_PASS_WORK_CORE_SYNC_SAMPLE_TICKS	0
LIST_EXALL_40_ENTRIES_FIRST_PASS_WORK_IFACE_FREE_CALLS	0
LIST_EXALL_40_ENTRIES_FIRST_PASS_WORK_IFACE_FREE_SAMPLES	0
LIST_EXALL_40_ENTRIES_FIRST_PASS_WORK_IFACE_FREE_SAMPLE_TICKS	0
LIST_EXALL_40_ENTRIES_FIRST_PASS_WORK_SEAL_COMMIT_CALLS	0
LIST_EXALL_40_ENTRIES_FIRST_PASS_WORK_SEAL_COMMIT_SAMPLES	0
LIST_EXALL_40_ENTRIES_FIRST_PASS_WORK_SEAL_COMMIT_SAMPLE_TICKS	0
LIST_EXALL_40_ENTRIES_FIRST_PASS_WORK_INODE_READ_CALLS	40
LIST_EXALL_40_ENTRIES_FIRST_PASS_WORK_BTREE_SEARCH_CALLS	41
LIST_EXALL_40_ENTRIES_FIRST_PASS_WORK_BTREE_INDEX_HINT_HITS	0
LIST_EXALL_40_ENTRIES_FIRST_PASS_WORK_BTREE_LEAF_HINT_HITS	2
LIST_EXALL_40_ENTRIES_FIRST_PASS_WORK_CACHE_READ_CALLS	2
LIST_EXALL_40_ENTRIES_FIRST_PASS_WORK_CACHE_READ_HITS	0
LIST_EXALL_40_ENTRIES_FIRST_PASS_WORK_CACHE_READ_MISSES	2
LIST_EXALL_40_ENTRIES_FIRST_PASS_WORK_FREE_TREE_NODE_VIEWS	0
LIST_EXALL_40_ENTRIES_FIRST_PASS_WORK_FREE_TREE_RESIDENT_VIEWS	0
LIST_EXALL_40_ENTRIES_FIRST_PASS_WORK_DIR_TREE_NODE_VIEWS	4
LIST_EXALL_40_ENTRIES_FIRST_PASS_WORK_DIR_TREE_RESIDENT_VIEWS	3
LIST_EXALL_40_ENTRIES_FIRST_PASS_WORK_INODE_TREE_NODE_VIEWS	2
LIST_EXALL_40_ENTRIES_FIRST_PASS_WORK_INODE_TREE_RESIDENT_VIEWS	1
LIST_EXALL_40_ENTRIES_FIRST_PASS_WORK_REFCOUNT_TREE_NODE_VIEWS	0
LIST_EXALL_40_ENTRIES_FIRST_PASS_WORK_REFCOUNT_TREE_RESIDENT_VIEWS	0
LIST_EXALL_40_ENTRIES_FIRST_PASS_WORK_OTHER_TREE_NODE_VIEWS	0
LIST_EXALL_40_ENTRIES_FIRST_PASS_WORK_OTHER_TREE_RESIDENT_VIEWS	0
LIST_EXALL_40_ENTRIES_FIRST_PASS_WORK_WRITE_DETAIL_INODE_READ_CALLS	40
LIST_EXALL_40_ENTRIES_FIRST_PASS_WORK_WRITE_DETAIL_INODE_READ_SAMPLES	40
LIST_EXALL_40_ENTRIES_FIRST_PASS_WORK_WRITE_DETAIL_INODE_READ_SAMPLE_TICKS	589
LIST_EXALL_40_ENTRIES_FIRST_PASS_WORK_WRITE_DETAIL_INODE_WRITE_CALLS	0
LIST_EXALL_40_ENTRIES_FIRST_PASS_WORK_WRITE_DETAIL_INODE_WRITE_SAMPLES	0
LIST_EXALL_40_ENTRIES_FIRST_PASS_WORK_WRITE_DETAIL_INODE_WRITE_SAMPLE_TICKS	0
LIST_EXALL_40_ENTRIES_FIRST_PASS_WORK_WRITE_DETAIL_EXTENT_MAP_CALLS	0
LIST_EXALL_40_ENTRIES_FIRST_PASS_WORK_WRITE_DETAIL_EXTENT_MAP_SAMPLES	0
LIST_EXALL_40_ENTRIES_FIRST_PASS_WORK_WRITE_DETAIL_EXTENT_MAP_SAMPLE_TICKS	0
LIST_EXALL_40_ENTRIES_FIRST_PASS_WORK_WRITE_DETAIL_FREESPACE_GOAL_CALLS	0
LIST_EXALL_40_ENTRIES_FIRST_PASS_WORK_WRITE_DETAIL_FREESPACE_GOAL_SAMPLES	0
LIST_EXALL_40_ENTRIES_FIRST_PASS_WORK_WRITE_DETAIL_FREESPACE_GOAL_SAMPLE_TICKS	0
LIST_EXALL_40_ENTRIES_FIRST_PASS_WORK_BTREE_MALLOC_CALLS	2
LIST_EXALL_40_ENTRIES_FIRST_PASS_WORK_BTREE_MALLOC_SAMPLES	2
LIST_EXALL_40_ENTRIES_FIRST_PASS_WORK_BTREE_MALLOC_SAMPLE_TICKS	0
LIST_EXALL_40_ENTRIES_FIRST_PASS_WORK_BTREE_FREE_CALLS	2
LIST_EXALL_40_ENTRIES_FIRST_PASS_WORK_BTREE_FREE_SAMPLES	2
LIST_EXALL_40_ENTRIES_FIRST_PASS_WORK_BTREE_FREE_SAMPLE_TICKS	77
LIST_EXALL_40_ENTRIES_FIRST_PASS_WORK_IFACE_ALLOC_CALLS	0
LIST_EXALL_40_ENTRIES_FIRST_PASS_WORK_IFACE_ALLOC_SAMPLES	0
LIST_EXALL_40_ENTRIES_FIRST_PASS_WORK_IFACE_ALLOC_SAMPLE_TICKS	0
LIST_EXALL_40_ENTRIES_FIRST_PASS_WORK_FREESPACE_ALLOC_CALLS	0
LIST_EXALL_40_ENTRIES_FIRST_PASS_WORK_FREESPACE_ALLOC_SAMPLES	0
LIST_EXALL_40_ENTRIES_FIRST_PASS_WORK_FREESPACE_ALLOC_SAMPLE_TICKS	0
LIST_EXALL_40_ENTRIES_FIRST_PASS_WORK_DETAIL_INODE_READ_CALLS	40
LIST_EXALL_40_ENTRIES_FIRST_PASS_WORK_DETAIL_INODE_READ_SAMPLES	2
LIST_EXALL_40_ENTRIES_FIRST_PASS_WORK_DETAIL_INODE_READ_SAMPLE_TICKS	0
LIST_EXALL_40_ENTRIES_FIRST_PASS_WORK_DETAIL_INODE_VALIDATE_CALLS	40
LIST_EXALL_40_ENTRIES_FIRST_PASS_WORK_DETAIL_INODE_VALIDATE_SAMPLES	2
LIST_EXALL_40_ENTRIES_FIRST_PASS_WORK_DETAIL_INODE_VALIDATE_SAMPLE_TICKS	0
LIST_EXALL_40_ENTRIES_FIRST_PASS_WORK_DETAIL_INODE_SEARCH_CALLS	40
LIST_EXALL_40_ENTRIES_FIRST_PASS_WORK_DETAIL_INODE_SEARCH_SAMPLES	2
LIST_EXALL_40_ENTRIES_FIRST_PASS_WORK_DETAIL_INODE_SEARCH_SAMPLE_TICKS	0
LIST_EXALL_40_ENTRIES_FIRST_PASS_WORK_DETAIL_INODE_NODE_VIEW_CALLS	2
LIST_EXALL_40_ENTRIES_FIRST_PASS_WORK_DETAIL_INODE_NODE_VIEW_SAMPLES	0
LIST_EXALL_40_ENTRIES_FIRST_PASS_WORK_DETAIL_INODE_NODE_VIEW_SAMPLE_TICKS	0
LIST_EXALL_40_ENTRIES_FIRST_PASS_WORK_DETAIL_DIR_NODE_VIEW_CALLS	4
LIST_EXALL_40_ENTRIES_FIRST_PASS_WORK_DETAIL_DIR_NODE_VIEW_SAMPLES	0
LIST_EXALL_40_ENTRIES_FIRST_PASS_WORK_DETAIL_DIR_NODE_VIEW_SAMPLE_TICKS	0
LIST_EXALL_40_ENTRIES_FIRST_PASS_WORK_DETAIL_INODE_BINARY_SEARCH_CALLS	1
LIST_EXALL_40_ENTRIES_FIRST_PASS_WORK_DETAIL_INODE_BINARY_SEARCH_SAMPLES	0
LIST_EXALL_40_ENTRIES_FIRST_PASS_WORK_DETAIL_INODE_BINARY_SEARCH_SAMPLE_TICKS	0
LIST_EXALL_40_ENTRIES_FIRST_PASS_WORK_DETAIL_DIR_BINARY_SEARCH_CALLS	3
LIST_EXALL_40_ENTRIES_FIRST_PASS_WORK_DETAIL_DIR_BINARY_SEARCH_SAMPLES	0
LIST_EXALL_40_ENTRIES_FIRST_PASS_WORK_DETAIL_DIR_BINARY_SEARCH_SAMPLE_TICKS	0
LIST_EXALL_40_ENTRIES_FIRST_PASS_WORK_DETAIL_NODE_STRUCTURE_CALLS	2
LIST_EXALL_40_ENTRIES_FIRST_PASS_WORK_DETAIL_NODE_STRUCTURE_SAMPLES	0
LIST_EXALL_40_ENTRIES_FIRST_PASS_WORK_DETAIL_NODE_STRUCTURE_SAMPLE_TICKS	0
LIST_EXALL_40_ENTRIES_FIRST_PASS_WORK_DETAIL_CACHE_PEEK_CALLS	8
LIST_EXALL_40_ENTRIES_FIRST_PASS_WORK_DETAIL_CACHE_PEEK_SAMPLES	0
LIST_EXALL_40_ENTRIES_FIRST_PASS_WORK_DETAIL_CACHE_PEEK_SAMPLE_TICKS	0
LIST_EXALL_40_ENTRIES_FIRST_PASS_WORK_DETAIL_BUFFER_ALLOC_CALLS	2
LIST_EXALL_40_ENTRIES_FIRST_PASS_WORK_DETAIL_BUFFER_ALLOC_SAMPLES	0
LIST_EXALL_40_ENTRIES_FIRST_PASS_WORK_DETAIL_BUFFER_ALLOC_SAMPLE_TICKS	0
LIST_EXALL_40_ENTRIES_FIRST_PASS_WORK_DETAIL_BUFFER_FREE_CALLS	2
LIST_EXALL_40_ENTRIES_FIRST_PASS_WORK_DETAIL_BUFFER_FREE_SAMPLES	0
LIST_EXALL_40_ENTRIES_FIRST_PASS_WORK_DETAIL_BUFFER_FREE_SAMPLE_TICKS	0
LIST_EXALL_40_ENTRIES_FIRST_PASS_WORK_DETAIL_EXALL_FILL_CALLS	40
LIST_EXALL_40_ENTRIES_FIRST_PASS_WORK_DETAIL_EXALL_FILL_SAMPLES	2
LIST_EXALL_40_ENTRIES_FIRST_PASS_WORK_DETAIL_EXALL_FILL_SAMPLE_TICKS	0
LIST_EXALL_40_ENTRIES_FIRST_PASS_WORK_FREESPACE_ALLOCS	0
LIST_EXALL_40_ENTRIES_FIRST_PASS_VOLUME_FLUSH_BIO_READS	0
LIST_EXALL_40_ENTRIES_FIRST_PASS_VOLUME_FLUSH_BIO_WRITES	0
LIST_EXALL_40_ENTRIES_FIRST_PASS_VOLUME_FLUSH_BIO_UPDATES	0
LIST_EXALL_40_ENTRIES_FIRST_PASS_VOLUME_FLUSH_DATA_READS	0
LIST_EXALL_40_ENTRIES_FIRST_PASS_VOLUME_FLUSH_DATA_WRITES	0
LIST_EXALL_40_ENTRIES_FIRST_PASS_VOLUME_FLUSH_NODE_WRITES	0
LIST_EXALL_40_ENTRIES_FIRST_PASS_VOLUME_FLUSH_TXN_COMMITS	0
LIST_EXALL_40_ENTRIES_FIRST_PASS_VOLUME_FLUSH_EXTENT_MAPS	0
LIST_EXALL_40_ENTRIES_FIRST_PASS_VOLUME_FLUSH_READ_TICKS	0
LIST_EXALL_40_ENTRIES_FIRST_PASS_VOLUME_FLUSH_WRITE_TICKS	0
LIST_EXALL_40_ENTRIES_FIRST_PASS_VOLUME_FLUSH_UPDATE_TICKS	0
LIST_EXALL_40_ENTRIES_FIRST_PASS_VOLUME_FLUSH_DATA_READ_TICKS	0
LIST_EXALL_40_ENTRIES_FIRST_PASS_VOLUME_FLUSH_DATA_WRITE_TICKS	0
LIST_EXALL_40_ENTRIES_FIRST_PASS_VOLUME_FLUSH_NODE_CRC_READ_CALLS	0
LIST_EXALL_40_ENTRIES_FIRST_PASS_VOLUME_FLUSH_NODE_CRC_READ_SAMPLES	0
LIST_EXALL_40_ENTRIES_FIRST_PASS_VOLUME_FLUSH_NODE_CRC_READ_SAMPLE_TICKS	0
LIST_EXALL_40_ENTRIES_FIRST_PASS_VOLUME_FLUSH_NODE_CRC_WRITE_CALLS	0
LIST_EXALL_40_ENTRIES_FIRST_PASS_VOLUME_FLUSH_NODE_CRC_WRITE_SAMPLES	0
LIST_EXALL_40_ENTRIES_FIRST_PASS_VOLUME_FLUSH_NODE_CRC_WRITE_SAMPLE_TICKS	0
LIST_EXALL_40_ENTRIES_FIRST_PASS_VOLUME_FLUSH_CLOCK_PAIR_TICKS	0
LIST_EXALL_40_ENTRIES_FIRST_PASS_VOLUME_FLUSH_PACKET_CALLS	0
LIST_EXALL_40_ENTRIES_FIRST_PASS_VOLUME_FLUSH_PACKET_SAMPLES	0
LIST_EXALL_40_ENTRIES_FIRST_PASS_VOLUME_FLUSH_PACKET_SAMPLE_TICKS	0
LIST_EXALL_40_ENTRIES_FIRST_PASS_VOLUME_FLUSH_PACKET_OPEN_CALLS	0
LIST_EXALL_40_ENTRIES_FIRST_PASS_VOLUME_FLUSH_PACKET_OPEN_SAMPLES	0
LIST_EXALL_40_ENTRIES_FIRST_PASS_VOLUME_FLUSH_PACKET_OPEN_SAMPLE_TICKS	0
LIST_EXALL_40_ENTRIES_FIRST_PASS_VOLUME_FLUSH_PACKET_READ_CALLS	0
LIST_EXALL_40_ENTRIES_FIRST_PASS_VOLUME_FLUSH_PACKET_READ_SAMPLES	0
LIST_EXALL_40_ENTRIES_FIRST_PASS_VOLUME_FLUSH_PACKET_READ_SAMPLE_TICKS	0
LIST_EXALL_40_ENTRIES_FIRST_PASS_VOLUME_FLUSH_PACKET_WRITE_CALLS	0
LIST_EXALL_40_ENTRIES_FIRST_PASS_VOLUME_FLUSH_PACKET_WRITE_SAMPLES	0
LIST_EXALL_40_ENTRIES_FIRST_PASS_VOLUME_FLUSH_PACKET_WRITE_SAMPLE_TICKS	0
LIST_EXALL_40_ENTRIES_FIRST_PASS_VOLUME_FLUSH_PACKET_END_CALLS	0
LIST_EXALL_40_ENTRIES_FIRST_PASS_VOLUME_FLUSH_PACKET_END_SAMPLES	0
LIST_EXALL_40_ENTRIES_FIRST_PASS_VOLUME_FLUSH_PACKET_END_SAMPLE_TICKS	0
LIST_EXALL_40_ENTRIES_FIRST_PASS_VOLUME_FLUSH_PACKET_DELETE_CALLS	0
LIST_EXALL_40_ENTRIES_FIRST_PASS_VOLUME_FLUSH_PACKET_DELETE_SAMPLES	0
LIST_EXALL_40_ENTRIES_FIRST_PASS_VOLUME_FLUSH_PACKET_DELETE_SAMPLE_TICKS	0
LIST_EXALL_40_ENTRIES_FIRST_PASS_VOLUME_FLUSH_PACKET_FLUSH_CALLS	0
LIST_EXALL_40_ENTRIES_FIRST_PASS_VOLUME_FLUSH_PACKET_FLUSH_SAMPLES	0
LIST_EXALL_40_ENTRIES_FIRST_PASS_VOLUME_FLUSH_PACKET_FLUSH_SAMPLE_TICKS	0
LIST_EXALL_40_ENTRIES_FIRST_PASS_VOLUME_FLUSH_PACKET_OTHER_CALLS	0
LIST_EXALL_40_ENTRIES_FIRST_PASS_VOLUME_FLUSH_PACKET_OTHER_SAMPLES	0
LIST_EXALL_40_ENTRIES_FIRST_PASS_VOLUME_FLUSH_PACKET_OTHER_SAMPLE_TICKS	0
LIST_EXALL_40_ENTRIES_FIRST_PASS_VOLUME_FLUSH_CORE_CREATE_CALLS	0
LIST_EXALL_40_ENTRIES_FIRST_PASS_VOLUME_FLUSH_CORE_CREATE_SAMPLES	0
LIST_EXALL_40_ENTRIES_FIRST_PASS_VOLUME_FLUSH_CORE_CREATE_SAMPLE_TICKS	0
LIST_EXALL_40_ENTRIES_FIRST_PASS_VOLUME_FLUSH_CORE_DELETE_CALLS	0
LIST_EXALL_40_ENTRIES_FIRST_PASS_VOLUME_FLUSH_CORE_DELETE_SAMPLES	0
LIST_EXALL_40_ENTRIES_FIRST_PASS_VOLUME_FLUSH_CORE_DELETE_SAMPLE_TICKS	0
LIST_EXALL_40_ENTRIES_FIRST_PASS_VOLUME_FLUSH_CORE_FILE_WRITE_CALLS	0
LIST_EXALL_40_ENTRIES_FIRST_PASS_VOLUME_FLUSH_CORE_FILE_WRITE_SAMPLES	0
LIST_EXALL_40_ENTRIES_FIRST_PASS_VOLUME_FLUSH_CORE_FILE_WRITE_SAMPLE_TICKS	0
LIST_EXALL_40_ENTRIES_FIRST_PASS_VOLUME_FLUSH_CORE_SYNC_CALLS	0
LIST_EXALL_40_ENTRIES_FIRST_PASS_VOLUME_FLUSH_CORE_SYNC_SAMPLES	0
LIST_EXALL_40_ENTRIES_FIRST_PASS_VOLUME_FLUSH_CORE_SYNC_SAMPLE_TICKS	0
LIST_EXALL_40_ENTRIES_FIRST_PASS_VOLUME_FLUSH_IFACE_FREE_CALLS	0
LIST_EXALL_40_ENTRIES_FIRST_PASS_VOLUME_FLUSH_IFACE_FREE_SAMPLES	0
LIST_EXALL_40_ENTRIES_FIRST_PASS_VOLUME_FLUSH_IFACE_FREE_SAMPLE_TICKS	0
LIST_EXALL_40_ENTRIES_FIRST_PASS_VOLUME_FLUSH_SEAL_COMMIT_CALLS	0
LIST_EXALL_40_ENTRIES_FIRST_PASS_VOLUME_FLUSH_SEAL_COMMIT_SAMPLES	0
LIST_EXALL_40_ENTRIES_FIRST_PASS_VOLUME_FLUSH_SEAL_COMMIT_SAMPLE_TICKS	0
LIST_EXALL_40_ENTRIES_FIRST_PASS_VOLUME_FLUSH_INODE_READ_CALLS	0
LIST_EXALL_40_ENTRIES_FIRST_PASS_VOLUME_FLUSH_BTREE_SEARCH_CALLS	0
LIST_EXALL_40_ENTRIES_FIRST_PASS_VOLUME_FLUSH_BTREE_INDEX_HINT_HITS	0
LIST_EXALL_40_ENTRIES_FIRST_PASS_VOLUME_FLUSH_BTREE_LEAF_HINT_HITS	0
LIST_EXALL_40_ENTRIES_FIRST_PASS_VOLUME_FLUSH_CACHE_READ_CALLS	0
LIST_EXALL_40_ENTRIES_FIRST_PASS_VOLUME_FLUSH_CACHE_READ_HITS	0
LIST_EXALL_40_ENTRIES_FIRST_PASS_VOLUME_FLUSH_CACHE_READ_MISSES	0
LIST_EXALL_40_ENTRIES_FIRST_PASS_VOLUME_FLUSH_FREE_TREE_NODE_VIEWS	0
LIST_EXALL_40_ENTRIES_FIRST_PASS_VOLUME_FLUSH_FREE_TREE_RESIDENT_VIEWS	0
LIST_EXALL_40_ENTRIES_FIRST_PASS_VOLUME_FLUSH_DIR_TREE_NODE_VIEWS	0
LIST_EXALL_40_ENTRIES_FIRST_PASS_VOLUME_FLUSH_DIR_TREE_RESIDENT_VIEWS	0
LIST_EXALL_40_ENTRIES_FIRST_PASS_VOLUME_FLUSH_INODE_TREE_NODE_VIEWS	0
LIST_EXALL_40_ENTRIES_FIRST_PASS_VOLUME_FLUSH_INODE_TREE_RESIDENT_VIEWS	0
LIST_EXALL_40_ENTRIES_FIRST_PASS_VOLUME_FLUSH_REFCOUNT_TREE_NODE_VIEWS	0
LIST_EXALL_40_ENTRIES_FIRST_PASS_VOLUME_FLUSH_REFCOUNT_TREE_RESIDENT_VIEWS	0
LIST_EXALL_40_ENTRIES_FIRST_PASS_VOLUME_FLUSH_OTHER_TREE_NODE_VIEWS	0
LIST_EXALL_40_ENTRIES_FIRST_PASS_VOLUME_FLUSH_OTHER_TREE_RESIDENT_VIEWS	0
LIST_EXALL_40_ENTRIES_FIRST_PASS_VOLUME_FLUSH_WRITE_DETAIL_INODE_READ_CALLS	0
LIST_EXALL_40_ENTRIES_FIRST_PASS_VOLUME_FLUSH_WRITE_DETAIL_INODE_READ_SAMPLES	0
LIST_EXALL_40_ENTRIES_FIRST_PASS_VOLUME_FLUSH_WRITE_DETAIL_INODE_READ_SAMPLE_TICKS	0
LIST_EXALL_40_ENTRIES_FIRST_PASS_VOLUME_FLUSH_WRITE_DETAIL_INODE_WRITE_CALLS	0
LIST_EXALL_40_ENTRIES_FIRST_PASS_VOLUME_FLUSH_WRITE_DETAIL_INODE_WRITE_SAMPLES	0
LIST_EXALL_40_ENTRIES_FIRST_PASS_VOLUME_FLUSH_WRITE_DETAIL_INODE_WRITE_SAMPLE_TICKS	0
LIST_EXALL_40_ENTRIES_FIRST_PASS_VOLUME_FLUSH_WRITE_DETAIL_EXTENT_MAP_CALLS	0
LIST_EXALL_40_ENTRIES_FIRST_PASS_VOLUME_FLUSH_WRITE_DETAIL_EXTENT_MAP_SAMPLES	0
LIST_EXALL_40_ENTRIES_FIRST_PASS_VOLUME_FLUSH_WRITE_DETAIL_EXTENT_MAP_SAMPLE_TICKS	0
LIST_EXALL_40_ENTRIES_FIRST_PASS_VOLUME_FLUSH_WRITE_DETAIL_FREESPACE_GOAL_CALLS	0
LIST_EXALL_40_ENTRIES_FIRST_PASS_VOLUME_FLUSH_WRITE_DETAIL_FREESPACE_GOAL_SAMPLES	0
LIST_EXALL_40_ENTRIES_FIRST_PASS_VOLUME_FLUSH_WRITE_DETAIL_FREESPACE_GOAL_SAMPLE_TICKS	0
LIST_EXALL_40_ENTRIES_FIRST_PASS_VOLUME_FLUSH_BTREE_MALLOC_CALLS	0
LIST_EXALL_40_ENTRIES_FIRST_PASS_VOLUME_FLUSH_BTREE_MALLOC_SAMPLES	0
LIST_EXALL_40_ENTRIES_FIRST_PASS_VOLUME_FLUSH_BTREE_MALLOC_SAMPLE_TICKS	0
LIST_EXALL_40_ENTRIES_FIRST_PASS_VOLUME_FLUSH_BTREE_FREE_CALLS	0
LIST_EXALL_40_ENTRIES_FIRST_PASS_VOLUME_FLUSH_BTREE_FREE_SAMPLES	0
LIST_EXALL_40_ENTRIES_FIRST_PASS_VOLUME_FLUSH_BTREE_FREE_SAMPLE_TICKS	0
LIST_EXALL_40_ENTRIES_FIRST_PASS_VOLUME_FLUSH_IFACE_ALLOC_CALLS	0
LIST_EXALL_40_ENTRIES_FIRST_PASS_VOLUME_FLUSH_IFACE_ALLOC_SAMPLES	0
LIST_EXALL_40_ENTRIES_FIRST_PASS_VOLUME_FLUSH_IFACE_ALLOC_SAMPLE_TICKS	0
LIST_EXALL_40_ENTRIES_FIRST_PASS_VOLUME_FLUSH_FREESPACE_ALLOC_CALLS	0
LIST_EXALL_40_ENTRIES_FIRST_PASS_VOLUME_FLUSH_FREESPACE_ALLOC_SAMPLES	0
LIST_EXALL_40_ENTRIES_FIRST_PASS_VOLUME_FLUSH_FREESPACE_ALLOC_SAMPLE_TICKS	0
LIST_EXALL_40_ENTRIES_FIRST_PASS_VOLUME_FLUSH_DETAIL_INODE_READ_CALLS	0
LIST_EXALL_40_ENTRIES_FIRST_PASS_VOLUME_FLUSH_DETAIL_INODE_READ_SAMPLES	0
LIST_EXALL_40_ENTRIES_FIRST_PASS_VOLUME_FLUSH_DETAIL_INODE_READ_SAMPLE_TICKS	0
LIST_EXALL_40_ENTRIES_FIRST_PASS_VOLUME_FLUSH_DETAIL_INODE_VALIDATE_CALLS	0
LIST_EXALL_40_ENTRIES_FIRST_PASS_VOLUME_FLUSH_DETAIL_INODE_VALIDATE_SAMPLES	0
LIST_EXALL_40_ENTRIES_FIRST_PASS_VOLUME_FLUSH_DETAIL_INODE_VALIDATE_SAMPLE_TICKS	0
LIST_EXALL_40_ENTRIES_FIRST_PASS_VOLUME_FLUSH_DETAIL_INODE_SEARCH_CALLS	0
LIST_EXALL_40_ENTRIES_FIRST_PASS_VOLUME_FLUSH_DETAIL_INODE_SEARCH_SAMPLES	0
LIST_EXALL_40_ENTRIES_FIRST_PASS_VOLUME_FLUSH_DETAIL_INODE_SEARCH_SAMPLE_TICKS	0
LIST_EXALL_40_ENTRIES_FIRST_PASS_VOLUME_FLUSH_DETAIL_INODE_NODE_VIEW_CALLS	0
LIST_EXALL_40_ENTRIES_FIRST_PASS_VOLUME_FLUSH_DETAIL_INODE_NODE_VIEW_SAMPLES	0
LIST_EXALL_40_ENTRIES_FIRST_PASS_VOLUME_FLUSH_DETAIL_INODE_NODE_VIEW_SAMPLE_TICKS	0
LIST_EXALL_40_ENTRIES_FIRST_PASS_VOLUME_FLUSH_DETAIL_DIR_NODE_VIEW_CALLS	0
LIST_EXALL_40_ENTRIES_FIRST_PASS_VOLUME_FLUSH_DETAIL_DIR_NODE_VIEW_SAMPLES	0
LIST_EXALL_40_ENTRIES_FIRST_PASS_VOLUME_FLUSH_DETAIL_DIR_NODE_VIEW_SAMPLE_TICKS	0
LIST_EXALL_40_ENTRIES_FIRST_PASS_VOLUME_FLUSH_DETAIL_INODE_BINARY_SEARCH_CALLS	0
LIST_EXALL_40_ENTRIES_FIRST_PASS_VOLUME_FLUSH_DETAIL_INODE_BINARY_SEARCH_SAMPLES	0
LIST_EXALL_40_ENTRIES_FIRST_PASS_VOLUME_FLUSH_DETAIL_INODE_BINARY_SEARCH_SAMPLE_TICKS	0
LIST_EXALL_40_ENTRIES_FIRST_PASS_VOLUME_FLUSH_DETAIL_DIR_BINARY_SEARCH_CALLS	0
LIST_EXALL_40_ENTRIES_FIRST_PASS_VOLUME_FLUSH_DETAIL_DIR_BINARY_SEARCH_SAMPLES	0
LIST_EXALL_40_ENTRIES_FIRST_PASS_VOLUME_FLUSH_DETAIL_DIR_BINARY_SEARCH_SAMPLE_TICKS	0
LIST_EXALL_40_ENTRIES_FIRST_PASS_VOLUME_FLUSH_DETAIL_NODE_STRUCTURE_CALLS	0
LIST_EXALL_40_ENTRIES_FIRST_PASS_VOLUME_FLUSH_DETAIL_NODE_STRUCTURE_SAMPLES	0
LIST_EXALL_40_ENTRIES_FIRST_PASS_VOLUME_FLUSH_DETAIL_NODE_STRUCTURE_SAMPLE_TICKS	0
LIST_EXALL_40_ENTRIES_FIRST_PASS_VOLUME_FLUSH_DETAIL_CACHE_PEEK_CALLS	0
LIST_EXALL_40_ENTRIES_FIRST_PASS_VOLUME_FLUSH_DETAIL_CACHE_PEEK_SAMPLES	0
LIST_EXALL_40_ENTRIES_FIRST_PASS_VOLUME_FLUSH_DETAIL_CACHE_PEEK_SAMPLE_TICKS	0
LIST_EXALL_40_ENTRIES_FIRST_PASS_VOLUME_FLUSH_DETAIL_BUFFER_ALLOC_CALLS	0
LIST_EXALL_40_ENTRIES_FIRST_PASS_VOLUME_FLUSH_DETAIL_BUFFER_ALLOC_SAMPLES	0
LIST_EXALL_40_ENTRIES_FIRST_PASS_VOLUME_FLUSH_DETAIL_BUFFER_ALLOC_SAMPLE_TICKS	0
LIST_EXALL_40_ENTRIES_FIRST_PASS_VOLUME_FLUSH_DETAIL_BUFFER_FREE_CALLS	0
LIST_EXALL_40_ENTRIES_FIRST_PASS_VOLUME_FLUSH_DETAIL_BUFFER_FREE_SAMPLES	0
LIST_EXALL_40_ENTRIES_FIRST_PASS_VOLUME_FLUSH_DETAIL_BUFFER_FREE_SAMPLE_TICKS	0
LIST_EXALL_40_ENTRIES_FIRST_PASS_VOLUME_FLUSH_DETAIL_EXALL_FILL_CALLS	0
LIST_EXALL_40_ENTRIES_FIRST_PASS_VOLUME_FLUSH_DETAIL_EXALL_FILL_SAMPLES	0
LIST_EXALL_40_ENTRIES_FIRST_PASS_VOLUME_FLUSH_DETAIL_EXALL_FILL_SAMPLE_TICKS	0
LIST_EXALL_40_ENTRIES_FIRST_PASS_VOLUME_FLUSH_FREESPACE_ALLOCS	0
LIST_EXALL_40_ENTRIES_REPEAT10_TOTAL_US	13057
LIST_EXALL_40_ENTRIES_REPEAT10_TOTAL_WORK_US	13057
LIST_EXALL_40_ENTRIES_REPEAT10_TOTAL_VOLUME_FLUSH_US	0
LIST_EXALL_40_ENTRIES_REPEAT10_TOTAL_HAS_VOLUME_FLUSH	0
LIST_EXALL_40_ENTRIES_REPEAT10_TOTAL_GUEST_OPEN_CALLS	0
LIST_EXALL_40_ENTRIES_REPEAT10_TOTAL_GUEST_OPEN_US	0
LIST_EXALL_40_ENTRIES_REPEAT10_TOTAL_GUEST_READ_CALLS	0
LIST_EXALL_40_ENTRIES_REPEAT10_TOTAL_GUEST_READ_US	0
LIST_EXALL_40_ENTRIES_REPEAT10_TOTAL_GUEST_WRITE_CALLS	0
LIST_EXALL_40_ENTRIES_REPEAT10_TOTAL_GUEST_WRITE_US	0
LIST_EXALL_40_ENTRIES_REPEAT10_TOTAL_GUEST_HANDLE_FLUSH_CALLS	0
LIST_EXALL_40_ENTRIES_REPEAT10_TOTAL_GUEST_HANDLE_FLUSH_US	0
LIST_EXALL_40_ENTRIES_REPEAT10_TOTAL_GUEST_CLOSE_CALLS	0
LIST_EXALL_40_ENTRIES_REPEAT10_TOTAL_GUEST_CLOSE_US	0
LIST_EXALL_40_ENTRIES_REPEAT10_TOTAL_GUEST_VERIFY_CALLS	0
LIST_EXALL_40_ENTRIES_REPEAT10_TOTAL_GUEST_VERIFY_US	0
LIST_EXALL_40_ENTRIES_REPEAT10_TOTAL_WORK_BIO_READS	0
LIST_EXALL_40_ENTRIES_REPEAT10_TOTAL_WORK_BIO_WRITES	0
LIST_EXALL_40_ENTRIES_REPEAT10_TOTAL_WORK_BIO_UPDATES	0
LIST_EXALL_40_ENTRIES_REPEAT10_TOTAL_WORK_DATA_READS	0
LIST_EXALL_40_ENTRIES_REPEAT10_TOTAL_WORK_DATA_WRITES	0
LIST_EXALL_40_ENTRIES_REPEAT10_TOTAL_WORK_NODE_WRITES	0
LIST_EXALL_40_ENTRIES_REPEAT10_TOTAL_WORK_TXN_COMMITS	0
LIST_EXALL_40_ENTRIES_REPEAT10_TOTAL_WORK_EXTENT_MAPS	0
LIST_EXALL_40_ENTRIES_REPEAT10_TOTAL_WORK_READ_TICKS	0
LIST_EXALL_40_ENTRIES_REPEAT10_TOTAL_WORK_WRITE_TICKS	0
LIST_EXALL_40_ENTRIES_REPEAT10_TOTAL_WORK_UPDATE_TICKS	0
LIST_EXALL_40_ENTRIES_REPEAT10_TOTAL_WORK_DATA_READ_TICKS	0
LIST_EXALL_40_ENTRIES_REPEAT10_TOTAL_WORK_DATA_WRITE_TICKS	0
LIST_EXALL_40_ENTRIES_REPEAT10_TOTAL_WORK_NODE_CRC_READ_CALLS	0
LIST_EXALL_40_ENTRIES_REPEAT10_TOTAL_WORK_NODE_CRC_READ_SAMPLES	0
LIST_EXALL_40_ENTRIES_REPEAT10_TOTAL_WORK_NODE_CRC_READ_SAMPLE_TICKS	0
LIST_EXALL_40_ENTRIES_REPEAT10_TOTAL_WORK_NODE_CRC_WRITE_CALLS	0
LIST_EXALL_40_ENTRIES_REPEAT10_TOTAL_WORK_NODE_CRC_WRITE_SAMPLES	0
LIST_EXALL_40_ENTRIES_REPEAT10_TOTAL_WORK_NODE_CRC_WRITE_SAMPLE_TICKS	0
LIST_EXALL_40_ENTRIES_REPEAT10_TOTAL_WORK_CLOCK_PAIR_TICKS	1
LIST_EXALL_40_ENTRIES_REPEAT10_TOTAL_WORK_PACKET_CALLS	12
LIST_EXALL_40_ENTRIES_REPEAT10_TOTAL_WORK_PACKET_SAMPLES	12
LIST_EXALL_40_ENTRIES_REPEAT10_TOTAL_WORK_PACKET_SAMPLE_TICKS	8752
LIST_EXALL_40_ENTRIES_REPEAT10_TOTAL_WORK_PACKET_OPEN_CALLS	0
LIST_EXALL_40_ENTRIES_REPEAT10_TOTAL_WORK_PACKET_OPEN_SAMPLES	0
LIST_EXALL_40_ENTRIES_REPEAT10_TOTAL_WORK_PACKET_OPEN_SAMPLE_TICKS	0
LIST_EXALL_40_ENTRIES_REPEAT10_TOTAL_WORK_PACKET_READ_CALLS	0
LIST_EXALL_40_ENTRIES_REPEAT10_TOTAL_WORK_PACKET_READ_SAMPLES	0
LIST_EXALL_40_ENTRIES_REPEAT10_TOTAL_WORK_PACKET_READ_SAMPLE_TICKS	0
LIST_EXALL_40_ENTRIES_REPEAT10_TOTAL_WORK_PACKET_WRITE_CALLS	0
LIST_EXALL_40_ENTRIES_REPEAT10_TOTAL_WORK_PACKET_WRITE_SAMPLES	0
LIST_EXALL_40_ENTRIES_REPEAT10_TOTAL_WORK_PACKET_WRITE_SAMPLE_TICKS	0
LIST_EXALL_40_ENTRIES_REPEAT10_TOTAL_WORK_PACKET_END_CALLS	0
LIST_EXALL_40_ENTRIES_REPEAT10_TOTAL_WORK_PACKET_END_SAMPLES	0
LIST_EXALL_40_ENTRIES_REPEAT10_TOTAL_WORK_PACKET_END_SAMPLE_TICKS	0
LIST_EXALL_40_ENTRIES_REPEAT10_TOTAL_WORK_PACKET_DELETE_CALLS	0
LIST_EXALL_40_ENTRIES_REPEAT10_TOTAL_WORK_PACKET_DELETE_SAMPLES	0
LIST_EXALL_40_ENTRIES_REPEAT10_TOTAL_WORK_PACKET_DELETE_SAMPLE_TICKS	0
LIST_EXALL_40_ENTRIES_REPEAT10_TOTAL_WORK_PACKET_FLUSH_CALLS	0
LIST_EXALL_40_ENTRIES_REPEAT10_TOTAL_WORK_PACKET_FLUSH_SAMPLES	0
LIST_EXALL_40_ENTRIES_REPEAT10_TOTAL_WORK_PACKET_FLUSH_SAMPLE_TICKS	0
LIST_EXALL_40_ENTRIES_REPEAT10_TOTAL_WORK_PACKET_OTHER_CALLS	12
LIST_EXALL_40_ENTRIES_REPEAT10_TOTAL_WORK_PACKET_OTHER_SAMPLES	12
LIST_EXALL_40_ENTRIES_REPEAT10_TOTAL_WORK_PACKET_OTHER_SAMPLE_TICKS	8752
LIST_EXALL_40_ENTRIES_REPEAT10_TOTAL_WORK_CORE_CREATE_CALLS	0
LIST_EXALL_40_ENTRIES_REPEAT10_TOTAL_WORK_CORE_CREATE_SAMPLES	0
LIST_EXALL_40_ENTRIES_REPEAT10_TOTAL_WORK_CORE_CREATE_SAMPLE_TICKS	0
LIST_EXALL_40_ENTRIES_REPEAT10_TOTAL_WORK_CORE_DELETE_CALLS	0
LIST_EXALL_40_ENTRIES_REPEAT10_TOTAL_WORK_CORE_DELETE_SAMPLES	0
LIST_EXALL_40_ENTRIES_REPEAT10_TOTAL_WORK_CORE_DELETE_SAMPLE_TICKS	0
LIST_EXALL_40_ENTRIES_REPEAT10_TOTAL_WORK_CORE_FILE_WRITE_CALLS	0
LIST_EXALL_40_ENTRIES_REPEAT10_TOTAL_WORK_CORE_FILE_WRITE_SAMPLES	0
LIST_EXALL_40_ENTRIES_REPEAT10_TOTAL_WORK_CORE_FILE_WRITE_SAMPLE_TICKS	0
LIST_EXALL_40_ENTRIES_REPEAT10_TOTAL_WORK_CORE_SYNC_CALLS	0
LIST_EXALL_40_ENTRIES_REPEAT10_TOTAL_WORK_CORE_SYNC_SAMPLES	0
LIST_EXALL_40_ENTRIES_REPEAT10_TOTAL_WORK_CORE_SYNC_SAMPLE_TICKS	0
LIST_EXALL_40_ENTRIES_REPEAT10_TOTAL_WORK_IFACE_FREE_CALLS	0
LIST_EXALL_40_ENTRIES_REPEAT10_TOTAL_WORK_IFACE_FREE_SAMPLES	0
LIST_EXALL_40_ENTRIES_REPEAT10_TOTAL_WORK_IFACE_FREE_SAMPLE_TICKS	0
LIST_EXALL_40_ENTRIES_REPEAT10_TOTAL_WORK_SEAL_COMMIT_CALLS	0
LIST_EXALL_40_ENTRIES_REPEAT10_TOTAL_WORK_SEAL_COMMIT_SAMPLES	0
LIST_EXALL_40_ENTRIES_REPEAT10_TOTAL_WORK_SEAL_COMMIT_SAMPLE_TICKS	0
LIST_EXALL_40_ENTRIES_REPEAT10_TOTAL_WORK_INODE_READ_CALLS	400
LIST_EXALL_40_ENTRIES_REPEAT10_TOTAL_WORK_BTREE_SEARCH_CALLS	401
LIST_EXALL_40_ENTRIES_REPEAT10_TOTAL_WORK_BTREE_INDEX_HINT_HITS	0
LIST_EXALL_40_ENTRIES_REPEAT10_TOTAL_WORK_BTREE_LEAF_HINT_HITS	21
LIST_EXALL_40_ENTRIES_REPEAT10_TOTAL_WORK_CACHE_READ_CALLS	0
LIST_EXALL_40_ENTRIES_REPEAT10_TOTAL_WORK_CACHE_READ_HITS	0
LIST_EXALL_40_ENTRIES_REPEAT10_TOTAL_WORK_CACHE_READ_MISSES	0
LIST_EXALL_40_ENTRIES_REPEAT10_TOTAL_WORK_FREE_TREE_NODE_VIEWS	0
LIST_EXALL_40_ENTRIES_REPEAT10_TOTAL_WORK_FREE_TREE_RESIDENT_VIEWS	0
LIST_EXALL_40_ENTRIES_REPEAT10_TOTAL_WORK_DIR_TREE_NODE_VIEWS	40
LIST_EXALL_40_ENTRIES_REPEAT10_TOTAL_WORK_DIR_TREE_RESIDENT_VIEWS	40
LIST_EXALL_40_ENTRIES_REPEAT10_TOTAL_WORK_INODE_TREE_NODE_VIEWS	0
LIST_EXALL_40_ENTRIES_REPEAT10_TOTAL_WORK_INODE_TREE_RESIDENT_VIEWS	0
LIST_EXALL_40_ENTRIES_REPEAT10_TOTAL_WORK_REFCOUNT_TREE_NODE_VIEWS	0
LIST_EXALL_40_ENTRIES_REPEAT10_TOTAL_WORK_REFCOUNT_TREE_RESIDENT_VIEWS	0
LIST_EXALL_40_ENTRIES_REPEAT10_TOTAL_WORK_OTHER_TREE_NODE_VIEWS	0
LIST_EXALL_40_ENTRIES_REPEAT10_TOTAL_WORK_OTHER_TREE_RESIDENT_VIEWS	0
LIST_EXALL_40_ENTRIES_REPEAT10_TOTAL_WORK_WRITE_DETAIL_INODE_READ_CALLS	400
LIST_EXALL_40_ENTRIES_REPEAT10_TOTAL_WORK_WRITE_DETAIL_INODE_READ_SAMPLES	400
LIST_EXALL_40_ENTRIES_REPEAT10_TOTAL_WORK_WRITE_DETAIL_INODE_READ_SAMPLE_TICKS	2617
LIST_EXALL_40_ENTRIES_REPEAT10_TOTAL_WORK_WRITE_DETAIL_INODE_WRITE_CALLS	0
LIST_EXALL_40_ENTRIES_REPEAT10_TOTAL_WORK_WRITE_DETAIL_INODE_WRITE_SAMPLES	0
LIST_EXALL_40_ENTRIES_REPEAT10_TOTAL_WORK_WRITE_DETAIL_INODE_WRITE_SAMPLE_TICKS	0
LIST_EXALL_40_ENTRIES_REPEAT10_TOTAL_WORK_WRITE_DETAIL_EXTENT_MAP_CALLS	0
LIST_EXALL_40_ENTRIES_REPEAT10_TOTAL_WORK_WRITE_DETAIL_EXTENT_MAP_SAMPLES	0
LIST_EXALL_40_ENTRIES_REPEAT10_TOTAL_WORK_WRITE_DETAIL_EXTENT_MAP_SAMPLE_TICKS	0
LIST_EXALL_40_ENTRIES_REPEAT10_TOTAL_WORK_WRITE_DETAIL_FREESPACE_GOAL_CALLS	0
LIST_EXALL_40_ENTRIES_REPEAT10_TOTAL_WORK_WRITE_DETAIL_FREESPACE_GOAL_SAMPLES	0
LIST_EXALL_40_ENTRIES_REPEAT10_TOTAL_WORK_WRITE_DETAIL_FREESPACE_GOAL_SAMPLE_TICKS	0
LIST_EXALL_40_ENTRIES_REPEAT10_TOTAL_WORK_BTREE_MALLOC_CALLS	11
LIST_EXALL_40_ENTRIES_REPEAT10_TOTAL_WORK_BTREE_MALLOC_SAMPLES	11
LIST_EXALL_40_ENTRIES_REPEAT10_TOTAL_WORK_BTREE_MALLOC_SAMPLE_TICKS	0
LIST_EXALL_40_ENTRIES_REPEAT10_TOTAL_WORK_BTREE_FREE_CALLS	11
LIST_EXALL_40_ENTRIES_REPEAT10_TOTAL_WORK_BTREE_FREE_SAMPLES	11
LIST_EXALL_40_ENTRIES_REPEAT10_TOTAL_WORK_BTREE_FREE_SAMPLE_TICKS	51
LIST_EXALL_40_ENTRIES_REPEAT10_TOTAL_WORK_IFACE_ALLOC_CALLS	0
LIST_EXALL_40_ENTRIES_REPEAT10_TOTAL_WORK_IFACE_ALLOC_SAMPLES	0
LIST_EXALL_40_ENTRIES_REPEAT10_TOTAL_WORK_IFACE_ALLOC_SAMPLE_TICKS	0
LIST_EXALL_40_ENTRIES_REPEAT10_TOTAL_WORK_FREESPACE_ALLOC_CALLS	0
LIST_EXALL_40_ENTRIES_REPEAT10_TOTAL_WORK_FREESPACE_ALLOC_SAMPLES	0
LIST_EXALL_40_ENTRIES_REPEAT10_TOTAL_WORK_FREESPACE_ALLOC_SAMPLE_TICKS	0
LIST_EXALL_40_ENTRIES_REPEAT10_TOTAL_WORK_DETAIL_INODE_READ_CALLS	400
LIST_EXALL_40_ENTRIES_REPEAT10_TOTAL_WORK_DETAIL_INODE_READ_SAMPLES	23
LIST_EXALL_40_ENTRIES_REPEAT10_TOTAL_WORK_DETAIL_INODE_READ_SAMPLE_TICKS	189
LIST_EXALL_40_ENTRIES_REPEAT10_TOTAL_WORK_DETAIL_INODE_VALIDATE_CALLS	400
LIST_EXALL_40_ENTRIES_REPEAT10_TOTAL_WORK_DETAIL_INODE_VALIDATE_SAMPLES	23
LIST_EXALL_40_ENTRIES_REPEAT10_TOTAL_WORK_DETAIL_INODE_VALIDATE_SAMPLE_TICKS	71
LIST_EXALL_40_ENTRIES_REPEAT10_TOTAL_WORK_DETAIL_INODE_SEARCH_CALLS	400
LIST_EXALL_40_ENTRIES_REPEAT10_TOTAL_WORK_DETAIL_INODE_SEARCH_SAMPLES	23
LIST_EXALL_40_ENTRIES_REPEAT10_TOTAL_WORK_DETAIL_INODE_SEARCH_SAMPLE_TICKS	1
LIST_EXALL_40_ENTRIES_REPEAT10_TOTAL_WORK_DETAIL_INODE_NODE_VIEW_CALLS	0
LIST_EXALL_40_ENTRIES_REPEAT10_TOTAL_WORK_DETAIL_INODE_NODE_VIEW_SAMPLES	0
LIST_EXALL_40_ENTRIES_REPEAT10_TOTAL_WORK_DETAIL_INODE_NODE_VIEW_SAMPLE_TICKS	0
LIST_EXALL_40_ENTRIES_REPEAT10_TOTAL_WORK_DETAIL_DIR_NODE_VIEW_CALLS	40
LIST_EXALL_40_ENTRIES_REPEAT10_TOTAL_WORK_DETAIL_DIR_NODE_VIEW_SAMPLES	2
LIST_EXALL_40_ENTRIES_REPEAT10_TOTAL_WORK_DETAIL_DIR_NODE_VIEW_SAMPLE_TICKS	136
LIST_EXALL_40_ENTRIES_REPEAT10_TOTAL_WORK_DETAIL_INODE_BINARY_SEARCH_CALLS	0
LIST_EXALL_40_ENTRIES_REPEAT10_TOTAL_WORK_DETAIL_INODE_BINARY_SEARCH_SAMPLES	0
LIST_EXALL_40_ENTRIES_REPEAT10_TOTAL_WORK_DETAIL_INODE_BINARY_SEARCH_SAMPLE_TICKS	0
LIST_EXALL_40_ENTRIES_REPEAT10_TOTAL_WORK_DETAIL_DIR_BINARY_SEARCH_CALLS	21
LIST_EXALL_40_ENTRIES_REPEAT10_TOTAL_WORK_DETAIL_DIR_BINARY_SEARCH_SAMPLES	1
LIST_EXALL_40_ENTRIES_REPEAT10_TOTAL_WORK_DETAIL_DIR_BINARY_SEARCH_SAMPLE_TICKS	0
LIST_EXALL_40_ENTRIES_REPEAT10_TOTAL_WORK_DETAIL_NODE_STRUCTURE_CALLS	0
LIST_EXALL_40_ENTRIES_REPEAT10_TOTAL_WORK_DETAIL_NODE_STRUCTURE_SAMPLES	0
LIST_EXALL_40_ENTRIES_REPEAT10_TOTAL_WORK_DETAIL_NODE_STRUCTURE_SAMPLE_TICKS	0
LIST_EXALL_40_ENTRIES_REPEAT10_TOTAL_WORK_DETAIL_CACHE_PEEK_CALLS	61
LIST_EXALL_40_ENTRIES_REPEAT10_TOTAL_WORK_DETAIL_CACHE_PEEK_SAMPLES	3
LIST_EXALL_40_ENTRIES_REPEAT10_TOTAL_WORK_DETAIL_CACHE_PEEK_SAMPLE_TICKS	0
LIST_EXALL_40_ENTRIES_REPEAT10_TOTAL_WORK_DETAIL_BUFFER_ALLOC_CALLS	20
LIST_EXALL_40_ENTRIES_REPEAT10_TOTAL_WORK_DETAIL_BUFFER_ALLOC_SAMPLES	1
LIST_EXALL_40_ENTRIES_REPEAT10_TOTAL_WORK_DETAIL_BUFFER_ALLOC_SAMPLE_TICKS	0
LIST_EXALL_40_ENTRIES_REPEAT10_TOTAL_WORK_DETAIL_BUFFER_FREE_CALLS	20
LIST_EXALL_40_ENTRIES_REPEAT10_TOTAL_WORK_DETAIL_BUFFER_FREE_SAMPLES	1
LIST_EXALL_40_ENTRIES_REPEAT10_TOTAL_WORK_DETAIL_BUFFER_FREE_SAMPLE_TICKS	0
LIST_EXALL_40_ENTRIES_REPEAT10_TOTAL_WORK_DETAIL_EXALL_FILL_CALLS	400
LIST_EXALL_40_ENTRIES_REPEAT10_TOTAL_WORK_DETAIL_EXALL_FILL_SAMPLES	23
LIST_EXALL_40_ENTRIES_REPEAT10_TOTAL_WORK_DETAIL_EXALL_FILL_SAMPLE_TICKS	135
LIST_EXALL_40_ENTRIES_REPEAT10_TOTAL_WORK_FREESPACE_ALLOCS	0
LIST_EXALL_40_ENTRIES_REPEAT10_TOTAL_VOLUME_FLUSH_BIO_READS	0
LIST_EXALL_40_ENTRIES_REPEAT10_TOTAL_VOLUME_FLUSH_BIO_WRITES	0
LIST_EXALL_40_ENTRIES_REPEAT10_TOTAL_VOLUME_FLUSH_BIO_UPDATES	0
LIST_EXALL_40_ENTRIES_REPEAT10_TOTAL_VOLUME_FLUSH_DATA_READS	0
LIST_EXALL_40_ENTRIES_REPEAT10_TOTAL_VOLUME_FLUSH_DATA_WRITES	0
LIST_EXALL_40_ENTRIES_REPEAT10_TOTAL_VOLUME_FLUSH_NODE_WRITES	0
LIST_EXALL_40_ENTRIES_REPEAT10_TOTAL_VOLUME_FLUSH_TXN_COMMITS	0
LIST_EXALL_40_ENTRIES_REPEAT10_TOTAL_VOLUME_FLUSH_EXTENT_MAPS	0
LIST_EXALL_40_ENTRIES_REPEAT10_TOTAL_VOLUME_FLUSH_READ_TICKS	0
LIST_EXALL_40_ENTRIES_REPEAT10_TOTAL_VOLUME_FLUSH_WRITE_TICKS	0
LIST_EXALL_40_ENTRIES_REPEAT10_TOTAL_VOLUME_FLUSH_UPDATE_TICKS	0
LIST_EXALL_40_ENTRIES_REPEAT10_TOTAL_VOLUME_FLUSH_DATA_READ_TICKS	0
LIST_EXALL_40_ENTRIES_REPEAT10_TOTAL_VOLUME_FLUSH_DATA_WRITE_TICKS	0
LIST_EXALL_40_ENTRIES_REPEAT10_TOTAL_VOLUME_FLUSH_NODE_CRC_READ_CALLS	0
LIST_EXALL_40_ENTRIES_REPEAT10_TOTAL_VOLUME_FLUSH_NODE_CRC_READ_SAMPLES	0
LIST_EXALL_40_ENTRIES_REPEAT10_TOTAL_VOLUME_FLUSH_NODE_CRC_READ_SAMPLE_TICKS	0
LIST_EXALL_40_ENTRIES_REPEAT10_TOTAL_VOLUME_FLUSH_NODE_CRC_WRITE_CALLS	0
LIST_EXALL_40_ENTRIES_REPEAT10_TOTAL_VOLUME_FLUSH_NODE_CRC_WRITE_SAMPLES	0
LIST_EXALL_40_ENTRIES_REPEAT10_TOTAL_VOLUME_FLUSH_NODE_CRC_WRITE_SAMPLE_TICKS	0
LIST_EXALL_40_ENTRIES_REPEAT10_TOTAL_VOLUME_FLUSH_CLOCK_PAIR_TICKS	0
LIST_EXALL_40_ENTRIES_REPEAT10_TOTAL_VOLUME_FLUSH_PACKET_CALLS	0
LIST_EXALL_40_ENTRIES_REPEAT10_TOTAL_VOLUME_FLUSH_PACKET_SAMPLES	0
LIST_EXALL_40_ENTRIES_REPEAT10_TOTAL_VOLUME_FLUSH_PACKET_SAMPLE_TICKS	0
LIST_EXALL_40_ENTRIES_REPEAT10_TOTAL_VOLUME_FLUSH_PACKET_OPEN_CALLS	0
LIST_EXALL_40_ENTRIES_REPEAT10_TOTAL_VOLUME_FLUSH_PACKET_OPEN_SAMPLES	0
LIST_EXALL_40_ENTRIES_REPEAT10_TOTAL_VOLUME_FLUSH_PACKET_OPEN_SAMPLE_TICKS	0
LIST_EXALL_40_ENTRIES_REPEAT10_TOTAL_VOLUME_FLUSH_PACKET_READ_CALLS	0
LIST_EXALL_40_ENTRIES_REPEAT10_TOTAL_VOLUME_FLUSH_PACKET_READ_SAMPLES	0
LIST_EXALL_40_ENTRIES_REPEAT10_TOTAL_VOLUME_FLUSH_PACKET_READ_SAMPLE_TICKS	0
LIST_EXALL_40_ENTRIES_REPEAT10_TOTAL_VOLUME_FLUSH_PACKET_WRITE_CALLS	0
LIST_EXALL_40_ENTRIES_REPEAT10_TOTAL_VOLUME_FLUSH_PACKET_WRITE_SAMPLES	0
LIST_EXALL_40_ENTRIES_REPEAT10_TOTAL_VOLUME_FLUSH_PACKET_WRITE_SAMPLE_TICKS	0
LIST_EXALL_40_ENTRIES_REPEAT10_TOTAL_VOLUME_FLUSH_PACKET_END_CALLS	0
LIST_EXALL_40_ENTRIES_REPEAT10_TOTAL_VOLUME_FLUSH_PACKET_END_SAMPLES	0
LIST_EXALL_40_ENTRIES_REPEAT10_TOTAL_VOLUME_FLUSH_PACKET_END_SAMPLE_TICKS	0
LIST_EXALL_40_ENTRIES_REPEAT10_TOTAL_VOLUME_FLUSH_PACKET_DELETE_CALLS	0
LIST_EXALL_40_ENTRIES_REPEAT10_TOTAL_VOLUME_FLUSH_PACKET_DELETE_SAMPLES	0
LIST_EXALL_40_ENTRIES_REPEAT10_TOTAL_VOLUME_FLUSH_PACKET_DELETE_SAMPLE_TICKS	0
LIST_EXALL_40_ENTRIES_REPEAT10_TOTAL_VOLUME_FLUSH_PACKET_FLUSH_CALLS	0
LIST_EXALL_40_ENTRIES_REPEAT10_TOTAL_VOLUME_FLUSH_PACKET_FLUSH_SAMPLES	0
LIST_EXALL_40_ENTRIES_REPEAT10_TOTAL_VOLUME_FLUSH_PACKET_FLUSH_SAMPLE_TICKS	0
LIST_EXALL_40_ENTRIES_REPEAT10_TOTAL_VOLUME_FLUSH_PACKET_OTHER_CALLS	0
LIST_EXALL_40_ENTRIES_REPEAT10_TOTAL_VOLUME_FLUSH_PACKET_OTHER_SAMPLES	0
LIST_EXALL_40_ENTRIES_REPEAT10_TOTAL_VOLUME_FLUSH_PACKET_OTHER_SAMPLE_TICKS	0
LIST_EXALL_40_ENTRIES_REPEAT10_TOTAL_VOLUME_FLUSH_CORE_CREATE_CALLS	0
LIST_EXALL_40_ENTRIES_REPEAT10_TOTAL_VOLUME_FLUSH_CORE_CREATE_SAMPLES	0
LIST_EXALL_40_ENTRIES_REPEAT10_TOTAL_VOLUME_FLUSH_CORE_CREATE_SAMPLE_TICKS	0
LIST_EXALL_40_ENTRIES_REPEAT10_TOTAL_VOLUME_FLUSH_CORE_DELETE_CALLS	0
LIST_EXALL_40_ENTRIES_REPEAT10_TOTAL_VOLUME_FLUSH_CORE_DELETE_SAMPLES	0
LIST_EXALL_40_ENTRIES_REPEAT10_TOTAL_VOLUME_FLUSH_CORE_DELETE_SAMPLE_TICKS	0
LIST_EXALL_40_ENTRIES_REPEAT10_TOTAL_VOLUME_FLUSH_CORE_FILE_WRITE_CALLS	0
LIST_EXALL_40_ENTRIES_REPEAT10_TOTAL_VOLUME_FLUSH_CORE_FILE_WRITE_SAMPLES	0
LIST_EXALL_40_ENTRIES_REPEAT10_TOTAL_VOLUME_FLUSH_CORE_FILE_WRITE_SAMPLE_TICKS	0
LIST_EXALL_40_ENTRIES_REPEAT10_TOTAL_VOLUME_FLUSH_CORE_SYNC_CALLS	0
LIST_EXALL_40_ENTRIES_REPEAT10_TOTAL_VOLUME_FLUSH_CORE_SYNC_SAMPLES	0
LIST_EXALL_40_ENTRIES_REPEAT10_TOTAL_VOLUME_FLUSH_CORE_SYNC_SAMPLE_TICKS	0
LIST_EXALL_40_ENTRIES_REPEAT10_TOTAL_VOLUME_FLUSH_IFACE_FREE_CALLS	0
LIST_EXALL_40_ENTRIES_REPEAT10_TOTAL_VOLUME_FLUSH_IFACE_FREE_SAMPLES	0
LIST_EXALL_40_ENTRIES_REPEAT10_TOTAL_VOLUME_FLUSH_IFACE_FREE_SAMPLE_TICKS	0
LIST_EXALL_40_ENTRIES_REPEAT10_TOTAL_VOLUME_FLUSH_SEAL_COMMIT_CALLS	0
LIST_EXALL_40_ENTRIES_REPEAT10_TOTAL_VOLUME_FLUSH_SEAL_COMMIT_SAMPLES	0
LIST_EXALL_40_ENTRIES_REPEAT10_TOTAL_VOLUME_FLUSH_SEAL_COMMIT_SAMPLE_TICKS	0
LIST_EXALL_40_ENTRIES_REPEAT10_TOTAL_VOLUME_FLUSH_INODE_READ_CALLS	0
LIST_EXALL_40_ENTRIES_REPEAT10_TOTAL_VOLUME_FLUSH_BTREE_SEARCH_CALLS	0
LIST_EXALL_40_ENTRIES_REPEAT10_TOTAL_VOLUME_FLUSH_BTREE_INDEX_HINT_HITS	0
LIST_EXALL_40_ENTRIES_REPEAT10_TOTAL_VOLUME_FLUSH_BTREE_LEAF_HINT_HITS	0
LIST_EXALL_40_ENTRIES_REPEAT10_TOTAL_VOLUME_FLUSH_CACHE_READ_CALLS	0
LIST_EXALL_40_ENTRIES_REPEAT10_TOTAL_VOLUME_FLUSH_CACHE_READ_HITS	0
LIST_EXALL_40_ENTRIES_REPEAT10_TOTAL_VOLUME_FLUSH_CACHE_READ_MISSES	0
LIST_EXALL_40_ENTRIES_REPEAT10_TOTAL_VOLUME_FLUSH_FREE_TREE_NODE_VIEWS	0
LIST_EXALL_40_ENTRIES_REPEAT10_TOTAL_VOLUME_FLUSH_FREE_TREE_RESIDENT_VIEWS	0
LIST_EXALL_40_ENTRIES_REPEAT10_TOTAL_VOLUME_FLUSH_DIR_TREE_NODE_VIEWS	0
LIST_EXALL_40_ENTRIES_REPEAT10_TOTAL_VOLUME_FLUSH_DIR_TREE_RESIDENT_VIEWS	0
LIST_EXALL_40_ENTRIES_REPEAT10_TOTAL_VOLUME_FLUSH_INODE_TREE_NODE_VIEWS	0
LIST_EXALL_40_ENTRIES_REPEAT10_TOTAL_VOLUME_FLUSH_INODE_TREE_RESIDENT_VIEWS	0
LIST_EXALL_40_ENTRIES_REPEAT10_TOTAL_VOLUME_FLUSH_REFCOUNT_TREE_NODE_VIEWS	0
LIST_EXALL_40_ENTRIES_REPEAT10_TOTAL_VOLUME_FLUSH_REFCOUNT_TREE_RESIDENT_VIEWS	0
LIST_EXALL_40_ENTRIES_REPEAT10_TOTAL_VOLUME_FLUSH_OTHER_TREE_NODE_VIEWS	0
LIST_EXALL_40_ENTRIES_REPEAT10_TOTAL_VOLUME_FLUSH_OTHER_TREE_RESIDENT_VIEWS	0
LIST_EXALL_40_ENTRIES_REPEAT10_TOTAL_VOLUME_FLUSH_WRITE_DETAIL_INODE_READ_CALLS	0
LIST_EXALL_40_ENTRIES_REPEAT10_TOTAL_VOLUME_FLUSH_WRITE_DETAIL_INODE_READ_SAMPLES	0
LIST_EXALL_40_ENTRIES_REPEAT10_TOTAL_VOLUME_FLUSH_WRITE_DETAIL_INODE_READ_SAMPLE_TICKS	0
LIST_EXALL_40_ENTRIES_REPEAT10_TOTAL_VOLUME_FLUSH_WRITE_DETAIL_INODE_WRITE_CALLS	0
LIST_EXALL_40_ENTRIES_REPEAT10_TOTAL_VOLUME_FLUSH_WRITE_DETAIL_INODE_WRITE_SAMPLES	0
LIST_EXALL_40_ENTRIES_REPEAT10_TOTAL_VOLUME_FLUSH_WRITE_DETAIL_INODE_WRITE_SAMPLE_TICKS	0
LIST_EXALL_40_ENTRIES_REPEAT10_TOTAL_VOLUME_FLUSH_WRITE_DETAIL_EXTENT_MAP_CALLS	0
LIST_EXALL_40_ENTRIES_REPEAT10_TOTAL_VOLUME_FLUSH_WRITE_DETAIL_EXTENT_MAP_SAMPLES	0
LIST_EXALL_40_ENTRIES_REPEAT10_TOTAL_VOLUME_FLUSH_WRITE_DETAIL_EXTENT_MAP_SAMPLE_TICKS	0
LIST_EXALL_40_ENTRIES_REPEAT10_TOTAL_VOLUME_FLUSH_WRITE_DETAIL_FREESPACE_GOAL_CALLS	0
LIST_EXALL_40_ENTRIES_REPEAT10_TOTAL_VOLUME_FLUSH_WRITE_DETAIL_FREESPACE_GOAL_SAMPLES	0
LIST_EXALL_40_ENTRIES_REPEAT10_TOTAL_VOLUME_FLUSH_WRITE_DETAIL_FREESPACE_GOAL_SAMPLE_TICKS	0
LIST_EXALL_40_ENTRIES_REPEAT10_TOTAL_VOLUME_FLUSH_BTREE_MALLOC_CALLS	0
LIST_EXALL_40_ENTRIES_REPEAT10_TOTAL_VOLUME_FLUSH_BTREE_MALLOC_SAMPLES	0
LIST_EXALL_40_ENTRIES_REPEAT10_TOTAL_VOLUME_FLUSH_BTREE_MALLOC_SAMPLE_TICKS	0
LIST_EXALL_40_ENTRIES_REPEAT10_TOTAL_VOLUME_FLUSH_BTREE_FREE_CALLS	0
LIST_EXALL_40_ENTRIES_REPEAT10_TOTAL_VOLUME_FLUSH_BTREE_FREE_SAMPLES	0
LIST_EXALL_40_ENTRIES_REPEAT10_TOTAL_VOLUME_FLUSH_BTREE_FREE_SAMPLE_TICKS	0
LIST_EXALL_40_ENTRIES_REPEAT10_TOTAL_VOLUME_FLUSH_IFACE_ALLOC_CALLS	0
LIST_EXALL_40_ENTRIES_REPEAT10_TOTAL_VOLUME_FLUSH_IFACE_ALLOC_SAMPLES	0
LIST_EXALL_40_ENTRIES_REPEAT10_TOTAL_VOLUME_FLUSH_IFACE_ALLOC_SAMPLE_TICKS	0
LIST_EXALL_40_ENTRIES_REPEAT10_TOTAL_VOLUME_FLUSH_FREESPACE_ALLOC_CALLS	0
LIST_EXALL_40_ENTRIES_REPEAT10_TOTAL_VOLUME_FLUSH_FREESPACE_ALLOC_SAMPLES	0
LIST_EXALL_40_ENTRIES_REPEAT10_TOTAL_VOLUME_FLUSH_FREESPACE_ALLOC_SAMPLE_TICKS	0
LIST_EXALL_40_ENTRIES_REPEAT10_TOTAL_VOLUME_FLUSH_DETAIL_INODE_READ_CALLS	0
LIST_EXALL_40_ENTRIES_REPEAT10_TOTAL_VOLUME_FLUSH_DETAIL_INODE_READ_SAMPLES	0
LIST_EXALL_40_ENTRIES_REPEAT10_TOTAL_VOLUME_FLUSH_DETAIL_INODE_READ_SAMPLE_TICKS	0
LIST_EXALL_40_ENTRIES_REPEAT10_TOTAL_VOLUME_FLUSH_DETAIL_INODE_VALIDATE_CALLS	0
LIST_EXALL_40_ENTRIES_REPEAT10_TOTAL_VOLUME_FLUSH_DETAIL_INODE_VALIDATE_SAMPLES	0
LIST_EXALL_40_ENTRIES_REPEAT10_TOTAL_VOLUME_FLUSH_DETAIL_INODE_VALIDATE_SAMPLE_TICKS	0
LIST_EXALL_40_ENTRIES_REPEAT10_TOTAL_VOLUME_FLUSH_DETAIL_INODE_SEARCH_CALLS	0
LIST_EXALL_40_ENTRIES_REPEAT10_TOTAL_VOLUME_FLUSH_DETAIL_INODE_SEARCH_SAMPLES	0
LIST_EXALL_40_ENTRIES_REPEAT10_TOTAL_VOLUME_FLUSH_DETAIL_INODE_SEARCH_SAMPLE_TICKS	0
LIST_EXALL_40_ENTRIES_REPEAT10_TOTAL_VOLUME_FLUSH_DETAIL_INODE_NODE_VIEW_CALLS	0
LIST_EXALL_40_ENTRIES_REPEAT10_TOTAL_VOLUME_FLUSH_DETAIL_INODE_NODE_VIEW_SAMPLES	0
LIST_EXALL_40_ENTRIES_REPEAT10_TOTAL_VOLUME_FLUSH_DETAIL_INODE_NODE_VIEW_SAMPLE_TICKS	0
LIST_EXALL_40_ENTRIES_REPEAT10_TOTAL_VOLUME_FLUSH_DETAIL_DIR_NODE_VIEW_CALLS	0
LIST_EXALL_40_ENTRIES_REPEAT10_TOTAL_VOLUME_FLUSH_DETAIL_DIR_NODE_VIEW_SAMPLES	0
LIST_EXALL_40_ENTRIES_REPEAT10_TOTAL_VOLUME_FLUSH_DETAIL_DIR_NODE_VIEW_SAMPLE_TICKS	0
LIST_EXALL_40_ENTRIES_REPEAT10_TOTAL_VOLUME_FLUSH_DETAIL_INODE_BINARY_SEARCH_CALLS	0
LIST_EXALL_40_ENTRIES_REPEAT10_TOTAL_VOLUME_FLUSH_DETAIL_INODE_BINARY_SEARCH_SAMPLES	0
LIST_EXALL_40_ENTRIES_REPEAT10_TOTAL_VOLUME_FLUSH_DETAIL_INODE_BINARY_SEARCH_SAMPLE_TICKS	0
LIST_EXALL_40_ENTRIES_REPEAT10_TOTAL_VOLUME_FLUSH_DETAIL_DIR_BINARY_SEARCH_CALLS	0
LIST_EXALL_40_ENTRIES_REPEAT10_TOTAL_VOLUME_FLUSH_DETAIL_DIR_BINARY_SEARCH_SAMPLES	0
LIST_EXALL_40_ENTRIES_REPEAT10_TOTAL_VOLUME_FLUSH_DETAIL_DIR_BINARY_SEARCH_SAMPLE_TICKS	0
LIST_EXALL_40_ENTRIES_REPEAT10_TOTAL_VOLUME_FLUSH_DETAIL_NODE_STRUCTURE_CALLS	0
LIST_EXALL_40_ENTRIES_REPEAT10_TOTAL_VOLUME_FLUSH_DETAIL_NODE_STRUCTURE_SAMPLES	0
LIST_EXALL_40_ENTRIES_REPEAT10_TOTAL_VOLUME_FLUSH_DETAIL_NODE_STRUCTURE_SAMPLE_TICKS	0
LIST_EXALL_40_ENTRIES_REPEAT10_TOTAL_VOLUME_FLUSH_DETAIL_CACHE_PEEK_CALLS	0
LIST_EXALL_40_ENTRIES_REPEAT10_TOTAL_VOLUME_FLUSH_DETAIL_CACHE_PEEK_SAMPLES	0
LIST_EXALL_40_ENTRIES_REPEAT10_TOTAL_VOLUME_FLUSH_DETAIL_CACHE_PEEK_SAMPLE_TICKS	0
LIST_EXALL_40_ENTRIES_REPEAT10_TOTAL_VOLUME_FLUSH_DETAIL_BUFFER_ALLOC_CALLS	0
LIST_EXALL_40_ENTRIES_REPEAT10_TOTAL_VOLUME_FLUSH_DETAIL_BUFFER_ALLOC_SAMPLES	0
LIST_EXALL_40_ENTRIES_REPEAT10_TOTAL_VOLUME_FLUSH_DETAIL_BUFFER_ALLOC_SAMPLE_TICKS	0
LIST_EXALL_40_ENTRIES_REPEAT10_TOTAL_VOLUME_FLUSH_DETAIL_BUFFER_FREE_CALLS	0
LIST_EXALL_40_ENTRIES_REPEAT10_TOTAL_VOLUME_FLUSH_DETAIL_BUFFER_FREE_SAMPLES	0
LIST_EXALL_40_ENTRIES_REPEAT10_TOTAL_VOLUME_FLUSH_DETAIL_BUFFER_FREE_SAMPLE_TICKS	0
LIST_EXALL_40_ENTRIES_REPEAT10_TOTAL_VOLUME_FLUSH_DETAIL_EXALL_FILL_CALLS	0
LIST_EXALL_40_ENTRIES_REPEAT10_TOTAL_VOLUME_FLUSH_DETAIL_EXALL_FILL_SAMPLES	0
LIST_EXALL_40_ENTRIES_REPEAT10_TOTAL_VOLUME_FLUSH_DETAIL_EXALL_FILL_SAMPLE_TICKS	0
LIST_EXALL_40_ENTRIES_REPEAT10_TOTAL_VOLUME_FLUSH_FREESPACE_ALLOCS	0
LIST_EXNEXT_400_ENTRIES_FIRST_PASS_US	47937
LIST_EXNEXT_400_ENTRIES_FIRST_PASS_WORK_US	47937
LIST_EXNEXT_400_ENTRIES_FIRST_PASS_VOLUME_FLUSH_US	0
LIST_EXNEXT_400_ENTRIES_FIRST_PASS_HAS_VOLUME_FLUSH	0
LIST_EXNEXT_400_ENTRIES_FIRST_PASS_GUEST_OPEN_CALLS	0
LIST_EXNEXT_400_ENTRIES_FIRST_PASS_GUEST_OPEN_US	0
LIST_EXNEXT_400_ENTRIES_FIRST_PASS_GUEST_READ_CALLS	0
LIST_EXNEXT_400_ENTRIES_FIRST_PASS_GUEST_READ_US	0
LIST_EXNEXT_400_ENTRIES_FIRST_PASS_GUEST_WRITE_CALLS	0
LIST_EXNEXT_400_ENTRIES_FIRST_PASS_GUEST_WRITE_US	0
LIST_EXNEXT_400_ENTRIES_FIRST_PASS_GUEST_HANDLE_FLUSH_CALLS	0
LIST_EXNEXT_400_ENTRIES_FIRST_PASS_GUEST_HANDLE_FLUSH_US	0
LIST_EXNEXT_400_ENTRIES_FIRST_PASS_GUEST_CLOSE_CALLS	0
LIST_EXNEXT_400_ENTRIES_FIRST_PASS_GUEST_CLOSE_US	0
LIST_EXNEXT_400_ENTRIES_FIRST_PASS_GUEST_VERIFY_CALLS	0
LIST_EXNEXT_400_ENTRIES_FIRST_PASS_GUEST_VERIFY_US	0
LIST_EXNEXT_400_ENTRIES_FIRST_PASS_WORK_BIO_READS	21
LIST_EXNEXT_400_ENTRIES_FIRST_PASS_WORK_BIO_WRITES	0
LIST_EXNEXT_400_ENTRIES_FIRST_PASS_WORK_BIO_UPDATES	0
LIST_EXNEXT_400_ENTRIES_FIRST_PASS_WORK_DATA_READS	0
LIST_EXNEXT_400_ENTRIES_FIRST_PASS_WORK_DATA_WRITES	0
LIST_EXNEXT_400_ENTRIES_FIRST_PASS_WORK_NODE_WRITES	0
LIST_EXNEXT_400_ENTRIES_FIRST_PASS_WORK_TXN_COMMITS	0
LIST_EXNEXT_400_ENTRIES_FIRST_PASS_WORK_EXTENT_MAPS	0
LIST_EXNEXT_400_ENTRIES_FIRST_PASS_WORK_READ_TICKS	1543
LIST_EXNEXT_400_ENTRIES_FIRST_PASS_WORK_WRITE_TICKS	0
LIST_EXNEXT_400_ENTRIES_FIRST_PASS_WORK_UPDATE_TICKS	0
LIST_EXNEXT_400_ENTRIES_FIRST_PASS_WORK_DATA_READ_TICKS	0
LIST_EXNEXT_400_ENTRIES_FIRST_PASS_WORK_DATA_WRITE_TICKS	0
LIST_EXNEXT_400_ENTRIES_FIRST_PASS_WORK_NODE_CRC_READ_CALLS	21
LIST_EXNEXT_400_ENTRIES_FIRST_PASS_WORK_NODE_CRC_READ_SAMPLES	21
LIST_EXNEXT_400_ENTRIES_FIRST_PASS_WORK_NODE_CRC_READ_SAMPLE_TICKS	3093
LIST_EXNEXT_400_ENTRIES_FIRST_PASS_WORK_NODE_CRC_WRITE_CALLS	0
LIST_EXNEXT_400_ENTRIES_FIRST_PASS_WORK_NODE_CRC_WRITE_SAMPLES	0
LIST_EXNEXT_400_ENTRIES_FIRST_PASS_WORK_NODE_CRC_WRITE_SAMPLE_TICKS	0
LIST_EXNEXT_400_ENTRIES_FIRST_PASS_WORK_CLOCK_PAIR_TICKS	1
LIST_EXNEXT_400_ENTRIES_FIRST_PASS_WORK_PACKET_CALLS	404
LIST_EXNEXT_400_ENTRIES_FIRST_PASS_WORK_PACKET_SAMPLES	404
LIST_EXNEXT_400_ENTRIES_FIRST_PASS_WORK_PACKET_SAMPLE_TICKS	24795
LIST_EXNEXT_400_ENTRIES_FIRST_PASS_WORK_PACKET_OPEN_CALLS	0
LIST_EXNEXT_400_ENTRIES_FIRST_PASS_WORK_PACKET_OPEN_SAMPLES	0
LIST_EXNEXT_400_ENTRIES_FIRST_PASS_WORK_PACKET_OPEN_SAMPLE_TICKS	0
LIST_EXNEXT_400_ENTRIES_FIRST_PASS_WORK_PACKET_READ_CALLS	0
LIST_EXNEXT_400_ENTRIES_FIRST_PASS_WORK_PACKET_READ_SAMPLES	0
LIST_EXNEXT_400_ENTRIES_FIRST_PASS_WORK_PACKET_READ_SAMPLE_TICKS	0
LIST_EXNEXT_400_ENTRIES_FIRST_PASS_WORK_PACKET_WRITE_CALLS	0
LIST_EXNEXT_400_ENTRIES_FIRST_PASS_WORK_PACKET_WRITE_SAMPLES	0
LIST_EXNEXT_400_ENTRIES_FIRST_PASS_WORK_PACKET_WRITE_SAMPLE_TICKS	0
LIST_EXNEXT_400_ENTRIES_FIRST_PASS_WORK_PACKET_END_CALLS	0
LIST_EXNEXT_400_ENTRIES_FIRST_PASS_WORK_PACKET_END_SAMPLES	0
LIST_EXNEXT_400_ENTRIES_FIRST_PASS_WORK_PACKET_END_SAMPLE_TICKS	0
LIST_EXNEXT_400_ENTRIES_FIRST_PASS_WORK_PACKET_DELETE_CALLS	0
LIST_EXNEXT_400_ENTRIES_FIRST_PASS_WORK_PACKET_DELETE_SAMPLES	0
LIST_EXNEXT_400_ENTRIES_FIRST_PASS_WORK_PACKET_DELETE_SAMPLE_TICKS	0
LIST_EXNEXT_400_ENTRIES_FIRST_PASS_WORK_PACKET_FLUSH_CALLS	0
LIST_EXNEXT_400_ENTRIES_FIRST_PASS_WORK_PACKET_FLUSH_SAMPLES	0
LIST_EXNEXT_400_ENTRIES_FIRST_PASS_WORK_PACKET_FLUSH_SAMPLE_TICKS	0
LIST_EXNEXT_400_ENTRIES_FIRST_PASS_WORK_PACKET_OTHER_CALLS	404
LIST_EXNEXT_400_ENTRIES_FIRST_PASS_WORK_PACKET_OTHER_SAMPLES	404
LIST_EXNEXT_400_ENTRIES_FIRST_PASS_WORK_PACKET_OTHER_SAMPLE_TICKS	24795
LIST_EXNEXT_400_ENTRIES_FIRST_PASS_WORK_CORE_CREATE_CALLS	0
LIST_EXNEXT_400_ENTRIES_FIRST_PASS_WORK_CORE_CREATE_SAMPLES	0
LIST_EXNEXT_400_ENTRIES_FIRST_PASS_WORK_CORE_CREATE_SAMPLE_TICKS	0
LIST_EXNEXT_400_ENTRIES_FIRST_PASS_WORK_CORE_DELETE_CALLS	0
LIST_EXNEXT_400_ENTRIES_FIRST_PASS_WORK_CORE_DELETE_SAMPLES	0
LIST_EXNEXT_400_ENTRIES_FIRST_PASS_WORK_CORE_DELETE_SAMPLE_TICKS	0
LIST_EXNEXT_400_ENTRIES_FIRST_PASS_WORK_CORE_FILE_WRITE_CALLS	0
LIST_EXNEXT_400_ENTRIES_FIRST_PASS_WORK_CORE_FILE_WRITE_SAMPLES	0
LIST_EXNEXT_400_ENTRIES_FIRST_PASS_WORK_CORE_FILE_WRITE_SAMPLE_TICKS	0
LIST_EXNEXT_400_ENTRIES_FIRST_PASS_WORK_CORE_SYNC_CALLS	0
LIST_EXNEXT_400_ENTRIES_FIRST_PASS_WORK_CORE_SYNC_SAMPLES	0
LIST_EXNEXT_400_ENTRIES_FIRST_PASS_WORK_CORE_SYNC_SAMPLE_TICKS	0
LIST_EXNEXT_400_ENTRIES_FIRST_PASS_WORK_IFACE_FREE_CALLS	0
LIST_EXNEXT_400_ENTRIES_FIRST_PASS_WORK_IFACE_FREE_SAMPLES	0
LIST_EXNEXT_400_ENTRIES_FIRST_PASS_WORK_IFACE_FREE_SAMPLE_TICKS	0
LIST_EXNEXT_400_ENTRIES_FIRST_PASS_WORK_SEAL_COMMIT_CALLS	0
LIST_EXNEXT_400_ENTRIES_FIRST_PASS_WORK_SEAL_COMMIT_SAMPLES	0
LIST_EXNEXT_400_ENTRIES_FIRST_PASS_WORK_SEAL_COMMIT_SAMPLE_TICKS	0
LIST_EXNEXT_400_ENTRIES_FIRST_PASS_WORK_INODE_READ_CALLS	401
LIST_EXNEXT_400_ENTRIES_FIRST_PASS_WORK_BTREE_SEARCH_CALLS	402
LIST_EXNEXT_400_ENTRIES_FIRST_PASS_WORK_BTREE_INDEX_HINT_HITS	0
LIST_EXNEXT_400_ENTRIES_FIRST_PASS_WORK_BTREE_LEAF_HINT_HITS	390
LIST_EXNEXT_400_ENTRIES_FIRST_PASS_WORK_CACHE_READ_CALLS	21
LIST_EXNEXT_400_ENTRIES_FIRST_PASS_WORK_CACHE_READ_HITS	0
LIST_EXNEXT_400_ENTRIES_FIRST_PASS_WORK_CACHE_READ_MISSES	21
LIST_EXNEXT_400_ENTRIES_FIRST_PASS_WORK_FREE_TREE_NODE_VIEWS	0
LIST_EXNEXT_400_ENTRIES_FIRST_PASS_WORK_FREE_TREE_RESIDENT_VIEWS	0
LIST_EXNEXT_400_ENTRIES_FIRST_PASS_WORK_DIR_TREE_NODE_VIEWS	40
LIST_EXNEXT_400_ENTRIES_FIRST_PASS_WORK_DIR_TREE_RESIDENT_VIEWS	31
LIST_EXNEXT_400_ENTRIES_FIRST_PASS_WORK_INODE_TREE_NODE_VIEWS	24
LIST_EXNEXT_400_ENTRIES_FIRST_PASS_WORK_INODE_TREE_RESIDENT_VIEWS	12
LIST_EXNEXT_400_ENTRIES_FIRST_PASS_WORK_REFCOUNT_TREE_NODE_VIEWS	0
LIST_EXNEXT_400_ENTRIES_FIRST_PASS_WORK_REFCOUNT_TREE_RESIDENT_VIEWS	0
LIST_EXNEXT_400_ENTRIES_FIRST_PASS_WORK_OTHER_TREE_NODE_VIEWS	0
LIST_EXNEXT_400_ENTRIES_FIRST_PASS_WORK_OTHER_TREE_RESIDENT_VIEWS	0
LIST_EXNEXT_400_ENTRIES_FIRST_PASS_WORK_WRITE_DETAIL_INODE_READ_CALLS	401
LIST_EXNEXT_400_ENTRIES_FIRST_PASS_WORK_WRITE_DETAIL_INODE_READ_SAMPLES	401
LIST_EXNEXT_400_ENTRIES_FIRST_PASS_WORK_WRITE_DETAIL_INODE_READ_SAMPLE_TICKS	12668
LIST_EXNEXT_400_ENTRIES_FIRST_PASS_WORK_WRITE_DETAIL_INODE_WRITE_CALLS	0
LIST_EXNEXT_400_ENTRIES_FIRST_PASS_WORK_WRITE_DETAIL_INODE_WRITE_SAMPLES	0
LIST_EXNEXT_400_ENTRIES_FIRST_PASS_WORK_WRITE_DETAIL_INODE_WRITE_SAMPLE_TICKS	0
LIST_EXNEXT_400_ENTRIES_FIRST_PASS_WORK_WRITE_DETAIL_EXTENT_MAP_CALLS	0
LIST_EXNEXT_400_ENTRIES_FIRST_PASS_WORK_WRITE_DETAIL_EXTENT_MAP_SAMPLES	0
LIST_EXNEXT_400_ENTRIES_FIRST_PASS_WORK_WRITE_DETAIL_EXTENT_MAP_SAMPLE_TICKS	0
LIST_EXNEXT_400_ENTRIES_FIRST_PASS_WORK_WRITE_DETAIL_FREESPACE_GOAL_CALLS	0
LIST_EXNEXT_400_ENTRIES_FIRST_PASS_WORK_WRITE_DETAIL_FREESPACE_GOAL_SAMPLES	0
LIST_EXNEXT_400_ENTRIES_FIRST_PASS_WORK_WRITE_DETAIL_FREESPACE_GOAL_SAMPLE_TICKS	0
LIST_EXNEXT_400_ENTRIES_FIRST_PASS_WORK_BTREE_MALLOC_CALLS	10
LIST_EXNEXT_400_ENTRIES_FIRST_PASS_WORK_BTREE_MALLOC_SAMPLES	10
LIST_EXNEXT_400_ENTRIES_FIRST_PASS_WORK_BTREE_MALLOC_SAMPLE_TICKS	91
LIST_EXNEXT_400_ENTRIES_FIRST_PASS_WORK_BTREE_FREE_CALLS	17
LIST_EXNEXT_400_ENTRIES_FIRST_PASS_WORK_BTREE_FREE_SAMPLES	17
LIST_EXNEXT_400_ENTRIES_FIRST_PASS_WORK_BTREE_FREE_SAMPLE_TICKS	89
LIST_EXNEXT_400_ENTRIES_FIRST_PASS_WORK_IFACE_ALLOC_CALLS	0
LIST_EXNEXT_400_ENTRIES_FIRST_PASS_WORK_IFACE_ALLOC_SAMPLES	0
LIST_EXNEXT_400_ENTRIES_FIRST_PASS_WORK_IFACE_ALLOC_SAMPLE_TICKS	0
LIST_EXNEXT_400_ENTRIES_FIRST_PASS_WORK_FREESPACE_ALLOC_CALLS	0
LIST_EXNEXT_400_ENTRIES_FIRST_PASS_WORK_FREESPACE_ALLOC_SAMPLES	0
LIST_EXNEXT_400_ENTRIES_FIRST_PASS_WORK_FREESPACE_ALLOC_SAMPLE_TICKS	0
LIST_EXNEXT_400_ENTRIES_FIRST_PASS_WORK_DETAIL_INODE_READ_CALLS	401
LIST_EXNEXT_400_ENTRIES_FIRST_PASS_WORK_DETAIL_INODE_READ_SAMPLES	23
LIST_EXNEXT_400_ENTRIES_FIRST_PASS_WORK_DETAIL_INODE_READ_SAMPLE_TICKS	1135
LIST_EXNEXT_400_ENTRIES_FIRST_PASS_WORK_DETAIL_INODE_VALIDATE_CALLS	401
LIST_EXNEXT_400_ENTRIES_FIRST_PASS_WORK_DETAIL_INODE_VALIDATE_SAMPLES	23
LIST_EXNEXT_400_ENTRIES_FIRST_PASS_WORK_DETAIL_INODE_VALIDATE_SAMPLE_TICKS	143
LIST_EXNEXT_400_ENTRIES_FIRST_PASS_WORK_DETAIL_INODE_SEARCH_CALLS	401
LIST_EXNEXT_400_ENTRIES_FIRST_PASS_WORK_DETAIL_INODE_SEARCH_SAMPLES	23
LIST_EXNEXT_400_ENTRIES_FIRST_PASS_WORK_DETAIL_INODE_SEARCH_SAMPLE_TICKS	828
LIST_EXNEXT_400_ENTRIES_FIRST_PASS_WORK_DETAIL_INODE_NODE_VIEW_CALLS	24
LIST_EXNEXT_400_ENTRIES_FIRST_PASS_WORK_DETAIL_INODE_NODE_VIEW_SAMPLES	1
LIST_EXNEXT_400_ENTRIES_FIRST_PASS_WORK_DETAIL_INODE_NODE_VIEW_SAMPLE_TICKS	0
LIST_EXNEXT_400_ENTRIES_FIRST_PASS_WORK_DETAIL_DIR_NODE_VIEW_CALLS	40
LIST_EXNEXT_400_ENTRIES_FIRST_PASS_WORK_DETAIL_DIR_NODE_VIEW_SAMPLES	2
LIST_EXNEXT_400_ENTRIES_FIRST_PASS_WORK_DETAIL_DIR_NODE_VIEW_SAMPLE_TICKS	40
LIST_EXNEXT_400_ENTRIES_FIRST_PASS_WORK_DETAIL_INODE_BINARY_SEARCH_CALLS	24
LIST_EXNEXT_400_ENTRIES_FIRST_PASS_WORK_DETAIL_INODE_BINARY_SEARCH_SAMPLES	1
LIST_EXNEXT_400_ENTRIES_FIRST_PASS_WORK_DETAIL_INODE_BINARY_SEARCH_SAMPLE_TICKS	0
LIST_EXNEXT_400_ENTRIES_FIRST_PASS_WORK_DETAIL_DIR_BINARY_SEARCH_CALLS	24
LIST_EXNEXT_400_ENTRIES_FIRST_PASS_WORK_DETAIL_DIR_BINARY_SEARCH_SAMPLES	1
LIST_EXNEXT_400_ENTRIES_FIRST_PASS_WORK_DETAIL_DIR_BINARY_SEARCH_SAMPLE_TICKS	0
LIST_EXNEXT_400_ENTRIES_FIRST_PASS_WORK_DETAIL_NODE_STRUCTURE_CALLS	21
LIST_EXNEXT_400_ENTRIES_FIRST_PASS_WORK_DETAIL_NODE_STRUCTURE_SAMPLES	1
LIST_EXNEXT_400_ENTRIES_FIRST_PASS_WORK_DETAIL_NODE_STRUCTURE_SAMPLE_TICKS	136
LIST_EXNEXT_400_ENTRIES_FIRST_PASS_WORK_DETAIL_CACHE_PEEK_CALLS	466
LIST_EXNEXT_400_ENTRIES_FIRST_PASS_WORK_DETAIL_CACHE_PEEK_SAMPLES	27
LIST_EXNEXT_400_ENTRIES_FIRST_PASS_WORK_DETAIL_CACHE_PEEK_SAMPLE_TICKS	67
LIST_EXNEXT_400_ENTRIES_FIRST_PASS_WORK_DETAIL_BUFFER_ALLOC_CALLS	28
LIST_EXNEXT_400_ENTRIES_FIRST_PASS_WORK_DETAIL_BUFFER_ALLOC_SAMPLES	1
LIST_EXNEXT_400_ENTRIES_FIRST_PASS_WORK_DETAIL_BUFFER_ALLOC_SAMPLE_TICKS	0
LIST_EXNEXT_400_ENTRIES_FIRST_PASS_WORK_DETAIL_BUFFER_FREE_CALLS	28
LIST_EXNEXT_400_ENTRIES_FIRST_PASS_WORK_DETAIL_BUFFER_FREE_SAMPLES	1
LIST_EXNEXT_400_ENTRIES_FIRST_PASS_WORK_DETAIL_BUFFER_FREE_SAMPLE_TICKS	1
LIST_EXNEXT_400_ENTRIES_FIRST_PASS_WORK_DETAIL_EXALL_FILL_CALLS	0
LIST_EXNEXT_400_ENTRIES_FIRST_PASS_WORK_DETAIL_EXALL_FILL_SAMPLES	0
LIST_EXNEXT_400_ENTRIES_FIRST_PASS_WORK_DETAIL_EXALL_FILL_SAMPLE_TICKS	0
LIST_EXNEXT_400_ENTRIES_FIRST_PASS_WORK_FREESPACE_ALLOCS	0
LIST_EXNEXT_400_ENTRIES_FIRST_PASS_VOLUME_FLUSH_BIO_READS	0
LIST_EXNEXT_400_ENTRIES_FIRST_PASS_VOLUME_FLUSH_BIO_WRITES	0
LIST_EXNEXT_400_ENTRIES_FIRST_PASS_VOLUME_FLUSH_BIO_UPDATES	0
LIST_EXNEXT_400_ENTRIES_FIRST_PASS_VOLUME_FLUSH_DATA_READS	0
LIST_EXNEXT_400_ENTRIES_FIRST_PASS_VOLUME_FLUSH_DATA_WRITES	0
LIST_EXNEXT_400_ENTRIES_FIRST_PASS_VOLUME_FLUSH_NODE_WRITES	0
LIST_EXNEXT_400_ENTRIES_FIRST_PASS_VOLUME_FLUSH_TXN_COMMITS	0
LIST_EXNEXT_400_ENTRIES_FIRST_PASS_VOLUME_FLUSH_EXTENT_MAPS	0
LIST_EXNEXT_400_ENTRIES_FIRST_PASS_VOLUME_FLUSH_READ_TICKS	0
LIST_EXNEXT_400_ENTRIES_FIRST_PASS_VOLUME_FLUSH_WRITE_TICKS	0
LIST_EXNEXT_400_ENTRIES_FIRST_PASS_VOLUME_FLUSH_UPDATE_TICKS	0
LIST_EXNEXT_400_ENTRIES_FIRST_PASS_VOLUME_FLUSH_DATA_READ_TICKS	0
LIST_EXNEXT_400_ENTRIES_FIRST_PASS_VOLUME_FLUSH_DATA_WRITE_TICKS	0
LIST_EXNEXT_400_ENTRIES_FIRST_PASS_VOLUME_FLUSH_NODE_CRC_READ_CALLS	0
LIST_EXNEXT_400_ENTRIES_FIRST_PASS_VOLUME_FLUSH_NODE_CRC_READ_SAMPLES	0
LIST_EXNEXT_400_ENTRIES_FIRST_PASS_VOLUME_FLUSH_NODE_CRC_READ_SAMPLE_TICKS	0
LIST_EXNEXT_400_ENTRIES_FIRST_PASS_VOLUME_FLUSH_NODE_CRC_WRITE_CALLS	0
LIST_EXNEXT_400_ENTRIES_FIRST_PASS_VOLUME_FLUSH_NODE_CRC_WRITE_SAMPLES	0
LIST_EXNEXT_400_ENTRIES_FIRST_PASS_VOLUME_FLUSH_NODE_CRC_WRITE_SAMPLE_TICKS	0
LIST_EXNEXT_400_ENTRIES_FIRST_PASS_VOLUME_FLUSH_CLOCK_PAIR_TICKS	0
LIST_EXNEXT_400_ENTRIES_FIRST_PASS_VOLUME_FLUSH_PACKET_CALLS	0
LIST_EXNEXT_400_ENTRIES_FIRST_PASS_VOLUME_FLUSH_PACKET_SAMPLES	0
LIST_EXNEXT_400_ENTRIES_FIRST_PASS_VOLUME_FLUSH_PACKET_SAMPLE_TICKS	0
LIST_EXNEXT_400_ENTRIES_FIRST_PASS_VOLUME_FLUSH_PACKET_OPEN_CALLS	0
LIST_EXNEXT_400_ENTRIES_FIRST_PASS_VOLUME_FLUSH_PACKET_OPEN_SAMPLES	0
LIST_EXNEXT_400_ENTRIES_FIRST_PASS_VOLUME_FLUSH_PACKET_OPEN_SAMPLE_TICKS	0
LIST_EXNEXT_400_ENTRIES_FIRST_PASS_VOLUME_FLUSH_PACKET_READ_CALLS	0
LIST_EXNEXT_400_ENTRIES_FIRST_PASS_VOLUME_FLUSH_PACKET_READ_SAMPLES	0
LIST_EXNEXT_400_ENTRIES_FIRST_PASS_VOLUME_FLUSH_PACKET_READ_SAMPLE_TICKS	0
LIST_EXNEXT_400_ENTRIES_FIRST_PASS_VOLUME_FLUSH_PACKET_WRITE_CALLS	0
LIST_EXNEXT_400_ENTRIES_FIRST_PASS_VOLUME_FLUSH_PACKET_WRITE_SAMPLES	0
LIST_EXNEXT_400_ENTRIES_FIRST_PASS_VOLUME_FLUSH_PACKET_WRITE_SAMPLE_TICKS	0
LIST_EXNEXT_400_ENTRIES_FIRST_PASS_VOLUME_FLUSH_PACKET_END_CALLS	0
LIST_EXNEXT_400_ENTRIES_FIRST_PASS_VOLUME_FLUSH_PACKET_END_SAMPLES	0
LIST_EXNEXT_400_ENTRIES_FIRST_PASS_VOLUME_FLUSH_PACKET_END_SAMPLE_TICKS	0
LIST_EXNEXT_400_ENTRIES_FIRST_PASS_VOLUME_FLUSH_PACKET_DELETE_CALLS	0
LIST_EXNEXT_400_ENTRIES_FIRST_PASS_VOLUME_FLUSH_PACKET_DELETE_SAMPLES	0
LIST_EXNEXT_400_ENTRIES_FIRST_PASS_VOLUME_FLUSH_PACKET_DELETE_SAMPLE_TICKS	0
LIST_EXNEXT_400_ENTRIES_FIRST_PASS_VOLUME_FLUSH_PACKET_FLUSH_CALLS	0
LIST_EXNEXT_400_ENTRIES_FIRST_PASS_VOLUME_FLUSH_PACKET_FLUSH_SAMPLES	0
LIST_EXNEXT_400_ENTRIES_FIRST_PASS_VOLUME_FLUSH_PACKET_FLUSH_SAMPLE_TICKS	0
LIST_EXNEXT_400_ENTRIES_FIRST_PASS_VOLUME_FLUSH_PACKET_OTHER_CALLS	0
LIST_EXNEXT_400_ENTRIES_FIRST_PASS_VOLUME_FLUSH_PACKET_OTHER_SAMPLES	0
LIST_EXNEXT_400_ENTRIES_FIRST_PASS_VOLUME_FLUSH_PACKET_OTHER_SAMPLE_TICKS	0
LIST_EXNEXT_400_ENTRIES_FIRST_PASS_VOLUME_FLUSH_CORE_CREATE_CALLS	0
LIST_EXNEXT_400_ENTRIES_FIRST_PASS_VOLUME_FLUSH_CORE_CREATE_SAMPLES	0
LIST_EXNEXT_400_ENTRIES_FIRST_PASS_VOLUME_FLUSH_CORE_CREATE_SAMPLE_TICKS	0
LIST_EXNEXT_400_ENTRIES_FIRST_PASS_VOLUME_FLUSH_CORE_DELETE_CALLS	0
LIST_EXNEXT_400_ENTRIES_FIRST_PASS_VOLUME_FLUSH_CORE_DELETE_SAMPLES	0
LIST_EXNEXT_400_ENTRIES_FIRST_PASS_VOLUME_FLUSH_CORE_DELETE_SAMPLE_TICKS	0
LIST_EXNEXT_400_ENTRIES_FIRST_PASS_VOLUME_FLUSH_CORE_FILE_WRITE_CALLS	0
LIST_EXNEXT_400_ENTRIES_FIRST_PASS_VOLUME_FLUSH_CORE_FILE_WRITE_SAMPLES	0
LIST_EXNEXT_400_ENTRIES_FIRST_PASS_VOLUME_FLUSH_CORE_FILE_WRITE_SAMPLE_TICKS	0
LIST_EXNEXT_400_ENTRIES_FIRST_PASS_VOLUME_FLUSH_CORE_SYNC_CALLS	0
LIST_EXNEXT_400_ENTRIES_FIRST_PASS_VOLUME_FLUSH_CORE_SYNC_SAMPLES	0
LIST_EXNEXT_400_ENTRIES_FIRST_PASS_VOLUME_FLUSH_CORE_SYNC_SAMPLE_TICKS	0
LIST_EXNEXT_400_ENTRIES_FIRST_PASS_VOLUME_FLUSH_IFACE_FREE_CALLS	0
LIST_EXNEXT_400_ENTRIES_FIRST_PASS_VOLUME_FLUSH_IFACE_FREE_SAMPLES	0
LIST_EXNEXT_400_ENTRIES_FIRST_PASS_VOLUME_FLUSH_IFACE_FREE_SAMPLE_TICKS	0
LIST_EXNEXT_400_ENTRIES_FIRST_PASS_VOLUME_FLUSH_SEAL_COMMIT_CALLS	0
LIST_EXNEXT_400_ENTRIES_FIRST_PASS_VOLUME_FLUSH_SEAL_COMMIT_SAMPLES	0
LIST_EXNEXT_400_ENTRIES_FIRST_PASS_VOLUME_FLUSH_SEAL_COMMIT_SAMPLE_TICKS	0
LIST_EXNEXT_400_ENTRIES_FIRST_PASS_VOLUME_FLUSH_INODE_READ_CALLS	0
LIST_EXNEXT_400_ENTRIES_FIRST_PASS_VOLUME_FLUSH_BTREE_SEARCH_CALLS	0
LIST_EXNEXT_400_ENTRIES_FIRST_PASS_VOLUME_FLUSH_BTREE_INDEX_HINT_HITS	0
LIST_EXNEXT_400_ENTRIES_FIRST_PASS_VOLUME_FLUSH_BTREE_LEAF_HINT_HITS	0
LIST_EXNEXT_400_ENTRIES_FIRST_PASS_VOLUME_FLUSH_CACHE_READ_CALLS	0
LIST_EXNEXT_400_ENTRIES_FIRST_PASS_VOLUME_FLUSH_CACHE_READ_HITS	0
LIST_EXNEXT_400_ENTRIES_FIRST_PASS_VOLUME_FLUSH_CACHE_READ_MISSES	0
LIST_EXNEXT_400_ENTRIES_FIRST_PASS_VOLUME_FLUSH_FREE_TREE_NODE_VIEWS	0
LIST_EXNEXT_400_ENTRIES_FIRST_PASS_VOLUME_FLUSH_FREE_TREE_RESIDENT_VIEWS	0
LIST_EXNEXT_400_ENTRIES_FIRST_PASS_VOLUME_FLUSH_DIR_TREE_NODE_VIEWS	0
LIST_EXNEXT_400_ENTRIES_FIRST_PASS_VOLUME_FLUSH_DIR_TREE_RESIDENT_VIEWS	0
LIST_EXNEXT_400_ENTRIES_FIRST_PASS_VOLUME_FLUSH_INODE_TREE_NODE_VIEWS	0
LIST_EXNEXT_400_ENTRIES_FIRST_PASS_VOLUME_FLUSH_INODE_TREE_RESIDENT_VIEWS	0
LIST_EXNEXT_400_ENTRIES_FIRST_PASS_VOLUME_FLUSH_REFCOUNT_TREE_NODE_VIEWS	0
LIST_EXNEXT_400_ENTRIES_FIRST_PASS_VOLUME_FLUSH_REFCOUNT_TREE_RESIDENT_VIEWS	0
LIST_EXNEXT_400_ENTRIES_FIRST_PASS_VOLUME_FLUSH_OTHER_TREE_NODE_VIEWS	0
LIST_EXNEXT_400_ENTRIES_FIRST_PASS_VOLUME_FLUSH_OTHER_TREE_RESIDENT_VIEWS	0
LIST_EXNEXT_400_ENTRIES_FIRST_PASS_VOLUME_FLUSH_WRITE_DETAIL_INODE_READ_CALLS	0
LIST_EXNEXT_400_ENTRIES_FIRST_PASS_VOLUME_FLUSH_WRITE_DETAIL_INODE_READ_SAMPLES	0
LIST_EXNEXT_400_ENTRIES_FIRST_PASS_VOLUME_FLUSH_WRITE_DETAIL_INODE_READ_SAMPLE_TICKS	0
LIST_EXNEXT_400_ENTRIES_FIRST_PASS_VOLUME_FLUSH_WRITE_DETAIL_INODE_WRITE_CALLS	0
LIST_EXNEXT_400_ENTRIES_FIRST_PASS_VOLUME_FLUSH_WRITE_DETAIL_INODE_WRITE_SAMPLES	0
LIST_EXNEXT_400_ENTRIES_FIRST_PASS_VOLUME_FLUSH_WRITE_DETAIL_INODE_WRITE_SAMPLE_TICKS	0
LIST_EXNEXT_400_ENTRIES_FIRST_PASS_VOLUME_FLUSH_WRITE_DETAIL_EXTENT_MAP_CALLS	0
LIST_EXNEXT_400_ENTRIES_FIRST_PASS_VOLUME_FLUSH_WRITE_DETAIL_EXTENT_MAP_SAMPLES	0
LIST_EXNEXT_400_ENTRIES_FIRST_PASS_VOLUME_FLUSH_WRITE_DETAIL_EXTENT_MAP_SAMPLE_TICKS	0
LIST_EXNEXT_400_ENTRIES_FIRST_PASS_VOLUME_FLUSH_WRITE_DETAIL_FREESPACE_GOAL_CALLS	0
LIST_EXNEXT_400_ENTRIES_FIRST_PASS_VOLUME_FLUSH_WRITE_DETAIL_FREESPACE_GOAL_SAMPLES	0
LIST_EXNEXT_400_ENTRIES_FIRST_PASS_VOLUME_FLUSH_WRITE_DETAIL_FREESPACE_GOAL_SAMPLE_TICKS	0
LIST_EXNEXT_400_ENTRIES_FIRST_PASS_VOLUME_FLUSH_BTREE_MALLOC_CALLS	0
LIST_EXNEXT_400_ENTRIES_FIRST_PASS_VOLUME_FLUSH_BTREE_MALLOC_SAMPLES	0
LIST_EXNEXT_400_ENTRIES_FIRST_PASS_VOLUME_FLUSH_BTREE_MALLOC_SAMPLE_TICKS	0
LIST_EXNEXT_400_ENTRIES_FIRST_PASS_VOLUME_FLUSH_BTREE_FREE_CALLS	0
LIST_EXNEXT_400_ENTRIES_FIRST_PASS_VOLUME_FLUSH_BTREE_FREE_SAMPLES	0
LIST_EXNEXT_400_ENTRIES_FIRST_PASS_VOLUME_FLUSH_BTREE_FREE_SAMPLE_TICKS	0
LIST_EXNEXT_400_ENTRIES_FIRST_PASS_VOLUME_FLUSH_IFACE_ALLOC_CALLS	0
LIST_EXNEXT_400_ENTRIES_FIRST_PASS_VOLUME_FLUSH_IFACE_ALLOC_SAMPLES	0
LIST_EXNEXT_400_ENTRIES_FIRST_PASS_VOLUME_FLUSH_IFACE_ALLOC_SAMPLE_TICKS	0
LIST_EXNEXT_400_ENTRIES_FIRST_PASS_VOLUME_FLUSH_FREESPACE_ALLOC_CALLS	0
LIST_EXNEXT_400_ENTRIES_FIRST_PASS_VOLUME_FLUSH_FREESPACE_ALLOC_SAMPLES	0
LIST_EXNEXT_400_ENTRIES_FIRST_PASS_VOLUME_FLUSH_FREESPACE_ALLOC_SAMPLE_TICKS	0
LIST_EXNEXT_400_ENTRIES_FIRST_PASS_VOLUME_FLUSH_DETAIL_INODE_READ_CALLS	0
LIST_EXNEXT_400_ENTRIES_FIRST_PASS_VOLUME_FLUSH_DETAIL_INODE_READ_SAMPLES	0
LIST_EXNEXT_400_ENTRIES_FIRST_PASS_VOLUME_FLUSH_DETAIL_INODE_READ_SAMPLE_TICKS	0
LIST_EXNEXT_400_ENTRIES_FIRST_PASS_VOLUME_FLUSH_DETAIL_INODE_VALIDATE_CALLS	0
LIST_EXNEXT_400_ENTRIES_FIRST_PASS_VOLUME_FLUSH_DETAIL_INODE_VALIDATE_SAMPLES	0
LIST_EXNEXT_400_ENTRIES_FIRST_PASS_VOLUME_FLUSH_DETAIL_INODE_VALIDATE_SAMPLE_TICKS	0
LIST_EXNEXT_400_ENTRIES_FIRST_PASS_VOLUME_FLUSH_DETAIL_INODE_SEARCH_CALLS	0
LIST_EXNEXT_400_ENTRIES_FIRST_PASS_VOLUME_FLUSH_DETAIL_INODE_SEARCH_SAMPLES	0
LIST_EXNEXT_400_ENTRIES_FIRST_PASS_VOLUME_FLUSH_DETAIL_INODE_SEARCH_SAMPLE_TICKS	0
LIST_EXNEXT_400_ENTRIES_FIRST_PASS_VOLUME_FLUSH_DETAIL_INODE_NODE_VIEW_CALLS	0
LIST_EXNEXT_400_ENTRIES_FIRST_PASS_VOLUME_FLUSH_DETAIL_INODE_NODE_VIEW_SAMPLES	0
LIST_EXNEXT_400_ENTRIES_FIRST_PASS_VOLUME_FLUSH_DETAIL_INODE_NODE_VIEW_SAMPLE_TICKS	0
LIST_EXNEXT_400_ENTRIES_FIRST_PASS_VOLUME_FLUSH_DETAIL_DIR_NODE_VIEW_CALLS	0
LIST_EXNEXT_400_ENTRIES_FIRST_PASS_VOLUME_FLUSH_DETAIL_DIR_NODE_VIEW_SAMPLES	0
LIST_EXNEXT_400_ENTRIES_FIRST_PASS_VOLUME_FLUSH_DETAIL_DIR_NODE_VIEW_SAMPLE_TICKS	0
LIST_EXNEXT_400_ENTRIES_FIRST_PASS_VOLUME_FLUSH_DETAIL_INODE_BINARY_SEARCH_CALLS	0
LIST_EXNEXT_400_ENTRIES_FIRST_PASS_VOLUME_FLUSH_DETAIL_INODE_BINARY_SEARCH_SAMPLES	0
LIST_EXNEXT_400_ENTRIES_FIRST_PASS_VOLUME_FLUSH_DETAIL_INODE_BINARY_SEARCH_SAMPLE_TICKS	0
LIST_EXNEXT_400_ENTRIES_FIRST_PASS_VOLUME_FLUSH_DETAIL_DIR_BINARY_SEARCH_CALLS	0
LIST_EXNEXT_400_ENTRIES_FIRST_PASS_VOLUME_FLUSH_DETAIL_DIR_BINARY_SEARCH_SAMPLES	0
LIST_EXNEXT_400_ENTRIES_FIRST_PASS_VOLUME_FLUSH_DETAIL_DIR_BINARY_SEARCH_SAMPLE_TICKS	0
LIST_EXNEXT_400_ENTRIES_FIRST_PASS_VOLUME_FLUSH_DETAIL_NODE_STRUCTURE_CALLS	0
LIST_EXNEXT_400_ENTRIES_FIRST_PASS_VOLUME_FLUSH_DETAIL_NODE_STRUCTURE_SAMPLES	0
LIST_EXNEXT_400_ENTRIES_FIRST_PASS_VOLUME_FLUSH_DETAIL_NODE_STRUCTURE_SAMPLE_TICKS	0
LIST_EXNEXT_400_ENTRIES_FIRST_PASS_VOLUME_FLUSH_DETAIL_CACHE_PEEK_CALLS	0
LIST_EXNEXT_400_ENTRIES_FIRST_PASS_VOLUME_FLUSH_DETAIL_CACHE_PEEK_SAMPLES	0
LIST_EXNEXT_400_ENTRIES_FIRST_PASS_VOLUME_FLUSH_DETAIL_CACHE_PEEK_SAMPLE_TICKS	0
LIST_EXNEXT_400_ENTRIES_FIRST_PASS_VOLUME_FLUSH_DETAIL_BUFFER_ALLOC_CALLS	0
LIST_EXNEXT_400_ENTRIES_FIRST_PASS_VOLUME_FLUSH_DETAIL_BUFFER_ALLOC_SAMPLES	0
LIST_EXNEXT_400_ENTRIES_FIRST_PASS_VOLUME_FLUSH_DETAIL_BUFFER_ALLOC_SAMPLE_TICKS	0
LIST_EXNEXT_400_ENTRIES_FIRST_PASS_VOLUME_FLUSH_DETAIL_BUFFER_FREE_CALLS	0
LIST_EXNEXT_400_ENTRIES_FIRST_PASS_VOLUME_FLUSH_DETAIL_BUFFER_FREE_SAMPLES	0
LIST_EXNEXT_400_ENTRIES_FIRST_PASS_VOLUME_FLUSH_DETAIL_BUFFER_FREE_SAMPLE_TICKS	0
LIST_EXNEXT_400_ENTRIES_FIRST_PASS_VOLUME_FLUSH_DETAIL_EXALL_FILL_CALLS	0
LIST_EXNEXT_400_ENTRIES_FIRST_PASS_VOLUME_FLUSH_DETAIL_EXALL_FILL_SAMPLES	0
LIST_EXNEXT_400_ENTRIES_FIRST_PASS_VOLUME_FLUSH_DETAIL_EXALL_FILL_SAMPLE_TICKS	0
LIST_EXNEXT_400_ENTRIES_FIRST_PASS_VOLUME_FLUSH_FREESPACE_ALLOCS	0
LIST_EXNEXT_400_ENTRIES_REPEAT10_TOTAL_US	305278
LIST_EXNEXT_400_ENTRIES_REPEAT10_TOTAL_WORK_US	305278
LIST_EXNEXT_400_ENTRIES_REPEAT10_TOTAL_VOLUME_FLUSH_US	0
LIST_EXNEXT_400_ENTRIES_REPEAT10_TOTAL_HAS_VOLUME_FLUSH	0
LIST_EXNEXT_400_ENTRIES_REPEAT10_TOTAL_GUEST_OPEN_CALLS	0
LIST_EXNEXT_400_ENTRIES_REPEAT10_TOTAL_GUEST_OPEN_US	0
LIST_EXNEXT_400_ENTRIES_REPEAT10_TOTAL_GUEST_READ_CALLS	0
LIST_EXNEXT_400_ENTRIES_REPEAT10_TOTAL_GUEST_READ_US	0
LIST_EXNEXT_400_ENTRIES_REPEAT10_TOTAL_GUEST_WRITE_CALLS	0
LIST_EXNEXT_400_ENTRIES_REPEAT10_TOTAL_GUEST_WRITE_US	0
LIST_EXNEXT_400_ENTRIES_REPEAT10_TOTAL_GUEST_HANDLE_FLUSH_CALLS	0
LIST_EXNEXT_400_ENTRIES_REPEAT10_TOTAL_GUEST_HANDLE_FLUSH_US	0
LIST_EXNEXT_400_ENTRIES_REPEAT10_TOTAL_GUEST_CLOSE_CALLS	0
LIST_EXNEXT_400_ENTRIES_REPEAT10_TOTAL_GUEST_CLOSE_US	0
LIST_EXNEXT_400_ENTRIES_REPEAT10_TOTAL_GUEST_VERIFY_CALLS	0
LIST_EXNEXT_400_ENTRIES_REPEAT10_TOTAL_GUEST_VERIFY_US	0
LIST_EXNEXT_400_ENTRIES_REPEAT10_TOTAL_WORK_BIO_READS	0
LIST_EXNEXT_400_ENTRIES_REPEAT10_TOTAL_WORK_BIO_WRITES	0
LIST_EXNEXT_400_ENTRIES_REPEAT10_TOTAL_WORK_BIO_UPDATES	0
LIST_EXNEXT_400_ENTRIES_REPEAT10_TOTAL_WORK_DATA_READS	0
LIST_EXNEXT_400_ENTRIES_REPEAT10_TOTAL_WORK_DATA_WRITES	0
LIST_EXNEXT_400_ENTRIES_REPEAT10_TOTAL_WORK_NODE_WRITES	0
LIST_EXNEXT_400_ENTRIES_REPEAT10_TOTAL_WORK_TXN_COMMITS	0
LIST_EXNEXT_400_ENTRIES_REPEAT10_TOTAL_WORK_EXTENT_MAPS	0
LIST_EXNEXT_400_ENTRIES_REPEAT10_TOTAL_WORK_READ_TICKS	0
LIST_EXNEXT_400_ENTRIES_REPEAT10_TOTAL_WORK_WRITE_TICKS	0
LIST_EXNEXT_400_ENTRIES_REPEAT10_TOTAL_WORK_UPDATE_TICKS	0
LIST_EXNEXT_400_ENTRIES_REPEAT10_TOTAL_WORK_DATA_READ_TICKS	0
LIST_EXNEXT_400_ENTRIES_REPEAT10_TOTAL_WORK_DATA_WRITE_TICKS	0
LIST_EXNEXT_400_ENTRIES_REPEAT10_TOTAL_WORK_NODE_CRC_READ_CALLS	0
LIST_EXNEXT_400_ENTRIES_REPEAT10_TOTAL_WORK_NODE_CRC_READ_SAMPLES	0
LIST_EXNEXT_400_ENTRIES_REPEAT10_TOTAL_WORK_NODE_CRC_READ_SAMPLE_TICKS	0
LIST_EXNEXT_400_ENTRIES_REPEAT10_TOTAL_WORK_NODE_CRC_WRITE_CALLS	0
LIST_EXNEXT_400_ENTRIES_REPEAT10_TOTAL_WORK_NODE_CRC_WRITE_SAMPLES	0
LIST_EXNEXT_400_ENTRIES_REPEAT10_TOTAL_WORK_NODE_CRC_WRITE_SAMPLE_TICKS	0
LIST_EXNEXT_400_ENTRIES_REPEAT10_TOTAL_WORK_CLOCK_PAIR_TICKS	1
LIST_EXNEXT_400_ENTRIES_REPEAT10_TOTAL_WORK_PACKET_CALLS	4022
LIST_EXNEXT_400_ENTRIES_REPEAT10_TOTAL_WORK_PACKET_SAMPLES	4022
LIST_EXNEXT_400_ENTRIES_REPEAT10_TOTAL_WORK_PACKET_SAMPLE_TICKS	146811
LIST_EXNEXT_400_ENTRIES_REPEAT10_TOTAL_WORK_PACKET_OPEN_CALLS	0
LIST_EXNEXT_400_ENTRIES_REPEAT10_TOTAL_WORK_PACKET_OPEN_SAMPLES	0
LIST_EXNEXT_400_ENTRIES_REPEAT10_TOTAL_WORK_PACKET_OPEN_SAMPLE_TICKS	0
LIST_EXNEXT_400_ENTRIES_REPEAT10_TOTAL_WORK_PACKET_READ_CALLS	0
LIST_EXNEXT_400_ENTRIES_REPEAT10_TOTAL_WORK_PACKET_READ_SAMPLES	0
LIST_EXNEXT_400_ENTRIES_REPEAT10_TOTAL_WORK_PACKET_READ_SAMPLE_TICKS	0
LIST_EXNEXT_400_ENTRIES_REPEAT10_TOTAL_WORK_PACKET_WRITE_CALLS	0
LIST_EXNEXT_400_ENTRIES_REPEAT10_TOTAL_WORK_PACKET_WRITE_SAMPLES	0
LIST_EXNEXT_400_ENTRIES_REPEAT10_TOTAL_WORK_PACKET_WRITE_SAMPLE_TICKS	0
LIST_EXNEXT_400_ENTRIES_REPEAT10_TOTAL_WORK_PACKET_END_CALLS	0
LIST_EXNEXT_400_ENTRIES_REPEAT10_TOTAL_WORK_PACKET_END_SAMPLES	0
LIST_EXNEXT_400_ENTRIES_REPEAT10_TOTAL_WORK_PACKET_END_SAMPLE_TICKS	0
LIST_EXNEXT_400_ENTRIES_REPEAT10_TOTAL_WORK_PACKET_DELETE_CALLS	0
LIST_EXNEXT_400_ENTRIES_REPEAT10_TOTAL_WORK_PACKET_DELETE_SAMPLES	0
LIST_EXNEXT_400_ENTRIES_REPEAT10_TOTAL_WORK_PACKET_DELETE_SAMPLE_TICKS	0
LIST_EXNEXT_400_ENTRIES_REPEAT10_TOTAL_WORK_PACKET_FLUSH_CALLS	0
LIST_EXNEXT_400_ENTRIES_REPEAT10_TOTAL_WORK_PACKET_FLUSH_SAMPLES	0
LIST_EXNEXT_400_ENTRIES_REPEAT10_TOTAL_WORK_PACKET_FLUSH_SAMPLE_TICKS	0
LIST_EXNEXT_400_ENTRIES_REPEAT10_TOTAL_WORK_PACKET_OTHER_CALLS	4022
LIST_EXNEXT_400_ENTRIES_REPEAT10_TOTAL_WORK_PACKET_OTHER_SAMPLES	4022
LIST_EXNEXT_400_ENTRIES_REPEAT10_TOTAL_WORK_PACKET_OTHER_SAMPLE_TICKS	146811
LIST_EXNEXT_400_ENTRIES_REPEAT10_TOTAL_WORK_CORE_CREATE_CALLS	0
LIST_EXNEXT_400_ENTRIES_REPEAT10_TOTAL_WORK_CORE_CREATE_SAMPLES	0
LIST_EXNEXT_400_ENTRIES_REPEAT10_TOTAL_WORK_CORE_CREATE_SAMPLE_TICKS	0
LIST_EXNEXT_400_ENTRIES_REPEAT10_TOTAL_WORK_CORE_DELETE_CALLS	0
LIST_EXNEXT_400_ENTRIES_REPEAT10_TOTAL_WORK_CORE_DELETE_SAMPLES	0
LIST_EXNEXT_400_ENTRIES_REPEAT10_TOTAL_WORK_CORE_DELETE_SAMPLE_TICKS	0
LIST_EXNEXT_400_ENTRIES_REPEAT10_TOTAL_WORK_CORE_FILE_WRITE_CALLS	0
LIST_EXNEXT_400_ENTRIES_REPEAT10_TOTAL_WORK_CORE_FILE_WRITE_SAMPLES	0
LIST_EXNEXT_400_ENTRIES_REPEAT10_TOTAL_WORK_CORE_FILE_WRITE_SAMPLE_TICKS	0
LIST_EXNEXT_400_ENTRIES_REPEAT10_TOTAL_WORK_CORE_SYNC_CALLS	0
LIST_EXNEXT_400_ENTRIES_REPEAT10_TOTAL_WORK_CORE_SYNC_SAMPLES	0
LIST_EXNEXT_400_ENTRIES_REPEAT10_TOTAL_WORK_CORE_SYNC_SAMPLE_TICKS	0
LIST_EXNEXT_400_ENTRIES_REPEAT10_TOTAL_WORK_IFACE_FREE_CALLS	0
LIST_EXNEXT_400_ENTRIES_REPEAT10_TOTAL_WORK_IFACE_FREE_SAMPLES	0
LIST_EXNEXT_400_ENTRIES_REPEAT10_TOTAL_WORK_IFACE_FREE_SAMPLE_TICKS	0
LIST_EXNEXT_400_ENTRIES_REPEAT10_TOTAL_WORK_SEAL_COMMIT_CALLS	0
LIST_EXNEXT_400_ENTRIES_REPEAT10_TOTAL_WORK_SEAL_COMMIT_SAMPLES	0
LIST_EXNEXT_400_ENTRIES_REPEAT10_TOTAL_WORK_SEAL_COMMIT_SAMPLE_TICKS	0
LIST_EXNEXT_400_ENTRIES_REPEAT10_TOTAL_WORK_INODE_READ_CALLS	4010
LIST_EXNEXT_400_ENTRIES_REPEAT10_TOTAL_WORK_BTREE_SEARCH_CALLS	4011
LIST_EXNEXT_400_ENTRIES_REPEAT10_TOTAL_WORK_BTREE_INDEX_HINT_HITS	0
LIST_EXNEXT_400_ENTRIES_REPEAT10_TOTAL_WORK_BTREE_LEAF_HINT_HITS	4011
LIST_EXNEXT_400_ENTRIES_REPEAT10_TOTAL_WORK_CACHE_READ_CALLS	0
LIST_EXNEXT_400_ENTRIES_REPEAT10_TOTAL_WORK_CACHE_READ_HITS	0
LIST_EXNEXT_400_ENTRIES_REPEAT10_TOTAL_WORK_CACHE_READ_MISSES	0
LIST_EXNEXT_400_ENTRIES_REPEAT10_TOTAL_WORK_FREE_TREE_NODE_VIEWS	0
LIST_EXNEXT_400_ENTRIES_REPEAT10_TOTAL_WORK_FREE_TREE_RESIDENT_VIEWS	0
LIST_EXNEXT_400_ENTRIES_REPEAT10_TOTAL_WORK_DIR_TREE_NODE_VIEWS	382
LIST_EXNEXT_400_ENTRIES_REPEAT10_TOTAL_WORK_DIR_TREE_RESIDENT_VIEWS	382
LIST_EXNEXT_400_ENTRIES_REPEAT10_TOTAL_WORK_INODE_TREE_NODE_VIEWS	0
LIST_EXNEXT_400_ENTRIES_REPEAT10_TOTAL_WORK_INODE_TREE_RESIDENT_VIEWS	0
LIST_EXNEXT_400_ENTRIES_REPEAT10_TOTAL_WORK_REFCOUNT_TREE_NODE_VIEWS	0
LIST_EXNEXT_400_ENTRIES_REPEAT10_TOTAL_WORK_REFCOUNT_TREE_RESIDENT_VIEWS	0
LIST_EXNEXT_400_ENTRIES_REPEAT10_TOTAL_WORK_OTHER_TREE_NODE_VIEWS	0
LIST_EXNEXT_400_ENTRIES_REPEAT10_TOTAL_WORK_OTHER_TREE_RESIDENT_VIEWS	0
LIST_EXNEXT_400_ENTRIES_REPEAT10_TOTAL_WORK_WRITE_DETAIL_INODE_READ_CALLS	4010
LIST_EXNEXT_400_ENTRIES_REPEAT10_TOTAL_WORK_WRITE_DETAIL_INODE_READ_SAMPLES	4010
LIST_EXNEXT_400_ENTRIES_REPEAT10_TOTAL_WORK_WRITE_DETAIL_INODE_READ_SAMPLE_TICKS	71506
LIST_EXNEXT_400_ENTRIES_REPEAT10_TOTAL_WORK_WRITE_DETAIL_INODE_WRITE_CALLS	0
LIST_EXNEXT_400_ENTRIES_REPEAT10_TOTAL_WORK_WRITE_DETAIL_INODE_WRITE_SAMPLES	0
LIST_EXNEXT_400_ENTRIES_REPEAT10_TOTAL_WORK_WRITE_DETAIL_INODE_WRITE_SAMPLE_TICKS	0
LIST_EXNEXT_400_ENTRIES_REPEAT10_TOTAL_WORK_WRITE_DETAIL_EXTENT_MAP_CALLS	0
LIST_EXNEXT_400_ENTRIES_REPEAT10_TOTAL_WORK_WRITE_DETAIL_EXTENT_MAP_SAMPLES	0
LIST_EXNEXT_400_ENTRIES_REPEAT10_TOTAL_WORK_WRITE_DETAIL_EXTENT_MAP_SAMPLE_TICKS	0
LIST_EXNEXT_400_ENTRIES_REPEAT10_TOTAL_WORK_WRITE_DETAIL_FREESPACE_GOAL_CALLS	0
LIST_EXNEXT_400_ENTRIES_REPEAT10_TOTAL_WORK_WRITE_DETAIL_FREESPACE_GOAL_SAMPLES	0
LIST_EXNEXT_400_ENTRIES_REPEAT10_TOTAL_WORK_WRITE_DETAIL_FREESPACE_GOAL_SAMPLE_TICKS	0
LIST_EXNEXT_400_ENTRIES_REPEAT10_TOTAL_WORK_BTREE_MALLOC_CALLS	91
LIST_EXNEXT_400_ENTRIES_REPEAT10_TOTAL_WORK_BTREE_MALLOC_SAMPLES	91
LIST_EXNEXT_400_ENTRIES_REPEAT10_TOTAL_WORK_BTREE_MALLOC_SAMPLE_TICKS	154
LIST_EXNEXT_400_ENTRIES_REPEAT10_TOTAL_WORK_BTREE_FREE_CALLS	152
LIST_EXNEXT_400_ENTRIES_REPEAT10_TOTAL_WORK_BTREE_FREE_SAMPLES	152
LIST_EXNEXT_400_ENTRIES_REPEAT10_TOTAL_WORK_BTREE_FREE_SAMPLE_TICKS	421
LIST_EXNEXT_400_ENTRIES_REPEAT10_TOTAL_WORK_IFACE_ALLOC_CALLS	0
LIST_EXNEXT_400_ENTRIES_REPEAT10_TOTAL_WORK_IFACE_ALLOC_SAMPLES	0
LIST_EXNEXT_400_ENTRIES_REPEAT10_TOTAL_WORK_IFACE_ALLOC_SAMPLE_TICKS	0
LIST_EXNEXT_400_ENTRIES_REPEAT10_TOTAL_WORK_FREESPACE_ALLOC_CALLS	0
LIST_EXNEXT_400_ENTRIES_REPEAT10_TOTAL_WORK_FREESPACE_ALLOC_SAMPLES	0
LIST_EXNEXT_400_ENTRIES_REPEAT10_TOTAL_WORK_FREESPACE_ALLOC_SAMPLE_TICKS	0
LIST_EXNEXT_400_ENTRIES_REPEAT10_TOTAL_WORK_DETAIL_INODE_READ_CALLS	4010
LIST_EXNEXT_400_ENTRIES_REPEAT10_TOTAL_WORK_DETAIL_INODE_READ_SAMPLES	235
LIST_EXNEXT_400_ENTRIES_REPEAT10_TOTAL_WORK_DETAIL_INODE_READ_SAMPLE_TICKS	5014
LIST_EXNEXT_400_ENTRIES_REPEAT10_TOTAL_WORK_DETAIL_INODE_VALIDATE_CALLS	4010
LIST_EXNEXT_400_ENTRIES_REPEAT10_TOTAL_WORK_DETAIL_INODE_VALIDATE_SAMPLES	235
LIST_EXNEXT_400_ENTRIES_REPEAT10_TOTAL_WORK_DETAIL_INODE_VALIDATE_SAMPLE_TICKS	411
LIST_EXNEXT_400_ENTRIES_REPEAT10_TOTAL_WORK_DETAIL_INODE_SEARCH_CALLS	4010
LIST_EXNEXT_400_ENTRIES_REPEAT10_TOTAL_WORK_DETAIL_INODE_SEARCH_SAMPLES	235
LIST_EXNEXT_400_ENTRIES_REPEAT10_TOTAL_WORK_DETAIL_INODE_SEARCH_SAMPLE_TICKS	2846
LIST_EXNEXT_400_ENTRIES_REPEAT10_TOTAL_WORK_DETAIL_INODE_NODE_VIEW_CALLS	0
LIST_EXNEXT_400_ENTRIES_REPEAT10_TOTAL_WORK_DETAIL_INODE_NODE_VIEW_SAMPLES	0
LIST_EXNEXT_400_ENTRIES_REPEAT10_TOTAL_WORK_DETAIL_INODE_NODE_VIEW_SAMPLE_TICKS	0
LIST_EXNEXT_400_ENTRIES_REPEAT10_TOTAL_WORK_DETAIL_DIR_NODE_VIEW_CALLS	382
LIST_EXNEXT_400_ENTRIES_REPEAT10_TOTAL_WORK_DETAIL_DIR_NODE_VIEW_SAMPLES	22
LIST_EXNEXT_400_ENTRIES_REPEAT10_TOTAL_WORK_DETAIL_DIR_NODE_VIEW_SAMPLE_TICKS	130
LIST_EXNEXT_400_ENTRIES_REPEAT10_TOTAL_WORK_DETAIL_INODE_BINARY_SEARCH_CALLS	0
LIST_EXNEXT_400_ENTRIES_REPEAT10_TOTAL_WORK_DETAIL_INODE_BINARY_SEARCH_SAMPLES	0
LIST_EXNEXT_400_ENTRIES_REPEAT10_TOTAL_WORK_DETAIL_INODE_BINARY_SEARCH_SAMPLE_TICKS	0
LIST_EXNEXT_400_ENTRIES_REPEAT10_TOTAL_WORK_DETAIL_DIR_BINARY_SEARCH_CALLS	213
LIST_EXNEXT_400_ENTRIES_REPEAT10_TOTAL_WORK_DETAIL_DIR_BINARY_SEARCH_SAMPLES	12
LIST_EXNEXT_400_ENTRIES_REPEAT10_TOTAL_WORK_DETAIL_DIR_BINARY_SEARCH_SAMPLE_TICKS	90
LIST_EXNEXT_400_ENTRIES_REPEAT10_TOTAL_WORK_DETAIL_NODE_STRUCTURE_CALLS	0
LIST_EXNEXT_400_ENTRIES_REPEAT10_TOTAL_WORK_DETAIL_NODE_STRUCTURE_SAMPLES	0
LIST_EXNEXT_400_ENTRIES_REPEAT10_TOTAL_WORK_DETAIL_NODE_STRUCTURE_SAMPLE_TICKS	0
LIST_EXNEXT_400_ENTRIES_REPEAT10_TOTAL_WORK_DETAIL_CACHE_PEEK_CALLS	4393
LIST_EXNEXT_400_ENTRIES_REPEAT10_TOTAL_WORK_DETAIL_CACHE_PEEK_SAMPLES	258
LIST_EXNEXT_400_ENTRIES_REPEAT10_TOTAL_WORK_DETAIL_CACHE_PEEK_SAMPLE_TICKS	1110
LIST_EXNEXT_400_ENTRIES_REPEAT10_TOTAL_WORK_DETAIL_BUFFER_ALLOC_CALLS	151
LIST_EXNEXT_400_ENTRIES_REPEAT10_TOTAL_WORK_DETAIL_BUFFER_ALLOC_SAMPLES	8
LIST_EXNEXT_400_ENTRIES_REPEAT10_TOTAL_WORK_DETAIL_BUFFER_ALLOC_SAMPLE_TICKS	0
LIST_EXNEXT_400_ENTRIES_REPEAT10_TOTAL_WORK_DETAIL_BUFFER_FREE_CALLS	151
LIST_EXNEXT_400_ENTRIES_REPEAT10_TOTAL_WORK_DETAIL_BUFFER_FREE_SAMPLES	8
LIST_EXNEXT_400_ENTRIES_REPEAT10_TOTAL_WORK_DETAIL_BUFFER_FREE_SAMPLE_TICKS	0
LIST_EXNEXT_400_ENTRIES_REPEAT10_TOTAL_WORK_DETAIL_EXALL_FILL_CALLS	0
LIST_EXNEXT_400_ENTRIES_REPEAT10_TOTAL_WORK_DETAIL_EXALL_FILL_SAMPLES	0
LIST_EXNEXT_400_ENTRIES_REPEAT10_TOTAL_WORK_DETAIL_EXALL_FILL_SAMPLE_TICKS	0
LIST_EXNEXT_400_ENTRIES_REPEAT10_TOTAL_WORK_FREESPACE_ALLOCS	0
LIST_EXNEXT_400_ENTRIES_REPEAT10_TOTAL_VOLUME_FLUSH_BIO_READS	0
LIST_EXNEXT_400_ENTRIES_REPEAT10_TOTAL_VOLUME_FLUSH_BIO_WRITES	0
LIST_EXNEXT_400_ENTRIES_REPEAT10_TOTAL_VOLUME_FLUSH_BIO_UPDATES	0
LIST_EXNEXT_400_ENTRIES_REPEAT10_TOTAL_VOLUME_FLUSH_DATA_READS	0
LIST_EXNEXT_400_ENTRIES_REPEAT10_TOTAL_VOLUME_FLUSH_DATA_WRITES	0
LIST_EXNEXT_400_ENTRIES_REPEAT10_TOTAL_VOLUME_FLUSH_NODE_WRITES	0
LIST_EXNEXT_400_ENTRIES_REPEAT10_TOTAL_VOLUME_FLUSH_TXN_COMMITS	0
LIST_EXNEXT_400_ENTRIES_REPEAT10_TOTAL_VOLUME_FLUSH_EXTENT_MAPS	0
LIST_EXNEXT_400_ENTRIES_REPEAT10_TOTAL_VOLUME_FLUSH_READ_TICKS	0
LIST_EXNEXT_400_ENTRIES_REPEAT10_TOTAL_VOLUME_FLUSH_WRITE_TICKS	0
LIST_EXNEXT_400_ENTRIES_REPEAT10_TOTAL_VOLUME_FLUSH_UPDATE_TICKS	0
LIST_EXNEXT_400_ENTRIES_REPEAT10_TOTAL_VOLUME_FLUSH_DATA_READ_TICKS	0
LIST_EXNEXT_400_ENTRIES_REPEAT10_TOTAL_VOLUME_FLUSH_DATA_WRITE_TICKS	0
LIST_EXNEXT_400_ENTRIES_REPEAT10_TOTAL_VOLUME_FLUSH_NODE_CRC_READ_CALLS	0
LIST_EXNEXT_400_ENTRIES_REPEAT10_TOTAL_VOLUME_FLUSH_NODE_CRC_READ_SAMPLES	0
LIST_EXNEXT_400_ENTRIES_REPEAT10_TOTAL_VOLUME_FLUSH_NODE_CRC_READ_SAMPLE_TICKS	0
LIST_EXNEXT_400_ENTRIES_REPEAT10_TOTAL_VOLUME_FLUSH_NODE_CRC_WRITE_CALLS	0
LIST_EXNEXT_400_ENTRIES_REPEAT10_TOTAL_VOLUME_FLUSH_NODE_CRC_WRITE_SAMPLES	0
LIST_EXNEXT_400_ENTRIES_REPEAT10_TOTAL_VOLUME_FLUSH_NODE_CRC_WRITE_SAMPLE_TICKS	0
LIST_EXNEXT_400_ENTRIES_REPEAT10_TOTAL_VOLUME_FLUSH_CLOCK_PAIR_TICKS	0
LIST_EXNEXT_400_ENTRIES_REPEAT10_TOTAL_VOLUME_FLUSH_PACKET_CALLS	0
LIST_EXNEXT_400_ENTRIES_REPEAT10_TOTAL_VOLUME_FLUSH_PACKET_SAMPLES	0
LIST_EXNEXT_400_ENTRIES_REPEAT10_TOTAL_VOLUME_FLUSH_PACKET_SAMPLE_TICKS	0
LIST_EXNEXT_400_ENTRIES_REPEAT10_TOTAL_VOLUME_FLUSH_PACKET_OPEN_CALLS	0
LIST_EXNEXT_400_ENTRIES_REPEAT10_TOTAL_VOLUME_FLUSH_PACKET_OPEN_SAMPLES	0
LIST_EXNEXT_400_ENTRIES_REPEAT10_TOTAL_VOLUME_FLUSH_PACKET_OPEN_SAMPLE_TICKS	0
LIST_EXNEXT_400_ENTRIES_REPEAT10_TOTAL_VOLUME_FLUSH_PACKET_READ_CALLS	0
LIST_EXNEXT_400_ENTRIES_REPEAT10_TOTAL_VOLUME_FLUSH_PACKET_READ_SAMPLES	0
LIST_EXNEXT_400_ENTRIES_REPEAT10_TOTAL_VOLUME_FLUSH_PACKET_READ_SAMPLE_TICKS	0
LIST_EXNEXT_400_ENTRIES_REPEAT10_TOTAL_VOLUME_FLUSH_PACKET_WRITE_CALLS	0
LIST_EXNEXT_400_ENTRIES_REPEAT10_TOTAL_VOLUME_FLUSH_PACKET_WRITE_SAMPLES	0
LIST_EXNEXT_400_ENTRIES_REPEAT10_TOTAL_VOLUME_FLUSH_PACKET_WRITE_SAMPLE_TICKS	0
LIST_EXNEXT_400_ENTRIES_REPEAT10_TOTAL_VOLUME_FLUSH_PACKET_END_CALLS	0
LIST_EXNEXT_400_ENTRIES_REPEAT10_TOTAL_VOLUME_FLUSH_PACKET_END_SAMPLES	0
LIST_EXNEXT_400_ENTRIES_REPEAT10_TOTAL_VOLUME_FLUSH_PACKET_END_SAMPLE_TICKS	0
LIST_EXNEXT_400_ENTRIES_REPEAT10_TOTAL_VOLUME_FLUSH_PACKET_DELETE_CALLS	0
LIST_EXNEXT_400_ENTRIES_REPEAT10_TOTAL_VOLUME_FLUSH_PACKET_DELETE_SAMPLES	0
LIST_EXNEXT_400_ENTRIES_REPEAT10_TOTAL_VOLUME_FLUSH_PACKET_DELETE_SAMPLE_TICKS	0
LIST_EXNEXT_400_ENTRIES_REPEAT10_TOTAL_VOLUME_FLUSH_PACKET_FLUSH_CALLS	0
LIST_EXNEXT_400_ENTRIES_REPEAT10_TOTAL_VOLUME_FLUSH_PACKET_FLUSH_SAMPLES	0
LIST_EXNEXT_400_ENTRIES_REPEAT10_TOTAL_VOLUME_FLUSH_PACKET_FLUSH_SAMPLE_TICKS	0
LIST_EXNEXT_400_ENTRIES_REPEAT10_TOTAL_VOLUME_FLUSH_PACKET_OTHER_CALLS	0
LIST_EXNEXT_400_ENTRIES_REPEAT10_TOTAL_VOLUME_FLUSH_PACKET_OTHER_SAMPLES	0
LIST_EXNEXT_400_ENTRIES_REPEAT10_TOTAL_VOLUME_FLUSH_PACKET_OTHER_SAMPLE_TICKS	0
LIST_EXNEXT_400_ENTRIES_REPEAT10_TOTAL_VOLUME_FLUSH_CORE_CREATE_CALLS	0
LIST_EXNEXT_400_ENTRIES_REPEAT10_TOTAL_VOLUME_FLUSH_CORE_CREATE_SAMPLES	0
LIST_EXNEXT_400_ENTRIES_REPEAT10_TOTAL_VOLUME_FLUSH_CORE_CREATE_SAMPLE_TICKS	0
LIST_EXNEXT_400_ENTRIES_REPEAT10_TOTAL_VOLUME_FLUSH_CORE_DELETE_CALLS	0
LIST_EXNEXT_400_ENTRIES_REPEAT10_TOTAL_VOLUME_FLUSH_CORE_DELETE_SAMPLES	0
LIST_EXNEXT_400_ENTRIES_REPEAT10_TOTAL_VOLUME_FLUSH_CORE_DELETE_SAMPLE_TICKS	0
LIST_EXNEXT_400_ENTRIES_REPEAT10_TOTAL_VOLUME_FLUSH_CORE_FILE_WRITE_CALLS	0
LIST_EXNEXT_400_ENTRIES_REPEAT10_TOTAL_VOLUME_FLUSH_CORE_FILE_WRITE_SAMPLES	0
LIST_EXNEXT_400_ENTRIES_REPEAT10_TOTAL_VOLUME_FLUSH_CORE_FILE_WRITE_SAMPLE_TICKS	0
LIST_EXNEXT_400_ENTRIES_REPEAT10_TOTAL_VOLUME_FLUSH_CORE_SYNC_CALLS	0
LIST_EXNEXT_400_ENTRIES_REPEAT10_TOTAL_VOLUME_FLUSH_CORE_SYNC_SAMPLES	0
LIST_EXNEXT_400_ENTRIES_REPEAT10_TOTAL_VOLUME_FLUSH_CORE_SYNC_SAMPLE_TICKS	0
LIST_EXNEXT_400_ENTRIES_REPEAT10_TOTAL_VOLUME_FLUSH_IFACE_FREE_CALLS	0
LIST_EXNEXT_400_ENTRIES_REPEAT10_TOTAL_VOLUME_FLUSH_IFACE_FREE_SAMPLES	0
LIST_EXNEXT_400_ENTRIES_REPEAT10_TOTAL_VOLUME_FLUSH_IFACE_FREE_SAMPLE_TICKS	0
LIST_EXNEXT_400_ENTRIES_REPEAT10_TOTAL_VOLUME_FLUSH_SEAL_COMMIT_CALLS	0
LIST_EXNEXT_400_ENTRIES_REPEAT10_TOTAL_VOLUME_FLUSH_SEAL_COMMIT_SAMPLES	0
LIST_EXNEXT_400_ENTRIES_REPEAT10_TOTAL_VOLUME_FLUSH_SEAL_COMMIT_SAMPLE_TICKS	0
LIST_EXNEXT_400_ENTRIES_REPEAT10_TOTAL_VOLUME_FLUSH_INODE_READ_CALLS	0
LIST_EXNEXT_400_ENTRIES_REPEAT10_TOTAL_VOLUME_FLUSH_BTREE_SEARCH_CALLS	0
LIST_EXNEXT_400_ENTRIES_REPEAT10_TOTAL_VOLUME_FLUSH_BTREE_INDEX_HINT_HITS	0
LIST_EXNEXT_400_ENTRIES_REPEAT10_TOTAL_VOLUME_FLUSH_BTREE_LEAF_HINT_HITS	0
LIST_EXNEXT_400_ENTRIES_REPEAT10_TOTAL_VOLUME_FLUSH_CACHE_READ_CALLS	0
LIST_EXNEXT_400_ENTRIES_REPEAT10_TOTAL_VOLUME_FLUSH_CACHE_READ_HITS	0
LIST_EXNEXT_400_ENTRIES_REPEAT10_TOTAL_VOLUME_FLUSH_CACHE_READ_MISSES	0
LIST_EXNEXT_400_ENTRIES_REPEAT10_TOTAL_VOLUME_FLUSH_FREE_TREE_NODE_VIEWS	0
LIST_EXNEXT_400_ENTRIES_REPEAT10_TOTAL_VOLUME_FLUSH_FREE_TREE_RESIDENT_VIEWS	0
LIST_EXNEXT_400_ENTRIES_REPEAT10_TOTAL_VOLUME_FLUSH_DIR_TREE_NODE_VIEWS	0
LIST_EXNEXT_400_ENTRIES_REPEAT10_TOTAL_VOLUME_FLUSH_DIR_TREE_RESIDENT_VIEWS	0
LIST_EXNEXT_400_ENTRIES_REPEAT10_TOTAL_VOLUME_FLUSH_INODE_TREE_NODE_VIEWS	0
LIST_EXNEXT_400_ENTRIES_REPEAT10_TOTAL_VOLUME_FLUSH_INODE_TREE_RESIDENT_VIEWS	0
LIST_EXNEXT_400_ENTRIES_REPEAT10_TOTAL_VOLUME_FLUSH_REFCOUNT_TREE_NODE_VIEWS	0
LIST_EXNEXT_400_ENTRIES_REPEAT10_TOTAL_VOLUME_FLUSH_REFCOUNT_TREE_RESIDENT_VIEWS	0
LIST_EXNEXT_400_ENTRIES_REPEAT10_TOTAL_VOLUME_FLUSH_OTHER_TREE_NODE_VIEWS	0
LIST_EXNEXT_400_ENTRIES_REPEAT10_TOTAL_VOLUME_FLUSH_OTHER_TREE_RESIDENT_VIEWS	0
LIST_EXNEXT_400_ENTRIES_REPEAT10_TOTAL_VOLUME_FLUSH_WRITE_DETAIL_INODE_READ_CALLS	0
LIST_EXNEXT_400_ENTRIES_REPEAT10_TOTAL_VOLUME_FLUSH_WRITE_DETAIL_INODE_READ_SAMPLES	0
LIST_EXNEXT_400_ENTRIES_REPEAT10_TOTAL_VOLUME_FLUSH_WRITE_DETAIL_INODE_READ_SAMPLE_TICKS	0
LIST_EXNEXT_400_ENTRIES_REPEAT10_TOTAL_VOLUME_FLUSH_WRITE_DETAIL_INODE_WRITE_CALLS	0
LIST_EXNEXT_400_ENTRIES_REPEAT10_TOTAL_VOLUME_FLUSH_WRITE_DETAIL_INODE_WRITE_SAMPLES	0
LIST_EXNEXT_400_ENTRIES_REPEAT10_TOTAL_VOLUME_FLUSH_WRITE_DETAIL_INODE_WRITE_SAMPLE_TICKS	0
LIST_EXNEXT_400_ENTRIES_REPEAT10_TOTAL_VOLUME_FLUSH_WRITE_DETAIL_EXTENT_MAP_CALLS	0
LIST_EXNEXT_400_ENTRIES_REPEAT10_TOTAL_VOLUME_FLUSH_WRITE_DETAIL_EXTENT_MAP_SAMPLES	0
LIST_EXNEXT_400_ENTRIES_REPEAT10_TOTAL_VOLUME_FLUSH_WRITE_DETAIL_EXTENT_MAP_SAMPLE_TICKS	0
LIST_EXNEXT_400_ENTRIES_REPEAT10_TOTAL_VOLUME_FLUSH_WRITE_DETAIL_FREESPACE_GOAL_CALLS	0
LIST_EXNEXT_400_ENTRIES_REPEAT10_TOTAL_VOLUME_FLUSH_WRITE_DETAIL_FREESPACE_GOAL_SAMPLES	0
LIST_EXNEXT_400_ENTRIES_REPEAT10_TOTAL_VOLUME_FLUSH_WRITE_DETAIL_FREESPACE_GOAL_SAMPLE_TICKS	0
LIST_EXNEXT_400_ENTRIES_REPEAT10_TOTAL_VOLUME_FLUSH_BTREE_MALLOC_CALLS	0
LIST_EXNEXT_400_ENTRIES_REPEAT10_TOTAL_VOLUME_FLUSH_BTREE_MALLOC_SAMPLES	0
LIST_EXNEXT_400_ENTRIES_REPEAT10_TOTAL_VOLUME_FLUSH_BTREE_MALLOC_SAMPLE_TICKS	0
LIST_EXNEXT_400_ENTRIES_REPEAT10_TOTAL_VOLUME_FLUSH_BTREE_FREE_CALLS	0
LIST_EXNEXT_400_ENTRIES_REPEAT10_TOTAL_VOLUME_FLUSH_BTREE_FREE_SAMPLES	0
LIST_EXNEXT_400_ENTRIES_REPEAT10_TOTAL_VOLUME_FLUSH_BTREE_FREE_SAMPLE_TICKS	0
LIST_EXNEXT_400_ENTRIES_REPEAT10_TOTAL_VOLUME_FLUSH_IFACE_ALLOC_CALLS	0
LIST_EXNEXT_400_ENTRIES_REPEAT10_TOTAL_VOLUME_FLUSH_IFACE_ALLOC_SAMPLES	0
LIST_EXNEXT_400_ENTRIES_REPEAT10_TOTAL_VOLUME_FLUSH_IFACE_ALLOC_SAMPLE_TICKS	0
LIST_EXNEXT_400_ENTRIES_REPEAT10_TOTAL_VOLUME_FLUSH_FREESPACE_ALLOC_CALLS	0
LIST_EXNEXT_400_ENTRIES_REPEAT10_TOTAL_VOLUME_FLUSH_FREESPACE_ALLOC_SAMPLES	0
LIST_EXNEXT_400_ENTRIES_REPEAT10_TOTAL_VOLUME_FLUSH_FREESPACE_ALLOC_SAMPLE_TICKS	0
LIST_EXNEXT_400_ENTRIES_REPEAT10_TOTAL_VOLUME_FLUSH_DETAIL_INODE_READ_CALLS	0
LIST_EXNEXT_400_ENTRIES_REPEAT10_TOTAL_VOLUME_FLUSH_DETAIL_INODE_READ_SAMPLES	0
LIST_EXNEXT_400_ENTRIES_REPEAT10_TOTAL_VOLUME_FLUSH_DETAIL_INODE_READ_SAMPLE_TICKS	0
LIST_EXNEXT_400_ENTRIES_REPEAT10_TOTAL_VOLUME_FLUSH_DETAIL_INODE_VALIDATE_CALLS	0
LIST_EXNEXT_400_ENTRIES_REPEAT10_TOTAL_VOLUME_FLUSH_DETAIL_INODE_VALIDATE_SAMPLES	0
LIST_EXNEXT_400_ENTRIES_REPEAT10_TOTAL_VOLUME_FLUSH_DETAIL_INODE_VALIDATE_SAMPLE_TICKS	0
LIST_EXNEXT_400_ENTRIES_REPEAT10_TOTAL_VOLUME_FLUSH_DETAIL_INODE_SEARCH_CALLS	0
LIST_EXNEXT_400_ENTRIES_REPEAT10_TOTAL_VOLUME_FLUSH_DETAIL_INODE_SEARCH_SAMPLES	0
LIST_EXNEXT_400_ENTRIES_REPEAT10_TOTAL_VOLUME_FLUSH_DETAIL_INODE_SEARCH_SAMPLE_TICKS	0
LIST_EXNEXT_400_ENTRIES_REPEAT10_TOTAL_VOLUME_FLUSH_DETAIL_INODE_NODE_VIEW_CALLS	0
LIST_EXNEXT_400_ENTRIES_REPEAT10_TOTAL_VOLUME_FLUSH_DETAIL_INODE_NODE_VIEW_SAMPLES	0
LIST_EXNEXT_400_ENTRIES_REPEAT10_TOTAL_VOLUME_FLUSH_DETAIL_INODE_NODE_VIEW_SAMPLE_TICKS	0
LIST_EXNEXT_400_ENTRIES_REPEAT10_TOTAL_VOLUME_FLUSH_DETAIL_DIR_NODE_VIEW_CALLS	0
LIST_EXNEXT_400_ENTRIES_REPEAT10_TOTAL_VOLUME_FLUSH_DETAIL_DIR_NODE_VIEW_SAMPLES	0
LIST_EXNEXT_400_ENTRIES_REPEAT10_TOTAL_VOLUME_FLUSH_DETAIL_DIR_NODE_VIEW_SAMPLE_TICKS	0
LIST_EXNEXT_400_ENTRIES_REPEAT10_TOTAL_VOLUME_FLUSH_DETAIL_INODE_BINARY_SEARCH_CALLS	0
LIST_EXNEXT_400_ENTRIES_REPEAT10_TOTAL_VOLUME_FLUSH_DETAIL_INODE_BINARY_SEARCH_SAMPLES	0
LIST_EXNEXT_400_ENTRIES_REPEAT10_TOTAL_VOLUME_FLUSH_DETAIL_INODE_BINARY_SEARCH_SAMPLE_TICKS	0
LIST_EXNEXT_400_ENTRIES_REPEAT10_TOTAL_VOLUME_FLUSH_DETAIL_DIR_BINARY_SEARCH_CALLS	0
LIST_EXNEXT_400_ENTRIES_REPEAT10_TOTAL_VOLUME_FLUSH_DETAIL_DIR_BINARY_SEARCH_SAMPLES	0
LIST_EXNEXT_400_ENTRIES_REPEAT10_TOTAL_VOLUME_FLUSH_DETAIL_DIR_BINARY_SEARCH_SAMPLE_TICKS	0
LIST_EXNEXT_400_ENTRIES_REPEAT10_TOTAL_VOLUME_FLUSH_DETAIL_NODE_STRUCTURE_CALLS	0
LIST_EXNEXT_400_ENTRIES_REPEAT10_TOTAL_VOLUME_FLUSH_DETAIL_NODE_STRUCTURE_SAMPLES	0
LIST_EXNEXT_400_ENTRIES_REPEAT10_TOTAL_VOLUME_FLUSH_DETAIL_NODE_STRUCTURE_SAMPLE_TICKS	0
LIST_EXNEXT_400_ENTRIES_REPEAT10_TOTAL_VOLUME_FLUSH_DETAIL_CACHE_PEEK_CALLS	0
LIST_EXNEXT_400_ENTRIES_REPEAT10_TOTAL_VOLUME_FLUSH_DETAIL_CACHE_PEEK_SAMPLES	0
LIST_EXNEXT_400_ENTRIES_REPEAT10_TOTAL_VOLUME_FLUSH_DETAIL_CACHE_PEEK_SAMPLE_TICKS	0
LIST_EXNEXT_400_ENTRIES_REPEAT10_TOTAL_VOLUME_FLUSH_DETAIL_BUFFER_ALLOC_CALLS	0
LIST_EXNEXT_400_ENTRIES_REPEAT10_TOTAL_VOLUME_FLUSH_DETAIL_BUFFER_ALLOC_SAMPLES	0
LIST_EXNEXT_400_ENTRIES_REPEAT10_TOTAL_VOLUME_FLUSH_DETAIL_BUFFER_ALLOC_SAMPLE_TICKS	0
LIST_EXNEXT_400_ENTRIES_REPEAT10_TOTAL_VOLUME_FLUSH_DETAIL_BUFFER_FREE_CALLS	0
LIST_EXNEXT_400_ENTRIES_REPEAT10_TOTAL_VOLUME_FLUSH_DETAIL_BUFFER_FREE_SAMPLES	0
LIST_EXNEXT_400_ENTRIES_REPEAT10_TOTAL_VOLUME_FLUSH_DETAIL_BUFFER_FREE_SAMPLE_TICKS	0
LIST_EXNEXT_400_ENTRIES_REPEAT10_TOTAL_VOLUME_FLUSH_DETAIL_EXALL_FILL_CALLS	0
LIST_EXNEXT_400_ENTRIES_REPEAT10_TOTAL_VOLUME_FLUSH_DETAIL_EXALL_FILL_SAMPLES	0
LIST_EXNEXT_400_ENTRIES_REPEAT10_TOTAL_VOLUME_FLUSH_DETAIL_EXALL_FILL_SAMPLE_TICKS	0
LIST_EXNEXT_400_ENTRIES_REPEAT10_TOTAL_VOLUME_FLUSH_FREESPACE_ALLOCS	0
LIST_EXALL_400_ENTRIES_FIRST_PASS_US	21695
LIST_EXALL_400_ENTRIES_FIRST_PASS_WORK_US	21695
LIST_EXALL_400_ENTRIES_FIRST_PASS_VOLUME_FLUSH_US	0
LIST_EXALL_400_ENTRIES_FIRST_PASS_HAS_VOLUME_FLUSH	0
LIST_EXALL_400_ENTRIES_FIRST_PASS_GUEST_OPEN_CALLS	0
LIST_EXALL_400_ENTRIES_FIRST_PASS_GUEST_OPEN_US	0
LIST_EXALL_400_ENTRIES_FIRST_PASS_GUEST_READ_CALLS	0
LIST_EXALL_400_ENTRIES_FIRST_PASS_GUEST_READ_US	0
LIST_EXALL_400_ENTRIES_FIRST_PASS_GUEST_WRITE_CALLS	0
LIST_EXALL_400_ENTRIES_FIRST_PASS_GUEST_WRITE_US	0
LIST_EXALL_400_ENTRIES_FIRST_PASS_GUEST_HANDLE_FLUSH_CALLS	0
LIST_EXALL_400_ENTRIES_FIRST_PASS_GUEST_HANDLE_FLUSH_US	0
LIST_EXALL_400_ENTRIES_FIRST_PASS_GUEST_CLOSE_CALLS	0
LIST_EXALL_400_ENTRIES_FIRST_PASS_GUEST_CLOSE_US	0
LIST_EXALL_400_ENTRIES_FIRST_PASS_GUEST_VERIFY_CALLS	0
LIST_EXALL_400_ENTRIES_FIRST_PASS_GUEST_VERIFY_US	0
LIST_EXALL_400_ENTRIES_FIRST_PASS_WORK_BIO_READS	21
LIST_EXALL_400_ENTRIES_FIRST_PASS_WORK_BIO_WRITES	0
LIST_EXALL_400_ENTRIES_FIRST_PASS_WORK_BIO_UPDATES	0
LIST_EXALL_400_ENTRIES_FIRST_PASS_WORK_DATA_READS	0
LIST_EXALL_400_ENTRIES_FIRST_PASS_WORK_DATA_WRITES	0
LIST_EXALL_400_ENTRIES_FIRST_PASS_WORK_NODE_WRITES	0
LIST_EXALL_400_ENTRIES_FIRST_PASS_WORK_TXN_COMMITS	0
LIST_EXALL_400_ENTRIES_FIRST_PASS_WORK_EXTENT_MAPS	0
LIST_EXALL_400_ENTRIES_FIRST_PASS_WORK_READ_TICKS	1767
LIST_EXALL_400_ENTRIES_FIRST_PASS_WORK_WRITE_TICKS	0
LIST_EXALL_400_ENTRIES_FIRST_PASS_WORK_UPDATE_TICKS	0
LIST_EXALL_400_ENTRIES_FIRST_PASS_WORK_DATA_READ_TICKS	0
LIST_EXALL_400_ENTRIES_FIRST_PASS_WORK_DATA_WRITE_TICKS	0
LIST_EXALL_400_ENTRIES_FIRST_PASS_WORK_NODE_CRC_READ_CALLS	21
LIST_EXALL_400_ENTRIES_FIRST_PASS_WORK_NODE_CRC_READ_SAMPLES	21
LIST_EXALL_400_ENTRIES_FIRST_PASS_WORK_NODE_CRC_READ_SAMPLE_TICKS	2785
LIST_EXALL_400_ENTRIES_FIRST_PASS_WORK_NODE_CRC_WRITE_CALLS	0
LIST_EXALL_400_ENTRIES_FIRST_PASS_WORK_NODE_CRC_WRITE_SAMPLES	0
LIST_EXALL_400_ENTRIES_FIRST_PASS_WORK_NODE_CRC_WRITE_SAMPLE_TICKS	0
LIST_EXALL_400_ENTRIES_FIRST_PASS_WORK_CLOCK_PAIR_TICKS	0
LIST_EXALL_400_ENTRIES_FIRST_PASS_WORK_PACKET_CALLS	7
LIST_EXALL_400_ENTRIES_FIRST_PASS_WORK_PACKET_SAMPLES	7
LIST_EXALL_400_ENTRIES_FIRST_PASS_WORK_PACKET_SAMPLE_TICKS	14893
LIST_EXALL_400_ENTRIES_FIRST_PASS_WORK_PACKET_OPEN_CALLS	0
LIST_EXALL_400_ENTRIES_FIRST_PASS_WORK_PACKET_OPEN_SAMPLES	0
LIST_EXALL_400_ENTRIES_FIRST_PASS_WORK_PACKET_OPEN_SAMPLE_TICKS	0
LIST_EXALL_400_ENTRIES_FIRST_PASS_WORK_PACKET_READ_CALLS	0
LIST_EXALL_400_ENTRIES_FIRST_PASS_WORK_PACKET_READ_SAMPLES	0
LIST_EXALL_400_ENTRIES_FIRST_PASS_WORK_PACKET_READ_SAMPLE_TICKS	0
LIST_EXALL_400_ENTRIES_FIRST_PASS_WORK_PACKET_WRITE_CALLS	0
LIST_EXALL_400_ENTRIES_FIRST_PASS_WORK_PACKET_WRITE_SAMPLES	0
LIST_EXALL_400_ENTRIES_FIRST_PASS_WORK_PACKET_WRITE_SAMPLE_TICKS	0
LIST_EXALL_400_ENTRIES_FIRST_PASS_WORK_PACKET_END_CALLS	0
LIST_EXALL_400_ENTRIES_FIRST_PASS_WORK_PACKET_END_SAMPLES	0
LIST_EXALL_400_ENTRIES_FIRST_PASS_WORK_PACKET_END_SAMPLE_TICKS	0
LIST_EXALL_400_ENTRIES_FIRST_PASS_WORK_PACKET_DELETE_CALLS	0
LIST_EXALL_400_ENTRIES_FIRST_PASS_WORK_PACKET_DELETE_SAMPLES	0
LIST_EXALL_400_ENTRIES_FIRST_PASS_WORK_PACKET_DELETE_SAMPLE_TICKS	0
LIST_EXALL_400_ENTRIES_FIRST_PASS_WORK_PACKET_FLUSH_CALLS	0
LIST_EXALL_400_ENTRIES_FIRST_PASS_WORK_PACKET_FLUSH_SAMPLES	0
LIST_EXALL_400_ENTRIES_FIRST_PASS_WORK_PACKET_FLUSH_SAMPLE_TICKS	0
LIST_EXALL_400_ENTRIES_FIRST_PASS_WORK_PACKET_OTHER_CALLS	7
LIST_EXALL_400_ENTRIES_FIRST_PASS_WORK_PACKET_OTHER_SAMPLES	7
LIST_EXALL_400_ENTRIES_FIRST_PASS_WORK_PACKET_OTHER_SAMPLE_TICKS	14893
LIST_EXALL_400_ENTRIES_FIRST_PASS_WORK_CORE_CREATE_CALLS	0
LIST_EXALL_400_ENTRIES_FIRST_PASS_WORK_CORE_CREATE_SAMPLES	0
LIST_EXALL_400_ENTRIES_FIRST_PASS_WORK_CORE_CREATE_SAMPLE_TICKS	0
LIST_EXALL_400_ENTRIES_FIRST_PASS_WORK_CORE_DELETE_CALLS	0
LIST_EXALL_400_ENTRIES_FIRST_PASS_WORK_CORE_DELETE_SAMPLES	0
LIST_EXALL_400_ENTRIES_FIRST_PASS_WORK_CORE_DELETE_SAMPLE_TICKS	0
LIST_EXALL_400_ENTRIES_FIRST_PASS_WORK_CORE_FILE_WRITE_CALLS	0
LIST_EXALL_400_ENTRIES_FIRST_PASS_WORK_CORE_FILE_WRITE_SAMPLES	0
LIST_EXALL_400_ENTRIES_FIRST_PASS_WORK_CORE_FILE_WRITE_SAMPLE_TICKS	0
LIST_EXALL_400_ENTRIES_FIRST_PASS_WORK_CORE_SYNC_CALLS	0
LIST_EXALL_400_ENTRIES_FIRST_PASS_WORK_CORE_SYNC_SAMPLES	0
LIST_EXALL_400_ENTRIES_FIRST_PASS_WORK_CORE_SYNC_SAMPLE_TICKS	0
LIST_EXALL_400_ENTRIES_FIRST_PASS_WORK_IFACE_FREE_CALLS	0
LIST_EXALL_400_ENTRIES_FIRST_PASS_WORK_IFACE_FREE_SAMPLES	0
LIST_EXALL_400_ENTRIES_FIRST_PASS_WORK_IFACE_FREE_SAMPLE_TICKS	0
LIST_EXALL_400_ENTRIES_FIRST_PASS_WORK_SEAL_COMMIT_CALLS	0
LIST_EXALL_400_ENTRIES_FIRST_PASS_WORK_SEAL_COMMIT_SAMPLES	0
LIST_EXALL_400_ENTRIES_FIRST_PASS_WORK_SEAL_COMMIT_SAMPLE_TICKS	0
LIST_EXALL_400_ENTRIES_FIRST_PASS_WORK_INODE_READ_CALLS	400
LIST_EXALL_400_ENTRIES_FIRST_PASS_WORK_BTREE_SEARCH_CALLS	401
LIST_EXALL_400_ENTRIES_FIRST_PASS_WORK_BTREE_INDEX_HINT_HITS	0
LIST_EXALL_400_ENTRIES_FIRST_PASS_WORK_BTREE_LEAF_HINT_HITS	39
LIST_EXALL_400_ENTRIES_FIRST_PASS_WORK_CACHE_READ_CALLS	21
LIST_EXALL_400_ENTRIES_FIRST_PASS_WORK_CACHE_READ_HITS	0
LIST_EXALL_400_ENTRIES_FIRST_PASS_WORK_CACHE_READ_MISSES	21
LIST_EXALL_400_ENTRIES_FIRST_PASS_WORK_FREE_TREE_NODE_VIEWS	0
LIST_EXALL_400_ENTRIES_FIRST_PASS_WORK_FREE_TREE_RESIDENT_VIEWS	0
LIST_EXALL_400_ENTRIES_FIRST_PASS_WORK_DIR_TREE_NODE_VIEWS	36
LIST_EXALL_400_ENTRIES_FIRST_PASS_WORK_DIR_TREE_RESIDENT_VIEWS	27
LIST_EXALL_400_ENTRIES_FIRST_PASS_WORK_INODE_TREE_NODE_VIEWS	24
LIST_EXALL_400_ENTRIES_FIRST_PASS_WORK_INODE_TREE_RESIDENT_VIEWS	12
LIST_EXALL_400_ENTRIES_FIRST_PASS_WORK_REFCOUNT_TREE_NODE_VIEWS	0
LIST_EXALL_400_ENTRIES_FIRST_PASS_WORK_REFCOUNT_TREE_RESIDENT_VIEWS	0
LIST_EXALL_400_ENTRIES_FIRST_PASS_WORK_OTHER_TREE_NODE_VIEWS	0
LIST_EXALL_400_ENTRIES_FIRST_PASS_WORK_OTHER_TREE_RESIDENT_VIEWS	0
LIST_EXALL_400_ENTRIES_FIRST_PASS_WORK_WRITE_DETAIL_INODE_READ_CALLS	400
LIST_EXALL_400_ENTRIES_FIRST_PASS_WORK_WRITE_DETAIL_INODE_READ_SAMPLES	400
LIST_EXALL_400_ENTRIES_FIRST_PASS_WORK_WRITE_DETAIL_INODE_READ_SAMPLE_TICKS	5880
LIST_EXALL_400_ENTRIES_FIRST_PASS_WORK_WRITE_DETAIL_INODE_WRITE_CALLS	0
LIST_EXALL_400_ENTRIES_FIRST_PASS_WORK_WRITE_DETAIL_INODE_WRITE_SAMPLES	0
LIST_EXALL_400_ENTRIES_FIRST_PASS_WORK_WRITE_DETAIL_INODE_WRITE_SAMPLE_TICKS	0
LIST_EXALL_400_ENTRIES_FIRST_PASS_WORK_WRITE_DETAIL_EXTENT_MAP_CALLS	0
LIST_EXALL_400_ENTRIES_FIRST_PASS_WORK_WRITE_DETAIL_EXTENT_MAP_SAMPLES	0
LIST_EXALL_400_ENTRIES_FIRST_PASS_WORK_WRITE_DETAIL_EXTENT_MAP_SAMPLE_TICKS	0
LIST_EXALL_400_ENTRIES_FIRST_PASS_WORK_WRITE_DETAIL_FREESPACE_GOAL_CALLS	0
LIST_EXALL_400_ENTRIES_FIRST_PASS_WORK_WRITE_DETAIL_FREESPACE_GOAL_SAMPLES	0
LIST_EXALL_400_ENTRIES_FIRST_PASS_WORK_WRITE_DETAIL_FREESPACE_GOAL_SAMPLE_TICKS	0
LIST_EXALL_400_ENTRIES_FIRST_PASS_WORK_BTREE_MALLOC_CALLS	10
LIST_EXALL_400_ENTRIES_FIRST_PASS_WORK_BTREE_MALLOC_SAMPLES	10
LIST_EXALL_400_ENTRIES_FIRST_PASS_WORK_BTREE_MALLOC_SAMPLE_TICKS	90
LIST_EXALL_400_ENTRIES_FIRST_PASS_WORK_BTREE_FREE_CALLS	10
LIST_EXALL_400_ENTRIES_FIRST_PASS_WORK_BTREE_FREE_SAMPLES	10
LIST_EXALL_400_ENTRIES_FIRST_PASS_WORK_BTREE_FREE_SAMPLE_TICKS	46
LIST_EXALL_400_ENTRIES_FIRST_PASS_WORK_IFACE_ALLOC_CALLS	0
LIST_EXALL_400_ENTRIES_FIRST_PASS_WORK_IFACE_ALLOC_SAMPLES	0
LIST_EXALL_400_ENTRIES_FIRST_PASS_WORK_IFACE_ALLOC_SAMPLE_TICKS	0
LIST_EXALL_400_ENTRIES_FIRST_PASS_WORK_FREESPACE_ALLOC_CALLS	0
LIST_EXALL_400_ENTRIES_FIRST_PASS_WORK_FREESPACE_ALLOC_SAMPLES	0
LIST_EXALL_400_ENTRIES_FIRST_PASS_WORK_FREESPACE_ALLOC_SAMPLE_TICKS	0
LIST_EXALL_400_ENTRIES_FIRST_PASS_WORK_DETAIL_INODE_READ_CALLS	400
LIST_EXALL_400_ENTRIES_FIRST_PASS_WORK_DETAIL_INODE_READ_SAMPLES	23
LIST_EXALL_400_ENTRIES_FIRST_PASS_WORK_DETAIL_INODE_READ_SAMPLE_TICKS	816
LIST_EXALL_400_ENTRIES_FIRST_PASS_WORK_DETAIL_INODE_VALIDATE_CALLS	400
LIST_EXALL_400_ENTRIES_FIRST_PASS_WORK_DETAIL_INODE_VALIDATE_SAMPLES	23
LIST_EXALL_400_ENTRIES_FIRST_PASS_WORK_DETAIL_INODE_VALIDATE_SAMPLE_TICKS	90
LIST_EXALL_400_ENTRIES_FIRST_PASS_WORK_DETAIL_INODE_SEARCH_CALLS	400
LIST_EXALL_400_ENTRIES_FIRST_PASS_WORK_DETAIL_INODE_SEARCH_SAMPLES	23
LIST_EXALL_400_ENTRIES_FIRST_PASS_WORK_DETAIL_INODE_SEARCH_SAMPLE_TICKS	605
LIST_EXALL_400_ENTRIES_FIRST_PASS_WORK_DETAIL_INODE_NODE_VIEW_CALLS	24
LIST_EXALL_400_ENTRIES_FIRST_PASS_WORK_DETAIL_INODE_NODE_VIEW_SAMPLES	1
LIST_EXALL_400_ENTRIES_FIRST_PASS_WORK_DETAIL_INODE_NODE_VIEW_SAMPLE_TICKS	0
LIST_EXALL_400_ENTRIES_FIRST_PASS_WORK_DETAIL_DIR_NODE_VIEW_CALLS	36
LIST_EXALL_400_ENTRIES_FIRST_PASS_WORK_DETAIL_DIR_NODE_VIEW_SAMPLES	2
LIST_EXALL_400_ENTRIES_FIRST_PASS_WORK_DETAIL_DIR_NODE_VIEW_SAMPLE_TICKS	0
LIST_EXALL_400_ENTRIES_FIRST_PASS_WORK_DETAIL_INODE_BINARY_SEARCH_CALLS	12
LIST_EXALL_400_ENTRIES_FIRST_PASS_WORK_DETAIL_INODE_BINARY_SEARCH_SAMPLES	0
LIST_EXALL_400_ENTRIES_FIRST_PASS_WORK_DETAIL_INODE_BINARY_SEARCH_SAMPLE_TICKS	0
LIST_EXALL_400_ENTRIES_FIRST_PASS_WORK_DETAIL_DIR_BINARY_SEARCH_CALLS	27
LIST_EXALL_400_ENTRIES_FIRST_PASS_WORK_DETAIL_DIR_BINARY_SEARCH_SAMPLES	1
LIST_EXALL_400_ENTRIES_FIRST_PASS_WORK_DETAIL_DIR_BINARY_SEARCH_SAMPLE_TICKS	0
LIST_EXALL_400_ENTRIES_FIRST_PASS_WORK_DETAIL_NODE_STRUCTURE_CALLS	21
LIST_EXALL_400_ENTRIES_FIRST_PASS_WORK_DETAIL_NODE_STRUCTURE_SAMPLES	1
LIST_EXALL_400_ENTRIES_FIRST_PASS_WORK_DETAIL_NODE_STRUCTURE_SAMPLE_TICKS	0
LIST_EXALL_400_ENTRIES_FIRST_PASS_WORK_DETAIL_CACHE_PEEK_CALLS	99
LIST_EXALL_400_ENTRIES_FIRST_PASS_WORK_DETAIL_CACHE_PEEK_SAMPLES	5
LIST_EXALL_400_ENTRIES_FIRST_PASS_WORK_DETAIL_CACHE_PEEK_SAMPLE_TICKS	0
LIST_EXALL_400_ENTRIES_FIRST_PASS_WORK_DETAIL_BUFFER_ALLOC_CALLS	18
LIST_EXALL_400_ENTRIES_FIRST_PASS_WORK_DETAIL_BUFFER_ALLOC_SAMPLES	1
LIST_EXALL_400_ENTRIES_FIRST_PASS_WORK_DETAIL_BUFFER_ALLOC_SAMPLE_TICKS	0
LIST_EXALL_400_ENTRIES_FIRST_PASS_WORK_DETAIL_BUFFER_FREE_CALLS	18
LIST_EXALL_400_ENTRIES_FIRST_PASS_WORK_DETAIL_BUFFER_FREE_SAMPLES	1
LIST_EXALL_400_ENTRIES_FIRST_PASS_WORK_DETAIL_BUFFER_FREE_SAMPLE_TICKS	0
LIST_EXALL_400_ENTRIES_FIRST_PASS_WORK_DETAIL_EXALL_FILL_CALLS	400
LIST_EXALL_400_ENTRIES_FIRST_PASS_WORK_DETAIL_EXALL_FILL_SAMPLES	23
LIST_EXALL_400_ENTRIES_FIRST_PASS_WORK_DETAIL_EXALL_FILL_SAMPLE_TICKS	144
LIST_EXALL_400_ENTRIES_FIRST_PASS_WORK_FREESPACE_ALLOCS	0
LIST_EXALL_400_ENTRIES_FIRST_PASS_VOLUME_FLUSH_BIO_READS	0
LIST_EXALL_400_ENTRIES_FIRST_PASS_VOLUME_FLUSH_BIO_WRITES	0
LIST_EXALL_400_ENTRIES_FIRST_PASS_VOLUME_FLUSH_BIO_UPDATES	0
LIST_EXALL_400_ENTRIES_FIRST_PASS_VOLUME_FLUSH_DATA_READS	0
LIST_EXALL_400_ENTRIES_FIRST_PASS_VOLUME_FLUSH_DATA_WRITES	0
LIST_EXALL_400_ENTRIES_FIRST_PASS_VOLUME_FLUSH_NODE_WRITES	0
LIST_EXALL_400_ENTRIES_FIRST_PASS_VOLUME_FLUSH_TXN_COMMITS	0
LIST_EXALL_400_ENTRIES_FIRST_PASS_VOLUME_FLUSH_EXTENT_MAPS	0
LIST_EXALL_400_ENTRIES_FIRST_PASS_VOLUME_FLUSH_READ_TICKS	0
LIST_EXALL_400_ENTRIES_FIRST_PASS_VOLUME_FLUSH_WRITE_TICKS	0
LIST_EXALL_400_ENTRIES_FIRST_PASS_VOLUME_FLUSH_UPDATE_TICKS	0
LIST_EXALL_400_ENTRIES_FIRST_PASS_VOLUME_FLUSH_DATA_READ_TICKS	0
LIST_EXALL_400_ENTRIES_FIRST_PASS_VOLUME_FLUSH_DATA_WRITE_TICKS	0
LIST_EXALL_400_ENTRIES_FIRST_PASS_VOLUME_FLUSH_NODE_CRC_READ_CALLS	0
LIST_EXALL_400_ENTRIES_FIRST_PASS_VOLUME_FLUSH_NODE_CRC_READ_SAMPLES	0
LIST_EXALL_400_ENTRIES_FIRST_PASS_VOLUME_FLUSH_NODE_CRC_READ_SAMPLE_TICKS	0
LIST_EXALL_400_ENTRIES_FIRST_PASS_VOLUME_FLUSH_NODE_CRC_WRITE_CALLS	0
LIST_EXALL_400_ENTRIES_FIRST_PASS_VOLUME_FLUSH_NODE_CRC_WRITE_SAMPLES	0
LIST_EXALL_400_ENTRIES_FIRST_PASS_VOLUME_FLUSH_NODE_CRC_WRITE_SAMPLE_TICKS	0
LIST_EXALL_400_ENTRIES_FIRST_PASS_VOLUME_FLUSH_CLOCK_PAIR_TICKS	0
LIST_EXALL_400_ENTRIES_FIRST_PASS_VOLUME_FLUSH_PACKET_CALLS	0
LIST_EXALL_400_ENTRIES_FIRST_PASS_VOLUME_FLUSH_PACKET_SAMPLES	0
LIST_EXALL_400_ENTRIES_FIRST_PASS_VOLUME_FLUSH_PACKET_SAMPLE_TICKS	0
LIST_EXALL_400_ENTRIES_FIRST_PASS_VOLUME_FLUSH_PACKET_OPEN_CALLS	0
LIST_EXALL_400_ENTRIES_FIRST_PASS_VOLUME_FLUSH_PACKET_OPEN_SAMPLES	0
LIST_EXALL_400_ENTRIES_FIRST_PASS_VOLUME_FLUSH_PACKET_OPEN_SAMPLE_TICKS	0
LIST_EXALL_400_ENTRIES_FIRST_PASS_VOLUME_FLUSH_PACKET_READ_CALLS	0
LIST_EXALL_400_ENTRIES_FIRST_PASS_VOLUME_FLUSH_PACKET_READ_SAMPLES	0
LIST_EXALL_400_ENTRIES_FIRST_PASS_VOLUME_FLUSH_PACKET_READ_SAMPLE_TICKS	0
LIST_EXALL_400_ENTRIES_FIRST_PASS_VOLUME_FLUSH_PACKET_WRITE_CALLS	0
LIST_EXALL_400_ENTRIES_FIRST_PASS_VOLUME_FLUSH_PACKET_WRITE_SAMPLES	0
LIST_EXALL_400_ENTRIES_FIRST_PASS_VOLUME_FLUSH_PACKET_WRITE_SAMPLE_TICKS	0
LIST_EXALL_400_ENTRIES_FIRST_PASS_VOLUME_FLUSH_PACKET_END_CALLS	0
LIST_EXALL_400_ENTRIES_FIRST_PASS_VOLUME_FLUSH_PACKET_END_SAMPLES	0
LIST_EXALL_400_ENTRIES_FIRST_PASS_VOLUME_FLUSH_PACKET_END_SAMPLE_TICKS	0
LIST_EXALL_400_ENTRIES_FIRST_PASS_VOLUME_FLUSH_PACKET_DELETE_CALLS	0
LIST_EXALL_400_ENTRIES_FIRST_PASS_VOLUME_FLUSH_PACKET_DELETE_SAMPLES	0
LIST_EXALL_400_ENTRIES_FIRST_PASS_VOLUME_FLUSH_PACKET_DELETE_SAMPLE_TICKS	0
LIST_EXALL_400_ENTRIES_FIRST_PASS_VOLUME_FLUSH_PACKET_FLUSH_CALLS	0
LIST_EXALL_400_ENTRIES_FIRST_PASS_VOLUME_FLUSH_PACKET_FLUSH_SAMPLES	0
LIST_EXALL_400_ENTRIES_FIRST_PASS_VOLUME_FLUSH_PACKET_FLUSH_SAMPLE_TICKS	0
LIST_EXALL_400_ENTRIES_FIRST_PASS_VOLUME_FLUSH_PACKET_OTHER_CALLS	0
LIST_EXALL_400_ENTRIES_FIRST_PASS_VOLUME_FLUSH_PACKET_OTHER_SAMPLES	0
LIST_EXALL_400_ENTRIES_FIRST_PASS_VOLUME_FLUSH_PACKET_OTHER_SAMPLE_TICKS	0
LIST_EXALL_400_ENTRIES_FIRST_PASS_VOLUME_FLUSH_CORE_CREATE_CALLS	0
LIST_EXALL_400_ENTRIES_FIRST_PASS_VOLUME_FLUSH_CORE_CREATE_SAMPLES	0
LIST_EXALL_400_ENTRIES_FIRST_PASS_VOLUME_FLUSH_CORE_CREATE_SAMPLE_TICKS	0
LIST_EXALL_400_ENTRIES_FIRST_PASS_VOLUME_FLUSH_CORE_DELETE_CALLS	0
LIST_EXALL_400_ENTRIES_FIRST_PASS_VOLUME_FLUSH_CORE_DELETE_SAMPLES	0
LIST_EXALL_400_ENTRIES_FIRST_PASS_VOLUME_FLUSH_CORE_DELETE_SAMPLE_TICKS	0
LIST_EXALL_400_ENTRIES_FIRST_PASS_VOLUME_FLUSH_CORE_FILE_WRITE_CALLS	0
LIST_EXALL_400_ENTRIES_FIRST_PASS_VOLUME_FLUSH_CORE_FILE_WRITE_SAMPLES	0
LIST_EXALL_400_ENTRIES_FIRST_PASS_VOLUME_FLUSH_CORE_FILE_WRITE_SAMPLE_TICKS	0
LIST_EXALL_400_ENTRIES_FIRST_PASS_VOLUME_FLUSH_CORE_SYNC_CALLS	0
LIST_EXALL_400_ENTRIES_FIRST_PASS_VOLUME_FLUSH_CORE_SYNC_SAMPLES	0
LIST_EXALL_400_ENTRIES_FIRST_PASS_VOLUME_FLUSH_CORE_SYNC_SAMPLE_TICKS	0
LIST_EXALL_400_ENTRIES_FIRST_PASS_VOLUME_FLUSH_IFACE_FREE_CALLS	0
LIST_EXALL_400_ENTRIES_FIRST_PASS_VOLUME_FLUSH_IFACE_FREE_SAMPLES	0
LIST_EXALL_400_ENTRIES_FIRST_PASS_VOLUME_FLUSH_IFACE_FREE_SAMPLE_TICKS	0
LIST_EXALL_400_ENTRIES_FIRST_PASS_VOLUME_FLUSH_SEAL_COMMIT_CALLS	0
LIST_EXALL_400_ENTRIES_FIRST_PASS_VOLUME_FLUSH_SEAL_COMMIT_SAMPLES	0
LIST_EXALL_400_ENTRIES_FIRST_PASS_VOLUME_FLUSH_SEAL_COMMIT_SAMPLE_TICKS	0
LIST_EXALL_400_ENTRIES_FIRST_PASS_VOLUME_FLUSH_INODE_READ_CALLS	0
LIST_EXALL_400_ENTRIES_FIRST_PASS_VOLUME_FLUSH_BTREE_SEARCH_CALLS	0
LIST_EXALL_400_ENTRIES_FIRST_PASS_VOLUME_FLUSH_BTREE_INDEX_HINT_HITS	0
LIST_EXALL_400_ENTRIES_FIRST_PASS_VOLUME_FLUSH_BTREE_LEAF_HINT_HITS	0
LIST_EXALL_400_ENTRIES_FIRST_PASS_VOLUME_FLUSH_CACHE_READ_CALLS	0
LIST_EXALL_400_ENTRIES_FIRST_PASS_VOLUME_FLUSH_CACHE_READ_HITS	0
LIST_EXALL_400_ENTRIES_FIRST_PASS_VOLUME_FLUSH_CACHE_READ_MISSES	0
LIST_EXALL_400_ENTRIES_FIRST_PASS_VOLUME_FLUSH_FREE_TREE_NODE_VIEWS	0
LIST_EXALL_400_ENTRIES_FIRST_PASS_VOLUME_FLUSH_FREE_TREE_RESIDENT_VIEWS	0
LIST_EXALL_400_ENTRIES_FIRST_PASS_VOLUME_FLUSH_DIR_TREE_NODE_VIEWS	0
LIST_EXALL_400_ENTRIES_FIRST_PASS_VOLUME_FLUSH_DIR_TREE_RESIDENT_VIEWS	0
LIST_EXALL_400_ENTRIES_FIRST_PASS_VOLUME_FLUSH_INODE_TREE_NODE_VIEWS	0
LIST_EXALL_400_ENTRIES_FIRST_PASS_VOLUME_FLUSH_INODE_TREE_RESIDENT_VIEWS	0
LIST_EXALL_400_ENTRIES_FIRST_PASS_VOLUME_FLUSH_REFCOUNT_TREE_NODE_VIEWS	0
LIST_EXALL_400_ENTRIES_FIRST_PASS_VOLUME_FLUSH_REFCOUNT_TREE_RESIDENT_VIEWS	0
LIST_EXALL_400_ENTRIES_FIRST_PASS_VOLUME_FLUSH_OTHER_TREE_NODE_VIEWS	0
LIST_EXALL_400_ENTRIES_FIRST_PASS_VOLUME_FLUSH_OTHER_TREE_RESIDENT_VIEWS	0
LIST_EXALL_400_ENTRIES_FIRST_PASS_VOLUME_FLUSH_WRITE_DETAIL_INODE_READ_CALLS	0
LIST_EXALL_400_ENTRIES_FIRST_PASS_VOLUME_FLUSH_WRITE_DETAIL_INODE_READ_SAMPLES	0
LIST_EXALL_400_ENTRIES_FIRST_PASS_VOLUME_FLUSH_WRITE_DETAIL_INODE_READ_SAMPLE_TICKS	0
LIST_EXALL_400_ENTRIES_FIRST_PASS_VOLUME_FLUSH_WRITE_DETAIL_INODE_WRITE_CALLS	0
LIST_EXALL_400_ENTRIES_FIRST_PASS_VOLUME_FLUSH_WRITE_DETAIL_INODE_WRITE_SAMPLES	0
LIST_EXALL_400_ENTRIES_FIRST_PASS_VOLUME_FLUSH_WRITE_DETAIL_INODE_WRITE_SAMPLE_TICKS	0
LIST_EXALL_400_ENTRIES_FIRST_PASS_VOLUME_FLUSH_WRITE_DETAIL_EXTENT_MAP_CALLS	0
LIST_EXALL_400_ENTRIES_FIRST_PASS_VOLUME_FLUSH_WRITE_DETAIL_EXTENT_MAP_SAMPLES	0
LIST_EXALL_400_ENTRIES_FIRST_PASS_VOLUME_FLUSH_WRITE_DETAIL_EXTENT_MAP_SAMPLE_TICKS	0
LIST_EXALL_400_ENTRIES_FIRST_PASS_VOLUME_FLUSH_WRITE_DETAIL_FREESPACE_GOAL_CALLS	0
LIST_EXALL_400_ENTRIES_FIRST_PASS_VOLUME_FLUSH_WRITE_DETAIL_FREESPACE_GOAL_SAMPLES	0
LIST_EXALL_400_ENTRIES_FIRST_PASS_VOLUME_FLUSH_WRITE_DETAIL_FREESPACE_GOAL_SAMPLE_TICKS	0
LIST_EXALL_400_ENTRIES_FIRST_PASS_VOLUME_FLUSH_BTREE_MALLOC_CALLS	0
LIST_EXALL_400_ENTRIES_FIRST_PASS_VOLUME_FLUSH_BTREE_MALLOC_SAMPLES	0
LIST_EXALL_400_ENTRIES_FIRST_PASS_VOLUME_FLUSH_BTREE_MALLOC_SAMPLE_TICKS	0
LIST_EXALL_400_ENTRIES_FIRST_PASS_VOLUME_FLUSH_BTREE_FREE_CALLS	0
LIST_EXALL_400_ENTRIES_FIRST_PASS_VOLUME_FLUSH_BTREE_FREE_SAMPLES	0
LIST_EXALL_400_ENTRIES_FIRST_PASS_VOLUME_FLUSH_BTREE_FREE_SAMPLE_TICKS	0
LIST_EXALL_400_ENTRIES_FIRST_PASS_VOLUME_FLUSH_IFACE_ALLOC_CALLS	0
LIST_EXALL_400_ENTRIES_FIRST_PASS_VOLUME_FLUSH_IFACE_ALLOC_SAMPLES	0
LIST_EXALL_400_ENTRIES_FIRST_PASS_VOLUME_FLUSH_IFACE_ALLOC_SAMPLE_TICKS	0
LIST_EXALL_400_ENTRIES_FIRST_PASS_VOLUME_FLUSH_FREESPACE_ALLOC_CALLS	0
LIST_EXALL_400_ENTRIES_FIRST_PASS_VOLUME_FLUSH_FREESPACE_ALLOC_SAMPLES	0
LIST_EXALL_400_ENTRIES_FIRST_PASS_VOLUME_FLUSH_FREESPACE_ALLOC_SAMPLE_TICKS	0
LIST_EXALL_400_ENTRIES_FIRST_PASS_VOLUME_FLUSH_DETAIL_INODE_READ_CALLS	0
LIST_EXALL_400_ENTRIES_FIRST_PASS_VOLUME_FLUSH_DETAIL_INODE_READ_SAMPLES	0
LIST_EXALL_400_ENTRIES_FIRST_PASS_VOLUME_FLUSH_DETAIL_INODE_READ_SAMPLE_TICKS	0
LIST_EXALL_400_ENTRIES_FIRST_PASS_VOLUME_FLUSH_DETAIL_INODE_VALIDATE_CALLS	0
LIST_EXALL_400_ENTRIES_FIRST_PASS_VOLUME_FLUSH_DETAIL_INODE_VALIDATE_SAMPLES	0
LIST_EXALL_400_ENTRIES_FIRST_PASS_VOLUME_FLUSH_DETAIL_INODE_VALIDATE_SAMPLE_TICKS	0
LIST_EXALL_400_ENTRIES_FIRST_PASS_VOLUME_FLUSH_DETAIL_INODE_SEARCH_CALLS	0
LIST_EXALL_400_ENTRIES_FIRST_PASS_VOLUME_FLUSH_DETAIL_INODE_SEARCH_SAMPLES	0
LIST_EXALL_400_ENTRIES_FIRST_PASS_VOLUME_FLUSH_DETAIL_INODE_SEARCH_SAMPLE_TICKS	0
LIST_EXALL_400_ENTRIES_FIRST_PASS_VOLUME_FLUSH_DETAIL_INODE_NODE_VIEW_CALLS	0
LIST_EXALL_400_ENTRIES_FIRST_PASS_VOLUME_FLUSH_DETAIL_INODE_NODE_VIEW_SAMPLES	0
LIST_EXALL_400_ENTRIES_FIRST_PASS_VOLUME_FLUSH_DETAIL_INODE_NODE_VIEW_SAMPLE_TICKS	0
LIST_EXALL_400_ENTRIES_FIRST_PASS_VOLUME_FLUSH_DETAIL_DIR_NODE_VIEW_CALLS	0
LIST_EXALL_400_ENTRIES_FIRST_PASS_VOLUME_FLUSH_DETAIL_DIR_NODE_VIEW_SAMPLES	0
LIST_EXALL_400_ENTRIES_FIRST_PASS_VOLUME_FLUSH_DETAIL_DIR_NODE_VIEW_SAMPLE_TICKS	0
LIST_EXALL_400_ENTRIES_FIRST_PASS_VOLUME_FLUSH_DETAIL_INODE_BINARY_SEARCH_CALLS	0
LIST_EXALL_400_ENTRIES_FIRST_PASS_VOLUME_FLUSH_DETAIL_INODE_BINARY_SEARCH_SAMPLES	0
LIST_EXALL_400_ENTRIES_FIRST_PASS_VOLUME_FLUSH_DETAIL_INODE_BINARY_SEARCH_SAMPLE_TICKS	0
LIST_EXALL_400_ENTRIES_FIRST_PASS_VOLUME_FLUSH_DETAIL_DIR_BINARY_SEARCH_CALLS	0
LIST_EXALL_400_ENTRIES_FIRST_PASS_VOLUME_FLUSH_DETAIL_DIR_BINARY_SEARCH_SAMPLES	0
LIST_EXALL_400_ENTRIES_FIRST_PASS_VOLUME_FLUSH_DETAIL_DIR_BINARY_SEARCH_SAMPLE_TICKS	0
LIST_EXALL_400_ENTRIES_FIRST_PASS_VOLUME_FLUSH_DETAIL_NODE_STRUCTURE_CALLS	0
LIST_EXALL_400_ENTRIES_FIRST_PASS_VOLUME_FLUSH_DETAIL_NODE_STRUCTURE_SAMPLES	0
LIST_EXALL_400_ENTRIES_FIRST_PASS_VOLUME_FLUSH_DETAIL_NODE_STRUCTURE_SAMPLE_TICKS	0
LIST_EXALL_400_ENTRIES_FIRST_PASS_VOLUME_FLUSH_DETAIL_CACHE_PEEK_CALLS	0
LIST_EXALL_400_ENTRIES_FIRST_PASS_VOLUME_FLUSH_DETAIL_CACHE_PEEK_SAMPLES	0
LIST_EXALL_400_ENTRIES_FIRST_PASS_VOLUME_FLUSH_DETAIL_CACHE_PEEK_SAMPLE_TICKS	0
LIST_EXALL_400_ENTRIES_FIRST_PASS_VOLUME_FLUSH_DETAIL_BUFFER_ALLOC_CALLS	0
LIST_EXALL_400_ENTRIES_FIRST_PASS_VOLUME_FLUSH_DETAIL_BUFFER_ALLOC_SAMPLES	0
LIST_EXALL_400_ENTRIES_FIRST_PASS_VOLUME_FLUSH_DETAIL_BUFFER_ALLOC_SAMPLE_TICKS	0
LIST_EXALL_400_ENTRIES_FIRST_PASS_VOLUME_FLUSH_DETAIL_BUFFER_FREE_CALLS	0
LIST_EXALL_400_ENTRIES_FIRST_PASS_VOLUME_FLUSH_DETAIL_BUFFER_FREE_SAMPLES	0
LIST_EXALL_400_ENTRIES_FIRST_PASS_VOLUME_FLUSH_DETAIL_BUFFER_FREE_SAMPLE_TICKS	0
LIST_EXALL_400_ENTRIES_FIRST_PASS_VOLUME_FLUSH_DETAIL_EXALL_FILL_CALLS	0
LIST_EXALL_400_ENTRIES_FIRST_PASS_VOLUME_FLUSH_DETAIL_EXALL_FILL_SAMPLES	0
LIST_EXALL_400_ENTRIES_FIRST_PASS_VOLUME_FLUSH_DETAIL_EXALL_FILL_SAMPLE_TICKS	0
LIST_EXALL_400_ENTRIES_FIRST_PASS_VOLUME_FLUSH_FREESPACE_ALLOCS	0
LIST_EXALL_400_ENTRIES_REPEAT10_TOTAL_US	127871
LIST_EXALL_400_ENTRIES_REPEAT10_TOTAL_WORK_US	127871
LIST_EXALL_400_ENTRIES_REPEAT10_TOTAL_VOLUME_FLUSH_US	0
LIST_EXALL_400_ENTRIES_REPEAT10_TOTAL_HAS_VOLUME_FLUSH	0
LIST_EXALL_400_ENTRIES_REPEAT10_TOTAL_GUEST_OPEN_CALLS	0
LIST_EXALL_400_ENTRIES_REPEAT10_TOTAL_GUEST_OPEN_US	0
LIST_EXALL_400_ENTRIES_REPEAT10_TOTAL_GUEST_READ_CALLS	0
LIST_EXALL_400_ENTRIES_REPEAT10_TOTAL_GUEST_READ_US	0
LIST_EXALL_400_ENTRIES_REPEAT10_TOTAL_GUEST_WRITE_CALLS	0
LIST_EXALL_400_ENTRIES_REPEAT10_TOTAL_GUEST_WRITE_US	0
LIST_EXALL_400_ENTRIES_REPEAT10_TOTAL_GUEST_HANDLE_FLUSH_CALLS	0
LIST_EXALL_400_ENTRIES_REPEAT10_TOTAL_GUEST_HANDLE_FLUSH_US	0
LIST_EXALL_400_ENTRIES_REPEAT10_TOTAL_GUEST_CLOSE_CALLS	0
LIST_EXALL_400_ENTRIES_REPEAT10_TOTAL_GUEST_CLOSE_US	0
LIST_EXALL_400_ENTRIES_REPEAT10_TOTAL_GUEST_VERIFY_CALLS	0
LIST_EXALL_400_ENTRIES_REPEAT10_TOTAL_GUEST_VERIFY_US	0
LIST_EXALL_400_ENTRIES_REPEAT10_TOTAL_WORK_BIO_READS	0
LIST_EXALL_400_ENTRIES_REPEAT10_TOTAL_WORK_BIO_WRITES	0
LIST_EXALL_400_ENTRIES_REPEAT10_TOTAL_WORK_BIO_UPDATES	0
LIST_EXALL_400_ENTRIES_REPEAT10_TOTAL_WORK_DATA_READS	0
LIST_EXALL_400_ENTRIES_REPEAT10_TOTAL_WORK_DATA_WRITES	0
LIST_EXALL_400_ENTRIES_REPEAT10_TOTAL_WORK_NODE_WRITES	0
LIST_EXALL_400_ENTRIES_REPEAT10_TOTAL_WORK_TXN_COMMITS	0
LIST_EXALL_400_ENTRIES_REPEAT10_TOTAL_WORK_EXTENT_MAPS	0
LIST_EXALL_400_ENTRIES_REPEAT10_TOTAL_WORK_READ_TICKS	0
LIST_EXALL_400_ENTRIES_REPEAT10_TOTAL_WORK_WRITE_TICKS	0
LIST_EXALL_400_ENTRIES_REPEAT10_TOTAL_WORK_UPDATE_TICKS	0
LIST_EXALL_400_ENTRIES_REPEAT10_TOTAL_WORK_DATA_READ_TICKS	0
LIST_EXALL_400_ENTRIES_REPEAT10_TOTAL_WORK_DATA_WRITE_TICKS	0
LIST_EXALL_400_ENTRIES_REPEAT10_TOTAL_WORK_NODE_CRC_READ_CALLS	0
LIST_EXALL_400_ENTRIES_REPEAT10_TOTAL_WORK_NODE_CRC_READ_SAMPLES	0
LIST_EXALL_400_ENTRIES_REPEAT10_TOTAL_WORK_NODE_CRC_READ_SAMPLE_TICKS	0
LIST_EXALL_400_ENTRIES_REPEAT10_TOTAL_WORK_NODE_CRC_WRITE_CALLS	0
LIST_EXALL_400_ENTRIES_REPEAT10_TOTAL_WORK_NODE_CRC_WRITE_SAMPLES	0
LIST_EXALL_400_ENTRIES_REPEAT10_TOTAL_WORK_NODE_CRC_WRITE_SAMPLE_TICKS	0
LIST_EXALL_400_ENTRIES_REPEAT10_TOTAL_WORK_CLOCK_PAIR_TICKS	0
LIST_EXALL_400_ENTRIES_REPEAT10_TOTAL_WORK_PACKET_CALLS	52
LIST_EXALL_400_ENTRIES_REPEAT10_TOTAL_WORK_PACKET_SAMPLES	52
LIST_EXALL_400_ENTRIES_REPEAT10_TOTAL_WORK_PACKET_SAMPLE_TICKS	86571
LIST_EXALL_400_ENTRIES_REPEAT10_TOTAL_WORK_PACKET_OPEN_CALLS	0
LIST_EXALL_400_ENTRIES_REPEAT10_TOTAL_WORK_PACKET_OPEN_SAMPLES	0
LIST_EXALL_400_ENTRIES_REPEAT10_TOTAL_WORK_PACKET_OPEN_SAMPLE_TICKS	0
LIST_EXALL_400_ENTRIES_REPEAT10_TOTAL_WORK_PACKET_READ_CALLS	0
LIST_EXALL_400_ENTRIES_REPEAT10_TOTAL_WORK_PACKET_READ_SAMPLES	0
LIST_EXALL_400_ENTRIES_REPEAT10_TOTAL_WORK_PACKET_READ_SAMPLE_TICKS	0
LIST_EXALL_400_ENTRIES_REPEAT10_TOTAL_WORK_PACKET_WRITE_CALLS	0
LIST_EXALL_400_ENTRIES_REPEAT10_TOTAL_WORK_PACKET_WRITE_SAMPLES	0
LIST_EXALL_400_ENTRIES_REPEAT10_TOTAL_WORK_PACKET_WRITE_SAMPLE_TICKS	0
LIST_EXALL_400_ENTRIES_REPEAT10_TOTAL_WORK_PACKET_END_CALLS	0
LIST_EXALL_400_ENTRIES_REPEAT10_TOTAL_WORK_PACKET_END_SAMPLES	0
LIST_EXALL_400_ENTRIES_REPEAT10_TOTAL_WORK_PACKET_END_SAMPLE_TICKS	0
LIST_EXALL_400_ENTRIES_REPEAT10_TOTAL_WORK_PACKET_DELETE_CALLS	0
LIST_EXALL_400_ENTRIES_REPEAT10_TOTAL_WORK_PACKET_DELETE_SAMPLES	0
LIST_EXALL_400_ENTRIES_REPEAT10_TOTAL_WORK_PACKET_DELETE_SAMPLE_TICKS	0
LIST_EXALL_400_ENTRIES_REPEAT10_TOTAL_WORK_PACKET_FLUSH_CALLS	0
LIST_EXALL_400_ENTRIES_REPEAT10_TOTAL_WORK_PACKET_FLUSH_SAMPLES	0
LIST_EXALL_400_ENTRIES_REPEAT10_TOTAL_WORK_PACKET_FLUSH_SAMPLE_TICKS	0
LIST_EXALL_400_ENTRIES_REPEAT10_TOTAL_WORK_PACKET_OTHER_CALLS	52
LIST_EXALL_400_ENTRIES_REPEAT10_TOTAL_WORK_PACKET_OTHER_SAMPLES	52
LIST_EXALL_400_ENTRIES_REPEAT10_TOTAL_WORK_PACKET_OTHER_SAMPLE_TICKS	86571
LIST_EXALL_400_ENTRIES_REPEAT10_TOTAL_WORK_CORE_CREATE_CALLS	0
LIST_EXALL_400_ENTRIES_REPEAT10_TOTAL_WORK_CORE_CREATE_SAMPLES	0
LIST_EXALL_400_ENTRIES_REPEAT10_TOTAL_WORK_CORE_CREATE_SAMPLE_TICKS	0
LIST_EXALL_400_ENTRIES_REPEAT10_TOTAL_WORK_CORE_DELETE_CALLS	0
LIST_EXALL_400_ENTRIES_REPEAT10_TOTAL_WORK_CORE_DELETE_SAMPLES	0
LIST_EXALL_400_ENTRIES_REPEAT10_TOTAL_WORK_CORE_DELETE_SAMPLE_TICKS	0
LIST_EXALL_400_ENTRIES_REPEAT10_TOTAL_WORK_CORE_FILE_WRITE_CALLS	0
LIST_EXALL_400_ENTRIES_REPEAT10_TOTAL_WORK_CORE_FILE_WRITE_SAMPLES	0
LIST_EXALL_400_ENTRIES_REPEAT10_TOTAL_WORK_CORE_FILE_WRITE_SAMPLE_TICKS	0
LIST_EXALL_400_ENTRIES_REPEAT10_TOTAL_WORK_CORE_SYNC_CALLS	0
LIST_EXALL_400_ENTRIES_REPEAT10_TOTAL_WORK_CORE_SYNC_SAMPLES	0
LIST_EXALL_400_ENTRIES_REPEAT10_TOTAL_WORK_CORE_SYNC_SAMPLE_TICKS	0
LIST_EXALL_400_ENTRIES_REPEAT10_TOTAL_WORK_IFACE_FREE_CALLS	0
LIST_EXALL_400_ENTRIES_REPEAT10_TOTAL_WORK_IFACE_FREE_SAMPLES	0
LIST_EXALL_400_ENTRIES_REPEAT10_TOTAL_WORK_IFACE_FREE_SAMPLE_TICKS	0
LIST_EXALL_400_ENTRIES_REPEAT10_TOTAL_WORK_SEAL_COMMIT_CALLS	0
LIST_EXALL_400_ENTRIES_REPEAT10_TOTAL_WORK_SEAL_COMMIT_SAMPLES	0
LIST_EXALL_400_ENTRIES_REPEAT10_TOTAL_WORK_SEAL_COMMIT_SAMPLE_TICKS	0
LIST_EXALL_400_ENTRIES_REPEAT10_TOTAL_WORK_INODE_READ_CALLS	4000
LIST_EXALL_400_ENTRIES_REPEAT10_TOTAL_WORK_BTREE_SEARCH_CALLS	4001
LIST_EXALL_400_ENTRIES_REPEAT10_TOTAL_WORK_BTREE_INDEX_HINT_HITS	0
LIST_EXALL_400_ENTRIES_REPEAT10_TOTAL_WORK_BTREE_LEAF_HINT_HITS	501
LIST_EXALL_400_ENTRIES_REPEAT10_TOTAL_WORK_CACHE_READ_CALLS	0
LIST_EXALL_400_ENTRIES_REPEAT10_TOTAL_WORK_CACHE_READ_HITS	0
LIST_EXALL_400_ENTRIES_REPEAT10_TOTAL_WORK_CACHE_READ_MISSES	0
LIST_EXALL_400_ENTRIES_REPEAT10_TOTAL_WORK_FREE_TREE_NODE_VIEWS	0
LIST_EXALL_400_ENTRIES_REPEAT10_TOTAL_WORK_FREE_TREE_RESIDENT_VIEWS	0
LIST_EXALL_400_ENTRIES_REPEAT10_TOTAL_WORK_DIR_TREE_NODE_VIEWS	360
LIST_EXALL_400_ENTRIES_REPEAT10_TOTAL_WORK_DIR_TREE_RESIDENT_VIEWS	360
LIST_EXALL_400_ENTRIES_REPEAT10_TOTAL_WORK_INODE_TREE_NODE_VIEWS	0
LIST_EXALL_400_ENTRIES_REPEAT10_TOTAL_WORK_INODE_TREE_RESIDENT_VIEWS	0
LIST_EXALL_400_ENTRIES_REPEAT10_TOTAL_WORK_REFCOUNT_TREE_NODE_VIEWS	0
LIST_EXALL_400_ENTRIES_REPEAT10_TOTAL_WORK_REFCOUNT_TREE_RESIDENT_VIEWS	0
LIST_EXALL_400_ENTRIES_REPEAT10_TOTAL_WORK_OTHER_TREE_NODE_VIEWS	0
LIST_EXALL_400_ENTRIES_REPEAT10_TOTAL_WORK_OTHER_TREE_RESIDENT_VIEWS	0
LIST_EXALL_400_ENTRIES_REPEAT10_TOTAL_WORK_WRITE_DETAIL_INODE_READ_CALLS	4000
LIST_EXALL_400_ENTRIES_REPEAT10_TOTAL_WORK_WRITE_DETAIL_INODE_READ_SAMPLES	4000
LIST_EXALL_400_ENTRIES_REPEAT10_TOTAL_WORK_WRITE_DETAIL_INODE_READ_SAMPLE_TICKS	30833
LIST_EXALL_400_ENTRIES_REPEAT10_TOTAL_WORK_WRITE_DETAIL_INODE_WRITE_CALLS	0
LIST_EXALL_400_ENTRIES_REPEAT10_TOTAL_WORK_WRITE_DETAIL_INODE_WRITE_SAMPLES	0
LIST_EXALL_400_ENTRIES_REPEAT10_TOTAL_WORK_WRITE_DETAIL_INODE_WRITE_SAMPLE_TICKS	0
LIST_EXALL_400_ENTRIES_REPEAT10_TOTAL_WORK_WRITE_DETAIL_EXTENT_MAP_CALLS	0
LIST_EXALL_400_ENTRIES_REPEAT10_TOTAL_WORK_WRITE_DETAIL_EXTENT_MAP_SAMPLES	0
LIST_EXALL_400_ENTRIES_REPEAT10_TOTAL_WORK_WRITE_DETAIL_EXTENT_MAP_SAMPLE_TICKS	0
LIST_EXALL_400_ENTRIES_REPEAT10_TOTAL_WORK_WRITE_DETAIL_FREESPACE_GOAL_CALLS	0
LIST_EXALL_400_ENTRIES_REPEAT10_TOTAL_WORK_WRITE_DETAIL_FREESPACE_GOAL_SAMPLES	0
LIST_EXALL_400_ENTRIES_REPEAT10_TOTAL_WORK_WRITE_DETAIL_FREESPACE_GOAL_SAMPLE_TICKS	0
LIST_EXALL_400_ENTRIES_REPEAT10_TOTAL_WORK_BTREE_MALLOC_CALLS	91
LIST_EXALL_400_ENTRIES_REPEAT10_TOTAL_WORK_BTREE_MALLOC_SAMPLES	91
LIST_EXALL_400_ENTRIES_REPEAT10_TOTAL_WORK_BTREE_MALLOC_SAMPLE_TICKS	494
LIST_EXALL_400_ENTRIES_REPEAT10_TOTAL_WORK_BTREE_FREE_CALLS	91
LIST_EXALL_400_ENTRIES_REPEAT10_TOTAL_WORK_BTREE_FREE_SAMPLES	91
LIST_EXALL_400_ENTRIES_REPEAT10_TOTAL_WORK_BTREE_FREE_SAMPLE_TICKS	429
LIST_EXALL_400_ENTRIES_REPEAT10_TOTAL_WORK_IFACE_ALLOC_CALLS	0
LIST_EXALL_400_ENTRIES_REPEAT10_TOTAL_WORK_IFACE_ALLOC_SAMPLES	0
LIST_EXALL_400_ENTRIES_REPEAT10_TOTAL_WORK_IFACE_ALLOC_SAMPLE_TICKS	0
LIST_EXALL_400_ENTRIES_REPEAT10_TOTAL_WORK_FREESPACE_ALLOC_CALLS	0
LIST_EXALL_400_ENTRIES_REPEAT10_TOTAL_WORK_FREESPACE_ALLOC_SAMPLES	0
LIST_EXALL_400_ENTRIES_REPEAT10_TOTAL_WORK_FREESPACE_ALLOC_SAMPLE_TICKS	0
LIST_EXALL_400_ENTRIES_REPEAT10_TOTAL_WORK_DETAIL_INODE_READ_CALLS	4000
LIST_EXALL_400_ENTRIES_REPEAT10_TOTAL_WORK_DETAIL_INODE_READ_SAMPLES	235
LIST_EXALL_400_ENTRIES_REPEAT10_TOTAL_WORK_DETAIL_INODE_READ_SAMPLE_TICKS	3277
LIST_EXALL_400_ENTRIES_REPEAT10_TOTAL_WORK_DETAIL_INODE_VALIDATE_CALLS	4000
LIST_EXALL_400_ENTRIES_REPEAT10_TOTAL_WORK_DETAIL_INODE_VALIDATE_SAMPLES	235
LIST_EXALL_400_ENTRIES_REPEAT10_TOTAL_WORK_DETAIL_INODE_VALIDATE_SAMPLE_TICKS	506
LIST_EXALL_400_ENTRIES_REPEAT10_TOTAL_WORK_DETAIL_INODE_SEARCH_CALLS	4000
LIST_EXALL_400_ENTRIES_REPEAT10_TOTAL_WORK_DETAIL_INODE_SEARCH_SAMPLES	235
LIST_EXALL_400_ENTRIES_REPEAT10_TOTAL_WORK_DETAIL_INODE_SEARCH_SAMPLE_TICKS	658
LIST_EXALL_400_ENTRIES_REPEAT10_TOTAL_WORK_DETAIL_INODE_NODE_VIEW_CALLS	0
LIST_EXALL_400_ENTRIES_REPEAT10_TOTAL_WORK_DETAIL_INODE_NODE_VIEW_SAMPLES	0
LIST_EXALL_400_ENTRIES_REPEAT10_TOTAL_WORK_DETAIL_INODE_NODE_VIEW_SAMPLE_TICKS	0
LIST_EXALL_400_ENTRIES_REPEAT10_TOTAL_WORK_DETAIL_DIR_NODE_VIEW_CALLS	360
LIST_EXALL_400_ENTRIES_REPEAT10_TOTAL_WORK_DETAIL_DIR_NODE_VIEW_SAMPLES	21
LIST_EXALL_400_ENTRIES_REPEAT10_TOTAL_WORK_DETAIL_DIR_NODE_VIEW_SAMPLE_TICKS	270
LIST_EXALL_400_ENTRIES_REPEAT10_TOTAL_WORK_DETAIL_INODE_BINARY_SEARCH_CALLS	0
LIST_EXALL_400_ENTRIES_REPEAT10_TOTAL_WORK_DETAIL_INODE_BINARY_SEARCH_SAMPLES	0
LIST_EXALL_400_ENTRIES_REPEAT10_TOTAL_WORK_DETAIL_INODE_BINARY_SEARCH_SAMPLE_TICKS	0
LIST_EXALL_400_ENTRIES_REPEAT10_TOTAL_WORK_DETAIL_DIR_BINARY_SEARCH_CALLS	261
LIST_EXALL_400_ENTRIES_REPEAT10_TOTAL_WORK_DETAIL_DIR_BINARY_SEARCH_SAMPLES	15
LIST_EXALL_400_ENTRIES_REPEAT10_TOTAL_WORK_DETAIL_DIR_BINARY_SEARCH_SAMPLE_TICKS	110
LIST_EXALL_400_ENTRIES_REPEAT10_TOTAL_WORK_DETAIL_NODE_STRUCTURE_CALLS	0
LIST_EXALL_400_ENTRIES_REPEAT10_TOTAL_WORK_DETAIL_NODE_STRUCTURE_SAMPLES	0
LIST_EXALL_400_ENTRIES_REPEAT10_TOTAL_WORK_DETAIL_NODE_STRUCTURE_SAMPLE_TICKS	0
LIST_EXALL_400_ENTRIES_REPEAT10_TOTAL_WORK_DETAIL_CACHE_PEEK_CALLS	861
LIST_EXALL_400_ENTRIES_REPEAT10_TOTAL_WORK_DETAIL_CACHE_PEEK_SAMPLES	50
LIST_EXALL_400_ENTRIES_REPEAT10_TOTAL_WORK_DETAIL_CACHE_PEEK_SAMPLE_TICKS	252
LIST_EXALL_400_ENTRIES_REPEAT10_TOTAL_WORK_DETAIL_BUFFER_ALLOC_CALLS	180
LIST_EXALL_400_ENTRIES_REPEAT10_TOTAL_WORK_DETAIL_BUFFER_ALLOC_SAMPLES	10
LIST_EXALL_400_ENTRIES_REPEAT10_TOTAL_WORK_DETAIL_BUFFER_ALLOC_SAMPLE_TICKS	6
LIST_EXALL_400_ENTRIES_REPEAT10_TOTAL_WORK_DETAIL_BUFFER_FREE_CALLS	180
LIST_EXALL_400_ENTRIES_REPEAT10_TOTAL_WORK_DETAIL_BUFFER_FREE_SAMPLES	10
LIST_EXALL_400_ENTRIES_REPEAT10_TOTAL_WORK_DETAIL_BUFFER_FREE_SAMPLE_TICKS	45
LIST_EXALL_400_ENTRIES_REPEAT10_TOTAL_WORK_DETAIL_EXALL_FILL_CALLS	4000
LIST_EXALL_400_ENTRIES_REPEAT10_TOTAL_WORK_DETAIL_EXALL_FILL_SAMPLES	235
LIST_EXALL_400_ENTRIES_REPEAT10_TOTAL_WORK_DETAIL_EXALL_FILL_SAMPLE_TICKS	1287
LIST_EXALL_400_ENTRIES_REPEAT10_TOTAL_WORK_FREESPACE_ALLOCS	0
LIST_EXALL_400_ENTRIES_REPEAT10_TOTAL_VOLUME_FLUSH_BIO_READS	0
LIST_EXALL_400_ENTRIES_REPEAT10_TOTAL_VOLUME_FLUSH_BIO_WRITES	0
LIST_EXALL_400_ENTRIES_REPEAT10_TOTAL_VOLUME_FLUSH_BIO_UPDATES	0
LIST_EXALL_400_ENTRIES_REPEAT10_TOTAL_VOLUME_FLUSH_DATA_READS	0
LIST_EXALL_400_ENTRIES_REPEAT10_TOTAL_VOLUME_FLUSH_DATA_WRITES	0
LIST_EXALL_400_ENTRIES_REPEAT10_TOTAL_VOLUME_FLUSH_NODE_WRITES	0
LIST_EXALL_400_ENTRIES_REPEAT10_TOTAL_VOLUME_FLUSH_TXN_COMMITS	0
LIST_EXALL_400_ENTRIES_REPEAT10_TOTAL_VOLUME_FLUSH_EXTENT_MAPS	0
LIST_EXALL_400_ENTRIES_REPEAT10_TOTAL_VOLUME_FLUSH_READ_TICKS	0
LIST_EXALL_400_ENTRIES_REPEAT10_TOTAL_VOLUME_FLUSH_WRITE_TICKS	0
LIST_EXALL_400_ENTRIES_REPEAT10_TOTAL_VOLUME_FLUSH_UPDATE_TICKS	0
LIST_EXALL_400_ENTRIES_REPEAT10_TOTAL_VOLUME_FLUSH_DATA_READ_TICKS	0
LIST_EXALL_400_ENTRIES_REPEAT10_TOTAL_VOLUME_FLUSH_DATA_WRITE_TICKS	0
LIST_EXALL_400_ENTRIES_REPEAT10_TOTAL_VOLUME_FLUSH_NODE_CRC_READ_CALLS	0
LIST_EXALL_400_ENTRIES_REPEAT10_TOTAL_VOLUME_FLUSH_NODE_CRC_READ_SAMPLES	0
LIST_EXALL_400_ENTRIES_REPEAT10_TOTAL_VOLUME_FLUSH_NODE_CRC_READ_SAMPLE_TICKS	0
LIST_EXALL_400_ENTRIES_REPEAT10_TOTAL_VOLUME_FLUSH_NODE_CRC_WRITE_CALLS	0
LIST_EXALL_400_ENTRIES_REPEAT10_TOTAL_VOLUME_FLUSH_NODE_CRC_WRITE_SAMPLES	0
LIST_EXALL_400_ENTRIES_REPEAT10_TOTAL_VOLUME_FLUSH_NODE_CRC_WRITE_SAMPLE_TICKS	0
LIST_EXALL_400_ENTRIES_REPEAT10_TOTAL_VOLUME_FLUSH_CLOCK_PAIR_TICKS	0
LIST_EXALL_400_ENTRIES_REPEAT10_TOTAL_VOLUME_FLUSH_PACKET_CALLS	0
LIST_EXALL_400_ENTRIES_REPEAT10_TOTAL_VOLUME_FLUSH_PACKET_SAMPLES	0
LIST_EXALL_400_ENTRIES_REPEAT10_TOTAL_VOLUME_FLUSH_PACKET_SAMPLE_TICKS	0
LIST_EXALL_400_ENTRIES_REPEAT10_TOTAL_VOLUME_FLUSH_PACKET_OPEN_CALLS	0
LIST_EXALL_400_ENTRIES_REPEAT10_TOTAL_VOLUME_FLUSH_PACKET_OPEN_SAMPLES	0
LIST_EXALL_400_ENTRIES_REPEAT10_TOTAL_VOLUME_FLUSH_PACKET_OPEN_SAMPLE_TICKS	0
LIST_EXALL_400_ENTRIES_REPEAT10_TOTAL_VOLUME_FLUSH_PACKET_READ_CALLS	0
LIST_EXALL_400_ENTRIES_REPEAT10_TOTAL_VOLUME_FLUSH_PACKET_READ_SAMPLES	0
LIST_EXALL_400_ENTRIES_REPEAT10_TOTAL_VOLUME_FLUSH_PACKET_READ_SAMPLE_TICKS	0
LIST_EXALL_400_ENTRIES_REPEAT10_TOTAL_VOLUME_FLUSH_PACKET_WRITE_CALLS	0
LIST_EXALL_400_ENTRIES_REPEAT10_TOTAL_VOLUME_FLUSH_PACKET_WRITE_SAMPLES	0
LIST_EXALL_400_ENTRIES_REPEAT10_TOTAL_VOLUME_FLUSH_PACKET_WRITE_SAMPLE_TICKS	0
LIST_EXALL_400_ENTRIES_REPEAT10_TOTAL_VOLUME_FLUSH_PACKET_END_CALLS	0
LIST_EXALL_400_ENTRIES_REPEAT10_TOTAL_VOLUME_FLUSH_PACKET_END_SAMPLES	0
LIST_EXALL_400_ENTRIES_REPEAT10_TOTAL_VOLUME_FLUSH_PACKET_END_SAMPLE_TICKS	0
LIST_EXALL_400_ENTRIES_REPEAT10_TOTAL_VOLUME_FLUSH_PACKET_DELETE_CALLS	0
LIST_EXALL_400_ENTRIES_REPEAT10_TOTAL_VOLUME_FLUSH_PACKET_DELETE_SAMPLES	0
LIST_EXALL_400_ENTRIES_REPEAT10_TOTAL_VOLUME_FLUSH_PACKET_DELETE_SAMPLE_TICKS	0
LIST_EXALL_400_ENTRIES_REPEAT10_TOTAL_VOLUME_FLUSH_PACKET_FLUSH_CALLS	0
LIST_EXALL_400_ENTRIES_REPEAT10_TOTAL_VOLUME_FLUSH_PACKET_FLUSH_SAMPLES	0
LIST_EXALL_400_ENTRIES_REPEAT10_TOTAL_VOLUME_FLUSH_PACKET_FLUSH_SAMPLE_TICKS	0
LIST_EXALL_400_ENTRIES_REPEAT10_TOTAL_VOLUME_FLUSH_PACKET_OTHER_CALLS	0
LIST_EXALL_400_ENTRIES_REPEAT10_TOTAL_VOLUME_FLUSH_PACKET_OTHER_SAMPLES	0
LIST_EXALL_400_ENTRIES_REPEAT10_TOTAL_VOLUME_FLUSH_PACKET_OTHER_SAMPLE_TICKS	0
LIST_EXALL_400_ENTRIES_REPEAT10_TOTAL_VOLUME_FLUSH_CORE_CREATE_CALLS	0
LIST_EXALL_400_ENTRIES_REPEAT10_TOTAL_VOLUME_FLUSH_CORE_CREATE_SAMPLES	0
LIST_EXALL_400_ENTRIES_REPEAT10_TOTAL_VOLUME_FLUSH_CORE_CREATE_SAMPLE_TICKS	0
LIST_EXALL_400_ENTRIES_REPEAT10_TOTAL_VOLUME_FLUSH_CORE_DELETE_CALLS	0
LIST_EXALL_400_ENTRIES_REPEAT10_TOTAL_VOLUME_FLUSH_CORE_DELETE_SAMPLES	0
LIST_EXALL_400_ENTRIES_REPEAT10_TOTAL_VOLUME_FLUSH_CORE_DELETE_SAMPLE_TICKS	0
LIST_EXALL_400_ENTRIES_REPEAT10_TOTAL_VOLUME_FLUSH_CORE_FILE_WRITE_CALLS	0
LIST_EXALL_400_ENTRIES_REPEAT10_TOTAL_VOLUME_FLUSH_CORE_FILE_WRITE_SAMPLES	0
LIST_EXALL_400_ENTRIES_REPEAT10_TOTAL_VOLUME_FLUSH_CORE_FILE_WRITE_SAMPLE_TICKS	0
LIST_EXALL_400_ENTRIES_REPEAT10_TOTAL_VOLUME_FLUSH_CORE_SYNC_CALLS	0
LIST_EXALL_400_ENTRIES_REPEAT10_TOTAL_VOLUME_FLUSH_CORE_SYNC_SAMPLES	0
LIST_EXALL_400_ENTRIES_REPEAT10_TOTAL_VOLUME_FLUSH_CORE_SYNC_SAMPLE_TICKS	0
LIST_EXALL_400_ENTRIES_REPEAT10_TOTAL_VOLUME_FLUSH_IFACE_FREE_CALLS	0
LIST_EXALL_400_ENTRIES_REPEAT10_TOTAL_VOLUME_FLUSH_IFACE_FREE_SAMPLES	0
LIST_EXALL_400_ENTRIES_REPEAT10_TOTAL_VOLUME_FLUSH_IFACE_FREE_SAMPLE_TICKS	0
LIST_EXALL_400_ENTRIES_REPEAT10_TOTAL_VOLUME_FLUSH_SEAL_COMMIT_CALLS	0
LIST_EXALL_400_ENTRIES_REPEAT10_TOTAL_VOLUME_FLUSH_SEAL_COMMIT_SAMPLES	0
LIST_EXALL_400_ENTRIES_REPEAT10_TOTAL_VOLUME_FLUSH_SEAL_COMMIT_SAMPLE_TICKS	0
LIST_EXALL_400_ENTRIES_REPEAT10_TOTAL_VOLUME_FLUSH_INODE_READ_CALLS	0
LIST_EXALL_400_ENTRIES_REPEAT10_TOTAL_VOLUME_FLUSH_BTREE_SEARCH_CALLS	0
LIST_EXALL_400_ENTRIES_REPEAT10_TOTAL_VOLUME_FLUSH_BTREE_INDEX_HINT_HITS	0
LIST_EXALL_400_ENTRIES_REPEAT10_TOTAL_VOLUME_FLUSH_BTREE_LEAF_HINT_HITS	0
LIST_EXALL_400_ENTRIES_REPEAT10_TOTAL_VOLUME_FLUSH_CACHE_READ_CALLS	0
LIST_EXALL_400_ENTRIES_REPEAT10_TOTAL_VOLUME_FLUSH_CACHE_READ_HITS	0
LIST_EXALL_400_ENTRIES_REPEAT10_TOTAL_VOLUME_FLUSH_CACHE_READ_MISSES	0
LIST_EXALL_400_ENTRIES_REPEAT10_TOTAL_VOLUME_FLUSH_FREE_TREE_NODE_VIEWS	0
LIST_EXALL_400_ENTRIES_REPEAT10_TOTAL_VOLUME_FLUSH_FREE_TREE_RESIDENT_VIEWS	0
LIST_EXALL_400_ENTRIES_REPEAT10_TOTAL_VOLUME_FLUSH_DIR_TREE_NODE_VIEWS	0
LIST_EXALL_400_ENTRIES_REPEAT10_TOTAL_VOLUME_FLUSH_DIR_TREE_RESIDENT_VIEWS	0
LIST_EXALL_400_ENTRIES_REPEAT10_TOTAL_VOLUME_FLUSH_INODE_TREE_NODE_VIEWS	0
LIST_EXALL_400_ENTRIES_REPEAT10_TOTAL_VOLUME_FLUSH_INODE_TREE_RESIDENT_VIEWS	0
LIST_EXALL_400_ENTRIES_REPEAT10_TOTAL_VOLUME_FLUSH_REFCOUNT_TREE_NODE_VIEWS	0
LIST_EXALL_400_ENTRIES_REPEAT10_TOTAL_VOLUME_FLUSH_REFCOUNT_TREE_RESIDENT_VIEWS	0
LIST_EXALL_400_ENTRIES_REPEAT10_TOTAL_VOLUME_FLUSH_OTHER_TREE_NODE_VIEWS	0
LIST_EXALL_400_ENTRIES_REPEAT10_TOTAL_VOLUME_FLUSH_OTHER_TREE_RESIDENT_VIEWS	0
LIST_EXALL_400_ENTRIES_REPEAT10_TOTAL_VOLUME_FLUSH_WRITE_DETAIL_INODE_READ_CALLS	0
LIST_EXALL_400_ENTRIES_REPEAT10_TOTAL_VOLUME_FLUSH_WRITE_DETAIL_INODE_READ_SAMPLES	0
LIST_EXALL_400_ENTRIES_REPEAT10_TOTAL_VOLUME_FLUSH_WRITE_DETAIL_INODE_READ_SAMPLE_TICKS	0
LIST_EXALL_400_ENTRIES_REPEAT10_TOTAL_VOLUME_FLUSH_WRITE_DETAIL_INODE_WRITE_CALLS	0
LIST_EXALL_400_ENTRIES_REPEAT10_TOTAL_VOLUME_FLUSH_WRITE_DETAIL_INODE_WRITE_SAMPLES	0
LIST_EXALL_400_ENTRIES_REPEAT10_TOTAL_VOLUME_FLUSH_WRITE_DETAIL_INODE_WRITE_SAMPLE_TICKS	0
LIST_EXALL_400_ENTRIES_REPEAT10_TOTAL_VOLUME_FLUSH_WRITE_DETAIL_EXTENT_MAP_CALLS	0
LIST_EXALL_400_ENTRIES_REPEAT10_TOTAL_VOLUME_FLUSH_WRITE_DETAIL_EXTENT_MAP_SAMPLES	0
LIST_EXALL_400_ENTRIES_REPEAT10_TOTAL_VOLUME_FLUSH_WRITE_DETAIL_EXTENT_MAP_SAMPLE_TICKS	0
LIST_EXALL_400_ENTRIES_REPEAT10_TOTAL_VOLUME_FLUSH_WRITE_DETAIL_FREESPACE_GOAL_CALLS	0
LIST_EXALL_400_ENTRIES_REPEAT10_TOTAL_VOLUME_FLUSH_WRITE_DETAIL_FREESPACE_GOAL_SAMPLES	0
LIST_EXALL_400_ENTRIES_REPEAT10_TOTAL_VOLUME_FLUSH_WRITE_DETAIL_FREESPACE_GOAL_SAMPLE_TICKS	0
LIST_EXALL_400_ENTRIES_REPEAT10_TOTAL_VOLUME_FLUSH_BTREE_MALLOC_CALLS	0
LIST_EXALL_400_ENTRIES_REPEAT10_TOTAL_VOLUME_FLUSH_BTREE_MALLOC_SAMPLES	0
LIST_EXALL_400_ENTRIES_REPEAT10_TOTAL_VOLUME_FLUSH_BTREE_MALLOC_SAMPLE_TICKS	0
LIST_EXALL_400_ENTRIES_REPEAT10_TOTAL_VOLUME_FLUSH_BTREE_FREE_CALLS	0
LIST_EXALL_400_ENTRIES_REPEAT10_TOTAL_VOLUME_FLUSH_BTREE_FREE_SAMPLES	0
LIST_EXALL_400_ENTRIES_REPEAT10_TOTAL_VOLUME_FLUSH_BTREE_FREE_SAMPLE_TICKS	0
LIST_EXALL_400_ENTRIES_REPEAT10_TOTAL_VOLUME_FLUSH_IFACE_ALLOC_CALLS	0
LIST_EXALL_400_ENTRIES_REPEAT10_TOTAL_VOLUME_FLUSH_IFACE_ALLOC_SAMPLES	0
LIST_EXALL_400_ENTRIES_REPEAT10_TOTAL_VOLUME_FLUSH_IFACE_ALLOC_SAMPLE_TICKS	0
LIST_EXALL_400_ENTRIES_REPEAT10_TOTAL_VOLUME_FLUSH_FREESPACE_ALLOC_CALLS	0
LIST_EXALL_400_ENTRIES_REPEAT10_TOTAL_VOLUME_FLUSH_FREESPACE_ALLOC_SAMPLES	0
LIST_EXALL_400_ENTRIES_REPEAT10_TOTAL_VOLUME_FLUSH_FREESPACE_ALLOC_SAMPLE_TICKS	0
LIST_EXALL_400_ENTRIES_REPEAT10_TOTAL_VOLUME_FLUSH_DETAIL_INODE_READ_CALLS	0
LIST_EXALL_400_ENTRIES_REPEAT10_TOTAL_VOLUME_FLUSH_DETAIL_INODE_READ_SAMPLES	0
LIST_EXALL_400_ENTRIES_REPEAT10_TOTAL_VOLUME_FLUSH_DETAIL_INODE_READ_SAMPLE_TICKS	0
LIST_EXALL_400_ENTRIES_REPEAT10_TOTAL_VOLUME_FLUSH_DETAIL_INODE_VALIDATE_CALLS	0
LIST_EXALL_400_ENTRIES_REPEAT10_TOTAL_VOLUME_FLUSH_DETAIL_INODE_VALIDATE_SAMPLES	0
LIST_EXALL_400_ENTRIES_REPEAT10_TOTAL_VOLUME_FLUSH_DETAIL_INODE_VALIDATE_SAMPLE_TICKS	0
LIST_EXALL_400_ENTRIES_REPEAT10_TOTAL_VOLUME_FLUSH_DETAIL_INODE_SEARCH_CALLS	0
LIST_EXALL_400_ENTRIES_REPEAT10_TOTAL_VOLUME_FLUSH_DETAIL_INODE_SEARCH_SAMPLES	0
LIST_EXALL_400_ENTRIES_REPEAT10_TOTAL_VOLUME_FLUSH_DETAIL_INODE_SEARCH_SAMPLE_TICKS	0
LIST_EXALL_400_ENTRIES_REPEAT10_TOTAL_VOLUME_FLUSH_DETAIL_INODE_NODE_VIEW_CALLS	0
LIST_EXALL_400_ENTRIES_REPEAT10_TOTAL_VOLUME_FLUSH_DETAIL_INODE_NODE_VIEW_SAMPLES	0
LIST_EXALL_400_ENTRIES_REPEAT10_TOTAL_VOLUME_FLUSH_DETAIL_INODE_NODE_VIEW_SAMPLE_TICKS	0
LIST_EXALL_400_ENTRIES_REPEAT10_TOTAL_VOLUME_FLUSH_DETAIL_DIR_NODE_VIEW_CALLS	0
LIST_EXALL_400_ENTRIES_REPEAT10_TOTAL_VOLUME_FLUSH_DETAIL_DIR_NODE_VIEW_SAMPLES	0
LIST_EXALL_400_ENTRIES_REPEAT10_TOTAL_VOLUME_FLUSH_DETAIL_DIR_NODE_VIEW_SAMPLE_TICKS	0
LIST_EXALL_400_ENTRIES_REPEAT10_TOTAL_VOLUME_FLUSH_DETAIL_INODE_BINARY_SEARCH_CALLS	0
LIST_EXALL_400_ENTRIES_REPEAT10_TOTAL_VOLUME_FLUSH_DETAIL_INODE_BINARY_SEARCH_SAMPLES	0
LIST_EXALL_400_ENTRIES_REPEAT10_TOTAL_VOLUME_FLUSH_DETAIL_INODE_BINARY_SEARCH_SAMPLE_TICKS	0
LIST_EXALL_400_ENTRIES_REPEAT10_TOTAL_VOLUME_FLUSH_DETAIL_DIR_BINARY_SEARCH_CALLS	0
LIST_EXALL_400_ENTRIES_REPEAT10_TOTAL_VOLUME_FLUSH_DETAIL_DIR_BINARY_SEARCH_SAMPLES	0
LIST_EXALL_400_ENTRIES_REPEAT10_TOTAL_VOLUME_FLUSH_DETAIL_DIR_BINARY_SEARCH_SAMPLE_TICKS	0
LIST_EXALL_400_ENTRIES_REPEAT10_TOTAL_VOLUME_FLUSH_DETAIL_NODE_STRUCTURE_CALLS	0
LIST_EXALL_400_ENTRIES_REPEAT10_TOTAL_VOLUME_FLUSH_DETAIL_NODE_STRUCTURE_SAMPLES	0
LIST_EXALL_400_ENTRIES_REPEAT10_TOTAL_VOLUME_FLUSH_DETAIL_NODE_STRUCTURE_SAMPLE_TICKS	0
LIST_EXALL_400_ENTRIES_REPEAT10_TOTAL_VOLUME_FLUSH_DETAIL_CACHE_PEEK_CALLS	0
LIST_EXALL_400_ENTRIES_REPEAT10_TOTAL_VOLUME_FLUSH_DETAIL_CACHE_PEEK_SAMPLES	0
LIST_EXALL_400_ENTRIES_REPEAT10_TOTAL_VOLUME_FLUSH_DETAIL_CACHE_PEEK_SAMPLE_TICKS	0
LIST_EXALL_400_ENTRIES_REPEAT10_TOTAL_VOLUME_FLUSH_DETAIL_BUFFER_ALLOC_CALLS	0
LIST_EXALL_400_ENTRIES_REPEAT10_TOTAL_VOLUME_FLUSH_DETAIL_BUFFER_ALLOC_SAMPLES	0
LIST_EXALL_400_ENTRIES_REPEAT10_TOTAL_VOLUME_FLUSH_DETAIL_BUFFER_ALLOC_SAMPLE_TICKS	0
LIST_EXALL_400_ENTRIES_REPEAT10_TOTAL_VOLUME_FLUSH_DETAIL_BUFFER_FREE_CALLS	0
LIST_EXALL_400_ENTRIES_REPEAT10_TOTAL_VOLUME_FLUSH_DETAIL_BUFFER_FREE_SAMPLES	0
LIST_EXALL_400_ENTRIES_REPEAT10_TOTAL_VOLUME_FLUSH_DETAIL_BUFFER_FREE_SAMPLE_TICKS	0
LIST_EXALL_400_ENTRIES_REPEAT10_TOTAL_VOLUME_FLUSH_DETAIL_EXALL_FILL_CALLS	0
LIST_EXALL_400_ENTRIES_REPEAT10_TOTAL_VOLUME_FLUSH_DETAIL_EXALL_FILL_SAMPLES	0
LIST_EXALL_400_ENTRIES_REPEAT10_TOTAL_VOLUME_FLUSH_DETAIL_EXALL_FILL_SAMPLE_TICKS	0
LIST_EXALL_400_ENTRIES_REPEAT10_TOTAL_VOLUME_FLUSH_FREESPACE_ALLOCS	0
LIST_EXNEXT_1000_ENTRIES_FIRST_PASS_US	100542
LIST_EXNEXT_1000_ENTRIES_FIRST_PASS_WORK_US	100542
LIST_EXNEXT_1000_ENTRIES_FIRST_PASS_VOLUME_FLUSH_US	0
LIST_EXNEXT_1000_ENTRIES_FIRST_PASS_HAS_VOLUME_FLUSH	0
LIST_EXNEXT_1000_ENTRIES_FIRST_PASS_GUEST_OPEN_CALLS	0
LIST_EXNEXT_1000_ENTRIES_FIRST_PASS_GUEST_OPEN_US	0
LIST_EXNEXT_1000_ENTRIES_FIRST_PASS_GUEST_READ_CALLS	0
LIST_EXNEXT_1000_ENTRIES_FIRST_PASS_GUEST_READ_US	0
LIST_EXNEXT_1000_ENTRIES_FIRST_PASS_GUEST_WRITE_CALLS	0
LIST_EXNEXT_1000_ENTRIES_FIRST_PASS_GUEST_WRITE_US	0
LIST_EXNEXT_1000_ENTRIES_FIRST_PASS_GUEST_HANDLE_FLUSH_CALLS	0
LIST_EXNEXT_1000_ENTRIES_FIRST_PASS_GUEST_HANDLE_FLUSH_US	0
LIST_EXNEXT_1000_ENTRIES_FIRST_PASS_GUEST_CLOSE_CALLS	0
LIST_EXNEXT_1000_ENTRIES_FIRST_PASS_GUEST_CLOSE_US	0
LIST_EXNEXT_1000_ENTRIES_FIRST_PASS_GUEST_VERIFY_CALLS	0
LIST_EXNEXT_1000_ENTRIES_FIRST_PASS_GUEST_VERIFY_US	0
LIST_EXNEXT_1000_ENTRIES_FIRST_PASS_WORK_BIO_READS	51
LIST_EXNEXT_1000_ENTRIES_FIRST_PASS_WORK_BIO_WRITES	0
LIST_EXNEXT_1000_ENTRIES_FIRST_PASS_WORK_BIO_UPDATES	0
LIST_EXNEXT_1000_ENTRIES_FIRST_PASS_WORK_DATA_READS	0
LIST_EXNEXT_1000_ENTRIES_FIRST_PASS_WORK_DATA_WRITES	0
LIST_EXNEXT_1000_ENTRIES_FIRST_PASS_WORK_NODE_WRITES	0
LIST_EXNEXT_1000_ENTRIES_FIRST_PASS_WORK_TXN_COMMITS	0
LIST_EXNEXT_1000_ENTRIES_FIRST_PASS_WORK_EXTENT_MAPS	0
LIST_EXNEXT_1000_ENTRIES_FIRST_PASS_WORK_READ_TICKS	3951
LIST_EXNEXT_1000_ENTRIES_FIRST_PASS_WORK_WRITE_TICKS	0
LIST_EXNEXT_1000_ENTRIES_FIRST_PASS_WORK_UPDATE_TICKS	0
LIST_EXNEXT_1000_ENTRIES_FIRST_PASS_WORK_DATA_READ_TICKS	0
LIST_EXNEXT_1000_ENTRIES_FIRST_PASS_WORK_DATA_WRITE_TICKS	0
LIST_EXNEXT_1000_ENTRIES_FIRST_PASS_WORK_NODE_CRC_READ_CALLS	51
LIST_EXNEXT_1000_ENTRIES_FIRST_PASS_WORK_NODE_CRC_READ_SAMPLES	51
LIST_EXNEXT_1000_ENTRIES_FIRST_PASS_WORK_NODE_CRC_READ_SAMPLE_TICKS	6664
LIST_EXNEXT_1000_ENTRIES_FIRST_PASS_WORK_NODE_CRC_WRITE_CALLS	0
LIST_EXNEXT_1000_ENTRIES_FIRST_PASS_WORK_NODE_CRC_WRITE_SAMPLES	0
LIST_EXNEXT_1000_ENTRIES_FIRST_PASS_WORK_NODE_CRC_WRITE_SAMPLE_TICKS	0
LIST_EXNEXT_1000_ENTRIES_FIRST_PASS_WORK_CLOCK_PAIR_TICKS	0
LIST_EXNEXT_1000_ENTRIES_FIRST_PASS_WORK_PACKET_CALLS	1004
LIST_EXNEXT_1000_ENTRIES_FIRST_PASS_WORK_PACKET_SAMPLES	1004
LIST_EXNEXT_1000_ENTRIES_FIRST_PASS_WORK_PACKET_SAMPLE_TICKS	52338
LIST_EXNEXT_1000_ENTRIES_FIRST_PASS_WORK_PACKET_OPEN_CALLS	0
LIST_EXNEXT_1000_ENTRIES_FIRST_PASS_WORK_PACKET_OPEN_SAMPLES	0
LIST_EXNEXT_1000_ENTRIES_FIRST_PASS_WORK_PACKET_OPEN_SAMPLE_TICKS	0
LIST_EXNEXT_1000_ENTRIES_FIRST_PASS_WORK_PACKET_READ_CALLS	0
LIST_EXNEXT_1000_ENTRIES_FIRST_PASS_WORK_PACKET_READ_SAMPLES	0
LIST_EXNEXT_1000_ENTRIES_FIRST_PASS_WORK_PACKET_READ_SAMPLE_TICKS	0
LIST_EXNEXT_1000_ENTRIES_FIRST_PASS_WORK_PACKET_WRITE_CALLS	0
LIST_EXNEXT_1000_ENTRIES_FIRST_PASS_WORK_PACKET_WRITE_SAMPLES	0
LIST_EXNEXT_1000_ENTRIES_FIRST_PASS_WORK_PACKET_WRITE_SAMPLE_TICKS	0
LIST_EXNEXT_1000_ENTRIES_FIRST_PASS_WORK_PACKET_END_CALLS	0
LIST_EXNEXT_1000_ENTRIES_FIRST_PASS_WORK_PACKET_END_SAMPLES	0
LIST_EXNEXT_1000_ENTRIES_FIRST_PASS_WORK_PACKET_END_SAMPLE_TICKS	0
LIST_EXNEXT_1000_ENTRIES_FIRST_PASS_WORK_PACKET_DELETE_CALLS	0
LIST_EXNEXT_1000_ENTRIES_FIRST_PASS_WORK_PACKET_DELETE_SAMPLES	0
LIST_EXNEXT_1000_ENTRIES_FIRST_PASS_WORK_PACKET_DELETE_SAMPLE_TICKS	0
LIST_EXNEXT_1000_ENTRIES_FIRST_PASS_WORK_PACKET_FLUSH_CALLS	0
LIST_EXNEXT_1000_ENTRIES_FIRST_PASS_WORK_PACKET_FLUSH_SAMPLES	0
LIST_EXNEXT_1000_ENTRIES_FIRST_PASS_WORK_PACKET_FLUSH_SAMPLE_TICKS	0
LIST_EXNEXT_1000_ENTRIES_FIRST_PASS_WORK_PACKET_OTHER_CALLS	1004
LIST_EXNEXT_1000_ENTRIES_FIRST_PASS_WORK_PACKET_OTHER_SAMPLES	1004
LIST_EXNEXT_1000_ENTRIES_FIRST_PASS_WORK_PACKET_OTHER_SAMPLE_TICKS	52338
LIST_EXNEXT_1000_ENTRIES_FIRST_PASS_WORK_CORE_CREATE_CALLS	0
LIST_EXNEXT_1000_ENTRIES_FIRST_PASS_WORK_CORE_CREATE_SAMPLES	0
LIST_EXNEXT_1000_ENTRIES_FIRST_PASS_WORK_CORE_CREATE_SAMPLE_TICKS	0
LIST_EXNEXT_1000_ENTRIES_FIRST_PASS_WORK_CORE_DELETE_CALLS	0
LIST_EXNEXT_1000_ENTRIES_FIRST_PASS_WORK_CORE_DELETE_SAMPLES	0
LIST_EXNEXT_1000_ENTRIES_FIRST_PASS_WORK_CORE_DELETE_SAMPLE_TICKS	0
LIST_EXNEXT_1000_ENTRIES_FIRST_PASS_WORK_CORE_FILE_WRITE_CALLS	0
LIST_EXNEXT_1000_ENTRIES_FIRST_PASS_WORK_CORE_FILE_WRITE_SAMPLES	0
LIST_EXNEXT_1000_ENTRIES_FIRST_PASS_WORK_CORE_FILE_WRITE_SAMPLE_TICKS	0
LIST_EXNEXT_1000_ENTRIES_FIRST_PASS_WORK_CORE_SYNC_CALLS	0
LIST_EXNEXT_1000_ENTRIES_FIRST_PASS_WORK_CORE_SYNC_SAMPLES	0
LIST_EXNEXT_1000_ENTRIES_FIRST_PASS_WORK_CORE_SYNC_SAMPLE_TICKS	0
LIST_EXNEXT_1000_ENTRIES_FIRST_PASS_WORK_IFACE_FREE_CALLS	0
LIST_EXNEXT_1000_ENTRIES_FIRST_PASS_WORK_IFACE_FREE_SAMPLES	0
LIST_EXNEXT_1000_ENTRIES_FIRST_PASS_WORK_IFACE_FREE_SAMPLE_TICKS	0
LIST_EXNEXT_1000_ENTRIES_FIRST_PASS_WORK_SEAL_COMMIT_CALLS	0
LIST_EXNEXT_1000_ENTRIES_FIRST_PASS_WORK_SEAL_COMMIT_SAMPLES	0
LIST_EXNEXT_1000_ENTRIES_FIRST_PASS_WORK_SEAL_COMMIT_SAMPLE_TICKS	0
LIST_EXNEXT_1000_ENTRIES_FIRST_PASS_WORK_INODE_READ_CALLS	1001
LIST_EXNEXT_1000_ENTRIES_FIRST_PASS_WORK_BTREE_SEARCH_CALLS	1002
LIST_EXNEXT_1000_ENTRIES_FIRST_PASS_WORK_BTREE_INDEX_HINT_HITS	0
LIST_EXNEXT_1000_ENTRIES_FIRST_PASS_WORK_BTREE_LEAF_HINT_HITS	971
LIST_EXNEXT_1000_ENTRIES_FIRST_PASS_WORK_CACHE_READ_CALLS	51
LIST_EXNEXT_1000_ENTRIES_FIRST_PASS_WORK_CACHE_READ_HITS	0
LIST_EXNEXT_1000_ENTRIES_FIRST_PASS_WORK_CACHE_READ_MISSES	51
LIST_EXNEXT_1000_ENTRIES_FIRST_PASS_WORK_FREE_TREE_NODE_VIEWS	0
LIST_EXNEXT_1000_ENTRIES_FIRST_PASS_WORK_FREE_TREE_RESIDENT_VIEWS	0
LIST_EXNEXT_1000_ENTRIES_FIRST_PASS_WORK_DIR_TREE_NODE_VIEWS	84
LIST_EXNEXT_1000_ENTRIES_FIRST_PASS_WORK_DIR_TREE_RESIDENT_VIEWS	64
LIST_EXNEXT_1000_ENTRIES_FIRST_PASS_WORK_INODE_TREE_NODE_VIEWS	62
LIST_EXNEXT_1000_ENTRIES_FIRST_PASS_WORK_INODE_TREE_RESIDENT_VIEWS	31
LIST_EXNEXT_1000_ENTRIES_FIRST_PASS_WORK_REFCOUNT_TREE_NODE_VIEWS	0
LIST_EXNEXT_1000_ENTRIES_FIRST_PASS_WORK_REFCOUNT_TREE_RESIDENT_VIEWS	0
LIST_EXNEXT_1000_ENTRIES_FIRST_PASS_WORK_OTHER_TREE_NODE_VIEWS	0
LIST_EXNEXT_1000_ENTRIES_FIRST_PASS_WORK_OTHER_TREE_RESIDENT_VIEWS	0
LIST_EXNEXT_1000_ENTRIES_FIRST_PASS_WORK_WRITE_DETAIL_INODE_READ_CALLS	1001
LIST_EXNEXT_1000_ENTRIES_FIRST_PASS_WORK_WRITE_DETAIL_INODE_READ_SAMPLES	1001
LIST_EXNEXT_1000_ENTRIES_FIRST_PASS_WORK_WRITE_DETAIL_INODE_READ_SAMPLE_TICKS	26670
LIST_EXNEXT_1000_ENTRIES_FIRST_PASS_WORK_WRITE_DETAIL_INODE_WRITE_CALLS	0
LIST_EXNEXT_1000_ENTRIES_FIRST_PASS_WORK_WRITE_DETAIL_INODE_WRITE_SAMPLES	0
LIST_EXNEXT_1000_ENTRIES_FIRST_PASS_WORK_WRITE_DETAIL_INODE_WRITE_SAMPLE_TICKS	0
LIST_EXNEXT_1000_ENTRIES_FIRST_PASS_WORK_WRITE_DETAIL_EXTENT_MAP_CALLS	0
LIST_EXNEXT_1000_ENTRIES_FIRST_PASS_WORK_WRITE_DETAIL_EXTENT_MAP_SAMPLES	0
LIST_EXNEXT_1000_ENTRIES_FIRST_PASS_WORK_WRITE_DETAIL_EXTENT_MAP_SAMPLE_TICKS	0
LIST_EXNEXT_1000_ENTRIES_FIRST_PASS_WORK_WRITE_DETAIL_FREESPACE_GOAL_CALLS	0
LIST_EXNEXT_1000_ENTRIES_FIRST_PASS_WORK_WRITE_DETAIL_FREESPACE_GOAL_SAMPLES	0
LIST_EXNEXT_1000_ENTRIES_FIRST_PASS_WORK_WRITE_DETAIL_FREESPACE_GOAL_SAMPLE_TICKS	0
LIST_EXNEXT_1000_ENTRIES_FIRST_PASS_WORK_BTREE_MALLOC_CALLS	21
LIST_EXNEXT_1000_ENTRIES_FIRST_PASS_WORK_BTREE_MALLOC_SAMPLES	21
LIST_EXNEXT_1000_ENTRIES_FIRST_PASS_WORK_BTREE_MALLOC_SAMPLE_TICKS	52
LIST_EXNEXT_1000_ENTRIES_FIRST_PASS_WORK_BTREE_FREE_CALLS	36
LIST_EXNEXT_1000_ENTRIES_FIRST_PASS_WORK_BTREE_FREE_SAMPLES	36
LIST_EXNEXT_1000_ENTRIES_FIRST_PASS_WORK_BTREE_FREE_SAMPLE_TICKS	224
LIST_EXNEXT_1000_ENTRIES_FIRST_PASS_WORK_IFACE_ALLOC_CALLS	0
LIST_EXNEXT_1000_ENTRIES_FIRST_PASS_WORK_IFACE_ALLOC_SAMPLES	0
LIST_EXNEXT_1000_ENTRIES_FIRST_PASS_WORK_IFACE_ALLOC_SAMPLE_TICKS	0
LIST_EXNEXT_1000_ENTRIES_FIRST_PASS_WORK_FREESPACE_ALLOC_CALLS	0
LIST_EXNEXT_1000_ENTRIES_FIRST_PASS_WORK_FREESPACE_ALLOC_SAMPLES	0
LIST_EXNEXT_1000_ENTRIES_FIRST_PASS_WORK_FREESPACE_ALLOC_SAMPLE_TICKS	0
LIST_EXNEXT_1000_ENTRIES_FIRST_PASS_WORK_DETAIL_INODE_READ_CALLS	1001
LIST_EXNEXT_1000_ENTRIES_FIRST_PASS_WORK_DETAIL_INODE_READ_SAMPLES	58
LIST_EXNEXT_1000_ENTRIES_FIRST_PASS_WORK_DETAIL_INODE_READ_SAMPLE_TICKS	2215
LIST_EXNEXT_1000_ENTRIES_FIRST_PASS_WORK_DETAIL_INODE_VALIDATE_CALLS	1001
LIST_EXNEXT_1000_ENTRIES_FIRST_PASS_WORK_DETAIL_INODE_VALIDATE_SAMPLES	58
LIST_EXNEXT_1000_ENTRIES_FIRST_PASS_WORK_DETAIL_INODE_VALIDATE_SAMPLE_TICKS	271
LIST_EXNEXT_1000_ENTRIES_FIRST_PASS_WORK_DETAIL_INODE_SEARCH_CALLS	1001
LIST_EXNEXT_1000_ENTRIES_FIRST_PASS_WORK_DETAIL_INODE_SEARCH_SAMPLES	58
LIST_EXNEXT_1000_ENTRIES_FIRST_PASS_WORK_DETAIL_INODE_SEARCH_SAMPLE_TICKS	1204
LIST_EXNEXT_1000_ENTRIES_FIRST_PASS_WORK_DETAIL_INODE_NODE_VIEW_CALLS	62
LIST_EXNEXT_1000_ENTRIES_FIRST_PASS_WORK_DETAIL_INODE_NODE_VIEW_SAMPLES	3
LIST_EXNEXT_1000_ENTRIES_FIRST_PASS_WORK_DETAIL_INODE_NODE_VIEW_SAMPLE_TICKS	182
LIST_EXNEXT_1000_ENTRIES_FIRST_PASS_WORK_DETAIL_DIR_NODE_VIEW_CALLS	84
LIST_EXNEXT_1000_ENTRIES_FIRST_PASS_WORK_DETAIL_DIR_NODE_VIEW_SAMPLES	4
LIST_EXNEXT_1000_ENTRIES_FIRST_PASS_WORK_DETAIL_DIR_NODE_VIEW_SAMPLE_TICKS	408
LIST_EXNEXT_1000_ENTRIES_FIRST_PASS_WORK_DETAIL_INODE_BINARY_SEARCH_CALLS	62
LIST_EXNEXT_1000_ENTRIES_FIRST_PASS_WORK_DETAIL_INODE_BINARY_SEARCH_SAMPLES	3
LIST_EXNEXT_1000_ENTRIES_FIRST_PASS_WORK_DETAIL_INODE_BINARY_SEARCH_SAMPLE_TICKS	0
LIST_EXNEXT_1000_ENTRIES_FIRST_PASS_WORK_DETAIL_DIR_BINARY_SEARCH_CALLS	46
LIST_EXNEXT_1000_ENTRIES_FIRST_PASS_WORK_DETAIL_DIR_BINARY_SEARCH_SAMPLES	2
LIST_EXNEXT_1000_ENTRIES_FIRST_PASS_WORK_DETAIL_DIR_BINARY_SEARCH_SAMPLE_TICKS	13
LIST_EXNEXT_1000_ENTRIES_FIRST_PASS_WORK_DETAIL_NODE_STRUCTURE_CALLS	51
LIST_EXNEXT_1000_ENTRIES_FIRST_PASS_WORK_DETAIL_NODE_STRUCTURE_SAMPLES	3
LIST_EXNEXT_1000_ENTRIES_FIRST_PASS_WORK_DETAIL_NODE_STRUCTURE_SAMPLE_TICKS	181
LIST_EXNEXT_1000_ENTRIES_FIRST_PASS_WORK_DETAIL_CACHE_PEEK_CALLS	1148
LIST_EXNEXT_1000_ENTRIES_FIRST_PASS_WORK_DETAIL_CACHE_PEEK_SAMPLES	67
LIST_EXNEXT_1000_ENTRIES_FIRST_PASS_WORK_DETAIL_CACHE_PEEK_SAMPLE_TICKS	199
LIST_EXNEXT_1000_ENTRIES_FIRST_PASS_WORK_DETAIL_BUFFER_ALLOC_CALLS	66
LIST_EXNEXT_1000_ENTRIES_FIRST_PASS_WORK_DETAIL_BUFFER_ALLOC_SAMPLES	3
LIST_EXNEXT_1000_ENTRIES_FIRST_PASS_WORK_DETAIL_BUFFER_ALLOC_SAMPLE_TICKS	0
LIST_EXNEXT_1000_ENTRIES_FIRST_PASS_WORK_DETAIL_BUFFER_FREE_CALLS	66
LIST_EXNEXT_1000_ENTRIES_FIRST_PASS_WORK_DETAIL_BUFFER_FREE_SAMPLES	3
LIST_EXNEXT_1000_ENTRIES_FIRST_PASS_WORK_DETAIL_BUFFER_FREE_SAMPLE_TICKS	0
LIST_EXNEXT_1000_ENTRIES_FIRST_PASS_WORK_DETAIL_EXALL_FILL_CALLS	0
LIST_EXNEXT_1000_ENTRIES_FIRST_PASS_WORK_DETAIL_EXALL_FILL_SAMPLES	0
LIST_EXNEXT_1000_ENTRIES_FIRST_PASS_WORK_DETAIL_EXALL_FILL_SAMPLE_TICKS	0
LIST_EXNEXT_1000_ENTRIES_FIRST_PASS_WORK_FREESPACE_ALLOCS	0
LIST_EXNEXT_1000_ENTRIES_FIRST_PASS_VOLUME_FLUSH_BIO_READS	0
LIST_EXNEXT_1000_ENTRIES_FIRST_PASS_VOLUME_FLUSH_BIO_WRITES	0
LIST_EXNEXT_1000_ENTRIES_FIRST_PASS_VOLUME_FLUSH_BIO_UPDATES	0
LIST_EXNEXT_1000_ENTRIES_FIRST_PASS_VOLUME_FLUSH_DATA_READS	0
LIST_EXNEXT_1000_ENTRIES_FIRST_PASS_VOLUME_FLUSH_DATA_WRITES	0
LIST_EXNEXT_1000_ENTRIES_FIRST_PASS_VOLUME_FLUSH_NODE_WRITES	0
LIST_EXNEXT_1000_ENTRIES_FIRST_PASS_VOLUME_FLUSH_TXN_COMMITS	0
LIST_EXNEXT_1000_ENTRIES_FIRST_PASS_VOLUME_FLUSH_EXTENT_MAPS	0
LIST_EXNEXT_1000_ENTRIES_FIRST_PASS_VOLUME_FLUSH_READ_TICKS	0
LIST_EXNEXT_1000_ENTRIES_FIRST_PASS_VOLUME_FLUSH_WRITE_TICKS	0
LIST_EXNEXT_1000_ENTRIES_FIRST_PASS_VOLUME_FLUSH_UPDATE_TICKS	0
LIST_EXNEXT_1000_ENTRIES_FIRST_PASS_VOLUME_FLUSH_DATA_READ_TICKS	0
LIST_EXNEXT_1000_ENTRIES_FIRST_PASS_VOLUME_FLUSH_DATA_WRITE_TICKS	0
LIST_EXNEXT_1000_ENTRIES_FIRST_PASS_VOLUME_FLUSH_NODE_CRC_READ_CALLS	0
LIST_EXNEXT_1000_ENTRIES_FIRST_PASS_VOLUME_FLUSH_NODE_CRC_READ_SAMPLES	0
LIST_EXNEXT_1000_ENTRIES_FIRST_PASS_VOLUME_FLUSH_NODE_CRC_READ_SAMPLE_TICKS	0
LIST_EXNEXT_1000_ENTRIES_FIRST_PASS_VOLUME_FLUSH_NODE_CRC_WRITE_CALLS	0
LIST_EXNEXT_1000_ENTRIES_FIRST_PASS_VOLUME_FLUSH_NODE_CRC_WRITE_SAMPLES	0
LIST_EXNEXT_1000_ENTRIES_FIRST_PASS_VOLUME_FLUSH_NODE_CRC_WRITE_SAMPLE_TICKS	0
LIST_EXNEXT_1000_ENTRIES_FIRST_PASS_VOLUME_FLUSH_CLOCK_PAIR_TICKS	0
LIST_EXNEXT_1000_ENTRIES_FIRST_PASS_VOLUME_FLUSH_PACKET_CALLS	0
LIST_EXNEXT_1000_ENTRIES_FIRST_PASS_VOLUME_FLUSH_PACKET_SAMPLES	0
LIST_EXNEXT_1000_ENTRIES_FIRST_PASS_VOLUME_FLUSH_PACKET_SAMPLE_TICKS	0
LIST_EXNEXT_1000_ENTRIES_FIRST_PASS_VOLUME_FLUSH_PACKET_OPEN_CALLS	0
LIST_EXNEXT_1000_ENTRIES_FIRST_PASS_VOLUME_FLUSH_PACKET_OPEN_SAMPLES	0
LIST_EXNEXT_1000_ENTRIES_FIRST_PASS_VOLUME_FLUSH_PACKET_OPEN_SAMPLE_TICKS	0
LIST_EXNEXT_1000_ENTRIES_FIRST_PASS_VOLUME_FLUSH_PACKET_READ_CALLS	0
LIST_EXNEXT_1000_ENTRIES_FIRST_PASS_VOLUME_FLUSH_PACKET_READ_SAMPLES	0
LIST_EXNEXT_1000_ENTRIES_FIRST_PASS_VOLUME_FLUSH_PACKET_READ_SAMPLE_TICKS	0
LIST_EXNEXT_1000_ENTRIES_FIRST_PASS_VOLUME_FLUSH_PACKET_WRITE_CALLS	0
LIST_EXNEXT_1000_ENTRIES_FIRST_PASS_VOLUME_FLUSH_PACKET_WRITE_SAMPLES	0
LIST_EXNEXT_1000_ENTRIES_FIRST_PASS_VOLUME_FLUSH_PACKET_WRITE_SAMPLE_TICKS	0
LIST_EXNEXT_1000_ENTRIES_FIRST_PASS_VOLUME_FLUSH_PACKET_END_CALLS	0
LIST_EXNEXT_1000_ENTRIES_FIRST_PASS_VOLUME_FLUSH_PACKET_END_SAMPLES	0
LIST_EXNEXT_1000_ENTRIES_FIRST_PASS_VOLUME_FLUSH_PACKET_END_SAMPLE_TICKS	0
LIST_EXNEXT_1000_ENTRIES_FIRST_PASS_VOLUME_FLUSH_PACKET_DELETE_CALLS	0
LIST_EXNEXT_1000_ENTRIES_FIRST_PASS_VOLUME_FLUSH_PACKET_DELETE_SAMPLES	0
LIST_EXNEXT_1000_ENTRIES_FIRST_PASS_VOLUME_FLUSH_PACKET_DELETE_SAMPLE_TICKS	0
LIST_EXNEXT_1000_ENTRIES_FIRST_PASS_VOLUME_FLUSH_PACKET_FLUSH_CALLS	0
LIST_EXNEXT_1000_ENTRIES_FIRST_PASS_VOLUME_FLUSH_PACKET_FLUSH_SAMPLES	0
LIST_EXNEXT_1000_ENTRIES_FIRST_PASS_VOLUME_FLUSH_PACKET_FLUSH_SAMPLE_TICKS	0
LIST_EXNEXT_1000_ENTRIES_FIRST_PASS_VOLUME_FLUSH_PACKET_OTHER_CALLS	0
LIST_EXNEXT_1000_ENTRIES_FIRST_PASS_VOLUME_FLUSH_PACKET_OTHER_SAMPLES	0
LIST_EXNEXT_1000_ENTRIES_FIRST_PASS_VOLUME_FLUSH_PACKET_OTHER_SAMPLE_TICKS	0
LIST_EXNEXT_1000_ENTRIES_FIRST_PASS_VOLUME_FLUSH_CORE_CREATE_CALLS	0
LIST_EXNEXT_1000_ENTRIES_FIRST_PASS_VOLUME_FLUSH_CORE_CREATE_SAMPLES	0
LIST_EXNEXT_1000_ENTRIES_FIRST_PASS_VOLUME_FLUSH_CORE_CREATE_SAMPLE_TICKS	0
LIST_EXNEXT_1000_ENTRIES_FIRST_PASS_VOLUME_FLUSH_CORE_DELETE_CALLS	0
LIST_EXNEXT_1000_ENTRIES_FIRST_PASS_VOLUME_FLUSH_CORE_DELETE_SAMPLES	0
LIST_EXNEXT_1000_ENTRIES_FIRST_PASS_VOLUME_FLUSH_CORE_DELETE_SAMPLE_TICKS	0
LIST_EXNEXT_1000_ENTRIES_FIRST_PASS_VOLUME_FLUSH_CORE_FILE_WRITE_CALLS	0
LIST_EXNEXT_1000_ENTRIES_FIRST_PASS_VOLUME_FLUSH_CORE_FILE_WRITE_SAMPLES	0
LIST_EXNEXT_1000_ENTRIES_FIRST_PASS_VOLUME_FLUSH_CORE_FILE_WRITE_SAMPLE_TICKS	0
LIST_EXNEXT_1000_ENTRIES_FIRST_PASS_VOLUME_FLUSH_CORE_SYNC_CALLS	0
LIST_EXNEXT_1000_ENTRIES_FIRST_PASS_VOLUME_FLUSH_CORE_SYNC_SAMPLES	0
LIST_EXNEXT_1000_ENTRIES_FIRST_PASS_VOLUME_FLUSH_CORE_SYNC_SAMPLE_TICKS	0
LIST_EXNEXT_1000_ENTRIES_FIRST_PASS_VOLUME_FLUSH_IFACE_FREE_CALLS	0
LIST_EXNEXT_1000_ENTRIES_FIRST_PASS_VOLUME_FLUSH_IFACE_FREE_SAMPLES	0
LIST_EXNEXT_1000_ENTRIES_FIRST_PASS_VOLUME_FLUSH_IFACE_FREE_SAMPLE_TICKS	0
LIST_EXNEXT_1000_ENTRIES_FIRST_PASS_VOLUME_FLUSH_SEAL_COMMIT_CALLS	0
LIST_EXNEXT_1000_ENTRIES_FIRST_PASS_VOLUME_FLUSH_SEAL_COMMIT_SAMPLES	0
LIST_EXNEXT_1000_ENTRIES_FIRST_PASS_VOLUME_FLUSH_SEAL_COMMIT_SAMPLE_TICKS	0
LIST_EXNEXT_1000_ENTRIES_FIRST_PASS_VOLUME_FLUSH_INODE_READ_CALLS	0
LIST_EXNEXT_1000_ENTRIES_FIRST_PASS_VOLUME_FLUSH_BTREE_SEARCH_CALLS	0
LIST_EXNEXT_1000_ENTRIES_FIRST_PASS_VOLUME_FLUSH_BTREE_INDEX_HINT_HITS	0
LIST_EXNEXT_1000_ENTRIES_FIRST_PASS_VOLUME_FLUSH_BTREE_LEAF_HINT_HITS	0
LIST_EXNEXT_1000_ENTRIES_FIRST_PASS_VOLUME_FLUSH_CACHE_READ_CALLS	0
LIST_EXNEXT_1000_ENTRIES_FIRST_PASS_VOLUME_FLUSH_CACHE_READ_HITS	0
LIST_EXNEXT_1000_ENTRIES_FIRST_PASS_VOLUME_FLUSH_CACHE_READ_MISSES	0
LIST_EXNEXT_1000_ENTRIES_FIRST_PASS_VOLUME_FLUSH_FREE_TREE_NODE_VIEWS	0
LIST_EXNEXT_1000_ENTRIES_FIRST_PASS_VOLUME_FLUSH_FREE_TREE_RESIDENT_VIEWS	0
LIST_EXNEXT_1000_ENTRIES_FIRST_PASS_VOLUME_FLUSH_DIR_TREE_NODE_VIEWS	0
LIST_EXNEXT_1000_ENTRIES_FIRST_PASS_VOLUME_FLUSH_DIR_TREE_RESIDENT_VIEWS	0
LIST_EXNEXT_1000_ENTRIES_FIRST_PASS_VOLUME_FLUSH_INODE_TREE_NODE_VIEWS	0
LIST_EXNEXT_1000_ENTRIES_FIRST_PASS_VOLUME_FLUSH_INODE_TREE_RESIDENT_VIEWS	0
LIST_EXNEXT_1000_ENTRIES_FIRST_PASS_VOLUME_FLUSH_REFCOUNT_TREE_NODE_VIEWS	0
LIST_EXNEXT_1000_ENTRIES_FIRST_PASS_VOLUME_FLUSH_REFCOUNT_TREE_RESIDENT_VIEWS	0
LIST_EXNEXT_1000_ENTRIES_FIRST_PASS_VOLUME_FLUSH_OTHER_TREE_NODE_VIEWS	0
LIST_EXNEXT_1000_ENTRIES_FIRST_PASS_VOLUME_FLUSH_OTHER_TREE_RESIDENT_VIEWS	0
LIST_EXNEXT_1000_ENTRIES_FIRST_PASS_VOLUME_FLUSH_WRITE_DETAIL_INODE_READ_CALLS	0
LIST_EXNEXT_1000_ENTRIES_FIRST_PASS_VOLUME_FLUSH_WRITE_DETAIL_INODE_READ_SAMPLES	0
LIST_EXNEXT_1000_ENTRIES_FIRST_PASS_VOLUME_FLUSH_WRITE_DETAIL_INODE_READ_SAMPLE_TICKS	0
LIST_EXNEXT_1000_ENTRIES_FIRST_PASS_VOLUME_FLUSH_WRITE_DETAIL_INODE_WRITE_CALLS	0
LIST_EXNEXT_1000_ENTRIES_FIRST_PASS_VOLUME_FLUSH_WRITE_DETAIL_INODE_WRITE_SAMPLES	0
LIST_EXNEXT_1000_ENTRIES_FIRST_PASS_VOLUME_FLUSH_WRITE_DETAIL_INODE_WRITE_SAMPLE_TICKS	0
LIST_EXNEXT_1000_ENTRIES_FIRST_PASS_VOLUME_FLUSH_WRITE_DETAIL_EXTENT_MAP_CALLS	0
LIST_EXNEXT_1000_ENTRIES_FIRST_PASS_VOLUME_FLUSH_WRITE_DETAIL_EXTENT_MAP_SAMPLES	0
LIST_EXNEXT_1000_ENTRIES_FIRST_PASS_VOLUME_FLUSH_WRITE_DETAIL_EXTENT_MAP_SAMPLE_TICKS	0
LIST_EXNEXT_1000_ENTRIES_FIRST_PASS_VOLUME_FLUSH_WRITE_DETAIL_FREESPACE_GOAL_CALLS	0
LIST_EXNEXT_1000_ENTRIES_FIRST_PASS_VOLUME_FLUSH_WRITE_DETAIL_FREESPACE_GOAL_SAMPLES	0
LIST_EXNEXT_1000_ENTRIES_FIRST_PASS_VOLUME_FLUSH_WRITE_DETAIL_FREESPACE_GOAL_SAMPLE_TICKS	0
LIST_EXNEXT_1000_ENTRIES_FIRST_PASS_VOLUME_FLUSH_BTREE_MALLOC_CALLS	0
LIST_EXNEXT_1000_ENTRIES_FIRST_PASS_VOLUME_FLUSH_BTREE_MALLOC_SAMPLES	0
LIST_EXNEXT_1000_ENTRIES_FIRST_PASS_VOLUME_FLUSH_BTREE_MALLOC_SAMPLE_TICKS	0
LIST_EXNEXT_1000_ENTRIES_FIRST_PASS_VOLUME_FLUSH_BTREE_FREE_CALLS	0
LIST_EXNEXT_1000_ENTRIES_FIRST_PASS_VOLUME_FLUSH_BTREE_FREE_SAMPLES	0
LIST_EXNEXT_1000_ENTRIES_FIRST_PASS_VOLUME_FLUSH_BTREE_FREE_SAMPLE_TICKS	0
LIST_EXNEXT_1000_ENTRIES_FIRST_PASS_VOLUME_FLUSH_IFACE_ALLOC_CALLS	0
LIST_EXNEXT_1000_ENTRIES_FIRST_PASS_VOLUME_FLUSH_IFACE_ALLOC_SAMPLES	0
LIST_EXNEXT_1000_ENTRIES_FIRST_PASS_VOLUME_FLUSH_IFACE_ALLOC_SAMPLE_TICKS	0
LIST_EXNEXT_1000_ENTRIES_FIRST_PASS_VOLUME_FLUSH_FREESPACE_ALLOC_CALLS	0
LIST_EXNEXT_1000_ENTRIES_FIRST_PASS_VOLUME_FLUSH_FREESPACE_ALLOC_SAMPLES	0
LIST_EXNEXT_1000_ENTRIES_FIRST_PASS_VOLUME_FLUSH_FREESPACE_ALLOC_SAMPLE_TICKS	0
LIST_EXNEXT_1000_ENTRIES_FIRST_PASS_VOLUME_FLUSH_DETAIL_INODE_READ_CALLS	0
LIST_EXNEXT_1000_ENTRIES_FIRST_PASS_VOLUME_FLUSH_DETAIL_INODE_READ_SAMPLES	0
LIST_EXNEXT_1000_ENTRIES_FIRST_PASS_VOLUME_FLUSH_DETAIL_INODE_READ_SAMPLE_TICKS	0
LIST_EXNEXT_1000_ENTRIES_FIRST_PASS_VOLUME_FLUSH_DETAIL_INODE_VALIDATE_CALLS	0
LIST_EXNEXT_1000_ENTRIES_FIRST_PASS_VOLUME_FLUSH_DETAIL_INODE_VALIDATE_SAMPLES	0
LIST_EXNEXT_1000_ENTRIES_FIRST_PASS_VOLUME_FLUSH_DETAIL_INODE_VALIDATE_SAMPLE_TICKS	0
LIST_EXNEXT_1000_ENTRIES_FIRST_PASS_VOLUME_FLUSH_DETAIL_INODE_SEARCH_CALLS	0
LIST_EXNEXT_1000_ENTRIES_FIRST_PASS_VOLUME_FLUSH_DETAIL_INODE_SEARCH_SAMPLES	0
LIST_EXNEXT_1000_ENTRIES_FIRST_PASS_VOLUME_FLUSH_DETAIL_INODE_SEARCH_SAMPLE_TICKS	0
LIST_EXNEXT_1000_ENTRIES_FIRST_PASS_VOLUME_FLUSH_DETAIL_INODE_NODE_VIEW_CALLS	0
LIST_EXNEXT_1000_ENTRIES_FIRST_PASS_VOLUME_FLUSH_DETAIL_INODE_NODE_VIEW_SAMPLES	0
LIST_EXNEXT_1000_ENTRIES_FIRST_PASS_VOLUME_FLUSH_DETAIL_INODE_NODE_VIEW_SAMPLE_TICKS	0
LIST_EXNEXT_1000_ENTRIES_FIRST_PASS_VOLUME_FLUSH_DETAIL_DIR_NODE_VIEW_CALLS	0
LIST_EXNEXT_1000_ENTRIES_FIRST_PASS_VOLUME_FLUSH_DETAIL_DIR_NODE_VIEW_SAMPLES	0
LIST_EXNEXT_1000_ENTRIES_FIRST_PASS_VOLUME_FLUSH_DETAIL_DIR_NODE_VIEW_SAMPLE_TICKS	0
LIST_EXNEXT_1000_ENTRIES_FIRST_PASS_VOLUME_FLUSH_DETAIL_INODE_BINARY_SEARCH_CALLS	0
LIST_EXNEXT_1000_ENTRIES_FIRST_PASS_VOLUME_FLUSH_DETAIL_INODE_BINARY_SEARCH_SAMPLES	0
LIST_EXNEXT_1000_ENTRIES_FIRST_PASS_VOLUME_FLUSH_DETAIL_INODE_BINARY_SEARCH_SAMPLE_TICKS	0
LIST_EXNEXT_1000_ENTRIES_FIRST_PASS_VOLUME_FLUSH_DETAIL_DIR_BINARY_SEARCH_CALLS	0
LIST_EXNEXT_1000_ENTRIES_FIRST_PASS_VOLUME_FLUSH_DETAIL_DIR_BINARY_SEARCH_SAMPLES	0
LIST_EXNEXT_1000_ENTRIES_FIRST_PASS_VOLUME_FLUSH_DETAIL_DIR_BINARY_SEARCH_SAMPLE_TICKS	0
LIST_EXNEXT_1000_ENTRIES_FIRST_PASS_VOLUME_FLUSH_DETAIL_NODE_STRUCTURE_CALLS	0
LIST_EXNEXT_1000_ENTRIES_FIRST_PASS_VOLUME_FLUSH_DETAIL_NODE_STRUCTURE_SAMPLES	0
LIST_EXNEXT_1000_ENTRIES_FIRST_PASS_VOLUME_FLUSH_DETAIL_NODE_STRUCTURE_SAMPLE_TICKS	0
LIST_EXNEXT_1000_ENTRIES_FIRST_PASS_VOLUME_FLUSH_DETAIL_CACHE_PEEK_CALLS	0
LIST_EXNEXT_1000_ENTRIES_FIRST_PASS_VOLUME_FLUSH_DETAIL_CACHE_PEEK_SAMPLES	0
LIST_EXNEXT_1000_ENTRIES_FIRST_PASS_VOLUME_FLUSH_DETAIL_CACHE_PEEK_SAMPLE_TICKS	0
LIST_EXNEXT_1000_ENTRIES_FIRST_PASS_VOLUME_FLUSH_DETAIL_BUFFER_ALLOC_CALLS	0
LIST_EXNEXT_1000_ENTRIES_FIRST_PASS_VOLUME_FLUSH_DETAIL_BUFFER_ALLOC_SAMPLES	0
LIST_EXNEXT_1000_ENTRIES_FIRST_PASS_VOLUME_FLUSH_DETAIL_BUFFER_ALLOC_SAMPLE_TICKS	0
LIST_EXNEXT_1000_ENTRIES_FIRST_PASS_VOLUME_FLUSH_DETAIL_BUFFER_FREE_CALLS	0
LIST_EXNEXT_1000_ENTRIES_FIRST_PASS_VOLUME_FLUSH_DETAIL_BUFFER_FREE_SAMPLES	0
LIST_EXNEXT_1000_ENTRIES_FIRST_PASS_VOLUME_FLUSH_DETAIL_BUFFER_FREE_SAMPLE_TICKS	0
LIST_EXNEXT_1000_ENTRIES_FIRST_PASS_VOLUME_FLUSH_DETAIL_EXALL_FILL_CALLS	0
LIST_EXNEXT_1000_ENTRIES_FIRST_PASS_VOLUME_FLUSH_DETAIL_EXALL_FILL_SAMPLES	0
LIST_EXNEXT_1000_ENTRIES_FIRST_PASS_VOLUME_FLUSH_DETAIL_EXALL_FILL_SAMPLE_TICKS	0
LIST_EXNEXT_1000_ENTRIES_FIRST_PASS_VOLUME_FLUSH_FREESPACE_ALLOCS	0
LIST_EXNEXT_1000_ENTRIES_REPEAT10_TOTAL_US	789435
LIST_EXNEXT_1000_ENTRIES_REPEAT10_TOTAL_WORK_US	789435
LIST_EXNEXT_1000_ENTRIES_REPEAT10_TOTAL_VOLUME_FLUSH_US	0
LIST_EXNEXT_1000_ENTRIES_REPEAT10_TOTAL_HAS_VOLUME_FLUSH	0
LIST_EXNEXT_1000_ENTRIES_REPEAT10_TOTAL_GUEST_OPEN_CALLS	0
LIST_EXNEXT_1000_ENTRIES_REPEAT10_TOTAL_GUEST_OPEN_US	0
LIST_EXNEXT_1000_ENTRIES_REPEAT10_TOTAL_GUEST_READ_CALLS	0
LIST_EXNEXT_1000_ENTRIES_REPEAT10_TOTAL_GUEST_READ_US	0
LIST_EXNEXT_1000_ENTRIES_REPEAT10_TOTAL_GUEST_WRITE_CALLS	0
LIST_EXNEXT_1000_ENTRIES_REPEAT10_TOTAL_GUEST_WRITE_US	0
LIST_EXNEXT_1000_ENTRIES_REPEAT10_TOTAL_GUEST_HANDLE_FLUSH_CALLS	0
LIST_EXNEXT_1000_ENTRIES_REPEAT10_TOTAL_GUEST_HANDLE_FLUSH_US	0
LIST_EXNEXT_1000_ENTRIES_REPEAT10_TOTAL_GUEST_CLOSE_CALLS	0
LIST_EXNEXT_1000_ENTRIES_REPEAT10_TOTAL_GUEST_CLOSE_US	0
LIST_EXNEXT_1000_ENTRIES_REPEAT10_TOTAL_GUEST_VERIFY_CALLS	0
LIST_EXNEXT_1000_ENTRIES_REPEAT10_TOTAL_GUEST_VERIFY_US	0
LIST_EXNEXT_1000_ENTRIES_REPEAT10_TOTAL_WORK_BIO_READS	0
LIST_EXNEXT_1000_ENTRIES_REPEAT10_TOTAL_WORK_BIO_WRITES	0
LIST_EXNEXT_1000_ENTRIES_REPEAT10_TOTAL_WORK_BIO_UPDATES	0
LIST_EXNEXT_1000_ENTRIES_REPEAT10_TOTAL_WORK_DATA_READS	0
LIST_EXNEXT_1000_ENTRIES_REPEAT10_TOTAL_WORK_DATA_WRITES	0
LIST_EXNEXT_1000_ENTRIES_REPEAT10_TOTAL_WORK_NODE_WRITES	0
LIST_EXNEXT_1000_ENTRIES_REPEAT10_TOTAL_WORK_TXN_COMMITS	0
LIST_EXNEXT_1000_ENTRIES_REPEAT10_TOTAL_WORK_EXTENT_MAPS	0
LIST_EXNEXT_1000_ENTRIES_REPEAT10_TOTAL_WORK_READ_TICKS	0
LIST_EXNEXT_1000_ENTRIES_REPEAT10_TOTAL_WORK_WRITE_TICKS	0
LIST_EXNEXT_1000_ENTRIES_REPEAT10_TOTAL_WORK_UPDATE_TICKS	0
LIST_EXNEXT_1000_ENTRIES_REPEAT10_TOTAL_WORK_DATA_READ_TICKS	0
LIST_EXNEXT_1000_ENTRIES_REPEAT10_TOTAL_WORK_DATA_WRITE_TICKS	0
LIST_EXNEXT_1000_ENTRIES_REPEAT10_TOTAL_WORK_NODE_CRC_READ_CALLS	0
LIST_EXNEXT_1000_ENTRIES_REPEAT10_TOTAL_WORK_NODE_CRC_READ_SAMPLES	0
LIST_EXNEXT_1000_ENTRIES_REPEAT10_TOTAL_WORK_NODE_CRC_READ_SAMPLE_TICKS	0
LIST_EXNEXT_1000_ENTRIES_REPEAT10_TOTAL_WORK_NODE_CRC_WRITE_CALLS	0
LIST_EXNEXT_1000_ENTRIES_REPEAT10_TOTAL_WORK_NODE_CRC_WRITE_SAMPLES	0
LIST_EXNEXT_1000_ENTRIES_REPEAT10_TOTAL_WORK_NODE_CRC_WRITE_SAMPLE_TICKS	0
LIST_EXNEXT_1000_ENTRIES_REPEAT10_TOTAL_WORK_CLOCK_PAIR_TICKS	0
LIST_EXNEXT_1000_ENTRIES_REPEAT10_TOTAL_WORK_PACKET_CALLS	10022
LIST_EXNEXT_1000_ENTRIES_REPEAT10_TOTAL_WORK_PACKET_SAMPLES	10022
LIST_EXNEXT_1000_ENTRIES_REPEAT10_TOTAL_WORK_PACKET_SAMPLE_TICKS	377968
LIST_EXNEXT_1000_ENTRIES_REPEAT10_TOTAL_WORK_PACKET_OPEN_CALLS	0
LIST_EXNEXT_1000_ENTRIES_REPEAT10_TOTAL_WORK_PACKET_OPEN_SAMPLES	0
LIST_EXNEXT_1000_ENTRIES_REPEAT10_TOTAL_WORK_PACKET_OPEN_SAMPLE_TICKS	0
LIST_EXNEXT_1000_ENTRIES_REPEAT10_TOTAL_WORK_PACKET_READ_CALLS	0
LIST_EXNEXT_1000_ENTRIES_REPEAT10_TOTAL_WORK_PACKET_READ_SAMPLES	0
LIST_EXNEXT_1000_ENTRIES_REPEAT10_TOTAL_WORK_PACKET_READ_SAMPLE_TICKS	0
LIST_EXNEXT_1000_ENTRIES_REPEAT10_TOTAL_WORK_PACKET_WRITE_CALLS	0
LIST_EXNEXT_1000_ENTRIES_REPEAT10_TOTAL_WORK_PACKET_WRITE_SAMPLES	0
LIST_EXNEXT_1000_ENTRIES_REPEAT10_TOTAL_WORK_PACKET_WRITE_SAMPLE_TICKS	0
LIST_EXNEXT_1000_ENTRIES_REPEAT10_TOTAL_WORK_PACKET_END_CALLS	0
LIST_EXNEXT_1000_ENTRIES_REPEAT10_TOTAL_WORK_PACKET_END_SAMPLES	0
LIST_EXNEXT_1000_ENTRIES_REPEAT10_TOTAL_WORK_PACKET_END_SAMPLE_TICKS	0
LIST_EXNEXT_1000_ENTRIES_REPEAT10_TOTAL_WORK_PACKET_DELETE_CALLS	0
LIST_EXNEXT_1000_ENTRIES_REPEAT10_TOTAL_WORK_PACKET_DELETE_SAMPLES	0
LIST_EXNEXT_1000_ENTRIES_REPEAT10_TOTAL_WORK_PACKET_DELETE_SAMPLE_TICKS	0
LIST_EXNEXT_1000_ENTRIES_REPEAT10_TOTAL_WORK_PACKET_FLUSH_CALLS	0
LIST_EXNEXT_1000_ENTRIES_REPEAT10_TOTAL_WORK_PACKET_FLUSH_SAMPLES	0
LIST_EXNEXT_1000_ENTRIES_REPEAT10_TOTAL_WORK_PACKET_FLUSH_SAMPLE_TICKS	0
LIST_EXNEXT_1000_ENTRIES_REPEAT10_TOTAL_WORK_PACKET_OTHER_CALLS	10022
LIST_EXNEXT_1000_ENTRIES_REPEAT10_TOTAL_WORK_PACKET_OTHER_SAMPLES	10022
LIST_EXNEXT_1000_ENTRIES_REPEAT10_TOTAL_WORK_PACKET_OTHER_SAMPLE_TICKS	377968
LIST_EXNEXT_1000_ENTRIES_REPEAT10_TOTAL_WORK_CORE_CREATE_CALLS	0
LIST_EXNEXT_1000_ENTRIES_REPEAT10_TOTAL_WORK_CORE_CREATE_SAMPLES	0
LIST_EXNEXT_1000_ENTRIES_REPEAT10_TOTAL_WORK_CORE_CREATE_SAMPLE_TICKS	0
LIST_EXNEXT_1000_ENTRIES_REPEAT10_TOTAL_WORK_CORE_DELETE_CALLS	0
LIST_EXNEXT_1000_ENTRIES_REPEAT10_TOTAL_WORK_CORE_DELETE_SAMPLES	0
LIST_EXNEXT_1000_ENTRIES_REPEAT10_TOTAL_WORK_CORE_DELETE_SAMPLE_TICKS	0
LIST_EXNEXT_1000_ENTRIES_REPEAT10_TOTAL_WORK_CORE_FILE_WRITE_CALLS	0
LIST_EXNEXT_1000_ENTRIES_REPEAT10_TOTAL_WORK_CORE_FILE_WRITE_SAMPLES	0
LIST_EXNEXT_1000_ENTRIES_REPEAT10_TOTAL_WORK_CORE_FILE_WRITE_SAMPLE_TICKS	0
LIST_EXNEXT_1000_ENTRIES_REPEAT10_TOTAL_WORK_CORE_SYNC_CALLS	0
LIST_EXNEXT_1000_ENTRIES_REPEAT10_TOTAL_WORK_CORE_SYNC_SAMPLES	0
LIST_EXNEXT_1000_ENTRIES_REPEAT10_TOTAL_WORK_CORE_SYNC_SAMPLE_TICKS	0
LIST_EXNEXT_1000_ENTRIES_REPEAT10_TOTAL_WORK_IFACE_FREE_CALLS	0
LIST_EXNEXT_1000_ENTRIES_REPEAT10_TOTAL_WORK_IFACE_FREE_SAMPLES	0
LIST_EXNEXT_1000_ENTRIES_REPEAT10_TOTAL_WORK_IFACE_FREE_SAMPLE_TICKS	0
LIST_EXNEXT_1000_ENTRIES_REPEAT10_TOTAL_WORK_SEAL_COMMIT_CALLS	0
LIST_EXNEXT_1000_ENTRIES_REPEAT10_TOTAL_WORK_SEAL_COMMIT_SAMPLES	0
LIST_EXNEXT_1000_ENTRIES_REPEAT10_TOTAL_WORK_SEAL_COMMIT_SAMPLE_TICKS	0
LIST_EXNEXT_1000_ENTRIES_REPEAT10_TOTAL_WORK_INODE_READ_CALLS	10010
LIST_EXNEXT_1000_ENTRIES_REPEAT10_TOTAL_WORK_BTREE_SEARCH_CALLS	10011
LIST_EXNEXT_1000_ENTRIES_REPEAT10_TOTAL_WORK_BTREE_INDEX_HINT_HITS	0
LIST_EXNEXT_1000_ENTRIES_REPEAT10_TOTAL_WORK_BTREE_LEAF_HINT_HITS	10011
LIST_EXNEXT_1000_ENTRIES_REPEAT10_TOTAL_WORK_CACHE_READ_CALLS	0
LIST_EXNEXT_1000_ENTRIES_REPEAT10_TOTAL_WORK_CACHE_READ_HITS	0
LIST_EXNEXT_1000_ENTRIES_REPEAT10_TOTAL_WORK_CACHE_READ_MISSES	0
LIST_EXNEXT_1000_ENTRIES_REPEAT10_TOTAL_WORK_FREE_TREE_NODE_VIEWS	0
LIST_EXNEXT_1000_ENTRIES_REPEAT10_TOTAL_WORK_FREE_TREE_RESIDENT_VIEWS	0
LIST_EXNEXT_1000_ENTRIES_REPEAT10_TOTAL_WORK_DIR_TREE_NODE_VIEWS	840
LIST_EXNEXT_1000_ENTRIES_REPEAT10_TOTAL_WORK_DIR_TREE_RESIDENT_VIEWS	840
LIST_EXNEXT_1000_ENTRIES_REPEAT10_TOTAL_WORK_INODE_TREE_NODE_VIEWS	0
LIST_EXNEXT_1000_ENTRIES_REPEAT10_TOTAL_WORK_INODE_TREE_RESIDENT_VIEWS	0
LIST_EXNEXT_1000_ENTRIES_REPEAT10_TOTAL_WORK_REFCOUNT_TREE_NODE_VIEWS	0
LIST_EXNEXT_1000_ENTRIES_REPEAT10_TOTAL_WORK_REFCOUNT_TREE_RESIDENT_VIEWS	0
LIST_EXNEXT_1000_ENTRIES_REPEAT10_TOTAL_WORK_OTHER_TREE_NODE_VIEWS	0
LIST_EXNEXT_1000_ENTRIES_REPEAT10_TOTAL_WORK_OTHER_TREE_RESIDENT_VIEWS	0
LIST_EXNEXT_1000_ENTRIES_REPEAT10_TOTAL_WORK_WRITE_DETAIL_INODE_READ_CALLS	10010
LIST_EXNEXT_1000_ENTRIES_REPEAT10_TOTAL_WORK_WRITE_DETAIL_INODE_READ_SAMPLES	10010
LIST_EXNEXT_1000_ENTRIES_REPEAT10_TOTAL_WORK_WRITE_DETAIL_INODE_READ_SAMPLE_TICKS	188621
LIST_EXNEXT_1000_ENTRIES_REPEAT10_TOTAL_WORK_WRITE_DETAIL_INODE_WRITE_CALLS	0
LIST_EXNEXT_1000_ENTRIES_REPEAT10_TOTAL_WORK_WRITE_DETAIL_INODE_WRITE_SAMPLES	0
LIST_EXNEXT_1000_ENTRIES_REPEAT10_TOTAL_WORK_WRITE_DETAIL_INODE_WRITE_SAMPLE_TICKS	0
LIST_EXNEXT_1000_ENTRIES_REPEAT10_TOTAL_WORK_WRITE_DETAIL_EXTENT_MAP_CALLS	0
LIST_EXNEXT_1000_ENTRIES_REPEAT10_TOTAL_WORK_WRITE_DETAIL_EXTENT_MAP_SAMPLES	0
LIST_EXNEXT_1000_ENTRIES_REPEAT10_TOTAL_WORK_WRITE_DETAIL_EXTENT_MAP_SAMPLE_TICKS	0
LIST_EXNEXT_1000_ENTRIES_REPEAT10_TOTAL_WORK_WRITE_DETAIL_FREESPACE_GOAL_CALLS	0
LIST_EXNEXT_1000_ENTRIES_REPEAT10_TOTAL_WORK_WRITE_DETAIL_FREESPACE_GOAL_SAMPLES	0
LIST_EXNEXT_1000_ENTRIES_REPEAT10_TOTAL_WORK_WRITE_DETAIL_FREESPACE_GOAL_SAMPLE_TICKS	0
LIST_EXNEXT_1000_ENTRIES_REPEAT10_TOTAL_WORK_BTREE_MALLOC_CALLS	201
LIST_EXNEXT_1000_ENTRIES_REPEAT10_TOTAL_WORK_BTREE_MALLOC_SAMPLES	201
LIST_EXNEXT_1000_ENTRIES_REPEAT10_TOTAL_WORK_BTREE_MALLOC_SAMPLE_TICKS	1170
LIST_EXNEXT_1000_ENTRIES_REPEAT10_TOTAL_WORK_BTREE_FREE_CALLS	342
LIST_EXNEXT_1000_ENTRIES_REPEAT10_TOTAL_WORK_BTREE_FREE_SAMPLES	342
LIST_EXNEXT_1000_ENTRIES_REPEAT10_TOTAL_WORK_BTREE_FREE_SAMPLE_TICKS	1016
LIST_EXNEXT_1000_ENTRIES_REPEAT10_TOTAL_WORK_IFACE_ALLOC_CALLS	0
LIST_EXNEXT_1000_ENTRIES_REPEAT10_TOTAL_WORK_IFACE_ALLOC_SAMPLES	0
LIST_EXNEXT_1000_ENTRIES_REPEAT10_TOTAL_WORK_IFACE_ALLOC_SAMPLE_TICKS	0
LIST_EXNEXT_1000_ENTRIES_REPEAT10_TOTAL_WORK_FREESPACE_ALLOC_CALLS	0
LIST_EXNEXT_1000_ENTRIES_REPEAT10_TOTAL_WORK_FREESPACE_ALLOC_SAMPLES	0
LIST_EXNEXT_1000_ENTRIES_REPEAT10_TOTAL_WORK_FREESPACE_ALLOC_SAMPLE_TICKS	0
LIST_EXNEXT_1000_ENTRIES_REPEAT10_TOTAL_WORK_DETAIL_INODE_READ_CALLS	10010
LIST_EXNEXT_1000_ENTRIES_REPEAT10_TOTAL_WORK_DETAIL_INODE_READ_SAMPLES	588
LIST_EXNEXT_1000_ENTRIES_REPEAT10_TOTAL_WORK_DETAIL_INODE_READ_SAMPLE_TICKS	14254
LIST_EXNEXT_1000_ENTRIES_REPEAT10_TOTAL_WORK_DETAIL_INODE_VALIDATE_CALLS	10010
LIST_EXNEXT_1000_ENTRIES_REPEAT10_TOTAL_WORK_DETAIL_INODE_VALIDATE_SAMPLES	588
LIST_EXNEXT_1000_ENTRIES_REPEAT10_TOTAL_WORK_DETAIL_INODE_VALIDATE_SAMPLE_TICKS	1310
LIST_EXNEXT_1000_ENTRIES_REPEAT10_TOTAL_WORK_DETAIL_INODE_SEARCH_CALLS	10010
LIST_EXNEXT_1000_ENTRIES_REPEAT10_TOTAL_WORK_DETAIL_INODE_SEARCH_SAMPLES	588
LIST_EXNEXT_1000_ENTRIES_REPEAT10_TOTAL_WORK_DETAIL_INODE_SEARCH_SAMPLE_TICKS	7755
LIST_EXNEXT_1000_ENTRIES_REPEAT10_TOTAL_WORK_DETAIL_INODE_NODE_VIEW_CALLS	0
LIST_EXNEXT_1000_ENTRIES_REPEAT10_TOTAL_WORK_DETAIL_INODE_NODE_VIEW_SAMPLES	0
LIST_EXNEXT_1000_ENTRIES_REPEAT10_TOTAL_WORK_DETAIL_INODE_NODE_VIEW_SAMPLE_TICKS	0
LIST_EXNEXT_1000_ENTRIES_REPEAT10_TOTAL_WORK_DETAIL_DIR_NODE_VIEW_CALLS	840
LIST_EXNEXT_1000_ENTRIES_REPEAT10_TOTAL_WORK_DETAIL_DIR_NODE_VIEW_SAMPLES	49
LIST_EXNEXT_1000_ENTRIES_REPEAT10_TOTAL_WORK_DETAIL_DIR_NODE_VIEW_SAMPLE_TICKS	455
LIST_EXNEXT_1000_ENTRIES_REPEAT10_TOTAL_WORK_DETAIL_INODE_BINARY_SEARCH_CALLS	0
LIST_EXNEXT_1000_ENTRIES_REPEAT10_TOTAL_WORK_DETAIL_INODE_BINARY_SEARCH_SAMPLES	0
LIST_EXNEXT_1000_ENTRIES_REPEAT10_TOTAL_WORK_DETAIL_INODE_BINARY_SEARCH_SAMPLE_TICKS	0
LIST_EXNEXT_1000_ENTRIES_REPEAT10_TOTAL_WORK_DETAIL_DIR_BINARY_SEARCH_CALLS	451
LIST_EXNEXT_1000_ENTRIES_REPEAT10_TOTAL_WORK_DETAIL_DIR_BINARY_SEARCH_SAMPLES	26
LIST_EXNEXT_1000_ENTRIES_REPEAT10_TOTAL_WORK_DETAIL_DIR_BINARY_SEARCH_SAMPLE_TICKS	71
LIST_EXNEXT_1000_ENTRIES_REPEAT10_TOTAL_WORK_DETAIL_NODE_STRUCTURE_CALLS	0
LIST_EXNEXT_1000_ENTRIES_REPEAT10_TOTAL_WORK_DETAIL_NODE_STRUCTURE_SAMPLES	0
LIST_EXNEXT_1000_ENTRIES_REPEAT10_TOTAL_WORK_DETAIL_NODE_STRUCTURE_SAMPLE_TICKS	0
LIST_EXNEXT_1000_ENTRIES_REPEAT10_TOTAL_WORK_DETAIL_CACHE_PEEK_CALLS	10851
LIST_EXNEXT_1000_ENTRIES_REPEAT10_TOTAL_WORK_DETAIL_CACHE_PEEK_SAMPLES	638
LIST_EXNEXT_1000_ENTRIES_REPEAT10_TOTAL_WORK_DETAIL_CACHE_PEEK_SAMPLE_TICKS	2256
LIST_EXNEXT_1000_ENTRIES_REPEAT10_TOTAL_WORK_DETAIL_BUFFER_ALLOC_CALLS	341
LIST_EXNEXT_1000_ENTRIES_REPEAT10_TOTAL_WORK_DETAIL_BUFFER_ALLOC_SAMPLES	20
LIST_EXNEXT_1000_ENTRIES_REPEAT10_TOTAL_WORK_DETAIL_BUFFER_ALLOC_SAMPLE_TICKS	6
LIST_EXNEXT_1000_ENTRIES_REPEAT10_TOTAL_WORK_DETAIL_BUFFER_FREE_CALLS	341
LIST_EXNEXT_1000_ENTRIES_REPEAT10_TOTAL_WORK_DETAIL_BUFFER_FREE_SAMPLES	20
LIST_EXNEXT_1000_ENTRIES_REPEAT10_TOTAL_WORK_DETAIL_BUFFER_FREE_SAMPLE_TICKS	45
LIST_EXNEXT_1000_ENTRIES_REPEAT10_TOTAL_WORK_DETAIL_EXALL_FILL_CALLS	0
LIST_EXNEXT_1000_ENTRIES_REPEAT10_TOTAL_WORK_DETAIL_EXALL_FILL_SAMPLES	0
LIST_EXNEXT_1000_ENTRIES_REPEAT10_TOTAL_WORK_DETAIL_EXALL_FILL_SAMPLE_TICKS	0
LIST_EXNEXT_1000_ENTRIES_REPEAT10_TOTAL_WORK_FREESPACE_ALLOCS	0
LIST_EXNEXT_1000_ENTRIES_REPEAT10_TOTAL_VOLUME_FLUSH_BIO_READS	0
LIST_EXNEXT_1000_ENTRIES_REPEAT10_TOTAL_VOLUME_FLUSH_BIO_WRITES	0
LIST_EXNEXT_1000_ENTRIES_REPEAT10_TOTAL_VOLUME_FLUSH_BIO_UPDATES	0
LIST_EXNEXT_1000_ENTRIES_REPEAT10_TOTAL_VOLUME_FLUSH_DATA_READS	0
LIST_EXNEXT_1000_ENTRIES_REPEAT10_TOTAL_VOLUME_FLUSH_DATA_WRITES	0
LIST_EXNEXT_1000_ENTRIES_REPEAT10_TOTAL_VOLUME_FLUSH_NODE_WRITES	0
LIST_EXNEXT_1000_ENTRIES_REPEAT10_TOTAL_VOLUME_FLUSH_TXN_COMMITS	0
LIST_EXNEXT_1000_ENTRIES_REPEAT10_TOTAL_VOLUME_FLUSH_EXTENT_MAPS	0
LIST_EXNEXT_1000_ENTRIES_REPEAT10_TOTAL_VOLUME_FLUSH_READ_TICKS	0
LIST_EXNEXT_1000_ENTRIES_REPEAT10_TOTAL_VOLUME_FLUSH_WRITE_TICKS	0
LIST_EXNEXT_1000_ENTRIES_REPEAT10_TOTAL_VOLUME_FLUSH_UPDATE_TICKS	0
LIST_EXNEXT_1000_ENTRIES_REPEAT10_TOTAL_VOLUME_FLUSH_DATA_READ_TICKS	0
LIST_EXNEXT_1000_ENTRIES_REPEAT10_TOTAL_VOLUME_FLUSH_DATA_WRITE_TICKS	0
LIST_EXNEXT_1000_ENTRIES_REPEAT10_TOTAL_VOLUME_FLUSH_NODE_CRC_READ_CALLS	0
LIST_EXNEXT_1000_ENTRIES_REPEAT10_TOTAL_VOLUME_FLUSH_NODE_CRC_READ_SAMPLES	0
LIST_EXNEXT_1000_ENTRIES_REPEAT10_TOTAL_VOLUME_FLUSH_NODE_CRC_READ_SAMPLE_TICKS	0
LIST_EXNEXT_1000_ENTRIES_REPEAT10_TOTAL_VOLUME_FLUSH_NODE_CRC_WRITE_CALLS	0
LIST_EXNEXT_1000_ENTRIES_REPEAT10_TOTAL_VOLUME_FLUSH_NODE_CRC_WRITE_SAMPLES	0
LIST_EXNEXT_1000_ENTRIES_REPEAT10_TOTAL_VOLUME_FLUSH_NODE_CRC_WRITE_SAMPLE_TICKS	0
LIST_EXNEXT_1000_ENTRIES_REPEAT10_TOTAL_VOLUME_FLUSH_CLOCK_PAIR_TICKS	0
LIST_EXNEXT_1000_ENTRIES_REPEAT10_TOTAL_VOLUME_FLUSH_PACKET_CALLS	0
LIST_EXNEXT_1000_ENTRIES_REPEAT10_TOTAL_VOLUME_FLUSH_PACKET_SAMPLES	0
LIST_EXNEXT_1000_ENTRIES_REPEAT10_TOTAL_VOLUME_FLUSH_PACKET_SAMPLE_TICKS	0
LIST_EXNEXT_1000_ENTRIES_REPEAT10_TOTAL_VOLUME_FLUSH_PACKET_OPEN_CALLS	0
LIST_EXNEXT_1000_ENTRIES_REPEAT10_TOTAL_VOLUME_FLUSH_PACKET_OPEN_SAMPLES	0
LIST_EXNEXT_1000_ENTRIES_REPEAT10_TOTAL_VOLUME_FLUSH_PACKET_OPEN_SAMPLE_TICKS	0
LIST_EXNEXT_1000_ENTRIES_REPEAT10_TOTAL_VOLUME_FLUSH_PACKET_READ_CALLS	0
LIST_EXNEXT_1000_ENTRIES_REPEAT10_TOTAL_VOLUME_FLUSH_PACKET_READ_SAMPLES	0
LIST_EXNEXT_1000_ENTRIES_REPEAT10_TOTAL_VOLUME_FLUSH_PACKET_READ_SAMPLE_TICKS	0
LIST_EXNEXT_1000_ENTRIES_REPEAT10_TOTAL_VOLUME_FLUSH_PACKET_WRITE_CALLS	0
LIST_EXNEXT_1000_ENTRIES_REPEAT10_TOTAL_VOLUME_FLUSH_PACKET_WRITE_SAMPLES	0
LIST_EXNEXT_1000_ENTRIES_REPEAT10_TOTAL_VOLUME_FLUSH_PACKET_WRITE_SAMPLE_TICKS	0
LIST_EXNEXT_1000_ENTRIES_REPEAT10_TOTAL_VOLUME_FLUSH_PACKET_END_CALLS	0
LIST_EXNEXT_1000_ENTRIES_REPEAT10_TOTAL_VOLUME_FLUSH_PACKET_END_SAMPLES	0
LIST_EXNEXT_1000_ENTRIES_REPEAT10_TOTAL_VOLUME_FLUSH_PACKET_END_SAMPLE_TICKS	0
LIST_EXNEXT_1000_ENTRIES_REPEAT10_TOTAL_VOLUME_FLUSH_PACKET_DELETE_CALLS	0
LIST_EXNEXT_1000_ENTRIES_REPEAT10_TOTAL_VOLUME_FLUSH_PACKET_DELETE_SAMPLES	0
LIST_EXNEXT_1000_ENTRIES_REPEAT10_TOTAL_VOLUME_FLUSH_PACKET_DELETE_SAMPLE_TICKS	0
LIST_EXNEXT_1000_ENTRIES_REPEAT10_TOTAL_VOLUME_FLUSH_PACKET_FLUSH_CALLS	0
LIST_EXNEXT_1000_ENTRIES_REPEAT10_TOTAL_VOLUME_FLUSH_PACKET_FLUSH_SAMPLES	0
LIST_EXNEXT_1000_ENTRIES_REPEAT10_TOTAL_VOLUME_FLUSH_PACKET_FLUSH_SAMPLE_TICKS	0
LIST_EXNEXT_1000_ENTRIES_REPEAT10_TOTAL_VOLUME_FLUSH_PACKET_OTHER_CALLS	0
LIST_EXNEXT_1000_ENTRIES_REPEAT10_TOTAL_VOLUME_FLUSH_PACKET_OTHER_SAMPLES	0
LIST_EXNEXT_1000_ENTRIES_REPEAT10_TOTAL_VOLUME_FLUSH_PACKET_OTHER_SAMPLE_TICKS	0
LIST_EXNEXT_1000_ENTRIES_REPEAT10_TOTAL_VOLUME_FLUSH_CORE_CREATE_CALLS	0
LIST_EXNEXT_1000_ENTRIES_REPEAT10_TOTAL_VOLUME_FLUSH_CORE_CREATE_SAMPLES	0
LIST_EXNEXT_1000_ENTRIES_REPEAT10_TOTAL_VOLUME_FLUSH_CORE_CREATE_SAMPLE_TICKS	0
LIST_EXNEXT_1000_ENTRIES_REPEAT10_TOTAL_VOLUME_FLUSH_CORE_DELETE_CALLS	0
LIST_EXNEXT_1000_ENTRIES_REPEAT10_TOTAL_VOLUME_FLUSH_CORE_DELETE_SAMPLES	0
LIST_EXNEXT_1000_ENTRIES_REPEAT10_TOTAL_VOLUME_FLUSH_CORE_DELETE_SAMPLE_TICKS	0
LIST_EXNEXT_1000_ENTRIES_REPEAT10_TOTAL_VOLUME_FLUSH_CORE_FILE_WRITE_CALLS	0
LIST_EXNEXT_1000_ENTRIES_REPEAT10_TOTAL_VOLUME_FLUSH_CORE_FILE_WRITE_SAMPLES	0
LIST_EXNEXT_1000_ENTRIES_REPEAT10_TOTAL_VOLUME_FLUSH_CORE_FILE_WRITE_SAMPLE_TICKS	0
LIST_EXNEXT_1000_ENTRIES_REPEAT10_TOTAL_VOLUME_FLUSH_CORE_SYNC_CALLS	0
LIST_EXNEXT_1000_ENTRIES_REPEAT10_TOTAL_VOLUME_FLUSH_CORE_SYNC_SAMPLES	0
LIST_EXNEXT_1000_ENTRIES_REPEAT10_TOTAL_VOLUME_FLUSH_CORE_SYNC_SAMPLE_TICKS	0
LIST_EXNEXT_1000_ENTRIES_REPEAT10_TOTAL_VOLUME_FLUSH_IFACE_FREE_CALLS	0
LIST_EXNEXT_1000_ENTRIES_REPEAT10_TOTAL_VOLUME_FLUSH_IFACE_FREE_SAMPLES	0
LIST_EXNEXT_1000_ENTRIES_REPEAT10_TOTAL_VOLUME_FLUSH_IFACE_FREE_SAMPLE_TICKS	0
LIST_EXNEXT_1000_ENTRIES_REPEAT10_TOTAL_VOLUME_FLUSH_SEAL_COMMIT_CALLS	0
LIST_EXNEXT_1000_ENTRIES_REPEAT10_TOTAL_VOLUME_FLUSH_SEAL_COMMIT_SAMPLES	0
LIST_EXNEXT_1000_ENTRIES_REPEAT10_TOTAL_VOLUME_FLUSH_SEAL_COMMIT_SAMPLE_TICKS	0
LIST_EXNEXT_1000_ENTRIES_REPEAT10_TOTAL_VOLUME_FLUSH_INODE_READ_CALLS	0
LIST_EXNEXT_1000_ENTRIES_REPEAT10_TOTAL_VOLUME_FLUSH_BTREE_SEARCH_CALLS	0
LIST_EXNEXT_1000_ENTRIES_REPEAT10_TOTAL_VOLUME_FLUSH_BTREE_INDEX_HINT_HITS	0
LIST_EXNEXT_1000_ENTRIES_REPEAT10_TOTAL_VOLUME_FLUSH_BTREE_LEAF_HINT_HITS	0
LIST_EXNEXT_1000_ENTRIES_REPEAT10_TOTAL_VOLUME_FLUSH_CACHE_READ_CALLS	0
LIST_EXNEXT_1000_ENTRIES_REPEAT10_TOTAL_VOLUME_FLUSH_CACHE_READ_HITS	0
LIST_EXNEXT_1000_ENTRIES_REPEAT10_TOTAL_VOLUME_FLUSH_CACHE_READ_MISSES	0
LIST_EXNEXT_1000_ENTRIES_REPEAT10_TOTAL_VOLUME_FLUSH_FREE_TREE_NODE_VIEWS	0
LIST_EXNEXT_1000_ENTRIES_REPEAT10_TOTAL_VOLUME_FLUSH_FREE_TREE_RESIDENT_VIEWS	0
LIST_EXNEXT_1000_ENTRIES_REPEAT10_TOTAL_VOLUME_FLUSH_DIR_TREE_NODE_VIEWS	0
LIST_EXNEXT_1000_ENTRIES_REPEAT10_TOTAL_VOLUME_FLUSH_DIR_TREE_RESIDENT_VIEWS	0
LIST_EXNEXT_1000_ENTRIES_REPEAT10_TOTAL_VOLUME_FLUSH_INODE_TREE_NODE_VIEWS	0
LIST_EXNEXT_1000_ENTRIES_REPEAT10_TOTAL_VOLUME_FLUSH_INODE_TREE_RESIDENT_VIEWS	0
LIST_EXNEXT_1000_ENTRIES_REPEAT10_TOTAL_VOLUME_FLUSH_REFCOUNT_TREE_NODE_VIEWS	0
LIST_EXNEXT_1000_ENTRIES_REPEAT10_TOTAL_VOLUME_FLUSH_REFCOUNT_TREE_RESIDENT_VIEWS	0
LIST_EXNEXT_1000_ENTRIES_REPEAT10_TOTAL_VOLUME_FLUSH_OTHER_TREE_NODE_VIEWS	0
LIST_EXNEXT_1000_ENTRIES_REPEAT10_TOTAL_VOLUME_FLUSH_OTHER_TREE_RESIDENT_VIEWS	0
LIST_EXNEXT_1000_ENTRIES_REPEAT10_TOTAL_VOLUME_FLUSH_WRITE_DETAIL_INODE_READ_CALLS	0
LIST_EXNEXT_1000_ENTRIES_REPEAT10_TOTAL_VOLUME_FLUSH_WRITE_DETAIL_INODE_READ_SAMPLES	0
LIST_EXNEXT_1000_ENTRIES_REPEAT10_TOTAL_VOLUME_FLUSH_WRITE_DETAIL_INODE_READ_SAMPLE_TICKS	0
LIST_EXNEXT_1000_ENTRIES_REPEAT10_TOTAL_VOLUME_FLUSH_WRITE_DETAIL_INODE_WRITE_CALLS	0
LIST_EXNEXT_1000_ENTRIES_REPEAT10_TOTAL_VOLUME_FLUSH_WRITE_DETAIL_INODE_WRITE_SAMPLES	0
LIST_EXNEXT_1000_ENTRIES_REPEAT10_TOTAL_VOLUME_FLUSH_WRITE_DETAIL_INODE_WRITE_SAMPLE_TICKS	0
LIST_EXNEXT_1000_ENTRIES_REPEAT10_TOTAL_VOLUME_FLUSH_WRITE_DETAIL_EXTENT_MAP_CALLS	0
LIST_EXNEXT_1000_ENTRIES_REPEAT10_TOTAL_VOLUME_FLUSH_WRITE_DETAIL_EXTENT_MAP_SAMPLES	0
LIST_EXNEXT_1000_ENTRIES_REPEAT10_TOTAL_VOLUME_FLUSH_WRITE_DETAIL_EXTENT_MAP_SAMPLE_TICKS	0
LIST_EXNEXT_1000_ENTRIES_REPEAT10_TOTAL_VOLUME_FLUSH_WRITE_DETAIL_FREESPACE_GOAL_CALLS	0
LIST_EXNEXT_1000_ENTRIES_REPEAT10_TOTAL_VOLUME_FLUSH_WRITE_DETAIL_FREESPACE_GOAL_SAMPLES	0
LIST_EXNEXT_1000_ENTRIES_REPEAT10_TOTAL_VOLUME_FLUSH_WRITE_DETAIL_FREESPACE_GOAL_SAMPLE_TICKS	0
LIST_EXNEXT_1000_ENTRIES_REPEAT10_TOTAL_VOLUME_FLUSH_BTREE_MALLOC_CALLS	0
LIST_EXNEXT_1000_ENTRIES_REPEAT10_TOTAL_VOLUME_FLUSH_BTREE_MALLOC_SAMPLES	0
LIST_EXNEXT_1000_ENTRIES_REPEAT10_TOTAL_VOLUME_FLUSH_BTREE_MALLOC_SAMPLE_TICKS	0
LIST_EXNEXT_1000_ENTRIES_REPEAT10_TOTAL_VOLUME_FLUSH_BTREE_FREE_CALLS	0
LIST_EXNEXT_1000_ENTRIES_REPEAT10_TOTAL_VOLUME_FLUSH_BTREE_FREE_SAMPLES	0
LIST_EXNEXT_1000_ENTRIES_REPEAT10_TOTAL_VOLUME_FLUSH_BTREE_FREE_SAMPLE_TICKS	0
LIST_EXNEXT_1000_ENTRIES_REPEAT10_TOTAL_VOLUME_FLUSH_IFACE_ALLOC_CALLS	0
LIST_EXNEXT_1000_ENTRIES_REPEAT10_TOTAL_VOLUME_FLUSH_IFACE_ALLOC_SAMPLES	0
LIST_EXNEXT_1000_ENTRIES_REPEAT10_TOTAL_VOLUME_FLUSH_IFACE_ALLOC_SAMPLE_TICKS	0
LIST_EXNEXT_1000_ENTRIES_REPEAT10_TOTAL_VOLUME_FLUSH_FREESPACE_ALLOC_CALLS	0
LIST_EXNEXT_1000_ENTRIES_REPEAT10_TOTAL_VOLUME_FLUSH_FREESPACE_ALLOC_SAMPLES	0
LIST_EXNEXT_1000_ENTRIES_REPEAT10_TOTAL_VOLUME_FLUSH_FREESPACE_ALLOC_SAMPLE_TICKS	0
LIST_EXNEXT_1000_ENTRIES_REPEAT10_TOTAL_VOLUME_FLUSH_DETAIL_INODE_READ_CALLS	0
LIST_EXNEXT_1000_ENTRIES_REPEAT10_TOTAL_VOLUME_FLUSH_DETAIL_INODE_READ_SAMPLES	0
LIST_EXNEXT_1000_ENTRIES_REPEAT10_TOTAL_VOLUME_FLUSH_DETAIL_INODE_READ_SAMPLE_TICKS	0
LIST_EXNEXT_1000_ENTRIES_REPEAT10_TOTAL_VOLUME_FLUSH_DETAIL_INODE_VALIDATE_CALLS	0
LIST_EXNEXT_1000_ENTRIES_REPEAT10_TOTAL_VOLUME_FLUSH_DETAIL_INODE_VALIDATE_SAMPLES	0
LIST_EXNEXT_1000_ENTRIES_REPEAT10_TOTAL_VOLUME_FLUSH_DETAIL_INODE_VALIDATE_SAMPLE_TICKS	0
LIST_EXNEXT_1000_ENTRIES_REPEAT10_TOTAL_VOLUME_FLUSH_DETAIL_INODE_SEARCH_CALLS	0
LIST_EXNEXT_1000_ENTRIES_REPEAT10_TOTAL_VOLUME_FLUSH_DETAIL_INODE_SEARCH_SAMPLES	0
LIST_EXNEXT_1000_ENTRIES_REPEAT10_TOTAL_VOLUME_FLUSH_DETAIL_INODE_SEARCH_SAMPLE_TICKS	0
LIST_EXNEXT_1000_ENTRIES_REPEAT10_TOTAL_VOLUME_FLUSH_DETAIL_INODE_NODE_VIEW_CALLS	0
LIST_EXNEXT_1000_ENTRIES_REPEAT10_TOTAL_VOLUME_FLUSH_DETAIL_INODE_NODE_VIEW_SAMPLES	0
LIST_EXNEXT_1000_ENTRIES_REPEAT10_TOTAL_VOLUME_FLUSH_DETAIL_INODE_NODE_VIEW_SAMPLE_TICKS	0
LIST_EXNEXT_1000_ENTRIES_REPEAT10_TOTAL_VOLUME_FLUSH_DETAIL_DIR_NODE_VIEW_CALLS	0
LIST_EXNEXT_1000_ENTRIES_REPEAT10_TOTAL_VOLUME_FLUSH_DETAIL_DIR_NODE_VIEW_SAMPLES	0
LIST_EXNEXT_1000_ENTRIES_REPEAT10_TOTAL_VOLUME_FLUSH_DETAIL_DIR_NODE_VIEW_SAMPLE_TICKS	0
LIST_EXNEXT_1000_ENTRIES_REPEAT10_TOTAL_VOLUME_FLUSH_DETAIL_INODE_BINARY_SEARCH_CALLS	0
LIST_EXNEXT_1000_ENTRIES_REPEAT10_TOTAL_VOLUME_FLUSH_DETAIL_INODE_BINARY_SEARCH_SAMPLES	0
LIST_EXNEXT_1000_ENTRIES_REPEAT10_TOTAL_VOLUME_FLUSH_DETAIL_INODE_BINARY_SEARCH_SAMPLE_TICKS	0
LIST_EXNEXT_1000_ENTRIES_REPEAT10_TOTAL_VOLUME_FLUSH_DETAIL_DIR_BINARY_SEARCH_CALLS	0
LIST_EXNEXT_1000_ENTRIES_REPEAT10_TOTAL_VOLUME_FLUSH_DETAIL_DIR_BINARY_SEARCH_SAMPLES	0
LIST_EXNEXT_1000_ENTRIES_REPEAT10_TOTAL_VOLUME_FLUSH_DETAIL_DIR_BINARY_SEARCH_SAMPLE_TICKS	0
LIST_EXNEXT_1000_ENTRIES_REPEAT10_TOTAL_VOLUME_FLUSH_DETAIL_NODE_STRUCTURE_CALLS	0
LIST_EXNEXT_1000_ENTRIES_REPEAT10_TOTAL_VOLUME_FLUSH_DETAIL_NODE_STRUCTURE_SAMPLES	0
LIST_EXNEXT_1000_ENTRIES_REPEAT10_TOTAL_VOLUME_FLUSH_DETAIL_NODE_STRUCTURE_SAMPLE_TICKS	0
LIST_EXNEXT_1000_ENTRIES_REPEAT10_TOTAL_VOLUME_FLUSH_DETAIL_CACHE_PEEK_CALLS	0
LIST_EXNEXT_1000_ENTRIES_REPEAT10_TOTAL_VOLUME_FLUSH_DETAIL_CACHE_PEEK_SAMPLES	0
LIST_EXNEXT_1000_ENTRIES_REPEAT10_TOTAL_VOLUME_FLUSH_DETAIL_CACHE_PEEK_SAMPLE_TICKS	0
LIST_EXNEXT_1000_ENTRIES_REPEAT10_TOTAL_VOLUME_FLUSH_DETAIL_BUFFER_ALLOC_CALLS	0
LIST_EXNEXT_1000_ENTRIES_REPEAT10_TOTAL_VOLUME_FLUSH_DETAIL_BUFFER_ALLOC_SAMPLES	0
LIST_EXNEXT_1000_ENTRIES_REPEAT10_TOTAL_VOLUME_FLUSH_DETAIL_BUFFER_ALLOC_SAMPLE_TICKS	0
LIST_EXNEXT_1000_ENTRIES_REPEAT10_TOTAL_VOLUME_FLUSH_DETAIL_BUFFER_FREE_CALLS	0
LIST_EXNEXT_1000_ENTRIES_REPEAT10_TOTAL_VOLUME_FLUSH_DETAIL_BUFFER_FREE_SAMPLES	0
LIST_EXNEXT_1000_ENTRIES_REPEAT10_TOTAL_VOLUME_FLUSH_DETAIL_BUFFER_FREE_SAMPLE_TICKS	0
LIST_EXNEXT_1000_ENTRIES_REPEAT10_TOTAL_VOLUME_FLUSH_DETAIL_EXALL_FILL_CALLS	0
LIST_EXNEXT_1000_ENTRIES_REPEAT10_TOTAL_VOLUME_FLUSH_DETAIL_EXALL_FILL_SAMPLES	0
LIST_EXNEXT_1000_ENTRIES_REPEAT10_TOTAL_VOLUME_FLUSH_DETAIL_EXALL_FILL_SAMPLE_TICKS	0
LIST_EXNEXT_1000_ENTRIES_REPEAT10_TOTAL_VOLUME_FLUSH_FREESPACE_ALLOCS	0
LIST_EXALL_1000_ENTRIES_FIRST_PASS_US	52991
LIST_EXALL_1000_ENTRIES_FIRST_PASS_WORK_US	52991
LIST_EXALL_1000_ENTRIES_FIRST_PASS_VOLUME_FLUSH_US	0
LIST_EXALL_1000_ENTRIES_FIRST_PASS_HAS_VOLUME_FLUSH	0
LIST_EXALL_1000_ENTRIES_FIRST_PASS_GUEST_OPEN_CALLS	0
LIST_EXALL_1000_ENTRIES_FIRST_PASS_GUEST_OPEN_US	0
LIST_EXALL_1000_ENTRIES_FIRST_PASS_GUEST_READ_CALLS	0
LIST_EXALL_1000_ENTRIES_FIRST_PASS_GUEST_READ_US	0
LIST_EXALL_1000_ENTRIES_FIRST_PASS_GUEST_WRITE_CALLS	0
LIST_EXALL_1000_ENTRIES_FIRST_PASS_GUEST_WRITE_US	0
LIST_EXALL_1000_ENTRIES_FIRST_PASS_GUEST_HANDLE_FLUSH_CALLS	0
LIST_EXALL_1000_ENTRIES_FIRST_PASS_GUEST_HANDLE_FLUSH_US	0
LIST_EXALL_1000_ENTRIES_FIRST_PASS_GUEST_CLOSE_CALLS	0
LIST_EXALL_1000_ENTRIES_FIRST_PASS_GUEST_CLOSE_US	0
LIST_EXALL_1000_ENTRIES_FIRST_PASS_GUEST_VERIFY_CALLS	0
LIST_EXALL_1000_ENTRIES_FIRST_PASS_GUEST_VERIFY_US	0
LIST_EXALL_1000_ENTRIES_FIRST_PASS_WORK_BIO_READS	49
LIST_EXALL_1000_ENTRIES_FIRST_PASS_WORK_BIO_WRITES	0
LIST_EXALL_1000_ENTRIES_FIRST_PASS_WORK_BIO_UPDATES	0
LIST_EXALL_1000_ENTRIES_FIRST_PASS_WORK_DATA_READS	0
LIST_EXALL_1000_ENTRIES_FIRST_PASS_WORK_DATA_WRITES	0
LIST_EXALL_1000_ENTRIES_FIRST_PASS_WORK_NODE_WRITES	0
LIST_EXALL_1000_ENTRIES_FIRST_PASS_WORK_TXN_COMMITS	0
LIST_EXALL_1000_ENTRIES_FIRST_PASS_WORK_EXTENT_MAPS	0
LIST_EXALL_1000_ENTRIES_FIRST_PASS_WORK_READ_TICKS	3563
LIST_EXALL_1000_ENTRIES_FIRST_PASS_WORK_WRITE_TICKS	0
LIST_EXALL_1000_ENTRIES_FIRST_PASS_WORK_UPDATE_TICKS	0
LIST_EXALL_1000_ENTRIES_FIRST_PASS_WORK_DATA_READ_TICKS	0
LIST_EXALL_1000_ENTRIES_FIRST_PASS_WORK_DATA_WRITE_TICKS	0
LIST_EXALL_1000_ENTRIES_FIRST_PASS_WORK_NODE_CRC_READ_CALLS	49
LIST_EXALL_1000_ENTRIES_FIRST_PASS_WORK_NODE_CRC_READ_SAMPLES	49
LIST_EXALL_1000_ENTRIES_FIRST_PASS_WORK_NODE_CRC_READ_SAMPLE_TICKS	6767
LIST_EXALL_1000_ENTRIES_FIRST_PASS_WORK_NODE_CRC_WRITE_CALLS	0
LIST_EXALL_1000_ENTRIES_FIRST_PASS_WORK_NODE_CRC_WRITE_SAMPLES	0
LIST_EXALL_1000_ENTRIES_FIRST_PASS_WORK_NODE_CRC_WRITE_SAMPLE_TICKS	0
LIST_EXALL_1000_ENTRIES_FIRST_PASS_WORK_CLOCK_PAIR_TICKS	0
LIST_EXALL_1000_ENTRIES_FIRST_PASS_WORK_PACKET_CALLS	13
LIST_EXALL_1000_ENTRIES_FIRST_PASS_WORK_PACKET_SAMPLES	13
LIST_EXALL_1000_ENTRIES_FIRST_PASS_WORK_PACKET_SAMPLE_TICKS	36502
LIST_EXALL_1000_ENTRIES_FIRST_PASS_WORK_PACKET_OPEN_CALLS	0
LIST_EXALL_1000_ENTRIES_FIRST_PASS_WORK_PACKET_OPEN_SAMPLES	0
LIST_EXALL_1000_ENTRIES_FIRST_PASS_WORK_PACKET_OPEN_SAMPLE_TICKS	0
LIST_EXALL_1000_ENTRIES_FIRST_PASS_WORK_PACKET_READ_CALLS	0
LIST_EXALL_1000_ENTRIES_FIRST_PASS_WORK_PACKET_READ_SAMPLES	0
LIST_EXALL_1000_ENTRIES_FIRST_PASS_WORK_PACKET_READ_SAMPLE_TICKS	0
LIST_EXALL_1000_ENTRIES_FIRST_PASS_WORK_PACKET_WRITE_CALLS	0
LIST_EXALL_1000_ENTRIES_FIRST_PASS_WORK_PACKET_WRITE_SAMPLES	0
LIST_EXALL_1000_ENTRIES_FIRST_PASS_WORK_PACKET_WRITE_SAMPLE_TICKS	0
LIST_EXALL_1000_ENTRIES_FIRST_PASS_WORK_PACKET_END_CALLS	0
LIST_EXALL_1000_ENTRIES_FIRST_PASS_WORK_PACKET_END_SAMPLES	0
LIST_EXALL_1000_ENTRIES_FIRST_PASS_WORK_PACKET_END_SAMPLE_TICKS	0
LIST_EXALL_1000_ENTRIES_FIRST_PASS_WORK_PACKET_DELETE_CALLS	0
LIST_EXALL_1000_ENTRIES_FIRST_PASS_WORK_PACKET_DELETE_SAMPLES	0
LIST_EXALL_1000_ENTRIES_FIRST_PASS_WORK_PACKET_DELETE_SAMPLE_TICKS	0
LIST_EXALL_1000_ENTRIES_FIRST_PASS_WORK_PACKET_FLUSH_CALLS	0
LIST_EXALL_1000_ENTRIES_FIRST_PASS_WORK_PACKET_FLUSH_SAMPLES	0
LIST_EXALL_1000_ENTRIES_FIRST_PASS_WORK_PACKET_FLUSH_SAMPLE_TICKS	0
LIST_EXALL_1000_ENTRIES_FIRST_PASS_WORK_PACKET_OTHER_CALLS	13
LIST_EXALL_1000_ENTRIES_FIRST_PASS_WORK_PACKET_OTHER_SAMPLES	13
LIST_EXALL_1000_ENTRIES_FIRST_PASS_WORK_PACKET_OTHER_SAMPLE_TICKS	36502
LIST_EXALL_1000_ENTRIES_FIRST_PASS_WORK_CORE_CREATE_CALLS	0
LIST_EXALL_1000_ENTRIES_FIRST_PASS_WORK_CORE_CREATE_SAMPLES	0
LIST_EXALL_1000_ENTRIES_FIRST_PASS_WORK_CORE_CREATE_SAMPLE_TICKS	0
LIST_EXALL_1000_ENTRIES_FIRST_PASS_WORK_CORE_DELETE_CALLS	0
LIST_EXALL_1000_ENTRIES_FIRST_PASS_WORK_CORE_DELETE_SAMPLES	0
LIST_EXALL_1000_ENTRIES_FIRST_PASS_WORK_CORE_DELETE_SAMPLE_TICKS	0
LIST_EXALL_1000_ENTRIES_FIRST_PASS_WORK_CORE_FILE_WRITE_CALLS	0
LIST_EXALL_1000_ENTRIES_FIRST_PASS_WORK_CORE_FILE_WRITE_SAMPLES	0
LIST_EXALL_1000_ENTRIES_FIRST_PASS_WORK_CORE_FILE_WRITE_SAMPLE_TICKS	0
LIST_EXALL_1000_ENTRIES_FIRST_PASS_WORK_CORE_SYNC_CALLS	0
LIST_EXALL_1000_ENTRIES_FIRST_PASS_WORK_CORE_SYNC_SAMPLES	0
LIST_EXALL_1000_ENTRIES_FIRST_PASS_WORK_CORE_SYNC_SAMPLE_TICKS	0
LIST_EXALL_1000_ENTRIES_FIRST_PASS_WORK_IFACE_FREE_CALLS	0
LIST_EXALL_1000_ENTRIES_FIRST_PASS_WORK_IFACE_FREE_SAMPLES	0
LIST_EXALL_1000_ENTRIES_FIRST_PASS_WORK_IFACE_FREE_SAMPLE_TICKS	0
LIST_EXALL_1000_ENTRIES_FIRST_PASS_WORK_SEAL_COMMIT_CALLS	0
LIST_EXALL_1000_ENTRIES_FIRST_PASS_WORK_SEAL_COMMIT_SAMPLES	0
LIST_EXALL_1000_ENTRIES_FIRST_PASS_WORK_SEAL_COMMIT_SAMPLE_TICKS	0
LIST_EXALL_1000_ENTRIES_FIRST_PASS_WORK_INODE_READ_CALLS	1000
LIST_EXALL_1000_ENTRIES_FIRST_PASS_WORK_BTREE_SEARCH_CALLS	1001
LIST_EXALL_1000_ENTRIES_FIRST_PASS_WORK_BTREE_INDEX_HINT_HITS	0
LIST_EXALL_1000_ENTRIES_FIRST_PASS_WORK_BTREE_LEAF_HINT_HITS	136
LIST_EXALL_1000_ENTRIES_FIRST_PASS_WORK_CACHE_READ_CALLS	49
LIST_EXALL_1000_ENTRIES_FIRST_PASS_WORK_CACHE_READ_HITS	0
LIST_EXALL_1000_ENTRIES_FIRST_PASS_WORK_CACHE_READ_MISSES	49
LIST_EXALL_1000_ENTRIES_FIRST_PASS_WORK_FREE_TREE_NODE_VIEWS	0
LIST_EXALL_1000_ENTRIES_FIRST_PASS_WORK_FREE_TREE_RESIDENT_VIEWS	0
LIST_EXALL_1000_ENTRIES_FIRST_PASS_WORK_DIR_TREE_NODE_VIEWS	76
LIST_EXALL_1000_ENTRIES_FIRST_PASS_WORK_DIR_TREE_RESIDENT_VIEWS	56
LIST_EXALL_1000_ENTRIES_FIRST_PASS_WORK_INODE_TREE_NODE_VIEWS	58
LIST_EXALL_1000_ENTRIES_FIRST_PASS_WORK_INODE_TREE_RESIDENT_VIEWS	29
LIST_EXALL_1000_ENTRIES_FIRST_PASS_WORK_REFCOUNT_TREE_NODE_VIEWS	0
LIST_EXALL_1000_ENTRIES_FIRST_PASS_WORK_REFCOUNT_TREE_RESIDENT_VIEWS	0
LIST_EXALL_1000_ENTRIES_FIRST_PASS_WORK_OTHER_TREE_NODE_VIEWS	0
LIST_EXALL_1000_ENTRIES_FIRST_PASS_WORK_OTHER_TREE_RESIDENT_VIEWS	0
LIST_EXALL_1000_ENTRIES_FIRST_PASS_WORK_WRITE_DETAIL_INODE_READ_CALLS	1000
LIST_EXALL_1000_ENTRIES_FIRST_PASS_WORK_WRITE_DETAIL_INODE_READ_SAMPLES	1000
LIST_EXALL_1000_ENTRIES_FIRST_PASS_WORK_WRITE_DETAIL_INODE_READ_SAMPLE_TICKS	15933
LIST_EXALL_1000_ENTRIES_FIRST_PASS_WORK_WRITE_DETAIL_INODE_WRITE_CALLS	0
LIST_EXALL_1000_ENTRIES_FIRST_PASS_WORK_WRITE_DETAIL_INODE_WRITE_SAMPLES	0
LIST_EXALL_1000_ENTRIES_FIRST_PASS_WORK_WRITE_DETAIL_INODE_WRITE_SAMPLE_TICKS	0
LIST_EXALL_1000_ENTRIES_FIRST_PASS_WORK_WRITE_DETAIL_EXTENT_MAP_CALLS	0
LIST_EXALL_1000_ENTRIES_FIRST_PASS_WORK_WRITE_DETAIL_EXTENT_MAP_SAMPLES	0
LIST_EXALL_1000_ENTRIES_FIRST_PASS_WORK_WRITE_DETAIL_EXTENT_MAP_SAMPLE_TICKS	0
LIST_EXALL_1000_ENTRIES_FIRST_PASS_WORK_WRITE_DETAIL_FREESPACE_GOAL_CALLS	0
LIST_EXALL_1000_ENTRIES_FIRST_PASS_WORK_WRITE_DETAIL_FREESPACE_GOAL_SAMPLES	0
LIST_EXALL_1000_ENTRIES_FIRST_PASS_WORK_WRITE_DETAIL_FREESPACE_GOAL_SAMPLE_TICKS	0
LIST_EXALL_1000_ENTRIES_FIRST_PASS_WORK_BTREE_MALLOC_CALLS	18
LIST_EXALL_1000_ENTRIES_FIRST_PASS_WORK_BTREE_MALLOC_SAMPLES	18
LIST_EXALL_1000_ENTRIES_FIRST_PASS_WORK_BTREE_MALLOC_SAMPLE_TICKS	46
LIST_EXALL_1000_ENTRIES_FIRST_PASS_WORK_BTREE_FREE_CALLS	23
LIST_EXALL_1000_ENTRIES_FIRST_PASS_WORK_BTREE_FREE_SAMPLES	23
LIST_EXALL_1000_ENTRIES_FIRST_PASS_WORK_BTREE_FREE_SAMPLE_TICKS	101
LIST_EXALL_1000_ENTRIES_FIRST_PASS_WORK_IFACE_ALLOC_CALLS	0
LIST_EXALL_1000_ENTRIES_FIRST_PASS_WORK_IFACE_ALLOC_SAMPLES	0
LIST_EXALL_1000_ENTRIES_FIRST_PASS_WORK_IFACE_ALLOC_SAMPLE_TICKS	0
LIST_EXALL_1000_ENTRIES_FIRST_PASS_WORK_FREESPACE_ALLOC_CALLS	0
LIST_EXALL_1000_ENTRIES_FIRST_PASS_WORK_FREESPACE_ALLOC_SAMPLES	0
LIST_EXALL_1000_ENTRIES_FIRST_PASS_WORK_FREESPACE_ALLOC_SAMPLE_TICKS	0
LIST_EXALL_1000_ENTRIES_FIRST_PASS_WORK_DETAIL_INODE_READ_CALLS	1000
LIST_EXALL_1000_ENTRIES_FIRST_PASS_WORK_DETAIL_INODE_READ_SAMPLES	58
LIST_EXALL_1000_ENTRIES_FIRST_PASS_WORK_DETAIL_INODE_READ_SAMPLE_TICKS	2097
LIST_EXALL_1000_ENTRIES_FIRST_PASS_WORK_DETAIL_INODE_VALIDATE_CALLS	1000
LIST_EXALL_1000_ENTRIES_FIRST_PASS_WORK_DETAIL_INODE_VALIDATE_SAMPLES	58
LIST_EXALL_1000_ENTRIES_FIRST_PASS_WORK_DETAIL_INODE_VALIDATE_SAMPLE_TICKS	159
LIST_EXALL_1000_ENTRIES_FIRST_PASS_WORK_DETAIL_INODE_SEARCH_CALLS	1000
LIST_EXALL_1000_ENTRIES_FIRST_PASS_WORK_DETAIL_INODE_SEARCH_SAMPLES	58
LIST_EXALL_1000_ENTRIES_FIRST_PASS_WORK_DETAIL_INODE_SEARCH_SAMPLE_TICKS	1536
LIST_EXALL_1000_ENTRIES_FIRST_PASS_WORK_DETAIL_INODE_NODE_VIEW_CALLS	58
LIST_EXALL_1000_ENTRIES_FIRST_PASS_WORK_DETAIL_INODE_NODE_VIEW_SAMPLES	3
LIST_EXALL_1000_ENTRIES_FIRST_PASS_WORK_DETAIL_INODE_NODE_VIEW_SAMPLE_TICKS	272
LIST_EXALL_1000_ENTRIES_FIRST_PASS_WORK_DETAIL_DIR_NODE_VIEW_CALLS	76
LIST_EXALL_1000_ENTRIES_FIRST_PASS_WORK_DETAIL_DIR_NODE_VIEW_SAMPLES	4
LIST_EXALL_1000_ENTRIES_FIRST_PASS_WORK_DETAIL_DIR_NODE_VIEW_SAMPLE_TICKS	681
LIST_EXALL_1000_ENTRIES_FIRST_PASS_WORK_DETAIL_INODE_BINARY_SEARCH_CALLS	29
LIST_EXALL_1000_ENTRIES_FIRST_PASS_WORK_DETAIL_INODE_BINARY_SEARCH_SAMPLES	1
LIST_EXALL_1000_ENTRIES_FIRST_PASS_WORK_DETAIL_INODE_BINARY_SEARCH_SAMPLE_TICKS	0
LIST_EXALL_1000_ENTRIES_FIRST_PASS_WORK_DETAIL_DIR_BINARY_SEARCH_CALLS	55
LIST_EXALL_1000_ENTRIES_FIRST_PASS_WORK_DETAIL_DIR_BINARY_SEARCH_SAMPLES	3
LIST_EXALL_1000_ENTRIES_FIRST_PASS_WORK_DETAIL_DIR_BINARY_SEARCH_SAMPLE_TICKS	89
LIST_EXALL_1000_ENTRIES_FIRST_PASS_WORK_DETAIL_NODE_STRUCTURE_CALLS	49
LIST_EXALL_1000_ENTRIES_FIRST_PASS_WORK_DETAIL_NODE_STRUCTURE_SAMPLES	2
LIST_EXALL_1000_ENTRIES_FIRST_PASS_WORK_DETAIL_NODE_STRUCTURE_SAMPLE_TICKS	91
LIST_EXALL_1000_ENTRIES_FIRST_PASS_WORK_DETAIL_CACHE_PEEK_CALLS	270
LIST_EXALL_1000_ENTRIES_FIRST_PASS_WORK_DETAIL_CACHE_PEEK_SAMPLES	15
LIST_EXALL_1000_ENTRIES_FIRST_PASS_WORK_DETAIL_CACHE_PEEK_SAMPLE_TICKS	20
LIST_EXALL_1000_ENTRIES_FIRST_PASS_WORK_DETAIL_BUFFER_ALLOC_CALLS	44
LIST_EXALL_1000_ENTRIES_FIRST_PASS_WORK_DETAIL_BUFFER_ALLOC_SAMPLES	2
LIST_EXALL_1000_ENTRIES_FIRST_PASS_WORK_DETAIL_BUFFER_ALLOC_SAMPLE_TICKS	1
LIST_EXALL_1000_ENTRIES_FIRST_PASS_WORK_DETAIL_BUFFER_FREE_CALLS	44
LIST_EXALL_1000_ENTRIES_FIRST_PASS_WORK_DETAIL_BUFFER_FREE_SAMPLES	2
LIST_EXALL_1000_ENTRIES_FIRST_PASS_WORK_DETAIL_BUFFER_FREE_SAMPLE_TICKS	0
LIST_EXALL_1000_ENTRIES_FIRST_PASS_WORK_DETAIL_EXALL_FILL_CALLS	1000
LIST_EXALL_1000_ENTRIES_FIRST_PASS_WORK_DETAIL_EXALL_FILL_SAMPLES	58
LIST_EXALL_1000_ENTRIES_FIRST_PASS_WORK_DETAIL_EXALL_FILL_SAMPLE_TICKS	190
LIST_EXALL_1000_ENTRIES_FIRST_PASS_WORK_FREESPACE_ALLOCS	0
LIST_EXALL_1000_ENTRIES_FIRST_PASS_VOLUME_FLUSH_BIO_READS	0
LIST_EXALL_1000_ENTRIES_FIRST_PASS_VOLUME_FLUSH_BIO_WRITES	0
LIST_EXALL_1000_ENTRIES_FIRST_PASS_VOLUME_FLUSH_BIO_UPDATES	0
LIST_EXALL_1000_ENTRIES_FIRST_PASS_VOLUME_FLUSH_DATA_READS	0
LIST_EXALL_1000_ENTRIES_FIRST_PASS_VOLUME_FLUSH_DATA_WRITES	0
LIST_EXALL_1000_ENTRIES_FIRST_PASS_VOLUME_FLUSH_NODE_WRITES	0
LIST_EXALL_1000_ENTRIES_FIRST_PASS_VOLUME_FLUSH_TXN_COMMITS	0
LIST_EXALL_1000_ENTRIES_FIRST_PASS_VOLUME_FLUSH_EXTENT_MAPS	0
LIST_EXALL_1000_ENTRIES_FIRST_PASS_VOLUME_FLUSH_READ_TICKS	0
LIST_EXALL_1000_ENTRIES_FIRST_PASS_VOLUME_FLUSH_WRITE_TICKS	0
LIST_EXALL_1000_ENTRIES_FIRST_PASS_VOLUME_FLUSH_UPDATE_TICKS	0
LIST_EXALL_1000_ENTRIES_FIRST_PASS_VOLUME_FLUSH_DATA_READ_TICKS	0
LIST_EXALL_1000_ENTRIES_FIRST_PASS_VOLUME_FLUSH_DATA_WRITE_TICKS	0
LIST_EXALL_1000_ENTRIES_FIRST_PASS_VOLUME_FLUSH_NODE_CRC_READ_CALLS	0
LIST_EXALL_1000_ENTRIES_FIRST_PASS_VOLUME_FLUSH_NODE_CRC_READ_SAMPLES	0
LIST_EXALL_1000_ENTRIES_FIRST_PASS_VOLUME_FLUSH_NODE_CRC_READ_SAMPLE_TICKS	0
LIST_EXALL_1000_ENTRIES_FIRST_PASS_VOLUME_FLUSH_NODE_CRC_WRITE_CALLS	0
LIST_EXALL_1000_ENTRIES_FIRST_PASS_VOLUME_FLUSH_NODE_CRC_WRITE_SAMPLES	0
LIST_EXALL_1000_ENTRIES_FIRST_PASS_VOLUME_FLUSH_NODE_CRC_WRITE_SAMPLE_TICKS	0
LIST_EXALL_1000_ENTRIES_FIRST_PASS_VOLUME_FLUSH_CLOCK_PAIR_TICKS	0
LIST_EXALL_1000_ENTRIES_FIRST_PASS_VOLUME_FLUSH_PACKET_CALLS	0
LIST_EXALL_1000_ENTRIES_FIRST_PASS_VOLUME_FLUSH_PACKET_SAMPLES	0
LIST_EXALL_1000_ENTRIES_FIRST_PASS_VOLUME_FLUSH_PACKET_SAMPLE_TICKS	0
LIST_EXALL_1000_ENTRIES_FIRST_PASS_VOLUME_FLUSH_PACKET_OPEN_CALLS	0
LIST_EXALL_1000_ENTRIES_FIRST_PASS_VOLUME_FLUSH_PACKET_OPEN_SAMPLES	0
LIST_EXALL_1000_ENTRIES_FIRST_PASS_VOLUME_FLUSH_PACKET_OPEN_SAMPLE_TICKS	0
LIST_EXALL_1000_ENTRIES_FIRST_PASS_VOLUME_FLUSH_PACKET_READ_CALLS	0
LIST_EXALL_1000_ENTRIES_FIRST_PASS_VOLUME_FLUSH_PACKET_READ_SAMPLES	0
LIST_EXALL_1000_ENTRIES_FIRST_PASS_VOLUME_FLUSH_PACKET_READ_SAMPLE_TICKS	0
LIST_EXALL_1000_ENTRIES_FIRST_PASS_VOLUME_FLUSH_PACKET_WRITE_CALLS	0
LIST_EXALL_1000_ENTRIES_FIRST_PASS_VOLUME_FLUSH_PACKET_WRITE_SAMPLES	0
LIST_EXALL_1000_ENTRIES_FIRST_PASS_VOLUME_FLUSH_PACKET_WRITE_SAMPLE_TICKS	0
LIST_EXALL_1000_ENTRIES_FIRST_PASS_VOLUME_FLUSH_PACKET_END_CALLS	0
LIST_EXALL_1000_ENTRIES_FIRST_PASS_VOLUME_FLUSH_PACKET_END_SAMPLES	0
LIST_EXALL_1000_ENTRIES_FIRST_PASS_VOLUME_FLUSH_PACKET_END_SAMPLE_TICKS	0
LIST_EXALL_1000_ENTRIES_FIRST_PASS_VOLUME_FLUSH_PACKET_DELETE_CALLS	0
LIST_EXALL_1000_ENTRIES_FIRST_PASS_VOLUME_FLUSH_PACKET_DELETE_SAMPLES	0
LIST_EXALL_1000_ENTRIES_FIRST_PASS_VOLUME_FLUSH_PACKET_DELETE_SAMPLE_TICKS	0
LIST_EXALL_1000_ENTRIES_FIRST_PASS_VOLUME_FLUSH_PACKET_FLUSH_CALLS	0
LIST_EXALL_1000_ENTRIES_FIRST_PASS_VOLUME_FLUSH_PACKET_FLUSH_SAMPLES	0
LIST_EXALL_1000_ENTRIES_FIRST_PASS_VOLUME_FLUSH_PACKET_FLUSH_SAMPLE_TICKS	0
LIST_EXALL_1000_ENTRIES_FIRST_PASS_VOLUME_FLUSH_PACKET_OTHER_CALLS	0
LIST_EXALL_1000_ENTRIES_FIRST_PASS_VOLUME_FLUSH_PACKET_OTHER_SAMPLES	0
LIST_EXALL_1000_ENTRIES_FIRST_PASS_VOLUME_FLUSH_PACKET_OTHER_SAMPLE_TICKS	0
LIST_EXALL_1000_ENTRIES_FIRST_PASS_VOLUME_FLUSH_CORE_CREATE_CALLS	0
LIST_EXALL_1000_ENTRIES_FIRST_PASS_VOLUME_FLUSH_CORE_CREATE_SAMPLES	0
LIST_EXALL_1000_ENTRIES_FIRST_PASS_VOLUME_FLUSH_CORE_CREATE_SAMPLE_TICKS	0
LIST_EXALL_1000_ENTRIES_FIRST_PASS_VOLUME_FLUSH_CORE_DELETE_CALLS	0
LIST_EXALL_1000_ENTRIES_FIRST_PASS_VOLUME_FLUSH_CORE_DELETE_SAMPLES	0
LIST_EXALL_1000_ENTRIES_FIRST_PASS_VOLUME_FLUSH_CORE_DELETE_SAMPLE_TICKS	0
LIST_EXALL_1000_ENTRIES_FIRST_PASS_VOLUME_FLUSH_CORE_FILE_WRITE_CALLS	0
LIST_EXALL_1000_ENTRIES_FIRST_PASS_VOLUME_FLUSH_CORE_FILE_WRITE_SAMPLES	0
LIST_EXALL_1000_ENTRIES_FIRST_PASS_VOLUME_FLUSH_CORE_FILE_WRITE_SAMPLE_TICKS	0
LIST_EXALL_1000_ENTRIES_FIRST_PASS_VOLUME_FLUSH_CORE_SYNC_CALLS	0
LIST_EXALL_1000_ENTRIES_FIRST_PASS_VOLUME_FLUSH_CORE_SYNC_SAMPLES	0
LIST_EXALL_1000_ENTRIES_FIRST_PASS_VOLUME_FLUSH_CORE_SYNC_SAMPLE_TICKS	0
LIST_EXALL_1000_ENTRIES_FIRST_PASS_VOLUME_FLUSH_IFACE_FREE_CALLS	0
LIST_EXALL_1000_ENTRIES_FIRST_PASS_VOLUME_FLUSH_IFACE_FREE_SAMPLES	0
LIST_EXALL_1000_ENTRIES_FIRST_PASS_VOLUME_FLUSH_IFACE_FREE_SAMPLE_TICKS	0
LIST_EXALL_1000_ENTRIES_FIRST_PASS_VOLUME_FLUSH_SEAL_COMMIT_CALLS	0
LIST_EXALL_1000_ENTRIES_FIRST_PASS_VOLUME_FLUSH_SEAL_COMMIT_SAMPLES	0
LIST_EXALL_1000_ENTRIES_FIRST_PASS_VOLUME_FLUSH_SEAL_COMMIT_SAMPLE_TICKS	0
LIST_EXALL_1000_ENTRIES_FIRST_PASS_VOLUME_FLUSH_INODE_READ_CALLS	0
LIST_EXALL_1000_ENTRIES_FIRST_PASS_VOLUME_FLUSH_BTREE_SEARCH_CALLS	0
LIST_EXALL_1000_ENTRIES_FIRST_PASS_VOLUME_FLUSH_BTREE_INDEX_HINT_HITS	0
LIST_EXALL_1000_ENTRIES_FIRST_PASS_VOLUME_FLUSH_BTREE_LEAF_HINT_HITS	0
LIST_EXALL_1000_ENTRIES_FIRST_PASS_VOLUME_FLUSH_CACHE_READ_CALLS	0
LIST_EXALL_1000_ENTRIES_FIRST_PASS_VOLUME_FLUSH_CACHE_READ_HITS	0
LIST_EXALL_1000_ENTRIES_FIRST_PASS_VOLUME_FLUSH_CACHE_READ_MISSES	0
LIST_EXALL_1000_ENTRIES_FIRST_PASS_VOLUME_FLUSH_FREE_TREE_NODE_VIEWS	0
LIST_EXALL_1000_ENTRIES_FIRST_PASS_VOLUME_FLUSH_FREE_TREE_RESIDENT_VIEWS	0
LIST_EXALL_1000_ENTRIES_FIRST_PASS_VOLUME_FLUSH_DIR_TREE_NODE_VIEWS	0
LIST_EXALL_1000_ENTRIES_FIRST_PASS_VOLUME_FLUSH_DIR_TREE_RESIDENT_VIEWS	0
LIST_EXALL_1000_ENTRIES_FIRST_PASS_VOLUME_FLUSH_INODE_TREE_NODE_VIEWS	0
LIST_EXALL_1000_ENTRIES_FIRST_PASS_VOLUME_FLUSH_INODE_TREE_RESIDENT_VIEWS	0
LIST_EXALL_1000_ENTRIES_FIRST_PASS_VOLUME_FLUSH_REFCOUNT_TREE_NODE_VIEWS	0
LIST_EXALL_1000_ENTRIES_FIRST_PASS_VOLUME_FLUSH_REFCOUNT_TREE_RESIDENT_VIEWS	0
LIST_EXALL_1000_ENTRIES_FIRST_PASS_VOLUME_FLUSH_OTHER_TREE_NODE_VIEWS	0
LIST_EXALL_1000_ENTRIES_FIRST_PASS_VOLUME_FLUSH_OTHER_TREE_RESIDENT_VIEWS	0
LIST_EXALL_1000_ENTRIES_FIRST_PASS_VOLUME_FLUSH_WRITE_DETAIL_INODE_READ_CALLS	0
LIST_EXALL_1000_ENTRIES_FIRST_PASS_VOLUME_FLUSH_WRITE_DETAIL_INODE_READ_SAMPLES	0
LIST_EXALL_1000_ENTRIES_FIRST_PASS_VOLUME_FLUSH_WRITE_DETAIL_INODE_READ_SAMPLE_TICKS	0
LIST_EXALL_1000_ENTRIES_FIRST_PASS_VOLUME_FLUSH_WRITE_DETAIL_INODE_WRITE_CALLS	0
LIST_EXALL_1000_ENTRIES_FIRST_PASS_VOLUME_FLUSH_WRITE_DETAIL_INODE_WRITE_SAMPLES	0
LIST_EXALL_1000_ENTRIES_FIRST_PASS_VOLUME_FLUSH_WRITE_DETAIL_INODE_WRITE_SAMPLE_TICKS	0
LIST_EXALL_1000_ENTRIES_FIRST_PASS_VOLUME_FLUSH_WRITE_DETAIL_EXTENT_MAP_CALLS	0
LIST_EXALL_1000_ENTRIES_FIRST_PASS_VOLUME_FLUSH_WRITE_DETAIL_EXTENT_MAP_SAMPLES	0
LIST_EXALL_1000_ENTRIES_FIRST_PASS_VOLUME_FLUSH_WRITE_DETAIL_EXTENT_MAP_SAMPLE_TICKS	0
LIST_EXALL_1000_ENTRIES_FIRST_PASS_VOLUME_FLUSH_WRITE_DETAIL_FREESPACE_GOAL_CALLS	0
LIST_EXALL_1000_ENTRIES_FIRST_PASS_VOLUME_FLUSH_WRITE_DETAIL_FREESPACE_GOAL_SAMPLES	0
LIST_EXALL_1000_ENTRIES_FIRST_PASS_VOLUME_FLUSH_WRITE_DETAIL_FREESPACE_GOAL_SAMPLE_TICKS	0
LIST_EXALL_1000_ENTRIES_FIRST_PASS_VOLUME_FLUSH_BTREE_MALLOC_CALLS	0
LIST_EXALL_1000_ENTRIES_FIRST_PASS_VOLUME_FLUSH_BTREE_MALLOC_SAMPLES	0
LIST_EXALL_1000_ENTRIES_FIRST_PASS_VOLUME_FLUSH_BTREE_MALLOC_SAMPLE_TICKS	0
LIST_EXALL_1000_ENTRIES_FIRST_PASS_VOLUME_FLUSH_BTREE_FREE_CALLS	0
LIST_EXALL_1000_ENTRIES_FIRST_PASS_VOLUME_FLUSH_BTREE_FREE_SAMPLES	0
LIST_EXALL_1000_ENTRIES_FIRST_PASS_VOLUME_FLUSH_BTREE_FREE_SAMPLE_TICKS	0
LIST_EXALL_1000_ENTRIES_FIRST_PASS_VOLUME_FLUSH_IFACE_ALLOC_CALLS	0
LIST_EXALL_1000_ENTRIES_FIRST_PASS_VOLUME_FLUSH_IFACE_ALLOC_SAMPLES	0
LIST_EXALL_1000_ENTRIES_FIRST_PASS_VOLUME_FLUSH_IFACE_ALLOC_SAMPLE_TICKS	0
LIST_EXALL_1000_ENTRIES_FIRST_PASS_VOLUME_FLUSH_FREESPACE_ALLOC_CALLS	0
LIST_EXALL_1000_ENTRIES_FIRST_PASS_VOLUME_FLUSH_FREESPACE_ALLOC_SAMPLES	0
LIST_EXALL_1000_ENTRIES_FIRST_PASS_VOLUME_FLUSH_FREESPACE_ALLOC_SAMPLE_TICKS	0
LIST_EXALL_1000_ENTRIES_FIRST_PASS_VOLUME_FLUSH_DETAIL_INODE_READ_CALLS	0
LIST_EXALL_1000_ENTRIES_FIRST_PASS_VOLUME_FLUSH_DETAIL_INODE_READ_SAMPLES	0
LIST_EXALL_1000_ENTRIES_FIRST_PASS_VOLUME_FLUSH_DETAIL_INODE_READ_SAMPLE_TICKS	0
LIST_EXALL_1000_ENTRIES_FIRST_PASS_VOLUME_FLUSH_DETAIL_INODE_VALIDATE_CALLS	0
LIST_EXALL_1000_ENTRIES_FIRST_PASS_VOLUME_FLUSH_DETAIL_INODE_VALIDATE_SAMPLES	0
LIST_EXALL_1000_ENTRIES_FIRST_PASS_VOLUME_FLUSH_DETAIL_INODE_VALIDATE_SAMPLE_TICKS	0
LIST_EXALL_1000_ENTRIES_FIRST_PASS_VOLUME_FLUSH_DETAIL_INODE_SEARCH_CALLS	0
LIST_EXALL_1000_ENTRIES_FIRST_PASS_VOLUME_FLUSH_DETAIL_INODE_SEARCH_SAMPLES	0
LIST_EXALL_1000_ENTRIES_FIRST_PASS_VOLUME_FLUSH_DETAIL_INODE_SEARCH_SAMPLE_TICKS	0
LIST_EXALL_1000_ENTRIES_FIRST_PASS_VOLUME_FLUSH_DETAIL_INODE_NODE_VIEW_CALLS	0
LIST_EXALL_1000_ENTRIES_FIRST_PASS_VOLUME_FLUSH_DETAIL_INODE_NODE_VIEW_SAMPLES	0
LIST_EXALL_1000_ENTRIES_FIRST_PASS_VOLUME_FLUSH_DETAIL_INODE_NODE_VIEW_SAMPLE_TICKS	0
LIST_EXALL_1000_ENTRIES_FIRST_PASS_VOLUME_FLUSH_DETAIL_DIR_NODE_VIEW_CALLS	0
LIST_EXALL_1000_ENTRIES_FIRST_PASS_VOLUME_FLUSH_DETAIL_DIR_NODE_VIEW_SAMPLES	0
LIST_EXALL_1000_ENTRIES_FIRST_PASS_VOLUME_FLUSH_DETAIL_DIR_NODE_VIEW_SAMPLE_TICKS	0
LIST_EXALL_1000_ENTRIES_FIRST_PASS_VOLUME_FLUSH_DETAIL_INODE_BINARY_SEARCH_CALLS	0
LIST_EXALL_1000_ENTRIES_FIRST_PASS_VOLUME_FLUSH_DETAIL_INODE_BINARY_SEARCH_SAMPLES	0
LIST_EXALL_1000_ENTRIES_FIRST_PASS_VOLUME_FLUSH_DETAIL_INODE_BINARY_SEARCH_SAMPLE_TICKS	0
LIST_EXALL_1000_ENTRIES_FIRST_PASS_VOLUME_FLUSH_DETAIL_DIR_BINARY_SEARCH_CALLS	0
LIST_EXALL_1000_ENTRIES_FIRST_PASS_VOLUME_FLUSH_DETAIL_DIR_BINARY_SEARCH_SAMPLES	0
LIST_EXALL_1000_ENTRIES_FIRST_PASS_VOLUME_FLUSH_DETAIL_DIR_BINARY_SEARCH_SAMPLE_TICKS	0
LIST_EXALL_1000_ENTRIES_FIRST_PASS_VOLUME_FLUSH_DETAIL_NODE_STRUCTURE_CALLS	0
LIST_EXALL_1000_ENTRIES_FIRST_PASS_VOLUME_FLUSH_DETAIL_NODE_STRUCTURE_SAMPLES	0
LIST_EXALL_1000_ENTRIES_FIRST_PASS_VOLUME_FLUSH_DETAIL_NODE_STRUCTURE_SAMPLE_TICKS	0
LIST_EXALL_1000_ENTRIES_FIRST_PASS_VOLUME_FLUSH_DETAIL_CACHE_PEEK_CALLS	0
LIST_EXALL_1000_ENTRIES_FIRST_PASS_VOLUME_FLUSH_DETAIL_CACHE_PEEK_SAMPLES	0
LIST_EXALL_1000_ENTRIES_FIRST_PASS_VOLUME_FLUSH_DETAIL_CACHE_PEEK_SAMPLE_TICKS	0
LIST_EXALL_1000_ENTRIES_FIRST_PASS_VOLUME_FLUSH_DETAIL_BUFFER_ALLOC_CALLS	0
LIST_EXALL_1000_ENTRIES_FIRST_PASS_VOLUME_FLUSH_DETAIL_BUFFER_ALLOC_SAMPLES	0
LIST_EXALL_1000_ENTRIES_FIRST_PASS_VOLUME_FLUSH_DETAIL_BUFFER_ALLOC_SAMPLE_TICKS	0
LIST_EXALL_1000_ENTRIES_FIRST_PASS_VOLUME_FLUSH_DETAIL_BUFFER_FREE_CALLS	0
LIST_EXALL_1000_ENTRIES_FIRST_PASS_VOLUME_FLUSH_DETAIL_BUFFER_FREE_SAMPLES	0
LIST_EXALL_1000_ENTRIES_FIRST_PASS_VOLUME_FLUSH_DETAIL_BUFFER_FREE_SAMPLE_TICKS	0
LIST_EXALL_1000_ENTRIES_FIRST_PASS_VOLUME_FLUSH_DETAIL_EXALL_FILL_CALLS	0
LIST_EXALL_1000_ENTRIES_FIRST_PASS_VOLUME_FLUSH_DETAIL_EXALL_FILL_SAMPLES	0
LIST_EXALL_1000_ENTRIES_FIRST_PASS_VOLUME_FLUSH_DETAIL_EXALL_FILL_SAMPLE_TICKS	0
LIST_EXALL_1000_ENTRIES_FIRST_PASS_VOLUME_FLUSH_FREESPACE_ALLOCS	0
LIST_EXALL_1000_ENTRIES_REPEAT10_TOTAL_US	319166
LIST_EXALL_1000_ENTRIES_REPEAT10_TOTAL_WORK_US	319166
LIST_EXALL_1000_ENTRIES_REPEAT10_TOTAL_VOLUME_FLUSH_US	0
LIST_EXALL_1000_ENTRIES_REPEAT10_TOTAL_HAS_VOLUME_FLUSH	0
LIST_EXALL_1000_ENTRIES_REPEAT10_TOTAL_GUEST_OPEN_CALLS	0
LIST_EXALL_1000_ENTRIES_REPEAT10_TOTAL_GUEST_OPEN_US	0
LIST_EXALL_1000_ENTRIES_REPEAT10_TOTAL_GUEST_READ_CALLS	0
LIST_EXALL_1000_ENTRIES_REPEAT10_TOTAL_GUEST_READ_US	0
LIST_EXALL_1000_ENTRIES_REPEAT10_TOTAL_GUEST_WRITE_CALLS	0
LIST_EXALL_1000_ENTRIES_REPEAT10_TOTAL_GUEST_WRITE_US	0
LIST_EXALL_1000_ENTRIES_REPEAT10_TOTAL_GUEST_HANDLE_FLUSH_CALLS	0
LIST_EXALL_1000_ENTRIES_REPEAT10_TOTAL_GUEST_HANDLE_FLUSH_US	0
LIST_EXALL_1000_ENTRIES_REPEAT10_TOTAL_GUEST_CLOSE_CALLS	0
LIST_EXALL_1000_ENTRIES_REPEAT10_TOTAL_GUEST_CLOSE_US	0
LIST_EXALL_1000_ENTRIES_REPEAT10_TOTAL_GUEST_VERIFY_CALLS	0
LIST_EXALL_1000_ENTRIES_REPEAT10_TOTAL_GUEST_VERIFY_US	0
LIST_EXALL_1000_ENTRIES_REPEAT10_TOTAL_WORK_BIO_READS	0
LIST_EXALL_1000_ENTRIES_REPEAT10_TOTAL_WORK_BIO_WRITES	0
LIST_EXALL_1000_ENTRIES_REPEAT10_TOTAL_WORK_BIO_UPDATES	0
LIST_EXALL_1000_ENTRIES_REPEAT10_TOTAL_WORK_DATA_READS	0
LIST_EXALL_1000_ENTRIES_REPEAT10_TOTAL_WORK_DATA_WRITES	0
LIST_EXALL_1000_ENTRIES_REPEAT10_TOTAL_WORK_NODE_WRITES	0
LIST_EXALL_1000_ENTRIES_REPEAT10_TOTAL_WORK_TXN_COMMITS	0
LIST_EXALL_1000_ENTRIES_REPEAT10_TOTAL_WORK_EXTENT_MAPS	0
LIST_EXALL_1000_ENTRIES_REPEAT10_TOTAL_WORK_READ_TICKS	0
LIST_EXALL_1000_ENTRIES_REPEAT10_TOTAL_WORK_WRITE_TICKS	0
LIST_EXALL_1000_ENTRIES_REPEAT10_TOTAL_WORK_UPDATE_TICKS	0
LIST_EXALL_1000_ENTRIES_REPEAT10_TOTAL_WORK_DATA_READ_TICKS	0
LIST_EXALL_1000_ENTRIES_REPEAT10_TOTAL_WORK_DATA_WRITE_TICKS	0
LIST_EXALL_1000_ENTRIES_REPEAT10_TOTAL_WORK_NODE_CRC_READ_CALLS	0
LIST_EXALL_1000_ENTRIES_REPEAT10_TOTAL_WORK_NODE_CRC_READ_SAMPLES	0
LIST_EXALL_1000_ENTRIES_REPEAT10_TOTAL_WORK_NODE_CRC_READ_SAMPLE_TICKS	0
LIST_EXALL_1000_ENTRIES_REPEAT10_TOTAL_WORK_NODE_CRC_WRITE_CALLS	0
LIST_EXALL_1000_ENTRIES_REPEAT10_TOTAL_WORK_NODE_CRC_WRITE_SAMPLES	0
LIST_EXALL_1000_ENTRIES_REPEAT10_TOTAL_WORK_NODE_CRC_WRITE_SAMPLE_TICKS	0
LIST_EXALL_1000_ENTRIES_REPEAT10_TOTAL_WORK_CLOCK_PAIR_TICKS	0
LIST_EXALL_1000_ENTRIES_REPEAT10_TOTAL_WORK_PACKET_CALLS	112
LIST_EXALL_1000_ENTRIES_REPEAT10_TOTAL_WORK_PACKET_SAMPLES	112
LIST_EXALL_1000_ENTRIES_REPEAT10_TOTAL_WORK_PACKET_SAMPLE_TICKS	216496
LIST_EXALL_1000_ENTRIES_REPEAT10_TOTAL_WORK_PACKET_OPEN_CALLS	0
LIST_EXALL_1000_ENTRIES_REPEAT10_TOTAL_WORK_PACKET_OPEN_SAMPLES	0
LIST_EXALL_1000_ENTRIES_REPEAT10_TOTAL_WORK_PACKET_OPEN_SAMPLE_TICKS	0
LIST_EXALL_1000_ENTRIES_REPEAT10_TOTAL_WORK_PACKET_READ_CALLS	0
LIST_EXALL_1000_ENTRIES_REPEAT10_TOTAL_WORK_PACKET_READ_SAMPLES	0
LIST_EXALL_1000_ENTRIES_REPEAT10_TOTAL_WORK_PACKET_READ_SAMPLE_TICKS	0
LIST_EXALL_1000_ENTRIES_REPEAT10_TOTAL_WORK_PACKET_WRITE_CALLS	0
LIST_EXALL_1000_ENTRIES_REPEAT10_TOTAL_WORK_PACKET_WRITE_SAMPLES	0
LIST_EXALL_1000_ENTRIES_REPEAT10_TOTAL_WORK_PACKET_WRITE_SAMPLE_TICKS	0
LIST_EXALL_1000_ENTRIES_REPEAT10_TOTAL_WORK_PACKET_END_CALLS	0
LIST_EXALL_1000_ENTRIES_REPEAT10_TOTAL_WORK_PACKET_END_SAMPLES	0
LIST_EXALL_1000_ENTRIES_REPEAT10_TOTAL_WORK_PACKET_END_SAMPLE_TICKS	0
LIST_EXALL_1000_ENTRIES_REPEAT10_TOTAL_WORK_PACKET_DELETE_CALLS	0
LIST_EXALL_1000_ENTRIES_REPEAT10_TOTAL_WORK_PACKET_DELETE_SAMPLES	0
LIST_EXALL_1000_ENTRIES_REPEAT10_TOTAL_WORK_PACKET_DELETE_SAMPLE_TICKS	0
LIST_EXALL_1000_ENTRIES_REPEAT10_TOTAL_WORK_PACKET_FLUSH_CALLS	0
LIST_EXALL_1000_ENTRIES_REPEAT10_TOTAL_WORK_PACKET_FLUSH_SAMPLES	0
LIST_EXALL_1000_ENTRIES_REPEAT10_TOTAL_WORK_PACKET_FLUSH_SAMPLE_TICKS	0
LIST_EXALL_1000_ENTRIES_REPEAT10_TOTAL_WORK_PACKET_OTHER_CALLS	112
LIST_EXALL_1000_ENTRIES_REPEAT10_TOTAL_WORK_PACKET_OTHER_SAMPLES	112
LIST_EXALL_1000_ENTRIES_REPEAT10_TOTAL_WORK_PACKET_OTHER_SAMPLE_TICKS	216496
LIST_EXALL_1000_ENTRIES_REPEAT10_TOTAL_WORK_CORE_CREATE_CALLS	0
LIST_EXALL_1000_ENTRIES_REPEAT10_TOTAL_WORK_CORE_CREATE_SAMPLES	0
LIST_EXALL_1000_ENTRIES_REPEAT10_TOTAL_WORK_CORE_CREATE_SAMPLE_TICKS	0
LIST_EXALL_1000_ENTRIES_REPEAT10_TOTAL_WORK_CORE_DELETE_CALLS	0
LIST_EXALL_1000_ENTRIES_REPEAT10_TOTAL_WORK_CORE_DELETE_SAMPLES	0
LIST_EXALL_1000_ENTRIES_REPEAT10_TOTAL_WORK_CORE_DELETE_SAMPLE_TICKS	0
LIST_EXALL_1000_ENTRIES_REPEAT10_TOTAL_WORK_CORE_FILE_WRITE_CALLS	0
LIST_EXALL_1000_ENTRIES_REPEAT10_TOTAL_WORK_CORE_FILE_WRITE_SAMPLES	0
LIST_EXALL_1000_ENTRIES_REPEAT10_TOTAL_WORK_CORE_FILE_WRITE_SAMPLE_TICKS	0
LIST_EXALL_1000_ENTRIES_REPEAT10_TOTAL_WORK_CORE_SYNC_CALLS	0
LIST_EXALL_1000_ENTRIES_REPEAT10_TOTAL_WORK_CORE_SYNC_SAMPLES	0
LIST_EXALL_1000_ENTRIES_REPEAT10_TOTAL_WORK_CORE_SYNC_SAMPLE_TICKS	0
LIST_EXALL_1000_ENTRIES_REPEAT10_TOTAL_WORK_IFACE_FREE_CALLS	0
LIST_EXALL_1000_ENTRIES_REPEAT10_TOTAL_WORK_IFACE_FREE_SAMPLES	0
LIST_EXALL_1000_ENTRIES_REPEAT10_TOTAL_WORK_IFACE_FREE_SAMPLE_TICKS	0
LIST_EXALL_1000_ENTRIES_REPEAT10_TOTAL_WORK_SEAL_COMMIT_CALLS	0
LIST_EXALL_1000_ENTRIES_REPEAT10_TOTAL_WORK_SEAL_COMMIT_SAMPLES	0
LIST_EXALL_1000_ENTRIES_REPEAT10_TOTAL_WORK_SEAL_COMMIT_SAMPLE_TICKS	0
LIST_EXALL_1000_ENTRIES_REPEAT10_TOTAL_WORK_INODE_READ_CALLS	10000
LIST_EXALL_1000_ENTRIES_REPEAT10_TOTAL_WORK_BTREE_SEARCH_CALLS	10001
LIST_EXALL_1000_ENTRIES_REPEAT10_TOTAL_WORK_BTREE_INDEX_HINT_HITS	0
LIST_EXALL_1000_ENTRIES_REPEAT10_TOTAL_WORK_BTREE_LEAF_HINT_HITS	1641
LIST_EXALL_1000_ENTRIES_REPEAT10_TOTAL_WORK_CACHE_READ_CALLS	0
LIST_EXALL_1000_ENTRIES_REPEAT10_TOTAL_WORK_CACHE_READ_HITS	0
LIST_EXALL_1000_ENTRIES_REPEAT10_TOTAL_WORK_CACHE_READ_MISSES	0
LIST_EXALL_1000_ENTRIES_REPEAT10_TOTAL_WORK_FREE_TREE_NODE_VIEWS	0
LIST_EXALL_1000_ENTRIES_REPEAT10_TOTAL_WORK_FREE_TREE_RESIDENT_VIEWS	0
LIST_EXALL_1000_ENTRIES_REPEAT10_TOTAL_WORK_DIR_TREE_NODE_VIEWS	760
LIST_EXALL_1000_ENTRIES_REPEAT10_TOTAL_WORK_DIR_TREE_RESIDENT_VIEWS	760
LIST_EXALL_1000_ENTRIES_REPEAT10_TOTAL_WORK_INODE_TREE_NODE_VIEWS	0
LIST_EXALL_1000_ENTRIES_REPEAT10_TOTAL_WORK_INODE_TREE_RESIDENT_VIEWS	0
LIST_EXALL_1000_ENTRIES_REPEAT10_TOTAL_WORK_REFCOUNT_TREE_NODE_VIEWS	0
LIST_EXALL_1000_ENTRIES_REPEAT10_TOTAL_WORK_REFCOUNT_TREE_RESIDENT_VIEWS	0
LIST_EXALL_1000_ENTRIES_REPEAT10_TOTAL_WORK_OTHER_TREE_NODE_VIEWS	0
LIST_EXALL_1000_ENTRIES_REPEAT10_TOTAL_WORK_OTHER_TREE_RESIDENT_VIEWS	0
LIST_EXALL_1000_ENTRIES_REPEAT10_TOTAL_WORK_WRITE_DETAIL_INODE_READ_CALLS	10000
LIST_EXALL_1000_ENTRIES_REPEAT10_TOTAL_WORK_WRITE_DETAIL_INODE_READ_SAMPLES	10000
LIST_EXALL_1000_ENTRIES_REPEAT10_TOTAL_WORK_WRITE_DETAIL_INODE_READ_SAMPLE_TICKS	77428
LIST_EXALL_1000_ENTRIES_REPEAT10_TOTAL_WORK_WRITE_DETAIL_INODE_WRITE_CALLS	0
LIST_EXALL_1000_ENTRIES_REPEAT10_TOTAL_WORK_WRITE_DETAIL_INODE_WRITE_SAMPLES	0
LIST_EXALL_1000_ENTRIES_REPEAT10_TOTAL_WORK_WRITE_DETAIL_INODE_WRITE_SAMPLE_TICKS	0
LIST_EXALL_1000_ENTRIES_REPEAT10_TOTAL_WORK_WRITE_DETAIL_EXTENT_MAP_CALLS	0
LIST_EXALL_1000_ENTRIES_REPEAT10_TOTAL_WORK_WRITE_DETAIL_EXTENT_MAP_SAMPLES	0
LIST_EXALL_1000_ENTRIES_REPEAT10_TOTAL_WORK_WRITE_DETAIL_EXTENT_MAP_SAMPLE_TICKS	0
LIST_EXALL_1000_ENTRIES_REPEAT10_TOTAL_WORK_WRITE_DETAIL_FREESPACE_GOAL_CALLS	0
LIST_EXALL_1000_ENTRIES_REPEAT10_TOTAL_WORK_WRITE_DETAIL_FREESPACE_GOAL_SAMPLES	0
LIST_EXALL_1000_ENTRIES_REPEAT10_TOTAL_WORK_WRITE_DETAIL_FREESPACE_GOAL_SAMPLE_TICKS	0
LIST_EXALL_1000_ENTRIES_REPEAT10_TOTAL_WORK_BTREE_MALLOC_CALLS	171
LIST_EXALL_1000_ENTRIES_REPEAT10_TOTAL_WORK_BTREE_MALLOC_SAMPLES	171
LIST_EXALL_1000_ENTRIES_REPEAT10_TOTAL_WORK_BTREE_MALLOC_SAMPLE_TICKS	889
LIST_EXALL_1000_ENTRIES_REPEAT10_TOTAL_WORK_BTREE_FREE_CALLS	221
LIST_EXALL_1000_ENTRIES_REPEAT10_TOTAL_WORK_BTREE_FREE_SAMPLES	221
LIST_EXALL_1000_ENTRIES_REPEAT10_TOTAL_WORK_BTREE_FREE_SAMPLE_TICKS	866
LIST_EXALL_1000_ENTRIES_REPEAT10_TOTAL_WORK_IFACE_ALLOC_CALLS	0
LIST_EXALL_1000_ENTRIES_REPEAT10_TOTAL_WORK_IFACE_ALLOC_SAMPLES	0
LIST_EXALL_1000_ENTRIES_REPEAT10_TOTAL_WORK_IFACE_ALLOC_SAMPLE_TICKS	0
LIST_EXALL_1000_ENTRIES_REPEAT10_TOTAL_WORK_FREESPACE_ALLOC_CALLS	0
LIST_EXALL_1000_ENTRIES_REPEAT10_TOTAL_WORK_FREESPACE_ALLOC_SAMPLES	0
LIST_EXALL_1000_ENTRIES_REPEAT10_TOTAL_WORK_FREESPACE_ALLOC_SAMPLE_TICKS	0
LIST_EXALL_1000_ENTRIES_REPEAT10_TOTAL_WORK_DETAIL_INODE_READ_CALLS	10000
LIST_EXALL_1000_ENTRIES_REPEAT10_TOTAL_WORK_DETAIL_INODE_READ_SAMPLES	588
LIST_EXALL_1000_ENTRIES_REPEAT10_TOTAL_WORK_DETAIL_INODE_READ_SAMPLE_TICKS	8540
LIST_EXALL_1000_ENTRIES_REPEAT10_TOTAL_WORK_DETAIL_INODE_VALIDATE_CALLS	10000
LIST_EXALL_1000_ENTRIES_REPEAT10_TOTAL_WORK_DETAIL_INODE_VALIDATE_SAMPLES	588
LIST_EXALL_1000_ENTRIES_REPEAT10_TOTAL_WORK_DETAIL_INODE_VALIDATE_SAMPLE_TICKS	1282
LIST_EXALL_1000_ENTRIES_REPEAT10_TOTAL_WORK_DETAIL_INODE_SEARCH_CALLS	10000
LIST_EXALL_1000_ENTRIES_REPEAT10_TOTAL_WORK_DETAIL_INODE_SEARCH_SAMPLES	588
LIST_EXALL_1000_ENTRIES_REPEAT10_TOTAL_WORK_DETAIL_INODE_SEARCH_SAMPLE_TICKS	2909
LIST_EXALL_1000_ENTRIES_REPEAT10_TOTAL_WORK_DETAIL_INODE_NODE_VIEW_CALLS	0
LIST_EXALL_1000_ENTRIES_REPEAT10_TOTAL_WORK_DETAIL_INODE_NODE_VIEW_SAMPLES	0
LIST_EXALL_1000_ENTRIES_REPEAT10_TOTAL_WORK_DETAIL_INODE_NODE_VIEW_SAMPLE_TICKS	0
LIST_EXALL_1000_ENTRIES_REPEAT10_TOTAL_WORK_DETAIL_DIR_NODE_VIEW_CALLS	760
LIST_EXALL_1000_ENTRIES_REPEAT10_TOTAL_WORK_DETAIL_DIR_NODE_VIEW_SAMPLES	44
LIST_EXALL_1000_ENTRIES_REPEAT10_TOTAL_WORK_DETAIL_DIR_NODE_VIEW_SAMPLE_TICKS	194
LIST_EXALL_1000_ENTRIES_REPEAT10_TOTAL_WORK_DETAIL_INODE_BINARY_SEARCH_CALLS	0
LIST_EXALL_1000_ENTRIES_REPEAT10_TOTAL_WORK_DETAIL_INODE_BINARY_SEARCH_SAMPLES	0
LIST_EXALL_1000_ENTRIES_REPEAT10_TOTAL_WORK_DETAIL_INODE_BINARY_SEARCH_SAMPLE_TICKS	0
LIST_EXALL_1000_ENTRIES_REPEAT10_TOTAL_WORK_DETAIL_DIR_BINARY_SEARCH_CALLS	541
LIST_EXALL_1000_ENTRIES_REPEAT10_TOTAL_WORK_DETAIL_DIR_BINARY_SEARCH_SAMPLES	31
LIST_EXALL_1000_ENTRIES_REPEAT10_TOTAL_WORK_DETAIL_DIR_BINARY_SEARCH_SAMPLE_TICKS	99
LIST_EXALL_1000_ENTRIES_REPEAT10_TOTAL_WORK_DETAIL_NODE_STRUCTURE_CALLS	0
LIST_EXALL_1000_ENTRIES_REPEAT10_TOTAL_WORK_DETAIL_NODE_STRUCTURE_SAMPLES	0
LIST_EXALL_1000_ENTRIES_REPEAT10_TOTAL_WORK_DETAIL_NODE_STRUCTURE_SAMPLE_TICKS	0
LIST_EXALL_1000_ENTRIES_REPEAT10_TOTAL_WORK_DETAIL_CACHE_PEEK_CALLS	2401
LIST_EXALL_1000_ENTRIES_REPEAT10_TOTAL_WORK_DETAIL_CACHE_PEEK_SAMPLES	141
LIST_EXALL_1000_ENTRIES_REPEAT10_TOTAL_WORK_DETAIL_CACHE_PEEK_SAMPLE_TICKS	423
LIST_EXALL_1000_ENTRIES_REPEAT10_TOTAL_WORK_DETAIL_BUFFER_ALLOC_CALLS	440
LIST_EXALL_1000_ENTRIES_REPEAT10_TOTAL_WORK_DETAIL_BUFFER_ALLOC_SAMPLES	25
LIST_EXALL_1000_ENTRIES_REPEAT10_TOTAL_WORK_DETAIL_BUFFER_ALLOC_SAMPLE_TICKS	90
LIST_EXALL_1000_ENTRIES_REPEAT10_TOTAL_WORK_DETAIL_BUFFER_FREE_CALLS	440
LIST_EXALL_1000_ENTRIES_REPEAT10_TOTAL_WORK_DETAIL_BUFFER_FREE_SAMPLES	25
LIST_EXALL_1000_ENTRIES_REPEAT10_TOTAL_WORK_DETAIL_BUFFER_FREE_SAMPLE_TICKS	92
LIST_EXALL_1000_ENTRIES_REPEAT10_TOTAL_WORK_DETAIL_EXALL_FILL_CALLS	10000
LIST_EXALL_1000_ENTRIES_REPEAT10_TOTAL_WORK_DETAIL_EXALL_FILL_SAMPLES	588
LIST_EXALL_1000_ENTRIES_REPEAT10_TOTAL_WORK_DETAIL_EXALL_FILL_SAMPLE_TICKS	2990
LIST_EXALL_1000_ENTRIES_REPEAT10_TOTAL_WORK_FREESPACE_ALLOCS	0
LIST_EXALL_1000_ENTRIES_REPEAT10_TOTAL_VOLUME_FLUSH_BIO_READS	0
LIST_EXALL_1000_ENTRIES_REPEAT10_TOTAL_VOLUME_FLUSH_BIO_WRITES	0
LIST_EXALL_1000_ENTRIES_REPEAT10_TOTAL_VOLUME_FLUSH_BIO_UPDATES	0
LIST_EXALL_1000_ENTRIES_REPEAT10_TOTAL_VOLUME_FLUSH_DATA_READS	0
LIST_EXALL_1000_ENTRIES_REPEAT10_TOTAL_VOLUME_FLUSH_DATA_WRITES	0
LIST_EXALL_1000_ENTRIES_REPEAT10_TOTAL_VOLUME_FLUSH_NODE_WRITES	0
LIST_EXALL_1000_ENTRIES_REPEAT10_TOTAL_VOLUME_FLUSH_TXN_COMMITS	0
LIST_EXALL_1000_ENTRIES_REPEAT10_TOTAL_VOLUME_FLUSH_EXTENT_MAPS	0
LIST_EXALL_1000_ENTRIES_REPEAT10_TOTAL_VOLUME_FLUSH_READ_TICKS	0
LIST_EXALL_1000_ENTRIES_REPEAT10_TOTAL_VOLUME_FLUSH_WRITE_TICKS	0
LIST_EXALL_1000_ENTRIES_REPEAT10_TOTAL_VOLUME_FLUSH_UPDATE_TICKS	0
LIST_EXALL_1000_ENTRIES_REPEAT10_TOTAL_VOLUME_FLUSH_DATA_READ_TICKS	0
LIST_EXALL_1000_ENTRIES_REPEAT10_TOTAL_VOLUME_FLUSH_DATA_WRITE_TICKS	0
LIST_EXALL_1000_ENTRIES_REPEAT10_TOTAL_VOLUME_FLUSH_NODE_CRC_READ_CALLS	0
LIST_EXALL_1000_ENTRIES_REPEAT10_TOTAL_VOLUME_FLUSH_NODE_CRC_READ_SAMPLES	0
LIST_EXALL_1000_ENTRIES_REPEAT10_TOTAL_VOLUME_FLUSH_NODE_CRC_READ_SAMPLE_TICKS	0
LIST_EXALL_1000_ENTRIES_REPEAT10_TOTAL_VOLUME_FLUSH_NODE_CRC_WRITE_CALLS	0
LIST_EXALL_1000_ENTRIES_REPEAT10_TOTAL_VOLUME_FLUSH_NODE_CRC_WRITE_SAMPLES	0
LIST_EXALL_1000_ENTRIES_REPEAT10_TOTAL_VOLUME_FLUSH_NODE_CRC_WRITE_SAMPLE_TICKS	0
LIST_EXALL_1000_ENTRIES_REPEAT10_TOTAL_VOLUME_FLUSH_CLOCK_PAIR_TICKS	0
LIST_EXALL_1000_ENTRIES_REPEAT10_TOTAL_VOLUME_FLUSH_PACKET_CALLS	0
LIST_EXALL_1000_ENTRIES_REPEAT10_TOTAL_VOLUME_FLUSH_PACKET_SAMPLES	0
LIST_EXALL_1000_ENTRIES_REPEAT10_TOTAL_VOLUME_FLUSH_PACKET_SAMPLE_TICKS	0
LIST_EXALL_1000_ENTRIES_REPEAT10_TOTAL_VOLUME_FLUSH_PACKET_OPEN_CALLS	0
LIST_EXALL_1000_ENTRIES_REPEAT10_TOTAL_VOLUME_FLUSH_PACKET_OPEN_SAMPLES	0
LIST_EXALL_1000_ENTRIES_REPEAT10_TOTAL_VOLUME_FLUSH_PACKET_OPEN_SAMPLE_TICKS	0
LIST_EXALL_1000_ENTRIES_REPEAT10_TOTAL_VOLUME_FLUSH_PACKET_READ_CALLS	0
LIST_EXALL_1000_ENTRIES_REPEAT10_TOTAL_VOLUME_FLUSH_PACKET_READ_SAMPLES	0
LIST_EXALL_1000_ENTRIES_REPEAT10_TOTAL_VOLUME_FLUSH_PACKET_READ_SAMPLE_TICKS	0
LIST_EXALL_1000_ENTRIES_REPEAT10_TOTAL_VOLUME_FLUSH_PACKET_WRITE_CALLS	0
LIST_EXALL_1000_ENTRIES_REPEAT10_TOTAL_VOLUME_FLUSH_PACKET_WRITE_SAMPLES	0
LIST_EXALL_1000_ENTRIES_REPEAT10_TOTAL_VOLUME_FLUSH_PACKET_WRITE_SAMPLE_TICKS	0
LIST_EXALL_1000_ENTRIES_REPEAT10_TOTAL_VOLUME_FLUSH_PACKET_END_CALLS	0
LIST_EXALL_1000_ENTRIES_REPEAT10_TOTAL_VOLUME_FLUSH_PACKET_END_SAMPLES	0
LIST_EXALL_1000_ENTRIES_REPEAT10_TOTAL_VOLUME_FLUSH_PACKET_END_SAMPLE_TICKS	0
LIST_EXALL_1000_ENTRIES_REPEAT10_TOTAL_VOLUME_FLUSH_PACKET_DELETE_CALLS	0
LIST_EXALL_1000_ENTRIES_REPEAT10_TOTAL_VOLUME_FLUSH_PACKET_DELETE_SAMPLES	0
LIST_EXALL_1000_ENTRIES_REPEAT10_TOTAL_VOLUME_FLUSH_PACKET_DELETE_SAMPLE_TICKS	0
LIST_EXALL_1000_ENTRIES_REPEAT10_TOTAL_VOLUME_FLUSH_PACKET_FLUSH_CALLS	0
LIST_EXALL_1000_ENTRIES_REPEAT10_TOTAL_VOLUME_FLUSH_PACKET_FLUSH_SAMPLES	0
LIST_EXALL_1000_ENTRIES_REPEAT10_TOTAL_VOLUME_FLUSH_PACKET_FLUSH_SAMPLE_TICKS	0
LIST_EXALL_1000_ENTRIES_REPEAT10_TOTAL_VOLUME_FLUSH_PACKET_OTHER_CALLS	0
LIST_EXALL_1000_ENTRIES_REPEAT10_TOTAL_VOLUME_FLUSH_PACKET_OTHER_SAMPLES	0
LIST_EXALL_1000_ENTRIES_REPEAT10_TOTAL_VOLUME_FLUSH_PACKET_OTHER_SAMPLE_TICKS	0
LIST_EXALL_1000_ENTRIES_REPEAT10_TOTAL_VOLUME_FLUSH_CORE_CREATE_CALLS	0
LIST_EXALL_1000_ENTRIES_REPEAT10_TOTAL_VOLUME_FLUSH_CORE_CREATE_SAMPLES	0
LIST_EXALL_1000_ENTRIES_REPEAT10_TOTAL_VOLUME_FLUSH_CORE_CREATE_SAMPLE_TICKS	0
LIST_EXALL_1000_ENTRIES_REPEAT10_TOTAL_VOLUME_FLUSH_CORE_DELETE_CALLS	0
LIST_EXALL_1000_ENTRIES_REPEAT10_TOTAL_VOLUME_FLUSH_CORE_DELETE_SAMPLES	0
LIST_EXALL_1000_ENTRIES_REPEAT10_TOTAL_VOLUME_FLUSH_CORE_DELETE_SAMPLE_TICKS	0
LIST_EXALL_1000_ENTRIES_REPEAT10_TOTAL_VOLUME_FLUSH_CORE_FILE_WRITE_CALLS	0
LIST_EXALL_1000_ENTRIES_REPEAT10_TOTAL_VOLUME_FLUSH_CORE_FILE_WRITE_SAMPLES	0
LIST_EXALL_1000_ENTRIES_REPEAT10_TOTAL_VOLUME_FLUSH_CORE_FILE_WRITE_SAMPLE_TICKS	0
LIST_EXALL_1000_ENTRIES_REPEAT10_TOTAL_VOLUME_FLUSH_CORE_SYNC_CALLS	0
LIST_EXALL_1000_ENTRIES_REPEAT10_TOTAL_VOLUME_FLUSH_CORE_SYNC_SAMPLES	0
LIST_EXALL_1000_ENTRIES_REPEAT10_TOTAL_VOLUME_FLUSH_CORE_SYNC_SAMPLE_TICKS	0
LIST_EXALL_1000_ENTRIES_REPEAT10_TOTAL_VOLUME_FLUSH_IFACE_FREE_CALLS	0
LIST_EXALL_1000_ENTRIES_REPEAT10_TOTAL_VOLUME_FLUSH_IFACE_FREE_SAMPLES	0
LIST_EXALL_1000_ENTRIES_REPEAT10_TOTAL_VOLUME_FLUSH_IFACE_FREE_SAMPLE_TICKS	0
LIST_EXALL_1000_ENTRIES_REPEAT10_TOTAL_VOLUME_FLUSH_SEAL_COMMIT_CALLS	0
LIST_EXALL_1000_ENTRIES_REPEAT10_TOTAL_VOLUME_FLUSH_SEAL_COMMIT_SAMPLES	0
LIST_EXALL_1000_ENTRIES_REPEAT10_TOTAL_VOLUME_FLUSH_SEAL_COMMIT_SAMPLE_TICKS	0
LIST_EXALL_1000_ENTRIES_REPEAT10_TOTAL_VOLUME_FLUSH_INODE_READ_CALLS	0
LIST_EXALL_1000_ENTRIES_REPEAT10_TOTAL_VOLUME_FLUSH_BTREE_SEARCH_CALLS	0
LIST_EXALL_1000_ENTRIES_REPEAT10_TOTAL_VOLUME_FLUSH_BTREE_INDEX_HINT_HITS	0
LIST_EXALL_1000_ENTRIES_REPEAT10_TOTAL_VOLUME_FLUSH_BTREE_LEAF_HINT_HITS	0
LIST_EXALL_1000_ENTRIES_REPEAT10_TOTAL_VOLUME_FLUSH_CACHE_READ_CALLS	0
LIST_EXALL_1000_ENTRIES_REPEAT10_TOTAL_VOLUME_FLUSH_CACHE_READ_HITS	0
LIST_EXALL_1000_ENTRIES_REPEAT10_TOTAL_VOLUME_FLUSH_CACHE_READ_MISSES	0
LIST_EXALL_1000_ENTRIES_REPEAT10_TOTAL_VOLUME_FLUSH_FREE_TREE_NODE_VIEWS	0
LIST_EXALL_1000_ENTRIES_REPEAT10_TOTAL_VOLUME_FLUSH_FREE_TREE_RESIDENT_VIEWS	0
LIST_EXALL_1000_ENTRIES_REPEAT10_TOTAL_VOLUME_FLUSH_DIR_TREE_NODE_VIEWS	0
LIST_EXALL_1000_ENTRIES_REPEAT10_TOTAL_VOLUME_FLUSH_DIR_TREE_RESIDENT_VIEWS	0
LIST_EXALL_1000_ENTRIES_REPEAT10_TOTAL_VOLUME_FLUSH_INODE_TREE_NODE_VIEWS	0
LIST_EXALL_1000_ENTRIES_REPEAT10_TOTAL_VOLUME_FLUSH_INODE_TREE_RESIDENT_VIEWS	0
LIST_EXALL_1000_ENTRIES_REPEAT10_TOTAL_VOLUME_FLUSH_REFCOUNT_TREE_NODE_VIEWS	0
LIST_EXALL_1000_ENTRIES_REPEAT10_TOTAL_VOLUME_FLUSH_REFCOUNT_TREE_RESIDENT_VIEWS	0
LIST_EXALL_1000_ENTRIES_REPEAT10_TOTAL_VOLUME_FLUSH_OTHER_TREE_NODE_VIEWS	0
LIST_EXALL_1000_ENTRIES_REPEAT10_TOTAL_VOLUME_FLUSH_OTHER_TREE_RESIDENT_VIEWS	0
LIST_EXALL_1000_ENTRIES_REPEAT10_TOTAL_VOLUME_FLUSH_WRITE_DETAIL_INODE_READ_CALLS	0
LIST_EXALL_1000_ENTRIES_REPEAT10_TOTAL_VOLUME_FLUSH_WRITE_DETAIL_INODE_READ_SAMPLES	0
LIST_EXALL_1000_ENTRIES_REPEAT10_TOTAL_VOLUME_FLUSH_WRITE_DETAIL_INODE_READ_SAMPLE_TICKS	0
LIST_EXALL_1000_ENTRIES_REPEAT10_TOTAL_VOLUME_FLUSH_WRITE_DETAIL_INODE_WRITE_CALLS	0
LIST_EXALL_1000_ENTRIES_REPEAT10_TOTAL_VOLUME_FLUSH_WRITE_DETAIL_INODE_WRITE_SAMPLES	0
LIST_EXALL_1000_ENTRIES_REPEAT10_TOTAL_VOLUME_FLUSH_WRITE_DETAIL_INODE_WRITE_SAMPLE_TICKS	0
LIST_EXALL_1000_ENTRIES_REPEAT10_TOTAL_VOLUME_FLUSH_WRITE_DETAIL_EXTENT_MAP_CALLS	0
LIST_EXALL_1000_ENTRIES_REPEAT10_TOTAL_VOLUME_FLUSH_WRITE_DETAIL_EXTENT_MAP_SAMPLES	0
LIST_EXALL_1000_ENTRIES_REPEAT10_TOTAL_VOLUME_FLUSH_WRITE_DETAIL_EXTENT_MAP_SAMPLE_TICKS	0
LIST_EXALL_1000_ENTRIES_REPEAT10_TOTAL_VOLUME_FLUSH_WRITE_DETAIL_FREESPACE_GOAL_CALLS	0
LIST_EXALL_1000_ENTRIES_REPEAT10_TOTAL_VOLUME_FLUSH_WRITE_DETAIL_FREESPACE_GOAL_SAMPLES	0
LIST_EXALL_1000_ENTRIES_REPEAT10_TOTAL_VOLUME_FLUSH_WRITE_DETAIL_FREESPACE_GOAL_SAMPLE_TICKS	0
LIST_EXALL_1000_ENTRIES_REPEAT10_TOTAL_VOLUME_FLUSH_BTREE_MALLOC_CALLS	0
LIST_EXALL_1000_ENTRIES_REPEAT10_TOTAL_VOLUME_FLUSH_BTREE_MALLOC_SAMPLES	0
LIST_EXALL_1000_ENTRIES_REPEAT10_TOTAL_VOLUME_FLUSH_BTREE_MALLOC_SAMPLE_TICKS	0
LIST_EXALL_1000_ENTRIES_REPEAT10_TOTAL_VOLUME_FLUSH_BTREE_FREE_CALLS	0
LIST_EXALL_1000_ENTRIES_REPEAT10_TOTAL_VOLUME_FLUSH_BTREE_FREE_SAMPLES	0
LIST_EXALL_1000_ENTRIES_REPEAT10_TOTAL_VOLUME_FLUSH_BTREE_FREE_SAMPLE_TICKS	0
LIST_EXALL_1000_ENTRIES_REPEAT10_TOTAL_VOLUME_FLUSH_IFACE_ALLOC_CALLS	0
LIST_EXALL_1000_ENTRIES_REPEAT10_TOTAL_VOLUME_FLUSH_IFACE_ALLOC_SAMPLES	0
LIST_EXALL_1000_ENTRIES_REPEAT10_TOTAL_VOLUME_FLUSH_IFACE_ALLOC_SAMPLE_TICKS	0
LIST_EXALL_1000_ENTRIES_REPEAT10_TOTAL_VOLUME_FLUSH_FREESPACE_ALLOC_CALLS	0
LIST_EXALL_1000_ENTRIES_REPEAT10_TOTAL_VOLUME_FLUSH_FREESPACE_ALLOC_SAMPLES	0
LIST_EXALL_1000_ENTRIES_REPEAT10_TOTAL_VOLUME_FLUSH_FREESPACE_ALLOC_SAMPLE_TICKS	0
LIST_EXALL_1000_ENTRIES_REPEAT10_TOTAL_VOLUME_FLUSH_DETAIL_INODE_READ_CALLS	0
LIST_EXALL_1000_ENTRIES_REPEAT10_TOTAL_VOLUME_FLUSH_DETAIL_INODE_READ_SAMPLES	0
LIST_EXALL_1000_ENTRIES_REPEAT10_TOTAL_VOLUME_FLUSH_DETAIL_INODE_READ_SAMPLE_TICKS	0
LIST_EXALL_1000_ENTRIES_REPEAT10_TOTAL_VOLUME_FLUSH_DETAIL_INODE_VALIDATE_CALLS	0
LIST_EXALL_1000_ENTRIES_REPEAT10_TOTAL_VOLUME_FLUSH_DETAIL_INODE_VALIDATE_SAMPLES	0
LIST_EXALL_1000_ENTRIES_REPEAT10_TOTAL_VOLUME_FLUSH_DETAIL_INODE_VALIDATE_SAMPLE_TICKS	0
LIST_EXALL_1000_ENTRIES_REPEAT10_TOTAL_VOLUME_FLUSH_DETAIL_INODE_SEARCH_CALLS	0
LIST_EXALL_1000_ENTRIES_REPEAT10_TOTAL_VOLUME_FLUSH_DETAIL_INODE_SEARCH_SAMPLES	0
LIST_EXALL_1000_ENTRIES_REPEAT10_TOTAL_VOLUME_FLUSH_DETAIL_INODE_SEARCH_SAMPLE_TICKS	0
LIST_EXALL_1000_ENTRIES_REPEAT10_TOTAL_VOLUME_FLUSH_DETAIL_INODE_NODE_VIEW_CALLS	0
LIST_EXALL_1000_ENTRIES_REPEAT10_TOTAL_VOLUME_FLUSH_DETAIL_INODE_NODE_VIEW_SAMPLES	0
LIST_EXALL_1000_ENTRIES_REPEAT10_TOTAL_VOLUME_FLUSH_DETAIL_INODE_NODE_VIEW_SAMPLE_TICKS	0
LIST_EXALL_1000_ENTRIES_REPEAT10_TOTAL_VOLUME_FLUSH_DETAIL_DIR_NODE_VIEW_CALLS	0
LIST_EXALL_1000_ENTRIES_REPEAT10_TOTAL_VOLUME_FLUSH_DETAIL_DIR_NODE_VIEW_SAMPLES	0
LIST_EXALL_1000_ENTRIES_REPEAT10_TOTAL_VOLUME_FLUSH_DETAIL_DIR_NODE_VIEW_SAMPLE_TICKS	0
LIST_EXALL_1000_ENTRIES_REPEAT10_TOTAL_VOLUME_FLUSH_DETAIL_INODE_BINARY_SEARCH_CALLS	0
LIST_EXALL_1000_ENTRIES_REPEAT10_TOTAL_VOLUME_FLUSH_DETAIL_INODE_BINARY_SEARCH_SAMPLES	0
LIST_EXALL_1000_ENTRIES_REPEAT10_TOTAL_VOLUME_FLUSH_DETAIL_INODE_BINARY_SEARCH_SAMPLE_TICKS	0
LIST_EXALL_1000_ENTRIES_REPEAT10_TOTAL_VOLUME_FLUSH_DETAIL_DIR_BINARY_SEARCH_CALLS	0
LIST_EXALL_1000_ENTRIES_REPEAT10_TOTAL_VOLUME_FLUSH_DETAIL_DIR_BINARY_SEARCH_SAMPLES	0
LIST_EXALL_1000_ENTRIES_REPEAT10_TOTAL_VOLUME_FLUSH_DETAIL_DIR_BINARY_SEARCH_SAMPLE_TICKS	0
LIST_EXALL_1000_ENTRIES_REPEAT10_TOTAL_VOLUME_FLUSH_DETAIL_NODE_STRUCTURE_CALLS	0
LIST_EXALL_1000_ENTRIES_REPEAT10_TOTAL_VOLUME_FLUSH_DETAIL_NODE_STRUCTURE_SAMPLES	0
LIST_EXALL_1000_ENTRIES_REPEAT10_TOTAL_VOLUME_FLUSH_DETAIL_NODE_STRUCTURE_SAMPLE_TICKS	0
LIST_EXALL_1000_ENTRIES_REPEAT10_TOTAL_VOLUME_FLUSH_DETAIL_CACHE_PEEK_CALLS	0
LIST_EXALL_1000_ENTRIES_REPEAT10_TOTAL_VOLUME_FLUSH_DETAIL_CACHE_PEEK_SAMPLES	0
LIST_EXALL_1000_ENTRIES_REPEAT10_TOTAL_VOLUME_FLUSH_DETAIL_CACHE_PEEK_SAMPLE_TICKS	0
LIST_EXALL_1000_ENTRIES_REPEAT10_TOTAL_VOLUME_FLUSH_DETAIL_BUFFER_ALLOC_CALLS	0
LIST_EXALL_1000_ENTRIES_REPEAT10_TOTAL_VOLUME_FLUSH_DETAIL_BUFFER_ALLOC_SAMPLES	0
LIST_EXALL_1000_ENTRIES_REPEAT10_TOTAL_VOLUME_FLUSH_DETAIL_BUFFER_ALLOC_SAMPLE_TICKS	0
LIST_EXALL_1000_ENTRIES_REPEAT10_TOTAL_VOLUME_FLUSH_DETAIL_BUFFER_FREE_CALLS	0
LIST_EXALL_1000_ENTRIES_REPEAT10_TOTAL_VOLUME_FLUSH_DETAIL_BUFFER_FREE_SAMPLES	0
LIST_EXALL_1000_ENTRIES_REPEAT10_TOTAL_VOLUME_FLUSH_DETAIL_BUFFER_FREE_SAMPLE_TICKS	0
LIST_EXALL_1000_ENTRIES_REPEAT10_TOTAL_VOLUME_FLUSH_DETAIL_EXALL_FILL_CALLS	0
LIST_EXALL_1000_ENTRIES_REPEAT10_TOTAL_VOLUME_FLUSH_DETAIL_EXALL_FILL_SAMPLES	0
LIST_EXALL_1000_ENTRIES_REPEAT10_TOTAL_VOLUME_FLUSH_DETAIL_EXALL_FILL_SAMPLE_TICKS	0
LIST_EXALL_1000_ENTRIES_REPEAT10_TOTAL_VOLUME_FLUSH_FREESPACE_ALLOCS	0
PROBE_VERSION	16
CLOCK_HZ	709379
CRC_SAMPLE_STRIDE	1
CPU_SAMPLE_STRIDE	1
WRITE_PROBE_VERSION	1
WRITE_SAMPLE_STRIDE	1
DETAIL_SAMPLE_STRIDE	17
PASS	1

=== PFS3 Results ===
FS_SPLIT_COMPARE	2
DRIVE	DH2:
DURABLE_MODE	0
PROBE_ENABLED	0
SMALL_CREATE_40_US	19135
SMALL_CREATE_40_WORK_US	19135
SMALL_CREATE_40_VOLUME_FLUSH_US	0
SMALL_CREATE_40_HAS_VOLUME_FLUSH	0
SMALL_CREATE_40_GUEST_OPEN_CALLS	40
SMALL_CREATE_40_GUEST_OPEN_US	8949
SMALL_CREATE_40_GUEST_READ_CALLS	0
SMALL_CREATE_40_GUEST_READ_US	0
SMALL_CREATE_40_GUEST_WRITE_CALLS	40
SMALL_CREATE_40_GUEST_WRITE_US	6394
SMALL_CREATE_40_GUEST_HANDLE_FLUSH_CALLS	40
SMALL_CREATE_40_GUEST_HANDLE_FLUSH_US	175
SMALL_CREATE_40_GUEST_CLOSE_CALLS	40
SMALL_CREATE_40_GUEST_CLOSE_US	2371
SMALL_CREATE_40_GUEST_VERIFY_CALLS	0
SMALL_CREATE_40_GUEST_VERIFY_US	0
LOOKUP_400_US	65345
LOOKUP_400_WORK_US	65345
LOOKUP_400_VOLUME_FLUSH_US	0
LOOKUP_400_HAS_VOLUME_FLUSH	0
LOOKUP_400_GUEST_OPEN_CALLS	0
LOOKUP_400_GUEST_OPEN_US	0
LOOKUP_400_GUEST_READ_CALLS	0
LOOKUP_400_GUEST_READ_US	0
LOOKUP_400_GUEST_WRITE_CALLS	0
LOOKUP_400_GUEST_WRITE_US	0
LOOKUP_400_GUEST_HANDLE_FLUSH_CALLS	0
LOOKUP_400_GUEST_HANDLE_FLUSH_US	0
LOOKUP_400_GUEST_CLOSE_CALLS	0
LOOKUP_400_GUEST_CLOSE_US	0
LOOKUP_400_GUEST_VERIFY_CALLS	0
LOOKUP_400_GUEST_VERIFY_US	0
SMALL_READ_40_US	16447
SMALL_READ_40_WORK_US	16447
SMALL_READ_40_VOLUME_FLUSH_US	0
SMALL_READ_40_HAS_VOLUME_FLUSH	0
SMALL_READ_40_GUEST_OPEN_CALLS	40
SMALL_READ_40_GUEST_OPEN_US	7156
SMALL_READ_40_GUEST_READ_CALLS	80
SMALL_READ_40_GUEST_READ_US	4831
SMALL_READ_40_GUEST_WRITE_CALLS	0
SMALL_READ_40_GUEST_WRITE_US	0
SMALL_READ_40_GUEST_HANDLE_FLUSH_CALLS	0
SMALL_READ_40_GUEST_HANDLE_FLUSH_US	0
SMALL_READ_40_GUEST_CLOSE_CALLS	40
SMALL_READ_40_GUEST_CLOSE_US	1434
SMALL_READ_40_GUEST_VERIFY_CALLS	40
SMALL_READ_40_GUEST_VERIFY_US	1630
LIST_EXNEXT_400_US	12031
LIST_EXNEXT_400_WORK_US	12031
LIST_EXNEXT_400_VOLUME_FLUSH_US	0
LIST_EXNEXT_400_HAS_VOLUME_FLUSH	0
LIST_EXNEXT_400_GUEST_OPEN_CALLS	0
LIST_EXNEXT_400_GUEST_OPEN_US	0
LIST_EXNEXT_400_GUEST_READ_CALLS	0
LIST_EXNEXT_400_GUEST_READ_US	0
LIST_EXNEXT_400_GUEST_WRITE_CALLS	0
LIST_EXNEXT_400_GUEST_WRITE_US	0
LIST_EXNEXT_400_GUEST_HANDLE_FLUSH_CALLS	0
LIST_EXNEXT_400_GUEST_HANDLE_FLUSH_US	0
LIST_EXNEXT_400_GUEST_CLOSE_CALLS	0
LIST_EXNEXT_400_GUEST_CLOSE_US	0
LIST_EXNEXT_400_GUEST_VERIFY_CALLS	0
LIST_EXNEXT_400_GUEST_VERIFY_US	0
LIST_EXALL_400_US	2496
LIST_EXALL_400_WORK_US	2496
LIST_EXALL_400_VOLUME_FLUSH_US	0
LIST_EXALL_400_HAS_VOLUME_FLUSH	0
LIST_EXALL_400_GUEST_OPEN_CALLS	0
LIST_EXALL_400_GUEST_OPEN_US	0
LIST_EXALL_400_GUEST_READ_CALLS	0
LIST_EXALL_400_GUEST_READ_US	0
LIST_EXALL_400_GUEST_WRITE_CALLS	0
LIST_EXALL_400_GUEST_WRITE_US	0
LIST_EXALL_400_GUEST_HANDLE_FLUSH_CALLS	0
LIST_EXALL_400_GUEST_HANDLE_FLUSH_US	0
LIST_EXALL_400_GUEST_CLOSE_CALLS	0
LIST_EXALL_400_GUEST_CLOSE_US	0
LIST_EXALL_400_GUEST_VERIFY_CALLS	0
LIST_EXALL_400_GUEST_VERIFY_US	0
SEQ_WRITE_8M_US	42495
SEQ_WRITE_8M_WORK_US	42495
SEQ_WRITE_8M_VOLUME_FLUSH_US	0
SEQ_WRITE_8M_HAS_VOLUME_FLUSH	0
SEQ_WRITE_8M_GUEST_OPEN_CALLS	1
SEQ_WRITE_8M_GUEST_OPEN_US	191
SEQ_WRITE_8M_GUEST_READ_CALLS	0
SEQ_WRITE_8M_GUEST_READ_US	0
SEQ_WRITE_8M_GUEST_WRITE_CALLS	128
SEQ_WRITE_8M_GUEST_WRITE_US	40979
SEQ_WRITE_8M_GUEST_HANDLE_FLUSH_CALLS	1
SEQ_WRITE_8M_GUEST_HANDLE_FLUSH_US	0
SEQ_WRITE_8M_GUEST_CLOSE_CALLS	1
SEQ_WRITE_8M_GUEST_CLOSE_US	64
SEQ_WRITE_8M_GUEST_VERIFY_CALLS	0
SEQ_WRITE_8M_GUEST_VERIFY_US	0
SEQ_READ_8M_US	258623
SEQ_READ_8M_WORK_US	258623
SEQ_READ_8M_VOLUME_FLUSH_US	0
SEQ_READ_8M_HAS_VOLUME_FLUSH	0
SEQ_READ_8M_GUEST_OPEN_CALLS	1
SEQ_READ_8M_GUEST_OPEN_US	191
SEQ_READ_8M_GUEST_READ_CALLS	129
SEQ_READ_8M_GUEST_READ_US	23981
SEQ_READ_8M_GUEST_WRITE_CALLS	0
SEQ_READ_8M_GUEST_WRITE_US	0
SEQ_READ_8M_GUEST_HANDLE_FLUSH_CALLS	0
SEQ_READ_8M_GUEST_HANDLE_FLUSH_US	0
SEQ_READ_8M_GUEST_CLOSE_CALLS	1
SEQ_READ_8M_GUEST_CLOSE_US	65
SEQ_READ_8M_GUEST_VERIFY_CALLS	128
SEQ_READ_8M_GUEST_VERIFY_US	232586
SMALL_DELETE_40_US	7808
SMALL_DELETE_40_WORK_US	7808
SMALL_DELETE_40_VOLUME_FLUSH_US	0
SMALL_DELETE_40_HAS_VOLUME_FLUSH	0
SMALL_DELETE_40_GUEST_OPEN_CALLS	0
SMALL_DELETE_40_GUEST_OPEN_US	0
SMALL_DELETE_40_GUEST_READ_CALLS	0
SMALL_DELETE_40_GUEST_READ_US	0
SMALL_DELETE_40_GUEST_WRITE_CALLS	0
SMALL_DELETE_40_GUEST_WRITE_US	0
SMALL_DELETE_40_GUEST_HANDLE_FLUSH_CALLS	0
SMALL_DELETE_40_GUEST_HANDLE_FLUSH_US	0
SMALL_DELETE_40_GUEST_CLOSE_CALLS	0
SMALL_DELETE_40_GUEST_CLOSE_US	0
SMALL_DELETE_40_GUEST_VERIFY_CALLS	0
SMALL_DELETE_40_GUEST_VERIFY_US	0
APPEND_4K_1M_US	49408
APPEND_4K_1M_WORK_US	49408
APPEND_4K_1M_VOLUME_FLUSH_US	0
APPEND_4K_1M_HAS_VOLUME_FLUSH	0
APPEND_4K_1M_GUEST_OPEN_CALLS	1
APPEND_4K_1M_GUEST_OPEN_US	192
APPEND_4K_1M_GUEST_READ_CALLS	0
APPEND_4K_1M_GUEST_READ_US	0
APPEND_4K_1M_GUEST_WRITE_CALLS	256
APPEND_4K_1M_GUEST_WRITE_US	46000
APPEND_4K_1M_GUEST_HANDLE_FLUSH_CALLS	1
APPEND_4K_1M_GUEST_HANDLE_FLUSH_US	0
APPEND_4K_1M_GUEST_CLOSE_CALLS	1
APPEND_4K_1M_GUEST_CLOSE_US	65
APPEND_4K_1M_GUEST_VERIFY_CALLS	0
APPEND_4K_1M_GUEST_VERIFY_US	0
APPEND_1K_256K_US	27520
APPEND_1K_256K_WORK_US	27520
APPEND_1K_256K_VOLUME_FLUSH_US	0
APPEND_1K_256K_HAS_VOLUME_FLUSH	0
APPEND_1K_256K_GUEST_OPEN_CALLS	1
APPEND_1K_256K_GUEST_OPEN_US	257
APPEND_1K_256K_GUEST_READ_CALLS	0
APPEND_1K_256K_GUEST_READ_US	0
APPEND_1K_256K_GUEST_WRITE_CALLS	256
APPEND_1K_256K_GUEST_WRITE_US	25848
APPEND_1K_256K_GUEST_HANDLE_FLUSH_CALLS	1
APPEND_1K_256K_GUEST_HANDLE_FLUSH_US	0
APPEND_1K_256K_GUEST_CLOSE_CALLS	1
APPEND_1K_256K_GUEST_CLOSE_US	63
APPEND_1K_256K_GUEST_VERIFY_CALLS	0
APPEND_1K_256K_GUEST_VERIFY_US	0
APPEND_READ_1280K_US	39728
APPEND_READ_1280K_WORK_US	39728
APPEND_READ_1280K_VOLUME_FLUSH_US	0
APPEND_READ_1280K_HAS_VOLUME_FLUSH	0
APPEND_READ_1280K_GUEST_OPEN_CALLS	2
APPEND_READ_1280K_GUEST_OPEN_US	321
APPEND_READ_1280K_GUEST_READ_CALLS	22
APPEND_READ_1280K_GUEST_READ_US	2797
APPEND_READ_1280K_GUEST_WRITE_CALLS	0
APPEND_READ_1280K_GUEST_WRITE_US	0
APPEND_READ_1280K_GUEST_HANDLE_FLUSH_CALLS	0
APPEND_READ_1280K_GUEST_HANDLE_FLUSH_US	0
APPEND_READ_1280K_GUEST_CLOSE_CALLS	2
APPEND_READ_1280K_GUEST_CLOSE_US	64
APPEND_READ_1280K_GUEST_VERIFY_CALLS	20
APPEND_READ_1280K_GUEST_VERIFY_US	36031
LIST_EXNEXT_40_ENTRIES_FIRST_PASS_US	1792
LIST_EXNEXT_40_ENTRIES_FIRST_PASS_WORK_US	1792
LIST_EXNEXT_40_ENTRIES_FIRST_PASS_VOLUME_FLUSH_US	0
LIST_EXNEXT_40_ENTRIES_FIRST_PASS_HAS_VOLUME_FLUSH	0
LIST_EXNEXT_40_ENTRIES_FIRST_PASS_GUEST_OPEN_CALLS	0
LIST_EXNEXT_40_ENTRIES_FIRST_PASS_GUEST_OPEN_US	0
LIST_EXNEXT_40_ENTRIES_FIRST_PASS_GUEST_READ_CALLS	0
LIST_EXNEXT_40_ENTRIES_FIRST_PASS_GUEST_READ_US	0
LIST_EXNEXT_40_ENTRIES_FIRST_PASS_GUEST_WRITE_CALLS	0
LIST_EXNEXT_40_ENTRIES_FIRST_PASS_GUEST_WRITE_US	0
LIST_EXNEXT_40_ENTRIES_FIRST_PASS_GUEST_HANDLE_FLUSH_CALLS	0
LIST_EXNEXT_40_ENTRIES_FIRST_PASS_GUEST_HANDLE_FLUSH_US	0
LIST_EXNEXT_40_ENTRIES_FIRST_PASS_GUEST_CLOSE_CALLS	0
LIST_EXNEXT_40_ENTRIES_FIRST_PASS_GUEST_CLOSE_US	0
LIST_EXNEXT_40_ENTRIES_FIRST_PASS_GUEST_VERIFY_CALLS	0
LIST_EXNEXT_40_ENTRIES_FIRST_PASS_GUEST_VERIFY_US	0
LIST_EXNEXT_40_ENTRIES_REPEAT10_TOTAL_US	12031
LIST_EXNEXT_40_ENTRIES_REPEAT10_TOTAL_WORK_US	12031
LIST_EXNEXT_40_ENTRIES_REPEAT10_TOTAL_VOLUME_FLUSH_US	0
LIST_EXNEXT_40_ENTRIES_REPEAT10_TOTAL_HAS_VOLUME_FLUSH	0
LIST_EXNEXT_40_ENTRIES_REPEAT10_TOTAL_GUEST_OPEN_CALLS	0
LIST_EXNEXT_40_ENTRIES_REPEAT10_TOTAL_GUEST_OPEN_US	0
LIST_EXNEXT_40_ENTRIES_REPEAT10_TOTAL_GUEST_READ_CALLS	0
LIST_EXNEXT_40_ENTRIES_REPEAT10_TOTAL_GUEST_READ_US	0
LIST_EXNEXT_40_ENTRIES_REPEAT10_TOTAL_GUEST_WRITE_CALLS	0
LIST_EXNEXT_40_ENTRIES_REPEAT10_TOTAL_GUEST_WRITE_US	0
LIST_EXNEXT_40_ENTRIES_REPEAT10_TOTAL_GUEST_HANDLE_FLUSH_CALLS	0
LIST_EXNEXT_40_ENTRIES_REPEAT10_TOTAL_GUEST_HANDLE_FLUSH_US	0
LIST_EXNEXT_40_ENTRIES_REPEAT10_TOTAL_GUEST_CLOSE_CALLS	0
LIST_EXNEXT_40_ENTRIES_REPEAT10_TOTAL_GUEST_CLOSE_US	0
LIST_EXNEXT_40_ENTRIES_REPEAT10_TOTAL_GUEST_VERIFY_CALLS	0
LIST_EXNEXT_40_ENTRIES_REPEAT10_TOTAL_GUEST_VERIFY_US	0
LIST_EXALL_40_ENTRIES_FIRST_PASS_US	575
LIST_EXALL_40_ENTRIES_FIRST_PASS_WORK_US	575
LIST_EXALL_40_ENTRIES_FIRST_PASS_VOLUME_FLUSH_US	0
LIST_EXALL_40_ENTRIES_FIRST_PASS_HAS_VOLUME_FLUSH	0
LIST_EXALL_40_ENTRIES_FIRST_PASS_GUEST_OPEN_CALLS	0
LIST_EXALL_40_ENTRIES_FIRST_PASS_GUEST_OPEN_US	0
LIST_EXALL_40_ENTRIES_FIRST_PASS_GUEST_READ_CALLS	0
LIST_EXALL_40_ENTRIES_FIRST_PASS_GUEST_READ_US	0
LIST_EXALL_40_ENTRIES_FIRST_PASS_GUEST_WRITE_CALLS	0
LIST_EXALL_40_ENTRIES_FIRST_PASS_GUEST_WRITE_US	0
LIST_EXALL_40_ENTRIES_FIRST_PASS_GUEST_HANDLE_FLUSH_CALLS	0
LIST_EXALL_40_ENTRIES_FIRST_PASS_GUEST_HANDLE_FLUSH_US	0
LIST_EXALL_40_ENTRIES_FIRST_PASS_GUEST_CLOSE_CALLS	0
LIST_EXALL_40_ENTRIES_FIRST_PASS_GUEST_CLOSE_US	0
LIST_EXALL_40_ENTRIES_FIRST_PASS_GUEST_VERIFY_CALLS	0
LIST_EXALL_40_ENTRIES_FIRST_PASS_GUEST_VERIFY_US	0
LIST_EXALL_40_ENTRIES_REPEAT10_TOTAL_US	2560
LIST_EXALL_40_ENTRIES_REPEAT10_TOTAL_WORK_US	2560
LIST_EXALL_40_ENTRIES_REPEAT10_TOTAL_VOLUME_FLUSH_US	0
LIST_EXALL_40_ENTRIES_REPEAT10_TOTAL_HAS_VOLUME_FLUSH	0
LIST_EXALL_40_ENTRIES_REPEAT10_TOTAL_GUEST_OPEN_CALLS	0
LIST_EXALL_40_ENTRIES_REPEAT10_TOTAL_GUEST_OPEN_US	0
LIST_EXALL_40_ENTRIES_REPEAT10_TOTAL_GUEST_READ_CALLS	0
LIST_EXALL_40_ENTRIES_REPEAT10_TOTAL_GUEST_READ_US	0
LIST_EXALL_40_ENTRIES_REPEAT10_TOTAL_GUEST_WRITE_CALLS	0
LIST_EXALL_40_ENTRIES_REPEAT10_TOTAL_GUEST_WRITE_US	0
LIST_EXALL_40_ENTRIES_REPEAT10_TOTAL_GUEST_HANDLE_FLUSH_CALLS	0
LIST_EXALL_40_ENTRIES_REPEAT10_TOTAL_GUEST_HANDLE_FLUSH_US	0
LIST_EXALL_40_ENTRIES_REPEAT10_TOTAL_GUEST_CLOSE_CALLS	0
LIST_EXALL_40_ENTRIES_REPEAT10_TOTAL_GUEST_CLOSE_US	0
LIST_EXALL_40_ENTRIES_REPEAT10_TOTAL_GUEST_VERIFY_CALLS	0
LIST_EXALL_40_ENTRIES_REPEAT10_TOTAL_GUEST_VERIFY_US	0
LIST_EXNEXT_400_ENTRIES_FIRST_PASS_US	12736
LIST_EXNEXT_400_ENTRIES_FIRST_PASS_WORK_US	12736
LIST_EXNEXT_400_ENTRIES_FIRST_PASS_VOLUME_FLUSH_US	0
LIST_EXNEXT_400_ENTRIES_FIRST_PASS_HAS_VOLUME_FLUSH	0
LIST_EXNEXT_400_ENTRIES_FIRST_PASS_GUEST_OPEN_CALLS	0
LIST_EXNEXT_400_ENTRIES_FIRST_PASS_GUEST_OPEN_US	0
LIST_EXNEXT_400_ENTRIES_FIRST_PASS_GUEST_READ_CALLS	0
LIST_EXNEXT_400_ENTRIES_FIRST_PASS_GUEST_READ_US	0
LIST_EXNEXT_400_ENTRIES_FIRST_PASS_GUEST_WRITE_CALLS	0
LIST_EXNEXT_400_ENTRIES_FIRST_PASS_GUEST_WRITE_US	0
LIST_EXNEXT_400_ENTRIES_FIRST_PASS_GUEST_HANDLE_FLUSH_CALLS	0
LIST_EXNEXT_400_ENTRIES_FIRST_PASS_GUEST_HANDLE_FLUSH_US	0
LIST_EXNEXT_400_ENTRIES_FIRST_PASS_GUEST_CLOSE_CALLS	0
LIST_EXNEXT_400_ENTRIES_FIRST_PASS_GUEST_CLOSE_US	0
LIST_EXNEXT_400_ENTRIES_FIRST_PASS_GUEST_VERIFY_CALLS	0
LIST_EXNEXT_400_ENTRIES_FIRST_PASS_GUEST_VERIFY_US	0
LIST_EXNEXT_400_ENTRIES_REPEAT10_TOTAL_US	119488
LIST_EXNEXT_400_ENTRIES_REPEAT10_TOTAL_WORK_US	119488
LIST_EXNEXT_400_ENTRIES_REPEAT10_TOTAL_VOLUME_FLUSH_US	0
LIST_EXNEXT_400_ENTRIES_REPEAT10_TOTAL_HAS_VOLUME_FLUSH	0
LIST_EXNEXT_400_ENTRIES_REPEAT10_TOTAL_GUEST_OPEN_CALLS	0
LIST_EXNEXT_400_ENTRIES_REPEAT10_TOTAL_GUEST_OPEN_US	0
LIST_EXNEXT_400_ENTRIES_REPEAT10_TOTAL_GUEST_READ_CALLS	0
LIST_EXNEXT_400_ENTRIES_REPEAT10_TOTAL_GUEST_READ_US	0
LIST_EXNEXT_400_ENTRIES_REPEAT10_TOTAL_GUEST_WRITE_CALLS	0
LIST_EXNEXT_400_ENTRIES_REPEAT10_TOTAL_GUEST_WRITE_US	0
LIST_EXNEXT_400_ENTRIES_REPEAT10_TOTAL_GUEST_HANDLE_FLUSH_CALLS	0
LIST_EXNEXT_400_ENTRIES_REPEAT10_TOTAL_GUEST_HANDLE_FLUSH_US	0
LIST_EXNEXT_400_ENTRIES_REPEAT10_TOTAL_GUEST_CLOSE_CALLS	0
LIST_EXNEXT_400_ENTRIES_REPEAT10_TOTAL_GUEST_CLOSE_US	0
LIST_EXNEXT_400_ENTRIES_REPEAT10_TOTAL_GUEST_VERIFY_CALLS	0
LIST_EXNEXT_400_ENTRIES_REPEAT10_TOTAL_GUEST_VERIFY_US	0
LIST_EXALL_400_ENTRIES_FIRST_PASS_US	2816
LIST_EXALL_400_ENTRIES_FIRST_PASS_WORK_US	2816
LIST_EXALL_400_ENTRIES_FIRST_PASS_VOLUME_FLUSH_US	0
LIST_EXALL_400_ENTRIES_FIRST_PASS_HAS_VOLUME_FLUSH	0
LIST_EXALL_400_ENTRIES_FIRST_PASS_GUEST_OPEN_CALLS	0
LIST_EXALL_400_ENTRIES_FIRST_PASS_GUEST_OPEN_US	0
LIST_EXALL_400_ENTRIES_FIRST_PASS_GUEST_READ_CALLS	0
LIST_EXALL_400_ENTRIES_FIRST_PASS_GUEST_READ_US	0
LIST_EXALL_400_ENTRIES_FIRST_PASS_GUEST_WRITE_CALLS	0
LIST_EXALL_400_ENTRIES_FIRST_PASS_GUEST_WRITE_US	0
LIST_EXALL_400_ENTRIES_FIRST_PASS_GUEST_HANDLE_FLUSH_CALLS	0
LIST_EXALL_400_ENTRIES_FIRST_PASS_GUEST_HANDLE_FLUSH_US	0
LIST_EXALL_400_ENTRIES_FIRST_PASS_GUEST_CLOSE_CALLS	0
LIST_EXALL_400_ENTRIES_FIRST_PASS_GUEST_CLOSE_US	0
LIST_EXALL_400_ENTRIES_FIRST_PASS_GUEST_VERIFY_CALLS	0
LIST_EXALL_400_ENTRIES_FIRST_PASS_GUEST_VERIFY_US	0
LIST_EXALL_400_ENTRIES_REPEAT10_TOTAL_US	20160
LIST_EXALL_400_ENTRIES_REPEAT10_TOTAL_WORK_US	20160
LIST_EXALL_400_ENTRIES_REPEAT10_TOTAL_VOLUME_FLUSH_US	0
LIST_EXALL_400_ENTRIES_REPEAT10_TOTAL_HAS_VOLUME_FLUSH	0
LIST_EXALL_400_ENTRIES_REPEAT10_TOTAL_GUEST_OPEN_CALLS	0
LIST_EXALL_400_ENTRIES_REPEAT10_TOTAL_GUEST_OPEN_US	0
LIST_EXALL_400_ENTRIES_REPEAT10_TOTAL_GUEST_READ_CALLS	0
LIST_EXALL_400_ENTRIES_REPEAT10_TOTAL_GUEST_READ_US	0
LIST_EXALL_400_ENTRIES_REPEAT10_TOTAL_GUEST_WRITE_CALLS	0
LIST_EXALL_400_ENTRIES_REPEAT10_TOTAL_GUEST_WRITE_US	0
LIST_EXALL_400_ENTRIES_REPEAT10_TOTAL_GUEST_HANDLE_FLUSH_CALLS	0
LIST_EXALL_400_ENTRIES_REPEAT10_TOTAL_GUEST_HANDLE_FLUSH_US	0
LIST_EXALL_400_ENTRIES_REPEAT10_TOTAL_GUEST_CLOSE_CALLS	0
LIST_EXALL_400_ENTRIES_REPEAT10_TOTAL_GUEST_CLOSE_US	0
LIST_EXALL_400_ENTRIES_REPEAT10_TOTAL_GUEST_VERIFY_CALLS	0
LIST_EXALL_400_ENTRIES_REPEAT10_TOTAL_GUEST_VERIFY_US	0
LIST_EXNEXT_1000_ENTRIES_FIRST_PASS_US	30080
LIST_EXNEXT_1000_ENTRIES_FIRST_PASS_WORK_US	30080
LIST_EXNEXT_1000_ENTRIES_FIRST_PASS_VOLUME_FLUSH_US	0
LIST_EXNEXT_1000_ENTRIES_FIRST_PASS_HAS_VOLUME_FLUSH	0
LIST_EXNEXT_1000_ENTRIES_FIRST_PASS_GUEST_OPEN_CALLS	0
LIST_EXNEXT_1000_ENTRIES_FIRST_PASS_GUEST_OPEN_US	0
LIST_EXNEXT_1000_ENTRIES_FIRST_PASS_GUEST_READ_CALLS	0
LIST_EXNEXT_1000_ENTRIES_FIRST_PASS_GUEST_READ_US	0
LIST_EXNEXT_1000_ENTRIES_FIRST_PASS_GUEST_WRITE_CALLS	0
LIST_EXNEXT_1000_ENTRIES_FIRST_PASS_GUEST_WRITE_US	0
LIST_EXNEXT_1000_ENTRIES_FIRST_PASS_GUEST_HANDLE_FLUSH_CALLS	0
LIST_EXNEXT_1000_ENTRIES_FIRST_PASS_GUEST_HANDLE_FLUSH_US	0
LIST_EXNEXT_1000_ENTRIES_FIRST_PASS_GUEST_CLOSE_CALLS	0
LIST_EXNEXT_1000_ENTRIES_FIRST_PASS_GUEST_CLOSE_US	0
LIST_EXNEXT_1000_ENTRIES_FIRST_PASS_GUEST_VERIFY_CALLS	0
LIST_EXNEXT_1000_ENTRIES_FIRST_PASS_GUEST_VERIFY_US	0
LIST_EXNEXT_1000_ENTRIES_REPEAT10_TOTAL_US	278270
LIST_EXNEXT_1000_ENTRIES_REPEAT10_TOTAL_WORK_US	278270
LIST_EXNEXT_1000_ENTRIES_REPEAT10_TOTAL_VOLUME_FLUSH_US	0
LIST_EXNEXT_1000_ENTRIES_REPEAT10_TOTAL_HAS_VOLUME_FLUSH	0
LIST_EXNEXT_1000_ENTRIES_REPEAT10_TOTAL_GUEST_OPEN_CALLS	0
LIST_EXNEXT_1000_ENTRIES_REPEAT10_TOTAL_GUEST_OPEN_US	0
LIST_EXNEXT_1000_ENTRIES_REPEAT10_TOTAL_GUEST_READ_CALLS	0
LIST_EXNEXT_1000_ENTRIES_REPEAT10_TOTAL_GUEST_READ_US	0
LIST_EXNEXT_1000_ENTRIES_REPEAT10_TOTAL_GUEST_WRITE_CALLS	0
LIST_EXNEXT_1000_ENTRIES_REPEAT10_TOTAL_GUEST_WRITE_US	0
LIST_EXNEXT_1000_ENTRIES_REPEAT10_TOTAL_GUEST_HANDLE_FLUSH_CALLS	0
LIST_EXNEXT_1000_ENTRIES_REPEAT10_TOTAL_GUEST_HANDLE_FLUSH_US	0
LIST_EXNEXT_1000_ENTRIES_REPEAT10_TOTAL_GUEST_CLOSE_CALLS	0
LIST_EXNEXT_1000_ENTRIES_REPEAT10_TOTAL_GUEST_CLOSE_US	0
LIST_EXNEXT_1000_ENTRIES_REPEAT10_TOTAL_GUEST_VERIFY_CALLS	0
LIST_EXNEXT_1000_ENTRIES_REPEAT10_TOTAL_GUEST_VERIFY_US	0
LIST_EXALL_1000_ENTRIES_FIRST_PASS_US	6400
LIST_EXALL_1000_ENTRIES_FIRST_PASS_WORK_US	6400
LIST_EXALL_1000_ENTRIES_FIRST_PASS_VOLUME_FLUSH_US	0
LIST_EXALL_1000_ENTRIES_FIRST_PASS_HAS_VOLUME_FLUSH	0
LIST_EXALL_1000_ENTRIES_FIRST_PASS_GUEST_OPEN_CALLS	0
LIST_EXALL_1000_ENTRIES_FIRST_PASS_GUEST_OPEN_US	0
LIST_EXALL_1000_ENTRIES_FIRST_PASS_GUEST_READ_CALLS	0
LIST_EXALL_1000_ENTRIES_FIRST_PASS_GUEST_READ_US	0
LIST_EXALL_1000_ENTRIES_FIRST_PASS_GUEST_WRITE_CALLS	0
LIST_EXALL_1000_ENTRIES_FIRST_PASS_GUEST_WRITE_US	0
LIST_EXALL_1000_ENTRIES_FIRST_PASS_GUEST_HANDLE_FLUSH_CALLS	0
LIST_EXALL_1000_ENTRIES_FIRST_PASS_GUEST_HANDLE_FLUSH_US	0
LIST_EXALL_1000_ENTRIES_FIRST_PASS_GUEST_CLOSE_CALLS	0
LIST_EXALL_1000_ENTRIES_FIRST_PASS_GUEST_CLOSE_US	0
LIST_EXALL_1000_ENTRIES_FIRST_PASS_GUEST_VERIFY_CALLS	0
LIST_EXALL_1000_ENTRIES_FIRST_PASS_GUEST_VERIFY_US	0
LIST_EXALL_1000_ENTRIES_REPEAT10_TOTAL_US	50304
LIST_EXALL_1000_ENTRIES_REPEAT10_TOTAL_WORK_US	50304
LIST_EXALL_1000_ENTRIES_REPEAT10_TOTAL_VOLUME_FLUSH_US	0
LIST_EXALL_1000_ENTRIES_REPEAT10_TOTAL_HAS_VOLUME_FLUSH	0
LIST_EXALL_1000_ENTRIES_REPEAT10_TOTAL_GUEST_OPEN_CALLS	0
LIST_EXALL_1000_ENTRIES_REPEAT10_TOTAL_GUEST_OPEN_US	0
LIST_EXALL_1000_ENTRIES_REPEAT10_TOTAL_GUEST_READ_CALLS	0
LIST_EXALL_1000_ENTRIES_REPEAT10_TOTAL_GUEST_READ_US	0
LIST_EXALL_1000_ENTRIES_REPEAT10_TOTAL_GUEST_WRITE_CALLS	0
LIST_EXALL_1000_ENTRIES_REPEAT10_TOTAL_GUEST_WRITE_US	0
LIST_EXALL_1000_ENTRIES_REPEAT10_TOTAL_GUEST_HANDLE_FLUSH_CALLS	0
LIST_EXALL_1000_ENTRIES_REPEAT10_TOTAL_GUEST_HANDLE_FLUSH_US	0
LIST_EXALL_1000_ENTRIES_REPEAT10_TOTAL_GUEST_CLOSE_CALLS	0
LIST_EXALL_1000_ENTRIES_REPEAT10_TOTAL_GUEST_CLOSE_US	0
LIST_EXALL_1000_ENTRIES_REPEAT10_TOTAL_GUEST_VERIFY_CALLS	0
LIST_EXALL_1000_ENTRIES_REPEAT10_TOTAL_GUEST_VERIFY_US	0
PROBE_VERSION	0
CLOCK_HZ	0
CRC_SAMPLE_STRIDE	0
CPU_SAMPLE_STRIDE	0
WRITE_PROBE_VERSION	0
WRITE_SAMPLE_STRIDE	0
DETAIL_SAMPLE_STRIDE	0
PASS	1
PASS: split comparison outputs are complete and internally consistent
