=== BFS vs PFS3 Benchmark (FS-UAE 68040) ===
Evidence directory: /home/fabian/.cache/bfs-performance/append-attr2-2026-10-10.xibtLq/results/append2-probe-1-bfs-first-ref
Mode: split-write-compare
Timeout: 600s


=== Machine Info ===
# Machine Info
Kickstart 47.102, Workbench 47.2
System: 68040 68040/060-FPU   (INST: Cache Burst) (DATA: NoCache NoBurst)
Type  Available    In-Use   Maximum   Largest
chip    2028040     52728   2080768   2027968
fast    7523096    865512   8388608   7518040
total   9551136    918240  10469376   7518040


Mounted disks:
Unit      Size       Used       Free Full Errs   Status   Name
DF0       No disk present
DH0      4095M    4194304    4194303  50%   0  Read/Write System
DH1       255M         36      65372   0%   0  Read/Write BFSTest
DH2       Not a DOS disk

Volumes available:
BFSTest [Mounted]
System [Mounted]

=== BFS Results ===
FS_SPLIT_COMPARE	2
DRIVE	DH1:
DURABLE_MODE	0
PROBE_ENABLED	1
SMALL_CREATE_40_US	67263
SMALL_CREATE_40_WORK_US	67263
SMALL_CREATE_40_VOLUME_FLUSH_US	0
SMALL_CREATE_40_HAS_VOLUME_FLUSH	0
SMALL_CREATE_40_GUEST_OPEN_CALLS	40
SMALL_CREATE_40_GUEST_OPEN_US	38427
SMALL_CREATE_40_GUEST_READ_CALLS	0
SMALL_CREATE_40_GUEST_READ_US	0
SMALL_CREATE_40_GUEST_WRITE_CALLS	40
SMALL_CREATE_40_GUEST_WRITE_US	23287
SMALL_CREATE_40_GUEST_HANDLE_FLUSH_CALLS	40
SMALL_CREATE_40_GUEST_HANDLE_FLUSH_US	50
SMALL_CREATE_40_GUEST_CLOSE_CALLS	40
SMALL_CREATE_40_GUEST_CLOSE_US	3036
SMALL_CREATE_40_GUEST_VERIFY_CALLS	0
SMALL_CREATE_40_GUEST_VERIFY_US	0
SMALL_CREATE_40_WORK_BIO_READS	0
SMALL_CREATE_40_WORK_BIO_WRITES	40
SMALL_CREATE_40_WORK_BIO_UPDATES	0
SMALL_CREATE_40_WORK_DATA_READS	0
SMALL_CREATE_40_WORK_DATA_WRITES	40
SMALL_CREATE_40_WORK_NODE_WRITES	0
SMALL_CREATE_40_WORK_TXN_COMMITS	0
SMALL_CREATE_40_WORK_EXTENT_MAPS	40
SMALL_CREATE_40_WORK_READ_TICKS	0
SMALL_CREATE_40_WORK_WRITE_TICKS	2923
SMALL_CREATE_40_WORK_UPDATE_TICKS	0
SMALL_CREATE_40_WORK_DATA_READ_TICKS	0
SMALL_CREATE_40_WORK_DATA_WRITE_TICKS	2923
SMALL_CREATE_40_WORK_NODE_CRC_READ_CALLS	0
SMALL_CREATE_40_WORK_NODE_CRC_READ_SAMPLES	0
SMALL_CREATE_40_WORK_NODE_CRC_READ_SAMPLE_TICKS	0
SMALL_CREATE_40_WORK_NODE_CRC_WRITE_CALLS	0
SMALL_CREATE_40_WORK_NODE_CRC_WRITE_SAMPLES	0
SMALL_CREATE_40_WORK_NODE_CRC_WRITE_SAMPLE_TICKS	0
SMALL_CREATE_40_WORK_CLOCK_PAIR_TICKS	1
SMALL_CREATE_40_WORK_PACKET_CALLS	120
SMALL_CREATE_40_WORK_PACKET_SAMPLES	120
SMALL_CREATE_40_WORK_PACKET_SAMPLE_TICKS	38632
SMALL_CREATE_40_WORK_PACKET_OPEN_CALLS	40
SMALL_CREATE_40_WORK_PACKET_OPEN_SAMPLES	40
SMALL_CREATE_40_WORK_PACKET_OPEN_SAMPLE_TICKS	22859
SMALL_CREATE_40_WORK_PACKET_READ_CALLS	0
SMALL_CREATE_40_WORK_PACKET_READ_SAMPLES	0
SMALL_CREATE_40_WORK_PACKET_READ_SAMPLE_TICKS	0
SMALL_CREATE_40_WORK_PACKET_WRITE_CALLS	40
SMALL_CREATE_40_WORK_PACKET_WRITE_SAMPLES	40
SMALL_CREATE_40_WORK_PACKET_WRITE_SAMPLE_TICKS	15164
SMALL_CREATE_40_WORK_PACKET_END_CALLS	40
SMALL_CREATE_40_WORK_PACKET_END_SAMPLES	40
SMALL_CREATE_40_WORK_PACKET_END_SAMPLE_TICKS	609
SMALL_CREATE_40_WORK_PACKET_DELETE_CALLS	0
SMALL_CREATE_40_WORK_PACKET_DELETE_SAMPLES	0
SMALL_CREATE_40_WORK_PACKET_DELETE_SAMPLE_TICKS	0
SMALL_CREATE_40_WORK_PACKET_FLUSH_CALLS	0
SMALL_CREATE_40_WORK_PACKET_FLUSH_SAMPLES	0
SMALL_CREATE_40_WORK_PACKET_FLUSH_SAMPLE_TICKS	0
SMALL_CREATE_40_WORK_PACKET_OTHER_CALLS	0
SMALL_CREATE_40_WORK_PACKET_OTHER_SAMPLES	0
SMALL_CREATE_40_WORK_PACKET_OTHER_SAMPLE_TICKS	0
SMALL_CREATE_40_WORK_CORE_CREATE_CALLS	40
SMALL_CREATE_40_WORK_CORE_CREATE_SAMPLES	40
SMALL_CREATE_40_WORK_CORE_CREATE_SAMPLE_TICKS	12002
SMALL_CREATE_40_WORK_CORE_DELETE_CALLS	0
SMALL_CREATE_40_WORK_CORE_DELETE_SAMPLES	0
SMALL_CREATE_40_WORK_CORE_DELETE_SAMPLE_TICKS	0
SMALL_CREATE_40_WORK_CORE_FILE_WRITE_CALLS	40
SMALL_CREATE_40_WORK_CORE_FILE_WRITE_SAMPLES	40
SMALL_CREATE_40_WORK_CORE_FILE_WRITE_SAMPLE_TICKS	14228
SMALL_CREATE_40_WORK_CORE_SYNC_CALLS	0
SMALL_CREATE_40_WORK_CORE_SYNC_SAMPLES	0
SMALL_CREATE_40_WORK_CORE_SYNC_SAMPLE_TICKS	0
SMALL_CREATE_40_WORK_IFACE_FREE_CALLS	0
SMALL_CREATE_40_WORK_IFACE_FREE_SAMPLES	0
SMALL_CREATE_40_WORK_IFACE_FREE_SAMPLE_TICKS	0
SMALL_CREATE_40_WORK_SEAL_COMMIT_CALLS	0
SMALL_CREATE_40_WORK_SEAL_COMMIT_SAMPLES	0
SMALL_CREATE_40_WORK_SEAL_COMMIT_SAMPLE_TICKS	0
SMALL_CREATE_40_WORK_INODE_READ_CALLS	160
SMALL_CREATE_40_WORK_BTREE_SEARCH_CALLS	240
SMALL_CREATE_40_WORK_BTREE_INDEX_HINT_HITS	80
SMALL_CREATE_40_WORK_BTREE_LEAF_HINT_HITS	0
SMALL_CREATE_40_WORK_CACHE_READ_CALLS	0
SMALL_CREATE_40_WORK_CACHE_READ_HITS	0
SMALL_CREATE_40_WORK_CACHE_READ_MISSES	0
SMALL_CREATE_40_WORK_FREE_TREE_NODE_VIEWS	40
SMALL_CREATE_40_WORK_FREE_TREE_RESIDENT_VIEWS	40
SMALL_CREATE_40_WORK_DIR_TREE_NODE_VIEWS	160
SMALL_CREATE_40_WORK_DIR_TREE_RESIDENT_VIEWS	160
SMALL_CREATE_40_WORK_INODE_TREE_NODE_VIEWS	80
SMALL_CREATE_40_WORK_INODE_TREE_RESIDENT_VIEWS	80
SMALL_CREATE_40_WORK_REFCOUNT_TREE_NODE_VIEWS	0
SMALL_CREATE_40_WORK_REFCOUNT_TREE_RESIDENT_VIEWS	0
SMALL_CREATE_40_WORK_OTHER_TREE_NODE_VIEWS	0
SMALL_CREATE_40_WORK_OTHER_TREE_RESIDENT_VIEWS	0
SMALL_CREATE_40_WORK_WRITE_DETAIL_INODE_READ_CALLS	160
SMALL_CREATE_40_WORK_WRITE_DETAIL_INODE_READ_SAMPLES	160
SMALL_CREATE_40_WORK_WRITE_DETAIL_INODE_READ_SAMPLE_TICKS	6455
SMALL_CREATE_40_WORK_WRITE_DETAIL_INODE_WRITE_CALLS	80
SMALL_CREATE_40_WORK_WRITE_DETAIL_INODE_WRITE_SAMPLES	80
SMALL_CREATE_40_WORK_WRITE_DETAIL_INODE_WRITE_SAMPLE_TICKS	4656
SMALL_CREATE_40_WORK_WRITE_DETAIL_EXTENT_MAP_CALLS	40
SMALL_CREATE_40_WORK_WRITE_DETAIL_EXTENT_MAP_SAMPLES	40
SMALL_CREATE_40_WORK_WRITE_DETAIL_EXTENT_MAP_SAMPLE_TICKS	413
SMALL_CREATE_40_WORK_WRITE_DETAIL_FREESPACE_GOAL_CALLS	40
SMALL_CREATE_40_WORK_WRITE_DETAIL_FREESPACE_GOAL_SAMPLES	40
SMALL_CREATE_40_WORK_WRITE_DETAIL_FREESPACE_GOAL_SAMPLE_TICKS	99
SMALL_CREATE_40_WORK_BTREE_MALLOC_CALLS	0
SMALL_CREATE_40_WORK_BTREE_MALLOC_SAMPLES	0
SMALL_CREATE_40_WORK_BTREE_MALLOC_SAMPLE_TICKS	0
SMALL_CREATE_40_WORK_BTREE_FREE_CALLS	80
SMALL_CREATE_40_WORK_BTREE_FREE_SAMPLES	80
SMALL_CREATE_40_WORK_BTREE_FREE_SAMPLE_TICKS	254
SMALL_CREATE_40_WORK_IFACE_ALLOC_CALLS	0
SMALL_CREATE_40_WORK_IFACE_ALLOC_SAMPLES	0
SMALL_CREATE_40_WORK_IFACE_ALLOC_SAMPLE_TICKS	0
SMALL_CREATE_40_WORK_FREESPACE_ALLOC_CALLS	40
SMALL_CREATE_40_WORK_FREESPACE_ALLOC_SAMPLES	40
SMALL_CREATE_40_WORK_FREESPACE_ALLOC_SAMPLE_TICKS	3788
SMALL_CREATE_40_WORK_DETAIL_INODE_READ_CALLS	160
SMALL_CREATE_40_WORK_DETAIL_INODE_READ_SAMPLES	9
SMALL_CREATE_40_WORK_DETAIL_INODE_READ_SAMPLE_TICKS	454
SMALL_CREATE_40_WORK_DETAIL_INODE_VALIDATE_CALLS	280
SMALL_CREATE_40_WORK_DETAIL_INODE_VALIDATE_SAMPLES	16
SMALL_CREATE_40_WORK_DETAIL_INODE_VALIDATE_SAMPLE_TICKS	92
SMALL_CREATE_40_WORK_DETAIL_INODE_SEARCH_CALLS	160
SMALL_CREATE_40_WORK_DETAIL_INODE_SEARCH_SAMPLES	9
SMALL_CREATE_40_WORK_DETAIL_INODE_SEARCH_SAMPLE_TICKS	271
SMALL_CREATE_40_WORK_DETAIL_INODE_NODE_VIEW_CALLS	80
SMALL_CREATE_40_WORK_DETAIL_INODE_NODE_VIEW_SAMPLES	4
SMALL_CREATE_40_WORK_DETAIL_INODE_NODE_VIEW_SAMPLE_TICKS	91
SMALL_CREATE_40_WORK_DETAIL_DIR_NODE_VIEW_CALLS	160
SMALL_CREATE_40_WORK_DETAIL_DIR_NODE_VIEW_SAMPLES	9
SMALL_CREATE_40_WORK_DETAIL_DIR_NODE_VIEW_SAMPLE_TICKS	44
SMALL_CREATE_40_WORK_DETAIL_INODE_BINARY_SEARCH_CALLS	200
SMALL_CREATE_40_WORK_DETAIL_INODE_BINARY_SEARCH_SAMPLES	11
SMALL_CREATE_40_WORK_DETAIL_INODE_BINARY_SEARCH_SAMPLE_TICKS	118
SMALL_CREATE_40_WORK_DETAIL_DIR_BINARY_SEARCH_CALLS	240
SMALL_CREATE_40_WORK_DETAIL_DIR_BINARY_SEARCH_SAMPLES	14
SMALL_CREATE_40_WORK_DETAIL_DIR_BINARY_SEARCH_SAMPLE_TICKS	183
SMALL_CREATE_40_WORK_DETAIL_NODE_STRUCTURE_CALLS	0
SMALL_CREATE_40_WORK_DETAIL_NODE_STRUCTURE_SAMPLES	0
SMALL_CREATE_40_WORK_DETAIL_NODE_STRUCTURE_SAMPLE_TICKS	0
SMALL_CREATE_40_WORK_DETAIL_CACHE_PEEK_CALLS	400
SMALL_CREATE_40_WORK_DETAIL_CACHE_PEEK_SAMPLES	23
SMALL_CREATE_40_WORK_DETAIL_CACHE_PEEK_SAMPLE_TICKS	272
SMALL_CREATE_40_WORK_DETAIL_BUFFER_ALLOC_CALLS	280
SMALL_CREATE_40_WORK_DETAIL_BUFFER_ALLOC_SAMPLES	16
SMALL_CREATE_40_WORK_DETAIL_BUFFER_ALLOC_SAMPLE_TICKS	52
SMALL_CREATE_40_WORK_DETAIL_BUFFER_FREE_CALLS	280
SMALL_CREATE_40_WORK_DETAIL_BUFFER_FREE_SAMPLES	16
SMALL_CREATE_40_WORK_DETAIL_BUFFER_FREE_SAMPLE_TICKS	24
SMALL_CREATE_40_WORK_DETAIL_EXALL_FILL_CALLS	0
SMALL_CREATE_40_WORK_DETAIL_EXALL_FILL_SAMPLES	0
SMALL_CREATE_40_WORK_DETAIL_EXALL_FILL_SAMPLE_TICKS	0
SMALL_CREATE_40_WORK_FREESPACE_ALLOCS	40
SMALL_CREATE_40_VOLUME_FLUSH_BIO_READS	0
SMALL_CREATE_40_VOLUME_FLUSH_BIO_WRITES	0
SMALL_CREATE_40_VOLUME_FLUSH_BIO_UPDATES	0
SMALL_CREATE_40_VOLUME_FLUSH_DATA_READS	0
SMALL_CREATE_40_VOLUME_FLUSH_DATA_WRITES	0
SMALL_CREATE_40_VOLUME_FLUSH_NODE_WRITES	0
SMALL_CREATE_40_VOLUME_FLUSH_TXN_COMMITS	0
SMALL_CREATE_40_VOLUME_FLUSH_EXTENT_MAPS	0
SMALL_CREATE_40_VOLUME_FLUSH_READ_TICKS	0
SMALL_CREATE_40_VOLUME_FLUSH_WRITE_TICKS	0
SMALL_CREATE_40_VOLUME_FLUSH_UPDATE_TICKS	0
SMALL_CREATE_40_VOLUME_FLUSH_DATA_READ_TICKS	0
SMALL_CREATE_40_VOLUME_FLUSH_DATA_WRITE_TICKS	0
SMALL_CREATE_40_VOLUME_FLUSH_NODE_CRC_READ_CALLS	0
SMALL_CREATE_40_VOLUME_FLUSH_NODE_CRC_READ_SAMPLES	0
SMALL_CREATE_40_VOLUME_FLUSH_NODE_CRC_READ_SAMPLE_TICKS	0
SMALL_CREATE_40_VOLUME_FLUSH_NODE_CRC_WRITE_CALLS	0
SMALL_CREATE_40_VOLUME_FLUSH_NODE_CRC_WRITE_SAMPLES	0
SMALL_CREATE_40_VOLUME_FLUSH_NODE_CRC_WRITE_SAMPLE_TICKS	0
SMALL_CREATE_40_VOLUME_FLUSH_CLOCK_PAIR_TICKS	0
SMALL_CREATE_40_VOLUME_FLUSH_PACKET_CALLS	0
SMALL_CREATE_40_VOLUME_FLUSH_PACKET_SAMPLES	0
SMALL_CREATE_40_VOLUME_FLUSH_PACKET_SAMPLE_TICKS	0
SMALL_CREATE_40_VOLUME_FLUSH_PACKET_OPEN_CALLS	0
SMALL_CREATE_40_VOLUME_FLUSH_PACKET_OPEN_SAMPLES	0
SMALL_CREATE_40_VOLUME_FLUSH_PACKET_OPEN_SAMPLE_TICKS	0
SMALL_CREATE_40_VOLUME_FLUSH_PACKET_READ_CALLS	0
SMALL_CREATE_40_VOLUME_FLUSH_PACKET_READ_SAMPLES	0
SMALL_CREATE_40_VOLUME_FLUSH_PACKET_READ_SAMPLE_TICKS	0
SMALL_CREATE_40_VOLUME_FLUSH_PACKET_WRITE_CALLS	0
SMALL_CREATE_40_VOLUME_FLUSH_PACKET_WRITE_SAMPLES	0
SMALL_CREATE_40_VOLUME_FLUSH_PACKET_WRITE_SAMPLE_TICKS	0
SMALL_CREATE_40_VOLUME_FLUSH_PACKET_END_CALLS	0
SMALL_CREATE_40_VOLUME_FLUSH_PACKET_END_SAMPLES	0
SMALL_CREATE_40_VOLUME_FLUSH_PACKET_END_SAMPLE_TICKS	0
SMALL_CREATE_40_VOLUME_FLUSH_PACKET_DELETE_CALLS	0
SMALL_CREATE_40_VOLUME_FLUSH_PACKET_DELETE_SAMPLES	0
SMALL_CREATE_40_VOLUME_FLUSH_PACKET_DELETE_SAMPLE_TICKS	0
SMALL_CREATE_40_VOLUME_FLUSH_PACKET_FLUSH_CALLS	0
SMALL_CREATE_40_VOLUME_FLUSH_PACKET_FLUSH_SAMPLES	0
SMALL_CREATE_40_VOLUME_FLUSH_PACKET_FLUSH_SAMPLE_TICKS	0
SMALL_CREATE_40_VOLUME_FLUSH_PACKET_OTHER_CALLS	0
SMALL_CREATE_40_VOLUME_FLUSH_PACKET_OTHER_SAMPLES	0
SMALL_CREATE_40_VOLUME_FLUSH_PACKET_OTHER_SAMPLE_TICKS	0
SMALL_CREATE_40_VOLUME_FLUSH_CORE_CREATE_CALLS	0
SMALL_CREATE_40_VOLUME_FLUSH_CORE_CREATE_SAMPLES	0
SMALL_CREATE_40_VOLUME_FLUSH_CORE_CREATE_SAMPLE_TICKS	0
SMALL_CREATE_40_VOLUME_FLUSH_CORE_DELETE_CALLS	0
SMALL_CREATE_40_VOLUME_FLUSH_CORE_DELETE_SAMPLES	0
SMALL_CREATE_40_VOLUME_FLUSH_CORE_DELETE_SAMPLE_TICKS	0
SMALL_CREATE_40_VOLUME_FLUSH_CORE_FILE_WRITE_CALLS	0
SMALL_CREATE_40_VOLUME_FLUSH_CORE_FILE_WRITE_SAMPLES	0
SMALL_CREATE_40_VOLUME_FLUSH_CORE_FILE_WRITE_SAMPLE_TICKS	0
SMALL_CREATE_40_VOLUME_FLUSH_CORE_SYNC_CALLS	0
SMALL_CREATE_40_VOLUME_FLUSH_CORE_SYNC_SAMPLES	0
SMALL_CREATE_40_VOLUME_FLUSH_CORE_SYNC_SAMPLE_TICKS	0
SMALL_CREATE_40_VOLUME_FLUSH_IFACE_FREE_CALLS	0
SMALL_CREATE_40_VOLUME_FLUSH_IFACE_FREE_SAMPLES	0
SMALL_CREATE_40_VOLUME_FLUSH_IFACE_FREE_SAMPLE_TICKS	0
SMALL_CREATE_40_VOLUME_FLUSH_SEAL_COMMIT_CALLS	0
SMALL_CREATE_40_VOLUME_FLUSH_SEAL_COMMIT_SAMPLES	0
SMALL_CREATE_40_VOLUME_FLUSH_SEAL_COMMIT_SAMPLE_TICKS	0
SMALL_CREATE_40_VOLUME_FLUSH_INODE_READ_CALLS	0
SMALL_CREATE_40_VOLUME_FLUSH_BTREE_SEARCH_CALLS	0
SMALL_CREATE_40_VOLUME_FLUSH_BTREE_INDEX_HINT_HITS	0
SMALL_CREATE_40_VOLUME_FLUSH_BTREE_LEAF_HINT_HITS	0
SMALL_CREATE_40_VOLUME_FLUSH_CACHE_READ_CALLS	0
SMALL_CREATE_40_VOLUME_FLUSH_CACHE_READ_HITS	0
SMALL_CREATE_40_VOLUME_FLUSH_CACHE_READ_MISSES	0
SMALL_CREATE_40_VOLUME_FLUSH_FREE_TREE_NODE_VIEWS	0
SMALL_CREATE_40_VOLUME_FLUSH_FREE_TREE_RESIDENT_VIEWS	0
SMALL_CREATE_40_VOLUME_FLUSH_DIR_TREE_NODE_VIEWS	0
SMALL_CREATE_40_VOLUME_FLUSH_DIR_TREE_RESIDENT_VIEWS	0
SMALL_CREATE_40_VOLUME_FLUSH_INODE_TREE_NODE_VIEWS	0
SMALL_CREATE_40_VOLUME_FLUSH_INODE_TREE_RESIDENT_VIEWS	0
SMALL_CREATE_40_VOLUME_FLUSH_REFCOUNT_TREE_NODE_VIEWS	0
SMALL_CREATE_40_VOLUME_FLUSH_REFCOUNT_TREE_RESIDENT_VIEWS	0
SMALL_CREATE_40_VOLUME_FLUSH_OTHER_TREE_NODE_VIEWS	0
SMALL_CREATE_40_VOLUME_FLUSH_OTHER_TREE_RESIDENT_VIEWS	0
SMALL_CREATE_40_VOLUME_FLUSH_WRITE_DETAIL_INODE_READ_CALLS	0
SMALL_CREATE_40_VOLUME_FLUSH_WRITE_DETAIL_INODE_READ_SAMPLES	0
SMALL_CREATE_40_VOLUME_FLUSH_WRITE_DETAIL_INODE_READ_SAMPLE_TICKS	0
SMALL_CREATE_40_VOLUME_FLUSH_WRITE_DETAIL_INODE_WRITE_CALLS	0
SMALL_CREATE_40_VOLUME_FLUSH_WRITE_DETAIL_INODE_WRITE_SAMPLES	0
SMALL_CREATE_40_VOLUME_FLUSH_WRITE_DETAIL_INODE_WRITE_SAMPLE_TICKS	0
SMALL_CREATE_40_VOLUME_FLUSH_WRITE_DETAIL_EXTENT_MAP_CALLS	0
SMALL_CREATE_40_VOLUME_FLUSH_WRITE_DETAIL_EXTENT_MAP_SAMPLES	0
SMALL_CREATE_40_VOLUME_FLUSH_WRITE_DETAIL_EXTENT_MAP_SAMPLE_TICKS	0
SMALL_CREATE_40_VOLUME_FLUSH_WRITE_DETAIL_FREESPACE_GOAL_CALLS	0
SMALL_CREATE_40_VOLUME_FLUSH_WRITE_DETAIL_FREESPACE_GOAL_SAMPLES	0
SMALL_CREATE_40_VOLUME_FLUSH_WRITE_DETAIL_FREESPACE_GOAL_SAMPLE_TICKS	0
SMALL_CREATE_40_VOLUME_FLUSH_BTREE_MALLOC_CALLS	0
SMALL_CREATE_40_VOLUME_FLUSH_BTREE_MALLOC_SAMPLES	0
SMALL_CREATE_40_VOLUME_FLUSH_BTREE_MALLOC_SAMPLE_TICKS	0
SMALL_CREATE_40_VOLUME_FLUSH_BTREE_FREE_CALLS	0
SMALL_CREATE_40_VOLUME_FLUSH_BTREE_FREE_SAMPLES	0
SMALL_CREATE_40_VOLUME_FLUSH_BTREE_FREE_SAMPLE_TICKS	0
SMALL_CREATE_40_VOLUME_FLUSH_IFACE_ALLOC_CALLS	0
SMALL_CREATE_40_VOLUME_FLUSH_IFACE_ALLOC_SAMPLES	0
SMALL_CREATE_40_VOLUME_FLUSH_IFACE_ALLOC_SAMPLE_TICKS	0
SMALL_CREATE_40_VOLUME_FLUSH_FREESPACE_ALLOC_CALLS	0
SMALL_CREATE_40_VOLUME_FLUSH_FREESPACE_ALLOC_SAMPLES	0
SMALL_CREATE_40_VOLUME_FLUSH_FREESPACE_ALLOC_SAMPLE_TICKS	0
SMALL_CREATE_40_VOLUME_FLUSH_DETAIL_INODE_READ_CALLS	0
SMALL_CREATE_40_VOLUME_FLUSH_DETAIL_INODE_READ_SAMPLES	0
SMALL_CREATE_40_VOLUME_FLUSH_DETAIL_INODE_READ_SAMPLE_TICKS	0
SMALL_CREATE_40_VOLUME_FLUSH_DETAIL_INODE_VALIDATE_CALLS	0
SMALL_CREATE_40_VOLUME_FLUSH_DETAIL_INODE_VALIDATE_SAMPLES	0
SMALL_CREATE_40_VOLUME_FLUSH_DETAIL_INODE_VALIDATE_SAMPLE_TICKS	0
SMALL_CREATE_40_VOLUME_FLUSH_DETAIL_INODE_SEARCH_CALLS	0
SMALL_CREATE_40_VOLUME_FLUSH_DETAIL_INODE_SEARCH_SAMPLES	0
SMALL_CREATE_40_VOLUME_FLUSH_DETAIL_INODE_SEARCH_SAMPLE_TICKS	0
SMALL_CREATE_40_VOLUME_FLUSH_DETAIL_INODE_NODE_VIEW_CALLS	0
SMALL_CREATE_40_VOLUME_FLUSH_DETAIL_INODE_NODE_VIEW_SAMPLES	0
SMALL_CREATE_40_VOLUME_FLUSH_DETAIL_INODE_NODE_VIEW_SAMPLE_TICKS	0
SMALL_CREATE_40_VOLUME_FLUSH_DETAIL_DIR_NODE_VIEW_CALLS	0
SMALL_CREATE_40_VOLUME_FLUSH_DETAIL_DIR_NODE_VIEW_SAMPLES	0
SMALL_CREATE_40_VOLUME_FLUSH_DETAIL_DIR_NODE_VIEW_SAMPLE_TICKS	0
SMALL_CREATE_40_VOLUME_FLUSH_DETAIL_INODE_BINARY_SEARCH_CALLS	0
SMALL_CREATE_40_VOLUME_FLUSH_DETAIL_INODE_BINARY_SEARCH_SAMPLES	0
SMALL_CREATE_40_VOLUME_FLUSH_DETAIL_INODE_BINARY_SEARCH_SAMPLE_TICKS	0
SMALL_CREATE_40_VOLUME_FLUSH_DETAIL_DIR_BINARY_SEARCH_CALLS	0
SMALL_CREATE_40_VOLUME_FLUSH_DETAIL_DIR_BINARY_SEARCH_SAMPLES	0
SMALL_CREATE_40_VOLUME_FLUSH_DETAIL_DIR_BINARY_SEARCH_SAMPLE_TICKS	0
SMALL_CREATE_40_VOLUME_FLUSH_DETAIL_NODE_STRUCTURE_CALLS	0
SMALL_CREATE_40_VOLUME_FLUSH_DETAIL_NODE_STRUCTURE_SAMPLES	0
SMALL_CREATE_40_VOLUME_FLUSH_DETAIL_NODE_STRUCTURE_SAMPLE_TICKS	0
SMALL_CREATE_40_VOLUME_FLUSH_DETAIL_CACHE_PEEK_CALLS	0
SMALL_CREATE_40_VOLUME_FLUSH_DETAIL_CACHE_PEEK_SAMPLES	0
SMALL_CREATE_40_VOLUME_FLUSH_DETAIL_CACHE_PEEK_SAMPLE_TICKS	0
SMALL_CREATE_40_VOLUME_FLUSH_DETAIL_BUFFER_ALLOC_CALLS	0
SMALL_CREATE_40_VOLUME_FLUSH_DETAIL_BUFFER_ALLOC_SAMPLES	0
SMALL_CREATE_40_VOLUME_FLUSH_DETAIL_BUFFER_ALLOC_SAMPLE_TICKS	0
SMALL_CREATE_40_VOLUME_FLUSH_DETAIL_BUFFER_FREE_CALLS	0
SMALL_CREATE_40_VOLUME_FLUSH_DETAIL_BUFFER_FREE_SAMPLES	0
SMALL_CREATE_40_VOLUME_FLUSH_DETAIL_BUFFER_FREE_SAMPLE_TICKS	0
SMALL_CREATE_40_VOLUME_FLUSH_DETAIL_EXALL_FILL_CALLS	0
SMALL_CREATE_40_VOLUME_FLUSH_DETAIL_EXALL_FILL_SAMPLES	0
SMALL_CREATE_40_VOLUME_FLUSH_DETAIL_EXALL_FILL_SAMPLE_TICKS	0
SMALL_CREATE_40_VOLUME_FLUSH_FREESPACE_ALLOCS	0
LOOKUP_400_US	87360
LOOKUP_400_WORK_US	87360
LOOKUP_400_VOLUME_FLUSH_US	0
LOOKUP_400_HAS_VOLUME_FLUSH	0
LOOKUP_400_GUEST_OPEN_CALLS	0
LOOKUP_400_GUEST_OPEN_US	0
LOOKUP_400_GUEST_READ_CALLS	0
LOOKUP_400_GUEST_READ_US	0
LOOKUP_400_GUEST_WRITE_CALLS	0
LOOKUP_400_GUEST_WRITE_US	0
LOOKUP_400_GUEST_HANDLE_FLUSH_CALLS	0
LOOKUP_400_GUEST_HANDLE_FLUSH_US	0
LOOKUP_400_GUEST_CLOSE_CALLS	0
LOOKUP_400_GUEST_CLOSE_US	0
LOOKUP_400_GUEST_VERIFY_CALLS	0
LOOKUP_400_GUEST_VERIFY_US	0
LOOKUP_400_WORK_BIO_READS	0
LOOKUP_400_WORK_BIO_WRITES	0
LOOKUP_400_WORK_BIO_UPDATES	0
LOOKUP_400_WORK_DATA_READS	0
LOOKUP_400_WORK_DATA_WRITES	0
LOOKUP_400_WORK_NODE_WRITES	0
LOOKUP_400_WORK_TXN_COMMITS	0
LOOKUP_400_WORK_EXTENT_MAPS	0
LOOKUP_400_WORK_READ_TICKS	0
LOOKUP_400_WORK_WRITE_TICKS	0
LOOKUP_400_WORK_UPDATE_TICKS	0
LOOKUP_400_WORK_DATA_READ_TICKS	0
LOOKUP_400_WORK_DATA_WRITE_TICKS	0
LOOKUP_400_WORK_NODE_CRC_READ_CALLS	0
LOOKUP_400_WORK_NODE_CRC_READ_SAMPLES	0
LOOKUP_400_WORK_NODE_CRC_READ_SAMPLE_TICKS	0
LOOKUP_400_WORK_NODE_CRC_WRITE_CALLS	0
LOOKUP_400_WORK_NODE_CRC_WRITE_SAMPLES	0
LOOKUP_400_WORK_NODE_CRC_WRITE_SAMPLE_TICKS	0
LOOKUP_400_WORK_CLOCK_PAIR_TICKS	2
LOOKUP_400_WORK_PACKET_CALLS	800
LOOKUP_400_WORK_PACKET_SAMPLES	800
LOOKUP_400_WORK_PACKET_SAMPLE_TICKS	28939
LOOKUP_400_WORK_PACKET_OPEN_CALLS	0
LOOKUP_400_WORK_PACKET_OPEN_SAMPLES	0
LOOKUP_400_WORK_PACKET_OPEN_SAMPLE_TICKS	0
LOOKUP_400_WORK_PACKET_READ_CALLS	0
LOOKUP_400_WORK_PACKET_READ_SAMPLES	0
LOOKUP_400_WORK_PACKET_READ_SAMPLE_TICKS	0
LOOKUP_400_WORK_PACKET_WRITE_CALLS	0
LOOKUP_400_WORK_PACKET_WRITE_SAMPLES	0
LOOKUP_400_WORK_PACKET_WRITE_SAMPLE_TICKS	0
LOOKUP_400_WORK_PACKET_END_CALLS	0
LOOKUP_400_WORK_PACKET_END_SAMPLES	0
LOOKUP_400_WORK_PACKET_END_SAMPLE_TICKS	0
LOOKUP_400_WORK_PACKET_DELETE_CALLS	0
LOOKUP_400_WORK_PACKET_DELETE_SAMPLES	0
LOOKUP_400_WORK_PACKET_DELETE_SAMPLE_TICKS	0
LOOKUP_400_WORK_PACKET_FLUSH_CALLS	0
LOOKUP_400_WORK_PACKET_FLUSH_SAMPLES	0
LOOKUP_400_WORK_PACKET_FLUSH_SAMPLE_TICKS	0
LOOKUP_400_WORK_PACKET_OTHER_CALLS	800
LOOKUP_400_WORK_PACKET_OTHER_SAMPLES	800
LOOKUP_400_WORK_PACKET_OTHER_SAMPLE_TICKS	28939
LOOKUP_400_WORK_CORE_CREATE_CALLS	0
LOOKUP_400_WORK_CORE_CREATE_SAMPLES	0
LOOKUP_400_WORK_CORE_CREATE_SAMPLE_TICKS	0
LOOKUP_400_WORK_CORE_DELETE_CALLS	0
LOOKUP_400_WORK_CORE_DELETE_SAMPLES	0
LOOKUP_400_WORK_CORE_DELETE_SAMPLE_TICKS	0
LOOKUP_400_WORK_CORE_FILE_WRITE_CALLS	0
LOOKUP_400_WORK_CORE_FILE_WRITE_SAMPLES	0
LOOKUP_400_WORK_CORE_FILE_WRITE_SAMPLE_TICKS	0
LOOKUP_400_WORK_CORE_SYNC_CALLS	0
LOOKUP_400_WORK_CORE_SYNC_SAMPLES	0
LOOKUP_400_WORK_CORE_SYNC_SAMPLE_TICKS	0
LOOKUP_400_WORK_IFACE_FREE_CALLS	0
LOOKUP_400_WORK_IFACE_FREE_SAMPLES	0
LOOKUP_400_WORK_IFACE_FREE_SAMPLE_TICKS	0
LOOKUP_400_WORK_SEAL_COMMIT_CALLS	0
LOOKUP_400_WORK_SEAL_COMMIT_SAMPLES	0
LOOKUP_400_WORK_SEAL_COMMIT_SAMPLE_TICKS	0
LOOKUP_400_WORK_INODE_READ_CALLS	0
LOOKUP_400_WORK_BTREE_SEARCH_CALLS	800
LOOKUP_400_WORK_BTREE_INDEX_HINT_HITS	0
LOOKUP_400_WORK_BTREE_LEAF_HINT_HITS	799
LOOKUP_400_WORK_CACHE_READ_CALLS	0
LOOKUP_400_WORK_CACHE_READ_HITS	0
LOOKUP_400_WORK_CACHE_READ_MISSES	0
LOOKUP_400_WORK_FREE_TREE_NODE_VIEWS	0
LOOKUP_400_WORK_FREE_TREE_RESIDENT_VIEWS	0
LOOKUP_400_WORK_DIR_TREE_NODE_VIEWS	1
LOOKUP_400_WORK_DIR_TREE_RESIDENT_VIEWS	1
LOOKUP_400_WORK_INODE_TREE_NODE_VIEWS	0
LOOKUP_400_WORK_INODE_TREE_RESIDENT_VIEWS	0
LOOKUP_400_WORK_REFCOUNT_TREE_NODE_VIEWS	0
LOOKUP_400_WORK_REFCOUNT_TREE_RESIDENT_VIEWS	0
LOOKUP_400_WORK_OTHER_TREE_NODE_VIEWS	0
LOOKUP_400_WORK_OTHER_TREE_RESIDENT_VIEWS	0
LOOKUP_400_WORK_WRITE_DETAIL_INODE_READ_CALLS	0
LOOKUP_400_WORK_WRITE_DETAIL_INODE_READ_SAMPLES	0
LOOKUP_400_WORK_WRITE_DETAIL_INODE_READ_SAMPLE_TICKS	0
LOOKUP_400_WORK_WRITE_DETAIL_INODE_WRITE_CALLS	0
LOOKUP_400_WORK_WRITE_DETAIL_INODE_WRITE_SAMPLES	0
LOOKUP_400_WORK_WRITE_DETAIL_INODE_WRITE_SAMPLE_TICKS	0
LOOKUP_400_WORK_WRITE_DETAIL_EXTENT_MAP_CALLS	0
LOOKUP_400_WORK_WRITE_DETAIL_EXTENT_MAP_SAMPLES	0
LOOKUP_400_WORK_WRITE_DETAIL_EXTENT_MAP_SAMPLE_TICKS	0
LOOKUP_400_WORK_WRITE_DETAIL_FREESPACE_GOAL_CALLS	0
LOOKUP_400_WORK_WRITE_DETAIL_FREESPACE_GOAL_SAMPLES	0
LOOKUP_400_WORK_WRITE_DETAIL_FREESPACE_GOAL_SAMPLE_TICKS	0
LOOKUP_400_WORK_BTREE_MALLOC_CALLS	0
LOOKUP_400_WORK_BTREE_MALLOC_SAMPLES	0
LOOKUP_400_WORK_BTREE_MALLOC_SAMPLE_TICKS	0
LOOKUP_400_WORK_BTREE_FREE_CALLS	0
LOOKUP_400_WORK_BTREE_FREE_SAMPLES	0
LOOKUP_400_WORK_BTREE_FREE_SAMPLE_TICKS	0
LOOKUP_400_WORK_IFACE_ALLOC_CALLS	0
LOOKUP_400_WORK_IFACE_ALLOC_SAMPLES	0
LOOKUP_400_WORK_IFACE_ALLOC_SAMPLE_TICKS	0
LOOKUP_400_WORK_FREESPACE_ALLOC_CALLS	0
LOOKUP_400_WORK_FREESPACE_ALLOC_SAMPLES	0
LOOKUP_400_WORK_FREESPACE_ALLOC_SAMPLE_TICKS	0
LOOKUP_400_WORK_DETAIL_INODE_READ_CALLS	0
LOOKUP_400_WORK_DETAIL_INODE_READ_SAMPLES	0
LOOKUP_400_WORK_DETAIL_INODE_READ_SAMPLE_TICKS	0
LOOKUP_400_WORK_DETAIL_INODE_VALIDATE_CALLS	0
LOOKUP_400_WORK_DETAIL_INODE_VALIDATE_SAMPLES	0
LOOKUP_400_WORK_DETAIL_INODE_VALIDATE_SAMPLE_TICKS	0
LOOKUP_400_WORK_DETAIL_INODE_SEARCH_CALLS	0
LOOKUP_400_WORK_DETAIL_INODE_SEARCH_SAMPLES	0
LOOKUP_400_WORK_DETAIL_INODE_SEARCH_SAMPLE_TICKS	0
LOOKUP_400_WORK_DETAIL_INODE_NODE_VIEW_CALLS	0
LOOKUP_400_WORK_DETAIL_INODE_NODE_VIEW_SAMPLES	0
LOOKUP_400_WORK_DETAIL_INODE_NODE_VIEW_SAMPLE_TICKS	0
LOOKUP_400_WORK_DETAIL_DIR_NODE_VIEW_CALLS	1
LOOKUP_400_WORK_DETAIL_DIR_NODE_VIEW_SAMPLES	0
LOOKUP_400_WORK_DETAIL_DIR_NODE_VIEW_SAMPLE_TICKS	0
LOOKUP_400_WORK_DETAIL_INODE_BINARY_SEARCH_CALLS	0
LOOKUP_400_WORK_DETAIL_INODE_BINARY_SEARCH_SAMPLES	0
LOOKUP_400_WORK_DETAIL_INODE_BINARY_SEARCH_SAMPLE_TICKS	0
LOOKUP_400_WORK_DETAIL_DIR_BINARY_SEARCH_CALLS	800
LOOKUP_400_WORK_DETAIL_DIR_BINARY_SEARCH_SAMPLES	47
LOOKUP_400_WORK_DETAIL_DIR_BINARY_SEARCH_SAMPLE_TICKS	186
LOOKUP_400_WORK_DETAIL_NODE_STRUCTURE_CALLS	0
LOOKUP_400_WORK_DETAIL_NODE_STRUCTURE_SAMPLES	0
LOOKUP_400_WORK_DETAIL_NODE_STRUCTURE_SAMPLE_TICKS	0
LOOKUP_400_WORK_DETAIL_CACHE_PEEK_CALLS	800
LOOKUP_400_WORK_DETAIL_CACHE_PEEK_SAMPLES	47
LOOKUP_400_WORK_DETAIL_CACHE_PEEK_SAMPLE_TICKS	155
LOOKUP_400_WORK_DETAIL_BUFFER_ALLOC_CALLS	1
LOOKUP_400_WORK_DETAIL_BUFFER_ALLOC_SAMPLES	0
LOOKUP_400_WORK_DETAIL_BUFFER_ALLOC_SAMPLE_TICKS	0
LOOKUP_400_WORK_DETAIL_BUFFER_FREE_CALLS	1
LOOKUP_400_WORK_DETAIL_BUFFER_FREE_SAMPLES	0
LOOKUP_400_WORK_DETAIL_BUFFER_FREE_SAMPLE_TICKS	0
LOOKUP_400_WORK_DETAIL_EXALL_FILL_CALLS	0
LOOKUP_400_WORK_DETAIL_EXALL_FILL_SAMPLES	0
LOOKUP_400_WORK_DETAIL_EXALL_FILL_SAMPLE_TICKS	0
LOOKUP_400_WORK_FREESPACE_ALLOCS	0
LOOKUP_400_VOLUME_FLUSH_BIO_READS	0
LOOKUP_400_VOLUME_FLUSH_BIO_WRITES	0
LOOKUP_400_VOLUME_FLUSH_BIO_UPDATES	0
LOOKUP_400_VOLUME_FLUSH_DATA_READS	0
LOOKUP_400_VOLUME_FLUSH_DATA_WRITES	0
LOOKUP_400_VOLUME_FLUSH_NODE_WRITES	0
LOOKUP_400_VOLUME_FLUSH_TXN_COMMITS	0
LOOKUP_400_VOLUME_FLUSH_EXTENT_MAPS	0
LOOKUP_400_VOLUME_FLUSH_READ_TICKS	0
LOOKUP_400_VOLUME_FLUSH_WRITE_TICKS	0
LOOKUP_400_VOLUME_FLUSH_UPDATE_TICKS	0
LOOKUP_400_VOLUME_FLUSH_DATA_READ_TICKS	0
LOOKUP_400_VOLUME_FLUSH_DATA_WRITE_TICKS	0
LOOKUP_400_VOLUME_FLUSH_NODE_CRC_READ_CALLS	0
LOOKUP_400_VOLUME_FLUSH_NODE_CRC_READ_SAMPLES	0
LOOKUP_400_VOLUME_FLUSH_NODE_CRC_READ_SAMPLE_TICKS	0
LOOKUP_400_VOLUME_FLUSH_NODE_CRC_WRITE_CALLS	0
LOOKUP_400_VOLUME_FLUSH_NODE_CRC_WRITE_SAMPLES	0
LOOKUP_400_VOLUME_FLUSH_NODE_CRC_WRITE_SAMPLE_TICKS	0
LOOKUP_400_VOLUME_FLUSH_CLOCK_PAIR_TICKS	0
LOOKUP_400_VOLUME_FLUSH_PACKET_CALLS	0
LOOKUP_400_VOLUME_FLUSH_PACKET_SAMPLES	0
LOOKUP_400_VOLUME_FLUSH_PACKET_SAMPLE_TICKS	0
LOOKUP_400_VOLUME_FLUSH_PACKET_OPEN_CALLS	0
LOOKUP_400_VOLUME_FLUSH_PACKET_OPEN_SAMPLES	0
LOOKUP_400_VOLUME_FLUSH_PACKET_OPEN_SAMPLE_TICKS	0
LOOKUP_400_VOLUME_FLUSH_PACKET_READ_CALLS	0
LOOKUP_400_VOLUME_FLUSH_PACKET_READ_SAMPLES	0
LOOKUP_400_VOLUME_FLUSH_PACKET_READ_SAMPLE_TICKS	0
LOOKUP_400_VOLUME_FLUSH_PACKET_WRITE_CALLS	0
LOOKUP_400_VOLUME_FLUSH_PACKET_WRITE_SAMPLES	0
LOOKUP_400_VOLUME_FLUSH_PACKET_WRITE_SAMPLE_TICKS	0
LOOKUP_400_VOLUME_FLUSH_PACKET_END_CALLS	0
LOOKUP_400_VOLUME_FLUSH_PACKET_END_SAMPLES	0
LOOKUP_400_VOLUME_FLUSH_PACKET_END_SAMPLE_TICKS	0
LOOKUP_400_VOLUME_FLUSH_PACKET_DELETE_CALLS	0
LOOKUP_400_VOLUME_FLUSH_PACKET_DELETE_SAMPLES	0
LOOKUP_400_VOLUME_FLUSH_PACKET_DELETE_SAMPLE_TICKS	0
LOOKUP_400_VOLUME_FLUSH_PACKET_FLUSH_CALLS	0
LOOKUP_400_VOLUME_FLUSH_PACKET_FLUSH_SAMPLES	0
LOOKUP_400_VOLUME_FLUSH_PACKET_FLUSH_SAMPLE_TICKS	0
LOOKUP_400_VOLUME_FLUSH_PACKET_OTHER_CALLS	0
LOOKUP_400_VOLUME_FLUSH_PACKET_OTHER_SAMPLES	0
LOOKUP_400_VOLUME_FLUSH_PACKET_OTHER_SAMPLE_TICKS	0
LOOKUP_400_VOLUME_FLUSH_CORE_CREATE_CALLS	0
LOOKUP_400_VOLUME_FLUSH_CORE_CREATE_SAMPLES	0
LOOKUP_400_VOLUME_FLUSH_CORE_CREATE_SAMPLE_TICKS	0
LOOKUP_400_VOLUME_FLUSH_CORE_DELETE_CALLS	0
LOOKUP_400_VOLUME_FLUSH_CORE_DELETE_SAMPLES	0
LOOKUP_400_VOLUME_FLUSH_CORE_DELETE_SAMPLE_TICKS	0
LOOKUP_400_VOLUME_FLUSH_CORE_FILE_WRITE_CALLS	0
LOOKUP_400_VOLUME_FLUSH_CORE_FILE_WRITE_SAMPLES	0
LOOKUP_400_VOLUME_FLUSH_CORE_FILE_WRITE_SAMPLE_TICKS	0
LOOKUP_400_VOLUME_FLUSH_CORE_SYNC_CALLS	0
LOOKUP_400_VOLUME_FLUSH_CORE_SYNC_SAMPLES	0
LOOKUP_400_VOLUME_FLUSH_CORE_SYNC_SAMPLE_TICKS	0
LOOKUP_400_VOLUME_FLUSH_IFACE_FREE_CALLS	0
LOOKUP_400_VOLUME_FLUSH_IFACE_FREE_SAMPLES	0
LOOKUP_400_VOLUME_FLUSH_IFACE_FREE_SAMPLE_TICKS	0
LOOKUP_400_VOLUME_FLUSH_SEAL_COMMIT_CALLS	0
LOOKUP_400_VOLUME_FLUSH_SEAL_COMMIT_SAMPLES	0
LOOKUP_400_VOLUME_FLUSH_SEAL_COMMIT_SAMPLE_TICKS	0
LOOKUP_400_VOLUME_FLUSH_INODE_READ_CALLS	0
LOOKUP_400_VOLUME_FLUSH_BTREE_SEARCH_CALLS	0
LOOKUP_400_VOLUME_FLUSH_BTREE_INDEX_HINT_HITS	0
LOOKUP_400_VOLUME_FLUSH_BTREE_LEAF_HINT_HITS	0
LOOKUP_400_VOLUME_FLUSH_CACHE_READ_CALLS	0
LOOKUP_400_VOLUME_FLUSH_CACHE_READ_HITS	0
LOOKUP_400_VOLUME_FLUSH_CACHE_READ_MISSES	0
LOOKUP_400_VOLUME_FLUSH_FREE_TREE_NODE_VIEWS	0
LOOKUP_400_VOLUME_FLUSH_FREE_TREE_RESIDENT_VIEWS	0
LOOKUP_400_VOLUME_FLUSH_DIR_TREE_NODE_VIEWS	0
LOOKUP_400_VOLUME_FLUSH_DIR_TREE_RESIDENT_VIEWS	0
LOOKUP_400_VOLUME_FLUSH_INODE_TREE_NODE_VIEWS	0
LOOKUP_400_VOLUME_FLUSH_INODE_TREE_RESIDENT_VIEWS	0
LOOKUP_400_VOLUME_FLUSH_REFCOUNT_TREE_NODE_VIEWS	0
LOOKUP_400_VOLUME_FLUSH_REFCOUNT_TREE_RESIDENT_VIEWS	0
LOOKUP_400_VOLUME_FLUSH_OTHER_TREE_NODE_VIEWS	0
LOOKUP_400_VOLUME_FLUSH_OTHER_TREE_RESIDENT_VIEWS	0
LOOKUP_400_VOLUME_FLUSH_WRITE_DETAIL_INODE_READ_CALLS	0
LOOKUP_400_VOLUME_FLUSH_WRITE_DETAIL_INODE_READ_SAMPLES	0
LOOKUP_400_VOLUME_FLUSH_WRITE_DETAIL_INODE_READ_SAMPLE_TICKS	0
LOOKUP_400_VOLUME_FLUSH_WRITE_DETAIL_INODE_WRITE_CALLS	0
LOOKUP_400_VOLUME_FLUSH_WRITE_DETAIL_INODE_WRITE_SAMPLES	0
LOOKUP_400_VOLUME_FLUSH_WRITE_DETAIL_INODE_WRITE_SAMPLE_TICKS	0
LOOKUP_400_VOLUME_FLUSH_WRITE_DETAIL_EXTENT_MAP_CALLS	0
LOOKUP_400_VOLUME_FLUSH_WRITE_DETAIL_EXTENT_MAP_SAMPLES	0
LOOKUP_400_VOLUME_FLUSH_WRITE_DETAIL_EXTENT_MAP_SAMPLE_TICKS	0
LOOKUP_400_VOLUME_FLUSH_WRITE_DETAIL_FREESPACE_GOAL_CALLS	0
LOOKUP_400_VOLUME_FLUSH_WRITE_DETAIL_FREESPACE_GOAL_SAMPLES	0
LOOKUP_400_VOLUME_FLUSH_WRITE_DETAIL_FREESPACE_GOAL_SAMPLE_TICKS	0
LOOKUP_400_VOLUME_FLUSH_BTREE_MALLOC_CALLS	0
LOOKUP_400_VOLUME_FLUSH_BTREE_MALLOC_SAMPLES	0
LOOKUP_400_VOLUME_FLUSH_BTREE_MALLOC_SAMPLE_TICKS	0
LOOKUP_400_VOLUME_FLUSH_BTREE_FREE_CALLS	0
LOOKUP_400_VOLUME_FLUSH_BTREE_FREE_SAMPLES	0
LOOKUP_400_VOLUME_FLUSH_BTREE_FREE_SAMPLE_TICKS	0
LOOKUP_400_VOLUME_FLUSH_IFACE_ALLOC_CALLS	0
LOOKUP_400_VOLUME_FLUSH_IFACE_ALLOC_SAMPLES	0
LOOKUP_400_VOLUME_FLUSH_IFACE_ALLOC_SAMPLE_TICKS	0
LOOKUP_400_VOLUME_FLUSH_FREESPACE_ALLOC_CALLS	0
LOOKUP_400_VOLUME_FLUSH_FREESPACE_ALLOC_SAMPLES	0
LOOKUP_400_VOLUME_FLUSH_FREESPACE_ALLOC_SAMPLE_TICKS	0
LOOKUP_400_VOLUME_FLUSH_DETAIL_INODE_READ_CALLS	0
LOOKUP_400_VOLUME_FLUSH_DETAIL_INODE_READ_SAMPLES	0
LOOKUP_400_VOLUME_FLUSH_DETAIL_INODE_READ_SAMPLE_TICKS	0
LOOKUP_400_VOLUME_FLUSH_DETAIL_INODE_VALIDATE_CALLS	0
LOOKUP_400_VOLUME_FLUSH_DETAIL_INODE_VALIDATE_SAMPLES	0
LOOKUP_400_VOLUME_FLUSH_DETAIL_INODE_VALIDATE_SAMPLE_TICKS	0
LOOKUP_400_VOLUME_FLUSH_DETAIL_INODE_SEARCH_CALLS	0
LOOKUP_400_VOLUME_FLUSH_DETAIL_INODE_SEARCH_SAMPLES	0
LOOKUP_400_VOLUME_FLUSH_DETAIL_INODE_SEARCH_SAMPLE_TICKS	0
LOOKUP_400_VOLUME_FLUSH_DETAIL_INODE_NODE_VIEW_CALLS	0
LOOKUP_400_VOLUME_FLUSH_DETAIL_INODE_NODE_VIEW_SAMPLES	0
LOOKUP_400_VOLUME_FLUSH_DETAIL_INODE_NODE_VIEW_SAMPLE_TICKS	0
LOOKUP_400_VOLUME_FLUSH_DETAIL_DIR_NODE_VIEW_CALLS	0
LOOKUP_400_VOLUME_FLUSH_DETAIL_DIR_NODE_VIEW_SAMPLES	0
LOOKUP_400_VOLUME_FLUSH_DETAIL_DIR_NODE_VIEW_SAMPLE_TICKS	0
LOOKUP_400_VOLUME_FLUSH_DETAIL_INODE_BINARY_SEARCH_CALLS	0
LOOKUP_400_VOLUME_FLUSH_DETAIL_INODE_BINARY_SEARCH_SAMPLES	0
LOOKUP_400_VOLUME_FLUSH_DETAIL_INODE_BINARY_SEARCH_SAMPLE_TICKS	0
LOOKUP_400_VOLUME_FLUSH_DETAIL_DIR_BINARY_SEARCH_CALLS	0
LOOKUP_400_VOLUME_FLUSH_DETAIL_DIR_BINARY_SEARCH_SAMPLES	0
LOOKUP_400_VOLUME_FLUSH_DETAIL_DIR_BINARY_SEARCH_SAMPLE_TICKS	0
LOOKUP_400_VOLUME_FLUSH_DETAIL_NODE_STRUCTURE_CALLS	0
LOOKUP_400_VOLUME_FLUSH_DETAIL_NODE_STRUCTURE_SAMPLES	0
LOOKUP_400_VOLUME_FLUSH_DETAIL_NODE_STRUCTURE_SAMPLE_TICKS	0
LOOKUP_400_VOLUME_FLUSH_DETAIL_CACHE_PEEK_CALLS	0
LOOKUP_400_VOLUME_FLUSH_DETAIL_CACHE_PEEK_SAMPLES	0
LOOKUP_400_VOLUME_FLUSH_DETAIL_CACHE_PEEK_SAMPLE_TICKS	0
LOOKUP_400_VOLUME_FLUSH_DETAIL_BUFFER_ALLOC_CALLS	0
LOOKUP_400_VOLUME_FLUSH_DETAIL_BUFFER_ALLOC_SAMPLES	0
LOOKUP_400_VOLUME_FLUSH_DETAIL_BUFFER_ALLOC_SAMPLE_TICKS	0
LOOKUP_400_VOLUME_FLUSH_DETAIL_BUFFER_FREE_CALLS	0
LOOKUP_400_VOLUME_FLUSH_DETAIL_BUFFER_FREE_SAMPLES	0
LOOKUP_400_VOLUME_FLUSH_DETAIL_BUFFER_FREE_SAMPLE_TICKS	0
LOOKUP_400_VOLUME_FLUSH_DETAIL_EXALL_FILL_CALLS	0
LOOKUP_400_VOLUME_FLUSH_DETAIL_EXALL_FILL_SAMPLES	0
LOOKUP_400_VOLUME_FLUSH_DETAIL_EXALL_FILL_SAMPLE_TICKS	0
LOOKUP_400_VOLUME_FLUSH_FREESPACE_ALLOCS	0
SMALL_READ_40_US	29056
SMALL_READ_40_WORK_US	29056
SMALL_READ_40_VOLUME_FLUSH_US	0
SMALL_READ_40_HAS_VOLUME_FLUSH	0
SMALL_READ_40_GUEST_OPEN_CALLS	40
SMALL_READ_40_GUEST_OPEN_US	9913
SMALL_READ_40_GUEST_READ_CALLS	80
SMALL_READ_40_GUEST_READ_US	14377
SMALL_READ_40_GUEST_WRITE_CALLS	0
SMALL_READ_40_GUEST_WRITE_US	0
SMALL_READ_40_GUEST_HANDLE_FLUSH_CALLS	0
SMALL_READ_40_GUEST_HANDLE_FLUSH_US	0
SMALL_READ_40_GUEST_CLOSE_CALLS	40
SMALL_READ_40_GUEST_CLOSE_US	1738
SMALL_READ_40_GUEST_VERIFY_CALLS	40
SMALL_READ_40_GUEST_VERIFY_US	1574
SMALL_READ_40_WORK_BIO_READS	40
SMALL_READ_40_WORK_BIO_WRITES	0
SMALL_READ_40_WORK_BIO_UPDATES	0
SMALL_READ_40_WORK_DATA_READS	40
SMALL_READ_40_WORK_DATA_WRITES	0
SMALL_READ_40_WORK_NODE_WRITES	0
SMALL_READ_40_WORK_TXN_COMMITS	0
SMALL_READ_40_WORK_EXTENT_MAPS	0
SMALL_READ_40_WORK_READ_TICKS	3355
SMALL_READ_40_WORK_WRITE_TICKS	0
SMALL_READ_40_WORK_UPDATE_TICKS	0
SMALL_READ_40_WORK_DATA_READ_TICKS	3355
SMALL_READ_40_WORK_DATA_WRITE_TICKS	0
SMALL_READ_40_WORK_NODE_CRC_READ_CALLS	0
SMALL_READ_40_WORK_NODE_CRC_READ_SAMPLES	0
SMALL_READ_40_WORK_NODE_CRC_READ_SAMPLE_TICKS	0
SMALL_READ_40_WORK_NODE_CRC_WRITE_CALLS	0
SMALL_READ_40_WORK_NODE_CRC_WRITE_SAMPLES	0
SMALL_READ_40_WORK_NODE_CRC_WRITE_SAMPLE_TICKS	0
SMALL_READ_40_WORK_CLOCK_PAIR_TICKS	1
SMALL_READ_40_WORK_PACKET_CALLS	160
SMALL_READ_40_WORK_PACKET_SAMPLES	160
SMALL_READ_40_WORK_PACKET_SAMPLE_TICKS	13312
SMALL_READ_40_WORK_PACKET_OPEN_CALLS	40
SMALL_READ_40_WORK_PACKET_OPEN_SAMPLES	40
SMALL_READ_40_WORK_PACKET_OPEN_SAMPLE_TICKS	4386
SMALL_READ_40_WORK_PACKET_READ_CALLS	80
SMALL_READ_40_WORK_PACKET_READ_SAMPLES	80
SMALL_READ_40_WORK_PACKET_READ_SAMPLE_TICKS	8567
SMALL_READ_40_WORK_PACKET_WRITE_CALLS	0
SMALL_READ_40_WORK_PACKET_WRITE_SAMPLES	0
SMALL_READ_40_WORK_PACKET_WRITE_SAMPLE_TICKS	0
SMALL_READ_40_WORK_PACKET_END_CALLS	40
SMALL_READ_40_WORK_PACKET_END_SAMPLES	40
SMALL_READ_40_WORK_PACKET_END_SAMPLE_TICKS	359
SMALL_READ_40_WORK_PACKET_DELETE_CALLS	0
SMALL_READ_40_WORK_PACKET_DELETE_SAMPLES	0
SMALL_READ_40_WORK_PACKET_DELETE_SAMPLE_TICKS	0
SMALL_READ_40_WORK_PACKET_FLUSH_CALLS	0
SMALL_READ_40_WORK_PACKET_FLUSH_SAMPLES	0
SMALL_READ_40_WORK_PACKET_FLUSH_SAMPLE_TICKS	0
SMALL_READ_40_WORK_PACKET_OTHER_CALLS	0
SMALL_READ_40_WORK_PACKET_OTHER_SAMPLES	0
SMALL_READ_40_WORK_PACKET_OTHER_SAMPLE_TICKS	0
SMALL_READ_40_WORK_CORE_CREATE_CALLS	0
SMALL_READ_40_WORK_CORE_CREATE_SAMPLES	0
SMALL_READ_40_WORK_CORE_CREATE_SAMPLE_TICKS	0
SMALL_READ_40_WORK_CORE_DELETE_CALLS	0
SMALL_READ_40_WORK_CORE_DELETE_SAMPLES	0
SMALL_READ_40_WORK_CORE_DELETE_SAMPLE_TICKS	0
SMALL_READ_40_WORK_CORE_FILE_WRITE_CALLS	0
SMALL_READ_40_WORK_CORE_FILE_WRITE_SAMPLES	0
SMALL_READ_40_WORK_CORE_FILE_WRITE_SAMPLE_TICKS	0
SMALL_READ_40_WORK_CORE_SYNC_CALLS	0
SMALL_READ_40_WORK_CORE_SYNC_SAMPLES	0
SMALL_READ_40_WORK_CORE_SYNC_SAMPLE_TICKS	0
SMALL_READ_40_WORK_IFACE_FREE_CALLS	0
SMALL_READ_40_WORK_IFACE_FREE_SAMPLES	0
SMALL_READ_40_WORK_IFACE_FREE_SAMPLE_TICKS	0
SMALL_READ_40_WORK_SEAL_COMMIT_CALLS	0
SMALL_READ_40_WORK_SEAL_COMMIT_SAMPLES	0
SMALL_READ_40_WORK_SEAL_COMMIT_SAMPLE_TICKS	0
SMALL_READ_40_WORK_INODE_READ_CALLS	240
SMALL_READ_40_WORK_BTREE_SEARCH_CALLS	272
SMALL_READ_40_WORK_BTREE_INDEX_HINT_HITS	160
SMALL_READ_40_WORK_BTREE_LEAF_HINT_HITS	111
SMALL_READ_40_WORK_CACHE_READ_CALLS	40
SMALL_READ_40_WORK_CACHE_READ_HITS	0
SMALL_READ_40_WORK_CACHE_READ_MISSES	40
SMALL_READ_40_WORK_FREE_TREE_NODE_VIEWS	0
SMALL_READ_40_WORK_FREE_TREE_RESIDENT_VIEWS	0
SMALL_READ_40_WORK_DIR_TREE_NODE_VIEWS	0
SMALL_READ_40_WORK_DIR_TREE_RESIDENT_VIEWS	0
SMALL_READ_40_WORK_INODE_TREE_NODE_VIEWS	1
SMALL_READ_40_WORK_INODE_TREE_RESIDENT_VIEWS	1
SMALL_READ_40_WORK_REFCOUNT_TREE_NODE_VIEWS	0
SMALL_READ_40_WORK_REFCOUNT_TREE_RESIDENT_VIEWS	0
SMALL_READ_40_WORK_OTHER_TREE_NODE_VIEWS	0
SMALL_READ_40_WORK_OTHER_TREE_RESIDENT_VIEWS	0
SMALL_READ_40_WORK_WRITE_DETAIL_INODE_READ_CALLS	240
SMALL_READ_40_WORK_WRITE_DETAIL_INODE_READ_SAMPLES	240
SMALL_READ_40_WORK_WRITE_DETAIL_INODE_READ_SAMPLE_TICKS	3515
SMALL_READ_40_WORK_WRITE_DETAIL_INODE_WRITE_CALLS	0
SMALL_READ_40_WORK_WRITE_DETAIL_INODE_WRITE_SAMPLES	0
SMALL_READ_40_WORK_WRITE_DETAIL_INODE_WRITE_SAMPLE_TICKS	0
SMALL_READ_40_WORK_WRITE_DETAIL_EXTENT_MAP_CALLS	0
SMALL_READ_40_WORK_WRITE_DETAIL_EXTENT_MAP_SAMPLES	0
SMALL_READ_40_WORK_WRITE_DETAIL_EXTENT_MAP_SAMPLE_TICKS	0
SMALL_READ_40_WORK_WRITE_DETAIL_FREESPACE_GOAL_CALLS	0
SMALL_READ_40_WORK_WRITE_DETAIL_FREESPACE_GOAL_SAMPLES	0
SMALL_READ_40_WORK_WRITE_DETAIL_FREESPACE_GOAL_SAMPLE_TICKS	0
SMALL_READ_40_WORK_BTREE_MALLOC_CALLS	0
SMALL_READ_40_WORK_BTREE_MALLOC_SAMPLES	0
SMALL_READ_40_WORK_BTREE_MALLOC_SAMPLE_TICKS	0
SMALL_READ_40_WORK_BTREE_FREE_CALLS	0
SMALL_READ_40_WORK_BTREE_FREE_SAMPLES	0
SMALL_READ_40_WORK_BTREE_FREE_SAMPLE_TICKS	0
SMALL_READ_40_WORK_IFACE_ALLOC_CALLS	0
SMALL_READ_40_WORK_IFACE_ALLOC_SAMPLES	0
SMALL_READ_40_WORK_IFACE_ALLOC_SAMPLE_TICKS	0
SMALL_READ_40_WORK_FREESPACE_ALLOC_CALLS	0
SMALL_READ_40_WORK_FREESPACE_ALLOC_SAMPLES	0
SMALL_READ_40_WORK_FREESPACE_ALLOC_SAMPLE_TICKS	0
SMALL_READ_40_WORK_DETAIL_INODE_READ_CALLS	240
SMALL_READ_40_WORK_DETAIL_INODE_READ_SAMPLES	14
SMALL_READ_40_WORK_DETAIL_INODE_READ_SAMPLE_TICKS	235
SMALL_READ_40_WORK_DETAIL_INODE_VALIDATE_CALLS	240
SMALL_READ_40_WORK_DETAIL_INODE_VALIDATE_SAMPLES	14
SMALL_READ_40_WORK_DETAIL_INODE_VALIDATE_SAMPLE_TICKS	28
SMALL_READ_40_WORK_DETAIL_INODE_SEARCH_CALLS	192
SMALL_READ_40_WORK_DETAIL_INODE_SEARCH_SAMPLES	11
SMALL_READ_40_WORK_DETAIL_INODE_SEARCH_SAMPLE_TICKS	137
SMALL_READ_40_WORK_DETAIL_INODE_NODE_VIEW_CALLS	1
SMALL_READ_40_WORK_DETAIL_INODE_NODE_VIEW_SAMPLES	0
SMALL_READ_40_WORK_DETAIL_INODE_NODE_VIEW_SAMPLE_TICKS	0
SMALL_READ_40_WORK_DETAIL_DIR_NODE_VIEW_CALLS	0
SMALL_READ_40_WORK_DETAIL_DIR_NODE_VIEW_SAMPLES	0
SMALL_READ_40_WORK_DETAIL_DIR_NODE_VIEW_SAMPLE_TICKS	0
SMALL_READ_40_WORK_DETAIL_INODE_BINARY_SEARCH_CALLS	1
SMALL_READ_40_WORK_DETAIL_INODE_BINARY_SEARCH_SAMPLES	0
SMALL_READ_40_WORK_DETAIL_INODE_BINARY_SEARCH_SAMPLE_TICKS	0
SMALL_READ_40_WORK_DETAIL_DIR_BINARY_SEARCH_CALLS	80
SMALL_READ_40_WORK_DETAIL_DIR_BINARY_SEARCH_SAMPLES	4
SMALL_READ_40_WORK_DETAIL_DIR_BINARY_SEARCH_SAMPLE_TICKS	1
SMALL_READ_40_WORK_DETAIL_NODE_STRUCTURE_CALLS	0
SMALL_READ_40_WORK_DETAIL_NODE_STRUCTURE_SAMPLES	0
SMALL_READ_40_WORK_DETAIL_NODE_STRUCTURE_SAMPLE_TICKS	0
SMALL_READ_40_WORK_DETAIL_CACHE_PEEK_CALLS	272
SMALL_READ_40_WORK_DETAIL_CACHE_PEEK_SAMPLES	16
SMALL_READ_40_WORK_DETAIL_CACHE_PEEK_SAMPLE_TICKS	0
SMALL_READ_40_WORK_DETAIL_BUFFER_ALLOC_CALLS	1
SMALL_READ_40_WORK_DETAIL_BUFFER_ALLOC_SAMPLES	0
SMALL_READ_40_WORK_DETAIL_BUFFER_ALLOC_SAMPLE_TICKS	0
SMALL_READ_40_WORK_DETAIL_BUFFER_FREE_CALLS	1
SMALL_READ_40_WORK_DETAIL_BUFFER_FREE_SAMPLES	0
SMALL_READ_40_WORK_DETAIL_BUFFER_FREE_SAMPLE_TICKS	0
SMALL_READ_40_WORK_DETAIL_EXALL_FILL_CALLS	0
SMALL_READ_40_WORK_DETAIL_EXALL_FILL_SAMPLES	0
SMALL_READ_40_WORK_DETAIL_EXALL_FILL_SAMPLE_TICKS	0
SMALL_READ_40_WORK_FREESPACE_ALLOCS	0
SMALL_READ_40_VOLUME_FLUSH_BIO_READS	0
SMALL_READ_40_VOLUME_FLUSH_BIO_WRITES	0
SMALL_READ_40_VOLUME_FLUSH_BIO_UPDATES	0
SMALL_READ_40_VOLUME_FLUSH_DATA_READS	0
SMALL_READ_40_VOLUME_FLUSH_DATA_WRITES	0
SMALL_READ_40_VOLUME_FLUSH_NODE_WRITES	0
SMALL_READ_40_VOLUME_FLUSH_TXN_COMMITS	0
SMALL_READ_40_VOLUME_FLUSH_EXTENT_MAPS	0
SMALL_READ_40_VOLUME_FLUSH_READ_TICKS	0
SMALL_READ_40_VOLUME_FLUSH_WRITE_TICKS	0
SMALL_READ_40_VOLUME_FLUSH_UPDATE_TICKS	0
SMALL_READ_40_VOLUME_FLUSH_DATA_READ_TICKS	0
SMALL_READ_40_VOLUME_FLUSH_DATA_WRITE_TICKS	0
SMALL_READ_40_VOLUME_FLUSH_NODE_CRC_READ_CALLS	0
SMALL_READ_40_VOLUME_FLUSH_NODE_CRC_READ_SAMPLES	0
SMALL_READ_40_VOLUME_FLUSH_NODE_CRC_READ_SAMPLE_TICKS	0
SMALL_READ_40_VOLUME_FLUSH_NODE_CRC_WRITE_CALLS	0
SMALL_READ_40_VOLUME_FLUSH_NODE_CRC_WRITE_SAMPLES	0
SMALL_READ_40_VOLUME_FLUSH_NODE_CRC_WRITE_SAMPLE_TICKS	0
SMALL_READ_40_VOLUME_FLUSH_CLOCK_PAIR_TICKS	0
SMALL_READ_40_VOLUME_FLUSH_PACKET_CALLS	0
SMALL_READ_40_VOLUME_FLUSH_PACKET_SAMPLES	0
SMALL_READ_40_VOLUME_FLUSH_PACKET_SAMPLE_TICKS	0
SMALL_READ_40_VOLUME_FLUSH_PACKET_OPEN_CALLS	0
SMALL_READ_40_VOLUME_FLUSH_PACKET_OPEN_SAMPLES	0
SMALL_READ_40_VOLUME_FLUSH_PACKET_OPEN_SAMPLE_TICKS	0
SMALL_READ_40_VOLUME_FLUSH_PACKET_READ_CALLS	0
SMALL_READ_40_VOLUME_FLUSH_PACKET_READ_SAMPLES	0
SMALL_READ_40_VOLUME_FLUSH_PACKET_READ_SAMPLE_TICKS	0
SMALL_READ_40_VOLUME_FLUSH_PACKET_WRITE_CALLS	0
SMALL_READ_40_VOLUME_FLUSH_PACKET_WRITE_SAMPLES	0
SMALL_READ_40_VOLUME_FLUSH_PACKET_WRITE_SAMPLE_TICKS	0
SMALL_READ_40_VOLUME_FLUSH_PACKET_END_CALLS	0
SMALL_READ_40_VOLUME_FLUSH_PACKET_END_SAMPLES	0
SMALL_READ_40_VOLUME_FLUSH_PACKET_END_SAMPLE_TICKS	0
SMALL_READ_40_VOLUME_FLUSH_PACKET_DELETE_CALLS	0
SMALL_READ_40_VOLUME_FLUSH_PACKET_DELETE_SAMPLES	0
SMALL_READ_40_VOLUME_FLUSH_PACKET_DELETE_SAMPLE_TICKS	0
SMALL_READ_40_VOLUME_FLUSH_PACKET_FLUSH_CALLS	0
SMALL_READ_40_VOLUME_FLUSH_PACKET_FLUSH_SAMPLES	0
SMALL_READ_40_VOLUME_FLUSH_PACKET_FLUSH_SAMPLE_TICKS	0
SMALL_READ_40_VOLUME_FLUSH_PACKET_OTHER_CALLS	0
SMALL_READ_40_VOLUME_FLUSH_PACKET_OTHER_SAMPLES	0
SMALL_READ_40_VOLUME_FLUSH_PACKET_OTHER_SAMPLE_TICKS	0
SMALL_READ_40_VOLUME_FLUSH_CORE_CREATE_CALLS	0
SMALL_READ_40_VOLUME_FLUSH_CORE_CREATE_SAMPLES	0
SMALL_READ_40_VOLUME_FLUSH_CORE_CREATE_SAMPLE_TICKS	0
SMALL_READ_40_VOLUME_FLUSH_CORE_DELETE_CALLS	0
SMALL_READ_40_VOLUME_FLUSH_CORE_DELETE_SAMPLES	0
SMALL_READ_40_VOLUME_FLUSH_CORE_DELETE_SAMPLE_TICKS	0
SMALL_READ_40_VOLUME_FLUSH_CORE_FILE_WRITE_CALLS	0
SMALL_READ_40_VOLUME_FLUSH_CORE_FILE_WRITE_SAMPLES	0
SMALL_READ_40_VOLUME_FLUSH_CORE_FILE_WRITE_SAMPLE_TICKS	0
SMALL_READ_40_VOLUME_FLUSH_CORE_SYNC_CALLS	0
SMALL_READ_40_VOLUME_FLUSH_CORE_SYNC_SAMPLES	0
SMALL_READ_40_VOLUME_FLUSH_CORE_SYNC_SAMPLE_TICKS	0
SMALL_READ_40_VOLUME_FLUSH_IFACE_FREE_CALLS	0
SMALL_READ_40_VOLUME_FLUSH_IFACE_FREE_SAMPLES	0
SMALL_READ_40_VOLUME_FLUSH_IFACE_FREE_SAMPLE_TICKS	0
SMALL_READ_40_VOLUME_FLUSH_SEAL_COMMIT_CALLS	0
SMALL_READ_40_VOLUME_FLUSH_SEAL_COMMIT_SAMPLES	0
SMALL_READ_40_VOLUME_FLUSH_SEAL_COMMIT_SAMPLE_TICKS	0
SMALL_READ_40_VOLUME_FLUSH_INODE_READ_CALLS	0
SMALL_READ_40_VOLUME_FLUSH_BTREE_SEARCH_CALLS	0
SMALL_READ_40_VOLUME_FLUSH_BTREE_INDEX_HINT_HITS	0
SMALL_READ_40_VOLUME_FLUSH_BTREE_LEAF_HINT_HITS	0
SMALL_READ_40_VOLUME_FLUSH_CACHE_READ_CALLS	0
SMALL_READ_40_VOLUME_FLUSH_CACHE_READ_HITS	0
SMALL_READ_40_VOLUME_FLUSH_CACHE_READ_MISSES	0
SMALL_READ_40_VOLUME_FLUSH_FREE_TREE_NODE_VIEWS	0
SMALL_READ_40_VOLUME_FLUSH_FREE_TREE_RESIDENT_VIEWS	0
SMALL_READ_40_VOLUME_FLUSH_DIR_TREE_NODE_VIEWS	0
SMALL_READ_40_VOLUME_FLUSH_DIR_TREE_RESIDENT_VIEWS	0
SMALL_READ_40_VOLUME_FLUSH_INODE_TREE_NODE_VIEWS	0
SMALL_READ_40_VOLUME_FLUSH_INODE_TREE_RESIDENT_VIEWS	0
SMALL_READ_40_VOLUME_FLUSH_REFCOUNT_TREE_NODE_VIEWS	0
SMALL_READ_40_VOLUME_FLUSH_REFCOUNT_TREE_RESIDENT_VIEWS	0
SMALL_READ_40_VOLUME_FLUSH_OTHER_TREE_NODE_VIEWS	0
SMALL_READ_40_VOLUME_FLUSH_OTHER_TREE_RESIDENT_VIEWS	0
SMALL_READ_40_VOLUME_FLUSH_WRITE_DETAIL_INODE_READ_CALLS	0
SMALL_READ_40_VOLUME_FLUSH_WRITE_DETAIL_INODE_READ_SAMPLES	0
SMALL_READ_40_VOLUME_FLUSH_WRITE_DETAIL_INODE_READ_SAMPLE_TICKS	0
SMALL_READ_40_VOLUME_FLUSH_WRITE_DETAIL_INODE_WRITE_CALLS	0
SMALL_READ_40_VOLUME_FLUSH_WRITE_DETAIL_INODE_WRITE_SAMPLES	0
SMALL_READ_40_VOLUME_FLUSH_WRITE_DETAIL_INODE_WRITE_SAMPLE_TICKS	0
SMALL_READ_40_VOLUME_FLUSH_WRITE_DETAIL_EXTENT_MAP_CALLS	0
SMALL_READ_40_VOLUME_FLUSH_WRITE_DETAIL_EXTENT_MAP_SAMPLES	0
SMALL_READ_40_VOLUME_FLUSH_WRITE_DETAIL_EXTENT_MAP_SAMPLE_TICKS	0
SMALL_READ_40_VOLUME_FLUSH_WRITE_DETAIL_FREESPACE_GOAL_CALLS	0
SMALL_READ_40_VOLUME_FLUSH_WRITE_DETAIL_FREESPACE_GOAL_SAMPLES	0
SMALL_READ_40_VOLUME_FLUSH_WRITE_DETAIL_FREESPACE_GOAL_SAMPLE_TICKS	0
SMALL_READ_40_VOLUME_FLUSH_BTREE_MALLOC_CALLS	0
SMALL_READ_40_VOLUME_FLUSH_BTREE_MALLOC_SAMPLES	0
SMALL_READ_40_VOLUME_FLUSH_BTREE_MALLOC_SAMPLE_TICKS	0
SMALL_READ_40_VOLUME_FLUSH_BTREE_FREE_CALLS	0
SMALL_READ_40_VOLUME_FLUSH_BTREE_FREE_SAMPLES	0
SMALL_READ_40_VOLUME_FLUSH_BTREE_FREE_SAMPLE_TICKS	0
SMALL_READ_40_VOLUME_FLUSH_IFACE_ALLOC_CALLS	0
SMALL_READ_40_VOLUME_FLUSH_IFACE_ALLOC_SAMPLES	0
SMALL_READ_40_VOLUME_FLUSH_IFACE_ALLOC_SAMPLE_TICKS	0
SMALL_READ_40_VOLUME_FLUSH_FREESPACE_ALLOC_CALLS	0
SMALL_READ_40_VOLUME_FLUSH_FREESPACE_ALLOC_SAMPLES	0
SMALL_READ_40_VOLUME_FLUSH_FREESPACE_ALLOC_SAMPLE_TICKS	0
SMALL_READ_40_VOLUME_FLUSH_DETAIL_INODE_READ_CALLS	0
SMALL_READ_40_VOLUME_FLUSH_DETAIL_INODE_READ_SAMPLES	0
SMALL_READ_40_VOLUME_FLUSH_DETAIL_INODE_READ_SAMPLE_TICKS	0
SMALL_READ_40_VOLUME_FLUSH_DETAIL_INODE_VALIDATE_CALLS	0
SMALL_READ_40_VOLUME_FLUSH_DETAIL_INODE_VALIDATE_SAMPLES	0
SMALL_READ_40_VOLUME_FLUSH_DETAIL_INODE_VALIDATE_SAMPLE_TICKS	0
SMALL_READ_40_VOLUME_FLUSH_DETAIL_INODE_SEARCH_CALLS	0
SMALL_READ_40_VOLUME_FLUSH_DETAIL_INODE_SEARCH_SAMPLES	0
SMALL_READ_40_VOLUME_FLUSH_DETAIL_INODE_SEARCH_SAMPLE_TICKS	0
SMALL_READ_40_VOLUME_FLUSH_DETAIL_INODE_NODE_VIEW_CALLS	0
SMALL_READ_40_VOLUME_FLUSH_DETAIL_INODE_NODE_VIEW_SAMPLES	0
SMALL_READ_40_VOLUME_FLUSH_DETAIL_INODE_NODE_VIEW_SAMPLE_TICKS	0
SMALL_READ_40_VOLUME_FLUSH_DETAIL_DIR_NODE_VIEW_CALLS	0
SMALL_READ_40_VOLUME_FLUSH_DETAIL_DIR_NODE_VIEW_SAMPLES	0
SMALL_READ_40_VOLUME_FLUSH_DETAIL_DIR_NODE_VIEW_SAMPLE_TICKS	0
SMALL_READ_40_VOLUME_FLUSH_DETAIL_INODE_BINARY_SEARCH_CALLS	0
SMALL_READ_40_VOLUME_FLUSH_DETAIL_INODE_BINARY_SEARCH_SAMPLES	0
SMALL_READ_40_VOLUME_FLUSH_DETAIL_INODE_BINARY_SEARCH_SAMPLE_TICKS	0
SMALL_READ_40_VOLUME_FLUSH_DETAIL_DIR_BINARY_SEARCH_CALLS	0
SMALL_READ_40_VOLUME_FLUSH_DETAIL_DIR_BINARY_SEARCH_SAMPLES	0
SMALL_READ_40_VOLUME_FLUSH_DETAIL_DIR_BINARY_SEARCH_SAMPLE_TICKS	0
SMALL_READ_40_VOLUME_FLUSH_DETAIL_NODE_STRUCTURE_CALLS	0
SMALL_READ_40_VOLUME_FLUSH_DETAIL_NODE_STRUCTURE_SAMPLES	0
SMALL_READ_40_VOLUME_FLUSH_DETAIL_NODE_STRUCTURE_SAMPLE_TICKS	0
SMALL_READ_40_VOLUME_FLUSH_DETAIL_CACHE_PEEK_CALLS	0
SMALL_READ_40_VOLUME_FLUSH_DETAIL_CACHE_PEEK_SAMPLES	0
SMALL_READ_40_VOLUME_FLUSH_DETAIL_CACHE_PEEK_SAMPLE_TICKS	0
SMALL_READ_40_VOLUME_FLUSH_DETAIL_BUFFER_ALLOC_CALLS	0
SMALL_READ_40_VOLUME_FLUSH_DETAIL_BUFFER_ALLOC_SAMPLES	0
SMALL_READ_40_VOLUME_FLUSH_DETAIL_BUFFER_ALLOC_SAMPLE_TICKS	0
SMALL_READ_40_VOLUME_FLUSH_DETAIL_BUFFER_FREE_CALLS	0
SMALL_READ_40_VOLUME_FLUSH_DETAIL_BUFFER_FREE_SAMPLES	0
SMALL_READ_40_VOLUME_FLUSH_DETAIL_BUFFER_FREE_SAMPLE_TICKS	0
SMALL_READ_40_VOLUME_FLUSH_DETAIL_EXALL_FILL_CALLS	0
SMALL_READ_40_VOLUME_FLUSH_DETAIL_EXALL_FILL_SAMPLES	0
SMALL_READ_40_VOLUME_FLUSH_DETAIL_EXALL_FILL_SAMPLE_TICKS	0
SMALL_READ_40_VOLUME_FLUSH_FREESPACE_ALLOCS	0
LIST_EXNEXT_400_US	41535
LIST_EXNEXT_400_WORK_US	41535
LIST_EXNEXT_400_VOLUME_FLUSH_US	0
LIST_EXNEXT_400_HAS_VOLUME_FLUSH	0
LIST_EXNEXT_400_GUEST_OPEN_CALLS	0
LIST_EXNEXT_400_GUEST_OPEN_US	0
LIST_EXNEXT_400_GUEST_READ_CALLS	0
LIST_EXNEXT_400_GUEST_READ_US	0
LIST_EXNEXT_400_GUEST_WRITE_CALLS	0
LIST_EXNEXT_400_GUEST_WRITE_US	0
LIST_EXNEXT_400_GUEST_HANDLE_FLUSH_CALLS	0
LIST_EXNEXT_400_GUEST_HANDLE_FLUSH_US	0
LIST_EXNEXT_400_GUEST_CLOSE_CALLS	0
LIST_EXNEXT_400_GUEST_CLOSE_US	0
LIST_EXNEXT_400_GUEST_VERIFY_CALLS	0
LIST_EXNEXT_400_GUEST_VERIFY_US	0
LIST_EXNEXT_400_WORK_BIO_READS	0
LIST_EXNEXT_400_WORK_BIO_WRITES	0
LIST_EXNEXT_400_WORK_BIO_UPDATES	0
LIST_EXNEXT_400_WORK_DATA_READS	0
LIST_EXNEXT_400_WORK_DATA_WRITES	0
LIST_EXNEXT_400_WORK_NODE_WRITES	0
LIST_EXNEXT_400_WORK_TXN_COMMITS	0
LIST_EXNEXT_400_WORK_EXTENT_MAPS	0
LIST_EXNEXT_400_WORK_READ_TICKS	0
LIST_EXNEXT_400_WORK_WRITE_TICKS	0
LIST_EXNEXT_400_WORK_UPDATE_TICKS	0
LIST_EXNEXT_400_WORK_DATA_READ_TICKS	0
LIST_EXNEXT_400_WORK_DATA_WRITE_TICKS	0
LIST_EXNEXT_400_WORK_NODE_CRC_READ_CALLS	0
LIST_EXNEXT_400_WORK_NODE_CRC_READ_SAMPLES	0
LIST_EXNEXT_400_WORK_NODE_CRC_READ_SAMPLE_TICKS	0
LIST_EXNEXT_400_WORK_NODE_CRC_WRITE_CALLS	0
LIST_EXNEXT_400_WORK_NODE_CRC_WRITE_SAMPLES	0
LIST_EXNEXT_400_WORK_NODE_CRC_WRITE_SAMPLE_TICKS	0
LIST_EXNEXT_400_WORK_CLOCK_PAIR_TICKS	1
LIST_EXNEXT_400_WORK_PACKET_CALLS	422
LIST_EXNEXT_400_WORK_PACKET_SAMPLES	422
LIST_EXNEXT_400_WORK_PACKET_SAMPLE_TICKS	20606
LIST_EXNEXT_400_WORK_PACKET_OPEN_CALLS	0
LIST_EXNEXT_400_WORK_PACKET_OPEN_SAMPLES	0
LIST_EXNEXT_400_WORK_PACKET_OPEN_SAMPLE_TICKS	0
LIST_EXNEXT_400_WORK_PACKET_READ_CALLS	0
LIST_EXNEXT_400_WORK_PACKET_READ_SAMPLES	0
LIST_EXNEXT_400_WORK_PACKET_READ_SAMPLE_TICKS	0
LIST_EXNEXT_400_WORK_PACKET_WRITE_CALLS	0
LIST_EXNEXT_400_WORK_PACKET_WRITE_SAMPLES	0
LIST_EXNEXT_400_WORK_PACKET_WRITE_SAMPLE_TICKS	0
LIST_EXNEXT_400_WORK_PACKET_END_CALLS	0
LIST_EXNEXT_400_WORK_PACKET_END_SAMPLES	0
LIST_EXNEXT_400_WORK_PACKET_END_SAMPLE_TICKS	0
LIST_EXNEXT_400_WORK_PACKET_DELETE_CALLS	0
LIST_EXNEXT_400_WORK_PACKET_DELETE_SAMPLES	0
LIST_EXNEXT_400_WORK_PACKET_DELETE_SAMPLE_TICKS	0
LIST_EXNEXT_400_WORK_PACKET_FLUSH_CALLS	0
LIST_EXNEXT_400_WORK_PACKET_FLUSH_SAMPLES	0
LIST_EXNEXT_400_WORK_PACKET_FLUSH_SAMPLE_TICKS	0
LIST_EXNEXT_400_WORK_PACKET_OTHER_CALLS	422
LIST_EXNEXT_400_WORK_PACKET_OTHER_SAMPLES	422
LIST_EXNEXT_400_WORK_PACKET_OTHER_SAMPLE_TICKS	20606
LIST_EXNEXT_400_WORK_CORE_CREATE_CALLS	0
LIST_EXNEXT_400_WORK_CORE_CREATE_SAMPLES	0
LIST_EXNEXT_400_WORK_CORE_CREATE_SAMPLE_TICKS	0
LIST_EXNEXT_400_WORK_CORE_DELETE_CALLS	0
LIST_EXNEXT_400_WORK_CORE_DELETE_SAMPLES	0
LIST_EXNEXT_400_WORK_CORE_DELETE_SAMPLE_TICKS	0
LIST_EXNEXT_400_WORK_CORE_FILE_WRITE_CALLS	0
LIST_EXNEXT_400_WORK_CORE_FILE_WRITE_SAMPLES	0
LIST_EXNEXT_400_WORK_CORE_FILE_WRITE_SAMPLE_TICKS	0
LIST_EXNEXT_400_WORK_CORE_SYNC_CALLS	0
LIST_EXNEXT_400_WORK_CORE_SYNC_SAMPLES	0
LIST_EXNEXT_400_WORK_CORE_SYNC_SAMPLE_TICKS	0
LIST_EXNEXT_400_WORK_IFACE_FREE_CALLS	0
LIST_EXNEXT_400_WORK_IFACE_FREE_SAMPLES	0
LIST_EXNEXT_400_WORK_IFACE_FREE_SAMPLE_TICKS	0
LIST_EXNEXT_400_WORK_SEAL_COMMIT_CALLS	0
LIST_EXNEXT_400_WORK_SEAL_COMMIT_SAMPLES	0
LIST_EXNEXT_400_WORK_SEAL_COMMIT_SAMPLE_TICKS	0
LIST_EXNEXT_400_WORK_INODE_READ_CALLS	410
LIST_EXNEXT_400_WORK_BTREE_SEARCH_CALLS	331
LIST_EXNEXT_400_WORK_BTREE_INDEX_HINT_HITS	310
LIST_EXNEXT_400_WORK_BTREE_LEAF_HINT_HITS	21
LIST_EXNEXT_400_WORK_CACHE_READ_CALLS	0
LIST_EXNEXT_400_WORK_CACHE_READ_HITS	0
LIST_EXNEXT_400_WORK_CACHE_READ_MISSES	0
LIST_EXNEXT_400_WORK_FREE_TREE_NODE_VIEWS	0
LIST_EXNEXT_400_WORK_FREE_TREE_RESIDENT_VIEWS	0
LIST_EXNEXT_400_WORK_DIR_TREE_NODE_VIEWS	11
LIST_EXNEXT_400_WORK_DIR_TREE_RESIDENT_VIEWS	11
LIST_EXNEXT_400_WORK_INODE_TREE_NODE_VIEWS	0
LIST_EXNEXT_400_WORK_INODE_TREE_RESIDENT_VIEWS	0
LIST_EXNEXT_400_WORK_REFCOUNT_TREE_NODE_VIEWS	0
LIST_EXNEXT_400_WORK_REFCOUNT_TREE_RESIDENT_VIEWS	0
LIST_EXNEXT_400_WORK_OTHER_TREE_NODE_VIEWS	0
LIST_EXNEXT_400_WORK_OTHER_TREE_RESIDENT_VIEWS	0
LIST_EXNEXT_400_WORK_WRITE_DETAIL_INODE_READ_CALLS	410
LIST_EXNEXT_400_WORK_WRITE_DETAIL_INODE_READ_SAMPLES	410
LIST_EXNEXT_400_WORK_WRITE_DETAIL_INODE_READ_SAMPLE_TICKS	6096
LIST_EXNEXT_400_WORK_WRITE_DETAIL_INODE_WRITE_CALLS	0
LIST_EXNEXT_400_WORK_WRITE_DETAIL_INODE_WRITE_SAMPLES	0
LIST_EXNEXT_400_WORK_WRITE_DETAIL_INODE_WRITE_SAMPLE_TICKS	0
LIST_EXNEXT_400_WORK_WRITE_DETAIL_EXTENT_MAP_CALLS	0
LIST_EXNEXT_400_WORK_WRITE_DETAIL_EXTENT_MAP_SAMPLES	0
LIST_EXNEXT_400_WORK_WRITE_DETAIL_EXTENT_MAP_SAMPLE_TICKS	0
LIST_EXNEXT_400_WORK_WRITE_DETAIL_FREESPACE_GOAL_CALLS	0
LIST_EXNEXT_400_WORK_WRITE_DETAIL_FREESPACE_GOAL_SAMPLES	0
LIST_EXNEXT_400_WORK_WRITE_DETAIL_FREESPACE_GOAL_SAMPLE_TICKS	0
LIST_EXNEXT_400_WORK_BTREE_MALLOC_CALLS	1
LIST_EXNEXT_400_WORK_BTREE_MALLOC_SAMPLES	1
LIST_EXNEXT_400_WORK_BTREE_MALLOC_SAMPLE_TICKS	46
LIST_EXNEXT_400_WORK_BTREE_FREE_CALLS	421
LIST_EXNEXT_400_WORK_BTREE_FREE_SAMPLES	421
LIST_EXNEXT_400_WORK_BTREE_FREE_SAMPLE_TICKS	583
LIST_EXNEXT_400_WORK_IFACE_ALLOC_CALLS	0
LIST_EXNEXT_400_WORK_IFACE_ALLOC_SAMPLES	0
LIST_EXNEXT_400_WORK_IFACE_ALLOC_SAMPLE_TICKS	0
LIST_EXNEXT_400_WORK_FREESPACE_ALLOC_CALLS	0
LIST_EXNEXT_400_WORK_FREESPACE_ALLOC_SAMPLES	0
LIST_EXNEXT_400_WORK_FREESPACE_ALLOC_SAMPLE_TICKS	0
LIST_EXNEXT_400_WORK_DETAIL_INODE_READ_CALLS	410
LIST_EXNEXT_400_WORK_DETAIL_INODE_READ_SAMPLES	24
LIST_EXNEXT_400_WORK_DETAIL_INODE_READ_SAMPLE_TICKS	483
LIST_EXNEXT_400_WORK_DETAIL_INODE_VALIDATE_CALLS	410
LIST_EXNEXT_400_WORK_DETAIL_INODE_VALIDATE_SAMPLES	24
LIST_EXNEXT_400_WORK_DETAIL_INODE_VALIDATE_SAMPLE_TICKS	135
LIST_EXNEXT_400_WORK_DETAIL_INODE_SEARCH_CALLS	330
LIST_EXNEXT_400_WORK_DETAIL_INODE_SEARCH_SAMPLES	19
LIST_EXNEXT_400_WORK_DETAIL_INODE_SEARCH_SAMPLE_TICKS	308
LIST_EXNEXT_400_WORK_DETAIL_INODE_NODE_VIEW_CALLS	0
LIST_EXNEXT_400_WORK_DETAIL_INODE_NODE_VIEW_SAMPLES	0
LIST_EXNEXT_400_WORK_DETAIL_INODE_NODE_VIEW_SAMPLE_TICKS	0
LIST_EXNEXT_400_WORK_DETAIL_DIR_NODE_VIEW_CALLS	11
LIST_EXNEXT_400_WORK_DETAIL_DIR_NODE_VIEW_SAMPLES	0
LIST_EXNEXT_400_WORK_DETAIL_DIR_NODE_VIEW_SAMPLE_TICKS	0
LIST_EXNEXT_400_WORK_DETAIL_INODE_BINARY_SEARCH_CALLS	0
LIST_EXNEXT_400_WORK_DETAIL_INODE_BINARY_SEARCH_SAMPLES	0
LIST_EXNEXT_400_WORK_DETAIL_INODE_BINARY_SEARCH_SAMPLE_TICKS	0
LIST_EXNEXT_400_WORK_DETAIL_DIR_BINARY_SEARCH_CALLS	21
LIST_EXNEXT_400_WORK_DETAIL_DIR_BINARY_SEARCH_SAMPLES	1
LIST_EXNEXT_400_WORK_DETAIL_DIR_BINARY_SEARCH_SAMPLE_TICKS	0
LIST_EXNEXT_400_WORK_DETAIL_NODE_STRUCTURE_CALLS	0
LIST_EXNEXT_400_WORK_DETAIL_NODE_STRUCTURE_SAMPLES	0
LIST_EXNEXT_400_WORK_DETAIL_NODE_STRUCTURE_SAMPLE_TICKS	0
LIST_EXNEXT_400_WORK_DETAIL_CACHE_PEEK_CALLS	342
LIST_EXNEXT_400_WORK_DETAIL_CACHE_PEEK_SAMPLES	20
LIST_EXNEXT_400_WORK_DETAIL_CACHE_PEEK_SAMPLE_TICKS	1
LIST_EXNEXT_400_WORK_DETAIL_BUFFER_ALLOC_CALLS	420
LIST_EXNEXT_400_WORK_DETAIL_BUFFER_ALLOC_SAMPLES	24
LIST_EXNEXT_400_WORK_DETAIL_BUFFER_ALLOC_SAMPLE_TICKS	63
LIST_EXNEXT_400_WORK_DETAIL_BUFFER_FREE_CALLS	420
LIST_EXNEXT_400_WORK_DETAIL_BUFFER_FREE_SAMPLES	24
LIST_EXNEXT_400_WORK_DETAIL_BUFFER_FREE_SAMPLE_TICKS	2
LIST_EXNEXT_400_WORK_DETAIL_EXALL_FILL_CALLS	0
LIST_EXNEXT_400_WORK_DETAIL_EXALL_FILL_SAMPLES	0
LIST_EXNEXT_400_WORK_DETAIL_EXALL_FILL_SAMPLE_TICKS	0
LIST_EXNEXT_400_WORK_FREESPACE_ALLOCS	0
LIST_EXNEXT_400_VOLUME_FLUSH_BIO_READS	0
LIST_EXNEXT_400_VOLUME_FLUSH_BIO_WRITES	0
LIST_EXNEXT_400_VOLUME_FLUSH_BIO_UPDATES	0
LIST_EXNEXT_400_VOLUME_FLUSH_DATA_READS	0
LIST_EXNEXT_400_VOLUME_FLUSH_DATA_WRITES	0
LIST_EXNEXT_400_VOLUME_FLUSH_NODE_WRITES	0
LIST_EXNEXT_400_VOLUME_FLUSH_TXN_COMMITS	0
LIST_EXNEXT_400_VOLUME_FLUSH_EXTENT_MAPS	0
LIST_EXNEXT_400_VOLUME_FLUSH_READ_TICKS	0
LIST_EXNEXT_400_VOLUME_FLUSH_WRITE_TICKS	0
LIST_EXNEXT_400_VOLUME_FLUSH_UPDATE_TICKS	0
LIST_EXNEXT_400_VOLUME_FLUSH_DATA_READ_TICKS	0
LIST_EXNEXT_400_VOLUME_FLUSH_DATA_WRITE_TICKS	0
LIST_EXNEXT_400_VOLUME_FLUSH_NODE_CRC_READ_CALLS	0
LIST_EXNEXT_400_VOLUME_FLUSH_NODE_CRC_READ_SAMPLES	0
LIST_EXNEXT_400_VOLUME_FLUSH_NODE_CRC_READ_SAMPLE_TICKS	0
LIST_EXNEXT_400_VOLUME_FLUSH_NODE_CRC_WRITE_CALLS	0
LIST_EXNEXT_400_VOLUME_FLUSH_NODE_CRC_WRITE_SAMPLES	0
LIST_EXNEXT_400_VOLUME_FLUSH_NODE_CRC_WRITE_SAMPLE_TICKS	0
LIST_EXNEXT_400_VOLUME_FLUSH_CLOCK_PAIR_TICKS	0
LIST_EXNEXT_400_VOLUME_FLUSH_PACKET_CALLS	0
LIST_EXNEXT_400_VOLUME_FLUSH_PACKET_SAMPLES	0
LIST_EXNEXT_400_VOLUME_FLUSH_PACKET_SAMPLE_TICKS	0
LIST_EXNEXT_400_VOLUME_FLUSH_PACKET_OPEN_CALLS	0
LIST_EXNEXT_400_VOLUME_FLUSH_PACKET_OPEN_SAMPLES	0
LIST_EXNEXT_400_VOLUME_FLUSH_PACKET_OPEN_SAMPLE_TICKS	0
LIST_EXNEXT_400_VOLUME_FLUSH_PACKET_READ_CALLS	0
LIST_EXNEXT_400_VOLUME_FLUSH_PACKET_READ_SAMPLES	0
LIST_EXNEXT_400_VOLUME_FLUSH_PACKET_READ_SAMPLE_TICKS	0
LIST_EXNEXT_400_VOLUME_FLUSH_PACKET_WRITE_CALLS	0
LIST_EXNEXT_400_VOLUME_FLUSH_PACKET_WRITE_SAMPLES	0
LIST_EXNEXT_400_VOLUME_FLUSH_PACKET_WRITE_SAMPLE_TICKS	0
LIST_EXNEXT_400_VOLUME_FLUSH_PACKET_END_CALLS	0
LIST_EXNEXT_400_VOLUME_FLUSH_PACKET_END_SAMPLES	0
LIST_EXNEXT_400_VOLUME_FLUSH_PACKET_END_SAMPLE_TICKS	0
LIST_EXNEXT_400_VOLUME_FLUSH_PACKET_DELETE_CALLS	0
LIST_EXNEXT_400_VOLUME_FLUSH_PACKET_DELETE_SAMPLES	0
LIST_EXNEXT_400_VOLUME_FLUSH_PACKET_DELETE_SAMPLE_TICKS	0
LIST_EXNEXT_400_VOLUME_FLUSH_PACKET_FLUSH_CALLS	0
LIST_EXNEXT_400_VOLUME_FLUSH_PACKET_FLUSH_SAMPLES	0
LIST_EXNEXT_400_VOLUME_FLUSH_PACKET_FLUSH_SAMPLE_TICKS	0
LIST_EXNEXT_400_VOLUME_FLUSH_PACKET_OTHER_CALLS	0
LIST_EXNEXT_400_VOLUME_FLUSH_PACKET_OTHER_SAMPLES	0
LIST_EXNEXT_400_VOLUME_FLUSH_PACKET_OTHER_SAMPLE_TICKS	0
LIST_EXNEXT_400_VOLUME_FLUSH_CORE_CREATE_CALLS	0
LIST_EXNEXT_400_VOLUME_FLUSH_CORE_CREATE_SAMPLES	0
LIST_EXNEXT_400_VOLUME_FLUSH_CORE_CREATE_SAMPLE_TICKS	0
LIST_EXNEXT_400_VOLUME_FLUSH_CORE_DELETE_CALLS	0
LIST_EXNEXT_400_VOLUME_FLUSH_CORE_DELETE_SAMPLES	0
LIST_EXNEXT_400_VOLUME_FLUSH_CORE_DELETE_SAMPLE_TICKS	0
LIST_EXNEXT_400_VOLUME_FLUSH_CORE_FILE_WRITE_CALLS	0
LIST_EXNEXT_400_VOLUME_FLUSH_CORE_FILE_WRITE_SAMPLES	0
LIST_EXNEXT_400_VOLUME_FLUSH_CORE_FILE_WRITE_SAMPLE_TICKS	0
LIST_EXNEXT_400_VOLUME_FLUSH_CORE_SYNC_CALLS	0
LIST_EXNEXT_400_VOLUME_FLUSH_CORE_SYNC_SAMPLES	0
LIST_EXNEXT_400_VOLUME_FLUSH_CORE_SYNC_SAMPLE_TICKS	0
LIST_EXNEXT_400_VOLUME_FLUSH_IFACE_FREE_CALLS	0
LIST_EXNEXT_400_VOLUME_FLUSH_IFACE_FREE_SAMPLES	0
LIST_EXNEXT_400_VOLUME_FLUSH_IFACE_FREE_SAMPLE_TICKS	0
LIST_EXNEXT_400_VOLUME_FLUSH_SEAL_COMMIT_CALLS	0
LIST_EXNEXT_400_VOLUME_FLUSH_SEAL_COMMIT_SAMPLES	0
LIST_EXNEXT_400_VOLUME_FLUSH_SEAL_COMMIT_SAMPLE_TICKS	0
LIST_EXNEXT_400_VOLUME_FLUSH_INODE_READ_CALLS	0
LIST_EXNEXT_400_VOLUME_FLUSH_BTREE_SEARCH_CALLS	0
LIST_EXNEXT_400_VOLUME_FLUSH_BTREE_INDEX_HINT_HITS	0
LIST_EXNEXT_400_VOLUME_FLUSH_BTREE_LEAF_HINT_HITS	0
LIST_EXNEXT_400_VOLUME_FLUSH_CACHE_READ_CALLS	0
LIST_EXNEXT_400_VOLUME_FLUSH_CACHE_READ_HITS	0
LIST_EXNEXT_400_VOLUME_FLUSH_CACHE_READ_MISSES	0
LIST_EXNEXT_400_VOLUME_FLUSH_FREE_TREE_NODE_VIEWS	0
LIST_EXNEXT_400_VOLUME_FLUSH_FREE_TREE_RESIDENT_VIEWS	0
LIST_EXNEXT_400_VOLUME_FLUSH_DIR_TREE_NODE_VIEWS	0
LIST_EXNEXT_400_VOLUME_FLUSH_DIR_TREE_RESIDENT_VIEWS	0
LIST_EXNEXT_400_VOLUME_FLUSH_INODE_TREE_NODE_VIEWS	0
LIST_EXNEXT_400_VOLUME_FLUSH_INODE_TREE_RESIDENT_VIEWS	0
LIST_EXNEXT_400_VOLUME_FLUSH_REFCOUNT_TREE_NODE_VIEWS	0
LIST_EXNEXT_400_VOLUME_FLUSH_REFCOUNT_TREE_RESIDENT_VIEWS	0
LIST_EXNEXT_400_VOLUME_FLUSH_OTHER_TREE_NODE_VIEWS	0
LIST_EXNEXT_400_VOLUME_FLUSH_OTHER_TREE_RESIDENT_VIEWS	0
LIST_EXNEXT_400_VOLUME_FLUSH_WRITE_DETAIL_INODE_READ_CALLS	0
LIST_EXNEXT_400_VOLUME_FLUSH_WRITE_DETAIL_INODE_READ_SAMPLES	0
LIST_EXNEXT_400_VOLUME_FLUSH_WRITE_DETAIL_INODE_READ_SAMPLE_TICKS	0
LIST_EXNEXT_400_VOLUME_FLUSH_WRITE_DETAIL_INODE_WRITE_CALLS	0
LIST_EXNEXT_400_VOLUME_FLUSH_WRITE_DETAIL_INODE_WRITE_SAMPLES	0
LIST_EXNEXT_400_VOLUME_FLUSH_WRITE_DETAIL_INODE_WRITE_SAMPLE_TICKS	0
LIST_EXNEXT_400_VOLUME_FLUSH_WRITE_DETAIL_EXTENT_MAP_CALLS	0
LIST_EXNEXT_400_VOLUME_FLUSH_WRITE_DETAIL_EXTENT_MAP_SAMPLES	0
LIST_EXNEXT_400_VOLUME_FLUSH_WRITE_DETAIL_EXTENT_MAP_SAMPLE_TICKS	0
LIST_EXNEXT_400_VOLUME_FLUSH_WRITE_DETAIL_FREESPACE_GOAL_CALLS	0
LIST_EXNEXT_400_VOLUME_FLUSH_WRITE_DETAIL_FREESPACE_GOAL_SAMPLES	0
LIST_EXNEXT_400_VOLUME_FLUSH_WRITE_DETAIL_FREESPACE_GOAL_SAMPLE_TICKS	0
LIST_EXNEXT_400_VOLUME_FLUSH_BTREE_MALLOC_CALLS	0
LIST_EXNEXT_400_VOLUME_FLUSH_BTREE_MALLOC_SAMPLES	0
LIST_EXNEXT_400_VOLUME_FLUSH_BTREE_MALLOC_SAMPLE_TICKS	0
LIST_EXNEXT_400_VOLUME_FLUSH_BTREE_FREE_CALLS	0
LIST_EXNEXT_400_VOLUME_FLUSH_BTREE_FREE_SAMPLES	0
LIST_EXNEXT_400_VOLUME_FLUSH_BTREE_FREE_SAMPLE_TICKS	0
LIST_EXNEXT_400_VOLUME_FLUSH_IFACE_ALLOC_CALLS	0
LIST_EXNEXT_400_VOLUME_FLUSH_IFACE_ALLOC_SAMPLES	0
LIST_EXNEXT_400_VOLUME_FLUSH_IFACE_ALLOC_SAMPLE_TICKS	0
LIST_EXNEXT_400_VOLUME_FLUSH_FREESPACE_ALLOC_CALLS	0
LIST_EXNEXT_400_VOLUME_FLUSH_FREESPACE_ALLOC_SAMPLES	0
LIST_EXNEXT_400_VOLUME_FLUSH_FREESPACE_ALLOC_SAMPLE_TICKS	0
LIST_EXNEXT_400_VOLUME_FLUSH_DETAIL_INODE_READ_CALLS	0
LIST_EXNEXT_400_VOLUME_FLUSH_DETAIL_INODE_READ_SAMPLES	0
LIST_EXNEXT_400_VOLUME_FLUSH_DETAIL_INODE_READ_SAMPLE_TICKS	0
LIST_EXNEXT_400_VOLUME_FLUSH_DETAIL_INODE_VALIDATE_CALLS	0
LIST_EXNEXT_400_VOLUME_FLUSH_DETAIL_INODE_VALIDATE_SAMPLES	0
LIST_EXNEXT_400_VOLUME_FLUSH_DETAIL_INODE_VALIDATE_SAMPLE_TICKS	0
LIST_EXNEXT_400_VOLUME_FLUSH_DETAIL_INODE_SEARCH_CALLS	0
LIST_EXNEXT_400_VOLUME_FLUSH_DETAIL_INODE_SEARCH_SAMPLES	0
LIST_EXNEXT_400_VOLUME_FLUSH_DETAIL_INODE_SEARCH_SAMPLE_TICKS	0
LIST_EXNEXT_400_VOLUME_FLUSH_DETAIL_INODE_NODE_VIEW_CALLS	0
LIST_EXNEXT_400_VOLUME_FLUSH_DETAIL_INODE_NODE_VIEW_SAMPLES	0
LIST_EXNEXT_400_VOLUME_FLUSH_DETAIL_INODE_NODE_VIEW_SAMPLE_TICKS	0
LIST_EXNEXT_400_VOLUME_FLUSH_DETAIL_DIR_NODE_VIEW_CALLS	0
LIST_EXNEXT_400_VOLUME_FLUSH_DETAIL_DIR_NODE_VIEW_SAMPLES	0
LIST_EXNEXT_400_VOLUME_FLUSH_DETAIL_DIR_NODE_VIEW_SAMPLE_TICKS	0
LIST_EXNEXT_400_VOLUME_FLUSH_DETAIL_INODE_BINARY_SEARCH_CALLS	0
LIST_EXNEXT_400_VOLUME_FLUSH_DETAIL_INODE_BINARY_SEARCH_SAMPLES	0
LIST_EXNEXT_400_VOLUME_FLUSH_DETAIL_INODE_BINARY_SEARCH_SAMPLE_TICKS	0
LIST_EXNEXT_400_VOLUME_FLUSH_DETAIL_DIR_BINARY_SEARCH_CALLS	0
LIST_EXNEXT_400_VOLUME_FLUSH_DETAIL_DIR_BINARY_SEARCH_SAMPLES	0
LIST_EXNEXT_400_VOLUME_FLUSH_DETAIL_DIR_BINARY_SEARCH_SAMPLE_TICKS	0
LIST_EXNEXT_400_VOLUME_FLUSH_DETAIL_NODE_STRUCTURE_CALLS	0
LIST_EXNEXT_400_VOLUME_FLUSH_DETAIL_NODE_STRUCTURE_SAMPLES	0
LIST_EXNEXT_400_VOLUME_FLUSH_DETAIL_NODE_STRUCTURE_SAMPLE_TICKS	0
LIST_EXNEXT_400_VOLUME_FLUSH_DETAIL_CACHE_PEEK_CALLS	0
LIST_EXNEXT_400_VOLUME_FLUSH_DETAIL_CACHE_PEEK_SAMPLES	0
LIST_EXNEXT_400_VOLUME_FLUSH_DETAIL_CACHE_PEEK_SAMPLE_TICKS	0
LIST_EXNEXT_400_VOLUME_FLUSH_DETAIL_BUFFER_ALLOC_CALLS	0
LIST_EXNEXT_400_VOLUME_FLUSH_DETAIL_BUFFER_ALLOC_SAMPLES	0
LIST_EXNEXT_400_VOLUME_FLUSH_DETAIL_BUFFER_ALLOC_SAMPLE_TICKS	0
LIST_EXNEXT_400_VOLUME_FLUSH_DETAIL_BUFFER_FREE_CALLS	0
LIST_EXNEXT_400_VOLUME_FLUSH_DETAIL_BUFFER_FREE_SAMPLES	0
LIST_EXNEXT_400_VOLUME_FLUSH_DETAIL_BUFFER_FREE_SAMPLE_TICKS	0
LIST_EXNEXT_400_VOLUME_FLUSH_DETAIL_EXALL_FILL_CALLS	0
LIST_EXNEXT_400_VOLUME_FLUSH_DETAIL_EXALL_FILL_SAMPLES	0
LIST_EXNEXT_400_VOLUME_FLUSH_DETAIL_EXALL_FILL_SAMPLE_TICKS	0
LIST_EXNEXT_400_VOLUME_FLUSH_FREESPACE_ALLOCS	0
LIST_EXALL_400_US	14016
LIST_EXALL_400_WORK_US	14016
LIST_EXALL_400_VOLUME_FLUSH_US	0
LIST_EXALL_400_HAS_VOLUME_FLUSH	0
LIST_EXALL_400_GUEST_OPEN_CALLS	0
LIST_EXALL_400_GUEST_OPEN_US	0
LIST_EXALL_400_GUEST_READ_CALLS	0
LIST_EXALL_400_GUEST_READ_US	0
LIST_EXALL_400_GUEST_WRITE_CALLS	0
LIST_EXALL_400_GUEST_WRITE_US	0
LIST_EXALL_400_GUEST_HANDLE_FLUSH_CALLS	0
LIST_EXALL_400_GUEST_HANDLE_FLUSH_US	0
LIST_EXALL_400_GUEST_CLOSE_CALLS	0
LIST_EXALL_400_GUEST_CLOSE_US	0
LIST_EXALL_400_GUEST_VERIFY_CALLS	0
LIST_EXALL_400_GUEST_VERIFY_US	0
LIST_EXALL_400_WORK_BIO_READS	0
LIST_EXALL_400_WORK_BIO_WRITES	0
LIST_EXALL_400_WORK_BIO_UPDATES	0
LIST_EXALL_400_WORK_DATA_READS	0
LIST_EXALL_400_WORK_DATA_WRITES	0
LIST_EXALL_400_WORK_NODE_WRITES	0
LIST_EXALL_400_WORK_TXN_COMMITS	0
LIST_EXALL_400_WORK_EXTENT_MAPS	0
LIST_EXALL_400_WORK_READ_TICKS	0
LIST_EXALL_400_WORK_WRITE_TICKS	0
LIST_EXALL_400_WORK_UPDATE_TICKS	0
LIST_EXALL_400_WORK_DATA_READ_TICKS	0
LIST_EXALL_400_WORK_DATA_WRITE_TICKS	0
LIST_EXALL_400_WORK_NODE_CRC_READ_CALLS	0
LIST_EXALL_400_WORK_NODE_CRC_READ_SAMPLES	0
LIST_EXALL_400_WORK_NODE_CRC_READ_SAMPLE_TICKS	0
LIST_EXALL_400_WORK_NODE_CRC_WRITE_CALLS	0
LIST_EXALL_400_WORK_NODE_CRC_WRITE_SAMPLES	0
LIST_EXALL_400_WORK_NODE_CRC_WRITE_SAMPLE_TICKS	0
LIST_EXALL_400_WORK_CLOCK_PAIR_TICKS	1
LIST_EXALL_400_WORK_PACKET_CALLS	12
LIST_EXALL_400_WORK_PACKET_SAMPLES	12
LIST_EXALL_400_WORK_PACKET_SAMPLE_TICKS	9355
LIST_EXALL_400_WORK_PACKET_OPEN_CALLS	0
LIST_EXALL_400_WORK_PACKET_OPEN_SAMPLES	0
LIST_EXALL_400_WORK_PACKET_OPEN_SAMPLE_TICKS	0
LIST_EXALL_400_WORK_PACKET_READ_CALLS	0
LIST_EXALL_400_WORK_PACKET_READ_SAMPLES	0
LIST_EXALL_400_WORK_PACKET_READ_SAMPLE_TICKS	0
LIST_EXALL_400_WORK_PACKET_WRITE_CALLS	0
LIST_EXALL_400_WORK_PACKET_WRITE_SAMPLES	0
LIST_EXALL_400_WORK_PACKET_WRITE_SAMPLE_TICKS	0
LIST_EXALL_400_WORK_PACKET_END_CALLS	0
LIST_EXALL_400_WORK_PACKET_END_SAMPLES	0
LIST_EXALL_400_WORK_PACKET_END_SAMPLE_TICKS	0
LIST_EXALL_400_WORK_PACKET_DELETE_CALLS	0
LIST_EXALL_400_WORK_PACKET_DELETE_SAMPLES	0
LIST_EXALL_400_WORK_PACKET_DELETE_SAMPLE_TICKS	0
LIST_EXALL_400_WORK_PACKET_FLUSH_CALLS	0
LIST_EXALL_400_WORK_PACKET_FLUSH_SAMPLES	0
LIST_EXALL_400_WORK_PACKET_FLUSH_SAMPLE_TICKS	0
LIST_EXALL_400_WORK_PACKET_OTHER_CALLS	12
LIST_EXALL_400_WORK_PACKET_OTHER_SAMPLES	12
LIST_EXALL_400_WORK_PACKET_OTHER_SAMPLE_TICKS	9355
LIST_EXALL_400_WORK_CORE_CREATE_CALLS	0
LIST_EXALL_400_WORK_CORE_CREATE_SAMPLES	0
LIST_EXALL_400_WORK_CORE_CREATE_SAMPLE_TICKS	0
LIST_EXALL_400_WORK_CORE_DELETE_CALLS	0
LIST_EXALL_400_WORK_CORE_DELETE_SAMPLES	0
LIST_EXALL_400_WORK_CORE_DELETE_SAMPLE_TICKS	0
LIST_EXALL_400_WORK_CORE_FILE_WRITE_CALLS	0
LIST_EXALL_400_WORK_CORE_FILE_WRITE_SAMPLES	0
LIST_EXALL_400_WORK_CORE_FILE_WRITE_SAMPLE_TICKS	0
LIST_EXALL_400_WORK_CORE_SYNC_CALLS	0
LIST_EXALL_400_WORK_CORE_SYNC_SAMPLES	0
LIST_EXALL_400_WORK_CORE_SYNC_SAMPLE_TICKS	0
LIST_EXALL_400_WORK_IFACE_FREE_CALLS	0
LIST_EXALL_400_WORK_IFACE_FREE_SAMPLES	0
LIST_EXALL_400_WORK_IFACE_FREE_SAMPLE_TICKS	0
LIST_EXALL_400_WORK_SEAL_COMMIT_CALLS	0
LIST_EXALL_400_WORK_SEAL_COMMIT_SAMPLES	0
LIST_EXALL_400_WORK_SEAL_COMMIT_SAMPLE_TICKS	0
LIST_EXALL_400_WORK_INODE_READ_CALLS	400
LIST_EXALL_400_WORK_BTREE_SEARCH_CALLS	321
LIST_EXALL_400_WORK_BTREE_INDEX_HINT_HITS	0
LIST_EXALL_400_WORK_BTREE_LEAF_HINT_HITS	11
LIST_EXALL_400_WORK_CACHE_READ_CALLS	0
LIST_EXALL_400_WORK_CACHE_READ_HITS	0
LIST_EXALL_400_WORK_CACHE_READ_MISSES	0
LIST_EXALL_400_WORK_FREE_TREE_NODE_VIEWS	0
LIST_EXALL_400_WORK_FREE_TREE_RESIDENT_VIEWS	0
LIST_EXALL_400_WORK_DIR_TREE_NODE_VIEWS	1
LIST_EXALL_400_WORK_DIR_TREE_RESIDENT_VIEWS	1
LIST_EXALL_400_WORK_INODE_TREE_NODE_VIEWS	0
LIST_EXALL_400_WORK_INODE_TREE_RESIDENT_VIEWS	0
LIST_EXALL_400_WORK_REFCOUNT_TREE_NODE_VIEWS	0
LIST_EXALL_400_WORK_REFCOUNT_TREE_RESIDENT_VIEWS	0
LIST_EXALL_400_WORK_OTHER_TREE_NODE_VIEWS	0
LIST_EXALL_400_WORK_OTHER_TREE_RESIDENT_VIEWS	0
LIST_EXALL_400_WORK_WRITE_DETAIL_INODE_READ_CALLS	400
LIST_EXALL_400_WORK_WRITE_DETAIL_INODE_READ_SAMPLES	400
LIST_EXALL_400_WORK_WRITE_DETAIL_INODE_READ_SAMPLE_TICKS	2771
LIST_EXALL_400_WORK_WRITE_DETAIL_INODE_WRITE_CALLS	0
LIST_EXALL_400_WORK_WRITE_DETAIL_INODE_WRITE_SAMPLES	0
LIST_EXALL_400_WORK_WRITE_DETAIL_INODE_WRITE_SAMPLE_TICKS	0
LIST_EXALL_400_WORK_WRITE_DETAIL_EXTENT_MAP_CALLS	0
LIST_EXALL_400_WORK_WRITE_DETAIL_EXTENT_MAP_SAMPLES	0
LIST_EXALL_400_WORK_WRITE_DETAIL_EXTENT_MAP_SAMPLE_TICKS	0
LIST_EXALL_400_WORK_WRITE_DETAIL_FREESPACE_GOAL_CALLS	0
LIST_EXALL_400_WORK_WRITE_DETAIL_FREESPACE_GOAL_SAMPLES	0
LIST_EXALL_400_WORK_WRITE_DETAIL_FREESPACE_GOAL_SAMPLE_TICKS	0
LIST_EXALL_400_WORK_BTREE_MALLOC_CALLS	1
LIST_EXALL_400_WORK_BTREE_MALLOC_SAMPLES	1
LIST_EXALL_400_WORK_BTREE_MALLOC_SAMPLE_TICKS	0
LIST_EXALL_400_WORK_BTREE_FREE_CALLS	11
LIST_EXALL_400_WORK_BTREE_FREE_SAMPLES	11
LIST_EXALL_400_WORK_BTREE_FREE_SAMPLE_TICKS	77
LIST_EXALL_400_WORK_IFACE_ALLOC_CALLS	0
LIST_EXALL_400_WORK_IFACE_ALLOC_SAMPLES	0
LIST_EXALL_400_WORK_IFACE_ALLOC_SAMPLE_TICKS	0
LIST_EXALL_400_WORK_FREESPACE_ALLOC_CALLS	0
LIST_EXALL_400_WORK_FREESPACE_ALLOC_SAMPLES	0
LIST_EXALL_400_WORK_FREESPACE_ALLOC_SAMPLE_TICKS	0
LIST_EXALL_400_WORK_DETAIL_INODE_READ_CALLS	400
LIST_EXALL_400_WORK_DETAIL_INODE_READ_SAMPLES	23
LIST_EXALL_400_WORK_DETAIL_INODE_READ_SAMPLE_TICKS	193
LIST_EXALL_400_WORK_DETAIL_INODE_VALIDATE_CALLS	400
LIST_EXALL_400_WORK_DETAIL_INODE_VALIDATE_SAMPLES	23
LIST_EXALL_400_WORK_DETAIL_INODE_VALIDATE_SAMPLE_TICKS	54
LIST_EXALL_400_WORK_DETAIL_INODE_SEARCH_CALLS	320
LIST_EXALL_400_WORK_DETAIL_INODE_SEARCH_SAMPLES	18
LIST_EXALL_400_WORK_DETAIL_INODE_SEARCH_SAMPLE_TICKS	46
LIST_EXALL_400_WORK_DETAIL_INODE_NODE_VIEW_CALLS	0
LIST_EXALL_400_WORK_DETAIL_INODE_NODE_VIEW_SAMPLES	0
LIST_EXALL_400_WORK_DETAIL_INODE_NODE_VIEW_SAMPLE_TICKS	0
LIST_EXALL_400_WORK_DETAIL_DIR_NODE_VIEW_CALLS	1
LIST_EXALL_400_WORK_DETAIL_DIR_NODE_VIEW_SAMPLES	0
LIST_EXALL_400_WORK_DETAIL_DIR_NODE_VIEW_SAMPLE_TICKS	0
LIST_EXALL_400_WORK_DETAIL_INODE_BINARY_SEARCH_CALLS	0
LIST_EXALL_400_WORK_DETAIL_INODE_BINARY_SEARCH_SAMPLES	0
LIST_EXALL_400_WORK_DETAIL_INODE_BINARY_SEARCH_SAMPLE_TICKS	0
LIST_EXALL_400_WORK_DETAIL_DIR_BINARY_SEARCH_CALLS	11
LIST_EXALL_400_WORK_DETAIL_DIR_BINARY_SEARCH_SAMPLES	0
LIST_EXALL_400_WORK_DETAIL_DIR_BINARY_SEARCH_SAMPLE_TICKS	0
LIST_EXALL_400_WORK_DETAIL_NODE_STRUCTURE_CALLS	0
LIST_EXALL_400_WORK_DETAIL_NODE_STRUCTURE_SAMPLES	0
LIST_EXALL_400_WORK_DETAIL_NODE_STRUCTURE_SAMPLE_TICKS	0
LIST_EXALL_400_WORK_DETAIL_CACHE_PEEK_CALLS	12
LIST_EXALL_400_WORK_DETAIL_CACHE_PEEK_SAMPLES	0
LIST_EXALL_400_WORK_DETAIL_CACHE_PEEK_SAMPLE_TICKS	0
LIST_EXALL_400_WORK_DETAIL_BUFFER_ALLOC_CALLS	20
LIST_EXALL_400_WORK_DETAIL_BUFFER_ALLOC_SAMPLES	1
LIST_EXALL_400_WORK_DETAIL_BUFFER_ALLOC_SAMPLE_TICKS	0
LIST_EXALL_400_WORK_DETAIL_BUFFER_FREE_CALLS	20
LIST_EXALL_400_WORK_DETAIL_BUFFER_FREE_SAMPLES	1
LIST_EXALL_400_WORK_DETAIL_BUFFER_FREE_SAMPLE_TICKS	0
LIST_EXALL_400_WORK_DETAIL_EXALL_FILL_CALLS	400
LIST_EXALL_400_WORK_DETAIL_EXALL_FILL_SAMPLES	23
LIST_EXALL_400_WORK_DETAIL_EXALL_FILL_SAMPLE_TICKS	115
LIST_EXALL_400_WORK_FREESPACE_ALLOCS	0
LIST_EXALL_400_VOLUME_FLUSH_BIO_READS	0
LIST_EXALL_400_VOLUME_FLUSH_BIO_WRITES	0
LIST_EXALL_400_VOLUME_FLUSH_BIO_UPDATES	0
LIST_EXALL_400_VOLUME_FLUSH_DATA_READS	0
LIST_EXALL_400_VOLUME_FLUSH_DATA_WRITES	0
LIST_EXALL_400_VOLUME_FLUSH_NODE_WRITES	0
LIST_EXALL_400_VOLUME_FLUSH_TXN_COMMITS	0
LIST_EXALL_400_VOLUME_FLUSH_EXTENT_MAPS	0
LIST_EXALL_400_VOLUME_FLUSH_READ_TICKS	0
LIST_EXALL_400_VOLUME_FLUSH_WRITE_TICKS	0
LIST_EXALL_400_VOLUME_FLUSH_UPDATE_TICKS	0
LIST_EXALL_400_VOLUME_FLUSH_DATA_READ_TICKS	0
LIST_EXALL_400_VOLUME_FLUSH_DATA_WRITE_TICKS	0
LIST_EXALL_400_VOLUME_FLUSH_NODE_CRC_READ_CALLS	0
LIST_EXALL_400_VOLUME_FLUSH_NODE_CRC_READ_SAMPLES	0
LIST_EXALL_400_VOLUME_FLUSH_NODE_CRC_READ_SAMPLE_TICKS	0
LIST_EXALL_400_VOLUME_FLUSH_NODE_CRC_WRITE_CALLS	0
LIST_EXALL_400_VOLUME_FLUSH_NODE_CRC_WRITE_SAMPLES	0
LIST_EXALL_400_VOLUME_FLUSH_NODE_CRC_WRITE_SAMPLE_TICKS	0
LIST_EXALL_400_VOLUME_FLUSH_CLOCK_PAIR_TICKS	0
LIST_EXALL_400_VOLUME_FLUSH_PACKET_CALLS	0
LIST_EXALL_400_VOLUME_FLUSH_PACKET_SAMPLES	0
LIST_EXALL_400_VOLUME_FLUSH_PACKET_SAMPLE_TICKS	0
LIST_EXALL_400_VOLUME_FLUSH_PACKET_OPEN_CALLS	0
LIST_EXALL_400_VOLUME_FLUSH_PACKET_OPEN_SAMPLES	0
LIST_EXALL_400_VOLUME_FLUSH_PACKET_OPEN_SAMPLE_TICKS	0
LIST_EXALL_400_VOLUME_FLUSH_PACKET_READ_CALLS	0
LIST_EXALL_400_VOLUME_FLUSH_PACKET_READ_SAMPLES	0
LIST_EXALL_400_VOLUME_FLUSH_PACKET_READ_SAMPLE_TICKS	0
LIST_EXALL_400_VOLUME_FLUSH_PACKET_WRITE_CALLS	0
LIST_EXALL_400_VOLUME_FLUSH_PACKET_WRITE_SAMPLES	0
LIST_EXALL_400_VOLUME_FLUSH_PACKET_WRITE_SAMPLE_TICKS	0
LIST_EXALL_400_VOLUME_FLUSH_PACKET_END_CALLS	0
LIST_EXALL_400_VOLUME_FLUSH_PACKET_END_SAMPLES	0
LIST_EXALL_400_VOLUME_FLUSH_PACKET_END_SAMPLE_TICKS	0
LIST_EXALL_400_VOLUME_FLUSH_PACKET_DELETE_CALLS	0
LIST_EXALL_400_VOLUME_FLUSH_PACKET_DELETE_SAMPLES	0
LIST_EXALL_400_VOLUME_FLUSH_PACKET_DELETE_SAMPLE_TICKS	0
LIST_EXALL_400_VOLUME_FLUSH_PACKET_FLUSH_CALLS	0
LIST_EXALL_400_VOLUME_FLUSH_PACKET_FLUSH_SAMPLES	0
LIST_EXALL_400_VOLUME_FLUSH_PACKET_FLUSH_SAMPLE_TICKS	0
LIST_EXALL_400_VOLUME_FLUSH_PACKET_OTHER_CALLS	0
LIST_EXALL_400_VOLUME_FLUSH_PACKET_OTHER_SAMPLES	0
LIST_EXALL_400_VOLUME_FLUSH_PACKET_OTHER_SAMPLE_TICKS	0
LIST_EXALL_400_VOLUME_FLUSH_CORE_CREATE_CALLS	0
LIST_EXALL_400_VOLUME_FLUSH_CORE_CREATE_SAMPLES	0
LIST_EXALL_400_VOLUME_FLUSH_CORE_CREATE_SAMPLE_TICKS	0
LIST_EXALL_400_VOLUME_FLUSH_CORE_DELETE_CALLS	0
LIST_EXALL_400_VOLUME_FLUSH_CORE_DELETE_SAMPLES	0
LIST_EXALL_400_VOLUME_FLUSH_CORE_DELETE_SAMPLE_TICKS	0
LIST_EXALL_400_VOLUME_FLUSH_CORE_FILE_WRITE_CALLS	0
LIST_EXALL_400_VOLUME_FLUSH_CORE_FILE_WRITE_SAMPLES	0
LIST_EXALL_400_VOLUME_FLUSH_CORE_FILE_WRITE_SAMPLE_TICKS	0
LIST_EXALL_400_VOLUME_FLUSH_CORE_SYNC_CALLS	0
LIST_EXALL_400_VOLUME_FLUSH_CORE_SYNC_SAMPLES	0
LIST_EXALL_400_VOLUME_FLUSH_CORE_SYNC_SAMPLE_TICKS	0
LIST_EXALL_400_VOLUME_FLUSH_IFACE_FREE_CALLS	0
LIST_EXALL_400_VOLUME_FLUSH_IFACE_FREE_SAMPLES	0
LIST_EXALL_400_VOLUME_FLUSH_IFACE_FREE_SAMPLE_TICKS	0
LIST_EXALL_400_VOLUME_FLUSH_SEAL_COMMIT_CALLS	0
LIST_EXALL_400_VOLUME_FLUSH_SEAL_COMMIT_SAMPLES	0
LIST_EXALL_400_VOLUME_FLUSH_SEAL_COMMIT_SAMPLE_TICKS	0
LIST_EXALL_400_VOLUME_FLUSH_INODE_READ_CALLS	0
LIST_EXALL_400_VOLUME_FLUSH_BTREE_SEARCH_CALLS	0
LIST_EXALL_400_VOLUME_FLUSH_BTREE_INDEX_HINT_HITS	0
LIST_EXALL_400_VOLUME_FLUSH_BTREE_LEAF_HINT_HITS	0
LIST_EXALL_400_VOLUME_FLUSH_CACHE_READ_CALLS	0
LIST_EXALL_400_VOLUME_FLUSH_CACHE_READ_HITS	0
LIST_EXALL_400_VOLUME_FLUSH_CACHE_READ_MISSES	0
LIST_EXALL_400_VOLUME_FLUSH_FREE_TREE_NODE_VIEWS	0
LIST_EXALL_400_VOLUME_FLUSH_FREE_TREE_RESIDENT_VIEWS	0
LIST_EXALL_400_VOLUME_FLUSH_DIR_TREE_NODE_VIEWS	0
LIST_EXALL_400_VOLUME_FLUSH_DIR_TREE_RESIDENT_VIEWS	0
LIST_EXALL_400_VOLUME_FLUSH_INODE_TREE_NODE_VIEWS	0
LIST_EXALL_400_VOLUME_FLUSH_INODE_TREE_RESIDENT_VIEWS	0
LIST_EXALL_400_VOLUME_FLUSH_REFCOUNT_TREE_NODE_VIEWS	0
LIST_EXALL_400_VOLUME_FLUSH_REFCOUNT_TREE_RESIDENT_VIEWS	0
LIST_EXALL_400_VOLUME_FLUSH_OTHER_TREE_NODE_VIEWS	0
LIST_EXALL_400_VOLUME_FLUSH_OTHER_TREE_RESIDENT_VIEWS	0
LIST_EXALL_400_VOLUME_FLUSH_WRITE_DETAIL_INODE_READ_CALLS	0
LIST_EXALL_400_VOLUME_FLUSH_WRITE_DETAIL_INODE_READ_SAMPLES	0
LIST_EXALL_400_VOLUME_FLUSH_WRITE_DETAIL_INODE_READ_SAMPLE_TICKS	0
LIST_EXALL_400_VOLUME_FLUSH_WRITE_DETAIL_INODE_WRITE_CALLS	0
LIST_EXALL_400_VOLUME_FLUSH_WRITE_DETAIL_INODE_WRITE_SAMPLES	0
LIST_EXALL_400_VOLUME_FLUSH_WRITE_DETAIL_INODE_WRITE_SAMPLE_TICKS	0
LIST_EXALL_400_VOLUME_FLUSH_WRITE_DETAIL_EXTENT_MAP_CALLS	0
LIST_EXALL_400_VOLUME_FLUSH_WRITE_DETAIL_EXTENT_MAP_SAMPLES	0
LIST_EXALL_400_VOLUME_FLUSH_WRITE_DETAIL_EXTENT_MAP_SAMPLE_TICKS	0
LIST_EXALL_400_VOLUME_FLUSH_WRITE_DETAIL_FREESPACE_GOAL_CALLS	0
LIST_EXALL_400_VOLUME_FLUSH_WRITE_DETAIL_FREESPACE_GOAL_SAMPLES	0
LIST_EXALL_400_VOLUME_FLUSH_WRITE_DETAIL_FREESPACE_GOAL_SAMPLE_TICKS	0
LIST_EXALL_400_VOLUME_FLUSH_BTREE_MALLOC_CALLS	0
LIST_EXALL_400_VOLUME_FLUSH_BTREE_MALLOC_SAMPLES	0
LIST_EXALL_400_VOLUME_FLUSH_BTREE_MALLOC_SAMPLE_TICKS	0
LIST_EXALL_400_VOLUME_FLUSH_BTREE_FREE_CALLS	0
LIST_EXALL_400_VOLUME_FLUSH_BTREE_FREE_SAMPLES	0
LIST_EXALL_400_VOLUME_FLUSH_BTREE_FREE_SAMPLE_TICKS	0
LIST_EXALL_400_VOLUME_FLUSH_IFACE_ALLOC_CALLS	0
LIST_EXALL_400_VOLUME_FLUSH_IFACE_ALLOC_SAMPLES	0
LIST_EXALL_400_VOLUME_FLUSH_IFACE_ALLOC_SAMPLE_TICKS	0
LIST_EXALL_400_VOLUME_FLUSH_FREESPACE_ALLOC_CALLS	0
LIST_EXALL_400_VOLUME_FLUSH_FREESPACE_ALLOC_SAMPLES	0
LIST_EXALL_400_VOLUME_FLUSH_FREESPACE_ALLOC_SAMPLE_TICKS	0
LIST_EXALL_400_VOLUME_FLUSH_DETAIL_INODE_READ_CALLS	0
LIST_EXALL_400_VOLUME_FLUSH_DETAIL_INODE_READ_SAMPLES	0
LIST_EXALL_400_VOLUME_FLUSH_DETAIL_INODE_READ_SAMPLE_TICKS	0
LIST_EXALL_400_VOLUME_FLUSH_DETAIL_INODE_VALIDATE_CALLS	0
LIST_EXALL_400_VOLUME_FLUSH_DETAIL_INODE_VALIDATE_SAMPLES	0
LIST_EXALL_400_VOLUME_FLUSH_DETAIL_INODE_VALIDATE_SAMPLE_TICKS	0
LIST_EXALL_400_VOLUME_FLUSH_DETAIL_INODE_SEARCH_CALLS	0
LIST_EXALL_400_VOLUME_FLUSH_DETAIL_INODE_SEARCH_SAMPLES	0
LIST_EXALL_400_VOLUME_FLUSH_DETAIL_INODE_SEARCH_SAMPLE_TICKS	0
LIST_EXALL_400_VOLUME_FLUSH_DETAIL_INODE_NODE_VIEW_CALLS	0
LIST_EXALL_400_VOLUME_FLUSH_DETAIL_INODE_NODE_VIEW_SAMPLES	0
LIST_EXALL_400_VOLUME_FLUSH_DETAIL_INODE_NODE_VIEW_SAMPLE_TICKS	0
LIST_EXALL_400_VOLUME_FLUSH_DETAIL_DIR_NODE_VIEW_CALLS	0
LIST_EXALL_400_VOLUME_FLUSH_DETAIL_DIR_NODE_VIEW_SAMPLES	0
LIST_EXALL_400_VOLUME_FLUSH_DETAIL_DIR_NODE_VIEW_SAMPLE_TICKS	0
LIST_EXALL_400_VOLUME_FLUSH_DETAIL_INODE_BINARY_SEARCH_CALLS	0
LIST_EXALL_400_VOLUME_FLUSH_DETAIL_INODE_BINARY_SEARCH_SAMPLES	0
LIST_EXALL_400_VOLUME_FLUSH_DETAIL_INODE_BINARY_SEARCH_SAMPLE_TICKS	0
LIST_EXALL_400_VOLUME_FLUSH_DETAIL_DIR_BINARY_SEARCH_CALLS	0
LIST_EXALL_400_VOLUME_FLUSH_DETAIL_DIR_BINARY_SEARCH_SAMPLES	0
LIST_EXALL_400_VOLUME_FLUSH_DETAIL_DIR_BINARY_SEARCH_SAMPLE_TICKS	0
LIST_EXALL_400_VOLUME_FLUSH_DETAIL_NODE_STRUCTURE_CALLS	0
LIST_EXALL_400_VOLUME_FLUSH_DETAIL_NODE_STRUCTURE_SAMPLES	0
LIST_EXALL_400_VOLUME_FLUSH_DETAIL_NODE_STRUCTURE_SAMPLE_TICKS	0
LIST_EXALL_400_VOLUME_FLUSH_DETAIL_CACHE_PEEK_CALLS	0
LIST_EXALL_400_VOLUME_FLUSH_DETAIL_CACHE_PEEK_SAMPLES	0
LIST_EXALL_400_VOLUME_FLUSH_DETAIL_CACHE_PEEK_SAMPLE_TICKS	0
LIST_EXALL_400_VOLUME_FLUSH_DETAIL_BUFFER_ALLOC_CALLS	0
LIST_EXALL_400_VOLUME_FLUSH_DETAIL_BUFFER_ALLOC_SAMPLES	0
LIST_EXALL_400_VOLUME_FLUSH_DETAIL_BUFFER_ALLOC_SAMPLE_TICKS	0
LIST_EXALL_400_VOLUME_FLUSH_DETAIL_BUFFER_FREE_CALLS	0
LIST_EXALL_400_VOLUME_FLUSH_DETAIL_BUFFER_FREE_SAMPLES	0
LIST_EXALL_400_VOLUME_FLUSH_DETAIL_BUFFER_FREE_SAMPLE_TICKS	0
LIST_EXALL_400_VOLUME_FLUSH_DETAIL_EXALL_FILL_CALLS	0
LIST_EXALL_400_VOLUME_FLUSH_DETAIL_EXALL_FILL_SAMPLES	0
LIST_EXALL_400_VOLUME_FLUSH_DETAIL_EXALL_FILL_SAMPLE_TICKS	0
LIST_EXALL_400_VOLUME_FLUSH_FREESPACE_ALLOCS	0
SEQ_WRITE_8M_US	44223
SEQ_WRITE_8M_WORK_US	44223
SEQ_WRITE_8M_VOLUME_FLUSH_US	0
SEQ_WRITE_8M_HAS_VOLUME_FLUSH	0
SEQ_WRITE_8M_GUEST_OPEN_CALLS	1
SEQ_WRITE_8M_GUEST_OPEN_US	643
SEQ_WRITE_8M_GUEST_READ_CALLS	0
SEQ_WRITE_8M_GUEST_READ_US	0
SEQ_WRITE_8M_GUEST_WRITE_CALLS	128
SEQ_WRITE_8M_GUEST_WRITE_US	42161
SEQ_WRITE_8M_GUEST_HANDLE_FLUSH_CALLS	1
SEQ_WRITE_8M_GUEST_HANDLE_FLUSH_US	0
SEQ_WRITE_8M_GUEST_CLOSE_CALLS	1
SEQ_WRITE_8M_GUEST_CLOSE_US	64
SEQ_WRITE_8M_GUEST_VERIFY_CALLS	0
SEQ_WRITE_8M_GUEST_VERIFY_US	0
SEQ_WRITE_8M_WORK_BIO_READS	0
SEQ_WRITE_8M_WORK_BIO_WRITES	128
SEQ_WRITE_8M_WORK_BIO_UPDATES	0
SEQ_WRITE_8M_WORK_DATA_READS	0
SEQ_WRITE_8M_WORK_DATA_WRITES	128
SEQ_WRITE_8M_WORK_NODE_WRITES	0
SEQ_WRITE_8M_WORK_TXN_COMMITS	0
SEQ_WRITE_8M_WORK_EXTENT_MAPS	128
SEQ_WRITE_8M_WORK_READ_TICKS	0
SEQ_WRITE_8M_WORK_WRITE_TICKS	7608
SEQ_WRITE_8M_WORK_UPDATE_TICKS	0
SEQ_WRITE_8M_WORK_DATA_READ_TICKS	0
SEQ_WRITE_8M_WORK_DATA_WRITE_TICKS	7608
SEQ_WRITE_8M_WORK_NODE_CRC_READ_CALLS	0
SEQ_WRITE_8M_WORK_NODE_CRC_READ_SAMPLES	0
SEQ_WRITE_8M_WORK_NODE_CRC_READ_SAMPLE_TICKS	0
SEQ_WRITE_8M_WORK_NODE_CRC_WRITE_CALLS	0
SEQ_WRITE_8M_WORK_NODE_CRC_WRITE_SAMPLES	0
SEQ_WRITE_8M_WORK_NODE_CRC_WRITE_SAMPLE_TICKS	0
SEQ_WRITE_8M_WORK_CLOCK_PAIR_TICKS	1
SEQ_WRITE_8M_WORK_PACKET_CALLS	130
SEQ_WRITE_8M_WORK_PACKET_SAMPLES	130
SEQ_WRITE_8M_WORK_PACKET_SAMPLE_TICKS	28007
SEQ_WRITE_8M_WORK_PACKET_OPEN_CALLS	1
SEQ_WRITE_8M_WORK_PACKET_OPEN_SAMPLES	1
SEQ_WRITE_8M_WORK_PACKET_OPEN_SAMPLE_TICKS	364
SEQ_WRITE_8M_WORK_PACKET_READ_CALLS	0
SEQ_WRITE_8M_WORK_PACKET_READ_SAMPLES	0
SEQ_WRITE_8M_WORK_PACKET_READ_SAMPLE_TICKS	0
SEQ_WRITE_8M_WORK_PACKET_WRITE_CALLS	128
SEQ_WRITE_8M_WORK_PACKET_WRITE_SAMPLES	128
SEQ_WRITE_8M_WORK_PACKET_WRITE_SAMPLE_TICKS	27643
SEQ_WRITE_8M_WORK_PACKET_END_CALLS	1
SEQ_WRITE_8M_WORK_PACKET_END_SAMPLES	1
SEQ_WRITE_8M_WORK_PACKET_END_SAMPLE_TICKS	0
SEQ_WRITE_8M_WORK_PACKET_DELETE_CALLS	0
SEQ_WRITE_8M_WORK_PACKET_DELETE_SAMPLES	0
SEQ_WRITE_8M_WORK_PACKET_DELETE_SAMPLE_TICKS	0
SEQ_WRITE_8M_WORK_PACKET_FLUSH_CALLS	0
SEQ_WRITE_8M_WORK_PACKET_FLUSH_SAMPLES	0
SEQ_WRITE_8M_WORK_PACKET_FLUSH_SAMPLE_TICKS	0
SEQ_WRITE_8M_WORK_PACKET_OTHER_CALLS	0
SEQ_WRITE_8M_WORK_PACKET_OTHER_SAMPLES	0
SEQ_WRITE_8M_WORK_PACKET_OTHER_SAMPLE_TICKS	0
SEQ_WRITE_8M_WORK_CORE_CREATE_CALLS	1
SEQ_WRITE_8M_WORK_CORE_CREATE_SAMPLES	1
SEQ_WRITE_8M_WORK_CORE_CREATE_SAMPLE_TICKS	227
SEQ_WRITE_8M_WORK_CORE_DELETE_CALLS	0
SEQ_WRITE_8M_WORK_CORE_DELETE_SAMPLES	0
SEQ_WRITE_8M_WORK_CORE_DELETE_SAMPLE_TICKS	0
SEQ_WRITE_8M_WORK_CORE_FILE_WRITE_CALLS	128
SEQ_WRITE_8M_WORK_CORE_FILE_WRITE_SAMPLES	128
SEQ_WRITE_8M_WORK_CORE_FILE_WRITE_SAMPLE_TICKS	25945
SEQ_WRITE_8M_WORK_CORE_SYNC_CALLS	0
SEQ_WRITE_8M_WORK_CORE_SYNC_SAMPLES	0
SEQ_WRITE_8M_WORK_CORE_SYNC_SAMPLE_TICKS	0
SEQ_WRITE_8M_WORK_IFACE_FREE_CALLS	0
SEQ_WRITE_8M_WORK_IFACE_FREE_SAMPLES	0
SEQ_WRITE_8M_WORK_IFACE_FREE_SAMPLE_TICKS	0
SEQ_WRITE_8M_WORK_SEAL_COMMIT_CALLS	0
SEQ_WRITE_8M_WORK_SEAL_COMMIT_SAMPLES	0
SEQ_WRITE_8M_WORK_SEAL_COMMIT_SAMPLE_TICKS	0
SEQ_WRITE_8M_WORK_INODE_READ_CALLS	131
SEQ_WRITE_8M_WORK_BTREE_SEARCH_CALLS	5
SEQ_WRITE_8M_WORK_BTREE_INDEX_HINT_HITS	2
SEQ_WRITE_8M_WORK_BTREE_LEAF_HINT_HITS	1
SEQ_WRITE_8M_WORK_CACHE_READ_CALLS	0
SEQ_WRITE_8M_WORK_CACHE_READ_HITS	0
SEQ_WRITE_8M_WORK_CACHE_READ_MISSES	0
SEQ_WRITE_8M_WORK_FREE_TREE_NODE_VIEWS	128
SEQ_WRITE_8M_WORK_FREE_TREE_RESIDENT_VIEWS	128
SEQ_WRITE_8M_WORK_DIR_TREE_NODE_VIEWS	3
SEQ_WRITE_8M_WORK_DIR_TREE_RESIDENT_VIEWS	3
SEQ_WRITE_8M_WORK_INODE_TREE_NODE_VIEWS	1
SEQ_WRITE_8M_WORK_INODE_TREE_RESIDENT_VIEWS	1
SEQ_WRITE_8M_WORK_REFCOUNT_TREE_NODE_VIEWS	0
SEQ_WRITE_8M_WORK_REFCOUNT_TREE_RESIDENT_VIEWS	0
SEQ_WRITE_8M_WORK_OTHER_TREE_NODE_VIEWS	0
SEQ_WRITE_8M_WORK_OTHER_TREE_RESIDENT_VIEWS	0
SEQ_WRITE_8M_WORK_WRITE_DETAIL_INODE_READ_CALLS	131
SEQ_WRITE_8M_WORK_WRITE_DETAIL_INODE_READ_SAMPLES	131
SEQ_WRITE_8M_WORK_WRITE_DETAIL_INODE_READ_SAMPLE_TICKS	988
SEQ_WRITE_8M_WORK_WRITE_DETAIL_INODE_WRITE_CALLS	2
SEQ_WRITE_8M_WORK_WRITE_DETAIL_INODE_WRITE_SAMPLES	2
SEQ_WRITE_8M_WORK_WRITE_DETAIL_INODE_WRITE_SAMPLE_TICKS	45
SEQ_WRITE_8M_WORK_WRITE_DETAIL_EXTENT_MAP_CALLS	128
SEQ_WRITE_8M_WORK_WRITE_DETAIL_EXTENT_MAP_SAMPLES	128
SEQ_WRITE_8M_WORK_WRITE_DETAIL_EXTENT_MAP_SAMPLE_TICKS	1404
SEQ_WRITE_8M_WORK_WRITE_DETAIL_FREESPACE_GOAL_CALLS	128
SEQ_WRITE_8M_WORK_WRITE_DETAIL_FREESPACE_GOAL_SAMPLES	128
SEQ_WRITE_8M_WORK_WRITE_DETAIL_FREESPACE_GOAL_SAMPLE_TICKS	5288
SEQ_WRITE_8M_WORK_BTREE_MALLOC_CALLS	0
SEQ_WRITE_8M_WORK_BTREE_MALLOC_SAMPLES	0
SEQ_WRITE_8M_WORK_BTREE_MALLOC_SAMPLE_TICKS	0
SEQ_WRITE_8M_WORK_BTREE_FREE_CALLS	2
SEQ_WRITE_8M_WORK_BTREE_FREE_SAMPLES	2
SEQ_WRITE_8M_WORK_BTREE_FREE_SAMPLE_TICKS	0
SEQ_WRITE_8M_WORK_IFACE_ALLOC_CALLS	0
SEQ_WRITE_8M_WORK_IFACE_ALLOC_SAMPLES	0
SEQ_WRITE_8M_WORK_IFACE_ALLOC_SAMPLE_TICKS	0
SEQ_WRITE_8M_WORK_FREESPACE_ALLOC_CALLS	128
SEQ_WRITE_8M_WORK_FREESPACE_ALLOC_SAMPLES	128
SEQ_WRITE_8M_WORK_FREESPACE_ALLOC_SAMPLE_TICKS	6525
SEQ_WRITE_8M_WORK_DETAIL_INODE_READ_CALLS	131
SEQ_WRITE_8M_WORK_DETAIL_INODE_READ_SAMPLES	7
SEQ_WRITE_8M_WORK_DETAIL_INODE_READ_SAMPLE_TICKS	136
SEQ_WRITE_8M_WORK_DETAIL_INODE_VALIDATE_CALLS	261
SEQ_WRITE_8M_WORK_DETAIL_INODE_VALIDATE_SAMPLES	15
SEQ_WRITE_8M_WORK_DETAIL_INODE_VALIDATE_SAMPLE_TICKS	0
SEQ_WRITE_8M_WORK_DETAIL_INODE_SEARCH_CALLS	4
SEQ_WRITE_8M_WORK_DETAIL_INODE_SEARCH_SAMPLES	0
SEQ_WRITE_8M_WORK_DETAIL_INODE_SEARCH_SAMPLE_TICKS	0
SEQ_WRITE_8M_WORK_DETAIL_INODE_NODE_VIEW_CALLS	1
SEQ_WRITE_8M_WORK_DETAIL_INODE_NODE_VIEW_SAMPLES	0
SEQ_WRITE_8M_WORK_DETAIL_INODE_NODE_VIEW_SAMPLE_TICKS	0
SEQ_WRITE_8M_WORK_DETAIL_DIR_NODE_VIEW_CALLS	3
SEQ_WRITE_8M_WORK_DETAIL_DIR_NODE_VIEW_SAMPLES	0
SEQ_WRITE_8M_WORK_DETAIL_DIR_NODE_VIEW_SAMPLE_TICKS	0
SEQ_WRITE_8M_WORK_DETAIL_INODE_BINARY_SEARCH_CALLS	4
SEQ_WRITE_8M_WORK_DETAIL_INODE_BINARY_SEARCH_SAMPLES	0
SEQ_WRITE_8M_WORK_DETAIL_INODE_BINARY_SEARCH_SAMPLE_TICKS	0
SEQ_WRITE_8M_WORK_DETAIL_DIR_BINARY_SEARCH_CALLS	5
SEQ_WRITE_8M_WORK_DETAIL_DIR_BINARY_SEARCH_SAMPLES	0
SEQ_WRITE_8M_WORK_DETAIL_DIR_BINARY_SEARCH_SAMPLE_TICKS	0
SEQ_WRITE_8M_WORK_DETAIL_NODE_STRUCTURE_CALLS	0
SEQ_WRITE_8M_WORK_DETAIL_NODE_STRUCTURE_SAMPLES	0
SEQ_WRITE_8M_WORK_DETAIL_NODE_STRUCTURE_SAMPLE_TICKS	0
SEQ_WRITE_8M_WORK_DETAIL_CACHE_PEEK_CALLS	136
SEQ_WRITE_8M_WORK_DETAIL_CACHE_PEEK_SAMPLES	8
SEQ_WRITE_8M_WORK_DETAIL_CACHE_PEEK_SAMPLE_TICKS	0
SEQ_WRITE_8M_WORK_DETAIL_BUFFER_ALLOC_CALLS	132
SEQ_WRITE_8M_WORK_DETAIL_BUFFER_ALLOC_SAMPLES	7
SEQ_WRITE_8M_WORK_DETAIL_BUFFER_ALLOC_SAMPLE_TICKS	0
SEQ_WRITE_8M_WORK_DETAIL_BUFFER_FREE_CALLS	132
SEQ_WRITE_8M_WORK_DETAIL_BUFFER_FREE_SAMPLES	7
SEQ_WRITE_8M_WORK_DETAIL_BUFFER_FREE_SAMPLE_TICKS	46
SEQ_WRITE_8M_WORK_DETAIL_EXALL_FILL_CALLS	0
SEQ_WRITE_8M_WORK_DETAIL_EXALL_FILL_SAMPLES	0
SEQ_WRITE_8M_WORK_DETAIL_EXALL_FILL_SAMPLE_TICKS	0
SEQ_WRITE_8M_WORK_FREESPACE_ALLOCS	128
SEQ_WRITE_8M_VOLUME_FLUSH_BIO_READS	0
SEQ_WRITE_8M_VOLUME_FLUSH_BIO_WRITES	0
SEQ_WRITE_8M_VOLUME_FLUSH_BIO_UPDATES	0
SEQ_WRITE_8M_VOLUME_FLUSH_DATA_READS	0
SEQ_WRITE_8M_VOLUME_FLUSH_DATA_WRITES	0
SEQ_WRITE_8M_VOLUME_FLUSH_NODE_WRITES	0
SEQ_WRITE_8M_VOLUME_FLUSH_TXN_COMMITS	0
SEQ_WRITE_8M_VOLUME_FLUSH_EXTENT_MAPS	0
SEQ_WRITE_8M_VOLUME_FLUSH_READ_TICKS	0
SEQ_WRITE_8M_VOLUME_FLUSH_WRITE_TICKS	0
SEQ_WRITE_8M_VOLUME_FLUSH_UPDATE_TICKS	0
SEQ_WRITE_8M_VOLUME_FLUSH_DATA_READ_TICKS	0
SEQ_WRITE_8M_VOLUME_FLUSH_DATA_WRITE_TICKS	0
SEQ_WRITE_8M_VOLUME_FLUSH_NODE_CRC_READ_CALLS	0
SEQ_WRITE_8M_VOLUME_FLUSH_NODE_CRC_READ_SAMPLES	0
SEQ_WRITE_8M_VOLUME_FLUSH_NODE_CRC_READ_SAMPLE_TICKS	0
SEQ_WRITE_8M_VOLUME_FLUSH_NODE_CRC_WRITE_CALLS	0
SEQ_WRITE_8M_VOLUME_FLUSH_NODE_CRC_WRITE_SAMPLES	0
SEQ_WRITE_8M_VOLUME_FLUSH_NODE_CRC_WRITE_SAMPLE_TICKS	0
SEQ_WRITE_8M_VOLUME_FLUSH_CLOCK_PAIR_TICKS	0
SEQ_WRITE_8M_VOLUME_FLUSH_PACKET_CALLS	0
SEQ_WRITE_8M_VOLUME_FLUSH_PACKET_SAMPLES	0
SEQ_WRITE_8M_VOLUME_FLUSH_PACKET_SAMPLE_TICKS	0
SEQ_WRITE_8M_VOLUME_FLUSH_PACKET_OPEN_CALLS	0
SEQ_WRITE_8M_VOLUME_FLUSH_PACKET_OPEN_SAMPLES	0
SEQ_WRITE_8M_VOLUME_FLUSH_PACKET_OPEN_SAMPLE_TICKS	0
SEQ_WRITE_8M_VOLUME_FLUSH_PACKET_READ_CALLS	0
SEQ_WRITE_8M_VOLUME_FLUSH_PACKET_READ_SAMPLES	0
SEQ_WRITE_8M_VOLUME_FLUSH_PACKET_READ_SAMPLE_TICKS	0
SEQ_WRITE_8M_VOLUME_FLUSH_PACKET_WRITE_CALLS	0
SEQ_WRITE_8M_VOLUME_FLUSH_PACKET_WRITE_SAMPLES	0
SEQ_WRITE_8M_VOLUME_FLUSH_PACKET_WRITE_SAMPLE_TICKS	0
SEQ_WRITE_8M_VOLUME_FLUSH_PACKET_END_CALLS	0
SEQ_WRITE_8M_VOLUME_FLUSH_PACKET_END_SAMPLES	0
SEQ_WRITE_8M_VOLUME_FLUSH_PACKET_END_SAMPLE_TICKS	0
SEQ_WRITE_8M_VOLUME_FLUSH_PACKET_DELETE_CALLS	0
SEQ_WRITE_8M_VOLUME_FLUSH_PACKET_DELETE_SAMPLES	0
SEQ_WRITE_8M_VOLUME_FLUSH_PACKET_DELETE_SAMPLE_TICKS	0
SEQ_WRITE_8M_VOLUME_FLUSH_PACKET_FLUSH_CALLS	0
SEQ_WRITE_8M_VOLUME_FLUSH_PACKET_FLUSH_SAMPLES	0
SEQ_WRITE_8M_VOLUME_FLUSH_PACKET_FLUSH_SAMPLE_TICKS	0
SEQ_WRITE_8M_VOLUME_FLUSH_PACKET_OTHER_CALLS	0
SEQ_WRITE_8M_VOLUME_FLUSH_PACKET_OTHER_SAMPLES	0
SEQ_WRITE_8M_VOLUME_FLUSH_PACKET_OTHER_SAMPLE_TICKS	0
SEQ_WRITE_8M_VOLUME_FLUSH_CORE_CREATE_CALLS	0
SEQ_WRITE_8M_VOLUME_FLUSH_CORE_CREATE_SAMPLES	0
SEQ_WRITE_8M_VOLUME_FLUSH_CORE_CREATE_SAMPLE_TICKS	0
SEQ_WRITE_8M_VOLUME_FLUSH_CORE_DELETE_CALLS	0
SEQ_WRITE_8M_VOLUME_FLUSH_CORE_DELETE_SAMPLES	0
SEQ_WRITE_8M_VOLUME_FLUSH_CORE_DELETE_SAMPLE_TICKS	0
SEQ_WRITE_8M_VOLUME_FLUSH_CORE_FILE_WRITE_CALLS	0
SEQ_WRITE_8M_VOLUME_FLUSH_CORE_FILE_WRITE_SAMPLES	0
SEQ_WRITE_8M_VOLUME_FLUSH_CORE_FILE_WRITE_SAMPLE_TICKS	0
SEQ_WRITE_8M_VOLUME_FLUSH_CORE_SYNC_CALLS	0
SEQ_WRITE_8M_VOLUME_FLUSH_CORE_SYNC_SAMPLES	0
SEQ_WRITE_8M_VOLUME_FLUSH_CORE_SYNC_SAMPLE_TICKS	0
SEQ_WRITE_8M_VOLUME_FLUSH_IFACE_FREE_CALLS	0
SEQ_WRITE_8M_VOLUME_FLUSH_IFACE_FREE_SAMPLES	0
SEQ_WRITE_8M_VOLUME_FLUSH_IFACE_FREE_SAMPLE_TICKS	0
SEQ_WRITE_8M_VOLUME_FLUSH_SEAL_COMMIT_CALLS	0
SEQ_WRITE_8M_VOLUME_FLUSH_SEAL_COMMIT_SAMPLES	0
SEQ_WRITE_8M_VOLUME_FLUSH_SEAL_COMMIT_SAMPLE_TICKS	0
SEQ_WRITE_8M_VOLUME_FLUSH_INODE_READ_CALLS	0
SEQ_WRITE_8M_VOLUME_FLUSH_BTREE_SEARCH_CALLS	0
SEQ_WRITE_8M_VOLUME_FLUSH_BTREE_INDEX_HINT_HITS	0
SEQ_WRITE_8M_VOLUME_FLUSH_BTREE_LEAF_HINT_HITS	0
SEQ_WRITE_8M_VOLUME_FLUSH_CACHE_READ_CALLS	0
SEQ_WRITE_8M_VOLUME_FLUSH_CACHE_READ_HITS	0
SEQ_WRITE_8M_VOLUME_FLUSH_CACHE_READ_MISSES	0
SEQ_WRITE_8M_VOLUME_FLUSH_FREE_TREE_NODE_VIEWS	0
SEQ_WRITE_8M_VOLUME_FLUSH_FREE_TREE_RESIDENT_VIEWS	0
SEQ_WRITE_8M_VOLUME_FLUSH_DIR_TREE_NODE_VIEWS	0
SEQ_WRITE_8M_VOLUME_FLUSH_DIR_TREE_RESIDENT_VIEWS	0
SEQ_WRITE_8M_VOLUME_FLUSH_INODE_TREE_NODE_VIEWS	0
SEQ_WRITE_8M_VOLUME_FLUSH_INODE_TREE_RESIDENT_VIEWS	0
SEQ_WRITE_8M_VOLUME_FLUSH_REFCOUNT_TREE_NODE_VIEWS	0
SEQ_WRITE_8M_VOLUME_FLUSH_REFCOUNT_TREE_RESIDENT_VIEWS	0
SEQ_WRITE_8M_VOLUME_FLUSH_OTHER_TREE_NODE_VIEWS	0
SEQ_WRITE_8M_VOLUME_FLUSH_OTHER_TREE_RESIDENT_VIEWS	0
SEQ_WRITE_8M_VOLUME_FLUSH_WRITE_DETAIL_INODE_READ_CALLS	0
SEQ_WRITE_8M_VOLUME_FLUSH_WRITE_DETAIL_INODE_READ_SAMPLES	0
SEQ_WRITE_8M_VOLUME_FLUSH_WRITE_DETAIL_INODE_READ_SAMPLE_TICKS	0
SEQ_WRITE_8M_VOLUME_FLUSH_WRITE_DETAIL_INODE_WRITE_CALLS	0
SEQ_WRITE_8M_VOLUME_FLUSH_WRITE_DETAIL_INODE_WRITE_SAMPLES	0
SEQ_WRITE_8M_VOLUME_FLUSH_WRITE_DETAIL_INODE_WRITE_SAMPLE_TICKS	0
SEQ_WRITE_8M_VOLUME_FLUSH_WRITE_DETAIL_EXTENT_MAP_CALLS	0
SEQ_WRITE_8M_VOLUME_FLUSH_WRITE_DETAIL_EXTENT_MAP_SAMPLES	0
SEQ_WRITE_8M_VOLUME_FLUSH_WRITE_DETAIL_EXTENT_MAP_SAMPLE_TICKS	0
SEQ_WRITE_8M_VOLUME_FLUSH_WRITE_DETAIL_FREESPACE_GOAL_CALLS	0
SEQ_WRITE_8M_VOLUME_FLUSH_WRITE_DETAIL_FREESPACE_GOAL_SAMPLES	0
SEQ_WRITE_8M_VOLUME_FLUSH_WRITE_DETAIL_FREESPACE_GOAL_SAMPLE_TICKS	0
SEQ_WRITE_8M_VOLUME_FLUSH_BTREE_MALLOC_CALLS	0
SEQ_WRITE_8M_VOLUME_FLUSH_BTREE_MALLOC_SAMPLES	0
SEQ_WRITE_8M_VOLUME_FLUSH_BTREE_MALLOC_SAMPLE_TICKS	0
SEQ_WRITE_8M_VOLUME_FLUSH_BTREE_FREE_CALLS	0
SEQ_WRITE_8M_VOLUME_FLUSH_BTREE_FREE_SAMPLES	0
SEQ_WRITE_8M_VOLUME_FLUSH_BTREE_FREE_SAMPLE_TICKS	0
SEQ_WRITE_8M_VOLUME_FLUSH_IFACE_ALLOC_CALLS	0
SEQ_WRITE_8M_VOLUME_FLUSH_IFACE_ALLOC_SAMPLES	0
SEQ_WRITE_8M_VOLUME_FLUSH_IFACE_ALLOC_SAMPLE_TICKS	0
SEQ_WRITE_8M_VOLUME_FLUSH_FREESPACE_ALLOC_CALLS	0
SEQ_WRITE_8M_VOLUME_FLUSH_FREESPACE_ALLOC_SAMPLES	0
SEQ_WRITE_8M_VOLUME_FLUSH_FREESPACE_ALLOC_SAMPLE_TICKS	0
SEQ_WRITE_8M_VOLUME_FLUSH_DETAIL_INODE_READ_CALLS	0
SEQ_WRITE_8M_VOLUME_FLUSH_DETAIL_INODE_READ_SAMPLES	0
SEQ_WRITE_8M_VOLUME_FLUSH_DETAIL_INODE_READ_SAMPLE_TICKS	0
SEQ_WRITE_8M_VOLUME_FLUSH_DETAIL_INODE_VALIDATE_CALLS	0
SEQ_WRITE_8M_VOLUME_FLUSH_DETAIL_INODE_VALIDATE_SAMPLES	0
SEQ_WRITE_8M_VOLUME_FLUSH_DETAIL_INODE_VALIDATE_SAMPLE_TICKS	0
SEQ_WRITE_8M_VOLUME_FLUSH_DETAIL_INODE_SEARCH_CALLS	0
SEQ_WRITE_8M_VOLUME_FLUSH_DETAIL_INODE_SEARCH_SAMPLES	0
SEQ_WRITE_8M_VOLUME_FLUSH_DETAIL_INODE_SEARCH_SAMPLE_TICKS	0
SEQ_WRITE_8M_VOLUME_FLUSH_DETAIL_INODE_NODE_VIEW_CALLS	0
SEQ_WRITE_8M_VOLUME_FLUSH_DETAIL_INODE_NODE_VIEW_SAMPLES	0
SEQ_WRITE_8M_VOLUME_FLUSH_DETAIL_INODE_NODE_VIEW_SAMPLE_TICKS	0
SEQ_WRITE_8M_VOLUME_FLUSH_DETAIL_DIR_NODE_VIEW_CALLS	0
SEQ_WRITE_8M_VOLUME_FLUSH_DETAIL_DIR_NODE_VIEW_SAMPLES	0
SEQ_WRITE_8M_VOLUME_FLUSH_DETAIL_DIR_NODE_VIEW_SAMPLE_TICKS	0
SEQ_WRITE_8M_VOLUME_FLUSH_DETAIL_INODE_BINARY_SEARCH_CALLS	0
SEQ_WRITE_8M_VOLUME_FLUSH_DETAIL_INODE_BINARY_SEARCH_SAMPLES	0
SEQ_WRITE_8M_VOLUME_FLUSH_DETAIL_INODE_BINARY_SEARCH_SAMPLE_TICKS	0
SEQ_WRITE_8M_VOLUME_FLUSH_DETAIL_DIR_BINARY_SEARCH_CALLS	0
SEQ_WRITE_8M_VOLUME_FLUSH_DETAIL_DIR_BINARY_SEARCH_SAMPLES	0
SEQ_WRITE_8M_VOLUME_FLUSH_DETAIL_DIR_BINARY_SEARCH_SAMPLE_TICKS	0
SEQ_WRITE_8M_VOLUME_FLUSH_DETAIL_NODE_STRUCTURE_CALLS	0
SEQ_WRITE_8M_VOLUME_FLUSH_DETAIL_NODE_STRUCTURE_SAMPLES	0
SEQ_WRITE_8M_VOLUME_FLUSH_DETAIL_NODE_STRUCTURE_SAMPLE_TICKS	0
SEQ_WRITE_8M_VOLUME_FLUSH_DETAIL_CACHE_PEEK_CALLS	0
SEQ_WRITE_8M_VOLUME_FLUSH_DETAIL_CACHE_PEEK_SAMPLES	0
SEQ_WRITE_8M_VOLUME_FLUSH_DETAIL_CACHE_PEEK_SAMPLE_TICKS	0
SEQ_WRITE_8M_VOLUME_FLUSH_DETAIL_BUFFER_ALLOC_CALLS	0
SEQ_WRITE_8M_VOLUME_FLUSH_DETAIL_BUFFER_ALLOC_SAMPLES	0
SEQ_WRITE_8M_VOLUME_FLUSH_DETAIL_BUFFER_ALLOC_SAMPLE_TICKS	0
SEQ_WRITE_8M_VOLUME_FLUSH_DETAIL_BUFFER_FREE_CALLS	0
SEQ_WRITE_8M_VOLUME_FLUSH_DETAIL_BUFFER_FREE_SAMPLES	0
SEQ_WRITE_8M_VOLUME_FLUSH_DETAIL_BUFFER_FREE_SAMPLE_TICKS	0
SEQ_WRITE_8M_VOLUME_FLUSH_DETAIL_EXALL_FILL_CALLS	0
SEQ_WRITE_8M_VOLUME_FLUSH_DETAIL_EXALL_FILL_SAMPLES	0
SEQ_WRITE_8M_VOLUME_FLUSH_DETAIL_EXALL_FILL_SAMPLE_TICKS	0
SEQ_WRITE_8M_VOLUME_FLUSH_FREESPACE_ALLOCS	0
SEQ_READ_8M_US	314430
SEQ_READ_8M_WORK_US	314430
SEQ_READ_8M_VOLUME_FLUSH_US	0
SEQ_READ_8M_HAS_VOLUME_FLUSH	0
SEQ_READ_8M_GUEST_OPEN_CALLS	1
SEQ_READ_8M_GUEST_OPEN_US	256
SEQ_READ_8M_GUEST_READ_CALLS	129
SEQ_READ_8M_GUEST_READ_US	34778
SEQ_READ_8M_GUEST_WRITE_CALLS	0
SEQ_READ_8M_GUEST_WRITE_US	0
SEQ_READ_8M_GUEST_HANDLE_FLUSH_CALLS	0
SEQ_READ_8M_GUEST_HANDLE_FLUSH_US	0
SEQ_READ_8M_GUEST_CLOSE_CALLS	1
SEQ_READ_8M_GUEST_CLOSE_US	0
SEQ_READ_8M_GUEST_VERIFY_CALLS	128
SEQ_READ_8M_GUEST_VERIFY_US	277111
SEQ_READ_8M_WORK_BIO_READS	128
SEQ_READ_8M_WORK_BIO_WRITES	0
SEQ_READ_8M_WORK_BIO_UPDATES	0
SEQ_READ_8M_WORK_DATA_READS	128
SEQ_READ_8M_WORK_DATA_WRITES	0
SEQ_READ_8M_WORK_NODE_WRITES	0
SEQ_READ_8M_WORK_TXN_COMMITS	0
SEQ_READ_8M_WORK_EXTENT_MAPS	0
SEQ_READ_8M_WORK_READ_TICKS	13845
SEQ_READ_8M_WORK_WRITE_TICKS	0
SEQ_READ_8M_WORK_UPDATE_TICKS	0
SEQ_READ_8M_WORK_DATA_READ_TICKS	13845
SEQ_READ_8M_WORK_DATA_WRITE_TICKS	0
SEQ_READ_8M_WORK_NODE_CRC_READ_CALLS	0
SEQ_READ_8M_WORK_NODE_CRC_READ_SAMPLES	0
SEQ_READ_8M_WORK_NODE_CRC_READ_SAMPLE_TICKS	0
SEQ_READ_8M_WORK_NODE_CRC_WRITE_CALLS	0
SEQ_READ_8M_WORK_NODE_CRC_WRITE_SAMPLES	0
SEQ_READ_8M_WORK_NODE_CRC_WRITE_SAMPLE_TICKS	0
SEQ_READ_8M_WORK_CLOCK_PAIR_TICKS	1
SEQ_READ_8M_WORK_PACKET_CALLS	131
SEQ_READ_8M_WORK_PACKET_SAMPLES	131
SEQ_READ_8M_WORK_PACKET_SAMPLE_TICKS	21569
SEQ_READ_8M_WORK_PACKET_OPEN_CALLS	1
SEQ_READ_8M_WORK_PACKET_OPEN_SAMPLES	1
SEQ_READ_8M_WORK_PACKET_OPEN_SAMPLE_TICKS	45
SEQ_READ_8M_WORK_PACKET_READ_CALLS	129
SEQ_READ_8M_WORK_PACKET_READ_SAMPLES	129
SEQ_READ_8M_WORK_PACKET_READ_SAMPLE_TICKS	21524
SEQ_READ_8M_WORK_PACKET_WRITE_CALLS	0
SEQ_READ_8M_WORK_PACKET_WRITE_SAMPLES	0
SEQ_READ_8M_WORK_PACKET_WRITE_SAMPLE_TICKS	0
SEQ_READ_8M_WORK_PACKET_END_CALLS	1
SEQ_READ_8M_WORK_PACKET_END_SAMPLES	1
SEQ_READ_8M_WORK_PACKET_END_SAMPLE_TICKS	0
SEQ_READ_8M_WORK_PACKET_DELETE_CALLS	0
SEQ_READ_8M_WORK_PACKET_DELETE_SAMPLES	0
SEQ_READ_8M_WORK_PACKET_DELETE_SAMPLE_TICKS	0
SEQ_READ_8M_WORK_PACKET_FLUSH_CALLS	0
SEQ_READ_8M_WORK_PACKET_FLUSH_SAMPLES	0
SEQ_READ_8M_WORK_PACKET_FLUSH_SAMPLE_TICKS	0
SEQ_READ_8M_WORK_PACKET_OTHER_CALLS	0
SEQ_READ_8M_WORK_PACKET_OTHER_SAMPLES	0
SEQ_READ_8M_WORK_PACKET_OTHER_SAMPLE_TICKS	0
SEQ_READ_8M_WORK_CORE_CREATE_CALLS	0
SEQ_READ_8M_WORK_CORE_CREATE_SAMPLES	0
SEQ_READ_8M_WORK_CORE_CREATE_SAMPLE_TICKS	0
SEQ_READ_8M_WORK_CORE_DELETE_CALLS	0
SEQ_READ_8M_WORK_CORE_DELETE_SAMPLES	0
SEQ_READ_8M_WORK_CORE_DELETE_SAMPLE_TICKS	0
SEQ_READ_8M_WORK_CORE_FILE_WRITE_CALLS	0
SEQ_READ_8M_WORK_CORE_FILE_WRITE_SAMPLES	0
SEQ_READ_8M_WORK_CORE_FILE_WRITE_SAMPLE_TICKS	0
SEQ_READ_8M_WORK_CORE_SYNC_CALLS	0
SEQ_READ_8M_WORK_CORE_SYNC_SAMPLES	0
SEQ_READ_8M_WORK_CORE_SYNC_SAMPLE_TICKS	0
SEQ_READ_8M_WORK_IFACE_FREE_CALLS	0
SEQ_READ_8M_WORK_IFACE_FREE_SAMPLES	0
SEQ_READ_8M_WORK_IFACE_FREE_SAMPLE_TICKS	0
SEQ_READ_8M_WORK_SEAL_COMMIT_CALLS	0
SEQ_READ_8M_WORK_SEAL_COMMIT_SAMPLES	0
SEQ_READ_8M_WORK_SEAL_COMMIT_SAMPLE_TICKS	0
SEQ_READ_8M_WORK_INODE_READ_CALLS	260
SEQ_READ_8M_WORK_BTREE_SEARCH_CALLS	1
SEQ_READ_8M_WORK_BTREE_INDEX_HINT_HITS	0
SEQ_READ_8M_WORK_BTREE_LEAF_HINT_HITS	0
SEQ_READ_8M_WORK_CACHE_READ_CALLS	0
SEQ_READ_8M_WORK_CACHE_READ_HITS	0
SEQ_READ_8M_WORK_CACHE_READ_MISSES	0
SEQ_READ_8M_WORK_FREE_TREE_NODE_VIEWS	0
SEQ_READ_8M_WORK_FREE_TREE_RESIDENT_VIEWS	0
SEQ_READ_8M_WORK_DIR_TREE_NODE_VIEWS	1
SEQ_READ_8M_WORK_DIR_TREE_RESIDENT_VIEWS	1
SEQ_READ_8M_WORK_INODE_TREE_NODE_VIEWS	0
SEQ_READ_8M_WORK_INODE_TREE_RESIDENT_VIEWS	0
SEQ_READ_8M_WORK_REFCOUNT_TREE_NODE_VIEWS	0
SEQ_READ_8M_WORK_REFCOUNT_TREE_RESIDENT_VIEWS	0
SEQ_READ_8M_WORK_OTHER_TREE_NODE_VIEWS	0
SEQ_READ_8M_WORK_OTHER_TREE_RESIDENT_VIEWS	0
SEQ_READ_8M_WORK_WRITE_DETAIL_INODE_READ_CALLS	260
SEQ_READ_8M_WORK_WRITE_DETAIL_INODE_READ_SAMPLES	260
SEQ_READ_8M_WORK_WRITE_DETAIL_INODE_READ_SAMPLE_TICKS	1768
SEQ_READ_8M_WORK_WRITE_DETAIL_INODE_WRITE_CALLS	0
SEQ_READ_8M_WORK_WRITE_DETAIL_INODE_WRITE_SAMPLES	0
SEQ_READ_8M_WORK_WRITE_DETAIL_INODE_WRITE_SAMPLE_TICKS	0
SEQ_READ_8M_WORK_WRITE_DETAIL_EXTENT_MAP_CALLS	0
SEQ_READ_8M_WORK_WRITE_DETAIL_EXTENT_MAP_SAMPLES	0
SEQ_READ_8M_WORK_WRITE_DETAIL_EXTENT_MAP_SAMPLE_TICKS	0
SEQ_READ_8M_WORK_WRITE_DETAIL_FREESPACE_GOAL_CALLS	0
SEQ_READ_8M_WORK_WRITE_DETAIL_FREESPACE_GOAL_SAMPLES	0
SEQ_READ_8M_WORK_WRITE_DETAIL_FREESPACE_GOAL_SAMPLE_TICKS	0
SEQ_READ_8M_WORK_BTREE_MALLOC_CALLS	0
SEQ_READ_8M_WORK_BTREE_MALLOC_SAMPLES	0
SEQ_READ_8M_WORK_BTREE_MALLOC_SAMPLE_TICKS	0
SEQ_READ_8M_WORK_BTREE_FREE_CALLS	0
SEQ_READ_8M_WORK_BTREE_FREE_SAMPLES	0
SEQ_READ_8M_WORK_BTREE_FREE_SAMPLE_TICKS	0
SEQ_READ_8M_WORK_IFACE_ALLOC_CALLS	0
SEQ_READ_8M_WORK_IFACE_ALLOC_SAMPLES	0
SEQ_READ_8M_WORK_IFACE_ALLOC_SAMPLE_TICKS	0
SEQ_READ_8M_WORK_FREESPACE_ALLOC_CALLS	0
SEQ_READ_8M_WORK_FREESPACE_ALLOC_SAMPLES	0
SEQ_READ_8M_WORK_FREESPACE_ALLOC_SAMPLE_TICKS	0
SEQ_READ_8M_WORK_DETAIL_INODE_READ_CALLS	260
SEQ_READ_8M_WORK_DETAIL_INODE_READ_SAMPLES	15
SEQ_READ_8M_WORK_DETAIL_INODE_READ_SAMPLE_TICKS	128
SEQ_READ_8M_WORK_DETAIL_INODE_VALIDATE_CALLS	260
SEQ_READ_8M_WORK_DETAIL_INODE_VALIDATE_SAMPLES	15
SEQ_READ_8M_WORK_DETAIL_INODE_VALIDATE_SAMPLE_TICKS	11
SEQ_READ_8M_WORK_DETAIL_INODE_SEARCH_CALLS	0
SEQ_READ_8M_WORK_DETAIL_INODE_SEARCH_SAMPLES	0
SEQ_READ_8M_WORK_DETAIL_INODE_SEARCH_SAMPLE_TICKS	0
SEQ_READ_8M_WORK_DETAIL_INODE_NODE_VIEW_CALLS	0
SEQ_READ_8M_WORK_DETAIL_INODE_NODE_VIEW_SAMPLES	0
SEQ_READ_8M_WORK_DETAIL_INODE_NODE_VIEW_SAMPLE_TICKS	0
SEQ_READ_8M_WORK_DETAIL_DIR_NODE_VIEW_CALLS	1
SEQ_READ_8M_WORK_DETAIL_DIR_NODE_VIEW_SAMPLES	0
SEQ_READ_8M_WORK_DETAIL_DIR_NODE_VIEW_SAMPLE_TICKS	0
SEQ_READ_8M_WORK_DETAIL_INODE_BINARY_SEARCH_CALLS	0
SEQ_READ_8M_WORK_DETAIL_INODE_BINARY_SEARCH_SAMPLES	0
SEQ_READ_8M_WORK_DETAIL_INODE_BINARY_SEARCH_SAMPLE_TICKS	0
SEQ_READ_8M_WORK_DETAIL_DIR_BINARY_SEARCH_CALLS	1
SEQ_READ_8M_WORK_DETAIL_DIR_BINARY_SEARCH_SAMPLES	0
SEQ_READ_8M_WORK_DETAIL_DIR_BINARY_SEARCH_SAMPLE_TICKS	0
SEQ_READ_8M_WORK_DETAIL_NODE_STRUCTURE_CALLS	0
SEQ_READ_8M_WORK_DETAIL_NODE_STRUCTURE_SAMPLES	0
SEQ_READ_8M_WORK_DETAIL_NODE_STRUCTURE_SAMPLE_TICKS	0
SEQ_READ_8M_WORK_DETAIL_CACHE_PEEK_CALLS	1
SEQ_READ_8M_WORK_DETAIL_CACHE_PEEK_SAMPLES	0
SEQ_READ_8M_WORK_DETAIL_CACHE_PEEK_SAMPLE_TICKS	0
SEQ_READ_8M_WORK_DETAIL_BUFFER_ALLOC_CALLS	1
SEQ_READ_8M_WORK_DETAIL_BUFFER_ALLOC_SAMPLES	0
SEQ_READ_8M_WORK_DETAIL_BUFFER_ALLOC_SAMPLE_TICKS	0
SEQ_READ_8M_WORK_DETAIL_BUFFER_FREE_CALLS	1
SEQ_READ_8M_WORK_DETAIL_BUFFER_FREE_SAMPLES	0
SEQ_READ_8M_WORK_DETAIL_BUFFER_FREE_SAMPLE_TICKS	0
SEQ_READ_8M_WORK_DETAIL_EXALL_FILL_CALLS	0
SEQ_READ_8M_WORK_DETAIL_EXALL_FILL_SAMPLES	0
SEQ_READ_8M_WORK_DETAIL_EXALL_FILL_SAMPLE_TICKS	0
SEQ_READ_8M_WORK_FREESPACE_ALLOCS	0
SEQ_READ_8M_VOLUME_FLUSH_BIO_READS	0
SEQ_READ_8M_VOLUME_FLUSH_BIO_WRITES	0
SEQ_READ_8M_VOLUME_FLUSH_BIO_UPDATES	0
SEQ_READ_8M_VOLUME_FLUSH_DATA_READS	0
SEQ_READ_8M_VOLUME_FLUSH_DATA_WRITES	0
SEQ_READ_8M_VOLUME_FLUSH_NODE_WRITES	0
SEQ_READ_8M_VOLUME_FLUSH_TXN_COMMITS	0
SEQ_READ_8M_VOLUME_FLUSH_EXTENT_MAPS	0
SEQ_READ_8M_VOLUME_FLUSH_READ_TICKS	0
SEQ_READ_8M_VOLUME_FLUSH_WRITE_TICKS	0
SEQ_READ_8M_VOLUME_FLUSH_UPDATE_TICKS	0
SEQ_READ_8M_VOLUME_FLUSH_DATA_READ_TICKS	0
SEQ_READ_8M_VOLUME_FLUSH_DATA_WRITE_TICKS	0
SEQ_READ_8M_VOLUME_FLUSH_NODE_CRC_READ_CALLS	0
SEQ_READ_8M_VOLUME_FLUSH_NODE_CRC_READ_SAMPLES	0
SEQ_READ_8M_VOLUME_FLUSH_NODE_CRC_READ_SAMPLE_TICKS	0
SEQ_READ_8M_VOLUME_FLUSH_NODE_CRC_WRITE_CALLS	0
SEQ_READ_8M_VOLUME_FLUSH_NODE_CRC_WRITE_SAMPLES	0
SEQ_READ_8M_VOLUME_FLUSH_NODE_CRC_WRITE_SAMPLE_TICKS	0
SEQ_READ_8M_VOLUME_FLUSH_CLOCK_PAIR_TICKS	0
SEQ_READ_8M_VOLUME_FLUSH_PACKET_CALLS	0
SEQ_READ_8M_VOLUME_FLUSH_PACKET_SAMPLES	0
SEQ_READ_8M_VOLUME_FLUSH_PACKET_SAMPLE_TICKS	0
SEQ_READ_8M_VOLUME_FLUSH_PACKET_OPEN_CALLS	0
SEQ_READ_8M_VOLUME_FLUSH_PACKET_OPEN_SAMPLES	0
SEQ_READ_8M_VOLUME_FLUSH_PACKET_OPEN_SAMPLE_TICKS	0
SEQ_READ_8M_VOLUME_FLUSH_PACKET_READ_CALLS	0
SEQ_READ_8M_VOLUME_FLUSH_PACKET_READ_SAMPLES	0
SEQ_READ_8M_VOLUME_FLUSH_PACKET_READ_SAMPLE_TICKS	0
SEQ_READ_8M_VOLUME_FLUSH_PACKET_WRITE_CALLS	0
SEQ_READ_8M_VOLUME_FLUSH_PACKET_WRITE_SAMPLES	0
SEQ_READ_8M_VOLUME_FLUSH_PACKET_WRITE_SAMPLE_TICKS	0
SEQ_READ_8M_VOLUME_FLUSH_PACKET_END_CALLS	0
SEQ_READ_8M_VOLUME_FLUSH_PACKET_END_SAMPLES	0
SEQ_READ_8M_VOLUME_FLUSH_PACKET_END_SAMPLE_TICKS	0
SEQ_READ_8M_VOLUME_FLUSH_PACKET_DELETE_CALLS	0
SEQ_READ_8M_VOLUME_FLUSH_PACKET_DELETE_SAMPLES	0
SEQ_READ_8M_VOLUME_FLUSH_PACKET_DELETE_SAMPLE_TICKS	0
SEQ_READ_8M_VOLUME_FLUSH_PACKET_FLUSH_CALLS	0
SEQ_READ_8M_VOLUME_FLUSH_PACKET_FLUSH_SAMPLES	0
SEQ_READ_8M_VOLUME_FLUSH_PACKET_FLUSH_SAMPLE_TICKS	0
SEQ_READ_8M_VOLUME_FLUSH_PACKET_OTHER_CALLS	0
SEQ_READ_8M_VOLUME_FLUSH_PACKET_OTHER_SAMPLES	0
SEQ_READ_8M_VOLUME_FLUSH_PACKET_OTHER_SAMPLE_TICKS	0
SEQ_READ_8M_VOLUME_FLUSH_CORE_CREATE_CALLS	0
SEQ_READ_8M_VOLUME_FLUSH_CORE_CREATE_SAMPLES	0
SEQ_READ_8M_VOLUME_FLUSH_CORE_CREATE_SAMPLE_TICKS	0
SEQ_READ_8M_VOLUME_FLUSH_CORE_DELETE_CALLS	0
SEQ_READ_8M_VOLUME_FLUSH_CORE_DELETE_SAMPLES	0
SEQ_READ_8M_VOLUME_FLUSH_CORE_DELETE_SAMPLE_TICKS	0
SEQ_READ_8M_VOLUME_FLUSH_CORE_FILE_WRITE_CALLS	0
SEQ_READ_8M_VOLUME_FLUSH_CORE_FILE_WRITE_SAMPLES	0
SEQ_READ_8M_VOLUME_FLUSH_CORE_FILE_WRITE_SAMPLE_TICKS	0
SEQ_READ_8M_VOLUME_FLUSH_CORE_SYNC_CALLS	0
SEQ_READ_8M_VOLUME_FLUSH_CORE_SYNC_SAMPLES	0
SEQ_READ_8M_VOLUME_FLUSH_CORE_SYNC_SAMPLE_TICKS	0
SEQ_READ_8M_VOLUME_FLUSH_IFACE_FREE_CALLS	0
SEQ_READ_8M_VOLUME_FLUSH_IFACE_FREE_SAMPLES	0
SEQ_READ_8M_VOLUME_FLUSH_IFACE_FREE_SAMPLE_TICKS	0
SEQ_READ_8M_VOLUME_FLUSH_SEAL_COMMIT_CALLS	0
SEQ_READ_8M_VOLUME_FLUSH_SEAL_COMMIT_SAMPLES	0
SEQ_READ_8M_VOLUME_FLUSH_SEAL_COMMIT_SAMPLE_TICKS	0
SEQ_READ_8M_VOLUME_FLUSH_INODE_READ_CALLS	0
SEQ_READ_8M_VOLUME_FLUSH_BTREE_SEARCH_CALLS	0
SEQ_READ_8M_VOLUME_FLUSH_BTREE_INDEX_HINT_HITS	0
SEQ_READ_8M_VOLUME_FLUSH_BTREE_LEAF_HINT_HITS	0
SEQ_READ_8M_VOLUME_FLUSH_CACHE_READ_CALLS	0
SEQ_READ_8M_VOLUME_FLUSH_CACHE_READ_HITS	0
SEQ_READ_8M_VOLUME_FLUSH_CACHE_READ_MISSES	0
SEQ_READ_8M_VOLUME_FLUSH_FREE_TREE_NODE_VIEWS	0
SEQ_READ_8M_VOLUME_FLUSH_FREE_TREE_RESIDENT_VIEWS	0
SEQ_READ_8M_VOLUME_FLUSH_DIR_TREE_NODE_VIEWS	0
SEQ_READ_8M_VOLUME_FLUSH_DIR_TREE_RESIDENT_VIEWS	0
SEQ_READ_8M_VOLUME_FLUSH_INODE_TREE_NODE_VIEWS	0
SEQ_READ_8M_VOLUME_FLUSH_INODE_TREE_RESIDENT_VIEWS	0
SEQ_READ_8M_VOLUME_FLUSH_REFCOUNT_TREE_NODE_VIEWS	0
SEQ_READ_8M_VOLUME_FLUSH_REFCOUNT_TREE_RESIDENT_VIEWS	0
SEQ_READ_8M_VOLUME_FLUSH_OTHER_TREE_NODE_VIEWS	0
SEQ_READ_8M_VOLUME_FLUSH_OTHER_TREE_RESIDENT_VIEWS	0
SEQ_READ_8M_VOLUME_FLUSH_WRITE_DETAIL_INODE_READ_CALLS	0
SEQ_READ_8M_VOLUME_FLUSH_WRITE_DETAIL_INODE_READ_SAMPLES	0
SEQ_READ_8M_VOLUME_FLUSH_WRITE_DETAIL_INODE_READ_SAMPLE_TICKS	0
SEQ_READ_8M_VOLUME_FLUSH_WRITE_DETAIL_INODE_WRITE_CALLS	0
SEQ_READ_8M_VOLUME_FLUSH_WRITE_DETAIL_INODE_WRITE_SAMPLES	0
SEQ_READ_8M_VOLUME_FLUSH_WRITE_DETAIL_INODE_WRITE_SAMPLE_TICKS	0
SEQ_READ_8M_VOLUME_FLUSH_WRITE_DETAIL_EXTENT_MAP_CALLS	0
SEQ_READ_8M_VOLUME_FLUSH_WRITE_DETAIL_EXTENT_MAP_SAMPLES	0
SEQ_READ_8M_VOLUME_FLUSH_WRITE_DETAIL_EXTENT_MAP_SAMPLE_TICKS	0
SEQ_READ_8M_VOLUME_FLUSH_WRITE_DETAIL_FREESPACE_GOAL_CALLS	0
SEQ_READ_8M_VOLUME_FLUSH_WRITE_DETAIL_FREESPACE_GOAL_SAMPLES	0
SEQ_READ_8M_VOLUME_FLUSH_WRITE_DETAIL_FREESPACE_GOAL_SAMPLE_TICKS	0
SEQ_READ_8M_VOLUME_FLUSH_BTREE_MALLOC_CALLS	0
SEQ_READ_8M_VOLUME_FLUSH_BTREE_MALLOC_SAMPLES	0
SEQ_READ_8M_VOLUME_FLUSH_BTREE_MALLOC_SAMPLE_TICKS	0
SEQ_READ_8M_VOLUME_FLUSH_BTREE_FREE_CALLS	0
SEQ_READ_8M_VOLUME_FLUSH_BTREE_FREE_SAMPLES	0
SEQ_READ_8M_VOLUME_FLUSH_BTREE_FREE_SAMPLE_TICKS	0
SEQ_READ_8M_VOLUME_FLUSH_IFACE_ALLOC_CALLS	0
SEQ_READ_8M_VOLUME_FLUSH_IFACE_ALLOC_SAMPLES	0
SEQ_READ_8M_VOLUME_FLUSH_IFACE_ALLOC_SAMPLE_TICKS	0
SEQ_READ_8M_VOLUME_FLUSH_FREESPACE_ALLOC_CALLS	0
SEQ_READ_8M_VOLUME_FLUSH_FREESPACE_ALLOC_SAMPLES	0
SEQ_READ_8M_VOLUME_FLUSH_FREESPACE_ALLOC_SAMPLE_TICKS	0
SEQ_READ_8M_VOLUME_FLUSH_DETAIL_INODE_READ_CALLS	0
SEQ_READ_8M_VOLUME_FLUSH_DETAIL_INODE_READ_SAMPLES	0
SEQ_READ_8M_VOLUME_FLUSH_DETAIL_INODE_READ_SAMPLE_TICKS	0
SEQ_READ_8M_VOLUME_FLUSH_DETAIL_INODE_VALIDATE_CALLS	0
SEQ_READ_8M_VOLUME_FLUSH_DETAIL_INODE_VALIDATE_SAMPLES	0
SEQ_READ_8M_VOLUME_FLUSH_DETAIL_INODE_VALIDATE_SAMPLE_TICKS	0
SEQ_READ_8M_VOLUME_FLUSH_DETAIL_INODE_SEARCH_CALLS	0
SEQ_READ_8M_VOLUME_FLUSH_DETAIL_INODE_SEARCH_SAMPLES	0
SEQ_READ_8M_VOLUME_FLUSH_DETAIL_INODE_SEARCH_SAMPLE_TICKS	0
SEQ_READ_8M_VOLUME_FLUSH_DETAIL_INODE_NODE_VIEW_CALLS	0
SEQ_READ_8M_VOLUME_FLUSH_DETAIL_INODE_NODE_VIEW_SAMPLES	0
SEQ_READ_8M_VOLUME_FLUSH_DETAIL_INODE_NODE_VIEW_SAMPLE_TICKS	0
SEQ_READ_8M_VOLUME_FLUSH_DETAIL_DIR_NODE_VIEW_CALLS	0
SEQ_READ_8M_VOLUME_FLUSH_DETAIL_DIR_NODE_VIEW_SAMPLES	0
SEQ_READ_8M_VOLUME_FLUSH_DETAIL_DIR_NODE_VIEW_SAMPLE_TICKS	0
SEQ_READ_8M_VOLUME_FLUSH_DETAIL_INODE_BINARY_SEARCH_CALLS	0
SEQ_READ_8M_VOLUME_FLUSH_DETAIL_INODE_BINARY_SEARCH_SAMPLES	0
SEQ_READ_8M_VOLUME_FLUSH_DETAIL_INODE_BINARY_SEARCH_SAMPLE_TICKS	0
SEQ_READ_8M_VOLUME_FLUSH_DETAIL_DIR_BINARY_SEARCH_CALLS	0
SEQ_READ_8M_VOLUME_FLUSH_DETAIL_DIR_BINARY_SEARCH_SAMPLES	0
SEQ_READ_8M_VOLUME_FLUSH_DETAIL_DIR_BINARY_SEARCH_SAMPLE_TICKS	0
SEQ_READ_8M_VOLUME_FLUSH_DETAIL_NODE_STRUCTURE_CALLS	0
SEQ_READ_8M_VOLUME_FLUSH_DETAIL_NODE_STRUCTURE_SAMPLES	0
SEQ_READ_8M_VOLUME_FLUSH_DETAIL_NODE_STRUCTURE_SAMPLE_TICKS	0
SEQ_READ_8M_VOLUME_FLUSH_DETAIL_CACHE_PEEK_CALLS	0
SEQ_READ_8M_VOLUME_FLUSH_DETAIL_CACHE_PEEK_SAMPLES	0
SEQ_READ_8M_VOLUME_FLUSH_DETAIL_CACHE_PEEK_SAMPLE_TICKS	0
SEQ_READ_8M_VOLUME_FLUSH_DETAIL_BUFFER_ALLOC_CALLS	0
SEQ_READ_8M_VOLUME_FLUSH_DETAIL_BUFFER_ALLOC_SAMPLES	0
SEQ_READ_8M_VOLUME_FLUSH_DETAIL_BUFFER_ALLOC_SAMPLE_TICKS	0
SEQ_READ_8M_VOLUME_FLUSH_DETAIL_BUFFER_FREE_CALLS	0
SEQ_READ_8M_VOLUME_FLUSH_DETAIL_BUFFER_FREE_SAMPLES	0
SEQ_READ_8M_VOLUME_FLUSH_DETAIL_BUFFER_FREE_SAMPLE_TICKS	0
SEQ_READ_8M_VOLUME_FLUSH_DETAIL_EXALL_FILL_CALLS	0
SEQ_READ_8M_VOLUME_FLUSH_DETAIL_EXALL_FILL_SAMPLES	0
SEQ_READ_8M_VOLUME_FLUSH_DETAIL_EXALL_FILL_SAMPLE_TICKS	0
SEQ_READ_8M_VOLUME_FLUSH_FREESPACE_ALLOCS	0
SMALL_DELETE_40_US	19263
SMALL_DELETE_40_WORK_US	19263
SMALL_DELETE_40_VOLUME_FLUSH_US	0
SMALL_DELETE_40_HAS_VOLUME_FLUSH	0
SMALL_DELETE_40_GUEST_OPEN_CALLS	0
SMALL_DELETE_40_GUEST_OPEN_US	0
SMALL_DELETE_40_GUEST_READ_CALLS	0
SMALL_DELETE_40_GUEST_READ_US	0
SMALL_DELETE_40_GUEST_WRITE_CALLS	0
SMALL_DELETE_40_GUEST_WRITE_US	0
SMALL_DELETE_40_GUEST_HANDLE_FLUSH_CALLS	0
SMALL_DELETE_40_GUEST_HANDLE_FLUSH_US	0
SMALL_DELETE_40_GUEST_CLOSE_CALLS	0
SMALL_DELETE_40_GUEST_CLOSE_US	0
SMALL_DELETE_40_GUEST_VERIFY_CALLS	0
SMALL_DELETE_40_GUEST_VERIFY_US	0
SMALL_DELETE_40_WORK_BIO_READS	0
SMALL_DELETE_40_WORK_BIO_WRITES	0
SMALL_DELETE_40_WORK_BIO_UPDATES	0
SMALL_DELETE_40_WORK_DATA_READS	0
SMALL_DELETE_40_WORK_DATA_WRITES	0
SMALL_DELETE_40_WORK_NODE_WRITES	0
SMALL_DELETE_40_WORK_TXN_COMMITS	0
SMALL_DELETE_40_WORK_EXTENT_MAPS	0
SMALL_DELETE_40_WORK_READ_TICKS	0
SMALL_DELETE_40_WORK_WRITE_TICKS	0
SMALL_DELETE_40_WORK_UPDATE_TICKS	0
SMALL_DELETE_40_WORK_DATA_READ_TICKS	0
SMALL_DELETE_40_WORK_DATA_WRITE_TICKS	0
SMALL_DELETE_40_WORK_NODE_CRC_READ_CALLS	0
SMALL_DELETE_40_WORK_NODE_CRC_READ_SAMPLES	0
SMALL_DELETE_40_WORK_NODE_CRC_READ_SAMPLE_TICKS	0
SMALL_DELETE_40_WORK_NODE_CRC_WRITE_CALLS	0
SMALL_DELETE_40_WORK_NODE_CRC_WRITE_SAMPLES	0
SMALL_DELETE_40_WORK_NODE_CRC_WRITE_SAMPLE_TICKS	0
SMALL_DELETE_40_WORK_CLOCK_PAIR_TICKS	1
SMALL_DELETE_40_WORK_PACKET_CALLS	40
SMALL_DELETE_40_WORK_PACKET_SAMPLES	40
SMALL_DELETE_40_WORK_PACKET_SAMPLE_TICKS	11487
SMALL_DELETE_40_WORK_PACKET_OPEN_CALLS	0
SMALL_DELETE_40_WORK_PACKET_OPEN_SAMPLES	0
SMALL_DELETE_40_WORK_PACKET_OPEN_SAMPLE_TICKS	0
SMALL_DELETE_40_WORK_PACKET_READ_CALLS	0
SMALL_DELETE_40_WORK_PACKET_READ_SAMPLES	0
SMALL_DELETE_40_WORK_PACKET_READ_SAMPLE_TICKS	0
SMALL_DELETE_40_WORK_PACKET_WRITE_CALLS	0
SMALL_DELETE_40_WORK_PACKET_WRITE_SAMPLES	0
SMALL_DELETE_40_WORK_PACKET_WRITE_SAMPLE_TICKS	0
SMALL_DELETE_40_WORK_PACKET_END_CALLS	0
SMALL_DELETE_40_WORK_PACKET_END_SAMPLES	0
SMALL_DELETE_40_WORK_PACKET_END_SAMPLE_TICKS	0
SMALL_DELETE_40_WORK_PACKET_DELETE_CALLS	40
SMALL_DELETE_40_WORK_PACKET_DELETE_SAMPLES	40
SMALL_DELETE_40_WORK_PACKET_DELETE_SAMPLE_TICKS	11487
SMALL_DELETE_40_WORK_PACKET_FLUSH_CALLS	0
SMALL_DELETE_40_WORK_PACKET_FLUSH_SAMPLES	0
SMALL_DELETE_40_WORK_PACKET_FLUSH_SAMPLE_TICKS	0
SMALL_DELETE_40_WORK_PACKET_OTHER_CALLS	0
SMALL_DELETE_40_WORK_PACKET_OTHER_SAMPLES	0
SMALL_DELETE_40_WORK_PACKET_OTHER_SAMPLE_TICKS	0
SMALL_DELETE_40_WORK_CORE_CREATE_CALLS	0
SMALL_DELETE_40_WORK_CORE_CREATE_SAMPLES	0
SMALL_DELETE_40_WORK_CORE_CREATE_SAMPLE_TICKS	0
SMALL_DELETE_40_WORK_CORE_DELETE_CALLS	40
SMALL_DELETE_40_WORK_CORE_DELETE_SAMPLES	40
SMALL_DELETE_40_WORK_CORE_DELETE_SAMPLE_TICKS	7016
SMALL_DELETE_40_WORK_CORE_FILE_WRITE_CALLS	0
SMALL_DELETE_40_WORK_CORE_FILE_WRITE_SAMPLES	0
SMALL_DELETE_40_WORK_CORE_FILE_WRITE_SAMPLE_TICKS	0
SMALL_DELETE_40_WORK_CORE_SYNC_CALLS	0
SMALL_DELETE_40_WORK_CORE_SYNC_SAMPLES	0
SMALL_DELETE_40_WORK_CORE_SYNC_SAMPLE_TICKS	0
SMALL_DELETE_40_WORK_IFACE_FREE_CALLS	0
SMALL_DELETE_40_WORK_IFACE_FREE_SAMPLES	0
SMALL_DELETE_40_WORK_IFACE_FREE_SAMPLE_TICKS	0
SMALL_DELETE_40_WORK_SEAL_COMMIT_CALLS	0
SMALL_DELETE_40_WORK_SEAL_COMMIT_SAMPLES	0
SMALL_DELETE_40_WORK_SEAL_COMMIT_SAMPLE_TICKS	0
SMALL_DELETE_40_WORK_INODE_READ_CALLS	80
SMALL_DELETE_40_WORK_BTREE_SEARCH_CALLS	280
SMALL_DELETE_40_WORK_BTREE_INDEX_HINT_HITS	40
SMALL_DELETE_40_WORK_BTREE_LEAF_HINT_HITS	160
SMALL_DELETE_40_WORK_CACHE_READ_CALLS	6
SMALL_DELETE_40_WORK_CACHE_READ_HITS	6
SMALL_DELETE_40_WORK_CACHE_READ_MISSES	0
SMALL_DELETE_40_WORK_FREE_TREE_NODE_VIEWS	3
SMALL_DELETE_40_WORK_FREE_TREE_RESIDENT_VIEWS	2
SMALL_DELETE_40_WORK_DIR_TREE_NODE_VIEWS	40
SMALL_DELETE_40_WORK_DIR_TREE_RESIDENT_VIEWS	39
SMALL_DELETE_40_WORK_INODE_TREE_NODE_VIEWS	40
SMALL_DELETE_40_WORK_INODE_TREE_RESIDENT_VIEWS	39
SMALL_DELETE_40_WORK_REFCOUNT_TREE_NODE_VIEWS	0
SMALL_DELETE_40_WORK_REFCOUNT_TREE_RESIDENT_VIEWS	0
SMALL_DELETE_40_WORK_OTHER_TREE_NODE_VIEWS	0
SMALL_DELETE_40_WORK_OTHER_TREE_RESIDENT_VIEWS	0
SMALL_DELETE_40_WORK_WRITE_DETAIL_INODE_READ_CALLS	80
SMALL_DELETE_40_WORK_WRITE_DETAIL_INODE_READ_SAMPLES	80
SMALL_DELETE_40_WORK_WRITE_DETAIL_INODE_READ_SAMPLE_TICKS	1974
SMALL_DELETE_40_WORK_WRITE_DETAIL_INODE_WRITE_CALLS	0
SMALL_DELETE_40_WORK_WRITE_DETAIL_INODE_WRITE_SAMPLES	0
SMALL_DELETE_40_WORK_WRITE_DETAIL_INODE_WRITE_SAMPLE_TICKS	0
SMALL_DELETE_40_WORK_WRITE_DETAIL_EXTENT_MAP_CALLS	0
SMALL_DELETE_40_WORK_WRITE_DETAIL_EXTENT_MAP_SAMPLES	0
SMALL_DELETE_40_WORK_WRITE_DETAIL_EXTENT_MAP_SAMPLE_TICKS	0
SMALL_DELETE_40_WORK_WRITE_DETAIL_FREESPACE_GOAL_CALLS	0
SMALL_DELETE_40_WORK_WRITE_DETAIL_FREESPACE_GOAL_SAMPLES	0
SMALL_DELETE_40_WORK_WRITE_DETAIL_FREESPACE_GOAL_SAMPLE_TICKS	0
SMALL_DELETE_40_WORK_BTREE_MALLOC_CALLS	0
SMALL_DELETE_40_WORK_BTREE_MALLOC_SAMPLES	0
SMALL_DELETE_40_WORK_BTREE_MALLOC_SAMPLE_TICKS	0
SMALL_DELETE_40_WORK_BTREE_FREE_CALLS	0
SMALL_DELETE_40_WORK_BTREE_FREE_SAMPLES	0
SMALL_DELETE_40_WORK_BTREE_FREE_SAMPLE_TICKS	0
SMALL_DELETE_40_WORK_IFACE_ALLOC_CALLS	2
SMALL_DELETE_40_WORK_IFACE_ALLOC_SAMPLES	2
SMALL_DELETE_40_WORK_IFACE_ALLOC_SAMPLE_TICKS	182
SMALL_DELETE_40_WORK_FREESPACE_ALLOC_CALLS	2
SMALL_DELETE_40_WORK_FREESPACE_ALLOC_SAMPLES	2
SMALL_DELETE_40_WORK_FREESPACE_ALLOC_SAMPLE_TICKS	182
SMALL_DELETE_40_WORK_DETAIL_INODE_READ_CALLS	80
SMALL_DELETE_40_WORK_DETAIL_INODE_READ_SAMPLES	4
SMALL_DELETE_40_WORK_DETAIL_INODE_READ_SAMPLE_TICKS	97
SMALL_DELETE_40_WORK_DETAIL_INODE_VALIDATE_CALLS	80
SMALL_DELETE_40_WORK_DETAIL_INODE_VALIDATE_SAMPLES	4
SMALL_DELETE_40_WORK_DETAIL_INODE_VALIDATE_SAMPLE_TICKS	0
SMALL_DELETE_40_WORK_DETAIL_INODE_SEARCH_CALLS	80
SMALL_DELETE_40_WORK_DETAIL_INODE_SEARCH_SAMPLES	4
SMALL_DELETE_40_WORK_DETAIL_INODE_SEARCH_SAMPLE_TICKS	90
SMALL_DELETE_40_WORK_DETAIL_INODE_NODE_VIEW_CALLS	40
SMALL_DELETE_40_WORK_DETAIL_INODE_NODE_VIEW_SAMPLES	2
SMALL_DELETE_40_WORK_DETAIL_INODE_NODE_VIEW_SAMPLE_TICKS	0
SMALL_DELETE_40_WORK_DETAIL_DIR_NODE_VIEW_CALLS	40
SMALL_DELETE_40_WORK_DETAIL_DIR_NODE_VIEW_SAMPLES	2
SMALL_DELETE_40_WORK_DETAIL_DIR_NODE_VIEW_SAMPLE_TICKS	44
SMALL_DELETE_40_WORK_DETAIL_INODE_BINARY_SEARCH_CALLS	80
SMALL_DELETE_40_WORK_DETAIL_INODE_BINARY_SEARCH_SAMPLES	4
SMALL_DELETE_40_WORK_DETAIL_INODE_BINARY_SEARCH_SAMPLE_TICKS	0
SMALL_DELETE_40_WORK_DETAIL_DIR_BINARY_SEARCH_CALLS	240
SMALL_DELETE_40_WORK_DETAIL_DIR_BINARY_SEARCH_SAMPLES	14
SMALL_DELETE_40_WORK_DETAIL_DIR_BINARY_SEARCH_SAMPLE_TICKS	91
SMALL_DELETE_40_WORK_DETAIL_NODE_STRUCTURE_CALLS	6
SMALL_DELETE_40_WORK_DETAIL_NODE_STRUCTURE_SAMPLES	0
SMALL_DELETE_40_WORK_DETAIL_NODE_STRUCTURE_SAMPLE_TICKS	0
SMALL_DELETE_40_WORK_DETAIL_CACHE_PEEK_CALLS	283
SMALL_DELETE_40_WORK_DETAIL_CACHE_PEEK_SAMPLES	16
SMALL_DELETE_40_WORK_DETAIL_CACHE_PEEK_SAMPLE_TICKS	65
SMALL_DELETE_40_WORK_DETAIL_BUFFER_ALLOC_CALLS	85
SMALL_DELETE_40_WORK_DETAIL_BUFFER_ALLOC_SAMPLES	5
SMALL_DELETE_40_WORK_DETAIL_BUFFER_ALLOC_SAMPLE_TICKS	45
SMALL_DELETE_40_WORK_DETAIL_BUFFER_FREE_CALLS	88
SMALL_DELETE_40_WORK_DETAIL_BUFFER_FREE_SAMPLES	5
SMALL_DELETE_40_WORK_DETAIL_BUFFER_FREE_SAMPLE_TICKS	0
SMALL_DELETE_40_WORK_DETAIL_EXALL_FILL_CALLS	0
SMALL_DELETE_40_WORK_DETAIL_EXALL_FILL_SAMPLES	0
SMALL_DELETE_40_WORK_DETAIL_EXALL_FILL_SAMPLE_TICKS	0
SMALL_DELETE_40_WORK_FREESPACE_ALLOCS	2
SMALL_DELETE_40_VOLUME_FLUSH_BIO_READS	0
SMALL_DELETE_40_VOLUME_FLUSH_BIO_WRITES	0
SMALL_DELETE_40_VOLUME_FLUSH_BIO_UPDATES	0
SMALL_DELETE_40_VOLUME_FLUSH_DATA_READS	0
SMALL_DELETE_40_VOLUME_FLUSH_DATA_WRITES	0
SMALL_DELETE_40_VOLUME_FLUSH_NODE_WRITES	0
SMALL_DELETE_40_VOLUME_FLUSH_TXN_COMMITS	0
SMALL_DELETE_40_VOLUME_FLUSH_EXTENT_MAPS	0
SMALL_DELETE_40_VOLUME_FLUSH_READ_TICKS	0
SMALL_DELETE_40_VOLUME_FLUSH_WRITE_TICKS	0
SMALL_DELETE_40_VOLUME_FLUSH_UPDATE_TICKS	0
SMALL_DELETE_40_VOLUME_FLUSH_DATA_READ_TICKS	0
SMALL_DELETE_40_VOLUME_FLUSH_DATA_WRITE_TICKS	0
SMALL_DELETE_40_VOLUME_FLUSH_NODE_CRC_READ_CALLS	0
SMALL_DELETE_40_VOLUME_FLUSH_NODE_CRC_READ_SAMPLES	0
SMALL_DELETE_40_VOLUME_FLUSH_NODE_CRC_READ_SAMPLE_TICKS	0
SMALL_DELETE_40_VOLUME_FLUSH_NODE_CRC_WRITE_CALLS	0
SMALL_DELETE_40_VOLUME_FLUSH_NODE_CRC_WRITE_SAMPLES	0
SMALL_DELETE_40_VOLUME_FLUSH_NODE_CRC_WRITE_SAMPLE_TICKS	0
SMALL_DELETE_40_VOLUME_FLUSH_CLOCK_PAIR_TICKS	0
SMALL_DELETE_40_VOLUME_FLUSH_PACKET_CALLS	0
SMALL_DELETE_40_VOLUME_FLUSH_PACKET_SAMPLES	0
SMALL_DELETE_40_VOLUME_FLUSH_PACKET_SAMPLE_TICKS	0
SMALL_DELETE_40_VOLUME_FLUSH_PACKET_OPEN_CALLS	0
SMALL_DELETE_40_VOLUME_FLUSH_PACKET_OPEN_SAMPLES	0
SMALL_DELETE_40_VOLUME_FLUSH_PACKET_OPEN_SAMPLE_TICKS	0
SMALL_DELETE_40_VOLUME_FLUSH_PACKET_READ_CALLS	0
SMALL_DELETE_40_VOLUME_FLUSH_PACKET_READ_SAMPLES	0
SMALL_DELETE_40_VOLUME_FLUSH_PACKET_READ_SAMPLE_TICKS	0
SMALL_DELETE_40_VOLUME_FLUSH_PACKET_WRITE_CALLS	0
SMALL_DELETE_40_VOLUME_FLUSH_PACKET_WRITE_SAMPLES	0
SMALL_DELETE_40_VOLUME_FLUSH_PACKET_WRITE_SAMPLE_TICKS	0
SMALL_DELETE_40_VOLUME_FLUSH_PACKET_END_CALLS	0
SMALL_DELETE_40_VOLUME_FLUSH_PACKET_END_SAMPLES	0
SMALL_DELETE_40_VOLUME_FLUSH_PACKET_END_SAMPLE_TICKS	0
SMALL_DELETE_40_VOLUME_FLUSH_PACKET_DELETE_CALLS	0
SMALL_DELETE_40_VOLUME_FLUSH_PACKET_DELETE_SAMPLES	0
SMALL_DELETE_40_VOLUME_FLUSH_PACKET_DELETE_SAMPLE_TICKS	0
SMALL_DELETE_40_VOLUME_FLUSH_PACKET_FLUSH_CALLS	0
SMALL_DELETE_40_VOLUME_FLUSH_PACKET_FLUSH_SAMPLES	0
SMALL_DELETE_40_VOLUME_FLUSH_PACKET_FLUSH_SAMPLE_TICKS	0
SMALL_DELETE_40_VOLUME_FLUSH_PACKET_OTHER_CALLS	0
SMALL_DELETE_40_VOLUME_FLUSH_PACKET_OTHER_SAMPLES	0
SMALL_DELETE_40_VOLUME_FLUSH_PACKET_OTHER_SAMPLE_TICKS	0
SMALL_DELETE_40_VOLUME_FLUSH_CORE_CREATE_CALLS	0
SMALL_DELETE_40_VOLUME_FLUSH_CORE_CREATE_SAMPLES	0
SMALL_DELETE_40_VOLUME_FLUSH_CORE_CREATE_SAMPLE_TICKS	0
SMALL_DELETE_40_VOLUME_FLUSH_CORE_DELETE_CALLS	0
SMALL_DELETE_40_VOLUME_FLUSH_CORE_DELETE_SAMPLES	0
SMALL_DELETE_40_VOLUME_FLUSH_CORE_DELETE_SAMPLE_TICKS	0
SMALL_DELETE_40_VOLUME_FLUSH_CORE_FILE_WRITE_CALLS	0
SMALL_DELETE_40_VOLUME_FLUSH_CORE_FILE_WRITE_SAMPLES	0
SMALL_DELETE_40_VOLUME_FLUSH_CORE_FILE_WRITE_SAMPLE_TICKS	0
SMALL_DELETE_40_VOLUME_FLUSH_CORE_SYNC_CALLS	0
SMALL_DELETE_40_VOLUME_FLUSH_CORE_SYNC_SAMPLES	0
SMALL_DELETE_40_VOLUME_FLUSH_CORE_SYNC_SAMPLE_TICKS	0
SMALL_DELETE_40_VOLUME_FLUSH_IFACE_FREE_CALLS	0
SMALL_DELETE_40_VOLUME_FLUSH_IFACE_FREE_SAMPLES	0
SMALL_DELETE_40_VOLUME_FLUSH_IFACE_FREE_SAMPLE_TICKS	0
SMALL_DELETE_40_VOLUME_FLUSH_SEAL_COMMIT_CALLS	0
SMALL_DELETE_40_VOLUME_FLUSH_SEAL_COMMIT_SAMPLES	0
SMALL_DELETE_40_VOLUME_FLUSH_SEAL_COMMIT_SAMPLE_TICKS	0
SMALL_DELETE_40_VOLUME_FLUSH_INODE_READ_CALLS	0
SMALL_DELETE_40_VOLUME_FLUSH_BTREE_SEARCH_CALLS	0
SMALL_DELETE_40_VOLUME_FLUSH_BTREE_INDEX_HINT_HITS	0
SMALL_DELETE_40_VOLUME_FLUSH_BTREE_LEAF_HINT_HITS	0
SMALL_DELETE_40_VOLUME_FLUSH_CACHE_READ_CALLS	0
SMALL_DELETE_40_VOLUME_FLUSH_CACHE_READ_HITS	0
SMALL_DELETE_40_VOLUME_FLUSH_CACHE_READ_MISSES	0
SMALL_DELETE_40_VOLUME_FLUSH_FREE_TREE_NODE_VIEWS	0
SMALL_DELETE_40_VOLUME_FLUSH_FREE_TREE_RESIDENT_VIEWS	0
SMALL_DELETE_40_VOLUME_FLUSH_DIR_TREE_NODE_VIEWS	0
SMALL_DELETE_40_VOLUME_FLUSH_DIR_TREE_RESIDENT_VIEWS	0
SMALL_DELETE_40_VOLUME_FLUSH_INODE_TREE_NODE_VIEWS	0
SMALL_DELETE_40_VOLUME_FLUSH_INODE_TREE_RESIDENT_VIEWS	0
SMALL_DELETE_40_VOLUME_FLUSH_REFCOUNT_TREE_NODE_VIEWS	0
SMALL_DELETE_40_VOLUME_FLUSH_REFCOUNT_TREE_RESIDENT_VIEWS	0
SMALL_DELETE_40_VOLUME_FLUSH_OTHER_TREE_NODE_VIEWS	0
SMALL_DELETE_40_VOLUME_FLUSH_OTHER_TREE_RESIDENT_VIEWS	0
SMALL_DELETE_40_VOLUME_FLUSH_WRITE_DETAIL_INODE_READ_CALLS	0
SMALL_DELETE_40_VOLUME_FLUSH_WRITE_DETAIL_INODE_READ_SAMPLES	0
SMALL_DELETE_40_VOLUME_FLUSH_WRITE_DETAIL_INODE_READ_SAMPLE_TICKS	0
SMALL_DELETE_40_VOLUME_FLUSH_WRITE_DETAIL_INODE_WRITE_CALLS	0
SMALL_DELETE_40_VOLUME_FLUSH_WRITE_DETAIL_INODE_WRITE_SAMPLES	0
SMALL_DELETE_40_VOLUME_FLUSH_WRITE_DETAIL_INODE_WRITE_SAMPLE_TICKS	0
SMALL_DELETE_40_VOLUME_FLUSH_WRITE_DETAIL_EXTENT_MAP_CALLS	0
SMALL_DELETE_40_VOLUME_FLUSH_WRITE_DETAIL_EXTENT_MAP_SAMPLES	0
SMALL_DELETE_40_VOLUME_FLUSH_WRITE_DETAIL_EXTENT_MAP_SAMPLE_TICKS	0
SMALL_DELETE_40_VOLUME_FLUSH_WRITE_DETAIL_FREESPACE_GOAL_CALLS	0
SMALL_DELETE_40_VOLUME_FLUSH_WRITE_DETAIL_FREESPACE_GOAL_SAMPLES	0
SMALL_DELETE_40_VOLUME_FLUSH_WRITE_DETAIL_FREESPACE_GOAL_SAMPLE_TICKS	0
SMALL_DELETE_40_VOLUME_FLUSH_BTREE_MALLOC_CALLS	0
SMALL_DELETE_40_VOLUME_FLUSH_BTREE_MALLOC_SAMPLES	0
SMALL_DELETE_40_VOLUME_FLUSH_BTREE_MALLOC_SAMPLE_TICKS	0
SMALL_DELETE_40_VOLUME_FLUSH_BTREE_FREE_CALLS	0
SMALL_DELETE_40_VOLUME_FLUSH_BTREE_FREE_SAMPLES	0
SMALL_DELETE_40_VOLUME_FLUSH_BTREE_FREE_SAMPLE_TICKS	0
SMALL_DELETE_40_VOLUME_FLUSH_IFACE_ALLOC_CALLS	0
SMALL_DELETE_40_VOLUME_FLUSH_IFACE_ALLOC_SAMPLES	0
SMALL_DELETE_40_VOLUME_FLUSH_IFACE_ALLOC_SAMPLE_TICKS	0
SMALL_DELETE_40_VOLUME_FLUSH_FREESPACE_ALLOC_CALLS	0
SMALL_DELETE_40_VOLUME_FLUSH_FREESPACE_ALLOC_SAMPLES	0
SMALL_DELETE_40_VOLUME_FLUSH_FREESPACE_ALLOC_SAMPLE_TICKS	0
SMALL_DELETE_40_VOLUME_FLUSH_DETAIL_INODE_READ_CALLS	0
SMALL_DELETE_40_VOLUME_FLUSH_DETAIL_INODE_READ_SAMPLES	0
SMALL_DELETE_40_VOLUME_FLUSH_DETAIL_INODE_READ_SAMPLE_TICKS	0
SMALL_DELETE_40_VOLUME_FLUSH_DETAIL_INODE_VALIDATE_CALLS	0
SMALL_DELETE_40_VOLUME_FLUSH_DETAIL_INODE_VALIDATE_SAMPLES	0
SMALL_DELETE_40_VOLUME_FLUSH_DETAIL_INODE_VALIDATE_SAMPLE_TICKS	0
SMALL_DELETE_40_VOLUME_FLUSH_DETAIL_INODE_SEARCH_CALLS	0
SMALL_DELETE_40_VOLUME_FLUSH_DETAIL_INODE_SEARCH_SAMPLES	0
SMALL_DELETE_40_VOLUME_FLUSH_DETAIL_INODE_SEARCH_SAMPLE_TICKS	0
SMALL_DELETE_40_VOLUME_FLUSH_DETAIL_INODE_NODE_VIEW_CALLS	0
SMALL_DELETE_40_VOLUME_FLUSH_DETAIL_INODE_NODE_VIEW_SAMPLES	0
SMALL_DELETE_40_VOLUME_FLUSH_DETAIL_INODE_NODE_VIEW_SAMPLE_TICKS	0
SMALL_DELETE_40_VOLUME_FLUSH_DETAIL_DIR_NODE_VIEW_CALLS	0
SMALL_DELETE_40_VOLUME_FLUSH_DETAIL_DIR_NODE_VIEW_SAMPLES	0
SMALL_DELETE_40_VOLUME_FLUSH_DETAIL_DIR_NODE_VIEW_SAMPLE_TICKS	0
SMALL_DELETE_40_VOLUME_FLUSH_DETAIL_INODE_BINARY_SEARCH_CALLS	0
SMALL_DELETE_40_VOLUME_FLUSH_DETAIL_INODE_BINARY_SEARCH_SAMPLES	0
SMALL_DELETE_40_VOLUME_FLUSH_DETAIL_INODE_BINARY_SEARCH_SAMPLE_TICKS	0
SMALL_DELETE_40_VOLUME_FLUSH_DETAIL_DIR_BINARY_SEARCH_CALLS	0
SMALL_DELETE_40_VOLUME_FLUSH_DETAIL_DIR_BINARY_SEARCH_SAMPLES	0
SMALL_DELETE_40_VOLUME_FLUSH_DETAIL_DIR_BINARY_SEARCH_SAMPLE_TICKS	0
SMALL_DELETE_40_VOLUME_FLUSH_DETAIL_NODE_STRUCTURE_CALLS	0
SMALL_DELETE_40_VOLUME_FLUSH_DETAIL_NODE_STRUCTURE_SAMPLES	0
SMALL_DELETE_40_VOLUME_FLUSH_DETAIL_NODE_STRUCTURE_SAMPLE_TICKS	0
SMALL_DELETE_40_VOLUME_FLUSH_DETAIL_CACHE_PEEK_CALLS	0
SMALL_DELETE_40_VOLUME_FLUSH_DETAIL_CACHE_PEEK_SAMPLES	0
SMALL_DELETE_40_VOLUME_FLUSH_DETAIL_CACHE_PEEK_SAMPLE_TICKS	0
SMALL_DELETE_40_VOLUME_FLUSH_DETAIL_BUFFER_ALLOC_CALLS	0
SMALL_DELETE_40_VOLUME_FLUSH_DETAIL_BUFFER_ALLOC_SAMPLES	0
SMALL_DELETE_40_VOLUME_FLUSH_DETAIL_BUFFER_ALLOC_SAMPLE_TICKS	0
SMALL_DELETE_40_VOLUME_FLUSH_DETAIL_BUFFER_FREE_CALLS	0
SMALL_DELETE_40_VOLUME_FLUSH_DETAIL_BUFFER_FREE_SAMPLES	0
SMALL_DELETE_40_VOLUME_FLUSH_DETAIL_BUFFER_FREE_SAMPLE_TICKS	0
SMALL_DELETE_40_VOLUME_FLUSH_DETAIL_EXALL_FILL_CALLS	0
SMALL_DELETE_40_VOLUME_FLUSH_DETAIL_EXALL_FILL_SAMPLES	0
SMALL_DELETE_40_VOLUME_FLUSH_DETAIL_EXALL_FILL_SAMPLE_TICKS	0
SMALL_DELETE_40_VOLUME_FLUSH_FREESPACE_ALLOCS	0
APPEND_4K_1M_US	78144
APPEND_4K_1M_WORK_US	78144
APPEND_4K_1M_VOLUME_FLUSH_US	0
APPEND_4K_1M_HAS_VOLUME_FLUSH	0
APPEND_4K_1M_GUEST_OPEN_CALLS	1
APPEND_4K_1M_GUEST_OPEN_US	577
APPEND_4K_1M_GUEST_READ_CALLS	0
APPEND_4K_1M_GUEST_READ_US	0
APPEND_4K_1M_GUEST_WRITE_CALLS	256
APPEND_4K_1M_GUEST_WRITE_US	75812
APPEND_4K_1M_GUEST_HANDLE_FLUSH_CALLS	1
APPEND_4K_1M_GUEST_HANDLE_FLUSH_US	0
APPEND_4K_1M_GUEST_CLOSE_CALLS	1
APPEND_4K_1M_GUEST_CLOSE_US	64
APPEND_4K_1M_GUEST_VERIFY_CALLS	0
APPEND_4K_1M_GUEST_VERIFY_US	0
APPEND_4K_1M_WORK_BIO_READS	0
APPEND_4K_1M_WORK_BIO_WRITES	256
APPEND_4K_1M_WORK_BIO_UPDATES	0
APPEND_4K_1M_WORK_DATA_READS	0
APPEND_4K_1M_WORK_DATA_WRITES	256
APPEND_4K_1M_WORK_NODE_WRITES	0
APPEND_4K_1M_WORK_TXN_COMMITS	0
APPEND_4K_1M_WORK_EXTENT_MAPS	256
APPEND_4K_1M_WORK_READ_TICKS	0
APPEND_4K_1M_WORK_WRITE_TICKS	8989
APPEND_4K_1M_WORK_UPDATE_TICKS	0
APPEND_4K_1M_WORK_DATA_READ_TICKS	0
APPEND_4K_1M_WORK_DATA_WRITE_TICKS	8989
APPEND_4K_1M_WORK_NODE_CRC_READ_CALLS	0
APPEND_4K_1M_WORK_NODE_CRC_READ_SAMPLES	0
APPEND_4K_1M_WORK_NODE_CRC_READ_SAMPLE_TICKS	0
APPEND_4K_1M_WORK_NODE_CRC_WRITE_CALLS	0
APPEND_4K_1M_WORK_NODE_CRC_WRITE_SAMPLES	0
APPEND_4K_1M_WORK_NODE_CRC_WRITE_SAMPLE_TICKS	0
APPEND_4K_1M_WORK_CLOCK_PAIR_TICKS	0
APPEND_4K_1M_WORK_PACKET_CALLS	258
APPEND_4K_1M_WORK_PACKET_SAMPLES	258
APPEND_4K_1M_WORK_PACKET_SAMPLE_TICKS	49188
APPEND_4K_1M_WORK_PACKET_OPEN_CALLS	1
APPEND_4K_1M_WORK_PACKET_OPEN_SAMPLES	1
APPEND_4K_1M_WORK_PACKET_OPEN_SAMPLE_TICKS	318
APPEND_4K_1M_WORK_PACKET_READ_CALLS	0
APPEND_4K_1M_WORK_PACKET_READ_SAMPLES	0
APPEND_4K_1M_WORK_PACKET_READ_SAMPLE_TICKS	0
APPEND_4K_1M_WORK_PACKET_WRITE_CALLS	256
APPEND_4K_1M_WORK_PACKET_WRITE_SAMPLES	256
APPEND_4K_1M_WORK_PACKET_WRITE_SAMPLE_TICKS	48870
APPEND_4K_1M_WORK_PACKET_END_CALLS	1
APPEND_4K_1M_WORK_PACKET_END_SAMPLES	1
APPEND_4K_1M_WORK_PACKET_END_SAMPLE_TICKS	0
APPEND_4K_1M_WORK_PACKET_DELETE_CALLS	0
APPEND_4K_1M_WORK_PACKET_DELETE_SAMPLES	0
APPEND_4K_1M_WORK_PACKET_DELETE_SAMPLE_TICKS	0
APPEND_4K_1M_WORK_PACKET_FLUSH_CALLS	0
APPEND_4K_1M_WORK_PACKET_FLUSH_SAMPLES	0
APPEND_4K_1M_WORK_PACKET_FLUSH_SAMPLE_TICKS	0
APPEND_4K_1M_WORK_PACKET_OTHER_CALLS	0
APPEND_4K_1M_WORK_PACKET_OTHER_SAMPLES	0
APPEND_4K_1M_WORK_PACKET_OTHER_SAMPLE_TICKS	0
APPEND_4K_1M_WORK_CORE_CREATE_CALLS	1
APPEND_4K_1M_WORK_CORE_CREATE_SAMPLES	1
APPEND_4K_1M_WORK_CORE_CREATE_SAMPLE_TICKS	181
APPEND_4K_1M_WORK_CORE_DELETE_CALLS	0
APPEND_4K_1M_WORK_CORE_DELETE_SAMPLES	0
APPEND_4K_1M_WORK_CORE_DELETE_SAMPLE_TICKS	0
APPEND_4K_1M_WORK_CORE_FILE_WRITE_CALLS	256
APPEND_4K_1M_WORK_CORE_FILE_WRITE_SAMPLES	256
APPEND_4K_1M_WORK_CORE_FILE_WRITE_SAMPLE_TICKS	45881
APPEND_4K_1M_WORK_CORE_SYNC_CALLS	0
APPEND_4K_1M_WORK_CORE_SYNC_SAMPLES	0
APPEND_4K_1M_WORK_CORE_SYNC_SAMPLE_TICKS	0
APPEND_4K_1M_WORK_IFACE_FREE_CALLS	0
APPEND_4K_1M_WORK_IFACE_FREE_SAMPLES	0
APPEND_4K_1M_WORK_IFACE_FREE_SAMPLE_TICKS	0
APPEND_4K_1M_WORK_SEAL_COMMIT_CALLS	0
APPEND_4K_1M_WORK_SEAL_COMMIT_SAMPLES	0
APPEND_4K_1M_WORK_SEAL_COMMIT_SAMPLE_TICKS	0
APPEND_4K_1M_WORK_INODE_READ_CALLS	259
APPEND_4K_1M_WORK_BTREE_SEARCH_CALLS	5
APPEND_4K_1M_WORK_BTREE_INDEX_HINT_HITS	2
APPEND_4K_1M_WORK_BTREE_LEAF_HINT_HITS	0
APPEND_4K_1M_WORK_CACHE_READ_CALLS	0
APPEND_4K_1M_WORK_CACHE_READ_HITS	0
APPEND_4K_1M_WORK_CACHE_READ_MISSES	0
APPEND_4K_1M_WORK_FREE_TREE_NODE_VIEWS	256
APPEND_4K_1M_WORK_FREE_TREE_RESIDENT_VIEWS	256
APPEND_4K_1M_WORK_DIR_TREE_NODE_VIEWS	3
APPEND_4K_1M_WORK_DIR_TREE_RESIDENT_VIEWS	3
APPEND_4K_1M_WORK_INODE_TREE_NODE_VIEWS	2
APPEND_4K_1M_WORK_INODE_TREE_RESIDENT_VIEWS	2
APPEND_4K_1M_WORK_REFCOUNT_TREE_NODE_VIEWS	0
APPEND_4K_1M_WORK_REFCOUNT_TREE_RESIDENT_VIEWS	0
APPEND_4K_1M_WORK_OTHER_TREE_NODE_VIEWS	0
APPEND_4K_1M_WORK_OTHER_TREE_RESIDENT_VIEWS	0
APPEND_4K_1M_WORK_WRITE_DETAIL_INODE_READ_CALLS	259
APPEND_4K_1M_WORK_WRITE_DETAIL_INODE_READ_SAMPLES	259
APPEND_4K_1M_WORK_WRITE_DETAIL_INODE_READ_SAMPLE_TICKS	1620
APPEND_4K_1M_WORK_WRITE_DETAIL_INODE_WRITE_CALLS	2
APPEND_4K_1M_WORK_WRITE_DETAIL_INODE_WRITE_SAMPLES	2
APPEND_4K_1M_WORK_WRITE_DETAIL_INODE_WRITE_SAMPLE_TICKS	46
APPEND_4K_1M_WORK_WRITE_DETAIL_EXTENT_MAP_CALLS	256
APPEND_4K_1M_WORK_WRITE_DETAIL_EXTENT_MAP_SAMPLES	256
APPEND_4K_1M_WORK_WRITE_DETAIL_EXTENT_MAP_SAMPLE_TICKS	2693
APPEND_4K_1M_WORK_WRITE_DETAIL_FREESPACE_GOAL_CALLS	256
APPEND_4K_1M_WORK_WRITE_DETAIL_FREESPACE_GOAL_SAMPLES	256
APPEND_4K_1M_WORK_WRITE_DETAIL_FREESPACE_GOAL_SAMPLE_TICKS	11094
APPEND_4K_1M_WORK_BTREE_MALLOC_CALLS	0
APPEND_4K_1M_WORK_BTREE_MALLOC_SAMPLES	0
APPEND_4K_1M_WORK_BTREE_MALLOC_SAMPLE_TICKS	0
APPEND_4K_1M_WORK_BTREE_FREE_CALLS	2
APPEND_4K_1M_WORK_BTREE_FREE_SAMPLES	2
APPEND_4K_1M_WORK_BTREE_FREE_SAMPLE_TICKS	0
APPEND_4K_1M_WORK_IFACE_ALLOC_CALLS	0
APPEND_4K_1M_WORK_IFACE_ALLOC_SAMPLES	0
APPEND_4K_1M_WORK_IFACE_ALLOC_SAMPLE_TICKS	0
APPEND_4K_1M_WORK_FREESPACE_ALLOC_CALLS	256
APPEND_4K_1M_WORK_FREESPACE_ALLOC_SAMPLES	256
APPEND_4K_1M_WORK_FREESPACE_ALLOC_SAMPLE_TICKS	12633
APPEND_4K_1M_WORK_DETAIL_INODE_READ_CALLS	259
APPEND_4K_1M_WORK_DETAIL_INODE_READ_SAMPLES	15
APPEND_4K_1M_WORK_DETAIL_INODE_READ_SAMPLE_TICKS	52
APPEND_4K_1M_WORK_DETAIL_INODE_VALIDATE_CALLS	517
APPEND_4K_1M_WORK_DETAIL_INODE_VALIDATE_SAMPLES	30
APPEND_4K_1M_WORK_DETAIL_INODE_VALIDATE_SAMPLE_TICKS	101
APPEND_4K_1M_WORK_DETAIL_INODE_SEARCH_CALLS	4
APPEND_4K_1M_WORK_DETAIL_INODE_SEARCH_SAMPLES	0
APPEND_4K_1M_WORK_DETAIL_INODE_SEARCH_SAMPLE_TICKS	0
APPEND_4K_1M_WORK_DETAIL_INODE_NODE_VIEW_CALLS	2
APPEND_4K_1M_WORK_DETAIL_INODE_NODE_VIEW_SAMPLES	0
APPEND_4K_1M_WORK_DETAIL_INODE_NODE_VIEW_SAMPLE_TICKS	0
APPEND_4K_1M_WORK_DETAIL_DIR_NODE_VIEW_CALLS	3
APPEND_4K_1M_WORK_DETAIL_DIR_NODE_VIEW_SAMPLES	0
APPEND_4K_1M_WORK_DETAIL_DIR_NODE_VIEW_SAMPLE_TICKS	0
APPEND_4K_1M_WORK_DETAIL_INODE_BINARY_SEARCH_CALLS	5
APPEND_4K_1M_WORK_DETAIL_INODE_BINARY_SEARCH_SAMPLES	0
APPEND_4K_1M_WORK_DETAIL_INODE_BINARY_SEARCH_SAMPLE_TICKS	0
APPEND_4K_1M_WORK_DETAIL_DIR_BINARY_SEARCH_CALLS	4
APPEND_4K_1M_WORK_DETAIL_DIR_BINARY_SEARCH_SAMPLES	0
APPEND_4K_1M_WORK_DETAIL_DIR_BINARY_SEARCH_SAMPLE_TICKS	0
APPEND_4K_1M_WORK_DETAIL_NODE_STRUCTURE_CALLS	0
APPEND_4K_1M_WORK_DETAIL_NODE_STRUCTURE_SAMPLES	0
APPEND_4K_1M_WORK_DETAIL_NODE_STRUCTURE_SAMPLE_TICKS	0
APPEND_4K_1M_WORK_DETAIL_CACHE_PEEK_CALLS	263
APPEND_4K_1M_WORK_DETAIL_CACHE_PEEK_SAMPLES	15
APPEND_4K_1M_WORK_DETAIL_CACHE_PEEK_SAMPLE_TICKS	34
APPEND_4K_1M_WORK_DETAIL_BUFFER_ALLOC_CALLS	261
APPEND_4K_1M_WORK_DETAIL_BUFFER_ALLOC_SAMPLES	15
APPEND_4K_1M_WORK_DETAIL_BUFFER_ALLOC_SAMPLE_TICKS	104
APPEND_4K_1M_WORK_DETAIL_BUFFER_FREE_CALLS	261
APPEND_4K_1M_WORK_DETAIL_BUFFER_FREE_SAMPLES	15
APPEND_4K_1M_WORK_DETAIL_BUFFER_FREE_SAMPLE_TICKS	45
APPEND_4K_1M_WORK_DETAIL_EXALL_FILL_CALLS	0
APPEND_4K_1M_WORK_DETAIL_EXALL_FILL_SAMPLES	0
APPEND_4K_1M_WORK_DETAIL_EXALL_FILL_SAMPLE_TICKS	0
APPEND_4K_1M_WORK_FREESPACE_ALLOCS	256
APPEND_4K_1M_VOLUME_FLUSH_BIO_READS	0
APPEND_4K_1M_VOLUME_FLUSH_BIO_WRITES	0
APPEND_4K_1M_VOLUME_FLUSH_BIO_UPDATES	0
APPEND_4K_1M_VOLUME_FLUSH_DATA_READS	0
APPEND_4K_1M_VOLUME_FLUSH_DATA_WRITES	0
APPEND_4K_1M_VOLUME_FLUSH_NODE_WRITES	0
APPEND_4K_1M_VOLUME_FLUSH_TXN_COMMITS	0
APPEND_4K_1M_VOLUME_FLUSH_EXTENT_MAPS	0
APPEND_4K_1M_VOLUME_FLUSH_READ_TICKS	0
APPEND_4K_1M_VOLUME_FLUSH_WRITE_TICKS	0
APPEND_4K_1M_VOLUME_FLUSH_UPDATE_TICKS	0
APPEND_4K_1M_VOLUME_FLUSH_DATA_READ_TICKS	0
APPEND_4K_1M_VOLUME_FLUSH_DATA_WRITE_TICKS	0
APPEND_4K_1M_VOLUME_FLUSH_NODE_CRC_READ_CALLS	0
APPEND_4K_1M_VOLUME_FLUSH_NODE_CRC_READ_SAMPLES	0
APPEND_4K_1M_VOLUME_FLUSH_NODE_CRC_READ_SAMPLE_TICKS	0
APPEND_4K_1M_VOLUME_FLUSH_NODE_CRC_WRITE_CALLS	0
APPEND_4K_1M_VOLUME_FLUSH_NODE_CRC_WRITE_SAMPLES	0
APPEND_4K_1M_VOLUME_FLUSH_NODE_CRC_WRITE_SAMPLE_TICKS	0
APPEND_4K_1M_VOLUME_FLUSH_CLOCK_PAIR_TICKS	0
APPEND_4K_1M_VOLUME_FLUSH_PACKET_CALLS	0
APPEND_4K_1M_VOLUME_FLUSH_PACKET_SAMPLES	0
APPEND_4K_1M_VOLUME_FLUSH_PACKET_SAMPLE_TICKS	0
APPEND_4K_1M_VOLUME_FLUSH_PACKET_OPEN_CALLS	0
APPEND_4K_1M_VOLUME_FLUSH_PACKET_OPEN_SAMPLES	0
APPEND_4K_1M_VOLUME_FLUSH_PACKET_OPEN_SAMPLE_TICKS	0
APPEND_4K_1M_VOLUME_FLUSH_PACKET_READ_CALLS	0
APPEND_4K_1M_VOLUME_FLUSH_PACKET_READ_SAMPLES	0
APPEND_4K_1M_VOLUME_FLUSH_PACKET_READ_SAMPLE_TICKS	0
APPEND_4K_1M_VOLUME_FLUSH_PACKET_WRITE_CALLS	0
APPEND_4K_1M_VOLUME_FLUSH_PACKET_WRITE_SAMPLES	0
APPEND_4K_1M_VOLUME_FLUSH_PACKET_WRITE_SAMPLE_TICKS	0
APPEND_4K_1M_VOLUME_FLUSH_PACKET_END_CALLS	0
APPEND_4K_1M_VOLUME_FLUSH_PACKET_END_SAMPLES	0
APPEND_4K_1M_VOLUME_FLUSH_PACKET_END_SAMPLE_TICKS	0
APPEND_4K_1M_VOLUME_FLUSH_PACKET_DELETE_CALLS	0
APPEND_4K_1M_VOLUME_FLUSH_PACKET_DELETE_SAMPLES	0
APPEND_4K_1M_VOLUME_FLUSH_PACKET_DELETE_SAMPLE_TICKS	0
APPEND_4K_1M_VOLUME_FLUSH_PACKET_FLUSH_CALLS	0
APPEND_4K_1M_VOLUME_FLUSH_PACKET_FLUSH_SAMPLES	0
APPEND_4K_1M_VOLUME_FLUSH_PACKET_FLUSH_SAMPLE_TICKS	0
APPEND_4K_1M_VOLUME_FLUSH_PACKET_OTHER_CALLS	0
APPEND_4K_1M_VOLUME_FLUSH_PACKET_OTHER_SAMPLES	0
APPEND_4K_1M_VOLUME_FLUSH_PACKET_OTHER_SAMPLE_TICKS	0
APPEND_4K_1M_VOLUME_FLUSH_CORE_CREATE_CALLS	0
APPEND_4K_1M_VOLUME_FLUSH_CORE_CREATE_SAMPLES	0
APPEND_4K_1M_VOLUME_FLUSH_CORE_CREATE_SAMPLE_TICKS	0
APPEND_4K_1M_VOLUME_FLUSH_CORE_DELETE_CALLS	0
APPEND_4K_1M_VOLUME_FLUSH_CORE_DELETE_SAMPLES	0
APPEND_4K_1M_VOLUME_FLUSH_CORE_DELETE_SAMPLE_TICKS	0
APPEND_4K_1M_VOLUME_FLUSH_CORE_FILE_WRITE_CALLS	0
APPEND_4K_1M_VOLUME_FLUSH_CORE_FILE_WRITE_SAMPLES	0
APPEND_4K_1M_VOLUME_FLUSH_CORE_FILE_WRITE_SAMPLE_TICKS	0
APPEND_4K_1M_VOLUME_FLUSH_CORE_SYNC_CALLS	0
APPEND_4K_1M_VOLUME_FLUSH_CORE_SYNC_SAMPLES	0
APPEND_4K_1M_VOLUME_FLUSH_CORE_SYNC_SAMPLE_TICKS	0
APPEND_4K_1M_VOLUME_FLUSH_IFACE_FREE_CALLS	0
APPEND_4K_1M_VOLUME_FLUSH_IFACE_FREE_SAMPLES	0
APPEND_4K_1M_VOLUME_FLUSH_IFACE_FREE_SAMPLE_TICKS	0
APPEND_4K_1M_VOLUME_FLUSH_SEAL_COMMIT_CALLS	0
APPEND_4K_1M_VOLUME_FLUSH_SEAL_COMMIT_SAMPLES	0
APPEND_4K_1M_VOLUME_FLUSH_SEAL_COMMIT_SAMPLE_TICKS	0
APPEND_4K_1M_VOLUME_FLUSH_INODE_READ_CALLS	0
APPEND_4K_1M_VOLUME_FLUSH_BTREE_SEARCH_CALLS	0
APPEND_4K_1M_VOLUME_FLUSH_BTREE_INDEX_HINT_HITS	0
APPEND_4K_1M_VOLUME_FLUSH_BTREE_LEAF_HINT_HITS	0
APPEND_4K_1M_VOLUME_FLUSH_CACHE_READ_CALLS	0
APPEND_4K_1M_VOLUME_FLUSH_CACHE_READ_HITS	0
APPEND_4K_1M_VOLUME_FLUSH_CACHE_READ_MISSES	0
APPEND_4K_1M_VOLUME_FLUSH_FREE_TREE_NODE_VIEWS	0
APPEND_4K_1M_VOLUME_FLUSH_FREE_TREE_RESIDENT_VIEWS	0
APPEND_4K_1M_VOLUME_FLUSH_DIR_TREE_NODE_VIEWS	0
APPEND_4K_1M_VOLUME_FLUSH_DIR_TREE_RESIDENT_VIEWS	0
APPEND_4K_1M_VOLUME_FLUSH_INODE_TREE_NODE_VIEWS	0
APPEND_4K_1M_VOLUME_FLUSH_INODE_TREE_RESIDENT_VIEWS	0
APPEND_4K_1M_VOLUME_FLUSH_REFCOUNT_TREE_NODE_VIEWS	0
APPEND_4K_1M_VOLUME_FLUSH_REFCOUNT_TREE_RESIDENT_VIEWS	0
APPEND_4K_1M_VOLUME_FLUSH_OTHER_TREE_NODE_VIEWS	0
APPEND_4K_1M_VOLUME_FLUSH_OTHER_TREE_RESIDENT_VIEWS	0
APPEND_4K_1M_VOLUME_FLUSH_WRITE_DETAIL_INODE_READ_CALLS	0
APPEND_4K_1M_VOLUME_FLUSH_WRITE_DETAIL_INODE_READ_SAMPLES	0
APPEND_4K_1M_VOLUME_FLUSH_WRITE_DETAIL_INODE_READ_SAMPLE_TICKS	0
APPEND_4K_1M_VOLUME_FLUSH_WRITE_DETAIL_INODE_WRITE_CALLS	0
APPEND_4K_1M_VOLUME_FLUSH_WRITE_DETAIL_INODE_WRITE_SAMPLES	0
APPEND_4K_1M_VOLUME_FLUSH_WRITE_DETAIL_INODE_WRITE_SAMPLE_TICKS	0
APPEND_4K_1M_VOLUME_FLUSH_WRITE_DETAIL_EXTENT_MAP_CALLS	0
APPEND_4K_1M_VOLUME_FLUSH_WRITE_DETAIL_EXTENT_MAP_SAMPLES	0
APPEND_4K_1M_VOLUME_FLUSH_WRITE_DETAIL_EXTENT_MAP_SAMPLE_TICKS	0
APPEND_4K_1M_VOLUME_FLUSH_WRITE_DETAIL_FREESPACE_GOAL_CALLS	0
APPEND_4K_1M_VOLUME_FLUSH_WRITE_DETAIL_FREESPACE_GOAL_SAMPLES	0
APPEND_4K_1M_VOLUME_FLUSH_WRITE_DETAIL_FREESPACE_GOAL_SAMPLE_TICKS	0
APPEND_4K_1M_VOLUME_FLUSH_BTREE_MALLOC_CALLS	0
APPEND_4K_1M_VOLUME_FLUSH_BTREE_MALLOC_SAMPLES	0
APPEND_4K_1M_VOLUME_FLUSH_BTREE_MALLOC_SAMPLE_TICKS	0
APPEND_4K_1M_VOLUME_FLUSH_BTREE_FREE_CALLS	0
APPEND_4K_1M_VOLUME_FLUSH_BTREE_FREE_SAMPLES	0
APPEND_4K_1M_VOLUME_FLUSH_BTREE_FREE_SAMPLE_TICKS	0
APPEND_4K_1M_VOLUME_FLUSH_IFACE_ALLOC_CALLS	0
APPEND_4K_1M_VOLUME_FLUSH_IFACE_ALLOC_SAMPLES	0
APPEND_4K_1M_VOLUME_FLUSH_IFACE_ALLOC_SAMPLE_TICKS	0
APPEND_4K_1M_VOLUME_FLUSH_FREESPACE_ALLOC_CALLS	0
APPEND_4K_1M_VOLUME_FLUSH_FREESPACE_ALLOC_SAMPLES	0
APPEND_4K_1M_VOLUME_FLUSH_FREESPACE_ALLOC_SAMPLE_TICKS	0
APPEND_4K_1M_VOLUME_FLUSH_DETAIL_INODE_READ_CALLS	0
APPEND_4K_1M_VOLUME_FLUSH_DETAIL_INODE_READ_SAMPLES	0
APPEND_4K_1M_VOLUME_FLUSH_DETAIL_INODE_READ_SAMPLE_TICKS	0
APPEND_4K_1M_VOLUME_FLUSH_DETAIL_INODE_VALIDATE_CALLS	0
APPEND_4K_1M_VOLUME_FLUSH_DETAIL_INODE_VALIDATE_SAMPLES	0
APPEND_4K_1M_VOLUME_FLUSH_DETAIL_INODE_VALIDATE_SAMPLE_TICKS	0
APPEND_4K_1M_VOLUME_FLUSH_DETAIL_INODE_SEARCH_CALLS	0
APPEND_4K_1M_VOLUME_FLUSH_DETAIL_INODE_SEARCH_SAMPLES	0
APPEND_4K_1M_VOLUME_FLUSH_DETAIL_INODE_SEARCH_SAMPLE_TICKS	0
APPEND_4K_1M_VOLUME_FLUSH_DETAIL_INODE_NODE_VIEW_CALLS	0
APPEND_4K_1M_VOLUME_FLUSH_DETAIL_INODE_NODE_VIEW_SAMPLES	0
APPEND_4K_1M_VOLUME_FLUSH_DETAIL_INODE_NODE_VIEW_SAMPLE_TICKS	0
APPEND_4K_1M_VOLUME_FLUSH_DETAIL_DIR_NODE_VIEW_CALLS	0
APPEND_4K_1M_VOLUME_FLUSH_DETAIL_DIR_NODE_VIEW_SAMPLES	0
APPEND_4K_1M_VOLUME_FLUSH_DETAIL_DIR_NODE_VIEW_SAMPLE_TICKS	0
APPEND_4K_1M_VOLUME_FLUSH_DETAIL_INODE_BINARY_SEARCH_CALLS	0
APPEND_4K_1M_VOLUME_FLUSH_DETAIL_INODE_BINARY_SEARCH_SAMPLES	0
APPEND_4K_1M_VOLUME_FLUSH_DETAIL_INODE_BINARY_SEARCH_SAMPLE_TICKS	0
APPEND_4K_1M_VOLUME_FLUSH_DETAIL_DIR_BINARY_SEARCH_CALLS	0
APPEND_4K_1M_VOLUME_FLUSH_DETAIL_DIR_BINARY_SEARCH_SAMPLES	0
APPEND_4K_1M_VOLUME_FLUSH_DETAIL_DIR_BINARY_SEARCH_SAMPLE_TICKS	0
APPEND_4K_1M_VOLUME_FLUSH_DETAIL_NODE_STRUCTURE_CALLS	0
APPEND_4K_1M_VOLUME_FLUSH_DETAIL_NODE_STRUCTURE_SAMPLES	0
APPEND_4K_1M_VOLUME_FLUSH_DETAIL_NODE_STRUCTURE_SAMPLE_TICKS	0
APPEND_4K_1M_VOLUME_FLUSH_DETAIL_CACHE_PEEK_CALLS	0
APPEND_4K_1M_VOLUME_FLUSH_DETAIL_CACHE_PEEK_SAMPLES	0
APPEND_4K_1M_VOLUME_FLUSH_DETAIL_CACHE_PEEK_SAMPLE_TICKS	0
APPEND_4K_1M_VOLUME_FLUSH_DETAIL_BUFFER_ALLOC_CALLS	0
APPEND_4K_1M_VOLUME_FLUSH_DETAIL_BUFFER_ALLOC_SAMPLES	0
APPEND_4K_1M_VOLUME_FLUSH_DETAIL_BUFFER_ALLOC_SAMPLE_TICKS	0
APPEND_4K_1M_VOLUME_FLUSH_DETAIL_BUFFER_FREE_CALLS	0
APPEND_4K_1M_VOLUME_FLUSH_DETAIL_BUFFER_FREE_SAMPLES	0
APPEND_4K_1M_VOLUME_FLUSH_DETAIL_BUFFER_FREE_SAMPLE_TICKS	0
APPEND_4K_1M_VOLUME_FLUSH_DETAIL_EXALL_FILL_CALLS	0
APPEND_4K_1M_VOLUME_FLUSH_DETAIL_EXALL_FILL_SAMPLES	0
APPEND_4K_1M_VOLUME_FLUSH_DETAIL_EXALL_FILL_SAMPLE_TICKS	0
APPEND_4K_1M_VOLUME_FLUSH_FREESPACE_ALLOCS	0
APPEND_1K_256K_US	84735
APPEND_1K_256K_WORK_US	84735
APPEND_1K_256K_VOLUME_FLUSH_US	0
APPEND_1K_256K_HAS_VOLUME_FLUSH	0
APPEND_1K_256K_GUEST_OPEN_CALLS	1
APPEND_1K_256K_GUEST_OPEN_US	577
APPEND_1K_256K_GUEST_READ_CALLS	0
APPEND_1K_256K_GUEST_READ_US	0
APPEND_1K_256K_GUEST_WRITE_CALLS	256
APPEND_1K_256K_GUEST_WRITE_US	81542
APPEND_1K_256K_GUEST_HANDLE_FLUSH_CALLS	1
APPEND_1K_256K_GUEST_HANDLE_FLUSH_US	0
APPEND_1K_256K_GUEST_CLOSE_CALLS	1
APPEND_1K_256K_GUEST_CLOSE_US	0
APPEND_1K_256K_GUEST_VERIFY_CALLS	0
APPEND_1K_256K_GUEST_VERIFY_US	0
APPEND_1K_256K_WORK_BIO_READS	64
APPEND_1K_256K_WORK_BIO_WRITES	256
APPEND_1K_256K_WORK_BIO_UPDATES	0
APPEND_1K_256K_WORK_DATA_READS	64
APPEND_1K_256K_WORK_DATA_WRITES	256
APPEND_1K_256K_WORK_NODE_WRITES	0
APPEND_1K_256K_WORK_TXN_COMMITS	0
APPEND_1K_256K_WORK_EXTENT_MAPS	64
APPEND_1K_256K_WORK_READ_TICKS	1631
APPEND_1K_256K_WORK_WRITE_TICKS	11168
APPEND_1K_256K_WORK_UPDATE_TICKS	0
APPEND_1K_256K_WORK_DATA_READ_TICKS	1631
APPEND_1K_256K_WORK_DATA_WRITE_TICKS	11168
APPEND_1K_256K_WORK_NODE_CRC_READ_CALLS	0
APPEND_1K_256K_WORK_NODE_CRC_READ_SAMPLES	0
APPEND_1K_256K_WORK_NODE_CRC_READ_SAMPLE_TICKS	0
APPEND_1K_256K_WORK_NODE_CRC_WRITE_CALLS	0
APPEND_1K_256K_WORK_NODE_CRC_WRITE_SAMPLES	0
APPEND_1K_256K_WORK_NODE_CRC_WRITE_SAMPLE_TICKS	0
APPEND_1K_256K_WORK_CLOCK_PAIR_TICKS	0
APPEND_1K_256K_WORK_PACKET_CALLS	258
APPEND_1K_256K_WORK_PACKET_SAMPLES	258
APPEND_1K_256K_WORK_PACKET_SAMPLE_TICKS	50595
APPEND_1K_256K_WORK_PACKET_OPEN_CALLS	1
APPEND_1K_256K_WORK_PACKET_OPEN_SAMPLES	1
APPEND_1K_256K_WORK_PACKET_OPEN_SAMPLE_TICKS	273
APPEND_1K_256K_WORK_PACKET_READ_CALLS	0
APPEND_1K_256K_WORK_PACKET_READ_SAMPLES	0
APPEND_1K_256K_WORK_PACKET_READ_SAMPLE_TICKS	0
APPEND_1K_256K_WORK_PACKET_WRITE_CALLS	256
APPEND_1K_256K_WORK_PACKET_WRITE_SAMPLES	256
APPEND_1K_256K_WORK_PACKET_WRITE_SAMPLE_TICKS	50322
APPEND_1K_256K_WORK_PACKET_END_CALLS	1
APPEND_1K_256K_WORK_PACKET_END_SAMPLES	1
APPEND_1K_256K_WORK_PACKET_END_SAMPLE_TICKS	0
APPEND_1K_256K_WORK_PACKET_DELETE_CALLS	0
APPEND_1K_256K_WORK_PACKET_DELETE_SAMPLES	0
APPEND_1K_256K_WORK_PACKET_DELETE_SAMPLE_TICKS	0
APPEND_1K_256K_WORK_PACKET_FLUSH_CALLS	0
APPEND_1K_256K_WORK_PACKET_FLUSH_SAMPLES	0
APPEND_1K_256K_WORK_PACKET_FLUSH_SAMPLE_TICKS	0
APPEND_1K_256K_WORK_PACKET_OTHER_CALLS	0
APPEND_1K_256K_WORK_PACKET_OTHER_SAMPLES	0
APPEND_1K_256K_WORK_PACKET_OTHER_SAMPLE_TICKS	0
APPEND_1K_256K_WORK_CORE_CREATE_CALLS	1
APPEND_1K_256K_WORK_CORE_CREATE_SAMPLES	1
APPEND_1K_256K_WORK_CORE_CREATE_SAMPLE_TICKS	181
APPEND_1K_256K_WORK_CORE_DELETE_CALLS	0
APPEND_1K_256K_WORK_CORE_DELETE_SAMPLES	0
APPEND_1K_256K_WORK_CORE_DELETE_SAMPLE_TICKS	0
APPEND_1K_256K_WORK_CORE_FILE_WRITE_CALLS	256
APPEND_1K_256K_WORK_CORE_FILE_WRITE_SAMPLES	256
APPEND_1K_256K_WORK_CORE_FILE_WRITE_SAMPLE_TICKS	47184
APPEND_1K_256K_WORK_CORE_SYNC_CALLS	0
APPEND_1K_256K_WORK_CORE_SYNC_SAMPLES	0
APPEND_1K_256K_WORK_CORE_SYNC_SAMPLE_TICKS	0
APPEND_1K_256K_WORK_IFACE_FREE_CALLS	0
APPEND_1K_256K_WORK_IFACE_FREE_SAMPLES	0
APPEND_1K_256K_WORK_IFACE_FREE_SAMPLE_TICKS	0
APPEND_1K_256K_WORK_SEAL_COMMIT_CALLS	0
APPEND_1K_256K_WORK_SEAL_COMMIT_SAMPLES	0
APPEND_1K_256K_WORK_SEAL_COMMIT_SAMPLE_TICKS	0
APPEND_1K_256K_WORK_INODE_READ_CALLS	259
APPEND_1K_256K_WORK_BTREE_SEARCH_CALLS	5
APPEND_1K_256K_WORK_BTREE_INDEX_HINT_HITS	2
APPEND_1K_256K_WORK_BTREE_LEAF_HINT_HITS	0
APPEND_1K_256K_WORK_CACHE_READ_CALLS	192
APPEND_1K_256K_WORK_CACHE_READ_HITS	128
APPEND_1K_256K_WORK_CACHE_READ_MISSES	64
APPEND_1K_256K_WORK_FREE_TREE_NODE_VIEWS	64
APPEND_1K_256K_WORK_FREE_TREE_RESIDENT_VIEWS	64
APPEND_1K_256K_WORK_DIR_TREE_NODE_VIEWS	3
APPEND_1K_256K_WORK_DIR_TREE_RESIDENT_VIEWS	3
APPEND_1K_256K_WORK_INODE_TREE_NODE_VIEWS	2
APPEND_1K_256K_WORK_INODE_TREE_RESIDENT_VIEWS	2
APPEND_1K_256K_WORK_REFCOUNT_TREE_NODE_VIEWS	0
APPEND_1K_256K_WORK_REFCOUNT_TREE_RESIDENT_VIEWS	0
APPEND_1K_256K_WORK_OTHER_TREE_NODE_VIEWS	0
APPEND_1K_256K_WORK_OTHER_TREE_RESIDENT_VIEWS	0
APPEND_1K_256K_WORK_WRITE_DETAIL_INODE_READ_CALLS	259
APPEND_1K_256K_WORK_WRITE_DETAIL_INODE_READ_SAMPLES	259
APPEND_1K_256K_WORK_WRITE_DETAIL_INODE_READ_SAMPLE_TICKS	2252
APPEND_1K_256K_WORK_WRITE_DETAIL_INODE_WRITE_CALLS	2
APPEND_1K_256K_WORK_WRITE_DETAIL_INODE_WRITE_SAMPLES	2
APPEND_1K_256K_WORK_WRITE_DETAIL_INODE_WRITE_SAMPLE_TICKS	45
APPEND_1K_256K_WORK_WRITE_DETAIL_EXTENT_MAP_CALLS	64
APPEND_1K_256K_WORK_WRITE_DETAIL_EXTENT_MAP_SAMPLES	64
APPEND_1K_256K_WORK_WRITE_DETAIL_EXTENT_MAP_SAMPLE_TICKS	1069
APPEND_1K_256K_WORK_WRITE_DETAIL_FREESPACE_GOAL_CALLS	64
APPEND_1K_256K_WORK_WRITE_DETAIL_FREESPACE_GOAL_SAMPLES	64
APPEND_1K_256K_WORK_WRITE_DETAIL_FREESPACE_GOAL_SAMPLE_TICKS	3432
APPEND_1K_256K_WORK_BTREE_MALLOC_CALLS	0
APPEND_1K_256K_WORK_BTREE_MALLOC_SAMPLES	0
APPEND_1K_256K_WORK_BTREE_MALLOC_SAMPLE_TICKS	0
APPEND_1K_256K_WORK_BTREE_FREE_CALLS	2
APPEND_1K_256K_WORK_BTREE_FREE_SAMPLES	2
APPEND_1K_256K_WORK_BTREE_FREE_SAMPLE_TICKS	0
APPEND_1K_256K_WORK_IFACE_ALLOC_CALLS	0
APPEND_1K_256K_WORK_IFACE_ALLOC_SAMPLES	0
APPEND_1K_256K_WORK_IFACE_ALLOC_SAMPLE_TICKS	0
APPEND_1K_256K_WORK_FREESPACE_ALLOC_CALLS	64
APPEND_1K_256K_WORK_FREESPACE_ALLOC_SAMPLES	64
APPEND_1K_256K_WORK_FREESPACE_ALLOC_SAMPLE_TICKS	4041
APPEND_1K_256K_WORK_DETAIL_INODE_READ_CALLS	259
APPEND_1K_256K_WORK_DETAIL_INODE_READ_SAMPLES	15
APPEND_1K_256K_WORK_DETAIL_INODE_READ_SAMPLE_TICKS	135
APPEND_1K_256K_WORK_DETAIL_INODE_VALIDATE_CALLS	517
APPEND_1K_256K_WORK_DETAIL_INODE_VALIDATE_SAMPLES	30
APPEND_1K_256K_WORK_DETAIL_INODE_VALIDATE_SAMPLE_TICKS	203
APPEND_1K_256K_WORK_DETAIL_INODE_SEARCH_CALLS	4
APPEND_1K_256K_WORK_DETAIL_INODE_SEARCH_SAMPLES	0
APPEND_1K_256K_WORK_DETAIL_INODE_SEARCH_SAMPLE_TICKS	0
APPEND_1K_256K_WORK_DETAIL_INODE_NODE_VIEW_CALLS	2
APPEND_1K_256K_WORK_DETAIL_INODE_NODE_VIEW_SAMPLES	0
APPEND_1K_256K_WORK_DETAIL_INODE_NODE_VIEW_SAMPLE_TICKS	0
APPEND_1K_256K_WORK_DETAIL_DIR_NODE_VIEW_CALLS	3
APPEND_1K_256K_WORK_DETAIL_DIR_NODE_VIEW_SAMPLES	0
APPEND_1K_256K_WORK_DETAIL_DIR_NODE_VIEW_SAMPLE_TICKS	0
APPEND_1K_256K_WORK_DETAIL_INODE_BINARY_SEARCH_CALLS	5
APPEND_1K_256K_WORK_DETAIL_INODE_BINARY_SEARCH_SAMPLES	0
APPEND_1K_256K_WORK_DETAIL_INODE_BINARY_SEARCH_SAMPLE_TICKS	0
APPEND_1K_256K_WORK_DETAIL_DIR_BINARY_SEARCH_CALLS	4
APPEND_1K_256K_WORK_DETAIL_DIR_BINARY_SEARCH_SAMPLES	0
APPEND_1K_256K_WORK_DETAIL_DIR_BINARY_SEARCH_SAMPLE_TICKS	0
APPEND_1K_256K_WORK_DETAIL_NODE_STRUCTURE_CALLS	0
APPEND_1K_256K_WORK_DETAIL_NODE_STRUCTURE_SAMPLES	0
APPEND_1K_256K_WORK_DETAIL_NODE_STRUCTURE_SAMPLE_TICKS	0
APPEND_1K_256K_WORK_DETAIL_CACHE_PEEK_CALLS	71
APPEND_1K_256K_WORK_DETAIL_CACHE_PEEK_SAMPLES	4
APPEND_1K_256K_WORK_DETAIL_CACHE_PEEK_SAMPLE_TICKS	0
APPEND_1K_256K_WORK_DETAIL_BUFFER_ALLOC_CALLS	69
APPEND_1K_256K_WORK_DETAIL_BUFFER_ALLOC_SAMPLES	4
APPEND_1K_256K_WORK_DETAIL_BUFFER_ALLOC_SAMPLE_TICKS	0
APPEND_1K_256K_WORK_DETAIL_BUFFER_FREE_CALLS	69
APPEND_1K_256K_WORK_DETAIL_BUFFER_FREE_SAMPLES	4
APPEND_1K_256K_WORK_DETAIL_BUFFER_FREE_SAMPLE_TICKS	0
APPEND_1K_256K_WORK_DETAIL_EXALL_FILL_CALLS	0
APPEND_1K_256K_WORK_DETAIL_EXALL_FILL_SAMPLES	0
APPEND_1K_256K_WORK_DETAIL_EXALL_FILL_SAMPLE_TICKS	0
APPEND_1K_256K_WORK_FREESPACE_ALLOCS	64
APPEND_1K_256K_VOLUME_FLUSH_BIO_READS	0
APPEND_1K_256K_VOLUME_FLUSH_BIO_WRITES	0
APPEND_1K_256K_VOLUME_FLUSH_BIO_UPDATES	0
APPEND_1K_256K_VOLUME_FLUSH_DATA_READS	0
APPEND_1K_256K_VOLUME_FLUSH_DATA_WRITES	0
APPEND_1K_256K_VOLUME_FLUSH_NODE_WRITES	0
APPEND_1K_256K_VOLUME_FLUSH_TXN_COMMITS	0
APPEND_1K_256K_VOLUME_FLUSH_EXTENT_MAPS	0
APPEND_1K_256K_VOLUME_FLUSH_READ_TICKS	0
APPEND_1K_256K_VOLUME_FLUSH_WRITE_TICKS	0
APPEND_1K_256K_VOLUME_FLUSH_UPDATE_TICKS	0
APPEND_1K_256K_VOLUME_FLUSH_DATA_READ_TICKS	0
APPEND_1K_256K_VOLUME_FLUSH_DATA_WRITE_TICKS	0
APPEND_1K_256K_VOLUME_FLUSH_NODE_CRC_READ_CALLS	0
APPEND_1K_256K_VOLUME_FLUSH_NODE_CRC_READ_SAMPLES	0
APPEND_1K_256K_VOLUME_FLUSH_NODE_CRC_READ_SAMPLE_TICKS	0
APPEND_1K_256K_VOLUME_FLUSH_NODE_CRC_WRITE_CALLS	0
APPEND_1K_256K_VOLUME_FLUSH_NODE_CRC_WRITE_SAMPLES	0
APPEND_1K_256K_VOLUME_FLUSH_NODE_CRC_WRITE_SAMPLE_TICKS	0
APPEND_1K_256K_VOLUME_FLUSH_CLOCK_PAIR_TICKS	0
APPEND_1K_256K_VOLUME_FLUSH_PACKET_CALLS	0
APPEND_1K_256K_VOLUME_FLUSH_PACKET_SAMPLES	0
APPEND_1K_256K_VOLUME_FLUSH_PACKET_SAMPLE_TICKS	0
APPEND_1K_256K_VOLUME_FLUSH_PACKET_OPEN_CALLS	0
APPEND_1K_256K_VOLUME_FLUSH_PACKET_OPEN_SAMPLES	0
APPEND_1K_256K_VOLUME_FLUSH_PACKET_OPEN_SAMPLE_TICKS	0
APPEND_1K_256K_VOLUME_FLUSH_PACKET_READ_CALLS	0
APPEND_1K_256K_VOLUME_FLUSH_PACKET_READ_SAMPLES	0
APPEND_1K_256K_VOLUME_FLUSH_PACKET_READ_SAMPLE_TICKS	0
APPEND_1K_256K_VOLUME_FLUSH_PACKET_WRITE_CALLS	0
APPEND_1K_256K_VOLUME_FLUSH_PACKET_WRITE_SAMPLES	0
APPEND_1K_256K_VOLUME_FLUSH_PACKET_WRITE_SAMPLE_TICKS	0
APPEND_1K_256K_VOLUME_FLUSH_PACKET_END_CALLS	0
APPEND_1K_256K_VOLUME_FLUSH_PACKET_END_SAMPLES	0
APPEND_1K_256K_VOLUME_FLUSH_PACKET_END_SAMPLE_TICKS	0
APPEND_1K_256K_VOLUME_FLUSH_PACKET_DELETE_CALLS	0
APPEND_1K_256K_VOLUME_FLUSH_PACKET_DELETE_SAMPLES	0
APPEND_1K_256K_VOLUME_FLUSH_PACKET_DELETE_SAMPLE_TICKS	0
APPEND_1K_256K_VOLUME_FLUSH_PACKET_FLUSH_CALLS	0
APPEND_1K_256K_VOLUME_FLUSH_PACKET_FLUSH_SAMPLES	0
APPEND_1K_256K_VOLUME_FLUSH_PACKET_FLUSH_SAMPLE_TICKS	0
APPEND_1K_256K_VOLUME_FLUSH_PACKET_OTHER_CALLS	0
APPEND_1K_256K_VOLUME_FLUSH_PACKET_OTHER_SAMPLES	0
APPEND_1K_256K_VOLUME_FLUSH_PACKET_OTHER_SAMPLE_TICKS	0
APPEND_1K_256K_VOLUME_FLUSH_CORE_CREATE_CALLS	0
APPEND_1K_256K_VOLUME_FLUSH_CORE_CREATE_SAMPLES	0
APPEND_1K_256K_VOLUME_FLUSH_CORE_CREATE_SAMPLE_TICKS	0
APPEND_1K_256K_VOLUME_FLUSH_CORE_DELETE_CALLS	0
APPEND_1K_256K_VOLUME_FLUSH_CORE_DELETE_SAMPLES	0
APPEND_1K_256K_VOLUME_FLUSH_CORE_DELETE_SAMPLE_TICKS	0
APPEND_1K_256K_VOLUME_FLUSH_CORE_FILE_WRITE_CALLS	0
APPEND_1K_256K_VOLUME_FLUSH_CORE_FILE_WRITE_SAMPLES	0
APPEND_1K_256K_VOLUME_FLUSH_CORE_FILE_WRITE_SAMPLE_TICKS	0
APPEND_1K_256K_VOLUME_FLUSH_CORE_SYNC_CALLS	0
APPEND_1K_256K_VOLUME_FLUSH_CORE_SYNC_SAMPLES	0
APPEND_1K_256K_VOLUME_FLUSH_CORE_SYNC_SAMPLE_TICKS	0
APPEND_1K_256K_VOLUME_FLUSH_IFACE_FREE_CALLS	0
APPEND_1K_256K_VOLUME_FLUSH_IFACE_FREE_SAMPLES	0
APPEND_1K_256K_VOLUME_FLUSH_IFACE_FREE_SAMPLE_TICKS	0
APPEND_1K_256K_VOLUME_FLUSH_SEAL_COMMIT_CALLS	0
APPEND_1K_256K_VOLUME_FLUSH_SEAL_COMMIT_SAMPLES	0
APPEND_1K_256K_VOLUME_FLUSH_SEAL_COMMIT_SAMPLE_TICKS	0
APPEND_1K_256K_VOLUME_FLUSH_INODE_READ_CALLS	0
APPEND_1K_256K_VOLUME_FLUSH_BTREE_SEARCH_CALLS	0
APPEND_1K_256K_VOLUME_FLUSH_BTREE_INDEX_HINT_HITS	0
APPEND_1K_256K_VOLUME_FLUSH_BTREE_LEAF_HINT_HITS	0
APPEND_1K_256K_VOLUME_FLUSH_CACHE_READ_CALLS	0
APPEND_1K_256K_VOLUME_FLUSH_CACHE_READ_HITS	0
APPEND_1K_256K_VOLUME_FLUSH_CACHE_READ_MISSES	0
APPEND_1K_256K_VOLUME_FLUSH_FREE_TREE_NODE_VIEWS	0
APPEND_1K_256K_VOLUME_FLUSH_FREE_TREE_RESIDENT_VIEWS	0
APPEND_1K_256K_VOLUME_FLUSH_DIR_TREE_NODE_VIEWS	0
APPEND_1K_256K_VOLUME_FLUSH_DIR_TREE_RESIDENT_VIEWS	0
APPEND_1K_256K_VOLUME_FLUSH_INODE_TREE_NODE_VIEWS	0
APPEND_1K_256K_VOLUME_FLUSH_INODE_TREE_RESIDENT_VIEWS	0
APPEND_1K_256K_VOLUME_FLUSH_REFCOUNT_TREE_NODE_VIEWS	0
APPEND_1K_256K_VOLUME_FLUSH_REFCOUNT_TREE_RESIDENT_VIEWS	0
APPEND_1K_256K_VOLUME_FLUSH_OTHER_TREE_NODE_VIEWS	0
APPEND_1K_256K_VOLUME_FLUSH_OTHER_TREE_RESIDENT_VIEWS	0
APPEND_1K_256K_VOLUME_FLUSH_WRITE_DETAIL_INODE_READ_CALLS	0
APPEND_1K_256K_VOLUME_FLUSH_WRITE_DETAIL_INODE_READ_SAMPLES	0
APPEND_1K_256K_VOLUME_FLUSH_WRITE_DETAIL_INODE_READ_SAMPLE_TICKS	0
APPEND_1K_256K_VOLUME_FLUSH_WRITE_DETAIL_INODE_WRITE_CALLS	0
APPEND_1K_256K_VOLUME_FLUSH_WRITE_DETAIL_INODE_WRITE_SAMPLES	0
APPEND_1K_256K_VOLUME_FLUSH_WRITE_DETAIL_INODE_WRITE_SAMPLE_TICKS	0
APPEND_1K_256K_VOLUME_FLUSH_WRITE_DETAIL_EXTENT_MAP_CALLS	0
APPEND_1K_256K_VOLUME_FLUSH_WRITE_DETAIL_EXTENT_MAP_SAMPLES	0
APPEND_1K_256K_VOLUME_FLUSH_WRITE_DETAIL_EXTENT_MAP_SAMPLE_TICKS	0
APPEND_1K_256K_VOLUME_FLUSH_WRITE_DETAIL_FREESPACE_GOAL_CALLS	0
APPEND_1K_256K_VOLUME_FLUSH_WRITE_DETAIL_FREESPACE_GOAL_SAMPLES	0
APPEND_1K_256K_VOLUME_FLUSH_WRITE_DETAIL_FREESPACE_GOAL_SAMPLE_TICKS	0
APPEND_1K_256K_VOLUME_FLUSH_BTREE_MALLOC_CALLS	0
APPEND_1K_256K_VOLUME_FLUSH_BTREE_MALLOC_SAMPLES	0
APPEND_1K_256K_VOLUME_FLUSH_BTREE_MALLOC_SAMPLE_TICKS	0
APPEND_1K_256K_VOLUME_FLUSH_BTREE_FREE_CALLS	0
APPEND_1K_256K_VOLUME_FLUSH_BTREE_FREE_SAMPLES	0
APPEND_1K_256K_VOLUME_FLUSH_BTREE_FREE_SAMPLE_TICKS	0
APPEND_1K_256K_VOLUME_FLUSH_IFACE_ALLOC_CALLS	0
APPEND_1K_256K_VOLUME_FLUSH_IFACE_ALLOC_SAMPLES	0
APPEND_1K_256K_VOLUME_FLUSH_IFACE_ALLOC_SAMPLE_TICKS	0
APPEND_1K_256K_VOLUME_FLUSH_FREESPACE_ALLOC_CALLS	0
APPEND_1K_256K_VOLUME_FLUSH_FREESPACE_ALLOC_SAMPLES	0
APPEND_1K_256K_VOLUME_FLUSH_FREESPACE_ALLOC_SAMPLE_TICKS	0
APPEND_1K_256K_VOLUME_FLUSH_DETAIL_INODE_READ_CALLS	0
APPEND_1K_256K_VOLUME_FLUSH_DETAIL_INODE_READ_SAMPLES	0
APPEND_1K_256K_VOLUME_FLUSH_DETAIL_INODE_READ_SAMPLE_TICKS	0
APPEND_1K_256K_VOLUME_FLUSH_DETAIL_INODE_VALIDATE_CALLS	0
APPEND_1K_256K_VOLUME_FLUSH_DETAIL_INODE_VALIDATE_SAMPLES	0
APPEND_1K_256K_VOLUME_FLUSH_DETAIL_INODE_VALIDATE_SAMPLE_TICKS	0
APPEND_1K_256K_VOLUME_FLUSH_DETAIL_INODE_SEARCH_CALLS	0
APPEND_1K_256K_VOLUME_FLUSH_DETAIL_INODE_SEARCH_SAMPLES	0
APPEND_1K_256K_VOLUME_FLUSH_DETAIL_INODE_SEARCH_SAMPLE_TICKS	0
APPEND_1K_256K_VOLUME_FLUSH_DETAIL_INODE_NODE_VIEW_CALLS	0
APPEND_1K_256K_VOLUME_FLUSH_DETAIL_INODE_NODE_VIEW_SAMPLES	0
APPEND_1K_256K_VOLUME_FLUSH_DETAIL_INODE_NODE_VIEW_SAMPLE_TICKS	0
APPEND_1K_256K_VOLUME_FLUSH_DETAIL_DIR_NODE_VIEW_CALLS	0
APPEND_1K_256K_VOLUME_FLUSH_DETAIL_DIR_NODE_VIEW_SAMPLES	0
APPEND_1K_256K_VOLUME_FLUSH_DETAIL_DIR_NODE_VIEW_SAMPLE_TICKS	0
APPEND_1K_256K_VOLUME_FLUSH_DETAIL_INODE_BINARY_SEARCH_CALLS	0
APPEND_1K_256K_VOLUME_FLUSH_DETAIL_INODE_BINARY_SEARCH_SAMPLES	0
APPEND_1K_256K_VOLUME_FLUSH_DETAIL_INODE_BINARY_SEARCH_SAMPLE_TICKS	0
APPEND_1K_256K_VOLUME_FLUSH_DETAIL_DIR_BINARY_SEARCH_CALLS	0
APPEND_1K_256K_VOLUME_FLUSH_DETAIL_DIR_BINARY_SEARCH_SAMPLES	0
APPEND_1K_256K_VOLUME_FLUSH_DETAIL_DIR_BINARY_SEARCH_SAMPLE_TICKS	0
APPEND_1K_256K_VOLUME_FLUSH_DETAIL_NODE_STRUCTURE_CALLS	0
APPEND_1K_256K_VOLUME_FLUSH_DETAIL_NODE_STRUCTURE_SAMPLES	0
APPEND_1K_256K_VOLUME_FLUSH_DETAIL_NODE_STRUCTURE_SAMPLE_TICKS	0
APPEND_1K_256K_VOLUME_FLUSH_DETAIL_CACHE_PEEK_CALLS	0
APPEND_1K_256K_VOLUME_FLUSH_DETAIL_CACHE_PEEK_SAMPLES	0
APPEND_1K_256K_VOLUME_FLUSH_DETAIL_CACHE_PEEK_SAMPLE_TICKS	0
APPEND_1K_256K_VOLUME_FLUSH_DETAIL_BUFFER_ALLOC_CALLS	0
APPEND_1K_256K_VOLUME_FLUSH_DETAIL_BUFFER_ALLOC_SAMPLES	0
APPEND_1K_256K_VOLUME_FLUSH_DETAIL_BUFFER_ALLOC_SAMPLE_TICKS	0
APPEND_1K_256K_VOLUME_FLUSH_DETAIL_BUFFER_FREE_CALLS	0
APPEND_1K_256K_VOLUME_FLUSH_DETAIL_BUFFER_FREE_SAMPLES	0
APPEND_1K_256K_VOLUME_FLUSH_DETAIL_BUFFER_FREE_SAMPLE_TICKS	0
APPEND_1K_256K_VOLUME_FLUSH_DETAIL_EXALL_FILL_CALLS	0
APPEND_1K_256K_VOLUME_FLUSH_DETAIL_EXALL_FILL_SAMPLES	0
APPEND_1K_256K_VOLUME_FLUSH_DETAIL_EXALL_FILL_SAMPLE_TICKS	0
APPEND_1K_256K_VOLUME_FLUSH_FREESPACE_ALLOCS	0
APPEND_READ_1280K_US	57218
APPEND_READ_1280K_WORK_US	57218
APPEND_READ_1280K_VOLUME_FLUSH_US	0
APPEND_READ_1280K_HAS_VOLUME_FLUSH	0
APPEND_READ_1280K_GUEST_OPEN_CALLS	2
APPEND_READ_1280K_GUEST_OPEN_US	526
APPEND_READ_1280K_GUEST_READ_CALLS	22
APPEND_READ_1280K_GUEST_READ_US	9193
APPEND_READ_1280K_GUEST_WRITE_CALLS	0
APPEND_READ_1280K_GUEST_WRITE_US	0
APPEND_READ_1280K_GUEST_HANDLE_FLUSH_CALLS	0
APPEND_READ_1280K_GUEST_HANDLE_FLUSH_US	0
APPEND_READ_1280K_GUEST_CLOSE_CALLS	2
APPEND_READ_1280K_GUEST_CLOSE_US	65
APPEND_READ_1280K_GUEST_VERIFY_CALLS	20
APPEND_READ_1280K_GUEST_VERIFY_US	46844
APPEND_READ_1280K_WORK_BIO_READS	80
APPEND_READ_1280K_WORK_BIO_WRITES	0
APPEND_READ_1280K_WORK_BIO_UPDATES	0
APPEND_READ_1280K_WORK_DATA_READS	80
APPEND_READ_1280K_WORK_DATA_WRITES	0
APPEND_READ_1280K_WORK_NODE_WRITES	0
APPEND_READ_1280K_WORK_TXN_COMMITS	0
APPEND_READ_1280K_WORK_EXTENT_MAPS	0
APPEND_READ_1280K_WORK_READ_TICKS	2671
APPEND_READ_1280K_WORK_WRITE_TICKS	0
APPEND_READ_1280K_WORK_UPDATE_TICKS	0
APPEND_READ_1280K_WORK_DATA_READ_TICKS	2671
APPEND_READ_1280K_WORK_DATA_WRITE_TICKS	0
APPEND_READ_1280K_WORK_NODE_CRC_READ_CALLS	0
APPEND_READ_1280K_WORK_NODE_CRC_READ_SAMPLES	0
APPEND_READ_1280K_WORK_NODE_CRC_READ_SAMPLE_TICKS	0
APPEND_READ_1280K_WORK_NODE_CRC_WRITE_CALLS	0
APPEND_READ_1280K_WORK_NODE_CRC_WRITE_SAMPLES	0
APPEND_READ_1280K_WORK_NODE_CRC_WRITE_SAMPLE_TICKS	0
APPEND_READ_1280K_WORK_CLOCK_PAIR_TICKS	1
APPEND_READ_1280K_WORK_PACKET_CALLS	26
APPEND_READ_1280K_WORK_PACKET_SAMPLES	26
APPEND_READ_1280K_WORK_PACKET_SAMPLE_TICKS	5902
APPEND_READ_1280K_WORK_PACKET_OPEN_CALLS	2
APPEND_READ_1280K_WORK_PACKET_OPEN_SAMPLES	2
APPEND_READ_1280K_WORK_PACKET_OPEN_SAMPLE_TICKS	227
APPEND_READ_1280K_WORK_PACKET_READ_CALLS	22
APPEND_READ_1280K_WORK_PACKET_READ_SAMPLES	22
APPEND_READ_1280K_WORK_PACKET_READ_SAMPLE_TICKS	5675
APPEND_READ_1280K_WORK_PACKET_WRITE_CALLS	0
APPEND_READ_1280K_WORK_PACKET_WRITE_SAMPLES	0
APPEND_READ_1280K_WORK_PACKET_WRITE_SAMPLE_TICKS	0
APPEND_READ_1280K_WORK_PACKET_END_CALLS	2
APPEND_READ_1280K_WORK_PACKET_END_SAMPLES	2
APPEND_READ_1280K_WORK_PACKET_END_SAMPLE_TICKS	0
APPEND_READ_1280K_WORK_PACKET_DELETE_CALLS	0
APPEND_READ_1280K_WORK_PACKET_DELETE_SAMPLES	0
APPEND_READ_1280K_WORK_PACKET_DELETE_SAMPLE_TICKS	0
APPEND_READ_1280K_WORK_PACKET_FLUSH_CALLS	0
APPEND_READ_1280K_WORK_PACKET_FLUSH_SAMPLES	0
APPEND_READ_1280K_WORK_PACKET_FLUSH_SAMPLE_TICKS	0
APPEND_READ_1280K_WORK_PACKET_OTHER_CALLS	0
APPEND_READ_1280K_WORK_PACKET_OTHER_SAMPLES	0
APPEND_READ_1280K_WORK_PACKET_OTHER_SAMPLE_TICKS	0
APPEND_READ_1280K_WORK_CORE_CREATE_CALLS	0
APPEND_READ_1280K_WORK_CORE_CREATE_SAMPLES	0
APPEND_READ_1280K_WORK_CORE_CREATE_SAMPLE_TICKS	0
APPEND_READ_1280K_WORK_CORE_DELETE_CALLS	0
APPEND_READ_1280K_WORK_CORE_DELETE_SAMPLES	0
APPEND_READ_1280K_WORK_CORE_DELETE_SAMPLE_TICKS	0
APPEND_READ_1280K_WORK_CORE_FILE_WRITE_CALLS	0
APPEND_READ_1280K_WORK_CORE_FILE_WRITE_SAMPLES	0
APPEND_READ_1280K_WORK_CORE_FILE_WRITE_SAMPLE_TICKS	0
APPEND_READ_1280K_WORK_CORE_SYNC_CALLS	0
APPEND_READ_1280K_WORK_CORE_SYNC_SAMPLES	0
APPEND_READ_1280K_WORK_CORE_SYNC_SAMPLE_TICKS	0
APPEND_READ_1280K_WORK_IFACE_FREE_CALLS	0
APPEND_READ_1280K_WORK_IFACE_FREE_SAMPLES	0
APPEND_READ_1280K_WORK_IFACE_FREE_SAMPLE_TICKS	0
APPEND_READ_1280K_WORK_SEAL_COMMIT_CALLS	0
APPEND_READ_1280K_WORK_SEAL_COMMIT_SAMPLES	0
APPEND_READ_1280K_WORK_SEAL_COMMIT_SAMPLE_TICKS	0
APPEND_READ_1280K_WORK_INODE_READ_CALLS	48
APPEND_READ_1280K_WORK_BTREE_SEARCH_CALLS	2
APPEND_READ_1280K_WORK_BTREE_INDEX_HINT_HITS	0
APPEND_READ_1280K_WORK_BTREE_LEAF_HINT_HITS	1
APPEND_READ_1280K_WORK_CACHE_READ_CALLS	64
APPEND_READ_1280K_WORK_CACHE_READ_HITS	0
APPEND_READ_1280K_WORK_CACHE_READ_MISSES	64
APPEND_READ_1280K_WORK_FREE_TREE_NODE_VIEWS	0
APPEND_READ_1280K_WORK_FREE_TREE_RESIDENT_VIEWS	0
APPEND_READ_1280K_WORK_DIR_TREE_NODE_VIEWS	1
APPEND_READ_1280K_WORK_DIR_TREE_RESIDENT_VIEWS	1
APPEND_READ_1280K_WORK_INODE_TREE_NODE_VIEWS	0
APPEND_READ_1280K_WORK_INODE_TREE_RESIDENT_VIEWS	0
APPEND_READ_1280K_WORK_REFCOUNT_TREE_NODE_VIEWS	0
APPEND_READ_1280K_WORK_REFCOUNT_TREE_RESIDENT_VIEWS	0
APPEND_READ_1280K_WORK_OTHER_TREE_NODE_VIEWS	0
APPEND_READ_1280K_WORK_OTHER_TREE_RESIDENT_VIEWS	0
APPEND_READ_1280K_WORK_WRITE_DETAIL_INODE_READ_CALLS	48
APPEND_READ_1280K_WORK_WRITE_DETAIL_INODE_READ_SAMPLES	48
APPEND_READ_1280K_WORK_WRITE_DETAIL_INODE_READ_SAMPLE_TICKS	267
APPEND_READ_1280K_WORK_WRITE_DETAIL_INODE_WRITE_CALLS	0
APPEND_READ_1280K_WORK_WRITE_DETAIL_INODE_WRITE_SAMPLES	0
APPEND_READ_1280K_WORK_WRITE_DETAIL_INODE_WRITE_SAMPLE_TICKS	0
APPEND_READ_1280K_WORK_WRITE_DETAIL_EXTENT_MAP_CALLS	0
APPEND_READ_1280K_WORK_WRITE_DETAIL_EXTENT_MAP_SAMPLES	0
APPEND_READ_1280K_WORK_WRITE_DETAIL_EXTENT_MAP_SAMPLE_TICKS	0
APPEND_READ_1280K_WORK_WRITE_DETAIL_FREESPACE_GOAL_CALLS	0
APPEND_READ_1280K_WORK_WRITE_DETAIL_FREESPACE_GOAL_SAMPLES	0
APPEND_READ_1280K_WORK_WRITE_DETAIL_FREESPACE_GOAL_SAMPLE_TICKS	0
APPEND_READ_1280K_WORK_BTREE_MALLOC_CALLS	0
APPEND_READ_1280K_WORK_BTREE_MALLOC_SAMPLES	0
APPEND_READ_1280K_WORK_BTREE_MALLOC_SAMPLE_TICKS	0
APPEND_READ_1280K_WORK_BTREE_FREE_CALLS	0
APPEND_READ_1280K_WORK_BTREE_FREE_SAMPLES	0
APPEND_READ_1280K_WORK_BTREE_FREE_SAMPLE_TICKS	0
APPEND_READ_1280K_WORK_IFACE_ALLOC_CALLS	0
APPEND_READ_1280K_WORK_IFACE_ALLOC_SAMPLES	0
APPEND_READ_1280K_WORK_IFACE_ALLOC_SAMPLE_TICKS	0
APPEND_READ_1280K_WORK_FREESPACE_ALLOC_CALLS	0
APPEND_READ_1280K_WORK_FREESPACE_ALLOC_SAMPLES	0
APPEND_READ_1280K_WORK_FREESPACE_ALLOC_SAMPLE_TICKS	0
APPEND_READ_1280K_WORK_DETAIL_INODE_READ_CALLS	48
APPEND_READ_1280K_WORK_DETAIL_INODE_READ_SAMPLES	2
APPEND_READ_1280K_WORK_DETAIL_INODE_READ_SAMPLE_TICKS	0
APPEND_READ_1280K_WORK_DETAIL_INODE_VALIDATE_CALLS	48
APPEND_READ_1280K_WORK_DETAIL_INODE_VALIDATE_SAMPLES	2
APPEND_READ_1280K_WORK_DETAIL_INODE_VALIDATE_SAMPLE_TICKS	0
APPEND_READ_1280K_WORK_DETAIL_INODE_SEARCH_CALLS	0
APPEND_READ_1280K_WORK_DETAIL_INODE_SEARCH_SAMPLES	0
APPEND_READ_1280K_WORK_DETAIL_INODE_SEARCH_SAMPLE_TICKS	0
APPEND_READ_1280K_WORK_DETAIL_INODE_NODE_VIEW_CALLS	0
APPEND_READ_1280K_WORK_DETAIL_INODE_NODE_VIEW_SAMPLES	0
APPEND_READ_1280K_WORK_DETAIL_INODE_NODE_VIEW_SAMPLE_TICKS	0
APPEND_READ_1280K_WORK_DETAIL_DIR_NODE_VIEW_CALLS	1
APPEND_READ_1280K_WORK_DETAIL_DIR_NODE_VIEW_SAMPLES	0
APPEND_READ_1280K_WORK_DETAIL_DIR_NODE_VIEW_SAMPLE_TICKS	0
APPEND_READ_1280K_WORK_DETAIL_INODE_BINARY_SEARCH_CALLS	0
APPEND_READ_1280K_WORK_DETAIL_INODE_BINARY_SEARCH_SAMPLES	0
APPEND_READ_1280K_WORK_DETAIL_INODE_BINARY_SEARCH_SAMPLE_TICKS	0
APPEND_READ_1280K_WORK_DETAIL_DIR_BINARY_SEARCH_CALLS	2
APPEND_READ_1280K_WORK_DETAIL_DIR_BINARY_SEARCH_SAMPLES	0
APPEND_READ_1280K_WORK_DETAIL_DIR_BINARY_SEARCH_SAMPLE_TICKS	0
APPEND_READ_1280K_WORK_DETAIL_NODE_STRUCTURE_CALLS	0
APPEND_READ_1280K_WORK_DETAIL_NODE_STRUCTURE_SAMPLES	0
APPEND_READ_1280K_WORK_DETAIL_NODE_STRUCTURE_SAMPLE_TICKS	0
APPEND_READ_1280K_WORK_DETAIL_CACHE_PEEK_CALLS	2
APPEND_READ_1280K_WORK_DETAIL_CACHE_PEEK_SAMPLES	0
APPEND_READ_1280K_WORK_DETAIL_CACHE_PEEK_SAMPLE_TICKS	0
APPEND_READ_1280K_WORK_DETAIL_BUFFER_ALLOC_CALLS	1
APPEND_READ_1280K_WORK_DETAIL_BUFFER_ALLOC_SAMPLES	0
APPEND_READ_1280K_WORK_DETAIL_BUFFER_ALLOC_SAMPLE_TICKS	0
APPEND_READ_1280K_WORK_DETAIL_BUFFER_FREE_CALLS	1
APPEND_READ_1280K_WORK_DETAIL_BUFFER_FREE_SAMPLES	0
APPEND_READ_1280K_WORK_DETAIL_BUFFER_FREE_SAMPLE_TICKS	0
APPEND_READ_1280K_WORK_DETAIL_EXALL_FILL_CALLS	0
APPEND_READ_1280K_WORK_DETAIL_EXALL_FILL_SAMPLES	0
APPEND_READ_1280K_WORK_DETAIL_EXALL_FILL_SAMPLE_TICKS	0
APPEND_READ_1280K_WORK_FREESPACE_ALLOCS	0
APPEND_READ_1280K_VOLUME_FLUSH_BIO_READS	0
APPEND_READ_1280K_VOLUME_FLUSH_BIO_WRITES	0
APPEND_READ_1280K_VOLUME_FLUSH_BIO_UPDATES	0
APPEND_READ_1280K_VOLUME_FLUSH_DATA_READS	0
APPEND_READ_1280K_VOLUME_FLUSH_DATA_WRITES	0
APPEND_READ_1280K_VOLUME_FLUSH_NODE_WRITES	0
APPEND_READ_1280K_VOLUME_FLUSH_TXN_COMMITS	0
APPEND_READ_1280K_VOLUME_FLUSH_EXTENT_MAPS	0
APPEND_READ_1280K_VOLUME_FLUSH_READ_TICKS	0
APPEND_READ_1280K_VOLUME_FLUSH_WRITE_TICKS	0
APPEND_READ_1280K_VOLUME_FLUSH_UPDATE_TICKS	0
APPEND_READ_1280K_VOLUME_FLUSH_DATA_READ_TICKS	0
APPEND_READ_1280K_VOLUME_FLUSH_DATA_WRITE_TICKS	0
APPEND_READ_1280K_VOLUME_FLUSH_NODE_CRC_READ_CALLS	0
APPEND_READ_1280K_VOLUME_FLUSH_NODE_CRC_READ_SAMPLES	0
APPEND_READ_1280K_VOLUME_FLUSH_NODE_CRC_READ_SAMPLE_TICKS	0
APPEND_READ_1280K_VOLUME_FLUSH_NODE_CRC_WRITE_CALLS	0
APPEND_READ_1280K_VOLUME_FLUSH_NODE_CRC_WRITE_SAMPLES	0
APPEND_READ_1280K_VOLUME_FLUSH_NODE_CRC_WRITE_SAMPLE_TICKS	0
APPEND_READ_1280K_VOLUME_FLUSH_CLOCK_PAIR_TICKS	0
APPEND_READ_1280K_VOLUME_FLUSH_PACKET_CALLS	0
APPEND_READ_1280K_VOLUME_FLUSH_PACKET_SAMPLES	0
APPEND_READ_1280K_VOLUME_FLUSH_PACKET_SAMPLE_TICKS	0
APPEND_READ_1280K_VOLUME_FLUSH_PACKET_OPEN_CALLS	0
APPEND_READ_1280K_VOLUME_FLUSH_PACKET_OPEN_SAMPLES	0
APPEND_READ_1280K_VOLUME_FLUSH_PACKET_OPEN_SAMPLE_TICKS	0
APPEND_READ_1280K_VOLUME_FLUSH_PACKET_READ_CALLS	0
APPEND_READ_1280K_VOLUME_FLUSH_PACKET_READ_SAMPLES	0
APPEND_READ_1280K_VOLUME_FLUSH_PACKET_READ_SAMPLE_TICKS	0
APPEND_READ_1280K_VOLUME_FLUSH_PACKET_WRITE_CALLS	0
APPEND_READ_1280K_VOLUME_FLUSH_PACKET_WRITE_SAMPLES	0
APPEND_READ_1280K_VOLUME_FLUSH_PACKET_WRITE_SAMPLE_TICKS	0
APPEND_READ_1280K_VOLUME_FLUSH_PACKET_END_CALLS	0
APPEND_READ_1280K_VOLUME_FLUSH_PACKET_END_SAMPLES	0
APPEND_READ_1280K_VOLUME_FLUSH_PACKET_END_SAMPLE_TICKS	0
APPEND_READ_1280K_VOLUME_FLUSH_PACKET_DELETE_CALLS	0
APPEND_READ_1280K_VOLUME_FLUSH_PACKET_DELETE_SAMPLES	0
APPEND_READ_1280K_VOLUME_FLUSH_PACKET_DELETE_SAMPLE_TICKS	0
APPEND_READ_1280K_VOLUME_FLUSH_PACKET_FLUSH_CALLS	0
APPEND_READ_1280K_VOLUME_FLUSH_PACKET_FLUSH_SAMPLES	0
APPEND_READ_1280K_VOLUME_FLUSH_PACKET_FLUSH_SAMPLE_TICKS	0
APPEND_READ_1280K_VOLUME_FLUSH_PACKET_OTHER_CALLS	0
APPEND_READ_1280K_VOLUME_FLUSH_PACKET_OTHER_SAMPLES	0
APPEND_READ_1280K_VOLUME_FLUSH_PACKET_OTHER_SAMPLE_TICKS	0
APPEND_READ_1280K_VOLUME_FLUSH_CORE_CREATE_CALLS	0
APPEND_READ_1280K_VOLUME_FLUSH_CORE_CREATE_SAMPLES	0
APPEND_READ_1280K_VOLUME_FLUSH_CORE_CREATE_SAMPLE_TICKS	0
APPEND_READ_1280K_VOLUME_FLUSH_CORE_DELETE_CALLS	0
APPEND_READ_1280K_VOLUME_FLUSH_CORE_DELETE_SAMPLES	0
APPEND_READ_1280K_VOLUME_FLUSH_CORE_DELETE_SAMPLE_TICKS	0
APPEND_READ_1280K_VOLUME_FLUSH_CORE_FILE_WRITE_CALLS	0
APPEND_READ_1280K_VOLUME_FLUSH_CORE_FILE_WRITE_SAMPLES	0
APPEND_READ_1280K_VOLUME_FLUSH_CORE_FILE_WRITE_SAMPLE_TICKS	0
APPEND_READ_1280K_VOLUME_FLUSH_CORE_SYNC_CALLS	0
APPEND_READ_1280K_VOLUME_FLUSH_CORE_SYNC_SAMPLES	0
APPEND_READ_1280K_VOLUME_FLUSH_CORE_SYNC_SAMPLE_TICKS	0
APPEND_READ_1280K_VOLUME_FLUSH_IFACE_FREE_CALLS	0
APPEND_READ_1280K_VOLUME_FLUSH_IFACE_FREE_SAMPLES	0
APPEND_READ_1280K_VOLUME_FLUSH_IFACE_FREE_SAMPLE_TICKS	0
APPEND_READ_1280K_VOLUME_FLUSH_SEAL_COMMIT_CALLS	0
APPEND_READ_1280K_VOLUME_FLUSH_SEAL_COMMIT_SAMPLES	0
APPEND_READ_1280K_VOLUME_FLUSH_SEAL_COMMIT_SAMPLE_TICKS	0
APPEND_READ_1280K_VOLUME_FLUSH_INODE_READ_CALLS	0
APPEND_READ_1280K_VOLUME_FLUSH_BTREE_SEARCH_CALLS	0
APPEND_READ_1280K_VOLUME_FLUSH_BTREE_INDEX_HINT_HITS	0
APPEND_READ_1280K_VOLUME_FLUSH_BTREE_LEAF_HINT_HITS	0
APPEND_READ_1280K_VOLUME_FLUSH_CACHE_READ_CALLS	0
APPEND_READ_1280K_VOLUME_FLUSH_CACHE_READ_HITS	0
APPEND_READ_1280K_VOLUME_FLUSH_CACHE_READ_MISSES	0
APPEND_READ_1280K_VOLUME_FLUSH_FREE_TREE_NODE_VIEWS	0
APPEND_READ_1280K_VOLUME_FLUSH_FREE_TREE_RESIDENT_VIEWS	0
APPEND_READ_1280K_VOLUME_FLUSH_DIR_TREE_NODE_VIEWS	0
APPEND_READ_1280K_VOLUME_FLUSH_DIR_TREE_RESIDENT_VIEWS	0
APPEND_READ_1280K_VOLUME_FLUSH_INODE_TREE_NODE_VIEWS	0
APPEND_READ_1280K_VOLUME_FLUSH_INODE_TREE_RESIDENT_VIEWS	0
APPEND_READ_1280K_VOLUME_FLUSH_REFCOUNT_TREE_NODE_VIEWS	0
APPEND_READ_1280K_VOLUME_FLUSH_REFCOUNT_TREE_RESIDENT_VIEWS	0
APPEND_READ_1280K_VOLUME_FLUSH_OTHER_TREE_NODE_VIEWS	0
APPEND_READ_1280K_VOLUME_FLUSH_OTHER_TREE_RESIDENT_VIEWS	0
APPEND_READ_1280K_VOLUME_FLUSH_WRITE_DETAIL_INODE_READ_CALLS	0
APPEND_READ_1280K_VOLUME_FLUSH_WRITE_DETAIL_INODE_READ_SAMPLES	0
APPEND_READ_1280K_VOLUME_FLUSH_WRITE_DETAIL_INODE_READ_SAMPLE_TICKS	0
APPEND_READ_1280K_VOLUME_FLUSH_WRITE_DETAIL_INODE_WRITE_CALLS	0
APPEND_READ_1280K_VOLUME_FLUSH_WRITE_DETAIL_INODE_WRITE_SAMPLES	0
APPEND_READ_1280K_VOLUME_FLUSH_WRITE_DETAIL_INODE_WRITE_SAMPLE_TICKS	0
APPEND_READ_1280K_VOLUME_FLUSH_WRITE_DETAIL_EXTENT_MAP_CALLS	0
APPEND_READ_1280K_VOLUME_FLUSH_WRITE_DETAIL_EXTENT_MAP_SAMPLES	0
APPEND_READ_1280K_VOLUME_FLUSH_WRITE_DETAIL_EXTENT_MAP_SAMPLE_TICKS	0
APPEND_READ_1280K_VOLUME_FLUSH_WRITE_DETAIL_FREESPACE_GOAL_CALLS	0
APPEND_READ_1280K_VOLUME_FLUSH_WRITE_DETAIL_FREESPACE_GOAL_SAMPLES	0
APPEND_READ_1280K_VOLUME_FLUSH_WRITE_DETAIL_FREESPACE_GOAL_SAMPLE_TICKS	0
APPEND_READ_1280K_VOLUME_FLUSH_BTREE_MALLOC_CALLS	0
APPEND_READ_1280K_VOLUME_FLUSH_BTREE_MALLOC_SAMPLES	0
APPEND_READ_1280K_VOLUME_FLUSH_BTREE_MALLOC_SAMPLE_TICKS	0
APPEND_READ_1280K_VOLUME_FLUSH_BTREE_FREE_CALLS	0
APPEND_READ_1280K_VOLUME_FLUSH_BTREE_FREE_SAMPLES	0
APPEND_READ_1280K_VOLUME_FLUSH_BTREE_FREE_SAMPLE_TICKS	0
APPEND_READ_1280K_VOLUME_FLUSH_IFACE_ALLOC_CALLS	0
APPEND_READ_1280K_VOLUME_FLUSH_IFACE_ALLOC_SAMPLES	0
APPEND_READ_1280K_VOLUME_FLUSH_IFACE_ALLOC_SAMPLE_TICKS	0
APPEND_READ_1280K_VOLUME_FLUSH_FREESPACE_ALLOC_CALLS	0
APPEND_READ_1280K_VOLUME_FLUSH_FREESPACE_ALLOC_SAMPLES	0
APPEND_READ_1280K_VOLUME_FLUSH_FREESPACE_ALLOC_SAMPLE_TICKS	0
APPEND_READ_1280K_VOLUME_FLUSH_DETAIL_INODE_READ_CALLS	0
APPEND_READ_1280K_VOLUME_FLUSH_DETAIL_INODE_READ_SAMPLES	0
APPEND_READ_1280K_VOLUME_FLUSH_DETAIL_INODE_READ_SAMPLE_TICKS	0
APPEND_READ_1280K_VOLUME_FLUSH_DETAIL_INODE_VALIDATE_CALLS	0
APPEND_READ_1280K_VOLUME_FLUSH_DETAIL_INODE_VALIDATE_SAMPLES	0
APPEND_READ_1280K_VOLUME_FLUSH_DETAIL_INODE_VALIDATE_SAMPLE_TICKS	0
APPEND_READ_1280K_VOLUME_FLUSH_DETAIL_INODE_SEARCH_CALLS	0
APPEND_READ_1280K_VOLUME_FLUSH_DETAIL_INODE_SEARCH_SAMPLES	0
APPEND_READ_1280K_VOLUME_FLUSH_DETAIL_INODE_SEARCH_SAMPLE_TICKS	0
APPEND_READ_1280K_VOLUME_FLUSH_DETAIL_INODE_NODE_VIEW_CALLS	0
APPEND_READ_1280K_VOLUME_FLUSH_DETAIL_INODE_NODE_VIEW_SAMPLES	0
APPEND_READ_1280K_VOLUME_FLUSH_DETAIL_INODE_NODE_VIEW_SAMPLE_TICKS	0
APPEND_READ_1280K_VOLUME_FLUSH_DETAIL_DIR_NODE_VIEW_CALLS	0
APPEND_READ_1280K_VOLUME_FLUSH_DETAIL_DIR_NODE_VIEW_SAMPLES	0
APPEND_READ_1280K_VOLUME_FLUSH_DETAIL_DIR_NODE_VIEW_SAMPLE_TICKS	0
APPEND_READ_1280K_VOLUME_FLUSH_DETAIL_INODE_BINARY_SEARCH_CALLS	0
APPEND_READ_1280K_VOLUME_FLUSH_DETAIL_INODE_BINARY_SEARCH_SAMPLES	0
APPEND_READ_1280K_VOLUME_FLUSH_DETAIL_INODE_BINARY_SEARCH_SAMPLE_TICKS	0
APPEND_READ_1280K_VOLUME_FLUSH_DETAIL_DIR_BINARY_SEARCH_CALLS	0
APPEND_READ_1280K_VOLUME_FLUSH_DETAIL_DIR_BINARY_SEARCH_SAMPLES	0
APPEND_READ_1280K_VOLUME_FLUSH_DETAIL_DIR_BINARY_SEARCH_SAMPLE_TICKS	0
APPEND_READ_1280K_VOLUME_FLUSH_DETAIL_NODE_STRUCTURE_CALLS	0
APPEND_READ_1280K_VOLUME_FLUSH_DETAIL_NODE_STRUCTURE_SAMPLES	0
APPEND_READ_1280K_VOLUME_FLUSH_DETAIL_NODE_STRUCTURE_SAMPLE_TICKS	0
APPEND_READ_1280K_VOLUME_FLUSH_DETAIL_CACHE_PEEK_CALLS	0
APPEND_READ_1280K_VOLUME_FLUSH_DETAIL_CACHE_PEEK_SAMPLES	0
APPEND_READ_1280K_VOLUME_FLUSH_DETAIL_CACHE_PEEK_SAMPLE_TICKS	0
APPEND_READ_1280K_VOLUME_FLUSH_DETAIL_BUFFER_ALLOC_CALLS	0
APPEND_READ_1280K_VOLUME_FLUSH_DETAIL_BUFFER_ALLOC_SAMPLES	0
APPEND_READ_1280K_VOLUME_FLUSH_DETAIL_BUFFER_ALLOC_SAMPLE_TICKS	0
APPEND_READ_1280K_VOLUME_FLUSH_DETAIL_BUFFER_FREE_CALLS	0
APPEND_READ_1280K_VOLUME_FLUSH_DETAIL_BUFFER_FREE_SAMPLES	0
APPEND_READ_1280K_VOLUME_FLUSH_DETAIL_BUFFER_FREE_SAMPLE_TICKS	0
APPEND_READ_1280K_VOLUME_FLUSH_DETAIL_EXALL_FILL_CALLS	0
APPEND_READ_1280K_VOLUME_FLUSH_DETAIL_EXALL_FILL_SAMPLES	0
APPEND_READ_1280K_VOLUME_FLUSH_DETAIL_EXALL_FILL_SAMPLE_TICKS	0
APPEND_READ_1280K_VOLUME_FLUSH_FREESPACE_ALLOCS	0
LIST_EXNEXT_40_ENTRIES_FIRST_PASS_US	6527
LIST_EXNEXT_40_ENTRIES_FIRST_PASS_WORK_US	6527
LIST_EXNEXT_40_ENTRIES_FIRST_PASS_VOLUME_FLUSH_US	0
LIST_EXNEXT_40_ENTRIES_FIRST_PASS_HAS_VOLUME_FLUSH	0
LIST_EXNEXT_40_ENTRIES_FIRST_PASS_GUEST_OPEN_CALLS	0
LIST_EXNEXT_40_ENTRIES_FIRST_PASS_GUEST_OPEN_US	0
LIST_EXNEXT_40_ENTRIES_FIRST_PASS_GUEST_READ_CALLS	0
LIST_EXNEXT_40_ENTRIES_FIRST_PASS_GUEST_READ_US	0
LIST_EXNEXT_40_ENTRIES_FIRST_PASS_GUEST_WRITE_CALLS	0
LIST_EXNEXT_40_ENTRIES_FIRST_PASS_GUEST_WRITE_US	0
LIST_EXNEXT_40_ENTRIES_FIRST_PASS_GUEST_HANDLE_FLUSH_CALLS	0
LIST_EXNEXT_40_ENTRIES_FIRST_PASS_GUEST_HANDLE_FLUSH_US	0
LIST_EXNEXT_40_ENTRIES_FIRST_PASS_GUEST_CLOSE_CALLS	0
LIST_EXNEXT_40_ENTRIES_FIRST_PASS_GUEST_CLOSE_US	0
LIST_EXNEXT_40_ENTRIES_FIRST_PASS_GUEST_VERIFY_CALLS	0
LIST_EXNEXT_40_ENTRIES_FIRST_PASS_GUEST_VERIFY_US	0
LIST_EXNEXT_40_ENTRIES_FIRST_PASS_WORK_BIO_READS	3
LIST_EXNEXT_40_ENTRIES_FIRST_PASS_WORK_BIO_WRITES	0
LIST_EXNEXT_40_ENTRIES_FIRST_PASS_WORK_BIO_UPDATES	0
LIST_EXNEXT_40_ENTRIES_FIRST_PASS_WORK_DATA_READS	0
LIST_EXNEXT_40_ENTRIES_FIRST_PASS_WORK_DATA_WRITES	0
LIST_EXNEXT_40_ENTRIES_FIRST_PASS_WORK_NODE_WRITES	0
LIST_EXNEXT_40_ENTRIES_FIRST_PASS_WORK_TXN_COMMITS	0
LIST_EXNEXT_40_ENTRIES_FIRST_PASS_WORK_EXTENT_MAPS	0
LIST_EXNEXT_40_ENTRIES_FIRST_PASS_WORK_READ_TICKS	228
LIST_EXNEXT_40_ENTRIES_FIRST_PASS_WORK_WRITE_TICKS	0
LIST_EXNEXT_40_ENTRIES_FIRST_PASS_WORK_UPDATE_TICKS	0
LIST_EXNEXT_40_ENTRIES_FIRST_PASS_WORK_DATA_READ_TICKS	0
LIST_EXNEXT_40_ENTRIES_FIRST_PASS_WORK_DATA_WRITE_TICKS	0
LIST_EXNEXT_40_ENTRIES_FIRST_PASS_WORK_NODE_CRC_READ_CALLS	3
LIST_EXNEXT_40_ENTRIES_FIRST_PASS_WORK_NODE_CRC_READ_SAMPLES	3
LIST_EXNEXT_40_ENTRIES_FIRST_PASS_WORK_NODE_CRC_READ_SAMPLE_TICKS	408
LIST_EXNEXT_40_ENTRIES_FIRST_PASS_WORK_NODE_CRC_WRITE_CALLS	0
LIST_EXNEXT_40_ENTRIES_FIRST_PASS_WORK_NODE_CRC_WRITE_SAMPLES	0
LIST_EXNEXT_40_ENTRIES_FIRST_PASS_WORK_NODE_CRC_WRITE_SAMPLE_TICKS	0
LIST_EXNEXT_40_ENTRIES_FIRST_PASS_WORK_CLOCK_PAIR_TICKS	0
LIST_EXNEXT_40_ENTRIES_FIRST_PASS_WORK_PACKET_CALLS	44
LIST_EXNEXT_40_ENTRIES_FIRST_PASS_WORK_PACKET_SAMPLES	44
LIST_EXNEXT_40_ENTRIES_FIRST_PASS_WORK_PACKET_SAMPLE_TICKS	3616
LIST_EXNEXT_40_ENTRIES_FIRST_PASS_WORK_PACKET_OPEN_CALLS	0
LIST_EXNEXT_40_ENTRIES_FIRST_PASS_WORK_PACKET_OPEN_SAMPLES	0
LIST_EXNEXT_40_ENTRIES_FIRST_PASS_WORK_PACKET_OPEN_SAMPLE_TICKS	0
LIST_EXNEXT_40_ENTRIES_FIRST_PASS_WORK_PACKET_READ_CALLS	0
LIST_EXNEXT_40_ENTRIES_FIRST_PASS_WORK_PACKET_READ_SAMPLES	0
LIST_EXNEXT_40_ENTRIES_FIRST_PASS_WORK_PACKET_READ_SAMPLE_TICKS	0
LIST_EXNEXT_40_ENTRIES_FIRST_PASS_WORK_PACKET_WRITE_CALLS	0
LIST_EXNEXT_40_ENTRIES_FIRST_PASS_WORK_PACKET_WRITE_SAMPLES	0
LIST_EXNEXT_40_ENTRIES_FIRST_PASS_WORK_PACKET_WRITE_SAMPLE_TICKS	0
LIST_EXNEXT_40_ENTRIES_FIRST_PASS_WORK_PACKET_END_CALLS	0
LIST_EXNEXT_40_ENTRIES_FIRST_PASS_WORK_PACKET_END_SAMPLES	0
LIST_EXNEXT_40_ENTRIES_FIRST_PASS_WORK_PACKET_END_SAMPLE_TICKS	0
LIST_EXNEXT_40_ENTRIES_FIRST_PASS_WORK_PACKET_DELETE_CALLS	0
LIST_EXNEXT_40_ENTRIES_FIRST_PASS_WORK_PACKET_DELETE_SAMPLES	0
LIST_EXNEXT_40_ENTRIES_FIRST_PASS_WORK_PACKET_DELETE_SAMPLE_TICKS	0
LIST_EXNEXT_40_ENTRIES_FIRST_PASS_WORK_PACKET_FLUSH_CALLS	0
LIST_EXNEXT_40_ENTRIES_FIRST_PASS_WORK_PACKET_FLUSH_SAMPLES	0
LIST_EXNEXT_40_ENTRIES_FIRST_PASS_WORK_PACKET_FLUSH_SAMPLE_TICKS	0
LIST_EXNEXT_40_ENTRIES_FIRST_PASS_WORK_PACKET_OTHER_CALLS	44
LIST_EXNEXT_40_ENTRIES_FIRST_PASS_WORK_PACKET_OTHER_SAMPLES	44
LIST_EXNEXT_40_ENTRIES_FIRST_PASS_WORK_PACKET_OTHER_SAMPLE_TICKS	3616
LIST_EXNEXT_40_ENTRIES_FIRST_PASS_WORK_CORE_CREATE_CALLS	0
LIST_EXNEXT_40_ENTRIES_FIRST_PASS_WORK_CORE_CREATE_SAMPLES	0
LIST_EXNEXT_40_ENTRIES_FIRST_PASS_WORK_CORE_CREATE_SAMPLE_TICKS	0
LIST_EXNEXT_40_ENTRIES_FIRST_PASS_WORK_CORE_DELETE_CALLS	0
LIST_EXNEXT_40_ENTRIES_FIRST_PASS_WORK_CORE_DELETE_SAMPLES	0
LIST_EXNEXT_40_ENTRIES_FIRST_PASS_WORK_CORE_DELETE_SAMPLE_TICKS	0
LIST_EXNEXT_40_ENTRIES_FIRST_PASS_WORK_CORE_FILE_WRITE_CALLS	0
LIST_EXNEXT_40_ENTRIES_FIRST_PASS_WORK_CORE_FILE_WRITE_SAMPLES	0
LIST_EXNEXT_40_ENTRIES_FIRST_PASS_WORK_CORE_FILE_WRITE_SAMPLE_TICKS	0
LIST_EXNEXT_40_ENTRIES_FIRST_PASS_WORK_CORE_SYNC_CALLS	0
LIST_EXNEXT_40_ENTRIES_FIRST_PASS_WORK_CORE_SYNC_SAMPLES	0
LIST_EXNEXT_40_ENTRIES_FIRST_PASS_WORK_CORE_SYNC_SAMPLE_TICKS	0
LIST_EXNEXT_40_ENTRIES_FIRST_PASS_WORK_IFACE_FREE_CALLS	0
LIST_EXNEXT_40_ENTRIES_FIRST_PASS_WORK_IFACE_FREE_SAMPLES	0
LIST_EXNEXT_40_ENTRIES_FIRST_PASS_WORK_IFACE_FREE_SAMPLE_TICKS	0
LIST_EXNEXT_40_ENTRIES_FIRST_PASS_WORK_SEAL_COMMIT_CALLS	0
LIST_EXNEXT_40_ENTRIES_FIRST_PASS_WORK_SEAL_COMMIT_SAMPLES	0
LIST_EXNEXT_40_ENTRIES_FIRST_PASS_WORK_SEAL_COMMIT_SAMPLE_TICKS	0
LIST_EXNEXT_40_ENTRIES_FIRST_PASS_WORK_INODE_READ_CALLS	41
LIST_EXNEXT_40_ENTRIES_FIRST_PASS_WORK_BTREE_SEARCH_CALLS	42
LIST_EXNEXT_40_ENTRIES_FIRST_PASS_WORK_BTREE_INDEX_HINT_HITS	0
LIST_EXNEXT_40_ENTRIES_FIRST_PASS_WORK_BTREE_LEAF_HINT_HITS	39
LIST_EXNEXT_40_ENTRIES_FIRST_PASS_WORK_CACHE_READ_CALLS	5
LIST_EXNEXT_40_ENTRIES_FIRST_PASS_WORK_CACHE_READ_HITS	2
LIST_EXNEXT_40_ENTRIES_FIRST_PASS_WORK_CACHE_READ_MISSES	3
LIST_EXNEXT_40_ENTRIES_FIRST_PASS_WORK_FREE_TREE_NODE_VIEWS	0
LIST_EXNEXT_40_ENTRIES_FIRST_PASS_WORK_FREE_TREE_RESIDENT_VIEWS	0
LIST_EXNEXT_40_ENTRIES_FIRST_PASS_WORK_DIR_TREE_NODE_VIEWS	10
LIST_EXNEXT_40_ENTRIES_FIRST_PASS_WORK_DIR_TREE_RESIDENT_VIEWS	8
LIST_EXNEXT_40_ENTRIES_FIRST_PASS_WORK_INODE_TREE_NODE_VIEWS	4
LIST_EXNEXT_40_ENTRIES_FIRST_PASS_WORK_INODE_TREE_RESIDENT_VIEWS	1
LIST_EXNEXT_40_ENTRIES_FIRST_PASS_WORK_REFCOUNT_TREE_NODE_VIEWS	0
LIST_EXNEXT_40_ENTRIES_FIRST_PASS_WORK_REFCOUNT_TREE_RESIDENT_VIEWS	0
LIST_EXNEXT_40_ENTRIES_FIRST_PASS_WORK_OTHER_TREE_NODE_VIEWS	0
LIST_EXNEXT_40_ENTRIES_FIRST_PASS_WORK_OTHER_TREE_RESIDENT_VIEWS	0
LIST_EXNEXT_40_ENTRIES_FIRST_PASS_WORK_WRITE_DETAIL_INODE_READ_CALLS	41
LIST_EXNEXT_40_ENTRIES_FIRST_PASS_WORK_WRITE_DETAIL_INODE_READ_SAMPLES	41
LIST_EXNEXT_40_ENTRIES_FIRST_PASS_WORK_WRITE_DETAIL_INODE_READ_SAMPLE_TICKS	1391
LIST_EXNEXT_40_ENTRIES_FIRST_PASS_WORK_WRITE_DETAIL_INODE_WRITE_CALLS	0
LIST_EXNEXT_40_ENTRIES_FIRST_PASS_WORK_WRITE_DETAIL_INODE_WRITE_SAMPLES	0
LIST_EXNEXT_40_ENTRIES_FIRST_PASS_WORK_WRITE_DETAIL_INODE_WRITE_SAMPLE_TICKS	0
LIST_EXNEXT_40_ENTRIES_FIRST_PASS_WORK_WRITE_DETAIL_EXTENT_MAP_CALLS	0
LIST_EXNEXT_40_ENTRIES_FIRST_PASS_WORK_WRITE_DETAIL_EXTENT_MAP_SAMPLES	0
LIST_EXNEXT_40_ENTRIES_FIRST_PASS_WORK_WRITE_DETAIL_EXTENT_MAP_SAMPLE_TICKS	0
LIST_EXNEXT_40_ENTRIES_FIRST_PASS_WORK_WRITE_DETAIL_FREESPACE_GOAL_CALLS	0
LIST_EXNEXT_40_ENTRIES_FIRST_PASS_WORK_WRITE_DETAIL_FREESPACE_GOAL_SAMPLES	0
LIST_EXNEXT_40_ENTRIES_FIRST_PASS_WORK_WRITE_DETAIL_FREESPACE_GOAL_SAMPLE_TICKS	0
LIST_EXNEXT_40_ENTRIES_FIRST_PASS_WORK_BTREE_MALLOC_CALLS	2
LIST_EXNEXT_40_ENTRIES_FIRST_PASS_WORK_BTREE_MALLOC_SAMPLES	2
LIST_EXNEXT_40_ENTRIES_FIRST_PASS_WORK_BTREE_MALLOC_SAMPLE_TICKS	0
LIST_EXNEXT_40_ENTRIES_FIRST_PASS_WORK_BTREE_FREE_CALLS	43
LIST_EXNEXT_40_ENTRIES_FIRST_PASS_WORK_BTREE_FREE_SAMPLES	43
LIST_EXNEXT_40_ENTRIES_FIRST_PASS_WORK_BTREE_FREE_SAMPLE_TICKS	1
LIST_EXNEXT_40_ENTRIES_FIRST_PASS_WORK_IFACE_ALLOC_CALLS	0
LIST_EXNEXT_40_ENTRIES_FIRST_PASS_WORK_IFACE_ALLOC_SAMPLES	0
LIST_EXNEXT_40_ENTRIES_FIRST_PASS_WORK_IFACE_ALLOC_SAMPLE_TICKS	0
LIST_EXNEXT_40_ENTRIES_FIRST_PASS_WORK_FREESPACE_ALLOC_CALLS	0
LIST_EXNEXT_40_ENTRIES_FIRST_PASS_WORK_FREESPACE_ALLOC_SAMPLES	0
LIST_EXNEXT_40_ENTRIES_FIRST_PASS_WORK_FREESPACE_ALLOC_SAMPLE_TICKS	0
LIST_EXNEXT_40_ENTRIES_FIRST_PASS_WORK_DETAIL_INODE_READ_CALLS	41
LIST_EXNEXT_40_ENTRIES_FIRST_PASS_WORK_DETAIL_INODE_READ_SAMPLES	2
LIST_EXNEXT_40_ENTRIES_FIRST_PASS_WORK_DETAIL_INODE_READ_SAMPLE_TICKS	90
LIST_EXNEXT_40_ENTRIES_FIRST_PASS_WORK_DETAIL_INODE_VALIDATE_CALLS	41
LIST_EXNEXT_40_ENTRIES_FIRST_PASS_WORK_DETAIL_INODE_VALIDATE_SAMPLES	2
LIST_EXNEXT_40_ENTRIES_FIRST_PASS_WORK_DETAIL_INODE_VALIDATE_SAMPLE_TICKS	0
LIST_EXNEXT_40_ENTRIES_FIRST_PASS_WORK_DETAIL_INODE_SEARCH_CALLS	41
LIST_EXNEXT_40_ENTRIES_FIRST_PASS_WORK_DETAIL_INODE_SEARCH_SAMPLES	2
LIST_EXNEXT_40_ENTRIES_FIRST_PASS_WORK_DETAIL_INODE_SEARCH_SAMPLE_TICKS	46
LIST_EXNEXT_40_ENTRIES_FIRST_PASS_WORK_DETAIL_INODE_NODE_VIEW_CALLS	4
LIST_EXNEXT_40_ENTRIES_FIRST_PASS_WORK_DETAIL_INODE_NODE_VIEW_SAMPLES	0
LIST_EXNEXT_40_ENTRIES_FIRST_PASS_WORK_DETAIL_INODE_NODE_VIEW_SAMPLE_TICKS	0
LIST_EXNEXT_40_ENTRIES_FIRST_PASS_WORK_DETAIL_DIR_NODE_VIEW_CALLS	10
LIST_EXNEXT_40_ENTRIES_FIRST_PASS_WORK_DETAIL_DIR_NODE_VIEW_SAMPLES	0
LIST_EXNEXT_40_ENTRIES_FIRST_PASS_WORK_DETAIL_DIR_NODE_VIEW_SAMPLE_TICKS	0
LIST_EXNEXT_40_ENTRIES_FIRST_PASS_WORK_DETAIL_INODE_BINARY_SEARCH_CALLS	31
LIST_EXNEXT_40_ENTRIES_FIRST_PASS_WORK_DETAIL_INODE_BINARY_SEARCH_SAMPLES	1
LIST_EXNEXT_40_ENTRIES_FIRST_PASS_WORK_DETAIL_INODE_BINARY_SEARCH_SAMPLE_TICKS	0
LIST_EXNEXT_40_ENTRIES_FIRST_PASS_WORK_DETAIL_DIR_BINARY_SEARCH_CALLS	8
LIST_EXNEXT_40_ENTRIES_FIRST_PASS_WORK_DETAIL_DIR_BINARY_SEARCH_SAMPLES	0
LIST_EXNEXT_40_ENTRIES_FIRST_PASS_WORK_DETAIL_DIR_BINARY_SEARCH_SAMPLE_TICKS	0
LIST_EXNEXT_40_ENTRIES_FIRST_PASS_WORK_DETAIL_NODE_STRUCTURE_CALLS	5
LIST_EXNEXT_40_ENTRIES_FIRST_PASS_WORK_DETAIL_NODE_STRUCTURE_SAMPLES	0
LIST_EXNEXT_40_ENTRIES_FIRST_PASS_WORK_DETAIL_NODE_STRUCTURE_SAMPLE_TICKS	0
LIST_EXNEXT_40_ENTRIES_FIRST_PASS_WORK_DETAIL_CACHE_PEEK_CALLS	54
LIST_EXNEXT_40_ENTRIES_FIRST_PASS_WORK_DETAIL_CACHE_PEEK_SAMPLES	3
LIST_EXNEXT_40_ENTRIES_FIRST_PASS_WORK_DETAIL_CACHE_PEEK_SAMPLE_TICKS	0
LIST_EXNEXT_40_ENTRIES_FIRST_PASS_WORK_DETAIL_BUFFER_ALLOC_CALLS	45
LIST_EXNEXT_40_ENTRIES_FIRST_PASS_WORK_DETAIL_BUFFER_ALLOC_SAMPLES	2
LIST_EXNEXT_40_ENTRIES_FIRST_PASS_WORK_DETAIL_BUFFER_ALLOC_SAMPLE_TICKS	0
LIST_EXNEXT_40_ENTRIES_FIRST_PASS_WORK_DETAIL_BUFFER_FREE_CALLS	45
LIST_EXNEXT_40_ENTRIES_FIRST_PASS_WORK_DETAIL_BUFFER_FREE_SAMPLES	2
LIST_EXNEXT_40_ENTRIES_FIRST_PASS_WORK_DETAIL_BUFFER_FREE_SAMPLE_TICKS	0
LIST_EXNEXT_40_ENTRIES_FIRST_PASS_WORK_DETAIL_EXALL_FILL_CALLS	0
LIST_EXNEXT_40_ENTRIES_FIRST_PASS_WORK_DETAIL_EXALL_FILL_SAMPLES	0
LIST_EXNEXT_40_ENTRIES_FIRST_PASS_WORK_DETAIL_EXALL_FILL_SAMPLE_TICKS	0
LIST_EXNEXT_40_ENTRIES_FIRST_PASS_WORK_FREESPACE_ALLOCS	0
LIST_EXNEXT_40_ENTRIES_FIRST_PASS_VOLUME_FLUSH_BIO_READS	0
LIST_EXNEXT_40_ENTRIES_FIRST_PASS_VOLUME_FLUSH_BIO_WRITES	0
LIST_EXNEXT_40_ENTRIES_FIRST_PASS_VOLUME_FLUSH_BIO_UPDATES	0
LIST_EXNEXT_40_ENTRIES_FIRST_PASS_VOLUME_FLUSH_DATA_READS	0
LIST_EXNEXT_40_ENTRIES_FIRST_PASS_VOLUME_FLUSH_DATA_WRITES	0
LIST_EXNEXT_40_ENTRIES_FIRST_PASS_VOLUME_FLUSH_NODE_WRITES	0
LIST_EXNEXT_40_ENTRIES_FIRST_PASS_VOLUME_FLUSH_TXN_COMMITS	0
LIST_EXNEXT_40_ENTRIES_FIRST_PASS_VOLUME_FLUSH_EXTENT_MAPS	0
LIST_EXNEXT_40_ENTRIES_FIRST_PASS_VOLUME_FLUSH_READ_TICKS	0
LIST_EXNEXT_40_ENTRIES_FIRST_PASS_VOLUME_FLUSH_WRITE_TICKS	0
LIST_EXNEXT_40_ENTRIES_FIRST_PASS_VOLUME_FLUSH_UPDATE_TICKS	0
LIST_EXNEXT_40_ENTRIES_FIRST_PASS_VOLUME_FLUSH_DATA_READ_TICKS	0
LIST_EXNEXT_40_ENTRIES_FIRST_PASS_VOLUME_FLUSH_DATA_WRITE_TICKS	0
LIST_EXNEXT_40_ENTRIES_FIRST_PASS_VOLUME_FLUSH_NODE_CRC_READ_CALLS	0
LIST_EXNEXT_40_ENTRIES_FIRST_PASS_VOLUME_FLUSH_NODE_CRC_READ_SAMPLES	0
LIST_EXNEXT_40_ENTRIES_FIRST_PASS_VOLUME_FLUSH_NODE_CRC_READ_SAMPLE_TICKS	0
LIST_EXNEXT_40_ENTRIES_FIRST_PASS_VOLUME_FLUSH_NODE_CRC_WRITE_CALLS	0
LIST_EXNEXT_40_ENTRIES_FIRST_PASS_VOLUME_FLUSH_NODE_CRC_WRITE_SAMPLES	0
LIST_EXNEXT_40_ENTRIES_FIRST_PASS_VOLUME_FLUSH_NODE_CRC_WRITE_SAMPLE_TICKS	0
LIST_EXNEXT_40_ENTRIES_FIRST_PASS_VOLUME_FLUSH_CLOCK_PAIR_TICKS	0
LIST_EXNEXT_40_ENTRIES_FIRST_PASS_VOLUME_FLUSH_PACKET_CALLS	0
LIST_EXNEXT_40_ENTRIES_FIRST_PASS_VOLUME_FLUSH_PACKET_SAMPLES	0
LIST_EXNEXT_40_ENTRIES_FIRST_PASS_VOLUME_FLUSH_PACKET_SAMPLE_TICKS	0
LIST_EXNEXT_40_ENTRIES_FIRST_PASS_VOLUME_FLUSH_PACKET_OPEN_CALLS	0
LIST_EXNEXT_40_ENTRIES_FIRST_PASS_VOLUME_FLUSH_PACKET_OPEN_SAMPLES	0
LIST_EXNEXT_40_ENTRIES_FIRST_PASS_VOLUME_FLUSH_PACKET_OPEN_SAMPLE_TICKS	0
LIST_EXNEXT_40_ENTRIES_FIRST_PASS_VOLUME_FLUSH_PACKET_READ_CALLS	0
LIST_EXNEXT_40_ENTRIES_FIRST_PASS_VOLUME_FLUSH_PACKET_READ_SAMPLES	0
LIST_EXNEXT_40_ENTRIES_FIRST_PASS_VOLUME_FLUSH_PACKET_READ_SAMPLE_TICKS	0
LIST_EXNEXT_40_ENTRIES_FIRST_PASS_VOLUME_FLUSH_PACKET_WRITE_CALLS	0
LIST_EXNEXT_40_ENTRIES_FIRST_PASS_VOLUME_FLUSH_PACKET_WRITE_SAMPLES	0
LIST_EXNEXT_40_ENTRIES_FIRST_PASS_VOLUME_FLUSH_PACKET_WRITE_SAMPLE_TICKS	0
LIST_EXNEXT_40_ENTRIES_FIRST_PASS_VOLUME_FLUSH_PACKET_END_CALLS	0
LIST_EXNEXT_40_ENTRIES_FIRST_PASS_VOLUME_FLUSH_PACKET_END_SAMPLES	0
LIST_EXNEXT_40_ENTRIES_FIRST_PASS_VOLUME_FLUSH_PACKET_END_SAMPLE_TICKS	0
LIST_EXNEXT_40_ENTRIES_FIRST_PASS_VOLUME_FLUSH_PACKET_DELETE_CALLS	0
LIST_EXNEXT_40_ENTRIES_FIRST_PASS_VOLUME_FLUSH_PACKET_DELETE_SAMPLES	0
LIST_EXNEXT_40_ENTRIES_FIRST_PASS_VOLUME_FLUSH_PACKET_DELETE_SAMPLE_TICKS	0
LIST_EXNEXT_40_ENTRIES_FIRST_PASS_VOLUME_FLUSH_PACKET_FLUSH_CALLS	0
LIST_EXNEXT_40_ENTRIES_FIRST_PASS_VOLUME_FLUSH_PACKET_FLUSH_SAMPLES	0
LIST_EXNEXT_40_ENTRIES_FIRST_PASS_VOLUME_FLUSH_PACKET_FLUSH_SAMPLE_TICKS	0
LIST_EXNEXT_40_ENTRIES_FIRST_PASS_VOLUME_FLUSH_PACKET_OTHER_CALLS	0
LIST_EXNEXT_40_ENTRIES_FIRST_PASS_VOLUME_FLUSH_PACKET_OTHER_SAMPLES	0
LIST_EXNEXT_40_ENTRIES_FIRST_PASS_VOLUME_FLUSH_PACKET_OTHER_SAMPLE_TICKS	0
LIST_EXNEXT_40_ENTRIES_FIRST_PASS_VOLUME_FLUSH_CORE_CREATE_CALLS	0
LIST_EXNEXT_40_ENTRIES_FIRST_PASS_VOLUME_FLUSH_CORE_CREATE_SAMPLES	0
LIST_EXNEXT_40_ENTRIES_FIRST_PASS_VOLUME_FLUSH_CORE_CREATE_SAMPLE_TICKS	0
LIST_EXNEXT_40_ENTRIES_FIRST_PASS_VOLUME_FLUSH_CORE_DELETE_CALLS	0
LIST_EXNEXT_40_ENTRIES_FIRST_PASS_VOLUME_FLUSH_CORE_DELETE_SAMPLES	0
LIST_EXNEXT_40_ENTRIES_FIRST_PASS_VOLUME_FLUSH_CORE_DELETE_SAMPLE_TICKS	0
LIST_EXNEXT_40_ENTRIES_FIRST_PASS_VOLUME_FLUSH_CORE_FILE_WRITE_CALLS	0
LIST_EXNEXT_40_ENTRIES_FIRST_PASS_VOLUME_FLUSH_CORE_FILE_WRITE_SAMPLES	0
LIST_EXNEXT_40_ENTRIES_FIRST_PASS_VOLUME_FLUSH_CORE_FILE_WRITE_SAMPLE_TICKS	0
LIST_EXNEXT_40_ENTRIES_FIRST_PASS_VOLUME_FLUSH_CORE_SYNC_CALLS	0
LIST_EXNEXT_40_ENTRIES_FIRST_PASS_VOLUME_FLUSH_CORE_SYNC_SAMPLES	0
LIST_EXNEXT_40_ENTRIES_FIRST_PASS_VOLUME_FLUSH_CORE_SYNC_SAMPLE_TICKS	0
LIST_EXNEXT_40_ENTRIES_FIRST_PASS_VOLUME_FLUSH_IFACE_FREE_CALLS	0
LIST_EXNEXT_40_ENTRIES_FIRST_PASS_VOLUME_FLUSH_IFACE_FREE_SAMPLES	0
LIST_EXNEXT_40_ENTRIES_FIRST_PASS_VOLUME_FLUSH_IFACE_FREE_SAMPLE_TICKS	0
LIST_EXNEXT_40_ENTRIES_FIRST_PASS_VOLUME_FLUSH_SEAL_COMMIT_CALLS	0
LIST_EXNEXT_40_ENTRIES_FIRST_PASS_VOLUME_FLUSH_SEAL_COMMIT_SAMPLES	0
LIST_EXNEXT_40_ENTRIES_FIRST_PASS_VOLUME_FLUSH_SEAL_COMMIT_SAMPLE_TICKS	0
LIST_EXNEXT_40_ENTRIES_FIRST_PASS_VOLUME_FLUSH_INODE_READ_CALLS	0
LIST_EXNEXT_40_ENTRIES_FIRST_PASS_VOLUME_FLUSH_BTREE_SEARCH_CALLS	0
LIST_EXNEXT_40_ENTRIES_FIRST_PASS_VOLUME_FLUSH_BTREE_INDEX_HINT_HITS	0
LIST_EXNEXT_40_ENTRIES_FIRST_PASS_VOLUME_FLUSH_BTREE_LEAF_HINT_HITS	0
LIST_EXNEXT_40_ENTRIES_FIRST_PASS_VOLUME_FLUSH_CACHE_READ_CALLS	0
LIST_EXNEXT_40_ENTRIES_FIRST_PASS_VOLUME_FLUSH_CACHE_READ_HITS	0
LIST_EXNEXT_40_ENTRIES_FIRST_PASS_VOLUME_FLUSH_CACHE_READ_MISSES	0
LIST_EXNEXT_40_ENTRIES_FIRST_PASS_VOLUME_FLUSH_FREE_TREE_NODE_VIEWS	0
LIST_EXNEXT_40_ENTRIES_FIRST_PASS_VOLUME_FLUSH_FREE_TREE_RESIDENT_VIEWS	0
LIST_EXNEXT_40_ENTRIES_FIRST_PASS_VOLUME_FLUSH_DIR_TREE_NODE_VIEWS	0
LIST_EXNEXT_40_ENTRIES_FIRST_PASS_VOLUME_FLUSH_DIR_TREE_RESIDENT_VIEWS	0
LIST_EXNEXT_40_ENTRIES_FIRST_PASS_VOLUME_FLUSH_INODE_TREE_NODE_VIEWS	0
LIST_EXNEXT_40_ENTRIES_FIRST_PASS_VOLUME_FLUSH_INODE_TREE_RESIDENT_VIEWS	0
LIST_EXNEXT_40_ENTRIES_FIRST_PASS_VOLUME_FLUSH_REFCOUNT_TREE_NODE_VIEWS	0
LIST_EXNEXT_40_ENTRIES_FIRST_PASS_VOLUME_FLUSH_REFCOUNT_TREE_RESIDENT_VIEWS	0
LIST_EXNEXT_40_ENTRIES_FIRST_PASS_VOLUME_FLUSH_OTHER_TREE_NODE_VIEWS	0
LIST_EXNEXT_40_ENTRIES_FIRST_PASS_VOLUME_FLUSH_OTHER_TREE_RESIDENT_VIEWS	0
LIST_EXNEXT_40_ENTRIES_FIRST_PASS_VOLUME_FLUSH_WRITE_DETAIL_INODE_READ_CALLS	0
LIST_EXNEXT_40_ENTRIES_FIRST_PASS_VOLUME_FLUSH_WRITE_DETAIL_INODE_READ_SAMPLES	0
LIST_EXNEXT_40_ENTRIES_FIRST_PASS_VOLUME_FLUSH_WRITE_DETAIL_INODE_READ_SAMPLE_TICKS	0
LIST_EXNEXT_40_ENTRIES_FIRST_PASS_VOLUME_FLUSH_WRITE_DETAIL_INODE_WRITE_CALLS	0
LIST_EXNEXT_40_ENTRIES_FIRST_PASS_VOLUME_FLUSH_WRITE_DETAIL_INODE_WRITE_SAMPLES	0
LIST_EXNEXT_40_ENTRIES_FIRST_PASS_VOLUME_FLUSH_WRITE_DETAIL_INODE_WRITE_SAMPLE_TICKS	0
LIST_EXNEXT_40_ENTRIES_FIRST_PASS_VOLUME_FLUSH_WRITE_DETAIL_EXTENT_MAP_CALLS	0
LIST_EXNEXT_40_ENTRIES_FIRST_PASS_VOLUME_FLUSH_WRITE_DETAIL_EXTENT_MAP_SAMPLES	0
LIST_EXNEXT_40_ENTRIES_FIRST_PASS_VOLUME_FLUSH_WRITE_DETAIL_EXTENT_MAP_SAMPLE_TICKS	0
LIST_EXNEXT_40_ENTRIES_FIRST_PASS_VOLUME_FLUSH_WRITE_DETAIL_FREESPACE_GOAL_CALLS	0
LIST_EXNEXT_40_ENTRIES_FIRST_PASS_VOLUME_FLUSH_WRITE_DETAIL_FREESPACE_GOAL_SAMPLES	0
LIST_EXNEXT_40_ENTRIES_FIRST_PASS_VOLUME_FLUSH_WRITE_DETAIL_FREESPACE_GOAL_SAMPLE_TICKS	0
LIST_EXNEXT_40_ENTRIES_FIRST_PASS_VOLUME_FLUSH_BTREE_MALLOC_CALLS	0
LIST_EXNEXT_40_ENTRIES_FIRST_PASS_VOLUME_FLUSH_BTREE_MALLOC_SAMPLES	0
LIST_EXNEXT_40_ENTRIES_FIRST_PASS_VOLUME_FLUSH_BTREE_MALLOC_SAMPLE_TICKS	0
LIST_EXNEXT_40_ENTRIES_FIRST_PASS_VOLUME_FLUSH_BTREE_FREE_CALLS	0
LIST_EXNEXT_40_ENTRIES_FIRST_PASS_VOLUME_FLUSH_BTREE_FREE_SAMPLES	0
LIST_EXNEXT_40_ENTRIES_FIRST_PASS_VOLUME_FLUSH_BTREE_FREE_SAMPLE_TICKS	0
LIST_EXNEXT_40_ENTRIES_FIRST_PASS_VOLUME_FLUSH_IFACE_ALLOC_CALLS	0
LIST_EXNEXT_40_ENTRIES_FIRST_PASS_VOLUME_FLUSH_IFACE_ALLOC_SAMPLES	0
LIST_EXNEXT_40_ENTRIES_FIRST_PASS_VOLUME_FLUSH_IFACE_ALLOC_SAMPLE_TICKS	0
LIST_EXNEXT_40_ENTRIES_FIRST_PASS_VOLUME_FLUSH_FREESPACE_ALLOC_CALLS	0
LIST_EXNEXT_40_ENTRIES_FIRST_PASS_VOLUME_FLUSH_FREESPACE_ALLOC_SAMPLES	0
LIST_EXNEXT_40_ENTRIES_FIRST_PASS_VOLUME_FLUSH_FREESPACE_ALLOC_SAMPLE_TICKS	0
LIST_EXNEXT_40_ENTRIES_FIRST_PASS_VOLUME_FLUSH_DETAIL_INODE_READ_CALLS	0
LIST_EXNEXT_40_ENTRIES_FIRST_PASS_VOLUME_FLUSH_DETAIL_INODE_READ_SAMPLES	0
LIST_EXNEXT_40_ENTRIES_FIRST_PASS_VOLUME_FLUSH_DETAIL_INODE_READ_SAMPLE_TICKS	0
LIST_EXNEXT_40_ENTRIES_FIRST_PASS_VOLUME_FLUSH_DETAIL_INODE_VALIDATE_CALLS	0
LIST_EXNEXT_40_ENTRIES_FIRST_PASS_VOLUME_FLUSH_DETAIL_INODE_VALIDATE_SAMPLES	0
LIST_EXNEXT_40_ENTRIES_FIRST_PASS_VOLUME_FLUSH_DETAIL_INODE_VALIDATE_SAMPLE_TICKS	0
LIST_EXNEXT_40_ENTRIES_FIRST_PASS_VOLUME_FLUSH_DETAIL_INODE_SEARCH_CALLS	0
LIST_EXNEXT_40_ENTRIES_FIRST_PASS_VOLUME_FLUSH_DETAIL_INODE_SEARCH_SAMPLES	0
LIST_EXNEXT_40_ENTRIES_FIRST_PASS_VOLUME_FLUSH_DETAIL_INODE_SEARCH_SAMPLE_TICKS	0
LIST_EXNEXT_40_ENTRIES_FIRST_PASS_VOLUME_FLUSH_DETAIL_INODE_NODE_VIEW_CALLS	0
LIST_EXNEXT_40_ENTRIES_FIRST_PASS_VOLUME_FLUSH_DETAIL_INODE_NODE_VIEW_SAMPLES	0
LIST_EXNEXT_40_ENTRIES_FIRST_PASS_VOLUME_FLUSH_DETAIL_INODE_NODE_VIEW_SAMPLE_TICKS	0
LIST_EXNEXT_40_ENTRIES_FIRST_PASS_VOLUME_FLUSH_DETAIL_DIR_NODE_VIEW_CALLS	0
LIST_EXNEXT_40_ENTRIES_FIRST_PASS_VOLUME_FLUSH_DETAIL_DIR_NODE_VIEW_SAMPLES	0
LIST_EXNEXT_40_ENTRIES_FIRST_PASS_VOLUME_FLUSH_DETAIL_DIR_NODE_VIEW_SAMPLE_TICKS	0
LIST_EXNEXT_40_ENTRIES_FIRST_PASS_VOLUME_FLUSH_DETAIL_INODE_BINARY_SEARCH_CALLS	0
LIST_EXNEXT_40_ENTRIES_FIRST_PASS_VOLUME_FLUSH_DETAIL_INODE_BINARY_SEARCH_SAMPLES	0
LIST_EXNEXT_40_ENTRIES_FIRST_PASS_VOLUME_FLUSH_DETAIL_INODE_BINARY_SEARCH_SAMPLE_TICKS	0
LIST_EXNEXT_40_ENTRIES_FIRST_PASS_VOLUME_FLUSH_DETAIL_DIR_BINARY_SEARCH_CALLS	0
LIST_EXNEXT_40_ENTRIES_FIRST_PASS_VOLUME_FLUSH_DETAIL_DIR_BINARY_SEARCH_SAMPLES	0
LIST_EXNEXT_40_ENTRIES_FIRST_PASS_VOLUME_FLUSH_DETAIL_DIR_BINARY_SEARCH_SAMPLE_TICKS	0
LIST_EXNEXT_40_ENTRIES_FIRST_PASS_VOLUME_FLUSH_DETAIL_NODE_STRUCTURE_CALLS	0
LIST_EXNEXT_40_ENTRIES_FIRST_PASS_VOLUME_FLUSH_DETAIL_NODE_STRUCTURE_SAMPLES	0
LIST_EXNEXT_40_ENTRIES_FIRST_PASS_VOLUME_FLUSH_DETAIL_NODE_STRUCTURE_SAMPLE_TICKS	0
LIST_EXNEXT_40_ENTRIES_FIRST_PASS_VOLUME_FLUSH_DETAIL_CACHE_PEEK_CALLS	0
LIST_EXNEXT_40_ENTRIES_FIRST_PASS_VOLUME_FLUSH_DETAIL_CACHE_PEEK_SAMPLES	0
LIST_EXNEXT_40_ENTRIES_FIRST_PASS_VOLUME_FLUSH_DETAIL_CACHE_PEEK_SAMPLE_TICKS	0
LIST_EXNEXT_40_ENTRIES_FIRST_PASS_VOLUME_FLUSH_DETAIL_BUFFER_ALLOC_CALLS	0
LIST_EXNEXT_40_ENTRIES_FIRST_PASS_VOLUME_FLUSH_DETAIL_BUFFER_ALLOC_SAMPLES	0
LIST_EXNEXT_40_ENTRIES_FIRST_PASS_VOLUME_FLUSH_DETAIL_BUFFER_ALLOC_SAMPLE_TICKS	0
LIST_EXNEXT_40_ENTRIES_FIRST_PASS_VOLUME_FLUSH_DETAIL_BUFFER_FREE_CALLS	0
LIST_EXNEXT_40_ENTRIES_FIRST_PASS_VOLUME_FLUSH_DETAIL_BUFFER_FREE_SAMPLES	0
LIST_EXNEXT_40_ENTRIES_FIRST_PASS_VOLUME_FLUSH_DETAIL_BUFFER_FREE_SAMPLE_TICKS	0
LIST_EXNEXT_40_ENTRIES_FIRST_PASS_VOLUME_FLUSH_DETAIL_EXALL_FILL_CALLS	0
LIST_EXNEXT_40_ENTRIES_FIRST_PASS_VOLUME_FLUSH_DETAIL_EXALL_FILL_SAMPLES	0
LIST_EXNEXT_40_ENTRIES_FIRST_PASS_VOLUME_FLUSH_DETAIL_EXALL_FILL_SAMPLE_TICKS	0
LIST_EXNEXT_40_ENTRIES_FIRST_PASS_VOLUME_FLUSH_FREESPACE_ALLOCS	0
LIST_EXNEXT_40_ENTRIES_REPEAT10_TOTAL_US	43648
LIST_EXNEXT_40_ENTRIES_REPEAT10_TOTAL_WORK_US	43648
LIST_EXNEXT_40_ENTRIES_REPEAT10_TOTAL_VOLUME_FLUSH_US	0
LIST_EXNEXT_40_ENTRIES_REPEAT10_TOTAL_HAS_VOLUME_FLUSH	0
LIST_EXNEXT_40_ENTRIES_REPEAT10_TOTAL_GUEST_OPEN_CALLS	0
LIST_EXNEXT_40_ENTRIES_REPEAT10_TOTAL_GUEST_OPEN_US	0
LIST_EXNEXT_40_ENTRIES_REPEAT10_TOTAL_GUEST_READ_CALLS	0
LIST_EXNEXT_40_ENTRIES_REPEAT10_TOTAL_GUEST_READ_US	0
LIST_EXNEXT_40_ENTRIES_REPEAT10_TOTAL_GUEST_WRITE_CALLS	0
LIST_EXNEXT_40_ENTRIES_REPEAT10_TOTAL_GUEST_WRITE_US	0
LIST_EXNEXT_40_ENTRIES_REPEAT10_TOTAL_GUEST_HANDLE_FLUSH_CALLS	0
LIST_EXNEXT_40_ENTRIES_REPEAT10_TOTAL_GUEST_HANDLE_FLUSH_US	0
LIST_EXNEXT_40_ENTRIES_REPEAT10_TOTAL_GUEST_CLOSE_CALLS	0
LIST_EXNEXT_40_ENTRIES_REPEAT10_TOTAL_GUEST_CLOSE_US	0
LIST_EXNEXT_40_ENTRIES_REPEAT10_TOTAL_GUEST_VERIFY_CALLS	0
LIST_EXNEXT_40_ENTRIES_REPEAT10_TOTAL_GUEST_VERIFY_US	0
LIST_EXNEXT_40_ENTRIES_REPEAT10_TOTAL_WORK_BIO_READS	0
LIST_EXNEXT_40_ENTRIES_REPEAT10_TOTAL_WORK_BIO_WRITES	0
LIST_EXNEXT_40_ENTRIES_REPEAT10_TOTAL_WORK_BIO_UPDATES	0
LIST_EXNEXT_40_ENTRIES_REPEAT10_TOTAL_WORK_DATA_READS	0
LIST_EXNEXT_40_ENTRIES_REPEAT10_TOTAL_WORK_DATA_WRITES	0
LIST_EXNEXT_40_ENTRIES_REPEAT10_TOTAL_WORK_NODE_WRITES	0
LIST_EXNEXT_40_ENTRIES_REPEAT10_TOTAL_WORK_TXN_COMMITS	0
LIST_EXNEXT_40_ENTRIES_REPEAT10_TOTAL_WORK_EXTENT_MAPS	0
LIST_EXNEXT_40_ENTRIES_REPEAT10_TOTAL_WORK_READ_TICKS	0
LIST_EXNEXT_40_ENTRIES_REPEAT10_TOTAL_WORK_WRITE_TICKS	0
LIST_EXNEXT_40_ENTRIES_REPEAT10_TOTAL_WORK_UPDATE_TICKS	0
LIST_EXNEXT_40_ENTRIES_REPEAT10_TOTAL_WORK_DATA_READ_TICKS	0
LIST_EXNEXT_40_ENTRIES_REPEAT10_TOTAL_WORK_DATA_WRITE_TICKS	0
LIST_EXNEXT_40_ENTRIES_REPEAT10_TOTAL_WORK_NODE_CRC_READ_CALLS	0
LIST_EXNEXT_40_ENTRIES_REPEAT10_TOTAL_WORK_NODE_CRC_READ_SAMPLES	0
LIST_EXNEXT_40_ENTRIES_REPEAT10_TOTAL_WORK_NODE_CRC_READ_SAMPLE_TICKS	0
LIST_EXNEXT_40_ENTRIES_REPEAT10_TOTAL_WORK_NODE_CRC_WRITE_CALLS	0
LIST_EXNEXT_40_ENTRIES_REPEAT10_TOTAL_WORK_NODE_CRC_WRITE_SAMPLES	0
LIST_EXNEXT_40_ENTRIES_REPEAT10_TOTAL_WORK_NODE_CRC_WRITE_SAMPLE_TICKS	0
LIST_EXNEXT_40_ENTRIES_REPEAT10_TOTAL_WORK_CLOCK_PAIR_TICKS	1
LIST_EXNEXT_40_ENTRIES_REPEAT10_TOTAL_WORK_PACKET_CALLS	422
LIST_EXNEXT_40_ENTRIES_REPEAT10_TOTAL_WORK_PACKET_SAMPLES	422
LIST_EXNEXT_40_ENTRIES_REPEAT10_TOTAL_WORK_PACKET_SAMPLE_TICKS	22175
LIST_EXNEXT_40_ENTRIES_REPEAT10_TOTAL_WORK_PACKET_OPEN_CALLS	0
LIST_EXNEXT_40_ENTRIES_REPEAT10_TOTAL_WORK_PACKET_OPEN_SAMPLES	0
LIST_EXNEXT_40_ENTRIES_REPEAT10_TOTAL_WORK_PACKET_OPEN_SAMPLE_TICKS	0
LIST_EXNEXT_40_ENTRIES_REPEAT10_TOTAL_WORK_PACKET_READ_CALLS	0
LIST_EXNEXT_40_ENTRIES_REPEAT10_TOTAL_WORK_PACKET_READ_SAMPLES	0
LIST_EXNEXT_40_ENTRIES_REPEAT10_TOTAL_WORK_PACKET_READ_SAMPLE_TICKS	0
LIST_EXNEXT_40_ENTRIES_REPEAT10_TOTAL_WORK_PACKET_WRITE_CALLS	0
LIST_EXNEXT_40_ENTRIES_REPEAT10_TOTAL_WORK_PACKET_WRITE_SAMPLES	0
LIST_EXNEXT_40_ENTRIES_REPEAT10_TOTAL_WORK_PACKET_WRITE_SAMPLE_TICKS	0
LIST_EXNEXT_40_ENTRIES_REPEAT10_TOTAL_WORK_PACKET_END_CALLS	0
LIST_EXNEXT_40_ENTRIES_REPEAT10_TOTAL_WORK_PACKET_END_SAMPLES	0
LIST_EXNEXT_40_ENTRIES_REPEAT10_TOTAL_WORK_PACKET_END_SAMPLE_TICKS	0
LIST_EXNEXT_40_ENTRIES_REPEAT10_TOTAL_WORK_PACKET_DELETE_CALLS	0
LIST_EXNEXT_40_ENTRIES_REPEAT10_TOTAL_WORK_PACKET_DELETE_SAMPLES	0
LIST_EXNEXT_40_ENTRIES_REPEAT10_TOTAL_WORK_PACKET_DELETE_SAMPLE_TICKS	0
LIST_EXNEXT_40_ENTRIES_REPEAT10_TOTAL_WORK_PACKET_FLUSH_CALLS	0
LIST_EXNEXT_40_ENTRIES_REPEAT10_TOTAL_WORK_PACKET_FLUSH_SAMPLES	0
LIST_EXNEXT_40_ENTRIES_REPEAT10_TOTAL_WORK_PACKET_FLUSH_SAMPLE_TICKS	0
LIST_EXNEXT_40_ENTRIES_REPEAT10_TOTAL_WORK_PACKET_OTHER_CALLS	422
LIST_EXNEXT_40_ENTRIES_REPEAT10_TOTAL_WORK_PACKET_OTHER_SAMPLES	422
LIST_EXNEXT_40_ENTRIES_REPEAT10_TOTAL_WORK_PACKET_OTHER_SAMPLE_TICKS	22175
LIST_EXNEXT_40_ENTRIES_REPEAT10_TOTAL_WORK_CORE_CREATE_CALLS	0
LIST_EXNEXT_40_ENTRIES_REPEAT10_TOTAL_WORK_CORE_CREATE_SAMPLES	0
LIST_EXNEXT_40_ENTRIES_REPEAT10_TOTAL_WORK_CORE_CREATE_SAMPLE_TICKS	0
LIST_EXNEXT_40_ENTRIES_REPEAT10_TOTAL_WORK_CORE_DELETE_CALLS	0
LIST_EXNEXT_40_ENTRIES_REPEAT10_TOTAL_WORK_CORE_DELETE_SAMPLES	0
LIST_EXNEXT_40_ENTRIES_REPEAT10_TOTAL_WORK_CORE_DELETE_SAMPLE_TICKS	0
LIST_EXNEXT_40_ENTRIES_REPEAT10_TOTAL_WORK_CORE_FILE_WRITE_CALLS	0
LIST_EXNEXT_40_ENTRIES_REPEAT10_TOTAL_WORK_CORE_FILE_WRITE_SAMPLES	0
LIST_EXNEXT_40_ENTRIES_REPEAT10_TOTAL_WORK_CORE_FILE_WRITE_SAMPLE_TICKS	0
LIST_EXNEXT_40_ENTRIES_REPEAT10_TOTAL_WORK_CORE_SYNC_CALLS	0
LIST_EXNEXT_40_ENTRIES_REPEAT10_TOTAL_WORK_CORE_SYNC_SAMPLES	0
LIST_EXNEXT_40_ENTRIES_REPEAT10_TOTAL_WORK_CORE_SYNC_SAMPLE_TICKS	0
LIST_EXNEXT_40_ENTRIES_REPEAT10_TOTAL_WORK_IFACE_FREE_CALLS	0
LIST_EXNEXT_40_ENTRIES_REPEAT10_TOTAL_WORK_IFACE_FREE_SAMPLES	0
LIST_EXNEXT_40_ENTRIES_REPEAT10_TOTAL_WORK_IFACE_FREE_SAMPLE_TICKS	0
LIST_EXNEXT_40_ENTRIES_REPEAT10_TOTAL_WORK_SEAL_COMMIT_CALLS	0
LIST_EXNEXT_40_ENTRIES_REPEAT10_TOTAL_WORK_SEAL_COMMIT_SAMPLES	0
LIST_EXNEXT_40_ENTRIES_REPEAT10_TOTAL_WORK_SEAL_COMMIT_SAMPLE_TICKS	0
LIST_EXNEXT_40_ENTRIES_REPEAT10_TOTAL_WORK_INODE_READ_CALLS	410
LIST_EXNEXT_40_ENTRIES_REPEAT10_TOTAL_WORK_BTREE_SEARCH_CALLS	411
LIST_EXNEXT_40_ENTRIES_REPEAT10_TOTAL_WORK_BTREE_INDEX_HINT_HITS	370
LIST_EXNEXT_40_ENTRIES_REPEAT10_TOTAL_WORK_BTREE_LEAF_HINT_HITS	41
LIST_EXNEXT_40_ENTRIES_REPEAT10_TOTAL_WORK_CACHE_READ_CALLS	0
LIST_EXNEXT_40_ENTRIES_REPEAT10_TOTAL_WORK_CACHE_READ_HITS	0
LIST_EXNEXT_40_ENTRIES_REPEAT10_TOTAL_WORK_CACHE_READ_MISSES	0
LIST_EXNEXT_40_ENTRIES_REPEAT10_TOTAL_WORK_FREE_TREE_NODE_VIEWS	0
LIST_EXNEXT_40_ENTRIES_REPEAT10_TOTAL_WORK_FREE_TREE_RESIDENT_VIEWS	0
LIST_EXNEXT_40_ENTRIES_REPEAT10_TOTAL_WORK_DIR_TREE_NODE_VIEWS	80
LIST_EXNEXT_40_ENTRIES_REPEAT10_TOTAL_WORK_DIR_TREE_RESIDENT_VIEWS	80
LIST_EXNEXT_40_ENTRIES_REPEAT10_TOTAL_WORK_INODE_TREE_NODE_VIEWS	0
LIST_EXNEXT_40_ENTRIES_REPEAT10_TOTAL_WORK_INODE_TREE_RESIDENT_VIEWS	0
LIST_EXNEXT_40_ENTRIES_REPEAT10_TOTAL_WORK_REFCOUNT_TREE_NODE_VIEWS	0
LIST_EXNEXT_40_ENTRIES_REPEAT10_TOTAL_WORK_REFCOUNT_TREE_RESIDENT_VIEWS	0
LIST_EXNEXT_40_ENTRIES_REPEAT10_TOTAL_WORK_OTHER_TREE_NODE_VIEWS	0
LIST_EXNEXT_40_ENTRIES_REPEAT10_TOTAL_WORK_OTHER_TREE_RESIDENT_VIEWS	0
LIST_EXNEXT_40_ENTRIES_REPEAT10_TOTAL_WORK_WRITE_DETAIL_INODE_READ_CALLS	410
LIST_EXNEXT_40_ENTRIES_REPEAT10_TOTAL_WORK_WRITE_DETAIL_INODE_READ_SAMPLES	410
LIST_EXNEXT_40_ENTRIES_REPEAT10_TOTAL_WORK_WRITE_DETAIL_INODE_READ_SAMPLE_TICKS	6894
LIST_EXNEXT_40_ENTRIES_REPEAT10_TOTAL_WORK_WRITE_DETAIL_INODE_WRITE_CALLS	0
LIST_EXNEXT_40_ENTRIES_REPEAT10_TOTAL_WORK_WRITE_DETAIL_INODE_WRITE_SAMPLES	0
LIST_EXNEXT_40_ENTRIES_REPEAT10_TOTAL_WORK_WRITE_DETAIL_INODE_WRITE_SAMPLE_TICKS	0
LIST_EXNEXT_40_ENTRIES_REPEAT10_TOTAL_WORK_WRITE_DETAIL_EXTENT_MAP_CALLS	0
LIST_EXNEXT_40_ENTRIES_REPEAT10_TOTAL_WORK_WRITE_DETAIL_EXTENT_MAP_SAMPLES	0
LIST_EXNEXT_40_ENTRIES_REPEAT10_TOTAL_WORK_WRITE_DETAIL_EXTENT_MAP_SAMPLE_TICKS	0
LIST_EXNEXT_40_ENTRIES_REPEAT10_TOTAL_WORK_WRITE_DETAIL_FREESPACE_GOAL_CALLS	0
LIST_EXNEXT_40_ENTRIES_REPEAT10_TOTAL_WORK_WRITE_DETAIL_FREESPACE_GOAL_SAMPLES	0
LIST_EXNEXT_40_ENTRIES_REPEAT10_TOTAL_WORK_WRITE_DETAIL_FREESPACE_GOAL_SAMPLE_TICKS	0
LIST_EXNEXT_40_ENTRIES_REPEAT10_TOTAL_WORK_BTREE_MALLOC_CALLS	11
LIST_EXNEXT_40_ENTRIES_REPEAT10_TOTAL_WORK_BTREE_MALLOC_SAMPLES	11
LIST_EXNEXT_40_ENTRIES_REPEAT10_TOTAL_WORK_BTREE_MALLOC_SAMPLE_TICKS	126
LIST_EXNEXT_40_ENTRIES_REPEAT10_TOTAL_WORK_BTREE_FREE_CALLS	421
LIST_EXNEXT_40_ENTRIES_REPEAT10_TOTAL_WORK_BTREE_FREE_SAMPLES	421
LIST_EXNEXT_40_ENTRIES_REPEAT10_TOTAL_WORK_BTREE_FREE_SAMPLE_TICKS	709
LIST_EXNEXT_40_ENTRIES_REPEAT10_TOTAL_WORK_IFACE_ALLOC_CALLS	0
LIST_EXNEXT_40_ENTRIES_REPEAT10_TOTAL_WORK_IFACE_ALLOC_SAMPLES	0
LIST_EXNEXT_40_ENTRIES_REPEAT10_TOTAL_WORK_IFACE_ALLOC_SAMPLE_TICKS	0
LIST_EXNEXT_40_ENTRIES_REPEAT10_TOTAL_WORK_FREESPACE_ALLOC_CALLS	0
LIST_EXNEXT_40_ENTRIES_REPEAT10_TOTAL_WORK_FREESPACE_ALLOC_SAMPLES	0
LIST_EXNEXT_40_ENTRIES_REPEAT10_TOTAL_WORK_FREESPACE_ALLOC_SAMPLE_TICKS	0
LIST_EXNEXT_40_ENTRIES_REPEAT10_TOTAL_WORK_DETAIL_INODE_READ_CALLS	410
LIST_EXNEXT_40_ENTRIES_REPEAT10_TOTAL_WORK_DETAIL_INODE_READ_SAMPLES	24
LIST_EXNEXT_40_ENTRIES_REPEAT10_TOTAL_WORK_DETAIL_INODE_READ_SAMPLE_TICKS	727
LIST_EXNEXT_40_ENTRIES_REPEAT10_TOTAL_WORK_DETAIL_INODE_VALIDATE_CALLS	410
LIST_EXNEXT_40_ENTRIES_REPEAT10_TOTAL_WORK_DETAIL_INODE_VALIDATE_SAMPLES	24
LIST_EXNEXT_40_ENTRIES_REPEAT10_TOTAL_WORK_DETAIL_INODE_VALIDATE_SAMPLE_TICKS	11
LIST_EXNEXT_40_ENTRIES_REPEAT10_TOTAL_WORK_DETAIL_INODE_SEARCH_CALLS	410
LIST_EXNEXT_40_ENTRIES_REPEAT10_TOTAL_WORK_DETAIL_INODE_SEARCH_SAMPLES	24
LIST_EXNEXT_40_ENTRIES_REPEAT10_TOTAL_WORK_DETAIL_INODE_SEARCH_SAMPLE_TICKS	499
LIST_EXNEXT_40_ENTRIES_REPEAT10_TOTAL_WORK_DETAIL_INODE_NODE_VIEW_CALLS	0
LIST_EXNEXT_40_ENTRIES_REPEAT10_TOTAL_WORK_DETAIL_INODE_NODE_VIEW_SAMPLES	0
LIST_EXNEXT_40_ENTRIES_REPEAT10_TOTAL_WORK_DETAIL_INODE_NODE_VIEW_SAMPLE_TICKS	0
LIST_EXNEXT_40_ENTRIES_REPEAT10_TOTAL_WORK_DETAIL_DIR_NODE_VIEW_CALLS	80
LIST_EXNEXT_40_ENTRIES_REPEAT10_TOTAL_WORK_DETAIL_DIR_NODE_VIEW_SAMPLES	4
LIST_EXNEXT_40_ENTRIES_REPEAT10_TOTAL_WORK_DETAIL_DIR_NODE_VIEW_SAMPLE_TICKS	0
LIST_EXNEXT_40_ENTRIES_REPEAT10_TOTAL_WORK_DETAIL_INODE_BINARY_SEARCH_CALLS	20
LIST_EXNEXT_40_ENTRIES_REPEAT10_TOTAL_WORK_DETAIL_INODE_BINARY_SEARCH_SAMPLES	1
LIST_EXNEXT_40_ENTRIES_REPEAT10_TOTAL_WORK_DETAIL_INODE_BINARY_SEARCH_SAMPLE_TICKS	0
LIST_EXNEXT_40_ENTRIES_REPEAT10_TOTAL_WORK_DETAIL_DIR_BINARY_SEARCH_CALLS	61
LIST_EXNEXT_40_ENTRIES_REPEAT10_TOTAL_WORK_DETAIL_DIR_BINARY_SEARCH_SAMPLES	3
LIST_EXNEXT_40_ENTRIES_REPEAT10_TOTAL_WORK_DETAIL_DIR_BINARY_SEARCH_SAMPLE_TICKS	46
LIST_EXNEXT_40_ENTRIES_REPEAT10_TOTAL_WORK_DETAIL_NODE_STRUCTURE_CALLS	0
LIST_EXNEXT_40_ENTRIES_REPEAT10_TOTAL_WORK_DETAIL_NODE_STRUCTURE_SAMPLES	0
LIST_EXNEXT_40_ENTRIES_REPEAT10_TOTAL_WORK_DETAIL_NODE_STRUCTURE_SAMPLE_TICKS	0
LIST_EXNEXT_40_ENTRIES_REPEAT10_TOTAL_WORK_DETAIL_CACHE_PEEK_CALLS	491
LIST_EXNEXT_40_ENTRIES_REPEAT10_TOTAL_WORK_DETAIL_CACHE_PEEK_SAMPLES	28
LIST_EXNEXT_40_ENTRIES_REPEAT10_TOTAL_WORK_DETAIL_CACHE_PEEK_SAMPLE_TICKS	47
LIST_EXNEXT_40_ENTRIES_REPEAT10_TOTAL_WORK_DETAIL_BUFFER_ALLOC_CALLS	420
LIST_EXNEXT_40_ENTRIES_REPEAT10_TOTAL_WORK_DETAIL_BUFFER_ALLOC_SAMPLES	24
LIST_EXNEXT_40_ENTRIES_REPEAT10_TOTAL_WORK_DETAIL_BUFFER_ALLOC_SAMPLE_TICKS	6
LIST_EXNEXT_40_ENTRIES_REPEAT10_TOTAL_WORK_DETAIL_BUFFER_FREE_CALLS	420
LIST_EXNEXT_40_ENTRIES_REPEAT10_TOTAL_WORK_DETAIL_BUFFER_FREE_SAMPLES	24
LIST_EXNEXT_40_ENTRIES_REPEAT10_TOTAL_WORK_DETAIL_BUFFER_FREE_SAMPLE_TICKS	90
LIST_EXNEXT_40_ENTRIES_REPEAT10_TOTAL_WORK_DETAIL_EXALL_FILL_CALLS	0
LIST_EXNEXT_40_ENTRIES_REPEAT10_TOTAL_WORK_DETAIL_EXALL_FILL_SAMPLES	0
LIST_EXNEXT_40_ENTRIES_REPEAT10_TOTAL_WORK_DETAIL_EXALL_FILL_SAMPLE_TICKS	0
LIST_EXNEXT_40_ENTRIES_REPEAT10_TOTAL_WORK_FREESPACE_ALLOCS	0
LIST_EXNEXT_40_ENTRIES_REPEAT10_TOTAL_VOLUME_FLUSH_BIO_READS	0
LIST_EXNEXT_40_ENTRIES_REPEAT10_TOTAL_VOLUME_FLUSH_BIO_WRITES	0
LIST_EXNEXT_40_ENTRIES_REPEAT10_TOTAL_VOLUME_FLUSH_BIO_UPDATES	0
LIST_EXNEXT_40_ENTRIES_REPEAT10_TOTAL_VOLUME_FLUSH_DATA_READS	0
LIST_EXNEXT_40_ENTRIES_REPEAT10_TOTAL_VOLUME_FLUSH_DATA_WRITES	0
LIST_EXNEXT_40_ENTRIES_REPEAT10_TOTAL_VOLUME_FLUSH_NODE_WRITES	0
LIST_EXNEXT_40_ENTRIES_REPEAT10_TOTAL_VOLUME_FLUSH_TXN_COMMITS	0
LIST_EXNEXT_40_ENTRIES_REPEAT10_TOTAL_VOLUME_FLUSH_EXTENT_MAPS	0
LIST_EXNEXT_40_ENTRIES_REPEAT10_TOTAL_VOLUME_FLUSH_READ_TICKS	0
LIST_EXNEXT_40_ENTRIES_REPEAT10_TOTAL_VOLUME_FLUSH_WRITE_TICKS	0
LIST_EXNEXT_40_ENTRIES_REPEAT10_TOTAL_VOLUME_FLUSH_UPDATE_TICKS	0
LIST_EXNEXT_40_ENTRIES_REPEAT10_TOTAL_VOLUME_FLUSH_DATA_READ_TICKS	0
LIST_EXNEXT_40_ENTRIES_REPEAT10_TOTAL_VOLUME_FLUSH_DATA_WRITE_TICKS	0
LIST_EXNEXT_40_ENTRIES_REPEAT10_TOTAL_VOLUME_FLUSH_NODE_CRC_READ_CALLS	0
LIST_EXNEXT_40_ENTRIES_REPEAT10_TOTAL_VOLUME_FLUSH_NODE_CRC_READ_SAMPLES	0
LIST_EXNEXT_40_ENTRIES_REPEAT10_TOTAL_VOLUME_FLUSH_NODE_CRC_READ_SAMPLE_TICKS	0
LIST_EXNEXT_40_ENTRIES_REPEAT10_TOTAL_VOLUME_FLUSH_NODE_CRC_WRITE_CALLS	0
LIST_EXNEXT_40_ENTRIES_REPEAT10_TOTAL_VOLUME_FLUSH_NODE_CRC_WRITE_SAMPLES	0
LIST_EXNEXT_40_ENTRIES_REPEAT10_TOTAL_VOLUME_FLUSH_NODE_CRC_WRITE_SAMPLE_TICKS	0
LIST_EXNEXT_40_ENTRIES_REPEAT10_TOTAL_VOLUME_FLUSH_CLOCK_PAIR_TICKS	0
LIST_EXNEXT_40_ENTRIES_REPEAT10_TOTAL_VOLUME_FLUSH_PACKET_CALLS	0
LIST_EXNEXT_40_ENTRIES_REPEAT10_TOTAL_VOLUME_FLUSH_PACKET_SAMPLES	0
LIST_EXNEXT_40_ENTRIES_REPEAT10_TOTAL_VOLUME_FLUSH_PACKET_SAMPLE_TICKS	0
LIST_EXNEXT_40_ENTRIES_REPEAT10_TOTAL_VOLUME_FLUSH_PACKET_OPEN_CALLS	0
LIST_EXNEXT_40_ENTRIES_REPEAT10_TOTAL_VOLUME_FLUSH_PACKET_OPEN_SAMPLES	0
LIST_EXNEXT_40_ENTRIES_REPEAT10_TOTAL_VOLUME_FLUSH_PACKET_OPEN_SAMPLE_TICKS	0
LIST_EXNEXT_40_ENTRIES_REPEAT10_TOTAL_VOLUME_FLUSH_PACKET_READ_CALLS	0
LIST_EXNEXT_40_ENTRIES_REPEAT10_TOTAL_VOLUME_FLUSH_PACKET_READ_SAMPLES	0
LIST_EXNEXT_40_ENTRIES_REPEAT10_TOTAL_VOLUME_FLUSH_PACKET_READ_SAMPLE_TICKS	0
LIST_EXNEXT_40_ENTRIES_REPEAT10_TOTAL_VOLUME_FLUSH_PACKET_WRITE_CALLS	0
LIST_EXNEXT_40_ENTRIES_REPEAT10_TOTAL_VOLUME_FLUSH_PACKET_WRITE_SAMPLES	0
LIST_EXNEXT_40_ENTRIES_REPEAT10_TOTAL_VOLUME_FLUSH_PACKET_WRITE_SAMPLE_TICKS	0
LIST_EXNEXT_40_ENTRIES_REPEAT10_TOTAL_VOLUME_FLUSH_PACKET_END_CALLS	0
LIST_EXNEXT_40_ENTRIES_REPEAT10_TOTAL_VOLUME_FLUSH_PACKET_END_SAMPLES	0
LIST_EXNEXT_40_ENTRIES_REPEAT10_TOTAL_VOLUME_FLUSH_PACKET_END_SAMPLE_TICKS	0
LIST_EXNEXT_40_ENTRIES_REPEAT10_TOTAL_VOLUME_FLUSH_PACKET_DELETE_CALLS	0
LIST_EXNEXT_40_ENTRIES_REPEAT10_TOTAL_VOLUME_FLUSH_PACKET_DELETE_SAMPLES	0
LIST_EXNEXT_40_ENTRIES_REPEAT10_TOTAL_VOLUME_FLUSH_PACKET_DELETE_SAMPLE_TICKS	0
LIST_EXNEXT_40_ENTRIES_REPEAT10_TOTAL_VOLUME_FLUSH_PACKET_FLUSH_CALLS	0
LIST_EXNEXT_40_ENTRIES_REPEAT10_TOTAL_VOLUME_FLUSH_PACKET_FLUSH_SAMPLES	0
LIST_EXNEXT_40_ENTRIES_REPEAT10_TOTAL_VOLUME_FLUSH_PACKET_FLUSH_SAMPLE_TICKS	0
LIST_EXNEXT_40_ENTRIES_REPEAT10_TOTAL_VOLUME_FLUSH_PACKET_OTHER_CALLS	0
LIST_EXNEXT_40_ENTRIES_REPEAT10_TOTAL_VOLUME_FLUSH_PACKET_OTHER_SAMPLES	0
LIST_EXNEXT_40_ENTRIES_REPEAT10_TOTAL_VOLUME_FLUSH_PACKET_OTHER_SAMPLE_TICKS	0
LIST_EXNEXT_40_ENTRIES_REPEAT10_TOTAL_VOLUME_FLUSH_CORE_CREATE_CALLS	0
LIST_EXNEXT_40_ENTRIES_REPEAT10_TOTAL_VOLUME_FLUSH_CORE_CREATE_SAMPLES	0
LIST_EXNEXT_40_ENTRIES_REPEAT10_TOTAL_VOLUME_FLUSH_CORE_CREATE_SAMPLE_TICKS	0
LIST_EXNEXT_40_ENTRIES_REPEAT10_TOTAL_VOLUME_FLUSH_CORE_DELETE_CALLS	0
LIST_EXNEXT_40_ENTRIES_REPEAT10_TOTAL_VOLUME_FLUSH_CORE_DELETE_SAMPLES	0
LIST_EXNEXT_40_ENTRIES_REPEAT10_TOTAL_VOLUME_FLUSH_CORE_DELETE_SAMPLE_TICKS	0
LIST_EXNEXT_40_ENTRIES_REPEAT10_TOTAL_VOLUME_FLUSH_CORE_FILE_WRITE_CALLS	0
LIST_EXNEXT_40_ENTRIES_REPEAT10_TOTAL_VOLUME_FLUSH_CORE_FILE_WRITE_SAMPLES	0
LIST_EXNEXT_40_ENTRIES_REPEAT10_TOTAL_VOLUME_FLUSH_CORE_FILE_WRITE_SAMPLE_TICKS	0
LIST_EXNEXT_40_ENTRIES_REPEAT10_TOTAL_VOLUME_FLUSH_CORE_SYNC_CALLS	0
LIST_EXNEXT_40_ENTRIES_REPEAT10_TOTAL_VOLUME_FLUSH_CORE_SYNC_SAMPLES	0
LIST_EXNEXT_40_ENTRIES_REPEAT10_TOTAL_VOLUME_FLUSH_CORE_SYNC_SAMPLE_TICKS	0
LIST_EXNEXT_40_ENTRIES_REPEAT10_TOTAL_VOLUME_FLUSH_IFACE_FREE_CALLS	0
LIST_EXNEXT_40_ENTRIES_REPEAT10_TOTAL_VOLUME_FLUSH_IFACE_FREE_SAMPLES	0
LIST_EXNEXT_40_ENTRIES_REPEAT10_TOTAL_VOLUME_FLUSH_IFACE_FREE_SAMPLE_TICKS	0
LIST_EXNEXT_40_ENTRIES_REPEAT10_TOTAL_VOLUME_FLUSH_SEAL_COMMIT_CALLS	0
LIST_EXNEXT_40_ENTRIES_REPEAT10_TOTAL_VOLUME_FLUSH_SEAL_COMMIT_SAMPLES	0
LIST_EXNEXT_40_ENTRIES_REPEAT10_TOTAL_VOLUME_FLUSH_SEAL_COMMIT_SAMPLE_TICKS	0
LIST_EXNEXT_40_ENTRIES_REPEAT10_TOTAL_VOLUME_FLUSH_INODE_READ_CALLS	0
LIST_EXNEXT_40_ENTRIES_REPEAT10_TOTAL_VOLUME_FLUSH_BTREE_SEARCH_CALLS	0
LIST_EXNEXT_40_ENTRIES_REPEAT10_TOTAL_VOLUME_FLUSH_BTREE_INDEX_HINT_HITS	0
LIST_EXNEXT_40_ENTRIES_REPEAT10_TOTAL_VOLUME_FLUSH_BTREE_LEAF_HINT_HITS	0
LIST_EXNEXT_40_ENTRIES_REPEAT10_TOTAL_VOLUME_FLUSH_CACHE_READ_CALLS	0
LIST_EXNEXT_40_ENTRIES_REPEAT10_TOTAL_VOLUME_FLUSH_CACHE_READ_HITS	0
LIST_EXNEXT_40_ENTRIES_REPEAT10_TOTAL_VOLUME_FLUSH_CACHE_READ_MISSES	0
LIST_EXNEXT_40_ENTRIES_REPEAT10_TOTAL_VOLUME_FLUSH_FREE_TREE_NODE_VIEWS	0
LIST_EXNEXT_40_ENTRIES_REPEAT10_TOTAL_VOLUME_FLUSH_FREE_TREE_RESIDENT_VIEWS	0
LIST_EXNEXT_40_ENTRIES_REPEAT10_TOTAL_VOLUME_FLUSH_DIR_TREE_NODE_VIEWS	0
LIST_EXNEXT_40_ENTRIES_REPEAT10_TOTAL_VOLUME_FLUSH_DIR_TREE_RESIDENT_VIEWS	0
LIST_EXNEXT_40_ENTRIES_REPEAT10_TOTAL_VOLUME_FLUSH_INODE_TREE_NODE_VIEWS	0
LIST_EXNEXT_40_ENTRIES_REPEAT10_TOTAL_VOLUME_FLUSH_INODE_TREE_RESIDENT_VIEWS	0
LIST_EXNEXT_40_ENTRIES_REPEAT10_TOTAL_VOLUME_FLUSH_REFCOUNT_TREE_NODE_VIEWS	0
LIST_EXNEXT_40_ENTRIES_REPEAT10_TOTAL_VOLUME_FLUSH_REFCOUNT_TREE_RESIDENT_VIEWS	0
LIST_EXNEXT_40_ENTRIES_REPEAT10_TOTAL_VOLUME_FLUSH_OTHER_TREE_NODE_VIEWS	0
LIST_EXNEXT_40_ENTRIES_REPEAT10_TOTAL_VOLUME_FLUSH_OTHER_TREE_RESIDENT_VIEWS	0
LIST_EXNEXT_40_ENTRIES_REPEAT10_TOTAL_VOLUME_FLUSH_WRITE_DETAIL_INODE_READ_CALLS	0
LIST_EXNEXT_40_ENTRIES_REPEAT10_TOTAL_VOLUME_FLUSH_WRITE_DETAIL_INODE_READ_SAMPLES	0
LIST_EXNEXT_40_ENTRIES_REPEAT10_TOTAL_VOLUME_FLUSH_WRITE_DETAIL_INODE_READ_SAMPLE_TICKS	0
LIST_EXNEXT_40_ENTRIES_REPEAT10_TOTAL_VOLUME_FLUSH_WRITE_DETAIL_INODE_WRITE_CALLS	0
LIST_EXNEXT_40_ENTRIES_REPEAT10_TOTAL_VOLUME_FLUSH_WRITE_DETAIL_INODE_WRITE_SAMPLES	0
LIST_EXNEXT_40_ENTRIES_REPEAT10_TOTAL_VOLUME_FLUSH_WRITE_DETAIL_INODE_WRITE_SAMPLE_TICKS	0
LIST_EXNEXT_40_ENTRIES_REPEAT10_TOTAL_VOLUME_FLUSH_WRITE_DETAIL_EXTENT_MAP_CALLS	0
LIST_EXNEXT_40_ENTRIES_REPEAT10_TOTAL_VOLUME_FLUSH_WRITE_DETAIL_EXTENT_MAP_SAMPLES	0
LIST_EXNEXT_40_ENTRIES_REPEAT10_TOTAL_VOLUME_FLUSH_WRITE_DETAIL_EXTENT_MAP_SAMPLE_TICKS	0
LIST_EXNEXT_40_ENTRIES_REPEAT10_TOTAL_VOLUME_FLUSH_WRITE_DETAIL_FREESPACE_GOAL_CALLS	0
LIST_EXNEXT_40_ENTRIES_REPEAT10_TOTAL_VOLUME_FLUSH_WRITE_DETAIL_FREESPACE_GOAL_SAMPLES	0
LIST_EXNEXT_40_ENTRIES_REPEAT10_TOTAL_VOLUME_FLUSH_WRITE_DETAIL_FREESPACE_GOAL_SAMPLE_TICKS	0
LIST_EXNEXT_40_ENTRIES_REPEAT10_TOTAL_VOLUME_FLUSH_BTREE_MALLOC_CALLS	0
LIST_EXNEXT_40_ENTRIES_REPEAT10_TOTAL_VOLUME_FLUSH_BTREE_MALLOC_SAMPLES	0
LIST_EXNEXT_40_ENTRIES_REPEAT10_TOTAL_VOLUME_FLUSH_BTREE_MALLOC_SAMPLE_TICKS	0
LIST_EXNEXT_40_ENTRIES_REPEAT10_TOTAL_VOLUME_FLUSH_BTREE_FREE_CALLS	0
LIST_EXNEXT_40_ENTRIES_REPEAT10_TOTAL_VOLUME_FLUSH_BTREE_FREE_SAMPLES	0
LIST_EXNEXT_40_ENTRIES_REPEAT10_TOTAL_VOLUME_FLUSH_BTREE_FREE_SAMPLE_TICKS	0
LIST_EXNEXT_40_ENTRIES_REPEAT10_TOTAL_VOLUME_FLUSH_IFACE_ALLOC_CALLS	0
LIST_EXNEXT_40_ENTRIES_REPEAT10_TOTAL_VOLUME_FLUSH_IFACE_ALLOC_SAMPLES	0
LIST_EXNEXT_40_ENTRIES_REPEAT10_TOTAL_VOLUME_FLUSH_IFACE_ALLOC_SAMPLE_TICKS	0
LIST_EXNEXT_40_ENTRIES_REPEAT10_TOTAL_VOLUME_FLUSH_FREESPACE_ALLOC_CALLS	0
LIST_EXNEXT_40_ENTRIES_REPEAT10_TOTAL_VOLUME_FLUSH_FREESPACE_ALLOC_SAMPLES	0
LIST_EXNEXT_40_ENTRIES_REPEAT10_TOTAL_VOLUME_FLUSH_FREESPACE_ALLOC_SAMPLE_TICKS	0
LIST_EXNEXT_40_ENTRIES_REPEAT10_TOTAL_VOLUME_FLUSH_DETAIL_INODE_READ_CALLS	0
LIST_EXNEXT_40_ENTRIES_REPEAT10_TOTAL_VOLUME_FLUSH_DETAIL_INODE_READ_SAMPLES	0
LIST_EXNEXT_40_ENTRIES_REPEAT10_TOTAL_VOLUME_FLUSH_DETAIL_INODE_READ_SAMPLE_TICKS	0
LIST_EXNEXT_40_ENTRIES_REPEAT10_TOTAL_VOLUME_FLUSH_DETAIL_INODE_VALIDATE_CALLS	0
LIST_EXNEXT_40_ENTRIES_REPEAT10_TOTAL_VOLUME_FLUSH_DETAIL_INODE_VALIDATE_SAMPLES	0
LIST_EXNEXT_40_ENTRIES_REPEAT10_TOTAL_VOLUME_FLUSH_DETAIL_INODE_VALIDATE_SAMPLE_TICKS	0
LIST_EXNEXT_40_ENTRIES_REPEAT10_TOTAL_VOLUME_FLUSH_DETAIL_INODE_SEARCH_CALLS	0
LIST_EXNEXT_40_ENTRIES_REPEAT10_TOTAL_VOLUME_FLUSH_DETAIL_INODE_SEARCH_SAMPLES	0
LIST_EXNEXT_40_ENTRIES_REPEAT10_TOTAL_VOLUME_FLUSH_DETAIL_INODE_SEARCH_SAMPLE_TICKS	0
LIST_EXNEXT_40_ENTRIES_REPEAT10_TOTAL_VOLUME_FLUSH_DETAIL_INODE_NODE_VIEW_CALLS	0
LIST_EXNEXT_40_ENTRIES_REPEAT10_TOTAL_VOLUME_FLUSH_DETAIL_INODE_NODE_VIEW_SAMPLES	0
LIST_EXNEXT_40_ENTRIES_REPEAT10_TOTAL_VOLUME_FLUSH_DETAIL_INODE_NODE_VIEW_SAMPLE_TICKS	0
LIST_EXNEXT_40_ENTRIES_REPEAT10_TOTAL_VOLUME_FLUSH_DETAIL_DIR_NODE_VIEW_CALLS	0
LIST_EXNEXT_40_ENTRIES_REPEAT10_TOTAL_VOLUME_FLUSH_DETAIL_DIR_NODE_VIEW_SAMPLES	0
LIST_EXNEXT_40_ENTRIES_REPEAT10_TOTAL_VOLUME_FLUSH_DETAIL_DIR_NODE_VIEW_SAMPLE_TICKS	0
LIST_EXNEXT_40_ENTRIES_REPEAT10_TOTAL_VOLUME_FLUSH_DETAIL_INODE_BINARY_SEARCH_CALLS	0
LIST_EXNEXT_40_ENTRIES_REPEAT10_TOTAL_VOLUME_FLUSH_DETAIL_INODE_BINARY_SEARCH_SAMPLES	0
LIST_EXNEXT_40_ENTRIES_REPEAT10_TOTAL_VOLUME_FLUSH_DETAIL_INODE_BINARY_SEARCH_SAMPLE_TICKS	0
LIST_EXNEXT_40_ENTRIES_REPEAT10_TOTAL_VOLUME_FLUSH_DETAIL_DIR_BINARY_SEARCH_CALLS	0
LIST_EXNEXT_40_ENTRIES_REPEAT10_TOTAL_VOLUME_FLUSH_DETAIL_DIR_BINARY_SEARCH_SAMPLES	0
LIST_EXNEXT_40_ENTRIES_REPEAT10_TOTAL_VOLUME_FLUSH_DETAIL_DIR_BINARY_SEARCH_SAMPLE_TICKS	0
LIST_EXNEXT_40_ENTRIES_REPEAT10_TOTAL_VOLUME_FLUSH_DETAIL_NODE_STRUCTURE_CALLS	0
LIST_EXNEXT_40_ENTRIES_REPEAT10_TOTAL_VOLUME_FLUSH_DETAIL_NODE_STRUCTURE_SAMPLES	0
LIST_EXNEXT_40_ENTRIES_REPEAT10_TOTAL_VOLUME_FLUSH_DETAIL_NODE_STRUCTURE_SAMPLE_TICKS	0
LIST_EXNEXT_40_ENTRIES_REPEAT10_TOTAL_VOLUME_FLUSH_DETAIL_CACHE_PEEK_CALLS	0
LIST_EXNEXT_40_ENTRIES_REPEAT10_TOTAL_VOLUME_FLUSH_DETAIL_CACHE_PEEK_SAMPLES	0
LIST_EXNEXT_40_ENTRIES_REPEAT10_TOTAL_VOLUME_FLUSH_DETAIL_CACHE_PEEK_SAMPLE_TICKS	0
LIST_EXNEXT_40_ENTRIES_REPEAT10_TOTAL_VOLUME_FLUSH_DETAIL_BUFFER_ALLOC_CALLS	0
LIST_EXNEXT_40_ENTRIES_REPEAT10_TOTAL_VOLUME_FLUSH_DETAIL_BUFFER_ALLOC_SAMPLES	0
LIST_EXNEXT_40_ENTRIES_REPEAT10_TOTAL_VOLUME_FLUSH_DETAIL_BUFFER_ALLOC_SAMPLE_TICKS	0
LIST_EXNEXT_40_ENTRIES_REPEAT10_TOTAL_VOLUME_FLUSH_DETAIL_BUFFER_FREE_CALLS	0
LIST_EXNEXT_40_ENTRIES_REPEAT10_TOTAL_VOLUME_FLUSH_DETAIL_BUFFER_FREE_SAMPLES	0
LIST_EXNEXT_40_ENTRIES_REPEAT10_TOTAL_VOLUME_FLUSH_DETAIL_BUFFER_FREE_SAMPLE_TICKS	0
LIST_EXNEXT_40_ENTRIES_REPEAT10_TOTAL_VOLUME_FLUSH_DETAIL_EXALL_FILL_CALLS	0
LIST_EXNEXT_40_ENTRIES_REPEAT10_TOTAL_VOLUME_FLUSH_DETAIL_EXALL_FILL_SAMPLES	0
LIST_EXNEXT_40_ENTRIES_REPEAT10_TOTAL_VOLUME_FLUSH_DETAIL_EXALL_FILL_SAMPLE_TICKS	0
LIST_EXNEXT_40_ENTRIES_REPEAT10_TOTAL_VOLUME_FLUSH_FREESPACE_ALLOCS	0
LIST_EXALL_40_ENTRIES_FIRST_PASS_US	2623
LIST_EXALL_40_ENTRIES_FIRST_PASS_WORK_US	2623
LIST_EXALL_40_ENTRIES_FIRST_PASS_VOLUME_FLUSH_US	0
LIST_EXALL_40_ENTRIES_FIRST_PASS_HAS_VOLUME_FLUSH	0
LIST_EXALL_40_ENTRIES_FIRST_PASS_GUEST_OPEN_CALLS	0
LIST_EXALL_40_ENTRIES_FIRST_PASS_GUEST_OPEN_US	0
LIST_EXALL_40_ENTRIES_FIRST_PASS_GUEST_READ_CALLS	0
LIST_EXALL_40_ENTRIES_FIRST_PASS_GUEST_READ_US	0
LIST_EXALL_40_ENTRIES_FIRST_PASS_GUEST_WRITE_CALLS	0
LIST_EXALL_40_ENTRIES_FIRST_PASS_GUEST_WRITE_US	0
LIST_EXALL_40_ENTRIES_FIRST_PASS_GUEST_HANDLE_FLUSH_CALLS	0
LIST_EXALL_40_ENTRIES_FIRST_PASS_GUEST_HANDLE_FLUSH_US	0
LIST_EXALL_40_ENTRIES_FIRST_PASS_GUEST_CLOSE_CALLS	0
LIST_EXALL_40_ENTRIES_FIRST_PASS_GUEST_CLOSE_US	0
LIST_EXALL_40_ENTRIES_FIRST_PASS_GUEST_VERIFY_CALLS	0
LIST_EXALL_40_ENTRIES_FIRST_PASS_GUEST_VERIFY_US	0
LIST_EXALL_40_ENTRIES_FIRST_PASS_WORK_BIO_READS	2
LIST_EXALL_40_ENTRIES_FIRST_PASS_WORK_BIO_WRITES	0
LIST_EXALL_40_ENTRIES_FIRST_PASS_WORK_BIO_UPDATES	0
LIST_EXALL_40_ENTRIES_FIRST_PASS_WORK_DATA_READS	0
LIST_EXALL_40_ENTRIES_FIRST_PASS_WORK_DATA_WRITES	0
LIST_EXALL_40_ENTRIES_FIRST_PASS_WORK_NODE_WRITES	0
LIST_EXALL_40_ENTRIES_FIRST_PASS_WORK_TXN_COMMITS	0
LIST_EXALL_40_ENTRIES_FIRST_PASS_WORK_EXTENT_MAPS	0
LIST_EXALL_40_ENTRIES_FIRST_PASS_WORK_READ_TICKS	136
LIST_EXALL_40_ENTRIES_FIRST_PASS_WORK_WRITE_TICKS	0
LIST_EXALL_40_ENTRIES_FIRST_PASS_WORK_UPDATE_TICKS	0
LIST_EXALL_40_ENTRIES_FIRST_PASS_WORK_DATA_READ_TICKS	0
LIST_EXALL_40_ENTRIES_FIRST_PASS_WORK_DATA_WRITE_TICKS	0
LIST_EXALL_40_ENTRIES_FIRST_PASS_WORK_NODE_CRC_READ_CALLS	2
LIST_EXALL_40_ENTRIES_FIRST_PASS_WORK_NODE_CRC_READ_SAMPLES	2
LIST_EXALL_40_ENTRIES_FIRST_PASS_WORK_NODE_CRC_READ_SAMPLE_TICKS	237
LIST_EXALL_40_ENTRIES_FIRST_PASS_WORK_NODE_CRC_WRITE_CALLS	0
LIST_EXALL_40_ENTRIES_FIRST_PASS_WORK_NODE_CRC_WRITE_SAMPLES	0
LIST_EXALL_40_ENTRIES_FIRST_PASS_WORK_NODE_CRC_WRITE_SAMPLE_TICKS	0
LIST_EXALL_40_ENTRIES_FIRST_PASS_WORK_CLOCK_PAIR_TICKS	0
LIST_EXALL_40_ENTRIES_FIRST_PASS_WORK_PACKET_CALLS	3
LIST_EXALL_40_ENTRIES_FIRST_PASS_WORK_PACKET_SAMPLES	3
LIST_EXALL_40_ENTRIES_FIRST_PASS_WORK_PACKET_SAMPLE_TICKS	1634
LIST_EXALL_40_ENTRIES_FIRST_PASS_WORK_PACKET_OPEN_CALLS	0
LIST_EXALL_40_ENTRIES_FIRST_PASS_WORK_PACKET_OPEN_SAMPLES	0
LIST_EXALL_40_ENTRIES_FIRST_PASS_WORK_PACKET_OPEN_SAMPLE_TICKS	0
LIST_EXALL_40_ENTRIES_FIRST_PASS_WORK_PACKET_READ_CALLS	0
LIST_EXALL_40_ENTRIES_FIRST_PASS_WORK_PACKET_READ_SAMPLES	0
LIST_EXALL_40_ENTRIES_FIRST_PASS_WORK_PACKET_READ_SAMPLE_TICKS	0
LIST_EXALL_40_ENTRIES_FIRST_PASS_WORK_PACKET_WRITE_CALLS	0
LIST_EXALL_40_ENTRIES_FIRST_PASS_WORK_PACKET_WRITE_SAMPLES	0
LIST_EXALL_40_ENTRIES_FIRST_PASS_WORK_PACKET_WRITE_SAMPLE_TICKS	0
LIST_EXALL_40_ENTRIES_FIRST_PASS_WORK_PACKET_END_CALLS	0
LIST_EXALL_40_ENTRIES_FIRST_PASS_WORK_PACKET_END_SAMPLES	0
LIST_EXALL_40_ENTRIES_FIRST_PASS_WORK_PACKET_END_SAMPLE_TICKS	0
LIST_EXALL_40_ENTRIES_FIRST_PASS_WORK_PACKET_DELETE_CALLS	0
LIST_EXALL_40_ENTRIES_FIRST_PASS_WORK_PACKET_DELETE_SAMPLES	0
LIST_EXALL_40_ENTRIES_FIRST_PASS_WORK_PACKET_DELETE_SAMPLE_TICKS	0
LIST_EXALL_40_ENTRIES_FIRST_PASS_WORK_PACKET_FLUSH_CALLS	0
LIST_EXALL_40_ENTRIES_FIRST_PASS_WORK_PACKET_FLUSH_SAMPLES	0
LIST_EXALL_40_ENTRIES_FIRST_PASS_WORK_PACKET_FLUSH_SAMPLE_TICKS	0
LIST_EXALL_40_ENTRIES_FIRST_PASS_WORK_PACKET_OTHER_CALLS	3
LIST_EXALL_40_ENTRIES_FIRST_PASS_WORK_PACKET_OTHER_SAMPLES	3
LIST_EXALL_40_ENTRIES_FIRST_PASS_WORK_PACKET_OTHER_SAMPLE_TICKS	1634
LIST_EXALL_40_ENTRIES_FIRST_PASS_WORK_CORE_CREATE_CALLS	0
LIST_EXALL_40_ENTRIES_FIRST_PASS_WORK_CORE_CREATE_SAMPLES	0
LIST_EXALL_40_ENTRIES_FIRST_PASS_WORK_CORE_CREATE_SAMPLE_TICKS	0
LIST_EXALL_40_ENTRIES_FIRST_PASS_WORK_CORE_DELETE_CALLS	0
LIST_EXALL_40_ENTRIES_FIRST_PASS_WORK_CORE_DELETE_SAMPLES	0
LIST_EXALL_40_ENTRIES_FIRST_PASS_WORK_CORE_DELETE_SAMPLE_TICKS	0
LIST_EXALL_40_ENTRIES_FIRST_PASS_WORK_CORE_FILE_WRITE_CALLS	0
LIST_EXALL_40_ENTRIES_FIRST_PASS_WORK_CORE_FILE_WRITE_SAMPLES	0
LIST_EXALL_40_ENTRIES_FIRST_PASS_WORK_CORE_FILE_WRITE_SAMPLE_TICKS	0
LIST_EXALL_40_ENTRIES_FIRST_PASS_WORK_CORE_SYNC_CALLS	0
LIST_EXALL_40_ENTRIES_FIRST_PASS_WORK_CORE_SYNC_SAMPLES	0
LIST_EXALL_40_ENTRIES_FIRST_PASS_WORK_CORE_SYNC_SAMPLE_TICKS	0
LIST_EXALL_40_ENTRIES_FIRST_PASS_WORK_IFACE_FREE_CALLS	0
LIST_EXALL_40_ENTRIES_FIRST_PASS_WORK_IFACE_FREE_SAMPLES	0
LIST_EXALL_40_ENTRIES_FIRST_PASS_WORK_IFACE_FREE_SAMPLE_TICKS	0
LIST_EXALL_40_ENTRIES_FIRST_PASS_WORK_SEAL_COMMIT_CALLS	0
LIST_EXALL_40_ENTRIES_FIRST_PASS_WORK_SEAL_COMMIT_SAMPLES	0
LIST_EXALL_40_ENTRIES_FIRST_PASS_WORK_SEAL_COMMIT_SAMPLE_TICKS	0
LIST_EXALL_40_ENTRIES_FIRST_PASS_WORK_INODE_READ_CALLS	40
LIST_EXALL_40_ENTRIES_FIRST_PASS_WORK_BTREE_SEARCH_CALLS	41
LIST_EXALL_40_ENTRIES_FIRST_PASS_WORK_BTREE_INDEX_HINT_HITS	0
LIST_EXALL_40_ENTRIES_FIRST_PASS_WORK_BTREE_LEAF_HINT_HITS	2
LIST_EXALL_40_ENTRIES_FIRST_PASS_WORK_CACHE_READ_CALLS	2
LIST_EXALL_40_ENTRIES_FIRST_PASS_WORK_CACHE_READ_HITS	0
LIST_EXALL_40_ENTRIES_FIRST_PASS_WORK_CACHE_READ_MISSES	2
LIST_EXALL_40_ENTRIES_FIRST_PASS_WORK_FREE_TREE_NODE_VIEWS	0
LIST_EXALL_40_ENTRIES_FIRST_PASS_WORK_FREE_TREE_RESIDENT_VIEWS	0
LIST_EXALL_40_ENTRIES_FIRST_PASS_WORK_DIR_TREE_NODE_VIEWS	4
LIST_EXALL_40_ENTRIES_FIRST_PASS_WORK_DIR_TREE_RESIDENT_VIEWS	3
LIST_EXALL_40_ENTRIES_FIRST_PASS_WORK_INODE_TREE_NODE_VIEWS	2
LIST_EXALL_40_ENTRIES_FIRST_PASS_WORK_INODE_TREE_RESIDENT_VIEWS	1
LIST_EXALL_40_ENTRIES_FIRST_PASS_WORK_REFCOUNT_TREE_NODE_VIEWS	0
LIST_EXALL_40_ENTRIES_FIRST_PASS_WORK_REFCOUNT_TREE_RESIDENT_VIEWS	0
LIST_EXALL_40_ENTRIES_FIRST_PASS_WORK_OTHER_TREE_NODE_VIEWS	0
LIST_EXALL_40_ENTRIES_FIRST_PASS_WORK_OTHER_TREE_RESIDENT_VIEWS	0
LIST_EXALL_40_ENTRIES_FIRST_PASS_WORK_WRITE_DETAIL_INODE_READ_CALLS	40
LIST_EXALL_40_ENTRIES_FIRST_PASS_WORK_WRITE_DETAIL_INODE_READ_SAMPLES	40
LIST_EXALL_40_ENTRIES_FIRST_PASS_WORK_WRITE_DETAIL_INODE_READ_SAMPLE_TICKS	454
LIST_EXALL_40_ENTRIES_FIRST_PASS_WORK_WRITE_DETAIL_INODE_WRITE_CALLS	0
LIST_EXALL_40_ENTRIES_FIRST_PASS_WORK_WRITE_DETAIL_INODE_WRITE_SAMPLES	0
LIST_EXALL_40_ENTRIES_FIRST_PASS_WORK_WRITE_DETAIL_INODE_WRITE_SAMPLE_TICKS	0
LIST_EXALL_40_ENTRIES_FIRST_PASS_WORK_WRITE_DETAIL_EXTENT_MAP_CALLS	0
LIST_EXALL_40_ENTRIES_FIRST_PASS_WORK_WRITE_DETAIL_EXTENT_MAP_SAMPLES	0
LIST_EXALL_40_ENTRIES_FIRST_PASS_WORK_WRITE_DETAIL_EXTENT_MAP_SAMPLE_TICKS	0
LIST_EXALL_40_ENTRIES_FIRST_PASS_WORK_WRITE_DETAIL_FREESPACE_GOAL_CALLS	0
LIST_EXALL_40_ENTRIES_FIRST_PASS_WORK_WRITE_DETAIL_FREESPACE_GOAL_SAMPLES	0
LIST_EXALL_40_ENTRIES_FIRST_PASS_WORK_WRITE_DETAIL_FREESPACE_GOAL_SAMPLE_TICKS	0
LIST_EXALL_40_ENTRIES_FIRST_PASS_WORK_BTREE_MALLOC_CALLS	2
LIST_EXALL_40_ENTRIES_FIRST_PASS_WORK_BTREE_MALLOC_SAMPLES	2
LIST_EXALL_40_ENTRIES_FIRST_PASS_WORK_BTREE_MALLOC_SAMPLE_TICKS	44
LIST_EXALL_40_ENTRIES_FIRST_PASS_WORK_BTREE_FREE_CALLS	2
LIST_EXALL_40_ENTRIES_FIRST_PASS_WORK_BTREE_FREE_SAMPLES	2
LIST_EXALL_40_ENTRIES_FIRST_PASS_WORK_BTREE_FREE_SAMPLE_TICKS	0
LIST_EXALL_40_ENTRIES_FIRST_PASS_WORK_IFACE_ALLOC_CALLS	0
LIST_EXALL_40_ENTRIES_FIRST_PASS_WORK_IFACE_ALLOC_SAMPLES	0
LIST_EXALL_40_ENTRIES_FIRST_PASS_WORK_IFACE_ALLOC_SAMPLE_TICKS	0
LIST_EXALL_40_ENTRIES_FIRST_PASS_WORK_FREESPACE_ALLOC_CALLS	0
LIST_EXALL_40_ENTRIES_FIRST_PASS_WORK_FREESPACE_ALLOC_SAMPLES	0
LIST_EXALL_40_ENTRIES_FIRST_PASS_WORK_FREESPACE_ALLOC_SAMPLE_TICKS	0
LIST_EXALL_40_ENTRIES_FIRST_PASS_WORK_DETAIL_INODE_READ_CALLS	40
LIST_EXALL_40_ENTRIES_FIRST_PASS_WORK_DETAIL_INODE_READ_SAMPLES	2
LIST_EXALL_40_ENTRIES_FIRST_PASS_WORK_DETAIL_INODE_READ_SAMPLE_TICKS	0
LIST_EXALL_40_ENTRIES_FIRST_PASS_WORK_DETAIL_INODE_VALIDATE_CALLS	40
LIST_EXALL_40_ENTRIES_FIRST_PASS_WORK_DETAIL_INODE_VALIDATE_SAMPLES	2
LIST_EXALL_40_ENTRIES_FIRST_PASS_WORK_DETAIL_INODE_VALIDATE_SAMPLE_TICKS	0
LIST_EXALL_40_ENTRIES_FIRST_PASS_WORK_DETAIL_INODE_SEARCH_CALLS	40
LIST_EXALL_40_ENTRIES_FIRST_PASS_WORK_DETAIL_INODE_SEARCH_SAMPLES	2
LIST_EXALL_40_ENTRIES_FIRST_PASS_WORK_DETAIL_INODE_SEARCH_SAMPLE_TICKS	0
LIST_EXALL_40_ENTRIES_FIRST_PASS_WORK_DETAIL_INODE_NODE_VIEW_CALLS	2
LIST_EXALL_40_ENTRIES_FIRST_PASS_WORK_DETAIL_INODE_NODE_VIEW_SAMPLES	0
LIST_EXALL_40_ENTRIES_FIRST_PASS_WORK_DETAIL_INODE_NODE_VIEW_SAMPLE_TICKS	0
LIST_EXALL_40_ENTRIES_FIRST_PASS_WORK_DETAIL_DIR_NODE_VIEW_CALLS	4
LIST_EXALL_40_ENTRIES_FIRST_PASS_WORK_DETAIL_DIR_NODE_VIEW_SAMPLES	0
LIST_EXALL_40_ENTRIES_FIRST_PASS_WORK_DETAIL_DIR_NODE_VIEW_SAMPLE_TICKS	0
LIST_EXALL_40_ENTRIES_FIRST_PASS_WORK_DETAIL_INODE_BINARY_SEARCH_CALLS	1
LIST_EXALL_40_ENTRIES_FIRST_PASS_WORK_DETAIL_INODE_BINARY_SEARCH_SAMPLES	0
LIST_EXALL_40_ENTRIES_FIRST_PASS_WORK_DETAIL_INODE_BINARY_SEARCH_SAMPLE_TICKS	0
LIST_EXALL_40_ENTRIES_FIRST_PASS_WORK_DETAIL_DIR_BINARY_SEARCH_CALLS	3
LIST_EXALL_40_ENTRIES_FIRST_PASS_WORK_DETAIL_DIR_BINARY_SEARCH_SAMPLES	0
LIST_EXALL_40_ENTRIES_FIRST_PASS_WORK_DETAIL_DIR_BINARY_SEARCH_SAMPLE_TICKS	0
LIST_EXALL_40_ENTRIES_FIRST_PASS_WORK_DETAIL_NODE_STRUCTURE_CALLS	2
LIST_EXALL_40_ENTRIES_FIRST_PASS_WORK_DETAIL_NODE_STRUCTURE_SAMPLES	0
LIST_EXALL_40_ENTRIES_FIRST_PASS_WORK_DETAIL_NODE_STRUCTURE_SAMPLE_TICKS	0
LIST_EXALL_40_ENTRIES_FIRST_PASS_WORK_DETAIL_CACHE_PEEK_CALLS	8
LIST_EXALL_40_ENTRIES_FIRST_PASS_WORK_DETAIL_CACHE_PEEK_SAMPLES	0
LIST_EXALL_40_ENTRIES_FIRST_PASS_WORK_DETAIL_CACHE_PEEK_SAMPLE_TICKS	0
LIST_EXALL_40_ENTRIES_FIRST_PASS_WORK_DETAIL_BUFFER_ALLOC_CALLS	2
LIST_EXALL_40_ENTRIES_FIRST_PASS_WORK_DETAIL_BUFFER_ALLOC_SAMPLES	0
LIST_EXALL_40_ENTRIES_FIRST_PASS_WORK_DETAIL_BUFFER_ALLOC_SAMPLE_TICKS	0
LIST_EXALL_40_ENTRIES_FIRST_PASS_WORK_DETAIL_BUFFER_FREE_CALLS	2
LIST_EXALL_40_ENTRIES_FIRST_PASS_WORK_DETAIL_BUFFER_FREE_SAMPLES	0
LIST_EXALL_40_ENTRIES_FIRST_PASS_WORK_DETAIL_BUFFER_FREE_SAMPLE_TICKS	0
LIST_EXALL_40_ENTRIES_FIRST_PASS_WORK_DETAIL_EXALL_FILL_CALLS	40
LIST_EXALL_40_ENTRIES_FIRST_PASS_WORK_DETAIL_EXALL_FILL_SAMPLES	2
LIST_EXALL_40_ENTRIES_FIRST_PASS_WORK_DETAIL_EXALL_FILL_SAMPLE_TICKS	0
LIST_EXALL_40_ENTRIES_FIRST_PASS_WORK_FREESPACE_ALLOCS	0
LIST_EXALL_40_ENTRIES_FIRST_PASS_VOLUME_FLUSH_BIO_READS	0
LIST_EXALL_40_ENTRIES_FIRST_PASS_VOLUME_FLUSH_BIO_WRITES	0
LIST_EXALL_40_ENTRIES_FIRST_PASS_VOLUME_FLUSH_BIO_UPDATES	0
LIST_EXALL_40_ENTRIES_FIRST_PASS_VOLUME_FLUSH_DATA_READS	0
LIST_EXALL_40_ENTRIES_FIRST_PASS_VOLUME_FLUSH_DATA_WRITES	0
LIST_EXALL_40_ENTRIES_FIRST_PASS_VOLUME_FLUSH_NODE_WRITES	0
LIST_EXALL_40_ENTRIES_FIRST_PASS_VOLUME_FLUSH_TXN_COMMITS	0
LIST_EXALL_40_ENTRIES_FIRST_PASS_VOLUME_FLUSH_EXTENT_MAPS	0
LIST_EXALL_40_ENTRIES_FIRST_PASS_VOLUME_FLUSH_READ_TICKS	0
LIST_EXALL_40_ENTRIES_FIRST_PASS_VOLUME_FLUSH_WRITE_TICKS	0
LIST_EXALL_40_ENTRIES_FIRST_PASS_VOLUME_FLUSH_UPDATE_TICKS	0
LIST_EXALL_40_ENTRIES_FIRST_PASS_VOLUME_FLUSH_DATA_READ_TICKS	0
LIST_EXALL_40_ENTRIES_FIRST_PASS_VOLUME_FLUSH_DATA_WRITE_TICKS	0
LIST_EXALL_40_ENTRIES_FIRST_PASS_VOLUME_FLUSH_NODE_CRC_READ_CALLS	0
LIST_EXALL_40_ENTRIES_FIRST_PASS_VOLUME_FLUSH_NODE_CRC_READ_SAMPLES	0
LIST_EXALL_40_ENTRIES_FIRST_PASS_VOLUME_FLUSH_NODE_CRC_READ_SAMPLE_TICKS	0
LIST_EXALL_40_ENTRIES_FIRST_PASS_VOLUME_FLUSH_NODE_CRC_WRITE_CALLS	0
LIST_EXALL_40_ENTRIES_FIRST_PASS_VOLUME_FLUSH_NODE_CRC_WRITE_SAMPLES	0
LIST_EXALL_40_ENTRIES_FIRST_PASS_VOLUME_FLUSH_NODE_CRC_WRITE_SAMPLE_TICKS	0
LIST_EXALL_40_ENTRIES_FIRST_PASS_VOLUME_FLUSH_CLOCK_PAIR_TICKS	0
LIST_EXALL_40_ENTRIES_FIRST_PASS_VOLUME_FLUSH_PACKET_CALLS	0
LIST_EXALL_40_ENTRIES_FIRST_PASS_VOLUME_FLUSH_PACKET_SAMPLES	0
LIST_EXALL_40_ENTRIES_FIRST_PASS_VOLUME_FLUSH_PACKET_SAMPLE_TICKS	0
LIST_EXALL_40_ENTRIES_FIRST_PASS_VOLUME_FLUSH_PACKET_OPEN_CALLS	0
LIST_EXALL_40_ENTRIES_FIRST_PASS_VOLUME_FLUSH_PACKET_OPEN_SAMPLES	0
LIST_EXALL_40_ENTRIES_FIRST_PASS_VOLUME_FLUSH_PACKET_OPEN_SAMPLE_TICKS	0
LIST_EXALL_40_ENTRIES_FIRST_PASS_VOLUME_FLUSH_PACKET_READ_CALLS	0
LIST_EXALL_40_ENTRIES_FIRST_PASS_VOLUME_FLUSH_PACKET_READ_SAMPLES	0
LIST_EXALL_40_ENTRIES_FIRST_PASS_VOLUME_FLUSH_PACKET_READ_SAMPLE_TICKS	0
LIST_EXALL_40_ENTRIES_FIRST_PASS_VOLUME_FLUSH_PACKET_WRITE_CALLS	0
LIST_EXALL_40_ENTRIES_FIRST_PASS_VOLUME_FLUSH_PACKET_WRITE_SAMPLES	0
LIST_EXALL_40_ENTRIES_FIRST_PASS_VOLUME_FLUSH_PACKET_WRITE_SAMPLE_TICKS	0
LIST_EXALL_40_ENTRIES_FIRST_PASS_VOLUME_FLUSH_PACKET_END_CALLS	0
LIST_EXALL_40_ENTRIES_FIRST_PASS_VOLUME_FLUSH_PACKET_END_SAMPLES	0
LIST_EXALL_40_ENTRIES_FIRST_PASS_VOLUME_FLUSH_PACKET_END_SAMPLE_TICKS	0
LIST_EXALL_40_ENTRIES_FIRST_PASS_VOLUME_FLUSH_PACKET_DELETE_CALLS	0
LIST_EXALL_40_ENTRIES_FIRST_PASS_VOLUME_FLUSH_PACKET_DELETE_SAMPLES	0
LIST_EXALL_40_ENTRIES_FIRST_PASS_VOLUME_FLUSH_PACKET_DELETE_SAMPLE_TICKS	0
LIST_EXALL_40_ENTRIES_FIRST_PASS_VOLUME_FLUSH_PACKET_FLUSH_CALLS	0
LIST_EXALL_40_ENTRIES_FIRST_PASS_VOLUME_FLUSH_PACKET_FLUSH_SAMPLES	0
LIST_EXALL_40_ENTRIES_FIRST_PASS_VOLUME_FLUSH_PACKET_FLUSH_SAMPLE_TICKS	0
LIST_EXALL_40_ENTRIES_FIRST_PASS_VOLUME_FLUSH_PACKET_OTHER_CALLS	0
LIST_EXALL_40_ENTRIES_FIRST_PASS_VOLUME_FLUSH_PACKET_OTHER_SAMPLES	0
LIST_EXALL_40_ENTRIES_FIRST_PASS_VOLUME_FLUSH_PACKET_OTHER_SAMPLE_TICKS	0
LIST_EXALL_40_ENTRIES_FIRST_PASS_VOLUME_FLUSH_CORE_CREATE_CALLS	0
LIST_EXALL_40_ENTRIES_FIRST_PASS_VOLUME_FLUSH_CORE_CREATE_SAMPLES	0
LIST_EXALL_40_ENTRIES_FIRST_PASS_VOLUME_FLUSH_CORE_CREATE_SAMPLE_TICKS	0
LIST_EXALL_40_ENTRIES_FIRST_PASS_VOLUME_FLUSH_CORE_DELETE_CALLS	0
LIST_EXALL_40_ENTRIES_FIRST_PASS_VOLUME_FLUSH_CORE_DELETE_SAMPLES	0
LIST_EXALL_40_ENTRIES_FIRST_PASS_VOLUME_FLUSH_CORE_DELETE_SAMPLE_TICKS	0
LIST_EXALL_40_ENTRIES_FIRST_PASS_VOLUME_FLUSH_CORE_FILE_WRITE_CALLS	0
LIST_EXALL_40_ENTRIES_FIRST_PASS_VOLUME_FLUSH_CORE_FILE_WRITE_SAMPLES	0
LIST_EXALL_40_ENTRIES_FIRST_PASS_VOLUME_FLUSH_CORE_FILE_WRITE_SAMPLE_TICKS	0
LIST_EXALL_40_ENTRIES_FIRST_PASS_VOLUME_FLUSH_CORE_SYNC_CALLS	0
LIST_EXALL_40_ENTRIES_FIRST_PASS_VOLUME_FLUSH_CORE_SYNC_SAMPLES	0
LIST_EXALL_40_ENTRIES_FIRST_PASS_VOLUME_FLUSH_CORE_SYNC_SAMPLE_TICKS	0
LIST_EXALL_40_ENTRIES_FIRST_PASS_VOLUME_FLUSH_IFACE_FREE_CALLS	0
LIST_EXALL_40_ENTRIES_FIRST_PASS_VOLUME_FLUSH_IFACE_FREE_SAMPLES	0
LIST_EXALL_40_ENTRIES_FIRST_PASS_VOLUME_FLUSH_IFACE_FREE_SAMPLE_TICKS	0
LIST_EXALL_40_ENTRIES_FIRST_PASS_VOLUME_FLUSH_SEAL_COMMIT_CALLS	0
LIST_EXALL_40_ENTRIES_FIRST_PASS_VOLUME_FLUSH_SEAL_COMMIT_SAMPLES	0
LIST_EXALL_40_ENTRIES_FIRST_PASS_VOLUME_FLUSH_SEAL_COMMIT_SAMPLE_TICKS	0
LIST_EXALL_40_ENTRIES_FIRST_PASS_VOLUME_FLUSH_INODE_READ_CALLS	0
LIST_EXALL_40_ENTRIES_FIRST_PASS_VOLUME_FLUSH_BTREE_SEARCH_CALLS	0
LIST_EXALL_40_ENTRIES_FIRST_PASS_VOLUME_FLUSH_BTREE_INDEX_HINT_HITS	0
LIST_EXALL_40_ENTRIES_FIRST_PASS_VOLUME_FLUSH_BTREE_LEAF_HINT_HITS	0
LIST_EXALL_40_ENTRIES_FIRST_PASS_VOLUME_FLUSH_CACHE_READ_CALLS	0
LIST_EXALL_40_ENTRIES_FIRST_PASS_VOLUME_FLUSH_CACHE_READ_HITS	0
LIST_EXALL_40_ENTRIES_FIRST_PASS_VOLUME_FLUSH_CACHE_READ_MISSES	0
LIST_EXALL_40_ENTRIES_FIRST_PASS_VOLUME_FLUSH_FREE_TREE_NODE_VIEWS	0
LIST_EXALL_40_ENTRIES_FIRST_PASS_VOLUME_FLUSH_FREE_TREE_RESIDENT_VIEWS	0
LIST_EXALL_40_ENTRIES_FIRST_PASS_VOLUME_FLUSH_DIR_TREE_NODE_VIEWS	0
LIST_EXALL_40_ENTRIES_FIRST_PASS_VOLUME_FLUSH_DIR_TREE_RESIDENT_VIEWS	0
LIST_EXALL_40_ENTRIES_FIRST_PASS_VOLUME_FLUSH_INODE_TREE_NODE_VIEWS	0
LIST_EXALL_40_ENTRIES_FIRST_PASS_VOLUME_FLUSH_INODE_TREE_RESIDENT_VIEWS	0
LIST_EXALL_40_ENTRIES_FIRST_PASS_VOLUME_FLUSH_REFCOUNT_TREE_NODE_VIEWS	0
LIST_EXALL_40_ENTRIES_FIRST_PASS_VOLUME_FLUSH_REFCOUNT_TREE_RESIDENT_VIEWS	0
LIST_EXALL_40_ENTRIES_FIRST_PASS_VOLUME_FLUSH_OTHER_TREE_NODE_VIEWS	0
LIST_EXALL_40_ENTRIES_FIRST_PASS_VOLUME_FLUSH_OTHER_TREE_RESIDENT_VIEWS	0
LIST_EXALL_40_ENTRIES_FIRST_PASS_VOLUME_FLUSH_WRITE_DETAIL_INODE_READ_CALLS	0
LIST_EXALL_40_ENTRIES_FIRST_PASS_VOLUME_FLUSH_WRITE_DETAIL_INODE_READ_SAMPLES	0
LIST_EXALL_40_ENTRIES_FIRST_PASS_VOLUME_FLUSH_WRITE_DETAIL_INODE_READ_SAMPLE_TICKS	0
LIST_EXALL_40_ENTRIES_FIRST_PASS_VOLUME_FLUSH_WRITE_DETAIL_INODE_WRITE_CALLS	0
LIST_EXALL_40_ENTRIES_FIRST_PASS_VOLUME_FLUSH_WRITE_DETAIL_INODE_WRITE_SAMPLES	0
LIST_EXALL_40_ENTRIES_FIRST_PASS_VOLUME_FLUSH_WRITE_DETAIL_INODE_WRITE_SAMPLE_TICKS	0
LIST_EXALL_40_ENTRIES_FIRST_PASS_VOLUME_FLUSH_WRITE_DETAIL_EXTENT_MAP_CALLS	0
LIST_EXALL_40_ENTRIES_FIRST_PASS_VOLUME_FLUSH_WRITE_DETAIL_EXTENT_MAP_SAMPLES	0
LIST_EXALL_40_ENTRIES_FIRST_PASS_VOLUME_FLUSH_WRITE_DETAIL_EXTENT_MAP_SAMPLE_TICKS	0
LIST_EXALL_40_ENTRIES_FIRST_PASS_VOLUME_FLUSH_WRITE_DETAIL_FREESPACE_GOAL_CALLS	0
LIST_EXALL_40_ENTRIES_FIRST_PASS_VOLUME_FLUSH_WRITE_DETAIL_FREESPACE_GOAL_SAMPLES	0
LIST_EXALL_40_ENTRIES_FIRST_PASS_VOLUME_FLUSH_WRITE_DETAIL_FREESPACE_GOAL_SAMPLE_TICKS	0
LIST_EXALL_40_ENTRIES_FIRST_PASS_VOLUME_FLUSH_BTREE_MALLOC_CALLS	0
LIST_EXALL_40_ENTRIES_FIRST_PASS_VOLUME_FLUSH_BTREE_MALLOC_SAMPLES	0
LIST_EXALL_40_ENTRIES_FIRST_PASS_VOLUME_FLUSH_BTREE_MALLOC_SAMPLE_TICKS	0
LIST_EXALL_40_ENTRIES_FIRST_PASS_VOLUME_FLUSH_BTREE_FREE_CALLS	0
LIST_EXALL_40_ENTRIES_FIRST_PASS_VOLUME_FLUSH_BTREE_FREE_SAMPLES	0
LIST_EXALL_40_ENTRIES_FIRST_PASS_VOLUME_FLUSH_BTREE_FREE_SAMPLE_TICKS	0
LIST_EXALL_40_ENTRIES_FIRST_PASS_VOLUME_FLUSH_IFACE_ALLOC_CALLS	0
LIST_EXALL_40_ENTRIES_FIRST_PASS_VOLUME_FLUSH_IFACE_ALLOC_SAMPLES	0
LIST_EXALL_40_ENTRIES_FIRST_PASS_VOLUME_FLUSH_IFACE_ALLOC_SAMPLE_TICKS	0
LIST_EXALL_40_ENTRIES_FIRST_PASS_VOLUME_FLUSH_FREESPACE_ALLOC_CALLS	0
LIST_EXALL_40_ENTRIES_FIRST_PASS_VOLUME_FLUSH_FREESPACE_ALLOC_SAMPLES	0
LIST_EXALL_40_ENTRIES_FIRST_PASS_VOLUME_FLUSH_FREESPACE_ALLOC_SAMPLE_TICKS	0
LIST_EXALL_40_ENTRIES_FIRST_PASS_VOLUME_FLUSH_DETAIL_INODE_READ_CALLS	0
LIST_EXALL_40_ENTRIES_FIRST_PASS_VOLUME_FLUSH_DETAIL_INODE_READ_SAMPLES	0
LIST_EXALL_40_ENTRIES_FIRST_PASS_VOLUME_FLUSH_DETAIL_INODE_READ_SAMPLE_TICKS	0
LIST_EXALL_40_ENTRIES_FIRST_PASS_VOLUME_FLUSH_DETAIL_INODE_VALIDATE_CALLS	0
LIST_EXALL_40_ENTRIES_FIRST_PASS_VOLUME_FLUSH_DETAIL_INODE_VALIDATE_SAMPLES	0
LIST_EXALL_40_ENTRIES_FIRST_PASS_VOLUME_FLUSH_DETAIL_INODE_VALIDATE_SAMPLE_TICKS	0
LIST_EXALL_40_ENTRIES_FIRST_PASS_VOLUME_FLUSH_DETAIL_INODE_SEARCH_CALLS	0
LIST_EXALL_40_ENTRIES_FIRST_PASS_VOLUME_FLUSH_DETAIL_INODE_SEARCH_SAMPLES	0
LIST_EXALL_40_ENTRIES_FIRST_PASS_VOLUME_FLUSH_DETAIL_INODE_SEARCH_SAMPLE_TICKS	0
LIST_EXALL_40_ENTRIES_FIRST_PASS_VOLUME_FLUSH_DETAIL_INODE_NODE_VIEW_CALLS	0
LIST_EXALL_40_ENTRIES_FIRST_PASS_VOLUME_FLUSH_DETAIL_INODE_NODE_VIEW_SAMPLES	0
LIST_EXALL_40_ENTRIES_FIRST_PASS_VOLUME_FLUSH_DETAIL_INODE_NODE_VIEW_SAMPLE_TICKS	0
LIST_EXALL_40_ENTRIES_FIRST_PASS_VOLUME_FLUSH_DETAIL_DIR_NODE_VIEW_CALLS	0
LIST_EXALL_40_ENTRIES_FIRST_PASS_VOLUME_FLUSH_DETAIL_DIR_NODE_VIEW_SAMPLES	0
LIST_EXALL_40_ENTRIES_FIRST_PASS_VOLUME_FLUSH_DETAIL_DIR_NODE_VIEW_SAMPLE_TICKS	0
LIST_EXALL_40_ENTRIES_FIRST_PASS_VOLUME_FLUSH_DETAIL_INODE_BINARY_SEARCH_CALLS	0
LIST_EXALL_40_ENTRIES_FIRST_PASS_VOLUME_FLUSH_DETAIL_INODE_BINARY_SEARCH_SAMPLES	0
LIST_EXALL_40_ENTRIES_FIRST_PASS_VOLUME_FLUSH_DETAIL_INODE_BINARY_SEARCH_SAMPLE_TICKS	0
LIST_EXALL_40_ENTRIES_FIRST_PASS_VOLUME_FLUSH_DETAIL_DIR_BINARY_SEARCH_CALLS	0
LIST_EXALL_40_ENTRIES_FIRST_PASS_VOLUME_FLUSH_DETAIL_DIR_BINARY_SEARCH_SAMPLES	0
LIST_EXALL_40_ENTRIES_FIRST_PASS_VOLUME_FLUSH_DETAIL_DIR_BINARY_SEARCH_SAMPLE_TICKS	0
LIST_EXALL_40_ENTRIES_FIRST_PASS_VOLUME_FLUSH_DETAIL_NODE_STRUCTURE_CALLS	0
LIST_EXALL_40_ENTRIES_FIRST_PASS_VOLUME_FLUSH_DETAIL_NODE_STRUCTURE_SAMPLES	0
LIST_EXALL_40_ENTRIES_FIRST_PASS_VOLUME_FLUSH_DETAIL_NODE_STRUCTURE_SAMPLE_TICKS	0
LIST_EXALL_40_ENTRIES_FIRST_PASS_VOLUME_FLUSH_DETAIL_CACHE_PEEK_CALLS	0
LIST_EXALL_40_ENTRIES_FIRST_PASS_VOLUME_FLUSH_DETAIL_CACHE_PEEK_SAMPLES	0
LIST_EXALL_40_ENTRIES_FIRST_PASS_VOLUME_FLUSH_DETAIL_CACHE_PEEK_SAMPLE_TICKS	0
LIST_EXALL_40_ENTRIES_FIRST_PASS_VOLUME_FLUSH_DETAIL_BUFFER_ALLOC_CALLS	0
LIST_EXALL_40_ENTRIES_FIRST_PASS_VOLUME_FLUSH_DETAIL_BUFFER_ALLOC_SAMPLES	0
LIST_EXALL_40_ENTRIES_FIRST_PASS_VOLUME_FLUSH_DETAIL_BUFFER_ALLOC_SAMPLE_TICKS	0
LIST_EXALL_40_ENTRIES_FIRST_PASS_VOLUME_FLUSH_DETAIL_BUFFER_FREE_CALLS	0
LIST_EXALL_40_ENTRIES_FIRST_PASS_VOLUME_FLUSH_DETAIL_BUFFER_FREE_SAMPLES	0
LIST_EXALL_40_ENTRIES_FIRST_PASS_VOLUME_FLUSH_DETAIL_BUFFER_FREE_SAMPLE_TICKS	0
LIST_EXALL_40_ENTRIES_FIRST_PASS_VOLUME_FLUSH_DETAIL_EXALL_FILL_CALLS	0
LIST_EXALL_40_ENTRIES_FIRST_PASS_VOLUME_FLUSH_DETAIL_EXALL_FILL_SAMPLES	0
LIST_EXALL_40_ENTRIES_FIRST_PASS_VOLUME_FLUSH_DETAIL_EXALL_FILL_SAMPLE_TICKS	0
LIST_EXALL_40_ENTRIES_FIRST_PASS_VOLUME_FLUSH_FREESPACE_ALLOCS	0
LIST_EXALL_40_ENTRIES_REPEAT10_TOTAL_US	13760
LIST_EXALL_40_ENTRIES_REPEAT10_TOTAL_WORK_US	13760
LIST_EXALL_40_ENTRIES_REPEAT10_TOTAL_VOLUME_FLUSH_US	0
LIST_EXALL_40_ENTRIES_REPEAT10_TOTAL_HAS_VOLUME_FLUSH	0
LIST_EXALL_40_ENTRIES_REPEAT10_TOTAL_GUEST_OPEN_CALLS	0
LIST_EXALL_40_ENTRIES_REPEAT10_TOTAL_GUEST_OPEN_US	0
LIST_EXALL_40_ENTRIES_REPEAT10_TOTAL_GUEST_READ_CALLS	0
LIST_EXALL_40_ENTRIES_REPEAT10_TOTAL_GUEST_READ_US	0
LIST_EXALL_40_ENTRIES_REPEAT10_TOTAL_GUEST_WRITE_CALLS	0
LIST_EXALL_40_ENTRIES_REPEAT10_TOTAL_GUEST_WRITE_US	0
LIST_EXALL_40_ENTRIES_REPEAT10_TOTAL_GUEST_HANDLE_FLUSH_CALLS	0
LIST_EXALL_40_ENTRIES_REPEAT10_TOTAL_GUEST_HANDLE_FLUSH_US	0
LIST_EXALL_40_ENTRIES_REPEAT10_TOTAL_GUEST_CLOSE_CALLS	0
LIST_EXALL_40_ENTRIES_REPEAT10_TOTAL_GUEST_CLOSE_US	0
LIST_EXALL_40_ENTRIES_REPEAT10_TOTAL_GUEST_VERIFY_CALLS	0
LIST_EXALL_40_ENTRIES_REPEAT10_TOTAL_GUEST_VERIFY_US	0
LIST_EXALL_40_ENTRIES_REPEAT10_TOTAL_WORK_BIO_READS	0
LIST_EXALL_40_ENTRIES_REPEAT10_TOTAL_WORK_BIO_WRITES	0
LIST_EXALL_40_ENTRIES_REPEAT10_TOTAL_WORK_BIO_UPDATES	0
LIST_EXALL_40_ENTRIES_REPEAT10_TOTAL_WORK_DATA_READS	0
LIST_EXALL_40_ENTRIES_REPEAT10_TOTAL_WORK_DATA_WRITES	0
LIST_EXALL_40_ENTRIES_REPEAT10_TOTAL_WORK_NODE_WRITES	0
LIST_EXALL_40_ENTRIES_REPEAT10_TOTAL_WORK_TXN_COMMITS	0
LIST_EXALL_40_ENTRIES_REPEAT10_TOTAL_WORK_EXTENT_MAPS	0
LIST_EXALL_40_ENTRIES_REPEAT10_TOTAL_WORK_READ_TICKS	0
LIST_EXALL_40_ENTRIES_REPEAT10_TOTAL_WORK_WRITE_TICKS	0
LIST_EXALL_40_ENTRIES_REPEAT10_TOTAL_WORK_UPDATE_TICKS	0
LIST_EXALL_40_ENTRIES_REPEAT10_TOTAL_WORK_DATA_READ_TICKS	0
LIST_EXALL_40_ENTRIES_REPEAT10_TOTAL_WORK_DATA_WRITE_TICKS	0
LIST_EXALL_40_ENTRIES_REPEAT10_TOTAL_WORK_NODE_CRC_READ_CALLS	0
LIST_EXALL_40_ENTRIES_REPEAT10_TOTAL_WORK_NODE_CRC_READ_SAMPLES	0
LIST_EXALL_40_ENTRIES_REPEAT10_TOTAL_WORK_NODE_CRC_READ_SAMPLE_TICKS	0
LIST_EXALL_40_ENTRIES_REPEAT10_TOTAL_WORK_NODE_CRC_WRITE_CALLS	0
LIST_EXALL_40_ENTRIES_REPEAT10_TOTAL_WORK_NODE_CRC_WRITE_SAMPLES	0
LIST_EXALL_40_ENTRIES_REPEAT10_TOTAL_WORK_NODE_CRC_WRITE_SAMPLE_TICKS	0
LIST_EXALL_40_ENTRIES_REPEAT10_TOTAL_WORK_CLOCK_PAIR_TICKS	1
LIST_EXALL_40_ENTRIES_REPEAT10_TOTAL_WORK_PACKET_CALLS	12
LIST_EXALL_40_ENTRIES_REPEAT10_TOTAL_WORK_PACKET_SAMPLES	12
LIST_EXALL_40_ENTRIES_REPEAT10_TOTAL_WORK_PACKET_SAMPLE_TICKS	9118
LIST_EXALL_40_ENTRIES_REPEAT10_TOTAL_WORK_PACKET_OPEN_CALLS	0
LIST_EXALL_40_ENTRIES_REPEAT10_TOTAL_WORK_PACKET_OPEN_SAMPLES	0
LIST_EXALL_40_ENTRIES_REPEAT10_TOTAL_WORK_PACKET_OPEN_SAMPLE_TICKS	0
LIST_EXALL_40_ENTRIES_REPEAT10_TOTAL_WORK_PACKET_READ_CALLS	0
LIST_EXALL_40_ENTRIES_REPEAT10_TOTAL_WORK_PACKET_READ_SAMPLES	0
LIST_EXALL_40_ENTRIES_REPEAT10_TOTAL_WORK_PACKET_READ_SAMPLE_TICKS	0
LIST_EXALL_40_ENTRIES_REPEAT10_TOTAL_WORK_PACKET_WRITE_CALLS	0
LIST_EXALL_40_ENTRIES_REPEAT10_TOTAL_WORK_PACKET_WRITE_SAMPLES	0
LIST_EXALL_40_ENTRIES_REPEAT10_TOTAL_WORK_PACKET_WRITE_SAMPLE_TICKS	0
LIST_EXALL_40_ENTRIES_REPEAT10_TOTAL_WORK_PACKET_END_CALLS	0
LIST_EXALL_40_ENTRIES_REPEAT10_TOTAL_WORK_PACKET_END_SAMPLES	0
LIST_EXALL_40_ENTRIES_REPEAT10_TOTAL_WORK_PACKET_END_SAMPLE_TICKS	0
LIST_EXALL_40_ENTRIES_REPEAT10_TOTAL_WORK_PACKET_DELETE_CALLS	0
LIST_EXALL_40_ENTRIES_REPEAT10_TOTAL_WORK_PACKET_DELETE_SAMPLES	0
LIST_EXALL_40_ENTRIES_REPEAT10_TOTAL_WORK_PACKET_DELETE_SAMPLE_TICKS	0
LIST_EXALL_40_ENTRIES_REPEAT10_TOTAL_WORK_PACKET_FLUSH_CALLS	0
LIST_EXALL_40_ENTRIES_REPEAT10_TOTAL_WORK_PACKET_FLUSH_SAMPLES	0
LIST_EXALL_40_ENTRIES_REPEAT10_TOTAL_WORK_PACKET_FLUSH_SAMPLE_TICKS	0
LIST_EXALL_40_ENTRIES_REPEAT10_TOTAL_WORK_PACKET_OTHER_CALLS	12
LIST_EXALL_40_ENTRIES_REPEAT10_TOTAL_WORK_PACKET_OTHER_SAMPLES	12
LIST_EXALL_40_ENTRIES_REPEAT10_TOTAL_WORK_PACKET_OTHER_SAMPLE_TICKS	9118
LIST_EXALL_40_ENTRIES_REPEAT10_TOTAL_WORK_CORE_CREATE_CALLS	0
LIST_EXALL_40_ENTRIES_REPEAT10_TOTAL_WORK_CORE_CREATE_SAMPLES	0
LIST_EXALL_40_ENTRIES_REPEAT10_TOTAL_WORK_CORE_CREATE_SAMPLE_TICKS	0
LIST_EXALL_40_ENTRIES_REPEAT10_TOTAL_WORK_CORE_DELETE_CALLS	0
LIST_EXALL_40_ENTRIES_REPEAT10_TOTAL_WORK_CORE_DELETE_SAMPLES	0
LIST_EXALL_40_ENTRIES_REPEAT10_TOTAL_WORK_CORE_DELETE_SAMPLE_TICKS	0
LIST_EXALL_40_ENTRIES_REPEAT10_TOTAL_WORK_CORE_FILE_WRITE_CALLS	0
LIST_EXALL_40_ENTRIES_REPEAT10_TOTAL_WORK_CORE_FILE_WRITE_SAMPLES	0
LIST_EXALL_40_ENTRIES_REPEAT10_TOTAL_WORK_CORE_FILE_WRITE_SAMPLE_TICKS	0
LIST_EXALL_40_ENTRIES_REPEAT10_TOTAL_WORK_CORE_SYNC_CALLS	0
LIST_EXALL_40_ENTRIES_REPEAT10_TOTAL_WORK_CORE_SYNC_SAMPLES	0
LIST_EXALL_40_ENTRIES_REPEAT10_TOTAL_WORK_CORE_SYNC_SAMPLE_TICKS	0
LIST_EXALL_40_ENTRIES_REPEAT10_TOTAL_WORK_IFACE_FREE_CALLS	0
LIST_EXALL_40_ENTRIES_REPEAT10_TOTAL_WORK_IFACE_FREE_SAMPLES	0
LIST_EXALL_40_ENTRIES_REPEAT10_TOTAL_WORK_IFACE_FREE_SAMPLE_TICKS	0
LIST_EXALL_40_ENTRIES_REPEAT10_TOTAL_WORK_SEAL_COMMIT_CALLS	0
LIST_EXALL_40_ENTRIES_REPEAT10_TOTAL_WORK_SEAL_COMMIT_SAMPLES	0
LIST_EXALL_40_ENTRIES_REPEAT10_TOTAL_WORK_SEAL_COMMIT_SAMPLE_TICKS	0
LIST_EXALL_40_ENTRIES_REPEAT10_TOTAL_WORK_INODE_READ_CALLS	400
LIST_EXALL_40_ENTRIES_REPEAT10_TOTAL_WORK_BTREE_SEARCH_CALLS	401
LIST_EXALL_40_ENTRIES_REPEAT10_TOTAL_WORK_BTREE_INDEX_HINT_HITS	0
LIST_EXALL_40_ENTRIES_REPEAT10_TOTAL_WORK_BTREE_LEAF_HINT_HITS	21
LIST_EXALL_40_ENTRIES_REPEAT10_TOTAL_WORK_CACHE_READ_CALLS	0
LIST_EXALL_40_ENTRIES_REPEAT10_TOTAL_WORK_CACHE_READ_HITS	0
LIST_EXALL_40_ENTRIES_REPEAT10_TOTAL_WORK_CACHE_READ_MISSES	0
LIST_EXALL_40_ENTRIES_REPEAT10_TOTAL_WORK_FREE_TREE_NODE_VIEWS	0
LIST_EXALL_40_ENTRIES_REPEAT10_TOTAL_WORK_FREE_TREE_RESIDENT_VIEWS	0
LIST_EXALL_40_ENTRIES_REPEAT10_TOTAL_WORK_DIR_TREE_NODE_VIEWS	40
LIST_EXALL_40_ENTRIES_REPEAT10_TOTAL_WORK_DIR_TREE_RESIDENT_VIEWS	40
LIST_EXALL_40_ENTRIES_REPEAT10_TOTAL_WORK_INODE_TREE_NODE_VIEWS	0
LIST_EXALL_40_ENTRIES_REPEAT10_TOTAL_WORK_INODE_TREE_RESIDENT_VIEWS	0
LIST_EXALL_40_ENTRIES_REPEAT10_TOTAL_WORK_REFCOUNT_TREE_NODE_VIEWS	0
LIST_EXALL_40_ENTRIES_REPEAT10_TOTAL_WORK_REFCOUNT_TREE_RESIDENT_VIEWS	0
LIST_EXALL_40_ENTRIES_REPEAT10_TOTAL_WORK_OTHER_TREE_NODE_VIEWS	0
LIST_EXALL_40_ENTRIES_REPEAT10_TOTAL_WORK_OTHER_TREE_RESIDENT_VIEWS	0
LIST_EXALL_40_ENTRIES_REPEAT10_TOTAL_WORK_WRITE_DETAIL_INODE_READ_CALLS	400
LIST_EXALL_40_ENTRIES_REPEAT10_TOTAL_WORK_WRITE_DETAIL_INODE_READ_SAMPLES	400
LIST_EXALL_40_ENTRIES_REPEAT10_TOTAL_WORK_WRITE_DETAIL_INODE_READ_SAMPLE_TICKS	3104
LIST_EXALL_40_ENTRIES_REPEAT10_TOTAL_WORK_WRITE_DETAIL_INODE_WRITE_CALLS	0
LIST_EXALL_40_ENTRIES_REPEAT10_TOTAL_WORK_WRITE_DETAIL_INODE_WRITE_SAMPLES	0
LIST_EXALL_40_ENTRIES_REPEAT10_TOTAL_WORK_WRITE_DETAIL_INODE_WRITE_SAMPLE_TICKS	0
LIST_EXALL_40_ENTRIES_REPEAT10_TOTAL_WORK_WRITE_DETAIL_EXTENT_MAP_CALLS	0
LIST_EXALL_40_ENTRIES_REPEAT10_TOTAL_WORK_WRITE_DETAIL_EXTENT_MAP_SAMPLES	0
LIST_EXALL_40_ENTRIES_REPEAT10_TOTAL_WORK_WRITE_DETAIL_EXTENT_MAP_SAMPLE_TICKS	0
LIST_EXALL_40_ENTRIES_REPEAT10_TOTAL_WORK_WRITE_DETAIL_FREESPACE_GOAL_CALLS	0
LIST_EXALL_40_ENTRIES_REPEAT10_TOTAL_WORK_WRITE_DETAIL_FREESPACE_GOAL_SAMPLES	0
LIST_EXALL_40_ENTRIES_REPEAT10_TOTAL_WORK_WRITE_DETAIL_FREESPACE_GOAL_SAMPLE_TICKS	0
LIST_EXALL_40_ENTRIES_REPEAT10_TOTAL_WORK_BTREE_MALLOC_CALLS	11
LIST_EXALL_40_ENTRIES_REPEAT10_TOTAL_WORK_BTREE_MALLOC_SAMPLES	11
LIST_EXALL_40_ENTRIES_REPEAT10_TOTAL_WORK_BTREE_MALLOC_SAMPLE_TICKS	0
LIST_EXALL_40_ENTRIES_REPEAT10_TOTAL_WORK_BTREE_FREE_CALLS	11
LIST_EXALL_40_ENTRIES_REPEAT10_TOTAL_WORK_BTREE_FREE_SAMPLES	11
LIST_EXALL_40_ENTRIES_REPEAT10_TOTAL_WORK_BTREE_FREE_SAMPLE_TICKS	0
LIST_EXALL_40_ENTRIES_REPEAT10_TOTAL_WORK_IFACE_ALLOC_CALLS	0
LIST_EXALL_40_ENTRIES_REPEAT10_TOTAL_WORK_IFACE_ALLOC_SAMPLES	0
LIST_EXALL_40_ENTRIES_REPEAT10_TOTAL_WORK_IFACE_ALLOC_SAMPLE_TICKS	0
LIST_EXALL_40_ENTRIES_REPEAT10_TOTAL_WORK_FREESPACE_ALLOC_CALLS	0
LIST_EXALL_40_ENTRIES_REPEAT10_TOTAL_WORK_FREESPACE_ALLOC_SAMPLES	0
LIST_EXALL_40_ENTRIES_REPEAT10_TOTAL_WORK_FREESPACE_ALLOC_SAMPLE_TICKS	0
LIST_EXALL_40_ENTRIES_REPEAT10_TOTAL_WORK_DETAIL_INODE_READ_CALLS	400
LIST_EXALL_40_ENTRIES_REPEAT10_TOTAL_WORK_DETAIL_INODE_READ_SAMPLES	23
LIST_EXALL_40_ENTRIES_REPEAT10_TOTAL_WORK_DETAIL_INODE_READ_SAMPLE_TICKS	405
LIST_EXALL_40_ENTRIES_REPEAT10_TOTAL_WORK_DETAIL_INODE_VALIDATE_CALLS	400
LIST_EXALL_40_ENTRIES_REPEAT10_TOTAL_WORK_DETAIL_INODE_VALIDATE_SAMPLES	23
LIST_EXALL_40_ENTRIES_REPEAT10_TOTAL_WORK_DETAIL_INODE_VALIDATE_SAMPLE_TICKS	167
LIST_EXALL_40_ENTRIES_REPEAT10_TOTAL_WORK_DETAIL_INODE_SEARCH_CALLS	400
LIST_EXALL_40_ENTRIES_REPEAT10_TOTAL_WORK_DETAIL_INODE_SEARCH_SAMPLES	23
LIST_EXALL_40_ENTRIES_REPEAT10_TOTAL_WORK_DETAIL_INODE_SEARCH_SAMPLE_TICKS	77
LIST_EXALL_40_ENTRIES_REPEAT10_TOTAL_WORK_DETAIL_INODE_NODE_VIEW_CALLS	0
LIST_EXALL_40_ENTRIES_REPEAT10_TOTAL_WORK_DETAIL_INODE_NODE_VIEW_SAMPLES	0
LIST_EXALL_40_ENTRIES_REPEAT10_TOTAL_WORK_DETAIL_INODE_NODE_VIEW_SAMPLE_TICKS	0
LIST_EXALL_40_ENTRIES_REPEAT10_TOTAL_WORK_DETAIL_DIR_NODE_VIEW_CALLS	40
LIST_EXALL_40_ENTRIES_REPEAT10_TOTAL_WORK_DETAIL_DIR_NODE_VIEW_SAMPLES	2
LIST_EXALL_40_ENTRIES_REPEAT10_TOTAL_WORK_DETAIL_DIR_NODE_VIEW_SAMPLE_TICKS	0
LIST_EXALL_40_ENTRIES_REPEAT10_TOTAL_WORK_DETAIL_INODE_BINARY_SEARCH_CALLS	0
LIST_EXALL_40_ENTRIES_REPEAT10_TOTAL_WORK_DETAIL_INODE_BINARY_SEARCH_SAMPLES	0
LIST_EXALL_40_ENTRIES_REPEAT10_TOTAL_WORK_DETAIL_INODE_BINARY_SEARCH_SAMPLE_TICKS	0
LIST_EXALL_40_ENTRIES_REPEAT10_TOTAL_WORK_DETAIL_DIR_BINARY_SEARCH_CALLS	21
LIST_EXALL_40_ENTRIES_REPEAT10_TOTAL_WORK_DETAIL_DIR_BINARY_SEARCH_SAMPLES	1
LIST_EXALL_40_ENTRIES_REPEAT10_TOTAL_WORK_DETAIL_DIR_BINARY_SEARCH_SAMPLE_TICKS	0
LIST_EXALL_40_ENTRIES_REPEAT10_TOTAL_WORK_DETAIL_NODE_STRUCTURE_CALLS	0
LIST_EXALL_40_ENTRIES_REPEAT10_TOTAL_WORK_DETAIL_NODE_STRUCTURE_SAMPLES	0
LIST_EXALL_40_ENTRIES_REPEAT10_TOTAL_WORK_DETAIL_NODE_STRUCTURE_SAMPLE_TICKS	0
LIST_EXALL_40_ENTRIES_REPEAT10_TOTAL_WORK_DETAIL_CACHE_PEEK_CALLS	61
LIST_EXALL_40_ENTRIES_REPEAT10_TOTAL_WORK_DETAIL_CACHE_PEEK_SAMPLES	3
LIST_EXALL_40_ENTRIES_REPEAT10_TOTAL_WORK_DETAIL_CACHE_PEEK_SAMPLE_TICKS	20
LIST_EXALL_40_ENTRIES_REPEAT10_TOTAL_WORK_DETAIL_BUFFER_ALLOC_CALLS	20
LIST_EXALL_40_ENTRIES_REPEAT10_TOTAL_WORK_DETAIL_BUFFER_ALLOC_SAMPLES	1
LIST_EXALL_40_ENTRIES_REPEAT10_TOTAL_WORK_DETAIL_BUFFER_ALLOC_SAMPLE_TICKS	0
LIST_EXALL_40_ENTRIES_REPEAT10_TOTAL_WORK_DETAIL_BUFFER_FREE_CALLS	20
LIST_EXALL_40_ENTRIES_REPEAT10_TOTAL_WORK_DETAIL_BUFFER_FREE_SAMPLES	1
LIST_EXALL_40_ENTRIES_REPEAT10_TOTAL_WORK_DETAIL_BUFFER_FREE_SAMPLE_TICKS	0
LIST_EXALL_40_ENTRIES_REPEAT10_TOTAL_WORK_DETAIL_EXALL_FILL_CALLS	400
LIST_EXALL_40_ENTRIES_REPEAT10_TOTAL_WORK_DETAIL_EXALL_FILL_SAMPLES	23
LIST_EXALL_40_ENTRIES_REPEAT10_TOTAL_WORK_DETAIL_EXALL_FILL_SAMPLE_TICKS	201
LIST_EXALL_40_ENTRIES_REPEAT10_TOTAL_WORK_FREESPACE_ALLOCS	0
LIST_EXALL_40_ENTRIES_REPEAT10_TOTAL_VOLUME_FLUSH_BIO_READS	0
LIST_EXALL_40_ENTRIES_REPEAT10_TOTAL_VOLUME_FLUSH_BIO_WRITES	0
LIST_EXALL_40_ENTRIES_REPEAT10_TOTAL_VOLUME_FLUSH_BIO_UPDATES	0
LIST_EXALL_40_ENTRIES_REPEAT10_TOTAL_VOLUME_FLUSH_DATA_READS	0
LIST_EXALL_40_ENTRIES_REPEAT10_TOTAL_VOLUME_FLUSH_DATA_WRITES	0
LIST_EXALL_40_ENTRIES_REPEAT10_TOTAL_VOLUME_FLUSH_NODE_WRITES	0
LIST_EXALL_40_ENTRIES_REPEAT10_TOTAL_VOLUME_FLUSH_TXN_COMMITS	0
LIST_EXALL_40_ENTRIES_REPEAT10_TOTAL_VOLUME_FLUSH_EXTENT_MAPS	0
LIST_EXALL_40_ENTRIES_REPEAT10_TOTAL_VOLUME_FLUSH_READ_TICKS	0
LIST_EXALL_40_ENTRIES_REPEAT10_TOTAL_VOLUME_FLUSH_WRITE_TICKS	0
LIST_EXALL_40_ENTRIES_REPEAT10_TOTAL_VOLUME_FLUSH_UPDATE_TICKS	0
LIST_EXALL_40_ENTRIES_REPEAT10_TOTAL_VOLUME_FLUSH_DATA_READ_TICKS	0
LIST_EXALL_40_ENTRIES_REPEAT10_TOTAL_VOLUME_FLUSH_DATA_WRITE_TICKS	0
LIST_EXALL_40_ENTRIES_REPEAT10_TOTAL_VOLUME_FLUSH_NODE_CRC_READ_CALLS	0
LIST_EXALL_40_ENTRIES_REPEAT10_TOTAL_VOLUME_FLUSH_NODE_CRC_READ_SAMPLES	0
LIST_EXALL_40_ENTRIES_REPEAT10_TOTAL_VOLUME_FLUSH_NODE_CRC_READ_SAMPLE_TICKS	0
LIST_EXALL_40_ENTRIES_REPEAT10_TOTAL_VOLUME_FLUSH_NODE_CRC_WRITE_CALLS	0
LIST_EXALL_40_ENTRIES_REPEAT10_TOTAL_VOLUME_FLUSH_NODE_CRC_WRITE_SAMPLES	0
LIST_EXALL_40_ENTRIES_REPEAT10_TOTAL_VOLUME_FLUSH_NODE_CRC_WRITE_SAMPLE_TICKS	0
LIST_EXALL_40_ENTRIES_REPEAT10_TOTAL_VOLUME_FLUSH_CLOCK_PAIR_TICKS	0
LIST_EXALL_40_ENTRIES_REPEAT10_TOTAL_VOLUME_FLUSH_PACKET_CALLS	0
LIST_EXALL_40_ENTRIES_REPEAT10_TOTAL_VOLUME_FLUSH_PACKET_SAMPLES	0
LIST_EXALL_40_ENTRIES_REPEAT10_TOTAL_VOLUME_FLUSH_PACKET_SAMPLE_TICKS	0
LIST_EXALL_40_ENTRIES_REPEAT10_TOTAL_VOLUME_FLUSH_PACKET_OPEN_CALLS	0
LIST_EXALL_40_ENTRIES_REPEAT10_TOTAL_VOLUME_FLUSH_PACKET_OPEN_SAMPLES	0
LIST_EXALL_40_ENTRIES_REPEAT10_TOTAL_VOLUME_FLUSH_PACKET_OPEN_SAMPLE_TICKS	0
LIST_EXALL_40_ENTRIES_REPEAT10_TOTAL_VOLUME_FLUSH_PACKET_READ_CALLS	0
LIST_EXALL_40_ENTRIES_REPEAT10_TOTAL_VOLUME_FLUSH_PACKET_READ_SAMPLES	0
LIST_EXALL_40_ENTRIES_REPEAT10_TOTAL_VOLUME_FLUSH_PACKET_READ_SAMPLE_TICKS	0
LIST_EXALL_40_ENTRIES_REPEAT10_TOTAL_VOLUME_FLUSH_PACKET_WRITE_CALLS	0
LIST_EXALL_40_ENTRIES_REPEAT10_TOTAL_VOLUME_FLUSH_PACKET_WRITE_SAMPLES	0
LIST_EXALL_40_ENTRIES_REPEAT10_TOTAL_VOLUME_FLUSH_PACKET_WRITE_SAMPLE_TICKS	0
LIST_EXALL_40_ENTRIES_REPEAT10_TOTAL_VOLUME_FLUSH_PACKET_END_CALLS	0
LIST_EXALL_40_ENTRIES_REPEAT10_TOTAL_VOLUME_FLUSH_PACKET_END_SAMPLES	0
LIST_EXALL_40_ENTRIES_REPEAT10_TOTAL_VOLUME_FLUSH_PACKET_END_SAMPLE_TICKS	0
LIST_EXALL_40_ENTRIES_REPEAT10_TOTAL_VOLUME_FLUSH_PACKET_DELETE_CALLS	0
LIST_EXALL_40_ENTRIES_REPEAT10_TOTAL_VOLUME_FLUSH_PACKET_DELETE_SAMPLES	0
LIST_EXALL_40_ENTRIES_REPEAT10_TOTAL_VOLUME_FLUSH_PACKET_DELETE_SAMPLE_TICKS	0
LIST_EXALL_40_ENTRIES_REPEAT10_TOTAL_VOLUME_FLUSH_PACKET_FLUSH_CALLS	0
LIST_EXALL_40_ENTRIES_REPEAT10_TOTAL_VOLUME_FLUSH_PACKET_FLUSH_SAMPLES	0
LIST_EXALL_40_ENTRIES_REPEAT10_TOTAL_VOLUME_FLUSH_PACKET_FLUSH_SAMPLE_TICKS	0
LIST_EXALL_40_ENTRIES_REPEAT10_TOTAL_VOLUME_FLUSH_PACKET_OTHER_CALLS	0
LIST_EXALL_40_ENTRIES_REPEAT10_TOTAL_VOLUME_FLUSH_PACKET_OTHER_SAMPLES	0
LIST_EXALL_40_ENTRIES_REPEAT10_TOTAL_VOLUME_FLUSH_PACKET_OTHER_SAMPLE_TICKS	0
LIST_EXALL_40_ENTRIES_REPEAT10_TOTAL_VOLUME_FLUSH_CORE_CREATE_CALLS	0
LIST_EXALL_40_ENTRIES_REPEAT10_TOTAL_VOLUME_FLUSH_CORE_CREATE_SAMPLES	0
LIST_EXALL_40_ENTRIES_REPEAT10_TOTAL_VOLUME_FLUSH_CORE_CREATE_SAMPLE_TICKS	0
LIST_EXALL_40_ENTRIES_REPEAT10_TOTAL_VOLUME_FLUSH_CORE_DELETE_CALLS	0
LIST_EXALL_40_ENTRIES_REPEAT10_TOTAL_VOLUME_FLUSH_CORE_DELETE_SAMPLES	0
LIST_EXALL_40_ENTRIES_REPEAT10_TOTAL_VOLUME_FLUSH_CORE_DELETE_SAMPLE_TICKS	0
LIST_EXALL_40_ENTRIES_REPEAT10_TOTAL_VOLUME_FLUSH_CORE_FILE_WRITE_CALLS	0
LIST_EXALL_40_ENTRIES_REPEAT10_TOTAL_VOLUME_FLUSH_CORE_FILE_WRITE_SAMPLES	0
LIST_EXALL_40_ENTRIES_REPEAT10_TOTAL_VOLUME_FLUSH_CORE_FILE_WRITE_SAMPLE_TICKS	0
LIST_EXALL_40_ENTRIES_REPEAT10_TOTAL_VOLUME_FLUSH_CORE_SYNC_CALLS	0
LIST_EXALL_40_ENTRIES_REPEAT10_TOTAL_VOLUME_FLUSH_CORE_SYNC_SAMPLES	0
LIST_EXALL_40_ENTRIES_REPEAT10_TOTAL_VOLUME_FLUSH_CORE_SYNC_SAMPLE_TICKS	0
LIST_EXALL_40_ENTRIES_REPEAT10_TOTAL_VOLUME_FLUSH_IFACE_FREE_CALLS	0
LIST_EXALL_40_ENTRIES_REPEAT10_TOTAL_VOLUME_FLUSH_IFACE_FREE_SAMPLES	0
LIST_EXALL_40_ENTRIES_REPEAT10_TOTAL_VOLUME_FLUSH_IFACE_FREE_SAMPLE_TICKS	0
LIST_EXALL_40_ENTRIES_REPEAT10_TOTAL_VOLUME_FLUSH_SEAL_COMMIT_CALLS	0
LIST_EXALL_40_ENTRIES_REPEAT10_TOTAL_VOLUME_FLUSH_SEAL_COMMIT_SAMPLES	0
LIST_EXALL_40_ENTRIES_REPEAT10_TOTAL_VOLUME_FLUSH_SEAL_COMMIT_SAMPLE_TICKS	0
LIST_EXALL_40_ENTRIES_REPEAT10_TOTAL_VOLUME_FLUSH_INODE_READ_CALLS	0
LIST_EXALL_40_ENTRIES_REPEAT10_TOTAL_VOLUME_FLUSH_BTREE_SEARCH_CALLS	0
LIST_EXALL_40_ENTRIES_REPEAT10_TOTAL_VOLUME_FLUSH_BTREE_INDEX_HINT_HITS	0
LIST_EXALL_40_ENTRIES_REPEAT10_TOTAL_VOLUME_FLUSH_BTREE_LEAF_HINT_HITS	0
LIST_EXALL_40_ENTRIES_REPEAT10_TOTAL_VOLUME_FLUSH_CACHE_READ_CALLS	0
LIST_EXALL_40_ENTRIES_REPEAT10_TOTAL_VOLUME_FLUSH_CACHE_READ_HITS	0
LIST_EXALL_40_ENTRIES_REPEAT10_TOTAL_VOLUME_FLUSH_CACHE_READ_MISSES	0
LIST_EXALL_40_ENTRIES_REPEAT10_TOTAL_VOLUME_FLUSH_FREE_TREE_NODE_VIEWS	0
LIST_EXALL_40_ENTRIES_REPEAT10_TOTAL_VOLUME_FLUSH_FREE_TREE_RESIDENT_VIEWS	0
LIST_EXALL_40_ENTRIES_REPEAT10_TOTAL_VOLUME_FLUSH_DIR_TREE_NODE_VIEWS	0
LIST_EXALL_40_ENTRIES_REPEAT10_TOTAL_VOLUME_FLUSH_DIR_TREE_RESIDENT_VIEWS	0
LIST_EXALL_40_ENTRIES_REPEAT10_TOTAL_VOLUME_FLUSH_INODE_TREE_NODE_VIEWS	0
LIST_EXALL_40_ENTRIES_REPEAT10_TOTAL_VOLUME_FLUSH_INODE_TREE_RESIDENT_VIEWS	0
LIST_EXALL_40_ENTRIES_REPEAT10_TOTAL_VOLUME_FLUSH_REFCOUNT_TREE_NODE_VIEWS	0
LIST_EXALL_40_ENTRIES_REPEAT10_TOTAL_VOLUME_FLUSH_REFCOUNT_TREE_RESIDENT_VIEWS	0
LIST_EXALL_40_ENTRIES_REPEAT10_TOTAL_VOLUME_FLUSH_OTHER_TREE_NODE_VIEWS	0
LIST_EXALL_40_ENTRIES_REPEAT10_TOTAL_VOLUME_FLUSH_OTHER_TREE_RESIDENT_VIEWS	0
LIST_EXALL_40_ENTRIES_REPEAT10_TOTAL_VOLUME_FLUSH_WRITE_DETAIL_INODE_READ_CALLS	0
LIST_EXALL_40_ENTRIES_REPEAT10_TOTAL_VOLUME_FLUSH_WRITE_DETAIL_INODE_READ_SAMPLES	0
LIST_EXALL_40_ENTRIES_REPEAT10_TOTAL_VOLUME_FLUSH_WRITE_DETAIL_INODE_READ_SAMPLE_TICKS	0
LIST_EXALL_40_ENTRIES_REPEAT10_TOTAL_VOLUME_FLUSH_WRITE_DETAIL_INODE_WRITE_CALLS	0
LIST_EXALL_40_ENTRIES_REPEAT10_TOTAL_VOLUME_FLUSH_WRITE_DETAIL_INODE_WRITE_SAMPLES	0
LIST_EXALL_40_ENTRIES_REPEAT10_TOTAL_VOLUME_FLUSH_WRITE_DETAIL_INODE_WRITE_SAMPLE_TICKS	0
LIST_EXALL_40_ENTRIES_REPEAT10_TOTAL_VOLUME_FLUSH_WRITE_DETAIL_EXTENT_MAP_CALLS	0
LIST_EXALL_40_ENTRIES_REPEAT10_TOTAL_VOLUME_FLUSH_WRITE_DETAIL_EXTENT_MAP_SAMPLES	0
LIST_EXALL_40_ENTRIES_REPEAT10_TOTAL_VOLUME_FLUSH_WRITE_DETAIL_EXTENT_MAP_SAMPLE_TICKS	0
LIST_EXALL_40_ENTRIES_REPEAT10_TOTAL_VOLUME_FLUSH_WRITE_DETAIL_FREESPACE_GOAL_CALLS	0
LIST_EXALL_40_ENTRIES_REPEAT10_TOTAL_VOLUME_FLUSH_WRITE_DETAIL_FREESPACE_GOAL_SAMPLES	0
LIST_EXALL_40_ENTRIES_REPEAT10_TOTAL_VOLUME_FLUSH_WRITE_DETAIL_FREESPACE_GOAL_SAMPLE_TICKS	0
LIST_EXALL_40_ENTRIES_REPEAT10_TOTAL_VOLUME_FLUSH_BTREE_MALLOC_CALLS	0
LIST_EXALL_40_ENTRIES_REPEAT10_TOTAL_VOLUME_FLUSH_BTREE_MALLOC_SAMPLES	0
LIST_EXALL_40_ENTRIES_REPEAT10_TOTAL_VOLUME_FLUSH_BTREE_MALLOC_SAMPLE_TICKS	0
LIST_EXALL_40_ENTRIES_REPEAT10_TOTAL_VOLUME_FLUSH_BTREE_FREE_CALLS	0
LIST_EXALL_40_ENTRIES_REPEAT10_TOTAL_VOLUME_FLUSH_BTREE_FREE_SAMPLES	0
LIST_EXALL_40_ENTRIES_REPEAT10_TOTAL_VOLUME_FLUSH_BTREE_FREE_SAMPLE_TICKS	0
LIST_EXALL_40_ENTRIES_REPEAT10_TOTAL_VOLUME_FLUSH_IFACE_ALLOC_CALLS	0
LIST_EXALL_40_ENTRIES_REPEAT10_TOTAL_VOLUME_FLUSH_IFACE_ALLOC_SAMPLES	0
LIST_EXALL_40_ENTRIES_REPEAT10_TOTAL_VOLUME_FLUSH_IFACE_ALLOC_SAMPLE_TICKS	0
LIST_EXALL_40_ENTRIES_REPEAT10_TOTAL_VOLUME_FLUSH_FREESPACE_ALLOC_CALLS	0
LIST_EXALL_40_ENTRIES_REPEAT10_TOTAL_VOLUME_FLUSH_FREESPACE_ALLOC_SAMPLES	0
LIST_EXALL_40_ENTRIES_REPEAT10_TOTAL_VOLUME_FLUSH_FREESPACE_ALLOC_SAMPLE_TICKS	0
LIST_EXALL_40_ENTRIES_REPEAT10_TOTAL_VOLUME_FLUSH_DETAIL_INODE_READ_CALLS	0
LIST_EXALL_40_ENTRIES_REPEAT10_TOTAL_VOLUME_FLUSH_DETAIL_INODE_READ_SAMPLES	0
LIST_EXALL_40_ENTRIES_REPEAT10_TOTAL_VOLUME_FLUSH_DETAIL_INODE_READ_SAMPLE_TICKS	0
LIST_EXALL_40_ENTRIES_REPEAT10_TOTAL_VOLUME_FLUSH_DETAIL_INODE_VALIDATE_CALLS	0
LIST_EXALL_40_ENTRIES_REPEAT10_TOTAL_VOLUME_FLUSH_DETAIL_INODE_VALIDATE_SAMPLES	0
LIST_EXALL_40_ENTRIES_REPEAT10_TOTAL_VOLUME_FLUSH_DETAIL_INODE_VALIDATE_SAMPLE_TICKS	0
LIST_EXALL_40_ENTRIES_REPEAT10_TOTAL_VOLUME_FLUSH_DETAIL_INODE_SEARCH_CALLS	0
LIST_EXALL_40_ENTRIES_REPEAT10_TOTAL_VOLUME_FLUSH_DETAIL_INODE_SEARCH_SAMPLES	0
LIST_EXALL_40_ENTRIES_REPEAT10_TOTAL_VOLUME_FLUSH_DETAIL_INODE_SEARCH_SAMPLE_TICKS	0
LIST_EXALL_40_ENTRIES_REPEAT10_TOTAL_VOLUME_FLUSH_DETAIL_INODE_NODE_VIEW_CALLS	0
LIST_EXALL_40_ENTRIES_REPEAT10_TOTAL_VOLUME_FLUSH_DETAIL_INODE_NODE_VIEW_SAMPLES	0
LIST_EXALL_40_ENTRIES_REPEAT10_TOTAL_VOLUME_FLUSH_DETAIL_INODE_NODE_VIEW_SAMPLE_TICKS	0
LIST_EXALL_40_ENTRIES_REPEAT10_TOTAL_VOLUME_FLUSH_DETAIL_DIR_NODE_VIEW_CALLS	0
LIST_EXALL_40_ENTRIES_REPEAT10_TOTAL_VOLUME_FLUSH_DETAIL_DIR_NODE_VIEW_SAMPLES	0
LIST_EXALL_40_ENTRIES_REPEAT10_TOTAL_VOLUME_FLUSH_DETAIL_DIR_NODE_VIEW_SAMPLE_TICKS	0
LIST_EXALL_40_ENTRIES_REPEAT10_TOTAL_VOLUME_FLUSH_DETAIL_INODE_BINARY_SEARCH_CALLS	0
LIST_EXALL_40_ENTRIES_REPEAT10_TOTAL_VOLUME_FLUSH_DETAIL_INODE_BINARY_SEARCH_SAMPLES	0
LIST_EXALL_40_ENTRIES_REPEAT10_TOTAL_VOLUME_FLUSH_DETAIL_INODE_BINARY_SEARCH_SAMPLE_TICKS	0
LIST_EXALL_40_ENTRIES_REPEAT10_TOTAL_VOLUME_FLUSH_DETAIL_DIR_BINARY_SEARCH_CALLS	0
LIST_EXALL_40_ENTRIES_REPEAT10_TOTAL_VOLUME_FLUSH_DETAIL_DIR_BINARY_SEARCH_SAMPLES	0
LIST_EXALL_40_ENTRIES_REPEAT10_TOTAL_VOLUME_FLUSH_DETAIL_DIR_BINARY_SEARCH_SAMPLE_TICKS	0
LIST_EXALL_40_ENTRIES_REPEAT10_TOTAL_VOLUME_FLUSH_DETAIL_NODE_STRUCTURE_CALLS	0
LIST_EXALL_40_ENTRIES_REPEAT10_TOTAL_VOLUME_FLUSH_DETAIL_NODE_STRUCTURE_SAMPLES	0
LIST_EXALL_40_ENTRIES_REPEAT10_TOTAL_VOLUME_FLUSH_DETAIL_NODE_STRUCTURE_SAMPLE_TICKS	0
LIST_EXALL_40_ENTRIES_REPEAT10_TOTAL_VOLUME_FLUSH_DETAIL_CACHE_PEEK_CALLS	0
LIST_EXALL_40_ENTRIES_REPEAT10_TOTAL_VOLUME_FLUSH_DETAIL_CACHE_PEEK_SAMPLES	0
LIST_EXALL_40_ENTRIES_REPEAT10_TOTAL_VOLUME_FLUSH_DETAIL_CACHE_PEEK_SAMPLE_TICKS	0
LIST_EXALL_40_ENTRIES_REPEAT10_TOTAL_VOLUME_FLUSH_DETAIL_BUFFER_ALLOC_CALLS	0
LIST_EXALL_40_ENTRIES_REPEAT10_TOTAL_VOLUME_FLUSH_DETAIL_BUFFER_ALLOC_SAMPLES	0
LIST_EXALL_40_ENTRIES_REPEAT10_TOTAL_VOLUME_FLUSH_DETAIL_BUFFER_ALLOC_SAMPLE_TICKS	0
LIST_EXALL_40_ENTRIES_REPEAT10_TOTAL_VOLUME_FLUSH_DETAIL_BUFFER_FREE_CALLS	0
LIST_EXALL_40_ENTRIES_REPEAT10_TOTAL_VOLUME_FLUSH_DETAIL_BUFFER_FREE_SAMPLES	0
LIST_EXALL_40_ENTRIES_REPEAT10_TOTAL_VOLUME_FLUSH_DETAIL_BUFFER_FREE_SAMPLE_TICKS	0
LIST_EXALL_40_ENTRIES_REPEAT10_TOTAL_VOLUME_FLUSH_DETAIL_EXALL_FILL_CALLS	0
LIST_EXALL_40_ENTRIES_REPEAT10_TOTAL_VOLUME_FLUSH_DETAIL_EXALL_FILL_SAMPLES	0
LIST_EXALL_40_ENTRIES_REPEAT10_TOTAL_VOLUME_FLUSH_DETAIL_EXALL_FILL_SAMPLE_TICKS	0
LIST_EXALL_40_ENTRIES_REPEAT10_TOTAL_VOLUME_FLUSH_FREESPACE_ALLOCS	0
LIST_EXNEXT_400_ENTRIES_FIRST_PASS_US	80320
LIST_EXNEXT_400_ENTRIES_FIRST_PASS_WORK_US	80320
LIST_EXNEXT_400_ENTRIES_FIRST_PASS_VOLUME_FLUSH_US	0
LIST_EXNEXT_400_ENTRIES_FIRST_PASS_HAS_VOLUME_FLUSH	0
LIST_EXNEXT_400_ENTRIES_FIRST_PASS_GUEST_OPEN_CALLS	0
LIST_EXNEXT_400_ENTRIES_FIRST_PASS_GUEST_OPEN_US	0
LIST_EXNEXT_400_ENTRIES_FIRST_PASS_GUEST_READ_CALLS	0
LIST_EXNEXT_400_ENTRIES_FIRST_PASS_GUEST_READ_US	0
LIST_EXNEXT_400_ENTRIES_FIRST_PASS_GUEST_WRITE_CALLS	0
LIST_EXNEXT_400_ENTRIES_FIRST_PASS_GUEST_WRITE_US	0
LIST_EXNEXT_400_ENTRIES_FIRST_PASS_GUEST_HANDLE_FLUSH_CALLS	0
LIST_EXNEXT_400_ENTRIES_FIRST_PASS_GUEST_HANDLE_FLUSH_US	0
LIST_EXNEXT_400_ENTRIES_FIRST_PASS_GUEST_CLOSE_CALLS	0
LIST_EXNEXT_400_ENTRIES_FIRST_PASS_GUEST_CLOSE_US	0
LIST_EXNEXT_400_ENTRIES_FIRST_PASS_GUEST_VERIFY_CALLS	0
LIST_EXNEXT_400_ENTRIES_FIRST_PASS_GUEST_VERIFY_US	0
LIST_EXNEXT_400_ENTRIES_FIRST_PASS_WORK_BIO_READS	21
LIST_EXNEXT_400_ENTRIES_FIRST_PASS_WORK_BIO_WRITES	0
LIST_EXNEXT_400_ENTRIES_FIRST_PASS_WORK_BIO_UPDATES	0
LIST_EXNEXT_400_ENTRIES_FIRST_PASS_WORK_DATA_READS	0
LIST_EXNEXT_400_ENTRIES_FIRST_PASS_WORK_DATA_WRITES	0
LIST_EXNEXT_400_ENTRIES_FIRST_PASS_WORK_NODE_WRITES	0
LIST_EXNEXT_400_ENTRIES_FIRST_PASS_WORK_TXN_COMMITS	0
LIST_EXNEXT_400_ENTRIES_FIRST_PASS_WORK_EXTENT_MAPS	0
LIST_EXNEXT_400_ENTRIES_FIRST_PASS_WORK_READ_TICKS	1828
LIST_EXNEXT_400_ENTRIES_FIRST_PASS_WORK_WRITE_TICKS	0
LIST_EXNEXT_400_ENTRIES_FIRST_PASS_WORK_UPDATE_TICKS	0
LIST_EXNEXT_400_ENTRIES_FIRST_PASS_WORK_DATA_READ_TICKS	0
LIST_EXNEXT_400_ENTRIES_FIRST_PASS_WORK_DATA_WRITE_TICKS	0
LIST_EXNEXT_400_ENTRIES_FIRST_PASS_WORK_NODE_CRC_READ_CALLS	21
LIST_EXNEXT_400_ENTRIES_FIRST_PASS_WORK_NODE_CRC_READ_SAMPLES	21
LIST_EXNEXT_400_ENTRIES_FIRST_PASS_WORK_NODE_CRC_READ_SAMPLE_TICKS	4036
LIST_EXNEXT_400_ENTRIES_FIRST_PASS_WORK_NODE_CRC_WRITE_CALLS	0
LIST_EXNEXT_400_ENTRIES_FIRST_PASS_WORK_NODE_CRC_WRITE_SAMPLES	0
LIST_EXNEXT_400_ENTRIES_FIRST_PASS_WORK_NODE_CRC_WRITE_SAMPLE_TICKS	0
LIST_EXNEXT_400_ENTRIES_FIRST_PASS_WORK_CLOCK_PAIR_TICKS	1
LIST_EXNEXT_400_ENTRIES_FIRST_PASS_WORK_PACKET_CALLS	404
LIST_EXNEXT_400_ENTRIES_FIRST_PASS_WORK_PACKET_SAMPLES	404
LIST_EXNEXT_400_ENTRIES_FIRST_PASS_WORK_PACKET_SAMPLE_TICKS	44674
LIST_EXNEXT_400_ENTRIES_FIRST_PASS_WORK_PACKET_OPEN_CALLS	0
LIST_EXNEXT_400_ENTRIES_FIRST_PASS_WORK_PACKET_OPEN_SAMPLES	0
LIST_EXNEXT_400_ENTRIES_FIRST_PASS_WORK_PACKET_OPEN_SAMPLE_TICKS	0
LIST_EXNEXT_400_ENTRIES_FIRST_PASS_WORK_PACKET_READ_CALLS	0
LIST_EXNEXT_400_ENTRIES_FIRST_PASS_WORK_PACKET_READ_SAMPLES	0
LIST_EXNEXT_400_ENTRIES_FIRST_PASS_WORK_PACKET_READ_SAMPLE_TICKS	0
LIST_EXNEXT_400_ENTRIES_FIRST_PASS_WORK_PACKET_WRITE_CALLS	0
LIST_EXNEXT_400_ENTRIES_FIRST_PASS_WORK_PACKET_WRITE_SAMPLES	0
LIST_EXNEXT_400_ENTRIES_FIRST_PASS_WORK_PACKET_WRITE_SAMPLE_TICKS	0
LIST_EXNEXT_400_ENTRIES_FIRST_PASS_WORK_PACKET_END_CALLS	0
LIST_EXNEXT_400_ENTRIES_FIRST_PASS_WORK_PACKET_END_SAMPLES	0
LIST_EXNEXT_400_ENTRIES_FIRST_PASS_WORK_PACKET_END_SAMPLE_TICKS	0
LIST_EXNEXT_400_ENTRIES_FIRST_PASS_WORK_PACKET_DELETE_CALLS	0
LIST_EXNEXT_400_ENTRIES_FIRST_PASS_WORK_PACKET_DELETE_SAMPLES	0
LIST_EXNEXT_400_ENTRIES_FIRST_PASS_WORK_PACKET_DELETE_SAMPLE_TICKS	0
LIST_EXNEXT_400_ENTRIES_FIRST_PASS_WORK_PACKET_FLUSH_CALLS	0
LIST_EXNEXT_400_ENTRIES_FIRST_PASS_WORK_PACKET_FLUSH_SAMPLES	0
LIST_EXNEXT_400_ENTRIES_FIRST_PASS_WORK_PACKET_FLUSH_SAMPLE_TICKS	0
LIST_EXNEXT_400_ENTRIES_FIRST_PASS_WORK_PACKET_OTHER_CALLS	404
LIST_EXNEXT_400_ENTRIES_FIRST_PASS_WORK_PACKET_OTHER_SAMPLES	404
LIST_EXNEXT_400_ENTRIES_FIRST_PASS_WORK_PACKET_OTHER_SAMPLE_TICKS	44674
LIST_EXNEXT_400_ENTRIES_FIRST_PASS_WORK_CORE_CREATE_CALLS	0
LIST_EXNEXT_400_ENTRIES_FIRST_PASS_WORK_CORE_CREATE_SAMPLES	0
LIST_EXNEXT_400_ENTRIES_FIRST_PASS_WORK_CORE_CREATE_SAMPLE_TICKS	0
LIST_EXNEXT_400_ENTRIES_FIRST_PASS_WORK_CORE_DELETE_CALLS	0
LIST_EXNEXT_400_ENTRIES_FIRST_PASS_WORK_CORE_DELETE_SAMPLES	0
LIST_EXNEXT_400_ENTRIES_FIRST_PASS_WORK_CORE_DELETE_SAMPLE_TICKS	0
LIST_EXNEXT_400_ENTRIES_FIRST_PASS_WORK_CORE_FILE_WRITE_CALLS	0
LIST_EXNEXT_400_ENTRIES_FIRST_PASS_WORK_CORE_FILE_WRITE_SAMPLES	0
LIST_EXNEXT_400_ENTRIES_FIRST_PASS_WORK_CORE_FILE_WRITE_SAMPLE_TICKS	0
LIST_EXNEXT_400_ENTRIES_FIRST_PASS_WORK_CORE_SYNC_CALLS	0
LIST_EXNEXT_400_ENTRIES_FIRST_PASS_WORK_CORE_SYNC_SAMPLES	0
LIST_EXNEXT_400_ENTRIES_FIRST_PASS_WORK_CORE_SYNC_SAMPLE_TICKS	0
LIST_EXNEXT_400_ENTRIES_FIRST_PASS_WORK_IFACE_FREE_CALLS	0
LIST_EXNEXT_400_ENTRIES_FIRST_PASS_WORK_IFACE_FREE_SAMPLES	0
LIST_EXNEXT_400_ENTRIES_FIRST_PASS_WORK_IFACE_FREE_SAMPLE_TICKS	0
LIST_EXNEXT_400_ENTRIES_FIRST_PASS_WORK_SEAL_COMMIT_CALLS	0
LIST_EXNEXT_400_ENTRIES_FIRST_PASS_WORK_SEAL_COMMIT_SAMPLES	0
LIST_EXNEXT_400_ENTRIES_FIRST_PASS_WORK_SEAL_COMMIT_SAMPLE_TICKS	0
LIST_EXNEXT_400_ENTRIES_FIRST_PASS_WORK_INODE_READ_CALLS	401
LIST_EXNEXT_400_ENTRIES_FIRST_PASS_WORK_BTREE_SEARCH_CALLS	402
LIST_EXNEXT_400_ENTRIES_FIRST_PASS_WORK_BTREE_INDEX_HINT_HITS	0
LIST_EXNEXT_400_ENTRIES_FIRST_PASS_WORK_BTREE_LEAF_HINT_HITS	390
LIST_EXNEXT_400_ENTRIES_FIRST_PASS_WORK_CACHE_READ_CALLS	21
LIST_EXNEXT_400_ENTRIES_FIRST_PASS_WORK_CACHE_READ_HITS	0
LIST_EXNEXT_400_ENTRIES_FIRST_PASS_WORK_CACHE_READ_MISSES	21
LIST_EXNEXT_400_ENTRIES_FIRST_PASS_WORK_FREE_TREE_NODE_VIEWS	0
LIST_EXNEXT_400_ENTRIES_FIRST_PASS_WORK_FREE_TREE_RESIDENT_VIEWS	0
LIST_EXNEXT_400_ENTRIES_FIRST_PASS_WORK_DIR_TREE_NODE_VIEWS	40
LIST_EXNEXT_400_ENTRIES_FIRST_PASS_WORK_DIR_TREE_RESIDENT_VIEWS	31
LIST_EXNEXT_400_ENTRIES_FIRST_PASS_WORK_INODE_TREE_NODE_VIEWS	24
LIST_EXNEXT_400_ENTRIES_FIRST_PASS_WORK_INODE_TREE_RESIDENT_VIEWS	12
LIST_EXNEXT_400_ENTRIES_FIRST_PASS_WORK_REFCOUNT_TREE_NODE_VIEWS	0
LIST_EXNEXT_400_ENTRIES_FIRST_PASS_WORK_REFCOUNT_TREE_RESIDENT_VIEWS	0
LIST_EXNEXT_400_ENTRIES_FIRST_PASS_WORK_OTHER_TREE_NODE_VIEWS	0
LIST_EXNEXT_400_ENTRIES_FIRST_PASS_WORK_OTHER_TREE_RESIDENT_VIEWS	0
LIST_EXNEXT_400_ENTRIES_FIRST_PASS_WORK_WRITE_DETAIL_INODE_READ_CALLS	401
LIST_EXNEXT_400_ENTRIES_FIRST_PASS_WORK_WRITE_DETAIL_INODE_READ_SAMPLES	401
LIST_EXNEXT_400_ENTRIES_FIRST_PASS_WORK_WRITE_DETAIL_INODE_READ_SAMPLE_TICKS	15923
LIST_EXNEXT_400_ENTRIES_FIRST_PASS_WORK_WRITE_DETAIL_INODE_WRITE_CALLS	0
LIST_EXNEXT_400_ENTRIES_FIRST_PASS_WORK_WRITE_DETAIL_INODE_WRITE_SAMPLES	0
LIST_EXNEXT_400_ENTRIES_FIRST_PASS_WORK_WRITE_DETAIL_INODE_WRITE_SAMPLE_TICKS	0
LIST_EXNEXT_400_ENTRIES_FIRST_PASS_WORK_WRITE_DETAIL_EXTENT_MAP_CALLS	0
LIST_EXNEXT_400_ENTRIES_FIRST_PASS_WORK_WRITE_DETAIL_EXTENT_MAP_SAMPLES	0
LIST_EXNEXT_400_ENTRIES_FIRST_PASS_WORK_WRITE_DETAIL_EXTENT_MAP_SAMPLE_TICKS	0
LIST_EXNEXT_400_ENTRIES_FIRST_PASS_WORK_WRITE_DETAIL_FREESPACE_GOAL_CALLS	0
LIST_EXNEXT_400_ENTRIES_FIRST_PASS_WORK_WRITE_DETAIL_FREESPACE_GOAL_SAMPLES	0
LIST_EXNEXT_400_ENTRIES_FIRST_PASS_WORK_WRITE_DETAIL_FREESPACE_GOAL_SAMPLE_TICKS	0
LIST_EXNEXT_400_ENTRIES_FIRST_PASS_WORK_BTREE_MALLOC_CALLS	10
LIST_EXNEXT_400_ENTRIES_FIRST_PASS_WORK_BTREE_MALLOC_SAMPLES	10
LIST_EXNEXT_400_ENTRIES_FIRST_PASS_WORK_BTREE_MALLOC_SAMPLE_TICKS	147
LIST_EXNEXT_400_ENTRIES_FIRST_PASS_WORK_BTREE_FREE_CALLS	403
LIST_EXNEXT_400_ENTRIES_FIRST_PASS_WORK_BTREE_FREE_SAMPLES	403
LIST_EXNEXT_400_ENTRIES_FIRST_PASS_WORK_BTREE_FREE_SAMPLE_TICKS	632
LIST_EXNEXT_400_ENTRIES_FIRST_PASS_WORK_IFACE_ALLOC_CALLS	0
LIST_EXNEXT_400_ENTRIES_FIRST_PASS_WORK_IFACE_ALLOC_SAMPLES	0
LIST_EXNEXT_400_ENTRIES_FIRST_PASS_WORK_IFACE_ALLOC_SAMPLE_TICKS	0
LIST_EXNEXT_400_ENTRIES_FIRST_PASS_WORK_FREESPACE_ALLOC_CALLS	0
LIST_EXNEXT_400_ENTRIES_FIRST_PASS_WORK_FREESPACE_ALLOC_SAMPLES	0
LIST_EXNEXT_400_ENTRIES_FIRST_PASS_WORK_FREESPACE_ALLOC_SAMPLE_TICKS	0
LIST_EXNEXT_400_ENTRIES_FIRST_PASS_WORK_DETAIL_INODE_READ_CALLS	401
LIST_EXNEXT_400_ENTRIES_FIRST_PASS_WORK_DETAIL_INODE_READ_SAMPLES	23
LIST_EXNEXT_400_ENTRIES_FIRST_PASS_WORK_DETAIL_INODE_READ_SAMPLE_TICKS	1004
LIST_EXNEXT_400_ENTRIES_FIRST_PASS_WORK_DETAIL_INODE_VALIDATE_CALLS	401
LIST_EXNEXT_400_ENTRIES_FIRST_PASS_WORK_DETAIL_INODE_VALIDATE_SAMPLES	23
LIST_EXNEXT_400_ENTRIES_FIRST_PASS_WORK_DETAIL_INODE_VALIDATE_SAMPLE_TICKS	136
LIST_EXNEXT_400_ENTRIES_FIRST_PASS_WORK_DETAIL_INODE_SEARCH_CALLS	401
LIST_EXNEXT_400_ENTRIES_FIRST_PASS_WORK_DETAIL_INODE_SEARCH_SAMPLES	23
LIST_EXNEXT_400_ENTRIES_FIRST_PASS_WORK_DETAIL_INODE_SEARCH_SAMPLE_TICKS	671
LIST_EXNEXT_400_ENTRIES_FIRST_PASS_WORK_DETAIL_INODE_NODE_VIEW_CALLS	24
LIST_EXNEXT_400_ENTRIES_FIRST_PASS_WORK_DETAIL_INODE_NODE_VIEW_SAMPLES	1
LIST_EXNEXT_400_ENTRIES_FIRST_PASS_WORK_DETAIL_INODE_NODE_VIEW_SAMPLE_TICKS	0
LIST_EXNEXT_400_ENTRIES_FIRST_PASS_WORK_DETAIL_DIR_NODE_VIEW_CALLS	40
LIST_EXNEXT_400_ENTRIES_FIRST_PASS_WORK_DETAIL_DIR_NODE_VIEW_SAMPLES	2
LIST_EXNEXT_400_ENTRIES_FIRST_PASS_WORK_DETAIL_DIR_NODE_VIEW_SAMPLE_TICKS	46
LIST_EXNEXT_400_ENTRIES_FIRST_PASS_WORK_DETAIL_INODE_BINARY_SEARCH_CALLS	24
LIST_EXNEXT_400_ENTRIES_FIRST_PASS_WORK_DETAIL_INODE_BINARY_SEARCH_SAMPLES	1
LIST_EXNEXT_400_ENTRIES_FIRST_PASS_WORK_DETAIL_INODE_BINARY_SEARCH_SAMPLE_TICKS	0
LIST_EXNEXT_400_ENTRIES_FIRST_PASS_WORK_DETAIL_DIR_BINARY_SEARCH_CALLS	23
LIST_EXNEXT_400_ENTRIES_FIRST_PASS_WORK_DETAIL_DIR_BINARY_SEARCH_SAMPLES	1
LIST_EXNEXT_400_ENTRIES_FIRST_PASS_WORK_DETAIL_DIR_BINARY_SEARCH_SAMPLE_TICKS	0
LIST_EXNEXT_400_ENTRIES_FIRST_PASS_WORK_DETAIL_NODE_STRUCTURE_CALLS	21
LIST_EXNEXT_400_ENTRIES_FIRST_PASS_WORK_DETAIL_NODE_STRUCTURE_SAMPLES	1
LIST_EXNEXT_400_ENTRIES_FIRST_PASS_WORK_DETAIL_NODE_STRUCTURE_SAMPLE_TICKS	363
LIST_EXNEXT_400_ENTRIES_FIRST_PASS_WORK_DETAIL_CACHE_PEEK_CALLS	466
LIST_EXNEXT_400_ENTRIES_FIRST_PASS_WORK_DETAIL_CACHE_PEEK_SAMPLES	27
LIST_EXNEXT_400_ENTRIES_FIRST_PASS_WORK_DETAIL_CACHE_PEEK_SAMPLE_TICKS	218
LIST_EXNEXT_400_ENTRIES_FIRST_PASS_WORK_DETAIL_BUFFER_ALLOC_CALLS	414
LIST_EXNEXT_400_ENTRIES_FIRST_PASS_WORK_DETAIL_BUFFER_ALLOC_SAMPLES	24
LIST_EXNEXT_400_ENTRIES_FIRST_PASS_WORK_DETAIL_BUFFER_ALLOC_SAMPLE_TICKS	143
LIST_EXNEXT_400_ENTRIES_FIRST_PASS_WORK_DETAIL_BUFFER_FREE_CALLS	414
LIST_EXNEXT_400_ENTRIES_FIRST_PASS_WORK_DETAIL_BUFFER_FREE_SAMPLES	24
LIST_EXNEXT_400_ENTRIES_FIRST_PASS_WORK_DETAIL_BUFFER_FREE_SAMPLE_TICKS	93
LIST_EXNEXT_400_ENTRIES_FIRST_PASS_WORK_DETAIL_EXALL_FILL_CALLS	0
LIST_EXNEXT_400_ENTRIES_FIRST_PASS_WORK_DETAIL_EXALL_FILL_SAMPLES	0
LIST_EXNEXT_400_ENTRIES_FIRST_PASS_WORK_DETAIL_EXALL_FILL_SAMPLE_TICKS	0
LIST_EXNEXT_400_ENTRIES_FIRST_PASS_WORK_FREESPACE_ALLOCS	0
LIST_EXNEXT_400_ENTRIES_FIRST_PASS_VOLUME_FLUSH_BIO_READS	0
LIST_EXNEXT_400_ENTRIES_FIRST_PASS_VOLUME_FLUSH_BIO_WRITES	0
LIST_EXNEXT_400_ENTRIES_FIRST_PASS_VOLUME_FLUSH_BIO_UPDATES	0
LIST_EXNEXT_400_ENTRIES_FIRST_PASS_VOLUME_FLUSH_DATA_READS	0
LIST_EXNEXT_400_ENTRIES_FIRST_PASS_VOLUME_FLUSH_DATA_WRITES	0
LIST_EXNEXT_400_ENTRIES_FIRST_PASS_VOLUME_FLUSH_NODE_WRITES	0
LIST_EXNEXT_400_ENTRIES_FIRST_PASS_VOLUME_FLUSH_TXN_COMMITS	0
LIST_EXNEXT_400_ENTRIES_FIRST_PASS_VOLUME_FLUSH_EXTENT_MAPS	0
LIST_EXNEXT_400_ENTRIES_FIRST_PASS_VOLUME_FLUSH_READ_TICKS	0
LIST_EXNEXT_400_ENTRIES_FIRST_PASS_VOLUME_FLUSH_WRITE_TICKS	0
LIST_EXNEXT_400_ENTRIES_FIRST_PASS_VOLUME_FLUSH_UPDATE_TICKS	0
LIST_EXNEXT_400_ENTRIES_FIRST_PASS_VOLUME_FLUSH_DATA_READ_TICKS	0
LIST_EXNEXT_400_ENTRIES_FIRST_PASS_VOLUME_FLUSH_DATA_WRITE_TICKS	0
LIST_EXNEXT_400_ENTRIES_FIRST_PASS_VOLUME_FLUSH_NODE_CRC_READ_CALLS	0
LIST_EXNEXT_400_ENTRIES_FIRST_PASS_VOLUME_FLUSH_NODE_CRC_READ_SAMPLES	0
LIST_EXNEXT_400_ENTRIES_FIRST_PASS_VOLUME_FLUSH_NODE_CRC_READ_SAMPLE_TICKS	0
LIST_EXNEXT_400_ENTRIES_FIRST_PASS_VOLUME_FLUSH_NODE_CRC_WRITE_CALLS	0
LIST_EXNEXT_400_ENTRIES_FIRST_PASS_VOLUME_FLUSH_NODE_CRC_WRITE_SAMPLES	0
LIST_EXNEXT_400_ENTRIES_FIRST_PASS_VOLUME_FLUSH_NODE_CRC_WRITE_SAMPLE_TICKS	0
LIST_EXNEXT_400_ENTRIES_FIRST_PASS_VOLUME_FLUSH_CLOCK_PAIR_TICKS	0
LIST_EXNEXT_400_ENTRIES_FIRST_PASS_VOLUME_FLUSH_PACKET_CALLS	0
LIST_EXNEXT_400_ENTRIES_FIRST_PASS_VOLUME_FLUSH_PACKET_SAMPLES	0
LIST_EXNEXT_400_ENTRIES_FIRST_PASS_VOLUME_FLUSH_PACKET_SAMPLE_TICKS	0
LIST_EXNEXT_400_ENTRIES_FIRST_PASS_VOLUME_FLUSH_PACKET_OPEN_CALLS	0
LIST_EXNEXT_400_ENTRIES_FIRST_PASS_VOLUME_FLUSH_PACKET_OPEN_SAMPLES	0
LIST_EXNEXT_400_ENTRIES_FIRST_PASS_VOLUME_FLUSH_PACKET_OPEN_SAMPLE_TICKS	0
LIST_EXNEXT_400_ENTRIES_FIRST_PASS_VOLUME_FLUSH_PACKET_READ_CALLS	0
LIST_EXNEXT_400_ENTRIES_FIRST_PASS_VOLUME_FLUSH_PACKET_READ_SAMPLES	0
LIST_EXNEXT_400_ENTRIES_FIRST_PASS_VOLUME_FLUSH_PACKET_READ_SAMPLE_TICKS	0
LIST_EXNEXT_400_ENTRIES_FIRST_PASS_VOLUME_FLUSH_PACKET_WRITE_CALLS	0
LIST_EXNEXT_400_ENTRIES_FIRST_PASS_VOLUME_FLUSH_PACKET_WRITE_SAMPLES	0
LIST_EXNEXT_400_ENTRIES_FIRST_PASS_VOLUME_FLUSH_PACKET_WRITE_SAMPLE_TICKS	0
LIST_EXNEXT_400_ENTRIES_FIRST_PASS_VOLUME_FLUSH_PACKET_END_CALLS	0
LIST_EXNEXT_400_ENTRIES_FIRST_PASS_VOLUME_FLUSH_PACKET_END_SAMPLES	0
LIST_EXNEXT_400_ENTRIES_FIRST_PASS_VOLUME_FLUSH_PACKET_END_SAMPLE_TICKS	0
LIST_EXNEXT_400_ENTRIES_FIRST_PASS_VOLUME_FLUSH_PACKET_DELETE_CALLS	0
LIST_EXNEXT_400_ENTRIES_FIRST_PASS_VOLUME_FLUSH_PACKET_DELETE_SAMPLES	0
LIST_EXNEXT_400_ENTRIES_FIRST_PASS_VOLUME_FLUSH_PACKET_DELETE_SAMPLE_TICKS	0
LIST_EXNEXT_400_ENTRIES_FIRST_PASS_VOLUME_FLUSH_PACKET_FLUSH_CALLS	0
LIST_EXNEXT_400_ENTRIES_FIRST_PASS_VOLUME_FLUSH_PACKET_FLUSH_SAMPLES	0
LIST_EXNEXT_400_ENTRIES_FIRST_PASS_VOLUME_FLUSH_PACKET_FLUSH_SAMPLE_TICKS	0
LIST_EXNEXT_400_ENTRIES_FIRST_PASS_VOLUME_FLUSH_PACKET_OTHER_CALLS	0
LIST_EXNEXT_400_ENTRIES_FIRST_PASS_VOLUME_FLUSH_PACKET_OTHER_SAMPLES	0
LIST_EXNEXT_400_ENTRIES_FIRST_PASS_VOLUME_FLUSH_PACKET_OTHER_SAMPLE_TICKS	0
LIST_EXNEXT_400_ENTRIES_FIRST_PASS_VOLUME_FLUSH_CORE_CREATE_CALLS	0
LIST_EXNEXT_400_ENTRIES_FIRST_PASS_VOLUME_FLUSH_CORE_CREATE_SAMPLES	0
LIST_EXNEXT_400_ENTRIES_FIRST_PASS_VOLUME_FLUSH_CORE_CREATE_SAMPLE_TICKS	0
LIST_EXNEXT_400_ENTRIES_FIRST_PASS_VOLUME_FLUSH_CORE_DELETE_CALLS	0
LIST_EXNEXT_400_ENTRIES_FIRST_PASS_VOLUME_FLUSH_CORE_DELETE_SAMPLES	0
LIST_EXNEXT_400_ENTRIES_FIRST_PASS_VOLUME_FLUSH_CORE_DELETE_SAMPLE_TICKS	0
LIST_EXNEXT_400_ENTRIES_FIRST_PASS_VOLUME_FLUSH_CORE_FILE_WRITE_CALLS	0
LIST_EXNEXT_400_ENTRIES_FIRST_PASS_VOLUME_FLUSH_CORE_FILE_WRITE_SAMPLES	0
LIST_EXNEXT_400_ENTRIES_FIRST_PASS_VOLUME_FLUSH_CORE_FILE_WRITE_SAMPLE_TICKS	0
LIST_EXNEXT_400_ENTRIES_FIRST_PASS_VOLUME_FLUSH_CORE_SYNC_CALLS	0
LIST_EXNEXT_400_ENTRIES_FIRST_PASS_VOLUME_FLUSH_CORE_SYNC_SAMPLES	0
LIST_EXNEXT_400_ENTRIES_FIRST_PASS_VOLUME_FLUSH_CORE_SYNC_SAMPLE_TICKS	0
LIST_EXNEXT_400_ENTRIES_FIRST_PASS_VOLUME_FLUSH_IFACE_FREE_CALLS	0
LIST_EXNEXT_400_ENTRIES_FIRST_PASS_VOLUME_FLUSH_IFACE_FREE_SAMPLES	0
LIST_EXNEXT_400_ENTRIES_FIRST_PASS_VOLUME_FLUSH_IFACE_FREE_SAMPLE_TICKS	0
LIST_EXNEXT_400_ENTRIES_FIRST_PASS_VOLUME_FLUSH_SEAL_COMMIT_CALLS	0
LIST_EXNEXT_400_ENTRIES_FIRST_PASS_VOLUME_FLUSH_SEAL_COMMIT_SAMPLES	0
LIST_EXNEXT_400_ENTRIES_FIRST_PASS_VOLUME_FLUSH_SEAL_COMMIT_SAMPLE_TICKS	0
LIST_EXNEXT_400_ENTRIES_FIRST_PASS_VOLUME_FLUSH_INODE_READ_CALLS	0
LIST_EXNEXT_400_ENTRIES_FIRST_PASS_VOLUME_FLUSH_BTREE_SEARCH_CALLS	0
LIST_EXNEXT_400_ENTRIES_FIRST_PASS_VOLUME_FLUSH_BTREE_INDEX_HINT_HITS	0
LIST_EXNEXT_400_ENTRIES_FIRST_PASS_VOLUME_FLUSH_BTREE_LEAF_HINT_HITS	0
LIST_EXNEXT_400_ENTRIES_FIRST_PASS_VOLUME_FLUSH_CACHE_READ_CALLS	0
LIST_EXNEXT_400_ENTRIES_FIRST_PASS_VOLUME_FLUSH_CACHE_READ_HITS	0
LIST_EXNEXT_400_ENTRIES_FIRST_PASS_VOLUME_FLUSH_CACHE_READ_MISSES	0
LIST_EXNEXT_400_ENTRIES_FIRST_PASS_VOLUME_FLUSH_FREE_TREE_NODE_VIEWS	0
LIST_EXNEXT_400_ENTRIES_FIRST_PASS_VOLUME_FLUSH_FREE_TREE_RESIDENT_VIEWS	0
LIST_EXNEXT_400_ENTRIES_FIRST_PASS_VOLUME_FLUSH_DIR_TREE_NODE_VIEWS	0
LIST_EXNEXT_400_ENTRIES_FIRST_PASS_VOLUME_FLUSH_DIR_TREE_RESIDENT_VIEWS	0
LIST_EXNEXT_400_ENTRIES_FIRST_PASS_VOLUME_FLUSH_INODE_TREE_NODE_VIEWS	0
LIST_EXNEXT_400_ENTRIES_FIRST_PASS_VOLUME_FLUSH_INODE_TREE_RESIDENT_VIEWS	0
LIST_EXNEXT_400_ENTRIES_FIRST_PASS_VOLUME_FLUSH_REFCOUNT_TREE_NODE_VIEWS	0
LIST_EXNEXT_400_ENTRIES_FIRST_PASS_VOLUME_FLUSH_REFCOUNT_TREE_RESIDENT_VIEWS	0
LIST_EXNEXT_400_ENTRIES_FIRST_PASS_VOLUME_FLUSH_OTHER_TREE_NODE_VIEWS	0
LIST_EXNEXT_400_ENTRIES_FIRST_PASS_VOLUME_FLUSH_OTHER_TREE_RESIDENT_VIEWS	0
LIST_EXNEXT_400_ENTRIES_FIRST_PASS_VOLUME_FLUSH_WRITE_DETAIL_INODE_READ_CALLS	0
LIST_EXNEXT_400_ENTRIES_FIRST_PASS_VOLUME_FLUSH_WRITE_DETAIL_INODE_READ_SAMPLES	0
LIST_EXNEXT_400_ENTRIES_FIRST_PASS_VOLUME_FLUSH_WRITE_DETAIL_INODE_READ_SAMPLE_TICKS	0
LIST_EXNEXT_400_ENTRIES_FIRST_PASS_VOLUME_FLUSH_WRITE_DETAIL_INODE_WRITE_CALLS	0
LIST_EXNEXT_400_ENTRIES_FIRST_PASS_VOLUME_FLUSH_WRITE_DETAIL_INODE_WRITE_SAMPLES	0
LIST_EXNEXT_400_ENTRIES_FIRST_PASS_VOLUME_FLUSH_WRITE_DETAIL_INODE_WRITE_SAMPLE_TICKS	0
LIST_EXNEXT_400_ENTRIES_FIRST_PASS_VOLUME_FLUSH_WRITE_DETAIL_EXTENT_MAP_CALLS	0
LIST_EXNEXT_400_ENTRIES_FIRST_PASS_VOLUME_FLUSH_WRITE_DETAIL_EXTENT_MAP_SAMPLES	0
LIST_EXNEXT_400_ENTRIES_FIRST_PASS_VOLUME_FLUSH_WRITE_DETAIL_EXTENT_MAP_SAMPLE_TICKS	0
LIST_EXNEXT_400_ENTRIES_FIRST_PASS_VOLUME_FLUSH_WRITE_DETAIL_FREESPACE_GOAL_CALLS	0
LIST_EXNEXT_400_ENTRIES_FIRST_PASS_VOLUME_FLUSH_WRITE_DETAIL_FREESPACE_GOAL_SAMPLES	0
LIST_EXNEXT_400_ENTRIES_FIRST_PASS_VOLUME_FLUSH_WRITE_DETAIL_FREESPACE_GOAL_SAMPLE_TICKS	0
LIST_EXNEXT_400_ENTRIES_FIRST_PASS_VOLUME_FLUSH_BTREE_MALLOC_CALLS	0
LIST_EXNEXT_400_ENTRIES_FIRST_PASS_VOLUME_FLUSH_BTREE_MALLOC_SAMPLES	0
LIST_EXNEXT_400_ENTRIES_FIRST_PASS_VOLUME_FLUSH_BTREE_MALLOC_SAMPLE_TICKS	0
LIST_EXNEXT_400_ENTRIES_FIRST_PASS_VOLUME_FLUSH_BTREE_FREE_CALLS	0
LIST_EXNEXT_400_ENTRIES_FIRST_PASS_VOLUME_FLUSH_BTREE_FREE_SAMPLES	0
LIST_EXNEXT_400_ENTRIES_FIRST_PASS_VOLUME_FLUSH_BTREE_FREE_SAMPLE_TICKS	0
LIST_EXNEXT_400_ENTRIES_FIRST_PASS_VOLUME_FLUSH_IFACE_ALLOC_CALLS	0
LIST_EXNEXT_400_ENTRIES_FIRST_PASS_VOLUME_FLUSH_IFACE_ALLOC_SAMPLES	0
LIST_EXNEXT_400_ENTRIES_FIRST_PASS_VOLUME_FLUSH_IFACE_ALLOC_SAMPLE_TICKS	0
LIST_EXNEXT_400_ENTRIES_FIRST_PASS_VOLUME_FLUSH_FREESPACE_ALLOC_CALLS	0
LIST_EXNEXT_400_ENTRIES_FIRST_PASS_VOLUME_FLUSH_FREESPACE_ALLOC_SAMPLES	0
LIST_EXNEXT_400_ENTRIES_FIRST_PASS_VOLUME_FLUSH_FREESPACE_ALLOC_SAMPLE_TICKS	0
LIST_EXNEXT_400_ENTRIES_FIRST_PASS_VOLUME_FLUSH_DETAIL_INODE_READ_CALLS	0
LIST_EXNEXT_400_ENTRIES_FIRST_PASS_VOLUME_FLUSH_DETAIL_INODE_READ_SAMPLES	0
LIST_EXNEXT_400_ENTRIES_FIRST_PASS_VOLUME_FLUSH_DETAIL_INODE_READ_SAMPLE_TICKS	0
LIST_EXNEXT_400_ENTRIES_FIRST_PASS_VOLUME_FLUSH_DETAIL_INODE_VALIDATE_CALLS	0
LIST_EXNEXT_400_ENTRIES_FIRST_PASS_VOLUME_FLUSH_DETAIL_INODE_VALIDATE_SAMPLES	0
LIST_EXNEXT_400_ENTRIES_FIRST_PASS_VOLUME_FLUSH_DETAIL_INODE_VALIDATE_SAMPLE_TICKS	0
LIST_EXNEXT_400_ENTRIES_FIRST_PASS_VOLUME_FLUSH_DETAIL_INODE_SEARCH_CALLS	0
LIST_EXNEXT_400_ENTRIES_FIRST_PASS_VOLUME_FLUSH_DETAIL_INODE_SEARCH_SAMPLES	0
LIST_EXNEXT_400_ENTRIES_FIRST_PASS_VOLUME_FLUSH_DETAIL_INODE_SEARCH_SAMPLE_TICKS	0
LIST_EXNEXT_400_ENTRIES_FIRST_PASS_VOLUME_FLUSH_DETAIL_INODE_NODE_VIEW_CALLS	0
LIST_EXNEXT_400_ENTRIES_FIRST_PASS_VOLUME_FLUSH_DETAIL_INODE_NODE_VIEW_SAMPLES	0
LIST_EXNEXT_400_ENTRIES_FIRST_PASS_VOLUME_FLUSH_DETAIL_INODE_NODE_VIEW_SAMPLE_TICKS	0
LIST_EXNEXT_400_ENTRIES_FIRST_PASS_VOLUME_FLUSH_DETAIL_DIR_NODE_VIEW_CALLS	0
LIST_EXNEXT_400_ENTRIES_FIRST_PASS_VOLUME_FLUSH_DETAIL_DIR_NODE_VIEW_SAMPLES	0
LIST_EXNEXT_400_ENTRIES_FIRST_PASS_VOLUME_FLUSH_DETAIL_DIR_NODE_VIEW_SAMPLE_TICKS	0
LIST_EXNEXT_400_ENTRIES_FIRST_PASS_VOLUME_FLUSH_DETAIL_INODE_BINARY_SEARCH_CALLS	0
LIST_EXNEXT_400_ENTRIES_FIRST_PASS_VOLUME_FLUSH_DETAIL_INODE_BINARY_SEARCH_SAMPLES	0
LIST_EXNEXT_400_ENTRIES_FIRST_PASS_VOLUME_FLUSH_DETAIL_INODE_BINARY_SEARCH_SAMPLE_TICKS	0
LIST_EXNEXT_400_ENTRIES_FIRST_PASS_VOLUME_FLUSH_DETAIL_DIR_BINARY_SEARCH_CALLS	0
LIST_EXNEXT_400_ENTRIES_FIRST_PASS_VOLUME_FLUSH_DETAIL_DIR_BINARY_SEARCH_SAMPLES	0
LIST_EXNEXT_400_ENTRIES_FIRST_PASS_VOLUME_FLUSH_DETAIL_DIR_BINARY_SEARCH_SAMPLE_TICKS	0
LIST_EXNEXT_400_ENTRIES_FIRST_PASS_VOLUME_FLUSH_DETAIL_NODE_STRUCTURE_CALLS	0
LIST_EXNEXT_400_ENTRIES_FIRST_PASS_VOLUME_FLUSH_DETAIL_NODE_STRUCTURE_SAMPLES	0
LIST_EXNEXT_400_ENTRIES_FIRST_PASS_VOLUME_FLUSH_DETAIL_NODE_STRUCTURE_SAMPLE_TICKS	0
LIST_EXNEXT_400_ENTRIES_FIRST_PASS_VOLUME_FLUSH_DETAIL_CACHE_PEEK_CALLS	0
LIST_EXNEXT_400_ENTRIES_FIRST_PASS_VOLUME_FLUSH_DETAIL_CACHE_PEEK_SAMPLES	0
LIST_EXNEXT_400_ENTRIES_FIRST_PASS_VOLUME_FLUSH_DETAIL_CACHE_PEEK_SAMPLE_TICKS	0
LIST_EXNEXT_400_ENTRIES_FIRST_PASS_VOLUME_FLUSH_DETAIL_BUFFER_ALLOC_CALLS	0
LIST_EXNEXT_400_ENTRIES_FIRST_PASS_VOLUME_FLUSH_DETAIL_BUFFER_ALLOC_SAMPLES	0
LIST_EXNEXT_400_ENTRIES_FIRST_PASS_VOLUME_FLUSH_DETAIL_BUFFER_ALLOC_SAMPLE_TICKS	0
LIST_EXNEXT_400_ENTRIES_FIRST_PASS_VOLUME_FLUSH_DETAIL_BUFFER_FREE_CALLS	0
LIST_EXNEXT_400_ENTRIES_FIRST_PASS_VOLUME_FLUSH_DETAIL_BUFFER_FREE_SAMPLES	0
LIST_EXNEXT_400_ENTRIES_FIRST_PASS_VOLUME_FLUSH_DETAIL_BUFFER_FREE_SAMPLE_TICKS	0
LIST_EXNEXT_400_ENTRIES_FIRST_PASS_VOLUME_FLUSH_DETAIL_EXALL_FILL_CALLS	0
LIST_EXNEXT_400_ENTRIES_FIRST_PASS_VOLUME_FLUSH_DETAIL_EXALL_FILL_SAMPLES	0
LIST_EXNEXT_400_ENTRIES_FIRST_PASS_VOLUME_FLUSH_DETAIL_EXALL_FILL_SAMPLE_TICKS	0
LIST_EXNEXT_400_ENTRIES_FIRST_PASS_VOLUME_FLUSH_FREESPACE_ALLOCS	0
LIST_EXNEXT_400_ENTRIES_REPEAT10_TOTAL_US	425343
LIST_EXNEXT_400_ENTRIES_REPEAT10_TOTAL_WORK_US	425343
LIST_EXNEXT_400_ENTRIES_REPEAT10_TOTAL_VOLUME_FLUSH_US	0
LIST_EXNEXT_400_ENTRIES_REPEAT10_TOTAL_HAS_VOLUME_FLUSH	0
LIST_EXNEXT_400_ENTRIES_REPEAT10_TOTAL_GUEST_OPEN_CALLS	0
LIST_EXNEXT_400_ENTRIES_REPEAT10_TOTAL_GUEST_OPEN_US	0
LIST_EXNEXT_400_ENTRIES_REPEAT10_TOTAL_GUEST_READ_CALLS	0
LIST_EXNEXT_400_ENTRIES_REPEAT10_TOTAL_GUEST_READ_US	0
LIST_EXNEXT_400_ENTRIES_REPEAT10_TOTAL_GUEST_WRITE_CALLS	0
LIST_EXNEXT_400_ENTRIES_REPEAT10_TOTAL_GUEST_WRITE_US	0
LIST_EXNEXT_400_ENTRIES_REPEAT10_TOTAL_GUEST_HANDLE_FLUSH_CALLS	0
LIST_EXNEXT_400_ENTRIES_REPEAT10_TOTAL_GUEST_HANDLE_FLUSH_US	0
LIST_EXNEXT_400_ENTRIES_REPEAT10_TOTAL_GUEST_CLOSE_CALLS	0
LIST_EXNEXT_400_ENTRIES_REPEAT10_TOTAL_GUEST_CLOSE_US	0
LIST_EXNEXT_400_ENTRIES_REPEAT10_TOTAL_GUEST_VERIFY_CALLS	0
LIST_EXNEXT_400_ENTRIES_REPEAT10_TOTAL_GUEST_VERIFY_US	0
LIST_EXNEXT_400_ENTRIES_REPEAT10_TOTAL_WORK_BIO_READS	0
LIST_EXNEXT_400_ENTRIES_REPEAT10_TOTAL_WORK_BIO_WRITES	0
LIST_EXNEXT_400_ENTRIES_REPEAT10_TOTAL_WORK_BIO_UPDATES	0
LIST_EXNEXT_400_ENTRIES_REPEAT10_TOTAL_WORK_DATA_READS	0
LIST_EXNEXT_400_ENTRIES_REPEAT10_TOTAL_WORK_DATA_WRITES	0
LIST_EXNEXT_400_ENTRIES_REPEAT10_TOTAL_WORK_NODE_WRITES	0
LIST_EXNEXT_400_ENTRIES_REPEAT10_TOTAL_WORK_TXN_COMMITS	0
LIST_EXNEXT_400_ENTRIES_REPEAT10_TOTAL_WORK_EXTENT_MAPS	0
LIST_EXNEXT_400_ENTRIES_REPEAT10_TOTAL_WORK_READ_TICKS	0
LIST_EXNEXT_400_ENTRIES_REPEAT10_TOTAL_WORK_WRITE_TICKS	0
LIST_EXNEXT_400_ENTRIES_REPEAT10_TOTAL_WORK_UPDATE_TICKS	0
LIST_EXNEXT_400_ENTRIES_REPEAT10_TOTAL_WORK_DATA_READ_TICKS	0
LIST_EXNEXT_400_ENTRIES_REPEAT10_TOTAL_WORK_DATA_WRITE_TICKS	0
LIST_EXNEXT_400_ENTRIES_REPEAT10_TOTAL_WORK_NODE_CRC_READ_CALLS	0
LIST_EXNEXT_400_ENTRIES_REPEAT10_TOTAL_WORK_NODE_CRC_READ_SAMPLES	0
LIST_EXNEXT_400_ENTRIES_REPEAT10_TOTAL_WORK_NODE_CRC_READ_SAMPLE_TICKS	0
LIST_EXNEXT_400_ENTRIES_REPEAT10_TOTAL_WORK_NODE_CRC_WRITE_CALLS	0
LIST_EXNEXT_400_ENTRIES_REPEAT10_TOTAL_WORK_NODE_CRC_WRITE_SAMPLES	0
LIST_EXNEXT_400_ENTRIES_REPEAT10_TOTAL_WORK_NODE_CRC_WRITE_SAMPLE_TICKS	0
LIST_EXNEXT_400_ENTRIES_REPEAT10_TOTAL_WORK_CLOCK_PAIR_TICKS	0
LIST_EXNEXT_400_ENTRIES_REPEAT10_TOTAL_WORK_PACKET_CALLS	4022
LIST_EXNEXT_400_ENTRIES_REPEAT10_TOTAL_WORK_PACKET_SAMPLES	4022
LIST_EXNEXT_400_ENTRIES_REPEAT10_TOTAL_WORK_PACKET_SAMPLE_TICKS	223796
LIST_EXNEXT_400_ENTRIES_REPEAT10_TOTAL_WORK_PACKET_OPEN_CALLS	0
LIST_EXNEXT_400_ENTRIES_REPEAT10_TOTAL_WORK_PACKET_OPEN_SAMPLES	0
LIST_EXNEXT_400_ENTRIES_REPEAT10_TOTAL_WORK_PACKET_OPEN_SAMPLE_TICKS	0
LIST_EXNEXT_400_ENTRIES_REPEAT10_TOTAL_WORK_PACKET_READ_CALLS	0
LIST_EXNEXT_400_ENTRIES_REPEAT10_TOTAL_WORK_PACKET_READ_SAMPLES	0
LIST_EXNEXT_400_ENTRIES_REPEAT10_TOTAL_WORK_PACKET_READ_SAMPLE_TICKS	0
LIST_EXNEXT_400_ENTRIES_REPEAT10_TOTAL_WORK_PACKET_WRITE_CALLS	0
LIST_EXNEXT_400_ENTRIES_REPEAT10_TOTAL_WORK_PACKET_WRITE_SAMPLES	0
LIST_EXNEXT_400_ENTRIES_REPEAT10_TOTAL_WORK_PACKET_WRITE_SAMPLE_TICKS	0
LIST_EXNEXT_400_ENTRIES_REPEAT10_TOTAL_WORK_PACKET_END_CALLS	0
LIST_EXNEXT_400_ENTRIES_REPEAT10_TOTAL_WORK_PACKET_END_SAMPLES	0
LIST_EXNEXT_400_ENTRIES_REPEAT10_TOTAL_WORK_PACKET_END_SAMPLE_TICKS	0
LIST_EXNEXT_400_ENTRIES_REPEAT10_TOTAL_WORK_PACKET_DELETE_CALLS	0
LIST_EXNEXT_400_ENTRIES_REPEAT10_TOTAL_WORK_PACKET_DELETE_SAMPLES	0
LIST_EXNEXT_400_ENTRIES_REPEAT10_TOTAL_WORK_PACKET_DELETE_SAMPLE_TICKS	0
LIST_EXNEXT_400_ENTRIES_REPEAT10_TOTAL_WORK_PACKET_FLUSH_CALLS	0
LIST_EXNEXT_400_ENTRIES_REPEAT10_TOTAL_WORK_PACKET_FLUSH_SAMPLES	0
LIST_EXNEXT_400_ENTRIES_REPEAT10_TOTAL_WORK_PACKET_FLUSH_SAMPLE_TICKS	0
LIST_EXNEXT_400_ENTRIES_REPEAT10_TOTAL_WORK_PACKET_OTHER_CALLS	4022
LIST_EXNEXT_400_ENTRIES_REPEAT10_TOTAL_WORK_PACKET_OTHER_SAMPLES	4022
LIST_EXNEXT_400_ENTRIES_REPEAT10_TOTAL_WORK_PACKET_OTHER_SAMPLE_TICKS	223796
LIST_EXNEXT_400_ENTRIES_REPEAT10_TOTAL_WORK_CORE_CREATE_CALLS	0
LIST_EXNEXT_400_ENTRIES_REPEAT10_TOTAL_WORK_CORE_CREATE_SAMPLES	0
LIST_EXNEXT_400_ENTRIES_REPEAT10_TOTAL_WORK_CORE_CREATE_SAMPLE_TICKS	0
LIST_EXNEXT_400_ENTRIES_REPEAT10_TOTAL_WORK_CORE_DELETE_CALLS	0
LIST_EXNEXT_400_ENTRIES_REPEAT10_TOTAL_WORK_CORE_DELETE_SAMPLES	0
LIST_EXNEXT_400_ENTRIES_REPEAT10_TOTAL_WORK_CORE_DELETE_SAMPLE_TICKS	0
LIST_EXNEXT_400_ENTRIES_REPEAT10_TOTAL_WORK_CORE_FILE_WRITE_CALLS	0
LIST_EXNEXT_400_ENTRIES_REPEAT10_TOTAL_WORK_CORE_FILE_WRITE_SAMPLES	0
LIST_EXNEXT_400_ENTRIES_REPEAT10_TOTAL_WORK_CORE_FILE_WRITE_SAMPLE_TICKS	0
LIST_EXNEXT_400_ENTRIES_REPEAT10_TOTAL_WORK_CORE_SYNC_CALLS	0
LIST_EXNEXT_400_ENTRIES_REPEAT10_TOTAL_WORK_CORE_SYNC_SAMPLES	0
LIST_EXNEXT_400_ENTRIES_REPEAT10_TOTAL_WORK_CORE_SYNC_SAMPLE_TICKS	0
LIST_EXNEXT_400_ENTRIES_REPEAT10_TOTAL_WORK_IFACE_FREE_CALLS	0
LIST_EXNEXT_400_ENTRIES_REPEAT10_TOTAL_WORK_IFACE_FREE_SAMPLES	0
LIST_EXNEXT_400_ENTRIES_REPEAT10_TOTAL_WORK_IFACE_FREE_SAMPLE_TICKS	0
LIST_EXNEXT_400_ENTRIES_REPEAT10_TOTAL_WORK_SEAL_COMMIT_CALLS	0
LIST_EXNEXT_400_ENTRIES_REPEAT10_TOTAL_WORK_SEAL_COMMIT_SAMPLES	0
LIST_EXNEXT_400_ENTRIES_REPEAT10_TOTAL_WORK_SEAL_COMMIT_SAMPLE_TICKS	0
LIST_EXNEXT_400_ENTRIES_REPEAT10_TOTAL_WORK_INODE_READ_CALLS	4010
LIST_EXNEXT_400_ENTRIES_REPEAT10_TOTAL_WORK_BTREE_SEARCH_CALLS	4011
LIST_EXNEXT_400_ENTRIES_REPEAT10_TOTAL_WORK_BTREE_INDEX_HINT_HITS	0
LIST_EXNEXT_400_ENTRIES_REPEAT10_TOTAL_WORK_BTREE_LEAF_HINT_HITS	4011
LIST_EXNEXT_400_ENTRIES_REPEAT10_TOTAL_WORK_CACHE_READ_CALLS	0
LIST_EXNEXT_400_ENTRIES_REPEAT10_TOTAL_WORK_CACHE_READ_HITS	0
LIST_EXNEXT_400_ENTRIES_REPEAT10_TOTAL_WORK_CACHE_READ_MISSES	0
LIST_EXNEXT_400_ENTRIES_REPEAT10_TOTAL_WORK_FREE_TREE_NODE_VIEWS	0
LIST_EXNEXT_400_ENTRIES_REPEAT10_TOTAL_WORK_FREE_TREE_RESIDENT_VIEWS	0
LIST_EXNEXT_400_ENTRIES_REPEAT10_TOTAL_WORK_DIR_TREE_NODE_VIEWS	400
LIST_EXNEXT_400_ENTRIES_REPEAT10_TOTAL_WORK_DIR_TREE_RESIDENT_VIEWS	400
LIST_EXNEXT_400_ENTRIES_REPEAT10_TOTAL_WORK_INODE_TREE_NODE_VIEWS	0
LIST_EXNEXT_400_ENTRIES_REPEAT10_TOTAL_WORK_INODE_TREE_RESIDENT_VIEWS	0
LIST_EXNEXT_400_ENTRIES_REPEAT10_TOTAL_WORK_REFCOUNT_TREE_NODE_VIEWS	0
LIST_EXNEXT_400_ENTRIES_REPEAT10_TOTAL_WORK_REFCOUNT_TREE_RESIDENT_VIEWS	0
LIST_EXNEXT_400_ENTRIES_REPEAT10_TOTAL_WORK_OTHER_TREE_NODE_VIEWS	0
LIST_EXNEXT_400_ENTRIES_REPEAT10_TOTAL_WORK_OTHER_TREE_RESIDENT_VIEWS	0
LIST_EXNEXT_400_ENTRIES_REPEAT10_TOTAL_WORK_WRITE_DETAIL_INODE_READ_CALLS	4010
LIST_EXNEXT_400_ENTRIES_REPEAT10_TOTAL_WORK_WRITE_DETAIL_INODE_READ_SAMPLES	4010
LIST_EXNEXT_400_ENTRIES_REPEAT10_TOTAL_WORK_WRITE_DETAIL_INODE_READ_SAMPLE_TICKS	76174
LIST_EXNEXT_400_ENTRIES_REPEAT10_TOTAL_WORK_WRITE_DETAIL_INODE_WRITE_CALLS	0
LIST_EXNEXT_400_ENTRIES_REPEAT10_TOTAL_WORK_WRITE_DETAIL_INODE_WRITE_SAMPLES	0
LIST_EXNEXT_400_ENTRIES_REPEAT10_TOTAL_WORK_WRITE_DETAIL_INODE_WRITE_SAMPLE_TICKS	0
LIST_EXNEXT_400_ENTRIES_REPEAT10_TOTAL_WORK_WRITE_DETAIL_EXTENT_MAP_CALLS	0
LIST_EXNEXT_400_ENTRIES_REPEAT10_TOTAL_WORK_WRITE_DETAIL_EXTENT_MAP_SAMPLES	0
LIST_EXNEXT_400_ENTRIES_REPEAT10_TOTAL_WORK_WRITE_DETAIL_EXTENT_MAP_SAMPLE_TICKS	0
LIST_EXNEXT_400_ENTRIES_REPEAT10_TOTAL_WORK_WRITE_DETAIL_FREESPACE_GOAL_CALLS	0
LIST_EXNEXT_400_ENTRIES_REPEAT10_TOTAL_WORK_WRITE_DETAIL_FREESPACE_GOAL_SAMPLES	0
LIST_EXNEXT_400_ENTRIES_REPEAT10_TOTAL_WORK_WRITE_DETAIL_FREESPACE_GOAL_SAMPLE_TICKS	0
LIST_EXNEXT_400_ENTRIES_REPEAT10_TOTAL_WORK_BTREE_MALLOC_CALLS	91
LIST_EXNEXT_400_ENTRIES_REPEAT10_TOTAL_WORK_BTREE_MALLOC_SAMPLES	91
LIST_EXNEXT_400_ENTRIES_REPEAT10_TOTAL_WORK_BTREE_MALLOC_SAMPLE_TICKS	460
LIST_EXNEXT_400_ENTRIES_REPEAT10_TOTAL_WORK_BTREE_FREE_CALLS	4021
LIST_EXNEXT_400_ENTRIES_REPEAT10_TOTAL_WORK_BTREE_FREE_SAMPLES	4021
LIST_EXNEXT_400_ENTRIES_REPEAT10_TOTAL_WORK_BTREE_FREE_SAMPLE_TICKS	5912
LIST_EXNEXT_400_ENTRIES_REPEAT10_TOTAL_WORK_IFACE_ALLOC_CALLS	0
LIST_EXNEXT_400_ENTRIES_REPEAT10_TOTAL_WORK_IFACE_ALLOC_SAMPLES	0
LIST_EXNEXT_400_ENTRIES_REPEAT10_TOTAL_WORK_IFACE_ALLOC_SAMPLE_TICKS	0
LIST_EXNEXT_400_ENTRIES_REPEAT10_TOTAL_WORK_FREESPACE_ALLOC_CALLS	0
LIST_EXNEXT_400_ENTRIES_REPEAT10_TOTAL_WORK_FREESPACE_ALLOC_SAMPLES	0
LIST_EXNEXT_400_ENTRIES_REPEAT10_TOTAL_WORK_FREESPACE_ALLOC_SAMPLE_TICKS	0
LIST_EXNEXT_400_ENTRIES_REPEAT10_TOTAL_WORK_DETAIL_INODE_READ_CALLS	4010
LIST_EXNEXT_400_ENTRIES_REPEAT10_TOTAL_WORK_DETAIL_INODE_READ_SAMPLES	235
LIST_EXNEXT_400_ENTRIES_REPEAT10_TOTAL_WORK_DETAIL_INODE_READ_SAMPLE_TICKS	6060
LIST_EXNEXT_400_ENTRIES_REPEAT10_TOTAL_WORK_DETAIL_INODE_VALIDATE_CALLS	4010
LIST_EXNEXT_400_ENTRIES_REPEAT10_TOTAL_WORK_DETAIL_INODE_VALIDATE_SAMPLES	235
LIST_EXNEXT_400_ENTRIES_REPEAT10_TOTAL_WORK_DETAIL_INODE_VALIDATE_SAMPLE_TICKS	794
LIST_EXNEXT_400_ENTRIES_REPEAT10_TOTAL_WORK_DETAIL_INODE_SEARCH_CALLS	4010
LIST_EXNEXT_400_ENTRIES_REPEAT10_TOTAL_WORK_DETAIL_INODE_SEARCH_SAMPLES	235
LIST_EXNEXT_400_ENTRIES_REPEAT10_TOTAL_WORK_DETAIL_INODE_SEARCH_SAMPLE_TICKS	2998
LIST_EXNEXT_400_ENTRIES_REPEAT10_TOTAL_WORK_DETAIL_INODE_NODE_VIEW_CALLS	0
LIST_EXNEXT_400_ENTRIES_REPEAT10_TOTAL_WORK_DETAIL_INODE_NODE_VIEW_SAMPLES	0
LIST_EXNEXT_400_ENTRIES_REPEAT10_TOTAL_WORK_DETAIL_INODE_NODE_VIEW_SAMPLE_TICKS	0
LIST_EXNEXT_400_ENTRIES_REPEAT10_TOTAL_WORK_DETAIL_DIR_NODE_VIEW_CALLS	400
LIST_EXNEXT_400_ENTRIES_REPEAT10_TOTAL_WORK_DETAIL_DIR_NODE_VIEW_SAMPLES	23
LIST_EXNEXT_400_ENTRIES_REPEAT10_TOTAL_WORK_DETAIL_DIR_NODE_VIEW_SAMPLE_TICKS	226
LIST_EXNEXT_400_ENTRIES_REPEAT10_TOTAL_WORK_DETAIL_INODE_BINARY_SEARCH_CALLS	0
LIST_EXNEXT_400_ENTRIES_REPEAT10_TOTAL_WORK_DETAIL_INODE_BINARY_SEARCH_SAMPLES	0
LIST_EXNEXT_400_ENTRIES_REPEAT10_TOTAL_WORK_DETAIL_INODE_BINARY_SEARCH_SAMPLE_TICKS	0
LIST_EXNEXT_400_ENTRIES_REPEAT10_TOTAL_WORK_DETAIL_DIR_BINARY_SEARCH_CALLS	221
LIST_EXNEXT_400_ENTRIES_REPEAT10_TOTAL_WORK_DETAIL_DIR_BINARY_SEARCH_SAMPLES	13
LIST_EXNEXT_400_ENTRIES_REPEAT10_TOTAL_WORK_DETAIL_DIR_BINARY_SEARCH_SAMPLE_TICKS	47
LIST_EXNEXT_400_ENTRIES_REPEAT10_TOTAL_WORK_DETAIL_NODE_STRUCTURE_CALLS	0
LIST_EXNEXT_400_ENTRIES_REPEAT10_TOTAL_WORK_DETAIL_NODE_STRUCTURE_SAMPLES	0
LIST_EXNEXT_400_ENTRIES_REPEAT10_TOTAL_WORK_DETAIL_NODE_STRUCTURE_SAMPLE_TICKS	0
LIST_EXNEXT_400_ENTRIES_REPEAT10_TOTAL_WORK_DETAIL_CACHE_PEEK_CALLS	4411
LIST_EXNEXT_400_ENTRIES_REPEAT10_TOTAL_WORK_DETAIL_CACHE_PEEK_SAMPLES	259
LIST_EXNEXT_400_ENTRIES_REPEAT10_TOTAL_WORK_DETAIL_CACHE_PEEK_SAMPLE_TICKS	961
LIST_EXNEXT_400_ENTRIES_REPEAT10_TOTAL_WORK_DETAIL_BUFFER_ALLOC_CALLS	4020
LIST_EXNEXT_400_ENTRIES_REPEAT10_TOTAL_WORK_DETAIL_BUFFER_ALLOC_SAMPLES	236
LIST_EXNEXT_400_ENTRIES_REPEAT10_TOTAL_WORK_DETAIL_BUFFER_ALLOC_SAMPLE_TICKS	535
LIST_EXNEXT_400_ENTRIES_REPEAT10_TOTAL_WORK_DETAIL_BUFFER_FREE_CALLS	4020
LIST_EXNEXT_400_ENTRIES_REPEAT10_TOTAL_WORK_DETAIL_BUFFER_FREE_SAMPLES	236
LIST_EXNEXT_400_ENTRIES_REPEAT10_TOTAL_WORK_DETAIL_BUFFER_FREE_SAMPLE_TICKS	873
LIST_EXNEXT_400_ENTRIES_REPEAT10_TOTAL_WORK_DETAIL_EXALL_FILL_CALLS	0
LIST_EXNEXT_400_ENTRIES_REPEAT10_TOTAL_WORK_DETAIL_EXALL_FILL_SAMPLES	0
LIST_EXNEXT_400_ENTRIES_REPEAT10_TOTAL_WORK_DETAIL_EXALL_FILL_SAMPLE_TICKS	0
LIST_EXNEXT_400_ENTRIES_REPEAT10_TOTAL_WORK_FREESPACE_ALLOCS	0
LIST_EXNEXT_400_ENTRIES_REPEAT10_TOTAL_VOLUME_FLUSH_BIO_READS	0
LIST_EXNEXT_400_ENTRIES_REPEAT10_TOTAL_VOLUME_FLUSH_BIO_WRITES	0
LIST_EXNEXT_400_ENTRIES_REPEAT10_TOTAL_VOLUME_FLUSH_BIO_UPDATES	0
LIST_EXNEXT_400_ENTRIES_REPEAT10_TOTAL_VOLUME_FLUSH_DATA_READS	0
LIST_EXNEXT_400_ENTRIES_REPEAT10_TOTAL_VOLUME_FLUSH_DATA_WRITES	0
LIST_EXNEXT_400_ENTRIES_REPEAT10_TOTAL_VOLUME_FLUSH_NODE_WRITES	0
LIST_EXNEXT_400_ENTRIES_REPEAT10_TOTAL_VOLUME_FLUSH_TXN_COMMITS	0
LIST_EXNEXT_400_ENTRIES_REPEAT10_TOTAL_VOLUME_FLUSH_EXTENT_MAPS	0
LIST_EXNEXT_400_ENTRIES_REPEAT10_TOTAL_VOLUME_FLUSH_READ_TICKS	0
LIST_EXNEXT_400_ENTRIES_REPEAT10_TOTAL_VOLUME_FLUSH_WRITE_TICKS	0
LIST_EXNEXT_400_ENTRIES_REPEAT10_TOTAL_VOLUME_FLUSH_UPDATE_TICKS	0
LIST_EXNEXT_400_ENTRIES_REPEAT10_TOTAL_VOLUME_FLUSH_DATA_READ_TICKS	0
LIST_EXNEXT_400_ENTRIES_REPEAT10_TOTAL_VOLUME_FLUSH_DATA_WRITE_TICKS	0
LIST_EXNEXT_400_ENTRIES_REPEAT10_TOTAL_VOLUME_FLUSH_NODE_CRC_READ_CALLS	0
LIST_EXNEXT_400_ENTRIES_REPEAT10_TOTAL_VOLUME_FLUSH_NODE_CRC_READ_SAMPLES	0
LIST_EXNEXT_400_ENTRIES_REPEAT10_TOTAL_VOLUME_FLUSH_NODE_CRC_READ_SAMPLE_TICKS	0
LIST_EXNEXT_400_ENTRIES_REPEAT10_TOTAL_VOLUME_FLUSH_NODE_CRC_WRITE_CALLS	0
LIST_EXNEXT_400_ENTRIES_REPEAT10_TOTAL_VOLUME_FLUSH_NODE_CRC_WRITE_SAMPLES	0
LIST_EXNEXT_400_ENTRIES_REPEAT10_TOTAL_VOLUME_FLUSH_NODE_CRC_WRITE_SAMPLE_TICKS	0
LIST_EXNEXT_400_ENTRIES_REPEAT10_TOTAL_VOLUME_FLUSH_CLOCK_PAIR_TICKS	0
LIST_EXNEXT_400_ENTRIES_REPEAT10_TOTAL_VOLUME_FLUSH_PACKET_CALLS	0
LIST_EXNEXT_400_ENTRIES_REPEAT10_TOTAL_VOLUME_FLUSH_PACKET_SAMPLES	0
LIST_EXNEXT_400_ENTRIES_REPEAT10_TOTAL_VOLUME_FLUSH_PACKET_SAMPLE_TICKS	0
LIST_EXNEXT_400_ENTRIES_REPEAT10_TOTAL_VOLUME_FLUSH_PACKET_OPEN_CALLS	0
LIST_EXNEXT_400_ENTRIES_REPEAT10_TOTAL_VOLUME_FLUSH_PACKET_OPEN_SAMPLES	0
LIST_EXNEXT_400_ENTRIES_REPEAT10_TOTAL_VOLUME_FLUSH_PACKET_OPEN_SAMPLE_TICKS	0
LIST_EXNEXT_400_ENTRIES_REPEAT10_TOTAL_VOLUME_FLUSH_PACKET_READ_CALLS	0
LIST_EXNEXT_400_ENTRIES_REPEAT10_TOTAL_VOLUME_FLUSH_PACKET_READ_SAMPLES	0
LIST_EXNEXT_400_ENTRIES_REPEAT10_TOTAL_VOLUME_FLUSH_PACKET_READ_SAMPLE_TICKS	0
LIST_EXNEXT_400_ENTRIES_REPEAT10_TOTAL_VOLUME_FLUSH_PACKET_WRITE_CALLS	0
LIST_EXNEXT_400_ENTRIES_REPEAT10_TOTAL_VOLUME_FLUSH_PACKET_WRITE_SAMPLES	0
LIST_EXNEXT_400_ENTRIES_REPEAT10_TOTAL_VOLUME_FLUSH_PACKET_WRITE_SAMPLE_TICKS	0
LIST_EXNEXT_400_ENTRIES_REPEAT10_TOTAL_VOLUME_FLUSH_PACKET_END_CALLS	0
LIST_EXNEXT_400_ENTRIES_REPEAT10_TOTAL_VOLUME_FLUSH_PACKET_END_SAMPLES	0
LIST_EXNEXT_400_ENTRIES_REPEAT10_TOTAL_VOLUME_FLUSH_PACKET_END_SAMPLE_TICKS	0
LIST_EXNEXT_400_ENTRIES_REPEAT10_TOTAL_VOLUME_FLUSH_PACKET_DELETE_CALLS	0
LIST_EXNEXT_400_ENTRIES_REPEAT10_TOTAL_VOLUME_FLUSH_PACKET_DELETE_SAMPLES	0
LIST_EXNEXT_400_ENTRIES_REPEAT10_TOTAL_VOLUME_FLUSH_PACKET_DELETE_SAMPLE_TICKS	0
LIST_EXNEXT_400_ENTRIES_REPEAT10_TOTAL_VOLUME_FLUSH_PACKET_FLUSH_CALLS	0
LIST_EXNEXT_400_ENTRIES_REPEAT10_TOTAL_VOLUME_FLUSH_PACKET_FLUSH_SAMPLES	0
LIST_EXNEXT_400_ENTRIES_REPEAT10_TOTAL_VOLUME_FLUSH_PACKET_FLUSH_SAMPLE_TICKS	0
LIST_EXNEXT_400_ENTRIES_REPEAT10_TOTAL_VOLUME_FLUSH_PACKET_OTHER_CALLS	0
LIST_EXNEXT_400_ENTRIES_REPEAT10_TOTAL_VOLUME_FLUSH_PACKET_OTHER_SAMPLES	0
LIST_EXNEXT_400_ENTRIES_REPEAT10_TOTAL_VOLUME_FLUSH_PACKET_OTHER_SAMPLE_TICKS	0
LIST_EXNEXT_400_ENTRIES_REPEAT10_TOTAL_VOLUME_FLUSH_CORE_CREATE_CALLS	0
LIST_EXNEXT_400_ENTRIES_REPEAT10_TOTAL_VOLUME_FLUSH_CORE_CREATE_SAMPLES	0
LIST_EXNEXT_400_ENTRIES_REPEAT10_TOTAL_VOLUME_FLUSH_CORE_CREATE_SAMPLE_TICKS	0
LIST_EXNEXT_400_ENTRIES_REPEAT10_TOTAL_VOLUME_FLUSH_CORE_DELETE_CALLS	0
LIST_EXNEXT_400_ENTRIES_REPEAT10_TOTAL_VOLUME_FLUSH_CORE_DELETE_SAMPLES	0
LIST_EXNEXT_400_ENTRIES_REPEAT10_TOTAL_VOLUME_FLUSH_CORE_DELETE_SAMPLE_TICKS	0
LIST_EXNEXT_400_ENTRIES_REPEAT10_TOTAL_VOLUME_FLUSH_CORE_FILE_WRITE_CALLS	0
LIST_EXNEXT_400_ENTRIES_REPEAT10_TOTAL_VOLUME_FLUSH_CORE_FILE_WRITE_SAMPLES	0
LIST_EXNEXT_400_ENTRIES_REPEAT10_TOTAL_VOLUME_FLUSH_CORE_FILE_WRITE_SAMPLE_TICKS	0
LIST_EXNEXT_400_ENTRIES_REPEAT10_TOTAL_VOLUME_FLUSH_CORE_SYNC_CALLS	0
LIST_EXNEXT_400_ENTRIES_REPEAT10_TOTAL_VOLUME_FLUSH_CORE_SYNC_SAMPLES	0
LIST_EXNEXT_400_ENTRIES_REPEAT10_TOTAL_VOLUME_FLUSH_CORE_SYNC_SAMPLE_TICKS	0
LIST_EXNEXT_400_ENTRIES_REPEAT10_TOTAL_VOLUME_FLUSH_IFACE_FREE_CALLS	0
LIST_EXNEXT_400_ENTRIES_REPEAT10_TOTAL_VOLUME_FLUSH_IFACE_FREE_SAMPLES	0
LIST_EXNEXT_400_ENTRIES_REPEAT10_TOTAL_VOLUME_FLUSH_IFACE_FREE_SAMPLE_TICKS	0
LIST_EXNEXT_400_ENTRIES_REPEAT10_TOTAL_VOLUME_FLUSH_SEAL_COMMIT_CALLS	0
LIST_EXNEXT_400_ENTRIES_REPEAT10_TOTAL_VOLUME_FLUSH_SEAL_COMMIT_SAMPLES	0
LIST_EXNEXT_400_ENTRIES_REPEAT10_TOTAL_VOLUME_FLUSH_SEAL_COMMIT_SAMPLE_TICKS	0
LIST_EXNEXT_400_ENTRIES_REPEAT10_TOTAL_VOLUME_FLUSH_INODE_READ_CALLS	0
LIST_EXNEXT_400_ENTRIES_REPEAT10_TOTAL_VOLUME_FLUSH_BTREE_SEARCH_CALLS	0
LIST_EXNEXT_400_ENTRIES_REPEAT10_TOTAL_VOLUME_FLUSH_BTREE_INDEX_HINT_HITS	0
LIST_EXNEXT_400_ENTRIES_REPEAT10_TOTAL_VOLUME_FLUSH_BTREE_LEAF_HINT_HITS	0
LIST_EXNEXT_400_ENTRIES_REPEAT10_TOTAL_VOLUME_FLUSH_CACHE_READ_CALLS	0
LIST_EXNEXT_400_ENTRIES_REPEAT10_TOTAL_VOLUME_FLUSH_CACHE_READ_HITS	0
LIST_EXNEXT_400_ENTRIES_REPEAT10_TOTAL_VOLUME_FLUSH_CACHE_READ_MISSES	0
LIST_EXNEXT_400_ENTRIES_REPEAT10_TOTAL_VOLUME_FLUSH_FREE_TREE_NODE_VIEWS	0
LIST_EXNEXT_400_ENTRIES_REPEAT10_TOTAL_VOLUME_FLUSH_FREE_TREE_RESIDENT_VIEWS	0
LIST_EXNEXT_400_ENTRIES_REPEAT10_TOTAL_VOLUME_FLUSH_DIR_TREE_NODE_VIEWS	0
LIST_EXNEXT_400_ENTRIES_REPEAT10_TOTAL_VOLUME_FLUSH_DIR_TREE_RESIDENT_VIEWS	0
LIST_EXNEXT_400_ENTRIES_REPEAT10_TOTAL_VOLUME_FLUSH_INODE_TREE_NODE_VIEWS	0
LIST_EXNEXT_400_ENTRIES_REPEAT10_TOTAL_VOLUME_FLUSH_INODE_TREE_RESIDENT_VIEWS	0
LIST_EXNEXT_400_ENTRIES_REPEAT10_TOTAL_VOLUME_FLUSH_REFCOUNT_TREE_NODE_VIEWS	0
LIST_EXNEXT_400_ENTRIES_REPEAT10_TOTAL_VOLUME_FLUSH_REFCOUNT_TREE_RESIDENT_VIEWS	0
LIST_EXNEXT_400_ENTRIES_REPEAT10_TOTAL_VOLUME_FLUSH_OTHER_TREE_NODE_VIEWS	0
LIST_EXNEXT_400_ENTRIES_REPEAT10_TOTAL_VOLUME_FLUSH_OTHER_TREE_RESIDENT_VIEWS	0
LIST_EXNEXT_400_ENTRIES_REPEAT10_TOTAL_VOLUME_FLUSH_WRITE_DETAIL_INODE_READ_CALLS	0
LIST_EXNEXT_400_ENTRIES_REPEAT10_TOTAL_VOLUME_FLUSH_WRITE_DETAIL_INODE_READ_SAMPLES	0
LIST_EXNEXT_400_ENTRIES_REPEAT10_TOTAL_VOLUME_FLUSH_WRITE_DETAIL_INODE_READ_SAMPLE_TICKS	0
LIST_EXNEXT_400_ENTRIES_REPEAT10_TOTAL_VOLUME_FLUSH_WRITE_DETAIL_INODE_WRITE_CALLS	0
LIST_EXNEXT_400_ENTRIES_REPEAT10_TOTAL_VOLUME_FLUSH_WRITE_DETAIL_INODE_WRITE_SAMPLES	0
LIST_EXNEXT_400_ENTRIES_REPEAT10_TOTAL_VOLUME_FLUSH_WRITE_DETAIL_INODE_WRITE_SAMPLE_TICKS	0
LIST_EXNEXT_400_ENTRIES_REPEAT10_TOTAL_VOLUME_FLUSH_WRITE_DETAIL_EXTENT_MAP_CALLS	0
LIST_EXNEXT_400_ENTRIES_REPEAT10_TOTAL_VOLUME_FLUSH_WRITE_DETAIL_EXTENT_MAP_SAMPLES	0
LIST_EXNEXT_400_ENTRIES_REPEAT10_TOTAL_VOLUME_FLUSH_WRITE_DETAIL_EXTENT_MAP_SAMPLE_TICKS	0
LIST_EXNEXT_400_ENTRIES_REPEAT10_TOTAL_VOLUME_FLUSH_WRITE_DETAIL_FREESPACE_GOAL_CALLS	0
LIST_EXNEXT_400_ENTRIES_REPEAT10_TOTAL_VOLUME_FLUSH_WRITE_DETAIL_FREESPACE_GOAL_SAMPLES	0
LIST_EXNEXT_400_ENTRIES_REPEAT10_TOTAL_VOLUME_FLUSH_WRITE_DETAIL_FREESPACE_GOAL_SAMPLE_TICKS	0
LIST_EXNEXT_400_ENTRIES_REPEAT10_TOTAL_VOLUME_FLUSH_BTREE_MALLOC_CALLS	0
LIST_EXNEXT_400_ENTRIES_REPEAT10_TOTAL_VOLUME_FLUSH_BTREE_MALLOC_SAMPLES	0
LIST_EXNEXT_400_ENTRIES_REPEAT10_TOTAL_VOLUME_FLUSH_BTREE_MALLOC_SAMPLE_TICKS	0
LIST_EXNEXT_400_ENTRIES_REPEAT10_TOTAL_VOLUME_FLUSH_BTREE_FREE_CALLS	0
LIST_EXNEXT_400_ENTRIES_REPEAT10_TOTAL_VOLUME_FLUSH_BTREE_FREE_SAMPLES	0
LIST_EXNEXT_400_ENTRIES_REPEAT10_TOTAL_VOLUME_FLUSH_BTREE_FREE_SAMPLE_TICKS	0
LIST_EXNEXT_400_ENTRIES_REPEAT10_TOTAL_VOLUME_FLUSH_IFACE_ALLOC_CALLS	0
LIST_EXNEXT_400_ENTRIES_REPEAT10_TOTAL_VOLUME_FLUSH_IFACE_ALLOC_SAMPLES	0
LIST_EXNEXT_400_ENTRIES_REPEAT10_TOTAL_VOLUME_FLUSH_IFACE_ALLOC_SAMPLE_TICKS	0
LIST_EXNEXT_400_ENTRIES_REPEAT10_TOTAL_VOLUME_FLUSH_FREESPACE_ALLOC_CALLS	0
LIST_EXNEXT_400_ENTRIES_REPEAT10_TOTAL_VOLUME_FLUSH_FREESPACE_ALLOC_SAMPLES	0
LIST_EXNEXT_400_ENTRIES_REPEAT10_TOTAL_VOLUME_FLUSH_FREESPACE_ALLOC_SAMPLE_TICKS	0
LIST_EXNEXT_400_ENTRIES_REPEAT10_TOTAL_VOLUME_FLUSH_DETAIL_INODE_READ_CALLS	0
LIST_EXNEXT_400_ENTRIES_REPEAT10_TOTAL_VOLUME_FLUSH_DETAIL_INODE_READ_SAMPLES	0
LIST_EXNEXT_400_ENTRIES_REPEAT10_TOTAL_VOLUME_FLUSH_DETAIL_INODE_READ_SAMPLE_TICKS	0
LIST_EXNEXT_400_ENTRIES_REPEAT10_TOTAL_VOLUME_FLUSH_DETAIL_INODE_VALIDATE_CALLS	0
LIST_EXNEXT_400_ENTRIES_REPEAT10_TOTAL_VOLUME_FLUSH_DETAIL_INODE_VALIDATE_SAMPLES	0
LIST_EXNEXT_400_ENTRIES_REPEAT10_TOTAL_VOLUME_FLUSH_DETAIL_INODE_VALIDATE_SAMPLE_TICKS	0
LIST_EXNEXT_400_ENTRIES_REPEAT10_TOTAL_VOLUME_FLUSH_DETAIL_INODE_SEARCH_CALLS	0
LIST_EXNEXT_400_ENTRIES_REPEAT10_TOTAL_VOLUME_FLUSH_DETAIL_INODE_SEARCH_SAMPLES	0
LIST_EXNEXT_400_ENTRIES_REPEAT10_TOTAL_VOLUME_FLUSH_DETAIL_INODE_SEARCH_SAMPLE_TICKS	0
LIST_EXNEXT_400_ENTRIES_REPEAT10_TOTAL_VOLUME_FLUSH_DETAIL_INODE_NODE_VIEW_CALLS	0
LIST_EXNEXT_400_ENTRIES_REPEAT10_TOTAL_VOLUME_FLUSH_DETAIL_INODE_NODE_VIEW_SAMPLES	0
LIST_EXNEXT_400_ENTRIES_REPEAT10_TOTAL_VOLUME_FLUSH_DETAIL_INODE_NODE_VIEW_SAMPLE_TICKS	0
LIST_EXNEXT_400_ENTRIES_REPEAT10_TOTAL_VOLUME_FLUSH_DETAIL_DIR_NODE_VIEW_CALLS	0
LIST_EXNEXT_400_ENTRIES_REPEAT10_TOTAL_VOLUME_FLUSH_DETAIL_DIR_NODE_VIEW_SAMPLES	0
LIST_EXNEXT_400_ENTRIES_REPEAT10_TOTAL_VOLUME_FLUSH_DETAIL_DIR_NODE_VIEW_SAMPLE_TICKS	0
LIST_EXNEXT_400_ENTRIES_REPEAT10_TOTAL_VOLUME_FLUSH_DETAIL_INODE_BINARY_SEARCH_CALLS	0
LIST_EXNEXT_400_ENTRIES_REPEAT10_TOTAL_VOLUME_FLUSH_DETAIL_INODE_BINARY_SEARCH_SAMPLES	0
LIST_EXNEXT_400_ENTRIES_REPEAT10_TOTAL_VOLUME_FLUSH_DETAIL_INODE_BINARY_SEARCH_SAMPLE_TICKS	0
LIST_EXNEXT_400_ENTRIES_REPEAT10_TOTAL_VOLUME_FLUSH_DETAIL_DIR_BINARY_SEARCH_CALLS	0
LIST_EXNEXT_400_ENTRIES_REPEAT10_TOTAL_VOLUME_FLUSH_DETAIL_DIR_BINARY_SEARCH_SAMPLES	0
LIST_EXNEXT_400_ENTRIES_REPEAT10_TOTAL_VOLUME_FLUSH_DETAIL_DIR_BINARY_SEARCH_SAMPLE_TICKS	0
LIST_EXNEXT_400_ENTRIES_REPEAT10_TOTAL_VOLUME_FLUSH_DETAIL_NODE_STRUCTURE_CALLS	0
LIST_EXNEXT_400_ENTRIES_REPEAT10_TOTAL_VOLUME_FLUSH_DETAIL_NODE_STRUCTURE_SAMPLES	0
LIST_EXNEXT_400_ENTRIES_REPEAT10_TOTAL_VOLUME_FLUSH_DETAIL_NODE_STRUCTURE_SAMPLE_TICKS	0
LIST_EXNEXT_400_ENTRIES_REPEAT10_TOTAL_VOLUME_FLUSH_DETAIL_CACHE_PEEK_CALLS	0
LIST_EXNEXT_400_ENTRIES_REPEAT10_TOTAL_VOLUME_FLUSH_DETAIL_CACHE_PEEK_SAMPLES	0
LIST_EXNEXT_400_ENTRIES_REPEAT10_TOTAL_VOLUME_FLUSH_DETAIL_CACHE_PEEK_SAMPLE_TICKS	0
LIST_EXNEXT_400_ENTRIES_REPEAT10_TOTAL_VOLUME_FLUSH_DETAIL_BUFFER_ALLOC_CALLS	0
LIST_EXNEXT_400_ENTRIES_REPEAT10_TOTAL_VOLUME_FLUSH_DETAIL_BUFFER_ALLOC_SAMPLES	0
LIST_EXNEXT_400_ENTRIES_REPEAT10_TOTAL_VOLUME_FLUSH_DETAIL_BUFFER_ALLOC_SAMPLE_TICKS	0
LIST_EXNEXT_400_ENTRIES_REPEAT10_TOTAL_VOLUME_FLUSH_DETAIL_BUFFER_FREE_CALLS	0
LIST_EXNEXT_400_ENTRIES_REPEAT10_TOTAL_VOLUME_FLUSH_DETAIL_BUFFER_FREE_SAMPLES	0
LIST_EXNEXT_400_ENTRIES_REPEAT10_TOTAL_VOLUME_FLUSH_DETAIL_BUFFER_FREE_SAMPLE_TICKS	0
LIST_EXNEXT_400_ENTRIES_REPEAT10_TOTAL_VOLUME_FLUSH_DETAIL_EXALL_FILL_CALLS	0
LIST_EXNEXT_400_ENTRIES_REPEAT10_TOTAL_VOLUME_FLUSH_DETAIL_EXALL_FILL_SAMPLES	0
LIST_EXNEXT_400_ENTRIES_REPEAT10_TOTAL_VOLUME_FLUSH_DETAIL_EXALL_FILL_SAMPLE_TICKS	0
LIST_EXNEXT_400_ENTRIES_REPEAT10_TOTAL_VOLUME_FLUSH_FREESPACE_ALLOCS	0
LIST_EXALL_400_ENTRIES_FIRST_PASS_US	21185
LIST_EXALL_400_ENTRIES_FIRST_PASS_WORK_US	21185
LIST_EXALL_400_ENTRIES_FIRST_PASS_VOLUME_FLUSH_US	0
LIST_EXALL_400_ENTRIES_FIRST_PASS_HAS_VOLUME_FLUSH	0
LIST_EXALL_400_ENTRIES_FIRST_PASS_GUEST_OPEN_CALLS	0
LIST_EXALL_400_ENTRIES_FIRST_PASS_GUEST_OPEN_US	0
LIST_EXALL_400_ENTRIES_FIRST_PASS_GUEST_READ_CALLS	0
LIST_EXALL_400_ENTRIES_FIRST_PASS_GUEST_READ_US	0
LIST_EXALL_400_ENTRIES_FIRST_PASS_GUEST_WRITE_CALLS	0
LIST_EXALL_400_ENTRIES_FIRST_PASS_GUEST_WRITE_US	0
LIST_EXALL_400_ENTRIES_FIRST_PASS_GUEST_HANDLE_FLUSH_CALLS	0
LIST_EXALL_400_ENTRIES_FIRST_PASS_GUEST_HANDLE_FLUSH_US	0
LIST_EXALL_400_ENTRIES_FIRST_PASS_GUEST_CLOSE_CALLS	0
LIST_EXALL_400_ENTRIES_FIRST_PASS_GUEST_CLOSE_US	0
LIST_EXALL_400_ENTRIES_FIRST_PASS_GUEST_VERIFY_CALLS	0
LIST_EXALL_400_ENTRIES_FIRST_PASS_GUEST_VERIFY_US	0
LIST_EXALL_400_ENTRIES_FIRST_PASS_WORK_BIO_READS	21
LIST_EXALL_400_ENTRIES_FIRST_PASS_WORK_BIO_WRITES	0
LIST_EXALL_400_ENTRIES_FIRST_PASS_WORK_BIO_UPDATES	0
LIST_EXALL_400_ENTRIES_FIRST_PASS_WORK_DATA_READS	0
LIST_EXALL_400_ENTRIES_FIRST_PASS_WORK_DATA_WRITES	0
LIST_EXALL_400_ENTRIES_FIRST_PASS_WORK_NODE_WRITES	0
LIST_EXALL_400_ENTRIES_FIRST_PASS_WORK_TXN_COMMITS	0
LIST_EXALL_400_ENTRIES_FIRST_PASS_WORK_EXTENT_MAPS	0
LIST_EXALL_400_ENTRIES_FIRST_PASS_WORK_READ_TICKS	1134
LIST_EXALL_400_ENTRIES_FIRST_PASS_WORK_WRITE_TICKS	0
LIST_EXALL_400_ENTRIES_FIRST_PASS_WORK_UPDATE_TICKS	0
LIST_EXALL_400_ENTRIES_FIRST_PASS_WORK_DATA_READ_TICKS	0
LIST_EXALL_400_ENTRIES_FIRST_PASS_WORK_DATA_WRITE_TICKS	0
LIST_EXALL_400_ENTRIES_FIRST_PASS_WORK_NODE_CRC_READ_CALLS	21
LIST_EXALL_400_ENTRIES_FIRST_PASS_WORK_NODE_CRC_READ_SAMPLES	21
LIST_EXALL_400_ENTRIES_FIRST_PASS_WORK_NODE_CRC_READ_SAMPLE_TICKS	2735
LIST_EXALL_400_ENTRIES_FIRST_PASS_WORK_NODE_CRC_WRITE_CALLS	0
LIST_EXALL_400_ENTRIES_FIRST_PASS_WORK_NODE_CRC_WRITE_SAMPLES	0
LIST_EXALL_400_ENTRIES_FIRST_PASS_WORK_NODE_CRC_WRITE_SAMPLE_TICKS	0
LIST_EXALL_400_ENTRIES_FIRST_PASS_WORK_CLOCK_PAIR_TICKS	0
LIST_EXALL_400_ENTRIES_FIRST_PASS_WORK_PACKET_CALLS	7
LIST_EXALL_400_ENTRIES_FIRST_PASS_WORK_PACKET_SAMPLES	7
LIST_EXALL_400_ENTRIES_FIRST_PASS_WORK_PACKET_SAMPLE_TICKS	14527
LIST_EXALL_400_ENTRIES_FIRST_PASS_WORK_PACKET_OPEN_CALLS	0
LIST_EXALL_400_ENTRIES_FIRST_PASS_WORK_PACKET_OPEN_SAMPLES	0
LIST_EXALL_400_ENTRIES_FIRST_PASS_WORK_PACKET_OPEN_SAMPLE_TICKS	0
LIST_EXALL_400_ENTRIES_FIRST_PASS_WORK_PACKET_READ_CALLS	0
LIST_EXALL_400_ENTRIES_FIRST_PASS_WORK_PACKET_READ_SAMPLES	0
LIST_EXALL_400_ENTRIES_FIRST_PASS_WORK_PACKET_READ_SAMPLE_TICKS	0
LIST_EXALL_400_ENTRIES_FIRST_PASS_WORK_PACKET_WRITE_CALLS	0
LIST_EXALL_400_ENTRIES_FIRST_PASS_WORK_PACKET_WRITE_SAMPLES	0
LIST_EXALL_400_ENTRIES_FIRST_PASS_WORK_PACKET_WRITE_SAMPLE_TICKS	0
LIST_EXALL_400_ENTRIES_FIRST_PASS_WORK_PACKET_END_CALLS	0
LIST_EXALL_400_ENTRIES_FIRST_PASS_WORK_PACKET_END_SAMPLES	0
LIST_EXALL_400_ENTRIES_FIRST_PASS_WORK_PACKET_END_SAMPLE_TICKS	0
LIST_EXALL_400_ENTRIES_FIRST_PASS_WORK_PACKET_DELETE_CALLS	0
LIST_EXALL_400_ENTRIES_FIRST_PASS_WORK_PACKET_DELETE_SAMPLES	0
LIST_EXALL_400_ENTRIES_FIRST_PASS_WORK_PACKET_DELETE_SAMPLE_TICKS	0
LIST_EXALL_400_ENTRIES_FIRST_PASS_WORK_PACKET_FLUSH_CALLS	0
LIST_EXALL_400_ENTRIES_FIRST_PASS_WORK_PACKET_FLUSH_SAMPLES	0
LIST_EXALL_400_ENTRIES_FIRST_PASS_WORK_PACKET_FLUSH_SAMPLE_TICKS	0
LIST_EXALL_400_ENTRIES_FIRST_PASS_WORK_PACKET_OTHER_CALLS	7
LIST_EXALL_400_ENTRIES_FIRST_PASS_WORK_PACKET_OTHER_SAMPLES	7
LIST_EXALL_400_ENTRIES_FIRST_PASS_WORK_PACKET_OTHER_SAMPLE_TICKS	14527
LIST_EXALL_400_ENTRIES_FIRST_PASS_WORK_CORE_CREATE_CALLS	0
LIST_EXALL_400_ENTRIES_FIRST_PASS_WORK_CORE_CREATE_SAMPLES	0
LIST_EXALL_400_ENTRIES_FIRST_PASS_WORK_CORE_CREATE_SAMPLE_TICKS	0
LIST_EXALL_400_ENTRIES_FIRST_PASS_WORK_CORE_DELETE_CALLS	0
LIST_EXALL_400_ENTRIES_FIRST_PASS_WORK_CORE_DELETE_SAMPLES	0
LIST_EXALL_400_ENTRIES_FIRST_PASS_WORK_CORE_DELETE_SAMPLE_TICKS	0
LIST_EXALL_400_ENTRIES_FIRST_PASS_WORK_CORE_FILE_WRITE_CALLS	0
LIST_EXALL_400_ENTRIES_FIRST_PASS_WORK_CORE_FILE_WRITE_SAMPLES	0
LIST_EXALL_400_ENTRIES_FIRST_PASS_WORK_CORE_FILE_WRITE_SAMPLE_TICKS	0
LIST_EXALL_400_ENTRIES_FIRST_PASS_WORK_CORE_SYNC_CALLS	0
LIST_EXALL_400_ENTRIES_FIRST_PASS_WORK_CORE_SYNC_SAMPLES	0
LIST_EXALL_400_ENTRIES_FIRST_PASS_WORK_CORE_SYNC_SAMPLE_TICKS	0
LIST_EXALL_400_ENTRIES_FIRST_PASS_WORK_IFACE_FREE_CALLS	0
LIST_EXALL_400_ENTRIES_FIRST_PASS_WORK_IFACE_FREE_SAMPLES	0
LIST_EXALL_400_ENTRIES_FIRST_PASS_WORK_IFACE_FREE_SAMPLE_TICKS	0
LIST_EXALL_400_ENTRIES_FIRST_PASS_WORK_SEAL_COMMIT_CALLS	0
LIST_EXALL_400_ENTRIES_FIRST_PASS_WORK_SEAL_COMMIT_SAMPLES	0
LIST_EXALL_400_ENTRIES_FIRST_PASS_WORK_SEAL_COMMIT_SAMPLE_TICKS	0
LIST_EXALL_400_ENTRIES_FIRST_PASS_WORK_INODE_READ_CALLS	400
LIST_EXALL_400_ENTRIES_FIRST_PASS_WORK_BTREE_SEARCH_CALLS	401
LIST_EXALL_400_ENTRIES_FIRST_PASS_WORK_BTREE_INDEX_HINT_HITS	0
LIST_EXALL_400_ENTRIES_FIRST_PASS_WORK_BTREE_LEAF_HINT_HITS	39
LIST_EXALL_400_ENTRIES_FIRST_PASS_WORK_CACHE_READ_CALLS	21
LIST_EXALL_400_ENTRIES_FIRST_PASS_WORK_CACHE_READ_HITS	0
LIST_EXALL_400_ENTRIES_FIRST_PASS_WORK_CACHE_READ_MISSES	21
LIST_EXALL_400_ENTRIES_FIRST_PASS_WORK_FREE_TREE_NODE_VIEWS	0
LIST_EXALL_400_ENTRIES_FIRST_PASS_WORK_FREE_TREE_RESIDENT_VIEWS	0
LIST_EXALL_400_ENTRIES_FIRST_PASS_WORK_DIR_TREE_NODE_VIEWS	36
LIST_EXALL_400_ENTRIES_FIRST_PASS_WORK_DIR_TREE_RESIDENT_VIEWS	27
LIST_EXALL_400_ENTRIES_FIRST_PASS_WORK_INODE_TREE_NODE_VIEWS	24
LIST_EXALL_400_ENTRIES_FIRST_PASS_WORK_INODE_TREE_RESIDENT_VIEWS	12
LIST_EXALL_400_ENTRIES_FIRST_PASS_WORK_REFCOUNT_TREE_NODE_VIEWS	0
LIST_EXALL_400_ENTRIES_FIRST_PASS_WORK_REFCOUNT_TREE_RESIDENT_VIEWS	0
LIST_EXALL_400_ENTRIES_FIRST_PASS_WORK_OTHER_TREE_NODE_VIEWS	0
LIST_EXALL_400_ENTRIES_FIRST_PASS_WORK_OTHER_TREE_RESIDENT_VIEWS	0
LIST_EXALL_400_ENTRIES_FIRST_PASS_WORK_WRITE_DETAIL_INODE_READ_CALLS	400
LIST_EXALL_400_ENTRIES_FIRST_PASS_WORK_WRITE_DETAIL_INODE_READ_SAMPLES	400
LIST_EXALL_400_ENTRIES_FIRST_PASS_WORK_WRITE_DETAIL_INODE_READ_SAMPLE_TICKS	5985
LIST_EXALL_400_ENTRIES_FIRST_PASS_WORK_WRITE_DETAIL_INODE_WRITE_CALLS	0
LIST_EXALL_400_ENTRIES_FIRST_PASS_WORK_WRITE_DETAIL_INODE_WRITE_SAMPLES	0
LIST_EXALL_400_ENTRIES_FIRST_PASS_WORK_WRITE_DETAIL_INODE_WRITE_SAMPLE_TICKS	0
LIST_EXALL_400_ENTRIES_FIRST_PASS_WORK_WRITE_DETAIL_EXTENT_MAP_CALLS	0
LIST_EXALL_400_ENTRIES_FIRST_PASS_WORK_WRITE_DETAIL_EXTENT_MAP_SAMPLES	0
LIST_EXALL_400_ENTRIES_FIRST_PASS_WORK_WRITE_DETAIL_EXTENT_MAP_SAMPLE_TICKS	0
LIST_EXALL_400_ENTRIES_FIRST_PASS_WORK_WRITE_DETAIL_FREESPACE_GOAL_CALLS	0
LIST_EXALL_400_ENTRIES_FIRST_PASS_WORK_WRITE_DETAIL_FREESPACE_GOAL_SAMPLES	0
LIST_EXALL_400_ENTRIES_FIRST_PASS_WORK_WRITE_DETAIL_FREESPACE_GOAL_SAMPLE_TICKS	0
LIST_EXALL_400_ENTRIES_FIRST_PASS_WORK_BTREE_MALLOC_CALLS	10
LIST_EXALL_400_ENTRIES_FIRST_PASS_WORK_BTREE_MALLOC_SAMPLES	10
LIST_EXALL_400_ENTRIES_FIRST_PASS_WORK_BTREE_MALLOC_SAMPLE_TICKS	45
LIST_EXALL_400_ENTRIES_FIRST_PASS_WORK_BTREE_FREE_CALLS	10
LIST_EXALL_400_ENTRIES_FIRST_PASS_WORK_BTREE_FREE_SAMPLES	10
LIST_EXALL_400_ENTRIES_FIRST_PASS_WORK_BTREE_FREE_SAMPLE_TICKS	44
LIST_EXALL_400_ENTRIES_FIRST_PASS_WORK_IFACE_ALLOC_CALLS	0
LIST_EXALL_400_ENTRIES_FIRST_PASS_WORK_IFACE_ALLOC_SAMPLES	0
LIST_EXALL_400_ENTRIES_FIRST_PASS_WORK_IFACE_ALLOC_SAMPLE_TICKS	0
LIST_EXALL_400_ENTRIES_FIRST_PASS_WORK_FREESPACE_ALLOC_CALLS	0
LIST_EXALL_400_ENTRIES_FIRST_PASS_WORK_FREESPACE_ALLOC_SAMPLES	0
LIST_EXALL_400_ENTRIES_FIRST_PASS_WORK_FREESPACE_ALLOC_SAMPLE_TICKS	0
LIST_EXALL_400_ENTRIES_FIRST_PASS_WORK_DETAIL_INODE_READ_CALLS	400
LIST_EXALL_400_ENTRIES_FIRST_PASS_WORK_DETAIL_INODE_READ_SAMPLES	23
LIST_EXALL_400_ENTRIES_FIRST_PASS_WORK_DETAIL_INODE_READ_SAMPLE_TICKS	810
LIST_EXALL_400_ENTRIES_FIRST_PASS_WORK_DETAIL_INODE_VALIDATE_CALLS	400
LIST_EXALL_400_ENTRIES_FIRST_PASS_WORK_DETAIL_INODE_VALIDATE_SAMPLES	23
LIST_EXALL_400_ENTRIES_FIRST_PASS_WORK_DETAIL_INODE_VALIDATE_SAMPLE_TICKS	8
LIST_EXALL_400_ENTRIES_FIRST_PASS_WORK_DETAIL_INODE_SEARCH_CALLS	400
LIST_EXALL_400_ENTRIES_FIRST_PASS_WORK_DETAIL_INODE_SEARCH_SAMPLES	23
LIST_EXALL_400_ENTRIES_FIRST_PASS_WORK_DETAIL_INODE_SEARCH_SAMPLE_TICKS	634
LIST_EXALL_400_ENTRIES_FIRST_PASS_WORK_DETAIL_INODE_NODE_VIEW_CALLS	24
LIST_EXALL_400_ENTRIES_FIRST_PASS_WORK_DETAIL_INODE_NODE_VIEW_SAMPLES	1
LIST_EXALL_400_ENTRIES_FIRST_PASS_WORK_DETAIL_INODE_NODE_VIEW_SAMPLE_TICKS	0
LIST_EXALL_400_ENTRIES_FIRST_PASS_WORK_DETAIL_DIR_NODE_VIEW_CALLS	36
LIST_EXALL_400_ENTRIES_FIRST_PASS_WORK_DETAIL_DIR_NODE_VIEW_SAMPLES	2
LIST_EXALL_400_ENTRIES_FIRST_PASS_WORK_DETAIL_DIR_NODE_VIEW_SAMPLE_TICKS	0
LIST_EXALL_400_ENTRIES_FIRST_PASS_WORK_DETAIL_INODE_BINARY_SEARCH_CALLS	12
LIST_EXALL_400_ENTRIES_FIRST_PASS_WORK_DETAIL_INODE_BINARY_SEARCH_SAMPLES	0
LIST_EXALL_400_ENTRIES_FIRST_PASS_WORK_DETAIL_INODE_BINARY_SEARCH_SAMPLE_TICKS	0
LIST_EXALL_400_ENTRIES_FIRST_PASS_WORK_DETAIL_DIR_BINARY_SEARCH_CALLS	27
LIST_EXALL_400_ENTRIES_FIRST_PASS_WORK_DETAIL_DIR_BINARY_SEARCH_SAMPLES	1
LIST_EXALL_400_ENTRIES_FIRST_PASS_WORK_DETAIL_DIR_BINARY_SEARCH_SAMPLE_TICKS	0
LIST_EXALL_400_ENTRIES_FIRST_PASS_WORK_DETAIL_NODE_STRUCTURE_CALLS	21
LIST_EXALL_400_ENTRIES_FIRST_PASS_WORK_DETAIL_NODE_STRUCTURE_SAMPLES	1
LIST_EXALL_400_ENTRIES_FIRST_PASS_WORK_DETAIL_NODE_STRUCTURE_SAMPLE_TICKS	0
LIST_EXALL_400_ENTRIES_FIRST_PASS_WORK_DETAIL_CACHE_PEEK_CALLS	99
LIST_EXALL_400_ENTRIES_FIRST_PASS_WORK_DETAIL_CACHE_PEEK_SAMPLES	5
LIST_EXALL_400_ENTRIES_FIRST_PASS_WORK_DETAIL_CACHE_PEEK_SAMPLE_TICKS	0
LIST_EXALL_400_ENTRIES_FIRST_PASS_WORK_DETAIL_BUFFER_ALLOC_CALLS	18
LIST_EXALL_400_ENTRIES_FIRST_PASS_WORK_DETAIL_BUFFER_ALLOC_SAMPLES	1
LIST_EXALL_400_ENTRIES_FIRST_PASS_WORK_DETAIL_BUFFER_ALLOC_SAMPLE_TICKS	0
LIST_EXALL_400_ENTRIES_FIRST_PASS_WORK_DETAIL_BUFFER_FREE_CALLS	18
LIST_EXALL_400_ENTRIES_FIRST_PASS_WORK_DETAIL_BUFFER_FREE_SAMPLES	1
LIST_EXALL_400_ENTRIES_FIRST_PASS_WORK_DETAIL_BUFFER_FREE_SAMPLE_TICKS	0
LIST_EXALL_400_ENTRIES_FIRST_PASS_WORK_DETAIL_EXALL_FILL_CALLS	400
LIST_EXALL_400_ENTRIES_FIRST_PASS_WORK_DETAIL_EXALL_FILL_SAMPLES	23
LIST_EXALL_400_ENTRIES_FIRST_PASS_WORK_DETAIL_EXALL_FILL_SAMPLE_TICKS	12
LIST_EXALL_400_ENTRIES_FIRST_PASS_WORK_FREESPACE_ALLOCS	0
LIST_EXALL_400_ENTRIES_FIRST_PASS_VOLUME_FLUSH_BIO_READS	0
LIST_EXALL_400_ENTRIES_FIRST_PASS_VOLUME_FLUSH_BIO_WRITES	0
LIST_EXALL_400_ENTRIES_FIRST_PASS_VOLUME_FLUSH_BIO_UPDATES	0
LIST_EXALL_400_ENTRIES_FIRST_PASS_VOLUME_FLUSH_DATA_READS	0
LIST_EXALL_400_ENTRIES_FIRST_PASS_VOLUME_FLUSH_DATA_WRITES	0
LIST_EXALL_400_ENTRIES_FIRST_PASS_VOLUME_FLUSH_NODE_WRITES	0
LIST_EXALL_400_ENTRIES_FIRST_PASS_VOLUME_FLUSH_TXN_COMMITS	0
LIST_EXALL_400_ENTRIES_FIRST_PASS_VOLUME_FLUSH_EXTENT_MAPS	0
LIST_EXALL_400_ENTRIES_FIRST_PASS_VOLUME_FLUSH_READ_TICKS	0
LIST_EXALL_400_ENTRIES_FIRST_PASS_VOLUME_FLUSH_WRITE_TICKS	0
LIST_EXALL_400_ENTRIES_FIRST_PASS_VOLUME_FLUSH_UPDATE_TICKS	0
LIST_EXALL_400_ENTRIES_FIRST_PASS_VOLUME_FLUSH_DATA_READ_TICKS	0
LIST_EXALL_400_ENTRIES_FIRST_PASS_VOLUME_FLUSH_DATA_WRITE_TICKS	0
LIST_EXALL_400_ENTRIES_FIRST_PASS_VOLUME_FLUSH_NODE_CRC_READ_CALLS	0
LIST_EXALL_400_ENTRIES_FIRST_PASS_VOLUME_FLUSH_NODE_CRC_READ_SAMPLES	0
LIST_EXALL_400_ENTRIES_FIRST_PASS_VOLUME_FLUSH_NODE_CRC_READ_SAMPLE_TICKS	0
LIST_EXALL_400_ENTRIES_FIRST_PASS_VOLUME_FLUSH_NODE_CRC_WRITE_CALLS	0
LIST_EXALL_400_ENTRIES_FIRST_PASS_VOLUME_FLUSH_NODE_CRC_WRITE_SAMPLES	0
LIST_EXALL_400_ENTRIES_FIRST_PASS_VOLUME_FLUSH_NODE_CRC_WRITE_SAMPLE_TICKS	0
LIST_EXALL_400_ENTRIES_FIRST_PASS_VOLUME_FLUSH_CLOCK_PAIR_TICKS	0
LIST_EXALL_400_ENTRIES_FIRST_PASS_VOLUME_FLUSH_PACKET_CALLS	0
LIST_EXALL_400_ENTRIES_FIRST_PASS_VOLUME_FLUSH_PACKET_SAMPLES	0
LIST_EXALL_400_ENTRIES_FIRST_PASS_VOLUME_FLUSH_PACKET_SAMPLE_TICKS	0
LIST_EXALL_400_ENTRIES_FIRST_PASS_VOLUME_FLUSH_PACKET_OPEN_CALLS	0
LIST_EXALL_400_ENTRIES_FIRST_PASS_VOLUME_FLUSH_PACKET_OPEN_SAMPLES	0
LIST_EXALL_400_ENTRIES_FIRST_PASS_VOLUME_FLUSH_PACKET_OPEN_SAMPLE_TICKS	0
LIST_EXALL_400_ENTRIES_FIRST_PASS_VOLUME_FLUSH_PACKET_READ_CALLS	0
LIST_EXALL_400_ENTRIES_FIRST_PASS_VOLUME_FLUSH_PACKET_READ_SAMPLES	0
LIST_EXALL_400_ENTRIES_FIRST_PASS_VOLUME_FLUSH_PACKET_READ_SAMPLE_TICKS	0
LIST_EXALL_400_ENTRIES_FIRST_PASS_VOLUME_FLUSH_PACKET_WRITE_CALLS	0
LIST_EXALL_400_ENTRIES_FIRST_PASS_VOLUME_FLUSH_PACKET_WRITE_SAMPLES	0
LIST_EXALL_400_ENTRIES_FIRST_PASS_VOLUME_FLUSH_PACKET_WRITE_SAMPLE_TICKS	0
LIST_EXALL_400_ENTRIES_FIRST_PASS_VOLUME_FLUSH_PACKET_END_CALLS	0
LIST_EXALL_400_ENTRIES_FIRST_PASS_VOLUME_FLUSH_PACKET_END_SAMPLES	0
LIST_EXALL_400_ENTRIES_FIRST_PASS_VOLUME_FLUSH_PACKET_END_SAMPLE_TICKS	0
LIST_EXALL_400_ENTRIES_FIRST_PASS_VOLUME_FLUSH_PACKET_DELETE_CALLS	0
LIST_EXALL_400_ENTRIES_FIRST_PASS_VOLUME_FLUSH_PACKET_DELETE_SAMPLES	0
LIST_EXALL_400_ENTRIES_FIRST_PASS_VOLUME_FLUSH_PACKET_DELETE_SAMPLE_TICKS	0
LIST_EXALL_400_ENTRIES_FIRST_PASS_VOLUME_FLUSH_PACKET_FLUSH_CALLS	0
LIST_EXALL_400_ENTRIES_FIRST_PASS_VOLUME_FLUSH_PACKET_FLUSH_SAMPLES	0
LIST_EXALL_400_ENTRIES_FIRST_PASS_VOLUME_FLUSH_PACKET_FLUSH_SAMPLE_TICKS	0
LIST_EXALL_400_ENTRIES_FIRST_PASS_VOLUME_FLUSH_PACKET_OTHER_CALLS	0
LIST_EXALL_400_ENTRIES_FIRST_PASS_VOLUME_FLUSH_PACKET_OTHER_SAMPLES	0
LIST_EXALL_400_ENTRIES_FIRST_PASS_VOLUME_FLUSH_PACKET_OTHER_SAMPLE_TICKS	0
LIST_EXALL_400_ENTRIES_FIRST_PASS_VOLUME_FLUSH_CORE_CREATE_CALLS	0
LIST_EXALL_400_ENTRIES_FIRST_PASS_VOLUME_FLUSH_CORE_CREATE_SAMPLES	0
LIST_EXALL_400_ENTRIES_FIRST_PASS_VOLUME_FLUSH_CORE_CREATE_SAMPLE_TICKS	0
LIST_EXALL_400_ENTRIES_FIRST_PASS_VOLUME_FLUSH_CORE_DELETE_CALLS	0
LIST_EXALL_400_ENTRIES_FIRST_PASS_VOLUME_FLUSH_CORE_DELETE_SAMPLES	0
LIST_EXALL_400_ENTRIES_FIRST_PASS_VOLUME_FLUSH_CORE_DELETE_SAMPLE_TICKS	0
LIST_EXALL_400_ENTRIES_FIRST_PASS_VOLUME_FLUSH_CORE_FILE_WRITE_CALLS	0
LIST_EXALL_400_ENTRIES_FIRST_PASS_VOLUME_FLUSH_CORE_FILE_WRITE_SAMPLES	0
LIST_EXALL_400_ENTRIES_FIRST_PASS_VOLUME_FLUSH_CORE_FILE_WRITE_SAMPLE_TICKS	0
LIST_EXALL_400_ENTRIES_FIRST_PASS_VOLUME_FLUSH_CORE_SYNC_CALLS	0
LIST_EXALL_400_ENTRIES_FIRST_PASS_VOLUME_FLUSH_CORE_SYNC_SAMPLES	0
LIST_EXALL_400_ENTRIES_FIRST_PASS_VOLUME_FLUSH_CORE_SYNC_SAMPLE_TICKS	0
LIST_EXALL_400_ENTRIES_FIRST_PASS_VOLUME_FLUSH_IFACE_FREE_CALLS	0
LIST_EXALL_400_ENTRIES_FIRST_PASS_VOLUME_FLUSH_IFACE_FREE_SAMPLES	0
LIST_EXALL_400_ENTRIES_FIRST_PASS_VOLUME_FLUSH_IFACE_FREE_SAMPLE_TICKS	0
LIST_EXALL_400_ENTRIES_FIRST_PASS_VOLUME_FLUSH_SEAL_COMMIT_CALLS	0
LIST_EXALL_400_ENTRIES_FIRST_PASS_VOLUME_FLUSH_SEAL_COMMIT_SAMPLES	0
LIST_EXALL_400_ENTRIES_FIRST_PASS_VOLUME_FLUSH_SEAL_COMMIT_SAMPLE_TICKS	0
LIST_EXALL_400_ENTRIES_FIRST_PASS_VOLUME_FLUSH_INODE_READ_CALLS	0
LIST_EXALL_400_ENTRIES_FIRST_PASS_VOLUME_FLUSH_BTREE_SEARCH_CALLS	0
LIST_EXALL_400_ENTRIES_FIRST_PASS_VOLUME_FLUSH_BTREE_INDEX_HINT_HITS	0
LIST_EXALL_400_ENTRIES_FIRST_PASS_VOLUME_FLUSH_BTREE_LEAF_HINT_HITS	0
LIST_EXALL_400_ENTRIES_FIRST_PASS_VOLUME_FLUSH_CACHE_READ_CALLS	0
LIST_EXALL_400_ENTRIES_FIRST_PASS_VOLUME_FLUSH_CACHE_READ_HITS	0
LIST_EXALL_400_ENTRIES_FIRST_PASS_VOLUME_FLUSH_CACHE_READ_MISSES	0
LIST_EXALL_400_ENTRIES_FIRST_PASS_VOLUME_FLUSH_FREE_TREE_NODE_VIEWS	0
LIST_EXALL_400_ENTRIES_FIRST_PASS_VOLUME_FLUSH_FREE_TREE_RESIDENT_VIEWS	0
LIST_EXALL_400_ENTRIES_FIRST_PASS_VOLUME_FLUSH_DIR_TREE_NODE_VIEWS	0
LIST_EXALL_400_ENTRIES_FIRST_PASS_VOLUME_FLUSH_DIR_TREE_RESIDENT_VIEWS	0
LIST_EXALL_400_ENTRIES_FIRST_PASS_VOLUME_FLUSH_INODE_TREE_NODE_VIEWS	0
LIST_EXALL_400_ENTRIES_FIRST_PASS_VOLUME_FLUSH_INODE_TREE_RESIDENT_VIEWS	0
LIST_EXALL_400_ENTRIES_FIRST_PASS_VOLUME_FLUSH_REFCOUNT_TREE_NODE_VIEWS	0
LIST_EXALL_400_ENTRIES_FIRST_PASS_VOLUME_FLUSH_REFCOUNT_TREE_RESIDENT_VIEWS	0
LIST_EXALL_400_ENTRIES_FIRST_PASS_VOLUME_FLUSH_OTHER_TREE_NODE_VIEWS	0
LIST_EXALL_400_ENTRIES_FIRST_PASS_VOLUME_FLUSH_OTHER_TREE_RESIDENT_VIEWS	0
LIST_EXALL_400_ENTRIES_FIRST_PASS_VOLUME_FLUSH_WRITE_DETAIL_INODE_READ_CALLS	0
LIST_EXALL_400_ENTRIES_FIRST_PASS_VOLUME_FLUSH_WRITE_DETAIL_INODE_READ_SAMPLES	0
LIST_EXALL_400_ENTRIES_FIRST_PASS_VOLUME_FLUSH_WRITE_DETAIL_INODE_READ_SAMPLE_TICKS	0
LIST_EXALL_400_ENTRIES_FIRST_PASS_VOLUME_FLUSH_WRITE_DETAIL_INODE_WRITE_CALLS	0
LIST_EXALL_400_ENTRIES_FIRST_PASS_VOLUME_FLUSH_WRITE_DETAIL_INODE_WRITE_SAMPLES	0
LIST_EXALL_400_ENTRIES_FIRST_PASS_VOLUME_FLUSH_WRITE_DETAIL_INODE_WRITE_SAMPLE_TICKS	0
LIST_EXALL_400_ENTRIES_FIRST_PASS_VOLUME_FLUSH_WRITE_DETAIL_EXTENT_MAP_CALLS	0
LIST_EXALL_400_ENTRIES_FIRST_PASS_VOLUME_FLUSH_WRITE_DETAIL_EXTENT_MAP_SAMPLES	0
LIST_EXALL_400_ENTRIES_FIRST_PASS_VOLUME_FLUSH_WRITE_DETAIL_EXTENT_MAP_SAMPLE_TICKS	0
LIST_EXALL_400_ENTRIES_FIRST_PASS_VOLUME_FLUSH_WRITE_DETAIL_FREESPACE_GOAL_CALLS	0
LIST_EXALL_400_ENTRIES_FIRST_PASS_VOLUME_FLUSH_WRITE_DETAIL_FREESPACE_GOAL_SAMPLES	0
LIST_EXALL_400_ENTRIES_FIRST_PASS_VOLUME_FLUSH_WRITE_DETAIL_FREESPACE_GOAL_SAMPLE_TICKS	0
LIST_EXALL_400_ENTRIES_FIRST_PASS_VOLUME_FLUSH_BTREE_MALLOC_CALLS	0
LIST_EXALL_400_ENTRIES_FIRST_PASS_VOLUME_FLUSH_BTREE_MALLOC_SAMPLES	0
LIST_EXALL_400_ENTRIES_FIRST_PASS_VOLUME_FLUSH_BTREE_MALLOC_SAMPLE_TICKS	0
LIST_EXALL_400_ENTRIES_FIRST_PASS_VOLUME_FLUSH_BTREE_FREE_CALLS	0
LIST_EXALL_400_ENTRIES_FIRST_PASS_VOLUME_FLUSH_BTREE_FREE_SAMPLES	0
LIST_EXALL_400_ENTRIES_FIRST_PASS_VOLUME_FLUSH_BTREE_FREE_SAMPLE_TICKS	0
LIST_EXALL_400_ENTRIES_FIRST_PASS_VOLUME_FLUSH_IFACE_ALLOC_CALLS	0
LIST_EXALL_400_ENTRIES_FIRST_PASS_VOLUME_FLUSH_IFACE_ALLOC_SAMPLES	0
LIST_EXALL_400_ENTRIES_FIRST_PASS_VOLUME_FLUSH_IFACE_ALLOC_SAMPLE_TICKS	0
LIST_EXALL_400_ENTRIES_FIRST_PASS_VOLUME_FLUSH_FREESPACE_ALLOC_CALLS	0
LIST_EXALL_400_ENTRIES_FIRST_PASS_VOLUME_FLUSH_FREESPACE_ALLOC_SAMPLES	0
LIST_EXALL_400_ENTRIES_FIRST_PASS_VOLUME_FLUSH_FREESPACE_ALLOC_SAMPLE_TICKS	0
LIST_EXALL_400_ENTRIES_FIRST_PASS_VOLUME_FLUSH_DETAIL_INODE_READ_CALLS	0
LIST_EXALL_400_ENTRIES_FIRST_PASS_VOLUME_FLUSH_DETAIL_INODE_READ_SAMPLES	0
LIST_EXALL_400_ENTRIES_FIRST_PASS_VOLUME_FLUSH_DETAIL_INODE_READ_SAMPLE_TICKS	0
LIST_EXALL_400_ENTRIES_FIRST_PASS_VOLUME_FLUSH_DETAIL_INODE_VALIDATE_CALLS	0
LIST_EXALL_400_ENTRIES_FIRST_PASS_VOLUME_FLUSH_DETAIL_INODE_VALIDATE_SAMPLES	0
LIST_EXALL_400_ENTRIES_FIRST_PASS_VOLUME_FLUSH_DETAIL_INODE_VALIDATE_SAMPLE_TICKS	0
LIST_EXALL_400_ENTRIES_FIRST_PASS_VOLUME_FLUSH_DETAIL_INODE_SEARCH_CALLS	0
LIST_EXALL_400_ENTRIES_FIRST_PASS_VOLUME_FLUSH_DETAIL_INODE_SEARCH_SAMPLES	0
LIST_EXALL_400_ENTRIES_FIRST_PASS_VOLUME_FLUSH_DETAIL_INODE_SEARCH_SAMPLE_TICKS	0
LIST_EXALL_400_ENTRIES_FIRST_PASS_VOLUME_FLUSH_DETAIL_INODE_NODE_VIEW_CALLS	0
LIST_EXALL_400_ENTRIES_FIRST_PASS_VOLUME_FLUSH_DETAIL_INODE_NODE_VIEW_SAMPLES	0
LIST_EXALL_400_ENTRIES_FIRST_PASS_VOLUME_FLUSH_DETAIL_INODE_NODE_VIEW_SAMPLE_TICKS	0
LIST_EXALL_400_ENTRIES_FIRST_PASS_VOLUME_FLUSH_DETAIL_DIR_NODE_VIEW_CALLS	0
LIST_EXALL_400_ENTRIES_FIRST_PASS_VOLUME_FLUSH_DETAIL_DIR_NODE_VIEW_SAMPLES	0
LIST_EXALL_400_ENTRIES_FIRST_PASS_VOLUME_FLUSH_DETAIL_DIR_NODE_VIEW_SAMPLE_TICKS	0
LIST_EXALL_400_ENTRIES_FIRST_PASS_VOLUME_FLUSH_DETAIL_INODE_BINARY_SEARCH_CALLS	0
LIST_EXALL_400_ENTRIES_FIRST_PASS_VOLUME_FLUSH_DETAIL_INODE_BINARY_SEARCH_SAMPLES	0
LIST_EXALL_400_ENTRIES_FIRST_PASS_VOLUME_FLUSH_DETAIL_INODE_BINARY_SEARCH_SAMPLE_TICKS	0
LIST_EXALL_400_ENTRIES_FIRST_PASS_VOLUME_FLUSH_DETAIL_DIR_BINARY_SEARCH_CALLS	0
LIST_EXALL_400_ENTRIES_FIRST_PASS_VOLUME_FLUSH_DETAIL_DIR_BINARY_SEARCH_SAMPLES	0
LIST_EXALL_400_ENTRIES_FIRST_PASS_VOLUME_FLUSH_DETAIL_DIR_BINARY_SEARCH_SAMPLE_TICKS	0
LIST_EXALL_400_ENTRIES_FIRST_PASS_VOLUME_FLUSH_DETAIL_NODE_STRUCTURE_CALLS	0
LIST_EXALL_400_ENTRIES_FIRST_PASS_VOLUME_FLUSH_DETAIL_NODE_STRUCTURE_SAMPLES	0
LIST_EXALL_400_ENTRIES_FIRST_PASS_VOLUME_FLUSH_DETAIL_NODE_STRUCTURE_SAMPLE_TICKS	0
LIST_EXALL_400_ENTRIES_FIRST_PASS_VOLUME_FLUSH_DETAIL_CACHE_PEEK_CALLS	0
LIST_EXALL_400_ENTRIES_FIRST_PASS_VOLUME_FLUSH_DETAIL_CACHE_PEEK_SAMPLES	0
LIST_EXALL_400_ENTRIES_FIRST_PASS_VOLUME_FLUSH_DETAIL_CACHE_PEEK_SAMPLE_TICKS	0
LIST_EXALL_400_ENTRIES_FIRST_PASS_VOLUME_FLUSH_DETAIL_BUFFER_ALLOC_CALLS	0
LIST_EXALL_400_ENTRIES_FIRST_PASS_VOLUME_FLUSH_DETAIL_BUFFER_ALLOC_SAMPLES	0
LIST_EXALL_400_ENTRIES_FIRST_PASS_VOLUME_FLUSH_DETAIL_BUFFER_ALLOC_SAMPLE_TICKS	0
LIST_EXALL_400_ENTRIES_FIRST_PASS_VOLUME_FLUSH_DETAIL_BUFFER_FREE_CALLS	0
LIST_EXALL_400_ENTRIES_FIRST_PASS_VOLUME_FLUSH_DETAIL_BUFFER_FREE_SAMPLES	0
LIST_EXALL_400_ENTRIES_FIRST_PASS_VOLUME_FLUSH_DETAIL_BUFFER_FREE_SAMPLE_TICKS	0
LIST_EXALL_400_ENTRIES_FIRST_PASS_VOLUME_FLUSH_DETAIL_EXALL_FILL_CALLS	0
LIST_EXALL_400_ENTRIES_FIRST_PASS_VOLUME_FLUSH_DETAIL_EXALL_FILL_SAMPLES	0
LIST_EXALL_400_ENTRIES_FIRST_PASS_VOLUME_FLUSH_DETAIL_EXALL_FILL_SAMPLE_TICKS	0
LIST_EXALL_400_ENTRIES_FIRST_PASS_VOLUME_FLUSH_FREESPACE_ALLOCS	0
LIST_EXALL_400_ENTRIES_REPEAT10_TOTAL_US	124799
LIST_EXALL_400_ENTRIES_REPEAT10_TOTAL_WORK_US	124799
LIST_EXALL_400_ENTRIES_REPEAT10_TOTAL_VOLUME_FLUSH_US	0
LIST_EXALL_400_ENTRIES_REPEAT10_TOTAL_HAS_VOLUME_FLUSH	0
LIST_EXALL_400_ENTRIES_REPEAT10_TOTAL_GUEST_OPEN_CALLS	0
LIST_EXALL_400_ENTRIES_REPEAT10_TOTAL_GUEST_OPEN_US	0
LIST_EXALL_400_ENTRIES_REPEAT10_TOTAL_GUEST_READ_CALLS	0
LIST_EXALL_400_ENTRIES_REPEAT10_TOTAL_GUEST_READ_US	0
LIST_EXALL_400_ENTRIES_REPEAT10_TOTAL_GUEST_WRITE_CALLS	0
LIST_EXALL_400_ENTRIES_REPEAT10_TOTAL_GUEST_WRITE_US	0
LIST_EXALL_400_ENTRIES_REPEAT10_TOTAL_GUEST_HANDLE_FLUSH_CALLS	0
LIST_EXALL_400_ENTRIES_REPEAT10_TOTAL_GUEST_HANDLE_FLUSH_US	0
LIST_EXALL_400_ENTRIES_REPEAT10_TOTAL_GUEST_CLOSE_CALLS	0
LIST_EXALL_400_ENTRIES_REPEAT10_TOTAL_GUEST_CLOSE_US	0
LIST_EXALL_400_ENTRIES_REPEAT10_TOTAL_GUEST_VERIFY_CALLS	0
LIST_EXALL_400_ENTRIES_REPEAT10_TOTAL_GUEST_VERIFY_US	0
LIST_EXALL_400_ENTRIES_REPEAT10_TOTAL_WORK_BIO_READS	0
LIST_EXALL_400_ENTRIES_REPEAT10_TOTAL_WORK_BIO_WRITES	0
LIST_EXALL_400_ENTRIES_REPEAT10_TOTAL_WORK_BIO_UPDATES	0
LIST_EXALL_400_ENTRIES_REPEAT10_TOTAL_WORK_DATA_READS	0
LIST_EXALL_400_ENTRIES_REPEAT10_TOTAL_WORK_DATA_WRITES	0
LIST_EXALL_400_ENTRIES_REPEAT10_TOTAL_WORK_NODE_WRITES	0
LIST_EXALL_400_ENTRIES_REPEAT10_TOTAL_WORK_TXN_COMMITS	0
LIST_EXALL_400_ENTRIES_REPEAT10_TOTAL_WORK_EXTENT_MAPS	0
LIST_EXALL_400_ENTRIES_REPEAT10_TOTAL_WORK_READ_TICKS	0
LIST_EXALL_400_ENTRIES_REPEAT10_TOTAL_WORK_WRITE_TICKS	0
LIST_EXALL_400_ENTRIES_REPEAT10_TOTAL_WORK_UPDATE_TICKS	0
LIST_EXALL_400_ENTRIES_REPEAT10_TOTAL_WORK_DATA_READ_TICKS	0
LIST_EXALL_400_ENTRIES_REPEAT10_TOTAL_WORK_DATA_WRITE_TICKS	0
LIST_EXALL_400_ENTRIES_REPEAT10_TOTAL_WORK_NODE_CRC_READ_CALLS	0
LIST_EXALL_400_ENTRIES_REPEAT10_TOTAL_WORK_NODE_CRC_READ_SAMPLES	0
LIST_EXALL_400_ENTRIES_REPEAT10_TOTAL_WORK_NODE_CRC_READ_SAMPLE_TICKS	0
LIST_EXALL_400_ENTRIES_REPEAT10_TOTAL_WORK_NODE_CRC_WRITE_CALLS	0
LIST_EXALL_400_ENTRIES_REPEAT10_TOTAL_WORK_NODE_CRC_WRITE_SAMPLES	0
LIST_EXALL_400_ENTRIES_REPEAT10_TOTAL_WORK_NODE_CRC_WRITE_SAMPLE_TICKS	0
LIST_EXALL_400_ENTRIES_REPEAT10_TOTAL_WORK_CLOCK_PAIR_TICKS	0
LIST_EXALL_400_ENTRIES_REPEAT10_TOTAL_WORK_PACKET_CALLS	52
LIST_EXALL_400_ENTRIES_REPEAT10_TOTAL_WORK_PACKET_SAMPLES	52
LIST_EXALL_400_ENTRIES_REPEAT10_TOTAL_WORK_PACKET_SAMPLE_TICKS	84933
LIST_EXALL_400_ENTRIES_REPEAT10_TOTAL_WORK_PACKET_OPEN_CALLS	0
LIST_EXALL_400_ENTRIES_REPEAT10_TOTAL_WORK_PACKET_OPEN_SAMPLES	0
LIST_EXALL_400_ENTRIES_REPEAT10_TOTAL_WORK_PACKET_OPEN_SAMPLE_TICKS	0
LIST_EXALL_400_ENTRIES_REPEAT10_TOTAL_WORK_PACKET_READ_CALLS	0
LIST_EXALL_400_ENTRIES_REPEAT10_TOTAL_WORK_PACKET_READ_SAMPLES	0
LIST_EXALL_400_ENTRIES_REPEAT10_TOTAL_WORK_PACKET_READ_SAMPLE_TICKS	0
LIST_EXALL_400_ENTRIES_REPEAT10_TOTAL_WORK_PACKET_WRITE_CALLS	0
LIST_EXALL_400_ENTRIES_REPEAT10_TOTAL_WORK_PACKET_WRITE_SAMPLES	0
LIST_EXALL_400_ENTRIES_REPEAT10_TOTAL_WORK_PACKET_WRITE_SAMPLE_TICKS	0
LIST_EXALL_400_ENTRIES_REPEAT10_TOTAL_WORK_PACKET_END_CALLS	0
LIST_EXALL_400_ENTRIES_REPEAT10_TOTAL_WORK_PACKET_END_SAMPLES	0
LIST_EXALL_400_ENTRIES_REPEAT10_TOTAL_WORK_PACKET_END_SAMPLE_TICKS	0
LIST_EXALL_400_ENTRIES_REPEAT10_TOTAL_WORK_PACKET_DELETE_CALLS	0
LIST_EXALL_400_ENTRIES_REPEAT10_TOTAL_WORK_PACKET_DELETE_SAMPLES	0
LIST_EXALL_400_ENTRIES_REPEAT10_TOTAL_WORK_PACKET_DELETE_SAMPLE_TICKS	0
LIST_EXALL_400_ENTRIES_REPEAT10_TOTAL_WORK_PACKET_FLUSH_CALLS	0
LIST_EXALL_400_ENTRIES_REPEAT10_TOTAL_WORK_PACKET_FLUSH_SAMPLES	0
LIST_EXALL_400_ENTRIES_REPEAT10_TOTAL_WORK_PACKET_FLUSH_SAMPLE_TICKS	0
LIST_EXALL_400_ENTRIES_REPEAT10_TOTAL_WORK_PACKET_OTHER_CALLS	52
LIST_EXALL_400_ENTRIES_REPEAT10_TOTAL_WORK_PACKET_OTHER_SAMPLES	52
LIST_EXALL_400_ENTRIES_REPEAT10_TOTAL_WORK_PACKET_OTHER_SAMPLE_TICKS	84933
LIST_EXALL_400_ENTRIES_REPEAT10_TOTAL_WORK_CORE_CREATE_CALLS	0
LIST_EXALL_400_ENTRIES_REPEAT10_TOTAL_WORK_CORE_CREATE_SAMPLES	0
LIST_EXALL_400_ENTRIES_REPEAT10_TOTAL_WORK_CORE_CREATE_SAMPLE_TICKS	0
LIST_EXALL_400_ENTRIES_REPEAT10_TOTAL_WORK_CORE_DELETE_CALLS	0
LIST_EXALL_400_ENTRIES_REPEAT10_TOTAL_WORK_CORE_DELETE_SAMPLES	0
LIST_EXALL_400_ENTRIES_REPEAT10_TOTAL_WORK_CORE_DELETE_SAMPLE_TICKS	0
LIST_EXALL_400_ENTRIES_REPEAT10_TOTAL_WORK_CORE_FILE_WRITE_CALLS	0
LIST_EXALL_400_ENTRIES_REPEAT10_TOTAL_WORK_CORE_FILE_WRITE_SAMPLES	0
LIST_EXALL_400_ENTRIES_REPEAT10_TOTAL_WORK_CORE_FILE_WRITE_SAMPLE_TICKS	0
LIST_EXALL_400_ENTRIES_REPEAT10_TOTAL_WORK_CORE_SYNC_CALLS	0
LIST_EXALL_400_ENTRIES_REPEAT10_TOTAL_WORK_CORE_SYNC_SAMPLES	0
LIST_EXALL_400_ENTRIES_REPEAT10_TOTAL_WORK_CORE_SYNC_SAMPLE_TICKS	0
LIST_EXALL_400_ENTRIES_REPEAT10_TOTAL_WORK_IFACE_FREE_CALLS	0
LIST_EXALL_400_ENTRIES_REPEAT10_TOTAL_WORK_IFACE_FREE_SAMPLES	0
LIST_EXALL_400_ENTRIES_REPEAT10_TOTAL_WORK_IFACE_FREE_SAMPLE_TICKS	0
LIST_EXALL_400_ENTRIES_REPEAT10_TOTAL_WORK_SEAL_COMMIT_CALLS	0
LIST_EXALL_400_ENTRIES_REPEAT10_TOTAL_WORK_SEAL_COMMIT_SAMPLES	0
LIST_EXALL_400_ENTRIES_REPEAT10_TOTAL_WORK_SEAL_COMMIT_SAMPLE_TICKS	0
LIST_EXALL_400_ENTRIES_REPEAT10_TOTAL_WORK_INODE_READ_CALLS	4000
LIST_EXALL_400_ENTRIES_REPEAT10_TOTAL_WORK_BTREE_SEARCH_CALLS	4001
LIST_EXALL_400_ENTRIES_REPEAT10_TOTAL_WORK_BTREE_INDEX_HINT_HITS	0
LIST_EXALL_400_ENTRIES_REPEAT10_TOTAL_WORK_BTREE_LEAF_HINT_HITS	501
LIST_EXALL_400_ENTRIES_REPEAT10_TOTAL_WORK_CACHE_READ_CALLS	0
LIST_EXALL_400_ENTRIES_REPEAT10_TOTAL_WORK_CACHE_READ_HITS	0
LIST_EXALL_400_ENTRIES_REPEAT10_TOTAL_WORK_CACHE_READ_MISSES	0
LIST_EXALL_400_ENTRIES_REPEAT10_TOTAL_WORK_FREE_TREE_NODE_VIEWS	0
LIST_EXALL_400_ENTRIES_REPEAT10_TOTAL_WORK_FREE_TREE_RESIDENT_VIEWS	0
LIST_EXALL_400_ENTRIES_REPEAT10_TOTAL_WORK_DIR_TREE_NODE_VIEWS	360
LIST_EXALL_400_ENTRIES_REPEAT10_TOTAL_WORK_DIR_TREE_RESIDENT_VIEWS	360
LIST_EXALL_400_ENTRIES_REPEAT10_TOTAL_WORK_INODE_TREE_NODE_VIEWS	0
LIST_EXALL_400_ENTRIES_REPEAT10_TOTAL_WORK_INODE_TREE_RESIDENT_VIEWS	0
LIST_EXALL_400_ENTRIES_REPEAT10_TOTAL_WORK_REFCOUNT_TREE_NODE_VIEWS	0
LIST_EXALL_400_ENTRIES_REPEAT10_TOTAL_WORK_REFCOUNT_TREE_RESIDENT_VIEWS	0
LIST_EXALL_400_ENTRIES_REPEAT10_TOTAL_WORK_OTHER_TREE_NODE_VIEWS	0
LIST_EXALL_400_ENTRIES_REPEAT10_TOTAL_WORK_OTHER_TREE_RESIDENT_VIEWS	0
LIST_EXALL_400_ENTRIES_REPEAT10_TOTAL_WORK_WRITE_DETAIL_INODE_READ_CALLS	4000
LIST_EXALL_400_ENTRIES_REPEAT10_TOTAL_WORK_WRITE_DETAIL_INODE_READ_SAMPLES	4000
LIST_EXALL_400_ENTRIES_REPEAT10_TOTAL_WORK_WRITE_DETAIL_INODE_READ_SAMPLE_TICKS	29923
LIST_EXALL_400_ENTRIES_REPEAT10_TOTAL_WORK_WRITE_DETAIL_INODE_WRITE_CALLS	0
LIST_EXALL_400_ENTRIES_REPEAT10_TOTAL_WORK_WRITE_DETAIL_INODE_WRITE_SAMPLES	0
LIST_EXALL_400_ENTRIES_REPEAT10_TOTAL_WORK_WRITE_DETAIL_INODE_WRITE_SAMPLE_TICKS	0
LIST_EXALL_400_ENTRIES_REPEAT10_TOTAL_WORK_WRITE_DETAIL_EXTENT_MAP_CALLS	0
LIST_EXALL_400_ENTRIES_REPEAT10_TOTAL_WORK_WRITE_DETAIL_EXTENT_MAP_SAMPLES	0
LIST_EXALL_400_ENTRIES_REPEAT10_TOTAL_WORK_WRITE_DETAIL_EXTENT_MAP_SAMPLE_TICKS	0
LIST_EXALL_400_ENTRIES_REPEAT10_TOTAL_WORK_WRITE_DETAIL_FREESPACE_GOAL_CALLS	0
LIST_EXALL_400_ENTRIES_REPEAT10_TOTAL_WORK_WRITE_DETAIL_FREESPACE_GOAL_SAMPLES	0
LIST_EXALL_400_ENTRIES_REPEAT10_TOTAL_WORK_WRITE_DETAIL_FREESPACE_GOAL_SAMPLE_TICKS	0
LIST_EXALL_400_ENTRIES_REPEAT10_TOTAL_WORK_BTREE_MALLOC_CALLS	91
LIST_EXALL_400_ENTRIES_REPEAT10_TOTAL_WORK_BTREE_MALLOC_SAMPLES	91
LIST_EXALL_400_ENTRIES_REPEAT10_TOTAL_WORK_BTREE_MALLOC_SAMPLE_TICKS	532
LIST_EXALL_400_ENTRIES_REPEAT10_TOTAL_WORK_BTREE_FREE_CALLS	91
LIST_EXALL_400_ENTRIES_REPEAT10_TOTAL_WORK_BTREE_FREE_SAMPLES	91
LIST_EXALL_400_ENTRIES_REPEAT10_TOTAL_WORK_BTREE_FREE_SAMPLE_TICKS	219
LIST_EXALL_400_ENTRIES_REPEAT10_TOTAL_WORK_IFACE_ALLOC_CALLS	0
LIST_EXALL_400_ENTRIES_REPEAT10_TOTAL_WORK_IFACE_ALLOC_SAMPLES	0
LIST_EXALL_400_ENTRIES_REPEAT10_TOTAL_WORK_IFACE_ALLOC_SAMPLE_TICKS	0
LIST_EXALL_400_ENTRIES_REPEAT10_TOTAL_WORK_FREESPACE_ALLOC_CALLS	0
LIST_EXALL_400_ENTRIES_REPEAT10_TOTAL_WORK_FREESPACE_ALLOC_SAMPLES	0
LIST_EXALL_400_ENTRIES_REPEAT10_TOTAL_WORK_FREESPACE_ALLOC_SAMPLE_TICKS	0
LIST_EXALL_400_ENTRIES_REPEAT10_TOTAL_WORK_DETAIL_INODE_READ_CALLS	4000
LIST_EXALL_400_ENTRIES_REPEAT10_TOTAL_WORK_DETAIL_INODE_READ_SAMPLES	235
LIST_EXALL_400_ENTRIES_REPEAT10_TOTAL_WORK_DETAIL_INODE_READ_SAMPLE_TICKS	2876
LIST_EXALL_400_ENTRIES_REPEAT10_TOTAL_WORK_DETAIL_INODE_VALIDATE_CALLS	4000
LIST_EXALL_400_ENTRIES_REPEAT10_TOTAL_WORK_DETAIL_INODE_VALIDATE_SAMPLES	235
LIST_EXALL_400_ENTRIES_REPEAT10_TOTAL_WORK_DETAIL_INODE_VALIDATE_SAMPLE_TICKS	681
LIST_EXALL_400_ENTRIES_REPEAT10_TOTAL_WORK_DETAIL_INODE_SEARCH_CALLS	4000
LIST_EXALL_400_ENTRIES_REPEAT10_TOTAL_WORK_DETAIL_INODE_SEARCH_SAMPLES	235
LIST_EXALL_400_ENTRIES_REPEAT10_TOTAL_WORK_DETAIL_INODE_SEARCH_SAMPLE_TICKS	883
LIST_EXALL_400_ENTRIES_REPEAT10_TOTAL_WORK_DETAIL_INODE_NODE_VIEW_CALLS	0
LIST_EXALL_400_ENTRIES_REPEAT10_TOTAL_WORK_DETAIL_INODE_NODE_VIEW_SAMPLES	0
LIST_EXALL_400_ENTRIES_REPEAT10_TOTAL_WORK_DETAIL_INODE_NODE_VIEW_SAMPLE_TICKS	0
LIST_EXALL_400_ENTRIES_REPEAT10_TOTAL_WORK_DETAIL_DIR_NODE_VIEW_CALLS	360
LIST_EXALL_400_ENTRIES_REPEAT10_TOTAL_WORK_DETAIL_DIR_NODE_VIEW_SAMPLES	21
LIST_EXALL_400_ENTRIES_REPEAT10_TOTAL_WORK_DETAIL_DIR_NODE_VIEW_SAMPLE_TICKS	114
LIST_EXALL_400_ENTRIES_REPEAT10_TOTAL_WORK_DETAIL_INODE_BINARY_SEARCH_CALLS	0
LIST_EXALL_400_ENTRIES_REPEAT10_TOTAL_WORK_DETAIL_INODE_BINARY_SEARCH_SAMPLES	0
LIST_EXALL_400_ENTRIES_REPEAT10_TOTAL_WORK_DETAIL_INODE_BINARY_SEARCH_SAMPLE_TICKS	0
LIST_EXALL_400_ENTRIES_REPEAT10_TOTAL_WORK_DETAIL_DIR_BINARY_SEARCH_CALLS	261
LIST_EXALL_400_ENTRIES_REPEAT10_TOTAL_WORK_DETAIL_DIR_BINARY_SEARCH_SAMPLES	15
LIST_EXALL_400_ENTRIES_REPEAT10_TOTAL_WORK_DETAIL_DIR_BINARY_SEARCH_SAMPLE_TICKS	81
LIST_EXALL_400_ENTRIES_REPEAT10_TOTAL_WORK_DETAIL_NODE_STRUCTURE_CALLS	0
LIST_EXALL_400_ENTRIES_REPEAT10_TOTAL_WORK_DETAIL_NODE_STRUCTURE_SAMPLES	0
LIST_EXALL_400_ENTRIES_REPEAT10_TOTAL_WORK_DETAIL_NODE_STRUCTURE_SAMPLE_TICKS	0
LIST_EXALL_400_ENTRIES_REPEAT10_TOTAL_WORK_DETAIL_CACHE_PEEK_CALLS	861
LIST_EXALL_400_ENTRIES_REPEAT10_TOTAL_WORK_DETAIL_CACHE_PEEK_SAMPLES	50
LIST_EXALL_400_ENTRIES_REPEAT10_TOTAL_WORK_DETAIL_CACHE_PEEK_SAMPLE_TICKS	270
LIST_EXALL_400_ENTRIES_REPEAT10_TOTAL_WORK_DETAIL_BUFFER_ALLOC_CALLS	180
LIST_EXALL_400_ENTRIES_REPEAT10_TOTAL_WORK_DETAIL_BUFFER_ALLOC_SAMPLES	10
LIST_EXALL_400_ENTRIES_REPEAT10_TOTAL_WORK_DETAIL_BUFFER_ALLOC_SAMPLE_TICKS	47
LIST_EXALL_400_ENTRIES_REPEAT10_TOTAL_WORK_DETAIL_BUFFER_FREE_CALLS	180
LIST_EXALL_400_ENTRIES_REPEAT10_TOTAL_WORK_DETAIL_BUFFER_FREE_SAMPLES	10
LIST_EXALL_400_ENTRIES_REPEAT10_TOTAL_WORK_DETAIL_BUFFER_FREE_SAMPLE_TICKS	1
LIST_EXALL_400_ENTRIES_REPEAT10_TOTAL_WORK_DETAIL_EXALL_FILL_CALLS	4000
LIST_EXALL_400_ENTRIES_REPEAT10_TOTAL_WORK_DETAIL_EXALL_FILL_SAMPLES	235
LIST_EXALL_400_ENTRIES_REPEAT10_TOTAL_WORK_DETAIL_EXALL_FILL_SAMPLE_TICKS	1099
LIST_EXALL_400_ENTRIES_REPEAT10_TOTAL_WORK_FREESPACE_ALLOCS	0
LIST_EXALL_400_ENTRIES_REPEAT10_TOTAL_VOLUME_FLUSH_BIO_READS	0
LIST_EXALL_400_ENTRIES_REPEAT10_TOTAL_VOLUME_FLUSH_BIO_WRITES	0
LIST_EXALL_400_ENTRIES_REPEAT10_TOTAL_VOLUME_FLUSH_BIO_UPDATES	0
LIST_EXALL_400_ENTRIES_REPEAT10_TOTAL_VOLUME_FLUSH_DATA_READS	0
LIST_EXALL_400_ENTRIES_REPEAT10_TOTAL_VOLUME_FLUSH_DATA_WRITES	0
LIST_EXALL_400_ENTRIES_REPEAT10_TOTAL_VOLUME_FLUSH_NODE_WRITES	0
LIST_EXALL_400_ENTRIES_REPEAT10_TOTAL_VOLUME_FLUSH_TXN_COMMITS	0
LIST_EXALL_400_ENTRIES_REPEAT10_TOTAL_VOLUME_FLUSH_EXTENT_MAPS	0
LIST_EXALL_400_ENTRIES_REPEAT10_TOTAL_VOLUME_FLUSH_READ_TICKS	0
LIST_EXALL_400_ENTRIES_REPEAT10_TOTAL_VOLUME_FLUSH_WRITE_TICKS	0
LIST_EXALL_400_ENTRIES_REPEAT10_TOTAL_VOLUME_FLUSH_UPDATE_TICKS	0
LIST_EXALL_400_ENTRIES_REPEAT10_TOTAL_VOLUME_FLUSH_DATA_READ_TICKS	0
LIST_EXALL_400_ENTRIES_REPEAT10_TOTAL_VOLUME_FLUSH_DATA_WRITE_TICKS	0
LIST_EXALL_400_ENTRIES_REPEAT10_TOTAL_VOLUME_FLUSH_NODE_CRC_READ_CALLS	0
LIST_EXALL_400_ENTRIES_REPEAT10_TOTAL_VOLUME_FLUSH_NODE_CRC_READ_SAMPLES	0
LIST_EXALL_400_ENTRIES_REPEAT10_TOTAL_VOLUME_FLUSH_NODE_CRC_READ_SAMPLE_TICKS	0
LIST_EXALL_400_ENTRIES_REPEAT10_TOTAL_VOLUME_FLUSH_NODE_CRC_WRITE_CALLS	0
LIST_EXALL_400_ENTRIES_REPEAT10_TOTAL_VOLUME_FLUSH_NODE_CRC_WRITE_SAMPLES	0
LIST_EXALL_400_ENTRIES_REPEAT10_TOTAL_VOLUME_FLUSH_NODE_CRC_WRITE_SAMPLE_TICKS	0
LIST_EXALL_400_ENTRIES_REPEAT10_TOTAL_VOLUME_FLUSH_CLOCK_PAIR_TICKS	0
LIST_EXALL_400_ENTRIES_REPEAT10_TOTAL_VOLUME_FLUSH_PACKET_CALLS	0
LIST_EXALL_400_ENTRIES_REPEAT10_TOTAL_VOLUME_FLUSH_PACKET_SAMPLES	0
LIST_EXALL_400_ENTRIES_REPEAT10_TOTAL_VOLUME_FLUSH_PACKET_SAMPLE_TICKS	0
LIST_EXALL_400_ENTRIES_REPEAT10_TOTAL_VOLUME_FLUSH_PACKET_OPEN_CALLS	0
LIST_EXALL_400_ENTRIES_REPEAT10_TOTAL_VOLUME_FLUSH_PACKET_OPEN_SAMPLES	0
LIST_EXALL_400_ENTRIES_REPEAT10_TOTAL_VOLUME_FLUSH_PACKET_OPEN_SAMPLE_TICKS	0
LIST_EXALL_400_ENTRIES_REPEAT10_TOTAL_VOLUME_FLUSH_PACKET_READ_CALLS	0
LIST_EXALL_400_ENTRIES_REPEAT10_TOTAL_VOLUME_FLUSH_PACKET_READ_SAMPLES	0
LIST_EXALL_400_ENTRIES_REPEAT10_TOTAL_VOLUME_FLUSH_PACKET_READ_SAMPLE_TICKS	0
LIST_EXALL_400_ENTRIES_REPEAT10_TOTAL_VOLUME_FLUSH_PACKET_WRITE_CALLS	0
LIST_EXALL_400_ENTRIES_REPEAT10_TOTAL_VOLUME_FLUSH_PACKET_WRITE_SAMPLES	0
LIST_EXALL_400_ENTRIES_REPEAT10_TOTAL_VOLUME_FLUSH_PACKET_WRITE_SAMPLE_TICKS	0
LIST_EXALL_400_ENTRIES_REPEAT10_TOTAL_VOLUME_FLUSH_PACKET_END_CALLS	0
LIST_EXALL_400_ENTRIES_REPEAT10_TOTAL_VOLUME_FLUSH_PACKET_END_SAMPLES	0
LIST_EXALL_400_ENTRIES_REPEAT10_TOTAL_VOLUME_FLUSH_PACKET_END_SAMPLE_TICKS	0
LIST_EXALL_400_ENTRIES_REPEAT10_TOTAL_VOLUME_FLUSH_PACKET_DELETE_CALLS	0
LIST_EXALL_400_ENTRIES_REPEAT10_TOTAL_VOLUME_FLUSH_PACKET_DELETE_SAMPLES	0
LIST_EXALL_400_ENTRIES_REPEAT10_TOTAL_VOLUME_FLUSH_PACKET_DELETE_SAMPLE_TICKS	0
LIST_EXALL_400_ENTRIES_REPEAT10_TOTAL_VOLUME_FLUSH_PACKET_FLUSH_CALLS	0
LIST_EXALL_400_ENTRIES_REPEAT10_TOTAL_VOLUME_FLUSH_PACKET_FLUSH_SAMPLES	0
LIST_EXALL_400_ENTRIES_REPEAT10_TOTAL_VOLUME_FLUSH_PACKET_FLUSH_SAMPLE_TICKS	0
LIST_EXALL_400_ENTRIES_REPEAT10_TOTAL_VOLUME_FLUSH_PACKET_OTHER_CALLS	0
LIST_EXALL_400_ENTRIES_REPEAT10_TOTAL_VOLUME_FLUSH_PACKET_OTHER_SAMPLES	0
LIST_EXALL_400_ENTRIES_REPEAT10_TOTAL_VOLUME_FLUSH_PACKET_OTHER_SAMPLE_TICKS	0
LIST_EXALL_400_ENTRIES_REPEAT10_TOTAL_VOLUME_FLUSH_CORE_CREATE_CALLS	0
LIST_EXALL_400_ENTRIES_REPEAT10_TOTAL_VOLUME_FLUSH_CORE_CREATE_SAMPLES	0
LIST_EXALL_400_ENTRIES_REPEAT10_TOTAL_VOLUME_FLUSH_CORE_CREATE_SAMPLE_TICKS	0
LIST_EXALL_400_ENTRIES_REPEAT10_TOTAL_VOLUME_FLUSH_CORE_DELETE_CALLS	0
LIST_EXALL_400_ENTRIES_REPEAT10_TOTAL_VOLUME_FLUSH_CORE_DELETE_SAMPLES	0
LIST_EXALL_400_ENTRIES_REPEAT10_TOTAL_VOLUME_FLUSH_CORE_DELETE_SAMPLE_TICKS	0
LIST_EXALL_400_ENTRIES_REPEAT10_TOTAL_VOLUME_FLUSH_CORE_FILE_WRITE_CALLS	0
LIST_EXALL_400_ENTRIES_REPEAT10_TOTAL_VOLUME_FLUSH_CORE_FILE_WRITE_SAMPLES	0
LIST_EXALL_400_ENTRIES_REPEAT10_TOTAL_VOLUME_FLUSH_CORE_FILE_WRITE_SAMPLE_TICKS	0
LIST_EXALL_400_ENTRIES_REPEAT10_TOTAL_VOLUME_FLUSH_CORE_SYNC_CALLS	0
LIST_EXALL_400_ENTRIES_REPEAT10_TOTAL_VOLUME_FLUSH_CORE_SYNC_SAMPLES	0
LIST_EXALL_400_ENTRIES_REPEAT10_TOTAL_VOLUME_FLUSH_CORE_SYNC_SAMPLE_TICKS	0
LIST_EXALL_400_ENTRIES_REPEAT10_TOTAL_VOLUME_FLUSH_IFACE_FREE_CALLS	0
LIST_EXALL_400_ENTRIES_REPEAT10_TOTAL_VOLUME_FLUSH_IFACE_FREE_SAMPLES	0
LIST_EXALL_400_ENTRIES_REPEAT10_TOTAL_VOLUME_FLUSH_IFACE_FREE_SAMPLE_TICKS	0
LIST_EXALL_400_ENTRIES_REPEAT10_TOTAL_VOLUME_FLUSH_SEAL_COMMIT_CALLS	0
LIST_EXALL_400_ENTRIES_REPEAT10_TOTAL_VOLUME_FLUSH_SEAL_COMMIT_SAMPLES	0
LIST_EXALL_400_ENTRIES_REPEAT10_TOTAL_VOLUME_FLUSH_SEAL_COMMIT_SAMPLE_TICKS	0
LIST_EXALL_400_ENTRIES_REPEAT10_TOTAL_VOLUME_FLUSH_INODE_READ_CALLS	0
LIST_EXALL_400_ENTRIES_REPEAT10_TOTAL_VOLUME_FLUSH_BTREE_SEARCH_CALLS	0
LIST_EXALL_400_ENTRIES_REPEAT10_TOTAL_VOLUME_FLUSH_BTREE_INDEX_HINT_HITS	0
LIST_EXALL_400_ENTRIES_REPEAT10_TOTAL_VOLUME_FLUSH_BTREE_LEAF_HINT_HITS	0
LIST_EXALL_400_ENTRIES_REPEAT10_TOTAL_VOLUME_FLUSH_CACHE_READ_CALLS	0
LIST_EXALL_400_ENTRIES_REPEAT10_TOTAL_VOLUME_FLUSH_CACHE_READ_HITS	0
LIST_EXALL_400_ENTRIES_REPEAT10_TOTAL_VOLUME_FLUSH_CACHE_READ_MISSES	0
LIST_EXALL_400_ENTRIES_REPEAT10_TOTAL_VOLUME_FLUSH_FREE_TREE_NODE_VIEWS	0
LIST_EXALL_400_ENTRIES_REPEAT10_TOTAL_VOLUME_FLUSH_FREE_TREE_RESIDENT_VIEWS	0
LIST_EXALL_400_ENTRIES_REPEAT10_TOTAL_VOLUME_FLUSH_DIR_TREE_NODE_VIEWS	0
LIST_EXALL_400_ENTRIES_REPEAT10_TOTAL_VOLUME_FLUSH_DIR_TREE_RESIDENT_VIEWS	0
LIST_EXALL_400_ENTRIES_REPEAT10_TOTAL_VOLUME_FLUSH_INODE_TREE_NODE_VIEWS	0
LIST_EXALL_400_ENTRIES_REPEAT10_TOTAL_VOLUME_FLUSH_INODE_TREE_RESIDENT_VIEWS	0
LIST_EXALL_400_ENTRIES_REPEAT10_TOTAL_VOLUME_FLUSH_REFCOUNT_TREE_NODE_VIEWS	0
LIST_EXALL_400_ENTRIES_REPEAT10_TOTAL_VOLUME_FLUSH_REFCOUNT_TREE_RESIDENT_VIEWS	0
LIST_EXALL_400_ENTRIES_REPEAT10_TOTAL_VOLUME_FLUSH_OTHER_TREE_NODE_VIEWS	0
LIST_EXALL_400_ENTRIES_REPEAT10_TOTAL_VOLUME_FLUSH_OTHER_TREE_RESIDENT_VIEWS	0
LIST_EXALL_400_ENTRIES_REPEAT10_TOTAL_VOLUME_FLUSH_WRITE_DETAIL_INODE_READ_CALLS	0
LIST_EXALL_400_ENTRIES_REPEAT10_TOTAL_VOLUME_FLUSH_WRITE_DETAIL_INODE_READ_SAMPLES	0
LIST_EXALL_400_ENTRIES_REPEAT10_TOTAL_VOLUME_FLUSH_WRITE_DETAIL_INODE_READ_SAMPLE_TICKS	0
LIST_EXALL_400_ENTRIES_REPEAT10_TOTAL_VOLUME_FLUSH_WRITE_DETAIL_INODE_WRITE_CALLS	0
LIST_EXALL_400_ENTRIES_REPEAT10_TOTAL_VOLUME_FLUSH_WRITE_DETAIL_INODE_WRITE_SAMPLES	0
LIST_EXALL_400_ENTRIES_REPEAT10_TOTAL_VOLUME_FLUSH_WRITE_DETAIL_INODE_WRITE_SAMPLE_TICKS	0
LIST_EXALL_400_ENTRIES_REPEAT10_TOTAL_VOLUME_FLUSH_WRITE_DETAIL_EXTENT_MAP_CALLS	0
LIST_EXALL_400_ENTRIES_REPEAT10_TOTAL_VOLUME_FLUSH_WRITE_DETAIL_EXTENT_MAP_SAMPLES	0
LIST_EXALL_400_ENTRIES_REPEAT10_TOTAL_VOLUME_FLUSH_WRITE_DETAIL_EXTENT_MAP_SAMPLE_TICKS	0
LIST_EXALL_400_ENTRIES_REPEAT10_TOTAL_VOLUME_FLUSH_WRITE_DETAIL_FREESPACE_GOAL_CALLS	0
LIST_EXALL_400_ENTRIES_REPEAT10_TOTAL_VOLUME_FLUSH_WRITE_DETAIL_FREESPACE_GOAL_SAMPLES	0
LIST_EXALL_400_ENTRIES_REPEAT10_TOTAL_VOLUME_FLUSH_WRITE_DETAIL_FREESPACE_GOAL_SAMPLE_TICKS	0
LIST_EXALL_400_ENTRIES_REPEAT10_TOTAL_VOLUME_FLUSH_BTREE_MALLOC_CALLS	0
LIST_EXALL_400_ENTRIES_REPEAT10_TOTAL_VOLUME_FLUSH_BTREE_MALLOC_SAMPLES	0
LIST_EXALL_400_ENTRIES_REPEAT10_TOTAL_VOLUME_FLUSH_BTREE_MALLOC_SAMPLE_TICKS	0
LIST_EXALL_400_ENTRIES_REPEAT10_TOTAL_VOLUME_FLUSH_BTREE_FREE_CALLS	0
LIST_EXALL_400_ENTRIES_REPEAT10_TOTAL_VOLUME_FLUSH_BTREE_FREE_SAMPLES	0
LIST_EXALL_400_ENTRIES_REPEAT10_TOTAL_VOLUME_FLUSH_BTREE_FREE_SAMPLE_TICKS	0
LIST_EXALL_400_ENTRIES_REPEAT10_TOTAL_VOLUME_FLUSH_IFACE_ALLOC_CALLS	0
LIST_EXALL_400_ENTRIES_REPEAT10_TOTAL_VOLUME_FLUSH_IFACE_ALLOC_SAMPLES	0
LIST_EXALL_400_ENTRIES_REPEAT10_TOTAL_VOLUME_FLUSH_IFACE_ALLOC_SAMPLE_TICKS	0
LIST_EXALL_400_ENTRIES_REPEAT10_TOTAL_VOLUME_FLUSH_FREESPACE_ALLOC_CALLS	0
LIST_EXALL_400_ENTRIES_REPEAT10_TOTAL_VOLUME_FLUSH_FREESPACE_ALLOC_SAMPLES	0
LIST_EXALL_400_ENTRIES_REPEAT10_TOTAL_VOLUME_FLUSH_FREESPACE_ALLOC_SAMPLE_TICKS	0
LIST_EXALL_400_ENTRIES_REPEAT10_TOTAL_VOLUME_FLUSH_DETAIL_INODE_READ_CALLS	0
LIST_EXALL_400_ENTRIES_REPEAT10_TOTAL_VOLUME_FLUSH_DETAIL_INODE_READ_SAMPLES	0
LIST_EXALL_400_ENTRIES_REPEAT10_TOTAL_VOLUME_FLUSH_DETAIL_INODE_READ_SAMPLE_TICKS	0
LIST_EXALL_400_ENTRIES_REPEAT10_TOTAL_VOLUME_FLUSH_DETAIL_INODE_VALIDATE_CALLS	0
LIST_EXALL_400_ENTRIES_REPEAT10_TOTAL_VOLUME_FLUSH_DETAIL_INODE_VALIDATE_SAMPLES	0
LIST_EXALL_400_ENTRIES_REPEAT10_TOTAL_VOLUME_FLUSH_DETAIL_INODE_VALIDATE_SAMPLE_TICKS	0
LIST_EXALL_400_ENTRIES_REPEAT10_TOTAL_VOLUME_FLUSH_DETAIL_INODE_SEARCH_CALLS	0
LIST_EXALL_400_ENTRIES_REPEAT10_TOTAL_VOLUME_FLUSH_DETAIL_INODE_SEARCH_SAMPLES	0
LIST_EXALL_400_ENTRIES_REPEAT10_TOTAL_VOLUME_FLUSH_DETAIL_INODE_SEARCH_SAMPLE_TICKS	0
LIST_EXALL_400_ENTRIES_REPEAT10_TOTAL_VOLUME_FLUSH_DETAIL_INODE_NODE_VIEW_CALLS	0
LIST_EXALL_400_ENTRIES_REPEAT10_TOTAL_VOLUME_FLUSH_DETAIL_INODE_NODE_VIEW_SAMPLES	0
LIST_EXALL_400_ENTRIES_REPEAT10_TOTAL_VOLUME_FLUSH_DETAIL_INODE_NODE_VIEW_SAMPLE_TICKS	0
LIST_EXALL_400_ENTRIES_REPEAT10_TOTAL_VOLUME_FLUSH_DETAIL_DIR_NODE_VIEW_CALLS	0
LIST_EXALL_400_ENTRIES_REPEAT10_TOTAL_VOLUME_FLUSH_DETAIL_DIR_NODE_VIEW_SAMPLES	0
LIST_EXALL_400_ENTRIES_REPEAT10_TOTAL_VOLUME_FLUSH_DETAIL_DIR_NODE_VIEW_SAMPLE_TICKS	0
LIST_EXALL_400_ENTRIES_REPEAT10_TOTAL_VOLUME_FLUSH_DETAIL_INODE_BINARY_SEARCH_CALLS	0
LIST_EXALL_400_ENTRIES_REPEAT10_TOTAL_VOLUME_FLUSH_DETAIL_INODE_BINARY_SEARCH_SAMPLES	0
LIST_EXALL_400_ENTRIES_REPEAT10_TOTAL_VOLUME_FLUSH_DETAIL_INODE_BINARY_SEARCH_SAMPLE_TICKS	0
LIST_EXALL_400_ENTRIES_REPEAT10_TOTAL_VOLUME_FLUSH_DETAIL_DIR_BINARY_SEARCH_CALLS	0
LIST_EXALL_400_ENTRIES_REPEAT10_TOTAL_VOLUME_FLUSH_DETAIL_DIR_BINARY_SEARCH_SAMPLES	0
LIST_EXALL_400_ENTRIES_REPEAT10_TOTAL_VOLUME_FLUSH_DETAIL_DIR_BINARY_SEARCH_SAMPLE_TICKS	0
LIST_EXALL_400_ENTRIES_REPEAT10_TOTAL_VOLUME_FLUSH_DETAIL_NODE_STRUCTURE_CALLS	0
LIST_EXALL_400_ENTRIES_REPEAT10_TOTAL_VOLUME_FLUSH_DETAIL_NODE_STRUCTURE_SAMPLES	0
LIST_EXALL_400_ENTRIES_REPEAT10_TOTAL_VOLUME_FLUSH_DETAIL_NODE_STRUCTURE_SAMPLE_TICKS	0
LIST_EXALL_400_ENTRIES_REPEAT10_TOTAL_VOLUME_FLUSH_DETAIL_CACHE_PEEK_CALLS	0
LIST_EXALL_400_ENTRIES_REPEAT10_TOTAL_VOLUME_FLUSH_DETAIL_CACHE_PEEK_SAMPLES	0
LIST_EXALL_400_ENTRIES_REPEAT10_TOTAL_VOLUME_FLUSH_DETAIL_CACHE_PEEK_SAMPLE_TICKS	0
LIST_EXALL_400_ENTRIES_REPEAT10_TOTAL_VOLUME_FLUSH_DETAIL_BUFFER_ALLOC_CALLS	0
LIST_EXALL_400_ENTRIES_REPEAT10_TOTAL_VOLUME_FLUSH_DETAIL_BUFFER_ALLOC_SAMPLES	0
LIST_EXALL_400_ENTRIES_REPEAT10_TOTAL_VOLUME_FLUSH_DETAIL_BUFFER_ALLOC_SAMPLE_TICKS	0
LIST_EXALL_400_ENTRIES_REPEAT10_TOTAL_VOLUME_FLUSH_DETAIL_BUFFER_FREE_CALLS	0
LIST_EXALL_400_ENTRIES_REPEAT10_TOTAL_VOLUME_FLUSH_DETAIL_BUFFER_FREE_SAMPLES	0
LIST_EXALL_400_ENTRIES_REPEAT10_TOTAL_VOLUME_FLUSH_DETAIL_BUFFER_FREE_SAMPLE_TICKS	0
LIST_EXALL_400_ENTRIES_REPEAT10_TOTAL_VOLUME_FLUSH_DETAIL_EXALL_FILL_CALLS	0
LIST_EXALL_400_ENTRIES_REPEAT10_TOTAL_VOLUME_FLUSH_DETAIL_EXALL_FILL_SAMPLES	0
LIST_EXALL_400_ENTRIES_REPEAT10_TOTAL_VOLUME_FLUSH_DETAIL_EXALL_FILL_SAMPLE_TICKS	0
LIST_EXALL_400_ENTRIES_REPEAT10_TOTAL_VOLUME_FLUSH_FREESPACE_ALLOCS	0
LIST_EXNEXT_1000_ENTRIES_FIRST_PASS_US	134974
LIST_EXNEXT_1000_ENTRIES_FIRST_PASS_WORK_US	134974
LIST_EXNEXT_1000_ENTRIES_FIRST_PASS_VOLUME_FLUSH_US	0
LIST_EXNEXT_1000_ENTRIES_FIRST_PASS_HAS_VOLUME_FLUSH	0
LIST_EXNEXT_1000_ENTRIES_FIRST_PASS_GUEST_OPEN_CALLS	0
LIST_EXNEXT_1000_ENTRIES_FIRST_PASS_GUEST_OPEN_US	0
LIST_EXNEXT_1000_ENTRIES_FIRST_PASS_GUEST_READ_CALLS	0
LIST_EXNEXT_1000_ENTRIES_FIRST_PASS_GUEST_READ_US	0
LIST_EXNEXT_1000_ENTRIES_FIRST_PASS_GUEST_WRITE_CALLS	0
LIST_EXNEXT_1000_ENTRIES_FIRST_PASS_GUEST_WRITE_US	0
LIST_EXNEXT_1000_ENTRIES_FIRST_PASS_GUEST_HANDLE_FLUSH_CALLS	0
LIST_EXNEXT_1000_ENTRIES_FIRST_PASS_GUEST_HANDLE_FLUSH_US	0
LIST_EXNEXT_1000_ENTRIES_FIRST_PASS_GUEST_CLOSE_CALLS	0
LIST_EXNEXT_1000_ENTRIES_FIRST_PASS_GUEST_CLOSE_US	0
LIST_EXNEXT_1000_ENTRIES_FIRST_PASS_GUEST_VERIFY_CALLS	0
LIST_EXNEXT_1000_ENTRIES_FIRST_PASS_GUEST_VERIFY_US	0
LIST_EXNEXT_1000_ENTRIES_FIRST_PASS_WORK_BIO_READS	51
LIST_EXNEXT_1000_ENTRIES_FIRST_PASS_WORK_BIO_WRITES	0
LIST_EXNEXT_1000_ENTRIES_FIRST_PASS_WORK_BIO_UPDATES	0
LIST_EXNEXT_1000_ENTRIES_FIRST_PASS_WORK_DATA_READS	0
LIST_EXNEXT_1000_ENTRIES_FIRST_PASS_WORK_DATA_WRITES	0
LIST_EXNEXT_1000_ENTRIES_FIRST_PASS_WORK_NODE_WRITES	0
LIST_EXNEXT_1000_ENTRIES_FIRST_PASS_WORK_TXN_COMMITS	0
LIST_EXNEXT_1000_ENTRIES_FIRST_PASS_WORK_EXTENT_MAPS	0
LIST_EXNEXT_1000_ENTRIES_FIRST_PASS_WORK_READ_TICKS	2945
LIST_EXNEXT_1000_ENTRIES_FIRST_PASS_WORK_WRITE_TICKS	0
LIST_EXNEXT_1000_ENTRIES_FIRST_PASS_WORK_UPDATE_TICKS	0
LIST_EXNEXT_1000_ENTRIES_FIRST_PASS_WORK_DATA_READ_TICKS	0
LIST_EXNEXT_1000_ENTRIES_FIRST_PASS_WORK_DATA_WRITE_TICKS	0
LIST_EXNEXT_1000_ENTRIES_FIRST_PASS_WORK_NODE_CRC_READ_CALLS	51
LIST_EXNEXT_1000_ENTRIES_FIRST_PASS_WORK_NODE_CRC_READ_SAMPLES	51
LIST_EXNEXT_1000_ENTRIES_FIRST_PASS_WORK_NODE_CRC_READ_SAMPLE_TICKS	7087
LIST_EXNEXT_1000_ENTRIES_FIRST_PASS_WORK_NODE_CRC_WRITE_CALLS	0
LIST_EXNEXT_1000_ENTRIES_FIRST_PASS_WORK_NODE_CRC_WRITE_SAMPLES	0
LIST_EXNEXT_1000_ENTRIES_FIRST_PASS_WORK_NODE_CRC_WRITE_SAMPLE_TICKS	0
LIST_EXNEXT_1000_ENTRIES_FIRST_PASS_WORK_CLOCK_PAIR_TICKS	0
LIST_EXNEXT_1000_ENTRIES_FIRST_PASS_WORK_PACKET_CALLS	1004
LIST_EXNEXT_1000_ENTRIES_FIRST_PASS_WORK_PACKET_SAMPLES	1004
LIST_EXNEXT_1000_ENTRIES_FIRST_PASS_WORK_PACKET_SAMPLE_TICKS	75301
LIST_EXNEXT_1000_ENTRIES_FIRST_PASS_WORK_PACKET_OPEN_CALLS	0
LIST_EXNEXT_1000_ENTRIES_FIRST_PASS_WORK_PACKET_OPEN_SAMPLES	0
LIST_EXNEXT_1000_ENTRIES_FIRST_PASS_WORK_PACKET_OPEN_SAMPLE_TICKS	0
LIST_EXNEXT_1000_ENTRIES_FIRST_PASS_WORK_PACKET_READ_CALLS	0
LIST_EXNEXT_1000_ENTRIES_FIRST_PASS_WORK_PACKET_READ_SAMPLES	0
LIST_EXNEXT_1000_ENTRIES_FIRST_PASS_WORK_PACKET_READ_SAMPLE_TICKS	0
LIST_EXNEXT_1000_ENTRIES_FIRST_PASS_WORK_PACKET_WRITE_CALLS	0
LIST_EXNEXT_1000_ENTRIES_FIRST_PASS_WORK_PACKET_WRITE_SAMPLES	0
LIST_EXNEXT_1000_ENTRIES_FIRST_PASS_WORK_PACKET_WRITE_SAMPLE_TICKS	0
LIST_EXNEXT_1000_ENTRIES_FIRST_PASS_WORK_PACKET_END_CALLS	0
LIST_EXNEXT_1000_ENTRIES_FIRST_PASS_WORK_PACKET_END_SAMPLES	0
LIST_EXNEXT_1000_ENTRIES_FIRST_PASS_WORK_PACKET_END_SAMPLE_TICKS	0
LIST_EXNEXT_1000_ENTRIES_FIRST_PASS_WORK_PACKET_DELETE_CALLS	0
LIST_EXNEXT_1000_ENTRIES_FIRST_PASS_WORK_PACKET_DELETE_SAMPLES	0
LIST_EXNEXT_1000_ENTRIES_FIRST_PASS_WORK_PACKET_DELETE_SAMPLE_TICKS	0
LIST_EXNEXT_1000_ENTRIES_FIRST_PASS_WORK_PACKET_FLUSH_CALLS	0
LIST_EXNEXT_1000_ENTRIES_FIRST_PASS_WORK_PACKET_FLUSH_SAMPLES	0
LIST_EXNEXT_1000_ENTRIES_FIRST_PASS_WORK_PACKET_FLUSH_SAMPLE_TICKS	0
LIST_EXNEXT_1000_ENTRIES_FIRST_PASS_WORK_PACKET_OTHER_CALLS	1004
LIST_EXNEXT_1000_ENTRIES_FIRST_PASS_WORK_PACKET_OTHER_SAMPLES	1004
LIST_EXNEXT_1000_ENTRIES_FIRST_PASS_WORK_PACKET_OTHER_SAMPLE_TICKS	75301
LIST_EXNEXT_1000_ENTRIES_FIRST_PASS_WORK_CORE_CREATE_CALLS	0
LIST_EXNEXT_1000_ENTRIES_FIRST_PASS_WORK_CORE_CREATE_SAMPLES	0
LIST_EXNEXT_1000_ENTRIES_FIRST_PASS_WORK_CORE_CREATE_SAMPLE_TICKS	0
LIST_EXNEXT_1000_ENTRIES_FIRST_PASS_WORK_CORE_DELETE_CALLS	0
LIST_EXNEXT_1000_ENTRIES_FIRST_PASS_WORK_CORE_DELETE_SAMPLES	0
LIST_EXNEXT_1000_ENTRIES_FIRST_PASS_WORK_CORE_DELETE_SAMPLE_TICKS	0
LIST_EXNEXT_1000_ENTRIES_FIRST_PASS_WORK_CORE_FILE_WRITE_CALLS	0
LIST_EXNEXT_1000_ENTRIES_FIRST_PASS_WORK_CORE_FILE_WRITE_SAMPLES	0
LIST_EXNEXT_1000_ENTRIES_FIRST_PASS_WORK_CORE_FILE_WRITE_SAMPLE_TICKS	0
LIST_EXNEXT_1000_ENTRIES_FIRST_PASS_WORK_CORE_SYNC_CALLS	0
LIST_EXNEXT_1000_ENTRIES_FIRST_PASS_WORK_CORE_SYNC_SAMPLES	0
LIST_EXNEXT_1000_ENTRIES_FIRST_PASS_WORK_CORE_SYNC_SAMPLE_TICKS	0
LIST_EXNEXT_1000_ENTRIES_FIRST_PASS_WORK_IFACE_FREE_CALLS	0
LIST_EXNEXT_1000_ENTRIES_FIRST_PASS_WORK_IFACE_FREE_SAMPLES	0
LIST_EXNEXT_1000_ENTRIES_FIRST_PASS_WORK_IFACE_FREE_SAMPLE_TICKS	0
LIST_EXNEXT_1000_ENTRIES_FIRST_PASS_WORK_SEAL_COMMIT_CALLS	0
LIST_EXNEXT_1000_ENTRIES_FIRST_PASS_WORK_SEAL_COMMIT_SAMPLES	0
LIST_EXNEXT_1000_ENTRIES_FIRST_PASS_WORK_SEAL_COMMIT_SAMPLE_TICKS	0
LIST_EXNEXT_1000_ENTRIES_FIRST_PASS_WORK_INODE_READ_CALLS	1001
LIST_EXNEXT_1000_ENTRIES_FIRST_PASS_WORK_BTREE_SEARCH_CALLS	1002
LIST_EXNEXT_1000_ENTRIES_FIRST_PASS_WORK_BTREE_INDEX_HINT_HITS	0
LIST_EXNEXT_1000_ENTRIES_FIRST_PASS_WORK_BTREE_LEAF_HINT_HITS	971
LIST_EXNEXT_1000_ENTRIES_FIRST_PASS_WORK_CACHE_READ_CALLS	51
LIST_EXNEXT_1000_ENTRIES_FIRST_PASS_WORK_CACHE_READ_HITS	0
LIST_EXNEXT_1000_ENTRIES_FIRST_PASS_WORK_CACHE_READ_MISSES	51
LIST_EXNEXT_1000_ENTRIES_FIRST_PASS_WORK_FREE_TREE_NODE_VIEWS	0
LIST_EXNEXT_1000_ENTRIES_FIRST_PASS_WORK_FREE_TREE_RESIDENT_VIEWS	0
LIST_EXNEXT_1000_ENTRIES_FIRST_PASS_WORK_DIR_TREE_NODE_VIEWS	84
LIST_EXNEXT_1000_ENTRIES_FIRST_PASS_WORK_DIR_TREE_RESIDENT_VIEWS	64
LIST_EXNEXT_1000_ENTRIES_FIRST_PASS_WORK_INODE_TREE_NODE_VIEWS	62
LIST_EXNEXT_1000_ENTRIES_FIRST_PASS_WORK_INODE_TREE_RESIDENT_VIEWS	31
LIST_EXNEXT_1000_ENTRIES_FIRST_PASS_WORK_REFCOUNT_TREE_NODE_VIEWS	0
LIST_EXNEXT_1000_ENTRIES_FIRST_PASS_WORK_REFCOUNT_TREE_RESIDENT_VIEWS	0
LIST_EXNEXT_1000_ENTRIES_FIRST_PASS_WORK_OTHER_TREE_NODE_VIEWS	0
LIST_EXNEXT_1000_ENTRIES_FIRST_PASS_WORK_OTHER_TREE_RESIDENT_VIEWS	0
LIST_EXNEXT_1000_ENTRIES_FIRST_PASS_WORK_WRITE_DETAIL_INODE_READ_CALLS	1001
LIST_EXNEXT_1000_ENTRIES_FIRST_PASS_WORK_WRITE_DETAIL_INODE_READ_SAMPLES	1001
LIST_EXNEXT_1000_ENTRIES_FIRST_PASS_WORK_WRITE_DETAIL_INODE_READ_SAMPLE_TICKS	28967
LIST_EXNEXT_1000_ENTRIES_FIRST_PASS_WORK_WRITE_DETAIL_INODE_WRITE_CALLS	0
LIST_EXNEXT_1000_ENTRIES_FIRST_PASS_WORK_WRITE_DETAIL_INODE_WRITE_SAMPLES	0
LIST_EXNEXT_1000_ENTRIES_FIRST_PASS_WORK_WRITE_DETAIL_INODE_WRITE_SAMPLE_TICKS	0
LIST_EXNEXT_1000_ENTRIES_FIRST_PASS_WORK_WRITE_DETAIL_EXTENT_MAP_CALLS	0
LIST_EXNEXT_1000_ENTRIES_FIRST_PASS_WORK_WRITE_DETAIL_EXTENT_MAP_SAMPLES	0
LIST_EXNEXT_1000_ENTRIES_FIRST_PASS_WORK_WRITE_DETAIL_EXTENT_MAP_SAMPLE_TICKS	0
LIST_EXNEXT_1000_ENTRIES_FIRST_PASS_WORK_WRITE_DETAIL_FREESPACE_GOAL_CALLS	0
LIST_EXNEXT_1000_ENTRIES_FIRST_PASS_WORK_WRITE_DETAIL_FREESPACE_GOAL_SAMPLES	0
LIST_EXNEXT_1000_ENTRIES_FIRST_PASS_WORK_WRITE_DETAIL_FREESPACE_GOAL_SAMPLE_TICKS	0
LIST_EXNEXT_1000_ENTRIES_FIRST_PASS_WORK_BTREE_MALLOC_CALLS	21
LIST_EXNEXT_1000_ENTRIES_FIRST_PASS_WORK_BTREE_MALLOC_SAMPLES	21
LIST_EXNEXT_1000_ENTRIES_FIRST_PASS_WORK_BTREE_MALLOC_SAMPLE_TICKS	47
LIST_EXNEXT_1000_ENTRIES_FIRST_PASS_WORK_BTREE_FREE_CALLS	1003
LIST_EXNEXT_1000_ENTRIES_FIRST_PASS_WORK_BTREE_FREE_SAMPLES	1003
LIST_EXNEXT_1000_ENTRIES_FIRST_PASS_WORK_BTREE_FREE_SAMPLE_TICKS	1545
LIST_EXNEXT_1000_ENTRIES_FIRST_PASS_WORK_IFACE_ALLOC_CALLS	0
LIST_EXNEXT_1000_ENTRIES_FIRST_PASS_WORK_IFACE_ALLOC_SAMPLES	0
LIST_EXNEXT_1000_ENTRIES_FIRST_PASS_WORK_IFACE_ALLOC_SAMPLE_TICKS	0
LIST_EXNEXT_1000_ENTRIES_FIRST_PASS_WORK_FREESPACE_ALLOC_CALLS	0
LIST_EXNEXT_1000_ENTRIES_FIRST_PASS_WORK_FREESPACE_ALLOC_SAMPLES	0
LIST_EXNEXT_1000_ENTRIES_FIRST_PASS_WORK_FREESPACE_ALLOC_SAMPLE_TICKS	0
LIST_EXNEXT_1000_ENTRIES_FIRST_PASS_WORK_DETAIL_INODE_READ_CALLS	1001
LIST_EXNEXT_1000_ENTRIES_FIRST_PASS_WORK_DETAIL_INODE_READ_SAMPLES	58
LIST_EXNEXT_1000_ENTRIES_FIRST_PASS_WORK_DETAIL_INODE_READ_SAMPLE_TICKS	2332
LIST_EXNEXT_1000_ENTRIES_FIRST_PASS_WORK_DETAIL_INODE_VALIDATE_CALLS	1001
LIST_EXNEXT_1000_ENTRIES_FIRST_PASS_WORK_DETAIL_INODE_VALIDATE_SAMPLES	58
LIST_EXNEXT_1000_ENTRIES_FIRST_PASS_WORK_DETAIL_INODE_VALIDATE_SAMPLE_TICKS	111
LIST_EXNEXT_1000_ENTRIES_FIRST_PASS_WORK_DETAIL_INODE_SEARCH_CALLS	1001
LIST_EXNEXT_1000_ENTRIES_FIRST_PASS_WORK_DETAIL_INODE_SEARCH_SAMPLES	58
LIST_EXNEXT_1000_ENTRIES_FIRST_PASS_WORK_DETAIL_INODE_SEARCH_SAMPLE_TICKS	1666
LIST_EXNEXT_1000_ENTRIES_FIRST_PASS_WORK_DETAIL_INODE_NODE_VIEW_CALLS	62
LIST_EXNEXT_1000_ENTRIES_FIRST_PASS_WORK_DETAIL_INODE_NODE_VIEW_SAMPLES	3
LIST_EXNEXT_1000_ENTRIES_FIRST_PASS_WORK_DETAIL_INODE_NODE_VIEW_SAMPLE_TICKS	136
LIST_EXNEXT_1000_ENTRIES_FIRST_PASS_WORK_DETAIL_DIR_NODE_VIEW_CALLS	84
LIST_EXNEXT_1000_ENTRIES_FIRST_PASS_WORK_DETAIL_DIR_NODE_VIEW_SAMPLES	4
LIST_EXNEXT_1000_ENTRIES_FIRST_PASS_WORK_DETAIL_DIR_NODE_VIEW_SAMPLE_TICKS	350
LIST_EXNEXT_1000_ENTRIES_FIRST_PASS_WORK_DETAIL_INODE_BINARY_SEARCH_CALLS	62
LIST_EXNEXT_1000_ENTRIES_FIRST_PASS_WORK_DETAIL_INODE_BINARY_SEARCH_SAMPLES	3
LIST_EXNEXT_1000_ENTRIES_FIRST_PASS_WORK_DETAIL_INODE_BINARY_SEARCH_SAMPLE_TICKS	0
LIST_EXNEXT_1000_ENTRIES_FIRST_PASS_WORK_DETAIL_DIR_BINARY_SEARCH_CALLS	45
LIST_EXNEXT_1000_ENTRIES_FIRST_PASS_WORK_DETAIL_DIR_BINARY_SEARCH_SAMPLES	2
LIST_EXNEXT_1000_ENTRIES_FIRST_PASS_WORK_DETAIL_DIR_BINARY_SEARCH_SAMPLE_TICKS	46
LIST_EXNEXT_1000_ENTRIES_FIRST_PASS_WORK_DETAIL_NODE_STRUCTURE_CALLS	51
LIST_EXNEXT_1000_ENTRIES_FIRST_PASS_WORK_DETAIL_NODE_STRUCTURE_SAMPLES	3
LIST_EXNEXT_1000_ENTRIES_FIRST_PASS_WORK_DETAIL_NODE_STRUCTURE_SAMPLE_TICKS	272
LIST_EXNEXT_1000_ENTRIES_FIRST_PASS_WORK_DETAIL_CACHE_PEEK_CALLS	1148
LIST_EXNEXT_1000_ENTRIES_FIRST_PASS_WORK_DETAIL_CACHE_PEEK_SAMPLES	67
LIST_EXNEXT_1000_ENTRIES_FIRST_PASS_WORK_DETAIL_CACHE_PEEK_SAMPLE_TICKS	125
LIST_EXNEXT_1000_ENTRIES_FIRST_PASS_WORK_DETAIL_BUFFER_ALLOC_CALLS	1033
LIST_EXNEXT_1000_ENTRIES_FIRST_PASS_WORK_DETAIL_BUFFER_ALLOC_SAMPLES	60
LIST_EXNEXT_1000_ENTRIES_FIRST_PASS_WORK_DETAIL_BUFFER_ALLOC_SAMPLE_TICKS	157
LIST_EXNEXT_1000_ENTRIES_FIRST_PASS_WORK_DETAIL_BUFFER_FREE_CALLS	1033
LIST_EXNEXT_1000_ENTRIES_FIRST_PASS_WORK_DETAIL_BUFFER_FREE_SAMPLES	60
LIST_EXNEXT_1000_ENTRIES_FIRST_PASS_WORK_DETAIL_BUFFER_FREE_SAMPLE_TICKS	91
LIST_EXNEXT_1000_ENTRIES_FIRST_PASS_WORK_DETAIL_EXALL_FILL_CALLS	0
LIST_EXNEXT_1000_ENTRIES_FIRST_PASS_WORK_DETAIL_EXALL_FILL_SAMPLES	0
LIST_EXNEXT_1000_ENTRIES_FIRST_PASS_WORK_DETAIL_EXALL_FILL_SAMPLE_TICKS	0
LIST_EXNEXT_1000_ENTRIES_FIRST_PASS_WORK_FREESPACE_ALLOCS	0
LIST_EXNEXT_1000_ENTRIES_FIRST_PASS_VOLUME_FLUSH_BIO_READS	0
LIST_EXNEXT_1000_ENTRIES_FIRST_PASS_VOLUME_FLUSH_BIO_WRITES	0
LIST_EXNEXT_1000_ENTRIES_FIRST_PASS_VOLUME_FLUSH_BIO_UPDATES	0
LIST_EXNEXT_1000_ENTRIES_FIRST_PASS_VOLUME_FLUSH_DATA_READS	0
LIST_EXNEXT_1000_ENTRIES_FIRST_PASS_VOLUME_FLUSH_DATA_WRITES	0
LIST_EXNEXT_1000_ENTRIES_FIRST_PASS_VOLUME_FLUSH_NODE_WRITES	0
LIST_EXNEXT_1000_ENTRIES_FIRST_PASS_VOLUME_FLUSH_TXN_COMMITS	0
LIST_EXNEXT_1000_ENTRIES_FIRST_PASS_VOLUME_FLUSH_EXTENT_MAPS	0
LIST_EXNEXT_1000_ENTRIES_FIRST_PASS_VOLUME_FLUSH_READ_TICKS	0
LIST_EXNEXT_1000_ENTRIES_FIRST_PASS_VOLUME_FLUSH_WRITE_TICKS	0
LIST_EXNEXT_1000_ENTRIES_FIRST_PASS_VOLUME_FLUSH_UPDATE_TICKS	0
LIST_EXNEXT_1000_ENTRIES_FIRST_PASS_VOLUME_FLUSH_DATA_READ_TICKS	0
LIST_EXNEXT_1000_ENTRIES_FIRST_PASS_VOLUME_FLUSH_DATA_WRITE_TICKS	0
LIST_EXNEXT_1000_ENTRIES_FIRST_PASS_VOLUME_FLUSH_NODE_CRC_READ_CALLS	0
LIST_EXNEXT_1000_ENTRIES_FIRST_PASS_VOLUME_FLUSH_NODE_CRC_READ_SAMPLES	0
LIST_EXNEXT_1000_ENTRIES_FIRST_PASS_VOLUME_FLUSH_NODE_CRC_READ_SAMPLE_TICKS	0
LIST_EXNEXT_1000_ENTRIES_FIRST_PASS_VOLUME_FLUSH_NODE_CRC_WRITE_CALLS	0
LIST_EXNEXT_1000_ENTRIES_FIRST_PASS_VOLUME_FLUSH_NODE_CRC_WRITE_SAMPLES	0
LIST_EXNEXT_1000_ENTRIES_FIRST_PASS_VOLUME_FLUSH_NODE_CRC_WRITE_SAMPLE_TICKS	0
LIST_EXNEXT_1000_ENTRIES_FIRST_PASS_VOLUME_FLUSH_CLOCK_PAIR_TICKS	0
LIST_EXNEXT_1000_ENTRIES_FIRST_PASS_VOLUME_FLUSH_PACKET_CALLS	0
LIST_EXNEXT_1000_ENTRIES_FIRST_PASS_VOLUME_FLUSH_PACKET_SAMPLES	0
LIST_EXNEXT_1000_ENTRIES_FIRST_PASS_VOLUME_FLUSH_PACKET_SAMPLE_TICKS	0
LIST_EXNEXT_1000_ENTRIES_FIRST_PASS_VOLUME_FLUSH_PACKET_OPEN_CALLS	0
LIST_EXNEXT_1000_ENTRIES_FIRST_PASS_VOLUME_FLUSH_PACKET_OPEN_SAMPLES	0
LIST_EXNEXT_1000_ENTRIES_FIRST_PASS_VOLUME_FLUSH_PACKET_OPEN_SAMPLE_TICKS	0
LIST_EXNEXT_1000_ENTRIES_FIRST_PASS_VOLUME_FLUSH_PACKET_READ_CALLS	0
LIST_EXNEXT_1000_ENTRIES_FIRST_PASS_VOLUME_FLUSH_PACKET_READ_SAMPLES	0
LIST_EXNEXT_1000_ENTRIES_FIRST_PASS_VOLUME_FLUSH_PACKET_READ_SAMPLE_TICKS	0
LIST_EXNEXT_1000_ENTRIES_FIRST_PASS_VOLUME_FLUSH_PACKET_WRITE_CALLS	0
LIST_EXNEXT_1000_ENTRIES_FIRST_PASS_VOLUME_FLUSH_PACKET_WRITE_SAMPLES	0
LIST_EXNEXT_1000_ENTRIES_FIRST_PASS_VOLUME_FLUSH_PACKET_WRITE_SAMPLE_TICKS	0
LIST_EXNEXT_1000_ENTRIES_FIRST_PASS_VOLUME_FLUSH_PACKET_END_CALLS	0
LIST_EXNEXT_1000_ENTRIES_FIRST_PASS_VOLUME_FLUSH_PACKET_END_SAMPLES	0
LIST_EXNEXT_1000_ENTRIES_FIRST_PASS_VOLUME_FLUSH_PACKET_END_SAMPLE_TICKS	0
LIST_EXNEXT_1000_ENTRIES_FIRST_PASS_VOLUME_FLUSH_PACKET_DELETE_CALLS	0
LIST_EXNEXT_1000_ENTRIES_FIRST_PASS_VOLUME_FLUSH_PACKET_DELETE_SAMPLES	0
LIST_EXNEXT_1000_ENTRIES_FIRST_PASS_VOLUME_FLUSH_PACKET_DELETE_SAMPLE_TICKS	0
LIST_EXNEXT_1000_ENTRIES_FIRST_PASS_VOLUME_FLUSH_PACKET_FLUSH_CALLS	0
LIST_EXNEXT_1000_ENTRIES_FIRST_PASS_VOLUME_FLUSH_PACKET_FLUSH_SAMPLES	0
LIST_EXNEXT_1000_ENTRIES_FIRST_PASS_VOLUME_FLUSH_PACKET_FLUSH_SAMPLE_TICKS	0
LIST_EXNEXT_1000_ENTRIES_FIRST_PASS_VOLUME_FLUSH_PACKET_OTHER_CALLS	0
LIST_EXNEXT_1000_ENTRIES_FIRST_PASS_VOLUME_FLUSH_PACKET_OTHER_SAMPLES	0
LIST_EXNEXT_1000_ENTRIES_FIRST_PASS_VOLUME_FLUSH_PACKET_OTHER_SAMPLE_TICKS	0
LIST_EXNEXT_1000_ENTRIES_FIRST_PASS_VOLUME_FLUSH_CORE_CREATE_CALLS	0
LIST_EXNEXT_1000_ENTRIES_FIRST_PASS_VOLUME_FLUSH_CORE_CREATE_SAMPLES	0
LIST_EXNEXT_1000_ENTRIES_FIRST_PASS_VOLUME_FLUSH_CORE_CREATE_SAMPLE_TICKS	0
LIST_EXNEXT_1000_ENTRIES_FIRST_PASS_VOLUME_FLUSH_CORE_DELETE_CALLS	0
LIST_EXNEXT_1000_ENTRIES_FIRST_PASS_VOLUME_FLUSH_CORE_DELETE_SAMPLES	0
LIST_EXNEXT_1000_ENTRIES_FIRST_PASS_VOLUME_FLUSH_CORE_DELETE_SAMPLE_TICKS	0
LIST_EXNEXT_1000_ENTRIES_FIRST_PASS_VOLUME_FLUSH_CORE_FILE_WRITE_CALLS	0
LIST_EXNEXT_1000_ENTRIES_FIRST_PASS_VOLUME_FLUSH_CORE_FILE_WRITE_SAMPLES	0
LIST_EXNEXT_1000_ENTRIES_FIRST_PASS_VOLUME_FLUSH_CORE_FILE_WRITE_SAMPLE_TICKS	0
LIST_EXNEXT_1000_ENTRIES_FIRST_PASS_VOLUME_FLUSH_CORE_SYNC_CALLS	0
LIST_EXNEXT_1000_ENTRIES_FIRST_PASS_VOLUME_FLUSH_CORE_SYNC_SAMPLES	0
LIST_EXNEXT_1000_ENTRIES_FIRST_PASS_VOLUME_FLUSH_CORE_SYNC_SAMPLE_TICKS	0
LIST_EXNEXT_1000_ENTRIES_FIRST_PASS_VOLUME_FLUSH_IFACE_FREE_CALLS	0
LIST_EXNEXT_1000_ENTRIES_FIRST_PASS_VOLUME_FLUSH_IFACE_FREE_SAMPLES	0
LIST_EXNEXT_1000_ENTRIES_FIRST_PASS_VOLUME_FLUSH_IFACE_FREE_SAMPLE_TICKS	0
LIST_EXNEXT_1000_ENTRIES_FIRST_PASS_VOLUME_FLUSH_SEAL_COMMIT_CALLS	0
LIST_EXNEXT_1000_ENTRIES_FIRST_PASS_VOLUME_FLUSH_SEAL_COMMIT_SAMPLES	0
LIST_EXNEXT_1000_ENTRIES_FIRST_PASS_VOLUME_FLUSH_SEAL_COMMIT_SAMPLE_TICKS	0
LIST_EXNEXT_1000_ENTRIES_FIRST_PASS_VOLUME_FLUSH_INODE_READ_CALLS	0
LIST_EXNEXT_1000_ENTRIES_FIRST_PASS_VOLUME_FLUSH_BTREE_SEARCH_CALLS	0
LIST_EXNEXT_1000_ENTRIES_FIRST_PASS_VOLUME_FLUSH_BTREE_INDEX_HINT_HITS	0
LIST_EXNEXT_1000_ENTRIES_FIRST_PASS_VOLUME_FLUSH_BTREE_LEAF_HINT_HITS	0
LIST_EXNEXT_1000_ENTRIES_FIRST_PASS_VOLUME_FLUSH_CACHE_READ_CALLS	0
LIST_EXNEXT_1000_ENTRIES_FIRST_PASS_VOLUME_FLUSH_CACHE_READ_HITS	0
LIST_EXNEXT_1000_ENTRIES_FIRST_PASS_VOLUME_FLUSH_CACHE_READ_MISSES	0
LIST_EXNEXT_1000_ENTRIES_FIRST_PASS_VOLUME_FLUSH_FREE_TREE_NODE_VIEWS	0
LIST_EXNEXT_1000_ENTRIES_FIRST_PASS_VOLUME_FLUSH_FREE_TREE_RESIDENT_VIEWS	0
LIST_EXNEXT_1000_ENTRIES_FIRST_PASS_VOLUME_FLUSH_DIR_TREE_NODE_VIEWS	0
LIST_EXNEXT_1000_ENTRIES_FIRST_PASS_VOLUME_FLUSH_DIR_TREE_RESIDENT_VIEWS	0
LIST_EXNEXT_1000_ENTRIES_FIRST_PASS_VOLUME_FLUSH_INODE_TREE_NODE_VIEWS	0
LIST_EXNEXT_1000_ENTRIES_FIRST_PASS_VOLUME_FLUSH_INODE_TREE_RESIDENT_VIEWS	0
LIST_EXNEXT_1000_ENTRIES_FIRST_PASS_VOLUME_FLUSH_REFCOUNT_TREE_NODE_VIEWS	0
LIST_EXNEXT_1000_ENTRIES_FIRST_PASS_VOLUME_FLUSH_REFCOUNT_TREE_RESIDENT_VIEWS	0
LIST_EXNEXT_1000_ENTRIES_FIRST_PASS_VOLUME_FLUSH_OTHER_TREE_NODE_VIEWS	0
LIST_EXNEXT_1000_ENTRIES_FIRST_PASS_VOLUME_FLUSH_OTHER_TREE_RESIDENT_VIEWS	0
LIST_EXNEXT_1000_ENTRIES_FIRST_PASS_VOLUME_FLUSH_WRITE_DETAIL_INODE_READ_CALLS	0
LIST_EXNEXT_1000_ENTRIES_FIRST_PASS_VOLUME_FLUSH_WRITE_DETAIL_INODE_READ_SAMPLES	0
LIST_EXNEXT_1000_ENTRIES_FIRST_PASS_VOLUME_FLUSH_WRITE_DETAIL_INODE_READ_SAMPLE_TICKS	0
LIST_EXNEXT_1000_ENTRIES_FIRST_PASS_VOLUME_FLUSH_WRITE_DETAIL_INODE_WRITE_CALLS	0
LIST_EXNEXT_1000_ENTRIES_FIRST_PASS_VOLUME_FLUSH_WRITE_DETAIL_INODE_WRITE_SAMPLES	0
LIST_EXNEXT_1000_ENTRIES_FIRST_PASS_VOLUME_FLUSH_WRITE_DETAIL_INODE_WRITE_SAMPLE_TICKS	0
LIST_EXNEXT_1000_ENTRIES_FIRST_PASS_VOLUME_FLUSH_WRITE_DETAIL_EXTENT_MAP_CALLS	0
LIST_EXNEXT_1000_ENTRIES_FIRST_PASS_VOLUME_FLUSH_WRITE_DETAIL_EXTENT_MAP_SAMPLES	0
LIST_EXNEXT_1000_ENTRIES_FIRST_PASS_VOLUME_FLUSH_WRITE_DETAIL_EXTENT_MAP_SAMPLE_TICKS	0
LIST_EXNEXT_1000_ENTRIES_FIRST_PASS_VOLUME_FLUSH_WRITE_DETAIL_FREESPACE_GOAL_CALLS	0
LIST_EXNEXT_1000_ENTRIES_FIRST_PASS_VOLUME_FLUSH_WRITE_DETAIL_FREESPACE_GOAL_SAMPLES	0
LIST_EXNEXT_1000_ENTRIES_FIRST_PASS_VOLUME_FLUSH_WRITE_DETAIL_FREESPACE_GOAL_SAMPLE_TICKS	0
LIST_EXNEXT_1000_ENTRIES_FIRST_PASS_VOLUME_FLUSH_BTREE_MALLOC_CALLS	0
LIST_EXNEXT_1000_ENTRIES_FIRST_PASS_VOLUME_FLUSH_BTREE_MALLOC_SAMPLES	0
LIST_EXNEXT_1000_ENTRIES_FIRST_PASS_VOLUME_FLUSH_BTREE_MALLOC_SAMPLE_TICKS	0
LIST_EXNEXT_1000_ENTRIES_FIRST_PASS_VOLUME_FLUSH_BTREE_FREE_CALLS	0
LIST_EXNEXT_1000_ENTRIES_FIRST_PASS_VOLUME_FLUSH_BTREE_FREE_SAMPLES	0
LIST_EXNEXT_1000_ENTRIES_FIRST_PASS_VOLUME_FLUSH_BTREE_FREE_SAMPLE_TICKS	0
LIST_EXNEXT_1000_ENTRIES_FIRST_PASS_VOLUME_FLUSH_IFACE_ALLOC_CALLS	0
LIST_EXNEXT_1000_ENTRIES_FIRST_PASS_VOLUME_FLUSH_IFACE_ALLOC_SAMPLES	0
LIST_EXNEXT_1000_ENTRIES_FIRST_PASS_VOLUME_FLUSH_IFACE_ALLOC_SAMPLE_TICKS	0
LIST_EXNEXT_1000_ENTRIES_FIRST_PASS_VOLUME_FLUSH_FREESPACE_ALLOC_CALLS	0
LIST_EXNEXT_1000_ENTRIES_FIRST_PASS_VOLUME_FLUSH_FREESPACE_ALLOC_SAMPLES	0
LIST_EXNEXT_1000_ENTRIES_FIRST_PASS_VOLUME_FLUSH_FREESPACE_ALLOC_SAMPLE_TICKS	0
LIST_EXNEXT_1000_ENTRIES_FIRST_PASS_VOLUME_FLUSH_DETAIL_INODE_READ_CALLS	0
LIST_EXNEXT_1000_ENTRIES_FIRST_PASS_VOLUME_FLUSH_DETAIL_INODE_READ_SAMPLES	0
LIST_EXNEXT_1000_ENTRIES_FIRST_PASS_VOLUME_FLUSH_DETAIL_INODE_READ_SAMPLE_TICKS	0
LIST_EXNEXT_1000_ENTRIES_FIRST_PASS_VOLUME_FLUSH_DETAIL_INODE_VALIDATE_CALLS	0
LIST_EXNEXT_1000_ENTRIES_FIRST_PASS_VOLUME_FLUSH_DETAIL_INODE_VALIDATE_SAMPLES	0
LIST_EXNEXT_1000_ENTRIES_FIRST_PASS_VOLUME_FLUSH_DETAIL_INODE_VALIDATE_SAMPLE_TICKS	0
LIST_EXNEXT_1000_ENTRIES_FIRST_PASS_VOLUME_FLUSH_DETAIL_INODE_SEARCH_CALLS	0
LIST_EXNEXT_1000_ENTRIES_FIRST_PASS_VOLUME_FLUSH_DETAIL_INODE_SEARCH_SAMPLES	0
LIST_EXNEXT_1000_ENTRIES_FIRST_PASS_VOLUME_FLUSH_DETAIL_INODE_SEARCH_SAMPLE_TICKS	0
LIST_EXNEXT_1000_ENTRIES_FIRST_PASS_VOLUME_FLUSH_DETAIL_INODE_NODE_VIEW_CALLS	0
LIST_EXNEXT_1000_ENTRIES_FIRST_PASS_VOLUME_FLUSH_DETAIL_INODE_NODE_VIEW_SAMPLES	0
LIST_EXNEXT_1000_ENTRIES_FIRST_PASS_VOLUME_FLUSH_DETAIL_INODE_NODE_VIEW_SAMPLE_TICKS	0
LIST_EXNEXT_1000_ENTRIES_FIRST_PASS_VOLUME_FLUSH_DETAIL_DIR_NODE_VIEW_CALLS	0
LIST_EXNEXT_1000_ENTRIES_FIRST_PASS_VOLUME_FLUSH_DETAIL_DIR_NODE_VIEW_SAMPLES	0
LIST_EXNEXT_1000_ENTRIES_FIRST_PASS_VOLUME_FLUSH_DETAIL_DIR_NODE_VIEW_SAMPLE_TICKS	0
LIST_EXNEXT_1000_ENTRIES_FIRST_PASS_VOLUME_FLUSH_DETAIL_INODE_BINARY_SEARCH_CALLS	0
LIST_EXNEXT_1000_ENTRIES_FIRST_PASS_VOLUME_FLUSH_DETAIL_INODE_BINARY_SEARCH_SAMPLES	0
LIST_EXNEXT_1000_ENTRIES_FIRST_PASS_VOLUME_FLUSH_DETAIL_INODE_BINARY_SEARCH_SAMPLE_TICKS	0
LIST_EXNEXT_1000_ENTRIES_FIRST_PASS_VOLUME_FLUSH_DETAIL_DIR_BINARY_SEARCH_CALLS	0
LIST_EXNEXT_1000_ENTRIES_FIRST_PASS_VOLUME_FLUSH_DETAIL_DIR_BINARY_SEARCH_SAMPLES	0
LIST_EXNEXT_1000_ENTRIES_FIRST_PASS_VOLUME_FLUSH_DETAIL_DIR_BINARY_SEARCH_SAMPLE_TICKS	0
LIST_EXNEXT_1000_ENTRIES_FIRST_PASS_VOLUME_FLUSH_DETAIL_NODE_STRUCTURE_CALLS	0
LIST_EXNEXT_1000_ENTRIES_FIRST_PASS_VOLUME_FLUSH_DETAIL_NODE_STRUCTURE_SAMPLES	0
LIST_EXNEXT_1000_ENTRIES_FIRST_PASS_VOLUME_FLUSH_DETAIL_NODE_STRUCTURE_SAMPLE_TICKS	0
LIST_EXNEXT_1000_ENTRIES_FIRST_PASS_VOLUME_FLUSH_DETAIL_CACHE_PEEK_CALLS	0
LIST_EXNEXT_1000_ENTRIES_FIRST_PASS_VOLUME_FLUSH_DETAIL_CACHE_PEEK_SAMPLES	0
LIST_EXNEXT_1000_ENTRIES_FIRST_PASS_VOLUME_FLUSH_DETAIL_CACHE_PEEK_SAMPLE_TICKS	0
LIST_EXNEXT_1000_ENTRIES_FIRST_PASS_VOLUME_FLUSH_DETAIL_BUFFER_ALLOC_CALLS	0
LIST_EXNEXT_1000_ENTRIES_FIRST_PASS_VOLUME_FLUSH_DETAIL_BUFFER_ALLOC_SAMPLES	0
LIST_EXNEXT_1000_ENTRIES_FIRST_PASS_VOLUME_FLUSH_DETAIL_BUFFER_ALLOC_SAMPLE_TICKS	0
LIST_EXNEXT_1000_ENTRIES_FIRST_PASS_VOLUME_FLUSH_DETAIL_BUFFER_FREE_CALLS	0
LIST_EXNEXT_1000_ENTRIES_FIRST_PASS_VOLUME_FLUSH_DETAIL_BUFFER_FREE_SAMPLES	0
LIST_EXNEXT_1000_ENTRIES_FIRST_PASS_VOLUME_FLUSH_DETAIL_BUFFER_FREE_SAMPLE_TICKS	0
LIST_EXNEXT_1000_ENTRIES_FIRST_PASS_VOLUME_FLUSH_DETAIL_EXALL_FILL_CALLS	0
LIST_EXNEXT_1000_ENTRIES_FIRST_PASS_VOLUME_FLUSH_DETAIL_EXALL_FILL_SAMPLES	0
LIST_EXNEXT_1000_ENTRIES_FIRST_PASS_VOLUME_FLUSH_DETAIL_EXALL_FILL_SAMPLE_TICKS	0
LIST_EXNEXT_1000_ENTRIES_FIRST_PASS_VOLUME_FLUSH_FREESPACE_ALLOCS	0
LIST_EXNEXT_1000_ENTRIES_REPEAT10_TOTAL_US	1056827
LIST_EXNEXT_1000_ENTRIES_REPEAT10_TOTAL_WORK_US	1056827
LIST_EXNEXT_1000_ENTRIES_REPEAT10_TOTAL_VOLUME_FLUSH_US	0
LIST_EXNEXT_1000_ENTRIES_REPEAT10_TOTAL_HAS_VOLUME_FLUSH	0
LIST_EXNEXT_1000_ENTRIES_REPEAT10_TOTAL_GUEST_OPEN_CALLS	0
LIST_EXNEXT_1000_ENTRIES_REPEAT10_TOTAL_GUEST_OPEN_US	0
LIST_EXNEXT_1000_ENTRIES_REPEAT10_TOTAL_GUEST_READ_CALLS	0
LIST_EXNEXT_1000_ENTRIES_REPEAT10_TOTAL_GUEST_READ_US	0
LIST_EXNEXT_1000_ENTRIES_REPEAT10_TOTAL_GUEST_WRITE_CALLS	0
LIST_EXNEXT_1000_ENTRIES_REPEAT10_TOTAL_GUEST_WRITE_US	0
LIST_EXNEXT_1000_ENTRIES_REPEAT10_TOTAL_GUEST_HANDLE_FLUSH_CALLS	0
LIST_EXNEXT_1000_ENTRIES_REPEAT10_TOTAL_GUEST_HANDLE_FLUSH_US	0
LIST_EXNEXT_1000_ENTRIES_REPEAT10_TOTAL_GUEST_CLOSE_CALLS	0
LIST_EXNEXT_1000_ENTRIES_REPEAT10_TOTAL_GUEST_CLOSE_US	0
LIST_EXNEXT_1000_ENTRIES_REPEAT10_TOTAL_GUEST_VERIFY_CALLS	0
LIST_EXNEXT_1000_ENTRIES_REPEAT10_TOTAL_GUEST_VERIFY_US	0
LIST_EXNEXT_1000_ENTRIES_REPEAT10_TOTAL_WORK_BIO_READS	0
LIST_EXNEXT_1000_ENTRIES_REPEAT10_TOTAL_WORK_BIO_WRITES	0
LIST_EXNEXT_1000_ENTRIES_REPEAT10_TOTAL_WORK_BIO_UPDATES	0
LIST_EXNEXT_1000_ENTRIES_REPEAT10_TOTAL_WORK_DATA_READS	0
LIST_EXNEXT_1000_ENTRIES_REPEAT10_TOTAL_WORK_DATA_WRITES	0
LIST_EXNEXT_1000_ENTRIES_REPEAT10_TOTAL_WORK_NODE_WRITES	0
LIST_EXNEXT_1000_ENTRIES_REPEAT10_TOTAL_WORK_TXN_COMMITS	0
LIST_EXNEXT_1000_ENTRIES_REPEAT10_TOTAL_WORK_EXTENT_MAPS	0
LIST_EXNEXT_1000_ENTRIES_REPEAT10_TOTAL_WORK_READ_TICKS	0
LIST_EXNEXT_1000_ENTRIES_REPEAT10_TOTAL_WORK_WRITE_TICKS	0
LIST_EXNEXT_1000_ENTRIES_REPEAT10_TOTAL_WORK_UPDATE_TICKS	0
LIST_EXNEXT_1000_ENTRIES_REPEAT10_TOTAL_WORK_DATA_READ_TICKS	0
LIST_EXNEXT_1000_ENTRIES_REPEAT10_TOTAL_WORK_DATA_WRITE_TICKS	0
LIST_EXNEXT_1000_ENTRIES_REPEAT10_TOTAL_WORK_NODE_CRC_READ_CALLS	0
LIST_EXNEXT_1000_ENTRIES_REPEAT10_TOTAL_WORK_NODE_CRC_READ_SAMPLES	0
LIST_EXNEXT_1000_ENTRIES_REPEAT10_TOTAL_WORK_NODE_CRC_READ_SAMPLE_TICKS	0
LIST_EXNEXT_1000_ENTRIES_REPEAT10_TOTAL_WORK_NODE_CRC_WRITE_CALLS	0
LIST_EXNEXT_1000_ENTRIES_REPEAT10_TOTAL_WORK_NODE_CRC_WRITE_SAMPLES	0
LIST_EXNEXT_1000_ENTRIES_REPEAT10_TOTAL_WORK_NODE_CRC_WRITE_SAMPLE_TICKS	0
LIST_EXNEXT_1000_ENTRIES_REPEAT10_TOTAL_WORK_CLOCK_PAIR_TICKS	0
LIST_EXNEXT_1000_ENTRIES_REPEAT10_TOTAL_WORK_PACKET_CALLS	10022
LIST_EXNEXT_1000_ENTRIES_REPEAT10_TOTAL_WORK_PACKET_SAMPLES	10022
LIST_EXNEXT_1000_ENTRIES_REPEAT10_TOTAL_WORK_PACKET_SAMPLE_TICKS	554809
LIST_EXNEXT_1000_ENTRIES_REPEAT10_TOTAL_WORK_PACKET_OPEN_CALLS	0
LIST_EXNEXT_1000_ENTRIES_REPEAT10_TOTAL_WORK_PACKET_OPEN_SAMPLES	0
LIST_EXNEXT_1000_ENTRIES_REPEAT10_TOTAL_WORK_PACKET_OPEN_SAMPLE_TICKS	0
LIST_EXNEXT_1000_ENTRIES_REPEAT10_TOTAL_WORK_PACKET_READ_CALLS	0
LIST_EXNEXT_1000_ENTRIES_REPEAT10_TOTAL_WORK_PACKET_READ_SAMPLES	0
LIST_EXNEXT_1000_ENTRIES_REPEAT10_TOTAL_WORK_PACKET_READ_SAMPLE_TICKS	0
LIST_EXNEXT_1000_ENTRIES_REPEAT10_TOTAL_WORK_PACKET_WRITE_CALLS	0
LIST_EXNEXT_1000_ENTRIES_REPEAT10_TOTAL_WORK_PACKET_WRITE_SAMPLES	0
LIST_EXNEXT_1000_ENTRIES_REPEAT10_TOTAL_WORK_PACKET_WRITE_SAMPLE_TICKS	0
LIST_EXNEXT_1000_ENTRIES_REPEAT10_TOTAL_WORK_PACKET_END_CALLS	0
LIST_EXNEXT_1000_ENTRIES_REPEAT10_TOTAL_WORK_PACKET_END_SAMPLES	0
LIST_EXNEXT_1000_ENTRIES_REPEAT10_TOTAL_WORK_PACKET_END_SAMPLE_TICKS	0
LIST_EXNEXT_1000_ENTRIES_REPEAT10_TOTAL_WORK_PACKET_DELETE_CALLS	0
LIST_EXNEXT_1000_ENTRIES_REPEAT10_TOTAL_WORK_PACKET_DELETE_SAMPLES	0
LIST_EXNEXT_1000_ENTRIES_REPEAT10_TOTAL_WORK_PACKET_DELETE_SAMPLE_TICKS	0
LIST_EXNEXT_1000_ENTRIES_REPEAT10_TOTAL_WORK_PACKET_FLUSH_CALLS	0
LIST_EXNEXT_1000_ENTRIES_REPEAT10_TOTAL_WORK_PACKET_FLUSH_SAMPLES	0
LIST_EXNEXT_1000_ENTRIES_REPEAT10_TOTAL_WORK_PACKET_FLUSH_SAMPLE_TICKS	0
LIST_EXNEXT_1000_ENTRIES_REPEAT10_TOTAL_WORK_PACKET_OTHER_CALLS	10022
LIST_EXNEXT_1000_ENTRIES_REPEAT10_TOTAL_WORK_PACKET_OTHER_SAMPLES	10022
LIST_EXNEXT_1000_ENTRIES_REPEAT10_TOTAL_WORK_PACKET_OTHER_SAMPLE_TICKS	554809
LIST_EXNEXT_1000_ENTRIES_REPEAT10_TOTAL_WORK_CORE_CREATE_CALLS	0
LIST_EXNEXT_1000_ENTRIES_REPEAT10_TOTAL_WORK_CORE_CREATE_SAMPLES	0
LIST_EXNEXT_1000_ENTRIES_REPEAT10_TOTAL_WORK_CORE_CREATE_SAMPLE_TICKS	0
LIST_EXNEXT_1000_ENTRIES_REPEAT10_TOTAL_WORK_CORE_DELETE_CALLS	0
LIST_EXNEXT_1000_ENTRIES_REPEAT10_TOTAL_WORK_CORE_DELETE_SAMPLES	0
LIST_EXNEXT_1000_ENTRIES_REPEAT10_TOTAL_WORK_CORE_DELETE_SAMPLE_TICKS	0
LIST_EXNEXT_1000_ENTRIES_REPEAT10_TOTAL_WORK_CORE_FILE_WRITE_CALLS	0
LIST_EXNEXT_1000_ENTRIES_REPEAT10_TOTAL_WORK_CORE_FILE_WRITE_SAMPLES	0
LIST_EXNEXT_1000_ENTRIES_REPEAT10_TOTAL_WORK_CORE_FILE_WRITE_SAMPLE_TICKS	0
LIST_EXNEXT_1000_ENTRIES_REPEAT10_TOTAL_WORK_CORE_SYNC_CALLS	0
LIST_EXNEXT_1000_ENTRIES_REPEAT10_TOTAL_WORK_CORE_SYNC_SAMPLES	0
LIST_EXNEXT_1000_ENTRIES_REPEAT10_TOTAL_WORK_CORE_SYNC_SAMPLE_TICKS	0
LIST_EXNEXT_1000_ENTRIES_REPEAT10_TOTAL_WORK_IFACE_FREE_CALLS	0
LIST_EXNEXT_1000_ENTRIES_REPEAT10_TOTAL_WORK_IFACE_FREE_SAMPLES	0
LIST_EXNEXT_1000_ENTRIES_REPEAT10_TOTAL_WORK_IFACE_FREE_SAMPLE_TICKS	0
LIST_EXNEXT_1000_ENTRIES_REPEAT10_TOTAL_WORK_SEAL_COMMIT_CALLS	0
LIST_EXNEXT_1000_ENTRIES_REPEAT10_TOTAL_WORK_SEAL_COMMIT_SAMPLES	0
LIST_EXNEXT_1000_ENTRIES_REPEAT10_TOTAL_WORK_SEAL_COMMIT_SAMPLE_TICKS	0
LIST_EXNEXT_1000_ENTRIES_REPEAT10_TOTAL_WORK_INODE_READ_CALLS	10010
LIST_EXNEXT_1000_ENTRIES_REPEAT10_TOTAL_WORK_BTREE_SEARCH_CALLS	10011
LIST_EXNEXT_1000_ENTRIES_REPEAT10_TOTAL_WORK_BTREE_INDEX_HINT_HITS	0
LIST_EXNEXT_1000_ENTRIES_REPEAT10_TOTAL_WORK_BTREE_LEAF_HINT_HITS	10011
LIST_EXNEXT_1000_ENTRIES_REPEAT10_TOTAL_WORK_CACHE_READ_CALLS	0
LIST_EXNEXT_1000_ENTRIES_REPEAT10_TOTAL_WORK_CACHE_READ_HITS	0
LIST_EXNEXT_1000_ENTRIES_REPEAT10_TOTAL_WORK_CACHE_READ_MISSES	0
LIST_EXNEXT_1000_ENTRIES_REPEAT10_TOTAL_WORK_FREE_TREE_NODE_VIEWS	0
LIST_EXNEXT_1000_ENTRIES_REPEAT10_TOTAL_WORK_FREE_TREE_RESIDENT_VIEWS	0
LIST_EXNEXT_1000_ENTRIES_REPEAT10_TOTAL_WORK_DIR_TREE_NODE_VIEWS	840
LIST_EXNEXT_1000_ENTRIES_REPEAT10_TOTAL_WORK_DIR_TREE_RESIDENT_VIEWS	840
LIST_EXNEXT_1000_ENTRIES_REPEAT10_TOTAL_WORK_INODE_TREE_NODE_VIEWS	0
LIST_EXNEXT_1000_ENTRIES_REPEAT10_TOTAL_WORK_INODE_TREE_RESIDENT_VIEWS	0
LIST_EXNEXT_1000_ENTRIES_REPEAT10_TOTAL_WORK_REFCOUNT_TREE_NODE_VIEWS	0
LIST_EXNEXT_1000_ENTRIES_REPEAT10_TOTAL_WORK_REFCOUNT_TREE_RESIDENT_VIEWS	0
LIST_EXNEXT_1000_ENTRIES_REPEAT10_TOTAL_WORK_OTHER_TREE_NODE_VIEWS	0
LIST_EXNEXT_1000_ENTRIES_REPEAT10_TOTAL_WORK_OTHER_TREE_RESIDENT_VIEWS	0
LIST_EXNEXT_1000_ENTRIES_REPEAT10_TOTAL_WORK_WRITE_DETAIL_INODE_READ_CALLS	10010
LIST_EXNEXT_1000_ENTRIES_REPEAT10_TOTAL_WORK_WRITE_DETAIL_INODE_READ_SAMPLES	10010
LIST_EXNEXT_1000_ENTRIES_REPEAT10_TOTAL_WORK_WRITE_DETAIL_INODE_READ_SAMPLE_TICKS	192696
LIST_EXNEXT_1000_ENTRIES_REPEAT10_TOTAL_WORK_WRITE_DETAIL_INODE_WRITE_CALLS	0
LIST_EXNEXT_1000_ENTRIES_REPEAT10_TOTAL_WORK_WRITE_DETAIL_INODE_WRITE_SAMPLES	0
LIST_EXNEXT_1000_ENTRIES_REPEAT10_TOTAL_WORK_WRITE_DETAIL_INODE_WRITE_SAMPLE_TICKS	0
LIST_EXNEXT_1000_ENTRIES_REPEAT10_TOTAL_WORK_WRITE_DETAIL_EXTENT_MAP_CALLS	0
LIST_EXNEXT_1000_ENTRIES_REPEAT10_TOTAL_WORK_WRITE_DETAIL_EXTENT_MAP_SAMPLES	0
LIST_EXNEXT_1000_ENTRIES_REPEAT10_TOTAL_WORK_WRITE_DETAIL_EXTENT_MAP_SAMPLE_TICKS	0
LIST_EXNEXT_1000_ENTRIES_REPEAT10_TOTAL_WORK_WRITE_DETAIL_FREESPACE_GOAL_CALLS	0
LIST_EXNEXT_1000_ENTRIES_REPEAT10_TOTAL_WORK_WRITE_DETAIL_FREESPACE_GOAL_SAMPLES	0
LIST_EXNEXT_1000_ENTRIES_REPEAT10_TOTAL_WORK_WRITE_DETAIL_FREESPACE_GOAL_SAMPLE_TICKS	0
LIST_EXNEXT_1000_ENTRIES_REPEAT10_TOTAL_WORK_BTREE_MALLOC_CALLS	201
LIST_EXNEXT_1000_ENTRIES_REPEAT10_TOTAL_WORK_BTREE_MALLOC_SAMPLES	201
LIST_EXNEXT_1000_ENTRIES_REPEAT10_TOTAL_WORK_BTREE_MALLOC_SAMPLE_TICKS	850
LIST_EXNEXT_1000_ENTRIES_REPEAT10_TOTAL_WORK_BTREE_FREE_CALLS	10021
LIST_EXNEXT_1000_ENTRIES_REPEAT10_TOTAL_WORK_BTREE_FREE_SAMPLES	10021
LIST_EXNEXT_1000_ENTRIES_REPEAT10_TOTAL_WORK_BTREE_FREE_SAMPLE_TICKS	15043
LIST_EXNEXT_1000_ENTRIES_REPEAT10_TOTAL_WORK_IFACE_ALLOC_CALLS	0
LIST_EXNEXT_1000_ENTRIES_REPEAT10_TOTAL_WORK_IFACE_ALLOC_SAMPLES	0
LIST_EXNEXT_1000_ENTRIES_REPEAT10_TOTAL_WORK_IFACE_ALLOC_SAMPLE_TICKS	0
LIST_EXNEXT_1000_ENTRIES_REPEAT10_TOTAL_WORK_FREESPACE_ALLOC_CALLS	0
LIST_EXNEXT_1000_ENTRIES_REPEAT10_TOTAL_WORK_FREESPACE_ALLOC_SAMPLES	0
LIST_EXNEXT_1000_ENTRIES_REPEAT10_TOTAL_WORK_FREESPACE_ALLOC_SAMPLE_TICKS	0
LIST_EXNEXT_1000_ENTRIES_REPEAT10_TOTAL_WORK_DETAIL_INODE_READ_CALLS	10010
LIST_EXNEXT_1000_ENTRIES_REPEAT10_TOTAL_WORK_DETAIL_INODE_READ_SAMPLES	588
LIST_EXNEXT_1000_ENTRIES_REPEAT10_TOTAL_WORK_DETAIL_INODE_READ_SAMPLE_TICKS	15021
LIST_EXNEXT_1000_ENTRIES_REPEAT10_TOTAL_WORK_DETAIL_INODE_VALIDATE_CALLS	10010
LIST_EXNEXT_1000_ENTRIES_REPEAT10_TOTAL_WORK_DETAIL_INODE_VALIDATE_SAMPLES	588
LIST_EXNEXT_1000_ENTRIES_REPEAT10_TOTAL_WORK_DETAIL_INODE_VALIDATE_SAMPLE_TICKS	1408
LIST_EXNEXT_1000_ENTRIES_REPEAT10_TOTAL_WORK_DETAIL_INODE_SEARCH_CALLS	10010
LIST_EXNEXT_1000_ENTRIES_REPEAT10_TOTAL_WORK_DETAIL_INODE_SEARCH_SAMPLES	588
LIST_EXNEXT_1000_ENTRIES_REPEAT10_TOTAL_WORK_DETAIL_INODE_SEARCH_SAMPLE_TICKS	8211
LIST_EXNEXT_1000_ENTRIES_REPEAT10_TOTAL_WORK_DETAIL_INODE_NODE_VIEW_CALLS	0
LIST_EXNEXT_1000_ENTRIES_REPEAT10_TOTAL_WORK_DETAIL_INODE_NODE_VIEW_SAMPLES	0
LIST_EXNEXT_1000_ENTRIES_REPEAT10_TOTAL_WORK_DETAIL_INODE_NODE_VIEW_SAMPLE_TICKS	0
LIST_EXNEXT_1000_ENTRIES_REPEAT10_TOTAL_WORK_DETAIL_DIR_NODE_VIEW_CALLS	840
LIST_EXNEXT_1000_ENTRIES_REPEAT10_TOTAL_WORK_DETAIL_DIR_NODE_VIEW_SAMPLES	49
LIST_EXNEXT_1000_ENTRIES_REPEAT10_TOTAL_WORK_DETAIL_DIR_NODE_VIEW_SAMPLE_TICKS	300
LIST_EXNEXT_1000_ENTRIES_REPEAT10_TOTAL_WORK_DETAIL_INODE_BINARY_SEARCH_CALLS	0
LIST_EXNEXT_1000_ENTRIES_REPEAT10_TOTAL_WORK_DETAIL_INODE_BINARY_SEARCH_SAMPLES	0
LIST_EXNEXT_1000_ENTRIES_REPEAT10_TOTAL_WORK_DETAIL_INODE_BINARY_SEARCH_SAMPLE_TICKS	0
LIST_EXNEXT_1000_ENTRIES_REPEAT10_TOTAL_WORK_DETAIL_DIR_BINARY_SEARCH_CALLS	441
LIST_EXNEXT_1000_ENTRIES_REPEAT10_TOTAL_WORK_DETAIL_DIR_BINARY_SEARCH_SAMPLES	25
LIST_EXNEXT_1000_ENTRIES_REPEAT10_TOTAL_WORK_DETAIL_DIR_BINARY_SEARCH_SAMPLE_TICKS	44
LIST_EXNEXT_1000_ENTRIES_REPEAT10_TOTAL_WORK_DETAIL_NODE_STRUCTURE_CALLS	0
LIST_EXNEXT_1000_ENTRIES_REPEAT10_TOTAL_WORK_DETAIL_NODE_STRUCTURE_SAMPLES	0
LIST_EXNEXT_1000_ENTRIES_REPEAT10_TOTAL_WORK_DETAIL_NODE_STRUCTURE_SAMPLE_TICKS	0
LIST_EXNEXT_1000_ENTRIES_REPEAT10_TOTAL_WORK_DETAIL_CACHE_PEEK_CALLS	10851
LIST_EXNEXT_1000_ENTRIES_REPEAT10_TOTAL_WORK_DETAIL_CACHE_PEEK_SAMPLES	638
LIST_EXNEXT_1000_ENTRIES_REPEAT10_TOTAL_WORK_DETAIL_CACHE_PEEK_SAMPLE_TICKS	1819
LIST_EXNEXT_1000_ENTRIES_REPEAT10_TOTAL_WORK_DETAIL_BUFFER_ALLOC_CALLS	10020
LIST_EXNEXT_1000_ENTRIES_REPEAT10_TOTAL_WORK_DETAIL_BUFFER_ALLOC_SAMPLES	589
LIST_EXNEXT_1000_ENTRIES_REPEAT10_TOTAL_WORK_DETAIL_BUFFER_ALLOC_SAMPLE_TICKS	1840
LIST_EXNEXT_1000_ENTRIES_REPEAT10_TOTAL_WORK_DETAIL_BUFFER_FREE_CALLS	10020
LIST_EXNEXT_1000_ENTRIES_REPEAT10_TOTAL_WORK_DETAIL_BUFFER_FREE_SAMPLES	589
LIST_EXNEXT_1000_ENTRIES_REPEAT10_TOTAL_WORK_DETAIL_BUFFER_FREE_SAMPLE_TICKS	1329
LIST_EXNEXT_1000_ENTRIES_REPEAT10_TOTAL_WORK_DETAIL_EXALL_FILL_CALLS	0
LIST_EXNEXT_1000_ENTRIES_REPEAT10_TOTAL_WORK_DETAIL_EXALL_FILL_SAMPLES	0
LIST_EXNEXT_1000_ENTRIES_REPEAT10_TOTAL_WORK_DETAIL_EXALL_FILL_SAMPLE_TICKS	0
LIST_EXNEXT_1000_ENTRIES_REPEAT10_TOTAL_WORK_FREESPACE_ALLOCS	0
LIST_EXNEXT_1000_ENTRIES_REPEAT10_TOTAL_VOLUME_FLUSH_BIO_READS	0
LIST_EXNEXT_1000_ENTRIES_REPEAT10_TOTAL_VOLUME_FLUSH_BIO_WRITES	0
LIST_EXNEXT_1000_ENTRIES_REPEAT10_TOTAL_VOLUME_FLUSH_BIO_UPDATES	0
LIST_EXNEXT_1000_ENTRIES_REPEAT10_TOTAL_VOLUME_FLUSH_DATA_READS	0
LIST_EXNEXT_1000_ENTRIES_REPEAT10_TOTAL_VOLUME_FLUSH_DATA_WRITES	0
LIST_EXNEXT_1000_ENTRIES_REPEAT10_TOTAL_VOLUME_FLUSH_NODE_WRITES	0
LIST_EXNEXT_1000_ENTRIES_REPEAT10_TOTAL_VOLUME_FLUSH_TXN_COMMITS	0
LIST_EXNEXT_1000_ENTRIES_REPEAT10_TOTAL_VOLUME_FLUSH_EXTENT_MAPS	0
LIST_EXNEXT_1000_ENTRIES_REPEAT10_TOTAL_VOLUME_FLUSH_READ_TICKS	0
LIST_EXNEXT_1000_ENTRIES_REPEAT10_TOTAL_VOLUME_FLUSH_WRITE_TICKS	0
LIST_EXNEXT_1000_ENTRIES_REPEAT10_TOTAL_VOLUME_FLUSH_UPDATE_TICKS	0
LIST_EXNEXT_1000_ENTRIES_REPEAT10_TOTAL_VOLUME_FLUSH_DATA_READ_TICKS	0
LIST_EXNEXT_1000_ENTRIES_REPEAT10_TOTAL_VOLUME_FLUSH_DATA_WRITE_TICKS	0
LIST_EXNEXT_1000_ENTRIES_REPEAT10_TOTAL_VOLUME_FLUSH_NODE_CRC_READ_CALLS	0
LIST_EXNEXT_1000_ENTRIES_REPEAT10_TOTAL_VOLUME_FLUSH_NODE_CRC_READ_SAMPLES	0
LIST_EXNEXT_1000_ENTRIES_REPEAT10_TOTAL_VOLUME_FLUSH_NODE_CRC_READ_SAMPLE_TICKS	0
LIST_EXNEXT_1000_ENTRIES_REPEAT10_TOTAL_VOLUME_FLUSH_NODE_CRC_WRITE_CALLS	0
LIST_EXNEXT_1000_ENTRIES_REPEAT10_TOTAL_VOLUME_FLUSH_NODE_CRC_WRITE_SAMPLES	0
LIST_EXNEXT_1000_ENTRIES_REPEAT10_TOTAL_VOLUME_FLUSH_NODE_CRC_WRITE_SAMPLE_TICKS	0
LIST_EXNEXT_1000_ENTRIES_REPEAT10_TOTAL_VOLUME_FLUSH_CLOCK_PAIR_TICKS	0
LIST_EXNEXT_1000_ENTRIES_REPEAT10_TOTAL_VOLUME_FLUSH_PACKET_CALLS	0
LIST_EXNEXT_1000_ENTRIES_REPEAT10_TOTAL_VOLUME_FLUSH_PACKET_SAMPLES	0
LIST_EXNEXT_1000_ENTRIES_REPEAT10_TOTAL_VOLUME_FLUSH_PACKET_SAMPLE_TICKS	0
LIST_EXNEXT_1000_ENTRIES_REPEAT10_TOTAL_VOLUME_FLUSH_PACKET_OPEN_CALLS	0
LIST_EXNEXT_1000_ENTRIES_REPEAT10_TOTAL_VOLUME_FLUSH_PACKET_OPEN_SAMPLES	0
LIST_EXNEXT_1000_ENTRIES_REPEAT10_TOTAL_VOLUME_FLUSH_PACKET_OPEN_SAMPLE_TICKS	0
LIST_EXNEXT_1000_ENTRIES_REPEAT10_TOTAL_VOLUME_FLUSH_PACKET_READ_CALLS	0
LIST_EXNEXT_1000_ENTRIES_REPEAT10_TOTAL_VOLUME_FLUSH_PACKET_READ_SAMPLES	0
LIST_EXNEXT_1000_ENTRIES_REPEAT10_TOTAL_VOLUME_FLUSH_PACKET_READ_SAMPLE_TICKS	0
LIST_EXNEXT_1000_ENTRIES_REPEAT10_TOTAL_VOLUME_FLUSH_PACKET_WRITE_CALLS	0
LIST_EXNEXT_1000_ENTRIES_REPEAT10_TOTAL_VOLUME_FLUSH_PACKET_WRITE_SAMPLES	0
LIST_EXNEXT_1000_ENTRIES_REPEAT10_TOTAL_VOLUME_FLUSH_PACKET_WRITE_SAMPLE_TICKS	0
LIST_EXNEXT_1000_ENTRIES_REPEAT10_TOTAL_VOLUME_FLUSH_PACKET_END_CALLS	0
LIST_EXNEXT_1000_ENTRIES_REPEAT10_TOTAL_VOLUME_FLUSH_PACKET_END_SAMPLES	0
LIST_EXNEXT_1000_ENTRIES_REPEAT10_TOTAL_VOLUME_FLUSH_PACKET_END_SAMPLE_TICKS	0
LIST_EXNEXT_1000_ENTRIES_REPEAT10_TOTAL_VOLUME_FLUSH_PACKET_DELETE_CALLS	0
LIST_EXNEXT_1000_ENTRIES_REPEAT10_TOTAL_VOLUME_FLUSH_PACKET_DELETE_SAMPLES	0
LIST_EXNEXT_1000_ENTRIES_REPEAT10_TOTAL_VOLUME_FLUSH_PACKET_DELETE_SAMPLE_TICKS	0
LIST_EXNEXT_1000_ENTRIES_REPEAT10_TOTAL_VOLUME_FLUSH_PACKET_FLUSH_CALLS	0
LIST_EXNEXT_1000_ENTRIES_REPEAT10_TOTAL_VOLUME_FLUSH_PACKET_FLUSH_SAMPLES	0
LIST_EXNEXT_1000_ENTRIES_REPEAT10_TOTAL_VOLUME_FLUSH_PACKET_FLUSH_SAMPLE_TICKS	0
LIST_EXNEXT_1000_ENTRIES_REPEAT10_TOTAL_VOLUME_FLUSH_PACKET_OTHER_CALLS	0
LIST_EXNEXT_1000_ENTRIES_REPEAT10_TOTAL_VOLUME_FLUSH_PACKET_OTHER_SAMPLES	0
LIST_EXNEXT_1000_ENTRIES_REPEAT10_TOTAL_VOLUME_FLUSH_PACKET_OTHER_SAMPLE_TICKS	0
LIST_EXNEXT_1000_ENTRIES_REPEAT10_TOTAL_VOLUME_FLUSH_CORE_CREATE_CALLS	0
LIST_EXNEXT_1000_ENTRIES_REPEAT10_TOTAL_VOLUME_FLUSH_CORE_CREATE_SAMPLES	0
LIST_EXNEXT_1000_ENTRIES_REPEAT10_TOTAL_VOLUME_FLUSH_CORE_CREATE_SAMPLE_TICKS	0
LIST_EXNEXT_1000_ENTRIES_REPEAT10_TOTAL_VOLUME_FLUSH_CORE_DELETE_CALLS	0
LIST_EXNEXT_1000_ENTRIES_REPEAT10_TOTAL_VOLUME_FLUSH_CORE_DELETE_SAMPLES	0
LIST_EXNEXT_1000_ENTRIES_REPEAT10_TOTAL_VOLUME_FLUSH_CORE_DELETE_SAMPLE_TICKS	0
LIST_EXNEXT_1000_ENTRIES_REPEAT10_TOTAL_VOLUME_FLUSH_CORE_FILE_WRITE_CALLS	0
LIST_EXNEXT_1000_ENTRIES_REPEAT10_TOTAL_VOLUME_FLUSH_CORE_FILE_WRITE_SAMPLES	0
LIST_EXNEXT_1000_ENTRIES_REPEAT10_TOTAL_VOLUME_FLUSH_CORE_FILE_WRITE_SAMPLE_TICKS	0
LIST_EXNEXT_1000_ENTRIES_REPEAT10_TOTAL_VOLUME_FLUSH_CORE_SYNC_CALLS	0
LIST_EXNEXT_1000_ENTRIES_REPEAT10_TOTAL_VOLUME_FLUSH_CORE_SYNC_SAMPLES	0
LIST_EXNEXT_1000_ENTRIES_REPEAT10_TOTAL_VOLUME_FLUSH_CORE_SYNC_SAMPLE_TICKS	0
LIST_EXNEXT_1000_ENTRIES_REPEAT10_TOTAL_VOLUME_FLUSH_IFACE_FREE_CALLS	0
LIST_EXNEXT_1000_ENTRIES_REPEAT10_TOTAL_VOLUME_FLUSH_IFACE_FREE_SAMPLES	0
LIST_EXNEXT_1000_ENTRIES_REPEAT10_TOTAL_VOLUME_FLUSH_IFACE_FREE_SAMPLE_TICKS	0
LIST_EXNEXT_1000_ENTRIES_REPEAT10_TOTAL_VOLUME_FLUSH_SEAL_COMMIT_CALLS	0
LIST_EXNEXT_1000_ENTRIES_REPEAT10_TOTAL_VOLUME_FLUSH_SEAL_COMMIT_SAMPLES	0
LIST_EXNEXT_1000_ENTRIES_REPEAT10_TOTAL_VOLUME_FLUSH_SEAL_COMMIT_SAMPLE_TICKS	0
LIST_EXNEXT_1000_ENTRIES_REPEAT10_TOTAL_VOLUME_FLUSH_INODE_READ_CALLS	0
LIST_EXNEXT_1000_ENTRIES_REPEAT10_TOTAL_VOLUME_FLUSH_BTREE_SEARCH_CALLS	0
LIST_EXNEXT_1000_ENTRIES_REPEAT10_TOTAL_VOLUME_FLUSH_BTREE_INDEX_HINT_HITS	0
LIST_EXNEXT_1000_ENTRIES_REPEAT10_TOTAL_VOLUME_FLUSH_BTREE_LEAF_HINT_HITS	0
LIST_EXNEXT_1000_ENTRIES_REPEAT10_TOTAL_VOLUME_FLUSH_CACHE_READ_CALLS	0
LIST_EXNEXT_1000_ENTRIES_REPEAT10_TOTAL_VOLUME_FLUSH_CACHE_READ_HITS	0
LIST_EXNEXT_1000_ENTRIES_REPEAT10_TOTAL_VOLUME_FLUSH_CACHE_READ_MISSES	0
LIST_EXNEXT_1000_ENTRIES_REPEAT10_TOTAL_VOLUME_FLUSH_FREE_TREE_NODE_VIEWS	0
LIST_EXNEXT_1000_ENTRIES_REPEAT10_TOTAL_VOLUME_FLUSH_FREE_TREE_RESIDENT_VIEWS	0
LIST_EXNEXT_1000_ENTRIES_REPEAT10_TOTAL_VOLUME_FLUSH_DIR_TREE_NODE_VIEWS	0
LIST_EXNEXT_1000_ENTRIES_REPEAT10_TOTAL_VOLUME_FLUSH_DIR_TREE_RESIDENT_VIEWS	0
LIST_EXNEXT_1000_ENTRIES_REPEAT10_TOTAL_VOLUME_FLUSH_INODE_TREE_NODE_VIEWS	0
LIST_EXNEXT_1000_ENTRIES_REPEAT10_TOTAL_VOLUME_FLUSH_INODE_TREE_RESIDENT_VIEWS	0
LIST_EXNEXT_1000_ENTRIES_REPEAT10_TOTAL_VOLUME_FLUSH_REFCOUNT_TREE_NODE_VIEWS	0
LIST_EXNEXT_1000_ENTRIES_REPEAT10_TOTAL_VOLUME_FLUSH_REFCOUNT_TREE_RESIDENT_VIEWS	0
LIST_EXNEXT_1000_ENTRIES_REPEAT10_TOTAL_VOLUME_FLUSH_OTHER_TREE_NODE_VIEWS	0
LIST_EXNEXT_1000_ENTRIES_REPEAT10_TOTAL_VOLUME_FLUSH_OTHER_TREE_RESIDENT_VIEWS	0
LIST_EXNEXT_1000_ENTRIES_REPEAT10_TOTAL_VOLUME_FLUSH_WRITE_DETAIL_INODE_READ_CALLS	0
LIST_EXNEXT_1000_ENTRIES_REPEAT10_TOTAL_VOLUME_FLUSH_WRITE_DETAIL_INODE_READ_SAMPLES	0
LIST_EXNEXT_1000_ENTRIES_REPEAT10_TOTAL_VOLUME_FLUSH_WRITE_DETAIL_INODE_READ_SAMPLE_TICKS	0
LIST_EXNEXT_1000_ENTRIES_REPEAT10_TOTAL_VOLUME_FLUSH_WRITE_DETAIL_INODE_WRITE_CALLS	0
LIST_EXNEXT_1000_ENTRIES_REPEAT10_TOTAL_VOLUME_FLUSH_WRITE_DETAIL_INODE_WRITE_SAMPLES	0
LIST_EXNEXT_1000_ENTRIES_REPEAT10_TOTAL_VOLUME_FLUSH_WRITE_DETAIL_INODE_WRITE_SAMPLE_TICKS	0
LIST_EXNEXT_1000_ENTRIES_REPEAT10_TOTAL_VOLUME_FLUSH_WRITE_DETAIL_EXTENT_MAP_CALLS	0
LIST_EXNEXT_1000_ENTRIES_REPEAT10_TOTAL_VOLUME_FLUSH_WRITE_DETAIL_EXTENT_MAP_SAMPLES	0
LIST_EXNEXT_1000_ENTRIES_REPEAT10_TOTAL_VOLUME_FLUSH_WRITE_DETAIL_EXTENT_MAP_SAMPLE_TICKS	0
LIST_EXNEXT_1000_ENTRIES_REPEAT10_TOTAL_VOLUME_FLUSH_WRITE_DETAIL_FREESPACE_GOAL_CALLS	0
LIST_EXNEXT_1000_ENTRIES_REPEAT10_TOTAL_VOLUME_FLUSH_WRITE_DETAIL_FREESPACE_GOAL_SAMPLES	0
LIST_EXNEXT_1000_ENTRIES_REPEAT10_TOTAL_VOLUME_FLUSH_WRITE_DETAIL_FREESPACE_GOAL_SAMPLE_TICKS	0
LIST_EXNEXT_1000_ENTRIES_REPEAT10_TOTAL_VOLUME_FLUSH_BTREE_MALLOC_CALLS	0
LIST_EXNEXT_1000_ENTRIES_REPEAT10_TOTAL_VOLUME_FLUSH_BTREE_MALLOC_SAMPLES	0
LIST_EXNEXT_1000_ENTRIES_REPEAT10_TOTAL_VOLUME_FLUSH_BTREE_MALLOC_SAMPLE_TICKS	0
LIST_EXNEXT_1000_ENTRIES_REPEAT10_TOTAL_VOLUME_FLUSH_BTREE_FREE_CALLS	0
LIST_EXNEXT_1000_ENTRIES_REPEAT10_TOTAL_VOLUME_FLUSH_BTREE_FREE_SAMPLES	0
LIST_EXNEXT_1000_ENTRIES_REPEAT10_TOTAL_VOLUME_FLUSH_BTREE_FREE_SAMPLE_TICKS	0
LIST_EXNEXT_1000_ENTRIES_REPEAT10_TOTAL_VOLUME_FLUSH_IFACE_ALLOC_CALLS	0
LIST_EXNEXT_1000_ENTRIES_REPEAT10_TOTAL_VOLUME_FLUSH_IFACE_ALLOC_SAMPLES	0
LIST_EXNEXT_1000_ENTRIES_REPEAT10_TOTAL_VOLUME_FLUSH_IFACE_ALLOC_SAMPLE_TICKS	0
LIST_EXNEXT_1000_ENTRIES_REPEAT10_TOTAL_VOLUME_FLUSH_FREESPACE_ALLOC_CALLS	0
LIST_EXNEXT_1000_ENTRIES_REPEAT10_TOTAL_VOLUME_FLUSH_FREESPACE_ALLOC_SAMPLES	0
LIST_EXNEXT_1000_ENTRIES_REPEAT10_TOTAL_VOLUME_FLUSH_FREESPACE_ALLOC_SAMPLE_TICKS	0
LIST_EXNEXT_1000_ENTRIES_REPEAT10_TOTAL_VOLUME_FLUSH_DETAIL_INODE_READ_CALLS	0
LIST_EXNEXT_1000_ENTRIES_REPEAT10_TOTAL_VOLUME_FLUSH_DETAIL_INODE_READ_SAMPLES	0
LIST_EXNEXT_1000_ENTRIES_REPEAT10_TOTAL_VOLUME_FLUSH_DETAIL_INODE_READ_SAMPLE_TICKS	0
LIST_EXNEXT_1000_ENTRIES_REPEAT10_TOTAL_VOLUME_FLUSH_DETAIL_INODE_VALIDATE_CALLS	0
LIST_EXNEXT_1000_ENTRIES_REPEAT10_TOTAL_VOLUME_FLUSH_DETAIL_INODE_VALIDATE_SAMPLES	0
LIST_EXNEXT_1000_ENTRIES_REPEAT10_TOTAL_VOLUME_FLUSH_DETAIL_INODE_VALIDATE_SAMPLE_TICKS	0
LIST_EXNEXT_1000_ENTRIES_REPEAT10_TOTAL_VOLUME_FLUSH_DETAIL_INODE_SEARCH_CALLS	0
LIST_EXNEXT_1000_ENTRIES_REPEAT10_TOTAL_VOLUME_FLUSH_DETAIL_INODE_SEARCH_SAMPLES	0
LIST_EXNEXT_1000_ENTRIES_REPEAT10_TOTAL_VOLUME_FLUSH_DETAIL_INODE_SEARCH_SAMPLE_TICKS	0
LIST_EXNEXT_1000_ENTRIES_REPEAT10_TOTAL_VOLUME_FLUSH_DETAIL_INODE_NODE_VIEW_CALLS	0
LIST_EXNEXT_1000_ENTRIES_REPEAT10_TOTAL_VOLUME_FLUSH_DETAIL_INODE_NODE_VIEW_SAMPLES	0
LIST_EXNEXT_1000_ENTRIES_REPEAT10_TOTAL_VOLUME_FLUSH_DETAIL_INODE_NODE_VIEW_SAMPLE_TICKS	0
LIST_EXNEXT_1000_ENTRIES_REPEAT10_TOTAL_VOLUME_FLUSH_DETAIL_DIR_NODE_VIEW_CALLS	0
LIST_EXNEXT_1000_ENTRIES_REPEAT10_TOTAL_VOLUME_FLUSH_DETAIL_DIR_NODE_VIEW_SAMPLES	0
LIST_EXNEXT_1000_ENTRIES_REPEAT10_TOTAL_VOLUME_FLUSH_DETAIL_DIR_NODE_VIEW_SAMPLE_TICKS	0
LIST_EXNEXT_1000_ENTRIES_REPEAT10_TOTAL_VOLUME_FLUSH_DETAIL_INODE_BINARY_SEARCH_CALLS	0
LIST_EXNEXT_1000_ENTRIES_REPEAT10_TOTAL_VOLUME_FLUSH_DETAIL_INODE_BINARY_SEARCH_SAMPLES	0
LIST_EXNEXT_1000_ENTRIES_REPEAT10_TOTAL_VOLUME_FLUSH_DETAIL_INODE_BINARY_SEARCH_SAMPLE_TICKS	0
LIST_EXNEXT_1000_ENTRIES_REPEAT10_TOTAL_VOLUME_FLUSH_DETAIL_DIR_BINARY_SEARCH_CALLS	0
LIST_EXNEXT_1000_ENTRIES_REPEAT10_TOTAL_VOLUME_FLUSH_DETAIL_DIR_BINARY_SEARCH_SAMPLES	0
LIST_EXNEXT_1000_ENTRIES_REPEAT10_TOTAL_VOLUME_FLUSH_DETAIL_DIR_BINARY_SEARCH_SAMPLE_TICKS	0
LIST_EXNEXT_1000_ENTRIES_REPEAT10_TOTAL_VOLUME_FLUSH_DETAIL_NODE_STRUCTURE_CALLS	0
LIST_EXNEXT_1000_ENTRIES_REPEAT10_TOTAL_VOLUME_FLUSH_DETAIL_NODE_STRUCTURE_SAMPLES	0
LIST_EXNEXT_1000_ENTRIES_REPEAT10_TOTAL_VOLUME_FLUSH_DETAIL_NODE_STRUCTURE_SAMPLE_TICKS	0
LIST_EXNEXT_1000_ENTRIES_REPEAT10_TOTAL_VOLUME_FLUSH_DETAIL_CACHE_PEEK_CALLS	0
LIST_EXNEXT_1000_ENTRIES_REPEAT10_TOTAL_VOLUME_FLUSH_DETAIL_CACHE_PEEK_SAMPLES	0
LIST_EXNEXT_1000_ENTRIES_REPEAT10_TOTAL_VOLUME_FLUSH_DETAIL_CACHE_PEEK_SAMPLE_TICKS	0
LIST_EXNEXT_1000_ENTRIES_REPEAT10_TOTAL_VOLUME_FLUSH_DETAIL_BUFFER_ALLOC_CALLS	0
LIST_EXNEXT_1000_ENTRIES_REPEAT10_TOTAL_VOLUME_FLUSH_DETAIL_BUFFER_ALLOC_SAMPLES	0
LIST_EXNEXT_1000_ENTRIES_REPEAT10_TOTAL_VOLUME_FLUSH_DETAIL_BUFFER_ALLOC_SAMPLE_TICKS	0
LIST_EXNEXT_1000_ENTRIES_REPEAT10_TOTAL_VOLUME_FLUSH_DETAIL_BUFFER_FREE_CALLS	0
LIST_EXNEXT_1000_ENTRIES_REPEAT10_TOTAL_VOLUME_FLUSH_DETAIL_BUFFER_FREE_SAMPLES	0
LIST_EXNEXT_1000_ENTRIES_REPEAT10_TOTAL_VOLUME_FLUSH_DETAIL_BUFFER_FREE_SAMPLE_TICKS	0
LIST_EXNEXT_1000_ENTRIES_REPEAT10_TOTAL_VOLUME_FLUSH_DETAIL_EXALL_FILL_CALLS	0
LIST_EXNEXT_1000_ENTRIES_REPEAT10_TOTAL_VOLUME_FLUSH_DETAIL_EXALL_FILL_SAMPLES	0
LIST_EXNEXT_1000_ENTRIES_REPEAT10_TOTAL_VOLUME_FLUSH_DETAIL_EXALL_FILL_SAMPLE_TICKS	0
LIST_EXNEXT_1000_ENTRIES_REPEAT10_TOTAL_VOLUME_FLUSH_FREESPACE_ALLOCS	0
LIST_EXALL_1000_ENTRIES_FIRST_PASS_US	53823
LIST_EXALL_1000_ENTRIES_FIRST_PASS_WORK_US	53823
LIST_EXALL_1000_ENTRIES_FIRST_PASS_VOLUME_FLUSH_US	0
LIST_EXALL_1000_ENTRIES_FIRST_PASS_HAS_VOLUME_FLUSH	0
LIST_EXALL_1000_ENTRIES_FIRST_PASS_GUEST_OPEN_CALLS	0
LIST_EXALL_1000_ENTRIES_FIRST_PASS_GUEST_OPEN_US	0
LIST_EXALL_1000_ENTRIES_FIRST_PASS_GUEST_READ_CALLS	0
LIST_EXALL_1000_ENTRIES_FIRST_PASS_GUEST_READ_US	0
LIST_EXALL_1000_ENTRIES_FIRST_PASS_GUEST_WRITE_CALLS	0
LIST_EXALL_1000_ENTRIES_FIRST_PASS_GUEST_WRITE_US	0
LIST_EXALL_1000_ENTRIES_FIRST_PASS_GUEST_HANDLE_FLUSH_CALLS	0
LIST_EXALL_1000_ENTRIES_FIRST_PASS_GUEST_HANDLE_FLUSH_US	0
LIST_EXALL_1000_ENTRIES_FIRST_PASS_GUEST_CLOSE_CALLS	0
LIST_EXALL_1000_ENTRIES_FIRST_PASS_GUEST_CLOSE_US	0
LIST_EXALL_1000_ENTRIES_FIRST_PASS_GUEST_VERIFY_CALLS	0
LIST_EXALL_1000_ENTRIES_FIRST_PASS_GUEST_VERIFY_US	0
LIST_EXALL_1000_ENTRIES_FIRST_PASS_WORK_BIO_READS	49
LIST_EXALL_1000_ENTRIES_FIRST_PASS_WORK_BIO_WRITES	0
LIST_EXALL_1000_ENTRIES_FIRST_PASS_WORK_BIO_UPDATES	0
LIST_EXALL_1000_ENTRIES_FIRST_PASS_WORK_DATA_READS	0
LIST_EXALL_1000_ENTRIES_FIRST_PASS_WORK_DATA_WRITES	0
LIST_EXALL_1000_ENTRIES_FIRST_PASS_WORK_NODE_WRITES	0
LIST_EXALL_1000_ENTRIES_FIRST_PASS_WORK_TXN_COMMITS	0
LIST_EXALL_1000_ENTRIES_FIRST_PASS_WORK_EXTENT_MAPS	0
LIST_EXALL_1000_ENTRIES_FIRST_PASS_WORK_READ_TICKS	3718
LIST_EXALL_1000_ENTRIES_FIRST_PASS_WORK_WRITE_TICKS	0
LIST_EXALL_1000_ENTRIES_FIRST_PASS_WORK_UPDATE_TICKS	0
LIST_EXALL_1000_ENTRIES_FIRST_PASS_WORK_DATA_READ_TICKS	0
LIST_EXALL_1000_ENTRIES_FIRST_PASS_WORK_DATA_WRITE_TICKS	0
LIST_EXALL_1000_ENTRIES_FIRST_PASS_WORK_NODE_CRC_READ_CALLS	49
LIST_EXALL_1000_ENTRIES_FIRST_PASS_WORK_NODE_CRC_READ_SAMPLES	49
LIST_EXALL_1000_ENTRIES_FIRST_PASS_WORK_NODE_CRC_READ_SAMPLE_TICKS	6717
LIST_EXALL_1000_ENTRIES_FIRST_PASS_WORK_NODE_CRC_WRITE_CALLS	0
LIST_EXALL_1000_ENTRIES_FIRST_PASS_WORK_NODE_CRC_WRITE_SAMPLES	0
LIST_EXALL_1000_ENTRIES_FIRST_PASS_WORK_NODE_CRC_WRITE_SAMPLE_TICKS	0
LIST_EXALL_1000_ENTRIES_FIRST_PASS_WORK_CLOCK_PAIR_TICKS	0
LIST_EXALL_1000_ENTRIES_FIRST_PASS_WORK_PACKET_CALLS	13
LIST_EXALL_1000_ENTRIES_FIRST_PASS_WORK_PACKET_SAMPLES	13
LIST_EXALL_1000_ENTRIES_FIRST_PASS_WORK_PACKET_SAMPLE_TICKS	37004
LIST_EXALL_1000_ENTRIES_FIRST_PASS_WORK_PACKET_OPEN_CALLS	0
LIST_EXALL_1000_ENTRIES_FIRST_PASS_WORK_PACKET_OPEN_SAMPLES	0
LIST_EXALL_1000_ENTRIES_FIRST_PASS_WORK_PACKET_OPEN_SAMPLE_TICKS	0
LIST_EXALL_1000_ENTRIES_FIRST_PASS_WORK_PACKET_READ_CALLS	0
LIST_EXALL_1000_ENTRIES_FIRST_PASS_WORK_PACKET_READ_SAMPLES	0
LIST_EXALL_1000_ENTRIES_FIRST_PASS_WORK_PACKET_READ_SAMPLE_TICKS	0
LIST_EXALL_1000_ENTRIES_FIRST_PASS_WORK_PACKET_WRITE_CALLS	0
LIST_EXALL_1000_ENTRIES_FIRST_PASS_WORK_PACKET_WRITE_SAMPLES	0
LIST_EXALL_1000_ENTRIES_FIRST_PASS_WORK_PACKET_WRITE_SAMPLE_TICKS	0
LIST_EXALL_1000_ENTRIES_FIRST_PASS_WORK_PACKET_END_CALLS	0
LIST_EXALL_1000_ENTRIES_FIRST_PASS_WORK_PACKET_END_SAMPLES	0
LIST_EXALL_1000_ENTRIES_FIRST_PASS_WORK_PACKET_END_SAMPLE_TICKS	0
LIST_EXALL_1000_ENTRIES_FIRST_PASS_WORK_PACKET_DELETE_CALLS	0
LIST_EXALL_1000_ENTRIES_FIRST_PASS_WORK_PACKET_DELETE_SAMPLES	0
LIST_EXALL_1000_ENTRIES_FIRST_PASS_WORK_PACKET_DELETE_SAMPLE_TICKS	0
LIST_EXALL_1000_ENTRIES_FIRST_PASS_WORK_PACKET_FLUSH_CALLS	0
LIST_EXALL_1000_ENTRIES_FIRST_PASS_WORK_PACKET_FLUSH_SAMPLES	0
LIST_EXALL_1000_ENTRIES_FIRST_PASS_WORK_PACKET_FLUSH_SAMPLE_TICKS	0
LIST_EXALL_1000_ENTRIES_FIRST_PASS_WORK_PACKET_OTHER_CALLS	13
LIST_EXALL_1000_ENTRIES_FIRST_PASS_WORK_PACKET_OTHER_SAMPLES	13
LIST_EXALL_1000_ENTRIES_FIRST_PASS_WORK_PACKET_OTHER_SAMPLE_TICKS	37004
LIST_EXALL_1000_ENTRIES_FIRST_PASS_WORK_CORE_CREATE_CALLS	0
LIST_EXALL_1000_ENTRIES_FIRST_PASS_WORK_CORE_CREATE_SAMPLES	0
LIST_EXALL_1000_ENTRIES_FIRST_PASS_WORK_CORE_CREATE_SAMPLE_TICKS	0
LIST_EXALL_1000_ENTRIES_FIRST_PASS_WORK_CORE_DELETE_CALLS	0
LIST_EXALL_1000_ENTRIES_FIRST_PASS_WORK_CORE_DELETE_SAMPLES	0
LIST_EXALL_1000_ENTRIES_FIRST_PASS_WORK_CORE_DELETE_SAMPLE_TICKS	0
LIST_EXALL_1000_ENTRIES_FIRST_PASS_WORK_CORE_FILE_WRITE_CALLS	0
LIST_EXALL_1000_ENTRIES_FIRST_PASS_WORK_CORE_FILE_WRITE_SAMPLES	0
LIST_EXALL_1000_ENTRIES_FIRST_PASS_WORK_CORE_FILE_WRITE_SAMPLE_TICKS	0
LIST_EXALL_1000_ENTRIES_FIRST_PASS_WORK_CORE_SYNC_CALLS	0
LIST_EXALL_1000_ENTRIES_FIRST_PASS_WORK_CORE_SYNC_SAMPLES	0
LIST_EXALL_1000_ENTRIES_FIRST_PASS_WORK_CORE_SYNC_SAMPLE_TICKS	0
LIST_EXALL_1000_ENTRIES_FIRST_PASS_WORK_IFACE_FREE_CALLS	0
LIST_EXALL_1000_ENTRIES_FIRST_PASS_WORK_IFACE_FREE_SAMPLES	0
LIST_EXALL_1000_ENTRIES_FIRST_PASS_WORK_IFACE_FREE_SAMPLE_TICKS	0
LIST_EXALL_1000_ENTRIES_FIRST_PASS_WORK_SEAL_COMMIT_CALLS	0
LIST_EXALL_1000_ENTRIES_FIRST_PASS_WORK_SEAL_COMMIT_SAMPLES	0
LIST_EXALL_1000_ENTRIES_FIRST_PASS_WORK_SEAL_COMMIT_SAMPLE_TICKS	0
LIST_EXALL_1000_ENTRIES_FIRST_PASS_WORK_INODE_READ_CALLS	1000
LIST_EXALL_1000_ENTRIES_FIRST_PASS_WORK_BTREE_SEARCH_CALLS	1001
LIST_EXALL_1000_ENTRIES_FIRST_PASS_WORK_BTREE_INDEX_HINT_HITS	0
LIST_EXALL_1000_ENTRIES_FIRST_PASS_WORK_BTREE_LEAF_HINT_HITS	136
LIST_EXALL_1000_ENTRIES_FIRST_PASS_WORK_CACHE_READ_CALLS	49
LIST_EXALL_1000_ENTRIES_FIRST_PASS_WORK_CACHE_READ_HITS	0
LIST_EXALL_1000_ENTRIES_FIRST_PASS_WORK_CACHE_READ_MISSES	49
LIST_EXALL_1000_ENTRIES_FIRST_PASS_WORK_FREE_TREE_NODE_VIEWS	0
LIST_EXALL_1000_ENTRIES_FIRST_PASS_WORK_FREE_TREE_RESIDENT_VIEWS	0
LIST_EXALL_1000_ENTRIES_FIRST_PASS_WORK_DIR_TREE_NODE_VIEWS	76
LIST_EXALL_1000_ENTRIES_FIRST_PASS_WORK_DIR_TREE_RESIDENT_VIEWS	56
LIST_EXALL_1000_ENTRIES_FIRST_PASS_WORK_INODE_TREE_NODE_VIEWS	58
LIST_EXALL_1000_ENTRIES_FIRST_PASS_WORK_INODE_TREE_RESIDENT_VIEWS	29
LIST_EXALL_1000_ENTRIES_FIRST_PASS_WORK_REFCOUNT_TREE_NODE_VIEWS	0
LIST_EXALL_1000_ENTRIES_FIRST_PASS_WORK_REFCOUNT_TREE_RESIDENT_VIEWS	0
LIST_EXALL_1000_ENTRIES_FIRST_PASS_WORK_OTHER_TREE_NODE_VIEWS	0
LIST_EXALL_1000_ENTRIES_FIRST_PASS_WORK_OTHER_TREE_RESIDENT_VIEWS	0
LIST_EXALL_1000_ENTRIES_FIRST_PASS_WORK_WRITE_DETAIL_INODE_READ_CALLS	1000
LIST_EXALL_1000_ENTRIES_FIRST_PASS_WORK_WRITE_DETAIL_INODE_READ_SAMPLES	1000
LIST_EXALL_1000_ENTRIES_FIRST_PASS_WORK_WRITE_DETAIL_INODE_READ_SAMPLE_TICKS	15803
LIST_EXALL_1000_ENTRIES_FIRST_PASS_WORK_WRITE_DETAIL_INODE_WRITE_CALLS	0
LIST_EXALL_1000_ENTRIES_FIRST_PASS_WORK_WRITE_DETAIL_INODE_WRITE_SAMPLES	0
LIST_EXALL_1000_ENTRIES_FIRST_PASS_WORK_WRITE_DETAIL_INODE_WRITE_SAMPLE_TICKS	0
LIST_EXALL_1000_ENTRIES_FIRST_PASS_WORK_WRITE_DETAIL_EXTENT_MAP_CALLS	0
LIST_EXALL_1000_ENTRIES_FIRST_PASS_WORK_WRITE_DETAIL_EXTENT_MAP_SAMPLES	0
LIST_EXALL_1000_ENTRIES_FIRST_PASS_WORK_WRITE_DETAIL_EXTENT_MAP_SAMPLE_TICKS	0
LIST_EXALL_1000_ENTRIES_FIRST_PASS_WORK_WRITE_DETAIL_FREESPACE_GOAL_CALLS	0
LIST_EXALL_1000_ENTRIES_FIRST_PASS_WORK_WRITE_DETAIL_FREESPACE_GOAL_SAMPLES	0
LIST_EXALL_1000_ENTRIES_FIRST_PASS_WORK_WRITE_DETAIL_FREESPACE_GOAL_SAMPLE_TICKS	0
LIST_EXALL_1000_ENTRIES_FIRST_PASS_WORK_BTREE_MALLOC_CALLS	18
LIST_EXALL_1000_ENTRIES_FIRST_PASS_WORK_BTREE_MALLOC_SAMPLES	18
LIST_EXALL_1000_ENTRIES_FIRST_PASS_WORK_BTREE_MALLOC_SAMPLE_TICKS	45
LIST_EXALL_1000_ENTRIES_FIRST_PASS_WORK_BTREE_FREE_CALLS	23
LIST_EXALL_1000_ENTRIES_FIRST_PASS_WORK_BTREE_FREE_SAMPLES	23
LIST_EXALL_1000_ENTRIES_FIRST_PASS_WORK_BTREE_FREE_SAMPLE_TICKS	90
LIST_EXALL_1000_ENTRIES_FIRST_PASS_WORK_IFACE_ALLOC_CALLS	0
LIST_EXALL_1000_ENTRIES_FIRST_PASS_WORK_IFACE_ALLOC_SAMPLES	0
LIST_EXALL_1000_ENTRIES_FIRST_PASS_WORK_IFACE_ALLOC_SAMPLE_TICKS	0
LIST_EXALL_1000_ENTRIES_FIRST_PASS_WORK_FREESPACE_ALLOC_CALLS	0
LIST_EXALL_1000_ENTRIES_FIRST_PASS_WORK_FREESPACE_ALLOC_SAMPLES	0
LIST_EXALL_1000_ENTRIES_FIRST_PASS_WORK_FREESPACE_ALLOC_SAMPLE_TICKS	0
LIST_EXALL_1000_ENTRIES_FIRST_PASS_WORK_DETAIL_INODE_READ_CALLS	1000
LIST_EXALL_1000_ENTRIES_FIRST_PASS_WORK_DETAIL_INODE_READ_SAMPLES	58
LIST_EXALL_1000_ENTRIES_FIRST_PASS_WORK_DETAIL_INODE_READ_SAMPLE_TICKS	2136
LIST_EXALL_1000_ENTRIES_FIRST_PASS_WORK_DETAIL_INODE_VALIDATE_CALLS	1000
LIST_EXALL_1000_ENTRIES_FIRST_PASS_WORK_DETAIL_INODE_VALIDATE_SAMPLES	58
LIST_EXALL_1000_ENTRIES_FIRST_PASS_WORK_DETAIL_INODE_VALIDATE_SAMPLE_TICKS	167
LIST_EXALL_1000_ENTRIES_FIRST_PASS_WORK_DETAIL_INODE_SEARCH_CALLS	1000
LIST_EXALL_1000_ENTRIES_FIRST_PASS_WORK_DETAIL_INODE_SEARCH_SAMPLES	58
LIST_EXALL_1000_ENTRIES_FIRST_PASS_WORK_DETAIL_INODE_SEARCH_SAMPLE_TICKS	1595
LIST_EXALL_1000_ENTRIES_FIRST_PASS_WORK_DETAIL_INODE_NODE_VIEW_CALLS	58
LIST_EXALL_1000_ENTRIES_FIRST_PASS_WORK_DETAIL_INODE_NODE_VIEW_SAMPLES	3
LIST_EXALL_1000_ENTRIES_FIRST_PASS_WORK_DETAIL_INODE_NODE_VIEW_SAMPLE_TICKS	227
LIST_EXALL_1000_ENTRIES_FIRST_PASS_WORK_DETAIL_DIR_NODE_VIEW_CALLS	76
LIST_EXALL_1000_ENTRIES_FIRST_PASS_WORK_DETAIL_DIR_NODE_VIEW_SAMPLES	4
LIST_EXALL_1000_ENTRIES_FIRST_PASS_WORK_DETAIL_DIR_NODE_VIEW_SAMPLE_TICKS	726
LIST_EXALL_1000_ENTRIES_FIRST_PASS_WORK_DETAIL_INODE_BINARY_SEARCH_CALLS	29
LIST_EXALL_1000_ENTRIES_FIRST_PASS_WORK_DETAIL_INODE_BINARY_SEARCH_SAMPLES	1
LIST_EXALL_1000_ENTRIES_FIRST_PASS_WORK_DETAIL_INODE_BINARY_SEARCH_SAMPLE_TICKS	0
LIST_EXALL_1000_ENTRIES_FIRST_PASS_WORK_DETAIL_DIR_BINARY_SEARCH_CALLS	55
LIST_EXALL_1000_ENTRIES_FIRST_PASS_WORK_DETAIL_DIR_BINARY_SEARCH_SAMPLES	3
LIST_EXALL_1000_ENTRIES_FIRST_PASS_WORK_DETAIL_DIR_BINARY_SEARCH_SAMPLE_TICKS	45
LIST_EXALL_1000_ENTRIES_FIRST_PASS_WORK_DETAIL_NODE_STRUCTURE_CALLS	49
LIST_EXALL_1000_ENTRIES_FIRST_PASS_WORK_DETAIL_NODE_STRUCTURE_SAMPLES	2
LIST_EXALL_1000_ENTRIES_FIRST_PASS_WORK_DETAIL_NODE_STRUCTURE_SAMPLE_TICKS	91
LIST_EXALL_1000_ENTRIES_FIRST_PASS_WORK_DETAIL_CACHE_PEEK_CALLS	270
LIST_EXALL_1000_ENTRIES_FIRST_PASS_WORK_DETAIL_CACHE_PEEK_SAMPLES	15
LIST_EXALL_1000_ENTRIES_FIRST_PASS_WORK_DETAIL_CACHE_PEEK_SAMPLE_TICKS	134
LIST_EXALL_1000_ENTRIES_FIRST_PASS_WORK_DETAIL_BUFFER_ALLOC_CALLS	44
LIST_EXALL_1000_ENTRIES_FIRST_PASS_WORK_DETAIL_BUFFER_ALLOC_SAMPLES	2
LIST_EXALL_1000_ENTRIES_FIRST_PASS_WORK_DETAIL_BUFFER_ALLOC_SAMPLE_TICKS	0
LIST_EXALL_1000_ENTRIES_FIRST_PASS_WORK_DETAIL_BUFFER_FREE_CALLS	44
LIST_EXALL_1000_ENTRIES_FIRST_PASS_WORK_DETAIL_BUFFER_FREE_SAMPLES	2
LIST_EXALL_1000_ENTRIES_FIRST_PASS_WORK_DETAIL_BUFFER_FREE_SAMPLE_TICKS	1
LIST_EXALL_1000_ENTRIES_FIRST_PASS_WORK_DETAIL_EXALL_FILL_CALLS	1000
LIST_EXALL_1000_ENTRIES_FIRST_PASS_WORK_DETAIL_EXALL_FILL_SAMPLES	58
LIST_EXALL_1000_ENTRIES_FIRST_PASS_WORK_DETAIL_EXALL_FILL_SAMPLE_TICKS	244
LIST_EXALL_1000_ENTRIES_FIRST_PASS_WORK_FREESPACE_ALLOCS	0
LIST_EXALL_1000_ENTRIES_FIRST_PASS_VOLUME_FLUSH_BIO_READS	0
LIST_EXALL_1000_ENTRIES_FIRST_PASS_VOLUME_FLUSH_BIO_WRITES	0
LIST_EXALL_1000_ENTRIES_FIRST_PASS_VOLUME_FLUSH_BIO_UPDATES	0
LIST_EXALL_1000_ENTRIES_FIRST_PASS_VOLUME_FLUSH_DATA_READS	0
LIST_EXALL_1000_ENTRIES_FIRST_PASS_VOLUME_FLUSH_DATA_WRITES	0
LIST_EXALL_1000_ENTRIES_FIRST_PASS_VOLUME_FLUSH_NODE_WRITES	0
LIST_EXALL_1000_ENTRIES_FIRST_PASS_VOLUME_FLUSH_TXN_COMMITS	0
LIST_EXALL_1000_ENTRIES_FIRST_PASS_VOLUME_FLUSH_EXTENT_MAPS	0
LIST_EXALL_1000_ENTRIES_FIRST_PASS_VOLUME_FLUSH_READ_TICKS	0
LIST_EXALL_1000_ENTRIES_FIRST_PASS_VOLUME_FLUSH_WRITE_TICKS	0
LIST_EXALL_1000_ENTRIES_FIRST_PASS_VOLUME_FLUSH_UPDATE_TICKS	0
LIST_EXALL_1000_ENTRIES_FIRST_PASS_VOLUME_FLUSH_DATA_READ_TICKS	0
LIST_EXALL_1000_ENTRIES_FIRST_PASS_VOLUME_FLUSH_DATA_WRITE_TICKS	0
LIST_EXALL_1000_ENTRIES_FIRST_PASS_VOLUME_FLUSH_NODE_CRC_READ_CALLS	0
LIST_EXALL_1000_ENTRIES_FIRST_PASS_VOLUME_FLUSH_NODE_CRC_READ_SAMPLES	0
LIST_EXALL_1000_ENTRIES_FIRST_PASS_VOLUME_FLUSH_NODE_CRC_READ_SAMPLE_TICKS	0
LIST_EXALL_1000_ENTRIES_FIRST_PASS_VOLUME_FLUSH_NODE_CRC_WRITE_CALLS	0
LIST_EXALL_1000_ENTRIES_FIRST_PASS_VOLUME_FLUSH_NODE_CRC_WRITE_SAMPLES	0
LIST_EXALL_1000_ENTRIES_FIRST_PASS_VOLUME_FLUSH_NODE_CRC_WRITE_SAMPLE_TICKS	0
LIST_EXALL_1000_ENTRIES_FIRST_PASS_VOLUME_FLUSH_CLOCK_PAIR_TICKS	0
LIST_EXALL_1000_ENTRIES_FIRST_PASS_VOLUME_FLUSH_PACKET_CALLS	0
LIST_EXALL_1000_ENTRIES_FIRST_PASS_VOLUME_FLUSH_PACKET_SAMPLES	0
LIST_EXALL_1000_ENTRIES_FIRST_PASS_VOLUME_FLUSH_PACKET_SAMPLE_TICKS	0
LIST_EXALL_1000_ENTRIES_FIRST_PASS_VOLUME_FLUSH_PACKET_OPEN_CALLS	0
LIST_EXALL_1000_ENTRIES_FIRST_PASS_VOLUME_FLUSH_PACKET_OPEN_SAMPLES	0
LIST_EXALL_1000_ENTRIES_FIRST_PASS_VOLUME_FLUSH_PACKET_OPEN_SAMPLE_TICKS	0
LIST_EXALL_1000_ENTRIES_FIRST_PASS_VOLUME_FLUSH_PACKET_READ_CALLS	0
LIST_EXALL_1000_ENTRIES_FIRST_PASS_VOLUME_FLUSH_PACKET_READ_SAMPLES	0
LIST_EXALL_1000_ENTRIES_FIRST_PASS_VOLUME_FLUSH_PACKET_READ_SAMPLE_TICKS	0
LIST_EXALL_1000_ENTRIES_FIRST_PASS_VOLUME_FLUSH_PACKET_WRITE_CALLS	0
LIST_EXALL_1000_ENTRIES_FIRST_PASS_VOLUME_FLUSH_PACKET_WRITE_SAMPLES	0
LIST_EXALL_1000_ENTRIES_FIRST_PASS_VOLUME_FLUSH_PACKET_WRITE_SAMPLE_TICKS	0
LIST_EXALL_1000_ENTRIES_FIRST_PASS_VOLUME_FLUSH_PACKET_END_CALLS	0
LIST_EXALL_1000_ENTRIES_FIRST_PASS_VOLUME_FLUSH_PACKET_END_SAMPLES	0
LIST_EXALL_1000_ENTRIES_FIRST_PASS_VOLUME_FLUSH_PACKET_END_SAMPLE_TICKS	0
LIST_EXALL_1000_ENTRIES_FIRST_PASS_VOLUME_FLUSH_PACKET_DELETE_CALLS	0
LIST_EXALL_1000_ENTRIES_FIRST_PASS_VOLUME_FLUSH_PACKET_DELETE_SAMPLES	0
LIST_EXALL_1000_ENTRIES_FIRST_PASS_VOLUME_FLUSH_PACKET_DELETE_SAMPLE_TICKS	0
LIST_EXALL_1000_ENTRIES_FIRST_PASS_VOLUME_FLUSH_PACKET_FLUSH_CALLS	0
LIST_EXALL_1000_ENTRIES_FIRST_PASS_VOLUME_FLUSH_PACKET_FLUSH_SAMPLES	0
LIST_EXALL_1000_ENTRIES_FIRST_PASS_VOLUME_FLUSH_PACKET_FLUSH_SAMPLE_TICKS	0
LIST_EXALL_1000_ENTRIES_FIRST_PASS_VOLUME_FLUSH_PACKET_OTHER_CALLS	0
LIST_EXALL_1000_ENTRIES_FIRST_PASS_VOLUME_FLUSH_PACKET_OTHER_SAMPLES	0
LIST_EXALL_1000_ENTRIES_FIRST_PASS_VOLUME_FLUSH_PACKET_OTHER_SAMPLE_TICKS	0
LIST_EXALL_1000_ENTRIES_FIRST_PASS_VOLUME_FLUSH_CORE_CREATE_CALLS	0
LIST_EXALL_1000_ENTRIES_FIRST_PASS_VOLUME_FLUSH_CORE_CREATE_SAMPLES	0
LIST_EXALL_1000_ENTRIES_FIRST_PASS_VOLUME_FLUSH_CORE_CREATE_SAMPLE_TICKS	0
LIST_EXALL_1000_ENTRIES_FIRST_PASS_VOLUME_FLUSH_CORE_DELETE_CALLS	0
LIST_EXALL_1000_ENTRIES_FIRST_PASS_VOLUME_FLUSH_CORE_DELETE_SAMPLES	0
LIST_EXALL_1000_ENTRIES_FIRST_PASS_VOLUME_FLUSH_CORE_DELETE_SAMPLE_TICKS	0
LIST_EXALL_1000_ENTRIES_FIRST_PASS_VOLUME_FLUSH_CORE_FILE_WRITE_CALLS	0
LIST_EXALL_1000_ENTRIES_FIRST_PASS_VOLUME_FLUSH_CORE_FILE_WRITE_SAMPLES	0
LIST_EXALL_1000_ENTRIES_FIRST_PASS_VOLUME_FLUSH_CORE_FILE_WRITE_SAMPLE_TICKS	0
LIST_EXALL_1000_ENTRIES_FIRST_PASS_VOLUME_FLUSH_CORE_SYNC_CALLS	0
LIST_EXALL_1000_ENTRIES_FIRST_PASS_VOLUME_FLUSH_CORE_SYNC_SAMPLES	0
LIST_EXALL_1000_ENTRIES_FIRST_PASS_VOLUME_FLUSH_CORE_SYNC_SAMPLE_TICKS	0
LIST_EXALL_1000_ENTRIES_FIRST_PASS_VOLUME_FLUSH_IFACE_FREE_CALLS	0
LIST_EXALL_1000_ENTRIES_FIRST_PASS_VOLUME_FLUSH_IFACE_FREE_SAMPLES	0
LIST_EXALL_1000_ENTRIES_FIRST_PASS_VOLUME_FLUSH_IFACE_FREE_SAMPLE_TICKS	0
LIST_EXALL_1000_ENTRIES_FIRST_PASS_VOLUME_FLUSH_SEAL_COMMIT_CALLS	0
LIST_EXALL_1000_ENTRIES_FIRST_PASS_VOLUME_FLUSH_SEAL_COMMIT_SAMPLES	0
LIST_EXALL_1000_ENTRIES_FIRST_PASS_VOLUME_FLUSH_SEAL_COMMIT_SAMPLE_TICKS	0
LIST_EXALL_1000_ENTRIES_FIRST_PASS_VOLUME_FLUSH_INODE_READ_CALLS	0
LIST_EXALL_1000_ENTRIES_FIRST_PASS_VOLUME_FLUSH_BTREE_SEARCH_CALLS	0
LIST_EXALL_1000_ENTRIES_FIRST_PASS_VOLUME_FLUSH_BTREE_INDEX_HINT_HITS	0
LIST_EXALL_1000_ENTRIES_FIRST_PASS_VOLUME_FLUSH_BTREE_LEAF_HINT_HITS	0
LIST_EXALL_1000_ENTRIES_FIRST_PASS_VOLUME_FLUSH_CACHE_READ_CALLS	0
LIST_EXALL_1000_ENTRIES_FIRST_PASS_VOLUME_FLUSH_CACHE_READ_HITS	0
LIST_EXALL_1000_ENTRIES_FIRST_PASS_VOLUME_FLUSH_CACHE_READ_MISSES	0
LIST_EXALL_1000_ENTRIES_FIRST_PASS_VOLUME_FLUSH_FREE_TREE_NODE_VIEWS	0
LIST_EXALL_1000_ENTRIES_FIRST_PASS_VOLUME_FLUSH_FREE_TREE_RESIDENT_VIEWS	0
LIST_EXALL_1000_ENTRIES_FIRST_PASS_VOLUME_FLUSH_DIR_TREE_NODE_VIEWS	0
LIST_EXALL_1000_ENTRIES_FIRST_PASS_VOLUME_FLUSH_DIR_TREE_RESIDENT_VIEWS	0
LIST_EXALL_1000_ENTRIES_FIRST_PASS_VOLUME_FLUSH_INODE_TREE_NODE_VIEWS	0
LIST_EXALL_1000_ENTRIES_FIRST_PASS_VOLUME_FLUSH_INODE_TREE_RESIDENT_VIEWS	0
LIST_EXALL_1000_ENTRIES_FIRST_PASS_VOLUME_FLUSH_REFCOUNT_TREE_NODE_VIEWS	0
LIST_EXALL_1000_ENTRIES_FIRST_PASS_VOLUME_FLUSH_REFCOUNT_TREE_RESIDENT_VIEWS	0
LIST_EXALL_1000_ENTRIES_FIRST_PASS_VOLUME_FLUSH_OTHER_TREE_NODE_VIEWS	0
LIST_EXALL_1000_ENTRIES_FIRST_PASS_VOLUME_FLUSH_OTHER_TREE_RESIDENT_VIEWS	0
LIST_EXALL_1000_ENTRIES_FIRST_PASS_VOLUME_FLUSH_WRITE_DETAIL_INODE_READ_CALLS	0
LIST_EXALL_1000_ENTRIES_FIRST_PASS_VOLUME_FLUSH_WRITE_DETAIL_INODE_READ_SAMPLES	0
LIST_EXALL_1000_ENTRIES_FIRST_PASS_VOLUME_FLUSH_WRITE_DETAIL_INODE_READ_SAMPLE_TICKS	0
LIST_EXALL_1000_ENTRIES_FIRST_PASS_VOLUME_FLUSH_WRITE_DETAIL_INODE_WRITE_CALLS	0
LIST_EXALL_1000_ENTRIES_FIRST_PASS_VOLUME_FLUSH_WRITE_DETAIL_INODE_WRITE_SAMPLES	0
LIST_EXALL_1000_ENTRIES_FIRST_PASS_VOLUME_FLUSH_WRITE_DETAIL_INODE_WRITE_SAMPLE_TICKS	0
LIST_EXALL_1000_ENTRIES_FIRST_PASS_VOLUME_FLUSH_WRITE_DETAIL_EXTENT_MAP_CALLS	0
LIST_EXALL_1000_ENTRIES_FIRST_PASS_VOLUME_FLUSH_WRITE_DETAIL_EXTENT_MAP_SAMPLES	0
LIST_EXALL_1000_ENTRIES_FIRST_PASS_VOLUME_FLUSH_WRITE_DETAIL_EXTENT_MAP_SAMPLE_TICKS	0
LIST_EXALL_1000_ENTRIES_FIRST_PASS_VOLUME_FLUSH_WRITE_DETAIL_FREESPACE_GOAL_CALLS	0
LIST_EXALL_1000_ENTRIES_FIRST_PASS_VOLUME_FLUSH_WRITE_DETAIL_FREESPACE_GOAL_SAMPLES	0
LIST_EXALL_1000_ENTRIES_FIRST_PASS_VOLUME_FLUSH_WRITE_DETAIL_FREESPACE_GOAL_SAMPLE_TICKS	0
LIST_EXALL_1000_ENTRIES_FIRST_PASS_VOLUME_FLUSH_BTREE_MALLOC_CALLS	0
LIST_EXALL_1000_ENTRIES_FIRST_PASS_VOLUME_FLUSH_BTREE_MALLOC_SAMPLES	0
LIST_EXALL_1000_ENTRIES_FIRST_PASS_VOLUME_FLUSH_BTREE_MALLOC_SAMPLE_TICKS	0
LIST_EXALL_1000_ENTRIES_FIRST_PASS_VOLUME_FLUSH_BTREE_FREE_CALLS	0
LIST_EXALL_1000_ENTRIES_FIRST_PASS_VOLUME_FLUSH_BTREE_FREE_SAMPLES	0
LIST_EXALL_1000_ENTRIES_FIRST_PASS_VOLUME_FLUSH_BTREE_FREE_SAMPLE_TICKS	0
LIST_EXALL_1000_ENTRIES_FIRST_PASS_VOLUME_FLUSH_IFACE_ALLOC_CALLS	0
LIST_EXALL_1000_ENTRIES_FIRST_PASS_VOLUME_FLUSH_IFACE_ALLOC_SAMPLES	0
LIST_EXALL_1000_ENTRIES_FIRST_PASS_VOLUME_FLUSH_IFACE_ALLOC_SAMPLE_TICKS	0
LIST_EXALL_1000_ENTRIES_FIRST_PASS_VOLUME_FLUSH_FREESPACE_ALLOC_CALLS	0
LIST_EXALL_1000_ENTRIES_FIRST_PASS_VOLUME_FLUSH_FREESPACE_ALLOC_SAMPLES	0
LIST_EXALL_1000_ENTRIES_FIRST_PASS_VOLUME_FLUSH_FREESPACE_ALLOC_SAMPLE_TICKS	0
LIST_EXALL_1000_ENTRIES_FIRST_PASS_VOLUME_FLUSH_DETAIL_INODE_READ_CALLS	0
LIST_EXALL_1000_ENTRIES_FIRST_PASS_VOLUME_FLUSH_DETAIL_INODE_READ_SAMPLES	0
LIST_EXALL_1000_ENTRIES_FIRST_PASS_VOLUME_FLUSH_DETAIL_INODE_READ_SAMPLE_TICKS	0
LIST_EXALL_1000_ENTRIES_FIRST_PASS_VOLUME_FLUSH_DETAIL_INODE_VALIDATE_CALLS	0
LIST_EXALL_1000_ENTRIES_FIRST_PASS_VOLUME_FLUSH_DETAIL_INODE_VALIDATE_SAMPLES	0
LIST_EXALL_1000_ENTRIES_FIRST_PASS_VOLUME_FLUSH_DETAIL_INODE_VALIDATE_SAMPLE_TICKS	0
LIST_EXALL_1000_ENTRIES_FIRST_PASS_VOLUME_FLUSH_DETAIL_INODE_SEARCH_CALLS	0
LIST_EXALL_1000_ENTRIES_FIRST_PASS_VOLUME_FLUSH_DETAIL_INODE_SEARCH_SAMPLES	0
LIST_EXALL_1000_ENTRIES_FIRST_PASS_VOLUME_FLUSH_DETAIL_INODE_SEARCH_SAMPLE_TICKS	0
LIST_EXALL_1000_ENTRIES_FIRST_PASS_VOLUME_FLUSH_DETAIL_INODE_NODE_VIEW_CALLS	0
LIST_EXALL_1000_ENTRIES_FIRST_PASS_VOLUME_FLUSH_DETAIL_INODE_NODE_VIEW_SAMPLES	0
LIST_EXALL_1000_ENTRIES_FIRST_PASS_VOLUME_FLUSH_DETAIL_INODE_NODE_VIEW_SAMPLE_TICKS	0
LIST_EXALL_1000_ENTRIES_FIRST_PASS_VOLUME_FLUSH_DETAIL_DIR_NODE_VIEW_CALLS	0
LIST_EXALL_1000_ENTRIES_FIRST_PASS_VOLUME_FLUSH_DETAIL_DIR_NODE_VIEW_SAMPLES	0
LIST_EXALL_1000_ENTRIES_FIRST_PASS_VOLUME_FLUSH_DETAIL_DIR_NODE_VIEW_SAMPLE_TICKS	0
LIST_EXALL_1000_ENTRIES_FIRST_PASS_VOLUME_FLUSH_DETAIL_INODE_BINARY_SEARCH_CALLS	0
LIST_EXALL_1000_ENTRIES_FIRST_PASS_VOLUME_FLUSH_DETAIL_INODE_BINARY_SEARCH_SAMPLES	0
LIST_EXALL_1000_ENTRIES_FIRST_PASS_VOLUME_FLUSH_DETAIL_INODE_BINARY_SEARCH_SAMPLE_TICKS	0
LIST_EXALL_1000_ENTRIES_FIRST_PASS_VOLUME_FLUSH_DETAIL_DIR_BINARY_SEARCH_CALLS	0
LIST_EXALL_1000_ENTRIES_FIRST_PASS_VOLUME_FLUSH_DETAIL_DIR_BINARY_SEARCH_SAMPLES	0
LIST_EXALL_1000_ENTRIES_FIRST_PASS_VOLUME_FLUSH_DETAIL_DIR_BINARY_SEARCH_SAMPLE_TICKS	0
LIST_EXALL_1000_ENTRIES_FIRST_PASS_VOLUME_FLUSH_DETAIL_NODE_STRUCTURE_CALLS	0
LIST_EXALL_1000_ENTRIES_FIRST_PASS_VOLUME_FLUSH_DETAIL_NODE_STRUCTURE_SAMPLES	0
LIST_EXALL_1000_ENTRIES_FIRST_PASS_VOLUME_FLUSH_DETAIL_NODE_STRUCTURE_SAMPLE_TICKS	0
LIST_EXALL_1000_ENTRIES_FIRST_PASS_VOLUME_FLUSH_DETAIL_CACHE_PEEK_CALLS	0
LIST_EXALL_1000_ENTRIES_FIRST_PASS_VOLUME_FLUSH_DETAIL_CACHE_PEEK_SAMPLES	0
LIST_EXALL_1000_ENTRIES_FIRST_PASS_VOLUME_FLUSH_DETAIL_CACHE_PEEK_SAMPLE_TICKS	0
LIST_EXALL_1000_ENTRIES_FIRST_PASS_VOLUME_FLUSH_DETAIL_BUFFER_ALLOC_CALLS	0
LIST_EXALL_1000_ENTRIES_FIRST_PASS_VOLUME_FLUSH_DETAIL_BUFFER_ALLOC_SAMPLES	0
LIST_EXALL_1000_ENTRIES_FIRST_PASS_VOLUME_FLUSH_DETAIL_BUFFER_ALLOC_SAMPLE_TICKS	0
LIST_EXALL_1000_ENTRIES_FIRST_PASS_VOLUME_FLUSH_DETAIL_BUFFER_FREE_CALLS	0
LIST_EXALL_1000_ENTRIES_FIRST_PASS_VOLUME_FLUSH_DETAIL_BUFFER_FREE_SAMPLES	0
LIST_EXALL_1000_ENTRIES_FIRST_PASS_VOLUME_FLUSH_DETAIL_BUFFER_FREE_SAMPLE_TICKS	0
LIST_EXALL_1000_ENTRIES_FIRST_PASS_VOLUME_FLUSH_DETAIL_EXALL_FILL_CALLS	0
LIST_EXALL_1000_ENTRIES_FIRST_PASS_VOLUME_FLUSH_DETAIL_EXALL_FILL_SAMPLES	0
LIST_EXALL_1000_ENTRIES_FIRST_PASS_VOLUME_FLUSH_DETAIL_EXALL_FILL_SAMPLE_TICKS	0
LIST_EXALL_1000_ENTRIES_FIRST_PASS_VOLUME_FLUSH_FREESPACE_ALLOCS	0
LIST_EXALL_1000_ENTRIES_REPEAT10_TOTAL_US	347070
LIST_EXALL_1000_ENTRIES_REPEAT10_TOTAL_WORK_US	347070
LIST_EXALL_1000_ENTRIES_REPEAT10_TOTAL_VOLUME_FLUSH_US	0
LIST_EXALL_1000_ENTRIES_REPEAT10_TOTAL_HAS_VOLUME_FLUSH	0
LIST_EXALL_1000_ENTRIES_REPEAT10_TOTAL_GUEST_OPEN_CALLS	0
LIST_EXALL_1000_ENTRIES_REPEAT10_TOTAL_GUEST_OPEN_US	0
LIST_EXALL_1000_ENTRIES_REPEAT10_TOTAL_GUEST_READ_CALLS	0
LIST_EXALL_1000_ENTRIES_REPEAT10_TOTAL_GUEST_READ_US	0
LIST_EXALL_1000_ENTRIES_REPEAT10_TOTAL_GUEST_WRITE_CALLS	0
LIST_EXALL_1000_ENTRIES_REPEAT10_TOTAL_GUEST_WRITE_US	0
LIST_EXALL_1000_ENTRIES_REPEAT10_TOTAL_GUEST_HANDLE_FLUSH_CALLS	0
LIST_EXALL_1000_ENTRIES_REPEAT10_TOTAL_GUEST_HANDLE_FLUSH_US	0
LIST_EXALL_1000_ENTRIES_REPEAT10_TOTAL_GUEST_CLOSE_CALLS	0
LIST_EXALL_1000_ENTRIES_REPEAT10_TOTAL_GUEST_CLOSE_US	0
LIST_EXALL_1000_ENTRIES_REPEAT10_TOTAL_GUEST_VERIFY_CALLS	0
LIST_EXALL_1000_ENTRIES_REPEAT10_TOTAL_GUEST_VERIFY_US	0
LIST_EXALL_1000_ENTRIES_REPEAT10_TOTAL_WORK_BIO_READS	0
LIST_EXALL_1000_ENTRIES_REPEAT10_TOTAL_WORK_BIO_WRITES	0
LIST_EXALL_1000_ENTRIES_REPEAT10_TOTAL_WORK_BIO_UPDATES	0
LIST_EXALL_1000_ENTRIES_REPEAT10_TOTAL_WORK_DATA_READS	0
LIST_EXALL_1000_ENTRIES_REPEAT10_TOTAL_WORK_DATA_WRITES	0
LIST_EXALL_1000_ENTRIES_REPEAT10_TOTAL_WORK_NODE_WRITES	0
LIST_EXALL_1000_ENTRIES_REPEAT10_TOTAL_WORK_TXN_COMMITS	0
LIST_EXALL_1000_ENTRIES_REPEAT10_TOTAL_WORK_EXTENT_MAPS	0
LIST_EXALL_1000_ENTRIES_REPEAT10_TOTAL_WORK_READ_TICKS	0
LIST_EXALL_1000_ENTRIES_REPEAT10_TOTAL_WORK_WRITE_TICKS	0
LIST_EXALL_1000_ENTRIES_REPEAT10_TOTAL_WORK_UPDATE_TICKS	0
LIST_EXALL_1000_ENTRIES_REPEAT10_TOTAL_WORK_DATA_READ_TICKS	0
LIST_EXALL_1000_ENTRIES_REPEAT10_TOTAL_WORK_DATA_WRITE_TICKS	0
LIST_EXALL_1000_ENTRIES_REPEAT10_TOTAL_WORK_NODE_CRC_READ_CALLS	0
LIST_EXALL_1000_ENTRIES_REPEAT10_TOTAL_WORK_NODE_CRC_READ_SAMPLES	0
LIST_EXALL_1000_ENTRIES_REPEAT10_TOTAL_WORK_NODE_CRC_READ_SAMPLE_TICKS	0
LIST_EXALL_1000_ENTRIES_REPEAT10_TOTAL_WORK_NODE_CRC_WRITE_CALLS	0
LIST_EXALL_1000_ENTRIES_REPEAT10_TOTAL_WORK_NODE_CRC_WRITE_SAMPLES	0
LIST_EXALL_1000_ENTRIES_REPEAT10_TOTAL_WORK_NODE_CRC_WRITE_SAMPLE_TICKS	0
LIST_EXALL_1000_ENTRIES_REPEAT10_TOTAL_WORK_CLOCK_PAIR_TICKS	1
LIST_EXALL_1000_ENTRIES_REPEAT10_TOTAL_WORK_PACKET_CALLS	112
LIST_EXALL_1000_ENTRIES_REPEAT10_TOTAL_WORK_PACKET_SAMPLES	112
LIST_EXALL_1000_ENTRIES_REPEAT10_TOTAL_WORK_PACKET_SAMPLE_TICKS	235676
LIST_EXALL_1000_ENTRIES_REPEAT10_TOTAL_WORK_PACKET_OPEN_CALLS	0
LIST_EXALL_1000_ENTRIES_REPEAT10_TOTAL_WORK_PACKET_OPEN_SAMPLES	0
LIST_EXALL_1000_ENTRIES_REPEAT10_TOTAL_WORK_PACKET_OPEN_SAMPLE_TICKS	0
LIST_EXALL_1000_ENTRIES_REPEAT10_TOTAL_WORK_PACKET_READ_CALLS	0
LIST_EXALL_1000_ENTRIES_REPEAT10_TOTAL_WORK_PACKET_READ_SAMPLES	0
LIST_EXALL_1000_ENTRIES_REPEAT10_TOTAL_WORK_PACKET_READ_SAMPLE_TICKS	0
LIST_EXALL_1000_ENTRIES_REPEAT10_TOTAL_WORK_PACKET_WRITE_CALLS	0
LIST_EXALL_1000_ENTRIES_REPEAT10_TOTAL_WORK_PACKET_WRITE_SAMPLES	0
LIST_EXALL_1000_ENTRIES_REPEAT10_TOTAL_WORK_PACKET_WRITE_SAMPLE_TICKS	0
LIST_EXALL_1000_ENTRIES_REPEAT10_TOTAL_WORK_PACKET_END_CALLS	0
LIST_EXALL_1000_ENTRIES_REPEAT10_TOTAL_WORK_PACKET_END_SAMPLES	0
LIST_EXALL_1000_ENTRIES_REPEAT10_TOTAL_WORK_PACKET_END_SAMPLE_TICKS	0
LIST_EXALL_1000_ENTRIES_REPEAT10_TOTAL_WORK_PACKET_DELETE_CALLS	0
LIST_EXALL_1000_ENTRIES_REPEAT10_TOTAL_WORK_PACKET_DELETE_SAMPLES	0
LIST_EXALL_1000_ENTRIES_REPEAT10_TOTAL_WORK_PACKET_DELETE_SAMPLE_TICKS	0
LIST_EXALL_1000_ENTRIES_REPEAT10_TOTAL_WORK_PACKET_FLUSH_CALLS	0
LIST_EXALL_1000_ENTRIES_REPEAT10_TOTAL_WORK_PACKET_FLUSH_SAMPLES	0
LIST_EXALL_1000_ENTRIES_REPEAT10_TOTAL_WORK_PACKET_FLUSH_SAMPLE_TICKS	0
LIST_EXALL_1000_ENTRIES_REPEAT10_TOTAL_WORK_PACKET_OTHER_CALLS	112
LIST_EXALL_1000_ENTRIES_REPEAT10_TOTAL_WORK_PACKET_OTHER_SAMPLES	112
LIST_EXALL_1000_ENTRIES_REPEAT10_TOTAL_WORK_PACKET_OTHER_SAMPLE_TICKS	235676
LIST_EXALL_1000_ENTRIES_REPEAT10_TOTAL_WORK_CORE_CREATE_CALLS	0
LIST_EXALL_1000_ENTRIES_REPEAT10_TOTAL_WORK_CORE_CREATE_SAMPLES	0
LIST_EXALL_1000_ENTRIES_REPEAT10_TOTAL_WORK_CORE_CREATE_SAMPLE_TICKS	0
LIST_EXALL_1000_ENTRIES_REPEAT10_TOTAL_WORK_CORE_DELETE_CALLS	0
LIST_EXALL_1000_ENTRIES_REPEAT10_TOTAL_WORK_CORE_DELETE_SAMPLES	0
LIST_EXALL_1000_ENTRIES_REPEAT10_TOTAL_WORK_CORE_DELETE_SAMPLE_TICKS	0
LIST_EXALL_1000_ENTRIES_REPEAT10_TOTAL_WORK_CORE_FILE_WRITE_CALLS	0
LIST_EXALL_1000_ENTRIES_REPEAT10_TOTAL_WORK_CORE_FILE_WRITE_SAMPLES	0
LIST_EXALL_1000_ENTRIES_REPEAT10_TOTAL_WORK_CORE_FILE_WRITE_SAMPLE_TICKS	0
LIST_EXALL_1000_ENTRIES_REPEAT10_TOTAL_WORK_CORE_SYNC_CALLS	0
LIST_EXALL_1000_ENTRIES_REPEAT10_TOTAL_WORK_CORE_SYNC_SAMPLES	0
LIST_EXALL_1000_ENTRIES_REPEAT10_TOTAL_WORK_CORE_SYNC_SAMPLE_TICKS	0
LIST_EXALL_1000_ENTRIES_REPEAT10_TOTAL_WORK_IFACE_FREE_CALLS	0
LIST_EXALL_1000_ENTRIES_REPEAT10_TOTAL_WORK_IFACE_FREE_SAMPLES	0
LIST_EXALL_1000_ENTRIES_REPEAT10_TOTAL_WORK_IFACE_FREE_SAMPLE_TICKS	0
LIST_EXALL_1000_ENTRIES_REPEAT10_TOTAL_WORK_SEAL_COMMIT_CALLS	0
LIST_EXALL_1000_ENTRIES_REPEAT10_TOTAL_WORK_SEAL_COMMIT_SAMPLES	0
LIST_EXALL_1000_ENTRIES_REPEAT10_TOTAL_WORK_SEAL_COMMIT_SAMPLE_TICKS	0
LIST_EXALL_1000_ENTRIES_REPEAT10_TOTAL_WORK_INODE_READ_CALLS	10000
LIST_EXALL_1000_ENTRIES_REPEAT10_TOTAL_WORK_BTREE_SEARCH_CALLS	10001
LIST_EXALL_1000_ENTRIES_REPEAT10_TOTAL_WORK_BTREE_INDEX_HINT_HITS	0
LIST_EXALL_1000_ENTRIES_REPEAT10_TOTAL_WORK_BTREE_LEAF_HINT_HITS	1641
LIST_EXALL_1000_ENTRIES_REPEAT10_TOTAL_WORK_CACHE_READ_CALLS	0
LIST_EXALL_1000_ENTRIES_REPEAT10_TOTAL_WORK_CACHE_READ_HITS	0
LIST_EXALL_1000_ENTRIES_REPEAT10_TOTAL_WORK_CACHE_READ_MISSES	0
LIST_EXALL_1000_ENTRIES_REPEAT10_TOTAL_WORK_FREE_TREE_NODE_VIEWS	0
LIST_EXALL_1000_ENTRIES_REPEAT10_TOTAL_WORK_FREE_TREE_RESIDENT_VIEWS	0
LIST_EXALL_1000_ENTRIES_REPEAT10_TOTAL_WORK_DIR_TREE_NODE_VIEWS	760
LIST_EXALL_1000_ENTRIES_REPEAT10_TOTAL_WORK_DIR_TREE_RESIDENT_VIEWS	760
LIST_EXALL_1000_ENTRIES_REPEAT10_TOTAL_WORK_INODE_TREE_NODE_VIEWS	0
LIST_EXALL_1000_ENTRIES_REPEAT10_TOTAL_WORK_INODE_TREE_RESIDENT_VIEWS	0
LIST_EXALL_1000_ENTRIES_REPEAT10_TOTAL_WORK_REFCOUNT_TREE_NODE_VIEWS	0
LIST_EXALL_1000_ENTRIES_REPEAT10_TOTAL_WORK_REFCOUNT_TREE_RESIDENT_VIEWS	0
LIST_EXALL_1000_ENTRIES_REPEAT10_TOTAL_WORK_OTHER_TREE_NODE_VIEWS	0
LIST_EXALL_1000_ENTRIES_REPEAT10_TOTAL_WORK_OTHER_TREE_RESIDENT_VIEWS	0
LIST_EXALL_1000_ENTRIES_REPEAT10_TOTAL_WORK_WRITE_DETAIL_INODE_READ_CALLS	10000
LIST_EXALL_1000_ENTRIES_REPEAT10_TOTAL_WORK_WRITE_DETAIL_INODE_READ_SAMPLES	10000
LIST_EXALL_1000_ENTRIES_REPEAT10_TOTAL_WORK_WRITE_DETAIL_INODE_READ_SAMPLE_TICKS	85287
LIST_EXALL_1000_ENTRIES_REPEAT10_TOTAL_WORK_WRITE_DETAIL_INODE_WRITE_CALLS	0
LIST_EXALL_1000_ENTRIES_REPEAT10_TOTAL_WORK_WRITE_DETAIL_INODE_WRITE_SAMPLES	0
LIST_EXALL_1000_ENTRIES_REPEAT10_TOTAL_WORK_WRITE_DETAIL_INODE_WRITE_SAMPLE_TICKS	0
LIST_EXALL_1000_ENTRIES_REPEAT10_TOTAL_WORK_WRITE_DETAIL_EXTENT_MAP_CALLS	0
LIST_EXALL_1000_ENTRIES_REPEAT10_TOTAL_WORK_WRITE_DETAIL_EXTENT_MAP_SAMPLES	0
LIST_EXALL_1000_ENTRIES_REPEAT10_TOTAL_WORK_WRITE_DETAIL_EXTENT_MAP_SAMPLE_TICKS	0
LIST_EXALL_1000_ENTRIES_REPEAT10_TOTAL_WORK_WRITE_DETAIL_FREESPACE_GOAL_CALLS	0
LIST_EXALL_1000_ENTRIES_REPEAT10_TOTAL_WORK_WRITE_DETAIL_FREESPACE_GOAL_SAMPLES	0
LIST_EXALL_1000_ENTRIES_REPEAT10_TOTAL_WORK_WRITE_DETAIL_FREESPACE_GOAL_SAMPLE_TICKS	0
LIST_EXALL_1000_ENTRIES_REPEAT10_TOTAL_WORK_BTREE_MALLOC_CALLS	171
LIST_EXALL_1000_ENTRIES_REPEAT10_TOTAL_WORK_BTREE_MALLOC_SAMPLES	171
LIST_EXALL_1000_ENTRIES_REPEAT10_TOTAL_WORK_BTREE_MALLOC_SAMPLE_TICKS	692
LIST_EXALL_1000_ENTRIES_REPEAT10_TOTAL_WORK_BTREE_FREE_CALLS	221
LIST_EXALL_1000_ENTRIES_REPEAT10_TOTAL_WORK_BTREE_FREE_SAMPLES	221
LIST_EXALL_1000_ENTRIES_REPEAT10_TOTAL_WORK_BTREE_FREE_SAMPLE_TICKS	828
LIST_EXALL_1000_ENTRIES_REPEAT10_TOTAL_WORK_IFACE_ALLOC_CALLS	0
LIST_EXALL_1000_ENTRIES_REPEAT10_TOTAL_WORK_IFACE_ALLOC_SAMPLES	0
LIST_EXALL_1000_ENTRIES_REPEAT10_TOTAL_WORK_IFACE_ALLOC_SAMPLE_TICKS	0
LIST_EXALL_1000_ENTRIES_REPEAT10_TOTAL_WORK_FREESPACE_ALLOC_CALLS	0
LIST_EXALL_1000_ENTRIES_REPEAT10_TOTAL_WORK_FREESPACE_ALLOC_SAMPLES	0
LIST_EXALL_1000_ENTRIES_REPEAT10_TOTAL_WORK_FREESPACE_ALLOC_SAMPLE_TICKS	0
LIST_EXALL_1000_ENTRIES_REPEAT10_TOTAL_WORK_DETAIL_INODE_READ_CALLS	10000
LIST_EXALL_1000_ENTRIES_REPEAT10_TOTAL_WORK_DETAIL_INODE_READ_SAMPLES	588
LIST_EXALL_1000_ENTRIES_REPEAT10_TOTAL_WORK_DETAIL_INODE_READ_SAMPLE_TICKS	8406
LIST_EXALL_1000_ENTRIES_REPEAT10_TOTAL_WORK_DETAIL_INODE_VALIDATE_CALLS	10000
LIST_EXALL_1000_ENTRIES_REPEAT10_TOTAL_WORK_DETAIL_INODE_VALIDATE_SAMPLES	588
LIST_EXALL_1000_ENTRIES_REPEAT10_TOTAL_WORK_DETAIL_INODE_VALIDATE_SAMPLE_TICKS	1349
LIST_EXALL_1000_ENTRIES_REPEAT10_TOTAL_WORK_DETAIL_INODE_SEARCH_CALLS	10000
LIST_EXALL_1000_ENTRIES_REPEAT10_TOTAL_WORK_DETAIL_INODE_SEARCH_SAMPLES	588
LIST_EXALL_1000_ENTRIES_REPEAT10_TOTAL_WORK_DETAIL_INODE_SEARCH_SAMPLE_TICKS	2367
LIST_EXALL_1000_ENTRIES_REPEAT10_TOTAL_WORK_DETAIL_INODE_NODE_VIEW_CALLS	0
LIST_EXALL_1000_ENTRIES_REPEAT10_TOTAL_WORK_DETAIL_INODE_NODE_VIEW_SAMPLES	0
LIST_EXALL_1000_ENTRIES_REPEAT10_TOTAL_WORK_DETAIL_INODE_NODE_VIEW_SAMPLE_TICKS	0
LIST_EXALL_1000_ENTRIES_REPEAT10_TOTAL_WORK_DETAIL_DIR_NODE_VIEW_CALLS	760
LIST_EXALL_1000_ENTRIES_REPEAT10_TOTAL_WORK_DETAIL_DIR_NODE_VIEW_SAMPLES	44
LIST_EXALL_1000_ENTRIES_REPEAT10_TOTAL_WORK_DETAIL_DIR_NODE_VIEW_SAMPLE_TICKS	292
LIST_EXALL_1000_ENTRIES_REPEAT10_TOTAL_WORK_DETAIL_INODE_BINARY_SEARCH_CALLS	0
LIST_EXALL_1000_ENTRIES_REPEAT10_TOTAL_WORK_DETAIL_INODE_BINARY_SEARCH_SAMPLES	0
LIST_EXALL_1000_ENTRIES_REPEAT10_TOTAL_WORK_DETAIL_INODE_BINARY_SEARCH_SAMPLE_TICKS	0
LIST_EXALL_1000_ENTRIES_REPEAT10_TOTAL_WORK_DETAIL_DIR_BINARY_SEARCH_CALLS	541
LIST_EXALL_1000_ENTRIES_REPEAT10_TOTAL_WORK_DETAIL_DIR_BINARY_SEARCH_SAMPLES	31
LIST_EXALL_1000_ENTRIES_REPEAT10_TOTAL_WORK_DETAIL_DIR_BINARY_SEARCH_SAMPLE_TICKS	264
LIST_EXALL_1000_ENTRIES_REPEAT10_TOTAL_WORK_DETAIL_NODE_STRUCTURE_CALLS	0
LIST_EXALL_1000_ENTRIES_REPEAT10_TOTAL_WORK_DETAIL_NODE_STRUCTURE_SAMPLES	0
LIST_EXALL_1000_ENTRIES_REPEAT10_TOTAL_WORK_DETAIL_NODE_STRUCTURE_SAMPLE_TICKS	0
LIST_EXALL_1000_ENTRIES_REPEAT10_TOTAL_WORK_DETAIL_CACHE_PEEK_CALLS	2401
LIST_EXALL_1000_ENTRIES_REPEAT10_TOTAL_WORK_DETAIL_CACHE_PEEK_SAMPLES	141
LIST_EXALL_1000_ENTRIES_REPEAT10_TOTAL_WORK_DETAIL_CACHE_PEEK_SAMPLE_TICKS	433
LIST_EXALL_1000_ENTRIES_REPEAT10_TOTAL_WORK_DETAIL_BUFFER_ALLOC_CALLS	440
LIST_EXALL_1000_ENTRIES_REPEAT10_TOTAL_WORK_DETAIL_BUFFER_ALLOC_SAMPLES	25
LIST_EXALL_1000_ENTRIES_REPEAT10_TOTAL_WORK_DETAIL_BUFFER_ALLOC_SAMPLE_TICKS	119
LIST_EXALL_1000_ENTRIES_REPEAT10_TOTAL_WORK_DETAIL_BUFFER_FREE_CALLS	440
LIST_EXALL_1000_ENTRIES_REPEAT10_TOTAL_WORK_DETAIL_BUFFER_FREE_SAMPLES	25
LIST_EXALL_1000_ENTRIES_REPEAT10_TOTAL_WORK_DETAIL_BUFFER_FREE_SAMPLE_TICKS	46
LIST_EXALL_1000_ENTRIES_REPEAT10_TOTAL_WORK_DETAIL_EXALL_FILL_CALLS	10000
LIST_EXALL_1000_ENTRIES_REPEAT10_TOTAL_WORK_DETAIL_EXALL_FILL_SAMPLES	588
LIST_EXALL_1000_ENTRIES_REPEAT10_TOTAL_WORK_DETAIL_EXALL_FILL_SAMPLE_TICKS	2642
LIST_EXALL_1000_ENTRIES_REPEAT10_TOTAL_WORK_FREESPACE_ALLOCS	0
LIST_EXALL_1000_ENTRIES_REPEAT10_TOTAL_VOLUME_FLUSH_BIO_READS	0
LIST_EXALL_1000_ENTRIES_REPEAT10_TOTAL_VOLUME_FLUSH_BIO_WRITES	0
LIST_EXALL_1000_ENTRIES_REPEAT10_TOTAL_VOLUME_FLUSH_BIO_UPDATES	0
LIST_EXALL_1000_ENTRIES_REPEAT10_TOTAL_VOLUME_FLUSH_DATA_READS	0
LIST_EXALL_1000_ENTRIES_REPEAT10_TOTAL_VOLUME_FLUSH_DATA_WRITES	0
LIST_EXALL_1000_ENTRIES_REPEAT10_TOTAL_VOLUME_FLUSH_NODE_WRITES	0
LIST_EXALL_1000_ENTRIES_REPEAT10_TOTAL_VOLUME_FLUSH_TXN_COMMITS	0
LIST_EXALL_1000_ENTRIES_REPEAT10_TOTAL_VOLUME_FLUSH_EXTENT_MAPS	0
LIST_EXALL_1000_ENTRIES_REPEAT10_TOTAL_VOLUME_FLUSH_READ_TICKS	0
LIST_EXALL_1000_ENTRIES_REPEAT10_TOTAL_VOLUME_FLUSH_WRITE_TICKS	0
LIST_EXALL_1000_ENTRIES_REPEAT10_TOTAL_VOLUME_FLUSH_UPDATE_TICKS	0
LIST_EXALL_1000_ENTRIES_REPEAT10_TOTAL_VOLUME_FLUSH_DATA_READ_TICKS	0
LIST_EXALL_1000_ENTRIES_REPEAT10_TOTAL_VOLUME_FLUSH_DATA_WRITE_TICKS	0
LIST_EXALL_1000_ENTRIES_REPEAT10_TOTAL_VOLUME_FLUSH_NODE_CRC_READ_CALLS	0
LIST_EXALL_1000_ENTRIES_REPEAT10_TOTAL_VOLUME_FLUSH_NODE_CRC_READ_SAMPLES	0
LIST_EXALL_1000_ENTRIES_REPEAT10_TOTAL_VOLUME_FLUSH_NODE_CRC_READ_SAMPLE_TICKS	0
LIST_EXALL_1000_ENTRIES_REPEAT10_TOTAL_VOLUME_FLUSH_NODE_CRC_WRITE_CALLS	0
LIST_EXALL_1000_ENTRIES_REPEAT10_TOTAL_VOLUME_FLUSH_NODE_CRC_WRITE_SAMPLES	0
LIST_EXALL_1000_ENTRIES_REPEAT10_TOTAL_VOLUME_FLUSH_NODE_CRC_WRITE_SAMPLE_TICKS	0
LIST_EXALL_1000_ENTRIES_REPEAT10_TOTAL_VOLUME_FLUSH_CLOCK_PAIR_TICKS	0
LIST_EXALL_1000_ENTRIES_REPEAT10_TOTAL_VOLUME_FLUSH_PACKET_CALLS	0
LIST_EXALL_1000_ENTRIES_REPEAT10_TOTAL_VOLUME_FLUSH_PACKET_SAMPLES	0
LIST_EXALL_1000_ENTRIES_REPEAT10_TOTAL_VOLUME_FLUSH_PACKET_SAMPLE_TICKS	0
LIST_EXALL_1000_ENTRIES_REPEAT10_TOTAL_VOLUME_FLUSH_PACKET_OPEN_CALLS	0
LIST_EXALL_1000_ENTRIES_REPEAT10_TOTAL_VOLUME_FLUSH_PACKET_OPEN_SAMPLES	0
LIST_EXALL_1000_ENTRIES_REPEAT10_TOTAL_VOLUME_FLUSH_PACKET_OPEN_SAMPLE_TICKS	0
LIST_EXALL_1000_ENTRIES_REPEAT10_TOTAL_VOLUME_FLUSH_PACKET_READ_CALLS	0
LIST_EXALL_1000_ENTRIES_REPEAT10_TOTAL_VOLUME_FLUSH_PACKET_READ_SAMPLES	0
LIST_EXALL_1000_ENTRIES_REPEAT10_TOTAL_VOLUME_FLUSH_PACKET_READ_SAMPLE_TICKS	0
LIST_EXALL_1000_ENTRIES_REPEAT10_TOTAL_VOLUME_FLUSH_PACKET_WRITE_CALLS	0
LIST_EXALL_1000_ENTRIES_REPEAT10_TOTAL_VOLUME_FLUSH_PACKET_WRITE_SAMPLES	0
LIST_EXALL_1000_ENTRIES_REPEAT10_TOTAL_VOLUME_FLUSH_PACKET_WRITE_SAMPLE_TICKS	0
LIST_EXALL_1000_ENTRIES_REPEAT10_TOTAL_VOLUME_FLUSH_PACKET_END_CALLS	0
LIST_EXALL_1000_ENTRIES_REPEAT10_TOTAL_VOLUME_FLUSH_PACKET_END_SAMPLES	0
LIST_EXALL_1000_ENTRIES_REPEAT10_TOTAL_VOLUME_FLUSH_PACKET_END_SAMPLE_TICKS	0
LIST_EXALL_1000_ENTRIES_REPEAT10_TOTAL_VOLUME_FLUSH_PACKET_DELETE_CALLS	0
LIST_EXALL_1000_ENTRIES_REPEAT10_TOTAL_VOLUME_FLUSH_PACKET_DELETE_SAMPLES	0
LIST_EXALL_1000_ENTRIES_REPEAT10_TOTAL_VOLUME_FLUSH_PACKET_DELETE_SAMPLE_TICKS	0
LIST_EXALL_1000_ENTRIES_REPEAT10_TOTAL_VOLUME_FLUSH_PACKET_FLUSH_CALLS	0
LIST_EXALL_1000_ENTRIES_REPEAT10_TOTAL_VOLUME_FLUSH_PACKET_FLUSH_SAMPLES	0
LIST_EXALL_1000_ENTRIES_REPEAT10_TOTAL_VOLUME_FLUSH_PACKET_FLUSH_SAMPLE_TICKS	0
LIST_EXALL_1000_ENTRIES_REPEAT10_TOTAL_VOLUME_FLUSH_PACKET_OTHER_CALLS	0
LIST_EXALL_1000_ENTRIES_REPEAT10_TOTAL_VOLUME_FLUSH_PACKET_OTHER_SAMPLES	0
LIST_EXALL_1000_ENTRIES_REPEAT10_TOTAL_VOLUME_FLUSH_PACKET_OTHER_SAMPLE_TICKS	0
LIST_EXALL_1000_ENTRIES_REPEAT10_TOTAL_VOLUME_FLUSH_CORE_CREATE_CALLS	0
LIST_EXALL_1000_ENTRIES_REPEAT10_TOTAL_VOLUME_FLUSH_CORE_CREATE_SAMPLES	0
LIST_EXALL_1000_ENTRIES_REPEAT10_TOTAL_VOLUME_FLUSH_CORE_CREATE_SAMPLE_TICKS	0
LIST_EXALL_1000_ENTRIES_REPEAT10_TOTAL_VOLUME_FLUSH_CORE_DELETE_CALLS	0
LIST_EXALL_1000_ENTRIES_REPEAT10_TOTAL_VOLUME_FLUSH_CORE_DELETE_SAMPLES	0
LIST_EXALL_1000_ENTRIES_REPEAT10_TOTAL_VOLUME_FLUSH_CORE_DELETE_SAMPLE_TICKS	0
LIST_EXALL_1000_ENTRIES_REPEAT10_TOTAL_VOLUME_FLUSH_CORE_FILE_WRITE_CALLS	0
LIST_EXALL_1000_ENTRIES_REPEAT10_TOTAL_VOLUME_FLUSH_CORE_FILE_WRITE_SAMPLES	0
LIST_EXALL_1000_ENTRIES_REPEAT10_TOTAL_VOLUME_FLUSH_CORE_FILE_WRITE_SAMPLE_TICKS	0
LIST_EXALL_1000_ENTRIES_REPEAT10_TOTAL_VOLUME_FLUSH_CORE_SYNC_CALLS	0
LIST_EXALL_1000_ENTRIES_REPEAT10_TOTAL_VOLUME_FLUSH_CORE_SYNC_SAMPLES	0
LIST_EXALL_1000_ENTRIES_REPEAT10_TOTAL_VOLUME_FLUSH_CORE_SYNC_SAMPLE_TICKS	0
LIST_EXALL_1000_ENTRIES_REPEAT10_TOTAL_VOLUME_FLUSH_IFACE_FREE_CALLS	0
LIST_EXALL_1000_ENTRIES_REPEAT10_TOTAL_VOLUME_FLUSH_IFACE_FREE_SAMPLES	0
LIST_EXALL_1000_ENTRIES_REPEAT10_TOTAL_VOLUME_FLUSH_IFACE_FREE_SAMPLE_TICKS	0
LIST_EXALL_1000_ENTRIES_REPEAT10_TOTAL_VOLUME_FLUSH_SEAL_COMMIT_CALLS	0
LIST_EXALL_1000_ENTRIES_REPEAT10_TOTAL_VOLUME_FLUSH_SEAL_COMMIT_SAMPLES	0
LIST_EXALL_1000_ENTRIES_REPEAT10_TOTAL_VOLUME_FLUSH_SEAL_COMMIT_SAMPLE_TICKS	0
LIST_EXALL_1000_ENTRIES_REPEAT10_TOTAL_VOLUME_FLUSH_INODE_READ_CALLS	0
LIST_EXALL_1000_ENTRIES_REPEAT10_TOTAL_VOLUME_FLUSH_BTREE_SEARCH_CALLS	0
LIST_EXALL_1000_ENTRIES_REPEAT10_TOTAL_VOLUME_FLUSH_BTREE_INDEX_HINT_HITS	0
LIST_EXALL_1000_ENTRIES_REPEAT10_TOTAL_VOLUME_FLUSH_BTREE_LEAF_HINT_HITS	0
LIST_EXALL_1000_ENTRIES_REPEAT10_TOTAL_VOLUME_FLUSH_CACHE_READ_CALLS	0
LIST_EXALL_1000_ENTRIES_REPEAT10_TOTAL_VOLUME_FLUSH_CACHE_READ_HITS	0
LIST_EXALL_1000_ENTRIES_REPEAT10_TOTAL_VOLUME_FLUSH_CACHE_READ_MISSES	0
LIST_EXALL_1000_ENTRIES_REPEAT10_TOTAL_VOLUME_FLUSH_FREE_TREE_NODE_VIEWS	0
LIST_EXALL_1000_ENTRIES_REPEAT10_TOTAL_VOLUME_FLUSH_FREE_TREE_RESIDENT_VIEWS	0
LIST_EXALL_1000_ENTRIES_REPEAT10_TOTAL_VOLUME_FLUSH_DIR_TREE_NODE_VIEWS	0
LIST_EXALL_1000_ENTRIES_REPEAT10_TOTAL_VOLUME_FLUSH_DIR_TREE_RESIDENT_VIEWS	0
LIST_EXALL_1000_ENTRIES_REPEAT10_TOTAL_VOLUME_FLUSH_INODE_TREE_NODE_VIEWS	0
LIST_EXALL_1000_ENTRIES_REPEAT10_TOTAL_VOLUME_FLUSH_INODE_TREE_RESIDENT_VIEWS	0
LIST_EXALL_1000_ENTRIES_REPEAT10_TOTAL_VOLUME_FLUSH_REFCOUNT_TREE_NODE_VIEWS	0
LIST_EXALL_1000_ENTRIES_REPEAT10_TOTAL_VOLUME_FLUSH_REFCOUNT_TREE_RESIDENT_VIEWS	0
LIST_EXALL_1000_ENTRIES_REPEAT10_TOTAL_VOLUME_FLUSH_OTHER_TREE_NODE_VIEWS	0
LIST_EXALL_1000_ENTRIES_REPEAT10_TOTAL_VOLUME_FLUSH_OTHER_TREE_RESIDENT_VIEWS	0
LIST_EXALL_1000_ENTRIES_REPEAT10_TOTAL_VOLUME_FLUSH_WRITE_DETAIL_INODE_READ_CALLS	0
LIST_EXALL_1000_ENTRIES_REPEAT10_TOTAL_VOLUME_FLUSH_WRITE_DETAIL_INODE_READ_SAMPLES	0
LIST_EXALL_1000_ENTRIES_REPEAT10_TOTAL_VOLUME_FLUSH_WRITE_DETAIL_INODE_READ_SAMPLE_TICKS	0
LIST_EXALL_1000_ENTRIES_REPEAT10_TOTAL_VOLUME_FLUSH_WRITE_DETAIL_INODE_WRITE_CALLS	0
LIST_EXALL_1000_ENTRIES_REPEAT10_TOTAL_VOLUME_FLUSH_WRITE_DETAIL_INODE_WRITE_SAMPLES	0
LIST_EXALL_1000_ENTRIES_REPEAT10_TOTAL_VOLUME_FLUSH_WRITE_DETAIL_INODE_WRITE_SAMPLE_TICKS	0
LIST_EXALL_1000_ENTRIES_REPEAT10_TOTAL_VOLUME_FLUSH_WRITE_DETAIL_EXTENT_MAP_CALLS	0
LIST_EXALL_1000_ENTRIES_REPEAT10_TOTAL_VOLUME_FLUSH_WRITE_DETAIL_EXTENT_MAP_SAMPLES	0
LIST_EXALL_1000_ENTRIES_REPEAT10_TOTAL_VOLUME_FLUSH_WRITE_DETAIL_EXTENT_MAP_SAMPLE_TICKS	0
LIST_EXALL_1000_ENTRIES_REPEAT10_TOTAL_VOLUME_FLUSH_WRITE_DETAIL_FREESPACE_GOAL_CALLS	0
LIST_EXALL_1000_ENTRIES_REPEAT10_TOTAL_VOLUME_FLUSH_WRITE_DETAIL_FREESPACE_GOAL_SAMPLES	0
LIST_EXALL_1000_ENTRIES_REPEAT10_TOTAL_VOLUME_FLUSH_WRITE_DETAIL_FREESPACE_GOAL_SAMPLE_TICKS	0
LIST_EXALL_1000_ENTRIES_REPEAT10_TOTAL_VOLUME_FLUSH_BTREE_MALLOC_CALLS	0
LIST_EXALL_1000_ENTRIES_REPEAT10_TOTAL_VOLUME_FLUSH_BTREE_MALLOC_SAMPLES	0
LIST_EXALL_1000_ENTRIES_REPEAT10_TOTAL_VOLUME_FLUSH_BTREE_MALLOC_SAMPLE_TICKS	0
LIST_EXALL_1000_ENTRIES_REPEAT10_TOTAL_VOLUME_FLUSH_BTREE_FREE_CALLS	0
LIST_EXALL_1000_ENTRIES_REPEAT10_TOTAL_VOLUME_FLUSH_BTREE_FREE_SAMPLES	0
LIST_EXALL_1000_ENTRIES_REPEAT10_TOTAL_VOLUME_FLUSH_BTREE_FREE_SAMPLE_TICKS	0
LIST_EXALL_1000_ENTRIES_REPEAT10_TOTAL_VOLUME_FLUSH_IFACE_ALLOC_CALLS	0
LIST_EXALL_1000_ENTRIES_REPEAT10_TOTAL_VOLUME_FLUSH_IFACE_ALLOC_SAMPLES	0
LIST_EXALL_1000_ENTRIES_REPEAT10_TOTAL_VOLUME_FLUSH_IFACE_ALLOC_SAMPLE_TICKS	0
LIST_EXALL_1000_ENTRIES_REPEAT10_TOTAL_VOLUME_FLUSH_FREESPACE_ALLOC_CALLS	0
LIST_EXALL_1000_ENTRIES_REPEAT10_TOTAL_VOLUME_FLUSH_FREESPACE_ALLOC_SAMPLES	0
LIST_EXALL_1000_ENTRIES_REPEAT10_TOTAL_VOLUME_FLUSH_FREESPACE_ALLOC_SAMPLE_TICKS	0
LIST_EXALL_1000_ENTRIES_REPEAT10_TOTAL_VOLUME_FLUSH_DETAIL_INODE_READ_CALLS	0
LIST_EXALL_1000_ENTRIES_REPEAT10_TOTAL_VOLUME_FLUSH_DETAIL_INODE_READ_SAMPLES	0
LIST_EXALL_1000_ENTRIES_REPEAT10_TOTAL_VOLUME_FLUSH_DETAIL_INODE_READ_SAMPLE_TICKS	0
LIST_EXALL_1000_ENTRIES_REPEAT10_TOTAL_VOLUME_FLUSH_DETAIL_INODE_VALIDATE_CALLS	0
LIST_EXALL_1000_ENTRIES_REPEAT10_TOTAL_VOLUME_FLUSH_DETAIL_INODE_VALIDATE_SAMPLES	0
LIST_EXALL_1000_ENTRIES_REPEAT10_TOTAL_VOLUME_FLUSH_DETAIL_INODE_VALIDATE_SAMPLE_TICKS	0
LIST_EXALL_1000_ENTRIES_REPEAT10_TOTAL_VOLUME_FLUSH_DETAIL_INODE_SEARCH_CALLS	0
LIST_EXALL_1000_ENTRIES_REPEAT10_TOTAL_VOLUME_FLUSH_DETAIL_INODE_SEARCH_SAMPLES	0
LIST_EXALL_1000_ENTRIES_REPEAT10_TOTAL_VOLUME_FLUSH_DETAIL_INODE_SEARCH_SAMPLE_TICKS	0
LIST_EXALL_1000_ENTRIES_REPEAT10_TOTAL_VOLUME_FLUSH_DETAIL_INODE_NODE_VIEW_CALLS	0
LIST_EXALL_1000_ENTRIES_REPEAT10_TOTAL_VOLUME_FLUSH_DETAIL_INODE_NODE_VIEW_SAMPLES	0
LIST_EXALL_1000_ENTRIES_REPEAT10_TOTAL_VOLUME_FLUSH_DETAIL_INODE_NODE_VIEW_SAMPLE_TICKS	0
LIST_EXALL_1000_ENTRIES_REPEAT10_TOTAL_VOLUME_FLUSH_DETAIL_DIR_NODE_VIEW_CALLS	0
LIST_EXALL_1000_ENTRIES_REPEAT10_TOTAL_VOLUME_FLUSH_DETAIL_DIR_NODE_VIEW_SAMPLES	0
LIST_EXALL_1000_ENTRIES_REPEAT10_TOTAL_VOLUME_FLUSH_DETAIL_DIR_NODE_VIEW_SAMPLE_TICKS	0
LIST_EXALL_1000_ENTRIES_REPEAT10_TOTAL_VOLUME_FLUSH_DETAIL_INODE_BINARY_SEARCH_CALLS	0
LIST_EXALL_1000_ENTRIES_REPEAT10_TOTAL_VOLUME_FLUSH_DETAIL_INODE_BINARY_SEARCH_SAMPLES	0
LIST_EXALL_1000_ENTRIES_REPEAT10_TOTAL_VOLUME_FLUSH_DETAIL_INODE_BINARY_SEARCH_SAMPLE_TICKS	0
LIST_EXALL_1000_ENTRIES_REPEAT10_TOTAL_VOLUME_FLUSH_DETAIL_DIR_BINARY_SEARCH_CALLS	0
LIST_EXALL_1000_ENTRIES_REPEAT10_TOTAL_VOLUME_FLUSH_DETAIL_DIR_BINARY_SEARCH_SAMPLES	0
LIST_EXALL_1000_ENTRIES_REPEAT10_TOTAL_VOLUME_FLUSH_DETAIL_DIR_BINARY_SEARCH_SAMPLE_TICKS	0
LIST_EXALL_1000_ENTRIES_REPEAT10_TOTAL_VOLUME_FLUSH_DETAIL_NODE_STRUCTURE_CALLS	0
LIST_EXALL_1000_ENTRIES_REPEAT10_TOTAL_VOLUME_FLUSH_DETAIL_NODE_STRUCTURE_SAMPLES	0
LIST_EXALL_1000_ENTRIES_REPEAT10_TOTAL_VOLUME_FLUSH_DETAIL_NODE_STRUCTURE_SAMPLE_TICKS	0
LIST_EXALL_1000_ENTRIES_REPEAT10_TOTAL_VOLUME_FLUSH_DETAIL_CACHE_PEEK_CALLS	0
LIST_EXALL_1000_ENTRIES_REPEAT10_TOTAL_VOLUME_FLUSH_DETAIL_CACHE_PEEK_SAMPLES	0
LIST_EXALL_1000_ENTRIES_REPEAT10_TOTAL_VOLUME_FLUSH_DETAIL_CACHE_PEEK_SAMPLE_TICKS	0
LIST_EXALL_1000_ENTRIES_REPEAT10_TOTAL_VOLUME_FLUSH_DETAIL_BUFFER_ALLOC_CALLS	0
LIST_EXALL_1000_ENTRIES_REPEAT10_TOTAL_VOLUME_FLUSH_DETAIL_BUFFER_ALLOC_SAMPLES	0
LIST_EXALL_1000_ENTRIES_REPEAT10_TOTAL_VOLUME_FLUSH_DETAIL_BUFFER_ALLOC_SAMPLE_TICKS	0
LIST_EXALL_1000_ENTRIES_REPEAT10_TOTAL_VOLUME_FLUSH_DETAIL_BUFFER_FREE_CALLS	0
LIST_EXALL_1000_ENTRIES_REPEAT10_TOTAL_VOLUME_FLUSH_DETAIL_BUFFER_FREE_SAMPLES	0
LIST_EXALL_1000_ENTRIES_REPEAT10_TOTAL_VOLUME_FLUSH_DETAIL_BUFFER_FREE_SAMPLE_TICKS	0
LIST_EXALL_1000_ENTRIES_REPEAT10_TOTAL_VOLUME_FLUSH_DETAIL_EXALL_FILL_CALLS	0
LIST_EXALL_1000_ENTRIES_REPEAT10_TOTAL_VOLUME_FLUSH_DETAIL_EXALL_FILL_SAMPLES	0
LIST_EXALL_1000_ENTRIES_REPEAT10_TOTAL_VOLUME_FLUSH_DETAIL_EXALL_FILL_SAMPLE_TICKS	0
LIST_EXALL_1000_ENTRIES_REPEAT10_TOTAL_VOLUME_FLUSH_FREESPACE_ALLOCS	0
PROBE_VERSION	16
CLOCK_HZ	709379
CRC_SAMPLE_STRIDE	1
CPU_SAMPLE_STRIDE	1
WRITE_PROBE_VERSION	1
WRITE_SAMPLE_STRIDE	1
DETAIL_SAMPLE_STRIDE	17
PASS	1

=== PFS3 Results ===
FS_SPLIT_COMPARE	2
DRIVE	DH2:
DURABLE_MODE	0
PROBE_ENABLED	0
SMALL_CREATE_40_US	18305
SMALL_CREATE_40_WORK_US	18305
SMALL_CREATE_40_VOLUME_FLUSH_US	0
SMALL_CREATE_40_HAS_VOLUME_FLUSH	0
SMALL_CREATE_40_GUEST_OPEN_CALLS	40
SMALL_CREATE_40_GUEST_OPEN_US	9105
SMALL_CREATE_40_GUEST_READ_CALLS	0
SMALL_CREATE_40_GUEST_READ_US	0
SMALL_CREATE_40_GUEST_WRITE_CALLS	40
SMALL_CREATE_40_GUEST_WRITE_US	5431
SMALL_CREATE_40_GUEST_HANDLE_FLUSH_CALLS	40
SMALL_CREATE_40_GUEST_HANDLE_FLUSH_US	383
SMALL_CREATE_40_GUEST_CLOSE_CALLS	40
SMALL_CREATE_40_GUEST_CLOSE_US	2297
SMALL_CREATE_40_GUEST_VERIFY_CALLS	0
SMALL_CREATE_40_GUEST_VERIFY_US	0
LOOKUP_400_US	80767
LOOKUP_400_WORK_US	80767
LOOKUP_400_VOLUME_FLUSH_US	0
LOOKUP_400_HAS_VOLUME_FLUSH	0
LOOKUP_400_GUEST_OPEN_CALLS	0
LOOKUP_400_GUEST_OPEN_US	0
LOOKUP_400_GUEST_READ_CALLS	0
LOOKUP_400_GUEST_READ_US	0
LOOKUP_400_GUEST_WRITE_CALLS	0
LOOKUP_400_GUEST_WRITE_US	0
LOOKUP_400_GUEST_HANDLE_FLUSH_CALLS	0
LOOKUP_400_GUEST_HANDLE_FLUSH_US	0
LOOKUP_400_GUEST_CLOSE_CALLS	0
LOOKUP_400_GUEST_CLOSE_US	0
LOOKUP_400_GUEST_VERIFY_CALLS	0
LOOKUP_400_GUEST_VERIFY_US	0
SMALL_READ_40_US	17920
SMALL_READ_40_WORK_US	17920
SMALL_READ_40_VOLUME_FLUSH_US	0
SMALL_READ_40_HAS_VOLUME_FLUSH	0
SMALL_READ_40_GUEST_OPEN_CALLS	40
SMALL_READ_40_GUEST_OPEN_US	7429
SMALL_READ_40_GUEST_READ_CALLS	80
SMALL_READ_40_GUEST_READ_US	5915
SMALL_READ_40_GUEST_WRITE_CALLS	0
SMALL_READ_40_GUEST_WRITE_US	0
SMALL_READ_40_GUEST_HANDLE_FLUSH_CALLS	0
SMALL_READ_40_GUEST_HANDLE_FLUSH_US	0
SMALL_READ_40_GUEST_CLOSE_CALLS	40
SMALL_READ_40_GUEST_CLOSE_US	1701
SMALL_READ_40_GUEST_VERIFY_CALLS	40
SMALL_READ_40_GUEST_VERIFY_US	1616
LIST_EXNEXT_400_US	12992
LIST_EXNEXT_400_WORK_US	12992
LIST_EXNEXT_400_VOLUME_FLUSH_US	0
LIST_EXNEXT_400_HAS_VOLUME_FLUSH	0
LIST_EXNEXT_400_GUEST_OPEN_CALLS	0
LIST_EXNEXT_400_GUEST_OPEN_US	0
LIST_EXNEXT_400_GUEST_READ_CALLS	0
LIST_EXNEXT_400_GUEST_READ_US	0
LIST_EXNEXT_400_GUEST_WRITE_CALLS	0
LIST_EXNEXT_400_GUEST_WRITE_US	0
LIST_EXNEXT_400_GUEST_HANDLE_FLUSH_CALLS	0
LIST_EXNEXT_400_GUEST_HANDLE_FLUSH_US	0
LIST_EXNEXT_400_GUEST_CLOSE_CALLS	0
LIST_EXNEXT_400_GUEST_CLOSE_US	0
LIST_EXNEXT_400_GUEST_VERIFY_CALLS	0
LIST_EXNEXT_400_GUEST_VERIFY_US	0
LIST_EXALL_400_US	2497
LIST_EXALL_400_WORK_US	2497
LIST_EXALL_400_VOLUME_FLUSH_US	0
LIST_EXALL_400_HAS_VOLUME_FLUSH	0
LIST_EXALL_400_GUEST_OPEN_CALLS	0
LIST_EXALL_400_GUEST_OPEN_US	0
LIST_EXALL_400_GUEST_READ_CALLS	0
LIST_EXALL_400_GUEST_READ_US	0
LIST_EXALL_400_GUEST_WRITE_CALLS	0
LIST_EXALL_400_GUEST_WRITE_US	0
LIST_EXALL_400_GUEST_HANDLE_FLUSH_CALLS	0
LIST_EXALL_400_GUEST_HANDLE_FLUSH_US	0
LIST_EXALL_400_GUEST_CLOSE_CALLS	0
LIST_EXALL_400_GUEST_CLOSE_US	0
LIST_EXALL_400_GUEST_VERIFY_CALLS	0
LIST_EXALL_400_GUEST_VERIFY_US	0
SEQ_WRITE_8M_US	45505
SEQ_WRITE_8M_WORK_US	45505
SEQ_WRITE_8M_VOLUME_FLUSH_US	0
SEQ_WRITE_8M_HAS_VOLUME_FLUSH	0
SEQ_WRITE_8M_GUEST_OPEN_CALLS	1
SEQ_WRITE_8M_GUEST_OPEN_US	193
SEQ_WRITE_8M_GUEST_READ_CALLS	0
SEQ_WRITE_8M_GUEST_READ_US	0
SEQ_WRITE_8M_GUEST_WRITE_CALLS	128
SEQ_WRITE_8M_GUEST_WRITE_US	44313
SEQ_WRITE_8M_GUEST_HANDLE_FLUSH_CALLS	1
SEQ_WRITE_8M_GUEST_HANDLE_FLUSH_US	0
SEQ_WRITE_8M_GUEST_CLOSE_CALLS	1
SEQ_WRITE_8M_GUEST_CLOSE_US	65
SEQ_WRITE_8M_GUEST_VERIFY_CALLS	0
SEQ_WRITE_8M_GUEST_VERIFY_US	0
SEQ_READ_8M_US	281470
SEQ_READ_8M_WORK_US	281470
SEQ_READ_8M_VOLUME_FLUSH_US	0
SEQ_READ_8M_HAS_VOLUME_FLUSH	0
SEQ_READ_8M_GUEST_OPEN_CALLS	1
SEQ_READ_8M_GUEST_OPEN_US	191
SEQ_READ_8M_GUEST_READ_CALLS	129
SEQ_READ_8M_GUEST_READ_US	22659
SEQ_READ_8M_GUEST_WRITE_CALLS	0
SEQ_READ_8M_GUEST_WRITE_US	0
SEQ_READ_8M_GUEST_HANDLE_FLUSH_CALLS	0
SEQ_READ_8M_GUEST_HANDLE_FLUSH_US	0
SEQ_READ_8M_GUEST_CLOSE_CALLS	1
SEQ_READ_8M_GUEST_CLOSE_US	53
SEQ_READ_8M_GUEST_VERIFY_CALLS	128
SEQ_READ_8M_GUEST_VERIFY_US	255794
SMALL_DELETE_40_US	7808
SMALL_DELETE_40_WORK_US	7808
SMALL_DELETE_40_VOLUME_FLUSH_US	0
SMALL_DELETE_40_HAS_VOLUME_FLUSH	0
SMALL_DELETE_40_GUEST_OPEN_CALLS	0
SMALL_DELETE_40_GUEST_OPEN_US	0
SMALL_DELETE_40_GUEST_READ_CALLS	0
SMALL_DELETE_40_GUEST_READ_US	0
SMALL_DELETE_40_GUEST_WRITE_CALLS	0
SMALL_DELETE_40_GUEST_WRITE_US	0
SMALL_DELETE_40_GUEST_HANDLE_FLUSH_CALLS	0
SMALL_DELETE_40_GUEST_HANDLE_FLUSH_US	0
SMALL_DELETE_40_GUEST_CLOSE_CALLS	0
SMALL_DELETE_40_GUEST_CLOSE_US	0
SMALL_DELETE_40_GUEST_VERIFY_CALLS	0
SMALL_DELETE_40_GUEST_VERIFY_US	0
APPEND_4K_1M_US	36097
APPEND_4K_1M_WORK_US	36097
APPEND_4K_1M_VOLUME_FLUSH_US	0
APPEND_4K_1M_HAS_VOLUME_FLUSH	0
APPEND_4K_1M_GUEST_OPEN_CALLS	1
APPEND_4K_1M_GUEST_OPEN_US	192
APPEND_4K_1M_GUEST_READ_CALLS	0
APPEND_4K_1M_GUEST_READ_US	0
APPEND_4K_1M_GUEST_WRITE_CALLS	256
APPEND_4K_1M_GUEST_WRITE_US	33823
APPEND_4K_1M_GUEST_HANDLE_FLUSH_CALLS	1
APPEND_4K_1M_GUEST_HANDLE_FLUSH_US	26
APPEND_4K_1M_GUEST_CLOSE_CALLS	1
APPEND_4K_1M_GUEST_CLOSE_US	65
APPEND_4K_1M_GUEST_VERIFY_CALLS	0
APPEND_4K_1M_GUEST_VERIFY_US	0
APPEND_1K_256K_US	26752
APPEND_1K_256K_WORK_US	26752
APPEND_1K_256K_VOLUME_FLUSH_US	0
APPEND_1K_256K_HAS_VOLUME_FLUSH	0
APPEND_1K_256K_GUEST_OPEN_CALLS	1
APPEND_1K_256K_GUEST_OPEN_US	257
APPEND_1K_256K_GUEST_READ_CALLS	0
APPEND_1K_256K_GUEST_READ_US	0
APPEND_1K_256K_GUEST_WRITE_CALLS	256
APPEND_1K_256K_GUEST_WRITE_US	24910
APPEND_1K_256K_GUEST_HANDLE_FLUSH_CALLS	1
APPEND_1K_256K_GUEST_HANDLE_FLUSH_US	0
APPEND_1K_256K_GUEST_CLOSE_CALLS	1
APPEND_1K_256K_GUEST_CLOSE_US	64
APPEND_1K_256K_GUEST_VERIFY_CALLS	0
APPEND_1K_256K_GUEST_VERIFY_US	0
APPEND_READ_1280K_US	41600
APPEND_READ_1280K_WORK_US	41600
APPEND_READ_1280K_VOLUME_FLUSH_US	0
APPEND_READ_1280K_HAS_VOLUME_FLUSH	0
APPEND_READ_1280K_GUEST_OPEN_CALLS	2
APPEND_READ_1280K_GUEST_OPEN_US	319
APPEND_READ_1280K_GUEST_READ_CALLS	22
APPEND_READ_1280K_GUEST_READ_US	3117
APPEND_READ_1280K_GUEST_WRITE_CALLS	0
APPEND_READ_1280K_GUEST_WRITE_US	0
APPEND_READ_1280K_GUEST_HANDLE_FLUSH_CALLS	0
APPEND_READ_1280K_GUEST_HANDLE_FLUSH_US	0
APPEND_READ_1280K_GUEST_CLOSE_CALLS	2
APPEND_READ_1280K_GUEST_CLOSE_US	128
APPEND_READ_1280K_GUEST_VERIFY_CALLS	20
APPEND_READ_1280K_GUEST_VERIFY_US	37632
LIST_EXNEXT_40_ENTRIES_FIRST_PASS_US	1663
LIST_EXNEXT_40_ENTRIES_FIRST_PASS_WORK_US	1663
LIST_EXNEXT_40_ENTRIES_FIRST_PASS_VOLUME_FLUSH_US	0
LIST_EXNEXT_40_ENTRIES_FIRST_PASS_HAS_VOLUME_FLUSH	0
LIST_EXNEXT_40_ENTRIES_FIRST_PASS_GUEST_OPEN_CALLS	0
LIST_EXNEXT_40_ENTRIES_FIRST_PASS_GUEST_OPEN_US	0
LIST_EXNEXT_40_ENTRIES_FIRST_PASS_GUEST_READ_CALLS	0
LIST_EXNEXT_40_ENTRIES_FIRST_PASS_GUEST_READ_US	0
LIST_EXNEXT_40_ENTRIES_FIRST_PASS_GUEST_WRITE_CALLS	0
LIST_EXNEXT_40_ENTRIES_FIRST_PASS_GUEST_WRITE_US	0
LIST_EXNEXT_40_ENTRIES_FIRST_PASS_GUEST_HANDLE_FLUSH_CALLS	0
LIST_EXNEXT_40_ENTRIES_FIRST_PASS_GUEST_HANDLE_FLUSH_US	0
LIST_EXNEXT_40_ENTRIES_FIRST_PASS_GUEST_CLOSE_CALLS	0
LIST_EXNEXT_40_ENTRIES_FIRST_PASS_GUEST_CLOSE_US	0
LIST_EXNEXT_40_ENTRIES_FIRST_PASS_GUEST_VERIFY_CALLS	0
LIST_EXNEXT_40_ENTRIES_FIRST_PASS_GUEST_VERIFY_US	0
LIST_EXNEXT_40_ENTRIES_REPEAT10_TOTAL_US	12350
LIST_EXNEXT_40_ENTRIES_REPEAT10_TOTAL_WORK_US	12350
LIST_EXNEXT_40_ENTRIES_REPEAT10_TOTAL_VOLUME_FLUSH_US	0
LIST_EXNEXT_40_ENTRIES_REPEAT10_TOTAL_HAS_VOLUME_FLUSH	0
LIST_EXNEXT_40_ENTRIES_REPEAT10_TOTAL_GUEST_OPEN_CALLS	0
LIST_EXNEXT_40_ENTRIES_REPEAT10_TOTAL_GUEST_OPEN_US	0
LIST_EXNEXT_40_ENTRIES_REPEAT10_TOTAL_GUEST_READ_CALLS	0
LIST_EXNEXT_40_ENTRIES_REPEAT10_TOTAL_GUEST_READ_US	0
LIST_EXNEXT_40_ENTRIES_REPEAT10_TOTAL_GUEST_WRITE_CALLS	0
LIST_EXNEXT_40_ENTRIES_REPEAT10_TOTAL_GUEST_WRITE_US	0
LIST_EXNEXT_40_ENTRIES_REPEAT10_TOTAL_GUEST_HANDLE_FLUSH_CALLS	0
LIST_EXNEXT_40_ENTRIES_REPEAT10_TOTAL_GUEST_HANDLE_FLUSH_US	0
LIST_EXNEXT_40_ENTRIES_REPEAT10_TOTAL_GUEST_CLOSE_CALLS	0
LIST_EXNEXT_40_ENTRIES_REPEAT10_TOTAL_GUEST_CLOSE_US	0
LIST_EXNEXT_40_ENTRIES_REPEAT10_TOTAL_GUEST_VERIFY_CALLS	0
LIST_EXNEXT_40_ENTRIES_REPEAT10_TOTAL_GUEST_VERIFY_US	0
LIST_EXALL_40_ENTRIES_FIRST_PASS_US	640
LIST_EXALL_40_ENTRIES_FIRST_PASS_WORK_US	640
LIST_EXALL_40_ENTRIES_FIRST_PASS_VOLUME_FLUSH_US	0
LIST_EXALL_40_ENTRIES_FIRST_PASS_HAS_VOLUME_FLUSH	0
LIST_EXALL_40_ENTRIES_FIRST_PASS_GUEST_OPEN_CALLS	0
LIST_EXALL_40_ENTRIES_FIRST_PASS_GUEST_OPEN_US	0
LIST_EXALL_40_ENTRIES_FIRST_PASS_GUEST_READ_CALLS	0
LIST_EXALL_40_ENTRIES_FIRST_PASS_GUEST_READ_US	0
LIST_EXALL_40_ENTRIES_FIRST_PASS_GUEST_WRITE_CALLS	0
LIST_EXALL_40_ENTRIES_FIRST_PASS_GUEST_WRITE_US	0
LIST_EXALL_40_ENTRIES_FIRST_PASS_GUEST_HANDLE_FLUSH_CALLS	0
LIST_EXALL_40_ENTRIES_FIRST_PASS_GUEST_HANDLE_FLUSH_US	0
LIST_EXALL_40_ENTRIES_FIRST_PASS_GUEST_CLOSE_CALLS	0
LIST_EXALL_40_ENTRIES_FIRST_PASS_GUEST_CLOSE_US	0
LIST_EXALL_40_ENTRIES_FIRST_PASS_GUEST_VERIFY_CALLS	0
LIST_EXALL_40_ENTRIES_FIRST_PASS_GUEST_VERIFY_US	0
LIST_EXALL_40_ENTRIES_REPEAT10_TOTAL_US	2432
LIST_EXALL_40_ENTRIES_REPEAT10_TOTAL_WORK_US	2432
LIST_EXALL_40_ENTRIES_REPEAT10_TOTAL_VOLUME_FLUSH_US	0
LIST_EXALL_40_ENTRIES_REPEAT10_TOTAL_HAS_VOLUME_FLUSH	0
LIST_EXALL_40_ENTRIES_REPEAT10_TOTAL_GUEST_OPEN_CALLS	0
LIST_EXALL_40_ENTRIES_REPEAT10_TOTAL_GUEST_OPEN_US	0
LIST_EXALL_40_ENTRIES_REPEAT10_TOTAL_GUEST_READ_CALLS	0
LIST_EXALL_40_ENTRIES_REPEAT10_TOTAL_GUEST_READ_US	0
LIST_EXALL_40_ENTRIES_REPEAT10_TOTAL_GUEST_WRITE_CALLS	0
LIST_EXALL_40_ENTRIES_REPEAT10_TOTAL_GUEST_WRITE_US	0
LIST_EXALL_40_ENTRIES_REPEAT10_TOTAL_GUEST_HANDLE_FLUSH_CALLS	0
LIST_EXALL_40_ENTRIES_REPEAT10_TOTAL_GUEST_HANDLE_FLUSH_US	0
LIST_EXALL_40_ENTRIES_REPEAT10_TOTAL_GUEST_CLOSE_CALLS	0
LIST_EXALL_40_ENTRIES_REPEAT10_TOTAL_GUEST_CLOSE_US	0
LIST_EXALL_40_ENTRIES_REPEAT10_TOTAL_GUEST_VERIFY_CALLS	0
LIST_EXALL_40_ENTRIES_REPEAT10_TOTAL_GUEST_VERIFY_US	0
LIST_EXNEXT_400_ENTRIES_FIRST_PASS_US	12545
LIST_EXNEXT_400_ENTRIES_FIRST_PASS_WORK_US	12545
LIST_EXNEXT_400_ENTRIES_FIRST_PASS_VOLUME_FLUSH_US	0
LIST_EXNEXT_400_ENTRIES_FIRST_PASS_HAS_VOLUME_FLUSH	0
LIST_EXNEXT_400_ENTRIES_FIRST_PASS_GUEST_OPEN_CALLS	0
LIST_EXNEXT_400_ENTRIES_FIRST_PASS_GUEST_OPEN_US	0
LIST_EXNEXT_400_ENTRIES_FIRST_PASS_GUEST_READ_CALLS	0
LIST_EXNEXT_400_ENTRIES_FIRST_PASS_GUEST_READ_US	0
LIST_EXNEXT_400_ENTRIES_FIRST_PASS_GUEST_WRITE_CALLS	0
LIST_EXNEXT_400_ENTRIES_FIRST_PASS_GUEST_WRITE_US	0
LIST_EXNEXT_400_ENTRIES_FIRST_PASS_GUEST_HANDLE_FLUSH_CALLS	0
LIST_EXNEXT_400_ENTRIES_FIRST_PASS_GUEST_HANDLE_FLUSH_US	0
LIST_EXNEXT_400_ENTRIES_FIRST_PASS_GUEST_CLOSE_CALLS	0
LIST_EXNEXT_400_ENTRIES_FIRST_PASS_GUEST_CLOSE_US	0
LIST_EXNEXT_400_ENTRIES_FIRST_PASS_GUEST_VERIFY_CALLS	0
LIST_EXNEXT_400_ENTRIES_FIRST_PASS_GUEST_VERIFY_US	0
LIST_EXNEXT_400_ENTRIES_REPEAT10_TOTAL_US	113600
LIST_EXNEXT_400_ENTRIES_REPEAT10_TOTAL_WORK_US	113600
LIST_EXNEXT_400_ENTRIES_REPEAT10_TOTAL_VOLUME_FLUSH_US	0
LIST_EXNEXT_400_ENTRIES_REPEAT10_TOTAL_HAS_VOLUME_FLUSH	0
LIST_EXNEXT_400_ENTRIES_REPEAT10_TOTAL_GUEST_OPEN_CALLS	0
LIST_EXNEXT_400_ENTRIES_REPEAT10_TOTAL_GUEST_OPEN_US	0
LIST_EXNEXT_400_ENTRIES_REPEAT10_TOTAL_GUEST_READ_CALLS	0
LIST_EXNEXT_400_ENTRIES_REPEAT10_TOTAL_GUEST_READ_US	0
LIST_EXNEXT_400_ENTRIES_REPEAT10_TOTAL_GUEST_WRITE_CALLS	0
LIST_EXNEXT_400_ENTRIES_REPEAT10_TOTAL_GUEST_WRITE_US	0
LIST_EXNEXT_400_ENTRIES_REPEAT10_TOTAL_GUEST_HANDLE_FLUSH_CALLS	0
LIST_EXNEXT_400_ENTRIES_REPEAT10_TOTAL_GUEST_HANDLE_FLUSH_US	0
LIST_EXNEXT_400_ENTRIES_REPEAT10_TOTAL_GUEST_CLOSE_CALLS	0
LIST_EXNEXT_400_ENTRIES_REPEAT10_TOTAL_GUEST_CLOSE_US	0
LIST_EXNEXT_400_ENTRIES_REPEAT10_TOTAL_GUEST_VERIFY_CALLS	0
LIST_EXNEXT_400_ENTRIES_REPEAT10_TOTAL_GUEST_VERIFY_US	0
LIST_EXALL_400_ENTRIES_FIRST_PASS_US	2945
LIST_EXALL_400_ENTRIES_FIRST_PASS_WORK_US	2945
LIST_EXALL_400_ENTRIES_FIRST_PASS_VOLUME_FLUSH_US	0
LIST_EXALL_400_ENTRIES_FIRST_PASS_HAS_VOLUME_FLUSH	0
LIST_EXALL_400_ENTRIES_FIRST_PASS_GUEST_OPEN_CALLS	0
LIST_EXALL_400_ENTRIES_FIRST_PASS_GUEST_OPEN_US	0
LIST_EXALL_400_ENTRIES_FIRST_PASS_GUEST_READ_CALLS	0
LIST_EXALL_400_ENTRIES_FIRST_PASS_GUEST_READ_US	0
LIST_EXALL_400_ENTRIES_FIRST_PASS_GUEST_WRITE_CALLS	0
LIST_EXALL_400_ENTRIES_FIRST_PASS_GUEST_WRITE_US	0
LIST_EXALL_400_ENTRIES_FIRST_PASS_GUEST_HANDLE_FLUSH_CALLS	0
LIST_EXALL_400_ENTRIES_FIRST_PASS_GUEST_HANDLE_FLUSH_US	0
LIST_EXALL_400_ENTRIES_FIRST_PASS_GUEST_CLOSE_CALLS	0
LIST_EXALL_400_ENTRIES_FIRST_PASS_GUEST_CLOSE_US	0
LIST_EXALL_400_ENTRIES_FIRST_PASS_GUEST_VERIFY_CALLS	0
LIST_EXALL_400_ENTRIES_FIRST_PASS_GUEST_VERIFY_US	0
LIST_EXALL_400_ENTRIES_REPEAT10_TOTAL_US	20097
LIST_EXALL_400_ENTRIES_REPEAT10_TOTAL_WORK_US	20097
LIST_EXALL_400_ENTRIES_REPEAT10_TOTAL_VOLUME_FLUSH_US	0
LIST_EXALL_400_ENTRIES_REPEAT10_TOTAL_HAS_VOLUME_FLUSH	0
LIST_EXALL_400_ENTRIES_REPEAT10_TOTAL_GUEST_OPEN_CALLS	0
LIST_EXALL_400_ENTRIES_REPEAT10_TOTAL_GUEST_OPEN_US	0
LIST_EXALL_400_ENTRIES_REPEAT10_TOTAL_GUEST_READ_CALLS	0
LIST_EXALL_400_ENTRIES_REPEAT10_TOTAL_GUEST_READ_US	0
LIST_EXALL_400_ENTRIES_REPEAT10_TOTAL_GUEST_WRITE_CALLS	0
LIST_EXALL_400_ENTRIES_REPEAT10_TOTAL_GUEST_WRITE_US	0
LIST_EXALL_400_ENTRIES_REPEAT10_TOTAL_GUEST_HANDLE_FLUSH_CALLS	0
LIST_EXALL_400_ENTRIES_REPEAT10_TOTAL_GUEST_HANDLE_FLUSH_US	0
LIST_EXALL_400_ENTRIES_REPEAT10_TOTAL_GUEST_CLOSE_CALLS	0
LIST_EXALL_400_ENTRIES_REPEAT10_TOTAL_GUEST_CLOSE_US	0
LIST_EXALL_400_ENTRIES_REPEAT10_TOTAL_GUEST_VERIFY_CALLS	0
LIST_EXALL_400_ENTRIES_REPEAT10_TOTAL_GUEST_VERIFY_US	0
LIST_EXNEXT_1000_ENTRIES_FIRST_PASS_US	31040
LIST_EXNEXT_1000_ENTRIES_FIRST_PASS_WORK_US	31040
LIST_EXNEXT_1000_ENTRIES_FIRST_PASS_VOLUME_FLUSH_US	0
LIST_EXNEXT_1000_ENTRIES_FIRST_PASS_HAS_VOLUME_FLUSH	0
LIST_EXNEXT_1000_ENTRIES_FIRST_PASS_GUEST_OPEN_CALLS	0
LIST_EXNEXT_1000_ENTRIES_FIRST_PASS_GUEST_OPEN_US	0
LIST_EXNEXT_1000_ENTRIES_FIRST_PASS_GUEST_READ_CALLS	0
LIST_EXNEXT_1000_ENTRIES_FIRST_PASS_GUEST_READ_US	0
LIST_EXNEXT_1000_ENTRIES_FIRST_PASS_GUEST_WRITE_CALLS	0
LIST_EXNEXT_1000_ENTRIES_FIRST_PASS_GUEST_WRITE_US	0
LIST_EXNEXT_1000_ENTRIES_FIRST_PASS_GUEST_HANDLE_FLUSH_CALLS	0
LIST_EXNEXT_1000_ENTRIES_FIRST_PASS_GUEST_HANDLE_FLUSH_US	0
LIST_EXNEXT_1000_ENTRIES_FIRST_PASS_GUEST_CLOSE_CALLS	0
LIST_EXNEXT_1000_ENTRIES_FIRST_PASS_GUEST_CLOSE_US	0
LIST_EXNEXT_1000_ENTRIES_FIRST_PASS_GUEST_VERIFY_CALLS	0
LIST_EXNEXT_1000_ENTRIES_FIRST_PASS_GUEST_VERIFY_US	0
LIST_EXNEXT_1000_ENTRIES_REPEAT10_TOTAL_US	280319
LIST_EXNEXT_1000_ENTRIES_REPEAT10_TOTAL_WORK_US	280319
LIST_EXNEXT_1000_ENTRIES_REPEAT10_TOTAL_VOLUME_FLUSH_US	0
LIST_EXNEXT_1000_ENTRIES_REPEAT10_TOTAL_HAS_VOLUME_FLUSH	0
LIST_EXNEXT_1000_ENTRIES_REPEAT10_TOTAL_GUEST_OPEN_CALLS	0
LIST_EXNEXT_1000_ENTRIES_REPEAT10_TOTAL_GUEST_OPEN_US	0
LIST_EXNEXT_1000_ENTRIES_REPEAT10_TOTAL_GUEST_READ_CALLS	0
LIST_EXNEXT_1000_ENTRIES_REPEAT10_TOTAL_GUEST_READ_US	0
LIST_EXNEXT_1000_ENTRIES_REPEAT10_TOTAL_GUEST_WRITE_CALLS	0
LIST_EXNEXT_1000_ENTRIES_REPEAT10_TOTAL_GUEST_WRITE_US	0
LIST_EXNEXT_1000_ENTRIES_REPEAT10_TOTAL_GUEST_HANDLE_FLUSH_CALLS	0
LIST_EXNEXT_1000_ENTRIES_REPEAT10_TOTAL_GUEST_HANDLE_FLUSH_US	0
LIST_EXNEXT_1000_ENTRIES_REPEAT10_TOTAL_GUEST_CLOSE_CALLS	0
LIST_EXNEXT_1000_ENTRIES_REPEAT10_TOTAL_GUEST_CLOSE_US	0
LIST_EXNEXT_1000_ENTRIES_REPEAT10_TOTAL_GUEST_VERIFY_CALLS	0
LIST_EXNEXT_1000_ENTRIES_REPEAT10_TOTAL_GUEST_VERIFY_US	0
LIST_EXALL_1000_ENTRIES_FIRST_PASS_US	6656
LIST_EXALL_1000_ENTRIES_FIRST_PASS_WORK_US	6656
LIST_EXALL_1000_ENTRIES_FIRST_PASS_VOLUME_FLUSH_US	0
LIST_EXALL_1000_ENTRIES_FIRST_PASS_HAS_VOLUME_FLUSH	0
LIST_EXALL_1000_ENTRIES_FIRST_PASS_GUEST_OPEN_CALLS	0
LIST_EXALL_1000_ENTRIES_FIRST_PASS_GUEST_OPEN_US	0
LIST_EXALL_1000_ENTRIES_FIRST_PASS_GUEST_READ_CALLS	0
LIST_EXALL_1000_ENTRIES_FIRST_PASS_GUEST_READ_US	0
LIST_EXALL_1000_ENTRIES_FIRST_PASS_GUEST_WRITE_CALLS	0
LIST_EXALL_1000_ENTRIES_FIRST_PASS_GUEST_WRITE_US	0
LIST_EXALL_1000_ENTRIES_FIRST_PASS_GUEST_HANDLE_FLUSH_CALLS	0
LIST_EXALL_1000_ENTRIES_FIRST_PASS_GUEST_HANDLE_FLUSH_US	0
LIST_EXALL_1000_ENTRIES_FIRST_PASS_GUEST_CLOSE_CALLS	0
LIST_EXALL_1000_ENTRIES_FIRST_PASS_GUEST_CLOSE_US	0
LIST_EXALL_1000_ENTRIES_FIRST_PASS_GUEST_VERIFY_CALLS	0
LIST_EXALL_1000_ENTRIES_FIRST_PASS_GUEST_VERIFY_US	0
LIST_EXALL_1000_ENTRIES_REPEAT10_TOTAL_US	49663
LIST_EXALL_1000_ENTRIES_REPEAT10_TOTAL_WORK_US	49663
LIST_EXALL_1000_ENTRIES_REPEAT10_TOTAL_VOLUME_FLUSH_US	0
LIST_EXALL_1000_ENTRIES_REPEAT10_TOTAL_HAS_VOLUME_FLUSH	0
LIST_EXALL_1000_ENTRIES_REPEAT10_TOTAL_GUEST_OPEN_CALLS	0
LIST_EXALL_1000_ENTRIES_REPEAT10_TOTAL_GUEST_OPEN_US	0
LIST_EXALL_1000_ENTRIES_REPEAT10_TOTAL_GUEST_READ_CALLS	0
LIST_EXALL_1000_ENTRIES_REPEAT10_TOTAL_GUEST_READ_US	0
LIST_EXALL_1000_ENTRIES_REPEAT10_TOTAL_GUEST_WRITE_CALLS	0
LIST_EXALL_1000_ENTRIES_REPEAT10_TOTAL_GUEST_WRITE_US	0
LIST_EXALL_1000_ENTRIES_REPEAT10_TOTAL_GUEST_HANDLE_FLUSH_CALLS	0
LIST_EXALL_1000_ENTRIES_REPEAT10_TOTAL_GUEST_HANDLE_FLUSH_US	0
LIST_EXALL_1000_ENTRIES_REPEAT10_TOTAL_GUEST_CLOSE_CALLS	0
LIST_EXALL_1000_ENTRIES_REPEAT10_TOTAL_GUEST_CLOSE_US	0
LIST_EXALL_1000_ENTRIES_REPEAT10_TOTAL_GUEST_VERIFY_CALLS	0
LIST_EXALL_1000_ENTRIES_REPEAT10_TOTAL_GUEST_VERIFY_US	0
PROBE_VERSION	0
CLOCK_HZ	0
CRC_SAMPLE_STRIDE	0
CPU_SAMPLE_STRIDE	0
WRITE_PROBE_VERSION	0
WRITE_SAMPLE_STRIDE	0
DETAIL_SAMPLE_STRIDE	0
PASS	1
PASS: split comparison outputs are complete and internally consistent
