FS_DEEP_COMPARE	12
DRIVE	DH1:
SMALL_CREATE_40_US	31680
SMALL_CREATE_40_BIO_READS	0
SMALL_CREATE_40_BIO_WRITES	40
SMALL_CREATE_40_BIO_UPDATES	0
SMALL_CREATE_40_DATA_READS	0
SMALL_CREATE_40_DATA_WRITES	40
SMALL_CREATE_40_NODE_WRITES	0
SMALL_CREATE_40_TXN_COMMITS	0
SMALL_CREATE_40_FREESPACE_ALLOCS	45
SMALL_CREATE_40_EXTENT_MAPS	40
SMALL_CREATE_40_READ_TICKS	0
SMALL_CREATE_40_WRITE_TICKS	2445
SMALL_CREATE_40_UPDATE_TICKS	0
SMALL_CREATE_40_DATA_READ_TICKS	0
SMALL_CREATE_40_DATA_WRITE_TICKS	2445
SMALL_CREATE_40_FREE_TREE_NODE_WRITES	0
SMALL_CREATE_40_FREE_TREE_ALLOCATION_BODY_NODE_WRITES	0
SMALL_CREATE_40_FREE_TREE_RESERVE_REFILL_NODE_WRITES	0
SMALL_CREATE_40_FREE_TREE_RESERVE_RETURN_NODE_WRITES	0
SMALL_CREATE_40_FREE_TREE_POST_PUBLISH_PENDING_RECLAIM_NODE_WRITES	0
SMALL_CREATE_40_FREE_TREE_OTHER_NODE_WRITES	0
SMALL_CREATE_40_DIR_TREE_NODE_WRITES	0
SMALL_CREATE_40_INODE_TREE_NODE_WRITES	0
SMALL_CREATE_40_REFCOUNT_TREE_NODE_WRITES	0
SMALL_CREATE_40_OTHER_TREE_NODE_WRITES	0
SMALL_CREATE_40_NODE_CRC_READ_CALLS	0
SMALL_CREATE_40_NODE_CRC_READ_SAMPLES	0
SMALL_CREATE_40_NODE_CRC_READ_SAMPLE_TICKS	0
SMALL_CREATE_40_NODE_CRC_WRITE_CALLS	0
SMALL_CREATE_40_NODE_CRC_WRITE_SAMPLES	0
SMALL_CREATE_40_NODE_CRC_WRITE_SAMPLE_TICKS	0
SMALL_CREATE_40_CLOCK_PAIR_TICKS	1
SMALL_CREATE_40_FREE_TREE_RESERVE_RETURN_CALLS	0
SMALL_CREATE_40_FREE_TREE_RESERVE_RETURN_RUNS	0
SMALL_CREATE_40_FREE_TREE_RESERVE_RETURN_BLOCKS	0
SMALL_CREATE_40_FREE_TREE_RESERVE_RETURN_RUNS_1_BLOCK	0
SMALL_CREATE_40_FREE_TREE_RESERVE_RETURN_RUNS_2_3_BLOCKS	0
SMALL_CREATE_40_FREE_TREE_RESERVE_RETURN_RUNS_4_7_BLOCKS	0
SMALL_CREATE_40_FREE_TREE_RESERVE_RETURN_RUNS_8_PLUS_BLOCKS	0
SMALL_CREATE_40_FREE_TREE_RESERVE_RETURN_MAX_RUN_BLOCKS	0
SMALL_CREATE_40_FREE_TREE_RESERVE_RETURN_MAX_NODE_WRITES_PER_RUN	0
SMALL_CREATE_40_POST_PUBLISH_RECLAIM_PASSES	0
SMALL_CREATE_40_MAX_POST_PUBLISH_RECLAIM_PASSES_PER_COMMIT	0
SMALL_CREATE_40_SUPERBLOCK_PUBLICATIONS	0
SMALL_CREATE_40_FREE_TREE_RESERVE_RETURN_RUN_NODE_WRITES	0
SMALL_CREATE_40_FREE_TREE_RESERVE_RETURN_BATCH_CALLS	0
SMALL_CREATE_40_FREE_TREE_RESERVE_RETURN_BATCH_BLOCKS	0
SMALL_CREATE_40_FREE_TREE_RESERVE_RETURN_BATCH_NODE_WRITES	0
SMALL_CREATE_40_FREE_TREE_RESERVE_RETURN_SKIP_SHAPE	0
SMALL_CREATE_40_FREE_TREE_RESERVE_RETURN_SKIP_SMALL	0
SMALL_CREATE_40_FREE_TREE_RESERVE_RETURN_SKIP_EMERGENCY	0
SMALL_CREATE_40_FREE_TREE_RESERVE_RETURN_SKIP_CAPACITY	0
SMALL_CREATE_40_SEALED_COMMITS	0
SMALL_CREATE_40_SEALED_METADATA_FENCES	0
SMALL_CREATE_40_BTREE_MALLOC_CALLS	0
SMALL_CREATE_40_BTREE_MALLOC_SAMPLES	0
SMALL_CREATE_40_BTREE_MALLOC_SAMPLE_TICKS	0
SMALL_CREATE_40_BTREE_FREE_CALLS	40
SMALL_CREATE_40_BTREE_FREE_SAMPLES	40
SMALL_CREATE_40_BTREE_FREE_SAMPLE_TICKS	6
SMALL_CREATE_40_IFACE_ALLOC_CALLS	5
SMALL_CREATE_40_IFACE_ALLOC_SAMPLES	5
SMALL_CREATE_40_IFACE_ALLOC_SAMPLE_TICKS	244
SMALL_CREATE_40_FREESPACE_ALLOC_SAMPLES	45
SMALL_CREATE_40_FREESPACE_ALLOC_SAMPLE_TICKS	2195
SMALL_CREATE_40_PACKET_CALLS	120
SMALL_CREATE_40_PACKET_SAMPLES	120
SMALL_CREATE_40_PACKET_SAMPLE_TICKS	17929
SMALL_CREATE_40_PACKET_OPEN_CALLS	40
SMALL_CREATE_40_PACKET_OPEN_SAMPLES	40
SMALL_CREATE_40_PACKET_OPEN_SAMPLE_TICKS	9305
SMALL_CREATE_40_PACKET_READ_CALLS	0
SMALL_CREATE_40_PACKET_READ_SAMPLES	0
SMALL_CREATE_40_PACKET_READ_SAMPLE_TICKS	0
SMALL_CREATE_40_PACKET_WRITE_CALLS	40
SMALL_CREATE_40_PACKET_WRITE_SAMPLES	40
SMALL_CREATE_40_PACKET_WRITE_SAMPLE_TICKS	8309
SMALL_CREATE_40_PACKET_END_CALLS	40
SMALL_CREATE_40_PACKET_END_SAMPLES	40
SMALL_CREATE_40_PACKET_END_SAMPLE_TICKS	315
SMALL_CREATE_40_PACKET_DELETE_CALLS	0
SMALL_CREATE_40_PACKET_DELETE_SAMPLES	0
SMALL_CREATE_40_PACKET_DELETE_SAMPLE_TICKS	0
SMALL_CREATE_40_PACKET_FLUSH_CALLS	0
SMALL_CREATE_40_PACKET_FLUSH_SAMPLES	0
SMALL_CREATE_40_PACKET_FLUSH_SAMPLE_TICKS	0
SMALL_CREATE_40_PACKET_OTHER_CALLS	0
SMALL_CREATE_40_PACKET_OTHER_SAMPLES	0
SMALL_CREATE_40_PACKET_OTHER_SAMPLE_TICKS	0
SMALL_CREATE_40_CORE_CREATE_CALLS	40
SMALL_CREATE_40_CORE_CREATE_SAMPLES	40
SMALL_CREATE_40_CORE_CREATE_SAMPLE_TICKS	5902
SMALL_CREATE_40_CORE_DELETE_CALLS	0
SMALL_CREATE_40_CORE_DELETE_SAMPLES	0
SMALL_CREATE_40_CORE_DELETE_SAMPLE_TICKS	0
SMALL_CREATE_40_CORE_FILE_WRITE_CALLS	40
SMALL_CREATE_40_CORE_FILE_WRITE_SAMPLES	40
SMALL_CREATE_40_CORE_FILE_WRITE_SAMPLE_TICKS	7885
SMALL_CREATE_40_CORE_SYNC_CALLS	0
SMALL_CREATE_40_CORE_SYNC_SAMPLES	0
SMALL_CREATE_40_CORE_SYNC_SAMPLE_TICKS	0
SMALL_CREATE_40_IFACE_FREE_CALLS	0
SMALL_CREATE_40_IFACE_FREE_SAMPLES	0
SMALL_CREATE_40_IFACE_FREE_SAMPLE_TICKS	0
SMALL_CREATE_40_SEAL_COMMIT_CALLS	0
SMALL_CREATE_40_SEAL_COMMIT_SAMPLES	0
SMALL_CREATE_40_SEAL_COMMIT_SAMPLE_TICKS	0
SMALL_CREATE_40_INODE_READ_CALLS	200
SMALL_CREATE_40_BTREE_SEARCH_CALLS	280
SMALL_CREATE_40_BTREE_INDEX_HINT_HITS	120
SMALL_CREATE_40_BTREE_LEAF_HINT_HITS	0
SMALL_CREATE_40_CACHE_READ_CALLS	9
SMALL_CREATE_40_CACHE_READ_HITS	9
SMALL_CREATE_40_CACHE_READ_MISSES	0
SMALL_CREATE_40_FREE_TREE_NODE_VIEWS	45
SMALL_CREATE_40_FREE_TREE_RESIDENT_VIEWS	45
SMALL_CREATE_40_DIR_TREE_NODE_VIEWS	81
SMALL_CREATE_40_DIR_TREE_RESIDENT_VIEWS	81
SMALL_CREATE_40_INODE_TREE_NODE_VIEWS	80
SMALL_CREATE_40_INODE_TREE_RESIDENT_VIEWS	80
SMALL_CREATE_40_REFCOUNT_TREE_NODE_VIEWS	0
SMALL_CREATE_40_REFCOUNT_TREE_RESIDENT_VIEWS	0
SMALL_CREATE_40_OTHER_TREE_NODE_VIEWS	0
SMALL_CREATE_40_OTHER_TREE_RESIDENT_VIEWS	0
LOOKUP_400_US	84032
LOOKUP_400_BIO_READS	0
LOOKUP_400_BIO_WRITES	0
LOOKUP_400_BIO_UPDATES	0
LOOKUP_400_DATA_READS	0
LOOKUP_400_DATA_WRITES	0
LOOKUP_400_NODE_WRITES	0
LOOKUP_400_TXN_COMMITS	0
LOOKUP_400_FREESPACE_ALLOCS	0
LOOKUP_400_EXTENT_MAPS	0
LOOKUP_400_READ_TICKS	0
LOOKUP_400_WRITE_TICKS	0
LOOKUP_400_UPDATE_TICKS	0
LOOKUP_400_DATA_READ_TICKS	0
LOOKUP_400_DATA_WRITE_TICKS	0
LOOKUP_400_FREE_TREE_NODE_WRITES	0
LOOKUP_400_FREE_TREE_ALLOCATION_BODY_NODE_WRITES	0
LOOKUP_400_FREE_TREE_RESERVE_REFILL_NODE_WRITES	0
LOOKUP_400_FREE_TREE_RESERVE_RETURN_NODE_WRITES	0
LOOKUP_400_FREE_TREE_POST_PUBLISH_PENDING_RECLAIM_NODE_WRITES	0
LOOKUP_400_FREE_TREE_OTHER_NODE_WRITES	0
LOOKUP_400_DIR_TREE_NODE_WRITES	0
LOOKUP_400_INODE_TREE_NODE_WRITES	0
LOOKUP_400_REFCOUNT_TREE_NODE_WRITES	0
LOOKUP_400_OTHER_TREE_NODE_WRITES	0
LOOKUP_400_NODE_CRC_READ_CALLS	0
LOOKUP_400_NODE_CRC_READ_SAMPLES	0
LOOKUP_400_NODE_CRC_READ_SAMPLE_TICKS	0
LOOKUP_400_NODE_CRC_WRITE_CALLS	0
LOOKUP_400_NODE_CRC_WRITE_SAMPLES	0
LOOKUP_400_NODE_CRC_WRITE_SAMPLE_TICKS	0
LOOKUP_400_CLOCK_PAIR_TICKS	1
LOOKUP_400_FREE_TREE_RESERVE_RETURN_CALLS	0
LOOKUP_400_FREE_TREE_RESERVE_RETURN_RUNS	0
LOOKUP_400_FREE_TREE_RESERVE_RETURN_BLOCKS	0
LOOKUP_400_FREE_TREE_RESERVE_RETURN_RUNS_1_BLOCK	0
LOOKUP_400_FREE_TREE_RESERVE_RETURN_RUNS_2_3_BLOCKS	0
LOOKUP_400_FREE_TREE_RESERVE_RETURN_RUNS_4_7_BLOCKS	0
LOOKUP_400_FREE_TREE_RESERVE_RETURN_RUNS_8_PLUS_BLOCKS	0
LOOKUP_400_FREE_TREE_RESERVE_RETURN_MAX_RUN_BLOCKS	0
LOOKUP_400_FREE_TREE_RESERVE_RETURN_MAX_NODE_WRITES_PER_RUN	0
LOOKUP_400_POST_PUBLISH_RECLAIM_PASSES	0
LOOKUP_400_MAX_POST_PUBLISH_RECLAIM_PASSES_PER_COMMIT	0
LOOKUP_400_SUPERBLOCK_PUBLICATIONS	0
LOOKUP_400_FREE_TREE_RESERVE_RETURN_RUN_NODE_WRITES	0
LOOKUP_400_FREE_TREE_RESERVE_RETURN_BATCH_CALLS	0
LOOKUP_400_FREE_TREE_RESERVE_RETURN_BATCH_BLOCKS	0
LOOKUP_400_FREE_TREE_RESERVE_RETURN_BATCH_NODE_WRITES	0
LOOKUP_400_FREE_TREE_RESERVE_RETURN_SKIP_SHAPE	0
LOOKUP_400_FREE_TREE_RESERVE_RETURN_SKIP_SMALL	0
LOOKUP_400_FREE_TREE_RESERVE_RETURN_SKIP_EMERGENCY	0
LOOKUP_400_FREE_TREE_RESERVE_RETURN_SKIP_CAPACITY	0
LOOKUP_400_SEALED_COMMITS	0
LOOKUP_400_SEALED_METADATA_FENCES	0
LOOKUP_400_BTREE_MALLOC_CALLS	0
LOOKUP_400_BTREE_MALLOC_SAMPLES	0
LOOKUP_400_BTREE_MALLOC_SAMPLE_TICKS	0
LOOKUP_400_BTREE_FREE_CALLS	0
LOOKUP_400_BTREE_FREE_SAMPLES	0
LOOKUP_400_BTREE_FREE_SAMPLE_TICKS	0
LOOKUP_400_IFACE_ALLOC_CALLS	0
LOOKUP_400_IFACE_ALLOC_SAMPLES	0
LOOKUP_400_IFACE_ALLOC_SAMPLE_TICKS	0
LOOKUP_400_FREESPACE_ALLOC_SAMPLES	0
LOOKUP_400_FREESPACE_ALLOC_SAMPLE_TICKS	0
LOOKUP_400_PACKET_CALLS	800
LOOKUP_400_PACKET_SAMPLES	800
LOOKUP_400_PACKET_SAMPLE_TICKS	31776
LOOKUP_400_PACKET_OPEN_CALLS	0
LOOKUP_400_PACKET_OPEN_SAMPLES	0
LOOKUP_400_PACKET_OPEN_SAMPLE_TICKS	0
LOOKUP_400_PACKET_READ_CALLS	0
LOOKUP_400_PACKET_READ_SAMPLES	0
LOOKUP_400_PACKET_READ_SAMPLE_TICKS	0
LOOKUP_400_PACKET_WRITE_CALLS	0
LOOKUP_400_PACKET_WRITE_SAMPLES	0
LOOKUP_400_PACKET_WRITE_SAMPLE_TICKS	0
LOOKUP_400_PACKET_END_CALLS	0
LOOKUP_400_PACKET_END_SAMPLES	0
LOOKUP_400_PACKET_END_SAMPLE_TICKS	0
LOOKUP_400_PACKET_DELETE_CALLS	0
LOOKUP_400_PACKET_DELETE_SAMPLES	0
LOOKUP_400_PACKET_DELETE_SAMPLE_TICKS	0
LOOKUP_400_PACKET_FLUSH_CALLS	0
LOOKUP_400_PACKET_FLUSH_SAMPLES	0
LOOKUP_400_PACKET_FLUSH_SAMPLE_TICKS	0
LOOKUP_400_PACKET_OTHER_CALLS	800
LOOKUP_400_PACKET_OTHER_SAMPLES	800
LOOKUP_400_PACKET_OTHER_SAMPLE_TICKS	31776
LOOKUP_400_CORE_CREATE_CALLS	0
LOOKUP_400_CORE_CREATE_SAMPLES	0
LOOKUP_400_CORE_CREATE_SAMPLE_TICKS	0
LOOKUP_400_CORE_DELETE_CALLS	0
LOOKUP_400_CORE_DELETE_SAMPLES	0
LOOKUP_400_CORE_DELETE_SAMPLE_TICKS	0
LOOKUP_400_CORE_FILE_WRITE_CALLS	0
LOOKUP_400_CORE_FILE_WRITE_SAMPLES	0
LOOKUP_400_CORE_FILE_WRITE_SAMPLE_TICKS	0
LOOKUP_400_CORE_SYNC_CALLS	0
LOOKUP_400_CORE_SYNC_SAMPLES	0
LOOKUP_400_CORE_SYNC_SAMPLE_TICKS	0
LOOKUP_400_IFACE_FREE_CALLS	0
LOOKUP_400_IFACE_FREE_SAMPLES	0
LOOKUP_400_IFACE_FREE_SAMPLE_TICKS	0
LOOKUP_400_SEAL_COMMIT_CALLS	0
LOOKUP_400_SEAL_COMMIT_SAMPLES	0
LOOKUP_400_SEAL_COMMIT_SAMPLE_TICKS	0
LOOKUP_400_INODE_READ_CALLS	0
LOOKUP_400_BTREE_SEARCH_CALLS	800
LOOKUP_400_BTREE_INDEX_HINT_HITS	0
LOOKUP_400_BTREE_LEAF_HINT_HITS	139
LOOKUP_400_CACHE_READ_CALLS	0
LOOKUP_400_CACHE_READ_HITS	0
LOOKUP_400_CACHE_READ_MISSES	0
LOOKUP_400_FREE_TREE_NODE_VIEWS	0
LOOKUP_400_FREE_TREE_RESIDENT_VIEWS	0
LOOKUP_400_DIR_TREE_NODE_VIEWS	1322
LOOKUP_400_DIR_TREE_RESIDENT_VIEWS	1322
LOOKUP_400_INODE_TREE_NODE_VIEWS	0
LOOKUP_400_INODE_TREE_RESIDENT_VIEWS	0
LOOKUP_400_REFCOUNT_TREE_NODE_VIEWS	0
LOOKUP_400_REFCOUNT_TREE_RESIDENT_VIEWS	0
LOOKUP_400_OTHER_TREE_NODE_VIEWS	0
LOOKUP_400_OTHER_TREE_RESIDENT_VIEWS	0
SMALL_READ_40_US	22273
SMALL_READ_40_BIO_READS	40
SMALL_READ_40_BIO_WRITES	0
SMALL_READ_40_BIO_UPDATES	0
SMALL_READ_40_DATA_READS	40
SMALL_READ_40_DATA_WRITES	0
SMALL_READ_40_NODE_WRITES	0
SMALL_READ_40_TXN_COMMITS	0
SMALL_READ_40_FREESPACE_ALLOCS	0
SMALL_READ_40_EXTENT_MAPS	0
SMALL_READ_40_READ_TICKS	2719
SMALL_READ_40_WRITE_TICKS	0
SMALL_READ_40_UPDATE_TICKS	0
SMALL_READ_40_DATA_READ_TICKS	2719
SMALL_READ_40_DATA_WRITE_TICKS	0
SMALL_READ_40_FREE_TREE_NODE_WRITES	0
SMALL_READ_40_FREE_TREE_ALLOCATION_BODY_NODE_WRITES	0
SMALL_READ_40_FREE_TREE_RESERVE_REFILL_NODE_WRITES	0
SMALL_READ_40_FREE_TREE_RESERVE_RETURN_NODE_WRITES	0
SMALL_READ_40_FREE_TREE_POST_PUBLISH_PENDING_RECLAIM_NODE_WRITES	0
SMALL_READ_40_FREE_TREE_OTHER_NODE_WRITES	0
SMALL_READ_40_DIR_TREE_NODE_WRITES	0
SMALL_READ_40_INODE_TREE_NODE_WRITES	0
SMALL_READ_40_REFCOUNT_TREE_NODE_WRITES	0
SMALL_READ_40_OTHER_TREE_NODE_WRITES	0
SMALL_READ_40_NODE_CRC_READ_CALLS	0
SMALL_READ_40_NODE_CRC_READ_SAMPLES	0
SMALL_READ_40_NODE_CRC_READ_SAMPLE_TICKS	0
SMALL_READ_40_NODE_CRC_WRITE_CALLS	0
SMALL_READ_40_NODE_CRC_WRITE_SAMPLES	0
SMALL_READ_40_NODE_CRC_WRITE_SAMPLE_TICKS	0
SMALL_READ_40_CLOCK_PAIR_TICKS	0
SMALL_READ_40_FREE_TREE_RESERVE_RETURN_CALLS	0
SMALL_READ_40_FREE_TREE_RESERVE_RETURN_RUNS	0
SMALL_READ_40_FREE_TREE_RESERVE_RETURN_BLOCKS	0
SMALL_READ_40_FREE_TREE_RESERVE_RETURN_RUNS_1_BLOCK	0
SMALL_READ_40_FREE_TREE_RESERVE_RETURN_RUNS_2_3_BLOCKS	0
SMALL_READ_40_FREE_TREE_RESERVE_RETURN_RUNS_4_7_BLOCKS	0
SMALL_READ_40_FREE_TREE_RESERVE_RETURN_RUNS_8_PLUS_BLOCKS	0
SMALL_READ_40_FREE_TREE_RESERVE_RETURN_MAX_RUN_BLOCKS	0
SMALL_READ_40_FREE_TREE_RESERVE_RETURN_MAX_NODE_WRITES_PER_RUN	0
SMALL_READ_40_POST_PUBLISH_RECLAIM_PASSES	0
SMALL_READ_40_MAX_POST_PUBLISH_RECLAIM_PASSES_PER_COMMIT	0
SMALL_READ_40_SUPERBLOCK_PUBLICATIONS	0
SMALL_READ_40_FREE_TREE_RESERVE_RETURN_RUN_NODE_WRITES	0
SMALL_READ_40_FREE_TREE_RESERVE_RETURN_BATCH_CALLS	0
SMALL_READ_40_FREE_TREE_RESERVE_RETURN_BATCH_BLOCKS	0
SMALL_READ_40_FREE_TREE_RESERVE_RETURN_BATCH_NODE_WRITES	0
SMALL_READ_40_FREE_TREE_RESERVE_RETURN_SKIP_SHAPE	0
SMALL_READ_40_FREE_TREE_RESERVE_RETURN_SKIP_SMALL	0
SMALL_READ_40_FREE_TREE_RESERVE_RETURN_SKIP_EMERGENCY	0
SMALL_READ_40_FREE_TREE_RESERVE_RETURN_SKIP_CAPACITY	0
SMALL_READ_40_SEALED_COMMITS	0
SMALL_READ_40_SEALED_METADATA_FENCES	0
SMALL_READ_40_BTREE_MALLOC_CALLS	0
SMALL_READ_40_BTREE_MALLOC_SAMPLES	0
SMALL_READ_40_BTREE_MALLOC_SAMPLE_TICKS	0
SMALL_READ_40_BTREE_FREE_CALLS	0
SMALL_READ_40_BTREE_FREE_SAMPLES	0
SMALL_READ_40_BTREE_FREE_SAMPLE_TICKS	0
SMALL_READ_40_IFACE_ALLOC_CALLS	0
SMALL_READ_40_IFACE_ALLOC_SAMPLES	0
SMALL_READ_40_IFACE_ALLOC_SAMPLE_TICKS	0
SMALL_READ_40_FREESPACE_ALLOC_SAMPLES	0
SMALL_READ_40_FREESPACE_ALLOC_SAMPLE_TICKS	0
SMALL_READ_40_PACKET_CALLS	160
SMALL_READ_40_PACKET_SAMPLES	160
SMALL_READ_40_PACKET_SAMPLE_TICKS	10358
SMALL_READ_40_PACKET_OPEN_CALLS	40
SMALL_READ_40_PACKET_OPEN_SAMPLES	40
SMALL_READ_40_PACKET_OPEN_SAMPLE_TICKS	4085
SMALL_READ_40_PACKET_READ_CALLS	80
SMALL_READ_40_PACKET_READ_SAMPLES	80
SMALL_READ_40_PACKET_READ_SAMPLE_TICKS	6097
SMALL_READ_40_PACKET_WRITE_CALLS	0
SMALL_READ_40_PACKET_WRITE_SAMPLES	0
SMALL_READ_40_PACKET_WRITE_SAMPLE_TICKS	0
SMALL_READ_40_PACKET_END_CALLS	40
SMALL_READ_40_PACKET_END_SAMPLES	40
SMALL_READ_40_PACKET_END_SAMPLE_TICKS	176
SMALL_READ_40_PACKET_DELETE_CALLS	0
SMALL_READ_40_PACKET_DELETE_SAMPLES	0
SMALL_READ_40_PACKET_DELETE_SAMPLE_TICKS	0
SMALL_READ_40_PACKET_FLUSH_CALLS	0
SMALL_READ_40_PACKET_FLUSH_SAMPLES	0
SMALL_READ_40_PACKET_FLUSH_SAMPLE_TICKS	0
SMALL_READ_40_PACKET_OTHER_CALLS	0
SMALL_READ_40_PACKET_OTHER_SAMPLES	0
SMALL_READ_40_PACKET_OTHER_SAMPLE_TICKS	0
SMALL_READ_40_CORE_CREATE_CALLS	0
SMALL_READ_40_CORE_CREATE_SAMPLES	0
SMALL_READ_40_CORE_CREATE_SAMPLE_TICKS	0
SMALL_READ_40_CORE_DELETE_CALLS	0
SMALL_READ_40_CORE_DELETE_SAMPLES	0
SMALL_READ_40_CORE_DELETE_SAMPLE_TICKS	0
SMALL_READ_40_CORE_FILE_WRITE_CALLS	0
SMALL_READ_40_CORE_FILE_WRITE_SAMPLES	0
SMALL_READ_40_CORE_FILE_WRITE_SAMPLE_TICKS	0
SMALL_READ_40_CORE_SYNC_CALLS	0
SMALL_READ_40_CORE_SYNC_SAMPLES	0
SMALL_READ_40_CORE_SYNC_SAMPLE_TICKS	0
SMALL_READ_40_IFACE_FREE_CALLS	0
SMALL_READ_40_IFACE_FREE_SAMPLES	0
SMALL_READ_40_IFACE_FREE_SAMPLE_TICKS	0
SMALL_READ_40_SEAL_COMMIT_CALLS	0
SMALL_READ_40_SEAL_COMMIT_SAMPLES	0
SMALL_READ_40_SEAL_COMMIT_SAMPLE_TICKS	0
SMALL_READ_40_INODE_READ_CALLS	240
SMALL_READ_40_BTREE_SEARCH_CALLS	320
SMALL_READ_40_BTREE_INDEX_HINT_HITS	200
SMALL_READ_40_BTREE_LEAF_HINT_HITS	53
SMALL_READ_40_CACHE_READ_CALLS	40
SMALL_READ_40_CACHE_READ_HITS	0
SMALL_READ_40_CACHE_READ_MISSES	40
SMALL_READ_40_FREE_TREE_NODE_VIEWS	0
SMALL_READ_40_FREE_TREE_RESIDENT_VIEWS	0
SMALL_READ_40_DIR_TREE_NODE_VIEWS	132
SMALL_READ_40_DIR_TREE_RESIDENT_VIEWS	132
SMALL_READ_40_INODE_TREE_NODE_VIEWS	1
SMALL_READ_40_INODE_TREE_RESIDENT_VIEWS	1
SMALL_READ_40_REFCOUNT_TREE_NODE_VIEWS	0
SMALL_READ_40_REFCOUNT_TREE_RESIDENT_VIEWS	0
SMALL_READ_40_OTHER_TREE_NODE_VIEWS	0
SMALL_READ_40_OTHER_TREE_RESIDENT_VIEWS	0
SEQ_WRITE_8M_US	48128
SEQ_WRITE_8M_BIO_READS	0
SEQ_WRITE_8M_BIO_WRITES	128
SEQ_WRITE_8M_BIO_UPDATES	0
SEQ_WRITE_8M_DATA_READS	0
SEQ_WRITE_8M_DATA_WRITES	128
SEQ_WRITE_8M_NODE_WRITES	0
SEQ_WRITE_8M_TXN_COMMITS	0
SEQ_WRITE_8M_FREESPACE_ALLOCS	128
SEQ_WRITE_8M_EXTENT_MAPS	128
SEQ_WRITE_8M_READ_TICKS	0
SEQ_WRITE_8M_WRITE_TICKS	10040
SEQ_WRITE_8M_UPDATE_TICKS	0
SEQ_WRITE_8M_DATA_READ_TICKS	0
SEQ_WRITE_8M_DATA_WRITE_TICKS	10040
SEQ_WRITE_8M_FREE_TREE_NODE_WRITES	0
SEQ_WRITE_8M_FREE_TREE_ALLOCATION_BODY_NODE_WRITES	0
SEQ_WRITE_8M_FREE_TREE_RESERVE_REFILL_NODE_WRITES	0
SEQ_WRITE_8M_FREE_TREE_RESERVE_RETURN_NODE_WRITES	0
SEQ_WRITE_8M_FREE_TREE_POST_PUBLISH_PENDING_RECLAIM_NODE_WRITES	0
SEQ_WRITE_8M_FREE_TREE_OTHER_NODE_WRITES	0
SEQ_WRITE_8M_DIR_TREE_NODE_WRITES	0
SEQ_WRITE_8M_INODE_TREE_NODE_WRITES	0
SEQ_WRITE_8M_REFCOUNT_TREE_NODE_WRITES	0
SEQ_WRITE_8M_OTHER_TREE_NODE_WRITES	0
SEQ_WRITE_8M_NODE_CRC_READ_CALLS	0
SEQ_WRITE_8M_NODE_CRC_READ_SAMPLES	0
SEQ_WRITE_8M_NODE_CRC_READ_SAMPLE_TICKS	0
SEQ_WRITE_8M_NODE_CRC_WRITE_CALLS	0
SEQ_WRITE_8M_NODE_CRC_WRITE_SAMPLES	0
SEQ_WRITE_8M_NODE_CRC_WRITE_SAMPLE_TICKS	0
SEQ_WRITE_8M_CLOCK_PAIR_TICKS	1
SEQ_WRITE_8M_FREE_TREE_RESERVE_RETURN_CALLS	0
SEQ_WRITE_8M_FREE_TREE_RESERVE_RETURN_RUNS	0
SEQ_WRITE_8M_FREE_TREE_RESERVE_RETURN_BLOCKS	0
SEQ_WRITE_8M_FREE_TREE_RESERVE_RETURN_RUNS_1_BLOCK	0
SEQ_WRITE_8M_FREE_TREE_RESERVE_RETURN_RUNS_2_3_BLOCKS	0
SEQ_WRITE_8M_FREE_TREE_RESERVE_RETURN_RUNS_4_7_BLOCKS	0
SEQ_WRITE_8M_FREE_TREE_RESERVE_RETURN_RUNS_8_PLUS_BLOCKS	0
SEQ_WRITE_8M_FREE_TREE_RESERVE_RETURN_MAX_RUN_BLOCKS	0
SEQ_WRITE_8M_FREE_TREE_RESERVE_RETURN_MAX_NODE_WRITES_PER_RUN	0
SEQ_WRITE_8M_POST_PUBLISH_RECLAIM_PASSES	0
SEQ_WRITE_8M_MAX_POST_PUBLISH_RECLAIM_PASSES_PER_COMMIT	0
SEQ_WRITE_8M_SUPERBLOCK_PUBLICATIONS	0
SEQ_WRITE_8M_FREE_TREE_RESERVE_RETURN_RUN_NODE_WRITES	0
SEQ_WRITE_8M_FREE_TREE_RESERVE_RETURN_BATCH_CALLS	0
SEQ_WRITE_8M_FREE_TREE_RESERVE_RETURN_BATCH_BLOCKS	0
SEQ_WRITE_8M_FREE_TREE_RESERVE_RETURN_BATCH_NODE_WRITES	0
SEQ_WRITE_8M_FREE_TREE_RESERVE_RETURN_SKIP_SHAPE	0
SEQ_WRITE_8M_FREE_TREE_RESERVE_RETURN_SKIP_SMALL	0
SEQ_WRITE_8M_FREE_TREE_RESERVE_RETURN_SKIP_EMERGENCY	0
SEQ_WRITE_8M_FREE_TREE_RESERVE_RETURN_SKIP_CAPACITY	0
SEQ_WRITE_8M_SEALED_COMMITS	0
SEQ_WRITE_8M_SEALED_METADATA_FENCES	0
SEQ_WRITE_8M_BTREE_MALLOC_CALLS	0
SEQ_WRITE_8M_BTREE_MALLOC_SAMPLES	0
SEQ_WRITE_8M_BTREE_MALLOC_SAMPLE_TICKS	0
SEQ_WRITE_8M_BTREE_FREE_CALLS	1
SEQ_WRITE_8M_BTREE_FREE_SAMPLES	1
SEQ_WRITE_8M_BTREE_FREE_SAMPLE_TICKS	0
SEQ_WRITE_8M_IFACE_ALLOC_CALLS	0
SEQ_WRITE_8M_IFACE_ALLOC_SAMPLES	0
SEQ_WRITE_8M_IFACE_ALLOC_SAMPLE_TICKS	0
SEQ_WRITE_8M_FREESPACE_ALLOC_SAMPLES	128
SEQ_WRITE_8M_FREESPACE_ALLOC_SAMPLE_TICKS	4705
SEQ_WRITE_8M_PACKET_CALLS	130
SEQ_WRITE_8M_PACKET_SAMPLES	130
SEQ_WRITE_8M_PACKET_SAMPLE_TICKS	31920
SEQ_WRITE_8M_PACKET_OPEN_CALLS	1
SEQ_WRITE_8M_PACKET_OPEN_SAMPLES	1
SEQ_WRITE_8M_PACKET_OPEN_SAMPLE_TICKS	182
SEQ_WRITE_8M_PACKET_READ_CALLS	0
SEQ_WRITE_8M_PACKET_READ_SAMPLES	0
SEQ_WRITE_8M_PACKET_READ_SAMPLE_TICKS	0
SEQ_WRITE_8M_PACKET_WRITE_CALLS	128
SEQ_WRITE_8M_PACKET_WRITE_SAMPLES	128
SEQ_WRITE_8M_PACKET_WRITE_SAMPLE_TICKS	31693
SEQ_WRITE_8M_PACKET_END_CALLS	1
SEQ_WRITE_8M_PACKET_END_SAMPLES	1
SEQ_WRITE_8M_PACKET_END_SAMPLE_TICKS	45
SEQ_WRITE_8M_PACKET_DELETE_CALLS	0
SEQ_WRITE_8M_PACKET_DELETE_SAMPLES	0
SEQ_WRITE_8M_PACKET_DELETE_SAMPLE_TICKS	0
SEQ_WRITE_8M_PACKET_FLUSH_CALLS	0
SEQ_WRITE_8M_PACKET_FLUSH_SAMPLES	0
SEQ_WRITE_8M_PACKET_FLUSH_SAMPLE_TICKS	0
SEQ_WRITE_8M_PACKET_OTHER_CALLS	0
SEQ_WRITE_8M_PACKET_OTHER_SAMPLES	0
SEQ_WRITE_8M_PACKET_OTHER_SAMPLE_TICKS	0
SEQ_WRITE_8M_CORE_CREATE_CALLS	1
SEQ_WRITE_8M_CORE_CREATE_SAMPLES	1
SEQ_WRITE_8M_CORE_CREATE_SAMPLE_TICKS	136
SEQ_WRITE_8M_CORE_DELETE_CALLS	0
SEQ_WRITE_8M_CORE_DELETE_SAMPLES	0
SEQ_WRITE_8M_CORE_DELETE_SAMPLE_TICKS	0
SEQ_WRITE_8M_CORE_FILE_WRITE_CALLS	128
SEQ_WRITE_8M_CORE_FILE_WRITE_SAMPLES	128
SEQ_WRITE_8M_CORE_FILE_WRITE_SAMPLE_TICKS	28140
SEQ_WRITE_8M_CORE_SYNC_CALLS	0
SEQ_WRITE_8M_CORE_SYNC_SAMPLES	0
SEQ_WRITE_8M_CORE_SYNC_SAMPLE_TICKS	0
SEQ_WRITE_8M_IFACE_FREE_CALLS	0
SEQ_WRITE_8M_IFACE_FREE_SAMPLES	0
SEQ_WRITE_8M_IFACE_FREE_SAMPLE_TICKS	0
SEQ_WRITE_8M_SEAL_COMMIT_CALLS	0
SEQ_WRITE_8M_SEAL_COMMIT_SAMPLES	0
SEQ_WRITE_8M_SEAL_COMMIT_SAMPLE_TICKS	0
SEQ_WRITE_8M_INODE_READ_CALLS	259
SEQ_WRITE_8M_BTREE_SEARCH_CALLS	260
SEQ_WRITE_8M_BTREE_INDEX_HINT_HITS	130
SEQ_WRITE_8M_BTREE_LEAF_HINT_HITS	1
SEQ_WRITE_8M_CACHE_READ_CALLS	0
SEQ_WRITE_8M_CACHE_READ_HITS	0
SEQ_WRITE_8M_CACHE_READ_MISSES	0
SEQ_WRITE_8M_FREE_TREE_NODE_VIEWS	128
SEQ_WRITE_8M_FREE_TREE_RESIDENT_VIEWS	128
SEQ_WRITE_8M_DIR_TREE_NODE_VIEWS	0
SEQ_WRITE_8M_DIR_TREE_RESIDENT_VIEWS	0
SEQ_WRITE_8M_INODE_TREE_NODE_VIEWS	128
SEQ_WRITE_8M_INODE_TREE_RESIDENT_VIEWS	128
SEQ_WRITE_8M_REFCOUNT_TREE_NODE_VIEWS	0
SEQ_WRITE_8M_REFCOUNT_TREE_RESIDENT_VIEWS	0
SEQ_WRITE_8M_OTHER_TREE_NODE_VIEWS	0
SEQ_WRITE_8M_OTHER_TREE_RESIDENT_VIEWS	0
SEQ_READ_8M_US	267198
SEQ_READ_8M_BIO_READS	128
SEQ_READ_8M_BIO_WRITES	0
SEQ_READ_8M_BIO_UPDATES	0
SEQ_READ_8M_DATA_READS	128
SEQ_READ_8M_DATA_WRITES	0
SEQ_READ_8M_NODE_WRITES	0
SEQ_READ_8M_TXN_COMMITS	0
SEQ_READ_8M_FREESPACE_ALLOCS	0
SEQ_READ_8M_EXTENT_MAPS	0
SEQ_READ_8M_READ_TICKS	12729
SEQ_READ_8M_WRITE_TICKS	0
SEQ_READ_8M_UPDATE_TICKS	0
SEQ_READ_8M_DATA_READ_TICKS	12729
SEQ_READ_8M_DATA_WRITE_TICKS	0
SEQ_READ_8M_FREE_TREE_NODE_WRITES	0
SEQ_READ_8M_FREE_TREE_ALLOCATION_BODY_NODE_WRITES	0
SEQ_READ_8M_FREE_TREE_RESERVE_REFILL_NODE_WRITES	0
SEQ_READ_8M_FREE_TREE_RESERVE_RETURN_NODE_WRITES	0
SEQ_READ_8M_FREE_TREE_POST_PUBLISH_PENDING_RECLAIM_NODE_WRITES	0
SEQ_READ_8M_FREE_TREE_OTHER_NODE_WRITES	0
SEQ_READ_8M_DIR_TREE_NODE_WRITES	0
SEQ_READ_8M_INODE_TREE_NODE_WRITES	0
SEQ_READ_8M_REFCOUNT_TREE_NODE_WRITES	0
SEQ_READ_8M_OTHER_TREE_NODE_WRITES	0
SEQ_READ_8M_NODE_CRC_READ_CALLS	0
SEQ_READ_8M_NODE_CRC_READ_SAMPLES	0
SEQ_READ_8M_NODE_CRC_READ_SAMPLE_TICKS	0
SEQ_READ_8M_NODE_CRC_WRITE_CALLS	0
SEQ_READ_8M_NODE_CRC_WRITE_SAMPLES	0
SEQ_READ_8M_NODE_CRC_WRITE_SAMPLE_TICKS	0
SEQ_READ_8M_CLOCK_PAIR_TICKS	0
SEQ_READ_8M_FREE_TREE_RESERVE_RETURN_CALLS	0
SEQ_READ_8M_FREE_TREE_RESERVE_RETURN_RUNS	0
SEQ_READ_8M_FREE_TREE_RESERVE_RETURN_BLOCKS	0
SEQ_READ_8M_FREE_TREE_RESERVE_RETURN_RUNS_1_BLOCK	0
SEQ_READ_8M_FREE_TREE_RESERVE_RETURN_RUNS_2_3_BLOCKS	0
SEQ_READ_8M_FREE_TREE_RESERVE_RETURN_RUNS_4_7_BLOCKS	0
SEQ_READ_8M_FREE_TREE_RESERVE_RETURN_RUNS_8_PLUS_BLOCKS	0
SEQ_READ_8M_FREE_TREE_RESERVE_RETURN_MAX_RUN_BLOCKS	0
SEQ_READ_8M_FREE_TREE_RESERVE_RETURN_MAX_NODE_WRITES_PER_RUN	0
SEQ_READ_8M_POST_PUBLISH_RECLAIM_PASSES	0
SEQ_READ_8M_MAX_POST_PUBLISH_RECLAIM_PASSES_PER_COMMIT	0
SEQ_READ_8M_SUPERBLOCK_PUBLICATIONS	0
SEQ_READ_8M_FREE_TREE_RESERVE_RETURN_RUN_NODE_WRITES	0
SEQ_READ_8M_FREE_TREE_RESERVE_RETURN_BATCH_CALLS	0
SEQ_READ_8M_FREE_TREE_RESERVE_RETURN_BATCH_BLOCKS	0
SEQ_READ_8M_FREE_TREE_RESERVE_RETURN_BATCH_NODE_WRITES	0
SEQ_READ_8M_FREE_TREE_RESERVE_RETURN_SKIP_SHAPE	0
SEQ_READ_8M_FREE_TREE_RESERVE_RETURN_SKIP_SMALL	0
SEQ_READ_8M_FREE_TREE_RESERVE_RETURN_SKIP_EMERGENCY	0
SEQ_READ_8M_FREE_TREE_RESERVE_RETURN_SKIP_CAPACITY	0
SEQ_READ_8M_SEALED_COMMITS	0
SEQ_READ_8M_SEALED_METADATA_FENCES	0
SEQ_READ_8M_BTREE_MALLOC_CALLS	0
SEQ_READ_8M_BTREE_MALLOC_SAMPLES	0
SEQ_READ_8M_BTREE_MALLOC_SAMPLE_TICKS	0
SEQ_READ_8M_BTREE_FREE_CALLS	0
SEQ_READ_8M_BTREE_FREE_SAMPLES	0
SEQ_READ_8M_BTREE_FREE_SAMPLE_TICKS	0
SEQ_READ_8M_IFACE_ALLOC_CALLS	0
SEQ_READ_8M_IFACE_ALLOC_SAMPLES	0
SEQ_READ_8M_IFACE_ALLOC_SAMPLE_TICKS	0
SEQ_READ_8M_FREESPACE_ALLOC_SAMPLES	0
SEQ_READ_8M_FREESPACE_ALLOC_SAMPLE_TICKS	0
SEQ_READ_8M_PACKET_CALLS	131
SEQ_READ_8M_PACKET_SAMPLES	131
SEQ_READ_8M_PACKET_SAMPLE_TICKS	18643
SEQ_READ_8M_PACKET_OPEN_CALLS	1
SEQ_READ_8M_PACKET_OPEN_SAMPLES	1
SEQ_READ_8M_PACKET_OPEN_SAMPLE_TICKS	91
SEQ_READ_8M_PACKET_READ_CALLS	129
SEQ_READ_8M_PACKET_READ_SAMPLES	129
SEQ_READ_8M_PACKET_READ_SAMPLE_TICKS	18551
SEQ_READ_8M_PACKET_WRITE_CALLS	0
SEQ_READ_8M_PACKET_WRITE_SAMPLES	0
SEQ_READ_8M_PACKET_WRITE_SAMPLE_TICKS	0
SEQ_READ_8M_PACKET_END_CALLS	1
SEQ_READ_8M_PACKET_END_SAMPLES	1
SEQ_READ_8M_PACKET_END_SAMPLE_TICKS	1
SEQ_READ_8M_PACKET_DELETE_CALLS	0
SEQ_READ_8M_PACKET_DELETE_SAMPLES	0
SEQ_READ_8M_PACKET_DELETE_SAMPLE_TICKS	0
SEQ_READ_8M_PACKET_FLUSH_CALLS	0
SEQ_READ_8M_PACKET_FLUSH_SAMPLES	0
SEQ_READ_8M_PACKET_FLUSH_SAMPLE_TICKS	0
SEQ_READ_8M_PACKET_OTHER_CALLS	0
SEQ_READ_8M_PACKET_OTHER_SAMPLES	0
SEQ_READ_8M_PACKET_OTHER_SAMPLE_TICKS	0
SEQ_READ_8M_CORE_CREATE_CALLS	0
SEQ_READ_8M_CORE_CREATE_SAMPLES	0
SEQ_READ_8M_CORE_CREATE_SAMPLE_TICKS	0
SEQ_READ_8M_CORE_DELETE_CALLS	0
SEQ_READ_8M_CORE_DELETE_SAMPLES	0
SEQ_READ_8M_CORE_DELETE_SAMPLE_TICKS	0
SEQ_READ_8M_CORE_FILE_WRITE_CALLS	0
SEQ_READ_8M_CORE_FILE_WRITE_SAMPLES	0
SEQ_READ_8M_CORE_FILE_WRITE_SAMPLE_TICKS	0
SEQ_READ_8M_CORE_SYNC_CALLS	0
SEQ_READ_8M_CORE_SYNC_SAMPLES	0
SEQ_READ_8M_CORE_SYNC_SAMPLE_TICKS	0
SEQ_READ_8M_IFACE_FREE_CALLS	0
SEQ_READ_8M_IFACE_FREE_SAMPLES	0
SEQ_READ_8M_IFACE_FREE_SAMPLE_TICKS	0
SEQ_READ_8M_SEAL_COMMIT_CALLS	0
SEQ_READ_8M_SEAL_COMMIT_SAMPLES	0
SEQ_READ_8M_SEAL_COMMIT_SAMPLE_TICKS	0
SEQ_READ_8M_INODE_READ_CALLS	260
SEQ_READ_8M_BTREE_SEARCH_CALLS	261
SEQ_READ_8M_BTREE_INDEX_HINT_HITS	259
SEQ_READ_8M_BTREE_LEAF_HINT_HITS	0
SEQ_READ_8M_CACHE_READ_CALLS	0
SEQ_READ_8M_CACHE_READ_HITS	0
SEQ_READ_8M_CACHE_READ_MISSES	0
SEQ_READ_8M_FREE_TREE_NODE_VIEWS	0
SEQ_READ_8M_FREE_TREE_RESIDENT_VIEWS	0
SEQ_READ_8M_DIR_TREE_NODE_VIEWS	2
SEQ_READ_8M_DIR_TREE_RESIDENT_VIEWS	2
SEQ_READ_8M_INODE_TREE_NODE_VIEWS	1
SEQ_READ_8M_INODE_TREE_RESIDENT_VIEWS	1
SEQ_READ_8M_REFCOUNT_TREE_NODE_VIEWS	0
SEQ_READ_8M_REFCOUNT_TREE_RESIDENT_VIEWS	0
SEQ_READ_8M_OTHER_TREE_NODE_VIEWS	0
SEQ_READ_8M_OTHER_TREE_RESIDENT_VIEWS	0
SMALL_DELETE_40_US	17920
SMALL_DELETE_40_BIO_READS	0
SMALL_DELETE_40_BIO_WRITES	0
SMALL_DELETE_40_BIO_UPDATES	0
SMALL_DELETE_40_DATA_READS	0
SMALL_DELETE_40_DATA_WRITES	0
SMALL_DELETE_40_NODE_WRITES	0
SMALL_DELETE_40_TXN_COMMITS	0
SMALL_DELETE_40_FREESPACE_ALLOCS	0
SMALL_DELETE_40_EXTENT_MAPS	0
SMALL_DELETE_40_READ_TICKS	0
SMALL_DELETE_40_WRITE_TICKS	0
SMALL_DELETE_40_UPDATE_TICKS	0
SMALL_DELETE_40_DATA_READ_TICKS	0
SMALL_DELETE_40_DATA_WRITE_TICKS	0
SMALL_DELETE_40_FREE_TREE_NODE_WRITES	0
SMALL_DELETE_40_FREE_TREE_ALLOCATION_BODY_NODE_WRITES	0
SMALL_DELETE_40_FREE_TREE_RESERVE_REFILL_NODE_WRITES	0
SMALL_DELETE_40_FREE_TREE_RESERVE_RETURN_NODE_WRITES	0
SMALL_DELETE_40_FREE_TREE_POST_PUBLISH_PENDING_RECLAIM_NODE_WRITES	0
SMALL_DELETE_40_FREE_TREE_OTHER_NODE_WRITES	0
SMALL_DELETE_40_DIR_TREE_NODE_WRITES	0
SMALL_DELETE_40_INODE_TREE_NODE_WRITES	0
SMALL_DELETE_40_REFCOUNT_TREE_NODE_WRITES	0
SMALL_DELETE_40_OTHER_TREE_NODE_WRITES	0
SMALL_DELETE_40_NODE_CRC_READ_CALLS	0
SMALL_DELETE_40_NODE_CRC_READ_SAMPLES	0
SMALL_DELETE_40_NODE_CRC_READ_SAMPLE_TICKS	0
SMALL_DELETE_40_NODE_CRC_WRITE_CALLS	0
SMALL_DELETE_40_NODE_CRC_WRITE_SAMPLES	0
SMALL_DELETE_40_NODE_CRC_WRITE_SAMPLE_TICKS	0
SMALL_DELETE_40_CLOCK_PAIR_TICKS	1
SMALL_DELETE_40_FREE_TREE_RESERVE_RETURN_CALLS	0
SMALL_DELETE_40_FREE_TREE_RESERVE_RETURN_RUNS	0
SMALL_DELETE_40_FREE_TREE_RESERVE_RETURN_BLOCKS	0
SMALL_DELETE_40_FREE_TREE_RESERVE_RETURN_RUNS_1_BLOCK	0
SMALL_DELETE_40_FREE_TREE_RESERVE_RETURN_RUNS_2_3_BLOCKS	0
SMALL_DELETE_40_FREE_TREE_RESERVE_RETURN_RUNS_4_7_BLOCKS	0
SMALL_DELETE_40_FREE_TREE_RESERVE_RETURN_RUNS_8_PLUS_BLOCKS	0
SMALL_DELETE_40_FREE_TREE_RESERVE_RETURN_MAX_RUN_BLOCKS	0
SMALL_DELETE_40_FREE_TREE_RESERVE_RETURN_MAX_NODE_WRITES_PER_RUN	0
SMALL_DELETE_40_POST_PUBLISH_RECLAIM_PASSES	0
SMALL_DELETE_40_MAX_POST_PUBLISH_RECLAIM_PASSES_PER_COMMIT	0
SMALL_DELETE_40_SUPERBLOCK_PUBLICATIONS	0
SMALL_DELETE_40_FREE_TREE_RESERVE_RETURN_RUN_NODE_WRITES	0
SMALL_DELETE_40_FREE_TREE_RESERVE_RETURN_BATCH_CALLS	0
SMALL_DELETE_40_FREE_TREE_RESERVE_RETURN_BATCH_BLOCKS	0
SMALL_DELETE_40_FREE_TREE_RESERVE_RETURN_BATCH_NODE_WRITES	0
SMALL_DELETE_40_FREE_TREE_RESERVE_RETURN_SKIP_SHAPE	0
SMALL_DELETE_40_FREE_TREE_RESERVE_RETURN_SKIP_SMALL	0
SMALL_DELETE_40_FREE_TREE_RESERVE_RETURN_SKIP_EMERGENCY	0
SMALL_DELETE_40_FREE_TREE_RESERVE_RETURN_SKIP_CAPACITY	0
SMALL_DELETE_40_SEALED_COMMITS	0
SMALL_DELETE_40_SEALED_METADATA_FENCES	0
SMALL_DELETE_40_BTREE_MALLOC_CALLS	0
SMALL_DELETE_40_BTREE_MALLOC_SAMPLES	0
SMALL_DELETE_40_BTREE_MALLOC_SAMPLE_TICKS	0
SMALL_DELETE_40_BTREE_FREE_CALLS	0
SMALL_DELETE_40_BTREE_FREE_SAMPLES	0
SMALL_DELETE_40_BTREE_FREE_SAMPLE_TICKS	0
SMALL_DELETE_40_IFACE_ALLOC_CALLS	0
SMALL_DELETE_40_IFACE_ALLOC_SAMPLES	0
SMALL_DELETE_40_IFACE_ALLOC_SAMPLE_TICKS	0
SMALL_DELETE_40_FREESPACE_ALLOC_SAMPLES	0
SMALL_DELETE_40_FREESPACE_ALLOC_SAMPLE_TICKS	0
SMALL_DELETE_40_PACKET_CALLS	40
SMALL_DELETE_40_PACKET_SAMPLES	40
SMALL_DELETE_40_PACKET_SAMPLE_TICKS	10800
SMALL_DELETE_40_PACKET_OPEN_CALLS	0
SMALL_DELETE_40_PACKET_OPEN_SAMPLES	0
SMALL_DELETE_40_PACKET_OPEN_SAMPLE_TICKS	0
SMALL_DELETE_40_PACKET_READ_CALLS	0
SMALL_DELETE_40_PACKET_READ_SAMPLES	0
SMALL_DELETE_40_PACKET_READ_SAMPLE_TICKS	0
SMALL_DELETE_40_PACKET_WRITE_CALLS	0
SMALL_DELETE_40_PACKET_WRITE_SAMPLES	0
SMALL_DELETE_40_PACKET_WRITE_SAMPLE_TICKS	0
SMALL_DELETE_40_PACKET_END_CALLS	0
SMALL_DELETE_40_PACKET_END_SAMPLES	0
SMALL_DELETE_40_PACKET_END_SAMPLE_TICKS	0
SMALL_DELETE_40_PACKET_DELETE_CALLS	40
SMALL_DELETE_40_PACKET_DELETE_SAMPLES	40
SMALL_DELETE_40_PACKET_DELETE_SAMPLE_TICKS	10800
SMALL_DELETE_40_PACKET_FLUSH_CALLS	0
SMALL_DELETE_40_PACKET_FLUSH_SAMPLES	0
SMALL_DELETE_40_PACKET_FLUSH_SAMPLE_TICKS	0
SMALL_DELETE_40_PACKET_OTHER_CALLS	0
SMALL_DELETE_40_PACKET_OTHER_SAMPLES	0
SMALL_DELETE_40_PACKET_OTHER_SAMPLE_TICKS	0
SMALL_DELETE_40_CORE_CREATE_CALLS	0
SMALL_DELETE_40_CORE_CREATE_SAMPLES	0
SMALL_DELETE_40_CORE_CREATE_SAMPLE_TICKS	0
SMALL_DELETE_40_CORE_DELETE_CALLS	40
SMALL_DELETE_40_CORE_DELETE_SAMPLES	40
SMALL_DELETE_40_CORE_DELETE_SAMPLE_TICKS	7492
SMALL_DELETE_40_CORE_FILE_WRITE_CALLS	0
SMALL_DELETE_40_CORE_FILE_WRITE_SAMPLES	0
SMALL_DELETE_40_CORE_FILE_WRITE_SAMPLE_TICKS	0
SMALL_DELETE_40_CORE_SYNC_CALLS	0
SMALL_DELETE_40_CORE_SYNC_SAMPLES	0
SMALL_DELETE_40_CORE_SYNC_SAMPLE_TICKS	0
SMALL_DELETE_40_IFACE_FREE_CALLS	5
SMALL_DELETE_40_IFACE_FREE_SAMPLES	5
SMALL_DELETE_40_IFACE_FREE_SAMPLE_TICKS	362
SMALL_DELETE_40_SEAL_COMMIT_CALLS	0
SMALL_DELETE_40_SEAL_COMMIT_SAMPLES	0
SMALL_DELETE_40_SEAL_COMMIT_SAMPLE_TICKS	0
SMALL_DELETE_40_INODE_READ_CALLS	80
SMALL_DELETE_40_BTREE_SEARCH_CALLS	205
SMALL_DELETE_40_BTREE_INDEX_HINT_HITS	40
SMALL_DELETE_40_BTREE_LEAF_HINT_HITS	54
SMALL_DELETE_40_CACHE_READ_CALLS	33
SMALL_DELETE_40_CACHE_READ_HITS	33
SMALL_DELETE_40_CACHE_READ_MISSES	0
SMALL_DELETE_40_FREE_TREE_NODE_VIEWS	15
SMALL_DELETE_40_FREE_TREE_RESIDENT_VIEWS	15
SMALL_DELETE_40_DIR_TREE_NODE_VIEWS	125
SMALL_DELETE_40_DIR_TREE_RESIDENT_VIEWS	125
SMALL_DELETE_40_INODE_TREE_NODE_VIEWS	39
SMALL_DELETE_40_INODE_TREE_RESIDENT_VIEWS	39
SMALL_DELETE_40_REFCOUNT_TREE_NODE_VIEWS	0
SMALL_DELETE_40_REFCOUNT_TREE_RESIDENT_VIEWS	0
SMALL_DELETE_40_OTHER_TREE_NODE_VIEWS	0
SMALL_DELETE_40_OTHER_TREE_RESIDENT_VIEWS	0
APPEND_4K_1M_US	121919
APPEND_4K_1M_BIO_READS	0
APPEND_4K_1M_BIO_WRITES	256
APPEND_4K_1M_BIO_UPDATES	0
APPEND_4K_1M_DATA_READS	0
APPEND_4K_1M_DATA_WRITES	256
APPEND_4K_1M_NODE_WRITES	0
APPEND_4K_1M_TXN_COMMITS	0
APPEND_4K_1M_FREESPACE_ALLOCS	256
APPEND_4K_1M_EXTENT_MAPS	256
APPEND_4K_1M_READ_TICKS	0
APPEND_4K_1M_WRITE_TICKS	18820
APPEND_4K_1M_UPDATE_TICKS	0
APPEND_4K_1M_DATA_READ_TICKS	0
APPEND_4K_1M_DATA_WRITE_TICKS	18820
APPEND_4K_1M_FREE_TREE_NODE_WRITES	0
APPEND_4K_1M_FREE_TREE_ALLOCATION_BODY_NODE_WRITES	0
APPEND_4K_1M_FREE_TREE_RESERVE_REFILL_NODE_WRITES	0
APPEND_4K_1M_FREE_TREE_RESERVE_RETURN_NODE_WRITES	0
APPEND_4K_1M_FREE_TREE_POST_PUBLISH_PENDING_RECLAIM_NODE_WRITES	0
APPEND_4K_1M_FREE_TREE_OTHER_NODE_WRITES	0
APPEND_4K_1M_DIR_TREE_NODE_WRITES	0
APPEND_4K_1M_INODE_TREE_NODE_WRITES	0
APPEND_4K_1M_REFCOUNT_TREE_NODE_WRITES	0
APPEND_4K_1M_OTHER_TREE_NODE_WRITES	0
APPEND_4K_1M_NODE_CRC_READ_CALLS	0
APPEND_4K_1M_NODE_CRC_READ_SAMPLES	0
APPEND_4K_1M_NODE_CRC_READ_SAMPLE_TICKS	0
APPEND_4K_1M_NODE_CRC_WRITE_CALLS	0
APPEND_4K_1M_NODE_CRC_WRITE_SAMPLES	0
APPEND_4K_1M_NODE_CRC_WRITE_SAMPLE_TICKS	0
APPEND_4K_1M_CLOCK_PAIR_TICKS	1
APPEND_4K_1M_FREE_TREE_RESERVE_RETURN_CALLS	0
APPEND_4K_1M_FREE_TREE_RESERVE_RETURN_RUNS	0
APPEND_4K_1M_FREE_TREE_RESERVE_RETURN_BLOCKS	0
APPEND_4K_1M_FREE_TREE_RESERVE_RETURN_RUNS_1_BLOCK	0
APPEND_4K_1M_FREE_TREE_RESERVE_RETURN_RUNS_2_3_BLOCKS	0
APPEND_4K_1M_FREE_TREE_RESERVE_RETURN_RUNS_4_7_BLOCKS	0
APPEND_4K_1M_FREE_TREE_RESERVE_RETURN_RUNS_8_PLUS_BLOCKS	0
APPEND_4K_1M_FREE_TREE_RESERVE_RETURN_MAX_RUN_BLOCKS	0
APPEND_4K_1M_FREE_TREE_RESERVE_RETURN_MAX_NODE_WRITES_PER_RUN	0
APPEND_4K_1M_POST_PUBLISH_RECLAIM_PASSES	0
APPEND_4K_1M_MAX_POST_PUBLISH_RECLAIM_PASSES_PER_COMMIT	0
APPEND_4K_1M_SUPERBLOCK_PUBLICATIONS	0
APPEND_4K_1M_FREE_TREE_RESERVE_RETURN_RUN_NODE_WRITES	0
APPEND_4K_1M_FREE_TREE_RESERVE_RETURN_BATCH_CALLS	0
APPEND_4K_1M_FREE_TREE_RESERVE_RETURN_BATCH_BLOCKS	0
APPEND_4K_1M_FREE_TREE_RESERVE_RETURN_BATCH_NODE_WRITES	0
APPEND_4K_1M_FREE_TREE_RESERVE_RETURN_SKIP_SHAPE	0
APPEND_4K_1M_FREE_TREE_RESERVE_RETURN_SKIP_SMALL	0
APPEND_4K_1M_FREE_TREE_RESERVE_RETURN_SKIP_EMERGENCY	0
APPEND_4K_1M_FREE_TREE_RESERVE_RETURN_SKIP_CAPACITY	0
APPEND_4K_1M_SEALED_COMMITS	0
APPEND_4K_1M_SEALED_METADATA_FENCES	0
APPEND_4K_1M_BTREE_MALLOC_CALLS	0
APPEND_4K_1M_BTREE_MALLOC_SAMPLES	0
APPEND_4K_1M_BTREE_MALLOC_SAMPLE_TICKS	0
APPEND_4K_1M_BTREE_FREE_CALLS	1
APPEND_4K_1M_BTREE_FREE_SAMPLES	1
APPEND_4K_1M_BTREE_FREE_SAMPLE_TICKS	0
APPEND_4K_1M_IFACE_ALLOC_CALLS	0
APPEND_4K_1M_IFACE_ALLOC_SAMPLES	0
APPEND_4K_1M_IFACE_ALLOC_SAMPLE_TICKS	0
APPEND_4K_1M_FREESPACE_ALLOC_SAMPLES	256
APPEND_4K_1M_FREESPACE_ALLOC_SAMPLE_TICKS	12609
APPEND_4K_1M_PACKET_CALLS	258
APPEND_4K_1M_PACKET_SAMPLES	258
APPEND_4K_1M_PACKET_SAMPLE_TICKS	81073
APPEND_4K_1M_PACKET_OPEN_CALLS	1
APPEND_4K_1M_PACKET_OPEN_SAMPLES	1
APPEND_4K_1M_PACKET_OPEN_SAMPLE_TICKS	272
APPEND_4K_1M_PACKET_READ_CALLS	0
APPEND_4K_1M_PACKET_READ_SAMPLES	0
APPEND_4K_1M_PACKET_READ_SAMPLE_TICKS	0
APPEND_4K_1M_PACKET_WRITE_CALLS	256
APPEND_4K_1M_PACKET_WRITE_SAMPLES	256
APPEND_4K_1M_PACKET_WRITE_SAMPLE_TICKS	80801
APPEND_4K_1M_PACKET_END_CALLS	1
APPEND_4K_1M_PACKET_END_SAMPLES	1
APPEND_4K_1M_PACKET_END_SAMPLE_TICKS	0
APPEND_4K_1M_PACKET_DELETE_CALLS	0
APPEND_4K_1M_PACKET_DELETE_SAMPLES	0
APPEND_4K_1M_PACKET_DELETE_SAMPLE_TICKS	0
APPEND_4K_1M_PACKET_FLUSH_CALLS	0
APPEND_4K_1M_PACKET_FLUSH_SAMPLES	0
APPEND_4K_1M_PACKET_FLUSH_SAMPLE_TICKS	0
APPEND_4K_1M_PACKET_OTHER_CALLS	0
APPEND_4K_1M_PACKET_OTHER_SAMPLES	0
APPEND_4K_1M_PACKET_OTHER_SAMPLE_TICKS	0
APPEND_4K_1M_CORE_CREATE_CALLS	1
APPEND_4K_1M_CORE_CREATE_SAMPLES	1
APPEND_4K_1M_CORE_CREATE_SAMPLE_TICKS	182
APPEND_4K_1M_CORE_DELETE_CALLS	0
APPEND_4K_1M_CORE_DELETE_SAMPLES	0
APPEND_4K_1M_CORE_DELETE_SAMPLE_TICKS	0
APPEND_4K_1M_CORE_FILE_WRITE_CALLS	256
APPEND_4K_1M_CORE_FILE_WRITE_SAMPLES	256
APPEND_4K_1M_CORE_FILE_WRITE_SAMPLE_TICKS	70234
APPEND_4K_1M_CORE_SYNC_CALLS	0
APPEND_4K_1M_CORE_SYNC_SAMPLES	0
APPEND_4K_1M_CORE_SYNC_SAMPLE_TICKS	0
APPEND_4K_1M_IFACE_FREE_CALLS	0
APPEND_4K_1M_IFACE_FREE_SAMPLES	0
APPEND_4K_1M_IFACE_FREE_SAMPLE_TICKS	0
APPEND_4K_1M_SEAL_COMMIT_CALLS	0
APPEND_4K_1M_SEAL_COMMIT_SAMPLES	0
APPEND_4K_1M_SEAL_COMMIT_SAMPLE_TICKS	0
APPEND_4K_1M_INODE_READ_CALLS	515
APPEND_4K_1M_BTREE_SEARCH_CALLS	516
APPEND_4K_1M_BTREE_INDEX_HINT_HITS	258
APPEND_4K_1M_BTREE_LEAF_HINT_HITS	0
APPEND_4K_1M_CACHE_READ_CALLS	0
APPEND_4K_1M_CACHE_READ_HITS	0
APPEND_4K_1M_CACHE_READ_MISSES	0
APPEND_4K_1M_FREE_TREE_NODE_VIEWS	256
APPEND_4K_1M_FREE_TREE_RESIDENT_VIEWS	256
APPEND_4K_1M_DIR_TREE_NODE_VIEWS	1
APPEND_4K_1M_DIR_TREE_RESIDENT_VIEWS	1
APPEND_4K_1M_INODE_TREE_NODE_VIEWS	257
APPEND_4K_1M_INODE_TREE_RESIDENT_VIEWS	257
APPEND_4K_1M_REFCOUNT_TREE_NODE_VIEWS	0
APPEND_4K_1M_REFCOUNT_TREE_RESIDENT_VIEWS	0
APPEND_4K_1M_OTHER_TREE_NODE_VIEWS	0
APPEND_4K_1M_OTHER_TREE_RESIDENT_VIEWS	0
APPEND_1K_256K_US	86080
APPEND_1K_256K_BIO_READS	64
APPEND_1K_256K_BIO_WRITES	256
APPEND_1K_256K_BIO_UPDATES	0
APPEND_1K_256K_DATA_READS	64
APPEND_1K_256K_DATA_WRITES	256
APPEND_1K_256K_NODE_WRITES	0
APPEND_1K_256K_TXN_COMMITS	0
APPEND_1K_256K_FREESPACE_ALLOCS	64
APPEND_1K_256K_EXTENT_MAPS	64
APPEND_1K_256K_READ_TICKS	1894
APPEND_1K_256K_WRITE_TICKS	11555
APPEND_1K_256K_UPDATE_TICKS	0
APPEND_1K_256K_DATA_READ_TICKS	1894
APPEND_1K_256K_DATA_WRITE_TICKS	11555
APPEND_1K_256K_FREE_TREE_NODE_WRITES	0
APPEND_1K_256K_FREE_TREE_ALLOCATION_BODY_NODE_WRITES	0
APPEND_1K_256K_FREE_TREE_RESERVE_REFILL_NODE_WRITES	0
APPEND_1K_256K_FREE_TREE_RESERVE_RETURN_NODE_WRITES	0
APPEND_1K_256K_FREE_TREE_POST_PUBLISH_PENDING_RECLAIM_NODE_WRITES	0
APPEND_1K_256K_FREE_TREE_OTHER_NODE_WRITES	0
APPEND_1K_256K_DIR_TREE_NODE_WRITES	0
APPEND_1K_256K_INODE_TREE_NODE_WRITES	0
APPEND_1K_256K_REFCOUNT_TREE_NODE_WRITES	0
APPEND_1K_256K_OTHER_TREE_NODE_WRITES	0
APPEND_1K_256K_NODE_CRC_READ_CALLS	0
APPEND_1K_256K_NODE_CRC_READ_SAMPLES	0
APPEND_1K_256K_NODE_CRC_READ_SAMPLE_TICKS	0
APPEND_1K_256K_NODE_CRC_WRITE_CALLS	0
APPEND_1K_256K_NODE_CRC_WRITE_SAMPLES	0
APPEND_1K_256K_NODE_CRC_WRITE_SAMPLE_TICKS	0
APPEND_1K_256K_CLOCK_PAIR_TICKS	1
APPEND_1K_256K_FREE_TREE_RESERVE_RETURN_CALLS	0
APPEND_1K_256K_FREE_TREE_RESERVE_RETURN_RUNS	0
APPEND_1K_256K_FREE_TREE_RESERVE_RETURN_BLOCKS	0
APPEND_1K_256K_FREE_TREE_RESERVE_RETURN_RUNS_1_BLOCK	0
APPEND_1K_256K_FREE_TREE_RESERVE_RETURN_RUNS_2_3_BLOCKS	0
APPEND_1K_256K_FREE_TREE_RESERVE_RETURN_RUNS_4_7_BLOCKS	0
APPEND_1K_256K_FREE_TREE_RESERVE_RETURN_RUNS_8_PLUS_BLOCKS	0
APPEND_1K_256K_FREE_TREE_RESERVE_RETURN_MAX_RUN_BLOCKS	0
APPEND_1K_256K_FREE_TREE_RESERVE_RETURN_MAX_NODE_WRITES_PER_RUN	0
APPEND_1K_256K_POST_PUBLISH_RECLAIM_PASSES	0
APPEND_1K_256K_MAX_POST_PUBLISH_RECLAIM_PASSES_PER_COMMIT	0
APPEND_1K_256K_SUPERBLOCK_PUBLICATIONS	0
APPEND_1K_256K_FREE_TREE_RESERVE_RETURN_RUN_NODE_WRITES	0
APPEND_1K_256K_FREE_TREE_RESERVE_RETURN_BATCH_CALLS	0
APPEND_1K_256K_FREE_TREE_RESERVE_RETURN_BATCH_BLOCKS	0
APPEND_1K_256K_FREE_TREE_RESERVE_RETURN_BATCH_NODE_WRITES	0
APPEND_1K_256K_FREE_TREE_RESERVE_RETURN_SKIP_SHAPE	0
APPEND_1K_256K_FREE_TREE_RESERVE_RETURN_SKIP_SMALL	0
APPEND_1K_256K_FREE_TREE_RESERVE_RETURN_SKIP_EMERGENCY	0
APPEND_1K_256K_FREE_TREE_RESERVE_RETURN_SKIP_CAPACITY	0
APPEND_1K_256K_SEALED_COMMITS	0
APPEND_1K_256K_SEALED_METADATA_FENCES	0
APPEND_1K_256K_BTREE_MALLOC_CALLS	0
APPEND_1K_256K_BTREE_MALLOC_SAMPLES	0
APPEND_1K_256K_BTREE_MALLOC_SAMPLE_TICKS	0
APPEND_1K_256K_BTREE_FREE_CALLS	1
APPEND_1K_256K_BTREE_FREE_SAMPLES	1
APPEND_1K_256K_BTREE_FREE_SAMPLE_TICKS	0
APPEND_1K_256K_IFACE_ALLOC_CALLS	0
APPEND_1K_256K_IFACE_ALLOC_SAMPLES	0
APPEND_1K_256K_IFACE_ALLOC_SAMPLE_TICKS	0
APPEND_1K_256K_FREESPACE_ALLOC_SAMPLES	64
APPEND_1K_256K_FREESPACE_ALLOC_SAMPLE_TICKS	2759
APPEND_1K_256K_PACKET_CALLS	258
APPEND_1K_256K_PACKET_SAMPLES	258
APPEND_1K_256K_PACKET_SAMPLE_TICKS	56471
APPEND_1K_256K_PACKET_OPEN_CALLS	1
APPEND_1K_256K_PACKET_OPEN_SAMPLES	1
APPEND_1K_256K_PACKET_OPEN_SAMPLE_TICKS	181
APPEND_1K_256K_PACKET_READ_CALLS	0
APPEND_1K_256K_PACKET_READ_SAMPLES	0
APPEND_1K_256K_PACKET_READ_SAMPLE_TICKS	0
APPEND_1K_256K_PACKET_WRITE_CALLS	256
APPEND_1K_256K_PACKET_WRITE_SAMPLES	256
APPEND_1K_256K_PACKET_WRITE_SAMPLE_TICKS	56290
APPEND_1K_256K_PACKET_END_CALLS	1
APPEND_1K_256K_PACKET_END_SAMPLES	1
APPEND_1K_256K_PACKET_END_SAMPLE_TICKS	0
APPEND_1K_256K_PACKET_DELETE_CALLS	0
APPEND_1K_256K_PACKET_DELETE_SAMPLES	0
APPEND_1K_256K_PACKET_DELETE_SAMPLE_TICKS	0
APPEND_1K_256K_PACKET_FLUSH_CALLS	0
APPEND_1K_256K_PACKET_FLUSH_SAMPLES	0
APPEND_1K_256K_PACKET_FLUSH_SAMPLE_TICKS	0
APPEND_1K_256K_PACKET_OTHER_CALLS	0
APPEND_1K_256K_PACKET_OTHER_SAMPLES	0
APPEND_1K_256K_PACKET_OTHER_SAMPLE_TICKS	0
APPEND_1K_256K_CORE_CREATE_CALLS	1
APPEND_1K_256K_CORE_CREATE_SAMPLES	1
APPEND_1K_256K_CORE_CREATE_SAMPLE_TICKS	118
APPEND_1K_256K_CORE_DELETE_CALLS	0
APPEND_1K_256K_CORE_DELETE_SAMPLES	0
APPEND_1K_256K_CORE_DELETE_SAMPLE_TICKS	0
APPEND_1K_256K_CORE_FILE_WRITE_CALLS	256
APPEND_1K_256K_CORE_FILE_WRITE_SAMPLES	256
APPEND_1K_256K_CORE_FILE_WRITE_SAMPLE_TICKS	46656
APPEND_1K_256K_CORE_SYNC_CALLS	0
APPEND_1K_256K_CORE_SYNC_SAMPLES	0
APPEND_1K_256K_CORE_SYNC_SAMPLE_TICKS	0
APPEND_1K_256K_IFACE_FREE_CALLS	0
APPEND_1K_256K_IFACE_FREE_SAMPLES	0
APPEND_1K_256K_IFACE_FREE_SAMPLE_TICKS	0
APPEND_1K_256K_SEAL_COMMIT_CALLS	0
APPEND_1K_256K_SEAL_COMMIT_SAMPLES	0
APPEND_1K_256K_SEAL_COMMIT_SAMPLE_TICKS	0
APPEND_1K_256K_INODE_READ_CALLS	515
APPEND_1K_256K_BTREE_SEARCH_CALLS	516
APPEND_1K_256K_BTREE_INDEX_HINT_HITS	258
APPEND_1K_256K_BTREE_LEAF_HINT_HITS	0
APPEND_1K_256K_CACHE_READ_CALLS	192
APPEND_1K_256K_CACHE_READ_HITS	128
APPEND_1K_256K_CACHE_READ_MISSES	64
APPEND_1K_256K_FREE_TREE_NODE_VIEWS	64
APPEND_1K_256K_FREE_TREE_RESIDENT_VIEWS	64
APPEND_1K_256K_DIR_TREE_NODE_VIEWS	1
APPEND_1K_256K_DIR_TREE_RESIDENT_VIEWS	1
APPEND_1K_256K_INODE_TREE_NODE_VIEWS	257
APPEND_1K_256K_INODE_TREE_RESIDENT_VIEWS	257
APPEND_1K_256K_REFCOUNT_TREE_NODE_VIEWS	0
APPEND_1K_256K_REFCOUNT_TREE_RESIDENT_VIEWS	0
APPEND_1K_256K_OTHER_TREE_NODE_VIEWS	0
APPEND_1K_256K_OTHER_TREE_RESIDENT_VIEWS	0
APPEND_READ_1280K_US	44479
APPEND_READ_1280K_BIO_READS	50
APPEND_READ_1280K_BIO_WRITES	0
APPEND_READ_1280K_BIO_UPDATES	0
APPEND_READ_1280K_DATA_READS	50
APPEND_READ_1280K_DATA_WRITES	0
APPEND_READ_1280K_NODE_WRITES	0
APPEND_READ_1280K_TXN_COMMITS	0
APPEND_READ_1280K_FREESPACE_ALLOCS	0
APPEND_READ_1280K_EXTENT_MAPS	0
APPEND_READ_1280K_READ_TICKS	3037
APPEND_READ_1280K_WRITE_TICKS	0
APPEND_READ_1280K_UPDATE_TICKS	0
APPEND_READ_1280K_DATA_READ_TICKS	3037
APPEND_READ_1280K_DATA_WRITE_TICKS	0
APPEND_READ_1280K_FREE_TREE_NODE_WRITES	0
APPEND_READ_1280K_FREE_TREE_ALLOCATION_BODY_NODE_WRITES	0
APPEND_READ_1280K_FREE_TREE_RESERVE_REFILL_NODE_WRITES	0
APPEND_READ_1280K_FREE_TREE_RESERVE_RETURN_NODE_WRITES	0
APPEND_READ_1280K_FREE_TREE_POST_PUBLISH_PENDING_RECLAIM_NODE_WRITES	0
APPEND_READ_1280K_FREE_TREE_OTHER_NODE_WRITES	0
APPEND_READ_1280K_DIR_TREE_NODE_WRITES	0
APPEND_READ_1280K_INODE_TREE_NODE_WRITES	0
APPEND_READ_1280K_REFCOUNT_TREE_NODE_WRITES	0
APPEND_READ_1280K_OTHER_TREE_NODE_WRITES	0
APPEND_READ_1280K_NODE_CRC_READ_CALLS	0
APPEND_READ_1280K_NODE_CRC_READ_SAMPLES	0
APPEND_READ_1280K_NODE_CRC_READ_SAMPLE_TICKS	0
APPEND_READ_1280K_NODE_CRC_WRITE_CALLS	0
APPEND_READ_1280K_NODE_CRC_WRITE_SAMPLES	0
APPEND_READ_1280K_NODE_CRC_WRITE_SAMPLE_TICKS	0
APPEND_READ_1280K_CLOCK_PAIR_TICKS	0
APPEND_READ_1280K_FREE_TREE_RESERVE_RETURN_CALLS	0
APPEND_READ_1280K_FREE_TREE_RESERVE_RETURN_RUNS	0
APPEND_READ_1280K_FREE_TREE_RESERVE_RETURN_BLOCKS	0
APPEND_READ_1280K_FREE_TREE_RESERVE_RETURN_RUNS_1_BLOCK	0
APPEND_READ_1280K_FREE_TREE_RESERVE_RETURN_RUNS_2_3_BLOCKS	0
APPEND_READ_1280K_FREE_TREE_RESERVE_RETURN_RUNS_4_7_BLOCKS	0
APPEND_READ_1280K_FREE_TREE_RESERVE_RETURN_RUNS_8_PLUS_BLOCKS	0
APPEND_READ_1280K_FREE_TREE_RESERVE_RETURN_MAX_RUN_BLOCKS	0
APPEND_READ_1280K_FREE_TREE_RESERVE_RETURN_MAX_NODE_WRITES_PER_RUN	0
APPEND_READ_1280K_POST_PUBLISH_RECLAIM_PASSES	0
APPEND_READ_1280K_MAX_POST_PUBLISH_RECLAIM_PASSES_PER_COMMIT	0
APPEND_READ_1280K_SUPERBLOCK_PUBLICATIONS	0
APPEND_READ_1280K_FREE_TREE_RESERVE_RETURN_RUN_NODE_WRITES	0
APPEND_READ_1280K_FREE_TREE_RESERVE_RETURN_BATCH_CALLS	0
APPEND_READ_1280K_FREE_TREE_RESERVE_RETURN_BATCH_BLOCKS	0
APPEND_READ_1280K_FREE_TREE_RESERVE_RETURN_BATCH_NODE_WRITES	0
APPEND_READ_1280K_FREE_TREE_RESERVE_RETURN_SKIP_SHAPE	0
APPEND_READ_1280K_FREE_TREE_RESERVE_RETURN_SKIP_SMALL	0
APPEND_READ_1280K_FREE_TREE_RESERVE_RETURN_SKIP_EMERGENCY	0
APPEND_READ_1280K_FREE_TREE_RESERVE_RETURN_SKIP_CAPACITY	0
APPEND_READ_1280K_SEALED_COMMITS	0
APPEND_READ_1280K_SEALED_METADATA_FENCES	0
APPEND_READ_1280K_BTREE_MALLOC_CALLS	0
APPEND_READ_1280K_BTREE_MALLOC_SAMPLES	0
APPEND_READ_1280K_BTREE_MALLOC_SAMPLE_TICKS	0
APPEND_READ_1280K_BTREE_FREE_CALLS	0
APPEND_READ_1280K_BTREE_FREE_SAMPLES	0
APPEND_READ_1280K_BTREE_FREE_SAMPLE_TICKS	0
APPEND_READ_1280K_IFACE_ALLOC_CALLS	0
APPEND_READ_1280K_IFACE_ALLOC_SAMPLES	0
APPEND_READ_1280K_IFACE_ALLOC_SAMPLE_TICKS	0
APPEND_READ_1280K_FREESPACE_ALLOC_SAMPLES	0
APPEND_READ_1280K_FREESPACE_ALLOC_SAMPLE_TICKS	0
APPEND_READ_1280K_PACKET_CALLS	26
APPEND_READ_1280K_PACKET_SAMPLES	26
APPEND_READ_1280K_PACKET_SAMPLE_TICKS	4766
APPEND_READ_1280K_PACKET_OPEN_CALLS	2
APPEND_READ_1280K_PACKET_OPEN_SAMPLES	2
APPEND_READ_1280K_PACKET_OPEN_SAMPLE_TICKS	91
APPEND_READ_1280K_PACKET_READ_CALLS	22
APPEND_READ_1280K_PACKET_READ_SAMPLES	22
APPEND_READ_1280K_PACKET_READ_SAMPLE_TICKS	4675
APPEND_READ_1280K_PACKET_WRITE_CALLS	0
APPEND_READ_1280K_PACKET_WRITE_SAMPLES	0
APPEND_READ_1280K_PACKET_WRITE_SAMPLE_TICKS	0
APPEND_READ_1280K_PACKET_END_CALLS	2
APPEND_READ_1280K_PACKET_END_SAMPLES	2
APPEND_READ_1280K_PACKET_END_SAMPLE_TICKS	0
APPEND_READ_1280K_PACKET_DELETE_CALLS	0
APPEND_READ_1280K_PACKET_DELETE_SAMPLES	0
APPEND_READ_1280K_PACKET_DELETE_SAMPLE_TICKS	0
APPEND_READ_1280K_PACKET_FLUSH_CALLS	0
APPEND_READ_1280K_PACKET_FLUSH_SAMPLES	0
APPEND_READ_1280K_PACKET_FLUSH_SAMPLE_TICKS	0
APPEND_READ_1280K_PACKET_OTHER_CALLS	0
APPEND_READ_1280K_PACKET_OTHER_SAMPLES	0
APPEND_READ_1280K_PACKET_OTHER_SAMPLE_TICKS	0
APPEND_READ_1280K_CORE_CREATE_CALLS	0
APPEND_READ_1280K_CORE_CREATE_SAMPLES	0
APPEND_READ_1280K_CORE_CREATE_SAMPLE_TICKS	0
APPEND_READ_1280K_CORE_DELETE_CALLS	0
APPEND_READ_1280K_CORE_DELETE_SAMPLES	0
APPEND_READ_1280K_CORE_DELETE_SAMPLE_TICKS	0
APPEND_READ_1280K_CORE_FILE_WRITE_CALLS	0
APPEND_READ_1280K_CORE_FILE_WRITE_SAMPLES	0
APPEND_READ_1280K_CORE_FILE_WRITE_SAMPLE_TICKS	0
APPEND_READ_1280K_CORE_SYNC_CALLS	0
APPEND_READ_1280K_CORE_SYNC_SAMPLES	0
APPEND_READ_1280K_CORE_SYNC_SAMPLE_TICKS	0
APPEND_READ_1280K_IFACE_FREE_CALLS	0
APPEND_READ_1280K_IFACE_FREE_SAMPLES	0
APPEND_READ_1280K_IFACE_FREE_SAMPLE_TICKS	0
APPEND_READ_1280K_SEAL_COMMIT_CALLS	0
APPEND_READ_1280K_SEAL_COMMIT_SAMPLES	0
APPEND_READ_1280K_SEAL_COMMIT_SAMPLE_TICKS	0
APPEND_READ_1280K_INODE_READ_CALLS	48
APPEND_READ_1280K_BTREE_SEARCH_CALLS	50
APPEND_READ_1280K_BTREE_INDEX_HINT_HITS	46
APPEND_READ_1280K_BTREE_LEAF_HINT_HITS	2
APPEND_READ_1280K_CACHE_READ_CALLS	32
APPEND_READ_1280K_CACHE_READ_HITS	0
APPEND_READ_1280K_CACHE_READ_MISSES	32
APPEND_READ_1280K_FREE_TREE_NODE_VIEWS	0
APPEND_READ_1280K_FREE_TREE_RESIDENT_VIEWS	0
APPEND_READ_1280K_DIR_TREE_NODE_VIEWS	1
APPEND_READ_1280K_DIR_TREE_RESIDENT_VIEWS	1
APPEND_READ_1280K_INODE_TREE_NODE_VIEWS	1
APPEND_READ_1280K_INODE_TREE_RESIDENT_VIEWS	1
APPEND_READ_1280K_REFCOUNT_TREE_NODE_VIEWS	0
APPEND_READ_1280K_REFCOUNT_TREE_RESIDENT_VIEWS	0
APPEND_READ_1280K_OTHER_TREE_NODE_VIEWS	0
APPEND_READ_1280K_OTHER_TREE_RESIDENT_VIEWS	0
LIST_EXNEXT_40_ENTRIES_FIRST_PASS_US	14143
LIST_EXNEXT_40_ENTRIES_FIRST_PASS_BIO_READS	7
LIST_EXNEXT_40_ENTRIES_FIRST_PASS_BIO_WRITES	0
LIST_EXNEXT_40_ENTRIES_FIRST_PASS_BIO_UPDATES	0
LIST_EXNEXT_40_ENTRIES_FIRST_PASS_DATA_READS	0
LIST_EXNEXT_40_ENTRIES_FIRST_PASS_DATA_WRITES	0
LIST_EXNEXT_40_ENTRIES_FIRST_PASS_NODE_WRITES	0
LIST_EXNEXT_40_ENTRIES_FIRST_PASS_TXN_COMMITS	0
LIST_EXNEXT_40_ENTRIES_FIRST_PASS_FREESPACE_ALLOCS	0
LIST_EXNEXT_40_ENTRIES_FIRST_PASS_EXTENT_MAPS	0
LIST_EXNEXT_40_ENTRIES_FIRST_PASS_READ_TICKS	584
LIST_EXNEXT_40_ENTRIES_FIRST_PASS_WRITE_TICKS	0
LIST_EXNEXT_40_ENTRIES_FIRST_PASS_UPDATE_TICKS	0
LIST_EXNEXT_40_ENTRIES_FIRST_PASS_DATA_READ_TICKS	0
LIST_EXNEXT_40_ENTRIES_FIRST_PASS_DATA_WRITE_TICKS	0
LIST_EXNEXT_40_ENTRIES_FIRST_PASS_FREE_TREE_NODE_WRITES	0
LIST_EXNEXT_40_ENTRIES_FIRST_PASS_FREE_TREE_ALLOCATION_BODY_NODE_WRITES	0
LIST_EXNEXT_40_ENTRIES_FIRST_PASS_FREE_TREE_RESERVE_REFILL_NODE_WRITES	0
LIST_EXNEXT_40_ENTRIES_FIRST_PASS_FREE_TREE_RESERVE_RETURN_NODE_WRITES	0
LIST_EXNEXT_40_ENTRIES_FIRST_PASS_FREE_TREE_POST_PUBLISH_PENDING_RECLAIM_NODE_WRITES	0
LIST_EXNEXT_40_ENTRIES_FIRST_PASS_FREE_TREE_OTHER_NODE_WRITES	0
LIST_EXNEXT_40_ENTRIES_FIRST_PASS_DIR_TREE_NODE_WRITES	0
LIST_EXNEXT_40_ENTRIES_FIRST_PASS_INODE_TREE_NODE_WRITES	0
LIST_EXNEXT_40_ENTRIES_FIRST_PASS_REFCOUNT_TREE_NODE_WRITES	0
LIST_EXNEXT_40_ENTRIES_FIRST_PASS_OTHER_TREE_NODE_WRITES	0
LIST_EXNEXT_40_ENTRIES_FIRST_PASS_NODE_CRC_READ_CALLS	7
LIST_EXNEXT_40_ENTRIES_FIRST_PASS_NODE_CRC_READ_SAMPLES	0
LIST_EXNEXT_40_ENTRIES_FIRST_PASS_NODE_CRC_READ_SAMPLE_TICKS	0
LIST_EXNEXT_40_ENTRIES_FIRST_PASS_NODE_CRC_WRITE_CALLS	0
LIST_EXNEXT_40_ENTRIES_FIRST_PASS_NODE_CRC_WRITE_SAMPLES	0
LIST_EXNEXT_40_ENTRIES_FIRST_PASS_NODE_CRC_WRITE_SAMPLE_TICKS	0
LIST_EXNEXT_40_ENTRIES_FIRST_PASS_CLOCK_PAIR_TICKS	1
LIST_EXNEXT_40_ENTRIES_FIRST_PASS_FREE_TREE_RESERVE_RETURN_CALLS	0
LIST_EXNEXT_40_ENTRIES_FIRST_PASS_FREE_TREE_RESERVE_RETURN_RUNS	0
LIST_EXNEXT_40_ENTRIES_FIRST_PASS_FREE_TREE_RESERVE_RETURN_BLOCKS	0
LIST_EXNEXT_40_ENTRIES_FIRST_PASS_FREE_TREE_RESERVE_RETURN_RUNS_1_BLOCK	0
LIST_EXNEXT_40_ENTRIES_FIRST_PASS_FREE_TREE_RESERVE_RETURN_RUNS_2_3_BLOCKS	0
LIST_EXNEXT_40_ENTRIES_FIRST_PASS_FREE_TREE_RESERVE_RETURN_RUNS_4_7_BLOCKS	0
LIST_EXNEXT_40_ENTRIES_FIRST_PASS_FREE_TREE_RESERVE_RETURN_RUNS_8_PLUS_BLOCKS	0
LIST_EXNEXT_40_ENTRIES_FIRST_PASS_FREE_TREE_RESERVE_RETURN_MAX_RUN_BLOCKS	0
LIST_EXNEXT_40_ENTRIES_FIRST_PASS_FREE_TREE_RESERVE_RETURN_MAX_NODE_WRITES_PER_RUN	0
LIST_EXNEXT_40_ENTRIES_FIRST_PASS_POST_PUBLISH_RECLAIM_PASSES	0
LIST_EXNEXT_40_ENTRIES_FIRST_PASS_MAX_POST_PUBLISH_RECLAIM_PASSES_PER_COMMIT	0
LIST_EXNEXT_40_ENTRIES_FIRST_PASS_SUPERBLOCK_PUBLICATIONS	0
LIST_EXNEXT_40_ENTRIES_FIRST_PASS_FREE_TREE_RESERVE_RETURN_RUN_NODE_WRITES	0
LIST_EXNEXT_40_ENTRIES_FIRST_PASS_FREE_TREE_RESERVE_RETURN_BATCH_CALLS	0
LIST_EXNEXT_40_ENTRIES_FIRST_PASS_FREE_TREE_RESERVE_RETURN_BATCH_BLOCKS	0
LIST_EXNEXT_40_ENTRIES_FIRST_PASS_FREE_TREE_RESERVE_RETURN_BATCH_NODE_WRITES	0
LIST_EXNEXT_40_ENTRIES_FIRST_PASS_FREE_TREE_RESERVE_RETURN_SKIP_SHAPE	0
LIST_EXNEXT_40_ENTRIES_FIRST_PASS_FREE_TREE_RESERVE_RETURN_SKIP_SMALL	0
LIST_EXNEXT_40_ENTRIES_FIRST_PASS_FREE_TREE_RESERVE_RETURN_SKIP_EMERGENCY	0
LIST_EXNEXT_40_ENTRIES_FIRST_PASS_FREE_TREE_RESERVE_RETURN_SKIP_CAPACITY	0
LIST_EXNEXT_40_ENTRIES_FIRST_PASS_SEALED_COMMITS	0
LIST_EXNEXT_40_ENTRIES_FIRST_PASS_SEALED_METADATA_FENCES	0
LIST_EXNEXT_40_ENTRIES_FIRST_PASS_BTREE_MALLOC_CALLS	5
LIST_EXNEXT_40_ENTRIES_FIRST_PASS_BTREE_MALLOC_SAMPLES	5
LIST_EXNEXT_40_ENTRIES_FIRST_PASS_BTREE_MALLOC_SAMPLE_TICKS	122
LIST_EXNEXT_40_ENTRIES_FIRST_PASS_BTREE_FREE_CALLS	43
LIST_EXNEXT_40_ENTRIES_FIRST_PASS_BTREE_FREE_SAMPLES	43
LIST_EXNEXT_40_ENTRIES_FIRST_PASS_BTREE_FREE_SAMPLE_TICKS	134
LIST_EXNEXT_40_ENTRIES_FIRST_PASS_IFACE_ALLOC_CALLS	0
LIST_EXNEXT_40_ENTRIES_FIRST_PASS_IFACE_ALLOC_SAMPLES	0
LIST_EXNEXT_40_ENTRIES_FIRST_PASS_IFACE_ALLOC_SAMPLE_TICKS	0
LIST_EXNEXT_40_ENTRIES_FIRST_PASS_FREESPACE_ALLOC_SAMPLES	0
LIST_EXNEXT_40_ENTRIES_FIRST_PASS_FREESPACE_ALLOC_SAMPLE_TICKS	0
LIST_EXNEXT_40_ENTRIES_FIRST_PASS_PACKET_CALLS	44
LIST_EXNEXT_40_ENTRIES_FIRST_PASS_PACKET_SAMPLES	44
LIST_EXNEXT_40_ENTRIES_FIRST_PASS_PACKET_SAMPLE_TICKS	8022
LIST_EXNEXT_40_ENTRIES_FIRST_PASS_PACKET_OPEN_CALLS	0
LIST_EXNEXT_40_ENTRIES_FIRST_PASS_PACKET_OPEN_SAMPLES	0
LIST_EXNEXT_40_ENTRIES_FIRST_PASS_PACKET_OPEN_SAMPLE_TICKS	0
LIST_EXNEXT_40_ENTRIES_FIRST_PASS_PACKET_READ_CALLS	0
LIST_EXNEXT_40_ENTRIES_FIRST_PASS_PACKET_READ_SAMPLES	0
LIST_EXNEXT_40_ENTRIES_FIRST_PASS_PACKET_READ_SAMPLE_TICKS	0
LIST_EXNEXT_40_ENTRIES_FIRST_PASS_PACKET_WRITE_CALLS	0
LIST_EXNEXT_40_ENTRIES_FIRST_PASS_PACKET_WRITE_SAMPLES	0
LIST_EXNEXT_40_ENTRIES_FIRST_PASS_PACKET_WRITE_SAMPLE_TICKS	0
LIST_EXNEXT_40_ENTRIES_FIRST_PASS_PACKET_END_CALLS	0
LIST_EXNEXT_40_ENTRIES_FIRST_PASS_PACKET_END_SAMPLES	0
LIST_EXNEXT_40_ENTRIES_FIRST_PASS_PACKET_END_SAMPLE_TICKS	0
LIST_EXNEXT_40_ENTRIES_FIRST_PASS_PACKET_DELETE_CALLS	0
LIST_EXNEXT_40_ENTRIES_FIRST_PASS_PACKET_DELETE_SAMPLES	0
LIST_EXNEXT_40_ENTRIES_FIRST_PASS_PACKET_DELETE_SAMPLE_TICKS	0
LIST_EXNEXT_40_ENTRIES_FIRST_PASS_PACKET_FLUSH_CALLS	0
LIST_EXNEXT_40_ENTRIES_FIRST_PASS_PACKET_FLUSH_SAMPLES	0
LIST_EXNEXT_40_ENTRIES_FIRST_PASS_PACKET_FLUSH_SAMPLE_TICKS	0
LIST_EXNEXT_40_ENTRIES_FIRST_PASS_PACKET_OTHER_CALLS	44
LIST_EXNEXT_40_ENTRIES_FIRST_PASS_PACKET_OTHER_SAMPLES	44
LIST_EXNEXT_40_ENTRIES_FIRST_PASS_PACKET_OTHER_SAMPLE_TICKS	8022
LIST_EXNEXT_40_ENTRIES_FIRST_PASS_CORE_CREATE_CALLS	0
LIST_EXNEXT_40_ENTRIES_FIRST_PASS_CORE_CREATE_SAMPLES	0
LIST_EXNEXT_40_ENTRIES_FIRST_PASS_CORE_CREATE_SAMPLE_TICKS	0
LIST_EXNEXT_40_ENTRIES_FIRST_PASS_CORE_DELETE_CALLS	0
LIST_EXNEXT_40_ENTRIES_FIRST_PASS_CORE_DELETE_SAMPLES	0
LIST_EXNEXT_40_ENTRIES_FIRST_PASS_CORE_DELETE_SAMPLE_TICKS	0
LIST_EXNEXT_40_ENTRIES_FIRST_PASS_CORE_FILE_WRITE_CALLS	0
LIST_EXNEXT_40_ENTRIES_FIRST_PASS_CORE_FILE_WRITE_SAMPLES	0
LIST_EXNEXT_40_ENTRIES_FIRST_PASS_CORE_FILE_WRITE_SAMPLE_TICKS	0
LIST_EXNEXT_40_ENTRIES_FIRST_PASS_CORE_SYNC_CALLS	0
LIST_EXNEXT_40_ENTRIES_FIRST_PASS_CORE_SYNC_SAMPLES	0
LIST_EXNEXT_40_ENTRIES_FIRST_PASS_CORE_SYNC_SAMPLE_TICKS	0
LIST_EXNEXT_40_ENTRIES_FIRST_PASS_IFACE_FREE_CALLS	0
LIST_EXNEXT_40_ENTRIES_FIRST_PASS_IFACE_FREE_SAMPLES	0
LIST_EXNEXT_40_ENTRIES_FIRST_PASS_IFACE_FREE_SAMPLE_TICKS	0
LIST_EXNEXT_40_ENTRIES_FIRST_PASS_SEAL_COMMIT_CALLS	0
LIST_EXNEXT_40_ENTRIES_FIRST_PASS_SEAL_COMMIT_SAMPLES	0
LIST_EXNEXT_40_ENTRIES_FIRST_PASS_SEAL_COMMIT_SAMPLE_TICKS	0
LIST_EXNEXT_40_ENTRIES_FIRST_PASS_INODE_READ_CALLS	41
LIST_EXNEXT_40_ENTRIES_FIRST_PASS_BTREE_SEARCH_CALLS	42
LIST_EXNEXT_40_ENTRIES_FIRST_PASS_BTREE_INDEX_HINT_HITS	0
LIST_EXNEXT_40_ENTRIES_FIRST_PASS_BTREE_LEAF_HINT_HITS	30
LIST_EXNEXT_40_ENTRIES_FIRST_PASS_CACHE_READ_CALLS	9
LIST_EXNEXT_40_ENTRIES_FIRST_PASS_CACHE_READ_HITS	2
LIST_EXNEXT_40_ENTRIES_FIRST_PASS_CACHE_READ_MISSES	7
LIST_EXNEXT_40_ENTRIES_FIRST_PASS_FREE_TREE_NODE_VIEWS	0
LIST_EXNEXT_40_ENTRIES_FIRST_PASS_FREE_TREE_RESIDENT_VIEWS	0
LIST_EXNEXT_40_ENTRIES_FIRST_PASS_DIR_TREE_NODE_VIEWS	36
LIST_EXNEXT_40_ENTRIES_FIRST_PASS_DIR_TREE_RESIDENT_VIEWS	30
LIST_EXNEXT_40_ENTRIES_FIRST_PASS_INODE_TREE_NODE_VIEWS	22
LIST_EXNEXT_40_ENTRIES_FIRST_PASS_INODE_TREE_RESIDENT_VIEWS	19
LIST_EXNEXT_40_ENTRIES_FIRST_PASS_REFCOUNT_TREE_NODE_VIEWS	0
LIST_EXNEXT_40_ENTRIES_FIRST_PASS_REFCOUNT_TREE_RESIDENT_VIEWS	0
LIST_EXNEXT_40_ENTRIES_FIRST_PASS_OTHER_TREE_NODE_VIEWS	0
LIST_EXNEXT_40_ENTRIES_FIRST_PASS_OTHER_TREE_RESIDENT_VIEWS	0
LIST_EXNEXT_40_ENTRIES_REPEAT10_TOTAL_US	38655
LIST_EXNEXT_40_ENTRIES_REPEAT10_TOTAL_BIO_READS	0
LIST_EXNEXT_40_ENTRIES_REPEAT10_TOTAL_BIO_WRITES	0
LIST_EXNEXT_40_ENTRIES_REPEAT10_TOTAL_BIO_UPDATES	0
LIST_EXNEXT_40_ENTRIES_REPEAT10_TOTAL_DATA_READS	0
LIST_EXNEXT_40_ENTRIES_REPEAT10_TOTAL_DATA_WRITES	0
LIST_EXNEXT_40_ENTRIES_REPEAT10_TOTAL_NODE_WRITES	0
LIST_EXNEXT_40_ENTRIES_REPEAT10_TOTAL_TXN_COMMITS	0
LIST_EXNEXT_40_ENTRIES_REPEAT10_TOTAL_FREESPACE_ALLOCS	0
LIST_EXNEXT_40_ENTRIES_REPEAT10_TOTAL_EXTENT_MAPS	0
LIST_EXNEXT_40_ENTRIES_REPEAT10_TOTAL_READ_TICKS	0
LIST_EXNEXT_40_ENTRIES_REPEAT10_TOTAL_WRITE_TICKS	0
LIST_EXNEXT_40_ENTRIES_REPEAT10_TOTAL_UPDATE_TICKS	0
LIST_EXNEXT_40_ENTRIES_REPEAT10_TOTAL_DATA_READ_TICKS	0
LIST_EXNEXT_40_ENTRIES_REPEAT10_TOTAL_DATA_WRITE_TICKS	0
LIST_EXNEXT_40_ENTRIES_REPEAT10_TOTAL_FREE_TREE_NODE_WRITES	0
LIST_EXNEXT_40_ENTRIES_REPEAT10_TOTAL_FREE_TREE_ALLOCATION_BODY_NODE_WRITES	0
LIST_EXNEXT_40_ENTRIES_REPEAT10_TOTAL_FREE_TREE_RESERVE_REFILL_NODE_WRITES	0
LIST_EXNEXT_40_ENTRIES_REPEAT10_TOTAL_FREE_TREE_RESERVE_RETURN_NODE_WRITES	0
LIST_EXNEXT_40_ENTRIES_REPEAT10_TOTAL_FREE_TREE_POST_PUBLISH_PENDING_RECLAIM_NODE_WRITES	0
LIST_EXNEXT_40_ENTRIES_REPEAT10_TOTAL_FREE_TREE_OTHER_NODE_WRITES	0
LIST_EXNEXT_40_ENTRIES_REPEAT10_TOTAL_DIR_TREE_NODE_WRITES	0
LIST_EXNEXT_40_ENTRIES_REPEAT10_TOTAL_INODE_TREE_NODE_WRITES	0
LIST_EXNEXT_40_ENTRIES_REPEAT10_TOTAL_REFCOUNT_TREE_NODE_WRITES	0
LIST_EXNEXT_40_ENTRIES_REPEAT10_TOTAL_OTHER_TREE_NODE_WRITES	0
LIST_EXNEXT_40_ENTRIES_REPEAT10_TOTAL_NODE_CRC_READ_CALLS	0
LIST_EXNEXT_40_ENTRIES_REPEAT10_TOTAL_NODE_CRC_READ_SAMPLES	0
LIST_EXNEXT_40_ENTRIES_REPEAT10_TOTAL_NODE_CRC_READ_SAMPLE_TICKS	0
LIST_EXNEXT_40_ENTRIES_REPEAT10_TOTAL_NODE_CRC_WRITE_CALLS	0
LIST_EXNEXT_40_ENTRIES_REPEAT10_TOTAL_NODE_CRC_WRITE_SAMPLES	0
LIST_EXNEXT_40_ENTRIES_REPEAT10_TOTAL_NODE_CRC_WRITE_SAMPLE_TICKS	0
LIST_EXNEXT_40_ENTRIES_REPEAT10_TOTAL_CLOCK_PAIR_TICKS	1
LIST_EXNEXT_40_ENTRIES_REPEAT10_TOTAL_FREE_TREE_RESERVE_RETURN_CALLS	0
LIST_EXNEXT_40_ENTRIES_REPEAT10_TOTAL_FREE_TREE_RESERVE_RETURN_RUNS	0
LIST_EXNEXT_40_ENTRIES_REPEAT10_TOTAL_FREE_TREE_RESERVE_RETURN_BLOCKS	0
LIST_EXNEXT_40_ENTRIES_REPEAT10_TOTAL_FREE_TREE_RESERVE_RETURN_RUNS_1_BLOCK	0
LIST_EXNEXT_40_ENTRIES_REPEAT10_TOTAL_FREE_TREE_RESERVE_RETURN_RUNS_2_3_BLOCKS	0
LIST_EXNEXT_40_ENTRIES_REPEAT10_TOTAL_FREE_TREE_RESERVE_RETURN_RUNS_4_7_BLOCKS	0
LIST_EXNEXT_40_ENTRIES_REPEAT10_TOTAL_FREE_TREE_RESERVE_RETURN_RUNS_8_PLUS_BLOCKS	0
LIST_EXNEXT_40_ENTRIES_REPEAT10_TOTAL_FREE_TREE_RESERVE_RETURN_MAX_RUN_BLOCKS	0
LIST_EXNEXT_40_ENTRIES_REPEAT10_TOTAL_FREE_TREE_RESERVE_RETURN_MAX_NODE_WRITES_PER_RUN	0
LIST_EXNEXT_40_ENTRIES_REPEAT10_TOTAL_POST_PUBLISH_RECLAIM_PASSES	0
LIST_EXNEXT_40_ENTRIES_REPEAT10_TOTAL_MAX_POST_PUBLISH_RECLAIM_PASSES_PER_COMMIT	0
LIST_EXNEXT_40_ENTRIES_REPEAT10_TOTAL_SUPERBLOCK_PUBLICATIONS	0
LIST_EXNEXT_40_ENTRIES_REPEAT10_TOTAL_FREE_TREE_RESERVE_RETURN_RUN_NODE_WRITES	0
LIST_EXNEXT_40_ENTRIES_REPEAT10_TOTAL_FREE_TREE_RESERVE_RETURN_BATCH_CALLS	0
LIST_EXNEXT_40_ENTRIES_REPEAT10_TOTAL_FREE_TREE_RESERVE_RETURN_BATCH_BLOCKS	0
LIST_EXNEXT_40_ENTRIES_REPEAT10_TOTAL_FREE_TREE_RESERVE_RETURN_BATCH_NODE_WRITES	0
LIST_EXNEXT_40_ENTRIES_REPEAT10_TOTAL_FREE_TREE_RESERVE_RETURN_SKIP_SHAPE	0
LIST_EXNEXT_40_ENTRIES_REPEAT10_TOTAL_FREE_TREE_RESERVE_RETURN_SKIP_SMALL	0
LIST_EXNEXT_40_ENTRIES_REPEAT10_TOTAL_FREE_TREE_RESERVE_RETURN_SKIP_EMERGENCY	0
LIST_EXNEXT_40_ENTRIES_REPEAT10_TOTAL_FREE_TREE_RESERVE_RETURN_SKIP_CAPACITY	0
LIST_EXNEXT_40_ENTRIES_REPEAT10_TOTAL_SEALED_COMMITS	0
LIST_EXNEXT_40_ENTRIES_REPEAT10_TOTAL_SEALED_METADATA_FENCES	0
LIST_EXNEXT_40_ENTRIES_REPEAT10_TOTAL_BTREE_MALLOC_CALLS	41
LIST_EXNEXT_40_ENTRIES_REPEAT10_TOTAL_BTREE_MALLOC_SAMPLES	41
LIST_EXNEXT_40_ENTRIES_REPEAT10_TOTAL_BTREE_MALLOC_SAMPLE_TICKS	215
LIST_EXNEXT_40_ENTRIES_REPEAT10_TOTAL_BTREE_FREE_CALLS	421
LIST_EXNEXT_40_ENTRIES_REPEAT10_TOTAL_BTREE_FREE_SAMPLES	421
LIST_EXNEXT_40_ENTRIES_REPEAT10_TOTAL_BTREE_FREE_SAMPLE_TICKS	649
LIST_EXNEXT_40_ENTRIES_REPEAT10_TOTAL_IFACE_ALLOC_CALLS	0
LIST_EXNEXT_40_ENTRIES_REPEAT10_TOTAL_IFACE_ALLOC_SAMPLES	0
LIST_EXNEXT_40_ENTRIES_REPEAT10_TOTAL_IFACE_ALLOC_SAMPLE_TICKS	0
LIST_EXNEXT_40_ENTRIES_REPEAT10_TOTAL_FREESPACE_ALLOC_SAMPLES	0
LIST_EXNEXT_40_ENTRIES_REPEAT10_TOTAL_FREESPACE_ALLOC_SAMPLE_TICKS	0
LIST_EXNEXT_40_ENTRIES_REPEAT10_TOTAL_PACKET_CALLS	422
LIST_EXNEXT_40_ENTRIES_REPEAT10_TOTAL_PACKET_SAMPLES	422
LIST_EXNEXT_40_ENTRIES_REPEAT10_TOTAL_PACKET_SAMPLE_TICKS	19149
LIST_EXNEXT_40_ENTRIES_REPEAT10_TOTAL_PACKET_OPEN_CALLS	0
LIST_EXNEXT_40_ENTRIES_REPEAT10_TOTAL_PACKET_OPEN_SAMPLES	0
LIST_EXNEXT_40_ENTRIES_REPEAT10_TOTAL_PACKET_OPEN_SAMPLE_TICKS	0
LIST_EXNEXT_40_ENTRIES_REPEAT10_TOTAL_PACKET_READ_CALLS	0
LIST_EXNEXT_40_ENTRIES_REPEAT10_TOTAL_PACKET_READ_SAMPLES	0
LIST_EXNEXT_40_ENTRIES_REPEAT10_TOTAL_PACKET_READ_SAMPLE_TICKS	0
LIST_EXNEXT_40_ENTRIES_REPEAT10_TOTAL_PACKET_WRITE_CALLS	0
LIST_EXNEXT_40_ENTRIES_REPEAT10_TOTAL_PACKET_WRITE_SAMPLES	0
LIST_EXNEXT_40_ENTRIES_REPEAT10_TOTAL_PACKET_WRITE_SAMPLE_TICKS	0
LIST_EXNEXT_40_ENTRIES_REPEAT10_TOTAL_PACKET_END_CALLS	0
LIST_EXNEXT_40_ENTRIES_REPEAT10_TOTAL_PACKET_END_SAMPLES	0
LIST_EXNEXT_40_ENTRIES_REPEAT10_TOTAL_PACKET_END_SAMPLE_TICKS	0
LIST_EXNEXT_40_ENTRIES_REPEAT10_TOTAL_PACKET_DELETE_CALLS	0
LIST_EXNEXT_40_ENTRIES_REPEAT10_TOTAL_PACKET_DELETE_SAMPLES	0
LIST_EXNEXT_40_ENTRIES_REPEAT10_TOTAL_PACKET_DELETE_SAMPLE_TICKS	0
LIST_EXNEXT_40_ENTRIES_REPEAT10_TOTAL_PACKET_FLUSH_CALLS	0
LIST_EXNEXT_40_ENTRIES_REPEAT10_TOTAL_PACKET_FLUSH_SAMPLES	0
LIST_EXNEXT_40_ENTRIES_REPEAT10_TOTAL_PACKET_FLUSH_SAMPLE_TICKS	0
LIST_EXNEXT_40_ENTRIES_REPEAT10_TOTAL_PACKET_OTHER_CALLS	422
LIST_EXNEXT_40_ENTRIES_REPEAT10_TOTAL_PACKET_OTHER_SAMPLES	422
LIST_EXNEXT_40_ENTRIES_REPEAT10_TOTAL_PACKET_OTHER_SAMPLE_TICKS	19149
LIST_EXNEXT_40_ENTRIES_REPEAT10_TOTAL_CORE_CREATE_CALLS	0
LIST_EXNEXT_40_ENTRIES_REPEAT10_TOTAL_CORE_CREATE_SAMPLES	0
LIST_EXNEXT_40_ENTRIES_REPEAT10_TOTAL_CORE_CREATE_SAMPLE_TICKS	0
LIST_EXNEXT_40_ENTRIES_REPEAT10_TOTAL_CORE_DELETE_CALLS	0
LIST_EXNEXT_40_ENTRIES_REPEAT10_TOTAL_CORE_DELETE_SAMPLES	0
LIST_EXNEXT_40_ENTRIES_REPEAT10_TOTAL_CORE_DELETE_SAMPLE_TICKS	0
LIST_EXNEXT_40_ENTRIES_REPEAT10_TOTAL_CORE_FILE_WRITE_CALLS	0
LIST_EXNEXT_40_ENTRIES_REPEAT10_TOTAL_CORE_FILE_WRITE_SAMPLES	0
LIST_EXNEXT_40_ENTRIES_REPEAT10_TOTAL_CORE_FILE_WRITE_SAMPLE_TICKS	0
LIST_EXNEXT_40_ENTRIES_REPEAT10_TOTAL_CORE_SYNC_CALLS	0
LIST_EXNEXT_40_ENTRIES_REPEAT10_TOTAL_CORE_SYNC_SAMPLES	0
LIST_EXNEXT_40_ENTRIES_REPEAT10_TOTAL_CORE_SYNC_SAMPLE_TICKS	0
LIST_EXNEXT_40_ENTRIES_REPEAT10_TOTAL_IFACE_FREE_CALLS	0
LIST_EXNEXT_40_ENTRIES_REPEAT10_TOTAL_IFACE_FREE_SAMPLES	0
LIST_EXNEXT_40_ENTRIES_REPEAT10_TOTAL_IFACE_FREE_SAMPLE_TICKS	0
LIST_EXNEXT_40_ENTRIES_REPEAT10_TOTAL_SEAL_COMMIT_CALLS	0
LIST_EXNEXT_40_ENTRIES_REPEAT10_TOTAL_SEAL_COMMIT_SAMPLES	0
LIST_EXNEXT_40_ENTRIES_REPEAT10_TOTAL_SEAL_COMMIT_SAMPLE_TICKS	0
LIST_EXNEXT_40_ENTRIES_REPEAT10_TOTAL_INODE_READ_CALLS	410
LIST_EXNEXT_40_ENTRIES_REPEAT10_TOTAL_BTREE_SEARCH_CALLS	411
LIST_EXNEXT_40_ENTRIES_REPEAT10_TOTAL_BTREE_INDEX_HINT_HITS	370
LIST_EXNEXT_40_ENTRIES_REPEAT10_TOTAL_BTREE_LEAF_HINT_HITS	21
LIST_EXNEXT_40_ENTRIES_REPEAT10_TOTAL_CACHE_READ_CALLS	0
LIST_EXNEXT_40_ENTRIES_REPEAT10_TOTAL_CACHE_READ_HITS	0
LIST_EXNEXT_40_ENTRIES_REPEAT10_TOTAL_CACHE_READ_MISSES	0
LIST_EXNEXT_40_ENTRIES_REPEAT10_TOTAL_FREE_TREE_NODE_VIEWS	0
LIST_EXNEXT_40_ENTRIES_REPEAT10_TOTAL_FREE_TREE_RESIDENT_VIEWS	0
LIST_EXNEXT_40_ENTRIES_REPEAT10_TOTAL_DIR_TREE_NODE_VIEWS	320
LIST_EXNEXT_40_ENTRIES_REPEAT10_TOTAL_DIR_TREE_RESIDENT_VIEWS	320
LIST_EXNEXT_40_ENTRIES_REPEAT10_TOTAL_INODE_TREE_NODE_VIEWS	40
LIST_EXNEXT_40_ENTRIES_REPEAT10_TOTAL_INODE_TREE_RESIDENT_VIEWS	40
LIST_EXNEXT_40_ENTRIES_REPEAT10_TOTAL_REFCOUNT_TREE_NODE_VIEWS	0
LIST_EXNEXT_40_ENTRIES_REPEAT10_TOTAL_REFCOUNT_TREE_RESIDENT_VIEWS	0
LIST_EXNEXT_40_ENTRIES_REPEAT10_TOTAL_OTHER_TREE_NODE_VIEWS	0
LIST_EXNEXT_40_ENTRIES_REPEAT10_TOTAL_OTHER_TREE_RESIDENT_VIEWS	0
LIST_EXALL_40_ENTRIES_FIRST_PASS_US	5183
LIST_EXALL_40_ENTRIES_FIRST_PASS_BIO_READS	7
LIST_EXALL_40_ENTRIES_FIRST_PASS_BIO_WRITES	0
LIST_EXALL_40_ENTRIES_FIRST_PASS_BIO_UPDATES	0
LIST_EXALL_40_ENTRIES_FIRST_PASS_DATA_READS	0
LIST_EXALL_40_ENTRIES_FIRST_PASS_DATA_WRITES	0
LIST_EXALL_40_ENTRIES_FIRST_PASS_NODE_WRITES	0
LIST_EXALL_40_ENTRIES_FIRST_PASS_TXN_COMMITS	0
LIST_EXALL_40_ENTRIES_FIRST_PASS_FREESPACE_ALLOCS	0
LIST_EXALL_40_ENTRIES_FIRST_PASS_EXTENT_MAPS	0
LIST_EXALL_40_ENTRIES_FIRST_PASS_READ_TICKS	1034
LIST_EXALL_40_ENTRIES_FIRST_PASS_WRITE_TICKS	0
LIST_EXALL_40_ENTRIES_FIRST_PASS_UPDATE_TICKS	0
LIST_EXALL_40_ENTRIES_FIRST_PASS_DATA_READ_TICKS	0
LIST_EXALL_40_ENTRIES_FIRST_PASS_DATA_WRITE_TICKS	0
LIST_EXALL_40_ENTRIES_FIRST_PASS_FREE_TREE_NODE_WRITES	0
LIST_EXALL_40_ENTRIES_FIRST_PASS_FREE_TREE_ALLOCATION_BODY_NODE_WRITES	0
LIST_EXALL_40_ENTRIES_FIRST_PASS_FREE_TREE_RESERVE_REFILL_NODE_WRITES	0
LIST_EXALL_40_ENTRIES_FIRST_PASS_FREE_TREE_RESERVE_RETURN_NODE_WRITES	0
LIST_EXALL_40_ENTRIES_FIRST_PASS_FREE_TREE_POST_PUBLISH_PENDING_RECLAIM_NODE_WRITES	0
LIST_EXALL_40_ENTRIES_FIRST_PASS_FREE_TREE_OTHER_NODE_WRITES	0
LIST_EXALL_40_ENTRIES_FIRST_PASS_DIR_TREE_NODE_WRITES	0
LIST_EXALL_40_ENTRIES_FIRST_PASS_INODE_TREE_NODE_WRITES	0
LIST_EXALL_40_ENTRIES_FIRST_PASS_REFCOUNT_TREE_NODE_WRITES	0
LIST_EXALL_40_ENTRIES_FIRST_PASS_OTHER_TREE_NODE_WRITES	0
LIST_EXALL_40_ENTRIES_FIRST_PASS_NODE_CRC_READ_CALLS	7
LIST_EXALL_40_ENTRIES_FIRST_PASS_NODE_CRC_READ_SAMPLES	0
LIST_EXALL_40_ENTRIES_FIRST_PASS_NODE_CRC_READ_SAMPLE_TICKS	0
LIST_EXALL_40_ENTRIES_FIRST_PASS_NODE_CRC_WRITE_CALLS	0
LIST_EXALL_40_ENTRIES_FIRST_PASS_NODE_CRC_WRITE_SAMPLES	0
LIST_EXALL_40_ENTRIES_FIRST_PASS_NODE_CRC_WRITE_SAMPLE_TICKS	0
LIST_EXALL_40_ENTRIES_FIRST_PASS_CLOCK_PAIR_TICKS	0
LIST_EXALL_40_ENTRIES_FIRST_PASS_FREE_TREE_RESERVE_RETURN_CALLS	0
LIST_EXALL_40_ENTRIES_FIRST_PASS_FREE_TREE_RESERVE_RETURN_RUNS	0
LIST_EXALL_40_ENTRIES_FIRST_PASS_FREE_TREE_RESERVE_RETURN_BLOCKS	0
LIST_EXALL_40_ENTRIES_FIRST_PASS_FREE_TREE_RESERVE_RETURN_RUNS_1_BLOCK	0
LIST_EXALL_40_ENTRIES_FIRST_PASS_FREE_TREE_RESERVE_RETURN_RUNS_2_3_BLOCKS	0
LIST_EXALL_40_ENTRIES_FIRST_PASS_FREE_TREE_RESERVE_RETURN_RUNS_4_7_BLOCKS	0
LIST_EXALL_40_ENTRIES_FIRST_PASS_FREE_TREE_RESERVE_RETURN_RUNS_8_PLUS_BLOCKS	0
LIST_EXALL_40_ENTRIES_FIRST_PASS_FREE_TREE_RESERVE_RETURN_MAX_RUN_BLOCKS	0
LIST_EXALL_40_ENTRIES_FIRST_PASS_FREE_TREE_RESERVE_RETURN_MAX_NODE_WRITES_PER_RUN	0
LIST_EXALL_40_ENTRIES_FIRST_PASS_POST_PUBLISH_RECLAIM_PASSES	0
LIST_EXALL_40_ENTRIES_FIRST_PASS_MAX_POST_PUBLISH_RECLAIM_PASSES_PER_COMMIT	0
LIST_EXALL_40_ENTRIES_FIRST_PASS_SUPERBLOCK_PUBLICATIONS	0
LIST_EXALL_40_ENTRIES_FIRST_PASS_FREE_TREE_RESERVE_RETURN_RUN_NODE_WRITES	0
LIST_EXALL_40_ENTRIES_FIRST_PASS_FREE_TREE_RESERVE_RETURN_BATCH_CALLS	0
LIST_EXALL_40_ENTRIES_FIRST_PASS_FREE_TREE_RESERVE_RETURN_BATCH_BLOCKS	0
LIST_EXALL_40_ENTRIES_FIRST_PASS_FREE_TREE_RESERVE_RETURN_BATCH_NODE_WRITES	0
LIST_EXALL_40_ENTRIES_FIRST_PASS_FREE_TREE_RESERVE_RETURN_SKIP_SHAPE	0
LIST_EXALL_40_ENTRIES_FIRST_PASS_FREE_TREE_RESERVE_RETURN_SKIP_SMALL	0
LIST_EXALL_40_ENTRIES_FIRST_PASS_FREE_TREE_RESERVE_RETURN_SKIP_EMERGENCY	0
LIST_EXALL_40_ENTRIES_FIRST_PASS_FREE_TREE_RESERVE_RETURN_SKIP_CAPACITY	0
LIST_EXALL_40_ENTRIES_FIRST_PASS_SEALED_COMMITS	0
LIST_EXALL_40_ENTRIES_FIRST_PASS_SEALED_METADATA_FENCES	0
LIST_EXALL_40_ENTRIES_FIRST_PASS_BTREE_MALLOC_CALLS	2
LIST_EXALL_40_ENTRIES_FIRST_PASS_BTREE_MALLOC_SAMPLES	2
LIST_EXALL_40_ENTRIES_FIRST_PASS_BTREE_MALLOC_SAMPLE_TICKS	45
LIST_EXALL_40_ENTRIES_FIRST_PASS_BTREE_FREE_CALLS	2
LIST_EXALL_40_ENTRIES_FIRST_PASS_BTREE_FREE_SAMPLES	2
LIST_EXALL_40_ENTRIES_FIRST_PASS_BTREE_FREE_SAMPLE_TICKS	0
LIST_EXALL_40_ENTRIES_FIRST_PASS_IFACE_ALLOC_CALLS	0
LIST_EXALL_40_ENTRIES_FIRST_PASS_IFACE_ALLOC_SAMPLES	0
LIST_EXALL_40_ENTRIES_FIRST_PASS_IFACE_ALLOC_SAMPLE_TICKS	0
LIST_EXALL_40_ENTRIES_FIRST_PASS_FREESPACE_ALLOC_SAMPLES	0
LIST_EXALL_40_ENTRIES_FIRST_PASS_FREESPACE_ALLOC_SAMPLE_TICKS	0
LIST_EXALL_40_ENTRIES_FIRST_PASS_PACKET_CALLS	3
LIST_EXALL_40_ENTRIES_FIRST_PASS_PACKET_SAMPLES	3
LIST_EXALL_40_ENTRIES_FIRST_PASS_PACKET_SAMPLE_TICKS	3451
LIST_EXALL_40_ENTRIES_FIRST_PASS_PACKET_OPEN_CALLS	0
LIST_EXALL_40_ENTRIES_FIRST_PASS_PACKET_OPEN_SAMPLES	0
LIST_EXALL_40_ENTRIES_FIRST_PASS_PACKET_OPEN_SAMPLE_TICKS	0
LIST_EXALL_40_ENTRIES_FIRST_PASS_PACKET_READ_CALLS	0
LIST_EXALL_40_ENTRIES_FIRST_PASS_PACKET_READ_SAMPLES	0
LIST_EXALL_40_ENTRIES_FIRST_PASS_PACKET_READ_SAMPLE_TICKS	0
LIST_EXALL_40_ENTRIES_FIRST_PASS_PACKET_WRITE_CALLS	0
LIST_EXALL_40_ENTRIES_FIRST_PASS_PACKET_WRITE_SAMPLES	0
LIST_EXALL_40_ENTRIES_FIRST_PASS_PACKET_WRITE_SAMPLE_TICKS	0
LIST_EXALL_40_ENTRIES_FIRST_PASS_PACKET_END_CALLS	0
LIST_EXALL_40_ENTRIES_FIRST_PASS_PACKET_END_SAMPLES	0
LIST_EXALL_40_ENTRIES_FIRST_PASS_PACKET_END_SAMPLE_TICKS	0
LIST_EXALL_40_ENTRIES_FIRST_PASS_PACKET_DELETE_CALLS	0
LIST_EXALL_40_ENTRIES_FIRST_PASS_PACKET_DELETE_SAMPLES	0
LIST_EXALL_40_ENTRIES_FIRST_PASS_PACKET_DELETE_SAMPLE_TICKS	0
LIST_EXALL_40_ENTRIES_FIRST_PASS_PACKET_FLUSH_CALLS	0
LIST_EXALL_40_ENTRIES_FIRST_PASS_PACKET_FLUSH_SAMPLES	0
LIST_EXALL_40_ENTRIES_FIRST_PASS_PACKET_FLUSH_SAMPLE_TICKS	0
LIST_EXALL_40_ENTRIES_FIRST_PASS_PACKET_OTHER_CALLS	3
LIST_EXALL_40_ENTRIES_FIRST_PASS_PACKET_OTHER_SAMPLES	3
LIST_EXALL_40_ENTRIES_FIRST_PASS_PACKET_OTHER_SAMPLE_TICKS	3451
LIST_EXALL_40_ENTRIES_FIRST_PASS_CORE_CREATE_CALLS	0
LIST_EXALL_40_ENTRIES_FIRST_PASS_CORE_CREATE_SAMPLES	0
LIST_EXALL_40_ENTRIES_FIRST_PASS_CORE_CREATE_SAMPLE_TICKS	0
LIST_EXALL_40_ENTRIES_FIRST_PASS_CORE_DELETE_CALLS	0
LIST_EXALL_40_ENTRIES_FIRST_PASS_CORE_DELETE_SAMPLES	0
LIST_EXALL_40_ENTRIES_FIRST_PASS_CORE_DELETE_SAMPLE_TICKS	0
LIST_EXALL_40_ENTRIES_FIRST_PASS_CORE_FILE_WRITE_CALLS	0
LIST_EXALL_40_ENTRIES_FIRST_PASS_CORE_FILE_WRITE_SAMPLES	0
LIST_EXALL_40_ENTRIES_FIRST_PASS_CORE_FILE_WRITE_SAMPLE_TICKS	0
LIST_EXALL_40_ENTRIES_FIRST_PASS_CORE_SYNC_CALLS	0
LIST_EXALL_40_ENTRIES_FIRST_PASS_CORE_SYNC_SAMPLES	0
LIST_EXALL_40_ENTRIES_FIRST_PASS_CORE_SYNC_SAMPLE_TICKS	0
LIST_EXALL_40_ENTRIES_FIRST_PASS_IFACE_FREE_CALLS	0
LIST_EXALL_40_ENTRIES_FIRST_PASS_IFACE_FREE_SAMPLES	0
LIST_EXALL_40_ENTRIES_FIRST_PASS_IFACE_FREE_SAMPLE_TICKS	0
LIST_EXALL_40_ENTRIES_FIRST_PASS_SEAL_COMMIT_CALLS	0
LIST_EXALL_40_ENTRIES_FIRST_PASS_SEAL_COMMIT_SAMPLES	0
LIST_EXALL_40_ENTRIES_FIRST_PASS_SEAL_COMMIT_SAMPLE_TICKS	0
LIST_EXALL_40_ENTRIES_FIRST_PASS_INODE_READ_CALLS	40
LIST_EXALL_40_ENTRIES_FIRST_PASS_BTREE_SEARCH_CALLS	41
LIST_EXALL_40_ENTRIES_FIRST_PASS_BTREE_INDEX_HINT_HITS	0
LIST_EXALL_40_ENTRIES_FIRST_PASS_BTREE_LEAF_HINT_HITS	28
LIST_EXALL_40_ENTRIES_FIRST_PASS_CACHE_READ_CALLS	7
LIST_EXALL_40_ENTRIES_FIRST_PASS_CACHE_READ_HITS	0
LIST_EXALL_40_ENTRIES_FIRST_PASS_CACHE_READ_MISSES	7
LIST_EXALL_40_ENTRIES_FIRST_PASS_FREE_TREE_NODE_VIEWS	0
LIST_EXALL_40_ENTRIES_FIRST_PASS_FREE_TREE_RESIDENT_VIEWS	0
LIST_EXALL_40_ENTRIES_FIRST_PASS_DIR_TREE_NODE_VIEWS	20
LIST_EXALL_40_ENTRIES_FIRST_PASS_DIR_TREE_RESIDENT_VIEWS	14
LIST_EXALL_40_ENTRIES_FIRST_PASS_INODE_TREE_NODE_VIEWS	24
LIST_EXALL_40_ENTRIES_FIRST_PASS_INODE_TREE_RESIDENT_VIEWS	23
LIST_EXALL_40_ENTRIES_FIRST_PASS_REFCOUNT_TREE_NODE_VIEWS	0
LIST_EXALL_40_ENTRIES_FIRST_PASS_REFCOUNT_TREE_RESIDENT_VIEWS	0
LIST_EXALL_40_ENTRIES_FIRST_PASS_OTHER_TREE_NODE_VIEWS	0
LIST_EXALL_40_ENTRIES_FIRST_PASS_OTHER_TREE_RESIDENT_VIEWS	0
LIST_EXALL_40_ENTRIES_REPEAT10_TOTAL_US	9665
LIST_EXALL_40_ENTRIES_REPEAT10_TOTAL_BIO_READS	0
LIST_EXALL_40_ENTRIES_REPEAT10_TOTAL_BIO_WRITES	0
LIST_EXALL_40_ENTRIES_REPEAT10_TOTAL_BIO_UPDATES	0
LIST_EXALL_40_ENTRIES_REPEAT10_TOTAL_DATA_READS	0
LIST_EXALL_40_ENTRIES_REPEAT10_TOTAL_DATA_WRITES	0
LIST_EXALL_40_ENTRIES_REPEAT10_TOTAL_NODE_WRITES	0
LIST_EXALL_40_ENTRIES_REPEAT10_TOTAL_TXN_COMMITS	0
LIST_EXALL_40_ENTRIES_REPEAT10_TOTAL_FREESPACE_ALLOCS	0
LIST_EXALL_40_ENTRIES_REPEAT10_TOTAL_EXTENT_MAPS	0
LIST_EXALL_40_ENTRIES_REPEAT10_TOTAL_READ_TICKS	0
LIST_EXALL_40_ENTRIES_REPEAT10_TOTAL_WRITE_TICKS	0
LIST_EXALL_40_ENTRIES_REPEAT10_TOTAL_UPDATE_TICKS	0
LIST_EXALL_40_ENTRIES_REPEAT10_TOTAL_DATA_READ_TICKS	0
LIST_EXALL_40_ENTRIES_REPEAT10_TOTAL_DATA_WRITE_TICKS	0
LIST_EXALL_40_ENTRIES_REPEAT10_TOTAL_FREE_TREE_NODE_WRITES	0
LIST_EXALL_40_ENTRIES_REPEAT10_TOTAL_FREE_TREE_ALLOCATION_BODY_NODE_WRITES	0
LIST_EXALL_40_ENTRIES_REPEAT10_TOTAL_FREE_TREE_RESERVE_REFILL_NODE_WRITES	0
LIST_EXALL_40_ENTRIES_REPEAT10_TOTAL_FREE_TREE_RESERVE_RETURN_NODE_WRITES	0
LIST_EXALL_40_ENTRIES_REPEAT10_TOTAL_FREE_TREE_POST_PUBLISH_PENDING_RECLAIM_NODE_WRITES	0
LIST_EXALL_40_ENTRIES_REPEAT10_TOTAL_FREE_TREE_OTHER_NODE_WRITES	0
LIST_EXALL_40_ENTRIES_REPEAT10_TOTAL_DIR_TREE_NODE_WRITES	0
LIST_EXALL_40_ENTRIES_REPEAT10_TOTAL_INODE_TREE_NODE_WRITES	0
LIST_EXALL_40_ENTRIES_REPEAT10_TOTAL_REFCOUNT_TREE_NODE_WRITES	0
LIST_EXALL_40_ENTRIES_REPEAT10_TOTAL_OTHER_TREE_NODE_WRITES	0
LIST_EXALL_40_ENTRIES_REPEAT10_TOTAL_NODE_CRC_READ_CALLS	0
LIST_EXALL_40_ENTRIES_REPEAT10_TOTAL_NODE_CRC_READ_SAMPLES	0
LIST_EXALL_40_ENTRIES_REPEAT10_TOTAL_NODE_CRC_READ_SAMPLE_TICKS	0
LIST_EXALL_40_ENTRIES_REPEAT10_TOTAL_NODE_CRC_WRITE_CALLS	0
LIST_EXALL_40_ENTRIES_REPEAT10_TOTAL_NODE_CRC_WRITE_SAMPLES	0
LIST_EXALL_40_ENTRIES_REPEAT10_TOTAL_NODE_CRC_WRITE_SAMPLE_TICKS	0
LIST_EXALL_40_ENTRIES_REPEAT10_TOTAL_CLOCK_PAIR_TICKS	0
LIST_EXALL_40_ENTRIES_REPEAT10_TOTAL_FREE_TREE_RESERVE_RETURN_CALLS	0
LIST_EXALL_40_ENTRIES_REPEAT10_TOTAL_FREE_TREE_RESERVE_RETURN_RUNS	0
LIST_EXALL_40_ENTRIES_REPEAT10_TOTAL_FREE_TREE_RESERVE_RETURN_BLOCKS	0
LIST_EXALL_40_ENTRIES_REPEAT10_TOTAL_FREE_TREE_RESERVE_RETURN_RUNS_1_BLOCK	0
LIST_EXALL_40_ENTRIES_REPEAT10_TOTAL_FREE_TREE_RESERVE_RETURN_RUNS_2_3_BLOCKS	0
LIST_EXALL_40_ENTRIES_REPEAT10_TOTAL_FREE_TREE_RESERVE_RETURN_RUNS_4_7_BLOCKS	0
LIST_EXALL_40_ENTRIES_REPEAT10_TOTAL_FREE_TREE_RESERVE_RETURN_RUNS_8_PLUS_BLOCKS	0
LIST_EXALL_40_ENTRIES_REPEAT10_TOTAL_FREE_TREE_RESERVE_RETURN_MAX_RUN_BLOCKS	0
LIST_EXALL_40_ENTRIES_REPEAT10_TOTAL_FREE_TREE_RESERVE_RETURN_MAX_NODE_WRITES_PER_RUN	0
LIST_EXALL_40_ENTRIES_REPEAT10_TOTAL_POST_PUBLISH_RECLAIM_PASSES	0
LIST_EXALL_40_ENTRIES_REPEAT10_TOTAL_MAX_POST_PUBLISH_RECLAIM_PASSES_PER_COMMIT	0
LIST_EXALL_40_ENTRIES_REPEAT10_TOTAL_SUPERBLOCK_PUBLICATIONS	0
LIST_EXALL_40_ENTRIES_REPEAT10_TOTAL_FREE_TREE_RESERVE_RETURN_RUN_NODE_WRITES	0
LIST_EXALL_40_ENTRIES_REPEAT10_TOTAL_FREE_TREE_RESERVE_RETURN_BATCH_CALLS	0
LIST_EXALL_40_ENTRIES_REPEAT10_TOTAL_FREE_TREE_RESERVE_RETURN_BATCH_BLOCKS	0
LIST_EXALL_40_ENTRIES_REPEAT10_TOTAL_FREE_TREE_RESERVE_RETURN_BATCH_NODE_WRITES	0
LIST_EXALL_40_ENTRIES_REPEAT10_TOTAL_FREE_TREE_RESERVE_RETURN_SKIP_SHAPE	0
LIST_EXALL_40_ENTRIES_REPEAT10_TOTAL_FREE_TREE_RESERVE_RETURN_SKIP_SMALL	0
LIST_EXALL_40_ENTRIES_REPEAT10_TOTAL_FREE_TREE_RESERVE_RETURN_SKIP_EMERGENCY	0
LIST_EXALL_40_ENTRIES_REPEAT10_TOTAL_FREE_TREE_RESERVE_RETURN_SKIP_CAPACITY	0
LIST_EXALL_40_ENTRIES_REPEAT10_TOTAL_SEALED_COMMITS	0
LIST_EXALL_40_ENTRIES_REPEAT10_TOTAL_SEALED_METADATA_FENCES	0
LIST_EXALL_40_ENTRIES_REPEAT10_TOTAL_BTREE_MALLOC_CALLS	11
LIST_EXALL_40_ENTRIES_REPEAT10_TOTAL_BTREE_MALLOC_SAMPLES	11
LIST_EXALL_40_ENTRIES_REPEAT10_TOTAL_BTREE_MALLOC_SAMPLE_TICKS	181
LIST_EXALL_40_ENTRIES_REPEAT10_TOTAL_BTREE_FREE_CALLS	11
LIST_EXALL_40_ENTRIES_REPEAT10_TOTAL_BTREE_FREE_SAMPLES	11
LIST_EXALL_40_ENTRIES_REPEAT10_TOTAL_BTREE_FREE_SAMPLE_TICKS	45
LIST_EXALL_40_ENTRIES_REPEAT10_TOTAL_IFACE_ALLOC_CALLS	0
LIST_EXALL_40_ENTRIES_REPEAT10_TOTAL_IFACE_ALLOC_SAMPLES	0
LIST_EXALL_40_ENTRIES_REPEAT10_TOTAL_IFACE_ALLOC_SAMPLE_TICKS	0
LIST_EXALL_40_ENTRIES_REPEAT10_TOTAL_FREESPACE_ALLOC_SAMPLES	0
LIST_EXALL_40_ENTRIES_REPEAT10_TOTAL_FREESPACE_ALLOC_SAMPLE_TICKS	0
LIST_EXALL_40_ENTRIES_REPEAT10_TOTAL_PACKET_CALLS	12
LIST_EXALL_40_ENTRIES_REPEAT10_TOTAL_PACKET_SAMPLES	12
LIST_EXALL_40_ENTRIES_REPEAT10_TOTAL_PACKET_SAMPLE_TICKS	6250
LIST_EXALL_40_ENTRIES_REPEAT10_TOTAL_PACKET_OPEN_CALLS	0
LIST_EXALL_40_ENTRIES_REPEAT10_TOTAL_PACKET_OPEN_SAMPLES	0
LIST_EXALL_40_ENTRIES_REPEAT10_TOTAL_PACKET_OPEN_SAMPLE_TICKS	0
LIST_EXALL_40_ENTRIES_REPEAT10_TOTAL_PACKET_READ_CALLS	0
LIST_EXALL_40_ENTRIES_REPEAT10_TOTAL_PACKET_READ_SAMPLES	0
LIST_EXALL_40_ENTRIES_REPEAT10_TOTAL_PACKET_READ_SAMPLE_TICKS	0
LIST_EXALL_40_ENTRIES_REPEAT10_TOTAL_PACKET_WRITE_CALLS	0
LIST_EXALL_40_ENTRIES_REPEAT10_TOTAL_PACKET_WRITE_SAMPLES	0
LIST_EXALL_40_ENTRIES_REPEAT10_TOTAL_PACKET_WRITE_SAMPLE_TICKS	0
LIST_EXALL_40_ENTRIES_REPEAT10_TOTAL_PACKET_END_CALLS	0
LIST_EXALL_40_ENTRIES_REPEAT10_TOTAL_PACKET_END_SAMPLES	0
LIST_EXALL_40_ENTRIES_REPEAT10_TOTAL_PACKET_END_SAMPLE_TICKS	0
LIST_EXALL_40_ENTRIES_REPEAT10_TOTAL_PACKET_DELETE_CALLS	0
LIST_EXALL_40_ENTRIES_REPEAT10_TOTAL_PACKET_DELETE_SAMPLES	0
LIST_EXALL_40_ENTRIES_REPEAT10_TOTAL_PACKET_DELETE_SAMPLE_TICKS	0
LIST_EXALL_40_ENTRIES_REPEAT10_TOTAL_PACKET_FLUSH_CALLS	0
LIST_EXALL_40_ENTRIES_REPEAT10_TOTAL_PACKET_FLUSH_SAMPLES	0
LIST_EXALL_40_ENTRIES_REPEAT10_TOTAL_PACKET_FLUSH_SAMPLE_TICKS	0
LIST_EXALL_40_ENTRIES_REPEAT10_TOTAL_PACKET_OTHER_CALLS	12
LIST_EXALL_40_ENTRIES_REPEAT10_TOTAL_PACKET_OTHER_SAMPLES	12
LIST_EXALL_40_ENTRIES_REPEAT10_TOTAL_PACKET_OTHER_SAMPLE_TICKS	6250
LIST_EXALL_40_ENTRIES_REPEAT10_TOTAL_CORE_CREATE_CALLS	0
LIST_EXALL_40_ENTRIES_REPEAT10_TOTAL_CORE_CREATE_SAMPLES	0
LIST_EXALL_40_ENTRIES_REPEAT10_TOTAL_CORE_CREATE_SAMPLE_TICKS	0
LIST_EXALL_40_ENTRIES_REPEAT10_TOTAL_CORE_DELETE_CALLS	0
LIST_EXALL_40_ENTRIES_REPEAT10_TOTAL_CORE_DELETE_SAMPLES	0
LIST_EXALL_40_ENTRIES_REPEAT10_TOTAL_CORE_DELETE_SAMPLE_TICKS	0
LIST_EXALL_40_ENTRIES_REPEAT10_TOTAL_CORE_FILE_WRITE_CALLS	0
LIST_EXALL_40_ENTRIES_REPEAT10_TOTAL_CORE_FILE_WRITE_SAMPLES	0
LIST_EXALL_40_ENTRIES_REPEAT10_TOTAL_CORE_FILE_WRITE_SAMPLE_TICKS	0
LIST_EXALL_40_ENTRIES_REPEAT10_TOTAL_CORE_SYNC_CALLS	0
LIST_EXALL_40_ENTRIES_REPEAT10_TOTAL_CORE_SYNC_SAMPLES	0
LIST_EXALL_40_ENTRIES_REPEAT10_TOTAL_CORE_SYNC_SAMPLE_TICKS	0
LIST_EXALL_40_ENTRIES_REPEAT10_TOTAL_IFACE_FREE_CALLS	0
LIST_EXALL_40_ENTRIES_REPEAT10_TOTAL_IFACE_FREE_SAMPLES	0
LIST_EXALL_40_ENTRIES_REPEAT10_TOTAL_IFACE_FREE_SAMPLE_TICKS	0
LIST_EXALL_40_ENTRIES_REPEAT10_TOTAL_SEAL_COMMIT_CALLS	0
LIST_EXALL_40_ENTRIES_REPEAT10_TOTAL_SEAL_COMMIT_SAMPLES	0
LIST_EXALL_40_ENTRIES_REPEAT10_TOTAL_SEAL_COMMIT_SAMPLE_TICKS	0
LIST_EXALL_40_ENTRIES_REPEAT10_TOTAL_INODE_READ_CALLS	400
LIST_EXALL_40_ENTRIES_REPEAT10_TOTAL_BTREE_SEARCH_CALLS	401
LIST_EXALL_40_ENTRIES_REPEAT10_TOTAL_BTREE_INDEX_HINT_HITS	400
LIST_EXALL_40_ENTRIES_REPEAT10_TOTAL_BTREE_LEAF_HINT_HITS	1
LIST_EXALL_40_ENTRIES_REPEAT10_TOTAL_CACHE_READ_CALLS	0
LIST_EXALL_40_ENTRIES_REPEAT10_TOTAL_CACHE_READ_HITS	0
LIST_EXALL_40_ENTRIES_REPEAT10_TOTAL_CACHE_READ_MISSES	0
LIST_EXALL_40_ENTRIES_REPEAT10_TOTAL_FREE_TREE_NODE_VIEWS	0
LIST_EXALL_40_ENTRIES_REPEAT10_TOTAL_FREE_TREE_RESIDENT_VIEWS	0
LIST_EXALL_40_ENTRIES_REPEAT10_TOTAL_DIR_TREE_NODE_VIEWS	160
LIST_EXALL_40_ENTRIES_REPEAT10_TOTAL_DIR_TREE_RESIDENT_VIEWS	160
LIST_EXALL_40_ENTRIES_REPEAT10_TOTAL_INODE_TREE_NODE_VIEWS	0
LIST_EXALL_40_ENTRIES_REPEAT10_TOTAL_INODE_TREE_RESIDENT_VIEWS	0
LIST_EXALL_40_ENTRIES_REPEAT10_TOTAL_REFCOUNT_TREE_NODE_VIEWS	0
LIST_EXALL_40_ENTRIES_REPEAT10_TOTAL_REFCOUNT_TREE_RESIDENT_VIEWS	0
LIST_EXALL_40_ENTRIES_REPEAT10_TOTAL_OTHER_TREE_NODE_VIEWS	0
LIST_EXALL_40_ENTRIES_REPEAT10_TOTAL_OTHER_TREE_RESIDENT_VIEWS	0
LIST_EXNEXT_400_ENTRIES_FIRST_PASS_US	71935
LIST_EXNEXT_400_ENTRIES_FIRST_PASS_BIO_READS	65
LIST_EXNEXT_400_ENTRIES_FIRST_PASS_BIO_WRITES	0
LIST_EXNEXT_400_ENTRIES_FIRST_PASS_BIO_UPDATES	0
LIST_EXNEXT_400_ENTRIES_FIRST_PASS_DATA_READS	0
LIST_EXNEXT_400_ENTRIES_FIRST_PASS_DATA_WRITES	0
LIST_EXNEXT_400_ENTRIES_FIRST_PASS_NODE_WRITES	0
LIST_EXNEXT_400_ENTRIES_FIRST_PASS_TXN_COMMITS	0
LIST_EXNEXT_400_ENTRIES_FIRST_PASS_FREESPACE_ALLOCS	0
LIST_EXNEXT_400_ENTRIES_FIRST_PASS_EXTENT_MAPS	0
LIST_EXNEXT_400_ENTRIES_FIRST_PASS_READ_TICKS	7393
LIST_EXNEXT_400_ENTRIES_FIRST_PASS_WRITE_TICKS	0
LIST_EXNEXT_400_ENTRIES_FIRST_PASS_UPDATE_TICKS	0
LIST_EXNEXT_400_ENTRIES_FIRST_PASS_DATA_READ_TICKS	0
LIST_EXNEXT_400_ENTRIES_FIRST_PASS_DATA_WRITE_TICKS	0
LIST_EXNEXT_400_ENTRIES_FIRST_PASS_FREE_TREE_NODE_WRITES	0
LIST_EXNEXT_400_ENTRIES_FIRST_PASS_FREE_TREE_ALLOCATION_BODY_NODE_WRITES	0
LIST_EXNEXT_400_ENTRIES_FIRST_PASS_FREE_TREE_RESERVE_REFILL_NODE_WRITES	0
LIST_EXNEXT_400_ENTRIES_FIRST_PASS_FREE_TREE_RESERVE_RETURN_NODE_WRITES	0
LIST_EXNEXT_400_ENTRIES_FIRST_PASS_FREE_TREE_POST_PUBLISH_PENDING_RECLAIM_NODE_WRITES	0
LIST_EXNEXT_400_ENTRIES_FIRST_PASS_FREE_TREE_OTHER_NODE_WRITES	0
LIST_EXNEXT_400_ENTRIES_FIRST_PASS_DIR_TREE_NODE_WRITES	0
LIST_EXNEXT_400_ENTRIES_FIRST_PASS_INODE_TREE_NODE_WRITES	0
LIST_EXNEXT_400_ENTRIES_FIRST_PASS_REFCOUNT_TREE_NODE_WRITES	0
LIST_EXNEXT_400_ENTRIES_FIRST_PASS_OTHER_TREE_NODE_WRITES	0
LIST_EXNEXT_400_ENTRIES_FIRST_PASS_NODE_CRC_READ_CALLS	65
LIST_EXNEXT_400_ENTRIES_FIRST_PASS_NODE_CRC_READ_SAMPLES	1
LIST_EXNEXT_400_ENTRIES_FIRST_PASS_NODE_CRC_READ_SAMPLE_TICKS	136
LIST_EXNEXT_400_ENTRIES_FIRST_PASS_NODE_CRC_WRITE_CALLS	0
LIST_EXNEXT_400_ENTRIES_FIRST_PASS_NODE_CRC_WRITE_SAMPLES	0
LIST_EXNEXT_400_ENTRIES_FIRST_PASS_NODE_CRC_WRITE_SAMPLE_TICKS	0
LIST_EXNEXT_400_ENTRIES_FIRST_PASS_CLOCK_PAIR_TICKS	1
LIST_EXNEXT_400_ENTRIES_FIRST_PASS_FREE_TREE_RESERVE_RETURN_CALLS	0
LIST_EXNEXT_400_ENTRIES_FIRST_PASS_FREE_TREE_RESERVE_RETURN_RUNS	0
LIST_EXNEXT_400_ENTRIES_FIRST_PASS_FREE_TREE_RESERVE_RETURN_BLOCKS	0
LIST_EXNEXT_400_ENTRIES_FIRST_PASS_FREE_TREE_RESERVE_RETURN_RUNS_1_BLOCK	0
LIST_EXNEXT_400_ENTRIES_FIRST_PASS_FREE_TREE_RESERVE_RETURN_RUNS_2_3_BLOCKS	0
LIST_EXNEXT_400_ENTRIES_FIRST_PASS_FREE_TREE_RESERVE_RETURN_RUNS_4_7_BLOCKS	0
LIST_EXNEXT_400_ENTRIES_FIRST_PASS_FREE_TREE_RESERVE_RETURN_RUNS_8_PLUS_BLOCKS	0
LIST_EXNEXT_400_ENTRIES_FIRST_PASS_FREE_TREE_RESERVE_RETURN_MAX_RUN_BLOCKS	0
LIST_EXNEXT_400_ENTRIES_FIRST_PASS_FREE_TREE_RESERVE_RETURN_MAX_NODE_WRITES_PER_RUN	0
LIST_EXNEXT_400_ENTRIES_FIRST_PASS_POST_PUBLISH_RECLAIM_PASSES	0
LIST_EXNEXT_400_ENTRIES_FIRST_PASS_MAX_POST_PUBLISH_RECLAIM_PASSES_PER_COMMIT	0
LIST_EXNEXT_400_ENTRIES_FIRST_PASS_SUPERBLOCK_PUBLICATIONS	0
LIST_EXNEXT_400_ENTRIES_FIRST_PASS_FREE_TREE_RESERVE_RETURN_RUN_NODE_WRITES	0
LIST_EXNEXT_400_ENTRIES_FIRST_PASS_FREE_TREE_RESERVE_RETURN_BATCH_CALLS	0
LIST_EXNEXT_400_ENTRIES_FIRST_PASS_FREE_TREE_RESERVE_RETURN_BATCH_BLOCKS	0
LIST_EXNEXT_400_ENTRIES_FIRST_PASS_FREE_TREE_RESERVE_RETURN_BATCH_NODE_WRITES	0
LIST_EXNEXT_400_ENTRIES_FIRST_PASS_FREE_TREE_RESERVE_RETURN_SKIP_SHAPE	0
LIST_EXNEXT_400_ENTRIES_FIRST_PASS_FREE_TREE_RESERVE_RETURN_SKIP_SMALL	0
LIST_EXNEXT_400_ENTRIES_FIRST_PASS_FREE_TREE_RESERVE_RETURN_SKIP_EMERGENCY	0
LIST_EXNEXT_400_ENTRIES_FIRST_PASS_FREE_TREE_RESERVE_RETURN_SKIP_CAPACITY	0
LIST_EXNEXT_400_ENTRIES_FIRST_PASS_SEALED_COMMITS	0
LIST_EXNEXT_400_ENTRIES_FIRST_PASS_SEALED_METADATA_FENCES	0
LIST_EXNEXT_400_ENTRIES_FIRST_PASS_BTREE_MALLOC_CALLS	43
LIST_EXNEXT_400_ENTRIES_FIRST_PASS_BTREE_MALLOC_SAMPLES	43
LIST_EXNEXT_400_ENTRIES_FIRST_PASS_BTREE_MALLOC_SAMPLE_TICKS	344
LIST_EXNEXT_400_ENTRIES_FIRST_PASS_BTREE_FREE_CALLS	403
LIST_EXNEXT_400_ENTRIES_FIRST_PASS_BTREE_FREE_SAMPLES	403
LIST_EXNEXT_400_ENTRIES_FIRST_PASS_BTREE_FREE_SAMPLE_TICKS	861
LIST_EXNEXT_400_ENTRIES_FIRST_PASS_IFACE_ALLOC_CALLS	0
LIST_EXNEXT_400_ENTRIES_FIRST_PASS_IFACE_ALLOC_SAMPLES	0
LIST_EXNEXT_400_ENTRIES_FIRST_PASS_IFACE_ALLOC_SAMPLE_TICKS	0
LIST_EXNEXT_400_ENTRIES_FIRST_PASS_FREESPACE_ALLOC_SAMPLES	0
LIST_EXNEXT_400_ENTRIES_FIRST_PASS_FREESPACE_ALLOC_SAMPLE_TICKS	0
LIST_EXNEXT_400_ENTRIES_FIRST_PASS_PACKET_CALLS	404
LIST_EXNEXT_400_ENTRIES_FIRST_PASS_PACKET_SAMPLES	404
LIST_EXNEXT_400_ENTRIES_FIRST_PASS_PACKET_SAMPLE_TICKS	43698
LIST_EXNEXT_400_ENTRIES_FIRST_PASS_PACKET_OPEN_CALLS	0
LIST_EXNEXT_400_ENTRIES_FIRST_PASS_PACKET_OPEN_SAMPLES	0
LIST_EXNEXT_400_ENTRIES_FIRST_PASS_PACKET_OPEN_SAMPLE_TICKS	0
LIST_EXNEXT_400_ENTRIES_FIRST_PASS_PACKET_READ_CALLS	0
LIST_EXNEXT_400_ENTRIES_FIRST_PASS_PACKET_READ_SAMPLES	0
LIST_EXNEXT_400_ENTRIES_FIRST_PASS_PACKET_READ_SAMPLE_TICKS	0
LIST_EXNEXT_400_ENTRIES_FIRST_PASS_PACKET_WRITE_CALLS	0
LIST_EXNEXT_400_ENTRIES_FIRST_PASS_PACKET_WRITE_SAMPLES	0
LIST_EXNEXT_400_ENTRIES_FIRST_PASS_PACKET_WRITE_SAMPLE_TICKS	0
LIST_EXNEXT_400_ENTRIES_FIRST_PASS_PACKET_END_CALLS	0
LIST_EXNEXT_400_ENTRIES_FIRST_PASS_PACKET_END_SAMPLES	0
LIST_EXNEXT_400_ENTRIES_FIRST_PASS_PACKET_END_SAMPLE_TICKS	0
LIST_EXNEXT_400_ENTRIES_FIRST_PASS_PACKET_DELETE_CALLS	0
LIST_EXNEXT_400_ENTRIES_FIRST_PASS_PACKET_DELETE_SAMPLES	0
LIST_EXNEXT_400_ENTRIES_FIRST_PASS_PACKET_DELETE_SAMPLE_TICKS	0
LIST_EXNEXT_400_ENTRIES_FIRST_PASS_PACKET_FLUSH_CALLS	0
LIST_EXNEXT_400_ENTRIES_FIRST_PASS_PACKET_FLUSH_SAMPLES	0
LIST_EXNEXT_400_ENTRIES_FIRST_PASS_PACKET_FLUSH_SAMPLE_TICKS	0
LIST_EXNEXT_400_ENTRIES_FIRST_PASS_PACKET_OTHER_CALLS	404
LIST_EXNEXT_400_ENTRIES_FIRST_PASS_PACKET_OTHER_SAMPLES	404
LIST_EXNEXT_400_ENTRIES_FIRST_PASS_PACKET_OTHER_SAMPLE_TICKS	43698
LIST_EXNEXT_400_ENTRIES_FIRST_PASS_CORE_CREATE_CALLS	0
LIST_EXNEXT_400_ENTRIES_FIRST_PASS_CORE_CREATE_SAMPLES	0
LIST_EXNEXT_400_ENTRIES_FIRST_PASS_CORE_CREATE_SAMPLE_TICKS	0
LIST_EXNEXT_400_ENTRIES_FIRST_PASS_CORE_DELETE_CALLS	0
LIST_EXNEXT_400_ENTRIES_FIRST_PASS_CORE_DELETE_SAMPLES	0
LIST_EXNEXT_400_ENTRIES_FIRST_PASS_CORE_DELETE_SAMPLE_TICKS	0
LIST_EXNEXT_400_ENTRIES_FIRST_PASS_CORE_FILE_WRITE_CALLS	0
LIST_EXNEXT_400_ENTRIES_FIRST_PASS_CORE_FILE_WRITE_SAMPLES	0
LIST_EXNEXT_400_ENTRIES_FIRST_PASS_CORE_FILE_WRITE_SAMPLE_TICKS	0
LIST_EXNEXT_400_ENTRIES_FIRST_PASS_CORE_SYNC_CALLS	0
LIST_EXNEXT_400_ENTRIES_FIRST_PASS_CORE_SYNC_SAMPLES	0
LIST_EXNEXT_400_ENTRIES_FIRST_PASS_CORE_SYNC_SAMPLE_TICKS	0
LIST_EXNEXT_400_ENTRIES_FIRST_PASS_IFACE_FREE_CALLS	0
LIST_EXNEXT_400_ENTRIES_FIRST_PASS_IFACE_FREE_SAMPLES	0
LIST_EXNEXT_400_ENTRIES_FIRST_PASS_IFACE_FREE_SAMPLE_TICKS	0
LIST_EXNEXT_400_ENTRIES_FIRST_PASS_SEAL_COMMIT_CALLS	0
LIST_EXNEXT_400_ENTRIES_FIRST_PASS_SEAL_COMMIT_SAMPLES	0
LIST_EXNEXT_400_ENTRIES_FIRST_PASS_SEAL_COMMIT_SAMPLE_TICKS	0
LIST_EXNEXT_400_ENTRIES_FIRST_PASS_INODE_READ_CALLS	401
LIST_EXNEXT_400_ENTRIES_FIRST_PASS_BTREE_SEARCH_CALLS	402
LIST_EXNEXT_400_ENTRIES_FIRST_PASS_BTREE_INDEX_HINT_HITS	0
LIST_EXNEXT_400_ENTRIES_FIRST_PASS_BTREE_LEAF_HINT_HITS	124
LIST_EXNEXT_400_ENTRIES_FIRST_PASS_CACHE_READ_CALLS	65
LIST_EXNEXT_400_ENTRIES_FIRST_PASS_CACHE_READ_HITS	0
LIST_EXNEXT_400_ENTRIES_FIRST_PASS_CACHE_READ_MISSES	65
LIST_EXNEXT_400_ENTRIES_FIRST_PASS_FREE_TREE_NODE_VIEWS	0
LIST_EXNEXT_400_ENTRIES_FIRST_PASS_FREE_TREE_RESIDENT_VIEWS	0
LIST_EXNEXT_400_ENTRIES_FIRST_PASS_DIR_TREE_NODE_VIEWS	264
LIST_EXNEXT_400_ENTRIES_FIRST_PASS_DIR_TREE_RESIDENT_VIEWS	219
LIST_EXNEXT_400_ENTRIES_FIRST_PASS_INODE_TREE_NODE_VIEWS	556
LIST_EXNEXT_400_ENTRIES_FIRST_PASS_INODE_TREE_RESIDENT_VIEWS	536
LIST_EXNEXT_400_ENTRIES_FIRST_PASS_REFCOUNT_TREE_NODE_VIEWS	0
LIST_EXNEXT_400_ENTRIES_FIRST_PASS_REFCOUNT_TREE_RESIDENT_VIEWS	0
LIST_EXNEXT_400_ENTRIES_FIRST_PASS_OTHER_TREE_NODE_VIEWS	0
LIST_EXNEXT_400_ENTRIES_FIRST_PASS_OTHER_TREE_RESIDENT_VIEWS	0
LIST_EXNEXT_400_ENTRIES_REPEAT10_TOTAL_US	801788
LIST_EXNEXT_400_ENTRIES_REPEAT10_TOTAL_BIO_READS	700
LIST_EXNEXT_400_ENTRIES_REPEAT10_TOTAL_BIO_WRITES	0
LIST_EXNEXT_400_ENTRIES_REPEAT10_TOTAL_BIO_UPDATES	0
LIST_EXNEXT_400_ENTRIES_REPEAT10_TOTAL_DATA_READS	0
LIST_EXNEXT_400_ENTRIES_REPEAT10_TOTAL_DATA_WRITES	0
LIST_EXNEXT_400_ENTRIES_REPEAT10_TOTAL_NODE_WRITES	0
LIST_EXNEXT_400_ENTRIES_REPEAT10_TOTAL_TXN_COMMITS	0
LIST_EXNEXT_400_ENTRIES_REPEAT10_TOTAL_FREESPACE_ALLOCS	0
LIST_EXNEXT_400_ENTRIES_REPEAT10_TOTAL_EXTENT_MAPS	0
LIST_EXNEXT_400_ENTRIES_REPEAT10_TOTAL_READ_TICKS	60303
LIST_EXNEXT_400_ENTRIES_REPEAT10_TOTAL_WRITE_TICKS	0
LIST_EXNEXT_400_ENTRIES_REPEAT10_TOTAL_UPDATE_TICKS	0
LIST_EXNEXT_400_ENTRIES_REPEAT10_TOTAL_DATA_READ_TICKS	0
LIST_EXNEXT_400_ENTRIES_REPEAT10_TOTAL_DATA_WRITE_TICKS	0
LIST_EXNEXT_400_ENTRIES_REPEAT10_TOTAL_FREE_TREE_NODE_WRITES	0
LIST_EXNEXT_400_ENTRIES_REPEAT10_TOTAL_FREE_TREE_ALLOCATION_BODY_NODE_WRITES	0
LIST_EXNEXT_400_ENTRIES_REPEAT10_TOTAL_FREE_TREE_RESERVE_REFILL_NODE_WRITES	0
LIST_EXNEXT_400_ENTRIES_REPEAT10_TOTAL_FREE_TREE_RESERVE_RETURN_NODE_WRITES	0
LIST_EXNEXT_400_ENTRIES_REPEAT10_TOTAL_FREE_TREE_POST_PUBLISH_PENDING_RECLAIM_NODE_WRITES	0
LIST_EXNEXT_400_ENTRIES_REPEAT10_TOTAL_FREE_TREE_OTHER_NODE_WRITES	0
LIST_EXNEXT_400_ENTRIES_REPEAT10_TOTAL_DIR_TREE_NODE_WRITES	0
LIST_EXNEXT_400_ENTRIES_REPEAT10_TOTAL_INODE_TREE_NODE_WRITES	0
LIST_EXNEXT_400_ENTRIES_REPEAT10_TOTAL_REFCOUNT_TREE_NODE_WRITES	0
LIST_EXNEXT_400_ENTRIES_REPEAT10_TOTAL_OTHER_TREE_NODE_WRITES	0
LIST_EXNEXT_400_ENTRIES_REPEAT10_TOTAL_NODE_CRC_READ_CALLS	700
LIST_EXNEXT_400_ENTRIES_REPEAT10_TOTAL_NODE_CRC_READ_SAMPLES	10
LIST_EXNEXT_400_ENTRIES_REPEAT10_TOTAL_NODE_CRC_READ_SAMPLE_TICKS	1497
LIST_EXNEXT_400_ENTRIES_REPEAT10_TOTAL_NODE_CRC_WRITE_CALLS	0
LIST_EXNEXT_400_ENTRIES_REPEAT10_TOTAL_NODE_CRC_WRITE_SAMPLES	0
LIST_EXNEXT_400_ENTRIES_REPEAT10_TOTAL_NODE_CRC_WRITE_SAMPLE_TICKS	0
LIST_EXNEXT_400_ENTRIES_REPEAT10_TOTAL_CLOCK_PAIR_TICKS	0
LIST_EXNEXT_400_ENTRIES_REPEAT10_TOTAL_FREE_TREE_RESERVE_RETURN_CALLS	0
LIST_EXNEXT_400_ENTRIES_REPEAT10_TOTAL_FREE_TREE_RESERVE_RETURN_RUNS	0
LIST_EXNEXT_400_ENTRIES_REPEAT10_TOTAL_FREE_TREE_RESERVE_RETURN_BLOCKS	0
LIST_EXNEXT_400_ENTRIES_REPEAT10_TOTAL_FREE_TREE_RESERVE_RETURN_RUNS_1_BLOCK	0
LIST_EXNEXT_400_ENTRIES_REPEAT10_TOTAL_FREE_TREE_RESERVE_RETURN_RUNS_2_3_BLOCKS	0
LIST_EXNEXT_400_ENTRIES_REPEAT10_TOTAL_FREE_TREE_RESERVE_RETURN_RUNS_4_7_BLOCKS	0
LIST_EXNEXT_400_ENTRIES_REPEAT10_TOTAL_FREE_TREE_RESERVE_RETURN_RUNS_8_PLUS_BLOCKS	0
LIST_EXNEXT_400_ENTRIES_REPEAT10_TOTAL_FREE_TREE_RESERVE_RETURN_MAX_RUN_BLOCKS	0
LIST_EXNEXT_400_ENTRIES_REPEAT10_TOTAL_FREE_TREE_RESERVE_RETURN_MAX_NODE_WRITES_PER_RUN	0
LIST_EXNEXT_400_ENTRIES_REPEAT10_TOTAL_POST_PUBLISH_RECLAIM_PASSES	0
LIST_EXNEXT_400_ENTRIES_REPEAT10_TOTAL_MAX_POST_PUBLISH_RECLAIM_PASSES_PER_COMMIT	0
LIST_EXNEXT_400_ENTRIES_REPEAT10_TOTAL_SUPERBLOCK_PUBLICATIONS	0
LIST_EXNEXT_400_ENTRIES_REPEAT10_TOTAL_FREE_TREE_RESERVE_RETURN_RUN_NODE_WRITES	0
LIST_EXNEXT_400_ENTRIES_REPEAT10_TOTAL_FREE_TREE_RESERVE_RETURN_BATCH_CALLS	0
LIST_EXNEXT_400_ENTRIES_REPEAT10_TOTAL_FREE_TREE_RESERVE_RETURN_BATCH_BLOCKS	0
LIST_EXNEXT_400_ENTRIES_REPEAT10_TOTAL_FREE_TREE_RESERVE_RETURN_BATCH_NODE_WRITES	0
LIST_EXNEXT_400_ENTRIES_REPEAT10_TOTAL_FREE_TREE_RESERVE_RETURN_SKIP_SHAPE	0
LIST_EXNEXT_400_ENTRIES_REPEAT10_TOTAL_FREE_TREE_RESERVE_RETURN_SKIP_SMALL	0
LIST_EXNEXT_400_ENTRIES_REPEAT10_TOTAL_FREE_TREE_RESERVE_RETURN_SKIP_EMERGENCY	0
LIST_EXNEXT_400_ENTRIES_REPEAT10_TOTAL_FREE_TREE_RESERVE_RETURN_SKIP_CAPACITY	0
LIST_EXNEXT_400_ENTRIES_REPEAT10_TOTAL_SEALED_COMMITS	0
LIST_EXNEXT_400_ENTRIES_REPEAT10_TOTAL_SEALED_METADATA_FENCES	0
LIST_EXNEXT_400_ENTRIES_REPEAT10_TOTAL_BTREE_MALLOC_CALLS	421
LIST_EXNEXT_400_ENTRIES_REPEAT10_TOTAL_BTREE_MALLOC_SAMPLES	421
LIST_EXNEXT_400_ENTRIES_REPEAT10_TOTAL_BTREE_MALLOC_SAMPLE_TICKS	2315
LIST_EXNEXT_400_ENTRIES_REPEAT10_TOTAL_BTREE_FREE_CALLS	4021
LIST_EXNEXT_400_ENTRIES_REPEAT10_TOTAL_BTREE_FREE_SAMPLES	4021
LIST_EXNEXT_400_ENTRIES_REPEAT10_TOTAL_BTREE_FREE_SAMPLE_TICKS	9914
LIST_EXNEXT_400_ENTRIES_REPEAT10_TOTAL_IFACE_ALLOC_CALLS	0
LIST_EXNEXT_400_ENTRIES_REPEAT10_TOTAL_IFACE_ALLOC_SAMPLES	0
LIST_EXNEXT_400_ENTRIES_REPEAT10_TOTAL_IFACE_ALLOC_SAMPLE_TICKS	0
LIST_EXNEXT_400_ENTRIES_REPEAT10_TOTAL_FREESPACE_ALLOC_SAMPLES	0
LIST_EXNEXT_400_ENTRIES_REPEAT10_TOTAL_FREESPACE_ALLOC_SAMPLE_TICKS	0
LIST_EXNEXT_400_ENTRIES_REPEAT10_TOTAL_PACKET_CALLS	4022
LIST_EXNEXT_400_ENTRIES_REPEAT10_TOTAL_PACKET_SAMPLES	4022
LIST_EXNEXT_400_ENTRIES_REPEAT10_TOTAL_PACKET_SAMPLE_TICKS	479524
LIST_EXNEXT_400_ENTRIES_REPEAT10_TOTAL_PACKET_OPEN_CALLS	0
LIST_EXNEXT_400_ENTRIES_REPEAT10_TOTAL_PACKET_OPEN_SAMPLES	0
LIST_EXNEXT_400_ENTRIES_REPEAT10_TOTAL_PACKET_OPEN_SAMPLE_TICKS	0
LIST_EXNEXT_400_ENTRIES_REPEAT10_TOTAL_PACKET_READ_CALLS	0
LIST_EXNEXT_400_ENTRIES_REPEAT10_TOTAL_PACKET_READ_SAMPLES	0
LIST_EXNEXT_400_ENTRIES_REPEAT10_TOTAL_PACKET_READ_SAMPLE_TICKS	0
LIST_EXNEXT_400_ENTRIES_REPEAT10_TOTAL_PACKET_WRITE_CALLS	0
LIST_EXNEXT_400_ENTRIES_REPEAT10_TOTAL_PACKET_WRITE_SAMPLES	0
LIST_EXNEXT_400_ENTRIES_REPEAT10_TOTAL_PACKET_WRITE_SAMPLE_TICKS	0
LIST_EXNEXT_400_ENTRIES_REPEAT10_TOTAL_PACKET_END_CALLS	0
LIST_EXNEXT_400_ENTRIES_REPEAT10_TOTAL_PACKET_END_SAMPLES	0
LIST_EXNEXT_400_ENTRIES_REPEAT10_TOTAL_PACKET_END_SAMPLE_TICKS	0
LIST_EXNEXT_400_ENTRIES_REPEAT10_TOTAL_PACKET_DELETE_CALLS	0
LIST_EXNEXT_400_ENTRIES_REPEAT10_TOTAL_PACKET_DELETE_SAMPLES	0
LIST_EXNEXT_400_ENTRIES_REPEAT10_TOTAL_PACKET_DELETE_SAMPLE_TICKS	0
LIST_EXNEXT_400_ENTRIES_REPEAT10_TOTAL_PACKET_FLUSH_CALLS	0
LIST_EXNEXT_400_ENTRIES_REPEAT10_TOTAL_PACKET_FLUSH_SAMPLES	0
LIST_EXNEXT_400_ENTRIES_REPEAT10_TOTAL_PACKET_FLUSH_SAMPLE_TICKS	0
LIST_EXNEXT_400_ENTRIES_REPEAT10_TOTAL_PACKET_OTHER_CALLS	4022
LIST_EXNEXT_400_ENTRIES_REPEAT10_TOTAL_PACKET_OTHER_SAMPLES	4022
LIST_EXNEXT_400_ENTRIES_REPEAT10_TOTAL_PACKET_OTHER_SAMPLE_TICKS	479524
LIST_EXNEXT_400_ENTRIES_REPEAT10_TOTAL_CORE_CREATE_CALLS	0
LIST_EXNEXT_400_ENTRIES_REPEAT10_TOTAL_CORE_CREATE_SAMPLES	0
LIST_EXNEXT_400_ENTRIES_REPEAT10_TOTAL_CORE_CREATE_SAMPLE_TICKS	0
LIST_EXNEXT_400_ENTRIES_REPEAT10_TOTAL_CORE_DELETE_CALLS	0
LIST_EXNEXT_400_ENTRIES_REPEAT10_TOTAL_CORE_DELETE_SAMPLES	0
LIST_EXNEXT_400_ENTRIES_REPEAT10_TOTAL_CORE_DELETE_SAMPLE_TICKS	0
LIST_EXNEXT_400_ENTRIES_REPEAT10_TOTAL_CORE_FILE_WRITE_CALLS	0
LIST_EXNEXT_400_ENTRIES_REPEAT10_TOTAL_CORE_FILE_WRITE_SAMPLES	0
LIST_EXNEXT_400_ENTRIES_REPEAT10_TOTAL_CORE_FILE_WRITE_SAMPLE_TICKS	0
LIST_EXNEXT_400_ENTRIES_REPEAT10_TOTAL_CORE_SYNC_CALLS	0
LIST_EXNEXT_400_ENTRIES_REPEAT10_TOTAL_CORE_SYNC_SAMPLES	0
LIST_EXNEXT_400_ENTRIES_REPEAT10_TOTAL_CORE_SYNC_SAMPLE_TICKS	0
LIST_EXNEXT_400_ENTRIES_REPEAT10_TOTAL_IFACE_FREE_CALLS	0
LIST_EXNEXT_400_ENTRIES_REPEAT10_TOTAL_IFACE_FREE_SAMPLES	0
LIST_EXNEXT_400_ENTRIES_REPEAT10_TOTAL_IFACE_FREE_SAMPLE_TICKS	0
LIST_EXNEXT_400_ENTRIES_REPEAT10_TOTAL_SEAL_COMMIT_CALLS	0
LIST_EXNEXT_400_ENTRIES_REPEAT10_TOTAL_SEAL_COMMIT_SAMPLES	0
LIST_EXNEXT_400_ENTRIES_REPEAT10_TOTAL_SEAL_COMMIT_SAMPLE_TICKS	0
LIST_EXNEXT_400_ENTRIES_REPEAT10_TOTAL_INODE_READ_CALLS	4010
LIST_EXNEXT_400_ENTRIES_REPEAT10_TOTAL_BTREE_SEARCH_CALLS	4011
LIST_EXNEXT_400_ENTRIES_REPEAT10_TOTAL_BTREE_INDEX_HINT_HITS	0
LIST_EXNEXT_400_ENTRIES_REPEAT10_TOTAL_BTREE_LEAF_HINT_HITS	1230
LIST_EXNEXT_400_ENTRIES_REPEAT10_TOTAL_CACHE_READ_CALLS	700
LIST_EXNEXT_400_ENTRIES_REPEAT10_TOTAL_CACHE_READ_HITS	0
LIST_EXNEXT_400_ENTRIES_REPEAT10_TOTAL_CACHE_READ_MISSES	700
LIST_EXNEXT_400_ENTRIES_REPEAT10_TOTAL_FREE_TREE_NODE_VIEWS	0
LIST_EXNEXT_400_ENTRIES_REPEAT10_TOTAL_FREE_TREE_RESIDENT_VIEWS	0
LIST_EXNEXT_400_ENTRIES_REPEAT10_TOTAL_DIR_TREE_NODE_VIEWS	2644
LIST_EXNEXT_400_ENTRIES_REPEAT10_TOTAL_DIR_TREE_RESIDENT_VIEWS	2144
LIST_EXNEXT_400_ENTRIES_REPEAT10_TOTAL_INODE_TREE_NODE_VIEWS	5560
LIST_EXNEXT_400_ENTRIES_REPEAT10_TOTAL_INODE_TREE_RESIDENT_VIEWS	5360
LIST_EXNEXT_400_ENTRIES_REPEAT10_TOTAL_REFCOUNT_TREE_NODE_VIEWS	0
LIST_EXNEXT_400_ENTRIES_REPEAT10_TOTAL_REFCOUNT_TREE_RESIDENT_VIEWS	0
LIST_EXNEXT_400_ENTRIES_REPEAT10_TOTAL_OTHER_TREE_NODE_VIEWS	0
LIST_EXNEXT_400_ENTRIES_REPEAT10_TOTAL_OTHER_TREE_RESIDENT_VIEWS	0
LIST_EXALL_400_ENTRIES_FIRST_PASS_US	65985
LIST_EXALL_400_ENTRIES_FIRST_PASS_BIO_READS	70
LIST_EXALL_400_ENTRIES_FIRST_PASS_BIO_WRITES	0
LIST_EXALL_400_ENTRIES_FIRST_PASS_BIO_UPDATES	0
LIST_EXALL_400_ENTRIES_FIRST_PASS_DATA_READS	0
LIST_EXALL_400_ENTRIES_FIRST_PASS_DATA_WRITES	0
LIST_EXALL_400_ENTRIES_FIRST_PASS_NODE_WRITES	0
LIST_EXALL_400_ENTRIES_FIRST_PASS_TXN_COMMITS	0
LIST_EXALL_400_ENTRIES_FIRST_PASS_FREESPACE_ALLOCS	0
LIST_EXALL_400_ENTRIES_FIRST_PASS_EXTENT_MAPS	0
LIST_EXALL_400_ENTRIES_FIRST_PASS_READ_TICKS	6319
LIST_EXALL_400_ENTRIES_FIRST_PASS_WRITE_TICKS	0
LIST_EXALL_400_ENTRIES_FIRST_PASS_UPDATE_TICKS	0
LIST_EXALL_400_ENTRIES_FIRST_PASS_DATA_READ_TICKS	0
LIST_EXALL_400_ENTRIES_FIRST_PASS_DATA_WRITE_TICKS	0
LIST_EXALL_400_ENTRIES_FIRST_PASS_FREE_TREE_NODE_WRITES	0
LIST_EXALL_400_ENTRIES_FIRST_PASS_FREE_TREE_ALLOCATION_BODY_NODE_WRITES	0
LIST_EXALL_400_ENTRIES_FIRST_PASS_FREE_TREE_RESERVE_REFILL_NODE_WRITES	0
LIST_EXALL_400_ENTRIES_FIRST_PASS_FREE_TREE_RESERVE_RETURN_NODE_WRITES	0
LIST_EXALL_400_ENTRIES_FIRST_PASS_FREE_TREE_POST_PUBLISH_PENDING_RECLAIM_NODE_WRITES	0
LIST_EXALL_400_ENTRIES_FIRST_PASS_FREE_TREE_OTHER_NODE_WRITES	0
LIST_EXALL_400_ENTRIES_FIRST_PASS_DIR_TREE_NODE_WRITES	0
LIST_EXALL_400_ENTRIES_FIRST_PASS_INODE_TREE_NODE_WRITES	0
LIST_EXALL_400_ENTRIES_FIRST_PASS_REFCOUNT_TREE_NODE_WRITES	0
LIST_EXALL_400_ENTRIES_FIRST_PASS_OTHER_TREE_NODE_WRITES	0
LIST_EXALL_400_ENTRIES_FIRST_PASS_NODE_CRC_READ_CALLS	70
LIST_EXALL_400_ENTRIES_FIRST_PASS_NODE_CRC_READ_SAMPLES	1
LIST_EXALL_400_ENTRIES_FIRST_PASS_NODE_CRC_READ_SAMPLE_TICKS	182
LIST_EXALL_400_ENTRIES_FIRST_PASS_NODE_CRC_WRITE_CALLS	0
LIST_EXALL_400_ENTRIES_FIRST_PASS_NODE_CRC_WRITE_SAMPLES	0
LIST_EXALL_400_ENTRIES_FIRST_PASS_NODE_CRC_WRITE_SAMPLE_TICKS	0
LIST_EXALL_400_ENTRIES_FIRST_PASS_CLOCK_PAIR_TICKS	0
LIST_EXALL_400_ENTRIES_FIRST_PASS_FREE_TREE_RESERVE_RETURN_CALLS	0
LIST_EXALL_400_ENTRIES_FIRST_PASS_FREE_TREE_RESERVE_RETURN_RUNS	0
LIST_EXALL_400_ENTRIES_FIRST_PASS_FREE_TREE_RESERVE_RETURN_BLOCKS	0
LIST_EXALL_400_ENTRIES_FIRST_PASS_FREE_TREE_RESERVE_RETURN_RUNS_1_BLOCK	0
LIST_EXALL_400_ENTRIES_FIRST_PASS_FREE_TREE_RESERVE_RETURN_RUNS_2_3_BLOCKS	0
LIST_EXALL_400_ENTRIES_FIRST_PASS_FREE_TREE_RESERVE_RETURN_RUNS_4_7_BLOCKS	0
LIST_EXALL_400_ENTRIES_FIRST_PASS_FREE_TREE_RESERVE_RETURN_RUNS_8_PLUS_BLOCKS	0
LIST_EXALL_400_ENTRIES_FIRST_PASS_FREE_TREE_RESERVE_RETURN_MAX_RUN_BLOCKS	0
LIST_EXALL_400_ENTRIES_FIRST_PASS_FREE_TREE_RESERVE_RETURN_MAX_NODE_WRITES_PER_RUN	0
LIST_EXALL_400_ENTRIES_FIRST_PASS_POST_PUBLISH_RECLAIM_PASSES	0
LIST_EXALL_400_ENTRIES_FIRST_PASS_MAX_POST_PUBLISH_RECLAIM_PASSES_PER_COMMIT	0
LIST_EXALL_400_ENTRIES_FIRST_PASS_SUPERBLOCK_PUBLICATIONS	0
LIST_EXALL_400_ENTRIES_FIRST_PASS_FREE_TREE_RESERVE_RETURN_RUN_NODE_WRITES	0
LIST_EXALL_400_ENTRIES_FIRST_PASS_FREE_TREE_RESERVE_RETURN_BATCH_CALLS	0
LIST_EXALL_400_ENTRIES_FIRST_PASS_FREE_TREE_RESERVE_RETURN_BATCH_BLOCKS	0
LIST_EXALL_400_ENTRIES_FIRST_PASS_FREE_TREE_RESERVE_RETURN_BATCH_NODE_WRITES	0
LIST_EXALL_400_ENTRIES_FIRST_PASS_FREE_TREE_RESERVE_RETURN_SKIP_SHAPE	0
LIST_EXALL_400_ENTRIES_FIRST_PASS_FREE_TREE_RESERVE_RETURN_SKIP_SMALL	0
LIST_EXALL_400_ENTRIES_FIRST_PASS_FREE_TREE_RESERVE_RETURN_SKIP_EMERGENCY	0
LIST_EXALL_400_ENTRIES_FIRST_PASS_FREE_TREE_RESERVE_RETURN_SKIP_CAPACITY	0
LIST_EXALL_400_ENTRIES_FIRST_PASS_SEALED_COMMITS	0
LIST_EXALL_400_ENTRIES_FIRST_PASS_SEALED_METADATA_FENCES	0
LIST_EXALL_400_ENTRIES_FIRST_PASS_BTREE_MALLOC_CALLS	6
LIST_EXALL_400_ENTRIES_FIRST_PASS_BTREE_MALLOC_SAMPLES	6
LIST_EXALL_400_ENTRIES_FIRST_PASS_BTREE_MALLOC_SAMPLE_TICKS	171
LIST_EXALL_400_ENTRIES_FIRST_PASS_BTREE_FREE_CALLS	6
LIST_EXALL_400_ENTRIES_FIRST_PASS_BTREE_FREE_SAMPLES	6
LIST_EXALL_400_ENTRIES_FIRST_PASS_BTREE_FREE_SAMPLE_TICKS	79
LIST_EXALL_400_ENTRIES_FIRST_PASS_IFACE_ALLOC_CALLS	0
LIST_EXALL_400_ENTRIES_FIRST_PASS_IFACE_ALLOC_SAMPLES	0
LIST_EXALL_400_ENTRIES_FIRST_PASS_IFACE_ALLOC_SAMPLE_TICKS	0
LIST_EXALL_400_ENTRIES_FIRST_PASS_FREESPACE_ALLOC_SAMPLES	0
LIST_EXALL_400_ENTRIES_FIRST_PASS_FREESPACE_ALLOC_SAMPLE_TICKS	0
LIST_EXALL_400_ENTRIES_FIRST_PASS_PACKET_CALLS	7
LIST_EXALL_400_ENTRIES_FIRST_PASS_PACKET_SAMPLES	7
LIST_EXALL_400_ENTRIES_FIRST_PASS_PACKET_SAMPLE_TICKS	46173
LIST_EXALL_400_ENTRIES_FIRST_PASS_PACKET_OPEN_CALLS	0
LIST_EXALL_400_ENTRIES_FIRST_PASS_PACKET_OPEN_SAMPLES	0
LIST_EXALL_400_ENTRIES_FIRST_PASS_PACKET_OPEN_SAMPLE_TICKS	0
LIST_EXALL_400_ENTRIES_FIRST_PASS_PACKET_READ_CALLS	0
LIST_EXALL_400_ENTRIES_FIRST_PASS_PACKET_READ_SAMPLES	0
LIST_EXALL_400_ENTRIES_FIRST_PASS_PACKET_READ_SAMPLE_TICKS	0
LIST_EXALL_400_ENTRIES_FIRST_PASS_PACKET_WRITE_CALLS	0
LIST_EXALL_400_ENTRIES_FIRST_PASS_PACKET_WRITE_SAMPLES	0
LIST_EXALL_400_ENTRIES_FIRST_PASS_PACKET_WRITE_SAMPLE_TICKS	0
LIST_EXALL_400_ENTRIES_FIRST_PASS_PACKET_END_CALLS	0
LIST_EXALL_400_ENTRIES_FIRST_PASS_PACKET_END_SAMPLES	0
LIST_EXALL_400_ENTRIES_FIRST_PASS_PACKET_END_SAMPLE_TICKS	0
LIST_EXALL_400_ENTRIES_FIRST_PASS_PACKET_DELETE_CALLS	0
LIST_EXALL_400_ENTRIES_FIRST_PASS_PACKET_DELETE_SAMPLES	0
LIST_EXALL_400_ENTRIES_FIRST_PASS_PACKET_DELETE_SAMPLE_TICKS	0
LIST_EXALL_400_ENTRIES_FIRST_PASS_PACKET_FLUSH_CALLS	0
LIST_EXALL_400_ENTRIES_FIRST_PASS_PACKET_FLUSH_SAMPLES	0
LIST_EXALL_400_ENTRIES_FIRST_PASS_PACKET_FLUSH_SAMPLE_TICKS	0
LIST_EXALL_400_ENTRIES_FIRST_PASS_PACKET_OTHER_CALLS	7
LIST_EXALL_400_ENTRIES_FIRST_PASS_PACKET_OTHER_SAMPLES	7
LIST_EXALL_400_ENTRIES_FIRST_PASS_PACKET_OTHER_SAMPLE_TICKS	46173
LIST_EXALL_400_ENTRIES_FIRST_PASS_CORE_CREATE_CALLS	0
LIST_EXALL_400_ENTRIES_FIRST_PASS_CORE_CREATE_SAMPLES	0
LIST_EXALL_400_ENTRIES_FIRST_PASS_CORE_CREATE_SAMPLE_TICKS	0
LIST_EXALL_400_ENTRIES_FIRST_PASS_CORE_DELETE_CALLS	0
LIST_EXALL_400_ENTRIES_FIRST_PASS_CORE_DELETE_SAMPLES	0
LIST_EXALL_400_ENTRIES_FIRST_PASS_CORE_DELETE_SAMPLE_TICKS	0
LIST_EXALL_400_ENTRIES_FIRST_PASS_CORE_FILE_WRITE_CALLS	0
LIST_EXALL_400_ENTRIES_FIRST_PASS_CORE_FILE_WRITE_SAMPLES	0
LIST_EXALL_400_ENTRIES_FIRST_PASS_CORE_FILE_WRITE_SAMPLE_TICKS	0
LIST_EXALL_400_ENTRIES_FIRST_PASS_CORE_SYNC_CALLS	0
LIST_EXALL_400_ENTRIES_FIRST_PASS_CORE_SYNC_SAMPLES	0
LIST_EXALL_400_ENTRIES_FIRST_PASS_CORE_SYNC_SAMPLE_TICKS	0
LIST_EXALL_400_ENTRIES_FIRST_PASS_IFACE_FREE_CALLS	0
LIST_EXALL_400_ENTRIES_FIRST_PASS_IFACE_FREE_SAMPLES	0
LIST_EXALL_400_ENTRIES_FIRST_PASS_IFACE_FREE_SAMPLE_TICKS	0
LIST_EXALL_400_ENTRIES_FIRST_PASS_SEAL_COMMIT_CALLS	0
LIST_EXALL_400_ENTRIES_FIRST_PASS_SEAL_COMMIT_SAMPLES	0
LIST_EXALL_400_ENTRIES_FIRST_PASS_SEAL_COMMIT_SAMPLE_TICKS	0
LIST_EXALL_400_ENTRIES_FIRST_PASS_INODE_READ_CALLS	404
LIST_EXALL_400_ENTRIES_FIRST_PASS_BTREE_SEARCH_CALLS	405
LIST_EXALL_400_ENTRIES_FIRST_PASS_BTREE_INDEX_HINT_HITS	4
LIST_EXALL_400_ENTRIES_FIRST_PASS_BTREE_LEAF_HINT_HITS	106
LIST_EXALL_400_ENTRIES_FIRST_PASS_CACHE_READ_CALLS	70
LIST_EXALL_400_ENTRIES_FIRST_PASS_CACHE_READ_HITS	0
LIST_EXALL_400_ENTRIES_FIRST_PASS_CACHE_READ_MISSES	70
LIST_EXALL_400_ENTRIES_FIRST_PASS_FREE_TREE_NODE_VIEWS	0
LIST_EXALL_400_ENTRIES_FIRST_PASS_FREE_TREE_RESIDENT_VIEWS	0
LIST_EXALL_400_ENTRIES_FIRST_PASS_DIR_TREE_NODE_VIEWS	122
LIST_EXALL_400_ENTRIES_FIRST_PASS_DIR_TREE_RESIDENT_VIEWS	72
LIST_EXALL_400_ENTRIES_FIRST_PASS_INODE_TREE_NODE_VIEWS	588
LIST_EXALL_400_ENTRIES_FIRST_PASS_INODE_TREE_RESIDENT_VIEWS	568
LIST_EXALL_400_ENTRIES_FIRST_PASS_REFCOUNT_TREE_NODE_VIEWS	0
LIST_EXALL_400_ENTRIES_FIRST_PASS_REFCOUNT_TREE_RESIDENT_VIEWS	0
LIST_EXALL_400_ENTRIES_FIRST_PASS_OTHER_TREE_NODE_VIEWS	0
LIST_EXALL_400_ENTRIES_FIRST_PASS_OTHER_TREE_RESIDENT_VIEWS	0
LIST_EXALL_400_ENTRIES_REPEAT10_TOTAL_US	453311
LIST_EXALL_400_ENTRIES_REPEAT10_TOTAL_BIO_READS	693
LIST_EXALL_400_ENTRIES_REPEAT10_TOTAL_BIO_WRITES	0
LIST_EXALL_400_ENTRIES_REPEAT10_TOTAL_BIO_UPDATES	0
LIST_EXALL_400_ENTRIES_REPEAT10_TOTAL_DATA_READS	0
LIST_EXALL_400_ENTRIES_REPEAT10_TOTAL_DATA_WRITES	0
LIST_EXALL_400_ENTRIES_REPEAT10_TOTAL_NODE_WRITES	0
LIST_EXALL_400_ENTRIES_REPEAT10_TOTAL_TXN_COMMITS	0
LIST_EXALL_400_ENTRIES_REPEAT10_TOTAL_FREESPACE_ALLOCS	0
LIST_EXALL_400_ENTRIES_REPEAT10_TOTAL_EXTENT_MAPS	0
LIST_EXALL_400_ENTRIES_REPEAT10_TOTAL_READ_TICKS	45673
LIST_EXALL_400_ENTRIES_REPEAT10_TOTAL_WRITE_TICKS	0
LIST_EXALL_400_ENTRIES_REPEAT10_TOTAL_UPDATE_TICKS	0
LIST_EXALL_400_ENTRIES_REPEAT10_TOTAL_DATA_READ_TICKS	0
LIST_EXALL_400_ENTRIES_REPEAT10_TOTAL_DATA_WRITE_TICKS	0
LIST_EXALL_400_ENTRIES_REPEAT10_TOTAL_FREE_TREE_NODE_WRITES	0
LIST_EXALL_400_ENTRIES_REPEAT10_TOTAL_FREE_TREE_ALLOCATION_BODY_NODE_WRITES	0
LIST_EXALL_400_ENTRIES_REPEAT10_TOTAL_FREE_TREE_RESERVE_REFILL_NODE_WRITES	0
LIST_EXALL_400_ENTRIES_REPEAT10_TOTAL_FREE_TREE_RESERVE_RETURN_NODE_WRITES	0
LIST_EXALL_400_ENTRIES_REPEAT10_TOTAL_FREE_TREE_POST_PUBLISH_PENDING_RECLAIM_NODE_WRITES	0
LIST_EXALL_400_ENTRIES_REPEAT10_TOTAL_FREE_TREE_OTHER_NODE_WRITES	0
LIST_EXALL_400_ENTRIES_REPEAT10_TOTAL_DIR_TREE_NODE_WRITES	0
LIST_EXALL_400_ENTRIES_REPEAT10_TOTAL_INODE_TREE_NODE_WRITES	0
LIST_EXALL_400_ENTRIES_REPEAT10_TOTAL_REFCOUNT_TREE_NODE_WRITES	0
LIST_EXALL_400_ENTRIES_REPEAT10_TOTAL_OTHER_TREE_NODE_WRITES	0
LIST_EXALL_400_ENTRIES_REPEAT10_TOTAL_NODE_CRC_READ_CALLS	693
LIST_EXALL_400_ENTRIES_REPEAT10_TOTAL_NODE_CRC_READ_SAMPLES	10
LIST_EXALL_400_ENTRIES_REPEAT10_TOTAL_NODE_CRC_READ_SAMPLE_TICKS	1771
LIST_EXALL_400_ENTRIES_REPEAT10_TOTAL_NODE_CRC_WRITE_CALLS	0
LIST_EXALL_400_ENTRIES_REPEAT10_TOTAL_NODE_CRC_WRITE_SAMPLES	0
LIST_EXALL_400_ENTRIES_REPEAT10_TOTAL_NODE_CRC_WRITE_SAMPLE_TICKS	0
LIST_EXALL_400_ENTRIES_REPEAT10_TOTAL_CLOCK_PAIR_TICKS	0
LIST_EXALL_400_ENTRIES_REPEAT10_TOTAL_FREE_TREE_RESERVE_RETURN_CALLS	0
LIST_EXALL_400_ENTRIES_REPEAT10_TOTAL_FREE_TREE_RESERVE_RETURN_RUNS	0
LIST_EXALL_400_ENTRIES_REPEAT10_TOTAL_FREE_TREE_RESERVE_RETURN_BLOCKS	0
LIST_EXALL_400_ENTRIES_REPEAT10_TOTAL_FREE_TREE_RESERVE_RETURN_RUNS_1_BLOCK	0
LIST_EXALL_400_ENTRIES_REPEAT10_TOTAL_FREE_TREE_RESERVE_RETURN_RUNS_2_3_BLOCKS	0
LIST_EXALL_400_ENTRIES_REPEAT10_TOTAL_FREE_TREE_RESERVE_RETURN_RUNS_4_7_BLOCKS	0
LIST_EXALL_400_ENTRIES_REPEAT10_TOTAL_FREE_TREE_RESERVE_RETURN_RUNS_8_PLUS_BLOCKS	0
LIST_EXALL_400_ENTRIES_REPEAT10_TOTAL_FREE_TREE_RESERVE_RETURN_MAX_RUN_BLOCKS	0
LIST_EXALL_400_ENTRIES_REPEAT10_TOTAL_FREE_TREE_RESERVE_RETURN_MAX_NODE_WRITES_PER_RUN	0
LIST_EXALL_400_ENTRIES_REPEAT10_TOTAL_POST_PUBLISH_RECLAIM_PASSES	0
LIST_EXALL_400_ENTRIES_REPEAT10_TOTAL_MAX_POST_PUBLISH_RECLAIM_PASSES_PER_COMMIT	0
LIST_EXALL_400_ENTRIES_REPEAT10_TOTAL_SUPERBLOCK_PUBLICATIONS	0
LIST_EXALL_400_ENTRIES_REPEAT10_TOTAL_FREE_TREE_RESERVE_RETURN_RUN_NODE_WRITES	0
LIST_EXALL_400_ENTRIES_REPEAT10_TOTAL_FREE_TREE_RESERVE_RETURN_BATCH_CALLS	0
LIST_EXALL_400_ENTRIES_REPEAT10_TOTAL_FREE_TREE_RESERVE_RETURN_BATCH_BLOCKS	0
LIST_EXALL_400_ENTRIES_REPEAT10_TOTAL_FREE_TREE_RESERVE_RETURN_BATCH_NODE_WRITES	0
LIST_EXALL_400_ENTRIES_REPEAT10_TOTAL_FREE_TREE_RESERVE_RETURN_SKIP_SHAPE	0
LIST_EXALL_400_ENTRIES_REPEAT10_TOTAL_FREE_TREE_RESERVE_RETURN_SKIP_SMALL	0
LIST_EXALL_400_ENTRIES_REPEAT10_TOTAL_FREE_TREE_RESERVE_RETURN_SKIP_EMERGENCY	0
LIST_EXALL_400_ENTRIES_REPEAT10_TOTAL_FREE_TREE_RESERVE_RETURN_SKIP_CAPACITY	0
LIST_EXALL_400_ENTRIES_REPEAT10_TOTAL_SEALED_COMMITS	0
LIST_EXALL_400_ENTRIES_REPEAT10_TOTAL_SEALED_METADATA_FENCES	0
LIST_EXALL_400_ENTRIES_REPEAT10_TOTAL_BTREE_MALLOC_CALLS	51
LIST_EXALL_400_ENTRIES_REPEAT10_TOTAL_BTREE_MALLOC_SAMPLES	51
LIST_EXALL_400_ENTRIES_REPEAT10_TOTAL_BTREE_MALLOC_SAMPLE_TICKS	412
LIST_EXALL_400_ENTRIES_REPEAT10_TOTAL_BTREE_FREE_CALLS	51
LIST_EXALL_400_ENTRIES_REPEAT10_TOTAL_BTREE_FREE_SAMPLES	51
LIST_EXALL_400_ENTRIES_REPEAT10_TOTAL_BTREE_FREE_SAMPLE_TICKS	238
LIST_EXALL_400_ENTRIES_REPEAT10_TOTAL_IFACE_ALLOC_CALLS	0
LIST_EXALL_400_ENTRIES_REPEAT10_TOTAL_IFACE_ALLOC_SAMPLES	0
LIST_EXALL_400_ENTRIES_REPEAT10_TOTAL_IFACE_ALLOC_SAMPLE_TICKS	0
LIST_EXALL_400_ENTRIES_REPEAT10_TOTAL_FREESPACE_ALLOC_SAMPLES	0
LIST_EXALL_400_ENTRIES_REPEAT10_TOTAL_FREESPACE_ALLOC_SAMPLE_TICKS	0
LIST_EXALL_400_ENTRIES_REPEAT10_TOTAL_PACKET_CALLS	52
LIST_EXALL_400_ENTRIES_REPEAT10_TOTAL_PACKET_SAMPLES	52
LIST_EXALL_400_ENTRIES_REPEAT10_TOTAL_PACKET_SAMPLE_TICKS	316745
LIST_EXALL_400_ENTRIES_REPEAT10_TOTAL_PACKET_OPEN_CALLS	0
LIST_EXALL_400_ENTRIES_REPEAT10_TOTAL_PACKET_OPEN_SAMPLES	0
LIST_EXALL_400_ENTRIES_REPEAT10_TOTAL_PACKET_OPEN_SAMPLE_TICKS	0
LIST_EXALL_400_ENTRIES_REPEAT10_TOTAL_PACKET_READ_CALLS	0
LIST_EXALL_400_ENTRIES_REPEAT10_TOTAL_PACKET_READ_SAMPLES	0
LIST_EXALL_400_ENTRIES_REPEAT10_TOTAL_PACKET_READ_SAMPLE_TICKS	0
LIST_EXALL_400_ENTRIES_REPEAT10_TOTAL_PACKET_WRITE_CALLS	0
LIST_EXALL_400_ENTRIES_REPEAT10_TOTAL_PACKET_WRITE_SAMPLES	0
LIST_EXALL_400_ENTRIES_REPEAT10_TOTAL_PACKET_WRITE_SAMPLE_TICKS	0
LIST_EXALL_400_ENTRIES_REPEAT10_TOTAL_PACKET_END_CALLS	0
LIST_EXALL_400_ENTRIES_REPEAT10_TOTAL_PACKET_END_SAMPLES	0
LIST_EXALL_400_ENTRIES_REPEAT10_TOTAL_PACKET_END_SAMPLE_TICKS	0
LIST_EXALL_400_ENTRIES_REPEAT10_TOTAL_PACKET_DELETE_CALLS	0
LIST_EXALL_400_ENTRIES_REPEAT10_TOTAL_PACKET_DELETE_SAMPLES	0
LIST_EXALL_400_ENTRIES_REPEAT10_TOTAL_PACKET_DELETE_SAMPLE_TICKS	0
LIST_EXALL_400_ENTRIES_REPEAT10_TOTAL_PACKET_FLUSH_CALLS	0
LIST_EXALL_400_ENTRIES_REPEAT10_TOTAL_PACKET_FLUSH_SAMPLES	0
LIST_EXALL_400_ENTRIES_REPEAT10_TOTAL_PACKET_FLUSH_SAMPLE_TICKS	0
LIST_EXALL_400_ENTRIES_REPEAT10_TOTAL_PACKET_OTHER_CALLS	52
LIST_EXALL_400_ENTRIES_REPEAT10_TOTAL_PACKET_OTHER_SAMPLES	52
LIST_EXALL_400_ENTRIES_REPEAT10_TOTAL_PACKET_OTHER_SAMPLE_TICKS	316745
LIST_EXALL_400_ENTRIES_REPEAT10_TOTAL_CORE_CREATE_CALLS	0
LIST_EXALL_400_ENTRIES_REPEAT10_TOTAL_CORE_CREATE_SAMPLES	0
LIST_EXALL_400_ENTRIES_REPEAT10_TOTAL_CORE_CREATE_SAMPLE_TICKS	0
LIST_EXALL_400_ENTRIES_REPEAT10_TOTAL_CORE_DELETE_CALLS	0
LIST_EXALL_400_ENTRIES_REPEAT10_TOTAL_CORE_DELETE_SAMPLES	0
LIST_EXALL_400_ENTRIES_REPEAT10_TOTAL_CORE_DELETE_SAMPLE_TICKS	0
LIST_EXALL_400_ENTRIES_REPEAT10_TOTAL_CORE_FILE_WRITE_CALLS	0
LIST_EXALL_400_ENTRIES_REPEAT10_TOTAL_CORE_FILE_WRITE_SAMPLES	0
LIST_EXALL_400_ENTRIES_REPEAT10_TOTAL_CORE_FILE_WRITE_SAMPLE_TICKS	0
LIST_EXALL_400_ENTRIES_REPEAT10_TOTAL_CORE_SYNC_CALLS	0
LIST_EXALL_400_ENTRIES_REPEAT10_TOTAL_CORE_SYNC_SAMPLES	0
LIST_EXALL_400_ENTRIES_REPEAT10_TOTAL_CORE_SYNC_SAMPLE_TICKS	0
LIST_EXALL_400_ENTRIES_REPEAT10_TOTAL_IFACE_FREE_CALLS	0
LIST_EXALL_400_ENTRIES_REPEAT10_TOTAL_IFACE_FREE_SAMPLES	0
LIST_EXALL_400_ENTRIES_REPEAT10_TOTAL_IFACE_FREE_SAMPLE_TICKS	0
LIST_EXALL_400_ENTRIES_REPEAT10_TOTAL_SEAL_COMMIT_CALLS	0
LIST_EXALL_400_ENTRIES_REPEAT10_TOTAL_SEAL_COMMIT_SAMPLES	0
LIST_EXALL_400_ENTRIES_REPEAT10_TOTAL_SEAL_COMMIT_SAMPLE_TICKS	0
LIST_EXALL_400_ENTRIES_REPEAT10_TOTAL_INODE_READ_CALLS	4040
LIST_EXALL_400_ENTRIES_REPEAT10_TOTAL_BTREE_SEARCH_CALLS	4041
LIST_EXALL_400_ENTRIES_REPEAT10_TOTAL_BTREE_INDEX_HINT_HITS	40
LIST_EXALL_400_ENTRIES_REPEAT10_TOTAL_BTREE_LEAF_HINT_HITS	1060
LIST_EXALL_400_ENTRIES_REPEAT10_TOTAL_CACHE_READ_CALLS	693
LIST_EXALL_400_ENTRIES_REPEAT10_TOTAL_CACHE_READ_HITS	0
LIST_EXALL_400_ENTRIES_REPEAT10_TOTAL_CACHE_READ_MISSES	693
LIST_EXALL_400_ENTRIES_REPEAT10_TOTAL_FREE_TREE_NODE_VIEWS	0
LIST_EXALL_400_ENTRIES_REPEAT10_TOTAL_FREE_TREE_RESIDENT_VIEWS	0
LIST_EXALL_400_ENTRIES_REPEAT10_TOTAL_DIR_TREE_NODE_VIEWS	1184
LIST_EXALL_400_ENTRIES_REPEAT10_TOTAL_DIR_TREE_RESIDENT_VIEWS	682
LIST_EXALL_400_ENTRIES_REPEAT10_TOTAL_INODE_TREE_NODE_VIEWS	5880
LIST_EXALL_400_ENTRIES_REPEAT10_TOTAL_INODE_TREE_RESIDENT_VIEWS	5689
LIST_EXALL_400_ENTRIES_REPEAT10_TOTAL_REFCOUNT_TREE_NODE_VIEWS	0
LIST_EXALL_400_ENTRIES_REPEAT10_TOTAL_REFCOUNT_TREE_RESIDENT_VIEWS	0
LIST_EXALL_400_ENTRIES_REPEAT10_TOTAL_OTHER_TREE_NODE_VIEWS	0
LIST_EXALL_400_ENTRIES_REPEAT10_TOTAL_OTHER_TREE_RESIDENT_VIEWS	0
LIST_EXNEXT_1000_ENTRIES_FIRST_PASS_US	200320
LIST_EXNEXT_1000_ENTRIES_FIRST_PASS_BIO_READS	182
LIST_EXNEXT_1000_ENTRIES_FIRST_PASS_BIO_WRITES	0
LIST_EXNEXT_1000_ENTRIES_FIRST_PASS_BIO_UPDATES	0
LIST_EXNEXT_1000_ENTRIES_FIRST_PASS_DATA_READS	0
LIST_EXNEXT_1000_ENTRIES_FIRST_PASS_DATA_WRITES	0
LIST_EXNEXT_1000_ENTRIES_FIRST_PASS_NODE_WRITES	0
LIST_EXNEXT_1000_ENTRIES_FIRST_PASS_TXN_COMMITS	0
LIST_EXNEXT_1000_ENTRIES_FIRST_PASS_FREESPACE_ALLOCS	0
LIST_EXNEXT_1000_ENTRIES_FIRST_PASS_EXTENT_MAPS	0
LIST_EXNEXT_1000_ENTRIES_FIRST_PASS_READ_TICKS	13767
LIST_EXNEXT_1000_ENTRIES_FIRST_PASS_WRITE_TICKS	0
LIST_EXNEXT_1000_ENTRIES_FIRST_PASS_UPDATE_TICKS	0
LIST_EXNEXT_1000_ENTRIES_FIRST_PASS_DATA_READ_TICKS	0
LIST_EXNEXT_1000_ENTRIES_FIRST_PASS_DATA_WRITE_TICKS	0
LIST_EXNEXT_1000_ENTRIES_FIRST_PASS_FREE_TREE_NODE_WRITES	0
LIST_EXNEXT_1000_ENTRIES_FIRST_PASS_FREE_TREE_ALLOCATION_BODY_NODE_WRITES	0
LIST_EXNEXT_1000_ENTRIES_FIRST_PASS_FREE_TREE_RESERVE_REFILL_NODE_WRITES	0
LIST_EXNEXT_1000_ENTRIES_FIRST_PASS_FREE_TREE_RESERVE_RETURN_NODE_WRITES	0
LIST_EXNEXT_1000_ENTRIES_FIRST_PASS_FREE_TREE_POST_PUBLISH_PENDING_RECLAIM_NODE_WRITES	0
LIST_EXNEXT_1000_ENTRIES_FIRST_PASS_FREE_TREE_OTHER_NODE_WRITES	0
LIST_EXNEXT_1000_ENTRIES_FIRST_PASS_DIR_TREE_NODE_WRITES	0
LIST_EXNEXT_1000_ENTRIES_FIRST_PASS_INODE_TREE_NODE_WRITES	0
LIST_EXNEXT_1000_ENTRIES_FIRST_PASS_REFCOUNT_TREE_NODE_WRITES	0
LIST_EXNEXT_1000_ENTRIES_FIRST_PASS_OTHER_TREE_NODE_WRITES	0
LIST_EXNEXT_1000_ENTRIES_FIRST_PASS_NODE_CRC_READ_CALLS	182
LIST_EXNEXT_1000_ENTRIES_FIRST_PASS_NODE_CRC_READ_SAMPLES	2
LIST_EXNEXT_1000_ENTRIES_FIRST_PASS_NODE_CRC_READ_SAMPLE_TICKS	317
LIST_EXNEXT_1000_ENTRIES_FIRST_PASS_NODE_CRC_WRITE_CALLS	0
LIST_EXNEXT_1000_ENTRIES_FIRST_PASS_NODE_CRC_WRITE_SAMPLES	0
LIST_EXNEXT_1000_ENTRIES_FIRST_PASS_NODE_CRC_WRITE_SAMPLE_TICKS	0
LIST_EXNEXT_1000_ENTRIES_FIRST_PASS_CLOCK_PAIR_TICKS	0
LIST_EXNEXT_1000_ENTRIES_FIRST_PASS_FREE_TREE_RESERVE_RETURN_CALLS	0
LIST_EXNEXT_1000_ENTRIES_FIRST_PASS_FREE_TREE_RESERVE_RETURN_RUNS	0
LIST_EXNEXT_1000_ENTRIES_FIRST_PASS_FREE_TREE_RESERVE_RETURN_BLOCKS	0
LIST_EXNEXT_1000_ENTRIES_FIRST_PASS_FREE_TREE_RESERVE_RETURN_RUNS_1_BLOCK	0
LIST_EXNEXT_1000_ENTRIES_FIRST_PASS_FREE_TREE_RESERVE_RETURN_RUNS_2_3_BLOCKS	0
LIST_EXNEXT_1000_ENTRIES_FIRST_PASS_FREE_TREE_RESERVE_RETURN_RUNS_4_7_BLOCKS	0
LIST_EXNEXT_1000_ENTRIES_FIRST_PASS_FREE_TREE_RESERVE_RETURN_RUNS_8_PLUS_BLOCKS	0
LIST_EXNEXT_1000_ENTRIES_FIRST_PASS_FREE_TREE_RESERVE_RETURN_MAX_RUN_BLOCKS	0
LIST_EXNEXT_1000_ENTRIES_FIRST_PASS_FREE_TREE_RESERVE_RETURN_MAX_NODE_WRITES_PER_RUN	0
LIST_EXNEXT_1000_ENTRIES_FIRST_PASS_POST_PUBLISH_RECLAIM_PASSES	0
LIST_EXNEXT_1000_ENTRIES_FIRST_PASS_MAX_POST_PUBLISH_RECLAIM_PASSES_PER_COMMIT	0
LIST_EXNEXT_1000_ENTRIES_FIRST_PASS_SUPERBLOCK_PUBLICATIONS	0
LIST_EXNEXT_1000_ENTRIES_FIRST_PASS_FREE_TREE_RESERVE_RETURN_RUN_NODE_WRITES	0
LIST_EXNEXT_1000_ENTRIES_FIRST_PASS_FREE_TREE_RESERVE_RETURN_BATCH_CALLS	0
LIST_EXNEXT_1000_ENTRIES_FIRST_PASS_FREE_TREE_RESERVE_RETURN_BATCH_BLOCKS	0
LIST_EXNEXT_1000_ENTRIES_FIRST_PASS_FREE_TREE_RESERVE_RETURN_BATCH_NODE_WRITES	0
LIST_EXNEXT_1000_ENTRIES_FIRST_PASS_FREE_TREE_RESERVE_RETURN_SKIP_SHAPE	0
LIST_EXNEXT_1000_ENTRIES_FIRST_PASS_FREE_TREE_RESERVE_RETURN_SKIP_SMALL	0
LIST_EXNEXT_1000_ENTRIES_FIRST_PASS_FREE_TREE_RESERVE_RETURN_SKIP_EMERGENCY	0
LIST_EXNEXT_1000_ENTRIES_FIRST_PASS_FREE_TREE_RESERVE_RETURN_SKIP_CAPACITY	0
LIST_EXNEXT_1000_ENTRIES_FIRST_PASS_SEALED_COMMITS	0
LIST_EXNEXT_1000_ENTRIES_FIRST_PASS_SEALED_METADATA_FENCES	0
LIST_EXNEXT_1000_ENTRIES_FIRST_PASS_BTREE_MALLOC_CALLS	108
LIST_EXNEXT_1000_ENTRIES_FIRST_PASS_BTREE_MALLOC_SAMPLES	108
LIST_EXNEXT_1000_ENTRIES_FIRST_PASS_BTREE_MALLOC_SAMPLE_TICKS	823
LIST_EXNEXT_1000_ENTRIES_FIRST_PASS_BTREE_FREE_CALLS	1003
LIST_EXNEXT_1000_ENTRIES_FIRST_PASS_BTREE_FREE_SAMPLES	1003
LIST_EXNEXT_1000_ENTRIES_FIRST_PASS_BTREE_FREE_SAMPLE_TICKS	2286
LIST_EXNEXT_1000_ENTRIES_FIRST_PASS_IFACE_ALLOC_CALLS	0
LIST_EXNEXT_1000_ENTRIES_FIRST_PASS_IFACE_ALLOC_SAMPLES	0
LIST_EXNEXT_1000_ENTRIES_FIRST_PASS_IFACE_ALLOC_SAMPLE_TICKS	0
LIST_EXNEXT_1000_ENTRIES_FIRST_PASS_FREESPACE_ALLOC_SAMPLES	0
LIST_EXNEXT_1000_ENTRIES_FIRST_PASS_FREESPACE_ALLOC_SAMPLE_TICKS	0
LIST_EXNEXT_1000_ENTRIES_FIRST_PASS_PACKET_CALLS	1004
LIST_EXNEXT_1000_ENTRIES_FIRST_PASS_PACKET_SAMPLES	1004
LIST_EXNEXT_1000_ENTRIES_FIRST_PASS_PACKET_SAMPLE_TICKS	119988
LIST_EXNEXT_1000_ENTRIES_FIRST_PASS_PACKET_OPEN_CALLS	0
LIST_EXNEXT_1000_ENTRIES_FIRST_PASS_PACKET_OPEN_SAMPLES	0
LIST_EXNEXT_1000_ENTRIES_FIRST_PASS_PACKET_OPEN_SAMPLE_TICKS	0
LIST_EXNEXT_1000_ENTRIES_FIRST_PASS_PACKET_READ_CALLS	0
LIST_EXNEXT_1000_ENTRIES_FIRST_PASS_PACKET_READ_SAMPLES	0
LIST_EXNEXT_1000_ENTRIES_FIRST_PASS_PACKET_READ_SAMPLE_TICKS	0
LIST_EXNEXT_1000_ENTRIES_FIRST_PASS_PACKET_WRITE_CALLS	0
LIST_EXNEXT_1000_ENTRIES_FIRST_PASS_PACKET_WRITE_SAMPLES	0
LIST_EXNEXT_1000_ENTRIES_FIRST_PASS_PACKET_WRITE_SAMPLE_TICKS	0
LIST_EXNEXT_1000_ENTRIES_FIRST_PASS_PACKET_END_CALLS	0
LIST_EXNEXT_1000_ENTRIES_FIRST_PASS_PACKET_END_SAMPLES	0
LIST_EXNEXT_1000_ENTRIES_FIRST_PASS_PACKET_END_SAMPLE_TICKS	0
LIST_EXNEXT_1000_ENTRIES_FIRST_PASS_PACKET_DELETE_CALLS	0
LIST_EXNEXT_1000_ENTRIES_FIRST_PASS_PACKET_DELETE_SAMPLES	0
LIST_EXNEXT_1000_ENTRIES_FIRST_PASS_PACKET_DELETE_SAMPLE_TICKS	0
LIST_EXNEXT_1000_ENTRIES_FIRST_PASS_PACKET_FLUSH_CALLS	0
LIST_EXNEXT_1000_ENTRIES_FIRST_PASS_PACKET_FLUSH_SAMPLES	0
LIST_EXNEXT_1000_ENTRIES_FIRST_PASS_PACKET_FLUSH_SAMPLE_TICKS	0
LIST_EXNEXT_1000_ENTRIES_FIRST_PASS_PACKET_OTHER_CALLS	1004
LIST_EXNEXT_1000_ENTRIES_FIRST_PASS_PACKET_OTHER_SAMPLES	1004
LIST_EXNEXT_1000_ENTRIES_FIRST_PASS_PACKET_OTHER_SAMPLE_TICKS	119988
LIST_EXNEXT_1000_ENTRIES_FIRST_PASS_CORE_CREATE_CALLS	0
LIST_EXNEXT_1000_ENTRIES_FIRST_PASS_CORE_CREATE_SAMPLES	0
LIST_EXNEXT_1000_ENTRIES_FIRST_PASS_CORE_CREATE_SAMPLE_TICKS	0
LIST_EXNEXT_1000_ENTRIES_FIRST_PASS_CORE_DELETE_CALLS	0
LIST_EXNEXT_1000_ENTRIES_FIRST_PASS_CORE_DELETE_SAMPLES	0
LIST_EXNEXT_1000_ENTRIES_FIRST_PASS_CORE_DELETE_SAMPLE_TICKS	0
LIST_EXNEXT_1000_ENTRIES_FIRST_PASS_CORE_FILE_WRITE_CALLS	0
LIST_EXNEXT_1000_ENTRIES_FIRST_PASS_CORE_FILE_WRITE_SAMPLES	0
LIST_EXNEXT_1000_ENTRIES_FIRST_PASS_CORE_FILE_WRITE_SAMPLE_TICKS	0
LIST_EXNEXT_1000_ENTRIES_FIRST_PASS_CORE_SYNC_CALLS	0
LIST_EXNEXT_1000_ENTRIES_FIRST_PASS_CORE_SYNC_SAMPLES	0
LIST_EXNEXT_1000_ENTRIES_FIRST_PASS_CORE_SYNC_SAMPLE_TICKS	0
LIST_EXNEXT_1000_ENTRIES_FIRST_PASS_IFACE_FREE_CALLS	0
LIST_EXNEXT_1000_ENTRIES_FIRST_PASS_IFACE_FREE_SAMPLES	0
LIST_EXNEXT_1000_ENTRIES_FIRST_PASS_IFACE_FREE_SAMPLE_TICKS	0
LIST_EXNEXT_1000_ENTRIES_FIRST_PASS_SEAL_COMMIT_CALLS	0
LIST_EXNEXT_1000_ENTRIES_FIRST_PASS_SEAL_COMMIT_SAMPLES	0
LIST_EXNEXT_1000_ENTRIES_FIRST_PASS_SEAL_COMMIT_SAMPLE_TICKS	0
LIST_EXNEXT_1000_ENTRIES_FIRST_PASS_INODE_READ_CALLS	1001
LIST_EXNEXT_1000_ENTRIES_FIRST_PASS_BTREE_SEARCH_CALLS	1002
LIST_EXNEXT_1000_ENTRIES_FIRST_PASS_BTREE_INDEX_HINT_HITS	0
LIST_EXNEXT_1000_ENTRIES_FIRST_PASS_BTREE_LEAF_HINT_HITS	210
LIST_EXNEXT_1000_ENTRIES_FIRST_PASS_CACHE_READ_CALLS	182
LIST_EXNEXT_1000_ENTRIES_FIRST_PASS_CACHE_READ_HITS	0
LIST_EXNEXT_1000_ENTRIES_FIRST_PASS_CACHE_READ_MISSES	182
LIST_EXNEXT_1000_ENTRIES_FIRST_PASS_FREE_TREE_NODE_VIEWS	0
LIST_EXNEXT_1000_ENTRIES_FIRST_PASS_FREE_TREE_RESIDENT_VIEWS	0
LIST_EXNEXT_1000_ENTRIES_FIRST_PASS_DIR_TREE_NODE_VIEWS	672
LIST_EXNEXT_1000_ENTRIES_FIRST_PASS_DIR_TREE_RESIDENT_VIEWS	552
LIST_EXNEXT_1000_ENTRIES_FIRST_PASS_INODE_TREE_NODE_VIEWS	1582
LIST_EXNEXT_1000_ENTRIES_FIRST_PASS_INODE_TREE_RESIDENT_VIEWS	1520
LIST_EXNEXT_1000_ENTRIES_FIRST_PASS_REFCOUNT_TREE_NODE_VIEWS	0
LIST_EXNEXT_1000_ENTRIES_FIRST_PASS_REFCOUNT_TREE_RESIDENT_VIEWS	0
LIST_EXNEXT_1000_ENTRIES_FIRST_PASS_OTHER_TREE_NODE_VIEWS	0
LIST_EXNEXT_1000_ENTRIES_FIRST_PASS_OTHER_TREE_RESIDENT_VIEWS	0
LIST_EXNEXT_1000_ENTRIES_REPEAT10_TOTAL_US	1878966
LIST_EXNEXT_1000_ENTRIES_REPEAT10_TOTAL_BIO_READS	1840
LIST_EXNEXT_1000_ENTRIES_REPEAT10_TOTAL_BIO_WRITES	0
LIST_EXNEXT_1000_ENTRIES_REPEAT10_TOTAL_BIO_UPDATES	0
LIST_EXNEXT_1000_ENTRIES_REPEAT10_TOTAL_DATA_READS	0
LIST_EXNEXT_1000_ENTRIES_REPEAT10_TOTAL_DATA_WRITES	0
LIST_EXNEXT_1000_ENTRIES_REPEAT10_TOTAL_NODE_WRITES	0
LIST_EXNEXT_1000_ENTRIES_REPEAT10_TOTAL_TXN_COMMITS	0
LIST_EXNEXT_1000_ENTRIES_REPEAT10_TOTAL_FREESPACE_ALLOCS	0
LIST_EXNEXT_1000_ENTRIES_REPEAT10_TOTAL_EXTENT_MAPS	0
LIST_EXNEXT_1000_ENTRIES_REPEAT10_TOTAL_READ_TICKS	142937
LIST_EXNEXT_1000_ENTRIES_REPEAT10_TOTAL_WRITE_TICKS	0
LIST_EXNEXT_1000_ENTRIES_REPEAT10_TOTAL_UPDATE_TICKS	0
LIST_EXNEXT_1000_ENTRIES_REPEAT10_TOTAL_DATA_READ_TICKS	0
LIST_EXNEXT_1000_ENTRIES_REPEAT10_TOTAL_DATA_WRITE_TICKS	0
LIST_EXNEXT_1000_ENTRIES_REPEAT10_TOTAL_FREE_TREE_NODE_WRITES	0
LIST_EXNEXT_1000_ENTRIES_REPEAT10_TOTAL_FREE_TREE_ALLOCATION_BODY_NODE_WRITES	0
LIST_EXNEXT_1000_ENTRIES_REPEAT10_TOTAL_FREE_TREE_RESERVE_REFILL_NODE_WRITES	0
LIST_EXNEXT_1000_ENTRIES_REPEAT10_TOTAL_FREE_TREE_RESERVE_RETURN_NODE_WRITES	0
LIST_EXNEXT_1000_ENTRIES_REPEAT10_TOTAL_FREE_TREE_POST_PUBLISH_PENDING_RECLAIM_NODE_WRITES	0
LIST_EXNEXT_1000_ENTRIES_REPEAT10_TOTAL_FREE_TREE_OTHER_NODE_WRITES	0
LIST_EXNEXT_1000_ENTRIES_REPEAT10_TOTAL_DIR_TREE_NODE_WRITES	0
LIST_EXNEXT_1000_ENTRIES_REPEAT10_TOTAL_INODE_TREE_NODE_WRITES	0
LIST_EXNEXT_1000_ENTRIES_REPEAT10_TOTAL_REFCOUNT_TREE_NODE_WRITES	0
LIST_EXNEXT_1000_ENTRIES_REPEAT10_TOTAL_OTHER_TREE_NODE_WRITES	0
LIST_EXNEXT_1000_ENTRIES_REPEAT10_TOTAL_NODE_CRC_READ_CALLS	1840
LIST_EXNEXT_1000_ENTRIES_REPEAT10_TOTAL_NODE_CRC_READ_SAMPLES	28
LIST_EXNEXT_1000_ENTRIES_REPEAT10_TOTAL_NODE_CRC_READ_SAMPLE_TICKS	4111
LIST_EXNEXT_1000_ENTRIES_REPEAT10_TOTAL_NODE_CRC_WRITE_CALLS	0
LIST_EXNEXT_1000_ENTRIES_REPEAT10_TOTAL_NODE_CRC_WRITE_SAMPLES	0
LIST_EXNEXT_1000_ENTRIES_REPEAT10_TOTAL_NODE_CRC_WRITE_SAMPLE_TICKS	0
LIST_EXNEXT_1000_ENTRIES_REPEAT10_TOTAL_CLOCK_PAIR_TICKS	0
LIST_EXNEXT_1000_ENTRIES_REPEAT10_TOTAL_FREE_TREE_RESERVE_RETURN_CALLS	0
LIST_EXNEXT_1000_ENTRIES_REPEAT10_TOTAL_FREE_TREE_RESERVE_RETURN_RUNS	0
LIST_EXNEXT_1000_ENTRIES_REPEAT10_TOTAL_FREE_TREE_RESERVE_RETURN_BLOCKS	0
LIST_EXNEXT_1000_ENTRIES_REPEAT10_TOTAL_FREE_TREE_RESERVE_RETURN_RUNS_1_BLOCK	0
LIST_EXNEXT_1000_ENTRIES_REPEAT10_TOTAL_FREE_TREE_RESERVE_RETURN_RUNS_2_3_BLOCKS	0
LIST_EXNEXT_1000_ENTRIES_REPEAT10_TOTAL_FREE_TREE_RESERVE_RETURN_RUNS_4_7_BLOCKS	0
LIST_EXNEXT_1000_ENTRIES_REPEAT10_TOTAL_FREE_TREE_RESERVE_RETURN_RUNS_8_PLUS_BLOCKS	0
LIST_EXNEXT_1000_ENTRIES_REPEAT10_TOTAL_FREE_TREE_RESERVE_RETURN_MAX_RUN_BLOCKS	0
LIST_EXNEXT_1000_ENTRIES_REPEAT10_TOTAL_FREE_TREE_RESERVE_RETURN_MAX_NODE_WRITES_PER_RUN	0
LIST_EXNEXT_1000_ENTRIES_REPEAT10_TOTAL_POST_PUBLISH_RECLAIM_PASSES	0
LIST_EXNEXT_1000_ENTRIES_REPEAT10_TOTAL_MAX_POST_PUBLISH_RECLAIM_PASSES_PER_COMMIT	0
LIST_EXNEXT_1000_ENTRIES_REPEAT10_TOTAL_SUPERBLOCK_PUBLICATIONS	0
LIST_EXNEXT_1000_ENTRIES_REPEAT10_TOTAL_FREE_TREE_RESERVE_RETURN_RUN_NODE_WRITES	0
LIST_EXNEXT_1000_ENTRIES_REPEAT10_TOTAL_FREE_TREE_RESERVE_RETURN_BATCH_CALLS	0
LIST_EXNEXT_1000_ENTRIES_REPEAT10_TOTAL_FREE_TREE_RESERVE_RETURN_BATCH_BLOCKS	0
LIST_EXNEXT_1000_ENTRIES_REPEAT10_TOTAL_FREE_TREE_RESERVE_RETURN_BATCH_NODE_WRITES	0
LIST_EXNEXT_1000_ENTRIES_REPEAT10_TOTAL_FREE_TREE_RESERVE_RETURN_SKIP_SHAPE	0
LIST_EXNEXT_1000_ENTRIES_REPEAT10_TOTAL_FREE_TREE_RESERVE_RETURN_SKIP_SMALL	0
LIST_EXNEXT_1000_ENTRIES_REPEAT10_TOTAL_FREE_TREE_RESERVE_RETURN_SKIP_EMERGENCY	0
LIST_EXNEXT_1000_ENTRIES_REPEAT10_TOTAL_FREE_TREE_RESERVE_RETURN_SKIP_CAPACITY	0
LIST_EXNEXT_1000_ENTRIES_REPEAT10_TOTAL_SEALED_COMMITS	0
LIST_EXNEXT_1000_ENTRIES_REPEAT10_TOTAL_SEALED_METADATA_FENCES	0
LIST_EXNEXT_1000_ENTRIES_REPEAT10_TOTAL_BTREE_MALLOC_CALLS	1071
LIST_EXNEXT_1000_ENTRIES_REPEAT10_TOTAL_BTREE_MALLOC_SAMPLES	1071
LIST_EXNEXT_1000_ENTRIES_REPEAT10_TOTAL_BTREE_MALLOC_SAMPLE_TICKS	5910
LIST_EXNEXT_1000_ENTRIES_REPEAT10_TOTAL_BTREE_FREE_CALLS	10021
LIST_EXNEXT_1000_ENTRIES_REPEAT10_TOTAL_BTREE_FREE_SAMPLES	10021
LIST_EXNEXT_1000_ENTRIES_REPEAT10_TOTAL_BTREE_FREE_SAMPLE_TICKS	20503
LIST_EXNEXT_1000_ENTRIES_REPEAT10_TOTAL_IFACE_ALLOC_CALLS	0
LIST_EXNEXT_1000_ENTRIES_REPEAT10_TOTAL_IFACE_ALLOC_SAMPLES	0
LIST_EXNEXT_1000_ENTRIES_REPEAT10_TOTAL_IFACE_ALLOC_SAMPLE_TICKS	0
LIST_EXNEXT_1000_ENTRIES_REPEAT10_TOTAL_FREESPACE_ALLOC_SAMPLES	0
LIST_EXNEXT_1000_ENTRIES_REPEAT10_TOTAL_FREESPACE_ALLOC_SAMPLE_TICKS	0
LIST_EXNEXT_1000_ENTRIES_REPEAT10_TOTAL_PACKET_CALLS	10022
LIST_EXNEXT_1000_ENTRIES_REPEAT10_TOTAL_PACKET_SAMPLES	10022
LIST_EXNEXT_1000_ENTRIES_REPEAT10_TOTAL_PACKET_SAMPLE_TICKS	1127378
LIST_EXNEXT_1000_ENTRIES_REPEAT10_TOTAL_PACKET_OPEN_CALLS	0
LIST_EXNEXT_1000_ENTRIES_REPEAT10_TOTAL_PACKET_OPEN_SAMPLES	0
LIST_EXNEXT_1000_ENTRIES_REPEAT10_TOTAL_PACKET_OPEN_SAMPLE_TICKS	0
LIST_EXNEXT_1000_ENTRIES_REPEAT10_TOTAL_PACKET_READ_CALLS	0
LIST_EXNEXT_1000_ENTRIES_REPEAT10_TOTAL_PACKET_READ_SAMPLES	0
LIST_EXNEXT_1000_ENTRIES_REPEAT10_TOTAL_PACKET_READ_SAMPLE_TICKS	0
LIST_EXNEXT_1000_ENTRIES_REPEAT10_TOTAL_PACKET_WRITE_CALLS	0
LIST_EXNEXT_1000_ENTRIES_REPEAT10_TOTAL_PACKET_WRITE_SAMPLES	0
LIST_EXNEXT_1000_ENTRIES_REPEAT10_TOTAL_PACKET_WRITE_SAMPLE_TICKS	0
LIST_EXNEXT_1000_ENTRIES_REPEAT10_TOTAL_PACKET_END_CALLS	0
LIST_EXNEXT_1000_ENTRIES_REPEAT10_TOTAL_PACKET_END_SAMPLES	0
LIST_EXNEXT_1000_ENTRIES_REPEAT10_TOTAL_PACKET_END_SAMPLE_TICKS	0
LIST_EXNEXT_1000_ENTRIES_REPEAT10_TOTAL_PACKET_DELETE_CALLS	0
LIST_EXNEXT_1000_ENTRIES_REPEAT10_TOTAL_PACKET_DELETE_SAMPLES	0
LIST_EXNEXT_1000_ENTRIES_REPEAT10_TOTAL_PACKET_DELETE_SAMPLE_TICKS	0
LIST_EXNEXT_1000_ENTRIES_REPEAT10_TOTAL_PACKET_FLUSH_CALLS	0
LIST_EXNEXT_1000_ENTRIES_REPEAT10_TOTAL_PACKET_FLUSH_SAMPLES	0
LIST_EXNEXT_1000_ENTRIES_REPEAT10_TOTAL_PACKET_FLUSH_SAMPLE_TICKS	0
LIST_EXNEXT_1000_ENTRIES_REPEAT10_TOTAL_PACKET_OTHER_CALLS	10022
LIST_EXNEXT_1000_ENTRIES_REPEAT10_TOTAL_PACKET_OTHER_SAMPLES	10022
LIST_EXNEXT_1000_ENTRIES_REPEAT10_TOTAL_PACKET_OTHER_SAMPLE_TICKS	1127378
LIST_EXNEXT_1000_ENTRIES_REPEAT10_TOTAL_CORE_CREATE_CALLS	0
LIST_EXNEXT_1000_ENTRIES_REPEAT10_TOTAL_CORE_CREATE_SAMPLES	0
LIST_EXNEXT_1000_ENTRIES_REPEAT10_TOTAL_CORE_CREATE_SAMPLE_TICKS	0
LIST_EXNEXT_1000_ENTRIES_REPEAT10_TOTAL_CORE_DELETE_CALLS	0
LIST_EXNEXT_1000_ENTRIES_REPEAT10_TOTAL_CORE_DELETE_SAMPLES	0
LIST_EXNEXT_1000_ENTRIES_REPEAT10_TOTAL_CORE_DELETE_SAMPLE_TICKS	0
LIST_EXNEXT_1000_ENTRIES_REPEAT10_TOTAL_CORE_FILE_WRITE_CALLS	0
LIST_EXNEXT_1000_ENTRIES_REPEAT10_TOTAL_CORE_FILE_WRITE_SAMPLES	0
LIST_EXNEXT_1000_ENTRIES_REPEAT10_TOTAL_CORE_FILE_WRITE_SAMPLE_TICKS	0
LIST_EXNEXT_1000_ENTRIES_REPEAT10_TOTAL_CORE_SYNC_CALLS	0
LIST_EXNEXT_1000_ENTRIES_REPEAT10_TOTAL_CORE_SYNC_SAMPLES	0
LIST_EXNEXT_1000_ENTRIES_REPEAT10_TOTAL_CORE_SYNC_SAMPLE_TICKS	0
LIST_EXNEXT_1000_ENTRIES_REPEAT10_TOTAL_IFACE_FREE_CALLS	0
LIST_EXNEXT_1000_ENTRIES_REPEAT10_TOTAL_IFACE_FREE_SAMPLES	0
LIST_EXNEXT_1000_ENTRIES_REPEAT10_TOTAL_IFACE_FREE_SAMPLE_TICKS	0
LIST_EXNEXT_1000_ENTRIES_REPEAT10_TOTAL_SEAL_COMMIT_CALLS	0
LIST_EXNEXT_1000_ENTRIES_REPEAT10_TOTAL_SEAL_COMMIT_SAMPLES	0
LIST_EXNEXT_1000_ENTRIES_REPEAT10_TOTAL_SEAL_COMMIT_SAMPLE_TICKS	0
LIST_EXNEXT_1000_ENTRIES_REPEAT10_TOTAL_INODE_READ_CALLS	10010
LIST_EXNEXT_1000_ENTRIES_REPEAT10_TOTAL_BTREE_SEARCH_CALLS	10011
LIST_EXNEXT_1000_ENTRIES_REPEAT10_TOTAL_BTREE_INDEX_HINT_HITS	0
LIST_EXNEXT_1000_ENTRIES_REPEAT10_TOTAL_BTREE_LEAF_HINT_HITS	2100
LIST_EXNEXT_1000_ENTRIES_REPEAT10_TOTAL_CACHE_READ_CALLS	1840
LIST_EXNEXT_1000_ENTRIES_REPEAT10_TOTAL_CACHE_READ_HITS	0
LIST_EXNEXT_1000_ENTRIES_REPEAT10_TOTAL_CACHE_READ_MISSES	1840
LIST_EXNEXT_1000_ENTRIES_REPEAT10_TOTAL_FREE_TREE_NODE_VIEWS	0
LIST_EXNEXT_1000_ENTRIES_REPEAT10_TOTAL_FREE_TREE_RESIDENT_VIEWS	0
LIST_EXNEXT_1000_ENTRIES_REPEAT10_TOTAL_DIR_TREE_NODE_VIEWS	6684
LIST_EXNEXT_1000_ENTRIES_REPEAT10_TOTAL_DIR_TREE_RESIDENT_VIEWS	5444
LIST_EXNEXT_1000_ENTRIES_REPEAT10_TOTAL_INODE_TREE_NODE_VIEWS	15820
LIST_EXNEXT_1000_ENTRIES_REPEAT10_TOTAL_INODE_TREE_RESIDENT_VIEWS	15220
LIST_EXNEXT_1000_ENTRIES_REPEAT10_TOTAL_REFCOUNT_TREE_NODE_VIEWS	0
LIST_EXNEXT_1000_ENTRIES_REPEAT10_TOTAL_REFCOUNT_TREE_RESIDENT_VIEWS	0
LIST_EXNEXT_1000_ENTRIES_REPEAT10_TOTAL_OTHER_TREE_NODE_VIEWS	0
LIST_EXNEXT_1000_ENTRIES_REPEAT10_TOTAL_OTHER_TREE_RESIDENT_VIEWS	0
LIST_EXALL_1000_ENTRIES_FIRST_PASS_US	102912
LIST_EXALL_1000_ENTRIES_FIRST_PASS_BIO_READS	175
LIST_EXALL_1000_ENTRIES_FIRST_PASS_BIO_WRITES	0
LIST_EXALL_1000_ENTRIES_FIRST_PASS_BIO_UPDATES	0
LIST_EXALL_1000_ENTRIES_FIRST_PASS_DATA_READS	0
LIST_EXALL_1000_ENTRIES_FIRST_PASS_DATA_WRITES	0
LIST_EXALL_1000_ENTRIES_FIRST_PASS_NODE_WRITES	0
LIST_EXALL_1000_ENTRIES_FIRST_PASS_TXN_COMMITS	0
LIST_EXALL_1000_ENTRIES_FIRST_PASS_FREESPACE_ALLOCS	0
LIST_EXALL_1000_ENTRIES_FIRST_PASS_EXTENT_MAPS	0
LIST_EXALL_1000_ENTRIES_FIRST_PASS_READ_TICKS	9630
LIST_EXALL_1000_ENTRIES_FIRST_PASS_WRITE_TICKS	0
LIST_EXALL_1000_ENTRIES_FIRST_PASS_UPDATE_TICKS	0
LIST_EXALL_1000_ENTRIES_FIRST_PASS_DATA_READ_TICKS	0
LIST_EXALL_1000_ENTRIES_FIRST_PASS_DATA_WRITE_TICKS	0
LIST_EXALL_1000_ENTRIES_FIRST_PASS_FREE_TREE_NODE_WRITES	0
LIST_EXALL_1000_ENTRIES_FIRST_PASS_FREE_TREE_ALLOCATION_BODY_NODE_WRITES	0
LIST_EXALL_1000_ENTRIES_FIRST_PASS_FREE_TREE_RESERVE_REFILL_NODE_WRITES	0
LIST_EXALL_1000_ENTRIES_FIRST_PASS_FREE_TREE_RESERVE_RETURN_NODE_WRITES	0
LIST_EXALL_1000_ENTRIES_FIRST_PASS_FREE_TREE_POST_PUBLISH_PENDING_RECLAIM_NODE_WRITES	0
LIST_EXALL_1000_ENTRIES_FIRST_PASS_FREE_TREE_OTHER_NODE_WRITES	0
LIST_EXALL_1000_ENTRIES_FIRST_PASS_DIR_TREE_NODE_WRITES	0
LIST_EXALL_1000_ENTRIES_FIRST_PASS_INODE_TREE_NODE_WRITES	0
LIST_EXALL_1000_ENTRIES_FIRST_PASS_REFCOUNT_TREE_NODE_WRITES	0
LIST_EXALL_1000_ENTRIES_FIRST_PASS_OTHER_TREE_NODE_WRITES	0
LIST_EXALL_1000_ENTRIES_FIRST_PASS_NODE_CRC_READ_CALLS	175
LIST_EXALL_1000_ENTRIES_FIRST_PASS_NODE_CRC_READ_SAMPLES	2
LIST_EXALL_1000_ENTRIES_FIRST_PASS_NODE_CRC_READ_SAMPLE_TICKS	318
LIST_EXALL_1000_ENTRIES_FIRST_PASS_NODE_CRC_WRITE_CALLS	0
LIST_EXALL_1000_ENTRIES_FIRST_PASS_NODE_CRC_WRITE_SAMPLES	0
LIST_EXALL_1000_ENTRIES_FIRST_PASS_NODE_CRC_WRITE_SAMPLE_TICKS	0
LIST_EXALL_1000_ENTRIES_FIRST_PASS_CLOCK_PAIR_TICKS	0
LIST_EXALL_1000_ENTRIES_FIRST_PASS_FREE_TREE_RESERVE_RETURN_CALLS	0
LIST_EXALL_1000_ENTRIES_FIRST_PASS_FREE_TREE_RESERVE_RETURN_RUNS	0
LIST_EXALL_1000_ENTRIES_FIRST_PASS_FREE_TREE_RESERVE_RETURN_BLOCKS	0
LIST_EXALL_1000_ENTRIES_FIRST_PASS_FREE_TREE_RESERVE_RETURN_RUNS_1_BLOCK	0
LIST_EXALL_1000_ENTRIES_FIRST_PASS_FREE_TREE_RESERVE_RETURN_RUNS_2_3_BLOCKS	0
LIST_EXALL_1000_ENTRIES_FIRST_PASS_FREE_TREE_RESERVE_RETURN_RUNS_4_7_BLOCKS	0
LIST_EXALL_1000_ENTRIES_FIRST_PASS_FREE_TREE_RESERVE_RETURN_RUNS_8_PLUS_BLOCKS	0
LIST_EXALL_1000_ENTRIES_FIRST_PASS_FREE_TREE_RESERVE_RETURN_MAX_RUN_BLOCKS	0
LIST_EXALL_1000_ENTRIES_FIRST_PASS_FREE_TREE_RESERVE_RETURN_MAX_NODE_WRITES_PER_RUN	0
LIST_EXALL_1000_ENTRIES_FIRST_PASS_POST_PUBLISH_RECLAIM_PASSES	0
LIST_EXALL_1000_ENTRIES_FIRST_PASS_MAX_POST_PUBLISH_RECLAIM_PASSES_PER_COMMIT	0
LIST_EXALL_1000_ENTRIES_FIRST_PASS_SUPERBLOCK_PUBLICATIONS	0
LIST_EXALL_1000_ENTRIES_FIRST_PASS_FREE_TREE_RESERVE_RETURN_RUN_NODE_WRITES	0
LIST_EXALL_1000_ENTRIES_FIRST_PASS_FREE_TREE_RESERVE_RETURN_BATCH_CALLS	0
LIST_EXALL_1000_ENTRIES_FIRST_PASS_FREE_TREE_RESERVE_RETURN_BATCH_BLOCKS	0
LIST_EXALL_1000_ENTRIES_FIRST_PASS_FREE_TREE_RESERVE_RETURN_BATCH_NODE_WRITES	0
LIST_EXALL_1000_ENTRIES_FIRST_PASS_FREE_TREE_RESERVE_RETURN_SKIP_SHAPE	0
LIST_EXALL_1000_ENTRIES_FIRST_PASS_FREE_TREE_RESERVE_RETURN_SKIP_SMALL	0
LIST_EXALL_1000_ENTRIES_FIRST_PASS_FREE_TREE_RESERVE_RETURN_SKIP_EMERGENCY	0
LIST_EXALL_1000_ENTRIES_FIRST_PASS_FREE_TREE_RESERVE_RETURN_SKIP_CAPACITY	0
LIST_EXALL_1000_ENTRIES_FIRST_PASS_SEALED_COMMITS	0
LIST_EXALL_1000_ENTRIES_FIRST_PASS_SEALED_METADATA_FENCES	0
LIST_EXALL_1000_ENTRIES_FIRST_PASS_BTREE_MALLOC_CALLS	12
LIST_EXALL_1000_ENTRIES_FIRST_PASS_BTREE_MALLOC_SAMPLES	12
LIST_EXALL_1000_ENTRIES_FIRST_PASS_BTREE_MALLOC_SAMPLE_TICKS	90
LIST_EXALL_1000_ENTRIES_FIRST_PASS_BTREE_FREE_CALLS	12
LIST_EXALL_1000_ENTRIES_FIRST_PASS_BTREE_FREE_SAMPLES	12
LIST_EXALL_1000_ENTRIES_FIRST_PASS_BTREE_FREE_SAMPLE_TICKS	91
LIST_EXALL_1000_ENTRIES_FIRST_PASS_IFACE_ALLOC_CALLS	0
LIST_EXALL_1000_ENTRIES_FIRST_PASS_IFACE_ALLOC_SAMPLES	0
LIST_EXALL_1000_ENTRIES_FIRST_PASS_IFACE_ALLOC_SAMPLE_TICKS	0
LIST_EXALL_1000_ENTRIES_FIRST_PASS_FREESPACE_ALLOC_SAMPLES	0
LIST_EXALL_1000_ENTRIES_FIRST_PASS_FREESPACE_ALLOC_SAMPLE_TICKS	0
LIST_EXALL_1000_ENTRIES_FIRST_PASS_PACKET_CALLS	13
LIST_EXALL_1000_ENTRIES_FIRST_PASS_PACKET_SAMPLES	13
LIST_EXALL_1000_ENTRIES_FIRST_PASS_PACKET_SAMPLE_TICKS	71915
LIST_EXALL_1000_ENTRIES_FIRST_PASS_PACKET_OPEN_CALLS	0
LIST_EXALL_1000_ENTRIES_FIRST_PASS_PACKET_OPEN_SAMPLES	0
LIST_EXALL_1000_ENTRIES_FIRST_PASS_PACKET_OPEN_SAMPLE_TICKS	0
LIST_EXALL_1000_ENTRIES_FIRST_PASS_PACKET_READ_CALLS	0
LIST_EXALL_1000_ENTRIES_FIRST_PASS_PACKET_READ_SAMPLES	0
LIST_EXALL_1000_ENTRIES_FIRST_PASS_PACKET_READ_SAMPLE_TICKS	0
LIST_EXALL_1000_ENTRIES_FIRST_PASS_PACKET_WRITE_CALLS	0
LIST_EXALL_1000_ENTRIES_FIRST_PASS_PACKET_WRITE_SAMPLES	0
LIST_EXALL_1000_ENTRIES_FIRST_PASS_PACKET_WRITE_SAMPLE_TICKS	0
LIST_EXALL_1000_ENTRIES_FIRST_PASS_PACKET_END_CALLS	0
LIST_EXALL_1000_ENTRIES_FIRST_PASS_PACKET_END_SAMPLES	0
LIST_EXALL_1000_ENTRIES_FIRST_PASS_PACKET_END_SAMPLE_TICKS	0
LIST_EXALL_1000_ENTRIES_FIRST_PASS_PACKET_DELETE_CALLS	0
LIST_EXALL_1000_ENTRIES_FIRST_PASS_PACKET_DELETE_SAMPLES	0
LIST_EXALL_1000_ENTRIES_FIRST_PASS_PACKET_DELETE_SAMPLE_TICKS	0
LIST_EXALL_1000_ENTRIES_FIRST_PASS_PACKET_FLUSH_CALLS	0
LIST_EXALL_1000_ENTRIES_FIRST_PASS_PACKET_FLUSH_SAMPLES	0
LIST_EXALL_1000_ENTRIES_FIRST_PASS_PACKET_FLUSH_SAMPLE_TICKS	0
LIST_EXALL_1000_ENTRIES_FIRST_PASS_PACKET_OTHER_CALLS	13
LIST_EXALL_1000_ENTRIES_FIRST_PASS_PACKET_OTHER_SAMPLES	13
LIST_EXALL_1000_ENTRIES_FIRST_PASS_PACKET_OTHER_SAMPLE_TICKS	71915
LIST_EXALL_1000_ENTRIES_FIRST_PASS_CORE_CREATE_CALLS	0
LIST_EXALL_1000_ENTRIES_FIRST_PASS_CORE_CREATE_SAMPLES	0
LIST_EXALL_1000_ENTRIES_FIRST_PASS_CORE_CREATE_SAMPLE_TICKS	0
LIST_EXALL_1000_ENTRIES_FIRST_PASS_CORE_DELETE_CALLS	0
LIST_EXALL_1000_ENTRIES_FIRST_PASS_CORE_DELETE_SAMPLES	0
LIST_EXALL_1000_ENTRIES_FIRST_PASS_CORE_DELETE_SAMPLE_TICKS	0
LIST_EXALL_1000_ENTRIES_FIRST_PASS_CORE_FILE_WRITE_CALLS	0
LIST_EXALL_1000_ENTRIES_FIRST_PASS_CORE_FILE_WRITE_SAMPLES	0
LIST_EXALL_1000_ENTRIES_FIRST_PASS_CORE_FILE_WRITE_SAMPLE_TICKS	0
LIST_EXALL_1000_ENTRIES_FIRST_PASS_CORE_SYNC_CALLS	0
LIST_EXALL_1000_ENTRIES_FIRST_PASS_CORE_SYNC_SAMPLES	0
LIST_EXALL_1000_ENTRIES_FIRST_PASS_CORE_SYNC_SAMPLE_TICKS	0
LIST_EXALL_1000_ENTRIES_FIRST_PASS_IFACE_FREE_CALLS	0
LIST_EXALL_1000_ENTRIES_FIRST_PASS_IFACE_FREE_SAMPLES	0
LIST_EXALL_1000_ENTRIES_FIRST_PASS_IFACE_FREE_SAMPLE_TICKS	0
LIST_EXALL_1000_ENTRIES_FIRST_PASS_SEAL_COMMIT_CALLS	0
LIST_EXALL_1000_ENTRIES_FIRST_PASS_SEAL_COMMIT_SAMPLES	0
LIST_EXALL_1000_ENTRIES_FIRST_PASS_SEAL_COMMIT_SAMPLE_TICKS	0
LIST_EXALL_1000_ENTRIES_FIRST_PASS_INODE_READ_CALLS	1010
LIST_EXALL_1000_ENTRIES_FIRST_PASS_BTREE_SEARCH_CALLS	1011
LIST_EXALL_1000_ENTRIES_FIRST_PASS_BTREE_INDEX_HINT_HITS	10
LIST_EXALL_1000_ENTRIES_FIRST_PASS_BTREE_LEAF_HINT_HITS	239
LIST_EXALL_1000_ENTRIES_FIRST_PASS_CACHE_READ_CALLS	175
LIST_EXALL_1000_ENTRIES_FIRST_PASS_CACHE_READ_HITS	0
LIST_EXALL_1000_ENTRIES_FIRST_PASS_CACHE_READ_MISSES	175
LIST_EXALL_1000_ENTRIES_FIRST_PASS_FREE_TREE_NODE_VIEWS	0
LIST_EXALL_1000_ENTRIES_FIRST_PASS_FREE_TREE_RESIDENT_VIEWS	0
LIST_EXALL_1000_ENTRIES_FIRST_PASS_DIR_TREE_NODE_VIEWS	283
LIST_EXALL_1000_ENTRIES_FIRST_PASS_DIR_TREE_RESIDENT_VIEWS	167
LIST_EXALL_1000_ENTRIES_FIRST_PASS_INODE_TREE_NODE_VIEWS	1522
LIST_EXALL_1000_ENTRIES_FIRST_PASS_INODE_TREE_RESIDENT_VIEWS	1463
LIST_EXALL_1000_ENTRIES_FIRST_PASS_REFCOUNT_TREE_NODE_VIEWS	0
LIST_EXALL_1000_ENTRIES_FIRST_PASS_REFCOUNT_TREE_RESIDENT_VIEWS	0
LIST_EXALL_1000_ENTRIES_FIRST_PASS_OTHER_TREE_NODE_VIEWS	0
LIST_EXALL_1000_ENTRIES_FIRST_PASS_OTHER_TREE_RESIDENT_VIEWS	0
LIST_EXALL_1000_ENTRIES_REPEAT10_TOTAL_US	1098682
LIST_EXALL_1000_ENTRIES_REPEAT10_TOTAL_BIO_READS	1713
LIST_EXALL_1000_ENTRIES_REPEAT10_TOTAL_BIO_WRITES	0
LIST_EXALL_1000_ENTRIES_REPEAT10_TOTAL_BIO_UPDATES	0
LIST_EXALL_1000_ENTRIES_REPEAT10_TOTAL_DATA_READS	0
LIST_EXALL_1000_ENTRIES_REPEAT10_TOTAL_DATA_WRITES	0
LIST_EXALL_1000_ENTRIES_REPEAT10_TOTAL_NODE_WRITES	0
LIST_EXALL_1000_ENTRIES_REPEAT10_TOTAL_TXN_COMMITS	0
LIST_EXALL_1000_ENTRIES_REPEAT10_TOTAL_FREESPACE_ALLOCS	0
LIST_EXALL_1000_ENTRIES_REPEAT10_TOTAL_EXTENT_MAPS	0
LIST_EXALL_1000_ENTRIES_REPEAT10_TOTAL_READ_TICKS	115713
LIST_EXALL_1000_ENTRIES_REPEAT10_TOTAL_WRITE_TICKS	0
LIST_EXALL_1000_ENTRIES_REPEAT10_TOTAL_UPDATE_TICKS	0
LIST_EXALL_1000_ENTRIES_REPEAT10_TOTAL_DATA_READ_TICKS	0
LIST_EXALL_1000_ENTRIES_REPEAT10_TOTAL_DATA_WRITE_TICKS	0
LIST_EXALL_1000_ENTRIES_REPEAT10_TOTAL_FREE_TREE_NODE_WRITES	0
LIST_EXALL_1000_ENTRIES_REPEAT10_TOTAL_FREE_TREE_ALLOCATION_BODY_NODE_WRITES	0
LIST_EXALL_1000_ENTRIES_REPEAT10_TOTAL_FREE_TREE_RESERVE_REFILL_NODE_WRITES	0
LIST_EXALL_1000_ENTRIES_REPEAT10_TOTAL_FREE_TREE_RESERVE_RETURN_NODE_WRITES	0
LIST_EXALL_1000_ENTRIES_REPEAT10_TOTAL_FREE_TREE_POST_PUBLISH_PENDING_RECLAIM_NODE_WRITES	0
LIST_EXALL_1000_ENTRIES_REPEAT10_TOTAL_FREE_TREE_OTHER_NODE_WRITES	0
LIST_EXALL_1000_ENTRIES_REPEAT10_TOTAL_DIR_TREE_NODE_WRITES	0
LIST_EXALL_1000_ENTRIES_REPEAT10_TOTAL_INODE_TREE_NODE_WRITES	0
LIST_EXALL_1000_ENTRIES_REPEAT10_TOTAL_REFCOUNT_TREE_NODE_WRITES	0
LIST_EXALL_1000_ENTRIES_REPEAT10_TOTAL_OTHER_TREE_NODE_WRITES	0
LIST_EXALL_1000_ENTRIES_REPEAT10_TOTAL_NODE_CRC_READ_CALLS	1713
LIST_EXALL_1000_ENTRIES_REPEAT10_TOTAL_NODE_CRC_READ_SAMPLES	26
LIST_EXALL_1000_ENTRIES_REPEAT10_TOTAL_NODE_CRC_READ_SAMPLE_TICKS	4107
LIST_EXALL_1000_ENTRIES_REPEAT10_TOTAL_NODE_CRC_WRITE_CALLS	0
LIST_EXALL_1000_ENTRIES_REPEAT10_TOTAL_NODE_CRC_WRITE_SAMPLES	0
LIST_EXALL_1000_ENTRIES_REPEAT10_TOTAL_NODE_CRC_WRITE_SAMPLE_TICKS	0
LIST_EXALL_1000_ENTRIES_REPEAT10_TOTAL_CLOCK_PAIR_TICKS	0
LIST_EXALL_1000_ENTRIES_REPEAT10_TOTAL_FREE_TREE_RESERVE_RETURN_CALLS	0
LIST_EXALL_1000_ENTRIES_REPEAT10_TOTAL_FREE_TREE_RESERVE_RETURN_RUNS	0
LIST_EXALL_1000_ENTRIES_REPEAT10_TOTAL_FREE_TREE_RESERVE_RETURN_BLOCKS	0
LIST_EXALL_1000_ENTRIES_REPEAT10_TOTAL_FREE_TREE_RESERVE_RETURN_RUNS_1_BLOCK	0
LIST_EXALL_1000_ENTRIES_REPEAT10_TOTAL_FREE_TREE_RESERVE_RETURN_RUNS_2_3_BLOCKS	0
LIST_EXALL_1000_ENTRIES_REPEAT10_TOTAL_FREE_TREE_RESERVE_RETURN_RUNS_4_7_BLOCKS	0
LIST_EXALL_1000_ENTRIES_REPEAT10_TOTAL_FREE_TREE_RESERVE_RETURN_RUNS_8_PLUS_BLOCKS	0
LIST_EXALL_1000_ENTRIES_REPEAT10_TOTAL_FREE_TREE_RESERVE_RETURN_MAX_RUN_BLOCKS	0
LIST_EXALL_1000_ENTRIES_REPEAT10_TOTAL_FREE_TREE_RESERVE_RETURN_MAX_NODE_WRITES_PER_RUN	0
LIST_EXALL_1000_ENTRIES_REPEAT10_TOTAL_POST_PUBLISH_RECLAIM_PASSES	0
LIST_EXALL_1000_ENTRIES_REPEAT10_TOTAL_MAX_POST_PUBLISH_RECLAIM_PASSES_PER_COMMIT	0
LIST_EXALL_1000_ENTRIES_REPEAT10_TOTAL_SUPERBLOCK_PUBLICATIONS	0
LIST_EXALL_1000_ENTRIES_REPEAT10_TOTAL_FREE_TREE_RESERVE_RETURN_RUN_NODE_WRITES	0
LIST_EXALL_1000_ENTRIES_REPEAT10_TOTAL_FREE_TREE_RESERVE_RETURN_BATCH_CALLS	0
LIST_EXALL_1000_ENTRIES_REPEAT10_TOTAL_FREE_TREE_RESERVE_RETURN_BATCH_BLOCKS	0
LIST_EXALL_1000_ENTRIES_REPEAT10_TOTAL_FREE_TREE_RESERVE_RETURN_BATCH_NODE_WRITES	0
LIST_EXALL_1000_ENTRIES_REPEAT10_TOTAL_FREE_TREE_RESERVE_RETURN_SKIP_SHAPE	0
LIST_EXALL_1000_ENTRIES_REPEAT10_TOTAL_FREE_TREE_RESERVE_RETURN_SKIP_SMALL	0
LIST_EXALL_1000_ENTRIES_REPEAT10_TOTAL_FREE_TREE_RESERVE_RETURN_SKIP_EMERGENCY	0
LIST_EXALL_1000_ENTRIES_REPEAT10_TOTAL_FREE_TREE_RESERVE_RETURN_SKIP_CAPACITY	0
LIST_EXALL_1000_ENTRIES_REPEAT10_TOTAL_SEALED_COMMITS	0
LIST_EXALL_1000_ENTRIES_REPEAT10_TOTAL_SEALED_METADATA_FENCES	0
LIST_EXALL_1000_ENTRIES_REPEAT10_TOTAL_BTREE_MALLOC_CALLS	111
LIST_EXALL_1000_ENTRIES_REPEAT10_TOTAL_BTREE_MALLOC_SAMPLES	111
LIST_EXALL_1000_ENTRIES_REPEAT10_TOTAL_BTREE_MALLOC_SAMPLE_TICKS	761
LIST_EXALL_1000_ENTRIES_REPEAT10_TOTAL_BTREE_FREE_CALLS	111
LIST_EXALL_1000_ENTRIES_REPEAT10_TOTAL_BTREE_FREE_SAMPLES	111
LIST_EXALL_1000_ENTRIES_REPEAT10_TOTAL_BTREE_FREE_SAMPLE_TICKS	747
LIST_EXALL_1000_ENTRIES_REPEAT10_TOTAL_IFACE_ALLOC_CALLS	0
LIST_EXALL_1000_ENTRIES_REPEAT10_TOTAL_IFACE_ALLOC_SAMPLES	0
LIST_EXALL_1000_ENTRIES_REPEAT10_TOTAL_IFACE_ALLOC_SAMPLE_TICKS	0
LIST_EXALL_1000_ENTRIES_REPEAT10_TOTAL_FREESPACE_ALLOC_SAMPLES	0
LIST_EXALL_1000_ENTRIES_REPEAT10_TOTAL_FREESPACE_ALLOC_SAMPLE_TICKS	0
LIST_EXALL_1000_ENTRIES_REPEAT10_TOTAL_PACKET_CALLS	112
LIST_EXALL_1000_ENTRIES_REPEAT10_TOTAL_PACKET_SAMPLES	112
LIST_EXALL_1000_ENTRIES_REPEAT10_TOTAL_PACKET_SAMPLE_TICKS	769114
LIST_EXALL_1000_ENTRIES_REPEAT10_TOTAL_PACKET_OPEN_CALLS	0
LIST_EXALL_1000_ENTRIES_REPEAT10_TOTAL_PACKET_OPEN_SAMPLES	0
LIST_EXALL_1000_ENTRIES_REPEAT10_TOTAL_PACKET_OPEN_SAMPLE_TICKS	0
LIST_EXALL_1000_ENTRIES_REPEAT10_TOTAL_PACKET_READ_CALLS	0
LIST_EXALL_1000_ENTRIES_REPEAT10_TOTAL_PACKET_READ_SAMPLES	0
LIST_EXALL_1000_ENTRIES_REPEAT10_TOTAL_PACKET_READ_SAMPLE_TICKS	0
LIST_EXALL_1000_ENTRIES_REPEAT10_TOTAL_PACKET_WRITE_CALLS	0
LIST_EXALL_1000_ENTRIES_REPEAT10_TOTAL_PACKET_WRITE_SAMPLES	0
LIST_EXALL_1000_ENTRIES_REPEAT10_TOTAL_PACKET_WRITE_SAMPLE_TICKS	0
LIST_EXALL_1000_ENTRIES_REPEAT10_TOTAL_PACKET_END_CALLS	0
LIST_EXALL_1000_ENTRIES_REPEAT10_TOTAL_PACKET_END_SAMPLES	0
LIST_EXALL_1000_ENTRIES_REPEAT10_TOTAL_PACKET_END_SAMPLE_TICKS	0
LIST_EXALL_1000_ENTRIES_REPEAT10_TOTAL_PACKET_DELETE_CALLS	0
LIST_EXALL_1000_ENTRIES_REPEAT10_TOTAL_PACKET_DELETE_SAMPLES	0
LIST_EXALL_1000_ENTRIES_REPEAT10_TOTAL_PACKET_DELETE_SAMPLE_TICKS	0
LIST_EXALL_1000_ENTRIES_REPEAT10_TOTAL_PACKET_FLUSH_CALLS	0
LIST_EXALL_1000_ENTRIES_REPEAT10_TOTAL_PACKET_FLUSH_SAMPLES	0
LIST_EXALL_1000_ENTRIES_REPEAT10_TOTAL_PACKET_FLUSH_SAMPLE_TICKS	0
LIST_EXALL_1000_ENTRIES_REPEAT10_TOTAL_PACKET_OTHER_CALLS	112
LIST_EXALL_1000_ENTRIES_REPEAT10_TOTAL_PACKET_OTHER_SAMPLES	112
LIST_EXALL_1000_ENTRIES_REPEAT10_TOTAL_PACKET_OTHER_SAMPLE_TICKS	769114
LIST_EXALL_1000_ENTRIES_REPEAT10_TOTAL_CORE_CREATE_CALLS	0
LIST_EXALL_1000_ENTRIES_REPEAT10_TOTAL_CORE_CREATE_SAMPLES	0
LIST_EXALL_1000_ENTRIES_REPEAT10_TOTAL_CORE_CREATE_SAMPLE_TICKS	0
LIST_EXALL_1000_ENTRIES_REPEAT10_TOTAL_CORE_DELETE_CALLS	0
LIST_EXALL_1000_ENTRIES_REPEAT10_TOTAL_CORE_DELETE_SAMPLES	0
LIST_EXALL_1000_ENTRIES_REPEAT10_TOTAL_CORE_DELETE_SAMPLE_TICKS	0
LIST_EXALL_1000_ENTRIES_REPEAT10_TOTAL_CORE_FILE_WRITE_CALLS	0
LIST_EXALL_1000_ENTRIES_REPEAT10_TOTAL_CORE_FILE_WRITE_SAMPLES	0
LIST_EXALL_1000_ENTRIES_REPEAT10_TOTAL_CORE_FILE_WRITE_SAMPLE_TICKS	0
LIST_EXALL_1000_ENTRIES_REPEAT10_TOTAL_CORE_SYNC_CALLS	0
LIST_EXALL_1000_ENTRIES_REPEAT10_TOTAL_CORE_SYNC_SAMPLES	0
LIST_EXALL_1000_ENTRIES_REPEAT10_TOTAL_CORE_SYNC_SAMPLE_TICKS	0
LIST_EXALL_1000_ENTRIES_REPEAT10_TOTAL_IFACE_FREE_CALLS	0
LIST_EXALL_1000_ENTRIES_REPEAT10_TOTAL_IFACE_FREE_SAMPLES	0
LIST_EXALL_1000_ENTRIES_REPEAT10_TOTAL_IFACE_FREE_SAMPLE_TICKS	0
LIST_EXALL_1000_ENTRIES_REPEAT10_TOTAL_SEAL_COMMIT_CALLS	0
LIST_EXALL_1000_ENTRIES_REPEAT10_TOTAL_SEAL_COMMIT_SAMPLES	0
LIST_EXALL_1000_ENTRIES_REPEAT10_TOTAL_SEAL_COMMIT_SAMPLE_TICKS	0
LIST_EXALL_1000_ENTRIES_REPEAT10_TOTAL_INODE_READ_CALLS	10100
LIST_EXALL_1000_ENTRIES_REPEAT10_TOTAL_BTREE_SEARCH_CALLS	10101
LIST_EXALL_1000_ENTRIES_REPEAT10_TOTAL_BTREE_INDEX_HINT_HITS	100
LIST_EXALL_1000_ENTRIES_REPEAT10_TOTAL_BTREE_LEAF_HINT_HITS	2390
LIST_EXALL_1000_ENTRIES_REPEAT10_TOTAL_CACHE_READ_CALLS	1713
LIST_EXALL_1000_ENTRIES_REPEAT10_TOTAL_CACHE_READ_HITS	0
LIST_EXALL_1000_ENTRIES_REPEAT10_TOTAL_CACHE_READ_MISSES	1713
LIST_EXALL_1000_ENTRIES_REPEAT10_TOTAL_FREE_TREE_NODE_VIEWS	0
LIST_EXALL_1000_ENTRIES_REPEAT10_TOTAL_FREE_TREE_RESIDENT_VIEWS	0
LIST_EXALL_1000_ENTRIES_REPEAT10_TOTAL_DIR_TREE_NODE_VIEWS	2794
LIST_EXALL_1000_ENTRIES_REPEAT10_TOTAL_DIR_TREE_RESIDENT_VIEWS	1641
LIST_EXALL_1000_ENTRIES_REPEAT10_TOTAL_INODE_TREE_NODE_VIEWS	15220
LIST_EXALL_1000_ENTRIES_REPEAT10_TOTAL_INODE_TREE_RESIDENT_VIEWS	14660
LIST_EXALL_1000_ENTRIES_REPEAT10_TOTAL_REFCOUNT_TREE_NODE_VIEWS	0
LIST_EXALL_1000_ENTRIES_REPEAT10_TOTAL_REFCOUNT_TREE_RESIDENT_VIEWS	0
LIST_EXALL_1000_ENTRIES_REPEAT10_TOTAL_OTHER_TREE_NODE_VIEWS	0
LIST_EXALL_1000_ENTRIES_REPEAT10_TOTAL_OTHER_TREE_RESIDENT_VIEWS	0
CLOCK_HZ	709379
CRC_SAMPLE_STRIDE	64
CPU_SAMPLE_STRIDE	1
PASS	1
